Datetime,Open,High,Low,Close,Volume
2024-12-02 09:00:00+00:00,601.9,601.9,601.44,601.5,18533.0
2024-12-02 09:05:00+00:00,601.49,601.49,601.39,601.45,10289.0
2024-12-02 09:10:00+00:00,601.49,601.57,601.49,601.52,2056.0
2024-12-02 09:15:00+00:00,601.55,601.57,601.46,601.53,3299.0
2024-12-02 09:20:00+00:00,601.55,601.55,601.48,601.48,736.0
2024-12-02 09:25:00+00:00,601.55,601.55,601.5,601.5,733.0
2024-12-02 09:30:00+00:00,601.43,601.55,601.43,601.5,2754.0
2024-12-02 09:35:00+00:00,601.41,601.41,601.37,601.37,829.0
2024-12-02 09:40:00+00:00,601.42,601.42,601.35,601.35,2114.0
2024-12-02 09:45:00+00:00,601.4,601.4,601.4,601.4,1369.0
2024-12-02 09:55:00+00:00,601.45,601.45,601.4,601.4,640.0
2024-12-02 10:00:00+00:00,601.3,601.39,601.28,601.39,1641.0
2024-12-02 10:05:00+00:00,601.35,601.35,601.24,601.24,308.0
2024-12-02 10:10:00+00:00,601.45,601.45,601.45,601.45,1489.0
2024-12-02 10:15:00+00:00,601.45,601.5,601.45,601.5,1410.0
2024-12-02 10:20:00+00:00,601.62,601.64,601.62,601.64,455.0
2024-12-02 10:30:00+00:00,601.36,601.57,601.36,601.47,1475.0
2024-12-02 10:35:00+00:00,601.57,601.65,601.51,601.51,2172.0
2024-12-02 10:40:00+00:00,601.48,601.48,601.48,601.48,1046.0
2024-12-02 10:45:00+00:00,601.49,601.49,601.41,601.41,2013.0
2024-12-02 10:55:00+00:00,601.5,601.5,601.5,601.5,144.0
2024-12-02 11:00:00+00:00,601.59,601.59,601.59,601.59,1075.0
2024-12-02 11:05:00+00:00,601.63,601.63,601.43,601.52,4584.0
2024-12-02 11:10:00+00:00,601.6,601.63,601.59,601.63,571.0
2024-12-02 11:15:00+00:00,601.62,601.76,601.62,601.76,1503.0
2024-12-02 11:20:00+00:00,601.74,601.78,601.74,601.74,1198.0
2024-12-02 11:25:00+00:00,601.85,601.85,601.81,601.82,824.0
2024-12-02 11:30:00+00:00,601.77,601.79,601.59,601.65,9918.0
2024-12-02 11:35:00+00:00,601.62,601.73,601.57,601.73,6454.0
2024-12-02 11:40:00+00:00,601.78,601.82,601.75,601.82,1557.0
2024-12-02 11:45:00+00:00,601.78,601.88,601.78,601.86,1777.0
2024-12-02 11:50:00+00:00,601.75,601.84,601.75,601.83,16510.0
2024-12-02 11:55:00+00:00,601.83,602.0,601.71,601.94,72904.0
2024-12-02 12:00:00+00:00,601.91,602.0,601.86,601.92,44570.0
2024-12-02 12:05:00+00:00,602.02,602.25,601.98,602.25,25903.0
2024-12-02 12:10:00+00:00,602.27,602.4,602.26,602.27,32604.0
2024-12-02 12:15:00+00:00,602.3,602.3,602.15,602.179,3263.0
2024-12-02 12:20:00+00:00,602.199,602.27,602.17,602.22,6944.0
2024-12-02 12:25:00+00:00,602.21,602.37,602.2,602.35,18566.0
2024-12-02 12:30:00+00:00,602.48,602.6,602.32,602.32,22937.0
2024-12-02 12:35:00+00:00,602.3,602.4,602.3,602.39,26414.0
2024-12-02 12:40:00+00:00,602.42,602.45,602.41,602.45,1195.0
2024-12-02 12:45:00+00:00,602.43,602.43,602.35,602.35,4291.0
2024-12-02 12:50:00+00:00,602.35,602.35,602.34,602.34,3273.0
2024-12-02 12:55:00+00:00,602.35,602.37,602.27,602.37,5961.0
2024-12-02 13:00:00+00:00,602.05,602.5093,601.1,602.43,43533.0
2024-12-02 13:05:00+00:00,602.42,602.55,602.39,602.55,16969.0
2024-12-02 13:10:00+00:00,602.53,602.63,602.49,602.58,9731.0
2024-12-02 13:15:00+00:00,602.58,602.77,602.54,602.75,37818.0
2024-12-02 13:20:00+00:00,602.76,602.76,602.56,602.58,4912.0
2024-12-02 13:25:00+00:00,602.63,602.69,602.55,602.65,6714.0
2024-12-02 13:30:00+00:00,602.63,602.63,602.5,602.59,9343.0
2024-12-02 13:35:00+00:00,602.58,602.62,602.4,602.44,32264.0
2024-12-02 13:40:00+00:00,602.44,602.54,602.37,602.49,47826.0
2024-12-02 13:45:00+00:00,602.49,602.49,602.33,602.34,19762.0
2024-12-02 13:50:00+00:00,602.3701,602.56,602.3701,602.55,10364.0
2024-12-02 13:55:00+00:00,602.53,602.62,602.37,602.62,33016.0
2024-12-02 14:00:00+00:00,602.62,602.75,602.611,602.73,128234.0
2024-12-02 14:05:00+00:00,602.77,602.79,602.55,602.61,7667.0
2024-12-02 14:10:00+00:00,602.59,602.6,602.5,602.6,13525.0
2024-12-02 14:15:00+00:00,602.6,602.61,602.54,602.55,13630.0
2024-12-02 14:20:00+00:00,602.55,602.72,602.49,602.69,34054.0
2024-12-02 14:25:00+00:00,602.61,603.08,602.61,602.97,132235.0
2024-12-02 14:30:00+00:00,602.97,603.6799,602.82,603.425,1679851.0
2024-12-02 14:35:00+00:00,603.43,603.44,602.9561,603.02,588183.0
2024-12-02 14:40:00+00:00,603.01,603.22,602.7,602.885,552086.0
2024-12-02 14:45:00+00:00,602.895,603.24,602.81,603.185,698104.0
2024-12-02 14:50:00+00:00,603.18,603.27,602.75,602.895,405338.0
2024-12-02 14:55:00+00:00,602.89,602.895,602.47,602.8699,283116.0
2024-12-02 15:00:00+00:00,602.88,603.19,602.7,602.85,382387.0
2024-12-02 15:05:00+00:00,602.835,603.07,602.7,602.78,315456.0
2024-12-02 15:10:00+00:00,602.77,603.09,602.73,603.03,260281.0
2024-12-02 15:15:00+00:00,603.03,603.17,602.7701,602.835,302918.0
2024-12-02 15:20:00+00:00,602.8325,603.0,602.72,603.0,263395.0
2024-12-02 15:25:00+00:00,603.0,603.25,602.9703,603.225,282125.0
2024-12-02 15:30:00+00:00,603.22,603.49,603.07,603.42,385143.0
2024-12-02 15:35:00+00:00,603.46,603.57,603.12,603.399,223181.0
2024-12-02 15:40:00+00:00,603.4,603.57,603.3,603.34,177285.0
2024-12-02 15:45:00+00:00,603.34,603.46,603.225,603.44,176777.0
2024-12-02 15:50:00+00:00,603.44,603.45,602.84,603.06,425256.0
2024-12-02 15:55:00+00:00,603.05,603.05,602.47,602.7,369034.0
2024-12-02 16:00:00+00:00,602.71,602.79,602.51,602.561,140202.0
2024-12-02 16:05:00+00:00,602.59,603.25,602.55,603.21,241653.0
2024-12-02 16:10:00+00:00,603.23,603.33,603.0605,603.2099,234733.0
2024-12-02 16:15:00+00:00,603.21,603.36,603.1685,603.3,104229.0
2024-12-02 16:20:00+00:00,603.328,603.33,602.99,603.12,140877.0
2024-12-02 16:25:00+00:00,603.1101,603.35,603.05,603.28,123975.0
2024-12-02 16:30:00+00:00,603.265,603.38,603.1903,603.2777,114865.0
2024-12-02 16:35:00+00:00,603.27,603.59,603.25,603.5002,194107.0
2024-12-02 16:40:00+00:00,603.51,603.74,603.49,603.59,263022.0
2024-12-02 16:45:00+00:00,603.58,603.8,603.57,603.8,288186.0
2024-12-02 16:50:00+00:00,603.796014,603.86,603.46,603.56,215833.0
2024-12-02 16:55:00+00:00,603.56,603.7,603.395,603.655,209901.0
2024-12-02 17:00:00+00:00,603.6597,603.92,603.64,603.87,232175.0
2024-12-02 17:05:00+00:00,603.865,603.96,603.75,603.9316,358871.0
2024-12-02 17:10:00+00:00,603.94,603.96,603.79,603.88,137813.0
2024-12-02 17:15:00+00:00,603.88,603.96,603.78,603.7997,148355.0
2024-12-02 17:20:00+00:00,603.8,603.96,603.73,603.915,131650.0
2024-12-02 17:25:00+00:00,603.915,603.9198,603.46,603.47,318753.0
2024-12-02 17:30:00+00:00,603.49,603.67,603.4,603.605,209194.0
2024-12-02 17:35:00+00:00,603.61,603.7584,603.521,603.61,144306.0
2024-12-02 17:40:00+00:00,603.585,603.75,603.545,603.72,109576.0
2024-12-02 17:45:00+00:00,603.72,603.805,603.67,603.74,91123.0
2024-12-02 17:50:00+00:00,603.745,603.82,603.6852,603.765,72319.0
2024-12-02 17:55:00+00:00,603.765,603.805,603.53,603.57,132835.0
2024-12-02 18:00:00+00:00,603.53,603.67,603.4,603.61,430909.0
2024-12-02 18:05:00+00:00,603.64,603.68,603.49,603.5236,142283.0
2024-12-02 18:10:00+00:00,603.54,603.67,603.4401,603.59,285791.0
2024-12-02 18:15:00+00:00,603.59,603.6,603.4,603.54,145959.0
2024-12-02 18:20:00+00:00,603.53,603.84,603.53,603.82,325644.0
2024-12-02 18:25:00+00:00,603.82,603.8799,603.5338,603.67,207900.0
2024-12-02 18:30:00+00:00,603.6758,603.7499,603.4,603.54,163412.0
2024-12-02 18:35:00+00:00,603.54,603.73,603.39,603.725,262894.0
2024-12-02 18:40:00+00:00,603.725,603.8,603.6,603.64,286133.0
2024-12-02 18:45:00+00:00,603.625,603.795,603.6121,603.755,115648.0
2024-12-02 18:50:00+00:00,603.765,603.79,603.68,603.765,143372.0
2024-12-02 18:55:00+00:00,603.76,603.83,603.7,603.79,235831.0
2024-12-02 19:00:00+00:00,603.79,603.79,603.5,603.58,426692.0
2024-12-02 19:05:00+00:00,603.58,603.62,603.46,603.55,191256.0
2024-12-02 19:10:00+00:00,603.56,603.58,603.12,603.19,355566.0
2024-12-02 19:15:00+00:00,603.18,603.37,603.05,603.2,293633.0
2024-12-02 19:20:00+00:00,603.195,603.3,603.09,603.2787,209066.0
2024-12-02 19:25:00+00:00,603.26,603.48,603.145,603.4,172834.0
2024-12-02 19:30:00+00:00,603.4101,603.69,603.39,603.5899,766008.0
2024-12-02 19:35:00+00:00,603.57,603.72,603.56,603.62,322548.0
2024-12-02 19:40:00+00:00,603.63,603.745,603.6,603.71,128547.0
2024-12-02 19:45:00+00:00,603.7,603.755,603.58,603.655,153868.0
2024-12-02 19:50:00+00:00,603.65,603.75,603.6001,603.74,158913.0
2024-12-02 19:55:00+00:00,603.74,603.985,603.705,603.935,582809.0
2024-12-02 20:00:00+00:00,603.93,603.9401,603.72,603.765,163913.0
2024-12-02 20:05:00+00:00,603.765,603.87,603.6999,603.795,116366.0
2024-12-02 20:10:00+00:00,603.8,604.08,603.77,603.94,342258.0
2024-12-02 20:15:00+00:00,603.94,604.24,603.89,604.005,578660.0
2024-12-02 20:20:00+00:00,604.005,604.16,603.99,604.06,180003.0
2024-12-02 20:25:00+00:00,604.05,604.32,604.02,604.26,321620.0
2024-12-02 20:30:00+00:00,604.28,604.28,604.06,604.1701,255027.0
2024-12-02 20:35:00+00:00,604.175,604.18,603.98,604.076,482157.0
2024-12-02 20:40:00+00:00,604.075,604.075,603.51,603.71,622539.0
2024-12-02 20:45:00+00:00,603.69,603.79,603.5,603.73,424748.0
2024-12-02 20:50:00+00:00,603.73,603.96,603.47,603.61,1196653.0
2024-12-02 20:55:00+00:00,603.65,603.85,603.45,603.65,2166599.0
2024-12-02 21:00:00+00:00,603.66,603.86,603.58,603.86,910062.0
2024-12-02 21:05:00+00:00,603.87,604.07,603.6451,604.05,429472.0
2024-12-02 21:10:00+00:00,604.07,604.2,604.0,604.06,1303433.0
2024-12-02 21:15:00+00:00,604.05,604.09,603.89,603.89,35355.0
2024-12-02 21:20:00+00:00,603.89,604.04,603.8,604.03,28604.0
2024-12-02 21:25:00+00:00,603.97,603.97,603.83,603.84,2872.0
2024-12-02 21:30:00+00:00,603.79,603.87,603.76,603.851,111443.0
2024-12-02 21:35:00+00:00,603.87,603.98,603.87,603.98,2188.0
2024-12-02 21:40:00+00:00,603.93,603.93,603.71,603.83,70997.0
2024-12-02 21:45:00+00:00,603.78,603.79,603.72,603.78,19770.0
2024-12-02 21:50:00+00:00,603.73,603.79,603.6489,603.6489,217850.0
2024-12-02 21:55:00+00:00,603.83,603.84,603.65,603.66,7705.0
2024-12-02 22:00:00+00:00,603.7,603.8,603.67,603.67,4932.0
2024-12-02 22:05:00+00:00,603.73,603.73,603.5,603.61,17044.0
2024-12-02 22:10:00+00:00,603.6393,603.64,603.62,603.64,192525.0
2024-12-02 22:15:00+00:00,603.7,603.8,603.66,603.76,5679.0
2024-12-02 22:20:00+00:00,603.8,603.8,603.79,603.8,7645.0
2024-12-02 22:25:00+00:00,603.824,603.824,603.75,603.8,3069.0
2024-12-02 22:30:00+00:00,603.78,603.8,603.78,603.8,841.0
2024-12-02 22:35:00+00:00,603.8,603.8,603.73,603.73,5006.0
2024-12-02 22:40:00+00:00,603.69,603.73,603.69,603.69,698.0
2024-12-02 22:45:00+00:00,603.7,603.78,603.69,603.69,2847.0
2024-12-02 22:50:00+00:00,603.7,603.7,603.69,603.69,1612.0
2024-12-02 22:55:00+00:00,603.7,603.78,603.7,603.78,3799.0
2024-12-02 23:00:00+00:00,603.75,603.75,603.51,603.63,20432.0
2024-12-02 23:05:00+00:00,603.65,603.65,603.61,603.63,1763.0
2024-12-02 23:10:00+00:00,603.68,603.77,603.68,603.77,838.0
2024-12-02 23:15:00+00:00,603.79,603.83,603.79,603.83,2837.0
2024-12-02 23:20:00+00:00,603.81,604.01,603.8,604.01,6948.0
2024-12-02 23:25:00+00:00,603.95,603.97,603.95,603.97,235.0
2024-12-02 23:30:00+00:00,603.96,603.96,603.86,603.86,584.0
2024-12-02 23:35:00+00:00,603.87,603.87,603.87,603.87,820.0
2024-12-02 23:40:00+00:00,603.76,603.76,603.76,603.76,1669.0
2024-12-02 23:45:00+00:00,603.7,603.731,603.7,603.731,689.0
2024-12-02 23:50:00+00:00,603.7998,603.8301,603.78,603.8301,4454.0
2024-12-02 23:55:00+00:00,603.869,603.869,603.85,603.85,249.0
2024-12-03 00:00:00+00:00,603.87,603.94,603.87,603.89,1167.0
2024-12-03 00:05:00+00:00,603.84,603.87,603.84,603.87,387.0
2024-12-03 00:10:00+00:00,603.81,603.81,603.81,603.81,219.0
2024-12-03 00:20:00+00:00,603.8,603.8,603.8,603.8,208.0
2024-12-03 00:25:00+00:00,603.78,603.78,603.74,603.74,3918.0
2024-12-03 00:30:00+00:00,603.75,603.75,603.72,603.72,898.0
2024-12-03 00:35:00+00:00,603.72,603.72,603.6435,603.6435,1312.0
2024-12-03 00:40:00+00:00,603.64,603.65,603.61,603.61,3055.0
2024-12-03 00:45:00+00:00,603.69,603.69,603.69,603.69,310.0
2024-12-03 00:50:00+00:00,603.7,603.7,603.7,603.7,160.0
2024-12-03 00:55:00+00:00,603.61,603.74,603.61,603.62,17119.0
2024-12-03 09:00:00+00:00,604.01,604.09,604.0,604.0,1633.0
2024-12-03 09:05:00+00:00,603.9,603.9,603.9,603.9,746.0
2024-12-03 09:10:00+00:00,604.02,604.14,604.02,604.05,2483.0
2024-12-03 09:25:00+00:00,604.01,604.01,603.92,603.96,1688.0
2024-12-03 09:30:00+00:00,603.87,603.91,603.86,603.91,1224.0
2024-12-03 09:35:00+00:00,603.83,603.83,603.83,603.83,145.0
2024-12-03 09:45:00+00:00,603.99,603.99,603.99,603.99,108.0
2024-12-03 09:50:00+00:00,604.01,604.01,604.01,604.01,409.0
2024-12-03 09:55:00+00:00,604.01,604.04,604.01,604.04,283.0
2024-12-03 10:00:00+00:00,604.0,604.0,604.0,604.0,598.0
2024-12-03 10:10:00+00:00,604.03,604.04,604.03,604.04,349.0
2024-12-03 10:15:00+00:00,604.04,604.04,604.03,604.03,529.0
2024-12-03 10:25:00+00:00,603.91,603.91,603.91,603.91,221.0
2024-12-03 10:30:00+00:00,603.81,603.81,603.71,603.71,1274.0
2024-12-03 10:35:00+00:00,603.66,603.66,603.65,603.65,834.0
2024-12-03 10:40:00+00:00,603.82,603.82,603.74,603.8,2087.0
2024-12-03 10:45:00+00:00,603.85,603.85,603.85,603.85,123.0
2024-12-03 10:50:00+00:00,603.72,603.72,603.7,603.7,965.0
2024-12-03 10:55:00+00:00,603.68,603.68,603.6,603.6,1358.0
2024-12-03 11:00:00+00:00,603.6,603.6,603.5,603.5,2793.0
2024-12-03 11:05:00+00:00,603.47,603.49,603.47,603.49,1528.0
2024-12-03 11:10:00+00:00,603.45,603.46,603.36,603.36,2840.0
2024-12-03 11:15:00+00:00,603.53,603.53,603.53,603.53,863.0
2024-12-03 11:20:00+00:00,603.58,603.65,603.58,603.65,767.0
2024-12-03 11:25:00+00:00,603.6,603.6,603.52,603.52,1683.0
2024-12-03 11:30:00+00:00,603.52,603.56,603.52,603.56,1010.0
2024-12-03 11:35:00+00:00,603.59,603.71,603.58,603.71,1051.0
2024-12-03 11:40:00+00:00,603.7,603.7,603.7,603.7,314.0
2024-12-03 11:45:00+00:00,603.73,603.74,603.73,603.74,1500.0
2024-12-03 11:50:00+00:00,603.8,603.81,603.75,603.75,725.0
2024-12-03 11:55:00+00:00,603.85,603.88,603.85,603.88,3328.0
2024-12-03 12:00:00+00:00,603.91,603.94,603.91,603.93,2429.0
2024-12-03 12:05:00+00:00,604.0,604.0,603.95,603.95,10726.0
2024-12-03 12:10:00+00:00,603.88,603.89,603.74,603.74,1751.0
2024-12-03 12:15:00+00:00,603.73,603.75,603.72,603.75,1680.0
2024-12-03 12:20:00+00:00,603.92,603.93,603.92,603.93,556.0
2024-12-03 12:25:00+00:00,603.91,603.98,603.89,603.89,3217.0
2024-12-03 12:30:00+00:00,603.86,604.08,603.86,604.079,2346.0
2024-12-03 12:35:00+00:00,604.049,604.049,604.01,604.01,1786.0
2024-12-03 12:40:00+00:00,604.01,604.11,604.01,604.11,998.0
2024-12-03 12:45:00+00:00,604.02,604.04,603.9,603.9,3132.0
2024-12-03 12:50:00+00:00,604.0,604.03,604.0,604.03,466.0
2024-12-03 12:55:00+00:00,603.92,603.93,603.84,603.84,2118.0
2024-12-03 13:00:00+00:00,603.79,604.15,603.731,603.88,15323.0
2024-12-03 13:05:00+00:00,603.97,603.97,603.97,603.97,137.0
2024-12-03 13:10:00+00:00,604.0,604.02,603.99,604.0,2369.0
2024-12-03 13:15:00+00:00,604.04,604.1,603.91,603.91,4540.0
2024-12-03 13:20:00+00:00,603.91,603.91,603.85,603.9,4486.0
2024-12-03 13:25:00+00:00,603.96,603.98,603.86,603.97,2797.0
2024-12-03 13:30:00+00:00,603.9,603.95,603.89,603.95,3732.0
2024-12-03 13:35:00+00:00,604.01,604.01,603.9,603.9,27217.0
2024-12-03 13:40:00+00:00,603.91,604.1,603.91,604.1,19127.0
2024-12-03 13:45:00+00:00,604.08,604.24,604.08,604.21,13955.0
2024-12-03 13:50:00+00:00,604.22,604.22,603.82,603.85,20268.0
2024-12-03 13:55:00+00:00,603.89,603.92,603.6291,603.65,32854.0
2024-12-03 14:00:00+00:00,603.65,603.94,603.65,603.74,13469.0
2024-12-03 14:05:00+00:00,603.72,603.72,603.09,603.19,34690.0
2024-12-03 14:10:00+00:00,603.17,603.42,603.17,603.2,122321.0
2024-12-03 14:15:00+00:00,603.18,603.39,602.98,603.39,15786.0
2024-12-03 14:20:00+00:00,603.34,603.5,603.03,603.1,40715.0
2024-12-03 14:25:00+00:00,603.13,603.38,603.1,603.38,55256.0
2024-12-03 14:30:00+00:00,603.39,603.72,603.16,603.54,784653.0
2024-12-03 14:35:00+00:00,603.54,603.5995,602.9,603.23,471072.0
2024-12-03 14:40:00+00:00,603.21,603.34,602.77,602.8712,368022.0
2024-12-03 14:45:00+00:00,602.88,603.32,602.81,603.04,304094.0
2024-12-03 14:50:00+00:00,603.04,603.17,602.94,603.05,195049.0
2024-12-03 14:55:00+00:00,603.0151,603.37,603.0,603.35,182214.0
2024-12-03 15:00:00+00:00,603.35,603.57,603.23,603.39,327448.0
2024-12-03 15:05:00+00:00,603.4195,603.62,603.26,603.3421,250260.0
2024-12-03 15:10:00+00:00,603.35,603.5,603.15,603.2599,189263.0
2024-12-03 15:15:00+00:00,603.26,603.4,603.18,603.21,113055.0
2024-12-03 15:20:00+00:00,603.22,603.23,602.73,602.8699,307044.0
2024-12-03 15:25:00+00:00,602.85,602.85,602.44,602.46,271781.0
2024-12-03 15:30:00+00:00,602.48,602.78,602.45,602.63,218140.0
2024-12-03 15:35:00+00:00,602.62,602.99,602.61,602.89,256700.0
2024-12-03 15:40:00+00:00,602.87,602.875,602.57,602.645,249521.0
2024-12-03 15:45:00+00:00,602.66,602.72,602.38,602.6476,327060.0
2024-12-03 15:50:00+00:00,602.64,602.7599,602.341,602.5801,296032.0
2024-12-03 15:55:00+00:00,602.59,602.916,602.45,602.8845,279058.0
2024-12-03 16:00:00+00:00,602.89,603.26,602.845,603.0802,469460.0
2024-12-03 16:05:00+00:00,603.0701,603.13,602.9101,602.95,149763.0
2024-12-03 16:10:00+00:00,602.955,603.1,602.82,602.95,110744.0
2024-12-03 16:15:00+00:00,602.94,603.03,602.82,602.94,132410.0
2024-12-03 16:20:00+00:00,602.9281,603.14,602.91,603.03,170211.0
2024-12-03 16:25:00+00:00,603.03,603.4599,602.945,603.42,217476.0
2024-12-03 16:30:00+00:00,603.4,603.5,603.08,603.22,160334.0
2024-12-03 16:35:00+00:00,603.24,603.24,602.69,602.71,271135.0
2024-12-03 16:40:00+00:00,602.68,602.8799,602.37,602.42,364865.0
2024-12-03 16:45:00+00:00,602.42,602.67,602.38,602.62,347575.0
2024-12-03 16:50:00+00:00,602.62,602.84,602.56,602.795,145822.0
2024-12-03 16:55:00+00:00,602.78,602.83,602.53,602.5571,110103.0
2024-12-03 17:00:00+00:00,602.56,602.81,602.53,602.74,206206.0
2024-12-03 17:05:00+00:00,602.73,602.785,602.6441,602.71,70202.0
2024-12-03 17:10:00+00:00,602.73,602.83,602.6424,602.8201,120963.0
2024-12-03 17:15:00+00:00,602.83,603.035,602.77,602.98,143066.0
2024-12-03 17:20:00+00:00,602.98,603.055,602.92,602.98,194204.0
2024-12-03 17:25:00+00:00,602.9799,603.02,602.915,603.005,104371.0
2024-12-03 17:30:00+00:00,602.995,603.255,602.98,603.1907,129793.0
2024-12-03 17:35:00+00:00,603.2,603.21,602.94,603.12,292858.0
2024-12-03 17:40:00+00:00,603.12,603.29,603.111,603.27,126807.0
2024-12-03 17:45:00+00:00,603.275,603.62,603.25,603.5601,179593.0
2024-12-03 17:50:00+00:00,603.56,603.7299,603.44,603.665,174568.0
2024-12-03 17:55:00+00:00,603.67,603.72,603.52,603.71,444492.0
2024-12-03 18:00:00+00:00,603.71,603.8,603.53,603.71,198944.0
2024-12-03 18:05:00+00:00,603.715,603.75,603.6608,603.7,73203.0
2024-12-03 18:10:00+00:00,603.73,603.79,603.51,603.615,115945.0
2024-12-03 18:15:00+00:00,603.6299,603.655,603.505,603.605,156626.0
2024-12-03 18:20:00+00:00,603.625,603.75,603.605,603.74,341609.0
2024-12-03 18:25:00+00:00,603.73,603.85,603.57,603.57,173721.0
2024-12-03 18:30:00+00:00,603.55,603.71,603.4401,603.68,102009.0
2024-12-03 18:35:00+00:00,603.6774,603.76,603.46,603.52,180095.0
2024-12-03 18:40:00+00:00,603.51,603.54,603.3312,603.38,230772.0
2024-12-03 18:45:00+00:00,603.37,603.5,603.29,603.48,207795.0
2024-12-03 18:50:00+00:00,603.46,603.64,603.4501,603.47,102489.0
2024-12-03 18:55:00+00:00,603.5,603.5199,603.38,603.44,111527.0
2024-12-03 19:00:00+00:00,603.43,603.653,603.17,603.25,2163487.0
2024-12-03 19:05:00+00:00,603.28,603.5,603.28,603.49,133845.0
2024-12-03 19:10:00+00:00,603.485,603.485,603.37,603.45,134532.0
2024-12-03 19:15:00+00:00,603.425,603.59,603.31,603.575,125113.0
2024-12-03 19:20:00+00:00,603.57,603.5766,603.35,603.41,176411.0
2024-12-03 19:25:00+00:00,603.415,603.63,603.4,603.6199,147214.0
2024-12-03 19:30:00+00:00,603.6,603.87,603.6,603.825,222373.0
2024-12-03 19:35:00+00:00,603.82,603.83,603.68,603.7699,197699.0
2024-12-03 19:40:00+00:00,603.76,603.85,603.72,603.79,205385.0
2024-12-03 19:45:00+00:00,603.78,603.92,603.74,603.91,141630.0
2024-12-03 19:50:00+00:00,603.91,604.14,603.86,604.05,384979.0
2024-12-03 19:55:00+00:00,604.08,604.16,604.01,604.03,213529.0
2024-12-03 20:00:00+00:00,604.0201,604.03,603.91,603.96,193957.0
2024-12-03 20:05:00+00:00,603.97,604.075,603.8781,604.04,323082.0
2024-12-03 20:10:00+00:00,604.05,604.11,603.88,603.95,231744.0
2024-12-03 20:15:00+00:00,603.945,603.98,603.79,603.91,463347.0
2024-12-03 20:20:00+00:00,603.92,604.01,603.91,603.97,221282.0
2024-12-03 20:25:00+00:00,603.99,604.02,603.85,603.945,411124.0
2024-12-03 20:30:00+00:00,603.94,603.98,603.76,603.91,341712.0
2024-12-03 20:35:00+00:00,603.9,604.04,603.72,603.77,353080.0
2024-12-03 20:40:00+00:00,603.7713,603.83,603.49,603.63,267928.0
2024-12-03 20:45:00+00:00,603.6206,603.915,603.56,603.85,458933.0
2024-12-03 20:50:00+00:00,603.86,604.13,603.86,604.0807,597578.0
2024-12-03 20:55:00+00:00,604.09,604.14,603.79,603.85,1966557.0
2024-12-03 21:00:00+00:00,603.86,604.03,603.4002,604.0,600301.0
2024-12-03 21:05:00+00:00,603.91,604.28,603.91,604.12,270297.0
2024-12-03 21:10:00+00:00,604.11,604.35,604.08,604.34,1108183.0
2024-12-03 21:15:00+00:00,604.35,604.6,604.35,604.36,115917.0
2024-12-03 21:20:00+00:00,604.36,604.45,604.36,604.43,34815.0
2024-12-03 21:25:00+00:00,604.44,604.56,604.42,604.56,185155.0
2024-12-03 21:30:00+00:00,604.5,604.53,604.44,604.5,7370.0
2024-12-03 21:35:00+00:00,604.5,604.51,603.91,604.47,181057.0
2024-12-03 21:40:00+00:00,604.47,604.51,604.47,604.5,17705.0
2024-12-03 21:45:00+00:00,604.49,604.58,604.49,604.52,9272.0
2024-12-03 21:50:00+00:00,604.56,604.56,604.5,604.5,2817.0
2024-12-03 21:55:00+00:00,604.42,604.42,604.25,604.25,9433.0
2024-12-03 22:00:00+00:00,604.2739,604.31,604.2739,604.31,5411.0
2024-12-03 22:05:00+00:00,604.26,604.35,604.26,604.35,2041.0
2024-12-03 22:10:00+00:00,604.33,604.33,604.33,604.33,714.0
2024-12-03 22:15:00+00:00,604.35,604.35,604.35,604.35,653.0
2024-12-03 22:20:00+00:00,604.369,604.369,604.02,604.15,19160.0
2024-12-03 22:25:00+00:00,604.15,604.15,604.0,604.04,16504.0
2024-12-03 22:30:00+00:00,604.12,604.19,604.06,604.18,9116.0
2024-12-03 22:35:00+00:00,604.19,604.38,604.19,604.25,11717.0
2024-12-03 22:40:00+00:00,604.309,604.309,604.309,604.309,217.0
2024-12-03 22:45:00+00:00,604.33,604.33,604.33,604.33,518.0
2024-12-03 22:50:00+00:00,604.309,604.31,604.309,604.31,233.0
2024-12-03 22:55:00+00:00,604.3,604.43,604.28,604.28,4435.0
2024-12-03 23:00:00+00:00,604.25,604.25,603.9,604.08,27931.0
2024-12-03 23:05:00+00:00,604.08,604.12,604.04,604.04,1053.0
2024-12-03 23:10:00+00:00,604.15,604.16,604.11,604.11,1585.0
2024-12-03 23:15:00+00:00,604.0806,604.0806,604.0806,604.0806,227.0
2024-12-03 23:20:00+00:00,604.13,604.13,604.13,604.13,417.0
2024-12-03 23:25:00+00:00,604.22,604.22,604.22,604.22,129.0
2024-12-03 23:30:00+00:00,604.3413,604.3413,604.28,604.34,908.0
2024-12-03 23:35:00+00:00,604.38,604.39,604.31,604.31,1547.0
2024-12-03 23:40:00+00:00,604.4,604.46,604.4,604.46,773.0
2024-12-03 23:45:00+00:00,604.4,604.461,604.4,604.461,925.0
2024-12-03 23:50:00+00:00,604.46,604.46,604.46,604.46,393.0
2024-12-03 23:55:00+00:00,604.51,604.52,604.44,604.5149,1356.0
2024-12-04 00:00:00+00:00,604.45,604.45,604.45,604.45,342.0
2024-12-04 00:05:00+00:00,604.41,604.41,604.4006,604.4006,443.0
2024-12-04 00:10:00+00:00,604.4,604.4,604.35,604.3585,902.0
2024-12-04 00:15:00+00:00,604.3,604.3,604.27,604.28,1432.0
2024-12-04 00:20:00+00:00,604.28,604.33,604.28,604.33,278.0
2024-12-04 00:25:00+00:00,604.28,604.28,604.2315,604.2315,1436.0
2024-12-04 00:30:00+00:00,604.23,604.23,604.11,604.11,1070.0
2024-12-04 00:35:00+00:00,604.22,604.22,604.13,604.16,2931.0
2024-12-04 00:40:00+00:00,604.16,604.17,604.12,604.17,1482.0
2024-12-04 00:45:00+00:00,604.1299,604.19,604.11,604.1519,2469.0
2024-12-04 00:50:00+00:00,604.23,604.25,604.22,604.25,1409.0
2024-12-04 00:55:00+00:00,604.2192,604.25,604.1702,604.1901,3123.0
2024-12-04 09:00:00+00:00,604.68,605.39,604.68,605.33,6757.0
2024-12-04 09:05:00+00:00,605.35,605.35,605.26,605.31,5675.0
2024-12-04 09:10:00+00:00,605.26,605.49,605.26,605.48,16651.0
2024-12-04 09:15:00+00:00,605.49,605.58,605.48,605.53,2415.0
2024-12-04 09:20:00+00:00,605.33,605.46,605.33,605.46,1348.0
2024-12-04 09:25:00+00:00,605.33,605.33,605.31,605.31,921.0
2024-12-04 09:30:00+00:00,605.31,605.37,605.31,605.37,1017.0
2024-12-04 09:35:00+00:00,605.27,605.28,605.21,605.22,1827.0
2024-12-04 09:40:00+00:00,605.35,605.37,605.35,605.37,2451.0
2024-12-04 09:45:00+00:00,605.42,605.42,605.4,605.4,635.0
2024-12-04 09:50:00+00:00,605.4,605.41,605.4,605.41,1597.0
2024-12-04 09:55:00+00:00,605.38,605.39,605.28,605.39,1897.0
2024-12-04 10:00:00+00:00,605.37,605.37,605.31,605.31,1851.0
2024-12-04 10:05:00+00:00,605.31,605.31,605.31,605.31,18394.0
2024-12-04 10:10:00+00:00,605.39,605.42,605.1,605.21,17104.0
2024-12-04 10:15:00+00:00,605.25,605.25,605.25,605.25,514.0
2024-12-04 10:20:00+00:00,605.19,605.24,605.17,605.24,1749.0
2024-12-04 10:25:00+00:00,605.19,605.27,605.19,605.27,3547.0
2024-12-04 10:35:00+00:00,605.3,605.3,605.3,605.3,1067.0
2024-12-04 10:40:00+00:00,605.49,605.49,605.46,605.46,5124.0
2024-12-04 10:45:00+00:00,605.52,605.54,605.52,605.53,4172.0
2024-12-04 10:50:00+00:00,605.6,605.6,605.5,605.5,920.0
2024-12-04 11:00:00+00:00,605.48,605.51,605.48,605.5,20438.0
2024-12-04 11:05:00+00:00,605.57,605.72,605.57,605.61,1922.0
2024-12-04 11:10:00+00:00,605.68,605.7,605.68,605.7,924.0
2024-12-04 11:15:00+00:00,605.7,605.72,605.46,605.46,3732.0
2024-12-04 11:20:00+00:00,605.52,605.52,605.46,605.46,1363.0
2024-12-04 11:25:00+00:00,605.61,605.62,605.51,605.59,2039.0
2024-12-04 11:30:00+00:00,605.55,605.6,605.55,605.6,483.0
2024-12-04 11:35:00+00:00,605.76,605.76,605.74,605.74,701.0
2024-12-04 11:40:00+00:00,605.7,605.7,605.64,605.66,1850.0
2024-12-04 11:45:00+00:00,605.65,605.65,605.62,605.62,3243.0
2024-12-04 11:50:00+00:00,605.61,605.7,605.6,605.68,3115.0
2024-12-04 11:55:00+00:00,605.69,605.81,605.69,605.81,1369.0
2024-12-04 12:00:00+00:00,605.78,605.84,605.68,605.83,54755.0
2024-12-04 12:05:00+00:00,605.87,605.9,605.791,605.87,4562.0
2024-12-04 12:10:00+00:00,605.87,605.87,605.72,605.751,28866.0
2024-12-04 12:15:00+00:00,605.79,605.8,605.751,605.8,658.0
2024-12-04 12:20:00+00:00,605.77,605.82,605.7,605.82,11190.0
2024-12-04 12:25:00+00:00,605.83,605.85,605.75,605.751,2726.0
2024-12-04 12:30:00+00:00,605.789,605.789,605.73,605.75,3027.0
2024-12-04 12:35:00+00:00,605.72,605.74,605.69,605.69,12878.0
2024-12-04 12:40:00+00:00,605.74,605.74,605.69,605.69,831.0
2024-12-04 12:45:00+00:00,605.75,605.81,605.75,605.81,2293.0
2024-12-04 12:50:00+00:00,605.76,605.76,605.66,605.66,26701.0
2024-12-04 12:55:00+00:00,605.69,605.69,605.55,605.56,8505.0
2024-12-04 13:00:00+00:00,605.7809,605.89,604.63,605.66,29514.0
2024-12-04 13:05:00+00:00,605.65,605.78,605.65,605.77,30080.0
2024-12-04 13:10:00+00:00,605.77,605.77,605.7109,605.74,1154.0
2024-12-04 13:15:00+00:00,605.81,605.81,603.91,605.81,3757.0
2024-12-04 13:20:00+00:00,605.8,605.82,605.7,605.76,9437.0
2024-12-04 13:25:00+00:00,605.72,605.81,605.7,605.7,5834.0
2024-12-04 13:30:00+00:00,605.7,605.81,605.64,605.79,29156.0
2024-12-04 13:35:00+00:00,605.73,606.02,605.73,605.97,15693.0
2024-12-04 13:40:00+00:00,606.0,606.03,605.61,605.95,62825.0
2024-12-04 13:45:00+00:00,605.95,606.07,605.9414,605.9414,11397.0
2024-12-04 13:50:00+00:00,605.9,605.97,605.63,605.87,8827.0
2024-12-04 13:55:00+00:00,605.92,606.11,605.88,606.07,11812.0
2024-12-04 14:00:00+00:00,606.09,606.12,605.906,606.12,24262.0
2024-12-04 14:05:00+00:00,606.1,606.1,605.91,606.03,24936.0
2024-12-04 14:10:00+00:00,605.99,606.2,605.99,606.15,10602.0
2024-12-04 14:15:00+00:00,606.13,606.13,606.02,606.02,12230.0
2024-12-04 14:20:00+00:00,606.02,606.09,605.78,605.78,29628.0
2024-12-04 14:25:00+00:00,605.73,605.85,605.61,605.61,70175.0
2024-12-04 14:30:00+00:00,605.63,606.05,605.51,605.78,1242381.0
2024-12-04 14:35:00+00:00,605.8,605.9299,605.54,605.6199,426558.0
2024-12-04 14:40:00+00:00,605.6,605.82,605.59,605.69,268448.0
2024-12-04 14:45:00+00:00,605.7,605.91,605.57,605.78,238540.0
2024-12-04 14:50:00+00:00,605.78,606.08,605.72,606.08,321477.0
2024-12-04 14:55:00+00:00,606.09,606.21,605.79,605.89,314173.0
2024-12-04 15:00:00+00:00,605.88,605.92,605.4,605.5901,642331.0
2024-12-04 15:05:00+00:00,605.59,605.69,605.5,605.62,457792.0
2024-12-04 15:10:00+00:00,605.64,606.02,605.43,605.44,457968.0
2024-12-04 15:15:00+00:00,605.45,605.56,604.95,605.56,885663.0
2024-12-04 15:20:00+00:00,605.57,605.73,605.44,605.4901,477436.0
2024-12-04 15:25:00+00:00,605.51,605.7407,605.51,605.63,295420.0
2024-12-04 15:30:00+00:00,605.66,605.975,605.54,605.95,207875.0
2024-12-04 15:35:00+00:00,605.97,606.3,605.94,606.04,402938.0
2024-12-04 15:40:00+00:00,606.04,606.22,606.01,606.13,625298.0
2024-12-04 15:45:00+00:00,606.12,606.22,605.72,605.94,360972.0
2024-12-04 15:50:00+00:00,605.94,605.99,605.68,605.705,253214.0
2024-12-04 15:55:00+00:00,605.7001,606.24,605.7001,606.23,514370.0
2024-12-04 16:00:00+00:00,606.22,606.428,606.22,606.36,328231.0
2024-12-04 16:05:00+00:00,606.36,606.4,606.23,606.27,279788.0
2024-12-04 16:10:00+00:00,606.27,606.43,606.26,606.36,881512.0
2024-12-04 16:15:00+00:00,606.36,606.5,606.29,606.4535,219448.0
2024-12-04 16:20:00+00:00,606.44,606.5,606.28,606.305,286002.0
2024-12-04 16:25:00+00:00,606.3107,606.4,606.2918,606.33,117864.0
2024-12-04 16:30:00+00:00,606.3207,606.43,606.1001,606.4,161369.0
2024-12-04 16:35:00+00:00,606.4,606.47,606.2,606.28,122065.0
2024-12-04 16:40:00+00:00,606.28,606.29,606.06,606.105,113664.0
2024-12-04 16:45:00+00:00,606.11,606.34,606.1,606.34,134341.0
2024-12-04 16:50:00+00:00,606.325,606.465,606.225,606.41,138417.0
2024-12-04 16:55:00+00:00,606.41,606.4388,606.3201,606.35,155139.0
2024-12-04 17:00:00+00:00,606.345,606.3699,606.25,606.3095,159008.0
2024-12-04 17:05:00+00:00,606.3,606.3899,606.25,606.28,146625.0
2024-12-04 17:10:00+00:00,606.25,606.39,606.21,606.36,147189.0
2024-12-04 17:15:00+00:00,606.355,606.4,606.28,606.33,117492.0
2024-12-04 17:20:00+00:00,606.3196,606.38,606.02,606.3401,386736.0
2024-12-04 17:25:00+00:00,606.3475,606.49,606.2901,606.35,293548.0
2024-12-04 17:30:00+00:00,606.35,606.35,606.07,606.0901,196106.0
2024-12-04 17:35:00+00:00,606.12,606.24,606.04,606.19,132245.0
2024-12-04 17:40:00+00:00,606.19,606.19,605.91,606.13,144176.0
2024-12-04 17:45:00+00:00,606.13,606.32,606.06,606.31,135824.0
2024-12-04 17:50:00+00:00,606.3,606.54,606.28,606.46,151613.0
2024-12-04 17:55:00+00:00,606.48,606.52,606.37,606.4,186252.0
2024-12-04 18:00:00+00:00,606.4,606.4099,606.27,606.35,135174.0
2024-12-04 18:05:00+00:00,606.34,606.3768,606.26,606.29,56844.0
2024-12-04 18:10:00+00:00,606.29,606.45,606.24,606.27,80365.0
2024-12-04 18:15:00+00:00,606.29,606.39,606.2352,606.24,196341.0
2024-12-04 18:20:00+00:00,606.2499,606.2801,606.03,606.0305,87548.0
2024-12-04 18:25:00+00:00,606.04,606.075,605.84,605.8699,209240.0
2024-12-04 18:30:00+00:00,605.86,605.86,605.2,605.365,419621.0
2024-12-04 18:35:00+00:00,605.36,605.68,605.25,605.6799,352314.0
2024-12-04 18:40:00+00:00,605.66,605.84,605.52,605.74,155133.0
2024-12-04 18:45:00+00:00,605.73,605.96,605.73,605.935,102337.0
2024-12-04 18:50:00+00:00,605.931,606.36,605.88,606.3201,231663.0
2024-12-04 18:55:00+00:00,606.32,606.53,605.96,605.9801,496787.0
2024-12-04 19:00:00+00:00,605.98,606.32,605.77,606.275,263526.0
2024-12-04 19:05:00+00:00,606.29,606.38,606.23,606.338,129101.0
2024-12-04 19:10:00+00:00,606.29,606.41,606.26,606.35,112230.0
2024-12-04 19:15:00+00:00,606.36,606.7,606.34,606.62,266462.0
2024-12-04 19:20:00+00:00,606.61,606.86,606.56,606.82,388908.0
2024-12-04 19:25:00+00:00,606.82,606.86,606.63,606.7801,210890.0
2024-12-04 19:30:00+00:00,606.78,606.965,606.67,606.94,670759.0
2024-12-04 19:35:00+00:00,606.935,607.13,606.895,606.99,516607.0
2024-12-04 19:40:00+00:00,606.985,607.06,606.72,606.94,345311.0
2024-12-04 19:45:00+00:00,606.94,606.98,606.8201,606.88,319090.0
2024-12-04 19:50:00+00:00,606.8801,606.93,606.69,606.79,325548.0
2024-12-04 19:55:00+00:00,606.79,606.95,606.79,606.9158,96724.0
2024-12-04 20:00:00+00:00,606.9,607.09,606.83,607.07,192970.0
2024-12-04 20:05:00+00:00,607.07,607.295,607.03,607.295,539436.0
2024-12-04 20:10:00+00:00,607.3,607.52,607.28,607.3,733599.0
2024-12-04 20:15:00+00:00,607.3,607.3799,607.27,607.35,216392.0
2024-12-04 20:20:00+00:00,607.36,607.38,607.269,607.32,377499.0
2024-12-04 20:25:00+00:00,607.32,607.425,607.28,607.31,491735.0
2024-12-04 20:30:00+00:00,607.31,607.39,607.18,607.3799,656403.0
2024-12-04 20:35:00+00:00,607.375,607.68,607.3201,607.6,1365570.0
2024-12-04 20:40:00+00:00,607.6,607.69,607.56,607.625,859335.0
2024-12-04 20:45:00+00:00,607.625,607.78,607.48,607.78,1997713.0
2024-12-04 20:50:00+00:00,607.79,607.91,607.52,607.6,1749777.0
2024-12-04 20:55:00+00:00,607.61,607.69,607.39,607.61,3225352.0
2024-12-04 21:00:00+00:00,607.6,607.66,607.33,607.34,1021308.0
2024-12-04 21:05:00+00:00,607.33,607.5776,607.31,607.46,2535593.0
2024-12-04 21:10:00+00:00,607.44,607.48,607.31,607.33,1984100.0
2024-12-04 21:15:00+00:00,607.32,607.37,607.25,607.33,61544.0
2024-12-04 21:20:00+00:00,607.33,607.37,607.31,607.34,8260.0
2024-12-04 21:25:00+00:00,607.3499,607.36,607.1,607.27,163553.0
2024-12-04 21:30:00+00:00,607.29,607.32,607.2103,607.23,23498.0
2024-12-04 21:35:00+00:00,607.25,607.28,607.25,607.28,49291.0
2024-12-04 21:40:00+00:00,607.2796,607.2796,607.25,607.25,129909.0
2024-12-04 21:45:00+00:00,607.24,607.28,607.16,607.21,16471.0
2024-12-04 21:50:00+00:00,607.22,607.34,607.22,607.3,7137.0
2024-12-04 21:55:00+00:00,607.25,607.35,607.24,607.24,835641.0
2024-12-04 22:00:00+00:00,607.22,607.22,607.18,607.2199,5039.0
2024-12-04 22:05:00+00:00,607.21,607.23,607.21,607.23,843.0
2024-12-04 22:10:00+00:00,607.24,607.32,607.24,607.32,6397.0
2024-12-04 22:15:00+00:00,607.33,607.4,607.27,607.27,16986.0
2024-12-04 22:20:00+00:00,607.38,607.39,607.38,607.38,3630.0
2024-12-04 22:25:00+00:00,607.36,607.36,607.31,607.36,1392.0
2024-12-04 22:30:00+00:00,607.3242,607.3242,607.3242,607.3242,297.0
2024-12-04 22:35:00+00:00,607.34,607.34,607.26,607.26,2842.0
2024-12-04 22:45:00+00:00,607.26,607.26,607.26,607.26,339.0
2024-12-04 22:50:00+00:00,607.26,607.3,607.26,607.3,648.0
2024-12-04 22:55:00+00:00,607.2899,607.2899,607.26,607.27,5468.0
2024-12-04 23:00:00+00:00,607.25,607.25,607.02,607.1,25620.0
2024-12-04 23:05:00+00:00,607.1,607.16,607.1,607.12,6183.0
2024-12-04 23:10:00+00:00,607.11,607.19,607.11,607.19,5461.0
2024-12-04 23:15:00+00:00,607.2,607.2,607.2,607.2,6038.0
2024-12-04 23:20:00+00:00,607.23,607.3,607.23,607.3,6621.0
2024-12-04 23:25:00+00:00,607.22,607.24,607.21,607.24,1376.0
2024-12-04 23:35:00+00:00,607.22,607.22,607.15,607.15,859.0
2024-12-04 23:40:00+00:00,607.1,607.18,607.09,607.13,1816.0
2024-12-04 23:45:00+00:00,607.18,607.22,607.18,607.18,5375.0
2024-12-04 23:50:00+00:00,607.18,607.18,607.18,607.18,548.0
2024-12-04 23:55:00+00:00,607.1,607.1,607.1,607.1,547.0
2024-12-05 00:00:00+00:00,607.05,607.05,606.95,607.03,6449.0
2024-12-05 00:05:00+00:00,606.99,606.99,606.9301,606.95,1337.0
2024-12-05 00:10:00+00:00,606.9699,606.9699,606.9,606.95,1513.0
2024-12-05 00:15:00+00:00,606.97,606.97,606.93,606.93,1286.0
2024-12-05 00:20:00+00:00,606.98,606.98,606.98,606.98,359.0
2024-12-05 00:25:00+00:00,607.04,607.04,607.04,607.04,262.0
2024-12-05 00:30:00+00:00,606.98,606.98,606.98,606.98,368.0
2024-12-05 00:35:00+00:00,606.99,607.0,606.99,607.0,1170.0
2024-12-05 00:45:00+00:00,606.98,606.98,606.9,606.9,22542.0
2024-12-05 00:50:00+00:00,606.92,606.93,606.76,606.84,44384.0
2024-12-05 00:55:00+00:00,606.84,606.89,606.83,606.88,31264.0
2024-12-05 09:00:00+00:00,607.27,607.32,607.26,607.27,2131.0
2024-12-05 09:05:00+00:00,607.24,607.24,607.11,607.11,2040.0
2024-12-05 09:10:00+00:00,607.13,607.24,607.13,607.23,3660.0
2024-12-05 09:15:00+00:00,607.23,607.33,607.23,607.33,2314.0
2024-12-05 09:20:00+00:00,607.29,607.3,607.24,607.27,2519.0
2024-12-05 09:25:00+00:00,607.26,607.26,607.26,607.26,979.0
2024-12-05 09:30:00+00:00,607.24,607.24,607.24,607.24,139.0
2024-12-05 09:35:00+00:00,607.31,607.31,607.31,607.31,1018.0
2024-12-05 09:40:00+00:00,607.31,607.31,607.31,607.31,382.0
2024-12-05 09:50:00+00:00,607.21,607.21,607.21,607.21,464.0
2024-12-05 09:55:00+00:00,607.31,607.31,607.25,607.25,636.0
2024-12-05 10:00:00+00:00,607.28,607.4,607.28,607.4,678.0
2024-12-05 10:10:00+00:00,607.48,607.48,607.42,607.42,1210.0
2024-12-05 10:15:00+00:00,607.53,607.53,607.53,607.53,203.0
2024-12-05 10:35:00+00:00,607.36,607.36,607.36,607.36,438.0
2024-12-05 10:45:00+00:00,607.26,607.26,607.26,607.26,192.0
2024-12-05 10:50:00+00:00,607.07,607.11,607.07,607.09,650.0
2024-12-05 10:55:00+00:00,607.2,607.26,607.2,607.26,463.0
2024-12-05 11:00:00+00:00,607.2,607.21,607.2,607.21,244.0
2024-12-05 11:05:00+00:00,607.26,607.26,607.26,607.26,106.0
2024-12-05 11:10:00+00:00,607.26,607.26,607.26,607.26,268.0
2024-12-05 11:25:00+00:00,607.32,607.34,607.32,607.34,1414.0
2024-12-05 11:30:00+00:00,607.31,607.31,607.31,607.31,245.0
2024-12-05 11:35:00+00:00,607.35,607.35,607.35,607.35,228.0
2024-12-05 11:45:00+00:00,607.42,607.42,607.31,607.31,486.0
2024-12-05 11:50:00+00:00,607.36,607.43,607.36,607.42,16658.0
2024-12-05 11:55:00+00:00,607.3,607.3,607.3,607.3,334.0
2024-12-05 12:00:00+00:00,607.26,607.43,607.25,607.42,3290.0
2024-12-05 12:05:00+00:00,607.33,607.38,607.31,607.33,2655.0
2024-12-05 12:10:00+00:00,607.35,607.49,607.35,607.49,12806.0
2024-12-05 12:15:00+00:00,607.46,607.51,607.38,607.38,9077.0
2024-12-05 12:20:00+00:00,607.38,607.39,607.34,607.36,1456.0
2024-12-05 12:25:00+00:00,607.38,607.38,607.33,607.33,800.0
2024-12-05 12:30:00+00:00,607.35,607.35,607.33,607.33,771.0
2024-12-05 12:35:00+00:00,607.39,607.39,607.39,607.39,200.0
2024-12-05 12:40:00+00:00,607.4,607.4,607.4,607.4,252.0
2024-12-05 12:45:00+00:00,607.351,607.41,607.351,607.4,1538.0
2024-12-05 12:50:00+00:00,607.42,607.43,607.42,607.43,1032.0
2024-12-05 12:55:00+00:00,607.46,607.57,607.46,607.57,3630.0
2024-12-05 13:00:00+00:00,607.42,607.57,607.19,607.43,23588.0
2024-12-05 13:05:00+00:00,607.43,607.43,607.31,607.34,3978.0
2024-12-05 13:10:00+00:00,607.32,607.43,607.3,607.41,7508.0
2024-12-05 13:15:00+00:00,607.36,607.38,607.27,607.35,3459.0
2024-12-05 13:20:00+00:00,607.31,607.31,607.24,607.241,5780.0
2024-12-05 13:25:00+00:00,607.24,607.48,607.24,607.48,6139.0
2024-12-05 13:30:00+00:00,607.4,607.6,607.32,607.46,17311.0
2024-12-05 13:35:00+00:00,607.48,607.5,607.38,607.43,1693.0
2024-12-05 13:40:00+00:00,607.32,607.35,607.32,607.32,2241.0
2024-12-05 13:45:00+00:00,607.24,607.28,607.16,607.2,8157.0
2024-12-05 13:50:00+00:00,607.15,607.26,607.03,607.2208,9886.0
2024-12-05 13:55:00+00:00,607.261,607.43,607.261,607.38,9173.0
2024-12-05 14:00:00+00:00,607.43,607.43,607.34,607.36,4176.0
2024-12-05 14:05:00+00:00,607.38,607.43,607.38,607.38,1272.0
2024-12-05 14:10:00+00:00,607.44,607.49,607.38,607.43,8261.0
2024-12-05 14:15:00+00:00,607.4,607.5436,607.4,607.5436,10024.0
2024-12-05 14:20:00+00:00,607.51,607.51,607.4,607.45,23901.0
2024-12-05 14:25:00+00:00,607.41,607.67,607.41,607.62,29580.0
2024-12-05 14:30:00+00:00,607.66,607.85,607.58,607.755,704611.0
2024-12-05 14:35:00+00:00,607.75,607.82,607.37,607.4981,413913.0
2024-12-05 14:40:00+00:00,607.48,607.66,607.37,607.635,279996.0
2024-12-05 14:45:00+00:00,607.65,607.78,607.53,607.5413,233350.0
2024-12-05 14:50:00+00:00,607.55,607.6,607.44,607.55,227707.0
2024-12-05 14:55:00+00:00,607.55,607.8,607.5,607.79,177898.0
2024-12-05 15:00:00+00:00,607.805,608.2,607.75,608.08,397756.0
2024-12-05 15:05:00+00:00,608.09,608.135,607.795,607.9206,239014.0
2024-12-05 15:10:00+00:00,607.92,607.92,607.52,607.54,228262.0
2024-12-05 15:15:00+00:00,607.53,607.78,607.47,607.635,187471.0
2024-12-05 15:20:00+00:00,607.65,607.67,607.14,607.2,293714.0
2024-12-05 15:25:00+00:00,607.2,607.3,607.11,607.11,217864.0
2024-12-05 15:30:00+00:00,607.1039,607.15,607.0353,607.125,247182.0
2024-12-05 15:35:00+00:00,607.12,607.15,606.8,606.88,272304.0
2024-12-05 15:40:00+00:00,606.885,607.2099,606.81,607.19,266692.0
2024-12-05 15:45:00+00:00,607.19,607.27,606.98,607.03,177403.0
2024-12-05 15:50:00+00:00,607.02,607.13,606.875,607.1087,149875.0
2024-12-05 15:55:00+00:00,607.105,607.105,606.945,606.95,328371.0
2024-12-05 16:00:00+00:00,606.95,607.135,606.88,606.93,127624.0
2024-12-05 16:05:00+00:00,606.92,607.03,606.8301,606.92,133356.0
2024-12-05 16:10:00+00:00,606.91,607.02,606.87,607.0,102342.0
2024-12-05 16:15:00+00:00,606.99,607.39,606.9501,607.31,285653.0
2024-12-05 16:20:00+00:00,607.31,607.5399,607.2815,607.51,287835.0
2024-12-05 16:25:00+00:00,607.51,607.71,607.45,607.63,215497.0
2024-12-05 16:30:00+00:00,607.64,607.64,607.415,607.44,221218.0
2024-12-05 16:35:00+00:00,607.445,607.5,607.33,607.405,222575.0
2024-12-05 16:40:00+00:00,607.405,607.5075,607.38,607.4201,126619.0
2024-12-05 16:45:00+00:00,607.43,607.53,607.37,607.44,103543.0
2024-12-05 16:50:00+00:00,607.47,607.58,607.45,607.48,140442.0
2024-12-05 16:55:00+00:00,607.485,607.7677,607.34,607.74,155616.0
2024-12-05 17:00:00+00:00,607.75,607.82,607.64,607.76,183329.0
2024-12-05 17:05:00+00:00,607.75,607.98,607.75,607.93,176551.0
2024-12-05 17:10:00+00:00,607.95,608.17,607.93,608.122,201054.0
2024-12-05 17:15:00+00:00,608.13,608.17,607.85,608.07,266693.0
2024-12-05 17:20:00+00:00,608.07,608.08,607.92,607.93,196021.0
2024-12-05 17:25:00+00:00,607.935,608.16,607.865,608.05,243878.0
2024-12-05 17:30:00+00:00,608.045,608.08,607.955,608.08,126679.0
2024-12-05 17:35:00+00:00,608.075,608.11,607.95,608.09,80716.0
2024-12-05 17:40:00+00:00,608.095,608.14,607.9717,608.055,114536.0
2024-12-05 17:45:00+00:00,608.055,608.33,608.0401,608.28,235077.0
2024-12-05 17:50:00+00:00,608.29,608.48,608.2401,608.3825,190721.0
2024-12-05 17:55:00+00:00,608.385,608.42,608.25,608.4099,138541.0
2024-12-05 18:00:00+00:00,608.41,608.4152,608.18,608.19,203294.0
2024-12-05 18:05:00+00:00,608.21,608.33,608.16,608.2499,98601.0
2024-12-05 18:10:00+00:00,608.245,608.2999,608.18,608.195,108709.0
2024-12-05 18:15:00+00:00,608.195,608.25,607.74,607.78,218502.0
2024-12-05 18:20:00+00:00,607.78,607.83,606.88,607.01,383758.0
2024-12-05 18:25:00+00:00,606.99,607.39,606.86,607.29,356392.0
2024-12-05 18:30:00+00:00,607.32,607.64,607.04,607.5949,217671.0
2024-12-05 18:35:00+00:00,607.5801,607.6999,607.47,607.6699,227615.0
2024-12-05 18:40:00+00:00,607.67,607.89,607.65,607.76,418864.0
2024-12-05 18:45:00+00:00,607.72,607.79,607.62,607.63,134016.0
2024-12-05 18:50:00+00:00,607.66,607.6799,607.32,607.43,262991.0
2024-12-05 18:55:00+00:00,607.41,607.4599,607.07,607.36,284008.0
2024-12-05 19:00:00+00:00,607.37,607.39,606.91,607.04,510112.0
2024-12-05 19:05:00+00:00,607.04,607.56,606.95,607.55,352155.0
2024-12-05 19:10:00+00:00,607.5501,607.57,607.24,607.35,207029.0
2024-12-05 19:15:00+00:00,607.35,607.46,607.3,607.3799,182725.0
2024-12-05 19:20:00+00:00,607.38,607.6599,607.37,607.59,255087.0
2024-12-05 19:25:00+00:00,607.59,607.6,607.1,607.1,253213.0
2024-12-05 19:30:00+00:00,607.0999,607.37,607.06,607.16,189184.0
2024-12-05 19:35:00+00:00,607.165,607.5,607.165,607.43,186624.0
2024-12-05 19:40:00+00:00,607.43,607.43,607.14,607.27,186653.0
2024-12-05 19:45:00+00:00,607.24,607.43,607.0601,607.165,290161.0
2024-12-05 19:50:00+00:00,607.165,607.2491,607.02,607.17,191153.0
2024-12-05 19:55:00+00:00,607.18,607.3,607.12,607.185,139324.0
2024-12-05 20:00:00+00:00,607.18,607.2,606.935,607.16,199159.0
2024-12-05 20:05:00+00:00,607.15,607.41,607.11,607.34,209665.0
2024-12-05 20:10:00+00:00,607.3301,607.35,606.92,607.0576,337410.0
2024-12-05 20:15:00+00:00,607.05,607.13,606.86,606.99,287389.0
2024-12-05 20:20:00+00:00,607.0074,607.22,606.92,606.9501,307068.0
2024-12-05 20:25:00+00:00,606.96,607.0,606.62,606.745,230172.0
2024-12-05 20:30:00+00:00,606.75,607.01,606.63,607.0,715817.0
2024-12-05 20:35:00+00:00,607.01,607.6161,606.99,607.21,2073918.0
2024-12-05 20:40:00+00:00,607.19,607.29,607.055,607.2799,335405.0
2024-12-05 20:45:00+00:00,607.27,607.385,607.11,607.18,537410.0
2024-12-05 20:50:00+00:00,607.2,607.3,606.61,606.71,1064408.0
2024-12-05 20:55:00+00:00,606.71,606.77,606.305,606.61,3175870.0
2024-12-05 21:00:00+00:00,606.63,606.66,606.18,606.26,681759.0
2024-12-05 21:05:00+00:00,606.28,606.38,606.11,606.13,109634.0
2024-12-05 21:10:00+00:00,606.13,606.18,606.02,606.11,353991.0
2024-12-05 21:15:00+00:00,606.13,606.17,605.91,605.98,853498.0
2024-12-05 21:20:00+00:00,605.98,606.14,605.95,606.13,29433.0
2024-12-05 21:25:00+00:00,606.14,606.3,606.14,606.28,167095.0
2024-12-05 21:30:00+00:00,606.29,606.39,606.29,606.3899,25679.0
2024-12-05 21:35:00+00:00,606.34,606.35,606.29,606.3,130538.0
2024-12-05 21:40:00+00:00,606.32,606.38,606.2606,606.35,21812.0
2024-12-05 21:45:00+00:00,606.36,606.38,606.3,606.3396,10286.0
2024-12-05 21:50:00+00:00,606.3,606.39,606.3,606.39,80490.0
2024-12-05 21:55:00+00:00,606.35,606.35,606.31,606.35,3627.0
2024-12-05 22:05:00+00:00,606.29,606.29,606.29,606.29,443.0
2024-12-05 22:10:00+00:00,606.32,606.32,606.29,606.3199,635.0
2024-12-05 22:15:00+00:00,606.3,606.3199,606.18,606.18,11944.0
2024-12-05 22:20:00+00:00,606.31,606.32,606.31,606.32,1441.0
2024-12-05 22:25:00+00:00,606.26,606.28,606.15,606.16,20475.0
2024-12-05 22:30:00+00:00,606.24,606.24,606.24,606.24,1086.0
2024-12-05 22:35:00+00:00,606.24,606.3,606.24,606.25,4776.0
2024-12-05 22:45:00+00:00,606.3,606.3,606.2995,606.2995,835.0
2024-12-05 22:50:00+00:00,606.29,606.3,606.26,606.3,2849.0
2024-12-05 22:55:00+00:00,606.28,606.29,606.28,606.29,2682.0
2024-12-05 23:00:00+00:00,606.25,606.29,606.05,606.05,26525.0
2024-12-05 23:05:00+00:00,606.02,606.02,605.76,605.76,20543.0
2024-12-05 23:10:00+00:00,605.83,606.12,605.83,606.06,6626.0
2024-12-05 23:15:00+00:00,606.03,606.03,606.03,606.03,217.0
2024-12-05 23:20:00+00:00,606.06,606.06,606.0,606.02,7037.0
2024-12-05 23:25:00+00:00,606.15,606.15,606.15,606.15,1147.0
2024-12-05 23:30:00+00:00,606.17,606.19,606.14,606.18,1728.0
2024-12-05 23:35:00+00:00,606.0025,606.0025,606.0025,606.0025,203.0
2024-12-05 23:40:00+00:00,606.17,606.17,606.11,606.12,5878.0
2024-12-05 23:45:00+00:00,606.2,606.21,606.19,606.21,1096.0
2024-12-05 23:50:00+00:00,606.2,606.2,606.18,606.18,1421.0
2024-12-05 23:55:00+00:00,606.19,606.19,606.15,606.18,5876.0
2024-12-06 00:00:00+00:00,606.12,606.12,606.03,606.07,6219.0
2024-12-06 00:05:00+00:00,606.04,606.04,605.88,605.88,1688.0
2024-12-06 00:10:00+00:00,606.0,606.04,606.0,606.02,2198.0
2024-12-06 00:15:00+00:00,606.04,606.12,606.04,606.12,4679.0
2024-12-06 00:20:00+00:00,606.0903,606.14,606.04,606.04,456.0
2024-12-06 00:25:00+00:00,606.09,606.09,606.09,606.09,115.0
2024-12-06 00:30:00+00:00,606.09,606.0985,606.07,606.07,736.0
2024-12-06 00:35:00+00:00,606.0,606.0,606.0,606.0,221.0
2024-12-06 00:40:00+00:00,606.09,606.09,606.08,606.08,1286.0
2024-12-06 00:45:00+00:00,606.0601,606.12,606.0601,606.12,899.0
2024-12-06 00:50:00+00:00,606.09,606.09,606.09,606.09,223.0
2024-12-06 00:55:00+00:00,606.02,606.22,606.02,606.22,20747.0
2024-12-06 09:00:00+00:00,606.39,606.75,606.39,606.61,10651.0
2024-12-06 09:05:00+00:00,606.63,606.63,606.48,606.48,3787.0
2024-12-06 09:10:00+00:00,606.48,606.48,606.4,606.4,2186.0
2024-12-06 09:15:00+00:00,606.5,606.5,606.36,606.39,1384.0
2024-12-06 09:20:00+00:00,606.45,606.45,606.45,606.45,102.0
2024-12-06 09:25:00+00:00,606.57,606.59,606.57,606.59,799.0
2024-12-06 09:35:00+00:00,606.53,606.6,606.53,606.6,1384.0
2024-12-06 09:45:00+00:00,606.62,606.62,606.62,606.62,510.0
2024-12-06 09:50:00+00:00,606.68,606.68,606.57,606.57,258.0
2024-12-06 09:55:00+00:00,606.5,606.5,606.5,606.5,501.0
2024-12-06 10:05:00+00:00,606.39,606.39,606.39,606.39,228.0
2024-12-06 10:10:00+00:00,606.37,606.37,606.3,606.3,2017.0
2024-12-06 10:15:00+00:00,606.38,606.38,606.34,606.35,2394.0
2024-12-06 10:20:00+00:00,606.44,606.44,606.44,606.44,391.0
2024-12-06 10:30:00+00:00,606.5,606.5,606.5,606.5,673.0
2024-12-06 10:45:00+00:00,606.43,606.43,606.43,606.43,281.0
2024-12-06 10:55:00+00:00,606.08,606.08,606.07,606.07,1084.0
2024-12-06 11:10:00+00:00,606.19,606.19,606.15,606.17,569.0
2024-12-06 11:15:00+00:00,606.12,606.14,606.12,606.14,2299.0
2024-12-06 11:20:00+00:00,606.02,606.02,605.85,605.96,5933.0
2024-12-06 11:25:00+00:00,606.03,606.03,606.03,606.03,337.0
2024-12-06 11:30:00+00:00,606.07,606.08,606.07,606.08,459.0
2024-12-06 11:35:00+00:00,606.19,606.2,606.19,606.2,799.0
2024-12-06 11:40:00+00:00,606.13,606.13,605.95,605.95,1310.0
2024-12-06 11:50:00+00:00,606.2,606.2,606.2,606.2,515.0
2024-12-06 11:55:00+00:00,606.26,606.26,606.26,606.26,206.0
2024-12-06 12:00:00+00:00,606.23,606.26,606.23,606.26,1203.0
2024-12-06 12:05:00+00:00,606.4,606.4,606.4,606.4,1789.0
2024-12-06 12:10:00+00:00,606.44,606.49,606.4,606.49,8569.0
2024-12-06 12:15:00+00:00,606.5,606.51,606.4,606.4,4444.0
2024-12-06 12:20:00+00:00,606.5,606.65,606.5,606.6,8472.0
2024-12-06 12:25:00+00:00,606.63,606.66,606.59,606.66,1943.0
2024-12-06 12:30:00+00:00,606.49,606.51,606.41,606.51,7857.0
2024-12-06 12:35:00+00:00,606.51,606.51,606.42,606.48,1329.0
2024-12-06 12:40:00+00:00,606.41,606.45,606.4,606.45,6452.0
2024-12-06 12:45:00+00:00,606.5,606.5,606.42,606.42,2558.0
2024-12-06 12:50:00+00:00,606.43,606.48,606.43,606.45,3195.0
2024-12-06 12:55:00+00:00,606.37,606.42,606.34,606.38,2467.0
2024-12-06 13:00:00+00:00,606.4,606.6594,606.2,606.51,23757.0
2024-12-06 13:05:00+00:00,606.57,606.57,606.43,606.48,6987.0
2024-12-06 13:10:00+00:00,606.43,606.44,606.38,606.44,7801.0
2024-12-06 13:15:00+00:00,606.41,606.46,606.34,606.34,10766.0
2024-12-06 13:20:00+00:00,606.39,606.3909,606.12,606.33,14551.0
2024-12-06 13:25:00+00:00,606.34,606.48,606.1606,606.43,35103.0
2024-12-06 13:30:00+00:00,606.5,607.82,605.74,607.53,251506.0
2024-12-06 13:35:00+00:00,607.5,608.06,607.29,608.03,49019.0
2024-12-06 13:40:00+00:00,608.0,608.0,607.41,607.53,39381.0
2024-12-06 13:45:00+00:00,607.57,607.78,607.33,607.3901,32291.0
2024-12-06 13:50:00+00:00,607.4,607.51,607.3,607.4,24360.0
2024-12-06 13:55:00+00:00,607.49,607.6589,607.49,607.5,16722.0
2024-12-06 14:00:00+00:00,607.51,607.81,607.51,607.76,19559.0
2024-12-06 14:05:00+00:00,607.82,607.82,607.55,607.75,12227.0
2024-12-06 14:10:00+00:00,607.74,607.91,607.74,607.87,20812.0
2024-12-06 14:15:00+00:00,607.87,607.87,607.59,607.6801,22165.0
2024-12-06 14:20:00+00:00,607.64,607.64,607.43,607.47,37767.0
2024-12-06 14:25:00+00:00,607.47,607.73,607.33,607.42,52211.0
2024-12-06 14:30:00+00:00,607.44,608.3,607.34,608.1802,1092107.0
2024-12-06 14:35:00+00:00,608.19,608.29,607.95,608.24,369005.0
2024-12-06 14:40:00+00:00,608.24,608.27,608.01,608.2,230598.0
2024-12-06 14:45:00+00:00,608.2,608.92,608.15,608.77,479354.0
2024-12-06 14:50:00+00:00,608.81,609.03,608.53,608.86,345800.0
2024-12-06 14:55:00+00:00,608.85,609.04,608.55,608.98,292222.0
2024-12-06 15:00:00+00:00,608.975,609.07,608.521,608.56,304483.0
2024-12-06 15:05:00+00:00,608.57,608.8684,608.43,608.78,263809.0
2024-12-06 15:10:00+00:00,608.78,609.0599,608.5,608.625,282665.0
2024-12-06 15:15:00+00:00,608.625,609.0,608.54,608.9075,201473.0
2024-12-06 15:20:00+00:00,608.9001,608.92,608.59,608.61,181897.0
2024-12-06 15:25:00+00:00,608.6,608.95,608.58,608.88,150013.0
2024-12-06 15:30:00+00:00,608.88,608.88,608.61,608.6501,162957.0
2024-12-06 15:35:00+00:00,608.67,608.977,608.62,608.84,520961.0
2024-12-06 15:40:00+00:00,608.8401,608.85,608.6001,608.6099,824718.0
2024-12-06 15:45:00+00:00,608.605,608.69,608.46,608.64,177681.0
2024-12-06 15:50:00+00:00,608.6499,608.7004,608.235,608.4,266595.0
2024-12-06 15:55:00+00:00,608.43,608.75,608.41,608.7,143157.0
2024-12-06 16:00:00+00:00,608.71,608.7499,608.42,608.5,317386.0
2024-12-06 16:05:00+00:00,608.505,608.69,608.01,608.21,275807.0
2024-12-06 16:10:00+00:00,608.2101,608.28,607.56,607.88,261146.0
2024-12-06 16:15:00+00:00,607.8525,608.18,607.77,607.78,208699.0
2024-12-06 16:20:00+00:00,607.8,607.86,607.58,607.75,495507.0
2024-12-06 16:25:00+00:00,607.77,608.07,607.69,608.0,424607.0
2024-12-06 16:30:00+00:00,607.99,608.26,607.93,608.1359,162940.0
2024-12-06 16:35:00+00:00,608.14,608.26,608.05,608.15,137162.0
2024-12-06 16:40:00+00:00,608.14,608.29,608.055,608.1599,187854.0
2024-12-06 16:45:00+00:00,608.16,608.16,607.74,607.785,207217.0
2024-12-06 16:50:00+00:00,607.785,607.989,607.745,607.84,205765.0
2024-12-06 16:55:00+00:00,607.84,608.01,607.8,607.815,303582.0
2024-12-06 17:00:00+00:00,607.82,607.86,607.33,607.3801,302229.0
2024-12-06 17:05:00+00:00,607.38,607.67,607.32,607.6199,154406.0
2024-12-06 17:10:00+00:00,607.598,607.6538,607.38,607.515,230314.0
2024-12-06 17:15:00+00:00,607.52,607.71,607.42,607.45,368221.0
2024-12-06 17:20:00+00:00,607.4538,607.8,607.44,607.57,133113.0
2024-12-06 17:25:00+00:00,607.56,607.7899,607.52,607.6999,260854.0
2024-12-06 17:30:00+00:00,607.7,607.74,607.3429,607.409,145623.0
2024-12-06 17:35:00+00:00,607.38,607.4999,607.33,607.38,108325.0
2024-12-06 17:40:00+00:00,607.39,607.4099,607.06,607.25,147572.0
2024-12-06 17:45:00+00:00,607.25,607.43,607.16,607.385,107289.0
2024-12-06 17:50:00+00:00,607.38,607.6,607.32,607.57,146264.0
2024-12-06 17:55:00+00:00,607.56,607.64,607.3,607.36,154407.0
2024-12-06 18:00:00+00:00,607.355,607.7499,607.3,607.71,156446.0
2024-12-06 18:05:00+00:00,607.68,608.14,607.68,608.06,191749.0
2024-12-06 18:10:00+00:00,608.07,608.2501,608.0252,608.16,154789.0
2024-12-06 18:15:00+00:00,608.17,608.34,608.14,608.28,217961.0
2024-12-06 18:20:00+00:00,608.28,608.39,608.2501,608.27,110036.0
2024-12-06 18:25:00+00:00,608.27,608.275,608.0615,608.065,112457.0
2024-12-06 18:30:00+00:00,608.065,608.0663,607.61,607.68,205417.0
2024-12-06 18:35:00+00:00,607.69,607.93,607.63,607.82,159940.0
2024-12-06 18:40:00+00:00,607.81,607.88,607.57,607.65,128600.0
2024-12-06 18:45:00+00:00,607.69,607.9,607.64,607.87,91628.0
2024-12-06 18:50:00+00:00,607.91,608.02,607.77,607.96,113576.0
2024-12-06 18:55:00+00:00,607.98,608.06,607.95,608.04,83541.0
2024-12-06 19:00:00+00:00,608.03,608.06,607.7039,607.72,254216.0
2024-12-06 19:05:00+00:00,607.72,607.77,607.4107,607.49,171386.0
2024-12-06 19:10:00+00:00,607.48,607.485,607.03,607.303,460912.0
2024-12-06 19:15:00+00:00,607.3,607.315,607.05,607.18,590405.0
2024-12-06 19:20:00+00:00,607.18,607.38,607.115,607.13,284737.0
2024-12-06 19:25:00+00:00,607.1211,607.2699,607.08,607.125,269637.0
2024-12-06 19:30:00+00:00,607.13,607.2899,607.02,607.24,395408.0
2024-12-06 19:35:00+00:00,607.24,607.3199,607.175,607.24,292450.0
2024-12-06 19:40:00+00:00,607.23,607.44,607.15,607.39,181795.0
2024-12-06 19:45:00+00:00,607.4,607.6,607.36,607.49,166776.0
2024-12-06 19:50:00+00:00,607.4901,607.65,607.46,607.535,175181.0
2024-12-06 19:55:00+00:00,607.53,607.55,607.3,607.34,337940.0
2024-12-06 20:00:00+00:00,607.32,607.41,607.14,607.36,153930.0
2024-12-06 20:05:00+00:00,607.36,607.48,607.3,607.43,186691.0
2024-12-06 20:10:00+00:00,607.42,607.66,607.415,607.5925,172826.0
2024-12-06 20:15:00+00:00,607.6,607.66,607.49,607.6208,785339.0
2024-12-06 20:20:00+00:00,607.62,607.7499,607.53,607.6217,231623.0
2024-12-06 20:25:00+00:00,607.62,607.64,607.4024,607.615,497358.0
2024-12-06 20:30:00+00:00,607.62,607.72,607.5501,607.64,350184.0
2024-12-06 20:35:00+00:00,607.64,607.7,607.45,607.55,409679.0
2024-12-06 20:40:00+00:00,607.56,607.63,607.525,607.6,260624.0
2024-12-06 20:45:00+00:00,607.62,607.83,607.61,607.65,789777.0
2024-12-06 20:50:00+00:00,607.65,607.94,607.52,607.775,744336.0
2024-12-06 20:55:00+00:00,607.775,608.12,607.74,607.88,2107613.0
2024-12-06 21:00:00+00:00,607.89,607.96,607.72,607.75,582317.0
2024-12-06 21:05:00+00:00,607.74,607.88,607.7,607.84,242810.0
2024-12-06 21:10:00+00:00,607.83,607.85,607.75,607.78,1114873.0
2024-12-06 21:15:00+00:00,607.79,607.88,607.79,607.81,345009.0
2024-12-06 21:20:00+00:00,607.76,608.065,606.5454,607.64,1792198.0
2024-12-06 21:25:00+00:00,607.65,607.7,607.6,607.63,69128.0
2024-12-06 21:30:00+00:00,607.6,607.6404,607.59,607.61,45768.0
2024-12-06 21:35:00+00:00,607.61,607.65,607.46,607.64,315714.0
2024-12-06 21:40:00+00:00,607.63,607.64,607.63,607.64,336389.0
2024-12-06 21:45:00+00:00,607.59,607.64,607.59,607.64,68754.0
2024-12-06 21:50:00+00:00,607.62,607.66,607.62,607.66,4224.0
2024-12-06 21:55:00+00:00,607.66,607.66,607.6,607.6,11775.0
2024-12-06 22:00:00+00:00,607.65,607.66,607.65,607.65,1088.0
2024-12-06 22:05:00+00:00,607.6501,607.6501,607.6501,607.6501,135.0
2024-12-06 22:10:00+00:00,607.81,607.85,607.7,607.85,13884.0
2024-12-06 22:15:00+00:00,607.85,607.86,607.46,607.55,25583.0
2024-12-06 22:20:00+00:00,607.47,607.63,607.47,607.6,4368.0
2024-12-06 22:25:00+00:00,607.65,607.68,607.65,607.68,2101.0
2024-12-06 22:30:00+00:00,607.68,607.7,607.68,607.7,1645.0
2024-12-06 22:35:00+00:00,607.75,607.75,607.63,607.63,2182.0
2024-12-06 22:40:00+00:00,607.63,607.63,607.59,607.6,3796.0
2024-12-06 22:45:00+00:00,607.59,607.59,607.57,607.58,7979.0
2024-12-06 22:50:00+00:00,607.52,607.52,607.42,607.42,9588.0
2024-12-06 22:55:00+00:00,607.45,607.55,607.4,607.45,7639.0
2024-12-06 23:00:00+00:00,607.45,607.45,607.3791,607.38,4956.0
2024-12-06 23:05:00+00:00,607.38,607.38,607.34,607.34,3804.0
2024-12-06 23:10:00+00:00,607.32,607.3523,607.3,607.3523,4463.0
2024-12-06 23:15:00+00:00,607.37,607.37,607.36,607.36,6755.0
2024-12-06 23:20:00+00:00,607.37,607.37,607.36,607.36,1388.0
2024-12-06 23:25:00+00:00,607.35,607.35,607.34,607.34,774.0
2024-12-06 23:30:00+00:00,607.32,607.32,607.32,607.32,175.0
2024-12-06 23:35:00+00:00,607.32,607.32,607.3,607.3,5226.0
2024-12-06 23:40:00+00:00,607.27,607.27,607.2,607.26,6012.0
2024-12-06 23:45:00+00:00,607.26,607.26,607.26,607.26,696.0
2024-12-06 23:50:00+00:00,607.24,607.24,607.22,607.22,1074.0
2024-12-06 23:55:00+00:00,607.2199,607.22,607.2007,607.22,1079.0
2024-12-07 00:00:00+00:00,607.22,607.22,607.21,607.22,2602.0
2024-12-07 00:05:00+00:00,607.21,607.22,607.2004,607.22,2738.0
2024-12-07 00:10:00+00:00,607.22,607.22,607.22,607.22,600.0
2024-12-07 00:15:00+00:00,607.21,607.22,607.21,607.22,836.0
2024-12-07 00:20:00+00:00,607.21,607.21,607.21,607.21,2593.0
2024-12-07 00:25:00+00:00,607.21,607.21,607.21,607.21,727.0
2024-12-07 00:30:00+00:00,607.25,607.3,607.25,607.3,1108.0
2024-12-07 00:35:00+00:00,607.35,607.35,607.33,607.33,1525.0
2024-12-07 00:40:00+00:00,607.35,607.35,607.35,607.35,502.0
2024-12-07 00:45:00+00:00,607.38,607.38,607.3,607.36,4186.0
2024-12-07 00:50:00+00:00,607.26,607.3599,607.26,607.3,3905.0
2024-12-07 00:55:00+00:00,607.37,607.37,607.37,607.37,353.0
2024-12-09 09:00:00+00:00,608.5,608.5,608.17,608.24,3896.0
2024-12-09 09:05:00+00:00,608.26,608.26,608.11,608.15,3091.0
2024-12-09 09:10:00+00:00,608.03,608.2,608.02,608.2,1649.0
2024-12-09 09:15:00+00:00,608.17,608.21,608.1,608.21,1145.0
2024-12-09 09:20:00+00:00,607.96,608.06,607.92,608.04,5115.0
2024-12-09 09:25:00+00:00,608.0,608.06,607.97,607.99,1106.0
2024-12-09 09:30:00+00:00,607.88,607.92,607.88,607.92,613.0
2024-12-09 09:35:00+00:00,607.86,607.86,607.8,607.8,1001.0
2024-12-09 09:45:00+00:00,607.87,607.87,607.83,607.83,505.0
2024-12-09 09:50:00+00:00,607.81,607.81,607.73,607.79,914.0
2024-12-09 09:55:00+00:00,607.66,607.73,607.62,607.68,3527.0
2024-12-09 10:00:00+00:00,607.68,607.74,607.68,607.69,1511.0
2024-12-09 10:05:00+00:00,607.7,607.7,607.69,607.69,390.0
2024-12-09 10:10:00+00:00,607.65,607.65,607.55,607.56,3648.0
2024-12-09 10:15:00+00:00,607.61,607.61,607.4,607.47,2364.0
2024-12-09 10:20:00+00:00,607.52,607.52,607.5,607.5,303.0
2024-12-09 10:25:00+00:00,607.56,607.56,607.53,607.54,2406.0
2024-12-09 10:30:00+00:00,607.58,607.62,607.58,607.61,1106.0
2024-12-09 10:35:00+00:00,607.6,607.61,607.56,607.56,628.0
2024-12-09 10:45:00+00:00,607.41,607.47,607.41,607.44,1422.0
2024-12-09 10:50:00+00:00,607.43,607.58,607.43,607.57,2318.0
2024-12-09 10:55:00+00:00,607.56,607.56,607.54,607.54,2238.0
2024-12-09 11:00:00+00:00,607.7,607.7,607.47,607.48,8769.0
2024-12-09 11:05:00+00:00,607.36,607.36,607.29,607.29,3944.0
2024-12-09 11:10:00+00:00,607.2,607.29,607.19,607.29,1833.0
2024-12-09 11:15:00+00:00,607.31,607.33,607.31,607.33,814.0
2024-12-09 11:20:00+00:00,607.49,607.49,607.49,607.49,136.0
2024-12-09 11:25:00+00:00,607.49,607.49,607.49,607.49,121.0
2024-12-09 11:30:00+00:00,607.45,607.47,607.1,607.13,5962.0
2024-12-09 11:35:00+00:00,607.13,607.31,607.0,607.17,5362.0
2024-12-09 11:40:00+00:00,607.29,607.38,607.19,607.19,1936.0
2024-12-09 11:45:00+00:00,607.4,607.4,607.4,607.4,263.0
2024-12-09 11:50:00+00:00,607.45,607.45,607.44,607.44,1414.0
2024-12-09 12:00:00+00:00,607.57,607.65,607.57,607.64,4504.0
2024-12-09 12:05:00+00:00,607.66,607.66,607.57,607.62,2517.0
2024-12-09 12:10:00+00:00,607.64,607.66,607.6,607.6,2296.0
2024-12-09 12:15:00+00:00,607.62,607.62,607.5,607.53,3029.0
2024-12-09 12:20:00+00:00,607.53,607.61,607.53,607.61,5095.0
2024-12-09 12:25:00+00:00,607.62,607.78,607.62,607.78,5447.0
2024-12-09 12:30:00+00:00,607.8,607.92,607.8,607.9,4759.0
2024-12-09 12:35:00+00:00,607.83,607.84,607.75,607.84,2911.0
2024-12-09 12:40:00+00:00,607.8,607.8,607.7,607.7,1527.0
2024-12-09 12:45:00+00:00,607.7,607.7,607.61,607.65,1801.0
2024-12-09 12:50:00+00:00,607.54,607.75,607.54,607.75,5938.0
2024-12-09 12:55:00+00:00,607.76,607.77,607.74,607.74,4560.0
2024-12-09 13:00:00+00:00,607.5546,608.52,607.5005,607.62,24721.0
2024-12-09 13:05:00+00:00,607.64,607.66,607.59,607.65,6651.0
2024-12-09 13:10:00+00:00,607.65,607.65,607.541,607.57,9598.0
2024-12-09 13:15:00+00:00,607.59,607.62,607.52,607.62,11473.0
2024-12-09 13:20:00+00:00,607.6,607.67,607.58,607.62,10899.0
2024-12-09 13:25:00+00:00,607.6,607.72,607.6,607.72,6577.0
2024-12-09 13:30:00+00:00,607.7206,607.7206,607.65,607.7,4602.0
2024-12-09 13:35:00+00:00,607.661,607.79,607.58,607.76,15738.0
2024-12-09 13:40:00+00:00,607.78,607.82,607.78,607.82,7034.0
2024-12-09 13:45:00+00:00,607.8,607.87,607.8,607.86,5133.0
2024-12-09 13:50:00+00:00,607.84,607.86,607.73,607.73,5065.0
2024-12-09 13:55:00+00:00,607.75,607.83,607.72,607.72,3155.0
2024-12-09 14:00:00+00:00,607.67,607.74,607.67,607.7397,2594.0
2024-12-09 14:05:00+00:00,607.64,607.64,607.64,607.64,2051.0
2024-12-09 14:10:00+00:00,607.64,607.66,607.53,607.54,8955.0
2024-12-09 14:15:00+00:00,607.64,607.83,607.62,607.79,3738.0
2024-12-09 14:20:00+00:00,607.811,607.94,607.78,607.81,18614.0
2024-12-09 14:25:00+00:00,607.77,607.91,607.69,607.69,32740.0
2024-12-09 14:30:00+00:00,607.69,607.86,607.28,607.4125,894833.0
2024-12-09 14:35:00+00:00,607.43,607.585,607.29,607.375,315646.0
2024-12-09 14:40:00+00:00,607.37,607.42,607.2,607.32,295046.0
2024-12-09 14:45:00+00:00,607.33,607.57,607.3101,607.52,336345.0
2024-12-09 14:50:00+00:00,607.52,607.56,607.3,607.44,272860.0
2024-12-09 14:55:00+00:00,607.445,607.5499,607.33,607.46,255735.0
2024-12-09 15:00:00+00:00,607.48,607.58,607.39,607.44,233978.0
2024-12-09 15:05:00+00:00,607.45,607.5065,607.22,607.22,212018.0
2024-12-09 15:10:00+00:00,607.21,607.33,607.095,607.2201,302334.0
2024-12-09 15:15:00+00:00,607.225,607.235,606.78,606.93,494434.0
2024-12-09 15:20:00+00:00,606.935,607.13,606.76,606.775,261197.0
2024-12-09 15:25:00+00:00,606.77,606.81,606.18,606.3775,618695.0
2024-12-09 15:30:00+00:00,606.3699,606.64,606.22,606.265,469985.0
2024-12-09 15:35:00+00:00,606.265,606.36,605.84,606.05,445143.0
2024-12-09 15:40:00+00:00,606.03,606.48,605.93,605.98,519577.0
2024-12-09 15:45:00+00:00,605.96,606.09,605.3,605.47,531725.0
2024-12-09 15:50:00+00:00,605.4794,605.6535,605.26,605.47,375351.0
2024-12-09 15:55:00+00:00,605.46,605.505,605.31,605.38,196560.0
2024-12-09 16:00:00+00:00,605.38,605.61,604.98,605.3099,482909.0
2024-12-09 16:05:00+00:00,605.315,605.4,604.65,604.67,427469.0
2024-12-09 16:10:00+00:00,604.68,605.2,604.61,605.105,660366.0
2024-12-09 16:15:00+00:00,605.11,605.49,605.025,605.47,305237.0
2024-12-09 16:20:00+00:00,605.4599,605.68,605.42,605.585,306599.0
2024-12-09 16:25:00+00:00,605.6,605.9,605.49,605.785,288967.0
2024-12-09 16:30:00+00:00,605.78,605.975,605.75,605.95,281456.0
2024-12-09 16:35:00+00:00,605.945,605.945,605.4804,605.59,223112.0
2024-12-09 16:40:00+00:00,605.58,605.79,605.47,605.56,179033.0
2024-12-09 16:45:00+00:00,605.57,605.785,605.57,605.7,166958.0
2024-12-09 16:50:00+00:00,605.7099,606.06,605.7,605.92,208849.0
2024-12-09 16:55:00+00:00,605.91,606.125,605.87,606.01,222746.0
2024-12-09 17:00:00+00:00,606.01,606.06,605.69,605.72,134002.0
2024-12-09 17:05:00+00:00,605.705,605.86,605.43,605.8,160075.0
2024-12-09 17:10:00+00:00,605.8,605.89,605.69,605.7,95946.0
2024-12-09 17:15:00+00:00,605.7,605.74,605.49,605.65,104074.0
2024-12-09 17:20:00+00:00,605.655,605.67,605.4118,605.5003,144499.0
2024-12-09 17:25:00+00:00,605.505,605.6617,605.2732,605.61,164830.0
2024-12-09 17:30:00+00:00,605.58,605.58,605.3499,605.47,100858.0
2024-12-09 17:35:00+00:00,605.45,605.755,605.395,605.755,153977.0
2024-12-09 17:40:00+00:00,605.755,605.92,605.72,605.815,97842.0
2024-12-09 17:45:00+00:00,605.815,605.92,605.67,605.905,97256.0
2024-12-09 17:50:00+00:00,605.9087,606.07,605.7,605.77,141814.0
2024-12-09 17:55:00+00:00,605.7697,605.7697,605.325,605.3499,111930.0
2024-12-09 18:00:00+00:00,605.335,605.35,605.04,605.22,164012.0
2024-12-09 18:05:00+00:00,605.23,605.4599,605.19,605.25,126779.0
2024-12-09 18:10:00+00:00,605.27,605.55,605.2,605.4801,150558.0
2024-12-09 18:15:00+00:00,605.485,605.58,605.42,605.45,137418.0
2024-12-09 18:20:00+00:00,605.475,605.655,605.41,605.55,100196.0
2024-12-09 18:25:00+00:00,605.5497,605.795,605.54,605.725,136779.0
2024-12-09 18:30:00+00:00,605.72,605.81,605.625,605.77,115743.0
2024-12-09 18:35:00+00:00,605.76,606.15,605.755,606.07,170897.0
2024-12-09 18:40:00+00:00,606.06,606.1309,605.9501,606.11,197360.0
2024-12-09 18:45:00+00:00,606.1,606.4,606.05,606.36,181446.0
2024-12-09 18:50:00+00:00,606.37,606.43,606.09,606.15,190655.0
2024-12-09 18:55:00+00:00,606.145,606.18,605.94,606.01,186428.0
2024-12-09 19:00:00+00:00,606.01,606.01,605.44,605.4791,288508.0
2024-12-09 19:05:00+00:00,605.47,605.71,605.34,605.68,191818.0
2024-12-09 19:10:00+00:00,605.681,605.681,605.51,605.5335,123506.0
2024-12-09 19:15:00+00:00,605.53,605.6,605.36,605.36,135623.0
2024-12-09 19:20:00+00:00,605.36,605.4579,605.24,605.42,221853.0
2024-12-09 19:25:00+00:00,605.42,605.525,605.25,605.37,238704.0
2024-12-09 19:30:00+00:00,605.37,605.44,605.21,605.271,187054.0
2024-12-09 19:35:00+00:00,605.27,605.35,605.22,605.24,103352.0
2024-12-09 19:40:00+00:00,605.23,605.24,604.66,604.93,316388.0
2024-12-09 19:45:00+00:00,604.92,604.96,604.735,604.8419,264269.0
2024-12-09 19:50:00+00:00,604.84,604.89,604.51,604.8499,341665.0
2024-12-09 19:55:00+00:00,604.84,605.09,604.83,604.99,356409.0
2024-12-09 20:00:00+00:00,605.0,605.07,604.5844,604.69,247256.0
2024-12-09 20:05:00+00:00,604.6997,604.72,604.5,604.65,224674.0
2024-12-09 20:10:00+00:00,604.6599,604.73,604.39,604.575,774576.0
2024-12-09 20:15:00+00:00,604.58,604.775,604.47,604.66,658695.0
2024-12-09 20:20:00+00:00,604.64,604.74,604.37,604.4379,367641.0
2024-12-09 20:25:00+00:00,604.43,604.52,604.32,604.46,623028.0
2024-12-09 20:30:00+00:00,604.46,604.79,604.45,604.515,510696.0
2024-12-09 20:35:00+00:00,604.52,604.62,604.39,604.39,663799.0
2024-12-09 20:40:00+00:00,604.4,604.5294,604.3,604.34,580570.0
2024-12-09 20:45:00+00:00,604.345,604.44,604.13,604.43,949117.0
2024-12-09 20:50:00+00:00,604.43,604.66,604.2,604.21,1017354.0
2024-12-09 20:55:00+00:00,604.2,604.79,604.08,604.66,5545741.0
2024-12-09 21:00:00+00:00,604.64,604.68,604.42,604.46,605704.0
2024-12-09 21:05:00+00:00,604.4605,604.4605,604.0801,604.18,120549.0
2024-12-09 21:10:00+00:00,604.21,604.29,604.19,604.21,698301.0
2024-12-09 21:15:00+00:00,604.21,604.28,604.17,604.2495,538692.0
2024-12-09 21:20:00+00:00,604.22,604.37,604.17,604.37,46321.0
2024-12-09 21:25:00+00:00,604.36,604.36,604.2408,604.32,28078.0
2024-12-09 21:30:00+00:00,604.32,604.33,604.28,604.33,263762.0
2024-12-09 21:35:00+00:00,604.34,604.4,604.34,604.38,561787.0
2024-12-09 21:40:00+00:00,604.4,604.42,604.32,604.3208,65847.0
2024-12-09 21:45:00+00:00,604.34,604.4,604.34,604.4,7118.0
2024-12-09 21:50:00+00:00,604.42,604.43,604.39,604.43,4031.0
2024-12-09 21:55:00+00:00,604.43,604.53,604.43,604.47,7922.0
2024-12-09 22:00:00+00:00,604.39,604.39,604.37,604.37,1334.0
2024-12-09 22:05:00+00:00,604.46,604.49,604.44,604.44,4231.0
2024-12-09 22:10:00+00:00,604.4,604.4,604.35,604.4,10194.0
2024-12-09 22:15:00+00:00,604.4,604.46,604.39,604.45,3556.0
2024-12-09 22:20:00+00:00,604.46,604.46,604.459,604.46,1058.0
2024-12-09 22:25:00+00:00,604.46,604.46,604.4,604.41,1821.0
2024-12-09 22:35:00+00:00,604.4,604.4,604.4,604.4,266.0
2024-12-09 22:40:00+00:00,604.4,604.55,604.4,604.55,35680.0
2024-12-09 22:45:00+00:00,604.55,604.78,604.55,604.78,100426.0
2024-12-09 22:50:00+00:00,604.75,604.78,604.6,604.64,23391.0
2024-12-09 22:55:00+00:00,604.6,604.65,604.52,604.62,25139.0
2024-12-09 23:00:00+00:00,604.56,604.59,604.35,604.37,66886.0
2024-12-09 23:05:00+00:00,604.38,604.38,604.35,604.38,13094.0
2024-12-09 23:10:00+00:00,604.38,604.38,604.21,604.26,11441.0
2024-12-09 23:15:00+00:00,604.25,604.25,604.18,604.18,6080.0
2024-12-09 23:20:00+00:00,604.27,604.27,604.16,604.16,917.0
2024-12-09 23:25:00+00:00,604.28,604.43,604.28,604.35,2130.0
2024-12-09 23:30:00+00:00,604.42,604.42,604.42,604.42,183.0
2024-12-09 23:35:00+00:00,604.2,604.2,604.2,604.2,515.0
2024-12-09 23:45:00+00:00,604.22,604.38,604.22,604.38,4889.0
2024-12-09 23:50:00+00:00,604.35,604.4,604.35,604.4,333.0
2024-12-09 23:55:00+00:00,604.32,604.32,604.3,604.3,10121.0
2024-12-10 00:00:00+00:00,604.25,604.3,604.21,604.27,4672.0
2024-12-10 00:05:00+00:00,604.21,604.21,604.21,604.21,367.0
2024-12-10 00:10:00+00:00,604.24,604.24,604.21,604.21,734.0
2024-12-10 00:15:00+00:00,604.22,604.25,604.22,604.25,642.0
2024-12-10 00:20:00+00:00,604.23,604.24,604.2,604.24,1107.0
2024-12-10 00:25:00+00:00,604.2,604.2,604.19,604.19,1249.0
2024-12-10 00:30:00+00:00,604.3,604.3,604.3,604.3,130.0
2024-12-10 00:35:00+00:00,604.31,604.31,604.31,604.31,268.0
2024-12-10 00:40:00+00:00,604.3,604.3,604.26,604.3,1371.0
2024-12-10 00:45:00+00:00,604.3,604.3,604.3,604.3,552.0
2024-12-10 00:50:00+00:00,604.37,604.37,604.32,604.32,1501.0
2024-12-10 00:55:00+00:00,604.34,604.45,604.33,604.42,12020.0
2024-12-10 09:00:00+00:00,604.5,604.5,604.09,604.15,2467.0
2024-12-10 09:10:00+00:00,604.16,604.16,604.16,604.16,460.0
2024-12-10 09:25:00+00:00,604.27,604.27,604.18,604.18,668.0
2024-12-10 09:30:00+00:00,604.18,604.21,604.18,604.21,1282.0
2024-12-10 09:35:00+00:00,604.18,604.18,604.03,604.03,618.0
2024-12-10 09:40:00+00:00,604.01,604.01,604.0,604.0,1981.0
2024-12-10 09:45:00+00:00,604.02,604.1,604.02,604.1,10130.0
2024-12-10 09:55:00+00:00,604.12,604.14,604.12,604.14,591.0
2024-12-10 10:05:00+00:00,604.4,604.44,604.4,604.44,538.0
2024-12-10 10:10:00+00:00,604.5,604.64,604.5,604.64,918.0
2024-12-10 10:15:00+00:00,604.58,604.58,604.54,604.58,1252.0
2024-12-10 10:20:00+00:00,604.5,604.5,604.5,604.5,355.0
2024-12-10 10:25:00+00:00,604.7,604.7,604.7,604.7,184.0
2024-12-10 10:30:00+00:00,604.76,604.76,604.76,604.76,148.0
2024-12-10 10:35:00+00:00,604.72,604.84,604.72,604.84,1128.0
2024-12-10 10:45:00+00:00,604.57,604.57,604.57,604.57,430.0
2024-12-10 10:55:00+00:00,604.8,604.82,604.75,604.82,1371.0
2024-12-10 11:00:00+00:00,604.8,604.92,604.8,604.91,634.0
2024-12-10 11:10:00+00:00,604.93,604.93,604.93,604.93,136.0
2024-12-10 11:15:00+00:00,604.96,605.05,604.96,605.05,5913.0
2024-12-10 11:20:00+00:00,605.09,605.1,605.09,605.1,1074.0
2024-12-10 11:25:00+00:00,605.08,605.09,605.08,605.09,397.0
2024-12-10 11:30:00+00:00,605.2,605.24,605.2,605.24,2616.0
2024-12-10 11:35:00+00:00,605.23,605.33,605.23,605.33,10140.0
2024-12-10 11:40:00+00:00,605.27,605.27,605.24,605.24,35689.0
2024-12-10 11:45:00+00:00,605.2,605.2,605.17,605.17,1943.0
2024-12-10 11:55:00+00:00,605.18,605.18,605.13,605.13,844.0
2024-12-10 12:00:00+00:00,605.18,605.18,605.1,605.18,2636.0
2024-12-10 12:05:00+00:00,605.2,605.2,605.1,605.11,5457.0
2024-12-10 12:10:00+00:00,605.13,605.15,605.11,605.11,1342.0
2024-12-10 12:15:00+00:00,605.11,605.15,605.11,605.15,1004.0
2024-12-10 12:20:00+00:00,605.14,605.24,605.14,605.2,15242.0
2024-12-10 12:25:00+00:00,605.26,605.29,605.25,605.25,1977.0
2024-12-10 12:30:00+00:00,605.25,605.31,605.11,605.2,92237.0
2024-12-10 12:35:00+00:00,605.16,605.16,605.16,605.16,447.0
2024-12-10 12:40:00+00:00,605.24,605.31,605.24,605.31,1208.0
2024-12-10 12:45:00+00:00,605.27,605.27,605.27,605.27,289.0
2024-12-10 12:50:00+00:00,605.23,605.23,605.22,605.22,993.0
2024-12-10 12:55:00+00:00,605.23,605.25,605.18,605.25,1601.0
2024-12-10 13:00:00+00:00,605.13,605.3,604.17,605.25,14714.0
2024-12-10 13:05:00+00:00,605.2613,605.32,605.17,605.17,12924.0
2024-12-10 13:10:00+00:00,605.2,605.3,605.19,605.25,16305.0
2024-12-10 13:15:00+00:00,605.25,605.25,605.11,605.11,18619.0
2024-12-10 13:20:00+00:00,605.11,605.11,604.9001,604.93,19252.0
2024-12-10 13:25:00+00:00,604.92,604.97,604.8652,604.87,15303.0
2024-12-10 13:30:00+00:00,604.89,604.93,604.81,604.85,14563.0
2024-12-10 13:35:00+00:00,604.81,604.88,604.8,604.83,25816.0
2024-12-10 13:40:00+00:00,604.89,604.92,604.81,604.83,7897.0
2024-12-10 13:45:00+00:00,604.8,604.87,604.77,604.86,10520.0
2024-12-10 13:50:00+00:00,604.91,604.91,604.78,604.78,8859.0
2024-12-10 13:55:00+00:00,604.77,604.8,604.73,604.79,18648.0
2024-12-10 14:00:00+00:00,604.87,604.98,604.76,604.98,4189.0
2024-12-10 14:05:00+00:00,604.97,605.14,604.97,605.09,9586.0
2024-12-10 14:10:00+00:00,605.13,605.18,605.12,605.12,12283.0
2024-12-10 14:15:00+00:00,605.15,605.29,605.15,605.28,16289.0
2024-12-10 14:20:00+00:00,605.29,605.4,605.25,605.38,15649.0
2024-12-10 14:25:00+00:00,605.33,605.41,605.26,605.38,16655.0
2024-12-10 14:30:00+00:00,605.37,605.4,604.315,604.34,698198.0
2024-12-10 14:35:00+00:00,604.33,604.605,604.2737,604.49,472264.0
2024-12-10 14:40:00+00:00,604.49,604.9099,604.28,604.9,416514.0
2024-12-10 14:45:00+00:00,604.91,605.27,604.9,604.99,314131.0
2024-12-10 14:50:00+00:00,605.005,605.02,604.38,604.465,395242.0
2024-12-10 14:55:00+00:00,604.47,605.09,604.39,605.09,311327.0
2024-12-10 15:00:00+00:00,605.075,605.24,604.88,605.18,284030.0
2024-12-10 15:05:00+00:00,605.175,605.3298,605.12,605.18,299082.0
2024-12-10 15:10:00+00:00,605.1601,605.33,605.0201,605.2,167087.0
2024-12-10 15:15:00+00:00,605.19,605.5,605.18,605.47,379328.0
2024-12-10 15:20:00+00:00,605.47,605.51,605.21,605.3,299356.0
2024-12-10 15:25:00+00:00,605.38,605.4301,605.07,605.1199,194629.0
2024-12-10 15:30:00+00:00,605.1199,605.62,604.97,605.5701,349154.0
2024-12-10 15:35:00+00:00,605.565,605.565,605.29,605.43,157869.0
2024-12-10 15:40:00+00:00,605.4163,605.61,605.3217,605.56,216261.0
2024-12-10 15:45:00+00:00,605.555,605.8,605.42,605.54,190137.0
2024-12-10 15:50:00+00:00,605.55,605.57,605.12,605.1599,195400.0
2024-12-10 15:55:00+00:00,605.15,605.3599,604.96,605.0083,266185.0
2024-12-10 16:00:00+00:00,605.0,605.27,604.75,605.24,476499.0
2024-12-10 16:05:00+00:00,605.23,605.235,604.61,604.6776,257127.0
2024-12-10 16:10:00+00:00,604.68,605.02,604.585,604.85,304944.0
2024-12-10 16:15:00+00:00,604.84,604.91,604.72,604.79,160648.0
2024-12-10 16:20:00+00:00,604.78,604.9,604.64,604.68,172109.0
2024-12-10 16:25:00+00:00,604.66,604.9,604.58,604.66,173651.0
2024-12-10 16:30:00+00:00,604.65,604.695,604.39,604.58,219074.0
2024-12-10 16:35:00+00:00,604.56,604.6399,604.38,604.45,214635.0
2024-12-10 16:40:00+00:00,604.44,604.51,604.325,604.415,209794.0
2024-12-10 16:45:00+00:00,604.42,604.54,604.31,604.5099,178095.0
2024-12-10 16:50:00+00:00,604.5001,604.71,604.39,604.4,175858.0
2024-12-10 16:55:00+00:00,604.396,604.64,604.32,604.57,160941.0
2024-12-10 17:00:00+00:00,604.56,604.59,604.41,604.52,132205.0
2024-12-10 17:05:00+00:00,604.525,604.72,604.46,604.69,273063.0
2024-12-10 17:10:00+00:00,604.6899,604.78,604.3,604.3,133378.0
2024-12-10 17:15:00+00:00,604.3,604.38,604.18,604.265,404941.0
2024-12-10 17:20:00+00:00,604.27,604.59,604.27,604.53,199708.0
2024-12-10 17:25:00+00:00,604.51,604.69,604.43,604.52,144727.0
2024-12-10 17:30:00+00:00,604.5,605.01,604.5,604.99,269096.0
2024-12-10 17:35:00+00:00,604.98,605.02,604.81,604.81,134756.0
2024-12-10 17:40:00+00:00,604.8158,604.8699,604.68,604.79,105221.0
2024-12-10 17:45:00+00:00,604.8,604.94,604.77,604.88,221904.0
2024-12-10 17:50:00+00:00,604.9,604.91,604.36,604.4199,109225.0
2024-12-10 17:55:00+00:00,604.42,604.4899,604.26,604.3101,139436.0
2024-12-10 18:00:00+00:00,604.32,604.38,604.17,604.24,135489.0
2024-12-10 18:05:00+00:00,604.23,604.35,604.08,604.2101,379324.0
2024-12-10 18:10:00+00:00,604.21,604.31,604.1,604.1,147753.0
2024-12-10 18:15:00+00:00,604.1,604.45,604.1,604.2602,276495.0
2024-12-10 18:20:00+00:00,604.26,604.3015,604.1901,604.23,91103.0
2024-12-10 18:25:00+00:00,604.24,604.44,604.21,604.35,345053.0
2024-12-10 18:30:00+00:00,604.37,604.47,604.26,604.45,115806.0
2024-12-10 18:35:00+00:00,604.42,604.62,604.4199,604.5,105158.0
2024-12-10 18:40:00+00:00,604.52,604.6199,604.28,604.31,123760.0
2024-12-10 18:45:00+00:00,604.31,604.3792,604.2,604.3,257631.0
2024-12-10 18:50:00+00:00,604.307,604.307,604.07,604.1704,156567.0
2024-12-10 18:55:00+00:00,604.17,604.19,604.04,604.05,142161.0
2024-12-10 19:00:00+00:00,604.04,604.11,603.82,603.92,323009.0
2024-12-10 19:05:00+00:00,603.91,603.99,603.77,603.9,293446.0
2024-12-10 19:10:00+00:00,603.9,603.9,603.59,603.77,271380.0
2024-12-10 19:15:00+00:00,603.76,603.85,603.58,603.83,325365.0
2024-12-10 19:20:00+00:00,603.83,604.03,603.81,604.01,475073.0
2024-12-10 19:25:00+00:00,604.01,604.06,603.92,604.02,469822.0
2024-12-10 19:30:00+00:00,604.02,604.04,603.69,603.775,829456.0
2024-12-10 19:35:00+00:00,603.78,603.8587,603.71,603.755,527072.0
2024-12-10 19:40:00+00:00,603.755,604.0,603.6221,603.86,540311.0
2024-12-10 19:45:00+00:00,603.8517,603.93,603.66,603.67,322391.0
2024-12-10 19:50:00+00:00,603.67,603.73,603.56,603.61,437288.0
2024-12-10 19:55:00+00:00,603.6,603.75,603.53,603.655,568858.0
2024-12-10 20:00:00+00:00,603.65,603.66,603.305,603.4,420214.0
2024-12-10 20:05:00+00:00,603.4,603.42,603.27,603.42,714322.0
2024-12-10 20:10:00+00:00,603.4,603.4,602.94,603.02,581322.0
2024-12-10 20:15:00+00:00,603.03,603.16,602.91,603.03,349496.0
2024-12-10 20:20:00+00:00,603.023708,603.06,602.81,602.9,659070.0
2024-12-10 20:25:00+00:00,602.9,602.92,602.66,602.7319,425205.0
2024-12-10 20:30:00+00:00,602.74,602.74,602.13,602.71,1674862.0
2024-12-10 20:35:00+00:00,602.71,602.73,602.52,602.69,651987.0
2024-12-10 20:40:00+00:00,602.69,603.79,602.62,602.7,580403.0
2024-12-10 20:45:00+00:00,602.71,602.8,602.33,602.365,780209.0
2024-12-10 20:50:00+00:00,602.37,602.68,602.3,602.31,669572.0
2024-12-10 20:55:00+00:00,602.32,602.92,602.3,602.87,3874546.0
2024-12-10 21:00:00+00:00,602.89,603.06,602.6372,603.01,648904.0
2024-12-10 21:05:00+00:00,603.03,603.28,602.6371,603.24,343512.0
2024-12-10 21:10:00+00:00,603.24,603.34,603.04,603.34,3408867.0
2024-12-10 21:15:00+00:00,603.3301,603.38,603.2,603.24,74246.0
2024-12-10 21:20:00+00:00,603.26,603.34,602.6451,602.6451,685407.0
2024-12-10 21:25:00+00:00,603.31,603.35,603.26,603.33,39442.0
2024-12-10 21:30:00+00:00,603.33,603.42,603.33,603.42,3446.0
2024-12-10 21:35:00+00:00,603.38,603.44,603.36,603.38,43295.0
2024-12-10 21:40:00+00:00,603.38,603.38,603.34,603.37,32937.0
2024-12-10 21:45:00+00:00,603.4,603.41,603.36,603.37,39837.0
2024-12-10 21:50:00+00:00,603.38,603.38,603.36,603.36,5467.0
2024-12-10 21:55:00+00:00,603.38,603.38,603.34,603.36,62428.0
2024-12-10 22:00:00+00:00,603.2975,603.2975,603.29,603.29,569.0
2024-12-10 22:05:00+00:00,603.35,603.35,603.27,603.27,5655.0
2024-12-10 22:10:00+00:00,603.3,603.3,603.3,603.3,162.0
2024-12-10 22:15:00+00:00,603.27,603.32,603.26,603.3,4885.0
2024-12-10 22:20:00+00:00,603.3,603.33,603.28,603.32,9779.0
2024-12-10 22:25:00+00:00,603.33,603.33,603.33,603.33,1865.0
2024-12-10 22:30:00+00:00,603.33,603.48,603.33,603.4,5690.0
2024-12-10 22:35:00+00:00,603.4,603.45,603.4,603.4,4609.0
2024-12-10 22:45:00+00:00,603.4,603.43,603.4,603.43,1761.0
2024-12-10 22:50:00+00:00,603.43,603.43,603.34,603.4299,1902.0
2024-12-10 22:55:00+00:00,603.37,603.3992,603.35,603.35,920.0
2024-12-10 23:00:00+00:00,603.4,603.59,603.38,603.4,14608.0
2024-12-10 23:05:00+00:00,603.38,603.389,603.2405,603.2405,3277.0
2024-12-10 23:10:00+00:00,603.26,603.3,603.25,603.28,3622.0
2024-12-10 23:15:00+00:00,603.28,603.29,603.26,603.26,8507.0
2024-12-10 23:20:00+00:00,603.21,603.21,603.06,603.16,11348.0
2024-12-10 23:25:00+00:00,603.12,603.16,603.12,603.14,3065.0
2024-12-10 23:30:00+00:00,603.2,603.24,603.2,603.24,834.0
2024-12-10 23:35:00+00:00,603.31,603.31,603.28,603.3,593.0
2024-12-10 23:40:00+00:00,603.26,603.26,603.26,603.26,1078.0
2024-12-11 00:00:00+00:00,603.26,603.26,603.09,603.09,4509.0
2024-12-11 00:05:00+00:00,603.12,603.15,603.12,603.12,1185.0
2024-12-11 00:10:00+00:00,603.12,603.12,603.11,603.11,1206.0
2024-12-11 00:20:00+00:00,603.15,603.17,603.15,603.17,559.0
2024-12-11 00:25:00+00:00,603.16,603.16,603.11,603.11,577.0
2024-12-11 00:30:00+00:00,603.1,603.11,603.02,603.03,3066.0
2024-12-11 00:35:00+00:00,603.08,603.15,603.08,603.15,1458.0
2024-12-11 00:40:00+00:00,603.2,603.22,603.15,603.15,1451.0
2024-12-11 00:45:00+00:00,603.18,603.25,603.18,603.25,1448.0
2024-12-11 00:50:00+00:00,603.28,603.3,603.25,603.3,1059.0
2024-12-11 00:55:00+00:00,603.24,603.24,603.16,603.16,16089.0
2024-12-11 09:00:00+00:00,603.34,603.4,603.34,603.39,4951.0
2024-12-11 09:05:00+00:00,603.43,603.53,603.43,603.53,2507.0
2024-12-11 09:10:00+00:00,603.36,603.5,603.35,603.5,1985.0
2024-12-11 09:15:00+00:00,603.57,603.57,603.33,603.36,1923.0
2024-12-11 09:20:00+00:00,603.41,603.41,603.41,603.41,573.0
2024-12-11 09:25:00+00:00,603.33,603.38,603.33,603.38,871.0
2024-12-11 09:30:00+00:00,603.41,603.48,603.4,603.4,1211.0
2024-12-11 09:35:00+00:00,603.5,603.5,603.5,603.5,413.0
2024-12-11 09:40:00+00:00,603.48,603.52,603.42,603.52,1118.0
2024-12-11 10:05:00+00:00,603.44,603.44,603.38,603.38,1198.0
2024-12-11 10:15:00+00:00,603.27,603.27,603.27,603.27,288.0
2024-12-11 10:20:00+00:00,603.25,603.25,603.25,603.25,636.0
2024-12-11 10:25:00+00:00,603.25,603.25,603.21,603.21,348.0
2024-12-11 10:30:00+00:00,603.26,603.35,603.26,603.35,712.0
2024-12-11 10:35:00+00:00,603.34,603.35,603.34,603.35,785.0
2024-12-11 10:40:00+00:00,603.28,603.31,603.28,603.31,512.0
2024-12-11 10:45:00+00:00,603.28,603.41,603.28,603.41,606.0
2024-12-11 10:55:00+00:00,603.43,603.43,603.43,603.43,713.0
2024-12-11 11:00:00+00:00,603.43,603.43,603.43,603.43,1018.0
2024-12-11 11:05:00+00:00,603.55,603.55,603.55,603.55,513.0
2024-12-11 11:10:00+00:00,603.57,603.57,603.52,603.56,821.0
2024-12-11 11:15:00+00:00,603.56,603.56,603.53,603.53,348.0
2024-12-11 11:20:00+00:00,603.61,603.61,603.61,603.61,728.0
2024-12-11 11:30:00+00:00,603.64,603.64,603.61,603.61,890.0
2024-12-11 11:35:00+00:00,603.6,603.6,603.5,603.5,697.0
2024-12-11 11:45:00+00:00,603.5,603.5,603.5,603.5,125.0
2024-12-11 11:50:00+00:00,603.5,603.5,603.45,603.45,377.0
2024-12-11 11:55:00+00:00,603.52,603.52,603.52,603.52,118.0
2024-12-11 12:00:00+00:00,603.45,603.5,603.37,603.4,3105.0
2024-12-11 12:05:00+00:00,603.4,603.4,603.35,603.4,769.0
2024-12-11 12:10:00+00:00,603.31,603.4,603.31,603.4,736.0
2024-12-11 12:15:00+00:00,603.48,603.51,603.48,603.51,17928.0
2024-12-11 12:20:00+00:00,603.51,603.51,603.5,603.5,967.0
2024-12-11 12:25:00+00:00,603.47,603.55,603.47,603.55,8075.0
2024-12-11 12:30:00+00:00,603.57,603.57,603.35,603.35,23158.0
2024-12-11 12:35:00+00:00,603.4,603.4,603.34,603.34,526.0
2024-12-11 12:40:00+00:00,603.3,603.35,603.27,603.35,8431.0
2024-12-11 12:45:00+00:00,603.32,603.4,603.31,603.4,6036.0
2024-12-11 12:50:00+00:00,603.4,603.45,603.4,603.43,24336.0
2024-12-11 12:55:00+00:00,603.43,603.43,603.35,603.36,5157.0
2024-12-11 13:00:00+00:00,603.4115,603.6004,602.9,603.4,59368.0
2024-12-11 13:05:00+00:00,603.4,603.5,603.4,603.49,8127.0
2024-12-11 13:10:00+00:00,603.49,603.54,603.42,603.45,5344.0
2024-12-11 13:15:00+00:00,603.45,603.4596,603.39,603.45,20938.0
2024-12-11 13:20:00+00:00,603.47,603.75,603.47,603.74,28660.0
2024-12-11 13:25:00+00:00,603.7,603.77,603.59,603.73,72230.0
2024-12-11 13:30:00+00:00,603.73,604.85,603.35,604.8,181665.0
2024-12-11 13:35:00+00:00,604.82,605.25,604.8,605.0,127005.0
2024-12-11 13:40:00+00:00,604.95,605.21,604.87,605.17,95952.0
2024-12-11 13:45:00+00:00,605.18,605.31,605.16,605.22,29539.0
2024-12-11 13:50:00+00:00,605.22,605.26,604.98,605.06,24249.0
2024-12-11 13:55:00+00:00,605.09,605.3609,605.08,605.34,7994.0
2024-12-11 14:00:00+00:00,605.33,605.48,605.27,605.48,23255.0
2024-12-11 14:05:00+00:00,605.5,605.73,605.46,605.7201,78655.0
2024-12-11 14:10:00+00:00,605.73,605.73,605.56,605.64,12998.0
2024-12-11 14:15:00+00:00,605.65,605.67,605.58,605.61,19014.0
2024-12-11 14:20:00+00:00,605.61,605.72,605.58,605.72,11016.0
2024-12-11 14:25:00+00:00,605.7,605.94,605.64,605.78,44340.0
2024-12-11 14:30:00+00:00,605.78,606.03,605.5,605.97,876598.0
2024-12-11 14:35:00+00:00,605.97,606.09,605.82,605.835,632312.0
2024-12-11 14:40:00+00:00,605.83,606.13,605.82,606.02,366608.0
2024-12-11 14:45:00+00:00,606.01,606.58,605.96,606.335,674993.0
2024-12-11 14:50:00+00:00,606.34,606.59,606.33,606.54,480619.0
2024-12-11 14:55:00+00:00,606.54,606.655,606.3901,606.61,453169.0
2024-12-11 15:00:00+00:00,606.6,606.62,606.3201,606.46,369922.0
2024-12-11 15:05:00+00:00,606.47,606.87,606.46,606.86,437772.0
2024-12-11 15:10:00+00:00,606.85,607.25,606.84,607.18,525975.0
2024-12-11 15:15:00+00:00,607.18,607.18,606.74,606.8,332957.0
2024-12-11 15:20:00+00:00,606.8074,606.91,606.52,606.68,406778.0
2024-12-11 15:25:00+00:00,606.68,606.72,606.45,606.535,210447.0
2024-12-11 15:30:00+00:00,606.56,606.78,606.5,606.77,279212.0
2024-12-11 15:35:00+00:00,606.77,606.88,606.67,606.83,197918.0
2024-12-11 15:40:00+00:00,606.83,606.96,606.61,606.87,213210.0
2024-12-11 15:45:00+00:00,606.859,607.01,606.805,606.9551,222020.0
2024-12-11 15:50:00+00:00,606.97,607.06,606.58,606.69,214895.0
2024-12-11 15:55:00+00:00,606.69,606.81,606.4816,606.7783,173410.0
2024-12-11 16:00:00+00:00,606.79,606.8,606.51,606.615,135741.0
2024-12-11 16:05:00+00:00,606.62,606.93,606.61,606.8,181360.0
2024-12-11 16:10:00+00:00,606.8,607.01,606.77,607.0,207914.0
2024-12-11 16:15:00+00:00,607.0,607.02,606.84,606.97,164771.0
2024-12-11 16:20:00+00:00,606.9901,607.21,606.92,607.21,122179.0
2024-12-11 16:25:00+00:00,607.21,607.52,607.2,607.48,401179.0
2024-12-11 16:30:00+00:00,607.48,607.51,607.36,607.455,293960.0
2024-12-11 16:35:00+00:00,607.45,607.79,607.445,607.79,293218.0
2024-12-11 16:40:00+00:00,607.8,607.87,607.58,607.82,187714.0
2024-12-11 16:45:00+00:00,607.82,607.87,607.685,607.75,261385.0
2024-12-11 16:50:00+00:00,607.77,607.8,607.5365,607.63,206441.0
2024-12-11 16:55:00+00:00,607.6496,607.746,607.5,607.74,129299.0
2024-12-11 17:00:00+00:00,607.75,608.1,607.72,608.025,205780.0
2024-12-11 17:05:00+00:00,608.0299,608.1,607.8926,608.0108,197920.0
2024-12-11 17:10:00+00:00,608.01,608.19,607.925,607.98,238028.0
2024-12-11 17:15:00+00:00,607.98,608.07,607.85,607.9484,216201.0
2024-12-11 17:20:00+00:00,607.945,607.985,607.81,607.88,219743.0
2024-12-11 17:25:00+00:00,607.9,607.91,607.6799,607.72,217195.0
2024-12-11 17:30:00+00:00,607.75,607.84,607.61,607.76,194877.0
2024-12-11 17:35:00+00:00,607.74,607.88,607.62,607.8637,147339.0
2024-12-11 17:40:00+00:00,607.865,608.05,607.8,608.05,124260.0
2024-12-11 17:45:00+00:00,608.047,608.1,607.96,608.035,166291.0
2024-12-11 17:50:00+00:00,608.0327,608.12,607.901,607.97,112480.0
2024-12-11 17:55:00+00:00,607.93,608.12,607.88,608.12,137404.0
2024-12-11 18:00:00+00:00,608.125,608.435,608.125,608.26,241138.0
2024-12-11 18:05:00+00:00,608.28,608.29,608.08,608.1601,107985.0
2024-12-11 18:10:00+00:00,608.18,608.19,607.98,608.085,149913.0
2024-12-11 18:15:00+00:00,608.09,608.1499,607.992,608.125,128764.0
2024-12-11 18:20:00+00:00,608.125,608.17,608.03,608.1298,107198.0
2024-12-11 18:25:00+00:00,608.12,608.33,608.08,608.32,335687.0
2024-12-11 18:30:00+00:00,608.31,608.4,608.155,608.25,270168.0
2024-12-11 18:35:00+00:00,608.26,608.305,608.21,608.26,106210.0
2024-12-11 18:40:00+00:00,608.28,608.29,608.03,608.115,175217.0
2024-12-11 18:45:00+00:00,608.12,608.21,608.1,608.19,150870.0
2024-12-11 18:50:00+00:00,608.19,608.19,607.825,607.9,194502.0
2024-12-11 18:55:00+00:00,607.9,607.91,607.73,607.81,134079.0
2024-12-11 19:00:00+00:00,607.815,607.98,607.73,607.76,258535.0
2024-12-11 19:05:00+00:00,607.77,607.78,607.56,607.75,234949.0
2024-12-11 19:10:00+00:00,607.7254,607.94,607.69,607.77,173745.0
2024-12-11 19:15:00+00:00,607.775,607.87,607.76,607.86,111664.0
2024-12-11 19:20:00+00:00,607.85,607.94,607.7,607.87,157073.0
2024-12-11 19:25:00+00:00,607.863,607.94,607.8001,607.93,149183.0
2024-12-11 19:30:00+00:00,607.92,608.05,607.83,607.975,276410.0
2024-12-11 19:35:00+00:00,607.9897,608.1662,607.97,608.12,194121.0
2024-12-11 19:40:00+00:00,608.12,608.2168,607.96,607.9814,217099.0
2024-12-11 19:45:00+00:00,607.985,608.048,607.745,607.7975,275221.0
2024-12-11 19:50:00+00:00,607.78,607.9199,607.71,607.775,173663.0
2024-12-11 19:55:00+00:00,607.775,608.0,607.73,607.94,134738.0
2024-12-11 20:00:00+00:00,607.95,608.09,607.87,608.0201,143850.0
2024-12-11 20:05:00+00:00,608.02,608.04,607.87,607.97,510353.0
2024-12-11 20:10:00+00:00,607.96,608.035,607.8801,608.0201,151225.0
2024-12-11 20:15:00+00:00,608.02,608.04,607.92,607.97,201040.0
2024-12-11 20:20:00+00:00,607.96,607.96,607.88,607.92,211575.0
2024-12-11 20:25:00+00:00,607.9,608.09,607.86,608.07,228690.0
2024-12-11 20:30:00+00:00,608.065,608.065,607.83,607.89,395384.0
2024-12-11 20:35:00+00:00,607.88,608.04,607.8,608.03,308278.0
2024-12-11 20:40:00+00:00,608.03,608.03,607.77,607.77,401348.0
2024-12-11 20:45:00+00:00,607.78,607.88,607.74,607.84,478547.0
2024-12-11 20:50:00+00:00,607.83,607.88,607.605,607.6301,755834.0
2024-12-11 20:55:00+00:00,607.62,607.645,607.31,607.5,1466113.0
2024-12-11 21:00:00+00:00,607.52,607.53,607.1,607.18,1087413.0
2024-12-11 21:05:00+00:00,607.17,607.24,607.0,607.07,492204.0
2024-12-11 21:10:00+00:00,607.06,607.16,602.8,607.11,2070452.0
2024-12-11 21:15:00+00:00,607.11,607.25,607.05,607.08,23544.0
2024-12-11 21:20:00+00:00,607.05,607.09,606.97,606.98,69538.0
2024-12-11 21:25:00+00:00,607.0,607.1,606.93,607.04,153420.0
2024-12-11 21:30:00+00:00,607.06,607.07,607.02,607.0699,11454.0
2024-12-11 21:35:00+00:00,607.04,607.05,607.01,607.05,175955.0
2024-12-11 21:40:00+00:00,607.05,607.05,607.02,607.02,2232.0
2024-12-11 21:45:00+00:00,607.04,607.07,606.99,607.02,6431.0
2024-12-11 21:50:00+00:00,606.97,607.0,606.94,606.99,125163.0
2024-12-11 21:55:00+00:00,606.97,607.03,606.97,607.0,7808.0
2024-12-11 22:00:00+00:00,607.04,607.06,607.01,607.04,819.0
2024-12-11 22:05:00+00:00,607.01,607.11,607.01,607.07,1015.0
2024-12-11 22:10:00+00:00,607.07,607.07,607.07,607.07,1523.0
2024-12-11 22:15:00+00:00,607.07,607.07,607.0,607.0,4712.0
2024-12-11 22:20:00+00:00,606.96,606.9601,606.95,606.96,13005.0
2024-12-11 22:25:00+00:00,607.1284,607.1284,607.02,607.02,814.0
2024-12-11 22:30:00+00:00,607.01,607.01,607.01,607.01,1011.0
2024-12-11 22:35:00+00:00,607.01,607.01,607.0,607.0,3188.0
2024-12-11 22:40:00+00:00,607.0001,607.01,607.0001,607.01,1137.0
2024-12-11 22:45:00+00:00,607.01,607.01,606.97,606.97,3748.0
2024-12-11 22:50:00+00:00,607.01,607.01,607.01,607.01,1801.0
2024-12-11 22:55:00+00:00,607.0,607.07,607.0,607.05,3026.0
2024-12-11 23:00:00+00:00,607.02,607.02,606.85,606.91,3516.0
2024-12-11 23:05:00+00:00,607.0,607.01,606.9401,606.95,8079.0
2024-12-11 23:10:00+00:00,606.93,607.09,606.9,607.06,19862.0
2024-12-11 23:15:00+00:00,607.0,607.0,606.97,606.991,820.0
2024-12-11 23:20:00+00:00,607.0385,607.0385,606.88,606.88,2947.0
2024-12-11 23:25:00+00:00,606.85,606.8607,606.83,606.8607,1883.0
2024-12-11 23:30:00+00:00,606.95,606.95,606.95,606.95,451.0
2024-12-11 23:35:00+00:00,606.9502,606.9502,606.91,606.92,4609.0
2024-12-11 23:40:00+00:00,606.89,606.89,606.85,606.85,3896.0
2024-12-11 23:45:00+00:00,606.92,606.93,606.92,606.92,2693.0
2024-12-11 23:50:00+00:00,606.98,606.98,606.9,606.9,695.0
2024-12-11 23:55:00+00:00,606.93,606.93,606.92,606.92,1069.0
2024-12-12 00:00:00+00:00,606.94,606.95,606.94,606.95,702.0
2024-12-12 00:05:00+00:00,606.93,606.93,606.92,606.93,846.0
2024-12-12 00:10:00+00:00,606.86,606.91,606.85,606.91,4033.0
2024-12-12 00:15:00+00:00,606.9,606.9,606.77,606.79,3367.0
2024-12-12 00:20:00+00:00,606.7,606.72,606.65,606.71,11824.0
2024-12-12 00:25:00+00:00,606.77,606.77,606.69,606.69,502.0
2024-12-12 00:30:00+00:00,606.69,606.75,606.69,606.7101,2228.0
2024-12-12 00:35:00+00:00,606.69,606.7495,606.67,606.7,10549.0
2024-12-12 00:40:00+00:00,606.71,606.71,606.62,606.62,3683.0
2024-12-12 00:45:00+00:00,606.64,606.68,606.64,606.65,6675.0
2024-12-12 00:50:00+00:00,606.61,606.61,606.5,606.51,13651.0
2024-12-12 00:55:00+00:00,606.55,606.76,606.55,606.76,10622.0
2024-12-12 09:00:00+00:00,606.58,606.77,606.58,606.69,2225.0
2024-12-12 09:05:00+00:00,606.76,606.76,606.68,606.7,1723.0
2024-12-12 09:10:00+00:00,606.67,606.71,606.67,606.67,1371.0
2024-12-12 09:15:00+00:00,606.65,606.71,606.65,606.71,13663.0
2024-12-12 09:20:00+00:00,606.71,606.82,606.71,606.81,8673.0
2024-12-12 09:30:00+00:00,606.6,606.6,606.6,606.6,154.0
2024-12-12 09:35:00+00:00,606.66,606.66,606.6,606.6,393.0
2024-12-12 09:40:00+00:00,606.6,606.6,606.6,606.6,328.0
2024-12-12 09:50:00+00:00,606.67,606.67,606.67,606.67,1709.0
2024-12-12 09:55:00+00:00,606.55,606.56,606.52,606.56,511.0
2024-12-12 10:00:00+00:00,606.49,606.5,606.49,606.5,702.0
2024-12-12 10:05:00+00:00,606.65,606.65,606.6,606.6,1781.0
2024-12-12 10:10:00+00:00,606.54,606.54,606.54,606.54,550.0
2024-12-12 10:15:00+00:00,606.63,606.63,606.6,606.61,785.0
2024-12-12 10:35:00+00:00,606.69,606.7,606.69,606.7,526.0
2024-12-12 10:45:00+00:00,606.69,606.73,606.69,606.73,593.0
2024-12-12 10:50:00+00:00,606.69,606.7,606.64,606.64,1266.0
2024-12-12 10:55:00+00:00,606.68,606.68,606.68,606.68,212.0
2024-12-12 11:00:00+00:00,606.76,606.76,606.71,606.71,219.0
2024-12-12 11:05:00+00:00,606.71,606.78,606.65,606.65,840.0
2024-12-12 11:10:00+00:00,606.6,606.6,606.4,606.4,2558.0
2024-12-12 11:15:00+00:00,606.39,606.54,606.39,606.54,1652.0
2024-12-12 11:20:00+00:00,606.55,606.55,606.55,606.55,505.0
2024-12-12 11:25:00+00:00,606.45,606.49,606.45,606.49,784.0
2024-12-12 11:30:00+00:00,606.48,606.57,606.48,606.57,453.0
2024-12-12 11:35:00+00:00,606.55,606.55,606.55,606.55,311.0
2024-12-12 11:40:00+00:00,606.64,606.64,606.57,606.58,388.0
2024-12-12 11:45:00+00:00,606.64,606.64,606.63,606.63,1296.0
2024-12-12 11:50:00+00:00,606.57,606.6,606.56,606.56,1447.0
2024-12-12 11:55:00+00:00,606.6,606.6,606.52,606.52,890.0
2024-12-12 12:00:00+00:00,606.5,606.54,606.45,606.45,10907.0
2024-12-12 12:05:00+00:00,606.61,606.62,606.61,606.62,485.0
2024-12-12 12:10:00+00:00,606.64,606.73,606.6,606.71,2516.0
2024-12-12 12:15:00+00:00,606.68,606.68,606.62,606.65,6275.0
2024-12-12 12:20:00+00:00,606.72,606.74,606.72,606.74,912.0
2024-12-12 12:25:00+00:00,606.68,606.75,606.65,606.65,2850.0
2024-12-12 12:30:00+00:00,606.69,606.69,606.5,606.5,2271.0
2024-12-12 12:35:00+00:00,606.48,606.59,606.42,606.59,10574.0
2024-12-12 12:40:00+00:00,606.59,606.59,606.43,606.46,4281.0
2024-12-12 12:45:00+00:00,606.47,606.6,606.47,606.5,29627.0
2024-12-12 12:50:00+00:00,606.51,606.51,606.34,606.34,13044.0
2024-12-12 12:55:00+00:00,606.35,606.41,606.35,606.39,2796.0
2024-12-12 13:00:00+00:00,606.49,607.06,606.11,606.11,46324.0
2024-12-12 13:05:00+00:00,606.13,606.42,606.12,606.4,15111.0
2024-12-12 13:10:00+00:00,606.36,606.5,606.35,606.5,6644.0
2024-12-12 13:15:00+00:00,606.5,606.6,606.5,606.56,9007.0
2024-12-12 13:20:00+00:00,606.56,606.72,606.56,606.64,9251.0
2024-12-12 13:25:00+00:00,606.64,606.73,606.55,606.59,16296.0
2024-12-12 13:30:00+00:00,606.4,607.05,606.01,606.06,108597.0
2024-12-12 13:35:00+00:00,606.04,606.09,605.56,605.92,73868.0
2024-12-12 13:40:00+00:00,605.86,606.2,605.82,606.1,31348.0
2024-12-12 13:45:00+00:00,606.14,606.29,606.03,606.14,22056.0
2024-12-12 13:50:00+00:00,606.12,606.27,606.04,606.1599,18869.0
2024-12-12 13:55:00+00:00,606.13,606.14,606.01,606.04,9162.0
2024-12-12 14:00:00+00:00,606.19,606.4499,606.19,606.35,27592.0
2024-12-12 14:05:00+00:00,606.25,606.4001,606.25,606.34,7036.0
2024-12-12 14:10:00+00:00,606.35,606.41,606.0,606.02,17854.0
2024-12-12 14:15:00+00:00,606.0,606.2,605.97,606.01,50317.0
2024-12-12 14:20:00+00:00,606.11,606.32,606.11,606.2804,19746.0
2024-12-12 14:25:00+00:00,606.27,606.66,606.17,606.63,50948.0
2024-12-12 14:30:00+00:00,606.58,606.64,605.9,606.0,804335.0
2024-12-12 14:35:00+00:00,606.01,606.3,605.88,606.0801,401120.0
2024-12-12 14:40:00+00:00,606.08,606.45,605.905,606.39,560824.0
2024-12-12 14:45:00+00:00,606.39,606.3909,605.91,605.9275,295371.0
2024-12-12 14:50:00+00:00,605.93,606.15,605.795,605.86,346170.0
2024-12-12 14:55:00+00:00,605.8401,606.24,605.72,606.1999,220633.0
2024-12-12 15:00:00+00:00,606.19,606.25,605.7,605.87,308621.0
2024-12-12 15:05:00+00:00,605.82,605.93,605.38,605.5,335131.0
2024-12-12 15:10:00+00:00,605.51,605.6,605.13,605.47,427990.0
2024-12-12 15:15:00+00:00,605.45,605.97,605.27,605.95,415301.0
2024-12-12 15:20:00+00:00,605.9401,606.28,605.71,606.2,287901.0
2024-12-12 15:25:00+00:00,606.205,606.66,606.13,606.5626,491978.0
2024-12-12 15:30:00+00:00,606.56,606.84,606.49,606.6,374022.0
2024-12-12 15:35:00+00:00,606.6,606.97,606.57,606.88,187645.0
2024-12-12 15:40:00+00:00,606.875,606.94,606.32,606.43,274395.0
2024-12-12 15:45:00+00:00,606.42,606.76,606.3469,606.6099,138773.0
2024-12-12 15:50:00+00:00,606.6,606.68,606.42,606.555,156837.0
2024-12-12 15:55:00+00:00,606.555,606.84,606.555,606.799,213512.0
2024-12-12 16:00:00+00:00,606.79,607.13,606.62,607.02,207106.0
2024-12-12 16:05:00+00:00,607.02,607.13,606.89,606.92,156616.0
2024-12-12 16:10:00+00:00,606.94,607.16,606.8201,606.84,130357.0
2024-12-12 16:15:00+00:00,606.86,607.1299,606.6958,607.11,140705.0
2024-12-12 16:20:00+00:00,607.11,607.14,606.76,606.97,109538.0
2024-12-12 16:25:00+00:00,606.9799,607.06,606.8573,606.865,93758.0
2024-12-12 16:30:00+00:00,606.88,606.91,606.67,606.71,111663.0
2024-12-12 16:35:00+00:00,606.69,606.8081,606.5732,606.61,120484.0
2024-12-12 16:40:00+00:00,606.6,606.6,606.32,606.45,232871.0
2024-12-12 16:45:00+00:00,606.45,606.45,605.88,606.33,386062.0
2024-12-12 16:50:00+00:00,606.34,606.37,606.0,606.0812,148998.0
2024-12-12 16:55:00+00:00,606.085,606.2,605.77,605.79,127855.0
2024-12-12 17:00:00+00:00,605.77,606.33,605.77,606.3143,221842.0
2024-12-12 17:05:00+00:00,606.315,606.59,606.28,606.56,220721.0
2024-12-12 17:10:00+00:00,606.55,606.7,606.5101,606.64,101913.0
2024-12-12 17:15:00+00:00,606.65,606.89,606.65,606.71,208483.0
2024-12-12 17:20:00+00:00,606.72,606.81,606.3401,606.4597,187329.0
2024-12-12 17:25:00+00:00,606.4575,606.57,606.38,606.4979,171685.0
2024-12-12 17:30:00+00:00,606.49,606.545,606.0213,606.09,279665.0
2024-12-12 17:35:00+00:00,606.08,606.28,605.87,606.24,126277.0
2024-12-12 17:40:00+00:00,606.23,606.23,605.95,606.13,234214.0
2024-12-12 17:45:00+00:00,606.125,606.47,606.125,606.31,163775.0
2024-12-12 17:50:00+00:00,606.33,606.34,606.1,606.34,76669.0
2024-12-12 17:55:00+00:00,606.36,606.83,606.36,606.8,99508.0
2024-12-12 18:00:00+00:00,606.78,606.89,606.5,606.5083,187419.0
2024-12-12 18:05:00+00:00,606.5001,606.78,606.44,606.76,95287.0
2024-12-12 18:10:00+00:00,606.77,606.83,606.47,606.79,100031.0
2024-12-12 18:15:00+00:00,606.79,606.85,606.5801,606.835,115138.0
2024-12-12 18:20:00+00:00,606.84,606.875,606.67,606.83,105377.0
2024-12-12 18:25:00+00:00,606.84,606.95,606.47,606.5167,160621.0
2024-12-12 18:30:00+00:00,606.51,606.55,606.24,606.265,107561.0
2024-12-12 18:35:00+00:00,606.26,606.26,605.92,606.19,310508.0
2024-12-12 18:40:00+00:00,606.18,606.31,605.93,606.01,152086.0
2024-12-12 18:45:00+00:00,605.98,606.1365,605.96,606.12,135612.0
2024-12-12 18:50:00+00:00,606.14,606.18,605.92,606.0,100554.0
2024-12-12 18:55:00+00:00,605.99,606.05,605.72,605.76,167611.0
2024-12-12 19:00:00+00:00,605.75,606.02,605.48,606.0,375073.0
2024-12-12 19:05:00+00:00,606.0,606.12,605.77,605.8101,186040.0
2024-12-12 19:10:00+00:00,605.8277,606.05,605.6,605.64,147154.0
2024-12-12 19:15:00+00:00,605.645,605.71,605.4,605.465,374371.0
2024-12-12 19:20:00+00:00,605.45,605.46,604.83,605.12,624063.0
2024-12-12 19:25:00+00:00,605.13,605.33,604.93,604.93,248716.0
2024-12-12 19:30:00+00:00,604.94,605.31,604.92,605.22,289543.0
2024-12-12 19:35:00+00:00,605.22,605.4399,605.1,605.41,223085.0
2024-12-12 19:40:00+00:00,605.42,605.43,605.06,605.28,233803.0
2024-12-12 19:45:00+00:00,605.29,605.44,605.1201,605.2,187135.0
2024-12-12 19:50:00+00:00,605.2,605.29,604.96,605.13,175540.0
2024-12-12 19:55:00+00:00,605.12,605.24,604.93,605.12,198557.0
2024-12-12 20:00:00+00:00,605.1,605.16,604.89,604.96,225750.0
2024-12-12 20:05:00+00:00,604.95,605.23,604.94,605.08,199389.0
2024-12-12 20:10:00+00:00,605.085,605.1104,604.75,605.0,293760.0
2024-12-12 20:15:00+00:00,604.87,605.12,604.85,604.92,237049.0
2024-12-12 20:20:00+00:00,604.92,605.09,604.87,604.895,411681.0
2024-12-12 20:25:00+00:00,604.9035,604.99,604.76,604.88,341371.0
2024-12-12 20:30:00+00:00,604.9,605.28,604.88,605.28,683452.0
2024-12-12 20:35:00+00:00,605.26,605.3,605.08,605.0973,257092.0
2024-12-12 20:40:00+00:00,605.08,605.1,604.9,605.065,490725.0
2024-12-12 20:45:00+00:00,605.07,605.35,605.04,605.05,771357.0
2024-12-12 20:50:00+00:00,605.06,605.3146,604.75,604.76,1027681.0
2024-12-12 20:55:00+00:00,604.78,604.79,604.34,604.35,3330269.0
2024-12-12 21:00:00+00:00,604.37,604.42,604.07,604.17,1688244.0
2024-12-12 21:05:00+00:00,604.17,604.26,604.06,604.21,87071.0
2024-12-12 21:10:00+00:00,604.21,604.21,604.0,604.09,1944963.0
2024-12-12 21:15:00+00:00,604.13,604.6,603.91,604.49,249862.0
2024-12-12 21:20:00+00:00,604.561,604.68,604.49,604.65,550799.0
2024-12-12 21:25:00+00:00,604.75,604.75,604.56,604.65,577042.0
2024-12-12 21:30:00+00:00,604.76,604.76,604.63,604.65,142085.0
2024-12-12 21:35:00+00:00,604.53,604.55,604.36,604.4,4295.0
2024-12-12 21:40:00+00:00,604.43,604.4793,604.33,604.4101,13760.0
2024-12-12 21:45:00+00:00,604.34,604.48,604.34,604.43,6047.0
2024-12-12 21:50:00+00:00,604.4,604.4,604.29,604.37,24161.0
2024-12-12 21:55:00+00:00,604.37,604.38,604.29,604.31,32889.0
2024-12-12 22:00:00+00:00,604.31,604.43,604.29,604.33,11999.0
2024-12-12 22:05:00+00:00,604.41,604.4295,604.27,604.27,2617.0
2024-12-12 22:10:00+00:00,604.33,604.39,604.28,604.3,3380.0
2024-12-12 22:15:00+00:00,604.4,604.45,604.38,604.43,4144.0
2024-12-12 22:20:00+00:00,604.35,604.6,604.33,604.58,17033.0
2024-12-12 22:25:00+00:00,604.6,605.0,604.6,604.79,26267.0
2024-12-12 22:30:00+00:00,604.71,604.93,604.71,604.82,17335.0
2024-12-12 22:35:00+00:00,604.9,605.25,604.79,605.25,29075.0
2024-12-12 22:40:00+00:00,604.83,605.49,604.75,605.05,28960.0
2024-12-12 22:45:00+00:00,605.3,605.3,604.7,605.05,7891.0
2024-12-12 22:50:00+00:00,604.95,605.08,604.66,605.07,5942.0
2024-12-12 22:55:00+00:00,604.86,605.3,604.86,605.29,15879.0
2024-12-12 23:00:00+00:00,605.06,605.07,604.7,604.83,19273.0
2024-12-12 23:05:00+00:00,604.87,604.88,604.73,604.73,27149.0
2024-12-12 23:10:00+00:00,604.7,604.72,604.63,604.7,12260.0
2024-12-12 23:15:00+00:00,604.77,604.84,604.7505,604.8,6240.0
2024-12-12 23:20:00+00:00,604.8,604.8,604.8,604.8,143.0
2024-12-12 23:25:00+00:00,604.85,604.86,604.79,604.84,2101.0
2024-12-12 23:30:00+00:00,604.75,604.75,604.75,604.75,513.0
2024-12-12 23:35:00+00:00,604.95,604.95,604.91,604.95,3865.0
2024-12-12 23:40:00+00:00,604.92,604.96,604.85,604.95,3427.0
2024-12-12 23:45:00+00:00,605.0,605.04,604.9,604.9,5410.0
2024-12-12 23:50:00+00:00,604.9199,604.9199,604.86,604.86,854.0
2024-12-12 23:55:00+00:00,604.96,604.96,604.96,604.96,126.0
2024-12-13 00:00:00+00:00,604.86,604.93,604.81,604.93,2430.0
2024-12-13 00:05:00+00:00,604.98,605.11,604.98,605.11,2752.0
2024-12-13 00:10:00+00:00,605.12,605.25,605.12,605.25,2965.0
2024-12-13 00:15:00+00:00,605.24,605.24,605.17,605.17,405.0
2024-12-13 00:20:00+00:00,605.2,605.3,605.2,605.2201,2571.0
2024-12-13 00:25:00+00:00,605.27,605.38,605.27,605.32,3776.0
2024-12-13 00:30:00+00:00,605.38,605.41,605.38,605.4,11400.0
2024-12-13 00:35:00+00:00,605.3,605.3,605.3,605.3,225.0
2024-12-13 00:40:00+00:00,605.43,605.47,605.4,605.4,5622.0
2024-12-13 00:45:00+00:00,605.41,605.42,605.34,605.35,7440.0
2024-12-13 00:50:00+00:00,605.31,605.4485,605.31,605.4485,2110.0
2024-12-13 00:55:00+00:00,605.38,605.57,605.38,605.38,37759.0
2024-12-13 09:00:00+00:00,606.11,606.23,606.1,606.21,5479.0
2024-12-13 09:05:00+00:00,606.23,606.23,606.16,606.16,881.0
2024-12-13 09:10:00+00:00,606.11,606.34,606.11,606.28,2915.0
2024-12-13 09:15:00+00:00,606.31,606.31,606.21,606.22,1474.0
2024-12-13 09:20:00+00:00,606.24,606.31,606.19,606.31,2293.0
2024-12-13 09:25:00+00:00,606.25,606.39,606.25,606.31,1582.0
2024-12-13 09:30:00+00:00,606.25,606.25,606.2,606.2,1385.0
2024-12-13 09:35:00+00:00,606.24,606.24,606.2,606.24,1358.0
2024-12-13 09:40:00+00:00,606.49,606.49,606.49,606.49,123.0
2024-12-13 09:45:00+00:00,606.47,606.5,606.47,606.5,1779.0
2024-12-13 09:50:00+00:00,606.45,606.5,606.45,606.5,2427.0
2024-12-13 09:55:00+00:00,606.56,606.56,606.53,606.53,7897.0
2024-12-13 10:00:00+00:00,606.63,606.63,606.63,606.63,130.0
2024-12-13 10:05:00+00:00,606.67,606.67,606.67,606.67,566.0
2024-12-13 10:10:00+00:00,606.64,606.64,606.64,606.64,439.0
2024-12-13 10:15:00+00:00,606.55,606.55,606.55,606.55,407.0
2024-12-13 10:20:00+00:00,606.59,606.64,606.59,606.64,1446.0
2024-12-13 10:25:00+00:00,606.66,606.69,606.66,606.69,399.0
2024-12-13 10:30:00+00:00,606.6,606.61,606.6,606.61,924.0
2024-12-13 10:35:00+00:00,606.59,606.59,606.59,606.59,455.0
2024-12-13 10:40:00+00:00,606.7,606.7,606.7,606.7,346.0
2024-12-13 10:45:00+00:00,606.74,606.74,606.74,606.74,240.0
2024-12-13 10:50:00+00:00,606.74,606.74,606.74,606.74,189.0
2024-12-13 10:55:00+00:00,606.75,606.75,606.75,606.75,206.0
2024-12-13 11:00:00+00:00,606.72,606.74,606.72,606.74,942.0
2024-12-13 11:05:00+00:00,606.75,606.82,606.75,606.82,2218.0
2024-12-13 11:15:00+00:00,606.71,606.76,606.67,606.67,1737.0
2024-12-13 11:20:00+00:00,606.79,606.81,606.76,606.79,9734.0
2024-12-13 11:25:00+00:00,606.79,606.79,606.65,606.65,1852.0
2024-12-13 11:30:00+00:00,606.64,606.79,606.64,606.79,1888.0
2024-12-13 11:35:00+00:00,606.65,606.65,606.64,606.64,671.0
2024-12-13 11:40:00+00:00,606.59,606.76,606.56,606.76,1315.0
2024-12-13 11:45:00+00:00,606.76,606.76,606.76,606.76,977.0
2024-12-13 11:50:00+00:00,606.67,606.67,606.57,606.57,2307.0
2024-12-13 11:55:00+00:00,606.59,606.72,606.59,606.65,28349.0
2024-12-13 12:00:00+00:00,606.65,606.75,606.6,606.72,7434.0
2024-12-13 12:05:00+00:00,606.75,606.75,606.71,606.75,74017.0
2024-12-13 12:10:00+00:00,606.79,606.84,606.779,606.84,3529.0
2024-12-13 12:15:00+00:00,606.81,606.84,606.74,606.81,2153.0
2024-12-13 12:20:00+00:00,606.76,606.79,606.72,606.79,5579.0
2024-12-13 12:25:00+00:00,606.801,606.81,606.76,606.79,1969.0
2024-12-13 12:30:00+00:00,606.8,606.92,606.8,606.92,22007.0
2024-12-13 12:35:00+00:00,606.9,606.93,606.73,606.73,44217.0
2024-12-13 12:40:00+00:00,606.74,606.87,606.74,606.87,2638.0
2024-12-13 12:45:00+00:00,606.87,606.93,606.87,606.88,12934.0
2024-12-13 12:50:00+00:00,606.85,606.94,606.84,606.94,7818.0
2024-12-13 12:55:00+00:00,606.94,606.96,606.92,606.93,6423.0
2024-12-13 13:00:00+00:00,606.82,607.15,605.1,607.01,40940.0
2024-12-13 13:05:00+00:00,606.96,607.03,606.89,606.89,12385.0
2024-12-13 13:10:00+00:00,606.85,607.08,606.85,607.06,6203.0
2024-12-13 13:15:00+00:00,607.06,607.09,607.0,607.0401,3720.0
2024-12-13 13:20:00+00:00,607.06,607.06,607.0,607.03,23855.0
2024-12-13 13:25:00+00:00,607.0,607.07,607.0,607.01,3341.0
2024-12-13 13:30:00+00:00,607.03,607.16,607.03,607.06,74060.0
2024-12-13 13:35:00+00:00,607.03,607.05,606.87,606.9,9739.0
2024-12-13 13:40:00+00:00,606.88,607.0,606.86,606.97,12766.0
2024-12-13 13:45:00+00:00,606.95,607.0,606.91,606.91,9025.0
2024-12-13 13:50:00+00:00,606.9,606.93,606.73,606.82,21602.0
2024-12-13 13:55:00+00:00,606.87,606.88,606.81,606.86,9333.0
2024-12-13 14:00:00+00:00,606.8,606.8,606.4001,606.44,27267.0
2024-12-13 14:05:00+00:00,606.44,606.45,606.35,606.39,24685.0
2024-12-13 14:10:00+00:00,606.39,606.4,606.26,606.35,14374.0
2024-12-13 14:15:00+00:00,606.32,606.32,606.12,606.16,18179.0
2024-12-13 14:20:00+00:00,606.16,606.18,606.05,606.09,32293.0
2024-12-13 14:25:00+00:00,606.08,606.37,606.0,606.36,94571.0
2024-12-13 14:30:00+00:00,606.4,606.5,606.01,606.43,935853.0
2024-12-13 14:35:00+00:00,606.44,606.57,606.1,606.551,394791.0
2024-12-13 14:40:00+00:00,606.55,606.94,606.51,606.8298,462988.0
2024-12-13 14:45:00+00:00,606.83,607.13,606.8,606.84,450921.0
2024-12-13 14:50:00+00:00,606.85,606.97,606.18,606.29,380306.0
2024-12-13 14:55:00+00:00,606.28,606.48,606.06,606.15,493133.0
2024-12-13 15:00:00+00:00,606.17,606.2,605.67,605.79,482947.0
2024-12-13 15:05:00+00:00,605.76,605.84,605.07,605.59,442582.0
2024-12-13 15:10:00+00:00,605.59,605.99,605.47,605.48,453163.0
2024-12-13 15:15:00+00:00,605.49,605.63,605.1,605.13,321237.0
2024-12-13 15:20:00+00:00,605.14,605.295,605.07,605.16,364342.0
2024-12-13 15:25:00+00:00,605.15,605.325,604.92,605.01,401438.0
2024-12-13 15:30:00+00:00,605.01,605.2674,604.91,604.95,206519.0
2024-12-13 15:35:00+00:00,604.95,605.11,604.81,604.83,239932.0
2024-12-13 15:40:00+00:00,604.81,604.85,603.6,603.830714,885101.0
2024-12-13 15:45:00+00:00,603.8,604.33,603.7,604.26,472390.0
2024-12-13 15:50:00+00:00,604.2401,604.29,603.44,603.685,352466.0
2024-12-13 15:55:00+00:00,603.69,603.9,603.43,603.47,265530.0
2024-12-13 16:00:00+00:00,603.47,603.54,603.16,603.31,378831.0
2024-12-13 16:05:00+00:00,603.3224,603.51,603.13,603.34,259499.0
2024-12-13 16:10:00+00:00,603.38,603.79,603.03,603.1547,524095.0
2024-12-13 16:15:00+00:00,603.2299,604.03,603.165,603.965,298231.0
2024-12-13 16:20:00+00:00,603.955,604.03,603.68,604.03,164809.0
2024-12-13 16:25:00+00:00,604.02,604.025,603.48,603.6799,237471.0
2024-12-13 16:30:00+00:00,603.6625,604.6,603.6586,604.59,761296.0
2024-12-13 16:35:00+00:00,604.59,604.66,603.77,603.77,539057.0
2024-12-13 16:40:00+00:00,603.79,604.38,603.72,603.88,532230.0
2024-12-13 16:45:00+00:00,603.87,603.9,603.6423,603.76,262445.0
2024-12-13 16:50:00+00:00,603.77,603.98,603.49,603.56,212892.0
2024-12-13 16:55:00+00:00,603.56,603.885,603.32,603.81,209982.0
2024-12-13 17:00:00+00:00,603.785,603.81,603.5999,603.695,136345.0
2024-12-13 17:05:00+00:00,603.74,603.84,603.555,603.63,230956.0
2024-12-13 17:10:00+00:00,603.6581,603.99,603.46,603.48,176728.0
2024-12-13 17:15:00+00:00,603.48,603.66,603.3201,603.6283,136490.0
2024-12-13 17:20:00+00:00,603.615,603.7765,603.14,603.34,196407.0
2024-12-13 17:25:00+00:00,603.33,603.33,603.12,603.236837,151246.0
2024-12-13 17:30:00+00:00,603.24,603.24,603.04,603.19,190537.0
2024-12-13 17:35:00+00:00,603.19,603.32,602.9,603.13,401114.0
2024-12-13 17:40:00+00:00,603.13,603.28,602.88,602.98,249094.0
2024-12-13 17:45:00+00:00,602.97,603.17,602.9,603.165,131657.0
2024-12-13 17:50:00+00:00,603.155,603.53,602.92,603.38,223582.0
2024-12-13 17:55:00+00:00,603.3501,603.44,602.83,602.91,233051.0
2024-12-13 18:00:00+00:00,602.9,603.35,602.81,603.24,293029.0
2024-12-13 18:05:00+00:00,603.24,603.365,602.97,603.3,215659.0
2024-12-13 18:10:00+00:00,603.3,603.4499,603.17,603.36,132698.0
2024-12-13 18:15:00+00:00,603.35,603.67,603.26,603.58,205292.0
2024-12-13 18:20:00+00:00,603.58,603.62,603.35,603.5173,286708.0
2024-12-13 18:25:00+00:00,603.52,604.07,603.36,603.9788,289396.0
2024-12-13 18:30:00+00:00,603.97,604.02,603.68,603.9,137624.0
2024-12-13 18:35:00+00:00,603.9,604.17,603.83,604.135,187109.0
2024-12-13 18:40:00+00:00,604.14,604.178,604.0,604.085,369508.0
2024-12-13 18:45:00+00:00,604.08,604.42,604.0,604.31,192779.0
2024-12-13 18:50:00+00:00,604.31,604.31,603.9301,604.105,156555.0
2024-12-13 18:55:00+00:00,604.12,604.17,603.98,604.1,273685.0
2024-12-13 19:00:00+00:00,604.11,604.18,603.9201,604.065,351798.0
2024-12-13 19:05:00+00:00,604.065,604.5286,604.0601,604.525,436493.0
2024-12-13 19:10:00+00:00,604.51,604.51,604.11,604.16,393372.0
2024-12-13 19:15:00+00:00,604.145,604.4272,604.1201,604.35,545300.0
2024-12-13 19:20:00+00:00,604.35,604.395,604.23,604.3795,388254.0
2024-12-13 19:25:00+00:00,604.375,604.4299,604.29,604.38,276472.0
2024-12-13 19:30:00+00:00,604.4,604.63,604.37,604.535,179513.0
2024-12-13 19:35:00+00:00,604.54,604.57,604.3,604.45,260058.0
2024-12-13 19:40:00+00:00,604.48,604.57,604.4,604.45,217338.0
2024-12-13 19:45:00+00:00,604.47,604.57,604.2317,604.34,218521.0
2024-12-13 19:50:00+00:00,604.35,604.47,604.18,604.36,361566.0
2024-12-13 19:55:00+00:00,604.355,604.4,604.15,604.3001,223261.0
2024-12-13 20:00:00+00:00,604.29,604.52,604.27,604.45,250789.0
2024-12-13 20:05:00+00:00,604.45,604.49,604.2,604.32,284424.0
2024-12-13 20:10:00+00:00,604.305,604.44,604.23,604.27,182503.0
2024-12-13 20:15:00+00:00,604.27,604.3,603.94,604.06,297179.0
2024-12-13 20:20:00+00:00,604.06,604.16,603.77,604.1,350614.0
2024-12-13 20:25:00+00:00,604.1,604.32,604.1,604.27,388082.0
2024-12-13 20:30:00+00:00,604.26,604.49,604.1799,604.48,405806.0
2024-12-13 20:35:00+00:00,604.49,604.7,604.32,604.61,360513.0
2024-12-13 20:40:00+00:00,604.61,604.62,604.3,604.33,335582.0
2024-12-13 20:45:00+00:00,604.34,604.7,604.33,604.68,496200.0
2024-12-13 20:50:00+00:00,604.69,604.69,604.11,604.16,927344.0
2024-12-13 20:55:00+00:00,604.16,604.49,604.1,604.26,1734785.0
2024-12-13 21:00:00+00:00,604.31,604.31,603.78,603.82,800464.0
2024-12-13 21:05:00+00:00,603.8,603.96,603.8,603.85,684408.0
2024-12-13 21:10:00+00:00,603.88,603.93,603.71,603.71,2434218.0
2024-12-13 21:15:00+00:00,603.71,603.75,603.6,603.629,25625.0
2024-12-13 21:20:00+00:00,603.62,603.74,603.51,603.54,194338.0
2024-12-13 21:25:00+00:00,603.53,603.53,603.39,603.4001,53509.0
2024-12-13 21:30:00+00:00,603.4,603.5,603.39,603.4799,21126.0
2024-12-13 21:35:00+00:00,603.47,603.63,603.43,603.58,141664.0
2024-12-13 21:40:00+00:00,603.55,603.64,603.55,603.59,47968.0
2024-12-13 21:45:00+00:00,603.63,603.73,603.63,603.67,16670.0
2024-12-13 21:50:00+00:00,603.71,603.78,603.71,603.77,23340.0
2024-12-13 21:55:00+00:00,603.8,603.8193,603.75,603.75,10255.0
2024-12-13 22:00:00+00:00,603.75,603.859,603.72,603.859,505935.0
2024-12-13 22:05:00+00:00,603.85,604.05,603.85,604.04,33857.0
2024-12-13 22:10:00+00:00,604.05,604.05,603.99,604.05,24726.0
2024-12-13 22:15:00+00:00,604.0,604.21,604.0,604.21,10282.0
2024-12-13 22:20:00+00:00,604.0332,604.0332,603.92,603.99,824.0
2024-12-13 22:25:00+00:00,603.9516,604.04,603.9516,604.04,2704.0
2024-12-13 22:30:00+00:00,604.08,604.08,604.08,604.08,2094.0
2024-12-13 22:35:00+00:00,604.0483,604.0483,603.92,603.92,979.0
2024-12-13 22:40:00+00:00,603.96,603.97,603.9203,603.9681,2475.0
2024-12-13 22:45:00+00:00,603.9499,603.9499,603.91,603.91,1241.0
2024-12-13 22:50:00+00:00,603.9197,603.92,603.9197,603.92,487.0
2024-12-13 22:55:00+00:00,603.92,603.95,603.92,603.95,617.0
2024-12-13 23:00:00+00:00,603.91,603.91,603.85,603.85,1019.0
2024-12-13 23:05:00+00:00,603.93,604.08,603.93,604.08,2042.0
2024-12-13 23:10:00+00:00,604.04,604.05,603.95,603.95,6035.0
2024-12-13 23:15:00+00:00,603.86,603.86,603.85,603.85,1161.0
2024-12-13 23:20:00+00:00,604.0,604.08,604.0,604.08,2136.0
2024-12-13 23:25:00+00:00,604.0525,604.0525,603.99,603.99,1998.0
2024-12-13 23:30:00+00:00,604.02,604.02,603.94,604.0198,525.0
2024-12-13 23:45:00+00:00,604.06,604.06,604.0,604.0,1009.0
2024-12-13 23:55:00+00:00,604.06,604.08,603.99,603.99,887.0
2024-12-14 00:05:00+00:00,603.8748,603.8748,603.8748,603.8748,337.0
2024-12-14 00:20:00+00:00,603.91,603.91,603.85,603.85,2147.0
2024-12-14 00:25:00+00:00,603.99,603.99,603.99,603.99,226.0
2024-12-14 00:30:00+00:00,603.9,603.9,603.9,603.9,310.0
2024-12-14 00:35:00+00:00,603.88,603.88,603.88,603.88,148.0
2024-12-14 00:40:00+00:00,603.87,603.99,603.87,603.99,874.0
2024-12-14 00:45:00+00:00,604.02,604.08,603.92,603.92,1060.0
2024-12-14 00:50:00+00:00,603.97,603.97,603.8,603.8,3497.0
2024-12-14 00:55:00+00:00,603.74,603.9,603.68,603.85,2767.0
2024-12-16 09:00:00+00:00,604.12,604.87,604.12,604.56,4011.0
2024-12-16 09:05:00+00:00,604.6,604.76,604.6,604.76,726.0
2024-12-16 09:10:00+00:00,604.88,604.88,604.88,604.88,600.0
2024-12-16 09:15:00+00:00,604.93,604.93,604.88,604.88,1447.0
2024-12-16 09:20:00+00:00,604.87,604.88,604.84,604.88,905.0
2024-12-16 09:30:00+00:00,604.93,604.93,604.93,604.93,289.0
2024-12-16 09:35:00+00:00,604.97,604.97,604.96,604.96,288.0
2024-12-16 09:40:00+00:00,605.03,605.07,604.96,605.07,3348.0
2024-12-16 09:45:00+00:00,605.02,605.07,605.02,605.07,670.0
2024-12-16 09:50:00+00:00,605.05,605.08,605.05,605.08,744.0
2024-12-16 09:55:00+00:00,605.16,605.16,605.16,605.16,100.0
2024-12-16 10:00:00+00:00,605.25,605.25,605.18,605.24,2418.0
2024-12-16 10:05:00+00:00,605.3,605.39,605.3,605.34,1842.0
2024-12-16 10:10:00+00:00,605.3,605.37,605.3,605.34,2407.0
2024-12-16 10:15:00+00:00,605.38,605.38,605.38,605.38,439.0
2024-12-16 10:20:00+00:00,605.42,605.42,605.37,605.37,499.0
2024-12-16 10:25:00+00:00,605.5,605.55,605.5,605.55,1205.0
2024-12-16 10:30:00+00:00,605.57,605.67,605.57,605.67,5077.0
2024-12-16 10:35:00+00:00,605.65,605.65,605.44,605.46,1505.0
2024-12-16 10:40:00+00:00,605.46,605.47,605.44,605.47,1754.0
2024-12-16 10:45:00+00:00,605.52,605.52,605.51,605.51,655.0
2024-12-16 10:50:00+00:00,605.52,605.52,605.52,605.52,844.0
2024-12-16 10:55:00+00:00,605.43,605.44,605.43,605.44,1263.0
2024-12-16 11:00:00+00:00,605.31,605.31,605.24,605.24,1890.0
2024-12-16 11:05:00+00:00,605.2,605.27,605.2,605.27,1004.0
2024-12-16 11:10:00+00:00,605.1,605.11,605.06,605.06,3860.0
2024-12-16 11:15:00+00:00,605.03,605.03,604.99,604.99,982.0
2024-12-16 11:25:00+00:00,605.02,605.15,605.0,605.15,881.0
2024-12-16 11:30:00+00:00,605.19,605.2,605.16,605.16,2504.0
2024-12-16 11:40:00+00:00,605.12,605.23,605.12,605.23,737.0
2024-12-16 11:45:00+00:00,605.33,605.37,605.33,605.36,1209.0
2024-12-16 11:50:00+00:00,605.36,605.39,605.36,605.39,911.0
2024-12-16 11:55:00+00:00,605.34,605.34,605.34,605.34,115.0
2024-12-16 12:00:00+00:00,605.34,605.43,605.33,605.41,6198.0
2024-12-16 12:05:00+00:00,605.391,605.42,605.301,605.301,3971.0
2024-12-16 12:10:00+00:00,605.39,605.73,605.39,605.73,8149.0
2024-12-16 12:15:00+00:00,605.7,605.75,605.7,605.73,5962.0
2024-12-16 12:20:00+00:00,605.74,605.74,605.66,605.67,2374.0
2024-12-16 12:25:00+00:00,605.67,605.72,605.63,605.71,12153.0
2024-12-16 12:30:00+00:00,605.74,605.77,605.71,605.77,7755.0
2024-12-16 12:35:00+00:00,605.68,605.68,605.67,605.67,652.0
2024-12-16 12:40:00+00:00,605.65,605.72,605.64,605.68,2750.0
2024-12-16 12:45:00+00:00,605.71,605.71,605.54,605.6,5377.0
2024-12-16 12:50:00+00:00,605.55,605.65,605.52,605.64,13999.0
2024-12-16 12:55:00+00:00,605.64,605.64,605.62,605.62,582.0
2024-12-16 13:00:00+00:00,605.6589,605.7192,604.42,605.6,40288.0
2024-12-16 13:05:00+00:00,605.59,605.6,605.55,605.56,1722.0
2024-12-16 13:10:00+00:00,605.49,605.71,605.44,605.71,6311.0
2024-12-16 13:15:00+00:00,605.71,605.82,605.71,605.82,5569.0
2024-12-16 13:20:00+00:00,605.88,606.07,605.88,606.07,9358.0
2024-12-16 13:25:00+00:00,606.06,606.21,606.06,606.15,7385.0
2024-12-16 13:30:00+00:00,606.12,606.24,606.11,606.18,15176.0
2024-12-16 13:35:00+00:00,606.1414,606.2,606.0,606.0,108628.0
2024-12-16 13:40:00+00:00,606.07,606.19,605.99,606.19,9220.0
2024-12-16 13:45:00+00:00,606.15,606.25,606.15,606.2,14482.0
2024-12-16 13:50:00+00:00,606.2,606.25,606.1504,606.1504,22047.0
2024-12-16 13:55:00+00:00,606.2,606.38,606.2,606.38,13937.0
2024-12-16 14:00:00+00:00,606.37,606.391,606.34,606.38,8977.0
2024-12-16 14:05:00+00:00,606.31,606.34,606.03,606.14,18001.0
2024-12-16 14:10:00+00:00,606.14,606.14,605.91,605.95,15668.0
2024-12-16 14:15:00+00:00,605.98,606.07,605.87,606.0199,11603.0
2024-12-16 14:20:00+00:00,605.9,605.96,605.85,605.85,10896.0
2024-12-16 14:25:00+00:00,605.83,606.06,605.66,606.0,127328.0
2024-12-16 14:30:00+00:00,606.0,606.4,605.777,605.89,1159787.0
2024-12-16 14:35:00+00:00,605.89,606.05,605.701,606.02,356957.0
2024-12-16 14:40:00+00:00,606.02,606.2895,605.63,605.72,396608.0
2024-12-16 14:45:00+00:00,605.75,606.11,605.5801,605.97,481267.0
2024-12-16 14:50:00+00:00,605.9708,606.37,605.86,606.365,446226.0
2024-12-16 14:55:00+00:00,606.36,606.36,605.98,606.27,305085.0
2024-12-16 15:00:00+00:00,606.3,606.65,606.23,606.65,543611.0
2024-12-16 15:05:00+00:00,606.66,606.6772,606.275,606.34,280140.0
2024-12-16 15:10:00+00:00,606.36,606.49,605.98,606.04,406505.0
2024-12-16 15:15:00+00:00,606.06,606.12,605.67,605.765,247115.0
2024-12-16 15:20:00+00:00,605.765,605.87,605.21,605.84,506073.0
2024-12-16 15:25:00+00:00,605.82,606.47,605.77,606.46,294331.0
2024-12-16 15:30:00+00:00,606.45,606.92,606.36,606.91,342527.0
2024-12-16 15:35:00+00:00,606.9163,607.045,606.8199,606.99,329790.0
2024-12-16 15:40:00+00:00,606.99,607.01,606.6825,606.87,225549.0
2024-12-16 15:45:00+00:00,606.87,606.9,606.73,606.81,212279.0
2024-12-16 15:50:00+00:00,606.84,606.9,606.62,606.75,351172.0
2024-12-16 15:55:00+00:00,606.74,607.11,606.64,606.71,336712.0
2024-12-16 16:00:00+00:00,606.71,606.935,606.58,606.78,325387.0
2024-12-16 16:05:00+00:00,606.79,606.94,606.785,606.85,147550.0
2024-12-16 16:10:00+00:00,606.853,606.98,606.8,606.85,222836.0
2024-12-16 16:15:00+00:00,606.84,606.85,606.535,606.83,391424.0
2024-12-16 16:20:00+00:00,606.84,606.93,606.7,606.9,210327.0
2024-12-16 16:25:00+00:00,606.88,606.91,606.675,606.72,203360.0
2024-12-16 16:30:00+00:00,606.73,606.79,606.45,606.53,181854.0
2024-12-16 16:35:00+00:00,606.53,606.75,606.47,606.62,185658.0
2024-12-16 16:40:00+00:00,606.64,606.77,606.41,606.49,155870.0
2024-12-16 16:45:00+00:00,606.49,606.72,606.4,606.72,204960.0
2024-12-16 16:50:00+00:00,606.73,606.8966,606.69,606.86,149461.0
2024-12-16 16:55:00+00:00,606.87,606.96,606.77,606.95,313498.0
2024-12-16 17:00:00+00:00,606.96,607.03,606.61,606.71,150546.0
2024-12-16 17:05:00+00:00,606.72,606.77,606.56,606.75,140060.0
2024-12-16 17:10:00+00:00,606.75,606.93,606.73,606.89,129008.0
2024-12-16 17:15:00+00:00,606.91,606.99,606.9,606.93,116533.0
2024-12-16 17:20:00+00:00,606.9399,606.99,606.84,606.92,84121.0
2024-12-16 17:25:00+00:00,606.91,606.99,606.89,606.95,360684.0
2024-12-16 17:30:00+00:00,606.95,607.05,606.93,606.99,350048.0
2024-12-16 17:35:00+00:00,606.98,607.1999,606.9167,607.1899,399324.0
2024-12-16 17:40:00+00:00,607.188,607.34,607.1501,607.21,167932.0
2024-12-16 17:45:00+00:00,607.2001,607.24,607.08,607.11,240956.0
2024-12-16 17:50:00+00:00,607.11,607.185,606.86,607.08,179066.0
2024-12-16 17:55:00+00:00,607.09,607.29,606.971,607.255,140573.0
2024-12-16 18:00:00+00:00,607.26,607.34,607.16,607.335,312775.0
2024-12-16 18:05:00+00:00,607.33,607.42,607.281,607.37,270567.0
2024-12-16 18:10:00+00:00,607.37,607.405,607.2608,607.32,254887.0
2024-12-16 18:15:00+00:00,607.31,607.48,607.295,607.45,317554.0
2024-12-16 18:20:00+00:00,607.445,607.69,607.44,607.65,245112.0
2024-12-16 18:25:00+00:00,607.66,607.72,607.6322,607.72,365596.0
2024-12-16 18:30:00+00:00,607.71,607.7795,607.465,607.5101,307017.0
2024-12-16 18:35:00+00:00,607.5111,607.61,607.42,607.48,232881.0
2024-12-16 18:40:00+00:00,607.485,607.65,607.46,607.61,149850.0
2024-12-16 18:45:00+00:00,607.65,607.66,607.51,607.595,151130.0
2024-12-16 18:50:00+00:00,607.6,607.69,607.545,607.63,145748.0
2024-12-16 18:55:00+00:00,607.63,607.6951,607.595,607.62,109155.0
2024-12-16 19:00:00+00:00,607.61,607.61,607.38,607.45,216766.0
2024-12-16 19:05:00+00:00,607.46,607.53,607.4,607.47,422647.0
2024-12-16 19:10:00+00:00,607.47,607.56,607.405,607.56,153790.0
2024-12-16 19:15:00+00:00,607.56,607.66,607.49,607.57,355250.0
2024-12-16 19:20:00+00:00,607.57,607.58,607.42,607.525,214581.0
2024-12-16 19:25:00+00:00,607.525,607.53,607.32,607.35,296872.0
2024-12-16 19:30:00+00:00,607.34,607.41,607.29,607.4,241630.0
2024-12-16 19:35:00+00:00,607.41,607.59,607.29,607.58,200504.0
2024-12-16 19:40:00+00:00,607.57,607.59,607.44,607.45,170314.0
2024-12-16 19:45:00+00:00,607.44,607.47,607.36,607.44,257286.0
2024-12-16 19:50:00+00:00,607.44,607.58,607.4,607.5599,201514.0
2024-12-16 19:55:00+00:00,607.5487,607.66,607.5,607.5,1259692.0
2024-12-16 20:00:00+00:00,607.51,607.54,607.41,607.475,373682.0
2024-12-16 20:05:00+00:00,607.48,607.76,607.48,607.735,264399.0
2024-12-16 20:10:00+00:00,607.7313,607.775,607.68,607.695,254936.0
2024-12-16 20:15:00+00:00,607.685,607.76,607.6,607.62,398387.0
2024-12-16 20:20:00+00:00,607.615,607.68,607.46,607.485,415065.0
2024-12-16 20:25:00+00:00,607.49,607.7,607.475,607.59,261180.0
2024-12-16 20:30:00+00:00,607.58,607.581,607.33,607.345,414694.0
2024-12-16 20:35:00+00:00,607.35,607.4,607.21,607.28,483725.0
2024-12-16 20:40:00+00:00,607.27,607.27,606.98,606.985,1675255.0
2024-12-16 20:45:00+00:00,606.98,606.98,606.585,606.735,783448.0
2024-12-16 20:50:00+00:00,606.73,606.73,606.055,606.295,2733521.0
2024-12-16 20:55:00+00:00,606.3,606.88,606.3,606.775,4343024.0
2024-12-16 21:00:00+00:00,606.76,607.8704,606.5,606.6001,888736.0
2024-12-16 21:05:00+00:00,606.6,606.62,606.5,606.52,1873521.0
2024-12-16 21:10:00+00:00,606.52,606.65,606.3,606.34,2523759.0
2024-12-16 21:15:00+00:00,606.34,606.79,606.23,606.3,1144135.0
2024-12-16 21:20:00+00:00,606.34,606.6897,606.11,606.11,658663.0
2024-12-16 21:25:00+00:00,606.15,606.18,606.08,606.13,179283.0
2024-12-16 21:30:00+00:00,606.14,606.28,606.12,606.21,10226.0
2024-12-16 21:35:00+00:00,606.24,606.28,606.2,606.28,9025.0
2024-12-16 21:40:00+00:00,606.28,606.29,606.2,606.26,13632.0
2024-12-16 21:45:00+00:00,606.3,606.39,606.3,606.39,4534.0
2024-12-16 21:50:00+00:00,606.3501,606.38,606.34,606.34,9208.0
2024-12-16 21:55:00+00:00,606.29,606.38,606.29,606.32,1572.0
2024-12-16 22:00:00+00:00,606.45,606.47,606.45,606.47,1405.0
2024-12-16 22:05:00+00:00,606.5,606.5,606.47,606.49,851.0
2024-12-16 22:10:00+00:00,606.38,606.38,606.36,606.38,629.0
2024-12-16 22:15:00+00:00,606.4,606.48,606.23,606.25,19021.0
2024-12-16 22:20:00+00:00,606.22,606.22,606.21,606.22,10162.0
2024-12-16 22:25:00+00:00,606.29,606.6959,606.24,606.24,51034.0
2024-12-16 22:30:00+00:00,606.24,606.24,606.2,606.2,8731.0
2024-12-16 22:35:00+00:00,606.2199,606.32,606.15,606.32,9439.0
2024-12-16 22:40:00+00:00,606.29,606.29,606.29,606.29,374.0
2024-12-16 22:45:00+00:00,606.29,606.29,606.2516,606.29,1468.0
2024-12-16 22:50:00+00:00,606.29,606.32,606.29,606.2917,1170.0
2024-12-16 22:55:00+00:00,606.3,606.34,606.25,606.3,4663.0
2024-12-16 23:00:00+00:00,606.34,606.35,606.21,606.25,20074.0
2024-12-16 23:05:00+00:00,606.22,606.35,605.9,605.97,8348.0
2024-12-16 23:10:00+00:00,605.85,605.96,605.85,605.9,1406.0
2024-12-16 23:15:00+00:00,605.99,606.0,605.79,605.79,3467.0
2024-12-16 23:20:00+00:00,605.88,605.99,605.88,605.99,1702.0
2024-12-16 23:25:00+00:00,605.97,605.99,605.929,605.9442,1484.0
2024-12-16 23:30:00+00:00,605.99,606.02,605.99,606.02,1768.0
2024-12-16 23:35:00+00:00,606.04,606.11,606.02,606.11,3218.0
2024-12-16 23:40:00+00:00,606.1,606.13,606.1,606.13,2799.0
2024-12-16 23:45:00+00:00,606.15,606.18,606.15,606.18,592.0
2024-12-16 23:50:00+00:00,606.15,606.22,606.15,606.18,2794.0
2024-12-16 23:55:00+00:00,606.14,606.15,606.12,606.12,1339.0
2024-12-17 00:00:00+00:00,606.1,606.1,606.02,606.02,1818.0
2024-12-17 00:05:00+00:00,606.02,606.04,606.02,606.04,345.0
2024-12-17 00:10:00+00:00,606.1,606.1,606.0,606.0,843.0
2024-12-17 00:15:00+00:00,606.02,606.05,605.99,606.02,1568.0
2024-12-17 00:20:00+00:00,605.99,605.99,605.99,605.99,108.0
2024-12-17 00:25:00+00:00,606.0,606.03,605.95,606.03,1894.0
2024-12-17 00:30:00+00:00,606.03,606.04,606.01,606.01,1277.0
2024-12-17 00:35:00+00:00,606.01,606.01,605.9,605.9,954.0
2024-12-17 00:40:00+00:00,606.0,606.08,606.0,606.07,1035.0
2024-12-17 00:45:00+00:00,606.07,606.07,606.02,606.02,1080.0
2024-12-17 00:50:00+00:00,606.03,606.0399,606.0,606.01,1968.0
2024-12-17 00:55:00+00:00,605.96,606.01,605.92,605.98,2383.0
2024-12-17 09:00:00+00:00,605.35,605.35,604.8,605.19,23512.0
2024-12-17 09:05:00+00:00,605.12,605.21,605.02,605.21,4082.0
2024-12-17 09:10:00+00:00,605.15,605.2,605.11,605.2,2835.0
2024-12-17 09:15:00+00:00,605.2,605.22,605.15,605.15,2219.0
2024-12-17 09:20:00+00:00,605.15,605.15,604.87,604.87,2593.0
2024-12-17 09:25:00+00:00,604.87,604.87,604.87,604.87,151.0
2024-12-17 09:30:00+00:00,605.1,605.17,605.06,605.09,4177.0
2024-12-17 09:35:00+00:00,605.11,605.16,605.09,605.09,1126.0
2024-12-17 09:40:00+00:00,605.1,605.11,605.01,605.11,1442.0
2024-12-17 09:45:00+00:00,605.08,605.08,605.08,605.08,388.0
2024-12-17 09:50:00+00:00,605.18,605.2,605.17,605.2,1048.0
2024-12-17 09:55:00+00:00,605.36,605.36,605.33,605.33,672.0
2024-12-17 10:00:00+00:00,605.37,605.37,605.24,605.24,428.0
2024-12-17 10:05:00+00:00,605.36,605.36,605.36,605.36,210.0
2024-12-17 10:10:00+00:00,605.39,605.39,605.32,605.32,562.0
2024-12-17 10:15:00+00:00,605.16,605.16,605.16,605.16,353.0
2024-12-17 10:20:00+00:00,605.0,605.08,605.0,605.08,360.0
2024-12-17 10:25:00+00:00,605.06,605.06,605.06,605.06,927.0
2024-12-17 10:40:00+00:00,605.36,605.36,605.36,605.36,318.0
2024-12-17 10:45:00+00:00,605.35,605.35,605.24,605.24,505.0
2024-12-17 10:50:00+00:00,605.24,605.24,605.24,605.24,373.0
2024-12-17 10:55:00+00:00,605.42,605.42,605.39,605.39,1054.0
2024-12-17 11:05:00+00:00,605.14,605.19,605.14,605.19,401.0
2024-12-17 11:10:00+00:00,605.28,605.28,605.28,605.28,112.0
2024-12-17 11:15:00+00:00,605.5,605.62,605.5,605.62,1221.0
2024-12-17 11:20:00+00:00,605.57,605.61,605.57,605.61,3041.0
2024-12-17 11:25:00+00:00,605.49,605.53,605.49,605.53,451.0
2024-12-17 11:40:00+00:00,605.2,605.2,604.98,605.05,2497.0
2024-12-17 11:45:00+00:00,604.85,604.99,604.85,604.99,1574.0
2024-12-17 11:50:00+00:00,604.95,604.95,604.85,604.85,19308.0
2024-12-17 11:55:00+00:00,604.85,605.02,604.85,605.02,5552.0
2024-12-17 12:00:00+00:00,605.09,605.25,604.94,604.94,6489.0
2024-12-17 12:05:00+00:00,604.94,604.99,604.87,604.92,9873.0
2024-12-17 12:10:00+00:00,604.9,605.0,604.8,604.98,13724.0
2024-12-17 12:15:00+00:00,604.94,604.94,604.86,604.909,9406.0
2024-12-17 12:20:00+00:00,604.95,604.95,604.8,604.84,28321.0
2024-12-17 12:25:00+00:00,604.88,604.91,604.86,604.91,5983.0
2024-12-17 12:30:00+00:00,604.86,604.86,604.81,604.83,2973.0
2024-12-17 12:35:00+00:00,604.82,604.85,604.8,604.81,5375.0
2024-12-17 12:40:00+00:00,604.88,605.01,604.88,605.01,1773.0
2024-12-17 12:45:00+00:00,604.93,605.02,604.9,604.93,33703.0
2024-12-17 12:50:00+00:00,604.89,604.9,604.83,604.83,7139.0
2024-12-17 12:55:00+00:00,604.83,604.84,604.66,604.68,26684.0
2024-12-17 13:00:00+00:00,604.86,606.46,604.04,604.1199,107157.0
2024-12-17 13:05:00+00:00,604.11,604.21,604.02,604.06,27641.0
2024-12-17 13:10:00+00:00,604.06,604.23,604.04,604.12,17207.0
2024-12-17 13:15:00+00:00,604.2,604.43,604.18,604.43,14743.0
2024-12-17 13:20:00+00:00,604.42,604.49,604.35,604.48,25813.0
2024-12-17 13:25:00+00:00,604.5,604.5,604.3,604.35,13483.0
2024-12-17 13:30:00+00:00,604.27,604.65,604.21,604.41,44734.0
2024-12-17 13:35:00+00:00,604.49,604.55,604.15,604.5203,12341.0
2024-12-17 13:40:00+00:00,604.5299,604.5299,604.06,604.06,12550.0
2024-12-17 13:45:00+00:00,604.11,604.32,604.11,604.29,29334.0
2024-12-17 13:50:00+00:00,604.33,604.35,604.28,604.3,4479.0
2024-12-17 13:55:00+00:00,604.4,604.62,604.4,604.6,17239.0
2024-12-17 14:00:00+00:00,604.6,604.78,604.55,604.77,21983.0
2024-12-17 14:05:00+00:00,604.77,604.9,604.7401,604.78,45359.0
2024-12-17 14:10:00+00:00,604.71,604.71,604.53,604.56,13648.0
2024-12-17 14:15:00+00:00,604.66,604.66,604.46,604.57,13364.0
2024-12-17 14:20:00+00:00,604.58,604.63,604.53,604.59,46196.0
2024-12-17 14:25:00+00:00,604.52,604.55,604.17,604.19,59229.0
2024-12-17 14:30:00+00:00,604.19,604.29,603.6004,604.04,1249314.0
2024-12-17 14:35:00+00:00,604.06,604.22,603.7233,604.05,533677.0
2024-12-17 14:40:00+00:00,604.06,604.61,603.7999,604.52,759285.0
2024-12-17 14:45:00+00:00,604.5,604.725,604.27,604.59,483690.0
2024-12-17 14:50:00+00:00,604.6,604.85,604.45,604.825,482088.0
2024-12-17 14:55:00+00:00,604.82,604.86,604.3,604.4,634707.0
2024-12-17 15:00:00+00:00,604.38,604.41,603.75,603.91,507589.0
2024-12-17 15:05:00+00:00,603.94,604.21,603.76,603.83,285615.0
2024-12-17 15:10:00+00:00,603.82,603.86,603.34,603.4,462904.0
2024-12-17 15:15:00+00:00,603.4,603.75,603.23,603.43,840181.0
2024-12-17 15:20:00+00:00,603.43,603.49,603.23,603.41,493913.0
2024-12-17 15:25:00+00:00,603.42,603.44,603.16,603.22,311181.0
2024-12-17 15:30:00+00:00,603.2,603.46,603.17,603.29,569766.0
2024-12-17 15:35:00+00:00,603.275,603.63,603.165,603.62,388371.0
2024-12-17 15:40:00+00:00,603.62,603.72,603.28,603.64,331245.0
2024-12-17 15:45:00+00:00,603.63,603.85,603.59,603.72,297746.0
2024-12-17 15:50:00+00:00,603.73,603.88,603.63,603.765,323633.0
2024-12-17 15:55:00+00:00,603.775,603.99,603.6,603.935,381979.0
2024-12-17 16:00:00+00:00,603.935,604.27,603.85,604.1201,300260.0
2024-12-17 16:05:00+00:00,604.13,605.0601,603.92,605.01,881167.0
2024-12-17 16:10:00+00:00,605.03,605.11,604.8699,604.99,321582.0
2024-12-17 16:15:00+00:00,605.015,605.02,604.43,604.52,288527.0
2024-12-17 16:20:00+00:00,604.54,604.6099,604.16,604.35,205367.0
2024-12-17 16:25:00+00:00,604.345,604.5799,604.26,604.39,315333.0
2024-12-17 16:30:00+00:00,604.36,604.97,604.27,604.82,548788.0
2024-12-17 16:35:00+00:00,604.83,605.1,604.75,605.03,243524.0
2024-12-17 16:40:00+00:00,605.0294,605.1095,604.84,605.05,220053.0
2024-12-17 16:45:00+00:00,605.04,605.07,604.915,605.065,212545.0
2024-12-17 16:50:00+00:00,605.08,605.17,604.67,604.73,306981.0
2024-12-17 16:55:00+00:00,604.73,604.94,604.7,604.94,208842.0
2024-12-17 17:00:00+00:00,604.94,604.965,604.3901,604.4123,242291.0
2024-12-17 17:05:00+00:00,604.42,604.69,604.38,604.69,181835.0
2024-12-17 17:10:00+00:00,604.68,604.7,604.3601,604.475,201794.0
2024-12-17 17:15:00+00:00,604.46,604.61,604.36,604.37,271863.0
2024-12-17 17:20:00+00:00,604.37,604.66,604.28,604.33,209990.0
2024-12-17 17:25:00+00:00,604.33,604.54,604.26,604.54,187086.0
2024-12-17 17:30:00+00:00,604.55,604.69,604.33,604.6899,768501.0
2024-12-17 17:35:00+00:00,604.68,604.89,604.49,604.89,284933.0
2024-12-17 17:40:00+00:00,604.88,604.97,604.8,604.94,302048.0
2024-12-17 17:45:00+00:00,604.93,604.97,604.7398,604.75,158526.0
2024-12-17 17:50:00+00:00,604.76,604.8479,604.64,604.805,249872.0
2024-12-17 17:55:00+00:00,604.805,604.89,604.66,604.82,150887.0
2024-12-17 18:00:00+00:00,604.79,604.79,604.605,604.685,165222.0
2024-12-17 18:05:00+00:00,604.68,604.68,604.44,604.65,115977.0
2024-12-17 18:10:00+00:00,604.67,604.7,604.5,604.53,383830.0
2024-12-17 18:15:00+00:00,604.54,604.6,604.14,604.195,223002.0
2024-12-17 18:20:00+00:00,604.19,604.34,604.02,604.32,368652.0
2024-12-17 18:25:00+00:00,604.31,604.415,604.17,604.215,1477581.0
2024-12-17 18:30:00+00:00,604.22,604.35,604.065,604.34,192595.0
2024-12-17 18:35:00+00:00,604.34,604.345,604.1201,604.145,208305.0
2024-12-17 18:40:00+00:00,604.145,604.41,604.14,604.365,521458.0
2024-12-17 18:45:00+00:00,604.365,604.44,604.09,604.09,228570.0
2024-12-17 18:50:00+00:00,604.09,604.36,604.09,604.32,516476.0
2024-12-17 18:55:00+00:00,604.3,604.37,604.17,604.25,123469.0
2024-12-17 19:00:00+00:00,604.24,604.3,604.03,604.07,291941.0
2024-12-17 19:05:00+00:00,604.0899,604.09,603.9,604.015,403380.0
2024-12-17 19:10:00+00:00,604.01,604.11,603.93,603.975,224217.0
2024-12-17 19:15:00+00:00,603.9702,604.02,603.87,603.9,478816.0
2024-12-17 19:20:00+00:00,603.89,603.91,603.61,603.68,376709.0
2024-12-17 19:25:00+00:00,603.685,603.82,603.6199,603.675,279362.0
2024-12-17 19:30:00+00:00,603.6799,603.685,603.44,603.56,613348.0
2024-12-17 19:35:00+00:00,603.56,603.59,603.32,603.405,329054.0
2024-12-17 19:40:00+00:00,603.405,603.73,603.29,603.6702,589918.0
2024-12-17 19:45:00+00:00,603.67,603.71,603.25,603.34,425737.0
2024-12-17 19:50:00+00:00,603.36,603.46,603.255,603.37,388344.0
2024-12-17 19:55:00+00:00,603.37,603.565,603.315,603.41,430085.0
2024-12-17 20:00:00+00:00,603.4,603.4299,603.2301,603.25,900961.0
2024-12-17 20:05:00+00:00,603.25,603.41,603.15,603.395,711147.0
2024-12-17 20:10:00+00:00,603.399,603.5,603.19,603.3,327427.0
2024-12-17 20:15:00+00:00,603.3,603.48,603.14,603.16,346387.0
2024-12-17 20:20:00+00:00,603.15,603.18,602.885,602.92,576419.0
2024-12-17 20:25:00+00:00,602.92,603.14,602.915,603.09,445249.0
2024-12-17 20:30:00+00:00,603.09,603.28,602.96,603.17,533828.0
2024-12-17 20:35:00+00:00,603.17,603.69,603.15,603.61,831718.0
2024-12-17 20:40:00+00:00,603.61,604.06,603.59,604.0321,928239.0
2024-12-17 20:45:00+00:00,604.03,604.24,603.74,603.85,734464.0
2024-12-17 20:50:00+00:00,603.86,604.63,603.82,604.56,1420323.0
2024-12-17 20:55:00+00:00,604.58,604.74,604.06,604.24,3263432.0
2024-12-17 21:00:00+00:00,604.22,604.35,603.66,603.71,3021193.0
2024-12-17 21:05:00+00:00,603.72,604.3649,603.72,603.84,2975743.0
2024-12-17 21:10:00+00:00,603.82,604.3399,603.75,603.95,6031228.0
2024-12-17 21:15:00+00:00,603.94,603.96,603.8,603.95,56822.0
2024-12-17 21:20:00+00:00,603.95,604.4,603.92,604.39,91842.0
2024-12-17 21:25:00+00:00,604.39,604.47,604.32,604.36,204331.0
2024-12-17 21:30:00+00:00,604.33,604.41,604.29,604.33,93655.0
2024-12-17 21:35:00+00:00,604.29,604.3,604.05,604.06,401956.0
2024-12-17 21:40:00+00:00,604.02,604.05,603.94,603.99,149283.0
2024-12-17 21:45:00+00:00,603.99,604.13,603.92,604.12,57948.0
2024-12-17 21:50:00+00:00,604.09,604.18,604.02,604.12,46894.0
2024-12-17 21:55:00+00:00,604.12,604.13,603.9,604.03,36057.0
2024-12-17 22:00:00+00:00,604.0,604.0,604.0,604.0,2079.0
2024-12-17 22:05:00+00:00,604.01,604.01,604.0,604.0,886.0
2024-12-17 22:10:00+00:00,604.0499,604.05,604.0,604.05,1483.0
2024-12-17 22:15:00+00:00,604.04,604.04,604.04,604.04,506.0
2024-12-17 22:20:00+00:00,604.04,604.04,604.04,604.04,178.0
2024-12-17 22:25:00+00:00,604.05,604.12,604.05,604.12,620.0
2024-12-17 22:30:00+00:00,604.05,604.05,604.05,604.05,166.0
2024-12-17 22:35:00+00:00,604.15,604.15,604.15,604.15,144.0
2024-12-17 22:40:00+00:00,604.05,604.05,603.92,603.92,11097.0
2024-12-17 22:50:00+00:00,604.01,604.01,604.01,604.01,182.0
2024-12-17 22:55:00+00:00,604.1,604.15,604.0229,604.15,4786.0
2024-12-17 23:00:00+00:00,604.14,604.15,602.87,602.88,26985.0
2024-12-17 23:05:00+00:00,603.06,603.33,603.06,603.33,6625.0
2024-12-17 23:10:00+00:00,603.35,603.37,603.24,603.37,2041.0
2024-12-17 23:15:00+00:00,603.26,603.44,603.26,603.4,1723.0
2024-12-17 23:20:00+00:00,603.4,603.4,603.39,603.39,607.0
2024-12-17 23:25:00+00:00,603.31,603.42,603.31,603.42,1717.0
2024-12-17 23:30:00+00:00,603.48,603.68,603.48,603.64,3501.0
2024-12-17 23:35:00+00:00,603.6,603.76,603.6,603.76,2269.0
2024-12-17 23:40:00+00:00,603.7,603.79,603.7,603.77,720.0
2024-12-17 23:45:00+00:00,603.81,603.91,603.7913,603.88,2651.0
2024-12-17 23:50:00+00:00,603.9,603.9,603.9,603.9,678.0
2024-12-18 00:00:00+00:00,603.82,603.9,603.82,603.89,2220.0
2024-12-18 00:05:00+00:00,603.92,604.12,603.92,604.12,4016.0
2024-12-18 00:10:00+00:00,604.0,604.15,604.0,604.15,3660.0
2024-12-18 00:15:00+00:00,604.13,604.16,604.13,604.15,1658.0
2024-12-18 00:20:00+00:00,604.06,604.1,604.06,604.1,720.0
2024-12-18 00:25:00+00:00,604.12,604.17,604.1119,604.17,2067.0
2024-12-18 00:30:00+00:00,604.09,604.09,604.01,604.02,1409.0
2024-12-18 00:35:00+00:00,604.05,604.0899,604.05,604.0899,1203.0
2024-12-18 00:40:00+00:00,604.04,604.05,604.04,604.05,810.0
2024-12-18 00:45:00+00:00,604.02,604.05,604.02,604.05,655.0
2024-12-18 00:50:00+00:00,604.02,604.12,604.02,604.12,1046.0
2024-12-18 00:55:00+00:00,604.13,604.14,604.05,604.09,7453.0
2024-12-18 09:00:00+00:00,604.89,604.89,604.87,604.87,1023.0
2024-12-18 09:05:00+00:00,604.95,605.0,604.93,604.97,6073.0
2024-12-18 09:10:00+00:00,604.97,605.03,604.96,604.97,1494.0
2024-12-18 09:15:00+00:00,605.1,605.13,605.1,605.13,569.0
2024-12-18 09:20:00+00:00,605.04,605.1,605.04,605.04,1375.0
2024-12-18 09:25:00+00:00,605.0,605.0,605.0,605.0,667.0
2024-12-18 09:30:00+00:00,605.1,605.22,605.1,605.22,986.0
2024-12-18 09:40:00+00:00,605.35,605.42,605.33,605.33,1829.0
2024-12-18 09:45:00+00:00,605.36,605.42,605.36,605.42,690.0
2024-12-18 09:50:00+00:00,605.28,605.28,605.28,605.28,228.0
2024-12-18 09:55:00+00:00,605.31,605.31,605.31,605.31,367.0
2024-12-18 10:00:00+00:00,605.52,605.52,605.52,605.52,209.0
2024-12-18 10:05:00+00:00,605.59,605.6,605.53,605.6,1381.0
2024-12-18 10:15:00+00:00,605.89,605.9,605.88,605.9,1046.0
2024-12-18 10:20:00+00:00,605.82,605.91,605.81,605.91,894.0
2024-12-18 10:25:00+00:00,605.92,605.95,605.92,605.95,10310.0
2024-12-18 10:30:00+00:00,605.92,605.92,605.75,605.75,1152.0
2024-12-18 10:35:00+00:00,605.69,605.8,605.69,605.8,1669.0
2024-12-18 10:40:00+00:00,605.8,605.8,605.8,605.8,246.0
2024-12-18 10:50:00+00:00,605.67,605.67,605.67,605.67,175.0
2024-12-18 10:55:00+00:00,605.88,605.88,605.88,605.88,183.0
2024-12-18 11:00:00+00:00,605.9,605.9,605.86,605.86,984.0
2024-12-18 11:05:00+00:00,605.94,605.94,605.94,605.94,177.0
2024-12-18 11:10:00+00:00,605.85,605.89,605.85,605.89,994.0
2024-12-18 11:15:00+00:00,605.93,605.93,605.93,605.93,5245.0
2024-12-18 11:20:00+00:00,605.94,606.02,605.94,606.02,1320.0
2024-12-18 11:25:00+00:00,605.94,605.94,605.85,605.85,5363.0
2024-12-18 11:30:00+00:00,605.92,605.94,605.9,605.94,997.0
2024-12-18 11:40:00+00:00,605.96,605.98,605.89,605.89,2216.0
2024-12-18 11:45:00+00:00,605.94,605.94,605.93,605.93,415.0
2024-12-18 11:50:00+00:00,605.88,605.88,605.88,605.88,640.0
2024-12-18 11:55:00+00:00,605.74,605.74,605.74,605.74,168.0
2024-12-18 12:00:00+00:00,605.74,605.901,605.56,605.901,41960.0
2024-12-18 12:05:00+00:00,605.941,605.97,605.89,605.97,4352.0
2024-12-18 12:10:00+00:00,605.96,605.99,605.96,605.99,915.0
2024-12-18 12:15:00+00:00,606.0,606.12,606.0,606.07,2789.0
2024-12-18 12:20:00+00:00,606.07,606.105,606.05,606.09,1280.0
2024-12-18 12:25:00+00:00,606.08,606.1,605.85,605.85,29645.0
2024-12-18 12:30:00+00:00,605.93,606.0,605.93,605.95,5183.0
2024-12-18 12:35:00+00:00,605.98,605.98,605.75,605.86,35987.0
2024-12-18 12:40:00+00:00,605.87,605.87,605.8,605.8,1450.0
2024-12-18 12:45:00+00:00,605.82,605.87,605.82,605.87,1116.0
2024-12-18 12:50:00+00:00,606.0,606.12,606.0,606.12,7174.0
2024-12-18 12:55:00+00:00,606.15,606.15,606.101,606.13,8562.0
2024-12-18 13:00:00+00:00,606.11,606.15,604.81,606.03,39143.0
2024-12-18 13:05:00+00:00,606.0,606.09,605.97,606.09,13285.0
2024-12-18 13:10:00+00:00,606.08,606.08,605.98,606.06,6701.0
2024-12-18 13:15:00+00:00,606.01,606.01,605.86,605.9,18849.0
2024-12-18 13:20:00+00:00,605.89,606.0,605.89,605.99,9337.0
2024-12-18 13:25:00+00:00,605.99,606.1,605.99,606.08,18555.0
2024-12-18 13:30:00+00:00,606.02,606.06,605.82,605.88,9092.0
2024-12-18 13:35:00+00:00,605.84,605.9,605.72,605.72,9233.0
2024-12-18 13:40:00+00:00,605.7,605.7,605.43,605.4996,20547.0
2024-12-18 13:45:00+00:00,605.5,605.5,605.09,605.12,69862.0
2024-12-18 13:50:00+00:00,605.14,605.2,604.97,605.1,27624.0
2024-12-18 13:55:00+00:00,605.11,605.11,604.71,604.73,42081.0
2024-12-18 14:00:00+00:00,604.72,604.74,604.38,604.39,56110.0
2024-12-18 14:05:00+00:00,604.4,604.48,604.2,604.39,90464.0
2024-12-18 14:10:00+00:00,604.36,604.36,604.1,604.1,51579.0
2024-12-18 14:15:00+00:00,604.13,604.4,604.13,604.2,15819.0
2024-12-18 14:20:00+00:00,604.21,604.38,604.06,604.06,21138.0
2024-12-18 14:25:00+00:00,604.0,604.09,603.89,603.99,68881.0
2024-12-18 14:30:00+00:00,603.98,604.15,603.67,603.78,801040.0
2024-12-18 14:35:00+00:00,603.8,603.9,603.47,603.77,465461.0
2024-12-18 14:40:00+00:00,603.77,603.97,603.606562,603.825,430437.0
2024-12-18 14:45:00+00:00,603.83,604.1,603.7,604.08,352284.0
2024-12-18 14:50:00+00:00,604.08,604.57,603.92,604.54,528196.0
2024-12-18 14:55:00+00:00,604.545,604.66,604.32,604.6099,595644.0
2024-12-18 15:00:00+00:00,604.61,604.94,604.49,604.87,349559.0
2024-12-18 15:05:00+00:00,604.87,605.06,604.735,604.7522,405809.0
2024-12-18 15:10:00+00:00,604.75,605.03,604.6801,605.0,339083.0
2024-12-18 15:15:00+00:00,605.01,605.16,604.85,605.14,192951.0
2024-12-18 15:20:00+00:00,605.16,605.4199,605.09,605.19,322650.0
2024-12-18 15:25:00+00:00,605.17,605.41,605.0801,605.4,667781.0
2024-12-18 15:30:00+00:00,605.38,605.779,605.33,605.66,228444.0
2024-12-18 15:35:00+00:00,605.68,605.96,605.63,605.92,298549.0
2024-12-18 15:40:00+00:00,605.92,606.11,605.8,606.08,655913.0
2024-12-18 15:45:00+00:00,606.09,606.405,606.02,606.3399,379029.0
2024-12-18 15:50:00+00:00,606.33,606.3999,606.0741,606.115,304047.0
2024-12-18 15:55:00+00:00,606.12,606.32,605.96,605.96,352296.0
2024-12-18 16:00:00+00:00,605.9603,606.255,605.9603,606.01,202303.0
2024-12-18 16:05:00+00:00,606.0,606.08,605.82,605.84,641222.0
2024-12-18 16:10:00+00:00,605.84,605.89,605.36,605.3999,551178.0
2024-12-18 16:15:00+00:00,605.39,605.3962,604.74,604.84,910590.0
2024-12-18 16:20:00+00:00,604.845,604.95,604.63,604.87,795620.0
2024-12-18 16:25:00+00:00,604.88,605.65,604.865,605.63,331488.0
2024-12-18 16:30:00+00:00,605.62,605.6797,605.41,605.43,317710.0
2024-12-18 16:35:00+00:00,605.42,605.81,605.42,605.76,407671.0
2024-12-18 16:40:00+00:00,605.78,605.845,605.6,605.8051,154066.0
2024-12-18 16:45:00+00:00,605.81,605.94,605.78,605.82,539791.0
2024-12-18 16:50:00+00:00,605.8201,606.11,605.79,605.99,228478.0
2024-12-18 16:55:00+00:00,605.97,606.04,605.69,605.76,399388.0
2024-12-18 17:00:00+00:00,605.765,605.78,605.52,605.74,1046496.0
2024-12-18 17:05:00+00:00,605.735,605.819,605.54,605.69,465153.0
2024-12-18 17:10:00+00:00,605.67,605.71,605.5,605.59,299413.0
2024-12-18 17:15:00+00:00,605.6,606.2,605.57,606.19,321721.0
2024-12-18 17:20:00+00:00,606.18,606.31,606.12,606.21,514680.0
2024-12-18 17:25:00+00:00,606.21,606.21,605.645,605.68,221643.0
2024-12-18 17:30:00+00:00,605.68,605.68,605.3,605.66,306276.0
2024-12-18 17:35:00+00:00,605.69,605.94,605.4,605.48,187565.0
2024-12-18 17:40:00+00:00,605.4701,605.53,605.22,605.3615,407021.0
2024-12-18 17:45:00+00:00,605.35,605.63,605.305,605.515,259822.0
2024-12-18 17:50:00+00:00,605.515,605.61,605.33,605.5699,297332.0
2024-12-18 17:55:00+00:00,605.56,605.63,605.51,605.57,83864.0
2024-12-18 18:00:00+00:00,605.5136,605.59,605.34,605.35,127289.0
2024-12-18 18:05:00+00:00,605.345,605.52,605.2,605.49,163343.0
2024-12-18 18:10:00+00:00,605.49,605.57,605.25,605.322,683687.0
2024-12-18 18:15:00+00:00,605.335,605.46,605.22,605.42,182509.0
2024-12-18 18:20:00+00:00,605.42,605.6001,605.4,605.48,83402.0
2024-12-18 18:25:00+00:00,605.46,605.47,605.2,605.2125,189371.0
2024-12-18 18:30:00+00:00,605.21,605.62,605.1311,605.62,261525.0
2024-12-18 18:35:00+00:00,605.61,605.659,605.35,605.38,208132.0
2024-12-18 18:40:00+00:00,605.38,605.44,605.1683,605.3,306959.0
2024-12-18 18:45:00+00:00,605.28,605.585,605.21,605.44,509820.0
2024-12-18 18:50:00+00:00,605.45,605.6,605.36,605.56,247264.0
2024-12-18 18:55:00+00:00,605.56,605.67,605.435,605.47,1021156.0
2024-12-18 19:00:00+00:00,605.54,605.54,603.56,603.7101,1540880.0
2024-12-18 19:05:00+00:00,603.71,603.72,600.95,601.175,1640772.0
2024-12-18 19:10:00+00:00,601.23,601.44,600.67,600.95,2981787.0
2024-12-18 19:15:00+00:00,600.942,601.25,600.07,600.46,1112879.0
2024-12-18 19:20:00+00:00,600.5,601.58,600.48,601.54,1024158.0
2024-12-18 19:25:00+00:00,601.54,601.7,600.03,600.08,1230916.0
2024-12-18 19:30:00+00:00,600.1,601.25,599.28,600.73,1255299.0
2024-12-18 19:35:00+00:00,600.72,601.07,599.4455,599.87,893624.0
2024-12-18 19:40:00+00:00,599.83,600.6,599.35,599.63,776939.0
2024-12-18 19:45:00+00:00,599.6,599.68,597.69,598.75,1399102.0
2024-12-18 19:50:00+00:00,598.73,599.04,597.55,597.61,891540.0
2024-12-18 19:55:00+00:00,597.58,597.69,596.09,596.44,1571502.0
2024-12-18 20:00:00+00:00,596.455,596.91,595.01,595.09,1594991.0
2024-12-18 20:05:00+00:00,595.1,596.58,594.89,595.81,1902009.0
2024-12-18 20:10:00+00:00,595.8301,596.0,594.67,595.1,1313052.0
2024-12-18 20:15:00+00:00,595.11,595.29,594.0,594.25,1667034.0
2024-12-18 20:20:00+00:00,594.24,595.89,594.21,594.86,2110214.0
2024-12-18 20:25:00+00:00,594.87,595.02,592.92,593.14,2106558.0
2024-12-18 20:30:00+00:00,593.13,593.9,592.2437,592.58,1725206.0
2024-12-18 20:35:00+00:00,592.6,592.65,589.34,589.43,3622565.0
2024-12-18 20:40:00+00:00,589.41,589.46,586.62,586.85,5049584.0
2024-12-18 20:45:00+00:00,586.86,590.035,586.3,589.88,5904070.0
2024-12-18 20:50:00+00:00,589.86,590.67,589.21,590.405,5209956.0
2024-12-18 20:55:00+00:00,590.42,590.42,585.89,586.3,7558055.0
2024-12-18 21:00:00+00:00,586.36,586.72,583.54,584.57,3182249.0
2024-12-18 21:05:00+00:00,584.63,586.28,583.161,583.6,1486912.0
2024-12-18 21:10:00+00:00,583.58,586.52,583.2,585.33,2584163.0
2024-12-18 21:15:00+00:00,585.45,586.6042,584.62,585.14,6198436.0
2024-12-18 21:20:00+00:00,585.27,586.44,585.27,586.34,4282950.0
2024-12-18 21:25:00+00:00,586.32,586.43,585.16,586.31,434974.0
2024-12-18 21:30:00+00:00,586.28,586.59,585.82,586.0,470892.0
2024-12-18 21:35:00+00:00,586.04,586.26,585.4,585.9,129966.0
2024-12-18 21:40:00+00:00,585.88,585.95,585.32,585.54,198334.0
2024-12-18 21:45:00+00:00,585.7,586.59,585.7,586.4012,94835.0
2024-12-18 21:50:00+00:00,586.39,586.8,586.16,586.54,129018.0
2024-12-18 21:55:00+00:00,586.62,586.7,586.13,586.28,65888.0
2024-12-18 22:00:00+00:00,586.37,586.45,586.21,586.45,41941.0
2024-12-18 22:05:00+00:00,586.28,586.67,586.28,586.67,148654.0
2024-12-18 22:10:00+00:00,586.6545,586.66,586.48,586.64,54661.0
2024-12-18 22:15:00+00:00,586.661,586.9,586.5,586.87,68516.0
2024-12-18 22:20:00+00:00,586.87,587.05,586.8,586.85,59613.0
2024-12-18 22:25:00+00:00,586.8,586.9,586.7401,586.8,1898566.0
2024-12-18 22:30:00+00:00,586.8,586.8,586.76,586.76,24369.0
2024-12-18 22:35:00+00:00,586.79,586.84,586.76,586.84,16433.0
2024-12-18 22:40:00+00:00,586.84,586.95,586.81,586.81,9548.0
2024-12-18 22:45:00+00:00,586.81,586.98,586.78,586.98,13824.0
2024-12-18 22:50:00+00:00,586.98,587.0,586.94,586.94,18166.0
2024-12-18 22:55:00+00:00,587.0,587.29,586.98,587.1,35662.0
2024-12-18 23:00:00+00:00,587.19,587.45,586.44,587.311,97360.0
2024-12-18 23:05:00+00:00,587.4,587.62,587.25,587.3099,33498.0
2024-12-18 23:10:00+00:00,587.24,587.71,587.24,587.58,50560.0
2024-12-18 23:15:00+00:00,587.55,587.629,587.3,587.58,96361.0
2024-12-18 23:20:00+00:00,587.5809,587.65,587.5,587.56,35482.0
2024-12-18 23:25:00+00:00,587.58,588.06,587.58,588.06,37293.0
2024-12-18 23:30:00+00:00,588.05,588.05,587.64,587.7,17355.0
2024-12-18 23:35:00+00:00,587.7,587.7,587.0,587.22,46407.0
2024-12-18 23:40:00+00:00,587.26,587.27,586.52,586.89,20615.0
2024-12-18 23:45:00+00:00,586.9,587.25,586.77,587.12,12394.0
2024-12-18 23:50:00+00:00,586.76,587.05,586.72,586.9,10445.0
2024-12-18 23:55:00+00:00,586.92,586.99,586.74,586.7784,13503.0
2024-12-19 00:00:00+00:00,586.9,587.12,586.84,586.94,9311.0
2024-12-19 00:05:00+00:00,587.01,587.01,586.74,586.9,5343.0
2024-12-19 00:10:00+00:00,586.9,586.98,586.74,586.9,14116.0
2024-12-19 00:15:00+00:00,587.0,587.15,587.0,587.061,12241.0
2024-12-19 00:20:00+00:00,587.13,587.15,586.88,587.01,4770.0
2024-12-19 00:25:00+00:00,587.09,587.82,587.09,587.73,11616.0
2024-12-19 00:30:00+00:00,587.73,587.86,587.46,587.67,10012.0
2024-12-19 00:35:00+00:00,587.74,587.89,587.72,587.73,9582.0
2024-12-19 00:40:00+00:00,587.75,587.92,587.75,587.8,8830.0
2024-12-19 00:45:00+00:00,587.8,587.8,587.66,587.7,98343.0
2024-12-19 00:50:00+00:00,587.6164,587.73,587.5,587.7,34329.0
2024-12-19 00:55:00+00:00,587.63,587.82,587.63,587.82,12584.0
2024-12-19 09:00:00+00:00,588.61,589.19,588.61,589.0,10083.0
2024-12-19 09:05:00+00:00,588.91,589.01,588.77,588.77,7372.0
2024-12-19 09:10:00+00:00,588.76,588.84,588.6,588.7,15232.0
2024-12-19 09:15:00+00:00,588.81,588.85,588.56,588.56,6161.0
2024-12-19 09:20:00+00:00,588.52,588.6,588.4,588.4,12221.0
2024-12-19 09:25:00+00:00,588.28,588.42,588.28,588.36,3017.0
2024-12-19 09:30:00+00:00,588.49,588.75,588.49,588.55,12566.0
2024-12-19 09:35:00+00:00,588.64,589.06,588.64,589.06,3695.0
2024-12-19 09:40:00+00:00,589.06,589.08,588.97,589.08,2978.0
2024-12-19 09:45:00+00:00,589.02,589.05,589.01,589.05,2667.0
2024-12-19 09:50:00+00:00,589.0,589.0,588.94,588.96,819.0
2024-12-19 09:55:00+00:00,589.02,589.04,588.8,588.91,11403.0
2024-12-19 10:00:00+00:00,588.97,589.02,588.93,589.02,1353.0
2024-12-19 10:05:00+00:00,588.92,589.05,588.92,589.05,3440.0
2024-12-19 10:10:00+00:00,589.08,589.08,589.02,589.06,3296.0
2024-12-19 10:15:00+00:00,589.13,589.35,589.13,589.35,6634.0
2024-12-19 10:20:00+00:00,589.36,589.36,589.32,589.32,1831.0
2024-12-19 10:25:00+00:00,589.37,589.65,589.34,589.65,4923.0
2024-12-19 10:30:00+00:00,589.54,589.54,589.3,589.33,2258.0
2024-12-19 10:35:00+00:00,589.15,589.15,588.74,588.74,3379.0
2024-12-19 10:40:00+00:00,588.81,589.05,588.81,589.05,1796.0
2024-12-19 10:45:00+00:00,588.88,588.96,588.73,588.96,2305.0
2024-12-19 10:50:00+00:00,588.96,588.96,588.86,588.87,1991.0
2024-12-19 10:55:00+00:00,588.9,588.99,588.65,588.65,7621.0
2024-12-19 11:00:00+00:00,588.69,589.0,588.6,588.89,3490.0
2024-12-19 11:05:00+00:00,588.93,588.97,588.85,588.97,874.0
2024-12-19 11:10:00+00:00,588.91,589.08,588.91,589.04,832.0
2024-12-19 11:15:00+00:00,589.01,589.08,588.96,589.08,1340.0
2024-12-19 11:20:00+00:00,589.05,589.05,588.98,589.04,1357.0
2024-12-19 11:25:00+00:00,589.11,589.11,588.8,588.8,1592.0
2024-12-19 11:30:00+00:00,588.85,588.91,588.56,588.65,26090.0
2024-12-19 11:35:00+00:00,588.63,588.94,588.51,588.88,2098.0
2024-12-19 11:40:00+00:00,588.95,589.09,588.85,589.09,1711.0
2024-12-19 11:45:00+00:00,589.08,589.25,589.07,589.25,3922.0
2024-12-19 11:50:00+00:00,589.25,589.38,589.09,589.09,19270.0
2024-12-19 11:55:00+00:00,589.1,589.17,589.01,589.14,36232.0
2024-12-19 12:00:00+00:00,589.14,589.55,589.02,589.35,239011.0
2024-12-19 12:05:00+00:00,589.37,589.77,589.37,589.58,10913.0
2024-12-19 12:10:00+00:00,589.6,590.1,589.55,590.05,24767.0
2024-12-19 12:15:00+00:00,590.05,590.48,589.75,590.4,54252.0
2024-12-19 12:20:00+00:00,590.45,590.71,590.4,590.71,44250.0
2024-12-19 12:25:00+00:00,590.725,590.79,590.335,590.57,35264.0
2024-12-19 12:30:00+00:00,590.6,590.64,590.25,590.32,16277.0
2024-12-19 12:35:00+00:00,590.43,590.55,590.351,590.52,12025.0
2024-12-19 12:40:00+00:00,590.52,590.93,590.52,590.88,56063.0
2024-12-19 12:45:00+00:00,590.91,591.1,590.81,590.86,50345.0
2024-12-19 12:50:00+00:00,590.89,591.03,590.76,590.86,33916.0
2024-12-19 12:55:00+00:00,590.91,591.37,590.88,591.29,133758.0
2024-12-19 13:00:00+00:00,589.09,591.6,586.31,591.33,156126.0
2024-12-19 13:05:00+00:00,591.26,591.27,586.33,590.89,204828.0
2024-12-19 13:10:00+00:00,591.0,591.33,590.99,591.33,14121.0
2024-12-19 13:15:00+00:00,591.39,591.5,591.28,591.3,41313.0
2024-12-19 13:20:00+00:00,591.44,591.47,591.16,591.29,19575.0
2024-12-19 13:25:00+00:00,591.29,591.29,591.0,591.04,98088.0
2024-12-19 13:30:00+00:00,591.39,591.39,590.85,591.16,80531.0
2024-12-19 13:35:00+00:00,591.22,591.4,590.84,591.25,40154.0
2024-12-19 13:40:00+00:00,591.25,591.33,590.61,590.61,32520.0
2024-12-19 13:45:00+00:00,590.7,590.93,590.55,590.8666,22472.0
2024-12-19 13:50:00+00:00,590.85,590.85,590.3,590.39,88848.0
2024-12-19 13:55:00+00:00,590.39,590.48,590.27,590.35,39629.0
2024-12-19 14:00:00+00:00,590.33,590.47,589.91,590.08,58266.0
2024-12-19 14:05:00+00:00,590.08,591.11,590.08,591.04,43652.0
2024-12-19 14:10:00+00:00,591.05,591.09,590.76,590.99,26247.0
2024-12-19 14:15:00+00:00,591.02,591.17,590.92,591.08,20861.0
2024-12-19 14:20:00+00:00,591.2,591.36,591.171,591.28,53529.0
2024-12-19 14:25:00+00:00,591.285,591.66,591.22,591.36,111852.0
2024-12-19 14:30:00+00:00,591.36,592.87,590.6,592.76,2501533.0
2024-12-19 14:35:00+00:00,592.755,593.0,590.84,591.85,1209707.0
2024-12-19 14:40:00+00:00,591.85,592.62,591.11,591.14,788844.0
2024-12-19 14:45:00+00:00,591.16,592.06,590.68,590.88,820247.0
2024-12-19 14:50:00+00:00,590.89,591.08,589.95,590.0,826647.0
2024-12-19 14:55:00+00:00,590.0,590.62,589.81,590.53,722990.0
2024-12-19 15:00:00+00:00,590.515,590.8399,589.37,589.41,847721.0
2024-12-19 15:05:00+00:00,589.42,589.68,588.7001,589.52,861503.0
2024-12-19 15:10:00+00:00,589.52,590.92,589.24,590.72,924612.0
2024-12-19 15:15:00+00:00,590.68,590.78,590.09,590.45,795909.0
2024-12-19 15:20:00+00:00,590.4,590.65,588.9,589.15,1442172.0
2024-12-19 15:25:00+00:00,589.14,589.96,588.65,588.7,1173847.0
2024-12-19 15:30:00+00:00,588.67,589.11,587.93,588.1,1594373.0
2024-12-19 15:35:00+00:00,588.1,589.37,587.79,588.56,1524920.0
2024-12-19 15:40:00+00:00,588.5201,589.86,588.16,589.595,929903.0
2024-12-19 15:45:00+00:00,589.6,589.98,588.88,589.9,611843.0
2024-12-19 15:50:00+00:00,589.89,590.3598,589.11,589.33,592259.0
2024-12-19 15:55:00+00:00,589.35,589.86,588.6475,589.72,528015.0
2024-12-19 16:00:00+00:00,589.72,589.72,588.04,588.12,975166.0
2024-12-19 16:05:00+00:00,588.07,588.42,587.823,588.0,653385.0
2024-12-19 16:10:00+00:00,588.04,588.36,587.85,588.067,1330945.0
2024-12-19 16:15:00+00:00,588.07,588.99,586.6072,588.85,1409006.0
2024-12-19 16:20:00+00:00,588.84,590.6698,588.72,590.5701,733211.0
2024-12-19 16:25:00+00:00,590.57,590.96,590.4901,590.79,530834.0
2024-12-19 16:30:00+00:00,590.77,591.18,590.4108,590.58,1118247.0
2024-12-19 16:35:00+00:00,590.57,591.4,589.92,591.11,1320372.0
2024-12-19 16:40:00+00:00,591.09,591.19,590.26,590.565,784532.0
2024-12-19 16:45:00+00:00,590.54,590.96,590.22,590.72,368997.0
2024-12-19 16:50:00+00:00,590.7,590.76,589.55,589.68,462446.0
2024-12-19 16:55:00+00:00,589.71,590.44,589.67,589.8797,243312.0
2024-12-19 17:00:00+00:00,589.86,590.11,589.61,589.9,699901.0
2024-12-19 17:05:00+00:00,589.85,590.1487,589.47,589.78,289363.0
2024-12-19 17:10:00+00:00,589.77,589.82,589.37,589.46,633470.0
2024-12-19 17:15:00+00:00,589.46,589.64,589.22,589.22,329266.0
2024-12-19 17:20:00+00:00,589.27,589.39,588.3363,588.56,806883.0
2024-12-19 17:25:00+00:00,588.54,588.64,587.85,588.01,444400.0
2024-12-19 17:30:00+00:00,588.01,588.3999,587.4605,588.01,693113.0
2024-12-19 17:35:00+00:00,587.995,588.56,587.87,588.49,707694.0
2024-12-19 17:40:00+00:00,588.49,588.81,587.97,588.065,386214.0
2024-12-19 17:45:00+00:00,588.11,588.59,587.96,588.03,299722.0
2024-12-19 17:50:00+00:00,588.0,588.25,587.49,588.1699,330174.0
2024-12-19 17:55:00+00:00,588.2,589.14,588.13,589.06,856594.0
2024-12-19 18:00:00+00:00,589.02,589.02,587.28,587.54,731245.0
2024-12-19 18:05:00+00:00,587.55,588.7599,587.34,588.59,488015.0
2024-12-19 18:10:00+00:00,588.53,589.08,588.5201,589.01,312993.0
2024-12-19 18:15:00+00:00,589.005,589.11,588.62,588.8499,339440.0
2024-12-19 18:20:00+00:00,588.82,589.17,588.37,589.09,339553.0
2024-12-19 18:25:00+00:00,589.1077,589.73,588.9701,589.63,933515.0
2024-12-19 18:30:00+00:00,589.5839,589.87,589.23,589.54,315598.0
2024-12-19 18:35:00+00:00,589.52,589.9834,589.5001,589.815,324172.0
2024-12-19 18:40:00+00:00,589.81,590.28,589.75,589.85,591112.0
2024-12-19 18:45:00+00:00,589.84,590.22,589.62,590.07,241899.0
2024-12-19 18:50:00+00:00,590.071,590.2999,589.7801,589.84,548820.0
2024-12-19 18:55:00+00:00,589.88,591.26,589.8006,591.25,561533.0
2024-12-19 19:00:00+00:00,591.22,591.26,590.24,590.51,541158.0
2024-12-19 19:05:00+00:00,590.5,590.51,589.73,589.805,493650.0
2024-12-19 19:10:00+00:00,589.81,589.835,589.3,589.36,869073.0
2024-12-19 19:15:00+00:00,589.34,589.58,589.185,589.41,431687.0
2024-12-19 19:20:00+00:00,589.41,589.7,588.81,589.62,881542.0
2024-12-19 19:25:00+00:00,589.63,589.65,589.0,589.23,706417.0
2024-12-19 19:30:00+00:00,589.25,589.32,588.79,588.86,527362.0
2024-12-19 19:35:00+00:00,588.86,589.14,588.6,588.81,534984.0
2024-12-19 19:40:00+00:00,588.79,588.81,588.37,588.67,528231.0
2024-12-19 19:45:00+00:00,588.66,588.93,588.44,588.6,965351.0
2024-12-19 19:50:00+00:00,588.59,589.17,588.59,588.6899,353325.0
2024-12-19 19:55:00+00:00,588.6657,588.93,588.05,588.06,629453.0
2024-12-19 20:00:00+00:00,588.09,588.4,587.76,588.17,676380.0
2024-12-19 20:05:00+00:00,588.15,588.22,587.859,588.05,398205.0
2024-12-19 20:10:00+00:00,588.05,588.26,587.41,588.19,574261.0
2024-12-19 20:15:00+00:00,588.2,588.72,588.16,588.705,2614476.0
2024-12-19 20:20:00+00:00,588.69,589.43,588.475,589.39,822611.0
2024-12-19 20:25:00+00:00,589.37,589.37,588.46,588.61,617573.0
2024-12-19 20:30:00+00:00,588.63,588.92,587.42,587.51,1016291.0
2024-12-19 20:35:00+00:00,587.51,588.81,586.62,588.63,1275379.0
2024-12-19 20:40:00+00:00,588.62,589.22,588.235,588.49,1162017.0
2024-12-19 20:45:00+00:00,588.44,588.54,587.71,587.83,1114362.0
2024-12-19 20:50:00+00:00,587.81,587.81,586.02,586.33,3192988.0
2024-12-19 20:55:00+00:00,586.35,587.37,585.85,586.12,6335409.0
2024-12-19 21:00:00+00:00,586.1,586.64,585.93,586.64,2317094.0
2024-12-19 21:05:00+00:00,586.55,586.62,586.07,586.61,1964433.0
2024-12-19 21:10:00+00:00,586.61,586.62,585.87,585.89,4762258.0
2024-12-19 21:15:00+00:00,585.9,586.6,585.79,586.12,193914.0
2024-12-19 21:20:00+00:00,586.21,586.63,586.21,586.4,367582.0
2024-12-19 21:25:00+00:00,586.45,586.55,586.3,586.43,324328.0
2024-12-19 21:30:00+00:00,586.4,586.68,586.24,586.64,472622.0
2024-12-19 21:35:00+00:00,586.68,586.88,586.62,586.88,150426.0
2024-12-19 21:40:00+00:00,586.88,586.95,586.69,586.82,22671.0
2024-12-19 21:45:00+00:00,586.81,586.94,586.81,586.91,22261.0
2024-12-19 21:50:00+00:00,586.91,586.96,586.76,586.76,15695.0
2024-12-19 21:55:00+00:00,586.74,586.99,586.71,586.8,31536.0
2024-12-19 22:00:00+00:00,586.76,586.84,586.76,586.77,1238.0
2024-12-19 22:05:00+00:00,586.77,586.84,586.55,586.84,9409.0
2024-12-19 22:10:00+00:00,586.85,586.93,586.85,586.93,4558.0
2024-12-19 22:15:00+00:00,586.79,586.86,586.79,586.86,2555.0
2024-12-19 22:20:00+00:00,586.86,586.87,586.79,586.87,5569.0
2024-12-19 22:25:00+00:00,586.85,586.85,586.85,586.85,636.0
2024-12-19 22:30:00+00:00,586.75,586.8,586.1006,586.1006,415202.0
2024-12-19 22:35:00+00:00,586.65,586.65,586.5,586.65,10856.0
2024-12-19 22:40:00+00:00,586.7,586.7,586.61,586.7,3307.0
2024-12-19 22:45:00+00:00,586.669,586.68,586.65,586.65,1626.0
2024-12-19 22:50:00+00:00,586.66,586.7,586.56,586.61,4860.0
2024-12-19 22:55:00+00:00,586.67,586.87,586.67,586.87,11063.0
2024-12-19 23:00:00+00:00,586.87,586.91,586.58,586.75,52345.0
2024-12-19 23:05:00+00:00,586.69,586.7,586.44,586.46,5374.0
2024-12-19 23:10:00+00:00,586.59,586.59,586.52,586.551,4084.0
2024-12-19 23:15:00+00:00,586.559,586.7,586.559,586.7,3895.0
2024-12-19 23:20:00+00:00,586.7,586.86,586.65,586.65,3294.0
2024-12-19 23:25:00+00:00,586.69,586.76,586.69,586.72,1159.0
2024-12-19 23:30:00+00:00,586.7,586.7,586.53,586.6,4461.0
2024-12-19 23:35:00+00:00,586.65,586.67,586.21,586.24,27141.0
2024-12-19 23:40:00+00:00,586.27,586.27,586.04,586.259,102863.0
2024-12-19 23:45:00+00:00,586.27,586.39,586.19,586.19,92036.0
2024-12-19 23:50:00+00:00,586.2,586.32,586.2,586.22,4655.0
2024-12-19 23:55:00+00:00,586.13,586.3,586.09,586.19,129416.0
2024-12-20 00:00:00+00:00,586.3,586.5,586.29,586.3,8418.0
2024-12-20 00:05:00+00:00,586.11,586.19,585.6,585.6,181190.0
2024-12-20 00:10:00+00:00,585.59,585.73,585.43,585.66,12065.0
2024-12-20 00:15:00+00:00,585.73,585.73,584.69,585.17,75316.0
2024-12-20 00:20:00+00:00,585.27,585.4,584.88,585.02,35316.0
2024-12-20 00:25:00+00:00,584.94,585.11,584.94,585.05,13214.0
2024-12-20 00:30:00+00:00,585.1,585.39,585.09,585.36,10461.0
2024-12-20 00:35:00+00:00,585.261,585.32,585.0,585.06,59488.0
2024-12-20 00:40:00+00:00,585.12,585.12,584.62,584.65,36482.0
2024-12-20 00:45:00+00:00,584.75,584.75,584.52,584.621,4509.0
2024-12-20 00:50:00+00:00,584.66,584.68,584.2599,584.3,11863.0
2024-12-20 00:55:00+00:00,584.3,584.38,584.14,584.31,19787.0
2024-12-20 09:00:00+00:00,581.98,581.98,580.5,580.5,17047.0
2024-12-20 09:05:00+00:00,580.5,580.56,579.63,580.11,30392.0
2024-12-20 09:10:00+00:00,580.2,580.48,580.0,580.28,12632.0
2024-12-20 09:15:00+00:00,580.16,580.42,580.09,580.42,8215.0
2024-12-20 09:20:00+00:00,580.56,580.56,580.05,580.05,3857.0
2024-12-20 09:25:00+00:00,580.13,580.13,579.83,579.97,8121.0
2024-12-20 09:30:00+00:00,580.16,580.41,580.03,580.3,6625.0
2024-12-20 09:35:00+00:00,580.23,580.23,579.96,579.97,6601.0
2024-12-20 09:40:00+00:00,579.9,579.9,579.61,579.61,2468.0
2024-12-20 09:45:00+00:00,579.56,579.71,579.56,579.59,4566.0
2024-12-20 09:50:00+00:00,579.45,579.71,579.45,579.71,4588.0
2024-12-20 09:55:00+00:00,579.57,579.83,579.57,579.67,6490.0
2024-12-20 10:00:00+00:00,579.8,580.08,579.8,579.96,4061.0
2024-12-20 10:05:00+00:00,579.97,580.02,579.77,579.77,1841.0
2024-12-20 10:10:00+00:00,579.8,579.8,579.16,579.16,1732.0
2024-12-20 10:15:00+00:00,579.4,579.53,579.27,579.3,9496.0
2024-12-20 10:20:00+00:00,579.19,579.51,579.14,579.34,10426.0
2024-12-20 10:25:00+00:00,579.59,579.66,579.55,579.57,7783.0
2024-12-20 10:30:00+00:00,579.59,579.74,579.59,579.68,2943.0
2024-12-20 10:35:00+00:00,579.72,579.75,579.27,579.27,17262.0
2024-12-20 10:40:00+00:00,579.53,579.96,579.44,579.69,4561.0
2024-12-20 10:45:00+00:00,579.59,580.04,579.49,580.04,6788.0
2024-12-20 10:50:00+00:00,579.89,580.14,579.89,580.14,9291.0
2024-12-20 10:55:00+00:00,580.3,580.3,579.86,579.92,4273.0
2024-12-20 11:00:00+00:00,579.98,580.08,579.77,579.77,2106.0
2024-12-20 11:05:00+00:00,579.77,580.07,579.77,580.07,4163.0
2024-12-20 11:10:00+00:00,580.08,580.47,579.87,580.18,15292.0
2024-12-20 11:15:00+00:00,580.18,580.23,580.03,580.09,5955.0
2024-12-20 11:20:00+00:00,580.0,580.1,579.71,579.81,7435.0
2024-12-20 11:25:00+00:00,579.82,579.95,579.82,579.95,4665.0
2024-12-20 11:30:00+00:00,579.89,580.09,579.89,580.0,2423.0
2024-12-20 11:35:00+00:00,579.89,579.89,579.67,579.85,13939.0
2024-12-20 11:40:00+00:00,579.79,579.83,579.6,579.6,15784.0
2024-12-20 11:45:00+00:00,579.56,579.59,579.32,579.52,35408.0
2024-12-20 11:50:00+00:00,579.42,579.48,579.24,579.32,9158.0
2024-12-20 11:55:00+00:00,579.32,579.58,579.32,579.42,12700.0
2024-12-20 12:00:00+00:00,579.4,579.55,578.72,579.01,21202.0
2024-12-20 12:05:00+00:00,579.02,579.2,578.66,578.76,39224.0
2024-12-20 12:10:00+00:00,578.74,578.8,578.4,578.44,33023.0
2024-12-20 12:15:00+00:00,578.5,578.72,578.06,578.21,59452.0
2024-12-20 12:20:00+00:00,578.15,578.36,577.76,577.78,41284.0
2024-12-20 12:25:00+00:00,577.76,578.07,577.74,578.0,41832.0
2024-12-20 12:30:00+00:00,577.94,578.49,577.81,578.36,41260.0
2024-12-20 12:35:00+00:00,578.29,578.65,578.27,578.58,23133.0
2024-12-20 12:40:00+00:00,578.58,579.44,578.57,579.43,62804.0
2024-12-20 12:45:00+00:00,579.43,579.68,579.07,579.28,91938.0
2024-12-20 12:50:00+00:00,579.29,579.29,579.0,579.26,62241.0
2024-12-20 12:55:00+00:00,579.18,579.67,579.18,579.59,12744.0
2024-12-20 13:00:00+00:00,579.36,583.82,577.7493,579.8,159801.0
2024-12-20 13:05:00+00:00,579.681,579.69,579.2,579.39,18563.0
2024-12-20 13:10:00+00:00,579.44,579.7596,579.32,579.33,15025.0
2024-12-20 13:15:00+00:00,579.29,579.3,579.0,579.15,42028.0
2024-12-20 13:20:00+00:00,579.19,579.27,578.9,579.2,21675.0
2024-12-20 13:25:00+00:00,579.32,579.9,579.32,579.84,55149.0
2024-12-20 13:30:00+00:00,579.92,582.28,579.9,581.47,438178.0
2024-12-20 13:35:00+00:00,581.47,582.0,580.72,580.72,174016.0
2024-12-20 13:40:00+00:00,580.8,581.71,580.741,581.65,123641.0
2024-12-20 13:45:00+00:00,581.58,581.78,580.94,581.46,109011.0
2024-12-20 13:50:00+00:00,581.45,581.62,581.15,581.29,50880.0
2024-12-20 13:55:00+00:00,581.28,581.6,581.17,581.33,66005.0
2024-12-20 14:00:00+00:00,581.26,581.26,580.6,580.97,71925.0
2024-12-20 14:05:00+00:00,581.02,581.45,580.83,580.98,22957.0
2024-12-20 14:10:00+00:00,581.01,581.34,580.88,581.27,56551.0
2024-12-20 14:15:00+00:00,581.16,581.5,580.81,581.5,46595.0
2024-12-20 14:20:00+00:00,581.58,581.89,581.4001,581.41,137118.0
2024-12-20 14:25:00+00:00,581.42,582.14,581.22,581.79,369184.0
2024-12-20 14:30:00+00:00,581.77,582.6,581.15,582.32,3773021.0
2024-12-20 14:35:00+00:00,582.29,584.18,581.74,584.09,1439809.0
2024-12-20 14:40:00+00:00,584.08,584.08,582.51,582.84,2084046.0
2024-12-20 14:45:00+00:00,582.87,583.24,581.33,581.6795,797816.0
2024-12-20 14:50:00+00:00,581.66,582.68,580.91,582.4,1290325.0
2024-12-20 14:55:00+00:00,582.43,582.84,581.89,582.06,572823.0
2024-12-20 15:00:00+00:00,582.09,583.16,582.08,583.14,768797.0
2024-12-20 15:05:00+00:00,583.14,583.99,582.74,582.76,817655.0
2024-12-20 15:10:00+00:00,582.74,584.495,582.24,584.41,813662.0
2024-12-20 15:15:00+00:00,584.362,584.73,584.08,584.63,663433.0
2024-12-20 15:20:00+00:00,584.51,585.39,584.38,585.32,1139618.0
2024-12-20 15:25:00+00:00,585.29,587.09,585.06,586.975,1087300.0
2024-12-20 15:30:00+00:00,586.97,588.86,586.92,588.08,1705038.0
2024-12-20 15:35:00+00:00,588.07,588.47,587.47,588.21,1108497.0
2024-12-20 15:40:00+00:00,588.19,588.655,587.78,588.51,1123162.0
2024-12-20 15:45:00+00:00,588.49,588.66,587.95,588.215,775044.0
2024-12-20 15:50:00+00:00,588.22,589.0,588.22,588.95,722121.0
2024-12-20 15:55:00+00:00,588.94,589.28,588.21,588.26,476114.0
2024-12-20 16:00:00+00:00,588.29,590.33,588.1,590.32,707203.0
2024-12-20 16:05:00+00:00,590.33,590.82,590.0999,590.435,1169631.0
2024-12-20 16:10:00+00:00,590.46,591.065,581.5183,591.05,8635031.0
2024-12-20 16:15:00+00:00,591.04,592.005,590.79,591.62,1020314.0
2024-12-20 16:20:00+00:00,591.61,592.3,591.39,592.21,1116489.0
2024-12-20 16:25:00+00:00,592.21,592.34,591.81,592.3387,661703.0
2024-12-20 16:30:00+00:00,592.34,592.86,592.25,592.69,1021488.0
2024-12-20 16:35:00+00:00,592.67,594.32,592.58,594.32,1192971.0
2024-12-20 16:40:00+00:00,594.31,594.9,593.84,594.83,1282481.0
2024-12-20 16:45:00+00:00,594.83,594.83,594.03,594.16,924079.0
2024-12-20 16:50:00+00:00,594.16,594.32,593.18,593.52,1051328.0
2024-12-20 16:55:00+00:00,593.55,594.7,593.55,594.42,654555.0
2024-12-20 17:00:00+00:00,594.41,594.5,593.81,594.28,603433.0
2024-12-20 17:05:00+00:00,594.275,594.7,594.161,594.65,597463.0
2024-12-20 17:10:00+00:00,594.67,594.98,594.54,594.83,570661.0
2024-12-20 17:15:00+00:00,594.815,595.17,594.6,594.86,542991.0
2024-12-20 17:20:00+00:00,594.85,595.08,594.55,595.01,467786.0
2024-12-20 17:25:00+00:00,595.03,595.75,594.885,595.61,579165.0
2024-12-20 17:30:00+00:00,595.62,595.63,593.86,594.38,914808.0
2024-12-20 17:35:00+00:00,594.4,595.15,594.22,595.01,586858.0
2024-12-20 17:40:00+00:00,595.005,595.1,594.39,594.64,416200.0
2024-12-20 17:45:00+00:00,594.635,595.04,594.26,595.0,1915667.0
2024-12-20 17:50:00+00:00,595.02,595.19,594.78,595.15,565457.0
2024-12-20 17:55:00+00:00,595.14,595.36,594.46,594.55,507793.0
2024-12-20 18:00:00+00:00,594.56,594.6195,593.99,594.0,933509.0
2024-12-20 18:05:00+00:00,594.0299,594.17,593.66,593.75,539212.0
2024-12-20 18:10:00+00:00,593.78,593.86,593.55,593.66,775532.0
2024-12-20 18:15:00+00:00,593.66,593.76,592.75,593.32,1522668.0
2024-12-20 18:20:00+00:00,593.3,593.35,592.38,592.73,752452.0
2024-12-20 18:25:00+00:00,592.74,592.89,592.15,592.1687,998461.0
2024-12-20 18:30:00+00:00,592.17,592.79,592.095,592.53,897508.0
2024-12-20 18:35:00+00:00,592.54,592.92,592.25,592.4,588437.0
2024-12-20 18:40:00+00:00,592.38,592.6,592.1499,592.385,733414.0
2024-12-20 18:45:00+00:00,592.4,592.5,592.02,592.11,979392.0
2024-12-20 18:50:00+00:00,592.1001,593.12,591.85,593.09,593425.0
2024-12-20 18:55:00+00:00,593.08,593.4,591.9469,592.0699,812831.0
2024-12-20 19:00:00+00:00,592.02,592.27,591.82,591.95,529345.0
2024-12-20 19:05:00+00:00,591.96,592.32,591.62,592.2,1174212.0
2024-12-20 19:10:00+00:00,592.18,592.39,591.83,592.11,1115984.0
2024-12-20 19:15:00+00:00,592.13,592.53,591.96,592.41,484640.0
2024-12-20 19:20:00+00:00,592.4,592.77,592.17,592.64,624194.0
2024-12-20 19:25:00+00:00,592.64,593.33,592.52,593.28,441347.0
2024-12-20 19:30:00+00:00,593.22,593.84,593.13,593.78,581023.0
2024-12-20 19:35:00+00:00,593.76,593.94,593.38,593.39,963079.0
2024-12-20 19:40:00+00:00,593.4,593.49,593.08,593.23,620124.0
2024-12-20 19:45:00+00:00,593.23,593.3,592.68,592.78,522838.0
2024-12-20 19:50:00+00:00,592.78,593.0,592.21,592.5,469098.0
2024-12-20 19:55:00+00:00,592.52,592.725,592.305,592.4999,381801.0
2024-12-20 20:00:00+00:00,592.5,592.88,592.4532,592.67,719048.0
2024-12-20 20:05:00+00:00,592.66,592.89,592.36,592.3914,421814.0
2024-12-20 20:10:00+00:00,592.42,592.63,592.25,592.3,390752.0
2024-12-20 20:15:00+00:00,592.28,592.42,592.07,592.2001,704091.0
2024-12-20 20:20:00+00:00,592.21,592.34,591.56,591.96,1029303.0
2024-12-20 20:25:00+00:00,591.94,592.35,591.71,591.77,643686.0
2024-12-20 20:30:00+00:00,591.79,592.06,589.97,590.14,1374671.0
2024-12-20 20:35:00+00:00,590.12,592.06,590.07,591.69,2285622.0
2024-12-20 20:40:00+00:00,591.64,592.21,591.01,591.5,942132.0
2024-12-20 20:45:00+00:00,591.49,592.38,591.435,591.66,1558707.0
2024-12-20 20:50:00+00:00,591.65,591.65,589.85,590.6,5361688.0
2024-12-20 20:55:00+00:00,590.58,591.18,589.47,590.87,11558971.0
2024-12-20 21:00:00+00:00,590.85,592.55,590.79,592.06,1952347.0
2024-12-20 21:05:00+00:00,591.93,592.02,590.38,590.4,4050624.0
2024-12-20 21:10:00+00:00,590.41,590.75,590.0,590.73,7274524.0
2024-12-20 21:15:00+00:00,590.73,590.95,590.25,590.35,1994808.0
2024-12-20 21:20:00+00:00,590.25,590.5,590.18,590.24,200662.0
2024-12-20 21:25:00+00:00,590.27,590.5111,589.71,589.75,624497.0
2024-12-20 21:30:00+00:00,589.7,590.24,589.5,590.1,202301.0
2024-12-20 21:35:00+00:00,590.17,590.2101,589.84,590.05,196765.0
2024-12-20 21:40:00+00:00,590.15,590.39,590.03,590.1,190249.0
2024-12-20 21:45:00+00:00,590.09,590.33,590.05,590.0781,34632.0
2024-12-20 21:50:00+00:00,590.08,590.32,590.01,590.28,31192.0
2024-12-20 21:55:00+00:00,590.26,590.32,590.19,590.32,36133.0
2024-12-20 22:00:00+00:00,590.36,590.46,590.19,590.1908,31633.0
2024-12-20 22:05:00+00:00,590.23,590.26,590.15,590.1691,19714.0
2024-12-20 22:10:00+00:00,590.25,590.25,590.08,590.12,27589.0
2024-12-20 22:15:00+00:00,590.12,590.12,589.92,590.02,61734.0
2024-12-20 22:20:00+00:00,590.02,590.31,590.01,590.3,47575.0
2024-12-20 22:25:00+00:00,590.2992,590.9,590.2992,590.52,24450.0
2024-12-20 22:30:00+00:00,590.71,590.9,590.6,590.8,24818.0
2024-12-20 22:35:00+00:00,590.81,590.81,590.8,590.8,25115.0
2024-12-20 22:40:00+00:00,590.66,590.66,590.45,590.6,20091.0
2024-12-20 22:45:00+00:00,590.78,590.9,590.78,590.81,21763.0
2024-12-20 22:50:00+00:00,590.97,591.46,590.9,591.35,37640.0
2024-12-20 22:55:00+00:00,591.3,591.7,591.27,591.49,40164.0
2024-12-20 23:00:00+00:00,591.54,591.58,591.2,591.4,9145.0
2024-12-20 23:05:00+00:00,591.3987,591.4,591.15,591.38,8139.0
2024-12-20 23:10:00+00:00,591.44,591.7499,591.44,591.62,9696.0
2024-12-20 23:15:00+00:00,591.69,591.89,591.51,591.71,7793.0
2024-12-20 23:20:00+00:00,591.89,591.99,591.89,591.99,4239.0
2024-12-20 23:25:00+00:00,591.94,592.0,591.8,591.85,5790.0
2024-12-20 23:30:00+00:00,591.9999,591.9999,591.9,591.93,7539.0
2024-12-20 23:35:00+00:00,591.9005,591.97,591.9005,591.96,3144.0
2024-12-20 23:40:00+00:00,591.96,592.0,591.96,592.0,7987.0
2024-12-20 23:45:00+00:00,592.0,592.0,591.99,592.0,1165.0
2024-12-20 23:50:00+00:00,591.92,591.99,591.9008,591.9008,3368.0
2024-12-20 23:55:00+00:00,591.99,592.17,591.99,592.17,7652.0
2024-12-21 00:00:00+00:00,592.2,592.26,592.2,592.21,10970.0
2024-12-21 00:05:00+00:00,592.23,592.29,592.23,592.29,9938.0
2024-12-21 00:10:00+00:00,592.29,592.3,592.25,592.25,5921.0
2024-12-21 00:15:00+00:00,592.27,592.3,592.15,592.18,12836.0
2024-12-21 00:20:00+00:00,592.15,592.18,592.1,592.11,8084.0
2024-12-21 00:25:00+00:00,592.1,592.18,592.1,592.1,1375.0
2024-12-21 00:30:00+00:00,592.06,592.1,592.0,592.1,3911.0
2024-12-21 00:35:00+00:00,592.1,592.18,592.01,592.17,10274.0
2024-12-21 00:40:00+00:00,592.15,592.15,592.1,592.14,7459.0
2024-12-21 00:45:00+00:00,592.17,592.17,592.05,592.09,2796.0
2024-12-21 00:50:00+00:00,592.05,592.12,592.05,592.11,30455.0
2024-12-21 00:55:00+00:00,592.11,592.12,592.1,592.12,22194.0
2024-12-23 09:00:00+00:00,593.58,593.58,592.64,592.69,14323.0
2024-12-23 09:05:00+00:00,592.67,593.11,592.67,593.09,5263.0
2024-12-23 09:10:00+00:00,593.03,593.03,592.71,592.78,3679.0
2024-12-23 09:15:00+00:00,592.78,592.86,592.6,592.6,2922.0
2024-12-23 09:20:00+00:00,592.6,592.88,592.46,592.46,1395.0
2024-12-23 09:25:00+00:00,592.59,592.6,592.59,592.6,393.0
2024-12-23 09:30:00+00:00,592.84,592.84,592.75,592.8,1097.0
2024-12-23 09:35:00+00:00,592.78,592.91,592.78,592.91,1275.0
2024-12-23 09:40:00+00:00,592.99,593.08,592.87,592.87,2226.0
2024-12-23 09:45:00+00:00,593.01,593.08,592.88,593.0,20024.0
2024-12-23 09:50:00+00:00,593.03,593.03,592.7,592.7,4749.0
2024-12-23 09:55:00+00:00,592.72,592.76,592.72,592.74,1446.0
2024-12-23 10:05:00+00:00,592.7,592.7,592.7,592.7,184.0
2024-12-23 10:10:00+00:00,592.9,592.9,592.67,592.67,1198.0
2024-12-23 10:15:00+00:00,592.58,592.67,592.5,592.67,1769.0
2024-12-23 10:20:00+00:00,592.55,592.55,592.06,592.06,3578.0
2024-12-23 10:25:00+00:00,592.11,592.22,592.03,592.22,6087.0
2024-12-23 10:30:00+00:00,592.02,592.12,591.77,592.0,5802.0
2024-12-23 10:35:00+00:00,591.84,591.84,591.84,591.84,213.0
2024-12-23 10:40:00+00:00,592.05,592.05,591.8,591.8,1110.0
2024-12-23 10:45:00+00:00,591.79,591.84,591.47,591.5,3689.0
2024-12-23 10:50:00+00:00,591.61,591.61,591.54,591.54,1314.0
2024-12-23 10:55:00+00:00,591.73,591.73,591.73,591.73,123.0
2024-12-23 11:00:00+00:00,591.35,591.35,591.2,591.2,3436.0
2024-12-23 11:05:00+00:00,591.21,591.21,590.9,591.0,7987.0
2024-12-23 11:10:00+00:00,591.0,591.23,590.99,591.23,2108.0
2024-12-23 11:15:00+00:00,591.1,591.1,590.91,590.91,1030.0
2024-12-23 11:20:00+00:00,591.01,591.01,590.59,590.6,2063.0
2024-12-23 11:25:00+00:00,590.51,590.57,590.4,590.4,3546.0
2024-12-23 11:30:00+00:00,590.39,590.76,590.39,590.5,4391.0
2024-12-23 11:35:00+00:00,590.45,590.64,590.43,590.64,4279.0
2024-12-23 11:40:00+00:00,590.59,590.69,590.55,590.56,2254.0
2024-12-23 11:45:00+00:00,590.5,590.5,590.16,590.16,10252.0
2024-12-23 11:50:00+00:00,590.5,590.71,590.33,590.34,12870.0
2024-12-23 11:55:00+00:00,590.33,590.47,590.33,590.41,2440.0
2024-12-23 12:00:00+00:00,590.46,590.77,590.46,590.73,14882.0
2024-12-23 12:05:00+00:00,590.9,590.99,590.78,590.95,14471.0
2024-12-23 12:10:00+00:00,591.1,591.28,590.99,591.23,20508.0
2024-12-23 12:15:00+00:00,591.22,591.27,591.01,591.201,10440.0
2024-12-23 12:20:00+00:00,591.18,591.69,591.18,591.62,12906.0
2024-12-23 12:25:00+00:00,591.6,591.61,591.381,591.47,7421.0
2024-12-23 12:30:00+00:00,591.56,591.65,591.41,591.5,9418.0
2024-12-23 12:35:00+00:00,591.51,591.52,591.3,591.36,15742.0
2024-12-23 12:40:00+00:00,591.41,591.63,591.39,591.44,13232.0
2024-12-23 12:45:00+00:00,591.6,591.74,591.57,591.7,45923.0
2024-12-23 12:50:00+00:00,591.67,591.92,591.62,591.78,28067.0
2024-12-23 12:55:00+00:00,591.75,591.82,591.69,591.78,9511.0
2024-12-23 13:00:00+00:00,590.68,594.0,590.56,591.39,81174.0
2024-12-23 13:05:00+00:00,591.34,591.64,591.34,591.4,16818.0
2024-12-23 13:10:00+00:00,591.54,591.62,591.3396,591.3396,21099.0
2024-12-23 13:15:00+00:00,591.3,591.54,591.23,591.39,15498.0
2024-12-23 13:20:00+00:00,591.41,591.47,591.31,591.47,12888.0
2024-12-23 13:25:00+00:00,591.5,591.6,591.47,591.52,3403.0
2024-12-23 13:30:00+00:00,591.51,591.51,590.88,590.88,28922.0
2024-12-23 13:35:00+00:00,590.85,590.87,590.24,590.24,40901.0
2024-12-23 13:40:00+00:00,590.27,590.27,589.34,589.77,124569.0
2024-12-23 13:45:00+00:00,589.76,590.031,589.67,589.85,41192.0
2024-12-23 13:50:00+00:00,589.88,590.06,589.7,589.7,51683.0
2024-12-23 13:55:00+00:00,589.75,589.92,589.75,589.88,15958.0
2024-12-23 14:00:00+00:00,589.85,590.4,589.7,590.3,43828.0
2024-12-23 14:05:00+00:00,590.31,590.4,590.14,590.34,48091.0
2024-12-23 14:10:00+00:00,590.32,590.46,590.15,590.21,40456.0
2024-12-23 14:15:00+00:00,590.22,590.28,590.0696,590.1283,18112.0
2024-12-23 14:20:00+00:00,590.16,590.57,590.16,590.47,13975.0
2024-12-23 14:25:00+00:00,590.47,590.94,590.47,590.89,74875.0
2024-12-23 14:30:00+00:00,590.89,591.77,590.71,591.23,1214252.0
2024-12-23 14:35:00+00:00,591.25,591.63,590.65,591.27,904267.0
2024-12-23 14:40:00+00:00,591.27,591.47,590.5,590.57,479370.0
2024-12-23 14:45:00+00:00,590.57,590.825,589.55,589.55,829317.0
2024-12-23 14:50:00+00:00,589.5,590.18,589.18,589.94,543673.0
2024-12-23 14:55:00+00:00,589.89,590.77,589.65,590.45,480095.0
2024-12-23 15:00:00+00:00,590.42,590.6099,589.09,589.49,519293.0
2024-12-23 15:05:00+00:00,589.53,590.005,588.22,588.27,899388.0
2024-12-23 15:10:00+00:00,588.27,590.0,587.661,588.8397,628120.0
2024-12-23 15:15:00+00:00,588.76,589.47,588.68,589.02,380843.0
2024-12-23 15:20:00+00:00,589.01,590.0,588.69,589.1296,352662.0
2024-12-23 15:25:00+00:00,589.09,589.46,588.71,589.3,339520.0
2024-12-23 15:30:00+00:00,589.3,589.69,589.0101,589.51,331572.0
2024-12-23 15:35:00+00:00,589.51,590.15,589.07,590.06,369899.0
2024-12-23 15:40:00+00:00,590.03,590.0598,589.13,589.17,264662.0
2024-12-23 15:45:00+00:00,589.2,589.46,588.83,589.03,264611.0
2024-12-23 15:50:00+00:00,589.01,589.23,588.71,588.94,215465.0
2024-12-23 15:55:00+00:00,589.03,589.81,588.745,589.08,361846.0
2024-12-23 16:00:00+00:00,589.06,590.12,588.96,590.118815,291001.0
2024-12-23 16:05:00+00:00,590.06,590.16,589.85,590.09,244869.0
2024-12-23 16:10:00+00:00,590.08,590.28,589.78,590.015,287377.0
2024-12-23 16:15:00+00:00,590.04,590.54,589.93,590.534,256449.0
2024-12-23 16:20:00+00:00,590.51,590.59,590.2523,590.365,207400.0
2024-12-23 16:25:00+00:00,590.37,590.84,590.34,590.6569,343585.0
2024-12-23 16:30:00+00:00,590.67,590.76,590.18,590.5,374498.0
2024-12-23 16:35:00+00:00,590.49,590.82,590.49,590.6,447027.0
2024-12-23 16:40:00+00:00,590.57,591.75,590.49,591.66,727197.0
2024-12-23 16:45:00+00:00,591.67,592.18,591.43,591.79,492653.0
2024-12-23 16:50:00+00:00,591.8199,592.28,591.77,592.17,432128.0
2024-12-23 16:55:00+00:00,592.155,592.5699,591.98,592.51,280237.0
2024-12-23 17:00:00+00:00,592.51,593.12,592.46,592.5001,315179.0
2024-12-23 17:05:00+00:00,592.4998,592.5007,592.03,592.29,231876.0
2024-12-23 17:10:00+00:00,592.265,592.58,592.0315,592.07,305354.0
2024-12-23 17:15:00+00:00,592.07,592.1,591.3401,591.86,226668.0
2024-12-23 17:20:00+00:00,591.87,592.1399,591.79,592.0,311064.0
2024-12-23 17:25:00+00:00,592.03,592.44,591.9,592.13,212149.0
2024-12-23 17:30:00+00:00,592.13,592.52,591.87,592.47,242234.0
2024-12-23 17:35:00+00:00,592.4799,592.4899,591.7001,592.41,340958.0
2024-12-23 17:40:00+00:00,592.47,592.52,592.1,592.52,247499.0
2024-12-23 17:45:00+00:00,592.52,592.87,592.5,592.87,152358.0
2024-12-23 17:50:00+00:00,592.87,592.87,592.55,592.7,148935.0
2024-12-23 17:55:00+00:00,592.68,592.94,592.56,592.5995,357173.0
2024-12-23 18:00:00+00:00,592.595,593.07,592.41,592.99,355632.0
2024-12-23 18:05:00+00:00,593.0,593.37,592.94,593.11,201824.0
2024-12-23 18:10:00+00:00,593.11,593.4,593.035,593.14,290974.0
2024-12-23 18:15:00+00:00,593.17,593.39,592.72,593.0676,517169.0
2024-12-23 18:20:00+00:00,593.04,593.33,592.7341,592.96,255775.0
2024-12-23 18:25:00+00:00,592.97,593.4,592.97,593.2997,216676.0
2024-12-23 18:30:00+00:00,593.27,593.55,593.25,593.47,243692.0
2024-12-23 18:35:00+00:00,593.465,593.915,593.3101,593.8701,1012131.0
2024-12-23 18:40:00+00:00,593.88,593.93,593.44,593.62,265115.0
2024-12-23 18:45:00+00:00,593.62,593.63,593.3,593.49,383287.0
2024-12-23 18:50:00+00:00,593.49,593.79,593.42,593.6401,168660.0
2024-12-23 18:55:00+00:00,593.63,593.905,593.5363,593.67,104648.0
2024-12-23 19:00:00+00:00,593.67,593.9004,593.61,593.81,196981.0
2024-12-23 19:05:00+00:00,593.825,594.03,593.72,593.97,296049.0
2024-12-23 19:10:00+00:00,593.95,594.04,593.76,594.015,183821.0
2024-12-23 19:15:00+00:00,594.015,594.31,593.92,594.07,295036.0
2024-12-23 19:20:00+00:00,594.08,594.16,593.93,594.04,125281.0
2024-12-23 19:25:00+00:00,594.025,594.045,593.66,593.86,408857.0
2024-12-23 19:30:00+00:00,593.89,594.03,593.74,593.8001,225932.0
2024-12-23 19:35:00+00:00,593.83,593.88,593.17,593.1895,579378.0
2024-12-23 19:40:00+00:00,593.19,593.53,593.16,593.45,406261.0
2024-12-23 19:45:00+00:00,593.455,593.64,593.19,593.23,411150.0
2024-12-23 19:50:00+00:00,593.24,593.46,592.92,593.33,453498.0
2024-12-23 19:55:00+00:00,593.33,593.43,592.96,592.98,250844.0
2024-12-23 20:00:00+00:00,592.93,593.18,592.79,593.09,378924.0
2024-12-23 20:05:00+00:00,593.0901,593.135,592.43,592.61,349479.0
2024-12-23 20:10:00+00:00,592.635,593.1,592.25,593.07,525888.0
2024-12-23 20:15:00+00:00,593.06,593.21,592.26,592.49,487066.0
2024-12-23 20:20:00+00:00,592.5,592.86,592.45,592.845,580852.0
2024-12-23 20:25:00+00:00,592.89,593.4099,592.8075,593.305,683797.0
2024-12-23 20:30:00+00:00,593.315,593.57,593.2694,593.5399,888668.0
2024-12-23 20:35:00+00:00,593.54,594.15,593.41,593.73,1106000.0
2024-12-23 20:40:00+00:00,593.72,594.69,593.69,594.34,1544403.0
2024-12-23 20:45:00+00:00,594.35,594.73,594.16,594.42,2029129.0
2024-12-23 20:50:00+00:00,594.42,595.1,594.42,594.87,1257662.0
2024-12-23 20:55:00+00:00,594.87,595.3,594.44,594.78,4109785.0
2024-12-23 21:00:00+00:00,594.8,595.17,594.12,594.27,1225639.0
2024-12-23 21:05:00+00:00,594.1992,594.85,594.1992,594.8,4238788.0
2024-12-23 21:10:00+00:00,594.8,595.0,594.69,594.81,2734379.0
2024-12-23 21:15:00+00:00,594.89,594.95,594.7996,594.92,1727071.0
2024-12-23 21:20:00+00:00,594.86,594.86,594.62,594.62,221278.0
2024-12-23 21:25:00+00:00,594.6,594.74,594.59,594.7,6299.0
2024-12-23 21:30:00+00:00,594.63,594.75,594.57,594.59,196495.0
2024-12-23 21:35:00+00:00,594.59,594.7,594.58,594.59,215942.0
2024-12-23 21:40:00+00:00,594.68,594.68,594.53,594.55,125676.0
2024-12-23 21:45:00+00:00,594.6499,594.7,594.53,594.53,10645.0
2024-12-23 21:50:00+00:00,594.54,594.57,594.45,594.45,6225.0
2024-12-23 21:55:00+00:00,594.57,594.64,594.5401,594.61,4356.0
2024-12-23 22:00:00+00:00,594.6008,594.69,594.51,594.69,104083.0
2024-12-23 22:05:00+00:00,594.69,594.8,594.69,594.8,6019.0
2024-12-23 22:15:00+00:00,594.78,594.7899,594.78,594.7899,356.0
2024-12-23 22:20:00+00:00,594.78,594.78,594.78,594.78,662.0
2024-12-23 22:25:00+00:00,594.78,594.79,594.78,594.79,1478.0
2024-12-23 22:30:00+00:00,594.76,594.76,594.76,594.76,498.0
2024-12-23 22:35:00+00:00,594.79,594.79,594.76,594.76,1133.0
2024-12-23 22:45:00+00:00,594.77,594.77,594.77,594.77,203.0
2024-12-23 22:50:00+00:00,594.7899,594.79,594.7899,594.79,251.0
2024-12-23 22:55:00+00:00,594.77,594.77,594.76,594.76,865.0
2024-12-23 23:00:00+00:00,594.88,595.0,594.77,594.97,12921.0
2024-12-23 23:05:00+00:00,595.03,595.03,594.8,594.89,3117.0
2024-12-23 23:10:00+00:00,595.0,595.1,594.9301,595.1,2090.0
2024-12-23 23:15:00+00:00,595.1,595.2,595.099,595.2,4983.0
2024-12-23 23:20:00+00:00,595.19,595.24,595.12,595.14,2533.0
2024-12-23 23:25:00+00:00,595.1,595.2,595.1,595.19,2901.0
2024-12-23 23:30:00+00:00,595.1,595.1,594.72,594.72,8248.0
2024-12-23 23:35:00+00:00,594.71,594.78,594.65,594.71,10754.0
2024-12-23 23:40:00+00:00,594.64,594.74,594.62,594.62,3054.0
2024-12-23 23:45:00+00:00,594.7,594.72,594.61,594.61,2421.0
2024-12-23 23:50:00+00:00,594.62,594.63,594.62,594.63,210.0
2024-12-23 23:55:00+00:00,594.63,594.72,594.63,594.72,441.0
2024-12-24 00:00:00+00:00,594.66,594.66,594.41,594.43,3686.0
2024-12-24 00:05:00+00:00,594.43,594.43,594.15,594.2592,6698.0
2024-12-24 00:10:00+00:00,594.3,594.3,594.25,594.25,1681.0
2024-12-24 00:15:00+00:00,594.3,594.31,594.19,594.31,883.0
2024-12-24 00:20:00+00:00,594.35,594.6,594.35,594.6,1930.0
2024-12-24 00:25:00+00:00,594.42,594.42,594.4,594.4,699.0
2024-12-24 00:30:00+00:00,594.39,594.45,594.39,594.45,883.0
2024-12-24 00:40:00+00:00,594.42,594.59,594.42,594.59,953.0
2024-12-24 00:45:00+00:00,594.56,594.56,594.56,594.56,806.0
2024-12-24 00:50:00+00:00,594.67,594.67,594.52,594.52,3687.0
2024-12-24 00:55:00+00:00,594.62,594.65,594.53,594.65,2028.0
2024-12-24 09:00:00+00:00,595.05,595.39,595.0,595.39,2057.0
2024-12-24 09:05:00+00:00,595.33,595.4,595.33,595.4,1880.0
2024-12-24 09:10:00+00:00,595.43,595.55,595.43,595.55,728.0
2024-12-24 09:15:00+00:00,595.58,595.71,595.58,595.63,2918.0
2024-12-24 09:20:00+00:00,595.67,595.67,595.37,595.46,718.0
2024-12-24 09:25:00+00:00,595.41,595.47,595.41,595.47,369.0
2024-12-24 09:30:00+00:00,595.28,595.49,595.28,595.49,1222.0
2024-12-24 09:40:00+00:00,595.55,595.61,595.55,595.61,439.0
2024-12-24 09:45:00+00:00,595.65,595.65,595.63,595.64,730.0
2024-12-24 09:50:00+00:00,595.69,595.75,595.61,595.75,682.0
2024-12-24 09:55:00+00:00,595.69,595.69,595.69,595.69,204.0
2024-12-24 10:00:00+00:00,595.8,595.8,595.8,595.8,1200.0
2024-12-24 10:05:00+00:00,595.78,595.78,595.76,595.76,1258.0
2024-12-24 10:15:00+00:00,595.63,595.67,595.58,595.58,2448.0
2024-12-24 10:30:00+00:00,595.65,595.65,595.65,595.65,204.0
2024-12-24 10:35:00+00:00,595.5,595.5,595.4,595.4,879.0
2024-12-24 10:55:00+00:00,595.51,595.67,595.51,595.67,3517.0
2024-12-24 11:00:00+00:00,595.66,595.7,595.66,595.68,1033.0
2024-12-24 11:10:00+00:00,595.65,595.79,595.65,595.79,2565.0
2024-12-24 11:15:00+00:00,595.63,595.63,595.63,595.63,146.0
2024-12-24 11:20:00+00:00,595.57,595.58,595.54,595.54,859.0
2024-12-24 11:25:00+00:00,595.45,595.56,595.45,595.48,1147.0
2024-12-24 11:30:00+00:00,595.44,595.44,595.44,595.44,259.0
2024-12-24 11:35:00+00:00,595.47,595.47,595.47,595.47,193.0
2024-12-24 11:40:00+00:00,595.31,595.35,595.29,595.29,559.0
2024-12-24 11:45:00+00:00,595.25,595.26,595.22,595.22,714.0
2024-12-24 11:50:00+00:00,595.1,595.3,595.1,595.3,678.0
2024-12-24 12:00:00+00:00,595.26,595.38,595.26,595.35,23495.0
2024-12-24 12:05:00+00:00,595.32,595.33,595.25,595.25,3327.0
2024-12-24 12:10:00+00:00,595.2,595.5,595.2,595.5,4514.0
2024-12-24 12:15:00+00:00,595.47,595.58,595.47,595.57,2980.0
2024-12-24 12:20:00+00:00,595.59,595.59,595.59,595.59,486.0
2024-12-24 12:25:00+00:00,595.53,595.53,595.43,595.43,1480.0
2024-12-24 12:30:00+00:00,595.5,595.5,595.47,595.47,366.0
2024-12-24 12:35:00+00:00,595.42,595.42,595.32,595.32,1832.0
2024-12-24 12:40:00+00:00,595.41,595.419,595.38,595.38,1488.0
2024-12-24 12:45:00+00:00,595.37,595.5,595.36,595.47,2147.0
2024-12-24 12:50:00+00:00,595.43,595.52,595.41,595.5,3359.0
2024-12-24 12:55:00+00:00,595.5,595.68,595.5,595.68,18736.0
2024-12-24 13:00:00+00:00,595.37,595.6492,594.5,595.4,33298.0
2024-12-24 13:05:00+00:00,595.46,595.49,595.38,595.46,3331.0
2024-12-24 13:10:00+00:00,595.53,595.57,595.5,595.56,2831.0
2024-12-24 13:15:00+00:00,595.5,595.5,595.3502,595.42,3044.0
2024-12-24 13:20:00+00:00,595.47,595.59,595.47,595.59,6076.0
2024-12-24 13:25:00+00:00,595.58,595.58,595.49,595.53,4526.0
2024-12-24 13:30:00+00:00,595.58,595.64,595.5,595.6,164039.0
2024-12-24 13:35:00+00:00,595.49,595.56,595.42,595.56,7324.0
2024-12-24 13:40:00+00:00,595.56,595.6,595.5,595.6,35957.0
2024-12-24 13:45:00+00:00,595.62,595.76,595.62,595.73,21296.0
2024-12-24 13:50:00+00:00,595.72,595.83,595.71,595.8,42180.0
2024-12-24 13:55:00+00:00,595.77,595.8,595.76,595.76,3878.0
2024-12-24 14:00:00+00:00,595.75,596.03,595.74,595.77,18245.0
2024-12-24 14:05:00+00:00,595.8918,596.05,595.8918,596.05,8834.0
2024-12-24 14:10:00+00:00,596.05,596.35,596.05,596.33,23610.0
2024-12-24 14:15:00+00:00,596.35,596.37,596.08,596.09,28866.0
2024-12-24 14:20:00+00:00,596.11,596.15,595.94,596.08,7755.0
2024-12-24 14:25:00+00:00,595.92,596.2,595.71,596.03,90586.0
2024-12-24 14:30:00+00:00,596.06,596.21,595.47,596.13,850954.0
2024-12-24 14:35:00+00:00,596.14,596.63,595.795,596.3901,387575.0
2024-12-24 14:40:00+00:00,596.4025,596.99,596.3685,596.795,426201.0
2024-12-24 14:45:00+00:00,596.8,597.05,596.74,596.88,436106.0
2024-12-24 14:50:00+00:00,596.88,597.19,596.57,596.995,401956.0
2024-12-24 14:55:00+00:00,596.98,597.28,596.74,597.2,316971.0
2024-12-24 15:00:00+00:00,597.2,597.87,597.2,597.8301,475606.0
2024-12-24 15:05:00+00:00,597.83,598.13,597.4701,597.54,445627.0
2024-12-24 15:10:00+00:00,597.54,598.12,597.54,598.12,326532.0
2024-12-24 15:15:00+00:00,598.13,598.32,598.04,598.17,239240.0
2024-12-24 15:20:00+00:00,598.18,598.25,597.83,598.13,572885.0
2024-12-24 15:25:00+00:00,598.1208,598.34,598.12,598.2,617188.0
2024-12-24 15:30:00+00:00,598.23,598.65,598.16,598.62,308146.0
2024-12-24 15:35:00+00:00,598.62,599.03,598.4808,598.76,567872.0
2024-12-24 15:40:00+00:00,598.75,599.3,598.74,599.25,392445.0
2024-12-24 15:45:00+00:00,599.24,599.3701,599.09,599.28,269850.0
2024-12-24 15:50:00+00:00,599.28,599.3,598.67,598.71,464640.0
2024-12-24 15:55:00+00:00,598.7398,599.229,598.71,599.18,848009.0
2024-12-24 16:00:00+00:00,599.17,599.37,599.075,599.25,295936.0
2024-12-24 16:05:00+00:00,599.27,599.28,598.8601,599.15,221878.0
2024-12-24 16:10:00+00:00,599.1301,599.1301,598.8,599.03,220469.0
2024-12-24 16:15:00+00:00,599.0201,599.22,599.0,599.1299,446752.0
2024-12-24 16:20:00+00:00,599.115,599.3201,599.01,599.2816,334056.0
2024-12-24 16:25:00+00:00,599.29,599.36,599.2,599.25,288244.0
2024-12-24 16:30:00+00:00,599.24,599.35,599.0722,599.335,210239.0
2024-12-24 16:35:00+00:00,599.32,599.57,599.21,599.49,226142.0
2024-12-24 16:40:00+00:00,599.4839,599.79,599.48,599.75,273202.0
2024-12-24 16:45:00+00:00,599.76,599.81,599.65,599.7799,215595.0
2024-12-24 16:50:00+00:00,599.76,599.81,598.84,599.15,474436.0
2024-12-24 16:55:00+00:00,599.13,599.5656,598.9501,599.0117,597111.0
2024-12-24 17:00:00+00:00,599.04,599.48,598.9,599.38,250540.0
2024-12-24 17:05:00+00:00,599.4,599.6799,599.3401,599.66,245054.0
2024-12-24 17:10:00+00:00,599.675,599.89,599.55,599.88,364702.0
2024-12-24 17:15:00+00:00,599.88,599.98,599.71,599.945,458033.0
2024-12-24 17:20:00+00:00,599.945,600.18,599.87,599.98,493779.0
2024-12-24 17:25:00+00:00,599.99,600.33,599.94,600.1601,453808.0
2024-12-24 17:30:00+00:00,600.17,600.19,599.45,599.495,1103001.0
2024-12-24 17:35:00+00:00,599.48,599.98,599.15,599.93,423244.0
2024-12-24 17:40:00+00:00,599.92,600.32,599.87,599.92,566466.0
2024-12-24 17:45:00+00:00,599.91,600.08,599.575,600.0375,514620.0
2024-12-24 17:50:00+00:00,600.04,600.71,600.01,600.66,1811244.0
2024-12-24 17:55:00+00:00,600.67,601.34,600.54,601.26,3435260.0
2024-12-24 18:00:00+00:00,601.23,601.3,601.23,601.3,958485.0
2024-12-24 21:00:00+00:00,601.08,601.17,601.08,601.15,1042.0
2024-12-24 21:05:00+00:00,601.15,601.2,601.15,601.17,17922.0
2024-12-24 21:10:00+00:00,601.17,601.17,601.17,601.17,878.0
2024-12-24 21:25:00+00:00,601.2,601.2,601.2,601.2,956.0
2024-12-24 21:30:00+00:00,601.2,601.2,601.15,601.2,2858.0
2024-12-24 21:35:00+00:00,601.15,601.15,601.15,601.15,405.0
2024-12-24 21:40:00+00:00,601.15,601.15,601.11,601.11,1418.0
2024-12-24 21:45:00+00:00,601.07,601.07,601.07,601.07,1366.0
2024-12-24 21:50:00+00:00,601.07,601.1999,601.07,601.1,8300.0
2024-12-24 21:55:00+00:00,601.11,601.14,601.08,601.1,8431.0
2024-12-26 09:00:00+00:00,600.5,600.5,599.74,599.74,15464.0
2024-12-26 09:05:00+00:00,599.65,599.93,599.64,599.91,4998.0
2024-12-26 09:10:00+00:00,599.84,599.84,599.41,599.47,12031.0
2024-12-26 09:15:00+00:00,599.44,599.74,599.44,599.5,2620.0
2024-12-26 09:20:00+00:00,599.36,599.53,599.36,599.53,739.0
2024-12-26 09:25:00+00:00,599.4,599.6,599.4,599.5,4162.0
2024-12-26 09:30:00+00:00,599.59,599.9,599.56,599.81,2930.0
2024-12-26 09:35:00+00:00,599.87,599.87,599.7,599.81,1481.0
2024-12-26 09:40:00+00:00,599.84,599.84,599.75,599.75,420.0
2024-12-26 09:50:00+00:00,599.6,599.6,599.0,599.0,3623.0
2024-12-26 09:55:00+00:00,599.1,599.25,599.1,599.18,2357.0
2024-12-26 10:00:00+00:00,598.93,598.93,598.57,598.57,4139.0
2024-12-26 10:05:00+00:00,598.54,598.67,598.54,598.59,894.0
2024-12-26 10:10:00+00:00,598.65,598.67,598.59,598.6,923.0
2024-12-26 10:15:00+00:00,598.73,598.85,598.65,598.85,1512.0
2024-12-26 10:20:00+00:00,598.88,598.88,598.68,598.68,1564.0
2024-12-26 10:30:00+00:00,598.77,598.77,598.77,598.77,327.0
2024-12-26 10:35:00+00:00,598.94,598.97,598.94,598.97,1661.0
2024-12-26 10:40:00+00:00,598.95,598.95,598.95,598.95,3145.0
2024-12-26 10:45:00+00:00,598.91,599.05,598.91,599.05,867.0
2024-12-26 10:50:00+00:00,598.79,598.8,598.76,598.79,4073.0
2024-12-26 10:55:00+00:00,598.95,598.95,598.95,598.95,566.0
2024-12-26 11:00:00+00:00,598.72,598.81,598.62,598.81,1627.0
2024-12-26 11:05:00+00:00,598.78,598.78,598.65,598.65,948.0
2024-12-26 11:10:00+00:00,598.74,598.75,598.6,598.6,2028.0
2024-12-26 11:15:00+00:00,598.35,598.4,598.35,598.4,2332.0
2024-12-26 11:20:00+00:00,598.38,598.69,598.38,598.64,894.0
2024-12-26 11:25:00+00:00,598.87,598.87,598.84,598.84,559.0
2024-12-26 11:30:00+00:00,598.99,599.1,598.99,599.1,3821.0
2024-12-26 11:35:00+00:00,599.1,599.14,599.1,599.14,662.0
2024-12-26 11:40:00+00:00,599.1,599.1,599.1,599.1,434.0
2024-12-26 11:45:00+00:00,599.04,599.09,598.96,598.96,1239.0
2024-12-26 11:50:00+00:00,599.09,599.18,599.09,599.18,1005.0
2024-12-26 11:55:00+00:00,599.21,599.21,599.18,599.21,641.0
2024-12-26 12:00:00+00:00,599.19,599.47,599.16,599.35,15112.0
2024-12-26 12:05:00+00:00,599.35,599.39,599.29,599.31,6765.0
2024-12-26 12:10:00+00:00,599.26,599.31,599.16,599.2,3426.0
2024-12-26 12:15:00+00:00,599.19,599.37,599.15,599.37,2896.0
2024-12-26 12:20:00+00:00,599.4,599.4,599.3,599.3,1318.0
2024-12-26 12:25:00+00:00,599.12,599.48,599.12,599.48,7645.0
2024-12-26 12:30:00+00:00,599.35,599.35,599.25,599.28,2498.0
2024-12-26 12:35:00+00:00,599.3,599.34,599.27,599.27,1655.0
2024-12-26 12:40:00+00:00,599.15,599.16,599.0,599.16,7396.0
2024-12-26 12:45:00+00:00,599.11,599.25,599.03,599.25,1025.0
2024-12-26 12:50:00+00:00,599.33,599.4,599.29,599.4,3268.0
2024-12-26 12:55:00+00:00,599.41,599.45,599.33,599.33,2851.0
2024-12-26 13:00:00+00:00,599.39,601.69,598.8096,599.2795,38978.0
2024-12-26 13:05:00+00:00,599.3,599.39,599.2,599.39,3483.0
2024-12-26 13:10:00+00:00,599.36,599.48,599.36,599.45,4217.0
2024-12-26 13:15:00+00:00,599.46,599.52,599.0,599.43,17753.0
2024-12-26 13:20:00+00:00,599.42,599.53,599.39,599.41,28088.0
2024-12-26 13:25:00+00:00,599.33,599.4,599.26,599.3,23589.0
2024-12-26 13:30:00+00:00,599.32,599.42,598.87,599.3,18901.0
2024-12-26 13:35:00+00:00,599.4,599.46,599.19,599.31,4065.0
2024-12-26 13:40:00+00:00,599.33,599.39,598.69,599.04,36477.0
2024-12-26 13:45:00+00:00,599.02,599.1,598.76,599.1,19604.0
2024-12-26 13:50:00+00:00,599.04,599.25,598.91,599.17,11851.0
2024-12-26 13:55:00+00:00,599.12,599.19,599.0,599.13,8399.0
2024-12-26 14:00:00+00:00,599.12,599.35,599.0,599.27,8433.0
2024-12-26 14:05:00+00:00,599.17,599.36,599.1436,599.3,6134.0
2024-12-26 14:10:00+00:00,599.31,599.35,599.05,599.11,14829.0
2024-12-26 14:15:00+00:00,599.1,599.34,599.1,599.17,57452.0
2024-12-26 14:20:00+00:00,599.17,599.26,598.97,599.26,30476.0
2024-12-26 14:25:00+00:00,599.25,599.49,599.2,599.46,60524.0
2024-12-26 14:30:00+00:00,599.5,600.1763,599.41,599.91,924172.0
2024-12-26 14:35:00+00:00,599.93,600.27,599.55,599.8891,509373.0
2024-12-26 14:40:00+00:00,599.86,600.13,599.671,599.8659,374307.0
2024-12-26 14:45:00+00:00,599.87,600.22,599.7,599.76,256519.0
2024-12-26 14:50:00+00:00,599.78,599.8299,598.0825,598.38,549511.0
2024-12-26 14:55:00+00:00,598.39,600.1,598.39,599.9,478237.0
2024-12-26 15:00:00+00:00,599.92,600.28,599.81,600.16,445484.0
2024-12-26 15:05:00+00:00,600.1501,600.4,599.47,599.5299,473960.0
2024-12-26 15:10:00+00:00,599.51,599.8599,599.485,599.77,238637.0
2024-12-26 15:15:00+00:00,599.77,599.79,599.41,599.49,185513.0
2024-12-26 15:20:00+00:00,599.495,600.21,599.41,600.18,313420.0
2024-12-26 15:25:00+00:00,600.17,600.32,600.01,600.29,497006.0
2024-12-26 15:30:00+00:00,600.285,600.47,600.2401,600.37,258710.0
2024-12-26 15:35:00+00:00,600.3754,600.44,600.17,600.3,299810.0
2024-12-26 15:40:00+00:00,600.295,600.39,599.79,599.97,261092.0
2024-12-26 15:45:00+00:00,599.95,600.47,599.85,600.43,246892.0
2024-12-26 15:50:00+00:00,600.42,600.71,600.365,600.56,358668.0
2024-12-26 15:55:00+00:00,600.57,600.91,600.39,600.88,183943.0
2024-12-26 16:00:00+00:00,600.89,601.0,600.61,600.9601,198207.0
2024-12-26 16:05:00+00:00,600.96,601.01,600.82,600.93,115753.0
2024-12-26 16:10:00+00:00,600.92,601.19,600.92,601.12,256320.0
2024-12-26 16:15:00+00:00,601.13,601.26,601.11,601.259,161238.0
2024-12-26 16:20:00+00:00,601.2499,601.2785,600.7901,600.7901,399146.0
2024-12-26 16:25:00+00:00,600.81,600.91,600.53,600.83,333908.0
2024-12-26 16:30:00+00:00,600.84,601.22,600.8,601.13,179863.0
2024-12-26 16:35:00+00:00,601.13,601.26,601.0901,601.245,110028.0
2024-12-26 16:40:00+00:00,601.24,601.84,601.2,601.75,447570.0
2024-12-26 16:45:00+00:00,601.7604,601.859,601.61,601.859,165369.0
2024-12-26 16:50:00+00:00,601.85,601.85,601.51,601.62,252371.0
2024-12-26 16:55:00+00:00,601.61,601.91,601.61,601.81,331035.0
2024-12-26 17:00:00+00:00,601.84,601.93,601.74,601.8723,209917.0
2024-12-26 17:05:00+00:00,601.87,601.96,601.81,601.84,109311.0
2024-12-26 17:10:00+00:00,601.84,602.11,601.84,602.06,146074.0
2024-12-26 17:15:00+00:00,602.07,602.48,602.05,602.35,527483.0
2024-12-26 17:20:00+00:00,602.3599,602.38,602.01,602.0802,140068.0
2024-12-26 17:25:00+00:00,602.07,602.105,601.4825,601.51,155966.0
2024-12-26 17:30:00+00:00,601.51,602.01,601.42,602.01,211659.0
2024-12-26 17:35:00+00:00,602.01,602.05,601.48,601.6099,297207.0
2024-12-26 17:40:00+00:00,601.61,601.675,601.47,601.59,103747.0
2024-12-26 17:45:00+00:00,601.625,601.68,600.35,600.87,653215.0
2024-12-26 17:50:00+00:00,600.865,601.18,600.48,601.13,499841.0
2024-12-26 17:55:00+00:00,601.13,601.41,600.62,600.99,145275.0
2024-12-26 18:00:00+00:00,600.9596,601.44,600.89,601.28,163621.0
2024-12-26 18:05:00+00:00,601.31,601.606,601.05,601.56,142567.0
2024-12-26 18:10:00+00:00,601.55,601.62,601.0313,601.1599,179077.0
2024-12-26 18:15:00+00:00,601.15,601.81,601.1,601.76,164268.0
2024-12-26 18:20:00+00:00,601.75,601.75,601.35,601.6,138533.0
2024-12-26 18:25:00+00:00,601.62,601.82,601.62,601.67,106873.0
2024-12-26 18:30:00+00:00,601.68,601.77,601.02,601.07,130950.0
2024-12-26 18:35:00+00:00,601.08,601.56,601.06,601.33,152221.0
2024-12-26 18:40:00+00:00,601.3,601.4299,600.75,600.96,306744.0
2024-12-26 18:45:00+00:00,600.98,601.59,600.9232,601.41,266606.0
2024-12-26 18:50:00+00:00,601.41,601.58,601.15,601.52,158396.0
2024-12-26 18:55:00+00:00,601.52,601.6,601.083,601.32,177619.0
2024-12-26 19:00:00+00:00,601.265,601.27,600.98,601.1035,134416.0
2024-12-26 19:05:00+00:00,601.09,601.14,600.68,600.8903,394364.0
2024-12-26 19:10:00+00:00,600.89,601.19,600.78,600.86,189312.0
2024-12-26 19:15:00+00:00,600.815,601.0,600.66,600.78,666424.0
2024-12-26 19:20:00+00:00,600.78,601.09,600.78,601.0201,97199.0
2024-12-26 19:25:00+00:00,601.03,601.13,600.875,600.9,115661.0
2024-12-26 19:30:00+00:00,600.97,601.1777,600.8403,600.89,107641.0
2024-12-26 19:35:00+00:00,600.93,601.22,600.8499,601.2099,281050.0
2024-12-26 19:40:00+00:00,601.21,601.54,601.15,601.41,127289.0
2024-12-26 19:45:00+00:00,601.42,601.68,601.41,601.45,163180.0
2024-12-26 19:50:00+00:00,601.44,601.73,601.44,601.65,1142572.0
2024-12-26 19:55:00+00:00,601.65,601.81,601.6,601.745,95992.0
2024-12-26 20:00:00+00:00,601.74,601.87,601.66,601.8401,166010.0
2024-12-26 20:05:00+00:00,601.845,602.1,601.79,601.99,195944.0
2024-12-26 20:10:00+00:00,601.98,601.99,601.4301,601.4616,438163.0
2024-12-26 20:15:00+00:00,601.47,601.74,601.42,601.73,318330.0
2024-12-26 20:20:00+00:00,601.735,601.84,601.62,601.825,210482.0
2024-12-26 20:25:00+00:00,601.82,601.97,601.79,601.79,213112.0
2024-12-26 20:30:00+00:00,601.79,601.85,601.49,601.73,367053.0
2024-12-26 20:35:00+00:00,601.72,601.87,601.62,601.75,441738.0
2024-12-26 20:40:00+00:00,601.74,601.93,601.63,601.72,588087.0
2024-12-26 20:45:00+00:00,601.75,602.025,601.67,601.83,543709.0
2024-12-26 20:50:00+00:00,601.84,602.02,601.58,601.76,791209.0
2024-12-26 20:55:00+00:00,601.79,601.83,601.06,601.25,1705489.0
2024-12-26 21:00:00+00:00,601.28,601.56,600.98,601.13,4341703.0
2024-12-26 21:05:00+00:00,601.08,601.24,600.94,601.03,199827.0
2024-12-26 21:10:00+00:00,601.0,601.18,601.0,601.06,4800690.0
2024-12-26 21:15:00+00:00,601.03,601.08,600.95,601.0,1015532.0
2024-12-26 21:20:00+00:00,600.95,601.34,600.93,601.09,109784.0
2024-12-26 21:25:00+00:00,601.0799,601.2151,601.07,601.09,1712409.0
2024-12-26 21:30:00+00:00,601.05,601.2151,600.97,601.0388,339644.0
2024-12-26 21:35:00+00:00,601.07,601.07,601.01,601.01,1729.0
2024-12-26 21:40:00+00:00,601.04,601.05,601.01,601.01,2079.0
2024-12-26 21:45:00+00:00,601.02,601.02,600.95,600.97,19280.0
2024-12-26 21:50:00+00:00,600.95,600.95,600.95,600.95,3571.0
2024-12-26 21:55:00+00:00,600.95,600.99,600.93,600.99,40095.0
2024-12-26 22:00:00+00:00,600.99,601.02,600.99,601.02,12091.0
2024-12-26 22:05:00+00:00,601.03,601.07,601.03,601.06,10410.0
2024-12-26 22:10:00+00:00,601.001,601.001,601.0,601.0,953.0
2024-12-26 22:15:00+00:00,601.0,601.05,600.9999,601.04,11579.0
2024-12-26 22:20:00+00:00,601.04,601.04,601.0,601.0,1616.0
2024-12-26 22:30:00+00:00,601.04,601.04,601.0,601.0,862.0
2024-12-26 22:35:00+00:00,601.06,601.09,601.06,601.09,2854.0
2024-12-26 22:40:00+00:00,601.07,601.07,601.07,601.07,7439.0
2024-12-26 22:45:00+00:00,601.06,601.06,601.06,601.06,255.0
2024-12-26 22:50:00+00:00,600.99,600.99,600.95,600.95,9453.0
2024-12-26 22:55:00+00:00,600.95,600.95,600.87,600.91,8434.0
2024-12-26 23:00:00+00:00,600.91,601.09,600.9,601.06,18062.0
2024-12-26 23:05:00+00:00,601.07,601.07,601.0,601.0,755.0
2024-12-26 23:10:00+00:00,600.95,600.95,600.8,600.91,3336.0
2024-12-26 23:15:00+00:00,600.9,600.9,600.9,600.9,509.0
2024-12-26 23:20:00+00:00,601.03,601.05,601.03,601.05,370.0
2024-12-26 23:30:00+00:00,601.0,601.0,600.93,600.93,12476.0
2024-12-26 23:40:00+00:00,601.02,601.07,601.02,601.07,518.0
2024-12-26 23:45:00+00:00,601.07,601.15,601.07,601.15,2565.0
2024-12-26 23:50:00+00:00,601.15,601.23,601.15,601.23,3056.0
2024-12-26 23:55:00+00:00,601.15,601.15,601.15,601.15,320.0
2024-12-27 00:00:00+00:00,601.17,601.3,601.15,601.1801,1771.0
2024-12-27 00:05:00+00:00,601.16,601.16,601.16,601.16,172.0
2024-12-27 00:10:00+00:00,601.1,601.1,601.03,601.05,848.0
2024-12-27 00:15:00+00:00,601.04,601.04,600.66,600.66,4882.0
2024-12-27 00:20:00+00:00,600.61,600.61,600.25,600.48,6914.0
2024-12-27 00:25:00+00:00,600.56,600.56,600.45,600.45,1829.0
2024-12-27 00:30:00+00:00,600.54,600.55,600.5,600.53,2149.0
2024-12-27 00:35:00+00:00,600.45,600.4761,600.36,600.4761,2188.0
2024-12-27 00:40:00+00:00,600.4,600.4,600.34,600.35,1888.0
2024-12-27 00:45:00+00:00,600.33,600.6,600.33,600.59,4109.0
2024-12-27 00:50:00+00:00,600.59,600.59,600.37,600.37,24036.0
2024-12-27 00:55:00+00:00,600.37,600.46,600.37,600.41,5986.0
2024-12-27 09:00:00+00:00,599.25,599.35,599.25,599.31,5203.0
2024-12-27 09:05:00+00:00,599.26,599.46,599.26,599.46,3044.0
2024-12-27 09:10:00+00:00,599.38,599.44,599.38,599.4,1599.0
2024-12-27 09:15:00+00:00,599.37,599.51,599.32,599.32,1923.0
2024-12-27 09:20:00+00:00,599.36,599.49,599.36,599.49,738.0
2024-12-27 09:30:00+00:00,599.49,599.5,599.49,599.5,655.0
2024-12-27 09:35:00+00:00,599.47,599.47,599.47,599.47,320.0
2024-12-27 09:45:00+00:00,599.57,599.57,599.57,599.57,222.0
2024-12-27 09:50:00+00:00,599.44,599.44,599.37,599.37,633.0
2024-12-27 09:55:00+00:00,599.23,599.36,599.23,599.36,464.0
2024-12-27 10:00:00+00:00,599.34,599.43,599.34,599.43,858.0
2024-12-27 10:05:00+00:00,599.45,599.45,599.43,599.43,1484.0
2024-12-27 10:15:00+00:00,599.44,599.44,599.44,599.44,327.0
2024-12-27 10:25:00+00:00,599.38,599.4,599.38,599.4,746.0
2024-12-27 10:30:00+00:00,599.4,599.4,599.4,599.4,1033.0
2024-12-27 10:35:00+00:00,599.4,599.4,599.27,599.3,1414.0
2024-12-27 10:40:00+00:00,599.27,599.41,599.27,599.41,683.0
2024-12-27 10:45:00+00:00,599.25,599.25,599.23,599.23,1823.0
2024-12-27 10:50:00+00:00,599.24,599.5,599.24,599.5,417.0
2024-12-27 10:55:00+00:00,599.46,599.46,599.34,599.34,463.0
2024-12-27 11:10:00+00:00,599.51,599.51,599.51,599.51,511.0
2024-12-27 11:20:00+00:00,599.36,599.36,599.36,599.36,228.0
2024-12-27 11:30:00+00:00,599.46,599.46,599.46,599.46,654.0
2024-12-27 11:35:00+00:00,599.51,599.51,599.51,599.51,537.0
2024-12-27 11:40:00+00:00,599.51,599.53,599.51,599.53,593.0
2024-12-27 11:45:00+00:00,599.56,599.6,599.41,599.57,2694.0
2024-12-27 11:50:00+00:00,599.56,599.61,599.56,599.6,583.0
2024-12-27 11:55:00+00:00,599.63,599.63,599.54,599.62,421.0
2024-12-27 12:00:00+00:00,599.75,599.9,599.72,599.86,5329.0
2024-12-27 12:05:00+00:00,599.78,599.9,599.78,599.88,4855.0
2024-12-27 12:10:00+00:00,599.97,599.97,599.89,599.925,5241.0
2024-12-27 12:15:00+00:00,599.9,599.9,599.71,599.76,9295.0
2024-12-27 12:20:00+00:00,599.76,599.76,599.59,599.6,5554.0
2024-12-27 12:25:00+00:00,599.73,599.75,599.65,599.66,1726.0
2024-12-27 12:30:00+00:00,599.74,599.74,599.71,599.72,1142.0
2024-12-27 12:35:00+00:00,599.71,599.71,599.5,599.5,3516.0
2024-12-27 12:40:00+00:00,599.51,599.51,599.51,599.51,262.0
2024-12-27 12:45:00+00:00,599.551,599.59,599.55,599.55,4624.0
2024-12-27 12:50:00+00:00,599.63,599.63,599.58,599.61,6493.0
2024-12-27 12:55:00+00:00,599.64,599.64,599.64,599.64,459.0
2024-12-27 13:00:00+00:00,599.6401,600.59,599.2,599.48,70023.0
2024-12-27 13:05:00+00:00,599.5,599.5098,599.24,599.33,13599.0
2024-12-27 13:10:00+00:00,599.35,599.5199,599.31,599.5199,2253.0
2024-12-27 13:15:00+00:00,599.43,599.43,599.32,599.32,1645.0
2024-12-27 13:20:00+00:00,599.33,599.33,599.19,599.21,7948.0
2024-12-27 13:25:00+00:00,599.2,599.2694,599.08,599.24,15073.0
2024-12-27 13:30:00+00:00,599.23,599.24,598.99,599.01,27777.0
2024-12-27 13:35:00+00:00,598.99,599.03,598.68,598.91,23930.0
2024-12-27 13:40:00+00:00,598.87,599.12,598.78,599.12,25716.0
2024-12-27 13:45:00+00:00,599.09,599.15,599.01,599.15,13586.0
2024-12-27 13:50:00+00:00,599.17,599.21,599.08,599.21,12480.0
2024-12-27 13:55:00+00:00,599.24,599.25,598.81,598.81,16808.0
2024-12-27 14:00:00+00:00,598.81,598.9,598.36,598.45,38601.0
2024-12-27 14:05:00+00:00,598.46,598.63,598.46,598.54,7637.0
2024-12-27 14:10:00+00:00,598.53,598.61,598.3601,598.4399,29573.0
2024-12-27 14:15:00+00:00,598.42,598.45,598.1,598.23,26479.0
2024-12-27 14:20:00+00:00,598.16,598.28,597.97,597.9999,66951.0
2024-12-27 14:25:00+00:00,598.0,598.15,597.38,597.48,113644.0
2024-12-27 14:30:00+00:00,597.54,597.7761,597.02,597.07,1245437.0
2024-12-27 14:35:00+00:00,597.0699,597.39,596.49,596.62,731339.0
2024-12-27 14:40:00+00:00,596.66,597.21,596.51,596.52,707211.0
2024-12-27 14:45:00+00:00,596.51,597.63,596.43,597.5,692783.0
2024-12-27 14:50:00+00:00,597.49,597.5977,596.95,597.0601,419671.0
2024-12-27 14:55:00+00:00,597.0401,597.135,596.68,596.82,327561.0
2024-12-27 15:00:00+00:00,596.82,597.01,594.9,594.91,1147808.0
2024-12-27 15:05:00+00:00,594.92,595.32,594.28,595.03,1146114.0
2024-12-27 15:10:00+00:00,595.03,595.08,593.715,594.03,773298.0
2024-12-27 15:15:00+00:00,594.04,594.09,592.79,593.02,958669.0
2024-12-27 15:20:00+00:00,593.015,594.55,592.82,593.74,1032639.0
2024-12-27 15:25:00+00:00,593.74,593.77,593.01,593.21,521982.0
2024-12-27 15:30:00+00:00,593.17,593.2998,592.25,592.64,520998.0
2024-12-27 15:35:00+00:00,592.63,593.22,592.63,593.12,535369.0
2024-12-27 15:40:00+00:00,593.1,594.13,592.84,593.89,682409.0
2024-12-27 15:45:00+00:00,593.83,594.47,593.37,594.26,645409.0
2024-12-27 15:50:00+00:00,594.23,594.57,594.03,594.5483,622531.0
2024-12-27 15:55:00+00:00,594.49,594.52,593.75,593.98,546537.0
2024-12-27 16:00:00+00:00,593.96,593.9713,592.77,592.8599,442004.0
2024-12-27 16:05:00+00:00,592.86,593.2599,592.66,592.87,384192.0
2024-12-27 16:10:00+00:00,592.84,593.3,592.46,592.52,426753.0
2024-12-27 16:15:00+00:00,592.54,592.9969,592.53,592.68,637608.0
2024-12-27 16:20:00+00:00,592.69,593.19,592.64,593.06,746574.0
2024-12-27 16:25:00+00:00,593.05,594.55,593.05,594.519,753570.0
2024-12-27 16:30:00+00:00,594.4901,594.57,593.97,594.42,764634.0
2024-12-27 16:35:00+00:00,594.38,594.6799,594.25,594.32,395824.0
2024-12-27 16:40:00+00:00,594.31,594.42,593.1003,593.12,661982.0
2024-12-27 16:45:00+00:00,593.12,593.46,592.86,592.92,609913.0
2024-12-27 16:50:00+00:00,592.93,593.0298,591.5801,591.77,866183.0
2024-12-27 16:55:00+00:00,591.76,592.49,591.6601,592.0301,487494.0
2024-12-27 17:00:00+00:00,592.03,592.34,591.78,591.87,431668.0
2024-12-27 17:05:00+00:00,591.8699,591.9489,591.08,591.55,643089.0
2024-12-27 17:10:00+00:00,591.65,591.78,591.31,591.41,522403.0
2024-12-27 17:15:00+00:00,591.4,591.6,591.05,591.16,366238.0
2024-12-27 17:20:00+00:00,591.16,591.54,590.8,591.06,504631.0
2024-12-27 17:25:00+00:00,591.0699,591.84,591.05,591.53,423008.0
2024-12-27 17:30:00+00:00,591.5301,592.46,591.47,591.929,691245.0
2024-12-27 17:35:00+00:00,591.9,591.94,590.7647,591.04,452205.0
2024-12-27 17:40:00+00:00,591.07,591.6501,591.03,591.52,322357.0
2024-12-27 17:45:00+00:00,591.52,591.64,591.01,591.2001,329751.0
2024-12-27 17:50:00+00:00,591.21,591.94,591.21,591.91,202057.0
2024-12-27 17:55:00+00:00,591.88,592.24,591.76,592.1,338409.0
2024-12-27 18:00:00+00:00,592.08,592.8799,592.05,592.8301,3850111.0
2024-12-27 18:05:00+00:00,592.84,592.915,591.8701,592.1047,305750.0
2024-12-27 18:10:00+00:00,592.13,592.66,592.1,592.5,164283.0
2024-12-27 18:15:00+00:00,592.5,592.83,592.4,592.5799,487574.0
2024-12-27 18:20:00+00:00,592.57,592.78,592.44,592.7699,199229.0
2024-12-27 18:25:00+00:00,592.7499,592.95,592.25,592.54,222126.0
2024-12-27 18:30:00+00:00,592.5266,593.05,592.33,593.01,681859.0
2024-12-27 18:35:00+00:00,592.97,593.235,592.815,593.05,223547.0
2024-12-27 18:40:00+00:00,593.04,593.46,593.04,593.35,241108.0
2024-12-27 18:45:00+00:00,593.36,593.52,592.91,593.19,241363.0
2024-12-27 18:50:00+00:00,593.2,593.96,593.17,593.87,303675.0
2024-12-27 18:55:00+00:00,593.89,594.12,593.85,594.01,334170.0
2024-12-27 19:00:00+00:00,593.97,594.01,593.6221,593.82,283886.0
2024-12-27 19:05:00+00:00,593.7859,594.34,593.7601,594.09,361146.0
2024-12-27 19:10:00+00:00,594.07,594.41,594.02,594.145,202412.0
2024-12-27 19:15:00+00:00,594.14,594.63,594.02,594.6299,375353.0
2024-12-27 19:20:00+00:00,594.63,594.64,593.82,594.1,396516.0
2024-12-27 19:25:00+00:00,594.1,594.21,593.81,593.97,368669.0
2024-12-27 19:30:00+00:00,593.97,594.33,593.75,594.27,319193.0
2024-12-27 19:35:00+00:00,594.27,594.57,594.27,594.46,275381.0
2024-12-27 19:40:00+00:00,594.48,594.98,594.47,594.88,332362.0
2024-12-27 19:45:00+00:00,594.89,595.12,594.73,595.0099,284254.0
2024-12-27 19:50:00+00:00,595.005,595.04,594.76,594.865,290871.0
2024-12-27 19:55:00+00:00,594.86,595.53,594.805,595.26,440444.0
2024-12-27 20:00:00+00:00,595.26,595.26,594.3537,594.5901,305707.0
2024-12-27 20:05:00+00:00,594.61,594.79,593.98,594.62,707243.0
2024-12-27 20:10:00+00:00,594.63,594.689,593.36,593.5599,548356.0
2024-12-27 20:15:00+00:00,593.55,593.88,593.43,593.57,369583.0
2024-12-27 20:20:00+00:00,593.59,593.68,593.1801,593.47,461052.0
2024-12-27 20:25:00+00:00,593.48,593.86,593.39,593.65,326427.0
2024-12-27 20:30:00+00:00,593.66,593.75,593.24,593.47,572273.0
2024-12-27 20:35:00+00:00,593.44,593.44,593.055,593.14,542598.0
2024-12-27 20:40:00+00:00,593.14,593.24,592.54,592.71,936394.0
2024-12-27 20:45:00+00:00,592.71,593.69,592.71,593.6799,1425787.0
2024-12-27 20:50:00+00:00,593.69,595.4,593.6,594.63,3413293.0
2024-12-27 20:55:00+00:00,594.64,595.01,594.15,594.99,5207776.0
2024-12-27 21:00:00+00:00,595.0,595.22,594.6161,595.2,1031064.0
2024-12-27 21:05:00+00:00,595.2,595.29,594.66,595.04,2045261.0
2024-12-27 21:10:00+00:00,595.02,595.17,594.9,595.1,5090454.0
2024-12-27 21:15:00+00:00,595.11,595.11,594.96,595.0,1079382.0
2024-12-27 21:20:00+00:00,594.97,595.1,594.82,594.96,42104.0
2024-12-27 21:25:00+00:00,594.979,595.1,594.95,595.1,166129.0
2024-12-27 21:30:00+00:00,595.1,595.12,595.04,595.06,46669.0
2024-12-27 21:35:00+00:00,595.07,595.1,595.02,595.02,30252.0
2024-12-27 21:40:00+00:00,595.02,595.04,594.99,594.99,5187.0
2024-12-27 21:45:00+00:00,595.04,595.1,594.95,594.95,11736.0
2024-12-27 21:50:00+00:00,595.02,595.06,595.01,595.01,401563.0
2024-12-27 21:55:00+00:00,595.01,595.08,594.96,595.01,56251.0
2024-12-27 22:00:00+00:00,595.01,595.02,595.01,595.02,2052.0
2024-12-27 22:05:00+00:00,595.02,595.04,595.0,595.0,6706.0
2024-12-27 22:10:00+00:00,594.98,595.04,594.97,595.04,6263.0
2024-12-27 22:15:00+00:00,594.99,595.04,594.99,595.04,2363.0
2024-12-27 22:20:00+00:00,595.04,595.05,594.98,595.05,2355.0
2024-12-27 22:25:00+00:00,595.01,595.01,594.98,595.0,1683.0
2024-12-27 22:30:00+00:00,594.98,594.98,594.98,594.98,2842.0
2024-12-27 22:35:00+00:00,595.01,595.01,595.01,595.01,3193.0
2024-12-27 22:40:00+00:00,595.0,595.0,595.0,595.0,320.0
2024-12-27 22:45:00+00:00,594.95,594.9502,594.95,594.9502,1091.0
2024-12-27 22:50:00+00:00,594.99,595.01,594.95,595.0,7731.0
2024-12-27 22:55:00+00:00,594.99,595.01,594.99,595.01,1168.0
2024-12-27 23:00:00+00:00,595.0,595.0,594.96,595.0,2689.0
2024-12-27 23:05:00+00:00,594.97,595.0,594.92,594.95,11953.0
2024-12-27 23:10:00+00:00,594.97,595.0,594.97,594.99,3104.0
2024-12-27 23:15:00+00:00,595.0,595.01,595.0,595.01,1132.0
2024-12-27 23:20:00+00:00,595.0,595.0,595.0,595.0,5008.0
2024-12-27 23:25:00+00:00,595.0,595.0,594.92,594.92,5653.0
2024-12-27 23:30:00+00:00,594.92,594.92,594.92,594.92,694.0
2024-12-27 23:35:00+00:00,594.92,594.92,594.92,594.92,605.0
2024-12-27 23:40:00+00:00,594.94,594.94,594.94,594.94,517.0
2024-12-27 23:45:00+00:00,594.92,594.92,594.92,594.92,230.0
2024-12-27 23:50:00+00:00,594.92,594.92,594.92,594.92,414.0
2024-12-27 23:55:00+00:00,594.92,594.92,594.92,594.92,593.0
2024-12-28 00:00:00+00:00,594.92,594.95,594.92,594.95,4070.0
2024-12-28 00:05:00+00:00,594.94,594.94,594.94,594.94,183.0
2024-12-28 00:10:00+00:00,594.92,594.93,594.92,594.9201,1141.0
2024-12-28 00:15:00+00:00,594.94,594.9499,594.94,594.9499,803.0
2024-12-28 00:20:00+00:00,594.95,594.95,594.92,594.92,956.0
2024-12-28 00:25:00+00:00,594.92,594.92,594.92,594.92,467.0
2024-12-28 00:30:00+00:00,594.94,594.95,594.94,594.95,4689.0
2024-12-28 00:35:00+00:00,595.0,595.01,594.98,595.01,1911.0
2024-12-28 00:40:00+00:00,595.01,595.01,595.0,595.0,664.0
2024-12-28 00:45:00+00:00,595.01,595.01,594.96,595.0,1904.0
2024-12-28 00:50:00+00:00,594.98,595.0885,594.98,595.08,2109.0
2024-12-28 00:55:00+00:00,595.03,595.07,595.0,595.03,3584.0
2024-12-30 09:00:00+00:00,593.45,593.56,593.4,593.45,16143.0
2024-12-30 09:05:00+00:00,593.46,593.46,593.34,593.45,1482.0
2024-12-30 09:10:00+00:00,593.4,593.6,593.4,593.52,2546.0
2024-12-30 09:15:00+00:00,593.56,593.56,593.44,593.45,1663.0
2024-12-30 09:20:00+00:00,593.45,593.45,593.45,593.45,236.0
2024-12-30 09:25:00+00:00,593.62,593.69,593.62,593.69,277.0
2024-12-30 09:30:00+00:00,593.62,593.62,593.48,593.48,658.0
2024-12-30 09:35:00+00:00,593.54,593.54,593.54,593.54,708.0
2024-12-30 09:40:00+00:00,593.5,593.5,593.5,593.5,1264.0
2024-12-30 09:45:00+00:00,593.36,593.45,593.36,593.45,1098.0
2024-12-30 09:50:00+00:00,593.5,593.62,593.5,593.54,1260.0
2024-12-30 10:00:00+00:00,593.41,593.41,593.41,593.41,233.0
2024-12-30 10:05:00+00:00,593.51,593.62,593.51,593.59,1409.0
2024-12-30 10:10:00+00:00,593.54,593.68,593.54,593.63,2155.0
2024-12-30 10:15:00+00:00,593.69,593.69,593.69,593.69,103.0
2024-12-30 10:20:00+00:00,593.63,593.66,593.63,593.66,1299.0
2024-12-30 10:30:00+00:00,593.65,593.65,593.64,593.64,1224.0
2024-12-30 10:35:00+00:00,593.64,593.64,593.6,593.6,401.0
2024-12-30 10:40:00+00:00,593.61,593.62,593.58,593.58,831.0
2024-12-30 10:45:00+00:00,593.63,593.63,593.54,593.55,360.0
2024-12-30 10:50:00+00:00,593.54,593.54,593.54,593.54,196.0
2024-12-30 11:00:00+00:00,593.56,593.62,593.55,593.62,792.0
2024-12-30 11:05:00+00:00,593.66,593.66,593.66,593.66,129.0
2024-12-30 11:20:00+00:00,593.7,593.8,593.7,593.8,2746.0
2024-12-30 11:25:00+00:00,593.81,593.81,593.81,593.81,257.0
2024-12-30 11:40:00+00:00,593.83,593.85,593.65,593.67,8171.0
2024-12-30 11:45:00+00:00,593.75,593.75,593.75,593.75,212.0
2024-12-30 11:50:00+00:00,593.76,593.76,593.76,593.76,186.0
2024-12-30 11:55:00+00:00,593.57,593.57,593.51,593.51,2097.0
2024-12-30 12:00:00+00:00,593.6,593.61,593.5,593.51,4818.0
2024-12-30 12:05:00+00:00,593.47,593.59,593.47,593.52,1032.0
2024-12-30 12:10:00+00:00,593.54,593.54,593.17,593.25,1992.0
2024-12-30 12:15:00+00:00,593.2,593.28,593.2,593.23,15800.0
2024-12-30 12:20:00+00:00,593.19,593.19,592.87,592.87,16428.0
2024-12-30 12:25:00+00:00,592.8,592.97,592.78,592.8,18120.0
2024-12-30 12:30:00+00:00,592.921,592.921,592.28,592.29,15671.0
2024-12-30 12:35:00+00:00,592.32,592.32,591.33,591.33,42334.0
2024-12-30 12:40:00+00:00,591.39,591.51,589.85,590.09,75173.0
2024-12-30 12:45:00+00:00,590.05,590.65,588.71,589.0,112149.0
2024-12-30 12:50:00+00:00,589.31,589.56,589.16,589.27,59045.0
2024-12-30 12:55:00+00:00,589.24,589.63,589.17,589.42,28550.0
2024-12-30 13:00:00+00:00,589.41,593.95,588.81,589.5501,98535.0
2024-12-30 13:05:00+00:00,589.48,589.52,589.13,589.19,18213.0
2024-12-30 13:10:00+00:00,589.11,589.18,588.76,589.02,37115.0
2024-12-30 13:15:00+00:00,589.0,589.51,588.85,589.49,37379.0
2024-12-30 13:20:00+00:00,589.53,589.55,589.15,589.5,56424.0
2024-12-30 13:25:00+00:00,589.45,589.45,589.05,589.1,74635.0
2024-12-30 13:30:00+00:00,589.12,589.37,588.9,588.94,50504.0
2024-12-30 13:35:00+00:00,588.89,588.93,587.77,587.88,67663.0
2024-12-30 13:40:00+00:00,587.96,588.38,587.95,588.08,40642.0
2024-12-30 13:45:00+00:00,588.06,588.16,587.72,588.01,64246.0
2024-12-30 13:50:00+00:00,587.98,588.17,587.38,587.54,67033.0
2024-12-30 13:55:00+00:00,587.56,587.56,586.91,587.35,73433.0
2024-12-30 14:00:00+00:00,587.42,587.76,587.2,587.76,43486.0
2024-12-30 14:05:00+00:00,587.73,588.33,587.71,587.91,92911.0
2024-12-30 14:10:00+00:00,587.84,588.28,587.6801,588.1,45509.0
2024-12-30 14:15:00+00:00,588.18,588.22,587.89,588.0,49076.0
2024-12-30 14:20:00+00:00,588.1,588.2,587.54,587.56,86262.0
2024-12-30 14:25:00+00:00,587.58,588.1,587.54,587.92,107528.0
2024-12-30 14:30:00+00:00,587.89,588.01,586.48,587.0,1356994.0
2024-12-30 14:35:00+00:00,586.98,587.3,586.515,586.6,1031165.0
2024-12-30 14:40:00+00:00,586.64,586.92,585.67,586.15,940914.0
2024-12-30 14:45:00+00:00,586.17,586.18,585.425,585.88,800921.0
2024-12-30 14:50:00+00:00,585.84,586.61,585.67,586.12,748085.0
2024-12-30 14:55:00+00:00,586.03,586.3,585.19,585.22,656397.0
2024-12-30 15:00:00+00:00,585.21,586.21,584.6301,585.39,1850499.0
2024-12-30 15:05:00+00:00,585.39,585.9,585.16,585.46,688143.0
2024-12-30 15:10:00+00:00,585.44,586.15,585.01,586.03,712384.0
2024-12-30 15:15:00+00:00,586.03,586.03,585.02,585.12,767395.0
2024-12-30 15:20:00+00:00,585.12,585.39,584.41,584.47,613196.0
2024-12-30 15:25:00+00:00,584.48,585.23,584.45,584.77,376193.0
2024-12-30 15:30:00+00:00,584.76,585.58,584.75,585.37,384405.0
2024-12-30 15:35:00+00:00,585.3,586.58,584.82,586.48,494789.0
2024-12-30 15:40:00+00:00,586.44,586.88,586.05,586.658,587192.0
2024-12-30 15:45:00+00:00,586.64,587.4,585.25,585.58,642601.0
2024-12-30 15:50:00+00:00,585.61,586.07,585.4591,585.99,287820.0
2024-12-30 15:55:00+00:00,585.975,587.11,585.95,587.11,515614.0
2024-12-30 16:00:00+00:00,587.08,587.1,586.41,586.89,369490.0
2024-12-30 16:05:00+00:00,586.9,587.67,586.9,587.64,435732.0
2024-12-30 16:10:00+00:00,587.635,587.72,587.19,587.385,3703120.0
2024-12-30 16:15:00+00:00,587.37,588.35,587.31,588.25,391256.0
2024-12-30 16:20:00+00:00,588.25,588.465,587.58,587.61,537794.0
2024-12-30 16:25:00+00:00,587.64,588.024,587.46,587.99,702508.0
2024-12-30 16:30:00+00:00,587.97,588.55,587.9301,588.48,278824.0
2024-12-30 16:35:00+00:00,588.485,588.94,588.3,588.7899,314250.0
2024-12-30 16:40:00+00:00,588.77,589.63,588.74,589.43,357665.0
2024-12-30 16:45:00+00:00,589.42,589.52,588.22,588.2501,464712.0
2024-12-30 16:50:00+00:00,588.28,588.92,588.25,588.86,218565.0
2024-12-30 16:55:00+00:00,588.83,589.48,588.8,589.295,334941.0
2024-12-30 17:00:00+00:00,589.28,590.0,589.265,589.67,548267.0
2024-12-30 17:05:00+00:00,589.65,589.8,589.1501,589.47,284691.0
2024-12-30 17:10:00+00:00,589.485,590.09,589.485,589.67,242802.0
2024-12-30 17:15:00+00:00,589.6401,589.95,589.58,589.95,247968.0
2024-12-30 17:20:00+00:00,589.95,590.52,589.87,590.38,327470.0
2024-12-30 17:25:00+00:00,590.36,590.5499,590.05,590.44,356853.0
2024-12-30 17:30:00+00:00,590.45,590.7,590.33,590.66,283578.0
2024-12-30 17:35:00+00:00,590.6852,590.74,590.27,590.54,247353.0
2024-12-30 17:40:00+00:00,590.56,590.73,590.07,590.6849,233265.0
2024-12-30 17:45:00+00:00,590.65,591.42,590.575,591.35,352229.0
2024-12-30 17:50:00+00:00,591.34,591.47,590.5301,590.5544,322052.0
2024-12-30 17:55:00+00:00,590.56,591.34,589.65,591.09,512368.0
2024-12-30 18:00:00+00:00,591.0499,591.1399,590.29,590.45,171818.0
2024-12-30 18:05:00+00:00,590.48,590.9,590.135,590.84,192452.0
2024-12-30 18:10:00+00:00,590.83,591.61,590.82,591.44,213629.0
2024-12-30 18:15:00+00:00,591.41,591.74,590.81,591.03,189100.0
2024-12-30 18:20:00+00:00,591.02,591.23,590.425,590.4271,190291.0
2024-12-30 18:25:00+00:00,590.41,590.8,589.97,590.59,214902.0
2024-12-30 18:30:00+00:00,590.51,591.17,590.35,591.1201,199594.0
2024-12-30 18:35:00+00:00,591.09,591.34,590.4,590.88,200184.0
2024-12-30 18:40:00+00:00,590.8636,591.36,590.68,591.16,150160.0
2024-12-30 18:45:00+00:00,591.165,591.53,591.071,591.16,241919.0
2024-12-30 18:50:00+00:00,591.1999,591.3799,590.85,591.26,295583.0
2024-12-30 18:55:00+00:00,591.25,591.4,590.96,591.1,2750521.0
2024-12-30 19:00:00+00:00,591.12,591.27,590.82,590.86,259937.0
2024-12-30 19:05:00+00:00,590.86,591.117,590.1459,590.77,245055.0
2024-12-30 19:10:00+00:00,590.78,590.86,589.79,590.15,308275.0
2024-12-30 19:15:00+00:00,590.17,590.5,590.02,590.08,267089.0
2024-12-30 19:20:00+00:00,590.04,590.11,589.42,589.9,351938.0
2024-12-30 19:25:00+00:00,589.87,590.55,589.84,590.34,376098.0
2024-12-30 19:30:00+00:00,590.32,590.91,590.27,590.43,333257.0
2024-12-30 19:35:00+00:00,590.41,590.6,590.18,590.39,210098.0
2024-12-30 19:40:00+00:00,590.4802,590.85,590.35,590.46,196433.0
2024-12-30 19:45:00+00:00,590.48,590.98,590.45,590.72,318399.0
2024-12-30 19:50:00+00:00,590.71,591.01,590.53,590.84,247818.0
2024-12-30 19:55:00+00:00,590.81,591.14,590.73,590.92,378084.0
2024-12-30 20:00:00+00:00,590.9,591.01,590.38,590.39,579474.0
2024-12-30 20:05:00+00:00,590.38,590.658,590.14,590.56,487671.0
2024-12-30 20:10:00+00:00,590.54,591.02,590.33,590.82,520478.0
2024-12-30 20:15:00+00:00,590.82,591.21,590.66,591.11,372959.0
2024-12-30 20:20:00+00:00,591.11,591.11,590.74,590.82,372110.0
2024-12-30 20:25:00+00:00,590.82,590.94,589.56,589.59,512047.0
2024-12-30 20:30:00+00:00,589.59,590.09,589.36,589.55,578807.0
2024-12-30 20:35:00+00:00,589.55,589.68,589.2921,589.47,563975.0
2024-12-30 20:40:00+00:00,589.48,590.13,589.4,589.8,793206.0
2024-12-30 20:45:00+00:00,589.79,590.39,589.64,590.01,766870.0
2024-12-30 20:50:00+00:00,590.01,590.64,589.68,589.71,1161002.0
2024-12-30 20:55:00+00:00,589.7,589.9,588.07,588.23,2739351.0
2024-12-30 21:00:00+00:00,588.26,588.44,587.58,588.05,936658.0
2024-12-30 21:05:00+00:00,588.07,588.2844,587.35,587.67,476975.0
2024-12-30 21:10:00+00:00,587.67,588.2744,587.51,588.02,6844974.0
2024-12-30 21:15:00+00:00,588.0,588.02,587.71,587.84,48613.0
2024-12-30 21:20:00+00:00,587.85,588.0,587.85,587.98,21710.0
2024-12-30 21:25:00+00:00,588.01,588.19,587.89,588.1,57144.0
2024-12-30 21:30:00+00:00,588.1,588.18,587.7,587.87,130774.0
2024-12-30 21:35:00+00:00,587.85,588.04,587.84,588.02,14318.0
2024-12-30 21:40:00+00:00,588.0,588.06,587.93,588.0,153408.0
2024-12-30 21:45:00+00:00,588.03,588.18,588.01,588.13,61663.0
2024-12-30 21:50:00+00:00,588.1,588.12,588.01,588.0401,26704.0
2024-12-30 21:55:00+00:00,588.09,588.18,587.92,588.05,98512.0
2024-12-30 22:00:00+00:00,588.03,588.03,588.01,588.01,3765.0
2024-12-30 22:05:00+00:00,588.04,588.04,587.93,587.95,57243.0
2024-12-30 22:10:00+00:00,588.01,588.04,587.97,587.97,2365.0
2024-12-30 22:15:00+00:00,588.02,588.2549,587.98,587.98,866694.0
2024-12-30 22:20:00+00:00,587.98,587.98,587.98,587.98,7115.0
2024-12-30 22:25:00+00:00,587.97,587.97,587.95,587.96,1885.0
2024-12-30 22:30:00+00:00,587.95,587.95,587.93,587.94,1574.0
2024-12-30 22:35:00+00:00,587.93,587.93,587.85,587.85,7073.0
2024-12-30 22:40:00+00:00,587.8996,587.8996,587.82,587.85,620.0
2024-12-30 22:45:00+00:00,587.85,587.85,587.85,587.85,2519.0
2024-12-30 22:50:00+00:00,587.85,587.89,587.8301,587.89,991.0
2024-12-30 22:55:00+00:00,587.8994,587.9,587.85,587.85,3419.0
2024-12-30 23:00:00+00:00,587.85,587.9,587.76,587.81,16218.0
2024-12-30 23:05:00+00:00,587.7,587.7,587.08,587.33,8252.0
2024-12-30 23:10:00+00:00,587.27,587.4099,587.23,587.3,5332.0
2024-12-30 23:15:00+00:00,587.32,587.66,587.32,587.66,5681.0
2024-12-30 23:20:00+00:00,587.63,587.66,587.56,587.62,5651.0
2024-12-30 23:25:00+00:00,587.62,587.62,587.59,587.61,9488.0
2024-12-30 23:30:00+00:00,587.67,587.72,587.6409,587.72,2707.0
2024-12-30 23:35:00+00:00,587.72,587.83,587.72,587.83,4800.0
2024-12-30 23:40:00+00:00,587.83,587.83,587.77,587.77,783.0
2024-12-30 23:45:00+00:00,587.74,587.74,587.74,587.74,213.0
2024-12-30 23:50:00+00:00,587.8,587.8,587.76,587.76,13888.0
2024-12-30 23:55:00+00:00,587.85,587.9,587.85,587.85,514.0
2024-12-31 00:00:00+00:00,587.86,587.94,587.86,587.94,2878.0
2024-12-31 00:05:00+00:00,587.94,587.94,587.8,587.8,791.0
2024-12-31 00:10:00+00:00,587.82,587.82,587.82,587.82,408.0
2024-12-31 00:15:00+00:00,587.8898,587.91,587.83,587.87,3079.0
2024-12-31 00:20:00+00:00,587.79,587.79,587.74,587.74,2657.0
2024-12-31 00:25:00+00:00,587.66,587.66,587.58,587.62,1859.0
2024-12-31 00:30:00+00:00,587.42,587.42,587.34,587.34,10411.0
2024-12-31 00:35:00+00:00,587.31,587.41,587.31,587.4,7218.0
2024-12-31 00:40:00+00:00,587.57,587.57,587.57,587.57,680.0
2024-12-31 00:45:00+00:00,587.44,587.46,587.44,587.46,1942.0
2024-12-31 00:50:00+00:00,587.51,587.5699,587.51,587.5699,382.0
2024-12-31 00:55:00+00:00,587.55,587.55,587.27,587.3,14498.0
2024-12-31 09:00:00+00:00,587.5,588.18,587.5,588.13,2306.0
2024-12-31 09:05:00+00:00,588.1,588.1,588.1,588.1,335.0
2024-12-31 09:10:00+00:00,588.72,589.56,588.72,589.55,15070.0
2024-12-31 09:15:00+00:00,589.48,589.48,589.32,589.32,1582.0
2024-12-31 09:20:00+00:00,589.43,589.75,589.43,589.75,2731.0
2024-12-31 09:25:00+00:00,589.84,590.02,589.84,590.02,2297.0
2024-12-31 09:30:00+00:00,589.96,590.01,589.88,589.88,1061.0
2024-12-31 09:35:00+00:00,589.99,590.14,589.99,590.14,1682.0
2024-12-31 09:40:00+00:00,590.05,590.37,590.05,590.37,2320.0
2024-12-31 09:45:00+00:00,590.39,590.39,590.32,590.32,482.0
2024-12-31 09:50:00+00:00,590.32,590.32,590.24,590.24,419.0
2024-12-31 09:55:00+00:00,590.23,590.23,590.08,590.08,2402.0
2024-12-31 10:00:00+00:00,590.07,590.07,590.01,590.02,1133.0
2024-12-31 10:05:00+00:00,590.06,590.06,590.05,590.05,511.0
2024-12-31 10:10:00+00:00,590.13,590.16,590.02,590.02,851.0
2024-12-31 10:15:00+00:00,589.98,589.98,589.98,589.98,254.0
2024-12-31 10:20:00+00:00,590.15,590.18,590.15,590.18,2305.0
2024-12-31 10:25:00+00:00,590.27,590.28,590.27,590.28,1001.0
2024-12-31 10:30:00+00:00,590.03,590.04,590.03,590.03,2226.0
2024-12-31 10:35:00+00:00,590.29,590.29,590.29,590.29,1044.0
2024-12-31 10:40:00+00:00,590.26,590.26,590.25,590.25,3175.0
2024-12-31 10:45:00+00:00,590.23,590.23,590.23,590.23,920.0
2024-12-31 10:50:00+00:00,590.49,590.5,590.49,590.5,1391.0
2024-12-31 11:00:00+00:00,590.53,590.56,590.53,590.56,1089.0
2024-12-31 11:05:00+00:00,590.69,590.69,590.58,590.58,326.0
2024-12-31 11:10:00+00:00,590.72,590.74,590.45,590.45,2397.0
2024-12-31 11:15:00+00:00,590.3,590.3,590.26,590.26,3513.0
2024-12-31 11:20:00+00:00,590.21,590.21,590.14,590.21,5131.0
2024-12-31 11:25:00+00:00,590.24,590.24,590.24,590.24,234.0
2024-12-31 11:30:00+00:00,590.3,590.34,590.26,590.29,6376.0
2024-12-31 11:35:00+00:00,590.32,590.32,590.32,590.32,830.0
2024-12-31 11:40:00+00:00,590.47,590.53,590.45,590.53,5664.0
2024-12-31 11:45:00+00:00,590.4,590.57,590.4,590.57,14640.0
2024-12-31 11:50:00+00:00,590.57,590.57,590.57,590.57,201.0
2024-12-31 11:55:00+00:00,590.47,590.56,590.47,590.52,1189.0
2024-12-31 12:00:00+00:00,590.53,590.67,590.33,590.58,61690.0
2024-12-31 12:05:00+00:00,590.53,590.99,590.53,590.99,6817.0
2024-12-31 12:10:00+00:00,590.9,590.9,590.7,590.7,21206.0
2024-12-31 12:15:00+00:00,590.7,590.78,590.7,590.76,6759.0
2024-12-31 12:20:00+00:00,590.78,590.78,590.76,590.76,573.0
2024-12-31 12:25:00+00:00,590.779,590.82,590.779,590.82,1415.0
2024-12-31 12:30:00+00:00,590.77,590.77,590.7,590.7,689.0
2024-12-31 12:35:00+00:00,590.64,590.71,590.5,590.515,6066.0
2024-12-31 12:40:00+00:00,590.56,590.66,590.5,590.64,16396.0
2024-12-31 12:45:00+00:00,590.6,590.6,590.25,590.27,15957.0
2024-12-31 12:50:00+00:00,590.27,590.325,590.17,590.265,11220.0
2024-12-31 12:55:00+00:00,590.25,590.25,589.91,589.91,4618.0
2024-12-31 13:00:00+00:00,590.4916,590.94,587.6,589.83,61603.0
2024-12-31 13:05:00+00:00,589.8,589.85,589.4605,589.78,24338.0
2024-12-31 13:10:00+00:00,589.8589,590.18,589.8589,590.17,15470.0
2024-12-31 13:15:00+00:00,590.2,590.36,590.1463,590.15,23214.0
2024-12-31 13:20:00+00:00,590.15,590.15,589.78,590.09,37461.0
2024-12-31 13:25:00+00:00,590.02,590.19,589.95,590.19,10299.0
2024-12-31 13:30:00+00:00,590.12,590.5,590.12,590.39,27248.0
2024-12-31 13:35:00+00:00,590.39,590.51,590.37,590.5,25788.0
2024-12-31 13:40:00+00:00,590.5,590.56,590.35,590.35,13256.0
2024-12-31 13:45:00+00:00,590.18,590.27,589.8,589.97,8323.0
2024-12-31 13:50:00+00:00,589.99,590.1,589.87,589.99,5517.0
2024-12-31 13:55:00+00:00,589.91,590.1,589.8494,590.0,31101.0
2024-12-31 14:00:00+00:00,589.92,589.97,589.6986,589.77,31343.0
2024-12-31 14:05:00+00:00,589.77,590.0583,589.75,590.0583,6846.0
2024-12-31 14:10:00+00:00,590.09,590.37,589.94,590.3,35037.0
2024-12-31 14:15:00+00:00,590.271,590.4,590.18,590.28,28080.0
2024-12-31 14:20:00+00:00,590.26,590.43,590.26,590.4,39997.0
2024-12-31 14:25:00+00:00,590.35,590.45,589.91,589.91,67058.0
2024-12-31 14:30:00+00:00,589.905,590.58,589.45,590.01,1032772.0
2024-12-31 14:35:00+00:00,590.04,590.26,588.9,588.94,552401.0
2024-12-31 14:40:00+00:00,588.94,589.315,588.5559,589.125,496362.0
2024-12-31 14:45:00+00:00,589.15,590.15,589.05,589.9,808491.0
2024-12-31 14:50:00+00:00,589.87,589.955,588.785,589.32,369562.0
2024-12-31 14:55:00+00:00,589.41,590.15,589.3,590.015,416141.0
2024-12-31 15:00:00+00:00,590.01,590.6399,589.69,589.86,387274.0
2024-12-31 15:05:00+00:00,589.83,590.0696,588.36,588.42,289875.0
2024-12-31 15:10:00+00:00,588.39,589.2797,588.1701,589.13,389479.0
2024-12-31 15:15:00+00:00,589.12,589.9995,588.84,589.98,245175.0
2024-12-31 15:20:00+00:00,589.99,590.23,589.71,590.2,504115.0
2024-12-31 15:25:00+00:00,590.16,590.54,589.23,589.61,705496.0
2024-12-31 15:30:00+00:00,589.61,590.06,588.6,588.7399,315261.0
2024-12-31 15:35:00+00:00,588.74,589.63,588.64,589.62,307119.0
2024-12-31 15:40:00+00:00,589.59,589.69,588.79,588.85,226033.0
2024-12-31 15:45:00+00:00,588.89,589.25,588.57,588.68,321011.0
2024-12-31 15:50:00+00:00,588.64,589.42,588.6,589.2599,291555.0
2024-12-31 15:55:00+00:00,589.24,589.28,588.66,588.66,157850.0
2024-12-31 16:00:00+00:00,588.69,588.8,587.38,587.57,467242.0
2024-12-31 16:05:00+00:00,587.66,587.98,587.36,587.9,394257.0
2024-12-31 16:10:00+00:00,587.8948,588.1199,587.4002,587.95,253220.0
2024-12-31 16:15:00+00:00,587.9,588.07,587.15,587.1634,311130.0
2024-12-31 16:20:00+00:00,587.1651,587.56,586.82,587.11,341063.0
2024-12-31 16:25:00+00:00,587.09,587.32,586.9,586.95,186251.0
2024-12-31 16:30:00+00:00,586.9499,587.02,586.54,586.87,303409.0
2024-12-31 16:35:00+00:00,586.8799,587.07,586.68,586.72,185452.0
2024-12-31 16:40:00+00:00,586.75,587.48,586.58,587.3471,517773.0
2024-12-31 16:45:00+00:00,587.32,587.7,587.02,587.63,308852.0
2024-12-31 16:50:00+00:00,587.5801,587.84,587.13,587.23,325988.0
2024-12-31 16:55:00+00:00,587.222,587.2379,586.8,587.045,226580.0
2024-12-31 17:00:00+00:00,587.06,587.07,586.32,586.93,345985.0
2024-12-31 17:05:00+00:00,586.93,587.36,586.74,587.24,323037.0
2024-12-31 17:10:00+00:00,587.25,587.4,586.5201,586.85,287562.0
2024-12-31 17:15:00+00:00,586.8405,587.28,586.7201,587.1304,177450.0
2024-12-31 17:20:00+00:00,587.16,587.27,586.1001,586.25,326893.0
2024-12-31 17:25:00+00:00,586.2653,586.6399,585.74,585.8887,426982.0
2024-12-31 17:30:00+00:00,585.86,586.0,585.25,585.55,602399.0
2024-12-31 17:35:00+00:00,585.56,585.59,584.92,585.07,479391.0
2024-12-31 17:40:00+00:00,585.116,585.52,584.9,585.27,560010.0
2024-12-31 17:45:00+00:00,585.28,585.57,585.09,585.28,339165.0
2024-12-31 17:50:00+00:00,585.32,586.19,585.23,586.12,511683.0
2024-12-31 17:55:00+00:00,586.09,587.31,586.07,587.22,736451.0
2024-12-31 18:00:00+00:00,587.225,587.24,586.64,587.12,530639.0
2024-12-31 18:05:00+00:00,587.14,587.68,586.87,587.17,396989.0
2024-12-31 18:10:00+00:00,587.13,587.15,586.35,586.45,289543.0
2024-12-31 18:15:00+00:00,586.45,586.82,586.03,586.05,254304.0
2024-12-31 18:20:00+00:00,586.04,586.08,584.96,585.0114,395050.0
2024-12-31 18:25:00+00:00,585.03,585.53,584.79,585.01,512728.0
2024-12-31 18:30:00+00:00,585.015,585.86,584.93,585.51,383605.0
2024-12-31 18:35:00+00:00,585.475,585.61,584.92,585.46,273613.0
2024-12-31 18:40:00+00:00,585.54,586.0299,585.445,585.88,311199.0
2024-12-31 18:45:00+00:00,585.88,586.2256,585.66,586.065,238166.0
2024-12-31 18:50:00+00:00,586.03,586.51,585.69,585.76,305078.0
2024-12-31 18:55:00+00:00,585.73,585.84,585.33,585.34,248891.0
2024-12-31 19:00:00+00:00,585.36,585.52,584.58,585.04,652221.0
2024-12-31 19:05:00+00:00,585.045,586.02,584.98,585.97,505273.0
2024-12-31 19:10:00+00:00,585.94,586.5599,585.92,586.41,617895.0
2024-12-31 19:15:00+00:00,586.425,586.5,585.34,585.39,567933.0
2024-12-31 19:20:00+00:00,585.41,585.5,584.79,585.0684,483055.0
2024-12-31 19:25:00+00:00,585.0877,585.59,584.87,584.94,384593.0
2024-12-31 19:30:00+00:00,584.92,585.0799,584.7,584.76,540354.0
2024-12-31 19:35:00+00:00,584.755,585.47,584.7101,585.4,517144.0
2024-12-31 19:40:00+00:00,585.42,585.43,584.42,585.1,672631.0
2024-12-31 19:45:00+00:00,585.08,585.29,584.87,585.01,547867.0
2024-12-31 19:50:00+00:00,584.99,586.0,584.97,585.57,421083.0
2024-12-31 19:55:00+00:00,585.565,586.34,585.54,586.33,430585.0
2024-12-31 20:00:00+00:00,586.31,586.37,585.9401,586.12,406964.0
2024-12-31 20:05:00+00:00,586.12,586.83,586.06,586.535,669531.0
2024-12-31 20:10:00+00:00,586.53,586.53,585.17,585.39,652294.0
2024-12-31 20:15:00+00:00,585.39,586.14,585.19,586.06,669194.0
2024-12-31 20:20:00+00:00,586.11,587.0199,586.01,586.35,649673.0
2024-12-31 20:25:00+00:00,586.34,587.3,586.2,587.2301,550483.0
2024-12-31 20:30:00+00:00,587.23,587.36,586.31,586.66,583851.0
2024-12-31 20:35:00+00:00,586.67,587.4999,586.27,586.4399,834730.0
2024-12-31 20:40:00+00:00,586.42,586.77,586.0301,586.27,697717.0
2024-12-31 20:45:00+00:00,586.24,587.13,585.63,586.96,1353802.0
2024-12-31 20:50:00+00:00,586.95,586.95,585.54,585.54,2021885.0
2024-12-31 20:55:00+00:00,585.6,586.31,584.97,586.01,7082018.0
2024-12-31 21:00:00+00:00,586.0,586.48,585.65,586.05,2230322.0
2024-12-31 21:05:00+00:00,586.05,586.53,585.7859,586.52,1636071.0
2024-12-31 21:10:00+00:00,586.5,586.5,586.0,586.34,4482511.0
2024-12-31 21:15:00+00:00,586.34,586.7,586.08,586.5801,61141.0
2024-12-31 21:20:00+00:00,586.64,586.67,586.23,586.36,55142.0
2024-12-31 21:25:00+00:00,586.49,586.49,586.15,586.27,172140.0
2024-12-31 21:30:00+00:00,586.33,586.37,586.2201,586.35,11361.0
2024-12-31 21:35:00+00:00,586.32,586.65,586.32,586.53,24606.0
2024-12-31 21:40:00+00:00,586.5,586.61,586.5,586.61,29402.0
2024-12-31 21:45:00+00:00,586.59,586.59,586.31,586.33,30849.0
2024-12-31 21:50:00+00:00,586.3,586.38,586.25,586.38,43733.0
2024-12-31 21:55:00+00:00,586.3,586.38,586.21,586.34,57195.0
2024-12-31 22:00:00+00:00,586.31,586.34,586.22,586.26,5838.0
2024-12-31 22:05:00+00:00,586.23,586.24,586.19,586.22,8780.0
2024-12-31 22:10:00+00:00,586.22,586.22,586.18,586.22,7451.0
2024-12-31 22:15:00+00:00,586.21,586.24,586.2,586.24,5059.0
2024-12-31 22:20:00+00:00,586.28,586.4,586.2261,586.4,4038.0
2024-12-31 22:25:00+00:00,586.3988,586.3988,586.3506,586.3506,1215.0
2024-12-31 22:30:00+00:00,586.35,586.35,586.3,586.3,2138.0
2024-12-31 22:45:00+00:00,586.3,586.4,586.3,586.38,1635.0
2024-12-31 22:55:00+00:00,586.3,586.3,586.25,586.25,1021.0
2024-12-31 23:00:00+00:00,586.4,586.4,586.4,586.4,1208.0
2024-12-31 23:05:00+00:00,586.4,586.4,586.4,586.4,2478.0
2024-12-31 23:10:00+00:00,586.34,586.4,586.34,586.4,4583.0
2024-12-31 23:15:00+00:00,586.4,586.41,586.38,586.4,2260.0
2024-12-31 23:20:00+00:00,586.4,586.41,586.4,586.41,3456.0
2024-12-31 23:25:00+00:00,586.4,586.41,586.4,586.41,244.0
2024-12-31 23:30:00+00:00,586.41,586.41,586.4,586.41,376.0
2024-12-31 23:40:00+00:00,586.5708,586.5708,586.5708,586.5708,194.0
2024-12-31 23:45:00+00:00,586.49,586.49,586.49,586.49,190.0
2024-12-31 23:50:00+00:00,586.43,586.5,586.43,586.5,1495.0
2024-12-31 23:55:00+00:00,586.5,586.53,586.5,586.5,1108.0
2025-01-01 00:00:00+00:00,586.57,586.57,586.57,586.57,546.0
2025-01-01 00:05:00+00:00,586.57,586.57,586.57,586.57,203.0
2025-01-01 00:10:00+00:00,586.45,586.45,586.45,586.45,237.0
2025-01-01 00:15:00+00:00,586.61,586.61,586.6,586.6,952.0
2025-01-01 00:20:00+00:00,586.6,586.61,586.6,586.6,702.0
2025-01-01 00:25:00+00:00,586.65,586.65,586.65,586.65,254.0
2025-01-01 00:30:00+00:00,586.6887,586.7,586.67,586.7,4010.0
2025-01-01 00:35:00+00:00,586.68,586.74,586.68,586.74,2116.0
2025-01-01 00:40:00+00:00,586.53,586.53,586.5104,586.5104,232.0
2025-01-01 00:45:00+00:00,586.6,586.6,586.6,586.6,217.0
2025-01-01 00:50:00+00:00,586.53,586.58,586.52,586.53,2561.0
2025-01-01 00:55:00+00:00,586.56,586.56,586.5101,586.5101,2905.0
