Datetime,Open,High,Low,Close,Volume
2025-09-02 08:00:00+00:00,640.74,643.88,640.6,641.26,27089.0
2025-09-02 08:05:00+00:00,641.04,641.26,641.04,641.2,5250.0
2025-09-02 08:10:00+00:00,641.18,641.42,640.91,640.91,13476.0
2025-09-02 08:15:00+00:00,640.9,641.63,640.9,641.57,5291.0
2025-09-02 08:20:00+00:00,641.6,641.81,641.55,641.81,1873.0
2025-09-02 08:25:00+00:00,641.67,641.71,641.6,641.6,4428.0
2025-09-02 08:30:00+00:00,641.58,641.58,641.38,641.5,2174.0
2025-09-02 08:35:00+00:00,641.49,641.85,641.49,641.8,3794.0
2025-09-02 08:40:00+00:00,642.0,642.21,642.0,642.11,7464.0
2025-09-02 08:45:00+00:00,642.21,642.24,641.97,642.01,6167.0
2025-09-02 08:50:00+00:00,642.0,642.0,641.74,641.74,6144.0
2025-09-02 08:55:00+00:00,641.88,641.88,641.7,641.8,5456.0
2025-09-02 09:00:00+00:00,641.8,641.85,641.52,641.85,6214.0
2025-09-02 09:05:00+00:00,641.88,641.88,641.7,641.7,2658.0
2025-09-02 09:10:00+00:00,641.67,641.76,641.59,641.76,2428.0
2025-09-02 09:20:00+00:00,642.0,642.05,641.8,641.8,1581.0
2025-09-02 09:25:00+00:00,641.87,641.93,641.87,641.93,566.0
2025-09-02 09:30:00+00:00,641.91,641.91,641.91,641.91,289.0
2025-09-02 09:35:00+00:00,642.03,642.05,642.0,642.02,4069.0
2025-09-02 09:40:00+00:00,641.93,641.94,641.93,641.93,1395.0
2025-09-02 09:45:00+00:00,641.66,641.66,641.42,641.42,8610.0
2025-09-02 09:55:00+00:00,641.49,641.5,641.49,641.5,604.0
2025-09-02 10:00:00+00:00,641.39,641.48,641.36,641.44,1847.0
2025-09-02 10:05:00+00:00,641.45,641.66,641.37,641.66,3189.0
2025-09-02 10:10:00+00:00,641.71,641.71,641.48,641.48,1610.0
2025-09-02 10:15:00+00:00,641.48,641.48,641.12,641.12,3000.0
2025-09-02 10:20:00+00:00,641.12,641.21,640.83,640.83,4995.0
2025-09-02 10:25:00+00:00,640.82,640.82,640.4,640.48,6142.0
2025-09-02 10:30:00+00:00,640.52,640.58,640.25,640.55,3295.0
2025-09-02 10:35:00+00:00,640.49,640.66,640.48,640.64,5530.0
2025-09-02 10:40:00+00:00,640.64,640.64,639.86,640.4,25533.0
2025-09-02 10:45:00+00:00,640.39,640.42,640.39,640.41,1902.0
2025-09-02 10:50:00+00:00,640.15,640.24,640.13,640.2,3851.0
2025-09-02 10:55:00+00:00,640.19,640.32,640.12,640.32,20852.0
2025-09-02 11:00:00+00:00,640.35,640.46,640.1,640.13,66535.0
2025-09-02 11:05:00+00:00,640.05,640.15,640.04,640.11,7201.0
2025-09-02 11:10:00+00:00,640.1,640.27,639.9,640.27,11514.0
2025-09-02 11:15:00+00:00,640.26,640.47,640.16,640.16,28003.0
2025-09-02 11:20:00+00:00,640.21,640.29,640.05,640.29,12249.0
2025-09-02 11:25:00+00:00,640.26,640.48,640.17,640.17,21837.0
2025-09-02 11:30:00+00:00,640.11,640.2,640.0,640.04,6054.0
2025-09-02 11:35:00+00:00,640.03,640.1,639.92,639.95,88920.0
2025-09-02 11:40:00+00:00,640.2,640.27,640.02,640.02,34541.0
2025-09-02 11:45:00+00:00,640.1,640.14,640.0,640.04,16642.0
2025-09-02 11:50:00+00:00,640.03,640.12,639.79,640.12,52857.0
2025-09-02 11:55:00+00:00,640.14,640.14,639.97,640.02,54654.0
2025-09-02 12:00:00+00:00,644.49,644.71,639.14,639.27,171926.0
2025-09-02 12:05:00+00:00,639.33,639.41,639.04,639.04,38721.0
2025-09-02 12:10:00+00:00,639.1,639.14,638.88,639.1,91412.0
2025-09-02 12:15:00+00:00,639.03,639.2,638.8,638.805,61830.0
2025-09-02 12:20:00+00:00,638.9,639.0,638.58,638.63,73532.0
2025-09-02 12:25:00+00:00,638.57,638.82,638.5,638.66,46614.0
2025-09-02 12:30:00+00:00,638.6,638.73,638.38,638.58,57182.0
2025-09-02 12:35:00+00:00,638.56,638.8,638.28,638.33,75286.0
2025-09-02 12:40:00+00:00,638.27,638.31,637.73,637.94,128012.0
2025-09-02 12:45:00+00:00,638.0,638.03,637.54,637.66,46211.0
2025-09-02 12:50:00+00:00,637.63,638.13,636.44,637.2,115349.0
2025-09-02 12:55:00+00:00,637.16,637.64,636.79,637.34,103491.0
2025-09-02 13:00:00+00:00,637.34,637.3699,636.96,637.35,55244.0
2025-09-02 13:05:00+00:00,637.4,637.7,637.27,637.33,72252.0
2025-09-02 13:10:00+00:00,637.29,637.85,637.26,637.8301,31966.0
2025-09-02 13:15:00+00:00,637.82,637.92,637.7,637.7,40070.0
2025-09-02 13:20:00+00:00,637.68,637.8753,637.57,637.85,45768.0
2025-09-02 13:25:00+00:00,637.75,637.96,637.36,637.53,77935.0
2025-09-02 13:30:00+00:00,637.5,637.52,636.05,636.39,4288433.0
2025-09-02 13:35:00+00:00,636.38,637.34,636.33,636.855,2392750.0
2025-09-02 13:40:00+00:00,636.85,637.435,636.57,637.095,1260356.0
2025-09-02 13:45:00+00:00,637.07,637.87,636.44,637.805,1501659.0
2025-09-02 13:50:00+00:00,637.81,639.14,637.67,639.14,1710526.0
2025-09-02 13:55:00+00:00,639.12,639.36,638.82,639.07,1125215.0
2025-09-02 14:00:00+00:00,639.01,640.14,638.87,639.34,1385076.0
2025-09-02 14:05:00+00:00,639.34,639.438,638.83,638.97,763907.0
2025-09-02 14:10:00+00:00,638.96,639.5199,638.6702,638.9,785971.0
2025-09-02 14:15:00+00:00,638.89,639.28,638.44,638.91,971499.0
2025-09-02 14:20:00+00:00,638.91,639.4465,638.36,638.455,677014.0
2025-09-02 14:25:00+00:00,638.45,639.49,638.18,639.47,1001977.0
2025-09-02 14:30:00+00:00,639.45,639.63,638.94,639.523,717341.0
2025-09-02 14:35:00+00:00,639.51,639.58,638.85,638.98,703535.0
2025-09-02 14:40:00+00:00,638.99,638.9942,637.97,638.11,795867.0
2025-09-02 14:45:00+00:00,638.13,638.27,637.39,637.46,893733.0
2025-09-02 14:50:00+00:00,637.45,637.705,637.23,637.43,768814.0
2025-09-02 14:55:00+00:00,637.41,637.76,637.235,637.65,874477.0
2025-09-02 15:00:00+00:00,637.65,637.94,637.27,637.275,583845.0
2025-09-02 15:05:00+00:00,637.3,637.33,636.89,637.1499,580204.0
2025-09-02 15:10:00+00:00,637.15,637.52,636.9107,637.0,461279.0
2025-09-02 15:15:00+00:00,637.01,637.095,636.37,636.57,830920.0
2025-09-02 15:20:00+00:00,636.57,636.6,636.17,636.48,822231.0
2025-09-02 15:25:00+00:00,636.48,636.81,636.41,636.56,681405.0
2025-09-02 15:30:00+00:00,636.55,636.568,636.18,636.24,770999.0
2025-09-02 15:35:00+00:00,636.23,636.28,635.45,635.495,895863.0
2025-09-02 15:40:00+00:00,635.52,635.7699,635.41,635.4788,562911.0
2025-09-02 15:45:00+00:00,635.49,635.74,635.39,635.415,478558.0
2025-09-02 15:50:00+00:00,635.43,635.43,634.955,635.17,1303047.0
2025-09-02 15:55:00+00:00,635.17,635.57,634.92,635.21,722329.0
2025-09-02 16:00:00+00:00,635.215,635.61,635.0301,635.09,857612.0
2025-09-02 16:05:00+00:00,635.09,635.485,635.07,635.1201,443351.0
2025-09-02 16:10:00+00:00,635.12,635.6899,635.09,635.57,557689.0
2025-09-02 16:15:00+00:00,635.57,636.0,635.56,635.9928,587059.0
2025-09-02 16:20:00+00:00,635.99,636.07,635.73,635.75,411211.0
2025-09-02 16:25:00+00:00,635.76,635.91,635.56,635.61,411383.0
2025-09-02 16:30:00+00:00,635.61,635.87,635.61,635.715,340077.0
2025-09-02 16:35:00+00:00,635.71,636.13,635.61,635.835,351370.0
2025-09-02 16:40:00+00:00,635.84,636.505,635.84,636.14,678547.0
2025-09-02 16:45:00+00:00,636.13,636.265,635.68,635.92,473015.0
2025-09-02 16:50:00+00:00,635.915,636.48,635.87,636.37,494887.0
2025-09-02 16:55:00+00:00,636.39,636.97,636.37,636.95,742185.0
2025-09-02 17:00:00+00:00,636.95,637.13,636.89,637.04,614114.0
2025-09-02 17:05:00+00:00,637.04,637.28,636.9,637.01,539990.0
2025-09-02 17:10:00+00:00,637.02,637.06,636.53,636.73,403755.0
2025-09-02 17:15:00+00:00,636.71,636.97,636.66,636.95,313647.0
2025-09-02 17:20:00+00:00,636.94,637.405,636.88,637.345,452794.0
2025-09-02 17:25:00+00:00,637.34,637.85,637.34,637.64,673786.0
2025-09-02 17:30:00+00:00,637.63,638.38,637.63,638.34,682155.0
2025-09-02 17:35:00+00:00,638.35,638.775,638.2301,638.73,698325.0
2025-09-02 17:40:00+00:00,638.72,638.95,638.51,638.85,707366.0
2025-09-02 17:45:00+00:00,638.86,638.99,638.66,638.87,527677.0
2025-09-02 17:50:00+00:00,638.87,639.035,638.52,638.54,640715.0
2025-09-02 17:55:00+00:00,638.54,638.65,638.33,638.35,493499.0
2025-09-02 18:00:00+00:00,638.33,638.81,638.28,638.44,568253.0
2025-09-02 18:05:00+00:00,638.44,638.47,638.065,638.1,368279.0
2025-09-02 18:10:00+00:00,638.11,638.33,637.98,638.09,448063.0
2025-09-02 18:15:00+00:00,638.09,638.19,637.77,637.8001,344203.0
2025-09-02 18:20:00+00:00,637.8,638.21,637.73,637.98,350840.0
2025-09-02 18:25:00+00:00,637.975,638.08,637.65,637.7265,294190.0
2025-09-02 18:30:00+00:00,637.72,638.085,637.68,637.77,366951.0
2025-09-02 18:35:00+00:00,637.75,637.75,637.47,637.64,440338.0
2025-09-02 18:40:00+00:00,637.64,637.67,637.32,637.52,400439.0
2025-09-02 18:45:00+00:00,637.51,638.23,637.39,637.965,626702.0
2025-09-02 18:50:00+00:00,637.95,638.94,637.94,638.5899,1081759.0
2025-09-02 18:55:00+00:00,638.61,638.63,637.92,638.0518,490010.0
2025-09-02 19:00:00+00:00,638.06,638.58,638.04,638.46,625112.0
2025-09-02 19:05:00+00:00,638.43,638.585,638.315,638.52,315391.0
2025-09-02 19:10:00+00:00,638.55,638.8,638.33,638.76,466876.0
2025-09-02 19:15:00+00:00,638.76,639.14,638.64,639.1,724693.0
2025-09-02 19:20:00+00:00,639.1,639.31,638.82,638.86,647428.0
2025-09-02 19:25:00+00:00,638.85,639.24,638.74,639.14,603880.0
2025-09-02 19:30:00+00:00,639.13,639.4584,639.04,639.1416,1277933.0
2025-09-02 19:35:00+00:00,639.14,639.59,639.06,639.58,1098464.0
2025-09-02 19:40:00+00:00,639.57,639.855,639.45,639.59,1224024.0
2025-09-02 19:45:00+00:00,639.59,639.735,639.31,639.7,1364696.0
2025-09-02 19:50:00+00:00,639.68,640.25,639.49,640.155,2934596.0
2025-09-02 19:55:00+00:00,640.15,640.49,639.925,640.33,5943498.0
2025-09-02 20:00:00+00:00,640.31,640.51,640.17,640.23,916001.0
2025-09-02 20:05:00+00:00,640.22,641.95,640.22,641.88,1216500.0
2025-09-02 20:10:00+00:00,641.88,642.04,641.33,641.6,7328866.0
2025-09-02 20:15:00+00:00,641.6,642.05,641.42,641.9,282551.0
2025-09-02 20:20:00+00:00,641.91,642.15,641.76,642.01,348280.0
2025-09-02 20:25:00+00:00,642.06,642.22,640.27,642.04,226466.0
2025-09-02 20:30:00+00:00,642.03,642.0596,641.8,641.96,86179.0
2025-09-02 20:35:00+00:00,641.95,642.09,641.81,641.93,133322.0
2025-09-02 20:40:00+00:00,641.96,642.05,641.81,642.01,57309.0
2025-09-02 20:45:00+00:00,642.06,642.1401,641.98,642.14,53717.0
2025-09-02 20:50:00+00:00,642.15,642.38,642.1,642.38,63966.0
2025-09-02 20:55:00+00:00,642.33,642.45,642.29,642.4,71956.0
2025-09-02 21:00:00+00:00,642.32,642.38,642.1701,642.38,20999.0
2025-09-02 21:05:00+00:00,642.36,642.42,642.36,642.39,60575.0
2025-09-02 21:10:00+00:00,642.3805,642.44,642.36,642.42,19643.0
2025-09-02 21:15:00+00:00,642.42,642.4416,642.31,642.31,21807.0
2025-09-02 21:20:00+00:00,642.31,642.42,642.2801,642.4,13006.0
2025-09-02 21:25:00+00:00,642.4,642.45,642.4,642.44,9001.0
2025-09-02 21:30:00+00:00,642.42,642.4499,642.34,642.4499,4447.0
2025-09-02 21:35:00+00:00,642.37,642.4,642.35,642.35,9865.0
2025-09-02 21:40:00+00:00,642.36,642.41,642.34,642.34,4344.0
2025-09-02 21:45:00+00:00,642.34,642.4,642.32,642.35,10649.0
2025-09-02 21:50:00+00:00,642.36,642.45,642.36,642.45,3951.0
2025-09-02 21:55:00+00:00,642.4488,642.45,642.37,642.4,22194.0
2025-09-02 22:00:00+00:00,642.42,642.42,642.12,642.1491,44720.0
2025-09-02 22:05:00+00:00,642.15,642.1791,641.96,641.9603,8625.0
2025-09-02 22:10:00+00:00,641.91,642.08,641.9,642.08,9131.0
2025-09-02 22:15:00+00:00,642.16,642.26,642.08,642.08,7063.0
2025-09-02 22:20:00+00:00,642.01,642.01,641.95,641.95,2053.0
2025-09-02 22:25:00+00:00,641.95,641.95,641.87,641.93,5474.0
2025-09-02 22:30:00+00:00,641.97,642.0814,641.81,641.889,6884.0
2025-09-02 22:35:00+00:00,641.9,642.19,641.9,642.19,10361.0
2025-09-02 22:40:00+00:00,642.18,642.18,641.82,641.82,19489.0
2025-09-02 22:45:00+00:00,641.87,641.92,641.85,641.87,1423.0
2025-09-02 22:50:00+00:00,641.9,641.9,641.56,641.57,7655.0
2025-09-02 22:55:00+00:00,641.55,641.56,641.35,641.38,15996.0
2025-09-02 23:00:00+00:00,641.43,641.47,641.43,641.4407,1092.0
2025-09-02 23:05:00+00:00,641.47,641.47,641.38,641.38,1758.0
2025-09-02 23:10:00+00:00,641.38,641.43,641.37,641.4294,2692.0
2025-09-02 23:15:00+00:00,641.3901,641.4391,641.22,641.22,5456.0
2025-09-02 23:20:00+00:00,641.2,641.2,641.07,641.1727,8291.0
2025-09-02 23:25:00+00:00,641.21,641.32,641.21,641.31,8581.0
2025-09-02 23:30:00+00:00,641.32,641.32,641.25,641.3,5229.0
2025-09-02 23:35:00+00:00,641.32,641.35,641.2,641.26,3900.0
2025-09-02 23:40:00+00:00,641.2,641.22,641.2,641.22,470.0
2025-09-02 23:45:00+00:00,641.23,641.27,641.15,641.2,3026.0
2025-09-02 23:50:00+00:00,641.19,641.23,641.15,641.22,6604.0
2025-09-02 23:55:00+00:00,641.24,641.25,641.15,641.18,11453.0
2025-09-03 08:00:00+00:00,641.97,642.28,641.97,642.28,7252.0
2025-09-03 08:05:00+00:00,642.22,642.48,642.15,642.45,6233.0
2025-09-03 08:10:00+00:00,642.43,642.66,642.34,642.63,9742.0
2025-09-03 08:15:00+00:00,642.66,643.06,642.66,643.06,11173.0
2025-09-03 08:20:00+00:00,643.07,643.18,642.96,643.06,10844.0
2025-09-03 08:25:00+00:00,643.03,643.03,642.9,643.02,4263.0
2025-09-03 08:30:00+00:00,642.97,642.97,642.87,642.89,8447.0
2025-09-03 08:35:00+00:00,642.82,642.82,642.61,642.66,5780.0
2025-09-03 08:40:00+00:00,642.72,642.75,642.71,642.71,1067.0
2025-09-03 08:45:00+00:00,642.67,642.8,642.67,642.79,8361.0
2025-09-03 08:50:00+00:00,642.79,642.79,642.7,642.7,15433.0
2025-09-03 08:55:00+00:00,642.74,642.89,642.74,642.89,1411.0
2025-09-03 09:00:00+00:00,642.99,643.04,642.86,642.87,5194.0
2025-09-03 09:05:00+00:00,642.8,642.8,642.57,642.65,6234.0
2025-09-03 09:10:00+00:00,642.58,642.64,642.57,642.59,10355.0
2025-09-03 09:15:00+00:00,642.56,642.88,642.5,642.86,5565.0
2025-09-03 09:20:00+00:00,642.93,643.05,642.93,643.05,2492.0
2025-09-03 09:25:00+00:00,643.07,643.13,643.06,643.13,3247.0
2025-09-03 09:30:00+00:00,643.12,643.12,642.96,643.07,4639.0
2025-09-03 09:35:00+00:00,643.0,643.33,642.99,643.26,5096.0
2025-09-03 09:40:00+00:00,643.29,643.5,643.29,643.41,16650.0
2025-09-03 09:45:00+00:00,643.43,643.45,643.26,643.3,4979.0
2025-09-03 09:50:00+00:00,643.32,643.37,643.23,643.34,6997.0
2025-09-03 09:55:00+00:00,643.35,643.35,643.23,643.27,3195.0
2025-09-03 10:00:00+00:00,643.35,643.36,643.25,643.25,2245.0
2025-09-03 10:05:00+00:00,643.33,643.37,643.17,643.17,5477.0
2025-09-03 10:10:00+00:00,643.22,643.24,643.1,643.21,5417.0
2025-09-03 10:15:00+00:00,643.23,643.23,643.06,643.16,3783.0
2025-09-03 10:20:00+00:00,643.21,643.23,643.17,643.23,3571.0
2025-09-03 10:25:00+00:00,643.23,643.38,643.23,643.35,2235.0
2025-09-03 10:30:00+00:00,643.38,643.62,643.35,643.39,48954.0
2025-09-03 10:35:00+00:00,643.33,643.35,643.21,643.3,11938.0
2025-09-03 10:40:00+00:00,643.3,643.32,643.22,643.25,23727.0
2025-09-03 10:45:00+00:00,643.29,643.35,643.26,643.35,3854.0
2025-09-03 10:50:00+00:00,643.32,643.47,643.3,643.41,3853.0
2025-09-03 10:55:00+00:00,643.45,643.5,643.42,643.5,6273.0
2025-09-03 11:00:00+00:00,643.47,643.68,643.42,643.63,17060.0
2025-09-03 11:05:00+00:00,643.72,643.74,643.46,643.57,46350.0
2025-09-03 11:10:00+00:00,643.6,643.75,643.5,643.54,27544.0
2025-09-03 11:15:00+00:00,643.6,643.6,643.46,643.51,5191.0
2025-09-03 11:20:00+00:00,643.48,643.5,643.39,643.39,4360.0
2025-09-03 11:25:00+00:00,643.45,643.45,643.18,643.18,12557.0
2025-09-03 11:30:00+00:00,643.19,643.19,642.81,643.18,53094.0
2025-09-03 11:35:00+00:00,643.2,643.37,643.14,643.2,23483.0
2025-09-03 11:40:00+00:00,643.22,643.6,643.15,643.52,17803.0
2025-09-03 11:45:00+00:00,643.5,643.5,643.28,643.28,12602.0
2025-09-03 11:50:00+00:00,643.36,643.36,643.24,643.27,14476.0
2025-09-03 11:55:00+00:00,643.24,643.24,642.62,642.7,53320.0
2025-09-03 12:00:00+00:00,642.76,643.75,640.5,643.1,168063.0
2025-09-03 12:05:00+00:00,643.08,643.21,643.05,643.14,19084.0
2025-09-03 12:10:00+00:00,643.11,643.29,643.01,643.28,116342.0
2025-09-03 12:15:00+00:00,643.31,643.36,643.1904,643.23,25497.0
2025-09-03 12:20:00+00:00,643.2799,643.32,643.0,643.02,23169.0
2025-09-03 12:25:00+00:00,643.05,643.08,642.94,643.02,19077.0
2025-09-03 12:30:00+00:00,642.98,642.98,642.21,642.27,99088.0
2025-09-03 12:35:00+00:00,642.3,642.61,642.28,642.6,93838.0
2025-09-03 12:40:00+00:00,642.6,642.7,642.41,642.53,35481.0
2025-09-03 12:45:00+00:00,642.5,642.65,642.43,642.56,36651.0
2025-09-03 12:50:00+00:00,642.58,642.58,642.39,642.39,32889.0
2025-09-03 12:55:00+00:00,642.4,642.54,642.35,642.39,77467.0
2025-09-03 13:00:00+00:00,642.39,642.56,642.29,642.52,49639.0
2025-09-03 13:05:00+00:00,642.53,642.86,642.51,642.59,46754.0
2025-09-03 13:10:00+00:00,642.63,642.92,642.6201,642.9,15083.0
2025-09-03 13:15:00+00:00,642.84,642.89,642.68,642.85,18091.0
2025-09-03 13:20:00+00:00,642.85,643.03,642.69,642.69,34456.0
2025-09-03 13:25:00+00:00,642.67,642.91,642.56,642.7,90027.0
2025-09-03 13:30:00+00:00,642.67,643.14,642.41,642.87,2179032.0
2025-09-03 13:35:00+00:00,642.88,643.23,642.65,642.89,1702868.0
2025-09-03 13:40:00+00:00,642.89,643.13,642.52,643.0,1105219.0
2025-09-03 13:45:00+00:00,643.02,643.1,642.1,642.52,1482251.0
2025-09-03 13:50:00+00:00,642.52,643.05,642.255,642.39,983789.0
2025-09-03 13:55:00+00:00,642.385,642.51,641.83,641.94,939232.0
2025-09-03 14:00:00+00:00,642.0,642.8642,641.7402,642.67,1150519.0
2025-09-03 14:05:00+00:00,642.66,642.895,642.26,642.42,750902.0
2025-09-03 14:10:00+00:00,642.42,642.77,641.59,641.62,1032127.0
2025-09-03 14:15:00+00:00,641.62,642.72,641.62,642.638,985686.0
2025-09-03 14:20:00+00:00,642.64,642.96,642.6,642.82,728445.0
2025-09-03 14:25:00+00:00,642.81,643.2197,642.32,642.3612,878210.0
2025-09-03 14:30:00+00:00,642.36,643.27,642.34,643.25,937319.0
2025-09-03 14:35:00+00:00,643.25,643.32,643.05,643.23,698506.0
2025-09-03 14:40:00+00:00,643.22,643.88,643.22,643.6909,1115058.0
2025-09-03 14:45:00+00:00,643.68,644.09,643.58,643.93,833297.0
2025-09-03 14:50:00+00:00,643.938,644.16,643.74,643.955,719677.0
2025-09-03 14:55:00+00:00,643.95,644.07,643.74,643.97,553811.0
2025-09-03 15:00:00+00:00,643.98,644.12,643.825,644.03,606366.0
2025-09-03 15:05:00+00:00,644.04,644.21,643.74,643.95,619193.0
2025-09-03 15:10:00+00:00,643.96,644.08,643.51,643.63,494018.0
2025-09-03 15:15:00+00:00,643.62,643.68,643.385,643.535,548871.0
2025-09-03 15:20:00+00:00,643.52,643.58,643.005,643.355,757326.0
2025-09-03 15:25:00+00:00,643.335,643.34,642.29,642.43,1084662.0
2025-09-03 15:30:00+00:00,642.43,642.68,642.13,642.34,898583.0
2025-09-03 15:35:00+00:00,642.34,642.81,642.33,642.8,782918.0
2025-09-03 15:40:00+00:00,642.79,642.97,642.6099,642.73,463918.0
2025-09-03 15:45:00+00:00,642.72,642.825,642.34,642.6299,568753.0
2025-09-03 15:50:00+00:00,642.62,642.85,642.33,642.59,380165.0
2025-09-03 15:55:00+00:00,642.58,642.58,642.12,642.375,404366.0
2025-09-03 16:00:00+00:00,642.37,642.55,641.995,642.205,522090.0
2025-09-03 16:05:00+00:00,642.23,642.55,642.09,642.5042,426872.0
2025-09-03 16:10:00+00:00,642.515,642.605,642.23,642.32,385498.0
2025-09-03 16:15:00+00:00,642.3,642.68,642.17,642.673,370169.0
2025-09-03 16:20:00+00:00,642.65,643.125,642.46,642.46,622985.0
2025-09-03 16:25:00+00:00,642.48,642.74,642.235,642.43,418567.0
2025-09-03 16:30:00+00:00,642.44,642.52,642.28,642.36,277654.0
2025-09-03 16:35:00+00:00,642.37,642.43,642.09,642.13,332400.0
2025-09-03 16:40:00+00:00,642.13,642.16,641.71,641.86,870981.0
2025-09-03 16:45:00+00:00,641.85,642.03,641.55,641.67,545486.0
2025-09-03 16:50:00+00:00,641.68,641.85,641.43,641.675,617258.0
2025-09-03 16:55:00+00:00,641.69,642.11,641.69,641.82,687718.0
2025-09-03 17:00:00+00:00,641.82,642.29,641.82,642.1342,474239.0
2025-09-03 17:05:00+00:00,642.12,642.31,642.085,642.22,372686.0
2025-09-03 17:10:00+00:00,642.23,642.7765,642.23,642.54,543237.0
2025-09-03 17:15:00+00:00,642.57,642.85,642.5302,642.5701,813620.0
2025-09-03 17:20:00+00:00,642.58,642.69,642.38,642.38,462464.0
2025-09-03 17:25:00+00:00,642.37,642.39,641.9501,642.27,403226.0
2025-09-03 17:30:00+00:00,642.26,642.43,641.98,641.99,379757.0
2025-09-03 17:35:00+00:00,641.98,642.14,641.79,641.805,331918.0
2025-09-03 17:40:00+00:00,641.8,641.91,641.17,641.22,641257.0
2025-09-03 17:45:00+00:00,641.24,641.46,640.625,641.36,1116712.0
2025-09-03 17:50:00+00:00,641.37,641.6793,641.13,641.1501,454103.0
2025-09-03 17:55:00+00:00,641.17,641.24,640.698,640.978,694705.0
2025-09-03 18:00:00+00:00,640.98,641.14,640.54,640.91,964098.0
2025-09-03 18:05:00+00:00,640.91,641.09,640.64,640.93,560966.0
2025-09-03 18:10:00+00:00,640.94,641.19,640.7307,641.07,424408.0
2025-09-03 18:15:00+00:00,641.07,641.16,640.78,640.93,452756.0
2025-09-03 18:20:00+00:00,640.94,641.14,640.76,640.89,448564.0
2025-09-03 18:25:00+00:00,640.9,641.29,640.81,641.13,646627.0
2025-09-03 18:30:00+00:00,641.11,641.11,640.67,640.985,471445.0
2025-09-03 18:35:00+00:00,640.96,641.04,640.46,640.51,520667.0
2025-09-03 18:40:00+00:00,640.51,641.16,640.47,641.098,700142.0
2025-09-03 18:45:00+00:00,641.09,641.28,640.89,640.94,453987.0
2025-09-03 18:50:00+00:00,640.95,641.13,640.79,640.985,478294.0
2025-09-03 18:55:00+00:00,640.985,641.05,640.72,640.885,517562.0
2025-09-03 19:00:00+00:00,640.88,640.985,640.56,640.875,592324.0
2025-09-03 19:05:00+00:00,640.88,641.14,640.78,640.85,422658.0
2025-09-03 19:10:00+00:00,640.85,640.905,640.66,640.74,312126.0
2025-09-03 19:15:00+00:00,640.74,641.005,640.67,640.97,643752.0
2025-09-03 19:20:00+00:00,640.97,641.105,640.82,641.05,574651.0
2025-09-03 19:25:00+00:00,641.05,641.2,640.98,641.02,407131.0
2025-09-03 19:30:00+00:00,641.04,641.57,641.01,641.54,715243.0
2025-09-03 19:35:00+00:00,641.54,641.84,641.52,641.7988,947776.0
2025-09-03 19:40:00+00:00,641.8,642.29,641.76,642.2,1083094.0
2025-09-03 19:45:00+00:00,642.2,642.6,642.01,642.5075,2052489.0
2025-09-03 19:50:00+00:00,642.51,643.08,642.507,642.995,2678139.0
2025-09-03 19:55:00+00:00,642.995,643.73,642.87,643.64,6224148.0
2025-09-03 20:00:00+00:00,643.67,643.89,643.57,643.75,941449.0
2025-09-03 20:05:00+00:00,643.7508,643.83,643.6,643.74,1370138.0
2025-09-03 20:10:00+00:00,643.72,643.87,643.68,643.85,1891344.0
2025-09-03 20:15:00+00:00,643.78,643.86,643.56,643.75,160257.0
2025-09-03 20:20:00+00:00,643.74,643.91,643.7,643.8902,184647.0
2025-09-03 20:25:00+00:00,643.89,643.98,643.89,643.9101,36991.0
2025-09-03 20:30:00+00:00,643.94,644.05,643.93,643.97,28300.0
2025-09-03 20:35:00+00:00,643.95,643.96,643.85,643.85,31367.0
2025-09-03 20:40:00+00:00,643.86,643.95,643.8,643.8599,68876.0
2025-09-03 20:45:00+00:00,643.84,643.93,643.84,643.85,19412.0
2025-09-03 20:50:00+00:00,643.85,643.91,643.79,643.81,19298.0
2025-09-03 20:55:00+00:00,643.81,643.9064,643.78,643.79,18727.0
2025-09-03 21:00:00+00:00,643.76,643.79,643.7,643.7,6408.0
2025-09-03 21:05:00+00:00,643.7,643.79,643.7,643.79,3022.0
2025-09-03 21:10:00+00:00,643.74,643.75,643.74,643.75,25651.0
2025-09-03 21:15:00+00:00,643.75,643.75,643.7199,643.7199,15620.0
2025-09-03 21:20:00+00:00,643.72,643.75,643.71,643.75,249391.0
2025-09-03 21:25:00+00:00,643.7307,643.75,643.73,643.7497,2566.0
2025-09-03 21:30:00+00:00,643.73,643.75,643.73,643.74,2638.0
2025-09-03 21:35:00+00:00,643.75,643.75,643.7499,643.75,1064.0
2025-09-03 21:40:00+00:00,643.75,643.75,643.7,643.74,2998.0
2025-09-03 21:45:00+00:00,643.72,643.75,643.72,643.73,3689.0
2025-09-03 21:50:00+00:00,643.74,643.74,643.74,643.74,247.0
2025-09-03 21:55:00+00:00,643.79,643.79,643.73,643.73,2112.0
2025-09-03 22:00:00+00:00,643.74,643.74,643.41,643.52,21031.0
2025-09-03 22:05:00+00:00,643.47,643.62,643.47,643.62,838.0
2025-09-03 22:10:00+00:00,643.6245,643.65,643.6,643.6,1880.0
2025-09-03 22:15:00+00:00,643.58,643.62,643.54,643.57,10242.0
2025-09-03 22:20:00+00:00,643.6386,643.6386,643.43,643.43,2321.0
2025-09-03 22:25:00+00:00,643.42,643.46,643.4,643.41,3902.0
2025-09-03 22:30:00+00:00,643.48,643.49,643.48,643.49,1016.0
2025-09-03 22:35:00+00:00,643.38,643.46,643.38,643.46,5629.0
2025-09-03 22:40:00+00:00,643.44,643.44,643.4,643.41,1866.0
2025-09-03 22:45:00+00:00,643.39,643.39,643.3314,643.3605,1015.0
2025-09-03 22:50:00+00:00,643.41,643.43,643.409,643.43,755.0
2025-09-03 22:55:00+00:00,643.42,643.46,643.32,643.32,3678.0
2025-09-03 23:00:00+00:00,643.42,643.51,643.41,643.5,2916.0
2025-09-03 23:05:00+00:00,643.51,643.56,643.51,643.56,596.0
2025-09-03 23:10:00+00:00,643.52,643.6,643.52,643.6,3403.0
2025-09-03 23:15:00+00:00,643.7,643.709,643.61,643.62,1452.0
2025-09-03 23:20:00+00:00,643.6096,643.6096,643.56,643.56,2418.0
2025-09-03 23:25:00+00:00,643.5701,643.5701,643.57,643.57,1355.0
2025-09-03 23:30:00+00:00,643.41,643.43,643.3845,643.43,1115.0
2025-09-03 23:35:00+00:00,643.39,643.4399,643.34,643.41,4720.0
2025-09-03 23:40:00+00:00,643.41,643.44,643.32,643.32,1201.0
2025-09-03 23:45:00+00:00,643.32,643.34,643.28,643.2982,4373.0
2025-09-03 23:50:00+00:00,643.3,643.47,643.3,643.3897,2295.0
2025-09-03 23:55:00+00:00,643.39,643.39,643.38,643.38,603.0
2025-09-04 08:00:00+00:00,644.46,644.55,644.37,644.44,4901.0
2025-09-04 08:05:00+00:00,644.39,644.6,644.31,644.6,2466.0
2025-09-04 08:10:00+00:00,644.59,644.59,644.28,644.28,452.0
2025-09-04 08:15:00+00:00,644.47,644.58,644.47,644.55,1181.0
2025-09-04 08:20:00+00:00,644.58,644.61,644.56,644.58,2512.0
2025-09-04 08:25:00+00:00,644.62,644.71,644.62,644.71,1291.0
2025-09-04 08:30:00+00:00,644.65,644.65,644.49,644.49,797.0
2025-09-04 08:35:00+00:00,644.52,644.59,644.52,644.57,1569.0
2025-09-04 08:40:00+00:00,644.59,644.62,644.55,644.6,3755.0
2025-09-04 08:45:00+00:00,644.51,644.53,644.46,644.53,1605.0
2025-09-04 08:55:00+00:00,644.61,644.61,644.48,644.49,736.0
2025-09-04 09:00:00+00:00,644.52,644.52,644.52,644.52,253.0
2025-09-04 09:05:00+00:00,644.65,644.65,644.62,644.62,409.0
2025-09-04 09:15:00+00:00,644.64,644.66,644.5,644.5,1081.0
2025-09-04 09:20:00+00:00,644.54,644.55,644.54,644.55,301.0
2025-09-04 09:25:00+00:00,644.56,644.59,644.55,644.59,1010.0
2025-09-04 09:30:00+00:00,644.63,644.67,644.63,644.67,791.0
2025-09-04 09:35:00+00:00,644.73,644.78,644.7,644.78,769.0
2025-09-04 09:45:00+00:00,644.74,644.74,644.67,644.67,840.0
2025-09-04 09:50:00+00:00,644.67,644.67,644.67,644.67,312.0
2025-09-04 09:55:00+00:00,644.64,644.76,644.64,644.75,1207.0
2025-09-04 10:00:00+00:00,644.9,645.01,644.9,645.0,2970.0
2025-09-04 10:05:00+00:00,644.98,644.98,644.96,644.96,2031.0
2025-09-04 10:10:00+00:00,645.0,645.16,645.0,645.15,4696.0
2025-09-04 10:15:00+00:00,645.22,645.24,644.99,644.99,7997.0
2025-09-04 10:20:00+00:00,644.98,644.98,644.82,644.82,1641.0
2025-09-04 10:25:00+00:00,644.77,644.77,644.58,644.58,2185.0
2025-09-04 10:30:00+00:00,644.73,644.73,644.68,644.73,625.0
2025-09-04 10:35:00+00:00,644.7,644.81,644.7,644.77,3253.0
2025-09-04 10:40:00+00:00,644.83,644.89,644.79,644.88,2131.0
2025-09-04 10:45:00+00:00,644.82,644.82,644.76,644.76,5573.0
2025-09-04 10:50:00+00:00,644.8,644.8,644.8,644.8,300.0
2025-09-04 10:55:00+00:00,644.85,644.85,644.8,644.85,7542.0
2025-09-04 11:00:00+00:00,644.7,644.98,644.7,644.98,6727.0
2025-09-04 11:05:00+00:00,644.95,644.99,644.95,644.99,2828.0
2025-09-04 11:10:00+00:00,644.86,645.01,644.86,645.01,2895.0
2025-09-04 11:15:00+00:00,645.0,645.05,645.0,645.02,18064.0
2025-09-04 11:20:00+00:00,644.87,644.87,644.57,644.63,4946.0
2025-09-04 11:25:00+00:00,644.68,644.71,644.5,644.6,7881.0
2025-09-04 11:30:00+00:00,644.58,644.66,644.56,644.6,3719.0
2025-09-04 11:35:00+00:00,644.65,644.65,644.57,644.6,10751.0
2025-09-04 11:40:00+00:00,644.62,644.72,644.62,644.71,2726.0
2025-09-04 11:45:00+00:00,644.65,644.69,644.47,644.53,4045.0
2025-09-04 11:50:00+00:00,644.38,644.39,644.17,644.32,11140.0
2025-09-04 11:55:00+00:00,644.35,644.48,644.35,644.42,9834.0
2025-09-04 12:00:00+00:00,644.95,645.05,643.8,644.72,59299.0
2025-09-04 12:05:00+00:00,644.7297,644.76,644.6,644.7,32949.0
2025-09-04 12:10:00+00:00,644.75,644.89,644.69,644.79,33363.0
2025-09-04 12:15:00+00:00,644.8,645.03,644.32,644.32,35968.0
2025-09-04 12:20:00+00:00,644.32,644.36,644.2,644.32,13329.0
2025-09-04 12:25:00+00:00,644.24,644.39,644.23,644.38,7047.0
2025-09-04 12:30:00+00:00,644.43,644.62,644.05,644.14,30713.0
2025-09-04 12:35:00+00:00,644.09,644.25,644.01,644.21,18869.0
2025-09-04 12:40:00+00:00,644.21,644.29,644.04,644.21,23731.0
2025-09-04 12:45:00+00:00,644.16,644.34,644.07,644.29,10357.0
2025-09-04 12:50:00+00:00,644.3,644.36,644.24,644.28,14102.0
2025-09-04 12:55:00+00:00,644.28,644.41,644.28,644.4082,11883.0
2025-09-04 13:00:00+00:00,644.3,644.39,644.1501,644.2,24482.0
2025-09-04 13:05:00+00:00,644.2,644.2,643.97,644.16,120829.0
2025-09-04 13:10:00+00:00,644.161,644.22,644.02,644.13,23347.0
2025-09-04 13:15:00+00:00,644.04,644.21,644.04,644.21,10141.0
2025-09-04 13:20:00+00:00,644.22,644.28,644.1,644.14,22584.0
2025-09-04 13:25:00+00:00,644.1,644.5,644.03,644.47,66897.0
2025-09-04 13:30:00+00:00,644.42,644.94,644.19,644.9106,1237600.0
2025-09-04 13:35:00+00:00,644.91,645.3,644.56,644.74,1358398.0
2025-09-04 13:40:00+00:00,644.74,645.155,644.62,645.05,905235.0
2025-09-04 13:45:00+00:00,645.04,645.27,644.48,644.89,1410899.0
2025-09-04 13:50:00+00:00,644.92,645.155,644.72,644.86,822027.0
2025-09-04 13:55:00+00:00,644.86,645.15,644.67,644.85,570224.0
2025-09-04 14:00:00+00:00,644.8,645.0185,644.0,644.06,1117190.0
2025-09-04 14:05:00+00:00,644.08,644.2372,643.8,643.88,1051771.0
2025-09-04 14:10:00+00:00,643.89,644.5,643.79,643.9,1070538.0
2025-09-04 14:15:00+00:00,643.92,644.23,643.51,644.12,1029647.0
2025-09-04 14:20:00+00:00,644.12,644.81,644.11,644.79,818979.0
2025-09-04 14:25:00+00:00,644.77,645.11,644.57,644.88,915238.0
2025-09-04 14:30:00+00:00,644.87,645.37,644.84,645.17,967075.0
2025-09-04 14:35:00+00:00,645.17,645.78,644.99,645.6,1164789.0
2025-09-04 14:40:00+00:00,645.6,645.695,645.235,645.35,741559.0
2025-09-04 14:45:00+00:00,645.36,645.74,645.26,645.72,592061.0
2025-09-04 14:50:00+00:00,645.71,645.73,645.29,645.57,596074.0
2025-09-04 14:55:00+00:00,645.56,645.67,645.3,645.645,379844.0
2025-09-04 15:00:00+00:00,645.64,645.88,645.585,645.63,683907.0
2025-09-04 15:05:00+00:00,645.64,645.88,645.605,645.82,587590.0
2025-09-04 15:10:00+00:00,645.81,645.865,645.31,645.515,655791.0
2025-09-04 15:15:00+00:00,645.515,646.0499,645.51,646.01,750057.0
2025-09-04 15:20:00+00:00,646.0,646.25,645.87,646.04,620229.0
2025-09-04 15:25:00+00:00,646.04,646.435,646.0024,646.2108,753931.0
2025-09-04 15:30:00+00:00,646.22,646.26,645.9106,646.12,502272.0
2025-09-04 15:35:00+00:00,646.12,646.145,645.82,645.9701,482679.0
2025-09-04 15:40:00+00:00,645.98,646.31,645.915,646.0518,387723.0
2025-09-04 15:45:00+00:00,646.045,646.3,645.9825,646.23,380477.0
2025-09-04 15:50:00+00:00,646.24,646.48,646.14,646.47,499074.0
2025-09-04 15:55:00+00:00,646.46,646.59,646.17,646.175,738978.0
2025-09-04 16:00:00+00:00,646.175,646.3876,646.14,646.31,400924.0
2025-09-04 16:05:00+00:00,646.315,646.51,646.213127,646.505,365853.0
2025-09-04 16:10:00+00:00,646.49,646.56,646.37,646.41,373305.0
2025-09-04 16:15:00+00:00,646.42,646.475,646.2646,646.4,363203.0
2025-09-04 16:20:00+00:00,646.391,646.51,646.14,646.1486,361745.0
2025-09-04 16:25:00+00:00,646.14,646.24,645.83,645.95,444803.0
2025-09-04 16:30:00+00:00,645.94,646.145,645.88,645.97,317315.0
2025-09-04 16:35:00+00:00,645.965,646.17,645.91,646.0146,278980.0
2025-09-04 16:40:00+00:00,646.03,646.03,645.81,645.985996,365961.0
2025-09-04 16:45:00+00:00,645.97,646.46,645.935,646.35,418006.0
2025-09-04 16:50:00+00:00,646.35,646.5,646.17,646.335,398063.0
2025-09-04 16:55:00+00:00,646.34,646.395,645.93,645.943,315974.0
2025-09-04 17:00:00+00:00,645.95,646.55,645.92,646.51,467258.0
2025-09-04 17:05:00+00:00,646.51,646.8,646.435,646.61,480851.0
2025-09-04 17:10:00+00:00,646.6142,646.65,646.305,646.345,404830.0
2025-09-04 17:15:00+00:00,646.34,646.685,646.34,646.66,325033.0
2025-09-04 17:20:00+00:00,646.66,646.88,646.63,646.785,299124.0
2025-09-04 17:25:00+00:00,646.8,646.97,646.74,646.8593,682993.0
2025-09-04 17:30:00+00:00,646.84,646.92,646.59,646.63,577365.0
2025-09-04 17:35:00+00:00,646.65,646.86,646.6001,646.685,404166.0
2025-09-04 17:40:00+00:00,646.69,646.9,646.67,646.8207,398973.0
2025-09-04 17:45:00+00:00,646.83,647.0025,646.78,646.96,350452.0
2025-09-04 17:50:00+00:00,646.97,647.462,646.94,647.35,638124.0
2025-09-04 17:55:00+00:00,647.35,647.36,647.062,647.14,504932.0
2025-09-04 18:00:00+00:00,647.14,647.375,647.13,647.25,476224.0
2025-09-04 18:05:00+00:00,647.25,647.31,647.16,647.26,302496.0
2025-09-04 18:10:00+00:00,647.27,647.4399,647.25,647.425,404823.0
2025-09-04 18:15:00+00:00,647.425,647.61,647.41,647.42,466269.0
2025-09-04 18:20:00+00:00,647.43,647.45,647.285,647.35,378921.0
2025-09-04 18:25:00+00:00,647.35,647.38,647.205,647.23,361347.0
2025-09-04 18:30:00+00:00,647.23,647.49,647.08,647.445,390158.0
2025-09-04 18:35:00+00:00,647.45,647.49,647.295,647.32,378851.0
2025-09-04 18:40:00+00:00,647.32,647.49,647.24,647.25,296893.0
2025-09-04 18:45:00+00:00,647.25,647.56,647.245,647.55,427055.0
2025-09-04 18:50:00+00:00,647.55,647.68,647.52,647.555,591479.0
2025-09-04 18:55:00+00:00,647.57,647.675,647.53,647.63,459510.0
2025-09-04 19:00:00+00:00,647.63,647.77,647.595,647.72,549324.0
2025-09-04 19:05:00+00:00,647.73,647.8999,647.705,647.81,708904.0
2025-09-04 19:10:00+00:00,647.81,648.25,647.745,648.17,926258.0
2025-09-04 19:15:00+00:00,648.16,648.2101,647.97,648.0839,629487.0
2025-09-04 19:20:00+00:00,648.08,648.2,648.035,648.14,557650.0
2025-09-04 19:25:00+00:00,648.13,648.155,647.895,647.915,481538.0
2025-09-04 19:30:00+00:00,647.91,647.95,647.81,647.8993,867585.0
2025-09-04 19:35:00+00:00,647.89,648.145,647.87,648.1399,682667.0
2025-09-04 19:40:00+00:00,648.13,648.32,648.0824,648.28,794383.0
2025-09-04 19:45:00+00:00,648.27,648.27,647.995,648.02,1314611.0
2025-09-04 19:50:00+00:00,648.01,648.79,647.95,648.68,2580738.0
2025-09-04 19:55:00+00:00,648.68,649.15,648.6,648.99,6255875.0
2025-09-04 20:00:00+00:00,649.02,649.12,648.73,649.01,1230486.0
2025-09-04 20:05:00+00:00,649.01,649.21,648.97,649.12,817356.0
2025-09-04 20:10:00+00:00,649.11,649.49,649.06,649.38,3474384.0
2025-09-04 20:15:00+00:00,649.39,649.53,648.99,649.2,636772.0
2025-09-04 20:20:00+00:00,649.2,649.23,649.08,649.18,349384.0
2025-09-04 20:25:00+00:00,649.17,649.33,649.14,649.2801,50900.0
2025-09-04 20:30:00+00:00,649.29,649.29,649.21,649.28,21107.0
2025-09-04 20:35:00+00:00,649.31,649.38,649.31,649.33,35658.0
2025-09-04 20:40:00+00:00,649.32,649.4,649.27,649.37,34659.0
2025-09-04 20:45:00+00:00,649.3399,649.38,649.32,649.37,18772.0
2025-09-04 20:50:00+00:00,649.35,649.44,649.27,649.27,98437.0
2025-09-04 20:55:00+00:00,649.32,649.37,649.12,649.12,23653.0
2025-09-04 21:00:00+00:00,649.1249,649.22,649.05,649.19,4308.0
2025-09-04 21:05:00+00:00,649.15,649.33,649.15,649.3,26010.0
2025-09-04 21:10:00+00:00,649.33,649.39,649.25,649.25,17277.0
2025-09-04 21:15:00+00:00,649.32,649.4,649.3,649.34,11634.0
2025-09-04 21:20:00+00:00,649.38,649.48,649.38,649.48,11628.0
2025-09-04 21:25:00+00:00,649.49,649.5,649.38,649.5,7187.0
2025-09-04 21:30:00+00:00,649.53,649.79,649.53,649.55,92618.0
2025-09-04 21:35:00+00:00,649.53,649.53,649.43,649.46,3959.0
2025-09-04 21:40:00+00:00,649.46,649.46,649.44,649.44,6389.0
2025-09-04 21:45:00+00:00,649.44,649.44,649.38,649.4,3311.0
2025-09-04 21:50:00+00:00,649.41,649.41,649.38,649.4,1742.0
2025-09-04 21:55:00+00:00,649.4,649.5,649.35,649.5,8529.0
2025-09-04 22:00:00+00:00,649.34,649.58,649.13,649.49,19437.0
2025-09-04 22:05:00+00:00,649.55,649.6,649.36,649.44,21826.0
2025-09-04 22:10:00+00:00,649.4793,649.4793,649.4,649.421,7395.0
2025-09-04 22:15:00+00:00,649.5,649.6,649.5,649.55,7008.0
2025-09-04 22:20:00+00:00,649.5,649.5,649.441,649.45,7402.0
2025-09-04 22:25:00+00:00,649.46,649.5091,649.33,649.33,11517.0
2025-09-04 22:30:00+00:00,649.3396,649.3396,649.27,649.3298,7545.0
2025-09-04 22:35:00+00:00,649.3099,649.371,649.2402,649.37,4763.0
2025-09-04 22:40:00+00:00,649.36,649.37,649.355,649.37,4033.0
2025-09-04 22:45:00+00:00,649.35,649.519,649.35,649.4896,5861.0
2025-09-04 22:50:00+00:00,649.5,649.5,649.4,649.4,1714.0
2025-09-04 22:55:00+00:00,649.46,649.54,649.4501,649.5,4022.0
2025-09-04 23:00:00+00:00,649.5,649.57,649.5,649.51,2857.0
2025-09-04 23:05:00+00:00,649.48,649.56,649.4701,649.55,2114.0
2025-09-04 23:10:00+00:00,649.57,649.57,649.53,649.53,843.0
2025-09-04 23:15:00+00:00,649.57,649.6,649.5099,649.5099,1684.0
2025-09-04 23:20:00+00:00,649.51,649.51,649.48,649.48,319.0
2025-09-04 23:25:00+00:00,649.51,649.6,649.51,649.6,1225.0
2025-09-04 23:30:00+00:00,649.5412,649.5412,649.47,649.51,3130.0
2025-09-04 23:35:00+00:00,649.49,649.5,649.44,649.44,5969.0
2025-09-04 23:40:00+00:00,649.45,649.45,649.44,649.44,1632.0
2025-09-04 23:45:00+00:00,649.41,649.46,649.39,649.45,4971.0
2025-09-04 23:50:00+00:00,649.4,649.55,649.4,649.52,4864.0
2025-09-04 23:55:00+00:00,649.51,649.51,649.45,649.46,10072.0
2025-09-05 08:00:00+00:00,650.36,650.41,649.88,650.35,10178.0
2025-09-05 08:05:00+00:00,650.37,650.41,650.33,650.37,5225.0
2025-09-05 08:10:00+00:00,650.41,650.47,650.41,650.47,1401.0
2025-09-05 08:15:00+00:00,650.5,650.54,650.42,650.46,2734.0
2025-09-05 08:20:00+00:00,650.43,650.43,650.43,650.43,837.0
2025-09-05 08:25:00+00:00,650.48,650.55,650.48,650.52,3887.0
2025-09-05 08:30:00+00:00,650.56,650.66,650.56,650.66,1656.0
2025-09-05 08:35:00+00:00,650.7,650.81,650.68,650.68,10077.0
2025-09-05 08:40:00+00:00,650.58,650.68,650.58,650.68,2241.0
2025-09-05 08:45:00+00:00,650.6,650.6,650.59,650.59,2395.0
2025-09-05 08:50:00+00:00,650.48,650.53,650.47,650.53,1511.0
2025-09-05 08:55:00+00:00,650.58,650.58,650.58,650.58,253.0
2025-09-05 09:00:00+00:00,650.76,650.76,650.62,650.62,1122.0
2025-09-05 09:05:00+00:00,650.66,650.67,650.66,650.67,660.0
2025-09-05 09:15:00+00:00,650.57,650.6,650.53,650.53,2629.0
2025-09-05 09:20:00+00:00,650.53,650.58,650.53,650.56,1501.0
2025-09-05 09:25:00+00:00,650.56,650.6,650.53,650.53,3152.0
2025-09-05 09:30:00+00:00,650.55,650.59,650.55,650.59,11385.0
2025-09-05 09:35:00+00:00,650.56,650.6,650.48,650.48,6538.0
2025-09-05 09:40:00+00:00,650.51,650.51,650.44,650.5,3612.0
2025-09-05 09:45:00+00:00,650.54,650.55,650.53,650.55,2724.0
2025-09-05 09:50:00+00:00,650.52,650.55,650.51,650.55,1434.0
2025-09-05 09:55:00+00:00,650.52,650.52,650.43,650.44,2994.0
2025-09-05 10:00:00+00:00,650.42,650.47,650.42,650.47,1368.0
2025-09-05 10:05:00+00:00,650.4,650.4,650.28,650.3,5375.0
2025-09-05 10:10:00+00:00,650.35,650.5,650.35,650.49,2069.0
2025-09-05 10:15:00+00:00,650.47,650.47,650.44,650.45,2200.0
2025-09-05 10:20:00+00:00,650.45,650.56,650.45,650.46,4731.0
2025-09-05 10:25:00+00:00,650.61,650.62,650.52,650.52,4191.0
2025-09-05 10:30:00+00:00,650.5,650.52,650.5,650.52,919.0
2025-09-05 10:35:00+00:00,650.52,650.61,650.52,650.61,7888.0
2025-09-05 10:40:00+00:00,650.59,650.62,650.59,650.61,10135.0
2025-09-05 10:45:00+00:00,650.6,650.6,650.53,650.54,7686.0
2025-09-05 10:50:00+00:00,650.6,650.6,650.55,650.55,3623.0
2025-09-05 10:55:00+00:00,650.55,650.56,650.41,650.41,6808.0
2025-09-05 11:00:00+00:00,650.4,650.56,650.4,650.46,31266.0
2025-09-05 11:05:00+00:00,650.5,650.55,650.48,650.49,7904.0
2025-09-05 11:10:00+00:00,650.52,650.63,650.51,650.63,12925.0
2025-09-05 11:15:00+00:00,650.65,650.65,650.56,650.56,4259.0
2025-09-05 11:20:00+00:00,650.63,650.71,650.62,650.66,4572.0
2025-09-05 11:25:00+00:00,650.69,650.7,650.57,650.57,6766.0
2025-09-05 11:30:00+00:00,650.58,650.58,650.32,650.37,20127.0
2025-09-05 11:35:00+00:00,650.461,650.5,650.39,650.39,5460.0
2025-09-05 11:40:00+00:00,650.33,650.33,650.2,650.26,30623.0
2025-09-05 11:45:00+00:00,650.33,650.37,650.22,650.23,9682.0
2025-09-05 11:50:00+00:00,650.22,650.37,650.2,650.25,10030.0
2025-09-05 11:55:00+00:00,650.19,650.19,649.86,649.86,34188.0
2025-09-05 12:00:00+00:00,650.55,651.1,649.78,650.11,138612.0
2025-09-05 12:05:00+00:00,650.06,650.18,649.78,649.99,25415.0
2025-09-05 12:10:00+00:00,649.89,649.9195,649.78,649.9195,30834.0
2025-09-05 12:15:00+00:00,649.91,650.0799,649.83,649.83,35617.0
2025-09-05 12:20:00+00:00,649.83,649.86,649.59,649.6,80418.0
2025-09-05 12:25:00+00:00,649.56,649.83,649.4896,649.65,99390.0
2025-09-05 12:30:00+00:00,649.585,650.97,648.44,650.79,547325.0
2025-09-05 12:35:00+00:00,650.79,651.3,650.4,650.56,249786.0
2025-09-05 12:40:00+00:00,650.6,650.78,650.0,650.77,187377.0
2025-09-05 12:45:00+00:00,650.79,651.15,650.65,651.12,154624.0
2025-09-05 12:50:00+00:00,651.08,651.57,651.08,651.49,181355.0
2025-09-05 12:55:00+00:00,651.55,651.66,651.26,651.63,47633.0
2025-09-05 13:00:00+00:00,651.63,652.04,651.54,651.9,134929.0
2025-09-05 13:05:00+00:00,651.9,652.15,651.73,651.73,117225.0
2025-09-05 13:10:00+00:00,651.74,651.91,651.64,651.87,69225.0
2025-09-05 13:15:00+00:00,651.83,652.1,651.57,652.08,25508.0
2025-09-05 13:20:00+00:00,652.06,652.06,651.61,651.6804,31653.0
2025-09-05 13:25:00+00:00,651.67,652.1,651.4,651.43,106060.0
2025-09-05 13:30:00+00:00,651.48,652.18,651.39,651.6,2215701.0
2025-09-05 13:35:00+00:00,651.6,651.84,651.34,651.65,1302444.0
2025-09-05 13:40:00+00:00,651.67,652.15,651.545,652.06,1193275.0
2025-09-05 13:45:00+00:00,652.06,652.21,651.13,652.135,1657727.0
2025-09-05 13:50:00+00:00,652.14,652.16,650.86,651.295,1711650.0
2025-09-05 13:55:00+00:00,651.28,651.3,650.54,651.065,1467110.0
2025-09-05 14:00:00+00:00,651.06,651.095,649.825,650.5,1495068.0
2025-09-05 14:05:00+00:00,650.5,650.5,649.64,649.825,1440181.0
2025-09-05 14:10:00+00:00,649.815,649.94,648.94,648.96,1411802.0
2025-09-05 14:15:00+00:00,648.97,649.09,647.48,647.53,1883127.0
2025-09-05 14:20:00+00:00,647.51,648.31,646.67,646.745,2070606.0
2025-09-05 14:25:00+00:00,646.81,647.2292,646.05,646.56,1988329.0
2025-09-05 14:30:00+00:00,646.52,646.66,645.88,646.13,1579669.0
2025-09-05 14:35:00+00:00,646.16,646.2999,645.2,645.355,1411299.0
2025-09-05 14:40:00+00:00,645.35,646.0,644.9,645.19,1489702.0
2025-09-05 14:45:00+00:00,645.23,645.23,644.44,644.7,1269326.0
2025-09-05 14:50:00+00:00,644.7,645.845,644.17,645.83,1823566.0
2025-09-05 14:55:00+00:00,645.83,645.975,644.0896,644.14,1429051.0
2025-09-05 15:00:00+00:00,644.15,644.54,643.74,644.235,1478983.0
2025-09-05 15:05:00+00:00,644.21,644.72,643.81,644.05,864207.0
2025-09-05 15:10:00+00:00,644.02,644.94,643.33,644.87,1172225.0
2025-09-05 15:15:00+00:00,644.87,645.325,644.66,644.96,1023681.0
2025-09-05 15:20:00+00:00,644.96,645.795,644.82,645.7,935750.0
2025-09-05 15:25:00+00:00,645.67,646.28,645.35,646.205,954776.0
2025-09-05 15:30:00+00:00,646.21,646.375,645.6,645.84,917972.0
2025-09-05 15:35:00+00:00,645.85,646.64,645.85,646.26,735985.0
2025-09-05 15:40:00+00:00,646.26,646.9,646.2599,646.75,697023.0
2025-09-05 15:45:00+00:00,646.75,646.75,645.845,646.4,820011.0
2025-09-05 15:50:00+00:00,646.4,646.45,645.66,645.93,1379500.0
2025-09-05 15:55:00+00:00,645.93,646.28,645.34,645.67,914687.0
2025-09-05 16:00:00+00:00,645.68,646.04,645.29,645.72,639472.0
2025-09-05 16:05:00+00:00,645.73,646.13,645.37,646.085,627921.0
2025-09-05 16:10:00+00:00,646.09,646.735,646.0303,646.65,732648.0
2025-09-05 16:15:00+00:00,646.66,646.75,645.9175,646.28,628159.0
2025-09-05 16:20:00+00:00,646.28,646.4399,645.5,646.22,591383.0
2025-09-05 16:25:00+00:00,646.215,646.25,645.63,645.725,533389.0
2025-09-05 16:30:00+00:00,645.74,645.97,645.43,645.5,472919.0
2025-09-05 16:35:00+00:00,645.51,645.73,645.23,645.49,489916.0
2025-09-05 16:40:00+00:00,645.47,646.21,645.42,646.2,553755.0
2025-09-05 16:45:00+00:00,646.15,646.39,645.575,645.6,677422.0
2025-09-05 16:50:00+00:00,645.565,645.985,645.45,645.72,514365.0
2025-09-05 16:55:00+00:00,645.72,646.47,645.56,646.47,485265.0
2025-09-05 17:00:00+00:00,646.47,646.47,645.63,645.6314,461984.0
2025-09-05 17:05:00+00:00,645.64,646.16,645.37,646.16,583863.0
2025-09-05 17:10:00+00:00,646.15,646.37,645.9501,646.235,767616.0
2025-09-05 17:15:00+00:00,646.23,646.51,645.99,646.22,561445.0
2025-09-05 17:20:00+00:00,646.2058,646.55,646.07,646.435,527320.0
2025-09-05 17:25:00+00:00,646.45,646.5058,645.8,645.85,420260.0
2025-09-05 17:30:00+00:00,645.87,646.06,645.66,645.9999,442819.0
2025-09-05 17:35:00+00:00,645.98,646.055,645.35,645.565,449819.0
2025-09-05 17:40:00+00:00,645.58,645.67,644.61,645.235,1014043.0
2025-09-05 17:45:00+00:00,645.235,645.45,644.975,645.07,560094.0
2025-09-05 17:50:00+00:00,645.07,645.31,644.93,645.05,332244.0
2025-09-05 17:55:00+00:00,645.06,645.25,644.76,645.12,516939.0
2025-09-05 18:00:00+00:00,645.15,645.43,644.9,645.035,781660.0
2025-09-05 18:05:00+00:00,645.02,645.34,644.91,645.06,473266.0
2025-09-05 18:10:00+00:00,645.03,645.44,645.0099,645.43,455863.0
2025-09-05 18:15:00+00:00,645.4398,645.96,645.3799,645.89,710889.0
2025-09-05 18:20:00+00:00,645.89,645.9899,645.45,645.475,607603.0
2025-09-05 18:25:00+00:00,645.47,645.77,645.25,645.7099,487481.0
2025-09-05 18:30:00+00:00,645.69,646.3,645.69,645.98,645105.0
2025-09-05 18:35:00+00:00,645.9881,646.22,645.785,645.99,492727.0
2025-09-05 18:40:00+00:00,646.0,646.18,645.86,646.0793,388825.0
2025-09-05 18:45:00+00:00,646.09,646.22,645.92,646.08,325606.0
2025-09-05 18:50:00+00:00,646.075,646.2999,645.89,645.995,428401.0
2025-09-05 18:55:00+00:00,646.01,646.31,645.85,646.31,688369.0
2025-09-05 19:00:00+00:00,646.29,646.29,645.9,646.255,996291.0
2025-09-05 19:05:00+00:00,646.25,646.78,646.25,646.6999,877919.0
2025-09-05 19:10:00+00:00,646.7,646.76,646.59,646.69,533719.0
2025-09-05 19:15:00+00:00,646.7,647.28,646.68,646.915,1114317.0
2025-09-05 19:20:00+00:00,646.915,647.41,646.865,647.26,834765.0
2025-09-05 19:25:00+00:00,647.26,647.37,647.05,647.11,631855.0
2025-09-05 19:30:00+00:00,647.12,647.1799,646.39,646.69,1058012.0
2025-09-05 19:35:00+00:00,646.69,647.18,646.69,646.8299,1035678.0
2025-09-05 19:40:00+00:00,646.83,646.97,646.48,646.68,979316.0
2025-09-05 19:45:00+00:00,646.69,646.98,646.57,646.78,1291902.0
2025-09-05 19:50:00+00:00,646.78,646.9,646.15,646.425,2192265.0
2025-09-05 19:55:00+00:00,646.43,647.27,646.33,647.21,4211328.0
2025-09-05 20:00:00+00:00,647.21,647.26,646.9,647.1,828704.0
2025-09-05 20:05:00+00:00,647.09,647.1,646.84,646.84,131526.0
2025-09-05 20:10:00+00:00,646.84,646.95,646.78,646.92,2657444.0
2025-09-05 20:15:00+00:00,646.9197,646.9197,646.63,646.8,126296.0
2025-09-05 20:20:00+00:00,646.82,647.12,646.82,646.9,112702.0
2025-09-05 20:25:00+00:00,646.88,647.24,646.76,646.83,97349.0
2025-09-05 20:30:00+00:00,646.78,646.79,646.74,646.77,76125.0
2025-09-05 20:35:00+00:00,646.79,646.97,646.75,646.96,64580.0
2025-09-05 20:40:00+00:00,646.93,646.96,646.74,646.81,24233.0
2025-09-05 20:45:00+00:00,646.8,646.89,646.76,646.8402,85169.0
2025-09-05 20:50:00+00:00,646.94,646.98,646.89,646.9,30713.0
2025-09-05 20:55:00+00:00,646.97,647.02,646.95,646.98,11547.0
2025-09-05 21:00:00+00:00,646.93,646.95,646.91,646.94,22136.0
2025-09-05 21:05:00+00:00,646.95,647.0,646.94,646.95,44507.0
2025-09-05 21:10:00+00:00,647.0,647.048,646.93,647.0,11555.0
2025-09-05 21:15:00+00:00,647.0,647.0,646.87,646.87,18658.0
2025-09-05 21:20:00+00:00,646.86,646.95,646.86,646.9406,5148.0
2025-09-05 21:25:00+00:00,646.95,646.98,646.94,646.94,10024.0
2025-09-05 21:30:00+00:00,646.94,646.94,646.6,646.6,23808.0
2025-09-05 21:35:00+00:00,646.7,646.7,646.53,646.69,18172.0
2025-09-05 21:40:00+00:00,646.67,646.8,646.51,646.51,40315.0
2025-09-05 21:45:00+00:00,646.5,646.56,646.29,646.47,21871.0
2025-09-05 21:50:00+00:00,646.49,646.5,646.1997,646.2208,22701.0
2025-09-05 21:55:00+00:00,646.2999,646.2999,646.21,646.23,4054.0
2025-09-05 22:00:00+00:00,646.17,646.17,645.9501,645.96,16983.0
2025-09-05 22:05:00+00:00,645.95,646.27,645.8894,646.02,22860.0
2025-09-05 22:10:00+00:00,646.02,646.1,646.01,646.05,16636.0
2025-09-05 22:15:00+00:00,646.07,646.1,646.05,646.07,16699.0
2025-09-05 22:20:00+00:00,646.1,646.12,646.04,646.12,12438.0
2025-09-05 22:25:00+00:00,646.12,646.12,646.11,646.1197,5133.0
2025-09-05 22:30:00+00:00,646.12,646.12,646.1102,646.1102,1426.0
2025-09-05 22:35:00+00:00,646.12,646.12,646.11,646.12,5828.0
2025-09-05 22:40:00+00:00,646.11,646.11,646.09,646.1,24503.0
2025-09-05 22:45:00+00:00,646.1,646.1,646.07,646.07,21352.0
2025-09-05 22:50:00+00:00,646.09,646.09,646.0118,646.0118,8530.0
2025-09-05 22:55:00+00:00,646.04,646.07,646.04,646.07,2331.0
2025-09-05 23:00:00+00:00,646.06,646.09,646.01,646.01,29923.0
2025-09-05 23:05:00+00:00,646.01,646.02,646.01,646.01,4448.0
2025-09-05 23:10:00+00:00,646.01,646.01,645.93,645.93,22997.0
2025-09-05 23:15:00+00:00,645.93,645.98,645.9001,645.92,8299.0
2025-09-05 23:20:00+00:00,645.92,645.92,645.88,645.88,3702.0
2025-09-05 23:25:00+00:00,645.95,645.96,645.93,645.95,1291.0
2025-09-05 23:35:00+00:00,645.96,646.01,645.94,646.01,5444.0
2025-09-05 23:40:00+00:00,646.0,646.04,646.0,646.03,2869.0
2025-09-05 23:45:00+00:00,646.03,646.0309,645.99,645.99,15224.0
2025-09-05 23:50:00+00:00,645.98,645.98,645.94,645.94,4059.0
2025-09-05 23:55:00+00:00,645.95,646.0,645.93,645.96,7074.0
2025-09-08 08:00:00+00:00,648.25,648.37,647.9,648.37,7392.0
2025-09-08 08:05:00+00:00,648.35,648.4,648.32,648.39,6703.0
2025-09-08 08:10:00+00:00,648.34,648.51,648.34,648.49,5423.0
2025-09-08 08:15:00+00:00,648.45,648.63,648.45,648.57,1136.0
2025-09-08 08:20:00+00:00,648.5,648.5,648.43,648.48,1247.0
2025-09-08 08:25:00+00:00,648.5,648.52,648.49,648.49,996.0
2025-09-08 08:30:00+00:00,648.5,648.56,648.5,648.56,655.0
2025-09-08 08:35:00+00:00,648.56,648.63,648.56,648.63,1587.0
2025-09-08 08:40:00+00:00,648.65,648.66,648.57,648.6,3776.0
2025-09-08 08:45:00+00:00,648.53,648.63,648.53,648.63,689.0
2025-09-08 08:50:00+00:00,648.5,648.5,648.4,648.4,2135.0
2025-09-08 08:55:00+00:00,648.49,648.49,648.49,648.49,137.0
2025-09-08 09:00:00+00:00,648.47,648.47,648.38,648.42,1453.0
2025-09-08 09:05:00+00:00,648.39,648.4,648.3,648.3,1834.0
2025-09-08 09:10:00+00:00,648.3,648.4,648.3,648.38,1984.0
2025-09-08 09:15:00+00:00,648.39,648.4,648.39,648.4,1163.0
2025-09-08 09:20:00+00:00,648.38,648.47,648.38,648.47,611.0
2025-09-08 09:25:00+00:00,648.48,648.51,648.48,648.51,1780.0
2025-09-08 09:30:00+00:00,648.43,648.45,648.43,648.45,1398.0
2025-09-08 09:40:00+00:00,648.38,648.41,648.38,648.41,1447.0
2025-09-08 09:45:00+00:00,648.44,648.44,648.44,648.44,280.0
2025-09-08 09:50:00+00:00,648.59,648.67,648.59,648.67,408.0
2025-09-08 09:55:00+00:00,648.74,648.77,648.74,648.77,1132.0
2025-09-08 10:00:00+00:00,648.71,648.76,648.71,648.75,7759.0
2025-09-08 10:05:00+00:00,648.75,648.75,648.75,648.75,2870.0
2025-09-08 10:10:00+00:00,648.75,648.86,648.74,648.86,2734.0
2025-09-08 10:15:00+00:00,648.8,648.81,648.8,648.81,1075.0
2025-09-08 10:20:00+00:00,648.8,648.9,648.78,648.9,2279.0
2025-09-08 10:25:00+00:00,648.8,648.8,648.77,648.79,2699.0
2025-09-08 10:30:00+00:00,648.75,648.79,648.75,648.77,1046.0
2025-09-08 10:35:00+00:00,648.88,648.96,648.73,648.77,5078.0
2025-09-08 10:40:00+00:00,648.78,648.86,648.78,648.83,3115.0
2025-09-08 10:50:00+00:00,648.77,648.77,648.75,648.75,704.0
2025-09-08 10:55:00+00:00,648.73,648.73,648.7,648.7,951.0
2025-09-08 11:00:00+00:00,648.67,648.71,648.56,648.68,4523.0
2025-09-08 11:05:00+00:00,648.7,648.77,648.65,648.71,25812.0
2025-09-08 11:10:00+00:00,648.68,648.81,648.68,648.81,3224.0
2025-09-08 11:15:00+00:00,648.641,648.641,648.641,648.641,411.0
2025-09-08 11:20:00+00:00,648.64,648.64,648.53,648.54,4460.0
2025-09-08 11:25:00+00:00,648.56,648.71,648.53,648.71,9146.0
2025-09-08 11:30:00+00:00,648.72,648.83,648.63,648.63,11092.0
2025-09-08 11:35:00+00:00,648.65,648.7,648.64,648.64,1703.0
2025-09-08 11:40:00+00:00,648.57,648.62,648.56,648.62,8525.0
2025-09-08 11:45:00+00:00,648.49,648.64,648.39,648.58,13260.0
2025-09-08 11:50:00+00:00,648.52,648.6,648.49,648.56,9944.0
2025-09-08 11:55:00+00:00,648.65,648.65,648.25,648.25,23415.0
2025-09-08 12:00:00+00:00,648.72,648.84,647.61,648.3,58204.0
2025-09-08 12:05:00+00:00,648.21,648.21,648.0,648.17,12564.0
2025-09-08 12:10:00+00:00,648.07,648.08,647.86,647.96,14089.0
2025-09-08 12:15:00+00:00,647.9291,648.099,647.9291,648.01,13068.0
2025-09-08 12:20:00+00:00,648.0399,648.12,647.9596,648.0999,3952.0
2025-09-08 12:25:00+00:00,648.0904,648.2,648.08,648.13,7468.0
2025-09-08 12:30:00+00:00,648.29,648.5,648.29,648.44,8573.0
2025-09-08 12:35:00+00:00,648.4,648.46,648.29,648.39,18574.0
2025-09-08 12:40:00+00:00,648.39,648.41,648.3,648.36,10199.0
2025-09-08 12:45:00+00:00,648.41,648.65,648.32,648.62,19480.0
2025-09-08 12:50:00+00:00,648.64,648.64,648.5,648.57,20885.0
2025-09-08 12:55:00+00:00,648.6,648.73,648.53,648.63,43364.0
2025-09-08 13:00:00+00:00,648.65,648.71,648.54,648.7,20155.0
2025-09-08 13:05:00+00:00,648.7001,648.72,648.56,648.56,57183.0
2025-09-08 13:10:00+00:00,648.53,648.71,648.49,648.6909,15587.0
2025-09-08 13:15:00+00:00,648.69,648.89,648.69,648.82,10914.0
2025-09-08 13:20:00+00:00,648.84,648.96,648.81,648.85,28086.0
2025-09-08 13:25:00+00:00,648.81,649.01,648.5,648.61,82503.0
2025-09-08 13:30:00+00:00,648.62,648.86,648.09,648.66,1919073.0
2025-09-08 13:35:00+00:00,648.64,649.06,648.06,648.1,1331997.0
2025-09-08 13:40:00+00:00,648.09,648.89,648.09,648.65,1116007.0
2025-09-08 13:45:00+00:00,648.64,648.7599,648.0542,648.66,1253762.0
2025-09-08 13:50:00+00:00,648.655,648.81,648.17,648.76,1068312.0
2025-09-08 13:55:00+00:00,648.75,648.965,648.33,648.37,928021.0
2025-09-08 14:00:00+00:00,648.375,648.375,647.93,648.29,960050.0
2025-09-08 14:05:00+00:00,648.295,648.7,648.115,648.43,827471.0
2025-09-08 14:10:00+00:00,648.43,648.629,648.2,648.2,596800.0
2025-09-08 14:15:00+00:00,648.21,648.29,647.75,647.919,784424.0
2025-09-08 14:20:00+00:00,647.91,648.16,647.77,648.015,1078127.0
2025-09-08 14:25:00+00:00,648.01,648.9,648.0,648.77,949786.0
2025-09-08 14:30:00+00:00,648.755,649.15,648.66,648.8,972006.0
2025-09-08 14:35:00+00:00,648.8,649.2701,648.74,649.095,575136.0
2025-09-08 14:40:00+00:00,649.1,649.38,649.01,649.2546,705774.0
2025-09-08 14:45:00+00:00,649.31,649.49,649.205,649.395,552154.0
2025-09-08 14:50:00+00:00,649.34,649.49,649.19,649.49,549777.0
2025-09-08 14:55:00+00:00,649.495,649.765,649.33,649.38,582807.0
2025-09-08 15:00:00+00:00,649.37,649.64,649.34,649.55,614828.0
2025-09-08 15:05:00+00:00,649.55,649.64,649.46,649.5765,520526.0
2025-09-08 15:10:00+00:00,649.58,649.81,649.575,649.66,487417.0
2025-09-08 15:15:00+00:00,649.68,649.68,649.14,649.2,588586.0
2025-09-08 15:20:00+00:00,649.205,649.455,649.15,649.39,484351.0
2025-09-08 15:25:00+00:00,649.385,649.81,649.35,649.8,502293.0
2025-09-08 15:30:00+00:00,649.79,649.84,649.4319,649.47,606484.0
2025-09-08 15:35:00+00:00,649.49,649.58,649.225,649.32,498106.0
2025-09-08 15:40:00+00:00,649.31,649.35,649.16,649.165,462568.0
2025-09-08 15:45:00+00:00,649.16,649.21,648.5,648.855,799445.0
2025-09-08 15:50:00+00:00,648.86,649.23,648.695,649.185,505050.0
2025-09-08 15:55:00+00:00,649.17,649.46,649.17,649.38,467706.0
2025-09-08 16:00:00+00:00,649.38,649.4,648.95,649.12,441424.0
2025-09-08 16:05:00+00:00,649.115,649.175,648.7,648.76,383365.0
2025-09-08 16:10:00+00:00,648.76,648.98,648.725,648.762,437955.0
2025-09-08 16:15:00+00:00,648.75,648.79,648.415,648.58,506161.0
2025-09-08 16:20:00+00:00,648.6,648.685,648.38,648.495,475785.0
2025-09-08 16:25:00+00:00,648.5,648.66,648.4001,648.63,454320.0
2025-09-08 16:30:00+00:00,648.63,648.805,648.15,648.26,531845.0
2025-09-08 16:35:00+00:00,648.25,648.32,647.78,648.15,523697.0
2025-09-08 16:40:00+00:00,648.15,648.5597,648.04,648.36,503720.0
2025-09-08 16:45:00+00:00,648.351,648.36,647.96,648.13,327419.0
2025-09-08 16:50:00+00:00,648.14,648.63,648.125,648.63,380280.0
2025-09-08 16:55:00+00:00,648.625,648.69,648.3,648.56,364649.0
2025-09-08 17:00:00+00:00,648.56,648.61,648.155,648.19,463462.0
2025-09-08 17:05:00+00:00,648.195,648.28,647.99,648.07,353137.0
2025-09-08 17:10:00+00:00,648.06,648.255,648.04,648.04,308157.0
2025-09-08 17:15:00+00:00,648.05,648.47,648.01,648.47,316665.0
2025-09-08 17:20:00+00:00,648.4697,648.7,648.3801,648.68,306927.0
2025-09-08 17:25:00+00:00,648.68,648.76,648.37,648.48,376671.0
2025-09-08 17:30:00+00:00,648.4899,648.68,648.46,648.49,247400.0
2025-09-08 17:35:00+00:00,648.49,648.5531,648.24,648.285,282631.0
2025-09-08 17:40:00+00:00,648.29,648.295,648.07,648.22,291678.0
2025-09-08 17:45:00+00:00,648.225,648.27,647.815,647.8419,340128.0
2025-09-08 17:50:00+00:00,647.85,647.9454,647.23,647.72,586602.0
2025-09-08 17:55:00+00:00,647.72,647.75,647.43,647.59,326915.0
2025-09-08 18:00:00+00:00,647.5999,647.64,647.39,647.46,399823.0
2025-09-08 18:05:00+00:00,647.455,647.73,647.36,647.58,512864.0
2025-09-08 18:10:00+00:00,647.59,648.0,647.56,647.9521,612468.0
2025-09-08 18:15:00+00:00,647.9519,648.308,647.93,648.265,615409.0
2025-09-08 18:20:00+00:00,648.265,648.51,648.0506,648.22,554678.0
2025-09-08 18:25:00+00:00,648.22,648.41,648.08,648.395,329775.0
2025-09-08 18:30:00+00:00,648.39,648.49,648.26,648.348,290985.0
2025-09-08 18:35:00+00:00,648.34,648.43,648.13,648.15,447810.0
2025-09-08 18:40:00+00:00,648.16,648.3,647.91,648.2881,516661.0
2025-09-08 18:45:00+00:00,648.28,648.58,648.24,648.425,435542.0
2025-09-08 18:50:00+00:00,648.43,648.53,648.125,648.25,389617.0
2025-09-08 18:55:00+00:00,648.25,648.3799,648.17,648.235,363832.0
2025-09-08 19:00:00+00:00,648.22,648.2368,648.0,648.1008,670236.0
2025-09-08 19:05:00+00:00,648.11,648.21,647.95,647.95,568508.0
2025-09-08 19:10:00+00:00,647.95,648.0,647.335,647.59,943705.0
2025-09-08 19:15:00+00:00,647.6,647.91,647.4819,647.76,699422.0
2025-09-08 19:20:00+00:00,647.75,647.83,647.421,647.6,548425.0
2025-09-08 19:25:00+00:00,647.595,647.6107,647.43,647.58,511793.0
2025-09-08 19:30:00+00:00,647.58,647.94,647.48,647.48,728517.0
2025-09-08 19:35:00+00:00,647.47,647.93,647.47,647.86,547696.0
2025-09-08 19:40:00+00:00,647.85,648.24,647.821,648.1311,825224.0
2025-09-08 19:45:00+00:00,648.1313,648.57,648.13,648.52,1031354.0
2025-09-08 19:50:00+00:00,648.52,648.53,648.02,648.435,2232122.0
2025-09-08 19:55:00+00:00,648.45,648.88,648.31,648.8,7676388.0
2025-09-08 20:00:00+00:00,648.85,648.87,648.65,648.75,1560950.0
2025-09-08 20:05:00+00:00,648.74,648.99,648.5055,648.98,1326802.0
2025-09-08 20:10:00+00:00,648.98,648.98,648.72,648.91,2589132.0
2025-09-08 20:15:00+00:00,648.9,648.92,648.84,648.88,172231.0
2025-09-08 20:20:00+00:00,648.88,648.9,648.7,648.8,86897.0
2025-09-08 20:25:00+00:00,648.83,648.97,648.83,648.93,65061.0
2025-09-08 20:30:00+00:00,648.93,648.94,648.88,648.89,49226.0
2025-09-08 20:35:00+00:00,648.91,648.91,648.81,648.81,19045.0
2025-09-08 20:40:00+00:00,648.83,648.85,648.77,648.78,52947.0
2025-09-08 20:45:00+00:00,648.78,648.85,648.78,648.8004,63324.0
2025-09-08 20:50:00+00:00,648.77,648.83,648.77,648.78,8237.0
2025-09-08 20:55:00+00:00,648.77,648.8408,648.75,648.82,27317.0
2025-09-08 21:00:00+00:00,648.77,648.79,648.73,648.75,272656.0
2025-09-08 21:05:00+00:00,648.79,648.84,648.79,648.84,457.0
2025-09-08 21:10:00+00:00,648.81,648.84,648.81,648.82,23464.0
2025-09-08 21:15:00+00:00,648.88,648.88,648.84,648.86,1530.0
2025-09-08 21:20:00+00:00,648.8436,648.87,648.8436,648.85,820.0
2025-09-08 21:25:00+00:00,648.84,648.9,648.84,648.9,7214.0
2025-09-08 21:30:00+00:00,648.91,648.92,648.9,648.9,3911.0
2025-09-08 21:35:00+00:00,648.91,648.91,648.91,648.91,336.0
2025-09-08 21:40:00+00:00,648.9,649.04,648.9,649.0,16420.0
2025-09-08 21:45:00+00:00,649.01,649.02,648.99,649.0,18413.0
2025-09-08 21:50:00+00:00,649.01,649.02,649.0,649.0,4501.0
2025-09-08 21:55:00+00:00,649.019,649.019,649.0,649.0,4887.0
2025-09-08 22:00:00+00:00,648.94,649.17,648.88,649.1,20903.0
2025-09-08 22:05:00+00:00,649.1,649.2,649.05,649.13,7182.0
2025-09-08 22:10:00+00:00,649.05,649.1601,649.03,649.1601,1971.0
2025-09-08 22:15:00+00:00,649.17,649.17,649.05,649.17,3363.0
2025-09-08 22:20:00+00:00,649.22,649.28,649.2,649.28,2970.0
2025-09-08 22:25:00+00:00,649.3,649.3299,649.26,649.3,3048.0
2025-09-08 22:30:00+00:00,649.2,649.33,649.19,649.32,6870.0
2025-09-08 22:35:00+00:00,649.35,649.4,649.31,649.31,4677.0
2025-09-08 22:40:00+00:00,649.3136,649.3136,649.3136,649.3136,395.0
2025-09-08 22:45:00+00:00,649.37,649.46,649.37,649.46,8773.0
2025-09-08 22:50:00+00:00,649.47,649.47,649.42,649.42,1784.0
2025-09-08 22:55:00+00:00,649.4,649.45,649.4,649.45,2705.0
2025-09-08 23:00:00+00:00,649.45,649.55,649.45,649.55,3167.0
2025-09-08 23:05:00+00:00,649.4606,649.4606,649.42,649.42,2553.0
2025-09-08 23:10:00+00:00,649.41,649.49,649.41,649.49,1254.0
2025-09-08 23:15:00+00:00,649.4298,649.46,649.42,649.42,800.0
2025-09-08 23:20:00+00:00,649.43,649.43,649.32,649.32,2591.0
2025-09-08 23:25:00+00:00,649.31,649.35,649.29,649.33,6060.0
2025-09-08 23:30:00+00:00,649.36,649.36,649.3,649.3,740.0
2025-09-08 23:35:00+00:00,649.32,649.32,649.32,649.32,252.0
2025-09-08 23:40:00+00:00,649.2,649.2,649.1091,649.1091,4028.0
2025-09-08 23:45:00+00:00,649.11,649.21,649.11,649.21,3242.0
2025-09-08 23:50:00+00:00,649.1701,649.19,649.1501,649.19,1005.0
2025-09-08 23:55:00+00:00,649.2,649.26,649.15,649.15,8661.0
2025-09-09 08:00:00+00:00,649.75,649.79,649.71,649.79,1626.0
2025-09-09 08:05:00+00:00,649.71,649.71,649.57,649.57,2789.0
2025-09-09 08:10:00+00:00,649.53,649.72,649.53,649.72,2323.0
2025-09-09 08:15:00+00:00,649.67,649.67,649.43,649.56,7641.0
2025-09-09 08:20:00+00:00,649.64,649.8,649.64,649.79,3004.0
2025-09-09 08:25:00+00:00,649.86,649.86,649.72,649.72,1041.0
2025-09-09 08:30:00+00:00,649.71,649.71,649.71,649.71,363.0
2025-09-09 08:35:00+00:00,649.6,649.6,649.42,649.42,1652.0
2025-09-09 08:40:00+00:00,649.6,649.63,649.59,649.63,1212.0
2025-09-09 08:45:00+00:00,649.37,649.37,649.37,649.37,211.0
2025-09-09 08:50:00+00:00,649.49,649.49,649.49,649.49,224.0
2025-09-09 08:55:00+00:00,649.4,649.46,649.4,649.46,820.0
2025-09-09 09:00:00+00:00,649.62,649.62,649.62,649.62,509.0
2025-09-09 09:05:00+00:00,649.58,649.58,649.41,649.41,707.0
2025-09-09 09:10:00+00:00,649.67,649.7,649.67,649.7,730.0
2025-09-09 09:15:00+00:00,649.72,650.1,649.66,649.72,7660.0
2025-09-09 09:20:00+00:00,649.66,649.66,649.66,649.66,480.0
2025-09-09 09:30:00+00:00,649.62,649.65,649.62,649.65,1565.0
2025-09-09 09:35:00+00:00,649.61,649.66,649.61,649.63,852.0
2025-09-09 09:40:00+00:00,649.64,649.64,649.53,649.54,52708.0
2025-09-09 09:45:00+00:00,649.49,649.59,649.49,649.59,1099.0
2025-09-09 09:50:00+00:00,649.5,649.5,649.44,649.44,1063.0
2025-09-09 09:55:00+00:00,649.4,649.47,649.37,649.47,1267.0
2025-09-09 10:05:00+00:00,649.56,649.62,649.56,649.62,271.0
2025-09-09 10:20:00+00:00,649.57,649.57,649.55,649.56,542.0
2025-09-09 10:30:00+00:00,649.4,649.43,649.38,649.43,867.0
2025-09-09 10:35:00+00:00,649.51,649.58,649.51,649.58,992.0
2025-09-09 10:45:00+00:00,649.61,649.61,649.41,649.44,10139.0
2025-09-09 10:50:00+00:00,649.38,649.38,649.26,649.28,2268.0
2025-09-09 10:55:00+00:00,649.26,649.43,649.26,649.43,2102.0
2025-09-09 11:00:00+00:00,649.45,649.46,649.26,649.31,1920.0
2025-09-09 11:05:00+00:00,649.35,649.45,649.35,649.45,1892.0
2025-09-09 11:10:00+00:00,649.39,649.41,649.26,649.31,1661.0
2025-09-09 11:15:00+00:00,649.2,649.2,649.0,649.0,1912.0
2025-09-09 11:20:00+00:00,649.02,649.1,648.97,649.1,4398.0
2025-09-09 11:25:00+00:00,649.12,649.19,649.12,649.13,596.0
2025-09-09 11:30:00+00:00,649.34,649.34,649.34,649.34,470.0
2025-09-09 11:35:00+00:00,649.3,649.35,649.27,649.3,2107.0
2025-09-09 11:40:00+00:00,649.35,649.35,649.35,649.35,2986.0
2025-09-09 11:45:00+00:00,649.35,649.61,649.35,649.61,19429.0
2025-09-09 11:50:00+00:00,649.57,649.6,649.55,649.6,50387.0
2025-09-09 11:55:00+00:00,649.65,649.66,649.56,649.61,27281.0
2025-09-09 12:00:00+00:00,649.33,650.53,649.12,649.61,57979.0
2025-09-09 12:05:00+00:00,649.61,649.61,649.55,649.55,1160.0
2025-09-09 12:10:00+00:00,649.54,649.6708,649.54,649.6708,5875.0
2025-09-09 12:15:00+00:00,649.63,649.72,649.59,649.59,2587.0
2025-09-09 12:20:00+00:00,649.69,649.7,649.51,649.51,5291.0
2025-09-09 12:25:00+00:00,649.5,649.6,649.42,649.6,8462.0
2025-09-09 12:30:00+00:00,649.58,649.6,649.33,649.39,8305.0
2025-09-09 12:35:00+00:00,649.55,649.58,649.42,649.42,2294.0
2025-09-09 12:40:00+00:00,649.57,649.58,649.41,649.57,9294.0
2025-09-09 12:45:00+00:00,649.5,649.5,649.37,649.37,5350.0
2025-09-09 12:50:00+00:00,649.35,649.42,649.3,649.42,4496.0
2025-09-09 12:55:00+00:00,649.44,649.45,649.37,649.42,2988.0
2025-09-09 13:00:00+00:00,649.39,649.39,648.46,648.61,121231.0
2025-09-09 13:05:00+00:00,648.63,649.16,648.45,649.16,148107.0
2025-09-09 13:10:00+00:00,649.1,649.11,648.87,648.96,126327.0
2025-09-09 13:15:00+00:00,648.96,649.01,648.77,648.77,13870.0
2025-09-09 13:20:00+00:00,648.8,648.92,648.65,648.82,11256.0
2025-09-09 13:25:00+00:00,648.74,649.1,648.74,648.96,46381.0
2025-09-09 13:30:00+00:00,648.97,649.37,648.75,649.175,1482111.0
2025-09-09 13:35:00+00:00,649.17,649.495,649.05,649.19,759532.0
2025-09-09 13:40:00+00:00,649.18,649.28,648.89,649.28,692188.0
2025-09-09 13:45:00+00:00,649.28,649.29,648.9,649.075,712348.0
2025-09-09 13:50:00+00:00,649.08,649.13,648.63,648.66,740194.0
2025-09-09 13:55:00+00:00,648.66,649.17,648.54,649.02,985599.0
2025-09-09 14:00:00+00:00,649.02,649.51,648.43,648.76,1750020.0
2025-09-09 14:05:00+00:00,648.77,649.22,648.62,649.19,901564.0
2025-09-09 14:10:00+00:00,649.195,649.73,649.13,649.37,896633.0
2025-09-09 14:15:00+00:00,649.37,649.45,648.76,648.9292,743921.0
2025-09-09 14:20:00+00:00,648.95,649.055,648.7994,648.91,551341.0
2025-09-09 14:25:00+00:00,648.91,648.99,648.53,648.755,745794.0
2025-09-09 14:30:00+00:00,648.74,648.8051,647.6,647.62,1166473.0
2025-09-09 14:35:00+00:00,647.62,647.85,647.26,647.66,1413629.0
2025-09-09 14:40:00+00:00,647.67,647.79,647.22,647.69,987684.0
2025-09-09 14:45:00+00:00,647.69,648.125,647.6,647.97,791845.0
2025-09-09 14:50:00+00:00,647.97,648.425,647.66,648.425,694210.0
2025-09-09 14:55:00+00:00,648.42,648.64,648.2,648.325,654877.0
2025-09-09 15:00:00+00:00,648.325,648.66,648.11,648.17,749412.0
2025-09-09 15:05:00+00:00,648.16,648.345,647.79,648.25,551875.0
2025-09-09 15:10:00+00:00,648.25,648.44,648.1,648.37,370246.0
2025-09-09 15:15:00+00:00,648.375,648.595,648.36,648.47,531532.0
2025-09-09 15:20:00+00:00,648.46,648.61,648.38,648.47,391102.0
2025-09-09 15:25:00+00:00,648.5082,648.835,648.48,648.77,653407.0
2025-09-09 15:30:00+00:00,648.76,648.825,648.54,648.61,472149.0
2025-09-09 15:35:00+00:00,648.63,648.77,648.48,648.5,353819.0
2025-09-09 15:40:00+00:00,648.5,648.53,648.05,648.1,596393.0
2025-09-09 15:45:00+00:00,648.12,648.33,648.04,648.06,389307.0
2025-09-09 15:50:00+00:00,648.06,648.795,648.06,648.75,558934.0
2025-09-09 15:55:00+00:00,648.76,648.81,648.23,648.265,497180.0
2025-09-09 16:00:00+00:00,648.26,648.49,648.17,648.46,480810.0
2025-09-09 16:05:00+00:00,648.45,648.68,648.295,648.66,413800.0
2025-09-09 16:10:00+00:00,648.65,648.8899,648.6497,648.815,434430.0
2025-09-09 16:15:00+00:00,648.805,649.06,648.67,648.69,579299.0
2025-09-09 16:20:00+00:00,648.7,648.72,648.3,648.665,511186.0
2025-09-09 16:25:00+00:00,648.64,648.94,648.6301,648.86,475357.0
2025-09-09 16:30:00+00:00,648.855,648.955,648.765,648.945,282127.0
2025-09-09 16:35:00+00:00,648.9401,649.01,648.84,648.9901,261498.0
2025-09-09 16:40:00+00:00,648.995,649.11,648.86,648.96,435031.0
2025-09-09 16:45:00+00:00,648.948,649.165,648.85,649.06,348837.0
2025-09-09 16:50:00+00:00,649.0501,649.11,648.84,648.953,406344.0
2025-09-09 16:55:00+00:00,648.95,649.21,648.95,649.04,571290.0
2025-09-09 17:00:00+00:00,649.05,649.42,649.02,649.38,617154.0
2025-09-09 17:05:00+00:00,649.37,649.41,649.24,649.37,404447.0
2025-09-09 17:10:00+00:00,649.38,649.72,649.34,649.36,725983.0
2025-09-09 17:15:00+00:00,649.36,649.585,649.27,649.295,524222.0
2025-09-09 17:20:00+00:00,649.29,649.65,649.25,649.6358,355524.0
2025-09-09 17:25:00+00:00,649.625,649.8,649.56,649.565,655456.0
2025-09-09 17:30:00+00:00,649.565,649.6899,649.485,649.57,386259.0
2025-09-09 17:35:00+00:00,649.55,649.75,649.48,649.71,805449.0
2025-09-09 17:40:00+00:00,649.71,649.72,649.49,649.67,326369.0
2025-09-09 17:45:00+00:00,649.65,649.89,649.63,649.755,444413.0
2025-09-09 17:50:00+00:00,649.755,649.86,649.695,649.82,349931.0
2025-09-09 17:55:00+00:00,649.82,649.98,649.74,649.795,434487.0
2025-09-09 18:00:00+00:00,649.8,649.94,649.775,649.88,269231.0
2025-09-09 18:05:00+00:00,649.88,649.99,649.87,649.96,317429.0
2025-09-09 18:10:00+00:00,649.96,649.99,649.57,649.84,622810.0
2025-09-09 18:15:00+00:00,649.83,649.9698,649.71,649.8099,467688.0
2025-09-09 18:20:00+00:00,649.81,649.99,649.77,649.95,310270.0
2025-09-09 18:25:00+00:00,649.95,649.955,649.77,649.83,344615.0
2025-09-09 18:30:00+00:00,649.84,649.95,649.71,649.72,773255.0
2025-09-09 18:35:00+00:00,649.71,649.79,649.615,649.71,386989.0
2025-09-09 18:40:00+00:00,649.71,649.87,649.6605,649.695,397305.0
2025-09-09 18:45:00+00:00,649.705,650.1,649.7,650.055,547378.0
2025-09-09 18:50:00+00:00,650.0407,650.065,649.92,649.95,301777.0
2025-09-09 18:55:00+00:00,649.9503,649.99,649.82,649.86,496398.0
2025-09-09 19:00:00+00:00,649.86,649.94,649.76,649.9,560588.0
2025-09-09 19:05:00+00:00,649.89,649.91,649.72,649.74,347932.0
2025-09-09 19:10:00+00:00,649.74,649.7442,649.55,649.565,412433.0
2025-09-09 19:15:00+00:00,649.56,649.87,649.56,649.81,556821.0
2025-09-09 19:20:00+00:00,649.82,649.98,649.81,649.925,506826.0
2025-09-09 19:25:00+00:00,649.92,650.14,649.92,650.065,574972.0
2025-09-09 19:30:00+00:00,650.065,650.125,649.96,650.0799,507215.0
2025-09-09 19:35:00+00:00,650.07,650.1299,649.87,649.94,595543.0
2025-09-09 19:40:00+00:00,649.94,649.9499,649.695,649.94,814517.0
2025-09-09 19:45:00+00:00,649.93,650.0799,649.89,649.974155,950335.0
2025-09-09 19:50:00+00:00,649.985,650.44,649.985,650.39,1681451.0
2025-09-09 19:55:00+00:00,650.4,650.86,650.22,650.33,4375494.0
2025-09-09 20:00:00+00:00,650.33,650.39,650.0,650.14,506429.0
2025-09-09 20:05:00+00:00,650.17,650.69,649.91,650.6,645808.0
2025-09-09 20:10:00+00:00,650.58,651.06,650.55,651.01,3774574.0
2025-09-09 20:15:00+00:00,651.0,651.31,650.2591,651.29,7169290.0
2025-09-09 20:20:00+00:00,651.3099,651.41,651.0,651.245,205848.0
2025-09-09 20:25:00+00:00,651.23,651.44,651.1404,651.36,128930.0
2025-09-09 20:30:00+00:00,651.36,651.5,651.3001,651.48,65846.0
2025-09-09 20:35:00+00:00,651.49,651.66,651.4891,651.6,73107.0
2025-09-09 20:40:00+00:00,651.58,651.8,651.5,651.7,113569.0
2025-09-09 20:45:00+00:00,651.73,651.8193,651.54,651.66,43279.0
2025-09-09 20:50:00+00:00,651.68,651.68,651.28,651.29,66422.0
2025-09-09 20:55:00+00:00,651.27,651.32,651.21,651.32,52989.0
2025-09-09 21:00:00+00:00,651.56,651.82,651.34,651.7,24360.0
2025-09-09 21:05:00+00:00,651.6,651.81,651.58,651.7865,24798.0
2025-09-09 21:10:00+00:00,651.78,651.7899,651.63,651.7018,8358.0
2025-09-09 21:15:00+00:00,651.7217,651.8,651.72,651.72,6341.0
2025-09-09 21:20:00+00:00,651.73,651.73,651.61,651.68,6330.0
2025-09-09 21:25:00+00:00,651.7,651.71,651.381,651.381,62410.0
2025-09-09 21:30:00+00:00,651.4,651.56,651.36,651.47,7733.0
2025-09-09 21:35:00+00:00,651.46,651.55,651.44,651.55,5931.0
2025-09-09 21:40:00+00:00,651.6,651.8,651.6,651.8,23800.0
2025-09-09 21:45:00+00:00,651.82,651.84,651.61,651.72,20381.0
2025-09-09 21:50:00+00:00,651.63,651.74,651.61,651.65,14682.0
2025-09-09 21:55:00+00:00,651.64,651.71,651.6,651.7,12820.0
2025-09-09 22:00:00+00:00,651.64,651.64,651.4,651.4799,49964.0
2025-09-09 22:05:00+00:00,651.4,651.78,651.37,651.6701,9115.0
2025-09-09 22:10:00+00:00,651.77,651.9,651.77,651.86,9458.0
2025-09-09 22:15:00+00:00,651.8,651.85,651.711,651.711,2628.0
2025-09-09 22:20:00+00:00,651.7098,651.7098,651.61,651.61,11267.0
2025-09-09 22:25:00+00:00,651.62,651.68,651.61,651.61,4974.0
2025-09-09 22:30:00+00:00,651.71,651.79,651.68,651.78,1644.0
2025-09-09 22:35:00+00:00,651.76,651.76,651.65,651.68,2670.0
2025-09-09 22:40:00+00:00,651.7283,651.7283,651.69,651.69,1112.0
2025-09-09 22:45:00+00:00,651.6283,651.71,651.61,651.67,3525.0
2025-09-09 22:50:00+00:00,651.67,651.7,651.59,651.62,27970.0
2025-09-09 22:55:00+00:00,651.61,651.67,651.61,651.6694,2267.0
2025-09-09 23:00:00+00:00,651.57,651.58,651.3,651.31,11496.0
2025-09-09 23:05:00+00:00,651.32,651.3984,651.27,651.36,7072.0
2025-09-09 23:10:00+00:00,651.43,651.45,651.4004,651.43,2030.0
2025-09-09 23:15:00+00:00,651.41,651.451,651.3,651.31,2651.0
2025-09-09 23:20:00+00:00,651.25,651.25,650.8,651.12,44891.0
2025-09-09 23:25:00+00:00,651.13,651.27,650.9,650.98,44169.0
2025-09-09 23:30:00+00:00,650.96,651.04,650.91,650.92,7372.0
2025-09-09 23:35:00+00:00,650.9,651.02,650.9,651.0,15196.0
2025-09-09 23:40:00+00:00,651.05,651.17,651.05,651.17,4701.0
2025-09-09 23:45:00+00:00,651.24,651.3,651.18,651.18,6962.0
2025-09-09 23:55:00+00:00,651.17,651.17,651.07,651.09,3887.0
2025-09-10 08:00:00+00:00,652.12,652.44,651.67,652.37,10725.0
2025-09-10 08:05:00+00:00,652.34,652.34,652.2,652.2,6303.0
2025-09-10 08:10:00+00:00,652.18,652.38,652.18,652.38,2044.0
2025-09-10 08:15:00+00:00,652.4,652.4,652.26,652.26,3306.0
2025-09-10 08:20:00+00:00,652.2,652.2,652.0,652.05,2154.0
2025-09-10 08:25:00+00:00,652.1,652.14,652.02,652.02,3806.0
2025-09-10 08:30:00+00:00,651.75,651.75,651.58,651.63,2242.0
2025-09-10 08:35:00+00:00,651.55,651.65,651.45,651.63,3335.0
2025-09-10 08:40:00+00:00,651.61,651.66,651.55,651.55,7804.0
2025-09-10 08:45:00+00:00,651.52,651.69,651.52,651.69,2209.0
2025-09-10 08:50:00+00:00,651.62,651.62,651.62,651.62,308.0
2025-09-10 08:55:00+00:00,651.59,651.63,651.59,651.63,561.0
2025-09-10 09:00:00+00:00,651.73,651.73,651.37,651.38,7875.0
2025-09-10 09:05:00+00:00,651.42,651.43,651.34,651.43,2610.0
2025-09-10 09:10:00+00:00,651.37,651.46,651.37,651.46,466.0
2025-09-10 09:15:00+00:00,651.36,651.37,651.36,651.37,322.0
2025-09-10 09:25:00+00:00,651.53,651.53,651.49,651.5,935.0
2025-09-10 09:30:00+00:00,651.42,651.47,651.42,651.47,394.0
2025-09-10 09:35:00+00:00,651.48,651.48,651.48,651.48,794.0
2025-09-10 09:40:00+00:00,651.52,651.7,651.52,651.7,3514.0
2025-09-10 09:45:00+00:00,651.73,651.78,651.73,651.78,861.0
2025-09-10 09:50:00+00:00,651.84,651.92,651.84,651.85,1304.0
2025-09-10 09:55:00+00:00,651.83,651.92,651.83,651.9,2712.0
2025-09-10 10:00:00+00:00,651.89,651.89,651.84,651.84,689.0
2025-09-10 10:05:00+00:00,651.86,651.86,651.83,651.84,1719.0
2025-09-10 10:10:00+00:00,651.92,651.97,651.92,651.95,1611.0
2025-09-10 10:15:00+00:00,651.87,651.87,651.85,651.85,639.0
2025-09-10 10:20:00+00:00,651.95,651.96,651.93,651.93,4980.0
2025-09-10 10:25:00+00:00,652.05,652.13,652.05,652.1,4326.0
2025-09-10 10:30:00+00:00,652.05,652.1,652.05,652.1,1834.0
2025-09-10 10:35:00+00:00,652.04,652.25,652.04,652.18,4487.0
2025-09-10 10:40:00+00:00,652.18,652.28,652.18,652.25,1510.0
2025-09-10 10:45:00+00:00,652.25,652.25,652.19,652.19,781.0
2025-09-10 10:50:00+00:00,652.2,652.26,652.2,652.25,8066.0
2025-09-10 10:55:00+00:00,652.24,652.25,652.21,652.25,8019.0
2025-09-10 11:00:00+00:00,652.28,652.37,652.27,652.35,9330.0
2025-09-10 11:05:00+00:00,652.35,652.42,652.3,652.42,20987.0
2025-09-10 11:10:00+00:00,652.42,652.5,652.37,652.49,24309.0
2025-09-10 11:15:00+00:00,652.5,652.54,652.48,652.48,3169.0
2025-09-10 11:20:00+00:00,652.53,652.65,652.37,652.43,14889.0
2025-09-10 11:25:00+00:00,652.38,652.46,652.35,652.4,8223.0
2025-09-10 11:30:00+00:00,652.46,652.5,652.39,652.39,35210.0
2025-09-10 11:35:00+00:00,652.5,652.64,652.48,652.6,24188.0
2025-09-10 11:40:00+00:00,652.59,652.8,652.58,652.8,21226.0
2025-09-10 11:45:00+00:00,652.77,652.84,652.77,652.79,4565.0
2025-09-10 11:50:00+00:00,652.73,652.73,652.65,652.65,5493.0
2025-09-10 11:55:00+00:00,652.74,652.74,652.621,652.621,4977.0
2025-09-10 12:00:00+00:00,652.28,652.89,651.48,652.89,89668.0
2025-09-10 12:05:00+00:00,652.87,652.98,652.7,652.75,13440.0
2025-09-10 12:10:00+00:00,652.75,652.76,652.53,652.54,15910.0
2025-09-10 12:15:00+00:00,652.54,652.57,652.46,652.57,16358.0
2025-09-10 12:20:00+00:00,652.55,652.55,652.36,652.36,16193.0
2025-09-10 12:25:00+00:00,652.37,652.5,652.2815,652.47,14473.0
2025-09-10 12:30:00+00:00,652.42,654.8,652.32,654.13,557711.0
2025-09-10 12:35:00+00:00,654.16,654.1999,653.61,653.74,87779.0
2025-09-10 12:40:00+00:00,653.77,653.9,653.5873,653.9,135982.0
2025-09-10 12:45:00+00:00,653.96,653.96,653.59,653.69,41509.0
2025-09-10 12:50:00+00:00,653.63,653.73,653.52,653.68,37980.0
2025-09-10 12:55:00+00:00,653.68,653.85,653.68,653.81,20408.0
2025-09-10 13:00:00+00:00,653.76,653.8,653.42,653.61,17304.0
2025-09-10 13:05:00+00:00,653.54,653.63,653.4791,653.63,10363.0
2025-09-10 13:10:00+00:00,653.65,653.92,653.58,653.85,24988.0
2025-09-10 13:15:00+00:00,653.87,654.12,653.87,654.05,54926.0
2025-09-10 13:20:00+00:00,654.1,654.2,653.97,653.99,33038.0
2025-09-10 13:25:00+00:00,653.99,654.08,653.58,653.66,191375.0
2025-09-10 13:30:00+00:00,653.62,653.63,652.68,653.32,2595892.0
2025-09-10 13:35:00+00:00,653.31,653.7299,653.06,653.22,1738164.0
2025-09-10 13:40:00+00:00,653.22,653.605,652.99,653.34,1218952.0
2025-09-10 13:45:00+00:00,653.34,653.85,653.03,653.74,1280721.0
2025-09-10 13:50:00+00:00,653.74,653.885,652.75,653.14,1610146.0
2025-09-10 13:55:00+00:00,653.14,653.61,652.97,653.5971,909784.0
2025-09-10 14:00:00+00:00,653.59,654.19,653.48,654.13,1199348.0
2025-09-10 14:05:00+00:00,654.14,654.5,654.03,654.23,1257226.0
2025-09-10 14:10:00+00:00,654.25,654.45,654.1,654.36,863355.0
2025-09-10 14:15:00+00:00,654.38,654.55,653.97,654.405,930543.0
2025-09-10 14:20:00+00:00,654.4,654.53,654.25,654.48,904571.0
2025-09-10 14:25:00+00:00,654.48,654.48,653.91,653.94,625898.0
2025-09-10 14:30:00+00:00,653.91,654.03,653.585,653.6449,1040202.0
2025-09-10 14:35:00+00:00,653.63,653.93,653.405,653.67,919765.0
2025-09-10 14:40:00+00:00,653.66,653.93,653.47,653.815,793545.0
2025-09-10 14:45:00+00:00,653.81,653.97,653.6,653.66,738607.0
2025-09-10 14:50:00+00:00,653.67,653.765,653.305,653.46,669664.0
2025-09-10 14:55:00+00:00,653.46,653.71,653.37,653.42,700735.0
2025-09-10 15:00:00+00:00,653.42,653.615,653.17,653.36,766150.0
2025-09-10 15:05:00+00:00,653.3687,653.38,652.91,653.09,955756.0
2025-09-10 15:10:00+00:00,653.09,653.3,653.0142,653.11,4001893.0
2025-09-10 15:15:00+00:00,653.088,653.11,652.485,652.56,1024073.0
2025-09-10 15:20:00+00:00,652.55,652.72,652.46,652.6311,864209.0
2025-09-10 15:25:00+00:00,652.64,652.97,652.52,652.82,839248.0
2025-09-10 15:30:00+00:00,652.83,652.9191,652.3401,652.58,652550.0
2025-09-10 15:35:00+00:00,652.59,653.175,652.49,653.07,1250039.0
2025-09-10 15:40:00+00:00,653.06,653.385,652.98,653.3375,693314.0
2025-09-10 15:45:00+00:00,653.35,653.45,653.2303,653.44,612012.0
2025-09-10 15:50:00+00:00,653.44,653.63,653.41,653.62,430100.0
2025-09-10 15:55:00+00:00,653.62,653.62,653.3012,653.305,451606.0
2025-09-10 16:00:00+00:00,653.31,653.375,653.1,653.15,511595.0
2025-09-10 16:05:00+00:00,653.155,653.3,653.03,653.19,318060.0
2025-09-10 16:10:00+00:00,653.19,653.36,653.15,653.21,351999.0
2025-09-10 16:15:00+00:00,653.21,653.41,653.03,653.04,353763.0
2025-09-10 16:20:00+00:00,653.04,653.102,652.62,652.88,469594.0
2025-09-10 16:25:00+00:00,652.88,652.97,652.635,652.635,456593.0
2025-09-10 16:30:00+00:00,652.64,652.84,652.56,652.715,339240.0
2025-09-10 16:35:00+00:00,652.7,652.71,652.42,652.46,593657.0
2025-09-10 16:40:00+00:00,652.47,652.53,652.22,652.24,492374.0
2025-09-10 16:45:00+00:00,652.25,652.535,652.16,652.345,524411.0
2025-09-10 16:50:00+00:00,652.35,652.785,652.3,652.71,384143.0
2025-09-10 16:55:00+00:00,652.725,653.03,652.725,652.94,373215.0
2025-09-10 17:00:00+00:00,652.94,653.43,652.77,653.38,507276.0
2025-09-10 17:05:00+00:00,653.38,653.46,653.15,653.2707,342068.0
2025-09-10 17:10:00+00:00,653.28,653.301,653.105,653.1449,311845.0
2025-09-10 17:15:00+00:00,653.15,653.22,652.815,652.845,342783.0
2025-09-10 17:20:00+00:00,652.85,653.0,652.47,652.64,383201.0
2025-09-10 17:25:00+00:00,652.64,652.645,652.11,652.29,678418.0
2025-09-10 17:30:00+00:00,652.29,652.58,652.1,652.55,482495.0
2025-09-10 17:35:00+00:00,652.54,652.72,652.31,652.42,528697.0
2025-09-10 17:40:00+00:00,652.415,652.66,652.335,652.495,541108.0
2025-09-10 17:45:00+00:00,652.48,652.52,652.24,652.33,350601.0
2025-09-10 17:50:00+00:00,652.33,652.48,651.97,652.17,409199.0
2025-09-10 17:55:00+00:00,652.16,652.39,651.94,652.345,772088.0
2025-09-10 18:00:00+00:00,652.34,652.41,652.18,652.29,462362.0
2025-09-10 18:05:00+00:00,652.285,652.29,652.06,652.06,366935.0
2025-09-10 18:10:00+00:00,652.07,652.169,651.87,652.11,583832.0
2025-09-10 18:15:00+00:00,652.1,652.1,651.555,651.64,650447.0
2025-09-10 18:20:00+00:00,651.65,651.89,651.53,651.71,780666.0
2025-09-10 18:25:00+00:00,651.72,651.825,651.4,651.69,957567.0
2025-09-10 18:30:00+00:00,651.69,652.1258,651.625,652.12,820503.0
2025-09-10 18:35:00+00:00,652.115,652.13,651.6593,651.76,622025.0
2025-09-10 18:40:00+00:00,651.79,652.04,651.77,651.835,560722.0
2025-09-10 18:45:00+00:00,651.84,651.98,651.46,651.6,629902.0
2025-09-10 18:50:00+00:00,651.5993,651.63,651.39,651.575,466016.0
2025-09-10 18:55:00+00:00,651.58,652.12,651.56,651.995,729918.0
2025-09-10 19:00:00+00:00,651.995,652.1399,651.53,651.58,618534.0
2025-09-10 19:05:00+00:00,651.58,651.75,651.15,651.22,715456.0
2025-09-10 19:10:00+00:00,651.22,651.33,650.85,650.87,970455.0
2025-09-10 19:15:00+00:00,650.88,651.33,650.845,651.3282,1054136.0
2025-09-10 19:20:00+00:00,651.32,651.32,650.63,650.95,1027040.0
2025-09-10 19:25:00+00:00,650.95,651.07,650.76,650.84,903914.0
2025-09-10 19:30:00+00:00,650.86,651.48,650.84,651.2545,1025735.0
2025-09-10 19:35:00+00:00,651.26,651.49,650.81,650.82,836851.0
2025-09-10 19:40:00+00:00,650.83,651.83,650.69,651.83,1037853.0
2025-09-10 19:45:00+00:00,651.83,651.97,651.61,651.85,1480227.0
2025-09-10 19:50:00+00:00,651.86,652.4,651.86,652.2,2379941.0
2025-09-10 19:55:00+00:00,652.2,652.7,652.18,652.225,4146359.0
2025-09-10 20:00:00+00:00,652.22,652.44,652.09,652.24,505041.0
2025-09-10 20:05:00+00:00,652.24,652.29,652.03,652.15,142346.0
2025-09-10 20:10:00+00:00,652.14,652.16,652.03,652.09,5997553.0
2025-09-10 20:15:00+00:00,652.08,652.13,651.97,652.02,118046.0
2025-09-10 20:20:00+00:00,652.04,652.05,651.96,652.01,48123.0
2025-09-10 20:25:00+00:00,652.05,652.2,652.04,652.19,178343.0
2025-09-10 20:30:00+00:00,652.15,652.21,652.13,652.1601,29601.0
2025-09-10 20:35:00+00:00,652.17,652.26,652.17,652.21,12639.0
2025-09-10 20:40:00+00:00,652.23,652.24,652.09,652.15,33753.0
2025-09-10 20:45:00+00:00,652.15,652.1597,652.0,652.02,9505.0
2025-09-10 20:50:00+00:00,652.05,652.1,652.01,652.01,33767.0
2025-09-10 20:55:00+00:00,652.01,652.09,652.0,652.04,7121.0
2025-09-10 21:00:00+00:00,652.05,652.07,651.9,651.9,26631.0
2025-09-10 21:05:00+00:00,651.9,651.9999,651.9,651.9999,16905.0
2025-09-10 21:10:00+00:00,651.96,652.0,651.96,652.0,4831.0
2025-09-10 21:15:00+00:00,652.01,652.02,652.0,652.01,6146.0
2025-09-10 21:20:00+00:00,652.02,652.02,651.9,651.97,56657.0
2025-09-10 21:25:00+00:00,651.95,651.97,651.91,651.91,16502.0
2025-09-10 21:30:00+00:00,651.97,651.97,651.91,651.91,934.0
2025-09-10 21:35:00+00:00,651.96,651.9635,651.91,651.9635,929.0
2025-09-10 21:40:00+00:00,651.94,651.94,651.94,651.94,158.0
2025-09-10 21:45:00+00:00,651.94,651.97,651.9391,651.96,1783.0
2025-09-10 21:50:00+00:00,651.97,651.97,651.93,651.97,3126.0
2025-09-10 21:55:00+00:00,651.99,651.9995,651.97,651.97,3102.0
2025-09-10 22:00:00+00:00,651.99,652.4,651.96,652.4,11136.0
2025-09-10 22:05:00+00:00,652.41,652.41,652.27,652.27,4833.0
2025-09-10 22:10:00+00:00,652.3499,652.3499,652.2206,652.24,1593.0
2025-09-10 22:15:00+00:00,652.21,652.2602,652.19,652.2602,1508.0
2025-09-10 22:20:00+00:00,652.2508,652.36,652.21,652.21,11052.0
2025-09-10 22:25:00+00:00,652.2,652.347,652.17,652.21,5372.0
2025-09-10 22:30:00+00:00,652.3001,652.31,652.251,652.3,5840.0
2025-09-10 22:35:00+00:00,652.3447,652.4,652.3001,652.4,1595.0
2025-09-10 22:40:00+00:00,652.4,652.5,652.4,652.499,3689.0
2025-09-10 22:45:00+00:00,652.51,652.7,652.49,652.69,14978.0
2025-09-10 22:50:00+00:00,652.76,652.76,652.67,652.7,5578.0
2025-09-10 22:55:00+00:00,652.7,653.03,652.7,652.77,11077.0
2025-09-10 23:00:00+00:00,652.75,652.75,652.27,652.7,75087.0
2025-09-10 23:05:00+00:00,652.73,653.0,652.73,653.0,16121.0
2025-09-10 23:10:00+00:00,653.04,653.05,652.8,652.8,27199.0
2025-09-10 23:15:00+00:00,652.8,653.05,652.79,652.91,16476.0
2025-09-10 23:20:00+00:00,652.97,653.05,652.94,652.94,15509.0
2025-09-10 23:25:00+00:00,652.93,652.94,652.8516,652.86,3010.0
2025-09-10 23:30:00+00:00,652.88,652.88,652.84,652.87,6527.0
2025-09-10 23:35:00+00:00,652.87,652.9,652.86,652.8601,1343.0
2025-09-10 23:40:00+00:00,652.82,652.82,652.7601,652.81,1299.0
2025-09-10 23:45:00+00:00,652.78,652.82,652.78,652.82,2997.0
2025-09-10 23:50:00+00:00,652.81,652.81,652.7,652.78,4919.0
2025-09-10 23:55:00+00:00,652.77,652.8897,652.74,652.88,6810.0
2025-09-11 00:00:00+00:00,652.88,652.88,652.88,652.88,200.0
2025-09-11 08:00:00+00:00,653.22,653.38,653.2,653.38,6507.0
2025-09-11 08:05:00+00:00,653.26,653.35,653.25,653.35,1602.0
2025-09-11 08:10:00+00:00,653.34,653.46,653.33,653.45,2751.0
2025-09-11 08:15:00+00:00,653.39,653.39,653.32,653.34,1262.0
2025-09-11 08:20:00+00:00,653.35,653.35,653.35,653.35,345.0
2025-09-11 08:25:00+00:00,653.23,653.23,653.23,653.23,279.0
2025-09-11 08:30:00+00:00,653.22,653.22,653.21,653.21,613.0
2025-09-11 08:35:00+00:00,653.1,653.14,653.1,653.14,1295.0
2025-09-11 08:40:00+00:00,653.24,653.24,653.24,653.24,254.0
2025-09-11 08:50:00+00:00,653.17,653.17,653.15,653.17,1446.0
2025-09-11 08:55:00+00:00,653.15,653.17,653.15,653.17,268.0
2025-09-11 09:00:00+00:00,653.21,653.23,653.21,653.21,1062.0
2025-09-11 09:10:00+00:00,653.22,653.22,653.22,653.22,176.0
2025-09-11 09:15:00+00:00,653.23,653.23,653.23,653.23,397.0
2025-09-11 09:20:00+00:00,653.23,653.26,653.23,653.24,1563.0
2025-09-11 09:25:00+00:00,653.28,653.28,653.28,653.28,207.0
2025-09-11 09:30:00+00:00,653.28,653.28,653.28,653.28,147.0
2025-09-11 09:35:00+00:00,653.2,653.2,653.12,653.12,2347.0
2025-09-11 09:40:00+00:00,653.15,653.15,653.15,653.15,456.0
2025-09-11 09:45:00+00:00,653.12,653.12,653.07,653.07,1269.0
2025-09-11 09:50:00+00:00,653.17,653.17,653.13,653.13,681.0
2025-09-11 09:55:00+00:00,653.18,653.22,653.18,653.21,938.0
2025-09-11 10:00:00+00:00,653.22,653.32,653.22,653.32,619.0
2025-09-11 10:05:00+00:00,653.32,653.42,653.32,653.42,473.0
2025-09-11 10:10:00+00:00,653.48,653.54,653.48,653.52,1653.0
2025-09-11 10:15:00+00:00,653.57,653.57,653.52,653.52,1057.0
2025-09-11 10:20:00+00:00,653.56,653.63,653.56,653.63,2366.0
2025-09-11 10:25:00+00:00,653.56,653.56,653.52,653.55,11970.0
2025-09-11 10:30:00+00:00,653.61,653.61,653.57,653.57,1126.0
2025-09-11 10:35:00+00:00,653.56,653.59,653.56,653.56,1169.0
2025-09-11 10:40:00+00:00,653.64,653.7,653.53,653.53,1609.0
2025-09-11 10:45:00+00:00,653.57,653.57,653.57,653.57,320.0
2025-09-11 10:50:00+00:00,653.61,653.61,653.59,653.59,581.0
2025-09-11 10:55:00+00:00,653.71,653.71,653.65,653.65,693.0
2025-09-11 11:00:00+00:00,653.68,653.74,653.64,653.7,4699.0
2025-09-11 11:05:00+00:00,653.7,653.72,653.69,653.72,2038.0
2025-09-11 11:10:00+00:00,653.68,653.7,653.66,653.68,2576.0
2025-09-11 11:15:00+00:00,653.69,653.69,653.6,653.64,5368.0
2025-09-11 11:20:00+00:00,653.65,653.68,653.64,653.64,2151.0
2025-09-11 11:25:00+00:00,653.66,653.66,653.621,653.64,1266.0
2025-09-11 11:30:00+00:00,653.63,653.7,653.63,653.69,3320.0
2025-09-11 11:35:00+00:00,653.68,653.76,653.68,653.68,8013.0
2025-09-11 11:40:00+00:00,653.72,653.8,653.68,653.78,4560.0
2025-09-11 11:45:00+00:00,653.705,653.9,653.705,653.9,11600.0
2025-09-11 11:50:00+00:00,653.86,653.86,653.66,653.71,12012.0
2025-09-11 11:55:00+00:00,653.71,653.74,653.66,653.72,13013.0
2025-09-11 12:00:00+00:00,653.67,653.86,652.43,653.7,47822.0
2025-09-11 12:05:00+00:00,653.65,653.73,653.63,653.6318,11996.0
2025-09-11 12:10:00+00:00,653.65,653.749,653.55,653.64,5999.0
2025-09-11 12:15:00+00:00,653.7,653.8,653.6,653.7,63215.0
2025-09-11 12:20:00+00:00,653.69,654.09,653.66,653.71,68135.0
2025-09-11 12:25:00+00:00,653.78,653.85,653.52,653.84,76244.0
2025-09-11 12:30:00+00:00,653.73,654.58,652.0,652.52,551089.0
2025-09-11 12:35:00+00:00,652.42,653.12,652.42,652.661,124568.0
2025-09-11 12:40:00+00:00,652.73,653.3,652.65,653.3,43874.0
2025-09-11 12:45:00+00:00,653.3,653.81,653.22,653.55,72909.0
2025-09-11 12:50:00+00:00,653.53,654.05,653.48,653.95,64110.0
2025-09-11 12:55:00+00:00,653.87,654.22,653.7,654.21,48212.0
2025-09-11 13:00:00+00:00,654.19,654.25,654.02,654.02,57080.0
2025-09-11 13:05:00+00:00,654.0,654.04,653.7,653.9099,39428.0
2025-09-11 13:10:00+00:00,653.91,653.911,653.7,653.84,23453.0
2025-09-11 13:15:00+00:00,653.8501,653.95,653.64,653.9,17031.0
2025-09-11 13:20:00+00:00,653.91,654.15,653.91,653.95,31154.0
2025-09-11 13:25:00+00:00,654.0,654.22,654.0,654.15,42513.0
2025-09-11 13:30:00+00:00,654.18,654.62,653.87,654.4901,1721335.0
2025-09-11 13:35:00+00:00,654.49,654.58,653.81,653.935,1452962.0
2025-09-11 13:40:00+00:00,653.97,654.355,653.7,653.87,1209649.0
2025-09-11 13:45:00+00:00,653.87,654.65,653.59,654.47,1617201.0
2025-09-11 13:50:00+00:00,654.48,655.18,654.29,655.11,1171381.0
2025-09-11 13:55:00+00:00,655.1,655.63,654.91,655.57,1507450.0
2025-09-11 14:00:00+00:00,655.57,655.79,655.38,655.72,1294670.0
2025-09-11 14:05:00+00:00,655.71,656.25,655.71,655.94,1060623.0
2025-09-11 14:10:00+00:00,655.94,656.06,655.62,655.67,994153.0
2025-09-11 14:15:00+00:00,655.67,656.015,655.555,655.685,637024.0
2025-09-11 14:20:00+00:00,655.69,656.02,655.66,655.995,569677.0
2025-09-11 14:25:00+00:00,656.0,656.08,655.745,655.96,648507.0
2025-09-11 14:30:00+00:00,655.955,656.63,655.855,656.55,818331.0
2025-09-11 14:35:00+00:00,656.54,656.86,656.505,656.81,824796.0
2025-09-11 14:40:00+00:00,656.82,656.98,656.755,656.935,1546652.0
2025-09-11 14:45:00+00:00,656.93,657.0,656.56,656.7,894767.0
2025-09-11 14:50:00+00:00,656.7,656.79,656.23,656.55,840075.0
2025-09-11 14:55:00+00:00,656.55,656.6699,656.19,656.65,776093.0
2025-09-11 15:00:00+00:00,656.65,656.905,656.6,656.77,602940.0
2025-09-11 15:05:00+00:00,656.77,656.82,656.56,656.59,502286.0
2025-09-11 15:10:00+00:00,656.598,656.86,656.54,656.83,494451.0
2025-09-11 15:15:00+00:00,656.83,657.59,656.76,657.47,1200539.0
2025-09-11 15:20:00+00:00,657.475,657.53,657.22,657.32,1017888.0
2025-09-11 15:25:00+00:00,657.34,657.47,657.285,657.42,448450.0
2025-09-11 15:30:00+00:00,657.42,657.8,657.42,657.54,618476.0
2025-09-11 15:35:00+00:00,657.54,657.56,657.11,657.16,744445.0
2025-09-11 15:40:00+00:00,657.15,657.26,657.02,657.0419,528573.0
2025-09-11 15:45:00+00:00,657.05,657.125,656.64,656.78,676127.0
2025-09-11 15:50:00+00:00,656.79,657.29,656.78,657.26,637609.0
2025-09-11 15:55:00+00:00,657.25,657.345,657.185,657.21,250071.0
2025-09-11 16:00:00+00:00,657.21,657.64,657.11,657.585,1841985.0
2025-09-11 16:05:00+00:00,657.575,657.595,657.435,657.5146,378254.0
2025-09-11 16:10:00+00:00,657.52,657.62,657.415,657.485,494913.0
2025-09-11 16:15:00+00:00,657.485,657.64,657.4,657.5458,351275.0
2025-09-11 16:20:00+00:00,657.54,657.72,657.485,657.58,571804.0
2025-09-11 16:25:00+00:00,657.58,657.64,657.325,657.35,321251.0
2025-09-11 16:30:00+00:00,657.36,657.5358,657.23,657.27,376007.0
2025-09-11 16:35:00+00:00,657.275,657.405,657.12,657.35,329108.0
2025-09-11 16:40:00+00:00,657.35,657.36,657.07,657.23,371286.0
2025-09-11 16:45:00+00:00,657.23,657.33,657.04,657.22,303087.0
2025-09-11 16:50:00+00:00,657.215,657.215,656.855,657.08,323751.0
2025-09-11 16:55:00+00:00,657.06,657.2258,656.97,657.16,432815.0
2025-09-11 17:00:00+00:00,657.15,657.15,656.945,657.07,220318.0
2025-09-11 17:05:00+00:00,657.07,657.18,656.88,657.17,397749.0
2025-09-11 17:10:00+00:00,657.17,657.47,657.17,657.365,566874.0
2025-09-11 17:15:00+00:00,657.37,657.41,657.13,657.2236,341703.0
2025-09-11 17:20:00+00:00,657.22,657.46,657.2,657.405,318706.0
2025-09-11 17:25:00+00:00,657.405,657.555,657.06,657.12,436480.0
2025-09-11 17:30:00+00:00,657.115,657.44,657.115,657.372,370682.0
2025-09-11 17:35:00+00:00,657.3781,657.43,657.19,657.26,303488.0
2025-09-11 17:40:00+00:00,657.28,657.54,657.28,657.49,283765.0
2025-09-11 17:45:00+00:00,657.5,657.52,657.145,657.185,321238.0
2025-09-11 17:50:00+00:00,657.195,657.32,657.01,657.315,739643.0
2025-09-11 17:55:00+00:00,657.3,657.57,657.25,657.55,553389.0
2025-09-11 18:00:00+00:00,657.555,657.66,657.48,657.485,902863.0
2025-09-11 18:05:00+00:00,657.49,657.59,657.31,657.39,679497.0
2025-09-11 18:10:00+00:00,657.38,657.555,657.27,657.41,751263.0
2025-09-11 18:15:00+00:00,657.415,657.5,657.26,657.28,595850.0
2025-09-11 18:20:00+00:00,657.3,657.415,657.17,657.4,484693.0
2025-09-11 18:25:00+00:00,657.38,657.515,657.18,657.33,701067.0
2025-09-11 18:30:00+00:00,657.33,657.425,657.19,657.19,342099.0
2025-09-11 18:35:00+00:00,657.19,657.46,657.16,657.4476,436748.0
2025-09-11 18:40:00+00:00,657.445,657.54,657.36,657.505,351596.0
2025-09-11 18:45:00+00:00,657.505,657.59,657.46,657.535,446714.0
2025-09-11 18:50:00+00:00,657.54,657.65,657.44,657.555,772238.0
2025-09-11 18:55:00+00:00,657.555,657.735,657.475,657.535,740568.0
2025-09-11 19:00:00+00:00,657.53,657.67,657.43,657.6199,679433.0
2025-09-11 19:05:00+00:00,657.61,657.71,657.46,657.465,384087.0
2025-09-11 19:10:00+00:00,657.465,657.65,657.4,657.555,693341.0
2025-09-11 19:15:00+00:00,657.55,657.81,657.5,657.75,752040.0
2025-09-11 19:20:00+00:00,657.75,657.799,657.645,657.725,731790.0
2025-09-11 19:25:00+00:00,657.7242,657.83,657.68,657.76,861248.0
2025-09-11 19:30:00+00:00,657.75,658.1,657.735,658.035,1008975.0
2025-09-11 19:35:00+00:00,658.045,658.16,657.94,658.06,1113958.0
2025-09-11 19:40:00+00:00,658.05,658.1,657.81,657.84,719166.0
2025-09-11 19:45:00+00:00,657.845,658.02,657.778,658.0,1199095.0
2025-09-11 19:50:00+00:00,658.0,658.33,657.82,658.14,2569624.0
2025-09-11 19:55:00+00:00,658.14,658.215,657.465,657.61,5217964.0
2025-09-11 20:00:00+00:00,657.58,657.64,657.42,657.61,1077041.0
2025-09-11 20:05:00+00:00,657.61,657.79,657.61,657.76,305167.0
2025-09-11 20:10:00+00:00,657.76,657.78,657.52,657.53,3238188.0
2025-09-11 20:15:00+00:00,657.53,657.65,657.53,657.6,93344.0
2025-09-11 20:20:00+00:00,657.6,657.64,657.57,657.5705,432277.0
2025-09-11 20:25:00+00:00,657.58,657.62,657.57,657.58,24100.0
2025-09-11 20:30:00+00:00,657.57,657.65,657.55,657.64,61036.0
2025-09-11 20:35:00+00:00,657.63,657.63,657.51,657.51,15734.0
2025-09-11 20:40:00+00:00,657.54,657.55,657.5,657.53,135973.0
2025-09-11 20:45:00+00:00,657.55,657.62,657.55,657.59,11671.0
2025-09-11 20:50:00+00:00,657.61,657.62,657.56,657.56,8672.0
2025-09-11 20:55:00+00:00,657.56,657.57,657.49,657.55,12521.0
2025-09-11 21:00:00+00:00,657.55,657.56,657.5001,657.55,2298.0
2025-09-11 21:05:00+00:00,657.52,657.55,657.47,657.51,3391.0
2025-09-11 21:10:00+00:00,657.54,657.59,657.54,657.59,4539.0
2025-09-11 21:15:00+00:00,657.55,657.55,657.53,657.54,1976.0
2025-09-11 21:20:00+00:00,657.57,657.6,657.55,657.6,9765.0
2025-09-11 21:25:00+00:00,657.6,657.62,657.57,657.57,738.0
2025-09-11 21:30:00+00:00,657.63,657.95,657.6,657.94,10346.0
2025-09-11 21:35:00+00:00,657.88,657.9,657.63,657.63,3981.0
2025-09-11 21:40:00+00:00,657.63,657.75,657.63,657.7,10448.0
2025-09-11 21:45:00+00:00,657.68,657.88,657.68,657.88,5294.0
2025-09-11 21:50:00+00:00,657.88,657.9,657.85,657.85,15637.0
2025-09-11 21:55:00+00:00,657.9,657.95,657.84,657.94,8179.0
2025-09-11 22:00:00+00:00,657.88,657.9394,657.55,657.7,17827.0
2025-09-11 22:05:00+00:00,657.66,657.77,657.63,657.7,25253.0
2025-09-11 22:10:00+00:00,657.75,657.75,657.63,657.63,3971.0
2025-09-11 22:15:00+00:00,657.63,657.64,657.56,657.56,4381.0
2025-09-11 22:20:00+00:00,657.57,657.69,657.41,657.64,6805.0
2025-09-11 22:25:00+00:00,657.64,657.65,657.6,657.61,11861.0
2025-09-11 22:30:00+00:00,657.58,657.59,657.52,657.52,2488.0
2025-09-11 22:35:00+00:00,657.52,657.52,657.46,657.49,2244.0
2025-09-11 22:40:00+00:00,657.49,657.49,657.4,657.47,3287.0
2025-09-11 22:45:00+00:00,657.46,657.48,657.46,657.48,9492.0
2025-09-11 22:50:00+00:00,657.51,657.58,657.51,657.58,560.0
2025-09-11 23:00:00+00:00,657.53,657.53,657.53,657.53,227.0
2025-09-11 23:05:00+00:00,657.42,657.51,657.42,657.49,1076.0
2025-09-11 23:10:00+00:00,657.5,657.7,657.5,657.68,1879.0
2025-09-11 23:15:00+00:00,657.6727,657.7,657.65,657.6803,1138.0
2025-09-11 23:20:00+00:00,657.73,657.8,657.73,657.8,476.0
2025-09-11 23:25:00+00:00,657.7789,657.78,657.68,657.68,1412.0
2025-09-11 23:30:00+00:00,657.7,657.75,657.7,657.75,868.0
2025-09-11 23:35:00+00:00,657.72,657.78,657.72,657.77,1605.0
2025-09-11 23:40:00+00:00,657.7,657.71,657.7,657.7099,940.0
2025-09-11 23:45:00+00:00,657.68,657.68,657.64,657.65,7107.0
2025-09-11 23:50:00+00:00,657.66,657.7,657.63,657.7,1136.0
2025-09-11 23:55:00+00:00,657.68,657.75,657.67,657.67,8502.0
2025-09-12 08:00:00+00:00,657.17,657.28,657.08,657.11,10631.0
2025-09-12 08:05:00+00:00,657.15,657.2,657.08,657.09,4706.0
2025-09-12 08:10:00+00:00,657.06,657.06,656.54,656.54,9795.0
2025-09-12 08:15:00+00:00,656.56,656.56,656.29,656.38,9090.0
2025-09-12 08:20:00+00:00,656.51,656.59,656.44,656.45,4830.0
2025-09-12 08:25:00+00:00,656.76,656.85,656.75,656.79,3196.0
2025-09-12 08:30:00+00:00,656.83,656.85,656.8,656.8,2843.0
2025-09-12 08:35:00+00:00,656.76,656.94,656.76,656.87,4290.0
2025-09-12 08:40:00+00:00,656.8,656.88,656.8,656.88,2830.0
2025-09-12 08:45:00+00:00,656.86,656.86,656.83,656.85,1131.0
2025-09-12 08:50:00+00:00,656.71,656.71,656.7,656.7,784.0
2025-09-12 08:55:00+00:00,656.83,656.94,656.83,656.94,940.0
2025-09-12 09:00:00+00:00,656.88,656.99,656.88,656.96,1793.0
2025-09-12 09:05:00+00:00,656.96,656.96,656.95,656.95,456.0
2025-09-12 09:10:00+00:00,657.0,657.0,657.0,657.0,387.0
2025-09-12 09:15:00+00:00,656.98,656.98,656.98,656.98,303.0
2025-09-12 09:20:00+00:00,657.0,657.0,656.92,656.97,1165.0
2025-09-12 09:30:00+00:00,657.0,657.07,657.0,657.04,16995.0
2025-09-12 09:35:00+00:00,656.9,656.94,656.85,656.92,2640.0
2025-09-12 09:40:00+00:00,656.97,657.01,656.94,656.99,2350.0
2025-09-12 09:45:00+00:00,657.08,657.14,657.05,657.11,2612.0
2025-09-12 09:50:00+00:00,657.11,657.11,657.11,657.11,295.0
2025-09-12 09:55:00+00:00,657.02,657.02,657.02,657.02,378.0
2025-09-12 10:00:00+00:00,657.01,657.01,656.95,656.95,1972.0
2025-09-12 10:05:00+00:00,657.02,657.05,657.02,657.05,1599.0
2025-09-12 10:10:00+00:00,656.99,656.99,656.99,656.99,138.0
2025-09-12 10:15:00+00:00,657.09,657.09,657.05,657.05,341.0
2025-09-12 10:20:00+00:00,657.08,657.08,657.01,657.01,1607.0
2025-09-12 10:25:00+00:00,657.05,657.09,657.05,657.09,697.0
2025-09-12 10:30:00+00:00,657.03,657.18,657.03,657.18,2667.0
2025-09-12 10:35:00+00:00,657.15,657.15,657.15,657.15,233.0
2025-09-12 10:40:00+00:00,657.2,657.23,657.2,657.22,1859.0
2025-09-12 10:45:00+00:00,657.21,657.26,657.21,657.24,2678.0
2025-09-12 10:50:00+00:00,657.19,657.19,657.18,657.19,1270.0
2025-09-12 10:55:00+00:00,657.26,657.27,657.25,657.27,1891.0
2025-09-12 11:00:00+00:00,657.2,657.22,657.15,657.22,3230.0
2025-09-12 11:05:00+00:00,657.13,657.13,657.0,657.0,4427.0
2025-09-12 11:10:00+00:00,657.1,657.15,657.09,657.12,2191.0
2025-09-12 11:15:00+00:00,657.1,657.16,657.1,657.1,2536.0
2025-09-12 11:20:00+00:00,657.11,657.3,657.1,657.3,5835.0
2025-09-12 11:25:00+00:00,657.32,657.43,657.32,657.43,3105.0
2025-09-12 11:30:00+00:00,657.42,657.42,657.31,657.31,1543.0
2025-09-12 11:35:00+00:00,657.38,657.46,657.33,657.43,5610.0
2025-09-12 11:40:00+00:00,657.43,657.43,657.37,657.37,1337.0
2025-09-12 11:45:00+00:00,657.39,657.51,657.39,657.5,3353.0
2025-09-12 11:50:00+00:00,657.45,657.45,657.37,657.4,3782.0
2025-09-12 11:55:00+00:00,657.4,657.6,657.4,657.581,6083.0
2025-09-12 12:00:00+00:00,657.54,657.97,656.4504,657.35,45018.0
2025-09-12 12:05:00+00:00,657.35,657.47,657.25,657.281,17268.0
2025-09-12 12:10:00+00:00,657.34,657.39,657.3,657.35,3443.0
2025-09-12 12:15:00+00:00,657.49,657.59,657.47,657.59,7370.0
2025-09-12 12:20:00+00:00,657.57,657.57,657.45,657.45,3932.0
2025-09-12 12:25:00+00:00,657.47,657.56,657.34,657.51,10439.0
2025-09-12 12:30:00+00:00,657.56,657.56,657.11,657.28,19766.0
2025-09-12 12:35:00+00:00,657.24,657.43,657.17,657.43,14723.0
2025-09-12 12:40:00+00:00,657.36,657.43,657.27,657.36,47211.0
2025-09-12 12:45:00+00:00,657.39,657.48,657.37,657.47,15126.0
2025-09-12 12:50:00+00:00,657.52,657.64,657.5,657.64,19413.0
2025-09-12 12:55:00+00:00,657.66,657.7,657.6303,657.65,9582.0
2025-09-12 13:00:00+00:00,657.64,657.77,657.64,657.76,10339.0
2025-09-12 13:05:00+00:00,657.8,657.9,657.7,657.9,14690.0
2025-09-12 13:10:00+00:00,657.9,657.92,657.8227,657.88,9951.0
2025-09-12 13:15:00+00:00,657.84,657.84,657.77,657.81,6643.0
2025-09-12 13:20:00+00:00,657.82,657.89,657.81,657.87,7605.0
2025-09-12 13:25:00+00:00,657.86,657.88,657.59,657.59,35650.0
2025-09-12 13:30:00+00:00,657.6,657.77,657.43,657.66,1654897.0
2025-09-12 13:35:00+00:00,657.66,657.71,657.145,657.41,1677618.0
2025-09-12 13:40:00+00:00,657.42,657.65,657.38,657.4425,1083429.0
2025-09-12 13:45:00+00:00,657.445,657.665,657.24,657.5635,1051653.0
2025-09-12 13:50:00+00:00,657.56,657.7,657.38,657.555,739964.0
2025-09-12 13:55:00+00:00,657.55,658.068,657.53,657.99,1185034.0
2025-09-12 14:00:00+00:00,658.01,658.06,657.55,657.84,865005.0
2025-09-12 14:05:00+00:00,657.86,658.2,657.77,658.17,1005059.0
2025-09-12 14:10:00+00:00,658.165,658.19,657.49,657.51,878879.0
2025-09-12 14:15:00+00:00,657.5,657.7999,657.32,657.68,756889.0
2025-09-12 14:20:00+00:00,657.68,658.11,657.67,657.98,879717.0
2025-09-12 14:25:00+00:00,657.97,658.045,657.75,657.97,582335.0
2025-09-12 14:30:00+00:00,657.96,658.0299,657.685,657.91,833983.0
2025-09-12 14:35:00+00:00,657.9,657.995,657.75,657.88,414710.0
2025-09-12 14:40:00+00:00,657.88,657.995,657.78,657.8007,657849.0
2025-09-12 14:45:00+00:00,657.83,658.12,657.79,658.095,477988.0
2025-09-12 14:50:00+00:00,658.09,658.225,657.88,658.2209,519175.0
2025-09-12 14:55:00+00:00,658.22,658.48,658.2,658.3804,781810.0
2025-09-12 15:00:00+00:00,658.38,658.435,657.945,657.98,661933.0
2025-09-12 15:05:00+00:00,657.98,658.095,657.91,658.04,433492.0
2025-09-12 15:10:00+00:00,658.03,658.15,657.845,658.075,523552.0
2025-09-12 15:15:00+00:00,658.07,658.26,657.945,657.95,365249.0
2025-09-12 15:20:00+00:00,657.95,657.96,657.695,657.885,560054.0
2025-09-12 15:25:00+00:00,657.89,657.9899,657.62,657.64,428148.0
2025-09-12 15:30:00+00:00,657.64,657.815,657.42,657.71,528539.0
2025-09-12 15:35:00+00:00,657.7,657.76,657.42,657.48,334634.0
2025-09-12 15:40:00+00:00,657.48,657.6199,657.35,657.47,329794.0
2025-09-12 15:45:00+00:00,657.48,657.6,657.21,657.395,455785.0
2025-09-12 15:50:00+00:00,657.39,657.52,657.3418,657.465,402005.0
2025-09-12 15:55:00+00:00,657.47,657.7,657.46,657.62,588297.0
2025-09-12 16:00:00+00:00,657.61,657.6276,657.39,657.525,462677.0
2025-09-12 16:05:00+00:00,657.52,657.6699,657.3099,657.65,370576.0
2025-09-12 16:10:00+00:00,657.63,657.85,657.63,657.71,446085.0
2025-09-12 16:15:00+00:00,657.72,657.99,657.715,657.89,581047.0
2025-09-12 16:20:00+00:00,657.9,657.94,657.71,657.875,391796.0
2025-09-12 16:25:00+00:00,657.88,658.06,657.8632,658.05,331104.0
2025-09-12 16:30:00+00:00,658.05,658.15,658.0,658.03,437378.0
2025-09-12 16:35:00+00:00,658.04,658.05,657.77,657.79,386683.0
2025-09-12 16:40:00+00:00,657.785,657.87,657.65,657.84,349692.0
2025-09-12 16:45:00+00:00,657.83,658.06,657.8299,657.98,440137.0
2025-09-12 16:50:00+00:00,657.985,658.06,657.91,658.04,320067.0
2025-09-12 16:55:00+00:00,658.05,658.2,657.9901,658.07,637555.0
2025-09-12 17:00:00+00:00,658.075,658.09,657.8,657.8199,584829.0
2025-09-12 17:05:00+00:00,657.82,657.915,657.795,657.85,431390.0
2025-09-12 17:10:00+00:00,657.85,658.0899,657.83,658.085,425341.0
2025-09-12 17:15:00+00:00,658.085,658.16,658.01,658.08,291568.0
2025-09-12 17:20:00+00:00,658.08,658.28,658.0693,658.24,295020.0
2025-09-12 17:25:00+00:00,658.24,658.275,658.1,658.1,333369.0
2025-09-12 17:30:00+00:00,658.1,658.2,657.98,658.01,694226.0
2025-09-12 17:35:00+00:00,658.025,658.1281,657.9,658.0586,453968.0
2025-09-12 17:40:00+00:00,658.06,658.19,658.05,658.11,303812.0
2025-09-12 17:45:00+00:00,658.105,658.355,658.1,658.34,273573.0
2025-09-12 17:50:00+00:00,658.34,658.39,658.24,658.28,418924.0
2025-09-12 17:55:00+00:00,658.28,658.4609,658.275,658.3715,450021.0
2025-09-12 18:00:00+00:00,658.375,658.39,658.23,658.285,571439.0
2025-09-12 18:05:00+00:00,658.28,658.44,658.27,658.4199,527292.0
2025-09-12 18:10:00+00:00,658.4101,658.44,658.29,658.42,374013.0
2025-09-12 18:15:00+00:00,658.42,658.44,658.28,658.41,368163.0
2025-09-12 18:20:00+00:00,658.42,658.46,658.325,658.42,486147.0
2025-09-12 18:25:00+00:00,658.43,658.565,658.42,658.505,603166.0
2025-09-12 18:30:00+00:00,658.505,658.875,658.47,658.73,854640.0
2025-09-12 18:35:00+00:00,658.73,658.835,658.64,658.8,533699.0
2025-09-12 18:40:00+00:00,658.79,658.875,658.7,658.73,500481.0
2025-09-12 18:45:00+00:00,658.73,658.81,658.32,658.625,784920.0
2025-09-12 18:50:00+00:00,658.64,659.11,658.63,658.99,1110470.0
2025-09-12 18:55:00+00:00,658.99,659.0,658.75,658.81,740508.0
2025-09-12 19:00:00+00:00,658.81,658.92,658.79,658.88,911928.0
2025-09-12 19:05:00+00:00,658.885,658.945,658.725,658.8,797525.0
2025-09-12 19:10:00+00:00,658.8,658.83,658.53,658.58,1107822.0
2025-09-12 19:15:00+00:00,658.58,658.605,658.395,658.52,1008125.0
2025-09-12 19:20:00+00:00,658.515,658.6,658.305,658.335,906798.0
2025-09-12 19:25:00+00:00,658.34,658.445,658.07,658.17,1608416.0
2025-09-12 19:30:00+00:00,658.17,658.285,657.53,657.73,2534301.0
2025-09-12 19:35:00+00:00,657.73,657.89,657.24,657.29,2006822.0
2025-09-12 19:40:00+00:00,657.3,657.76,656.9,657.75,2350923.0
2025-09-12 19:45:00+00:00,657.75,657.95,657.55,657.84,1757342.0
2025-09-12 19:50:00+00:00,657.85,658.33,657.805,658.32,3818474.0
2025-09-12 19:55:00+00:00,658.315,658.325,657.38,657.42,4777096.0
2025-09-12 20:00:00+00:00,657.39,657.45,657.18,657.36,1123472.0
2025-09-12 20:05:00+00:00,657.33,657.44,657.27,657.36,829855.0
2025-09-12 20:10:00+00:00,657.36,657.4,657.32,657.4,5403313.0
2025-09-12 20:15:00+00:00,657.39,657.49,657.36,657.41,76527.0
2025-09-12 20:20:00+00:00,657.38,657.4996,657.37,657.4,78400.0
2025-09-12 20:25:00+00:00,657.4,657.47,657.36,657.47,174044.0
2025-09-12 20:30:00+00:00,657.4501,657.54,657.4501,657.54,18213.0
2025-09-12 20:35:00+00:00,657.52,657.57,657.47,657.51,51652.0
2025-09-12 20:40:00+00:00,657.54,657.6,657.54,657.57,15271.0
2025-09-12 20:45:00+00:00,657.5502,657.6,657.54,657.58,6646.0
2025-09-12 20:50:00+00:00,657.51,657.51,657.44,657.44,7570.0
2025-09-12 20:55:00+00:00,657.42,657.45,657.38,657.41,14721.0
2025-09-12 21:00:00+00:00,657.52,657.64,657.5,657.64,5070.0
2025-09-12 21:05:00+00:00,657.61,657.61,657.4512,657.4512,720.0
2025-09-12 21:10:00+00:00,657.5,657.5,657.5,657.5,255.0
2025-09-12 21:15:00+00:00,657.47,657.47,657.46,657.46,1216.0
2025-09-12 21:20:00+00:00,657.46,657.46,657.46,657.46,377.0
2025-09-12 21:25:00+00:00,657.54,657.64,657.54,657.64,4353.0
2025-09-12 21:30:00+00:00,657.58,657.64,657.58,657.62,15842.0
2025-09-12 21:35:00+00:00,657.61,657.64,657.61,657.62,15276.0
2025-09-12 21:40:00+00:00,657.6,657.61,657.59,657.59,9380.0
2025-09-12 21:45:00+00:00,657.57,657.57,657.48,657.48,3054.0
2025-09-12 21:50:00+00:00,657.48,657.49,657.46,657.46,12382.0
2025-09-12 21:55:00+00:00,657.46,657.46,657.46,657.46,1026.0
2025-09-12 22:00:00+00:00,657.44,657.45,657.44,657.45,5613.0
2025-09-12 22:05:00+00:00,657.42,657.45,657.41,657.41,5891.0
2025-09-12 22:10:00+00:00,657.41,657.43,657.41,657.41,7879.0
2025-09-12 22:15:00+00:00,657.41,657.42,657.4,657.4,6275.0
2025-09-12 22:20:00+00:00,657.4,657.4,657.3305,657.3305,4728.0
2025-09-12 22:25:00+00:00,657.35,657.35,657.32,657.32,7841.0
2025-09-12 22:30:00+00:00,657.35,657.35,657.32,657.32,781.0
2025-09-12 22:40:00+00:00,657.3498,657.3498,657.32,657.32,2106.0
2025-09-12 22:45:00+00:00,657.35,657.35,657.35,657.35,2079.0
2025-09-12 22:50:00+00:00,657.33,657.33,657.32,657.32,1229.0
2025-09-12 22:55:00+00:00,657.29,657.2901,657.28,657.28,1961.0
2025-09-12 23:05:00+00:00,657.28,657.28,657.278,657.28,989.0
2025-09-12 23:10:00+00:00,657.26,657.28,657.26,657.28,1387.0
2025-09-12 23:15:00+00:00,657.26,657.26,657.2,657.2,5489.0
2025-09-12 23:20:00+00:00,657.22,657.23,657.22,657.23,4954.0
2025-09-12 23:25:00+00:00,657.22,657.22,657.1901,657.1901,1189.0
2025-09-12 23:30:00+00:00,657.19,657.1997,657.19,657.1997,674.0
2025-09-12 23:35:00+00:00,657.2,657.3001,657.1997,657.3,18364.0
2025-09-12 23:40:00+00:00,657.25,657.26,657.19,657.26,1805.0
2025-09-12 23:45:00+00:00,657.34,657.3499,657.3,657.3,3432.0
2025-09-12 23:50:00+00:00,657.3,657.3419,657.29,657.3419,1113.0
2025-09-12 23:55:00+00:00,657.35,657.35,657.2399,657.25,7908.0
2025-09-15 08:00:00+00:00,658.5,658.52,657.49,657.54,23630.0
2025-09-15 08:05:00+00:00,657.46,658.08,657.46,658.08,5228.0
2025-09-15 08:10:00+00:00,658.15,658.15,658.04,658.14,3082.0
2025-09-15 08:15:00+00:00,658.08,658.42,657.94,658.4,3169.0
2025-09-15 08:20:00+00:00,658.12,658.25,658.12,658.25,692.0
2025-09-15 08:25:00+00:00,658.2,658.2,658.02,658.02,674.0
2025-09-15 08:30:00+00:00,658.02,658.14,657.74,657.74,4123.0
2025-09-15 08:35:00+00:00,657.74,658.0,657.74,658.0,11395.0
2025-09-15 08:40:00+00:00,658.02,658.02,658.02,658.02,283.0
2025-09-15 08:45:00+00:00,658.2,658.42,658.17,658.42,3273.0
2025-09-15 08:50:00+00:00,658.3,658.3,658.17,658.17,772.0
2025-09-15 08:55:00+00:00,658.12,658.12,658.02,658.12,1058.0
2025-09-15 09:00:00+00:00,658.1,658.1,657.99,658.02,1805.0
2025-09-15 09:05:00+00:00,657.97,657.97,657.92,657.92,1509.0
2025-09-15 09:10:00+00:00,657.99,658.07,657.99,658.02,4617.0
2025-09-15 09:15:00+00:00,658.02,658.02,657.94,658.0,2495.0
2025-09-15 09:20:00+00:00,657.9,658.01,657.87,658.01,2993.0
2025-09-15 09:25:00+00:00,658.01,658.1,658.01,658.08,1200.0
2025-09-15 09:30:00+00:00,658.12,658.19,658.04,658.04,2379.0
2025-09-15 09:35:00+00:00,658.01,658.18,658.01,658.15,2442.0
2025-09-15 09:40:00+00:00,658.11,658.14,657.98,658.06,5648.0
2025-09-15 09:55:00+00:00,658.16,658.22,658.15,658.22,605.0
2025-09-15 10:00:00+00:00,658.21,658.22,658.17,658.19,2317.0
2025-09-15 10:05:00+00:00,658.29,658.29,658.29,658.29,126.0
2025-09-15 10:10:00+00:00,658.22,658.22,658.22,658.22,357.0
2025-09-15 10:15:00+00:00,658.26,658.26,658.26,658.26,538.0
2025-09-15 10:20:00+00:00,658.32,658.37,658.29,658.29,2673.0
2025-09-15 10:25:00+00:00,658.29,658.41,658.29,658.4,3461.0
2025-09-15 10:30:00+00:00,658.46,658.6,658.46,658.58,3398.0
2025-09-15 10:35:00+00:00,658.55,658.56,658.4,658.41,4406.0
2025-09-15 10:40:00+00:00,658.41,658.42,658.41,658.42,1098.0
2025-09-15 10:45:00+00:00,658.44,658.45,658.37,658.45,756.0
2025-09-15 10:50:00+00:00,658.57,658.57,658.55,658.55,935.0
2025-09-15 10:55:00+00:00,658.57,658.57,658.57,658.57,403.0
2025-09-15 11:00:00+00:00,658.58,658.69,658.54,658.6,13636.0
2025-09-15 11:05:00+00:00,658.57,658.75,658.53,658.75,5654.0
2025-09-15 11:10:00+00:00,658.76,658.76,658.67,658.76,2761.0
2025-09-15 11:15:00+00:00,658.71,658.71,658.66,658.68,2054.0
2025-09-15 11:20:00+00:00,658.76,658.78,658.75,658.78,1734.0
2025-09-15 11:25:00+00:00,658.71,658.73,658.62,658.65,13432.0
2025-09-15 11:30:00+00:00,658.62,658.66,658.56,658.66,2225.0
2025-09-15 11:35:00+00:00,658.78,658.9,658.78,658.9,12117.0
2025-09-15 11:40:00+00:00,658.76,658.82,658.7,658.8,16840.0
2025-09-15 11:45:00+00:00,658.8,658.84,658.8,658.84,6598.0
2025-09-15 11:50:00+00:00,658.82,658.87,658.8,658.8,2802.0
2025-09-15 11:55:00+00:00,658.76,658.95,658.7,658.94,26278.0
2025-09-15 12:00:00+00:00,658.63,659.09,657.8,659.07,135760.0
2025-09-15 12:05:00+00:00,659.1,659.1,658.92,659.0,22802.0
2025-09-15 12:10:00+00:00,658.96,659.0194,658.96,658.989,5608.0
2025-09-15 12:15:00+00:00,659.03,659.39,658.92,659.09,97975.0
2025-09-15 12:20:00+00:00,659.09,659.5,659.06,659.42,24605.0
2025-09-15 12:25:00+00:00,659.41,659.41,659.14,659.19,49623.0
2025-09-15 12:30:00+00:00,659.15,659.23,658.99,659.1998,28190.0
2025-09-15 12:35:00+00:00,659.11,659.15,659.01,659.09,11044.0
2025-09-15 12:40:00+00:00,659.04,659.31,659.04,659.29,21244.0
2025-09-15 12:45:00+00:00,659.3,659.31,659.19,659.3,24116.0
2025-09-15 12:50:00+00:00,659.29,659.54,659.29,659.52,28865.0
2025-09-15 12:55:00+00:00,659.56,659.6299,659.36,659.6299,8592.0
2025-09-15 13:00:00+00:00,659.58,659.63,659.4569,659.47,45122.0
2025-09-15 13:05:00+00:00,659.5,659.62,659.46,659.47,16839.0
2025-09-15 13:10:00+00:00,659.48,659.59,659.4436,659.52,15872.0
2025-09-15 13:15:00+00:00,659.4901,659.6,659.35,659.53,10710.0
2025-09-15 13:20:00+00:00,659.55,659.7,659.54,659.63,64342.0
2025-09-15 13:25:00+00:00,659.62,659.8,659.5,659.6,77861.0
2025-09-15 13:30:00+00:00,659.64,660.12,659.475,659.82,2179831.0
2025-09-15 13:35:00+00:00,659.82,660.16,659.76,660.095,1238545.0
2025-09-15 13:40:00+00:00,660.09,660.3,659.48,659.615,1336729.0
2025-09-15 13:45:00+00:00,659.63,660.34,659.625,660.19,1220868.0
2025-09-15 13:50:00+00:00,660.2,660.495,660.11,660.4601,1188723.0
2025-09-15 13:55:00+00:00,660.47,660.68,660.34,660.65,1007569.0
2025-09-15 14:00:00+00:00,660.645,660.73,660.18,660.26,1074931.0
2025-09-15 14:05:00+00:00,660.26,660.39,660.06,660.085,877216.0
2025-09-15 14:10:00+00:00,660.09,660.26,659.98,660.21,550045.0
2025-09-15 14:15:00+00:00,660.21,660.32,660.06,660.145,545257.0
2025-09-15 14:20:00+00:00,660.14,660.42,660.048,660.305,617684.0
2025-09-15 14:25:00+00:00,660.305,660.735,660.27,660.68,883698.0
2025-09-15 14:30:00+00:00,660.66,660.83,660.33,660.515,1378728.0
2025-09-15 14:35:00+00:00,660.53,660.595,660.4,660.49,715589.0
2025-09-15 14:40:00+00:00,660.495,660.92,660.46,660.812,588537.0
2025-09-15 14:45:00+00:00,660.81,660.995,660.72,660.785,634527.0
2025-09-15 14:50:00+00:00,660.77,660.98,660.7212,660.89,579555.0
2025-09-15 14:55:00+00:00,660.88,660.9897,660.81,660.95,422058.0
2025-09-15 15:00:00+00:00,660.96,661.04,660.8,660.92,667766.0
2025-09-15 15:05:00+00:00,660.915,660.955,660.63,660.66,569530.0
2025-09-15 15:10:00+00:00,660.655,660.925,660.52,660.78,543087.0
2025-09-15 15:15:00+00:00,660.78,660.905,660.615,660.65,540981.0
2025-09-15 15:20:00+00:00,660.65,660.67,660.23,660.375,737156.0
2025-09-15 15:25:00+00:00,660.38,660.6957,660.33,660.3595,688752.0
2025-09-15 15:30:00+00:00,660.35,660.445,660.24,660.38,489542.0
2025-09-15 15:35:00+00:00,660.39,660.67,660.35,660.63,456921.0
2025-09-15 15:40:00+00:00,660.64,660.82,660.38,660.39,585600.0
2025-09-15 15:45:00+00:00,660.395,660.61,660.3,660.595,518087.0
2025-09-15 15:50:00+00:00,660.59,660.65,660.42,660.6399,437535.0
2025-09-15 15:55:00+00:00,660.64,660.78,660.54,660.62,563157.0
2025-09-15 16:00:00+00:00,660.61,660.7,660.48,660.5,444190.0
2025-09-15 16:05:00+00:00,660.505,660.74,660.44,660.735,612177.0
2025-09-15 16:10:00+00:00,660.735,660.885,660.64,660.81,532418.0
2025-09-15 16:15:00+00:00,660.8115,660.8901,660.69,660.72,343867.0
2025-09-15 16:20:00+00:00,660.7143,660.8399,660.61,660.7401,412852.0
2025-09-15 16:25:00+00:00,660.7688,660.795,660.55,660.602,446074.0
2025-09-15 16:30:00+00:00,660.605,660.8799,660.5799,660.7801,303525.0
2025-09-15 16:35:00+00:00,660.78,660.82,660.64,660.74,626153.0
2025-09-15 16:40:00+00:00,660.74,660.74,660.53,660.6,405817.0
2025-09-15 16:45:00+00:00,660.595,660.595,660.4,660.5101,728351.0
2025-09-15 16:50:00+00:00,660.515,660.585,660.395,660.445,363169.0
2025-09-15 16:55:00+00:00,660.45,660.47,660.07,660.13,631884.0
2025-09-15 17:00:00+00:00,660.12,660.26,660.0,660.15,605059.0
2025-09-15 17:05:00+00:00,660.15,660.385,660.13,660.23,407532.0
2025-09-15 17:10:00+00:00,660.22,660.2373,659.95,660.01,422916.0
2025-09-15 17:15:00+00:00,660.0,660.1,659.74,659.78,455620.0
2025-09-15 17:20:00+00:00,659.77,659.96,659.53,659.91,997478.0
2025-09-15 17:25:00+00:00,659.905,659.925,659.67,659.75,533616.0
2025-09-15 17:30:00+00:00,659.74,660.065,659.7,660.03,468698.0
2025-09-15 17:35:00+00:00,660.0314,660.2257,659.84,660.1851,620358.0
2025-09-15 17:40:00+00:00,660.2,660.43,660.19,660.33,577038.0
2025-09-15 17:45:00+00:00,660.33,660.475,660.2215,660.42,442038.0
2025-09-15 17:50:00+00:00,660.425,660.53,660.37,660.4,309777.0
2025-09-15 17:55:00+00:00,660.41,660.66,660.3799,660.6099,498253.0
2025-09-15 18:00:00+00:00,660.6,660.6,660.315,660.49,704116.0
2025-09-15 18:05:00+00:00,660.49,660.52,660.13,660.175,542421.0
2025-09-15 18:10:00+00:00,660.17,660.26,659.95,660.15,537201.0
2025-09-15 18:15:00+00:00,660.16,660.23,659.91,660.095,487721.0
2025-09-15 18:20:00+00:00,660.08,660.19,659.95,660.125,422802.0
2025-09-15 18:25:00+00:00,660.125,660.25,659.895,659.9,520396.0
2025-09-15 18:30:00+00:00,659.9,660.1,659.87,660.02,444327.0
2025-09-15 18:35:00+00:00,660.0,660.07,659.84,659.853,456908.0
2025-09-15 18:40:00+00:00,659.845,659.89,659.34,659.535,858791.0
2025-09-15 18:45:00+00:00,659.545,659.79,659.38,659.77,1204956.0
2025-09-15 18:50:00+00:00,659.75,660.0959,659.75,660.07,578845.0
2025-09-15 18:55:00+00:00,660.065,660.105,659.88,660.0,450373.0
2025-09-15 19:00:00+00:00,659.99,660.12,659.79,659.815,608641.0
2025-09-15 19:05:00+00:00,659.815,659.98,659.7,659.96,530492.0
2025-09-15 19:10:00+00:00,659.955,660.16,659.885,659.945,557627.0
2025-09-15 19:15:00+00:00,659.935,660.06,659.745,660.06,515315.0
2025-09-15 19:20:00+00:00,660.065,660.16,659.9,660.01,669358.0
2025-09-15 19:25:00+00:00,660.01,660.155,659.98,660.07,873517.0
2025-09-15 19:30:00+00:00,660.07,660.08,659.89,660.055,724277.0
2025-09-15 19:35:00+00:00,660.06,660.145,659.87,659.93,692042.0
2025-09-15 19:40:00+00:00,659.94,660.2,659.89,660.01,702357.0
2025-09-15 19:45:00+00:00,659.99,660.418,659.97,660.41,1237551.0
2025-09-15 19:50:00+00:00,660.4,660.4,659.76,660.303,1631823.0
2025-09-15 19:55:00+00:00,660.3,660.91,660.02,660.85,5496696.0
2025-09-15 20:00:00+00:00,660.88,660.91,660.5,660.53,687695.0
2025-09-15 20:05:00+00:00,660.5497,660.58,660.4,660.52,236244.0
2025-09-15 20:10:00+00:00,660.51,660.7043,660.35,660.37,1779570.0
2025-09-15 20:15:00+00:00,660.36,660.56,660.36,660.55,74984.0
2025-09-15 20:20:00+00:00,660.55,660.5501,660.46,660.51,75276.0
2025-09-15 20:25:00+00:00,660.48,660.48,660.3,660.3,30509.0
2025-09-15 20:30:00+00:00,660.32,660.36,660.29,660.32,47667.0
2025-09-15 20:35:00+00:00,660.36,660.49,660.36,660.47,12367.0
2025-09-15 20:40:00+00:00,660.47,660.57,660.46,660.52,24964.0
2025-09-15 20:45:00+00:00,660.52,660.55,660.44,660.44,11094.0
2025-09-15 20:50:00+00:00,660.4999,660.4999,660.45,660.4691,1452.0
2025-09-15 20:55:00+00:00,660.41,660.43,660.3,660.32,33010.0
2025-09-15 21:00:00+00:00,660.25,660.4,660.25,660.33,11856.0
2025-09-15 21:05:00+00:00,660.39,660.44,660.28,660.36,7017.0
2025-09-15 21:10:00+00:00,660.3001,660.36,660.3001,660.35,3831.0
2025-09-15 21:15:00+00:00,660.35,660.35,660.33,660.33,1497.0
2025-09-15 21:20:00+00:00,660.33,660.33,660.33,660.33,594.0
2025-09-15 21:25:00+00:00,660.39,660.39,660.28,660.36,11370.0
2025-09-15 21:30:00+00:00,660.3,660.36,660.3,660.36,10280.0
2025-09-15 21:35:00+00:00,660.35,660.38,660.31,660.31,825.0
2025-09-15 21:40:00+00:00,660.38,660.38,660.2999,660.31,3753.0
2025-09-15 21:45:00+00:00,660.37,660.4,660.37,660.37,1643.0
2025-09-15 21:50:00+00:00,660.33,660.33,660.31,660.31,5121.0
2025-09-15 21:55:00+00:00,660.32,660.38,660.26,660.26,8762.0
2025-09-15 22:00:00+00:00,660.29,660.33,660.18,660.18,26740.0
2025-09-15 22:05:00+00:00,660.3,660.44,660.2614,660.44,5486.0
2025-09-15 22:10:00+00:00,660.339,660.37,660.31,660.31,7032.0
2025-09-15 22:15:00+00:00,660.32,660.32,660.29,660.29,3144.0
2025-09-15 22:20:00+00:00,660.29,660.4,660.25,660.33,12879.0
2025-09-15 22:25:00+00:00,660.3,660.3,660.2,660.21,8121.0
2025-09-15 22:30:00+00:00,660.2,660.2,660.14,660.14,19964.0
2025-09-15 22:35:00+00:00,660.16,660.21,660.14,660.2,8977.0
2025-09-15 22:40:00+00:00,660.17,660.21,660.17,660.21,4971.0
2025-09-15 22:45:00+00:00,660.22,660.22,660.19,660.19,1205.0
2025-09-15 22:50:00+00:00,660.2,660.21,660.1691,660.1691,1537.0
2025-09-15 22:55:00+00:00,660.15,660.18,660.08,660.1,17490.0
2025-09-15 23:00:00+00:00,660.15,660.18,660.15,660.18,8985.0
2025-09-15 23:05:00+00:00,660.25,660.25,660.19,660.2,531.0
2025-09-15 23:10:00+00:00,660.18,660.24,660.18,660.24,581.0
2025-09-15 23:15:00+00:00,660.4,660.47,660.4,660.47,2319.0
2025-09-15 23:20:00+00:00,660.55,660.62,660.52,660.59,5612.0
2025-09-15 23:25:00+00:00,660.65,660.74,660.63,660.74,4644.0
2025-09-15 23:30:00+00:00,660.69,660.71,660.56,660.6,4016.0
2025-09-15 23:35:00+00:00,660.58,660.5836,660.58,660.5836,509.0
2025-09-15 23:40:00+00:00,660.58,660.71,660.58,660.6,2303.0
2025-09-15 23:45:00+00:00,660.6,660.6,660.47,660.6,2031.0
2025-09-15 23:50:00+00:00,660.6,660.66,660.59,660.63,6156.0
2025-09-15 23:55:00+00:00,660.63,660.72,660.63,660.7,3133.0
2025-09-16 08:00:00+00:00,661.76,662.14,661.12,662.09,12500.0
2025-09-16 08:05:00+00:00,662.08,662.38,662.06,662.35,11478.0
2025-09-16 08:10:00+00:00,662.35,662.37,662.32,662.35,3089.0
2025-09-16 08:15:00+00:00,662.37,662.45,662.31,662.37,4882.0
2025-09-16 08:20:00+00:00,662.24,662.3,662.19,662.3,3869.0
2025-09-16 08:25:00+00:00,662.39,662.39,662.33,662.35,2727.0
2025-09-16 08:30:00+00:00,662.26,662.34,662.26,662.34,1018.0
2025-09-16 08:35:00+00:00,662.3,662.3,662.3,662.3,1417.0
2025-09-16 08:40:00+00:00,662.35,662.45,662.35,662.43,3183.0
2025-09-16 08:45:00+00:00,662.42,662.54,662.42,662.54,1869.0
2025-09-16 08:50:00+00:00,662.65,662.65,662.57,662.57,2950.0
2025-09-16 08:55:00+00:00,662.58,662.58,662.42,662.42,964.0
2025-09-16 09:00:00+00:00,662.52,662.54,662.52,662.52,532.0
2025-09-16 09:05:00+00:00,662.56,662.6,662.56,662.6,565.0
2025-09-16 09:10:00+00:00,662.56,662.56,662.56,662.56,351.0
2025-09-16 09:15:00+00:00,662.55,662.55,662.3,662.34,2876.0
2025-09-16 09:20:00+00:00,662.29,662.36,662.29,662.33,2545.0
2025-09-16 09:25:00+00:00,662.3,662.4,662.3,662.4,2915.0
2025-09-16 09:30:00+00:00,662.36,662.36,662.19,662.19,2108.0
2025-09-16 09:35:00+00:00,662.21,662.21,662.06,662.06,2120.0
2025-09-16 09:40:00+00:00,662.05,662.14,662.05,662.13,1600.0
2025-09-16 09:45:00+00:00,662.16,662.16,662.13,662.13,797.0
2025-09-16 09:50:00+00:00,662.15,662.15,662.15,662.15,753.0
2025-09-16 10:00:00+00:00,662.17,662.17,662.1,662.1,842.0
2025-09-16 10:05:00+00:00,662.1,662.1,662.04,662.1,3100.0
2025-09-16 10:10:00+00:00,662.13,662.14,662.04,662.11,2277.0
2025-09-16 10:15:00+00:00,662.14,662.16,662.06,662.16,1311.0
2025-09-16 10:20:00+00:00,662.15,662.19,662.15,662.19,513.0
2025-09-16 10:25:00+00:00,662.15,662.15,662.12,662.12,994.0
2025-09-16 10:30:00+00:00,662.14,662.18,662.1,662.1,1393.0
2025-09-16 10:35:00+00:00,662.06,662.06,662.06,662.06,518.0
2025-09-16 10:40:00+00:00,662.1,662.1,662.05,662.05,660.0
2025-09-16 10:45:00+00:00,662.09,662.16,662.09,662.14,702.0
2025-09-16 10:50:00+00:00,662.1,662.2,662.08,662.18,7379.0
2025-09-16 10:55:00+00:00,662.18,662.18,662.09,662.09,3664.0
2025-09-16 11:00:00+00:00,662.1,662.12,661.99,662.05,8384.0
2025-09-16 11:05:00+00:00,661.92,662.05,661.9,662.02,6875.0
2025-09-16 11:10:00+00:00,662.08,662.08,662.08,662.08,363.0
2025-09-16 11:15:00+00:00,661.98,661.98,661.73,661.869,2305.0
2025-09-16 11:20:00+00:00,661.94,661.98,661.85,661.97,2411.0
2025-09-16 11:25:00+00:00,662.05,662.06,662.05,662.06,496.0
2025-09-16 11:30:00+00:00,662.0,662.05,662.0,662.02,3352.0
2025-09-16 11:35:00+00:00,661.97,661.97,661.87,661.87,1392.0
2025-09-16 11:40:00+00:00,661.89,661.89,661.75,661.85,23723.0
2025-09-16 11:45:00+00:00,661.83,661.9,661.83,661.87,1173.0
2025-09-16 11:50:00+00:00,661.85,661.92,661.84,661.92,2260.0
2025-09-16 11:55:00+00:00,661.97,662.0,661.93,661.93,3674.0
2025-09-16 12:00:00+00:00,661.96,662.44,661.33,661.6,47160.0
2025-09-16 12:05:00+00:00,661.6,661.69,661.55,661.69,15001.0
2025-09-16 12:10:00+00:00,661.73,661.809,661.61,661.809,12141.0
2025-09-16 12:15:00+00:00,661.87,661.87,661.78,661.8499,6095.0
2025-09-16 12:20:00+00:00,661.75,661.88,661.74,661.76,9604.0
2025-09-16 12:25:00+00:00,661.76,661.76,661.58,661.63,8782.0
2025-09-16 12:30:00+00:00,661.57,661.77,661.5,661.7096,24162.0
2025-09-16 12:35:00+00:00,661.72,661.92,661.7,661.77,12052.0
2025-09-16 12:40:00+00:00,661.76,661.76,661.46,661.64,13709.0
2025-09-16 12:45:00+00:00,661.73,661.73,661.59,661.71,8244.0
2025-09-16 12:50:00+00:00,661.66,661.66,660.6742,661.46,94728.0
2025-09-16 12:55:00+00:00,661.46,661.64,661.2,661.4,37366.0
2025-09-16 13:00:00+00:00,661.42,661.5399,661.31,661.5399,10366.0
2025-09-16 13:05:00+00:00,661.4821,661.57,661.32,661.37,15440.0
2025-09-16 13:10:00+00:00,661.37,661.38,661.27,661.34,8443.0
2025-09-16 13:15:00+00:00,661.38,661.46,661.32,661.42,16075.0
2025-09-16 13:20:00+00:00,661.42,661.63,661.32,661.62,26031.0
2025-09-16 13:25:00+00:00,661.6,661.65,661.35,661.44,58294.0
2025-09-16 13:30:00+00:00,661.47,661.78,661.21,661.43,1836142.0
2025-09-16 13:35:00+00:00,661.43,661.485,660.915,660.92,1125016.0
2025-09-16 13:40:00+00:00,660.93,661.1,660.66,660.791,1265912.0
2025-09-16 13:45:00+00:00,660.79,660.95,660.47,660.9,1269929.0
2025-09-16 13:50:00+00:00,660.905,660.9099,660.03,660.31,1662167.0
2025-09-16 13:55:00+00:00,660.305,660.44,660.11,660.28,1171310.0
2025-09-16 14:00:00+00:00,660.27,660.305,659.86,660.015,1306017.0
2025-09-16 14:05:00+00:00,660.03,660.195,659.9,659.91,884561.0
2025-09-16 14:10:00+00:00,659.9151,660.005,659.63,659.93,1006639.0
2025-09-16 14:15:00+00:00,659.93,660.48,659.93,660.19,1186713.0
2025-09-16 14:20:00+00:00,660.1951,660.518,659.97,660.38,842286.0
2025-09-16 14:25:00+00:00,660.37,660.37,659.85,659.945,998940.0
2025-09-16 14:30:00+00:00,659.94,659.995,659.76,659.925,605700.0
2025-09-16 14:35:00+00:00,659.9251,660.3,659.79,659.9101,816160.0
2025-09-16 14:40:00+00:00,659.93,660.045,659.73,659.79,486468.0
2025-09-16 14:45:00+00:00,659.81,660.05,659.71,659.84,536330.0
2025-09-16 14:50:00+00:00,659.83,660.115,659.775,660.025,664375.0
2025-09-16 14:55:00+00:00,660.03,660.04,659.815,659.85,487064.0
2025-09-16 15:00:00+00:00,659.86,659.905,659.39,659.53,805772.0
2025-09-16 15:05:00+00:00,659.53,659.98,659.53,659.965,623536.0
2025-09-16 15:10:00+00:00,659.96,660.115,659.765,659.9,661974.0
2025-09-16 15:15:00+00:00,659.9,659.91,659.575,659.77,623129.0
2025-09-16 15:20:00+00:00,659.78,660.085,659.74,659.79,535270.0
2025-09-16 15:25:00+00:00,659.805,659.94,659.58,659.63,446680.0
2025-09-16 15:30:00+00:00,659.62,659.68,659.47,659.5,511247.0
2025-09-16 15:35:00+00:00,659.51,659.655,659.4049,659.6002,911941.0
2025-09-16 15:40:00+00:00,659.6,659.705,659.21,659.49,636155.0
2025-09-16 15:45:00+00:00,659.49,659.74,659.47,659.5255,455892.0
2025-09-16 15:50:00+00:00,659.52,659.88,659.43,659.81,436656.0
2025-09-16 15:55:00+00:00,659.8101,659.945,659.55,659.665,454709.0
2025-09-16 16:00:00+00:00,659.665,659.77,659.53,659.6,420254.0
2025-09-16 16:05:00+00:00,659.595,659.87,659.595,659.85,369039.0
2025-09-16 16:10:00+00:00,659.85,659.89,659.65,659.735,346281.0
2025-09-16 16:15:00+00:00,659.735,659.94,659.7,659.825,405612.0
2025-09-16 16:20:00+00:00,659.83,659.92,659.76,659.83,309995.0
2025-09-16 16:25:00+00:00,659.822,659.96,659.75,659.905,275253.0
2025-09-16 16:30:00+00:00,659.9,659.93,659.735,659.805,357660.0
2025-09-16 16:35:00+00:00,659.8097,659.95,659.48,659.89,512092.0
2025-09-16 16:40:00+00:00,659.88,659.9399,659.6,659.765,574331.0
2025-09-16 16:45:00+00:00,659.765,659.93,659.7258,659.7689,331188.0
2025-09-16 16:50:00+00:00,659.77,660.06,659.72,660.05,346265.0
2025-09-16 16:55:00+00:00,660.045,660.08,659.845,659.955,486389.0
2025-09-16 17:00:00+00:00,659.96,660.27,659.905,660.1943,447696.0
2025-09-16 17:05:00+00:00,660.2,660.305,660.115,660.2399,346184.0
2025-09-16 17:10:00+00:00,660.2375,660.3081,660.085,660.285,347640.0
2025-09-16 17:15:00+00:00,660.29,660.38,660.22,660.29,340167.0
2025-09-16 17:20:00+00:00,660.295,660.44,660.23,660.36,304087.0
2025-09-16 17:25:00+00:00,660.36,660.42,660.225,660.26,361827.0
2025-09-16 17:30:00+00:00,660.27,660.34,660.15,660.28,1903962.0
2025-09-16 17:35:00+00:00,660.29,660.36,660.11,660.33,489375.0
2025-09-16 17:40:00+00:00,660.32,660.33,660.04,660.085,476471.0
2025-09-16 17:45:00+00:00,660.09,660.24,660.08,660.2,293111.0
2025-09-16 17:50:00+00:00,660.19,660.205,659.9267,660.165,438129.0
2025-09-16 17:55:00+00:00,660.1746,660.3203,660.16,660.2,389594.0
2025-09-16 18:00:00+00:00,660.18,660.22,660.04,660.1901,380325.0
2025-09-16 18:05:00+00:00,660.195,660.405,660.105,660.24,363389.0
2025-09-16 18:10:00+00:00,660.23,660.315,660.135,660.135,370212.0
2025-09-16 18:15:00+00:00,660.13,660.2655,660.1,660.15,526099.0
2025-09-16 18:20:00+00:00,660.14,660.26,660.03,660.2,500283.0
2025-09-16 18:25:00+00:00,660.2,660.2856,660.14,660.19,267495.0
2025-09-16 18:30:00+00:00,660.2,660.33,660.095,660.26,420717.0
2025-09-16 18:35:00+00:00,660.26,660.385,660.17,660.2288,412425.0
2025-09-16 18:40:00+00:00,660.24,660.49,660.235,660.38,354439.0
2025-09-16 18:45:00+00:00,660.39,660.54,660.39,660.52,314974.0
2025-09-16 18:50:00+00:00,660.51,660.74,660.51,660.642,547882.0
2025-09-16 18:55:00+00:00,660.65,660.66,660.535,660.6,462610.0
2025-09-16 19:00:00+00:00,660.6,660.68,660.525,660.58,397836.0
2025-09-16 19:05:00+00:00,660.58,660.73,660.45,660.51,535573.0
2025-09-16 19:10:00+00:00,660.517,660.66,660.44,660.63,428712.0
2025-09-16 19:15:00+00:00,660.63,660.64,660.472,660.472,356753.0
2025-09-16 19:20:00+00:00,660.475,660.63,660.39,660.42,566914.0
2025-09-16 19:25:00+00:00,660.415,660.42,660.03,660.145,950989.0
2025-09-16 19:30:00+00:00,660.14,660.185,659.89,659.93,804391.0
2025-09-16 19:35:00+00:00,659.94,660.13,659.68,659.9,994125.0
2025-09-16 19:40:00+00:00,659.9,660.21,659.895,660.09,880781.0
2025-09-16 19:45:00+00:00,660.09,660.4,660.08,660.3681,886679.0
2025-09-16 19:50:00+00:00,660.37,660.66,660.28,660.4,2308388.0
2025-09-16 19:55:00+00:00,660.4,660.52,659.6984,659.93,4452115.0
2025-09-16 20:00:00+00:00,659.93,660.2501,659.88,660.22,492564.0
2025-09-16 20:05:00+00:00,660.22,660.26,659.8173,660.24,1233409.0
2025-09-16 20:10:00+00:00,660.25,660.25,660.15,660.19,1279134.0
2025-09-16 20:15:00+00:00,660.2,660.33,660.2,660.28,695959.0
2025-09-16 20:20:00+00:00,660.28,660.28,660.2,660.27,22103.0
2025-09-16 20:25:00+00:00,660.26,660.35,660.25,660.33,54320.0
2025-09-16 20:30:00+00:00,660.33,660.4,660.3,660.32,45849.0
2025-09-16 20:35:00+00:00,660.35,660.4,660.32,660.38,43929.0
2025-09-16 20:40:00+00:00,660.39,660.42,660.37,660.38,19824.0
2025-09-16 20:45:00+00:00,660.39,660.3993,660.3,660.3,25878.0
2025-09-16 20:50:00+00:00,660.33,660.39,660.33,660.36,12486.0
2025-09-16 20:55:00+00:00,660.28,660.32,660.03,660.03,8613.0
2025-09-16 21:00:00+00:00,660.05,660.1,660.05,660.1,943.0
2025-09-16 21:05:00+00:00,660.15,660.15,660.15,660.15,285.0
2025-09-16 21:10:00+00:00,660.1998,660.1998,660.0,660.01,5237.0
2025-09-16 21:15:00+00:00,660.02,660.05,660.0,660.01,11017.0
2025-09-16 21:20:00+00:00,660.01,660.02,660.01,660.02,3439.0
2025-09-16 21:25:00+00:00,660.04,660.04,660.03,660.03,554.0
2025-09-16 21:30:00+00:00,660.03,660.03,660.01,660.01,3423.0
2025-09-16 21:35:00+00:00,660.02,660.03,660.011,660.011,2209.0
2025-09-16 21:40:00+00:00,660.01,660.03,659.9,660.03,12013.0
2025-09-16 21:45:00+00:00,659.97,660.03,659.82,659.82,24481.0
2025-09-16 21:50:00+00:00,659.95,660.0,659.79,660.0,23832.0
2025-09-16 21:55:00+00:00,659.95,659.98,659.92,659.94,3340.0
2025-09-16 22:00:00+00:00,659.94,660.07,659.84,659.94,34770.0
2025-09-16 22:05:00+00:00,659.97,660.05,659.97,660.02,17226.0
2025-09-16 22:10:00+00:00,660.02,660.1,659.99,660.1,3044.0
2025-09-16 22:15:00+00:00,660.09,660.101,660.07,660.08,19208.0
2025-09-16 22:20:00+00:00,660.1,660.22,660.1,660.22,11649.0
2025-09-16 22:25:00+00:00,660.2,660.2,660.16,660.2,6682.0
2025-09-16 22:30:00+00:00,660.31,660.33,660.3,660.33,1500.0
2025-09-16 22:35:00+00:00,660.36,660.4,660.33,660.3963,1757.0
2025-09-16 22:40:00+00:00,660.39,660.39,660.31,660.36,2192.0
2025-09-16 22:45:00+00:00,660.34,660.46,660.34,660.46,1794.0
2025-09-16 22:50:00+00:00,660.41,660.43,660.41,660.43,1458.0
2025-09-16 23:00:00+00:00,660.39,660.43,660.39,660.43,1375.0
2025-09-16 23:05:00+00:00,660.39,660.4,660.39,660.4,511.0
2025-09-16 23:10:00+00:00,660.36,660.36,660.29,660.29,478.0
2025-09-16 23:15:00+00:00,660.3,660.3,660.2914,660.2914,573.0
2025-09-16 23:20:00+00:00,660.28,660.28,660.28,660.28,253.0
2025-09-16 23:25:00+00:00,660.27,660.27,660.21,660.21,1688.0
2025-09-16 23:30:00+00:00,660.19,660.2,660.1899,660.2,2284.0
2025-09-16 23:35:00+00:00,660.21,660.29,660.21,660.25,3644.0
2025-09-16 23:40:00+00:00,660.23,660.23,660.23,660.23,382.0
2025-09-16 23:50:00+00:00,660.27,660.28,660.22,660.28,1232.0
2025-09-16 23:55:00+00:00,660.3,660.3,660.28,660.3,866.0
2025-09-17 08:00:00+00:00,660.22,660.26,660.22,660.25,1547.0
2025-09-17 08:05:00+00:00,659.98,660.07,659.98,660.07,6171.0
2025-09-17 08:10:00+00:00,660.03,660.03,660.03,660.03,330.0
2025-09-17 08:15:00+00:00,659.85,659.87,659.75,659.87,1799.0
2025-09-17 08:20:00+00:00,659.87,659.9,659.81,659.9,2583.0
2025-09-17 08:25:00+00:00,659.9,659.93,659.78,659.78,3940.0
2025-09-17 08:30:00+00:00,659.73,659.73,659.51,659.51,9137.0
2025-09-17 08:35:00+00:00,659.4,659.41,658.83,659.3,12554.0
2025-09-17 08:40:00+00:00,658.89,659.07,658.57,659.07,14149.0
2025-09-17 08:45:00+00:00,659.08,659.54,658.99,659.54,4905.0
2025-09-17 08:50:00+00:00,659.5,659.83,659.5,659.77,3251.0
2025-09-17 08:55:00+00:00,659.59,659.59,659.59,659.59,638.0
2025-09-17 09:00:00+00:00,659.72,659.72,659.67,659.67,1806.0
2025-09-17 09:05:00+00:00,659.86,659.91,659.84,659.84,2545.0
2025-09-17 09:15:00+00:00,659.87,659.87,659.78,659.79,3271.0
2025-09-17 09:20:00+00:00,659.85,659.92,659.85,659.92,1301.0
2025-09-17 09:25:00+00:00,659.9,659.9,659.9,659.9,632.0
2025-09-17 09:30:00+00:00,659.96,659.97,659.94,659.97,2173.0
2025-09-17 09:35:00+00:00,660.03,660.05,660.03,660.05,530.0
2025-09-17 09:40:00+00:00,659.99,660.01,659.9,659.9,3265.0
2025-09-17 09:50:00+00:00,659.85,659.85,659.77,659.77,975.0
2025-09-17 09:55:00+00:00,659.81,659.81,659.81,659.81,356.0
2025-09-17 10:00:00+00:00,659.8,659.86,659.8,659.81,776.0
2025-09-17 10:05:00+00:00,659.69,659.74,659.69,659.74,758.0
2025-09-17 10:10:00+00:00,659.76,659.76,659.55,659.55,1396.0
2025-09-17 10:15:00+00:00,659.6,659.64,659.59,659.61,1249.0
2025-09-17 10:20:00+00:00,659.66,659.72,659.66,659.71,3155.0
2025-09-17 10:25:00+00:00,659.59,659.59,659.56,659.56,1825.0
2025-09-17 10:30:00+00:00,659.56,659.56,659.42,659.45,3290.0
2025-09-17 10:35:00+00:00,659.42,659.5,659.33,659.5,3856.0
2025-09-17 10:40:00+00:00,659.54,659.54,659.37,659.37,606.0
2025-09-17 10:45:00+00:00,659.53,659.54,659.38,659.38,2650.0
2025-09-17 10:50:00+00:00,659.3,659.3,659.3,659.3,411.0
2025-09-17 10:55:00+00:00,659.25,659.25,659.19,659.19,5207.0
2025-09-17 11:00:00+00:00,659.37,659.37,659.2,659.2,4223.0
2025-09-17 11:05:00+00:00,659.18,659.43,659.14,659.43,8210.0
2025-09-17 11:10:00+00:00,659.44,659.59,659.44,659.59,2492.0
2025-09-17 11:15:00+00:00,659.7,659.72,659.56,659.56,3340.0
2025-09-17 11:20:00+00:00,659.57,659.68,659.56,659.65,1519.0
2025-09-17 11:25:00+00:00,659.56,659.61,659.53,659.59,20544.0
2025-09-17 11:30:00+00:00,659.55,659.55,659.4,659.42,6491.0
2025-09-17 11:35:00+00:00,659.34,659.34,659.14,659.25,7882.0
2025-09-17 11:40:00+00:00,659.25,659.299,659.2,659.21,5195.0
2025-09-17 11:45:00+00:00,659.35,659.38,659.35,659.36,3319.0
2025-09-17 11:50:00+00:00,659.5,659.59,659.5,659.56,1645.0
2025-09-17 11:55:00+00:00,659.52,659.52,659.41,659.45,2854.0
2025-09-17 12:00:00+00:00,659.57,660.39,659.0,659.5,45370.0
2025-09-17 12:05:00+00:00,659.46,659.47,659.36,659.3817,24786.0
2025-09-17 12:10:00+00:00,659.4,659.53,659.4,659.51,5802.0
2025-09-17 12:15:00+00:00,659.53,659.5596,659.39,659.55,7356.0
2025-09-17 12:20:00+00:00,659.63,659.63,659.5009,659.58,36180.0
2025-09-17 12:25:00+00:00,659.5306,659.69,659.53,659.69,10444.0
2025-09-17 12:30:00+00:00,659.69,659.86,659.69,659.73,87469.0
2025-09-17 12:35:00+00:00,659.72,659.82,659.7,659.8,45794.0
2025-09-17 12:40:00+00:00,659.82,659.87,659.71,659.73,80021.0
2025-09-17 12:45:00+00:00,659.69,659.76,659.54,659.74,4589.0
2025-09-17 12:50:00+00:00,659.69,659.73,659.64,659.71,5268.0
2025-09-17 12:55:00+00:00,659.76,659.88,659.73,659.87,13745.0
2025-09-17 13:00:00+00:00,659.86,659.9,659.79,659.9,6123.0
2025-09-17 13:05:00+00:00,659.8473,659.96,659.82,659.901,92650.0
2025-09-17 13:10:00+00:00,659.93,659.94,659.87,659.87,9861.0
2025-09-17 13:15:00+00:00,659.87,659.95,659.84,659.95,9259.0
2025-09-17 13:20:00+00:00,659.92,659.98,659.779,659.95,9616.0
2025-09-17 13:25:00+00:00,659.91,660.18,659.89,660.06,42698.0
2025-09-17 13:30:00+00:00,660.01,660.56,659.98,660.26,1759327.0
2025-09-17 13:35:00+00:00,660.26,660.44,660.01,660.1255,814576.0
2025-09-17 13:40:00+00:00,660.14,660.2,659.76,659.865,964314.0
2025-09-17 13:45:00+00:00,659.86,660.325,659.64,660.17,1082337.0
2025-09-17 13:50:00+00:00,660.17,660.655,660.1,660.21,997129.0
2025-09-17 13:55:00+00:00,660.21,660.37,659.76,659.88,1121621.0
2025-09-17 14:00:00+00:00,659.88,659.96,659.43,659.5499,939649.0
2025-09-17 14:05:00+00:00,659.55,659.61,659.29,659.4,1012459.0
2025-09-17 14:10:00+00:00,659.395,659.56,659.27,659.46,812508.0
2025-09-17 14:15:00+00:00,659.465,659.58,659.09,659.275,789743.0
2025-09-17 14:20:00+00:00,659.28,659.38,659.1,659.225,795713.0
2025-09-17 14:25:00+00:00,659.225,659.355,659.145,659.16,658405.0
2025-09-17 14:30:00+00:00,659.17,659.445,659.06,659.25,724206.0
2025-09-17 14:35:00+00:00,659.2401,659.38,659.11,659.38,543869.0
2025-09-17 14:40:00+00:00,659.38,659.505,659.18,659.19,546515.0
2025-09-17 14:45:00+00:00,659.19,659.355,659.072,659.2701,455202.0
2025-09-17 14:50:00+00:00,659.26,659.47,659.04,659.44,533291.0
2025-09-17 14:55:00+00:00,659.46,659.64,659.28,659.32,627173.0
2025-09-17 15:00:00+00:00,659.32,659.44,659.155,659.17,321958.0
2025-09-17 15:05:00+00:00,659.17,659.35,658.99,659.34,584313.0
2025-09-17 15:10:00+00:00,659.33,659.555,659.15,659.5,579130.0
2025-09-17 15:15:00+00:00,659.5,659.67,659.4,659.53,331101.0
2025-09-17 15:20:00+00:00,659.53,659.57,659.28,659.3097,326684.0
2025-09-17 15:25:00+00:00,659.3,659.34,658.865,658.94,376805.0
2025-09-17 15:30:00+00:00,658.945,659.15,658.875,659.14,385554.0
2025-09-17 15:35:00+00:00,659.15,659.265,658.93,658.9601,379022.0
2025-09-17 15:40:00+00:00,658.94,659.27,658.88,659.235,356908.0
2025-09-17 15:45:00+00:00,659.24,659.33,658.9887,659.095,358294.0
2025-09-17 15:50:00+00:00,659.1,659.14,658.89,658.96,266858.0
2025-09-17 15:55:00+00:00,658.95,659.31,658.95,659.265,210979.0
2025-09-17 16:00:00+00:00,659.26,659.34,659.05,659.08,180115.0
2025-09-17 16:05:00+00:00,659.07,659.26,658.97,658.99,528180.0
2025-09-17 16:10:00+00:00,658.9845,659.005,658.83,658.88,367834.0
2025-09-17 16:15:00+00:00,658.88,659.01,658.78,658.84,425787.0
2025-09-17 16:20:00+00:00,658.85,658.925,658.73,658.88,206911.0
2025-09-17 16:25:00+00:00,658.87,658.98,658.8,658.93,397221.0
2025-09-17 16:30:00+00:00,658.93,658.985,658.63,658.631,693769.0
2025-09-17 16:35:00+00:00,658.64,658.71,658.325,658.325,422426.0
2025-09-17 16:40:00+00:00,658.33,658.582,658.145,658.562,518981.0
2025-09-17 16:45:00+00:00,658.58,658.58,658.13,658.27,489742.0
2025-09-17 16:50:00+00:00,658.28,658.57,658.28,658.4081,337612.0
2025-09-17 16:55:00+00:00,658.4017,658.49,658.23,658.32,246821.0
2025-09-17 17:00:00+00:00,658.31,658.63,658.295,658.61,481435.0
2025-09-17 17:05:00+00:00,658.61,658.74,658.575,658.6,330223.0
2025-09-17 17:10:00+00:00,658.61,658.63,658.385,658.63,511668.0
2025-09-17 17:15:00+00:00,658.63,658.68,658.49,658.58,187204.0
2025-09-17 17:20:00+00:00,658.58,658.6688,658.37,658.64,308825.0
2025-09-17 17:25:00+00:00,658.635,658.73,658.53,658.645,193553.0
2025-09-17 17:30:00+00:00,658.65,658.95,658.65,658.805,376318.0
2025-09-17 17:35:00+00:00,658.81,659.07,658.7543,659.055,358127.0
2025-09-17 17:40:00+00:00,659.05,659.19,658.86,658.89,532556.0
2025-09-17 17:45:00+00:00,658.89,658.97,658.76,658.875,391179.0
2025-09-17 17:50:00+00:00,658.87,659.135,658.77,659.135,431797.0
2025-09-17 17:55:00+00:00,659.12,659.66,659.05,659.66,483104.0
2025-09-17 18:00:00+00:00,659.658,661.72,659.59,661.61,2985293.0
2025-09-17 18:05:00+00:00,661.59,661.71,660.1,660.21,2769618.0
2025-09-17 18:10:00+00:00,660.17,660.44,657.83,657.83,2675720.0
2025-09-17 18:15:00+00:00,657.83,658.925,657.13,658.66,2282498.0
2025-09-17 18:20:00+00:00,658.64,659.84,657.72,659.55,1479814.0
2025-09-17 18:25:00+00:00,659.55,660.37,659.05,660.35,1074675.0
2025-09-17 18:30:00+00:00,660.36,660.57,657.9,658.29,1878996.0
2025-09-17 18:35:00+00:00,658.34,659.27,656.83,656.89,2296187.0
2025-09-17 18:40:00+00:00,656.89,658.17,656.01,656.735,3228516.0
2025-09-17 18:45:00+00:00,656.745,657.61,655.3375,656.92,2893013.0
2025-09-17 18:50:00+00:00,656.91,657.21,654.3,654.8499,3007609.0
2025-09-17 18:55:00+00:00,654.85,657.84,654.83,657.715,2749076.0
2025-09-17 19:00:00+00:00,657.69,659.32,657.505,658.83,2281299.0
2025-09-17 19:05:00+00:00,658.86,660.285,658.45,659.5,2438723.0
2025-09-17 19:10:00+00:00,659.51,660.27,657.8,658.18,1789265.0
2025-09-17 19:15:00+00:00,658.19,659.93,658.17,659.17,2132313.0
2025-09-17 19:20:00+00:00,659.17,660.42,658.78,660.14,1594226.0
2025-09-17 19:25:00+00:00,660.2,660.68,659.76,660.185,1451496.0
2025-09-17 19:30:00+00:00,660.2,660.57,659.02,659.46,1231324.0
2025-09-17 19:35:00+00:00,659.47,660.34,659.34,659.4,1486663.0
2025-09-17 19:40:00+00:00,659.42,659.93,659.165,659.61,1083022.0
2025-09-17 19:45:00+00:00,659.61,659.68,658.9699,659.46,1713314.0
2025-09-17 19:50:00+00:00,659.45,659.86,658.8,659.325,2464740.0
2025-09-17 19:55:00+00:00,659.39,659.91,658.5,659.18,4768270.0
2025-09-17 20:00:00+00:00,659.18,659.81,659.17,659.61,470050.0
2025-09-17 20:05:00+00:00,659.64,660.01,659.56,659.81,303398.0
2025-09-17 20:10:00+00:00,659.82,659.97,659.2168,659.55,3460431.0
2025-09-17 20:15:00+00:00,659.56,659.59,659.13,659.4,6000232.0
2025-09-17 20:20:00+00:00,659.44,659.47,659.21,659.3,5763292.0
2025-09-17 20:25:00+00:00,659.2801,659.69,659.2801,659.67,31495.0
2025-09-17 20:30:00+00:00,659.68,659.99,659.65,659.99,60714.0
2025-09-17 20:35:00+00:00,659.98,659.98,659.7,659.79,13679.0
2025-09-17 20:40:00+00:00,659.685,659.72,659.63,659.71,9602.0
2025-09-17 20:45:00+00:00,659.67,659.69,659.5,659.51,12526.0
2025-09-17 20:50:00+00:00,659.51,659.51,659.4,659.4,7117.0
2025-09-17 20:55:00+00:00,659.4,659.72,659.4,659.71,51007.0
2025-09-17 21:00:00+00:00,659.66,659.66,659.66,659.66,439374.0
2025-09-17 21:05:00+00:00,659.64,659.64,659.6,659.64,5081.0
2025-09-17 21:10:00+00:00,659.6242,659.67,659.6242,659.67,479.0
2025-09-17 21:15:00+00:00,659.7,659.7,659.5819,659.6,3605.0
2025-09-17 21:20:00+00:00,659.57,659.57,659.5504,659.5504,3134.0
2025-09-17 21:25:00+00:00,659.56,659.6,659.56,659.6,4167.0
2025-09-17 21:30:00+00:00,659.62,659.62,659.58,659.58,4037.0
2025-09-17 21:35:00+00:00,659.64,659.64,659.58,659.58,1231.0
2025-09-17 21:40:00+00:00,659.59,659.59,659.59,659.59,163.0
2025-09-17 21:45:00+00:00,659.61,659.61,659.61,659.61,178.0
2025-09-17 21:50:00+00:00,659.65,659.65,659.58,659.58,4439.0
2025-09-17 21:55:00+00:00,659.65,659.65,659.65,659.65,319.0
2025-09-17 22:00:00+00:00,659.7,659.8,659.55,659.8,13604.0
2025-09-17 22:05:00+00:00,659.84,659.98,659.84,659.9299,4514.0
2025-09-17 22:10:00+00:00,659.93,660.06,659.89,660.06,9099.0
2025-09-17 22:15:00+00:00,660.06,660.1,660.03,660.04,2594.0
2025-09-17 22:20:00+00:00,660.06,660.21,660.04,660.21,6952.0
2025-09-17 22:25:00+00:00,660.24,660.44,660.24,660.34,9401.0
2025-09-17 22:30:00+00:00,660.37,660.5,660.34,660.5,6561.0
2025-09-17 22:35:00+00:00,660.53,660.65,660.5,660.65,22844.0
2025-09-17 22:40:00+00:00,660.65,660.89,660.62,660.83,40794.0
2025-09-17 22:45:00+00:00,660.82,661.25,660.79,661.16,55622.0
2025-09-17 22:50:00+00:00,661.2,661.39,661.18,661.37,17577.0
2025-09-17 22:55:00+00:00,661.35,661.35,661.18,661.18,12242.0
2025-09-17 23:00:00+00:00,661.21,661.77,661.21,661.4,31113.0
2025-09-17 23:05:00+00:00,661.4,661.45,661.3,661.33,9259.0
2025-09-17 23:10:00+00:00,661.38,661.51,661.27,661.34,34888.0
2025-09-17 23:15:00+00:00,661.34,661.45,661.3,661.36,9077.0
2025-09-17 23:20:00+00:00,661.41,661.55,661.37,661.44,7243.0
2025-09-17 23:25:00+00:00,661.38,661.38,661.36,661.36,3012.0
2025-09-17 23:30:00+00:00,661.45,661.5201,661.3801,661.5,7713.0
2025-09-17 23:35:00+00:00,661.46,661.46,661.38,661.42,4977.0
2025-09-17 23:40:00+00:00,661.36,661.36,661.2,661.2308,9395.0
2025-09-17 23:45:00+00:00,661.3682,661.48,661.35,661.48,2213.0
2025-09-17 23:50:00+00:00,661.47,661.48,661.4,661.47,3607.0
2025-09-17 23:55:00+00:00,661.52,661.52,661.45,661.49,6464.0
2025-09-18 08:00:00+00:00,663.11,663.5,663.04,663.5,16897.0
2025-09-18 08:05:00+00:00,663.49,663.5,663.27,663.36,8988.0
2025-09-18 08:10:00+00:00,663.66,663.73,663.65,663.65,5548.0
2025-09-18 08:15:00+00:00,663.6,663.75,663.54,663.7,22084.0
2025-09-18 08:20:00+00:00,663.66,663.7,663.59,663.7,12910.0
2025-09-18 08:25:00+00:00,663.75,663.88,663.68,663.88,6880.0
2025-09-18 08:30:00+00:00,663.86,664.03,663.81,663.96,9366.0
2025-09-18 08:35:00+00:00,663.95,664.15,663.95,664.15,1627.0
2025-09-18 08:40:00+00:00,664.11,664.11,664.09,664.09,5326.0
2025-09-18 08:45:00+00:00,664.16,664.55,664.16,664.55,12390.0
2025-09-18 08:50:00+00:00,664.66,664.82,664.66,664.81,23944.0
2025-09-18 08:55:00+00:00,664.81,665.02,664.79,664.95,14449.0
2025-09-18 09:00:00+00:00,664.95,665.0,664.85,664.85,4758.0
2025-09-18 09:05:00+00:00,664.78,665.0,664.78,665.0,5163.0
2025-09-18 09:10:00+00:00,665.02,665.07,664.58,664.58,9766.0
2025-09-18 09:15:00+00:00,664.7,664.8,664.7,664.78,3936.0
2025-09-18 09:20:00+00:00,664.7,664.79,664.62,664.62,8702.0
2025-09-18 09:25:00+00:00,664.56,664.81,664.54,664.75,17713.0
2025-09-18 09:30:00+00:00,664.75,664.94,664.75,664.94,9091.0
2025-09-18 09:35:00+00:00,664.93,665.1,664.9,665.0,23700.0
2025-09-18 09:40:00+00:00,664.99,664.99,664.8,664.83,6861.0
2025-09-18 09:45:00+00:00,664.82,664.9,664.72,664.72,15398.0
2025-09-18 09:50:00+00:00,664.85,665.04,664.79,664.79,12391.0
2025-09-18 09:55:00+00:00,664.73,665.0,664.66,664.67,20516.0
2025-09-18 10:00:00+00:00,664.69,664.74,664.56,664.74,3056.0
2025-09-18 10:05:00+00:00,664.78,664.9,664.75,664.86,8582.0
2025-09-18 10:10:00+00:00,664.87,664.87,664.86,664.86,2675.0
2025-09-18 10:15:00+00:00,664.84,664.85,664.71,664.71,2569.0
2025-09-18 10:20:00+00:00,664.72,664.75,664.58,664.58,8985.0
2025-09-18 10:25:00+00:00,664.58,664.58,664.35,664.37,72279.0
2025-09-18 10:30:00+00:00,664.37,664.4,664.15,664.22,34599.0
2025-09-18 10:35:00+00:00,664.25,664.26,664.14,664.22,14014.0
2025-09-18 10:40:00+00:00,664.26,664.27,664.15,664.17,13166.0
2025-09-18 10:45:00+00:00,664.21,664.21,664.0,664.0,8298.0
2025-09-18 10:50:00+00:00,664.04,664.04,663.85,663.93,13646.0
2025-09-18 10:55:00+00:00,663.96,664.12,663.92,664.12,17902.0
2025-09-18 11:00:00+00:00,664.18,664.57,663.91,664.43,19919.0
2025-09-18 11:05:00+00:00,664.43,664.57,664.34,664.54,18615.0
2025-09-18 11:10:00+00:00,664.63,664.8,664.5,664.5,59065.0
2025-09-18 11:15:00+00:00,664.68,664.7,664.5,664.53,22292.0
2025-09-18 11:20:00+00:00,664.53,664.76,664.53,664.59,55583.0
2025-09-18 11:25:00+00:00,664.52,664.52,664.38,664.5,21167.0
2025-09-18 11:30:00+00:00,664.47,664.47,664.33,664.34,59562.0
2025-09-18 11:35:00+00:00,664.3,664.39,664.25,664.27,16666.0
2025-09-18 11:40:00+00:00,664.15,664.16,663.8,663.91,19378.0
2025-09-18 11:45:00+00:00,663.89,664.04,663.78,663.87,24712.0
2025-09-18 11:50:00+00:00,663.92,663.97,663.82,663.84,13988.0
2025-09-18 11:55:00+00:00,663.91,664.11,663.86,664.1,9634.0
2025-09-18 12:00:00+00:00,664.55,665.01,661.3,664.0211,89590.0
2025-09-18 12:05:00+00:00,664.05,664.16,663.86,663.86,20430.0
2025-09-18 12:10:00+00:00,663.8,663.88,663.65,663.88,21000.0
2025-09-18 12:15:00+00:00,663.85,663.92,663.66,663.88,32244.0
2025-09-18 12:20:00+00:00,663.9,664.22,663.9,664.06,51956.0
2025-09-18 12:25:00+00:00,664.1,664.35,664.091,664.2,77486.0
2025-09-18 12:30:00+00:00,664.23,664.3,663.6,663.6796,71691.0
2025-09-18 12:35:00+00:00,663.68,663.86,663.61,663.61,16875.0
2025-09-18 12:40:00+00:00,663.6,663.65,663.48,663.48,53555.0
2025-09-18 12:45:00+00:00,663.55,663.59,663.44,663.52,27375.0
2025-09-18 12:50:00+00:00,663.47,663.47,662.93,662.99,39659.0
2025-09-18 12:55:00+00:00,662.97,663.09,659.2174,662.47,158201.0
2025-09-18 13:00:00+00:00,662.49,662.53,661.79,661.86,94103.0
2025-09-18 13:05:00+00:00,661.94,662.12,661.4,662.11,157022.0
2025-09-18 13:10:00+00:00,662.07,662.2,661.86,661.9781,84894.0
2025-09-18 13:15:00+00:00,661.96,662.38,661.9,661.9,120814.0
2025-09-18 13:20:00+00:00,661.93,662.09,661.91,662.02,29085.0
2025-09-18 13:25:00+00:00,662.03,662.2,661.7161,661.88,109445.0
2025-09-18 13:30:00+00:00,661.89,662.27,661.34,661.99,2806078.0
2025-09-18 13:35:00+00:00,661.99,662.44,661.685,661.695,1713704.0
2025-09-18 13:40:00+00:00,661.695,661.86,660.76,660.77,2476105.0
2025-09-18 13:45:00+00:00,660.77,661.47,660.27,661.45,2324544.0
2025-09-18 13:50:00+00:00,661.45,662.29,661.25,661.33,1836337.0
2025-09-18 13:55:00+00:00,661.33,662.09,660.945,662.06,1573151.0
2025-09-18 14:00:00+00:00,662.06,662.85,662.0,662.74,1502554.0
2025-09-18 14:05:00+00:00,662.74,663.5,662.74,663.495,1690336.0
2025-09-18 14:10:00+00:00,663.5,663.76,663.4101,663.62,2109768.0
2025-09-18 14:15:00+00:00,663.6,664.11,663.53,664.1,1530280.0
2025-09-18 14:20:00+00:00,664.09,664.21,663.625,664.07,1413035.0
2025-09-18 14:25:00+00:00,664.07,664.49,664.05,664.4,1180112.0
2025-09-18 14:30:00+00:00,664.38,664.89,664.3601,664.39,1279290.0
2025-09-18 14:35:00+00:00,664.39,664.41,663.8,663.8,1252382.0
2025-09-18 14:40:00+00:00,663.81,664.05,663.49,663.5,1043479.0
2025-09-18 14:45:00+00:00,663.49,663.834137,663.315,663.57,1062549.0
2025-09-18 14:50:00+00:00,663.57,663.57,662.865,662.88,923062.0
2025-09-18 14:55:00+00:00,662.885,663.155,662.715,662.77,1002361.0
2025-09-18 15:00:00+00:00,662.77,663.26,662.74,662.96,1016290.0
2025-09-18 15:05:00+00:00,662.975,663.29,662.6,662.84,943273.0
2025-09-18 15:10:00+00:00,662.85,663.11,662.63,662.89,625384.0
2025-09-18 15:15:00+00:00,662.91,663.76,662.76,663.7457,936284.0
2025-09-18 15:20:00+00:00,663.77,663.99,663.32,663.465,1073402.0
2025-09-18 15:25:00+00:00,663.47,663.7,663.19,663.325,667774.0
2025-09-18 15:30:00+00:00,663.31,663.94,663.31,663.64,687030.0
2025-09-18 15:35:00+00:00,663.64,663.75,663.56,663.7,511607.0
2025-09-18 15:40:00+00:00,663.7,663.78,663.3101,663.41,404797.0
2025-09-18 15:45:00+00:00,663.41,663.475,663.14,663.2128,523360.0
2025-09-18 15:50:00+00:00,663.22,663.24,662.28,662.625,799990.0
2025-09-18 15:55:00+00:00,662.64,662.77,662.1751,662.5999,770576.0
2025-09-18 16:00:00+00:00,662.575,662.96,662.48,662.925,639796.0
2025-09-18 16:05:00+00:00,662.92,663.0,662.395,662.48,562417.0
2025-09-18 16:10:00+00:00,662.4743,663.12,662.31,663.08,527266.0
2025-09-18 16:15:00+00:00,663.06,663.44,663.03,663.16,630084.0
2025-09-18 16:20:00+00:00,663.14,663.44,663.04,663.3423,387358.0
2025-09-18 16:25:00+00:00,663.3455,663.5599,663.26,663.46,793258.0
2025-09-18 16:30:00+00:00,663.46,663.84,663.44,663.745,816641.0
2025-09-18 16:35:00+00:00,663.74,663.92,663.69,663.865,832751.0
2025-09-18 16:40:00+00:00,663.865,664.06,663.7729,663.98,586615.0
2025-09-18 16:45:00+00:00,663.995,664.19,663.87,664.06,474536.0
2025-09-18 16:50:00+00:00,664.07,664.1,663.86,664.0,410457.0
2025-09-18 16:55:00+00:00,664.0,664.13,663.8,664.045,658290.0
2025-09-18 17:00:00+00:00,664.04,664.23,663.83,663.8699,587988.0
2025-09-18 17:05:00+00:00,663.87,664.0377,663.73,663.93,653526.0
2025-09-18 17:10:00+00:00,663.87,663.95,663.74,663.76,1350890.0
2025-09-18 17:15:00+00:00,663.78,663.94,663.7,663.73,350348.0
2025-09-18 17:20:00+00:00,663.74,663.82,663.48,663.48,982974.0
2025-09-18 17:25:00+00:00,663.5,663.54,663.265,663.32,612454.0
2025-09-18 17:30:00+00:00,663.32,663.45,663.06,663.0699,408405.0
2025-09-18 17:35:00+00:00,663.065,663.095,662.66,663.0861,1111214.0
2025-09-18 17:40:00+00:00,663.085,663.097,662.725,662.91,563321.0
2025-09-18 17:45:00+00:00,662.915,663.06,662.68,662.84,390161.0
2025-09-18 17:50:00+00:00,662.86,663.14,662.65,663.075,425564.0
2025-09-18 17:55:00+00:00,663.07,663.1299,662.52,662.79,502511.0
2025-09-18 18:00:00+00:00,662.79,663.0599,662.64,663.015,497009.0
2025-09-18 18:05:00+00:00,663.025,663.275,662.98,663.07,532433.0
2025-09-18 18:10:00+00:00,663.06,663.06,662.59,662.81,558899.0
2025-09-18 18:15:00+00:00,662.815,663.0575,662.69,662.75,342936.0
2025-09-18 18:20:00+00:00,662.7501,662.92,662.6851,662.85,460279.0
2025-09-18 18:25:00+00:00,662.85,663.08,662.77,662.775,351709.0
2025-09-18 18:30:00+00:00,662.78,663.035,662.78,663.005,343850.0
2025-09-18 18:35:00+00:00,663.01,663.07,662.77,662.865,939856.0
2025-09-18 18:40:00+00:00,662.86,662.955,662.34,662.445,662091.0
2025-09-18 18:45:00+00:00,662.44,663.14,662.38,662.99,756417.0
2025-09-18 18:50:00+00:00,662.99,663.4,662.99,663.34,735448.0
2025-09-18 18:55:00+00:00,663.34,663.51,663.23,663.24,613391.0
2025-09-18 19:00:00+00:00,663.24,663.43,663.1701,663.215,1036055.0
2025-09-18 19:05:00+00:00,663.21,663.44,663.2,663.36,631517.0
2025-09-18 19:10:00+00:00,663.38,663.4,663.06,663.1,744507.0
2025-09-18 19:15:00+00:00,663.105,663.2,662.91,663.1242,1020967.0
2025-09-18 19:20:00+00:00,663.13,663.15,662.72,662.835,1963544.0
2025-09-18 19:25:00+00:00,662.83,662.9,662.68,662.71,1049270.0
2025-09-18 19:30:00+00:00,662.7,662.88,662.41,662.53,1011419.0
2025-09-18 19:35:00+00:00,662.53,662.68,662.23,662.41,1237150.0
2025-09-18 19:40:00+00:00,662.41,662.615,662.15,662.39,1031230.0
2025-09-18 19:45:00+00:00,662.39,662.45,661.955,662.2,2401430.0
2025-09-18 19:50:00+00:00,662.19,663.04,662.05,662.94,3241180.0
2025-09-18 19:55:00+00:00,662.94,662.98,662.22,662.28,5873067.0
2025-09-18 20:00:00+00:00,662.32,662.71,662.18,662.49,417023.0
2025-09-18 20:05:00+00:00,662.49,663.1308,662.49,662.76,1704014.0
2025-09-18 20:10:00+00:00,662.72,662.74,662.34,662.34,1364572.0
2025-09-18 20:15:00+00:00,662.34,662.5,662.29,662.5,697911.0
2025-09-18 20:20:00+00:00,662.5499,662.8,662.36,662.36,182298.0
2025-09-18 20:25:00+00:00,662.78,662.82,662.74,662.82,83677.0
2025-09-18 20:30:00+00:00,662.83,662.94,662.82,662.9,48992.0
2025-09-18 20:35:00+00:00,662.861,662.94,662.8601,662.9001,38699.0
2025-09-18 20:40:00+00:00,662.94,662.95,662.88,662.95,141846.0
2025-09-18 20:45:00+00:00,662.96,663.06,662.3648,663.0,106188.0
2025-09-18 20:50:00+00:00,662.979,662.98,662.96,662.98,2463.0
2025-09-18 20:55:00+00:00,662.99,663.06,662.95,662.98,44254.0
2025-09-18 21:00:00+00:00,662.99,662.99,662.98,662.99,8582.0
2025-09-18 21:05:00+00:00,663.0,663.0,662.98,662.98,5378.0
2025-09-18 21:10:00+00:00,662.98,663.0,662.98,662.99,9470.0
2025-09-18 21:15:00+00:00,663.0,663.01,662.98,662.98,2407.0
2025-09-18 21:20:00+00:00,663.0,663.0199,663.0,663.0199,773.0
2025-09-18 21:25:00+00:00,662.98,663.02,662.98,663.02,20869.0
2025-09-18 21:30:00+00:00,663.02,663.04,663.0,663.0,6380.0
2025-09-18 21:35:00+00:00,662.99,663.0,662.99,662.9997,2800.0
2025-09-18 21:40:00+00:00,662.9901,663.0,662.99,663.0,3453.0
2025-09-18 21:45:00+00:00,663.02,663.02,662.99,663.02,675.0
2025-09-18 21:50:00+00:00,663.04,663.04,663.0,663.0,2788.0
2025-09-18 21:55:00+00:00,663.0,663.03,662.99,663.0,10044.0
2025-09-18 22:00:00+00:00,663.03,663.43,662.99,663.3156,25644.0
2025-09-18 22:05:00+00:00,663.3483,663.44,663.33,663.44,8854.0
2025-09-18 22:10:00+00:00,663.45,663.5,663.4,663.44,26300.0
2025-09-18 22:15:00+00:00,663.5,663.54,663.42,663.45,5049.0
2025-09-18 22:20:00+00:00,663.4,663.5,663.377,663.5,7452.0
2025-09-18 22:25:00+00:00,663.5,663.5799,663.4701,663.55,5619.0
2025-09-18 22:30:00+00:00,663.5,663.5001,663.36,663.36,8148.0
2025-09-18 22:35:00+00:00,663.35,663.37,663.1,663.1,11711.0
2025-09-18 22:40:00+00:00,663.08,663.08,662.8898,662.9191,7303.0
2025-09-18 22:45:00+00:00,663.0,663.17,663.0,663.17,3255.0
2025-09-18 22:50:00+00:00,663.14,663.32,663.13,663.27,4096.0
2025-09-18 22:55:00+00:00,663.3,663.5,663.3,663.5,1849.0
2025-09-18 23:00:00+00:00,663.5,663.51,663.5,663.51,1398.0
2025-09-18 23:05:00+00:00,663.46,663.51,663.46,663.51,1734.0
2025-09-18 23:10:00+00:00,663.51,663.5501,663.4059,663.4059,2026.0
2025-09-18 23:15:00+00:00,663.4,663.5,663.4,663.5,3713.0
2025-09-18 23:20:00+00:00,663.48,663.54,663.48,663.5,2261.0
2025-09-18 23:25:00+00:00,663.47,663.47,663.43,663.43,2017.0
2025-09-18 23:30:00+00:00,663.49,663.5,663.47,663.5,1562.0
2025-09-18 23:35:00+00:00,663.6,663.66,663.6,663.66,8503.0
2025-09-18 23:40:00+00:00,663.66,663.66,663.58,663.61,4471.0
2025-09-18 23:45:00+00:00,663.55,663.58,663.55,663.55,673.0
2025-09-18 23:50:00+00:00,663.51,663.6,663.47,663.47,7616.0
2025-09-18 23:55:00+00:00,663.51,663.58,663.4,663.41,25150.0
2025-09-19 08:00:00+00:00,660.5,661.1,660.38,660.51,9501.0
2025-09-19 08:05:00+00:00,660.59,660.79,660.59,660.79,7534.0
2025-09-19 08:10:00+00:00,660.84,660.91,660.83,660.91,1971.0
2025-09-19 08:15:00+00:00,660.82,660.98,660.82,660.97,2225.0
2025-09-19 08:20:00+00:00,660.98,661.05,660.97,660.98,4824.0
2025-09-19 08:25:00+00:00,660.98,660.98,660.89,660.95,5169.0
2025-09-19 08:30:00+00:00,661.02,661.09,661.02,661.07,2409.0
2025-09-19 08:35:00+00:00,661.11,661.11,661.11,661.11,494.0
2025-09-19 08:40:00+00:00,661.09,661.09,660.9,660.9,4283.0
2025-09-19 08:45:00+00:00,660.95,660.98,660.93,660.95,1727.0
2025-09-19 08:50:00+00:00,660.87,661.02,660.87,660.91,5051.0
2025-09-19 08:55:00+00:00,660.84,660.97,660.84,660.97,1576.0
2025-09-19 09:00:00+00:00,660.95,660.97,660.95,660.97,883.0
2025-09-19 09:05:00+00:00,661.01,661.09,661.01,661.09,1723.0
2025-09-19 09:10:00+00:00,661.01,661.01,660.89,660.89,882.0
2025-09-19 09:15:00+00:00,660.9,660.9,660.9,660.9,547.0
2025-09-19 09:25:00+00:00,661.22,661.24,661.16,661.16,2058.0
2025-09-19 09:30:00+00:00,661.16,661.39,661.16,661.34,4413.0
2025-09-19 09:35:00+00:00,661.34,661.39,661.34,661.39,589.0
2025-09-19 09:40:00+00:00,661.36,661.4,661.3,661.3,1933.0
2025-09-19 09:45:00+00:00,661.31,661.36,661.24,661.32,1434.0
2025-09-19 09:50:00+00:00,661.22,661.22,660.92,661.0,5282.0
2025-09-19 09:55:00+00:00,661.0,661.07,660.97,661.06,2811.0
2025-09-19 10:00:00+00:00,660.88,660.97,660.81,660.97,4907.0
2025-09-19 10:05:00+00:00,660.96,660.99,660.96,660.99,453.0
2025-09-19 10:10:00+00:00,661.06,661.1,660.97,660.98,1925.0
2025-09-19 10:15:00+00:00,661.08,661.3,661.08,661.3,4866.0
2025-09-19 10:20:00+00:00,661.1,661.1,661.0,661.0,2473.0
2025-09-19 10:25:00+00:00,661.04,661.19,661.04,661.19,6772.0
2025-09-19 10:30:00+00:00,661.15,661.18,661.11,661.11,10889.0
2025-09-19 10:35:00+00:00,661.14,661.33,661.1,661.32,16552.0
2025-09-19 10:40:00+00:00,661.32,661.4,661.31,661.31,9039.0
2025-09-19 10:45:00+00:00,661.32,661.32,661.17,661.17,4357.0
2025-09-19 10:50:00+00:00,661.13,661.2,661.11,661.13,4165.0
2025-09-19 10:55:00+00:00,661.12,661.39,661.01,661.39,10707.0
2025-09-19 11:00:00+00:00,661.38,661.66,661.38,661.44,17583.0
2025-09-19 11:05:00+00:00,661.49,661.52,661.35,661.43,5192.0
2025-09-19 11:10:00+00:00,661.43,661.43,661.12,661.2,25790.0
2025-09-19 11:15:00+00:00,661.22,661.33,661.21,661.33,2275.0
2025-09-19 11:20:00+00:00,661.3,661.36,661.24,661.36,7606.0
2025-09-19 11:25:00+00:00,661.3,661.5,661.28,661.47,17975.0
2025-09-19 11:30:00+00:00,661.4,661.46,661.33,661.46,11226.0
2025-09-19 11:35:00+00:00,661.49,661.55,661.46,661.54,15819.0
2025-09-19 11:40:00+00:00,661.56,661.56,661.38,661.38,19182.0
2025-09-19 11:45:00+00:00,661.32,661.47,661.3,661.4,24685.0
2025-09-19 11:50:00+00:00,661.51,661.65,661.5,661.63,12935.0
2025-09-19 11:55:00+00:00,661.63,661.63,661.55,661.61,16707.0
2025-09-19 12:00:00+00:00,661.57,661.84,659.62,661.82,93567.0
2025-09-19 12:05:00+00:00,661.82,661.9,661.7083,661.7083,14648.0
2025-09-19 12:10:00+00:00,661.74,661.81,661.73,661.77,24393.0
2025-09-19 12:15:00+00:00,661.78,661.79,661.73,661.7899,13837.0
2025-09-19 12:20:00+00:00,661.79,661.9,661.72,661.89,14573.0
2025-09-19 12:25:00+00:00,661.89,662.16,661.82,662.07,30854.0
2025-09-19 12:30:00+00:00,662.04,662.1388,661.99,661.9983,18691.0
2025-09-19 12:35:00+00:00,661.95,662.09,661.88,661.99,35941.0
2025-09-19 12:40:00+00:00,661.99,662.11,661.82,661.84,35403.0
2025-09-19 12:45:00+00:00,661.9099,662.19,661.89,662.19,29199.0
2025-09-19 12:50:00+00:00,662.2,662.2,661.82,661.88,51064.0
2025-09-19 12:55:00+00:00,661.85,661.9,661.79,661.87,19777.0
2025-09-19 13:00:00+00:00,661.85,662.12,661.79,662.12,29299.0
2025-09-19 13:05:00+00:00,662.12,662.22,662.1,662.22,106210.0
2025-09-19 13:10:00+00:00,662.23,662.36,662.23,662.32,22354.0
2025-09-19 13:15:00+00:00,662.36,662.52,662.345,662.41,25624.0
2025-09-19 13:20:00+00:00,662.42,662.64,662.4,662.54,36552.0
2025-09-19 13:25:00+00:00,662.57,662.83,662.25,662.33,147581.0
2025-09-19 13:30:00+00:00,662.33,662.37,661.44,661.49,3266226.0
2025-09-19 13:35:00+00:00,661.5,661.685,661.32,661.68,1636297.0
2025-09-19 13:40:00+00:00,661.68,662.09,661.4619,661.62,1541033.0
2025-09-19 13:45:00+00:00,661.63,662.54,661.47,662.41,1391289.0
2025-09-19 13:50:00+00:00,662.41,662.7,662.25,662.49,1173555.0
2025-09-19 13:55:00+00:00,662.49,662.57,661.96,662.15,895872.0
2025-09-19 14:00:00+00:00,662.14,662.2579,661.92,662.2,860383.0
2025-09-19 14:05:00+00:00,662.19,662.4,661.97,662.02,700037.0
2025-09-19 14:10:00+00:00,662.01,662.32,661.87,662.075,709999.0
2025-09-19 14:15:00+00:00,662.075,662.13,661.8,661.935,726441.0
2025-09-19 14:20:00+00:00,661.93,662.16,661.67,662.035,631261.0
2025-09-19 14:25:00+00:00,662.03,662.16,661.83,661.92,677026.0
2025-09-19 14:30:00+00:00,661.9,662.19,661.81,662.12,537380.0
2025-09-19 14:35:00+00:00,662.12,662.21,661.78,661.86,487438.0
2025-09-19 14:40:00+00:00,661.8549,661.87,661.35,661.35,648890.0
2025-09-19 14:45:00+00:00,661.35,661.45,660.96,661.3,809783.0
2025-09-19 14:50:00+00:00,661.29,661.95,661.11,661.6099,2171997.0
2025-09-19 14:55:00+00:00,661.6,661.655,661.235,661.59,719807.0
2025-09-19 15:00:00+00:00,661.59,661.945,661.205,661.23,1151334.0
2025-09-19 15:05:00+00:00,661.21,661.29,661.04,661.14,661274.0
2025-09-19 15:10:00+00:00,661.14,661.25,660.9,661.02,8697251.0
2025-09-19 15:15:00+00:00,661.015,661.06,660.845,660.99,1183657.0
2025-09-19 15:20:00+00:00,660.99,661.34,660.64,661.11,1643656.0
2025-09-19 15:25:00+00:00,661.11,661.16,660.63,660.76,1033142.0
2025-09-19 15:30:00+00:00,660.74,660.74,660.37,660.6599,688920.0
2025-09-19 15:35:00+00:00,660.65,660.91,660.555,660.74,473959.0
2025-09-19 15:40:00+00:00,660.75,661.31,660.7421,661.09,635211.0
2025-09-19 15:45:00+00:00,661.08,661.242,660.9762,661.17,651671.0
2025-09-19 15:50:00+00:00,661.17,661.57,661.1399,661.55,495148.0
2025-09-19 15:55:00+00:00,661.55,661.615,661.37,661.6,639025.0
2025-09-19 16:00:00+00:00,661.59,662.11,661.57,662.019,828489.0
2025-09-19 16:05:00+00:00,662.01,662.205,661.955,662.0349,682268.0
2025-09-19 16:10:00+00:00,662.04,662.38,662.04,662.2523,575074.0
2025-09-19 16:15:00+00:00,662.255,662.4213,662.2016,662.4,686395.0
2025-09-19 16:20:00+00:00,662.4,662.68,662.31,662.51,651993.0
2025-09-19 16:25:00+00:00,662.51,662.5701,662.4001,662.49,510752.0
2025-09-19 16:30:00+00:00,662.48,662.555,662.13,662.24,539298.0
2025-09-19 16:35:00+00:00,662.2492,662.49,662.2492,662.31,428086.0
2025-09-19 16:40:00+00:00,662.31,662.5817,662.3,662.58,488220.0
2025-09-19 16:45:00+00:00,662.58,662.76,662.46,662.5701,601784.0
2025-09-19 16:50:00+00:00,662.5719,662.58,662.38,662.47,334497.0
2025-09-19 16:55:00+00:00,662.47,662.55,662.39,662.53,352353.0
2025-09-19 17:00:00+00:00,662.54,662.66,662.5,662.525,323394.0
2025-09-19 17:05:00+00:00,662.52,662.56,662.26,662.3011,430644.0
2025-09-19 17:10:00+00:00,662.32,662.42,662.21,662.42,375484.0
2025-09-19 17:15:00+00:00,662.41,662.5,662.38,662.405,331125.0
2025-09-19 17:20:00+00:00,662.405,662.51,662.335,662.46,289613.0
2025-09-19 17:25:00+00:00,662.47,662.495,662.245,662.48,345274.0
2025-09-19 17:30:00+00:00,662.48,662.78,662.455,662.65,1259028.0
2025-09-19 17:35:00+00:00,662.645,662.79,662.55,662.7001,397694.0
2025-09-19 17:40:00+00:00,662.71,662.8395,662.545,662.735,397538.0
2025-09-19 17:45:00+00:00,662.74,662.83,662.665,662.77,420986.0
2025-09-19 17:50:00+00:00,662.7749,662.89,662.6851,662.73,404858.0
2025-09-19 17:55:00+00:00,662.73,662.77,662.6,662.69,579434.0
2025-09-19 18:00:00+00:00,662.69,662.735,662.51,662.72,496519.0
2025-09-19 18:05:00+00:00,662.74,662.775,662.62,662.6975,620600.0
2025-09-19 18:10:00+00:00,662.69,662.74,662.6,662.71,578601.0
2025-09-19 18:15:00+00:00,662.715,662.83,662.555,662.605,707952.0
2025-09-19 18:20:00+00:00,662.61,662.75,662.45,662.45,487209.0
2025-09-19 18:25:00+00:00,662.44,662.56,662.325,662.53,574787.0
2025-09-19 18:30:00+00:00,662.52,662.755,662.42,662.675,559316.0
2025-09-19 18:35:00+00:00,662.6768,662.825,662.66,662.74,360813.0
2025-09-19 18:40:00+00:00,662.74,662.87,662.69,662.8,441803.0
2025-09-19 18:45:00+00:00,662.8,662.85,662.56,662.63,1579344.0
2025-09-19 18:50:00+00:00,662.635,662.735,662.54,662.67,589428.0
2025-09-19 18:55:00+00:00,662.67,663.11,662.66,663.09,968947.0
2025-09-19 19:00:00+00:00,663.09,663.49,663.04,663.115,2076721.0
2025-09-19 19:05:00+00:00,663.11,663.32,663.085,663.2801,1087120.0
2025-09-19 19:10:00+00:00,663.28,663.4599,663.245,663.38,805256.0
2025-09-19 19:15:00+00:00,663.38,663.56,663.375,663.465,1247279.0
2025-09-19 19:20:00+00:00,663.46,663.49,663.34,663.38,1455689.0
2025-09-19 19:25:00+00:00,663.38,664.0499,663.38,663.8,1436413.0
2025-09-19 19:30:00+00:00,663.79,663.855,663.6,663.64,1135520.0
2025-09-19 19:35:00+00:00,663.645,663.695,663.53,663.645,1026156.0
2025-09-19 19:40:00+00:00,663.645,663.65,663.385,663.41,1012213.0
2025-09-19 19:45:00+00:00,663.4,663.905,663.39,663.79,1448622.0
2025-09-19 19:50:00+00:00,663.8,664.335,663.7399,664.335,4689831.0
2025-09-19 19:55:00+00:00,664.32,664.55,663.51,663.64,5578138.0
2025-09-19 20:00:00+00:00,663.6,663.96,663.49,663.91,786724.0
2025-09-19 20:05:00+00:00,663.91,663.91,663.55,663.6,774784.0
2025-09-19 20:10:00+00:00,663.61,663.71,663.47,663.61,8205458.0
2025-09-19 20:15:00+00:00,663.57,663.57,663.3,663.44,1012142.0
2025-09-19 20:20:00+00:00,663.44,663.7,663.3,663.46,99687.0
2025-09-19 20:25:00+00:00,663.43,663.44,663.29,663.32,66750.0
2025-09-19 20:30:00+00:00,663.35,663.64,663.29,663.53,103833.0
2025-09-19 20:35:00+00:00,663.54,663.61,663.47,663.5575,52643.0
2025-09-19 20:40:00+00:00,663.57,663.64,663.54,663.57,35178.0
2025-09-19 20:45:00+00:00,663.57,663.63,663.399,663.4,55034.0
2025-09-19 20:50:00+00:00,663.39,663.43,663.28,663.4,87955.0
2025-09-19 20:55:00+00:00,663.41,663.47,663.35,663.3702,25646.0
2025-09-19 21:00:00+00:00,663.47,663.47,663.28,663.28,16160.0
2025-09-19 21:05:00+00:00,663.37,663.37,663.26,663.28,12094.0
2025-09-19 21:10:00+00:00,663.2797,663.4,663.25,663.39,6788.0
2025-09-19 21:15:00+00:00,663.3,663.56,663.1,663.15,20285.0
2025-09-19 21:20:00+00:00,663.16,663.7661,663.0009,663.02,784771.0
2025-09-19 21:25:00+00:00,663.02,663.1,662.99,662.99,31156.0
2025-09-19 21:30:00+00:00,662.99,663.1799,662.9601,662.9601,16388.0
2025-09-19 21:35:00+00:00,662.99,662.99,662.93,662.9801,6762.0
2025-09-19 21:40:00+00:00,663.15,663.15,662.9,663.08,21914.0
2025-09-19 21:45:00+00:00,663.07,663.18,663.07,663.18,9528.0
2025-09-19 21:50:00+00:00,663.18,663.7661,663.18,663.18,905392.0
2025-09-19 21:55:00+00:00,663.27,663.27,663.22,663.22,1930.0
2025-09-19 22:00:00+00:00,663.3,663.3,663.25,663.3,6161.0
2025-09-19 22:05:00+00:00,663.39,663.64,663.3001,663.64,20781.0
2025-09-19 22:10:00+00:00,663.62,663.68,663.62,663.67,6335.0
2025-09-19 22:15:00+00:00,663.67,663.67,663.6,663.67,7068.0
2025-09-19 22:20:00+00:00,663.52,663.6393,663.52,663.5597,919.0
2025-09-19 22:25:00+00:00,663.57,663.67,663.56,663.67,8155.0
2025-09-19 22:35:00+00:00,663.62,663.62,663.62,663.62,223.0
2025-09-19 22:40:00+00:00,663.59,663.6,663.55,663.6,3013.0
2025-09-19 22:45:00+00:00,663.59,663.6,663.46,663.46,6310.0
2025-09-19 22:50:00+00:00,663.51,663.59,663.5,663.5,2369.0
2025-09-19 23:00:00+00:00,663.59,663.6,663.59,663.6,932.0
2025-09-19 23:05:00+00:00,663.6,663.6,663.55,663.58,2099.0
2025-09-19 23:10:00+00:00,663.6,663.6,663.58,663.58,1850.0
2025-09-19 23:15:00+00:00,663.53,663.53,663.5,663.5,1074.0
2025-09-19 23:25:00+00:00,663.47,663.5,663.47,663.48,2018.0
2025-09-19 23:30:00+00:00,663.5,663.5,663.4,663.4,3487.0
2025-09-19 23:35:00+00:00,663.39,663.39,663.37,663.37,2893.0
2025-09-19 23:40:00+00:00,663.37,663.37,663.3,663.3,2142.0
2025-09-19 23:45:00+00:00,663.25,663.28,663.25,663.28,1353.0
2025-09-19 23:50:00+00:00,663.24,663.4,663.24,663.4,25004.0
2025-09-19 23:55:00+00:00,663.35,663.47,663.29,663.47,14158.0
2025-09-22 08:00:00+00:00,661.87,662.07,661.75,661.89,15103.0
2025-09-22 08:05:00+00:00,662.03,662.17,661.95,662.13,9600.0
2025-09-22 08:10:00+00:00,662.21,662.47,662.21,662.4,5053.0
2025-09-22 08:15:00+00:00,662.45,662.7,662.45,662.7,3501.0
2025-09-22 08:20:00+00:00,662.63,662.71,662.51,662.51,3413.0
2025-09-22 08:25:00+00:00,662.6,662.62,662.47,662.47,4471.0
2025-09-22 08:30:00+00:00,662.49,662.6,662.49,662.59,2433.0
2025-09-22 08:35:00+00:00,662.62,662.62,662.54,662.57,1536.0
2025-09-22 08:40:00+00:00,662.56,662.58,662.52,662.52,1108.0
2025-09-22 08:50:00+00:00,662.3,662.36,662.3,662.34,3727.0
2025-09-22 08:55:00+00:00,662.17,662.17,662.01,662.05,4870.0
2025-09-22 09:00:00+00:00,662.04,662.18,661.96,661.96,6299.0
2025-09-22 09:05:00+00:00,661.9,661.9,661.62,661.68,29985.0
2025-09-22 09:10:00+00:00,661.63,661.75,661.54,661.55,31176.0
2025-09-22 09:15:00+00:00,661.58,661.89,661.58,661.78,4216.0
2025-09-22 09:20:00+00:00,661.76,661.81,661.75,661.8,3711.0
2025-09-22 09:25:00+00:00,661.86,661.87,661.85,661.85,1278.0
2025-09-22 09:35:00+00:00,661.9,661.9,661.78,661.81,857.0
2025-09-22 09:40:00+00:00,661.82,661.83,661.76,661.76,3533.0
2025-09-22 09:45:00+00:00,661.8,661.85,661.73,661.76,1928.0
2025-09-22 09:50:00+00:00,661.83,661.88,661.83,661.85,3999.0
2025-09-22 09:55:00+00:00,661.85,661.86,661.81,661.86,1936.0
2025-09-22 10:00:00+00:00,661.9,661.93,661.81,661.88,3026.0
2025-09-22 10:05:00+00:00,661.88,662.07,661.88,662.0,7277.0
2025-09-22 10:10:00+00:00,662.01,662.11,662.01,662.11,2916.0
2025-09-22 10:15:00+00:00,662.07,662.27,662.07,662.27,3381.0
2025-09-22 10:20:00+00:00,662.26,662.35,662.25,662.35,954.0
2025-09-22 10:25:00+00:00,662.32,662.33,662.23,662.23,1418.0
2025-09-22 10:30:00+00:00,662.32,662.38,662.16,662.16,4580.0
2025-09-22 10:35:00+00:00,662.17,662.2,662.12,662.15,1903.0
2025-09-22 10:40:00+00:00,662.1,662.11,662.1,662.11,556.0
2025-09-22 10:45:00+00:00,662.05,662.09,662.04,662.09,1079.0
2025-09-22 10:50:00+00:00,661.98,661.98,661.8,661.88,3573.0
2025-09-22 10:55:00+00:00,661.88,661.88,661.67,661.75,12227.0
2025-09-22 11:00:00+00:00,661.75,661.82,661.55,661.82,103543.0
2025-09-22 11:05:00+00:00,661.83,661.92,661.75,661.91,6631.0
2025-09-22 11:10:00+00:00,661.94,661.94,661.74,661.74,19240.0
2025-09-22 11:15:00+00:00,661.77,661.8,661.77,661.79,1839.0
2025-09-22 11:20:00+00:00,661.77,661.87,661.61,661.61,33018.0
2025-09-22 11:25:00+00:00,661.61,661.73,661.52,661.71,14913.0
2025-09-22 11:30:00+00:00,661.67,661.81,661.65,661.78,12840.0
2025-09-22 11:35:00+00:00,661.86,661.87,661.611,661.65,8343.0
2025-09-22 11:40:00+00:00,661.6,661.7,661.5,661.66,5996.0
2025-09-22 11:45:00+00:00,661.6,661.64,661.56,661.59,38826.0
2025-09-22 11:50:00+00:00,661.52,661.71,661.48,661.71,26465.0
2025-09-22 11:55:00+00:00,661.7,661.95,661.7,661.95,24271.0
2025-09-22 12:00:00+00:00,661.7484,663.44,661.11,661.65,75030.0
2025-09-22 12:05:00+00:00,661.6607,661.68,661.56,661.56,6314.0
2025-09-22 12:10:00+00:00,661.61,661.65,661.45,661.471,6632.0
2025-09-22 12:15:00+00:00,661.5,661.61,661.44,661.5352,17560.0
2025-09-22 12:20:00+00:00,661.6,661.71,661.57,661.67,19109.0
2025-09-22 12:25:00+00:00,661.68,661.68,661.46,661.46,18455.0
2025-09-22 12:30:00+00:00,661.44,661.56,661.43,661.54,22464.0
2025-09-22 12:35:00+00:00,661.56,661.68,661.5,661.6302,19888.0
2025-09-22 12:40:00+00:00,661.69,661.94,661.6875,661.8,16921.0
2025-09-22 12:45:00+00:00,661.81,662.0,661.81,661.95,34238.0
2025-09-22 12:50:00+00:00,661.97,661.99,661.75,661.75,16517.0
2025-09-22 12:55:00+00:00,661.75,661.8799,661.74,661.86,7752.0
2025-09-22 13:00:00+00:00,661.83,661.89,661.57,661.87,41283.0
2025-09-22 13:05:00+00:00,661.9,662.0099,661.86,661.9494,10496.0
2025-09-22 13:10:00+00:00,661.95,662.07,661.94,661.99,15310.0
2025-09-22 13:15:00+00:00,661.98,662.2,661.89,662.2,24444.0
2025-09-22 13:20:00+00:00,662.2,662.2,662.11,662.1505,10220.0
2025-09-22 13:25:00+00:00,662.11,662.25,662.08,662.19,24840.0
2025-09-22 13:30:00+00:00,662.2,662.8,662.17,662.65,1793485.0
2025-09-22 13:35:00+00:00,662.65,662.705,662.3,662.41,1201080.0
2025-09-22 13:40:00+00:00,662.39,662.66,662.23,662.615,1199271.0
2025-09-22 13:45:00+00:00,662.61,663.04,662.53,662.89,1161807.0
2025-09-22 13:50:00+00:00,662.885,663.49,662.81,663.455,1180049.0
2025-09-22 13:55:00+00:00,663.45,663.565,663.25,663.41,1336180.0
2025-09-22 14:00:00+00:00,663.41,663.62,663.175,663.475,1063962.0
2025-09-22 14:05:00+00:00,663.48,663.76,663.42,663.68,773771.0
2025-09-22 14:10:00+00:00,663.68,663.69,663.28,663.44,952975.0
2025-09-22 14:15:00+00:00,663.44,663.61,663.36,663.4601,653553.0
2025-09-22 14:20:00+00:00,663.47,663.765,663.465,663.7011,708902.0
2025-09-22 14:25:00+00:00,663.7,664.14,663.58,664.08,947741.0
2025-09-22 14:30:00+00:00,664.07,664.14,663.895,664.1,591490.0
2025-09-22 14:35:00+00:00,664.11,664.32,664.08,664.295,560412.0
2025-09-22 14:40:00+00:00,664.295,664.595,664.295,664.535,873950.0
2025-09-22 14:45:00+00:00,664.535,664.83,664.4917,664.635,910174.0
2025-09-22 14:50:00+00:00,664.64,665.02,664.64,664.86,922271.0
2025-09-22 14:55:00+00:00,664.865,665.075,664.84,665.02,556582.0
2025-09-22 15:00:00+00:00,665.01,665.32,664.9,664.92,908012.0
2025-09-22 15:05:00+00:00,664.9101,665.065,664.8,665.05,567479.0
2025-09-22 15:10:00+00:00,665.05,665.105,664.74,664.82,746685.0
2025-09-22 15:15:00+00:00,664.815,664.9,664.695,664.8401,464524.0
2025-09-22 15:20:00+00:00,664.84,665.13,664.8,664.9511,610085.0
2025-09-22 15:25:00+00:00,664.955,665.02,664.82,664.94,418634.0
2025-09-22 15:30:00+00:00,664.94,665.035,664.65,664.68,627520.0
2025-09-22 15:35:00+00:00,664.67,664.86,664.57,664.78,687388.0
2025-09-22 15:40:00+00:00,664.78,664.8484,664.64,664.675,376158.0
2025-09-22 15:45:00+00:00,664.685,664.78,664.57,664.62,364676.0
2025-09-22 15:50:00+00:00,664.615,664.77,664.52,664.59,342234.0
2025-09-22 15:55:00+00:00,664.59,664.66,664.48,664.59,410466.0
2025-09-22 16:00:00+00:00,664.5813,664.86,664.56,664.81,685511.0
2025-09-22 16:05:00+00:00,664.805,665.18,664.65,665.11,886911.0
2025-09-22 16:10:00+00:00,665.1,665.36,665.045,665.33,971082.0
2025-09-22 16:15:00+00:00,665.335,665.665,665.24,665.37,1287695.0
2025-09-22 16:20:00+00:00,665.38,665.65,665.335,665.57,2068936.0
2025-09-22 16:25:00+00:00,665.57,665.93,665.49,665.845,796889.0
2025-09-22 16:30:00+00:00,665.845,666.03,665.79,666.025,747465.0
2025-09-22 16:35:00+00:00,666.025,666.1899,665.91,666.185,666538.0
2025-09-22 16:40:00+00:00,666.185,666.215,666.03,666.12,978518.0
2025-09-22 16:45:00+00:00,666.11,666.27,666.05,666.19,482692.0
2025-09-22 16:50:00+00:00,666.195,666.43,666.195,666.36,568582.0
2025-09-22 16:55:00+00:00,666.37,666.5,666.305,666.41,644588.0
2025-09-22 17:00:00+00:00,666.41,666.53,666.33,666.47,396696.0
2025-09-22 17:05:00+00:00,666.46,666.46,666.27,666.345,459342.0
2025-09-22 17:10:00+00:00,666.345,666.41,666.17,666.21,410688.0
2025-09-22 17:15:00+00:00,666.21,666.42,666.11,666.15,443729.0
2025-09-22 17:20:00+00:00,666.15,666.48,666.125,666.4,366073.0
2025-09-22 17:25:00+00:00,666.395,666.53,666.33,666.51,378526.0
2025-09-22 17:30:00+00:00,666.505,666.69,666.37,666.37,725561.0
2025-09-22 17:35:00+00:00,666.3601,666.595,666.27,666.59,450044.0
2025-09-22 17:40:00+00:00,666.59,666.71,666.48,666.7,510668.0
2025-09-22 17:45:00+00:00,666.7,666.78,666.582,666.68,429822.0
2025-09-22 17:50:00+00:00,666.68,666.68,666.465,666.465,375886.0
2025-09-22 17:55:00+00:00,666.465,666.52,666.29,666.355,445279.0
2025-09-22 18:00:00+00:00,666.35,666.45,666.19,666.2184,885498.0
2025-09-22 18:05:00+00:00,666.21,666.3,666.03,666.175,682675.0
2025-09-22 18:10:00+00:00,666.17,666.43,666.16,666.41,783208.0
2025-09-22 18:15:00+00:00,666.4,666.62,666.355,666.52,950430.0
2025-09-22 18:20:00+00:00,666.515,666.58,666.42,666.545,342275.0
2025-09-22 18:25:00+00:00,666.55,666.62,666.48,666.565,389876.0
2025-09-22 18:30:00+00:00,666.57,666.66,666.46,666.555,414162.0
2025-09-22 18:35:00+00:00,666.55,666.79,666.545,666.765,495311.0
2025-09-22 18:40:00+00:00,666.765,666.798,666.64,666.72,538383.0
2025-09-22 18:45:00+00:00,666.725,666.77,666.625,666.642,283411.0
2025-09-22 18:50:00+00:00,666.6499,666.77,666.63,666.64,323758.0
2025-09-22 18:55:00+00:00,666.635,666.82,666.6156,666.78,441565.0
2025-09-22 19:00:00+00:00,666.78,666.89,666.765,666.86,439979.0
2025-09-22 19:05:00+00:00,666.865,666.992,666.79,666.945,516263.0
2025-09-22 19:10:00+00:00,666.945,667.18,666.92,667.12,796711.0
2025-09-22 19:15:00+00:00,667.115,667.24,666.945,667.0699,500168.0
2025-09-22 19:20:00+00:00,667.067,667.12,666.95,667.095,561410.0
2025-09-22 19:25:00+00:00,667.1,667.23,667.06,667.142,431825.0
2025-09-22 19:30:00+00:00,667.14,667.245,667.04,667.04,628066.0
2025-09-22 19:35:00+00:00,667.05,667.05,666.815,667.0,974687.0
2025-09-22 19:40:00+00:00,666.99,667.07,666.735,666.845,720131.0
2025-09-22 19:45:00+00:00,666.85,667.13,666.795,667.1101,1245709.0
2025-09-22 19:50:00+00:00,667.11,667.29,666.975,667.07,2073834.0
2025-09-22 19:55:00+00:00,667.07,667.265,666.71,666.76,5660728.0
2025-09-22 20:00:00+00:00,666.76,666.84,666.52,666.65,1931790.0
2025-09-22 20:05:00+00:00,666.65,666.65,666.23,666.25,882872.0
2025-09-22 20:10:00+00:00,666.24,666.36,666.09,666.26,1955000.0
2025-09-22 20:15:00+00:00,666.25,666.38,666.22,666.2888,67287.0
2025-09-22 20:20:00+00:00,666.27,666.31,666.2003,666.2637,37325.0
2025-09-22 20:25:00+00:00,666.29,666.29,666.19,666.22,150372.0
2025-09-22 20:30:00+00:00,666.25,666.32,666.19,666.26,32852.0
2025-09-22 20:35:00+00:00,666.26,666.35,666.21,666.3405,58595.0
2025-09-22 20:40:00+00:00,666.37,666.39,666.34,666.37,5673.0
2025-09-22 20:45:00+00:00,666.38,666.43,666.35,666.43,6979.0
2025-09-22 20:50:00+00:00,666.43,666.84,666.43,666.65,208245.0
2025-09-22 20:55:00+00:00,666.59,666.64,666.54,666.58,2928.0
2025-09-22 21:00:00+00:00,666.3592,666.67,666.3592,666.67,2774.0
2025-09-22 21:05:00+00:00,666.65,666.65,666.62,666.62,378410.0
2025-09-22 21:10:00+00:00,666.67,666.7,666.67,666.7,4138.0
2025-09-22 21:15:00+00:00,666.68,666.73,666.6,666.73,8328.0
2025-09-22 21:20:00+00:00,666.6917,666.6917,666.61,666.61,901.0
2025-09-22 21:25:00+00:00,666.6,666.66,666.6,666.66,1600.0
2025-09-22 21:30:00+00:00,666.6104,666.6399,666.61,666.6399,3463.0
2025-09-22 21:35:00+00:00,666.61,666.63,666.61,666.63,505.0
2025-09-22 21:40:00+00:00,666.66,666.66,666.66,666.66,889.0
2025-09-22 21:45:00+00:00,666.67,666.67,666.67,666.67,370.0
2025-09-22 21:55:00+00:00,666.68,666.6977,666.6,666.6977,2388.0
2025-09-22 22:00:00+00:00,666.6,666.6,666.5,666.55,52973.0
2025-09-22 22:05:00+00:00,666.58,666.7,666.4499,666.4499,27989.0
2025-09-22 22:10:00+00:00,666.4,666.45,666.3,666.3,33505.0
2025-09-22 22:15:00+00:00,666.36,666.36,666.33,666.33,1650.0
2025-09-22 22:20:00+00:00,666.3692,666.38,666.26,666.3,7265.0
2025-09-22 22:25:00+00:00,666.3305,666.39,666.28,666.31,2199.0
2025-09-22 22:30:00+00:00,666.33,666.33,666.25,666.33,1897.0
2025-09-22 22:35:00+00:00,666.3,666.31,666.25,666.31,3249.0
2025-09-22 22:40:00+00:00,666.3199,666.3199,666.24,666.24,869.0
2025-09-22 22:45:00+00:00,666.23,666.259,666.19,666.19,1804.0
2025-09-22 22:50:00+00:00,666.19,666.28,666.19,666.28,733.0
2025-09-22 22:55:00+00:00,666.35,666.4,666.35,666.4,2407.0
2025-09-22 23:00:00+00:00,666.49,666.5,666.47,666.47,1741.0
2025-09-22 23:05:00+00:00,666.52,666.52,666.5,666.5,1284.0
2025-09-22 23:10:00+00:00,666.4463,666.49,666.42,666.42,1049.0
2025-09-22 23:20:00+00:00,666.42,666.42,666.42,666.42,2118.0
2025-09-22 23:25:00+00:00,666.46,666.5,666.45,666.5,1372.0
2025-09-22 23:30:00+00:00,666.47,666.47,666.47,666.47,154.0
2025-09-22 23:35:00+00:00,666.54,666.57,666.54,666.54,884.0
2025-09-22 23:40:00+00:00,666.6,666.67,666.5905,666.67,841.0
2025-09-22 23:45:00+00:00,666.641,666.75,666.641,666.73,11375.0
2025-09-22 23:50:00+00:00,666.74,666.7564,666.69,666.7,3940.0
2025-09-22 23:55:00+00:00,666.6963,666.75,666.6963,666.72,5398.0
2025-09-23 08:00:00+00:00,666.57,666.77,666.0,666.64,6831.0
2025-09-23 08:05:00+00:00,666.74,666.84,666.7,666.8,23807.0
2025-09-23 08:10:00+00:00,666.79,666.79,666.75,666.78,4796.0
2025-09-23 08:15:00+00:00,666.81,666.97,666.81,666.97,3145.0
2025-09-23 08:20:00+00:00,666.96,667.02,666.88,667.02,4559.0
2025-09-23 08:25:00+00:00,667.07,667.18,667.07,667.09,2552.0
2025-09-23 08:30:00+00:00,667.09,667.1,666.9,666.95,2407.0
2025-09-23 08:35:00+00:00,666.9,666.94,666.9,666.94,517.0
2025-09-23 08:45:00+00:00,666.9,666.92,666.87,666.9,915.0
2025-09-23 08:50:00+00:00,666.82,666.82,666.82,666.82,205.0
2025-09-23 08:55:00+00:00,666.8,666.8,666.8,666.8,380.0
2025-09-23 09:00:00+00:00,666.74,666.8,666.69,666.69,2929.0
2025-09-23 09:05:00+00:00,666.74,666.74,666.74,666.74,269.0
2025-09-23 09:10:00+00:00,666.77,666.87,666.77,666.87,811.0
2025-09-23 09:15:00+00:00,666.9,666.9,666.84,666.84,1117.0
2025-09-23 09:20:00+00:00,666.88,666.91,666.88,666.88,807.0
2025-09-23 09:25:00+00:00,666.83,666.83,666.81,666.81,244.0
2025-09-23 09:35:00+00:00,666.88,666.98,666.88,666.98,436.0
2025-09-23 09:45:00+00:00,666.93,666.94,666.93,666.94,930.0
2025-09-23 10:00:00+00:00,666.95,666.95,666.85,666.86,2250.0
2025-09-23 10:05:00+00:00,666.86,666.96,666.86,666.93,4367.0
2025-09-23 10:10:00+00:00,666.9,666.9,666.82,666.82,2184.0
2025-09-23 10:15:00+00:00,666.85,666.85,666.78,666.78,4880.0
2025-09-23 10:20:00+00:00,666.75,666.77,666.75,666.77,904.0
2025-09-23 10:25:00+00:00,666.75,666.75,666.6,666.6,5116.0
2025-09-23 10:30:00+00:00,666.57,666.59,666.5,666.56,12304.0
2025-09-23 10:35:00+00:00,666.45,666.49,666.43,666.49,7484.0
2025-09-23 10:40:00+00:00,666.44,666.46,666.37,666.46,3361.0
2025-09-23 10:45:00+00:00,666.51,666.58,666.51,666.56,1817.0
2025-09-23 10:50:00+00:00,666.58,666.64,666.58,666.63,1393.0
2025-09-23 10:55:00+00:00,666.6,666.6,666.6,666.6,1718.0
2025-09-23 11:00:00+00:00,666.48,666.48,666.4,666.44,1168.0
2025-09-23 11:05:00+00:00,666.32,666.38,666.2,666.38,5004.0
2025-09-23 11:10:00+00:00,666.38,666.38,666.22,666.24,5046.0
2025-09-23 11:15:00+00:00,666.17,666.25,666.14,666.2,5039.0
2025-09-23 11:20:00+00:00,666.3,666.4,666.26,666.4,26865.0
2025-09-23 11:25:00+00:00,666.39,666.45,666.39,666.45,12042.0
2025-09-23 11:30:00+00:00,666.46,666.53,666.44,666.53,5474.0
2025-09-23 11:35:00+00:00,666.549,666.549,666.44,666.49,4698.0
2025-09-23 11:40:00+00:00,666.52,666.59,666.47,666.59,864.0
2025-09-23 11:45:00+00:00,666.62,666.75,666.57,666.73,4740.0
2025-09-23 11:50:00+00:00,666.78,666.85,666.78,666.84,8943.0
2025-09-23 11:55:00+00:00,666.83,666.85,666.83,666.85,1445.0
2025-09-23 12:00:00+00:00,666.47,666.96,666.16,666.76,64721.0
2025-09-23 12:05:00+00:00,666.749,666.75,666.64,666.64,6361.0
2025-09-23 12:10:00+00:00,666.84,666.89,666.84,666.88,3875.0
2025-09-23 12:15:00+00:00,666.85,666.93,666.8,666.8,6263.0
2025-09-23 12:20:00+00:00,666.75,666.84,666.66,666.68,3769.0
2025-09-23 12:25:00+00:00,666.75,666.77,666.66,666.71,40420.0
2025-09-23 12:30:00+00:00,666.64,666.78,666.5,666.77,14576.0
2025-09-23 12:35:00+00:00,666.74,666.76,666.67,666.76,9905.0
2025-09-23 12:40:00+00:00,666.64,666.84,666.64,666.84,6016.0
2025-09-23 12:45:00+00:00,666.82,666.87,666.79,666.79,8459.0
2025-09-23 12:50:00+00:00,666.81,666.86,666.78,666.8,12943.0
2025-09-23 12:55:00+00:00,666.89,666.93,666.8,666.879,11049.0
2025-09-23 13:00:00+00:00,666.89,666.91,666.81,666.81,10005.0
2025-09-23 13:05:00+00:00,666.8,666.84,666.75,666.75,9130.0
2025-09-23 13:10:00+00:00,666.72,666.79,666.72,666.77,10413.0
2025-09-23 13:15:00+00:00,666.72,666.76,666.65,666.66,17296.0
2025-09-23 13:20:00+00:00,666.72,666.77,666.67,666.73,8172.0
2025-09-23 13:25:00+00:00,666.72,666.81,666.58,666.71,43867.0
2025-09-23 13:30:00+00:00,666.72,667.18,666.61,667.045,1519473.0
2025-09-23 13:35:00+00:00,667.05,667.28,666.86,667.08,1095290.0
2025-09-23 13:40:00+00:00,667.09,667.165,666.57,666.8992,1414378.0
2025-09-23 13:45:00+00:00,666.7975,667.23,666.73,666.99,1182907.0
2025-09-23 13:50:00+00:00,666.99,667.34,666.84,667.01,1198862.0
2025-09-23 13:55:00+00:00,667.005,667.045,666.73,666.89,903222.0
2025-09-23 14:00:00+00:00,666.9,667.06,666.4601,666.68,1103068.0
2025-09-23 14:05:00+00:00,666.67,667.08,666.64,667.055,953952.0
2025-09-23 14:10:00+00:00,667.05,667.245,666.87,667.06,857777.0
2025-09-23 14:15:00+00:00,667.0602,667.07,666.74,666.88,708245.0
2025-09-23 14:20:00+00:00,666.88,666.92,666.43,666.46,786408.0
2025-09-23 14:25:00+00:00,666.46,666.75,666.36,666.62,837617.0
2025-09-23 14:30:00+00:00,666.63,666.685,666.315,666.315,692603.0
2025-09-23 14:35:00+00:00,666.315,666.4,666.17,666.3015,721549.0
2025-09-23 14:40:00+00:00,666.295,666.63,666.27,666.345,691863.0
2025-09-23 14:45:00+00:00,666.35,666.46,666.155,666.37,543031.0
2025-09-23 14:50:00+00:00,666.39,666.63,666.31,666.625,457347.0
2025-09-23 14:55:00+00:00,666.62,666.76,666.31,666.3153,430411.0
2025-09-23 15:00:00+00:00,666.31,666.355,666.1,666.25,568828.0
2025-09-23 15:05:00+00:00,666.26,666.35,666.02,666.195,470053.0
2025-09-23 15:10:00+00:00,666.2,666.455,666.13,666.3599,485558.0
2025-09-23 15:15:00+00:00,666.37,666.47,666.17,666.39,386513.0
2025-09-23 15:20:00+00:00,666.4,666.4298,666.1999,666.42,323034.0
2025-09-23 15:25:00+00:00,666.42,666.425,666.06,666.15,443548.0
2025-09-23 15:30:00+00:00,666.15,666.24,665.96,666.02,454092.0
2025-09-23 15:35:00+00:00,666.02,666.1207,665.91,665.96,464111.0
2025-09-23 15:40:00+00:00,665.955,665.98,665.555,665.87,644701.0
2025-09-23 15:45:00+00:00,665.88,665.99,665.77,665.82,556549.0
2025-09-23 15:50:00+00:00,665.82,665.87,665.64,665.685,446971.0
2025-09-23 15:55:00+00:00,665.69,665.75,665.49,665.55,411006.0
2025-09-23 16:00:00+00:00,665.56,665.66,665.45,665.5097,486812.0
2025-09-23 16:05:00+00:00,665.505,665.57,665.11,665.15,569885.0
2025-09-23 16:10:00+00:00,665.16,665.26,664.97,665.24,851004.0
2025-09-23 16:15:00+00:00,665.23,665.48,665.09,665.475,772761.0
2025-09-23 16:20:00+00:00,665.48,665.69,665.435,665.47,705708.0
2025-09-23 16:25:00+00:00,665.4799,665.49,665.175,665.24,2718554.0
2025-09-23 16:30:00+00:00,665.235,665.46,665.075,665.41,452902.0
2025-09-23 16:35:00+00:00,665.405,665.57,664.88,665.46,1313407.0
2025-09-23 16:40:00+00:00,665.47,665.52,665.2098,665.335,575640.0
2025-09-23 16:45:00+00:00,665.33,665.83,665.31,665.75,653736.0
2025-09-23 16:50:00+00:00,665.739,665.84,665.51,665.51,437467.0
2025-09-23 16:55:00+00:00,665.51,665.51,665.0109,665.155,534706.0
2025-09-23 17:00:00+00:00,665.165,665.25,664.7,664.745,1289375.0
2025-09-23 17:05:00+00:00,664.74,665.13,664.74,665.095,507268.0
2025-09-23 17:10:00+00:00,665.085,665.09,664.73,664.835,536416.0
2025-09-23 17:15:00+00:00,664.84,664.8474,664.6101,664.635,528887.0
2025-09-23 17:20:00+00:00,664.64,664.87,664.415,664.535,842551.0
2025-09-23 17:25:00+00:00,664.52,664.59,663.69,663.708,1324215.0
2025-09-23 17:30:00+00:00,663.7001,663.85,663.4275,663.49,1041536.0
2025-09-23 17:35:00+00:00,663.49,663.54,662.71,662.76,1696605.0
2025-09-23 17:40:00+00:00,662.75,662.99,662.035,662.62,2395296.0
2025-09-23 17:45:00+00:00,662.63,663.42,662.34,663.38,1464700.0
2025-09-23 17:50:00+00:00,663.37,663.43,662.88,662.92,766388.0
2025-09-23 17:55:00+00:00,662.92,663.37,662.835,663.23,676117.0
2025-09-23 18:00:00+00:00,663.24,663.38,662.78,662.83,984112.0
2025-09-23 18:05:00+00:00,662.84,663.07,662.675,662.86,697316.0
2025-09-23 18:10:00+00:00,662.85,662.96,662.635,662.67,596042.0
2025-09-23 18:15:00+00:00,662.66,662.7456,662.3,662.37,674186.0
2025-09-23 18:20:00+00:00,662.37,662.59,662.21,662.36,618002.0
2025-09-23 18:25:00+00:00,662.36,662.925,662.36,662.675,850776.0
2025-09-23 18:30:00+00:00,662.65,663.21,662.62,663.17,1003192.0
2025-09-23 18:35:00+00:00,663.1699,663.3199,662.6107,662.65,641059.0
2025-09-23 18:40:00+00:00,662.66,662.785,662.53,662.63,355746.0
2025-09-23 18:45:00+00:00,662.63,662.88,662.52,662.55,632339.0
2025-09-23 18:50:00+00:00,662.55,662.64,662.22,662.39,459429.0
2025-09-23 18:55:00+00:00,662.39,662.51,661.98,662.11,1042027.0
2025-09-23 19:00:00+00:00,662.1,662.665,662.09,662.25,680618.0
2025-09-23 19:05:00+00:00,662.24,662.418,662.125,662.23,527970.0
2025-09-23 19:10:00+00:00,662.23,662.4599,662.22,662.32,667290.0
2025-09-23 19:15:00+00:00,662.33,662.81,662.28,662.77,1027555.0
2025-09-23 19:20:00+00:00,662.78,662.79,662.26,662.45,1007095.0
2025-09-23 19:25:00+00:00,662.4572,662.485,662.18,662.3699,791726.0
2025-09-23 19:30:00+00:00,662.37,662.68,662.29,662.6781,1193511.0
2025-09-23 19:35:00+00:00,662.675,662.77,662.52,662.74,959573.0
2025-09-23 19:40:00+00:00,662.73,662.945,662.6701,662.91,847944.0
2025-09-23 19:45:00+00:00,662.91,663.17,662.68,662.93,1583095.0
2025-09-23 19:50:00+00:00,662.93,663.54,662.83,663.395,2924322.0
2025-09-23 19:55:00+00:00,663.4,663.42,662.86,663.23,4504698.0
2025-09-23 20:00:00+00:00,663.28,663.48,663.0,663.43,690759.0
2025-09-23 20:05:00+00:00,663.42,663.5392,663.31,663.42,166122.0
2025-09-23 20:10:00+00:00,663.42,663.45,663.32,663.36,7481637.0
2025-09-23 20:15:00+00:00,663.37,663.37,663.29,663.3002,55528.0
2025-09-23 20:20:00+00:00,663.32,663.42,663.2405,663.29,54769.0
2025-09-23 20:25:00+00:00,663.3,663.39,663.27,663.34,64644.0
2025-09-23 20:30:00+00:00,663.35,663.37,663.25,663.27,45467.0
2025-09-23 20:35:00+00:00,663.3,663.45,663.27,663.4038,14738.0
2025-09-23 20:40:00+00:00,663.4199,663.43,663.3,663.3199,22960.0
2025-09-23 20:45:00+00:00,663.32,663.33,663.24,663.26,17358.0
2025-09-23 20:50:00+00:00,663.27,663.3,663.25,663.27,8663.0
2025-09-23 20:55:00+00:00,663.33,663.3699,663.31,663.35,5064.0
2025-09-23 21:00:00+00:00,663.38,663.74,663.36,663.6401,36254.0
2025-09-23 21:05:00+00:00,663.67,663.78,663.64,663.64,8568.0
2025-09-23 21:10:00+00:00,663.7,663.72,663.63,663.68,8311.0
2025-09-23 21:15:00+00:00,663.65,663.69,663.56,663.63,11110.0
2025-09-23 21:20:00+00:00,663.59,663.69,663.59,663.68,869.0
2025-09-23 21:25:00+00:00,663.7,663.9,663.65,663.73,8023.0
2025-09-23 21:30:00+00:00,663.73,663.8,663.6557,663.8,2416.0
2025-09-23 21:35:00+00:00,663.8,663.8,663.75,663.7501,5243.0
2025-09-23 21:40:00+00:00,663.7501,663.8,663.73,663.73,3423.0
2025-09-23 21:45:00+00:00,663.7,663.7,663.7,663.7,2151.0
2025-09-23 21:50:00+00:00,663.67,663.67,663.65,663.65,1524.0
2025-09-23 21:55:00+00:00,663.69,663.69,663.52,663.52,6148.0
2025-09-23 22:00:00+00:00,663.55,663.74,663.48,663.68,15495.0
2025-09-23 22:05:00+00:00,663.7,663.85,663.7,663.8155,21393.0
2025-09-23 22:10:00+00:00,663.85,663.95,663.85,663.88,2700.0
2025-09-23 22:15:00+00:00,663.71,663.739,663.69,663.7,2455.0
2025-09-23 22:20:00+00:00,663.72,663.74,663.64,663.64,1186.0
2025-09-23 22:25:00+00:00,663.64,663.64,663.53,663.59,19999.0
2025-09-23 22:30:00+00:00,663.61,663.66,663.57,663.66,35741.0
2025-09-23 22:35:00+00:00,663.65,663.66,663.65,663.65,729.0
2025-09-23 22:40:00+00:00,663.71,663.74,663.69,663.74,1585.0
2025-09-23 22:45:00+00:00,663.7403,663.789,663.74,663.789,922.0
2025-09-23 22:50:00+00:00,663.81,663.85,663.81,663.81,6733.0
2025-09-23 22:55:00+00:00,663.75,663.77,663.75,663.75,1809.0
2025-09-23 23:00:00+00:00,663.759,663.759,663.6701,663.71,989.0
2025-09-23 23:05:00+00:00,663.69,663.69,663.69,663.69,216.0
2025-09-23 23:10:00+00:00,663.72,663.75,663.71,663.72,1478.0
2025-09-23 23:15:00+00:00,663.7,663.7,663.66,663.66,372.0
2025-09-23 23:20:00+00:00,663.6215,663.6598,663.62,663.6598,1700.0
2025-09-23 23:25:00+00:00,663.66,663.66,663.65,663.65,734.0
2025-09-23 23:30:00+00:00,663.68,663.68,663.65,663.65,811.0
2025-09-23 23:35:00+00:00,663.639,663.639,663.639,663.639,238.0
2025-09-23 23:40:00+00:00,663.61,663.6304,663.6,663.6304,2190.0
2025-09-23 23:45:00+00:00,663.65,663.65,663.62,663.62,677.0
2025-09-23 23:50:00+00:00,663.6437,663.6437,663.5301,663.5301,2294.0
2025-09-23 23:55:00+00:00,663.5493,663.55,663.5493,663.55,1685.0
2025-09-24 08:00:00+00:00,663.6,664.52,663.6,664.52,11691.0
2025-09-24 08:05:00+00:00,664.55,664.55,664.55,664.55,1448.0
2025-09-24 08:10:00+00:00,664.56,664.56,664.42,664.5,2326.0
2025-09-24 08:15:00+00:00,664.45,664.45,664.36,664.36,1710.0
2025-09-24 08:20:00+00:00,664.39,664.39,664.14,664.14,13021.0
2025-09-24 08:25:00+00:00,664.15,664.22,664.09,664.1,3113.0
2025-09-24 08:30:00+00:00,664.08,664.08,664.08,664.08,245.0
2025-09-24 08:35:00+00:00,664.11,664.19,664.11,664.13,1721.0
2025-09-24 08:40:00+00:00,664.21,664.26,664.21,664.26,1103.0
2025-09-24 08:45:00+00:00,664.22,664.22,664.15,664.18,1146.0
2025-09-24 08:50:00+00:00,664.22,664.22,664.07,664.07,5996.0
2025-09-24 08:55:00+00:00,664.08,664.24,664.08,664.24,5417.0
2025-09-24 09:00:00+00:00,664.27,664.37,664.27,664.34,5855.0
2025-09-24 09:05:00+00:00,664.35,664.42,664.29,664.29,5274.0
2025-09-24 09:10:00+00:00,664.28,664.36,664.28,664.36,2466.0
2025-09-24 09:15:00+00:00,664.4,664.48,664.38,664.48,3127.0
2025-09-24 09:20:00+00:00,664.48,664.5,664.43,664.46,1581.0
2025-09-24 09:25:00+00:00,664.4,664.5,664.4,664.5,881.0
2025-09-24 09:30:00+00:00,664.52,664.52,664.43,664.43,388.0
2025-09-24 09:35:00+00:00,664.47,664.5,664.38,664.38,1544.0
2025-09-24 09:40:00+00:00,664.3,664.3,664.3,664.3,567.0
2025-09-24 09:55:00+00:00,664.44,664.44,664.44,664.44,105.0
2025-09-24 10:00:00+00:00,664.42,664.49,664.35,664.38,2667.0
2025-09-24 10:05:00+00:00,664.39,664.44,664.39,664.44,775.0
2025-09-24 10:10:00+00:00,664.46,664.46,664.44,664.44,518.0
2025-09-24 10:15:00+00:00,664.39,664.49,664.39,664.47,1982.0
2025-09-24 10:20:00+00:00,664.3,664.3,664.3,664.3,225.0
2025-09-24 10:25:00+00:00,664.23,664.23,664.09,664.09,2224.0
2025-09-24 10:30:00+00:00,664.19,664.19,664.16,664.16,460.0
2025-09-24 10:35:00+00:00,664.16,664.19,664.11,664.11,682.0
2025-09-24 10:40:00+00:00,664.13,664.15,664.06,664.15,1901.0
2025-09-24 10:50:00+00:00,664.13,664.38,664.13,664.37,2157.0
2025-09-24 10:55:00+00:00,664.35,664.37,664.35,664.37,843.0
2025-09-24 11:00:00+00:00,664.36,664.46,664.33,664.42,13183.0
2025-09-24 11:05:00+00:00,664.42,664.58,664.42,664.5,25231.0
2025-09-24 11:10:00+00:00,664.5,664.61,664.5,664.61,3553.0
2025-09-24 11:15:00+00:00,664.58,664.64,664.57,664.61,12788.0
2025-09-24 11:20:00+00:00,664.52,664.52,664.52,664.52,767.0
2025-09-24 11:25:00+00:00,664.52,664.55,664.49,664.49,3137.0
2025-09-24 11:30:00+00:00,664.48,664.65,664.45,664.63,8555.0
2025-09-24 11:35:00+00:00,664.62,664.62,664.32,664.32,25234.0
2025-09-24 11:40:00+00:00,664.35,664.35,664.05,664.08,10868.0
2025-09-24 11:45:00+00:00,664.09,664.21,664.0,664.21,10144.0
2025-09-24 11:50:00+00:00,664.25,664.25,664.0,664.12,31080.0
2025-09-24 11:55:00+00:00,664.19,664.46,664.19,664.45,6603.0
2025-09-24 12:00:00+00:00,664.38,664.62,663.41,664.32,48355.0
2025-09-24 12:05:00+00:00,664.43,664.53,664.41,664.45,7106.0
2025-09-24 12:10:00+00:00,664.47,664.5,664.44,664.5,4379.0
2025-09-24 12:15:00+00:00,664.4004,664.41,664.18,664.23,42527.0
2025-09-24 12:20:00+00:00,664.19,664.32,664.13,664.28,17607.0
2025-09-24 12:25:00+00:00,664.28,664.3299,664.23,664.3,5242.0
2025-09-24 12:30:00+00:00,664.33,664.39,664.21,664.28,10735.0
2025-09-24 12:35:00+00:00,664.24,664.33,664.18,664.33,22633.0
2025-09-24 12:40:00+00:00,664.31,664.33,664.19,664.2199,13354.0
2025-09-24 12:45:00+00:00,664.18,664.27,664.16,664.18,9221.0
2025-09-24 12:50:00+00:00,664.16,664.26,664.16,664.19,3464.0
2025-09-24 12:55:00+00:00,664.19,664.4,664.19,664.4,61740.0
2025-09-24 13:00:00+00:00,664.42,664.57,664.37,664.55,23323.0
2025-09-24 13:05:00+00:00,664.56,664.57,664.28,664.29,31729.0
2025-09-24 13:10:00+00:00,664.26,664.34,664.14,664.15,35278.0
2025-09-24 13:15:00+00:00,664.12,664.34,664.11,664.25,75088.0
2025-09-24 13:20:00+00:00,664.25,664.32,664.2,664.29,14569.0
2025-09-24 13:25:00+00:00,664.32,664.58,664.32,664.49,57719.0
2025-09-24 13:30:00+00:00,664.51,664.61,663.81,664.125,1978674.0
2025-09-24 13:35:00+00:00,664.13,664.18,663.5447,663.61,1312154.0
2025-09-24 13:40:00+00:00,663.62,663.8799,663.4,663.57,1297033.0
2025-09-24 13:45:00+00:00,663.58,663.61,662.92,662.94,1146541.0
2025-09-24 13:50:00+00:00,662.95,663.12,662.42,662.71,1248337.0
2025-09-24 13:55:00+00:00,662.74,663.08,662.74,663.04,866592.0
2025-09-24 14:00:00+00:00,663.045,663.45,662.65,663.38,1184766.0
2025-09-24 14:05:00+00:00,663.4,663.415,662.8,662.98,964449.0
2025-09-24 14:10:00+00:00,662.96,663.3,662.84,663.26,655566.0
2025-09-24 14:15:00+00:00,663.25,663.49,663.04,663.39,660658.0
2025-09-24 14:20:00+00:00,663.375,663.425,663.0,663.1,740126.0
2025-09-24 14:25:00+00:00,663.09,663.33,662.93,663.21,819818.0
2025-09-24 14:30:00+00:00,663.19,663.43,662.81,662.92,652916.0
2025-09-24 14:35:00+00:00,662.91,663.32,662.91,663.225,467200.0
2025-09-24 14:40:00+00:00,663.23,663.275,662.98,663.264,520026.0
2025-09-24 14:45:00+00:00,663.26,663.53,663.17,663.41,699816.0
2025-09-24 14:50:00+00:00,663.43,663.655,663.07,663.1199,764640.0
2025-09-24 14:55:00+00:00,663.105,663.15,662.7851,662.93,505419.0
2025-09-24 15:00:00+00:00,662.92,663.13,662.74,662.82,428715.0
2025-09-24 15:05:00+00:00,662.805,663.03,662.775,662.825,372240.0
2025-09-24 15:10:00+00:00,662.818,662.84,662.4,662.425,694715.0
2025-09-24 15:15:00+00:00,662.41,662.76,662.4,662.675,505157.0
2025-09-24 15:20:00+00:00,662.665,662.98,662.641,662.89,469715.0
2025-09-24 15:25:00+00:00,662.8944,662.945,662.572,662.66,417870.0
2025-09-24 15:30:00+00:00,662.65,662.95,662.12,662.17,502422.0
2025-09-24 15:35:00+00:00,662.18,662.52,662.101,662.3,426114.0
2025-09-24 15:40:00+00:00,662.29,662.345,662.06,662.145,406150.0
2025-09-24 15:45:00+00:00,662.15,662.15,661.33,661.36,1087722.0
2025-09-24 15:50:00+00:00,661.36,661.51,660.945,661.2246,1277186.0
2025-09-24 15:55:00+00:00,661.24,661.27,660.26,660.39,1633151.0
2025-09-24 16:00:00+00:00,660.39,660.6737,660.11,660.49,1495462.0
2025-09-24 16:05:00+00:00,660.48,660.615,659.95,660.05,1135667.0
2025-09-24 16:10:00+00:00,660.05,660.1,659.67,660.01,1006753.0
2025-09-24 16:15:00+00:00,660.0,660.33,659.6899,660.27,932919.0
2025-09-24 16:20:00+00:00,660.26,660.985,660.26,660.955,1039665.0
2025-09-24 16:25:00+00:00,660.95,661.12,660.51,660.91,930788.0
2025-09-24 16:30:00+00:00,660.92,661.01,660.62,660.7,543320.0
2025-09-24 16:35:00+00:00,660.69,660.94,660.675,660.92,452894.0
2025-09-24 16:40:00+00:00,660.91,661.11,660.85,660.94,510179.0
2025-09-24 16:45:00+00:00,660.97,660.97,660.615,660.74,418902.0
2025-09-24 16:50:00+00:00,660.74,660.8,660.52,660.63,446470.0
2025-09-24 16:55:00+00:00,660.62,660.71,660.4,660.52,342221.0
2025-09-24 17:00:00+00:00,660.55,660.81,660.44,660.77,286899.0
2025-09-24 17:05:00+00:00,660.755,661.18,660.61,661.165,401282.0
2025-09-24 17:10:00+00:00,661.16,661.68,661.135,661.24,980849.0
2025-09-24 17:15:00+00:00,661.23,661.325,661.11,661.12,374633.0
2025-09-24 17:20:00+00:00,661.1199,661.3,660.96,661.255,514310.0
2025-09-24 17:25:00+00:00,661.25,661.42,661.045,661.37,418028.0
2025-09-24 17:30:00+00:00,661.38,661.685,661.3787,661.66,481473.0
2025-09-24 17:35:00+00:00,661.65,661.8,661.08,661.105,620165.0
2025-09-24 17:40:00+00:00,661.1,661.14,660.8913,660.9,489237.0
2025-09-24 17:45:00+00:00,660.8921,660.945,660.39,660.53,850781.0
2025-09-24 17:50:00+00:00,660.525,660.711,660.425,660.711,450294.0
2025-09-24 17:55:00+00:00,660.71,660.83,660.5,660.57,1196888.0
2025-09-24 18:00:00+00:00,660.56,660.61,660.37,660.45,771353.0
2025-09-24 18:05:00+00:00,660.45,660.59,660.28,660.35,837613.0
2025-09-24 18:10:00+00:00,660.35,660.46,659.96,660.44,802133.0
2025-09-24 18:15:00+00:00,660.44,660.68,660.402,660.665,391901.0
2025-09-24 18:20:00+00:00,660.66,660.66,660.21,660.35,483345.0
2025-09-24 18:25:00+00:00,660.36,660.45,660.18,660.385,382909.0
2025-09-24 18:30:00+00:00,660.39,660.635,660.26,660.46,766542.0
2025-09-24 18:35:00+00:00,660.45,660.8856,660.43,660.76,532187.0
2025-09-24 18:40:00+00:00,660.76,660.865,660.625,660.75,404942.0
2025-09-24 18:45:00+00:00,660.75,660.92,660.46,660.605,488590.0
2025-09-24 18:50:00+00:00,660.6,661.12,660.55,661.025,554428.0
2025-09-24 18:55:00+00:00,661.02,661.15,660.94,661.105,520167.0
2025-09-24 19:00:00+00:00,661.11,661.12,660.64,660.72,510798.0
2025-09-24 19:05:00+00:00,660.72,660.86,660.61,660.66,344036.0
2025-09-24 19:10:00+00:00,660.65,660.895,660.6213,660.65,421125.0
2025-09-24 19:15:00+00:00,660.65,660.9,660.57,660.825,499172.0
2025-09-24 19:20:00+00:00,660.825,660.87,660.67,660.73,377872.0
2025-09-24 19:25:00+00:00,660.73,660.8,660.62,660.795,520617.0
2025-09-24 19:30:00+00:00,660.81,660.99,660.74,660.98,604785.0
2025-09-24 19:35:00+00:00,660.975,660.99,660.59,660.795,781673.0
2025-09-24 19:40:00+00:00,660.8,660.93,660.6,660.645,1094137.0
2025-09-24 19:45:00+00:00,660.65,661.02,660.485,660.95,1348056.0
2025-09-24 19:50:00+00:00,660.95,661.29,660.93,661.14,1779963.0
2025-09-24 19:55:00+00:00,661.15,661.38,660.845,661.04,3476938.0
2025-09-24 20:00:00+00:00,661.05,661.59,661.05,661.55,1058079.0
2025-09-24 20:05:00+00:00,661.5302,661.69,661.43,661.62,200794.0
2025-09-24 20:10:00+00:00,661.61,661.71,661.48,661.69,3649109.0
2025-09-24 20:15:00+00:00,661.7,661.74,661.5,661.59,136510.0
2025-09-24 20:20:00+00:00,661.55,661.6192,661.49,661.53,109238.0
2025-09-24 20:25:00+00:00,661.52,661.53,661.4451,661.52,63016.0
2025-09-24 20:30:00+00:00,661.51,661.51,661.45,661.46,21246.0
2025-09-24 20:35:00+00:00,661.4501,661.5,661.44,661.5,17041.0
2025-09-24 20:40:00+00:00,661.4997,661.62,661.49,661.62,3098.0
2025-09-24 20:45:00+00:00,661.6699,661.6699,661.62,661.66,18298.0
2025-09-24 20:50:00+00:00,661.6,661.6,661.5402,661.58,2085.0
2025-09-24 20:55:00+00:00,661.58,661.6,661.44,661.47,13002.0
2025-09-24 21:00:00+00:00,661.5,661.5,661.5,661.5,164691.0
2025-09-24 21:05:00+00:00,661.5,661.5,661.45,661.45,2663.0
2025-09-24 21:10:00+00:00,661.45,661.5,661.45,661.5,284.0
2025-09-24 21:20:00+00:00,661.49,661.5,661.3,661.37,9672.0
2025-09-24 21:25:00+00:00,661.37,661.4,661.32,661.34,13721.0
2025-09-24 21:30:00+00:00,661.19,661.4,661.19,661.4,160595.0
2025-09-24 21:35:00+00:00,661.39,661.4,661.39,661.4,606.0
2025-09-24 21:40:00+00:00,661.37,661.37,661.32,661.32,5109.0
2025-09-24 21:45:00+00:00,661.37,661.37,661.35,661.35,1004.0
2025-09-24 21:50:00+00:00,661.4199,661.4199,661.35,661.36,1183.0
2025-09-24 21:55:00+00:00,661.46,661.5,661.43,661.5,2425.0
2025-09-24 22:00:00+00:00,661.58,661.64,661.33,661.35,14444.0
2025-09-24 22:05:00+00:00,661.37,661.4,661.3,661.3,11482.0
2025-09-24 22:10:00+00:00,661.28,661.36,661.28,661.36,432.0
2025-09-24 22:15:00+00:00,661.4101,661.43,661.31,661.43,12351.0
2025-09-24 22:20:00+00:00,661.42,661.42,661.36,661.38,3013.0
2025-09-24 22:25:00+00:00,661.3199,661.3199,661.29,661.29,1609.0
2025-09-24 22:30:00+00:00,661.35,661.52,661.35,661.43,1811.0
2025-09-24 22:35:00+00:00,661.46,661.46,661.46,661.46,1575.0
2025-09-24 22:40:00+00:00,661.49,661.49,661.49,661.49,664.0
2025-09-24 22:45:00+00:00,661.45,661.49,661.45,661.49,480.0
2025-09-24 22:50:00+00:00,661.49,661.49,661.45,661.47,5348.0
2025-09-24 22:55:00+00:00,661.499,661.5,661.49,661.49,2894.0
2025-09-24 23:00:00+00:00,661.45,661.52,661.45,661.47,2552.0
2025-09-24 23:05:00+00:00,661.4,661.4,661.4,661.4,507.0
2025-09-24 23:10:00+00:00,661.3718,661.4,661.3605,661.4,2061.0
2025-09-24 23:15:00+00:00,661.37,661.37,661.36,661.37,444.0
2025-09-24 23:20:00+00:00,661.37,661.37,661.3501,661.3501,831.0
2025-09-24 23:25:00+00:00,661.41,661.41,661.41,661.41,118.0
2025-09-24 23:30:00+00:00,661.31,661.31,661.28,661.28,1767.0
2025-09-24 23:35:00+00:00,661.36,661.36,661.36,661.36,512.0
2025-09-24 23:40:00+00:00,661.2802,661.3,661.2802,661.3,593.0
2025-09-24 23:45:00+00:00,661.35,661.46,661.35,661.46,11743.0
2025-09-24 23:50:00+00:00,661.4995,661.4995,661.44,661.45,1874.0
2025-09-24 23:55:00+00:00,661.48,661.71,661.48,661.71,10462.0
2025-09-25 08:00:00+00:00,661.25,661.48,661.22,661.46,7945.0
2025-09-25 08:05:00+00:00,661.44,661.51,661.44,661.51,1759.0
2025-09-25 08:10:00+00:00,661.51,661.6,661.51,661.57,1357.0
2025-09-25 08:15:00+00:00,661.57,661.58,661.57,661.58,530.0
2025-09-25 08:20:00+00:00,661.54,661.54,661.54,661.54,279.0
2025-09-25 08:25:00+00:00,661.58,661.58,661.58,661.58,301.0
2025-09-25 08:35:00+00:00,661.46,661.46,661.46,661.46,171.0
2025-09-25 08:40:00+00:00,661.4,661.4,661.33,661.33,746.0
2025-09-25 08:45:00+00:00,661.3,661.3,661.0,661.0,3448.0
2025-09-25 08:50:00+00:00,660.93,660.93,660.72,660.82,3277.0
2025-09-25 09:00:00+00:00,660.94,661.1,660.94,660.96,5835.0
2025-09-25 09:05:00+00:00,660.74,660.75,660.72,660.75,2997.0
2025-09-25 09:10:00+00:00,660.93,660.94,660.9,660.9,1614.0
2025-09-25 09:15:00+00:00,660.94,661.1,660.94,661.1,645.0
2025-09-25 09:25:00+00:00,661.06,661.09,661.02,661.02,1193.0
2025-09-25 09:30:00+00:00,660.94,661.04,660.89,660.91,4132.0
2025-09-25 09:35:00+00:00,661.05,661.05,660.92,660.92,959.0
2025-09-25 09:40:00+00:00,660.83,660.83,660.75,660.78,3678.0
2025-09-25 09:45:00+00:00,660.53,660.66,660.4,660.64,4517.0
2025-09-25 09:50:00+00:00,660.67,660.76,660.67,660.76,1887.0
2025-09-25 09:55:00+00:00,660.81,660.81,660.55,660.55,1916.0
2025-09-25 10:00:00+00:00,660.6,660.74,660.6,660.74,2800.0
2025-09-25 10:05:00+00:00,660.68,660.8,660.63,660.8,3363.0
2025-09-25 10:10:00+00:00,660.81,660.84,660.65,660.67,15586.0
2025-09-25 10:15:00+00:00,660.67,660.74,660.6,660.7,18312.0
2025-09-25 10:20:00+00:00,660.72,660.72,660.5,660.57,6727.0
2025-09-25 10:25:00+00:00,660.59,660.59,660.2,660.22,16455.0
2025-09-25 10:30:00+00:00,660.25,660.64,660.25,660.64,5432.0
2025-09-25 10:35:00+00:00,660.68,660.68,660.59,660.59,3057.0
2025-09-25 10:40:00+00:00,660.36,660.37,660.19,660.19,2773.0
2025-09-25 10:45:00+00:00,660.1,660.12,660.0,660.08,13603.0
2025-09-25 10:50:00+00:00,660.04,660.11,659.96,660.11,3732.0
2025-09-25 10:55:00+00:00,660.11,660.27,660.11,660.27,6814.0
2025-09-25 11:00:00+00:00,660.2,660.2,659.81,660.03,11597.0
2025-09-25 11:05:00+00:00,660.04,660.07,659.8,659.8,13686.0
2025-09-25 11:10:00+00:00,659.75,659.75,659.26,659.34,17583.0
2025-09-25 11:15:00+00:00,659.45,659.5,659.27,659.33,15336.0
2025-09-25 11:20:00+00:00,659.32,659.34,659.09,659.23,17807.0
2025-09-25 11:25:00+00:00,659.22,659.46,659.22,659.26,20736.0
2025-09-25 11:30:00+00:00,659.2,659.3,659.08,659.17,25531.0
2025-09-25 11:35:00+00:00,659.18,659.26,659.0,659.061,25621.0
2025-09-25 11:40:00+00:00,659.03,659.08,658.7,658.7,38117.0
2025-09-25 11:45:00+00:00,658.74,658.87,658.51,658.86,27165.0
2025-09-25 11:50:00+00:00,658.82,659.15,658.73,659.0,20867.0
2025-09-25 11:55:00+00:00,659.031,659.031,658.24,658.44,12035.0
2025-09-25 12:00:00+00:00,660.09,662.38,658.27,658.65,112713.0
2025-09-25 12:05:00+00:00,658.67,658.89,658.57,658.84,41860.0
2025-09-25 12:10:00+00:00,658.78,659.01,658.75,658.86,14497.0
2025-09-25 12:15:00+00:00,658.77,658.99,658.74,658.9,13229.0
2025-09-25 12:20:00+00:00,658.83,659.27,658.81,659.16,43963.0
2025-09-25 12:25:00+00:00,659.16,659.16,658.5,658.73,90709.0
2025-09-25 12:30:00+00:00,658.5,658.8,658.25,658.42,134277.0
2025-09-25 12:35:00+00:00,658.41,658.55,658.19,658.4,100693.0
2025-09-25 12:40:00+00:00,658.41,658.45,658.0,658.05,90829.0
2025-09-25 12:45:00+00:00,658.09,658.18,657.64,657.76,145320.0
2025-09-25 12:50:00+00:00,657.81,657.81,657.32,657.42,74347.0
2025-09-25 12:55:00+00:00,657.38,657.86,657.35,657.78,64167.0
2025-09-25 13:00:00+00:00,657.8,657.88,657.46,657.62,76953.0
2025-09-25 13:05:00+00:00,657.63,657.9,657.4,657.46,59229.0
2025-09-25 13:10:00+00:00,657.43,657.66,657.34,657.63,52215.0
2025-09-25 13:15:00+00:00,657.61,658.0503,657.49,658.0503,38504.0
2025-09-25 13:20:00+00:00,658.05,658.21,657.95,658.11,53369.0
2025-09-25 13:25:00+00:00,658.08,658.189,657.86,657.99,71988.0
2025-09-25 13:30:00+00:00,657.94,657.98,657.13,657.14,2776415.0
2025-09-25 13:35:00+00:00,657.14,657.26,656.055,656.08,2064761.0
2025-09-25 13:40:00+00:00,656.08,656.1,655.08,655.29,2486064.0
2025-09-25 13:45:00+00:00,655.28,656.43,655.175,656.18,2444824.0
2025-09-25 13:50:00+00:00,656.1701,656.985,655.49,655.65,2120227.0
2025-09-25 13:55:00+00:00,655.66,656.04,655.19,655.64,1115781.0
2025-09-25 14:00:00+00:00,655.64,657.07,655.55,657.0,2021210.0
2025-09-25 14:05:00+00:00,656.99,657.93,656.93,657.87,1507318.0
2025-09-25 14:10:00+00:00,657.87,658.27,657.61,657.99,1457303.0
2025-09-25 14:15:00+00:00,658.0092,658.63,658.0,658.425,1395846.0
2025-09-25 14:20:00+00:00,658.42,659.15,658.28,659.03,1163554.0
2025-09-25 14:25:00+00:00,659.025,659.15,658.28,658.48,1396808.0
2025-09-25 14:30:00+00:00,658.48,658.81,658.24,658.74,886915.0
2025-09-25 14:35:00+00:00,658.73,658.93,658.36,658.88,718455.0
2025-09-25 14:40:00+00:00,658.875,658.97,658.49,658.74,681500.0
2025-09-25 14:45:00+00:00,658.74,659.1,658.385,659.08,622947.0
2025-09-25 14:50:00+00:00,659.08,659.085,658.33,658.66,756088.0
2025-09-25 14:55:00+00:00,658.67,659.095,658.66,658.79,1244062.0
2025-09-25 15:00:00+00:00,658.79,658.81,657.99,658.06,974751.0
2025-09-25 15:05:00+00:00,658.07,658.23,657.3281,657.6,903447.0
2025-09-25 15:10:00+00:00,657.6,658.6,657.425,658.58,948282.0
2025-09-25 15:15:00+00:00,658.58,658.68,658.23,658.39,491444.0
2025-09-25 15:20:00+00:00,658.36,658.475,657.73,657.7379,742046.0
2025-09-25 15:25:00+00:00,657.74,657.765,657.19,657.46,844935.0
2025-09-25 15:30:00+00:00,657.46,658.39,657.46,658.34,1517240.0
2025-09-25 15:35:00+00:00,658.355,658.9,658.28,658.9,792004.0
2025-09-25 15:40:00+00:00,658.895,659.4056,658.74,659.22,980024.0
2025-09-25 15:45:00+00:00,659.2,659.33,659.04,659.2292,687056.0
2025-09-25 15:50:00+00:00,659.2181,659.22,658.81,659.07,581947.0
2025-09-25 15:55:00+00:00,659.08,659.19,658.72,658.945,512266.0
2025-09-25 16:00:00+00:00,658.945,659.235,658.82,658.82,494855.0
2025-09-25 16:05:00+00:00,658.82,659.1,658.74,658.84,514984.0
2025-09-25 16:10:00+00:00,658.85,658.96,658.59,658.66,438416.0
2025-09-25 16:15:00+00:00,658.67,659.1,658.59,658.6099,448257.0
2025-09-25 16:20:00+00:00,658.62,658.8,658.04,658.29,587996.0
2025-09-25 16:25:00+00:00,658.28,658.44,657.9399,658.01,469256.0
2025-09-25 16:30:00+00:00,658.03,658.98,658.01,658.85,570987.0
2025-09-25 16:35:00+00:00,658.85,658.85,658.47,658.475,331993.0
2025-09-25 16:40:00+00:00,658.47,658.47,657.85,658.05,634032.0
2025-09-25 16:45:00+00:00,658.06,658.4,657.83,657.87,561047.0
2025-09-25 16:50:00+00:00,657.87,658.05,657.59,657.77,377750.0
2025-09-25 16:55:00+00:00,657.79,658.05,657.76,657.84,3461105.0
2025-09-25 17:00:00+00:00,657.83,658.02,657.525,657.6,396181.0
2025-09-25 17:05:00+00:00,657.59,658.255,657.54,658.06,444103.0
2025-09-25 17:10:00+00:00,658.06,658.36,657.74,658.0596,848792.0
2025-09-25 17:15:00+00:00,658.05,658.22,657.58,657.69,504672.0
2025-09-25 17:20:00+00:00,657.71,657.73,656.57,656.68,1444474.0
2025-09-25 17:25:00+00:00,656.685,657.47,656.65,657.295,697832.0
2025-09-25 17:30:00+00:00,657.28,657.465,656.75,656.87,708609.0
2025-09-25 17:35:00+00:00,656.87,656.9298,656.43,656.71,589168.0
2025-09-25 17:40:00+00:00,656.7,656.75,656.2815,656.68,669516.0
2025-09-25 17:45:00+00:00,656.68,656.73,656.13,656.15,432178.0
2025-09-25 17:50:00+00:00,656.155,656.45,656.15,656.33,370872.0
2025-09-25 17:55:00+00:00,656.32,656.435,655.51,655.59,772088.0
2025-09-25 18:00:00+00:00,655.59,655.66,654.405,654.48,3079538.0
2025-09-25 18:05:00+00:00,654.48,655.41,654.41,655.19,1569773.0
2025-09-25 18:10:00+00:00,655.2,656.0293,655.18,656.01,1043212.0
2025-09-25 18:15:00+00:00,656.02,656.78,655.98,656.72,1488545.0
2025-09-25 18:20:00+00:00,656.72,656.915,656.425,656.805,1061622.0
2025-09-25 18:25:00+00:00,656.78,657.15,656.74,656.99,586979.0
2025-09-25 18:30:00+00:00,656.98,657.25,656.66,656.915,674332.0
2025-09-25 18:35:00+00:00,656.92,657.4,656.765,657.36,820172.0
2025-09-25 18:40:00+00:00,657.37,658.155,657.37,657.81,1190565.0
2025-09-25 18:45:00+00:00,657.805,657.92,657.25,657.6907,824414.0
2025-09-25 18:50:00+00:00,657.69,657.86,657.51,657.825,526929.0
2025-09-25 18:55:00+00:00,657.84,658.07,657.5817,657.89,737843.0
2025-09-25 19:00:00+00:00,657.88,658.02,657.6,657.77,491442.0
2025-09-25 19:05:00+00:00,657.78,657.995,657.51,657.695,582384.0
2025-09-25 19:10:00+00:00,657.7,657.965,657.44,657.57,712716.0
2025-09-25 19:15:00+00:00,657.58,657.775,657.325,657.365,571397.0
2025-09-25 19:20:00+00:00,657.355,657.63,657.055,657.1,749117.0
2025-09-25 19:25:00+00:00,657.1,657.52,657.1,657.45,672358.0
2025-09-25 19:30:00+00:00,657.45,657.86,657.3,657.4,847137.0
2025-09-25 19:35:00+00:00,657.4,657.49,657.04,657.19,998826.0
2025-09-25 19:40:00+00:00,657.19,657.5,657.05,657.465,899764.0
2025-09-25 19:45:00+00:00,657.455,657.56,657.09,657.24,1057995.0
2025-09-25 19:50:00+00:00,657.25,658.15,657.18,657.815,1884430.0
2025-09-25 19:55:00+00:00,657.81,658.26,657.485,657.95,3019247.0
2025-09-25 20:00:00+00:00,657.98,658.25,657.93,658.15,444182.0
2025-09-25 20:05:00+00:00,658.13,658.13,657.85,657.87,172015.0
2025-09-25 20:10:00+00:00,657.9,658.07,657.86,658.04,5393567.0
2025-09-25 20:15:00+00:00,658.03,658.03,657.7,657.93,45040.0
2025-09-25 20:20:00+00:00,657.96,658.1,657.94,658.0,40309.0
2025-09-25 20:25:00+00:00,658.0,658.11,657.95,658.09,182050.0
2025-09-25 20:30:00+00:00,658.08,658.2899,657.99,658.2899,60783.0
2025-09-25 20:35:00+00:00,658.3,658.53,658.3,658.3,37169.0
2025-09-25 20:40:00+00:00,658.34,658.44,658.31,658.44,18631.0
2025-09-25 20:45:00+00:00,658.41,658.41,658.29,658.33,20731.0
2025-09-25 20:50:00+00:00,658.35,658.35,658.19,658.28,11963.0
2025-09-25 20:55:00+00:00,658.26,658.26,658.08,658.08,24162.0
2025-09-25 21:00:00+00:00,658.07,658.07,657.91,657.92,11447.0
2025-09-25 21:05:00+00:00,657.92,657.9885,657.86,657.95,26677.0
2025-09-25 21:10:00+00:00,657.96,657.97,657.92,657.94,49346.0
2025-09-25 21:15:00+00:00,657.94,658.06,657.94,658.02,15207.0
2025-09-25 21:20:00+00:00,658.0,658.0,658.0,658.0,1022.0
2025-09-25 21:25:00+00:00,658.02,658.03,658.02,658.02,875.0
2025-09-25 21:30:00+00:00,658.0203,658.06,658.0203,658.06,3413.0
2025-09-25 21:35:00+00:00,658.05,658.0766,658.03,658.03,1133.0
2025-09-25 21:40:00+00:00,658.03,658.03,657.9,657.9,14449.0
2025-09-25 21:45:00+00:00,657.93,658.0302,657.8996,657.9,14372.0
2025-09-25 21:50:00+00:00,657.88,658.01,657.87,658.0,9946.0
2025-09-25 22:00:00+00:00,658.0,658.3,657.94,658.3,39872.0
2025-09-25 22:05:00+00:00,658.3,658.69,658.3,658.69,13763.0
2025-09-25 22:10:00+00:00,658.53,658.57,658.47,658.47,3617.0
2025-09-25 22:15:00+00:00,658.441,658.441,658.38,658.44,992.0
2025-09-25 22:20:00+00:00,658.38,658.47,658.29,658.29,2852.0
2025-09-25 22:25:00+00:00,658.3663,658.52,658.3663,658.46,1968.0
2025-09-25 22:30:00+00:00,658.33,658.33,658.25,658.25,3106.0
2025-09-25 22:35:00+00:00,658.48,658.62,658.46,658.62,2935.0
2025-09-25 22:40:00+00:00,658.62,658.66,658.52,658.52,3626.0
2025-09-25 22:45:00+00:00,658.42,658.421,658.34,658.34,2646.0
2025-09-25 22:50:00+00:00,658.27,658.29,657.95,657.95,11441.0
2025-09-25 22:55:00+00:00,658.03,658.24,658.03,658.1504,2743.0
2025-09-25 23:00:00+00:00,658.1599,658.1738,658.0,658.06,2920.0
2025-09-25 23:05:00+00:00,658.15,658.15,657.97,657.97,3285.0
2025-09-25 23:10:00+00:00,658.0,658.05,657.81,658.05,53964.0
2025-09-25 23:15:00+00:00,658.08,658.11,658.05,658.05,3666.0
2025-09-25 23:20:00+00:00,658.129,658.13,658.0,658.0,18072.0
2025-09-25 23:25:00+00:00,658.0,658.04,657.85,657.94,29310.0
2025-09-25 23:30:00+00:00,658.05,658.05,657.84,657.97,2210.0
2025-09-25 23:35:00+00:00,657.9,657.92,657.81,657.81,2159.0
2025-09-25 23:40:00+00:00,657.98,658.08,657.97,658.071,4271.0
2025-09-25 23:45:00+00:00,658.05,658.05,657.87,657.87,2456.0
2025-09-25 23:50:00+00:00,657.85,657.9,657.83,657.83,3118.0
2025-09-25 23:55:00+00:00,657.81,657.9,657.81,657.83,4897.0
2025-09-26 08:00:00+00:00,657.36,659.3,657.36,659.3,19296.0
2025-09-26 08:05:00+00:00,659.24,659.32,659.22,659.32,1781.0
2025-09-26 08:10:00+00:00,659.29,659.29,659.2,659.22,2926.0
2025-09-26 08:15:00+00:00,659.27,659.4,659.27,659.37,3644.0
2025-09-26 08:20:00+00:00,659.22,659.22,659.15,659.15,1049.0
2025-09-26 08:25:00+00:00,659.14,659.14,658.87,659.03,3291.0
2025-09-26 08:30:00+00:00,659.12,659.12,659.06,659.06,1374.0
2025-09-26 08:35:00+00:00,659.06,659.06,658.94,658.95,1998.0
2025-09-26 08:40:00+00:00,658.89,658.92,658.8,658.8,1262.0
2025-09-26 08:45:00+00:00,658.76,658.76,658.48,658.49,6467.0
2025-09-26 08:50:00+00:00,658.24,658.39,658.24,658.39,3739.0
2025-09-26 08:55:00+00:00,658.32,658.35,658.29,658.3,2208.0
2025-09-26 09:00:00+00:00,658.14,658.14,657.85,657.85,6454.0
2025-09-26 09:05:00+00:00,657.98,658.33,657.98,658.33,3358.0
2025-09-26 09:10:00+00:00,658.21,658.65,658.2,658.58,2838.0
2025-09-26 09:15:00+00:00,658.43,658.5,658.43,658.5,501.0
2025-09-26 09:20:00+00:00,658.3,658.3,658.25,658.25,449.0
2025-09-26 09:25:00+00:00,658.17,658.19,658.16,658.19,1121.0
2025-09-26 09:30:00+00:00,658.16,658.41,658.14,658.41,4672.0
2025-09-26 09:35:00+00:00,658.34,658.44,658.33,658.44,1890.0
2025-09-26 09:40:00+00:00,658.37,658.37,658.37,658.37,721.0
2025-09-26 09:45:00+00:00,658.54,658.54,658.54,658.54,485.0
2025-09-26 09:50:00+00:00,658.66,658.67,658.66,658.66,882.0
2025-09-26 09:55:00+00:00,658.62,658.66,658.62,658.66,670.0
2025-09-26 10:05:00+00:00,658.29,658.29,658.13,658.18,1132.0
2025-09-26 10:15:00+00:00,658.29,658.3,658.23,658.23,1665.0
2025-09-26 10:20:00+00:00,658.34,658.34,658.14,658.16,4222.0
2025-09-26 10:25:00+00:00,658.16,658.27,658.12,658.12,5025.0
2025-09-26 10:30:00+00:00,658.1,658.1,658.01,658.01,807.0
2025-09-26 10:35:00+00:00,658.02,658.02,658.02,658.02,869.0
2025-09-26 10:40:00+00:00,658.02,658.04,657.93,657.98,2292.0
2025-09-26 10:45:00+00:00,658.05,658.05,658.05,658.05,241.0
2025-09-26 10:50:00+00:00,658.01,658.02,657.98,657.98,1781.0
2025-09-26 10:55:00+00:00,658.15,658.15,658.15,658.15,192.0
2025-09-26 11:00:00+00:00,658.16,658.2,658.07,658.14,3104.0
2025-09-26 11:05:00+00:00,658.08,658.26,658.08,658.26,2883.0
2025-09-26 11:10:00+00:00,658.43,658.6,658.43,658.48,6260.0
2025-09-26 11:15:00+00:00,658.48,658.48,658.08,658.16,8453.0
2025-09-26 11:20:00+00:00,658.2,658.24,658.0,658.0,5963.0
2025-09-26 11:25:00+00:00,657.9,658.08,657.9,658.08,2454.0
2025-09-26 11:30:00+00:00,658.2,658.34,658.03,658.34,12870.0
2025-09-26 11:35:00+00:00,658.38,658.49,658.35,658.49,7486.0
2025-09-26 11:40:00+00:00,658.46,658.65,658.45,658.52,12736.0
2025-09-26 11:45:00+00:00,658.52,658.73,658.5,658.7,16961.0
2025-09-26 11:50:00+00:00,658.72,659.0,658.71,659.0,9473.0
2025-09-26 11:55:00+00:00,658.99,658.99,658.71,658.71,11258.0
2025-09-26 12:00:00+00:00,658.67,659.5,657.6,658.64,67829.0
2025-09-26 12:05:00+00:00,658.64,658.99,658.64,658.92,12860.0
2025-09-26 12:10:00+00:00,658.9225,658.96,658.75,658.8,20281.0
2025-09-26 12:15:00+00:00,658.85,659.1,657.96,659.03,32809.0
2025-09-26 12:20:00+00:00,658.91,659.03,658.88,659.02,24171.0
2025-09-26 12:25:00+00:00,659.03,659.24,658.92,659.19,13790.0
2025-09-26 12:30:00+00:00,659.1,660.29,659.07,660.21,165135.0
2025-09-26 12:35:00+00:00,660.2,661.1,660.2,660.83,268346.0
2025-09-26 12:40:00+00:00,660.88,660.949,660.6,660.66,95302.0
2025-09-26 12:45:00+00:00,660.71,660.71,660.28,660.38,70710.0
2025-09-26 12:50:00+00:00,660.48,660.57,660.0,660.03,54223.0
2025-09-26 12:55:00+00:00,660.09,660.45,660.05,660.24,54376.0
2025-09-26 13:00:00+00:00,660.28,660.31,659.8634,659.88,59049.0
2025-09-26 13:05:00+00:00,659.85,659.97,659.79,659.82,20857.0
2025-09-26 13:10:00+00:00,659.83,660.03,659.71,659.93,54735.0
2025-09-26 13:15:00+00:00,659.93,660.05,659.8001,659.93,11757.0
2025-09-26 13:20:00+00:00,659.93,660.08,659.7,659.779,22596.0
2025-09-26 13:25:00+00:00,659.72,659.86,659.41,659.51,60387.0
2025-09-26 13:30:00+00:00,659.51,660.89,658.92,660.7601,2258548.0
2025-09-26 13:35:00+00:00,660.765,661.04,660.44,660.91,1831022.0
2025-09-26 13:40:00+00:00,660.92,661.6851,660.59,661.03,2117521.0
2025-09-26 13:45:00+00:00,661.025,661.81,660.41,661.61,1676516.0
2025-09-26 13:50:00+00:00,661.61,661.9,661.145,661.4012,1320041.0
2025-09-26 13:55:00+00:00,661.41,661.794,661.15,661.79,847135.0
2025-09-26 14:00:00+00:00,661.8,662.37,660.98,660.9999,1539084.0
2025-09-26 14:05:00+00:00,661.02,661.1,659.62,659.905,2731969.0
2025-09-26 14:10:00+00:00,659.94,660.19,659.26,659.57,1411227.0
2025-09-26 14:15:00+00:00,659.56,659.73,659.0688,659.58,1091001.0
2025-09-26 14:20:00+00:00,659.56,659.61,658.75,658.81,862010.0
2025-09-26 14:25:00+00:00,658.82,658.88,657.88,658.781,1551482.0
2025-09-26 14:30:00+00:00,658.79,658.79,658.18,658.27,822293.0
2025-09-26 14:35:00+00:00,658.29,659.4844,658.12,659.44,886799.0
2025-09-26 14:40:00+00:00,659.43,659.96,659.3,659.515,895496.0
2025-09-26 14:45:00+00:00,659.51,659.76,658.38,658.4,659111.0
2025-09-26 14:50:00+00:00,658.39,658.9013,658.15,658.72,640601.0
2025-09-26 14:55:00+00:00,658.71,659.12,658.35,658.45,490929.0
2025-09-26 15:00:00+00:00,658.44,659.05,658.26,658.725,560481.0
2025-09-26 15:05:00+00:00,658.73,659.03,658.44,658.69,439349.0
2025-09-26 15:10:00+00:00,658.68,658.86,658.22,658.242,449527.0
2025-09-26 15:15:00+00:00,658.25,659.31,658.05,659.24,568575.0
2025-09-26 15:20:00+00:00,659.24,659.31,658.68,658.995,581972.0
2025-09-26 15:25:00+00:00,658.985,659.93,658.97,659.93,556910.0
2025-09-26 15:30:00+00:00,659.915,660.06,659.51,659.8,695562.0
2025-09-26 15:35:00+00:00,659.81,659.91,659.04,659.21,549394.0
2025-09-26 15:40:00+00:00,659.21,659.71,659.05,659.46,554020.0
2025-09-26 15:45:00+00:00,659.45,659.66,659.18,659.65,659452.0
2025-09-26 15:50:00+00:00,659.65,659.65,658.93,659.18,541643.0
2025-09-26 15:55:00+00:00,659.21,659.2801,658.635,658.67,329701.0
2025-09-26 16:00:00+00:00,658.68,658.875,658.5,658.79,513997.0
2025-09-26 16:05:00+00:00,658.82,659.1099,658.69,658.835,327146.0
2025-09-26 16:10:00+00:00,658.82,659.175,658.65,659.1099,287451.0
2025-09-26 16:15:00+00:00,659.1,659.495,658.97,659.49,430207.0
2025-09-26 16:20:00+00:00,659.49,660.56,659.46,660.53,783382.0
2025-09-26 16:25:00+00:00,660.56,660.76,660.14,660.4534,691699.0
2025-09-26 16:30:00+00:00,660.4499,660.71,660.07,660.37,583389.0
2025-09-26 16:35:00+00:00,660.38,660.7,660.195,660.51,389902.0
2025-09-26 16:40:00+00:00,660.51,660.9404,660.4,660.84,419883.0
2025-09-26 16:45:00+00:00,660.835,660.97,660.54,660.83,459662.0
2025-09-26 16:50:00+00:00,660.83,661.1,660.73,660.97,321709.0
2025-09-26 16:55:00+00:00,660.9501,661.495,660.815,661.33,807369.0
2025-09-26 17:00:00+00:00,661.33,661.42,661.15,661.16,628868.0
2025-09-26 17:05:00+00:00,661.18,661.4436,661.14,661.4,350021.0
2025-09-26 17:10:00+00:00,661.39,661.69,661.38,661.59,374030.0
2025-09-26 17:15:00+00:00,661.585,661.64,661.3644,661.41,339517.0
2025-09-26 17:20:00+00:00,661.41,661.6,661.195,661.6,462841.0
2025-09-26 17:25:00+00:00,661.61,661.74,661.49,661.625,371539.0
2025-09-26 17:30:00+00:00,661.63,661.67,661.37,661.54,418787.0
2025-09-26 17:35:00+00:00,661.54,661.755,661.39,661.45,529543.0
2025-09-26 17:40:00+00:00,661.46,661.729,661.34,661.525,468727.0
2025-09-26 17:45:00+00:00,661.55,661.55,661.25,661.29,452571.0
2025-09-26 17:50:00+00:00,661.27,661.31,660.91,660.98,384284.0
2025-09-26 17:55:00+00:00,661.0,661.365,660.76,661.35,490363.0
2025-09-26 18:00:00+00:00,661.34,661.605,661.26,661.42,553880.0
2025-09-26 18:05:00+00:00,661.42,661.44,660.88,660.89,788344.0
2025-09-26 18:10:00+00:00,660.89,661.34,660.85,661.33,514892.0
2025-09-26 18:15:00+00:00,661.31,661.66,661.31,661.449,329365.0
2025-09-26 18:20:00+00:00,661.47,661.8,661.32,661.78,1024499.0
2025-09-26 18:25:00+00:00,661.78,662.02,661.56,661.725,662015.0
2025-09-26 18:30:00+00:00,661.74,661.9191,661.7,661.77,303389.0
2025-09-26 18:35:00+00:00,661.78,662.075,661.76,662.0086,397382.0
2025-09-26 18:40:00+00:00,662.015,662.14,661.86,661.882,387172.0
2025-09-26 18:45:00+00:00,661.88,661.955,661.47,661.87,920918.0
2025-09-26 18:50:00+00:00,661.875,661.89,661.625,661.72,421730.0
2025-09-26 18:55:00+00:00,661.72,661.9983,661.7,661.92,360191.0
2025-09-26 19:00:00+00:00,661.915,662.01,661.73,661.845,704191.0
2025-09-26 19:05:00+00:00,661.845,661.92,661.51,661.5344,717294.0
2025-09-26 19:10:00+00:00,661.53,661.705,661.425,661.49,367094.0
2025-09-26 19:15:00+00:00,661.49,661.76,661.3,661.68,460537.0
2025-09-26 19:20:00+00:00,661.6791,661.86,661.57,661.74,543415.0
2025-09-26 19:25:00+00:00,661.75,661.875,661.59,661.6,396410.0
2025-09-26 19:30:00+00:00,661.602,661.6026,661.375,661.46,479325.0
2025-09-26 19:35:00+00:00,661.47,661.67,661.4,661.6291,512528.0
2025-09-26 19:40:00+00:00,661.6386,661.69,661.39,661.44,731500.0
2025-09-26 19:45:00+00:00,661.44,661.77,661.32,661.74,919911.0
2025-09-26 19:50:00+00:00,661.74,661.86,661.15,661.805,1531872.0
2025-09-26 19:55:00+00:00,661.82,661.95,661.425,661.75,3659320.0
2025-09-26 20:00:00+00:00,661.74,662.07,661.65,662.07,436789.0
2025-09-26 20:05:00+00:00,662.0601,662.11,661.99,662.08,348118.0
2025-09-26 20:10:00+00:00,662.07,662.26,661.98,662.24,5004120.0
2025-09-26 20:15:00+00:00,662.25,662.32,662.18,662.27,289959.0
2025-09-26 20:20:00+00:00,662.27,662.33,662.27,662.29,19088.0
2025-09-26 20:25:00+00:00,662.2704,662.34,662.2601,662.34,16944.0
2025-09-26 20:30:00+00:00,662.35,662.37,662.28,662.2925,158508.0
2025-09-26 20:35:00+00:00,662.29,662.32,662.25,662.25,193032.0
2025-09-26 20:40:00+00:00,662.27,662.27,662.1,662.11,77677.0
2025-09-26 20:45:00+00:00,662.11,662.11,662.02,662.02,45992.0
2025-09-26 20:50:00+00:00,662.0193,662.0193,661.9,661.9,42656.0
2025-09-26 20:55:00+00:00,661.9,661.9,661.77,661.85,49720.0
2025-09-26 21:00:00+00:00,661.85,661.97,661.85,661.97,2732.0
2025-09-26 21:05:00+00:00,661.95,661.95,661.84,661.91,5420.0
2025-09-26 21:10:00+00:00,661.95,661.95,661.95,661.95,2050.0
2025-09-26 21:15:00+00:00,661.96,661.98,661.96,661.96,5374.0
2025-09-26 21:20:00+00:00,661.96,661.98,661.96,661.97,3710.0
2025-09-26 21:25:00+00:00,661.97,661.98,661.92,661.98,4813.0
2025-09-26 21:30:00+00:00,661.9273,661.98,661.9273,661.98,530.0
2025-09-26 21:35:00+00:00,661.94,661.94,661.88,661.8991,2194.0
2025-09-26 21:40:00+00:00,661.87,661.87,661.8589,661.8589,1228.0
2025-09-26 21:45:00+00:00,661.85,661.85,661.66,661.66,16725.0
2025-09-26 21:50:00+00:00,661.52,661.7,661.5,661.7,3851.0
2025-09-26 21:55:00+00:00,661.67,661.6982,661.65,661.65,1629.0
2025-09-26 22:00:00+00:00,661.7,661.7,661.7,661.7,1582.0
2025-09-26 22:05:00+00:00,661.7,661.7,661.6657,661.7,1346.0
2025-09-26 22:10:00+00:00,661.6999,661.7,661.6999,661.7,2067.0
2025-09-26 22:15:00+00:00,661.77,661.9,661.77,661.89,4004.0
2025-09-26 22:20:00+00:00,661.95,662.05,661.95,662.02,4772.0
2025-09-26 22:25:00+00:00,662.02,662.0238,662.02,662.02,2132.0
2025-09-26 22:30:00+00:00,662.06,662.0605,662.06,662.0605,1163.0
2025-09-26 22:35:00+00:00,662.0608,662.08,662.06,662.06,1994.0
2025-09-26 22:40:00+00:00,662.09,662.1,662.09,662.1,264.0
2025-09-26 22:50:00+00:00,662.0,662.0,662.0,662.0,942.0
2025-09-26 22:55:00+00:00,661.9896,661.9899,661.95,661.9899,2643.0
2025-09-26 23:05:00+00:00,662.02,662.05,662.02,662.05,2680.0
2025-09-26 23:10:00+00:00,662.1001,662.1001,662.1001,662.1001,390.0
2025-09-26 23:20:00+00:00,662.1,662.1,662.1,662.1,2013.0
2025-09-26 23:25:00+00:00,662.1048,662.15,662.1048,662.1086,2378.0
2025-09-26 23:30:00+00:00,662.1113,662.1113,662.11,662.11,593.0
2025-09-26 23:35:00+00:00,662.05,662.05,662.04,662.05,1069.0
2025-09-26 23:50:00+00:00,662.04,662.1492,662.04,662.1492,1572.0
2025-09-26 23:55:00+00:00,662.02,662.11,662.02,662.11,4723.0
2025-09-29 08:00:00+00:00,664.57,664.8,664.12,664.71,12503.0
2025-09-29 08:05:00+00:00,664.71,664.81,664.71,664.81,1540.0
2025-09-29 08:10:00+00:00,664.83,665.03,664.83,664.84,18854.0
2025-09-29 08:15:00+00:00,664.85,664.88,664.81,664.81,4407.0
2025-09-29 08:20:00+00:00,664.77,664.81,664.7,664.81,7539.0
2025-09-29 08:25:00+00:00,664.82,664.91,664.77,664.91,1973.0
2025-09-29 08:30:00+00:00,664.91,664.92,664.84,664.88,4105.0
2025-09-29 08:35:00+00:00,664.88,665.03,664.88,665.03,2240.0
2025-09-29 08:40:00+00:00,665.07,665.07,665.02,665.07,6568.0
2025-09-29 08:45:00+00:00,665.06,665.22,665.05,665.12,14867.0
2025-09-29 08:50:00+00:00,665.21,665.21,665.15,665.15,1577.0
2025-09-29 08:55:00+00:00,665.25,665.26,665.19,665.23,4362.0
2025-09-29 09:00:00+00:00,665.22,665.28,665.11,665.11,4517.0
2025-09-29 09:05:00+00:00,665.14,665.24,665.12,665.13,3414.0
2025-09-29 09:10:00+00:00,665.16,665.18,665.16,665.18,863.0
2025-09-29 09:15:00+00:00,665.12,665.16,665.11,665.15,1769.0
2025-09-29 09:20:00+00:00,665.12,665.12,665.09,665.1,705.0
2025-09-29 09:25:00+00:00,665.1,665.33,665.1,665.26,5712.0
2025-09-29 09:30:00+00:00,665.18,665.18,665.09,665.1,8030.0
2025-09-29 09:35:00+00:00,665.17,665.32,665.17,665.32,3738.0
2025-09-29 09:40:00+00:00,665.39,665.4,665.35,665.4,4002.0
2025-09-29 09:45:00+00:00,665.41,665.5,665.16,665.22,15264.0
2025-09-29 09:50:00+00:00,665.22,665.27,665.14,665.22,17004.0
2025-09-29 09:55:00+00:00,665.15,665.15,665.03,665.04,3922.0
2025-09-29 10:00:00+00:00,665.06,665.23,664.98,665.1,8182.0
2025-09-29 10:05:00+00:00,665.1,665.17,665.1,665.16,1086.0
2025-09-29 10:10:00+00:00,665.19,665.19,665.19,665.19,1214.0
2025-09-29 10:15:00+00:00,665.44,665.46,665.44,665.46,3071.0
2025-09-29 10:20:00+00:00,665.57,665.72,665.57,665.67,3540.0
2025-09-29 10:25:00+00:00,665.67,665.7,665.66,665.7,2089.0
2025-09-29 10:30:00+00:00,665.7,665.8,665.5,665.52,19267.0
2025-09-29 10:35:00+00:00,665.48,665.5,665.46,665.5,2653.0
2025-09-29 10:40:00+00:00,665.43,665.5,665.43,665.45,46766.0
2025-09-29 10:45:00+00:00,665.43,665.49,665.3,665.49,17731.0
2025-09-29 10:50:00+00:00,665.5,665.5,665.3,665.4,45168.0
2025-09-29 10:55:00+00:00,665.4,665.42,665.31,665.35,23354.0
2025-09-29 11:00:00+00:00,665.4,665.47,665.13,665.13,33456.0
2025-09-29 11:05:00+00:00,665.16,665.19,665.0,665.0,3393.0
2025-09-29 11:10:00+00:00,665.02,665.02,664.69,664.69,13465.0
2025-09-29 11:15:00+00:00,664.67,665.0,664.67,665.0,3690.0
2025-09-29 11:20:00+00:00,665.0,665.05,664.84,664.88,45687.0
2025-09-29 11:25:00+00:00,664.84,664.84,664.6,664.65,27085.0
2025-09-29 11:30:00+00:00,664.64,664.65,664.49,664.6,22353.0
2025-09-29 11:35:00+00:00,664.63,664.79,664.59,664.59,1268.0
2025-09-29 11:40:00+00:00,664.52,664.63,664.5,664.63,6362.0
2025-09-29 11:45:00+00:00,664.53,664.63,664.5,664.63,12957.0
2025-09-29 11:50:00+00:00,664.82,664.92,664.67,664.92,8406.0
2025-09-29 11:55:00+00:00,664.89,664.98,664.85,664.96,15522.0
2025-09-29 12:00:00+00:00,665.38,665.7,663.71,664.8,85725.0
2025-09-29 12:05:00+00:00,664.785,665.0,664.71,664.9599,27061.0
2025-09-29 12:10:00+00:00,664.96,665.06,664.93,665.06,106543.0
2025-09-29 12:15:00+00:00,665.05,665.1,664.93,665.07,16412.0
2025-09-29 12:20:00+00:00,665.085,665.145,665.05,665.12,13933.0
2025-09-29 12:25:00+00:00,665.1,665.12,664.98,665.03,16878.0
2025-09-29 12:30:00+00:00,665.01,665.17,664.97,665.17,21584.0
2025-09-29 12:35:00+00:00,665.15,665.23,665.05,665.23,19288.0
2025-09-29 12:40:00+00:00,665.24,665.26,665.07,665.26,13067.0
2025-09-29 12:45:00+00:00,665.26,665.5,665.24,665.36,30944.0
2025-09-29 12:50:00+00:00,665.38,665.5,665.38,665.46,14918.0
2025-09-29 12:55:00+00:00,665.48,665.6,665.36,665.43,44131.0
2025-09-29 13:00:00+00:00,665.45,665.67,665.23,665.2899,47876.0
2025-09-29 13:05:00+00:00,665.25,665.33,665.1,665.21,58054.0
2025-09-29 13:10:00+00:00,665.22,665.29,665.13,665.21,39210.0
2025-09-29 13:15:00+00:00,665.19,665.27,665.1201,665.26,31484.0
2025-09-29 13:20:00+00:00,665.27,665.27,665.05,665.1,51713.0
2025-09-29 13:25:00+00:00,665.11,665.17,664.25,664.4,135782.0
2025-09-29 13:30:00+00:00,664.36,664.76,664.14,664.29,1854377.0
2025-09-29 13:35:00+00:00,664.29,664.45,663.91,663.95,1328485.0
2025-09-29 13:40:00+00:00,663.935,664.47,663.725,664.4106,1393829.0
2025-09-29 13:45:00+00:00,664.405,664.745,664.35,664.64,1221373.0
2025-09-29 13:50:00+00:00,664.64,664.69,664.09,664.63,1512680.0
2025-09-29 13:55:00+00:00,664.65,664.73,664.27,664.525,902764.0
2025-09-29 14:00:00+00:00,664.53,664.83,664.07,664.18,1349264.0
2025-09-29 14:05:00+00:00,664.185,665.28,664.05,665.09,1032836.0
2025-09-29 14:10:00+00:00,665.09,665.11,664.435,664.67,853661.0
2025-09-29 14:15:00+00:00,664.69,664.79,664.17,664.1712,729101.0
2025-09-29 14:20:00+00:00,664.18,664.89,663.99,664.84,971994.0
2025-09-29 14:25:00+00:00,664.84,664.98,664.71,664.76,651361.0
2025-09-29 14:30:00+00:00,664.76,664.887,664.585,664.86,637720.0
2025-09-29 14:35:00+00:00,664.87,664.93,664.54,664.785,611693.0
2025-09-29 14:40:00+00:00,664.78,665.07,664.73,665.0,475180.0
2025-09-29 14:45:00+00:00,665.0,665.17,664.84,664.91,630027.0
2025-09-29 14:50:00+00:00,664.91,664.97,664.57,664.6465,775989.0
2025-09-29 14:55:00+00:00,664.65,664.7,664.29,664.46,735765.0
2025-09-29 15:00:00+00:00,664.45,664.6573,664.37,664.54,480471.0
2025-09-29 15:05:00+00:00,664.55,664.59,664.23,664.26,439619.0
2025-09-29 15:10:00+00:00,664.26,664.2999,663.72,663.78,774304.0
2025-09-29 15:15:00+00:00,663.78,663.78,663.21,663.62,1346948.0
2025-09-29 15:20:00+00:00,663.61,664.01,663.43,663.6211,946834.0
2025-09-29 15:25:00+00:00,663.63,663.83,663.48,663.53,530428.0
2025-09-29 15:30:00+00:00,663.54,663.655,663.275,663.4,762948.0
2025-09-29 15:35:00+00:00,663.4,663.49,662.995,663.41,994548.0
2025-09-29 15:40:00+00:00,663.41,663.56,663.19,663.53,414030.0
2025-09-29 15:45:00+00:00,663.535,663.57,663.1801,663.2188,327607.0
2025-09-29 15:50:00+00:00,663.22,663.25,662.84,663.165,986711.0
2025-09-29 15:55:00+00:00,663.19,663.36,662.9,663.31,946608.0
2025-09-29 16:00:00+00:00,663.31,663.4856,662.935,663.0299,652906.0
2025-09-29 16:05:00+00:00,663.03,663.285,662.94,663.28,404673.0
2025-09-29 16:10:00+00:00,663.29,663.785,663.2701,663.72,1376947.0
2025-09-29 16:15:00+00:00,663.725,663.8,663.045,663.475,632928.0
2025-09-29 16:20:00+00:00,663.48,663.695,663.305,663.655,719047.0
2025-09-29 16:25:00+00:00,663.65,663.7,663.42,663.47,539117.0
2025-09-29 16:30:00+00:00,663.48,663.7,663.47,663.6,228772.0
2025-09-29 16:35:00+00:00,663.6,663.605,663.31,663.38,230309.0
2025-09-29 16:40:00+00:00,663.4,663.61,663.07,663.09,500950.0
2025-09-29 16:45:00+00:00,663.09,663.27,663.0,663.17,478382.0
2025-09-29 16:50:00+00:00,663.15,663.19,662.86,662.89,307399.0
2025-09-29 16:55:00+00:00,662.9,663.1197,662.85,663.04,541366.0
2025-09-29 17:00:00+00:00,663.05,663.0856,662.42,662.565,1281410.0
2025-09-29 17:05:00+00:00,662.57,662.805,662.5478,662.69,434010.0
2025-09-29 17:10:00+00:00,662.7,662.83,662.49,662.5544,395470.0
2025-09-29 17:15:00+00:00,662.55,662.82,662.4,662.7,492721.0
2025-09-29 17:20:00+00:00,662.7,662.7,662.45,662.57,552189.0
2025-09-29 17:25:00+00:00,662.57,662.74,662.4899,662.56,587650.0
2025-09-29 17:30:00+00:00,662.57,662.62,662.19,662.4499,745174.0
2025-09-29 17:35:00+00:00,662.44,662.54,662.33,662.51,369488.0
2025-09-29 17:40:00+00:00,662.51,662.7,662.5,662.57,486844.0
2025-09-29 17:45:00+00:00,662.55,662.77,662.5201,662.6,389445.0
2025-09-29 17:50:00+00:00,662.61,663.09,662.6,663.04,674601.0
2025-09-29 17:55:00+00:00,663.04,663.05,662.84,662.94,756873.0
2025-09-29 18:00:00+00:00,662.94,663.21,662.9,663.13,890934.0
2025-09-29 18:05:00+00:00,663.125,663.24,662.95,662.97,414126.0
2025-09-29 18:10:00+00:00,662.97,663.32,662.91,663.26,595388.0
2025-09-29 18:15:00+00:00,663.25,663.3612,663.1502,663.3,321694.0
2025-09-29 18:20:00+00:00,663.29,663.46,663.23,663.455,405507.0
2025-09-29 18:25:00+00:00,663.46,663.595,663.38,663.46,601028.0
2025-09-29 18:30:00+00:00,663.47,663.58,663.42,663.435,501262.0
2025-09-29 18:35:00+00:00,663.44,663.475,663.2,663.2205,787870.0
2025-09-29 18:40:00+00:00,663.23,663.3,663.06,663.25,750573.0
2025-09-29 18:45:00+00:00,663.25,663.475,663.25,663.37,564763.0
2025-09-29 18:50:00+00:00,663.37,663.375,663.2,663.26,411061.0
2025-09-29 18:55:00+00:00,663.25,663.395,663.2,663.35,606433.0
2025-09-29 19:00:00+00:00,663.345,663.345,662.97,663.15,681330.0
2025-09-29 19:05:00+00:00,663.16,663.18,662.53,662.68,1097812.0
2025-09-29 19:10:00+00:00,662.68,662.91,662.41,662.51,936771.0
2025-09-29 19:15:00+00:00,662.515,662.515,661.86,662.3099,2593334.0
2025-09-29 19:20:00+00:00,662.3,662.65,662.27,662.555,820725.0
2025-09-29 19:25:00+00:00,662.55,662.84,662.52,662.645,787477.0
2025-09-29 19:30:00+00:00,662.64,662.96,662.61,662.9407,740496.0
2025-09-29 19:35:00+00:00,662.95,663.19,662.91,663.145,1429785.0
2025-09-29 19:40:00+00:00,663.145,663.43,663.09,663.26,1231467.0
2025-09-29 19:45:00+00:00,663.26,663.655,663.26,663.56,1887263.0
2025-09-29 19:50:00+00:00,663.56,663.76,663.155,663.17,2611531.0
2025-09-29 19:55:00+00:00,663.16,663.67,663.02,663.61,3899276.0
2025-09-29 20:00:00+00:00,663.63,663.76,663.44,663.53,911896.0
2025-09-29 20:05:00+00:00,663.53,663.5501,663.35,663.49,994826.0
2025-09-29 20:10:00+00:00,663.49,663.49,663.38,663.48,1589269.0
2025-09-29 20:15:00+00:00,663.47,663.51,663.34,663.39,28963.0
2025-09-29 20:20:00+00:00,663.39,663.46,663.38,663.45,26301.0
2025-09-29 20:25:00+00:00,663.48,663.54,663.48,663.51,39947.0
2025-09-29 20:30:00+00:00,663.46,663.46,663.3,663.36,64512.0
2025-09-29 20:35:00+00:00,663.36,663.37,663.32,663.35,12640.0
2025-09-29 20:40:00+00:00,663.3562,663.3562,663.24,663.26,9242.0
2025-09-29 20:45:00+00:00,663.23,663.24,662.89,662.93,89797.0
2025-09-29 20:50:00+00:00,662.99,662.99,662.88,662.95,23733.0
2025-09-29 20:55:00+00:00,662.97,663.09,662.97,663.05,242879.0
2025-09-29 21:00:00+00:00,663.04,663.04,663.0,663.0,5013.0
2025-09-29 21:05:00+00:00,663.03,663.03,662.99,662.99,8309.0
2025-09-29 21:10:00+00:00,663.03,663.03,662.97,663.03,3012.0
2025-09-29 21:15:00+00:00,662.99,663.03,662.99,663.0,4141.0
2025-09-29 21:20:00+00:00,662.9703,663.01,662.9703,662.98,1834.0
2025-09-29 21:25:00+00:00,662.9805,663.08,662.9805,663.0309,2010.0
2025-09-29 21:30:00+00:00,663.1099,663.1099,663.02,663.02,11391.0
2025-09-29 21:35:00+00:00,662.9701,663.02,662.93,662.95,3560.0
2025-09-29 21:40:00+00:00,663.0,663.04,662.96,663.04,1772.0
2025-09-29 21:45:00+00:00,662.97,663.02,662.88,662.93,10051.0
2025-09-29 21:50:00+00:00,663.01,663.01,663.01,663.01,341.0
2025-09-29 21:55:00+00:00,663.01,663.03,662.97,663.02,3410.0
2025-09-29 22:00:00+00:00,663.02,663.23,663.02,663.18,11182.0
2025-09-29 22:05:00+00:00,663.2,663.24,663.14,663.2,3285.0
2025-09-29 22:10:00+00:00,663.04,663.08,663.0,663.0751,6272.0
2025-09-29 22:15:00+00:00,663.08,663.08,662.97,662.9907,3648.0
2025-09-29 22:20:00+00:00,663.0,663.05,663.0,663.04,1689.0
2025-09-29 22:25:00+00:00,663.01,663.01,662.94,662.94,1988.0
2025-09-29 22:30:00+00:00,663.03,663.18,663.03,663.0701,12641.0
2025-09-29 22:35:00+00:00,663.1312,663.1362,663.13,663.13,1027.0
2025-09-29 22:40:00+00:00,663.12,663.2,663.12,663.2,3054.0
2025-09-29 22:45:00+00:00,663.23,663.32,663.23,663.2801,5373.0
2025-09-29 22:50:00+00:00,663.35,663.53,663.35,663.53,2957.0
2025-09-29 22:55:00+00:00,663.5,663.5492,663.5,663.5,2976.0
2025-09-29 23:00:00+00:00,663.5,663.5,663.4305,663.4305,1426.0
2025-09-29 23:05:00+00:00,663.36,663.38,663.36,663.36,1403.0
2025-09-29 23:10:00+00:00,663.43,663.43,663.3707,663.4034,1726.0
2025-09-29 23:15:00+00:00,663.4,663.45,663.4,663.45,4291.0
2025-09-29 23:20:00+00:00,663.4,663.4693,663.4,663.44,950.0
2025-09-29 23:25:00+00:00,663.5,663.53,663.5,663.5299,2462.0
2025-09-29 23:30:00+00:00,663.57,663.589,663.57,663.5799,1758.0
2025-09-29 23:35:00+00:00,663.57,663.61,663.57,663.571,4071.0
2025-09-29 23:40:00+00:00,663.6,663.659,663.5999,663.62,15408.0
2025-09-29 23:45:00+00:00,663.64,663.66,663.63,663.65,1594.0
2025-09-29 23:50:00+00:00,663.56,663.57,663.4,663.44,4588.0
2025-09-29 23:55:00+00:00,663.419,663.4199,663.27,663.34,6299.0
2025-09-30 00:00:00+00:00,663.32,663.32,663.32,663.32,200.0
2025-09-30 08:00:00+00:00,662.08,662.6,662.08,662.14,10077.0
2025-09-30 08:05:00+00:00,662.06,662.24,662.0,662.24,8404.0
2025-09-30 08:10:00+00:00,662.26,662.41,662.2,662.35,3672.0
2025-09-30 08:15:00+00:00,662.35,662.55,662.35,662.44,5904.0
2025-09-30 08:20:00+00:00,662.42,662.42,662.39,662.4,2793.0
2025-09-30 08:25:00+00:00,662.54,662.54,662.54,662.54,810.0
2025-09-30 08:30:00+00:00,662.29,662.6,662.29,662.6,1557.0
2025-09-30 08:35:00+00:00,662.6,662.6,662.45,662.48,7526.0
2025-09-30 08:40:00+00:00,662.55,662.55,662.5,662.5,803.0
2025-09-30 08:45:00+00:00,662.48,662.74,662.48,662.74,1157.0
2025-09-30 08:50:00+00:00,662.71,662.8,662.65,662.65,1564.0
2025-09-30 09:00:00+00:00,662.64,662.64,662.39,662.39,2448.0
2025-09-30 09:15:00+00:00,662.54,662.54,662.35,662.51,2089.0
2025-09-30 09:20:00+00:00,662.42,662.55,662.42,662.55,2068.0
2025-09-30 09:25:00+00:00,662.57,662.57,662.57,662.57,257.0
2025-09-30 09:30:00+00:00,662.63,662.82,662.63,662.81,4935.0
2025-09-30 09:35:00+00:00,662.7,662.7,662.63,662.63,474.0
2025-09-30 09:40:00+00:00,662.56,662.56,662.42,662.43,1779.0
2025-09-30 09:45:00+00:00,662.35,662.35,662.35,662.35,205.0
2025-09-30 09:50:00+00:00,662.35,662.42,662.35,662.42,547.0
2025-09-30 09:55:00+00:00,662.44,662.44,662.39,662.39,762.0
2025-09-30 10:00:00+00:00,662.46,662.58,662.45,662.53,43421.0
2025-09-30 10:05:00+00:00,662.68,662.69,662.64,662.68,11348.0
2025-09-30 10:10:00+00:00,662.53,662.53,662.21,662.21,3356.0
2025-09-30 10:15:00+00:00,662.15,662.24,661.93,662.23,9084.0
2025-09-30 10:20:00+00:00,662.15,662.2,662.1,662.2,2537.0
2025-09-30 10:25:00+00:00,662.16,662.18,662.15,662.18,2017.0
2025-09-30 10:30:00+00:00,662.2,662.28,662.2,662.21,13236.0
2025-09-30 10:35:00+00:00,662.1,662.1,661.94,662.05,3544.0
2025-09-30 10:40:00+00:00,662.08,662.26,662.08,662.26,1035.0
2025-09-30 10:45:00+00:00,662.36,662.5,662.36,662.5,744.0
2025-09-30 10:50:00+00:00,662.51,662.65,662.51,662.65,287.0
2025-09-30 10:55:00+00:00,662.66,662.66,662.63,662.63,1434.0
2025-09-30 11:00:00+00:00,662.59,662.67,662.45,662.64,5065.0
2025-09-30 11:05:00+00:00,662.65,662.72,662.54,662.54,4676.0
2025-09-30 11:10:00+00:00,662.53,662.53,662.46,662.47,11311.0
2025-09-30 11:15:00+00:00,662.35,662.35,662.31,662.34,1611.0
2025-09-30 11:20:00+00:00,662.3,662.45,662.22,662.31,1911.0
2025-09-30 11:25:00+00:00,662.35,662.5,662.35,662.5,9061.0
2025-09-30 11:30:00+00:00,662.5,662.6,662.48,662.53,3235.0
2025-09-30 11:35:00+00:00,662.52,662.65,662.52,662.62,5887.0
2025-09-30 11:40:00+00:00,662.61,662.62,662.6,662.62,1417.0
2025-09-30 11:45:00+00:00,662.58,662.71,662.58,662.68,8200.0
2025-09-30 11:50:00+00:00,662.54,662.54,662.18,662.46,11910.0
2025-09-30 11:55:00+00:00,662.38,662.46,662.35,662.4,15108.0
2025-09-30 12:00:00+00:00,662.43,663.69,661.9,662.1787,47473.0
2025-09-30 12:05:00+00:00,662.18,662.28,662.17,662.19,97313.0
2025-09-30 12:10:00+00:00,662.16,662.18,662.11,662.175,8235.0
2025-09-30 12:15:00+00:00,662.08,662.37,662.08,662.34,4542.0
2025-09-30 12:20:00+00:00,662.4,662.7,662.3885,662.63,13708.0
2025-09-30 12:25:00+00:00,662.67,662.75,662.57,662.68,9397.0
2025-09-30 12:30:00+00:00,662.7,662.8686,662.62,662.8,16537.0
2025-09-30 12:35:00+00:00,662.81,663.17,662.71,663.16,32498.0
2025-09-30 12:40:00+00:00,663.18,663.27,663.03,663.18,27096.0
2025-09-30 12:45:00+00:00,663.2,663.24,663.17,663.21,61460.0
2025-09-30 12:50:00+00:00,663.24,663.25,663.13,663.16,30361.0
2025-09-30 12:55:00+00:00,663.2,663.2,662.98,663.06,18237.0
2025-09-30 13:00:00+00:00,663.061,663.07,662.82,662.82,19636.0
2025-09-30 13:05:00+00:00,662.74,662.87,662.67,662.8262,29612.0
2025-09-30 13:10:00+00:00,662.78,663.03,662.78,662.88,8923.0
2025-09-30 13:15:00+00:00,662.93,662.93,662.79,662.91,12294.0
2025-09-30 13:20:00+00:00,662.9,662.93,662.79,662.81,8800.0
2025-09-30 13:25:00+00:00,662.78,662.92,662.6,662.9,44129.0
2025-09-30 13:30:00+00:00,662.93,663.21,662.39,662.45,1637455.0
2025-09-30 13:35:00+00:00,662.47,662.72,662.22,662.435,1112519.0
2025-09-30 13:40:00+00:00,662.44,663.0844,662.4,663.07,1032558.0
2025-09-30 13:45:00+00:00,663.08,663.28,662.47,662.71,1161020.0
2025-09-30 13:50:00+00:00,662.7,662.77,662.09,662.165,1043253.0
2025-09-30 13:55:00+00:00,662.16,663.13,661.9693,663.08,787337.0
2025-09-30 14:00:00+00:00,663.05,663.5512,663.01,663.23,1053241.0
2025-09-30 14:05:00+00:00,663.245,663.275,662.4,662.46,1041788.0
2025-09-30 14:10:00+00:00,662.43,662.775,662.235,662.688,854010.0
2025-09-30 14:15:00+00:00,662.68,663.37,662.65,662.95,1569688.0
2025-09-30 14:20:00+00:00,662.96,663.3525,662.73,662.86,477864.0
2025-09-30 14:25:00+00:00,662.85,663.0,662.638,662.8571,551767.0
2025-09-30 14:30:00+00:00,662.85,663.28,662.51,662.61,719375.0
2025-09-30 14:35:00+00:00,662.64,662.795,661.72,661.79,869155.0
2025-09-30 14:40:00+00:00,661.77,662.45,661.691,662.37,723636.0
2025-09-30 14:45:00+00:00,662.36,663.29,662.36,663.1507,805427.0
2025-09-30 14:50:00+00:00,663.14,663.21,662.74,662.85,536810.0
2025-09-30 14:55:00+00:00,662.84,663.38,662.8244,663.22,608101.0
2025-09-30 15:00:00+00:00,663.22,663.63,663.13,663.5,566494.0
2025-09-30 15:05:00+00:00,663.51,663.62,663.14,663.405,606790.0
2025-09-30 15:10:00+00:00,663.42,663.4601,662.8312,662.855,401437.0
2025-09-30 15:15:00+00:00,662.85,662.95,662.38,662.5,407061.0
2025-09-30 15:20:00+00:00,662.48,662.62,662.12,662.37,888347.0
2025-09-30 15:25:00+00:00,662.38,662.44,661.61,662.225,938137.0
2025-09-30 15:30:00+00:00,662.23,662.68,662.15,662.575,710251.0
2025-09-30 15:35:00+00:00,662.59,662.595,661.98,662.0,623700.0
2025-09-30 15:40:00+00:00,662.02,662.2,661.89,662.06,510712.0
2025-09-30 15:45:00+00:00,662.07,662.715,662.01,662.698,372210.0
2025-09-30 15:50:00+00:00,662.695,662.99,662.56,662.89,614541.0
2025-09-30 15:55:00+00:00,662.88,663.16,662.5,663.0,440643.0
2025-09-30 16:00:00+00:00,662.99,663.16,662.82,662.85,346331.0
2025-09-30 16:05:00+00:00,662.86,663.1,662.59,662.8244,782792.0
2025-09-30 16:10:00+00:00,662.81,662.855,662.6,662.8,900499.0
2025-09-30 16:15:00+00:00,662.795,663.28,662.725,663.275,283628.0
2025-09-30 16:20:00+00:00,663.27,664.0527,663.26,663.43,919522.0
2025-09-30 16:25:00+00:00,663.44,663.58,663.2,663.405,455811.0
2025-09-30 16:30:00+00:00,663.41,663.645,663.36,663.39,274328.0
2025-09-30 16:35:00+00:00,663.4,663.56,663.27,663.46,427370.0
2025-09-30 16:40:00+00:00,663.4651,663.665,663.26,663.665,261911.0
2025-09-30 16:45:00+00:00,663.64,663.665,663.07,663.205,379015.0
2025-09-30 16:50:00+00:00,663.22,663.365,662.9801,663.07,318489.0
2025-09-30 16:55:00+00:00,663.08,663.1449,662.615,662.819,434577.0
2025-09-30 17:00:00+00:00,662.81,662.91,662.5715,662.63,414932.0
2025-09-30 17:05:00+00:00,662.6201,662.78,662.49,662.63,336715.0
2025-09-30 17:10:00+00:00,662.64,662.685,662.09,662.41,579299.0
2025-09-30 17:15:00+00:00,662.3999,662.6,662.2794,662.4599,466601.0
2025-09-30 17:20:00+00:00,662.45,662.46,661.98,662.0339,512001.0
2025-09-30 17:25:00+00:00,662.03,662.1983,661.78,662.13,746087.0
2025-09-30 17:30:00+00:00,662.12,662.2,661.812,662.17,686192.0
2025-09-30 17:35:00+00:00,662.165,662.33,661.86,662.1,433002.0
2025-09-30 17:40:00+00:00,662.1,662.39,662.08,662.22,394442.0
2025-09-30 17:45:00+00:00,662.21,662.71,662.2,662.71,345604.0
2025-09-30 17:50:00+00:00,662.71,663.085,662.71,663.02,677048.0
2025-09-30 17:55:00+00:00,663.0273,663.07,662.39,662.53,382658.0
2025-09-30 18:00:00+00:00,662.51,662.6751,662.425,662.575,386727.0
2025-09-30 18:05:00+00:00,662.57,663.2209,662.56,663.1751,916240.0
2025-09-30 18:10:00+00:00,663.179,663.79,663.179,663.69,1045436.0
2025-09-30 18:15:00+00:00,663.7,664.015,663.46,663.68,1089109.0
2025-09-30 18:20:00+00:00,663.68,663.915,663.5024,663.815,766591.0
2025-09-30 18:25:00+00:00,663.81,664.03,663.7601,663.88,467571.0
2025-09-30 18:30:00+00:00,663.87,663.975,663.6,663.74,369847.0
2025-09-30 18:35:00+00:00,663.72,664.02,663.695,663.97,438752.0
2025-09-30 18:40:00+00:00,663.97,664.33,663.935,664.28,780424.0
2025-09-30 18:45:00+00:00,664.27,664.5799,664.16,664.55,643489.0
2025-09-30 18:50:00+00:00,664.55,664.63,664.32,664.44,536094.0
2025-09-30 18:55:00+00:00,664.43,664.62,664.335,664.422,601511.0
2025-09-30 19:00:00+00:00,664.42,664.78,664.405,664.4675,752537.0
2025-09-30 19:05:00+00:00,664.46,664.83,664.36,664.72,1824112.0
2025-09-30 19:10:00+00:00,664.72,664.8578,664.62,664.64,894510.0
2025-09-30 19:15:00+00:00,664.64,664.79,664.4707,664.785,752296.0
2025-09-30 19:20:00+00:00,664.785,665.27,664.785,665.2,1056503.0
2025-09-30 19:25:00+00:00,665.2,665.51,665.15,665.37,1231419.0
2025-09-30 19:30:00+00:00,665.38,665.715,665.34,665.5,814332.0
2025-09-30 19:35:00+00:00,665.5,665.59,665.26,665.41,1203065.0
2025-09-30 19:40:00+00:00,665.4,665.41,664.85,665.015,1850144.0
2025-09-30 19:45:00+00:00,665.01,665.98,664.995,665.95,2777991.0
2025-09-30 19:50:00+00:00,665.95,666.61,665.51,666.41,4131015.0
2025-09-30 19:55:00+00:00,666.4,666.65,665.97,666.11,8104927.0
2025-09-30 20:00:00+00:00,666.09,666.23,665.49,665.5,1968617.0
2025-09-30 20:05:00+00:00,665.4895,665.4895,665.1,665.18,379422.0
2025-09-30 20:10:00+00:00,665.18,665.19,664.8,664.91,365838.0
2025-09-30 20:15:00+00:00,664.91,665.15,664.5,664.9101,667010.0
2025-09-30 20:20:00+00:00,664.91,665.11,664.84,665.03,8867646.0
2025-09-30 20:25:00+00:00,665.11,665.13,664.88,664.91,144501.0
2025-09-30 20:30:00+00:00,664.92,664.92,664.69,664.72,22350.0
2025-09-30 20:35:00+00:00,664.74,664.8,664.57,664.64,58287.0
2025-09-30 20:40:00+00:00,664.6203,664.69,664.56,664.61,24733.0
2025-09-30 20:45:00+00:00,664.6298,664.87,664.6298,664.76,64921.0
2025-09-30 20:50:00+00:00,664.8601,664.95,664.83,664.88,20913.0
2025-09-30 20:55:00+00:00,664.91,664.97,664.79,664.79,11669.0
2025-09-30 21:00:00+00:00,664.9,664.91,664.8204,664.8204,5282.0
2025-09-30 21:05:00+00:00,664.86,664.87,664.84,664.8528,2044.0
2025-09-30 21:10:00+00:00,664.91,664.9315,664.88,664.9315,1388.0
2025-09-30 21:15:00+00:00,664.94,664.94,664.8,664.8,5287.0
2025-09-30 21:20:00+00:00,664.9385,664.94,664.75,664.91,13483.0
2025-09-30 21:25:00+00:00,664.85,664.93,664.85,664.93,1576.0
2025-09-30 21:30:00+00:00,664.88,664.88,664.68,664.68,15073.0
2025-09-30 21:35:00+00:00,664.7499,664.75,664.6999,664.6999,7564.0
2025-09-30 21:40:00+00:00,664.7,664.83,664.7,664.81,4105.0
2025-09-30 21:45:00+00:00,664.81,664.83,664.8,664.83,2260.0
2025-09-30 21:50:00+00:00,664.82,664.82,664.79,664.79,3675.0
2025-09-30 21:55:00+00:00,664.79,664.95,664.79,664.88,23106.0
2025-09-30 22:00:00+00:00,664.87,665.37,664.86,665.35,80910.0
2025-09-30 22:05:00+00:00,665.23,665.24,665.15,665.16,6499.0
2025-09-30 22:10:00+00:00,665.18,665.26,665.18,665.23,3140.0
2025-09-30 22:15:00+00:00,665.25,665.38,665.25,665.28,23576.0
2025-09-30 22:20:00+00:00,665.25,665.29,665.14,665.29,8372.0
2025-09-30 22:25:00+00:00,665.35,665.4799,665.35,665.46,12303.0
2025-09-30 22:30:00+00:00,665.5,665.55,665.37,665.47,7561.0
2025-09-30 22:35:00+00:00,665.44,665.45,665.2,665.24,13263.0
2025-09-30 22:40:00+00:00,665.2,665.26,665.1907,665.26,8309.0
2025-09-30 22:45:00+00:00,665.2,665.23,665.18,665.23,5880.0
2025-09-30 22:50:00+00:00,665.07,665.09,664.9,664.94,5269.0
2025-09-30 22:55:00+00:00,664.94,664.96,664.5,664.6904,27323.0
2025-09-30 23:00:00+00:00,664.75,664.75,664.43,664.5,4423.0
2025-09-30 23:05:00+00:00,664.46,664.72,664.38,664.72,1392.0
2025-09-30 23:10:00+00:00,664.7999,664.89,664.7999,664.85,2632.0
2025-09-30 23:15:00+00:00,664.6601,664.6601,664.6601,664.6601,1097.0
2025-09-30 23:20:00+00:00,664.73,664.97,664.73,664.97,2924.0
2025-09-30 23:25:00+00:00,664.89,664.89,664.741,664.741,1148.0
2025-09-30 23:30:00+00:00,664.89,664.89,664.8,664.84,933.0
2025-09-30 23:35:00+00:00,664.85,664.86,664.8,664.81,814.0
2025-09-30 23:40:00+00:00,664.79,664.81,664.78,664.81,2168.0
2025-09-30 23:45:00+00:00,664.83,664.9,664.7,664.74,28601.0
2025-09-30 23:50:00+00:00,664.7804,664.865,664.751,664.761,4177.0
2025-09-30 23:55:00+00:00,664.7417,664.7417,664.65,664.68,5474.0
2025-10-01 08:00:00+00:00,661.23,661.3,660.93,661.24,27946.0
2025-10-01 08:05:00+00:00,661.22,661.26,661.08,661.1,11011.0
2025-10-01 08:10:00+00:00,661.04,661.18,660.99,661.18,10758.0
2025-10-01 08:15:00+00:00,661.16,661.23,661.16,661.23,4738.0
2025-10-01 08:20:00+00:00,661.01,661.14,661.0,661.06,5551.0
2025-10-01 08:25:00+00:00,661.2,661.32,661.08,661.22,7784.0
2025-10-01 08:30:00+00:00,661.29,662.01,661.29,661.97,14411.0
2025-10-01 08:35:00+00:00,662.01,662.07,661.85,661.98,10013.0
2025-10-01 08:40:00+00:00,661.93,662.32,661.93,662.31,14662.0
2025-10-01 08:45:00+00:00,662.23,662.23,662.14,662.18,2400.0
2025-10-01 08:50:00+00:00,662.23,662.34,662.2,662.22,8570.0
2025-10-01 08:55:00+00:00,662.17,662.17,662.03,662.1,4086.0
2025-10-01 09:00:00+00:00,662.16,662.19,662.04,662.06,5182.0
2025-10-01 09:05:00+00:00,662.13,662.59,662.12,662.5,8473.0
2025-10-01 09:10:00+00:00,662.45,663.0,662.42,662.5,12852.0
2025-10-01 09:15:00+00:00,662.54,662.55,662.45,662.47,4183.0
2025-10-01 09:20:00+00:00,662.53,662.67,662.51,662.67,16497.0
2025-10-01 09:25:00+00:00,662.66,663.03,662.66,662.93,21506.0
2025-10-01 09:30:00+00:00,662.99,663.0,662.67,662.69,22883.0
2025-10-01 09:35:00+00:00,662.77,662.85,662.66,662.75,18944.0
2025-10-01 09:40:00+00:00,662.73,662.75,662.61,662.61,1983.0
2025-10-01 09:45:00+00:00,662.72,662.87,662.72,662.87,2225.0
2025-10-01 09:50:00+00:00,662.79,662.8,662.79,662.8,1049.0
2025-10-01 09:55:00+00:00,662.7,662.72,662.67,662.72,1833.0
2025-10-01 10:00:00+00:00,662.76,662.81,662.76,662.8,1544.0
2025-10-01 10:05:00+00:00,662.85,663.0,662.84,663.0,2182.0
2025-10-01 10:10:00+00:00,663.07,663.07,662.9,662.93,8684.0
2025-10-01 10:15:00+00:00,662.91,662.91,662.82,662.89,2509.0
2025-10-01 10:20:00+00:00,662.87,662.91,662.77,662.77,2935.0
2025-10-01 10:25:00+00:00,662.9,662.91,662.6,662.6,3856.0
2025-10-01 10:30:00+00:00,662.51,662.51,662.41,662.51,2196.0
2025-10-01 10:35:00+00:00,662.78,662.78,662.54,662.54,2274.0
2025-10-01 10:40:00+00:00,662.54,662.56,662.31,662.33,8018.0
2025-10-01 10:45:00+00:00,662.38,662.53,662.38,662.5,5321.0
2025-10-01 10:50:00+00:00,662.55,662.56,662.55,662.56,1432.0
2025-10-01 10:55:00+00:00,662.52,662.52,662.43,662.5,6286.0
2025-10-01 11:00:00+00:00,662.47,662.75,662.47,662.75,4138.0
2025-10-01 11:05:00+00:00,662.66,663.14,662.66,663.0,8699.0
2025-10-01 11:10:00+00:00,662.8,663.05,662.77,663.05,12098.0
2025-10-01 11:15:00+00:00,663.06,663.15,663.03,663.15,21871.0
2025-10-01 11:20:00+00:00,663.08,663.25,663.08,663.14,5925.0
2025-10-01 11:25:00+00:00,663.21,663.3,663.2,663.27,14415.0
2025-10-01 11:30:00+00:00,663.37,663.51,663.3,663.51,8513.0
2025-10-01 11:35:00+00:00,663.5,663.6,663.32,663.32,7954.0
2025-10-01 11:40:00+00:00,663.37,663.51,663.37,663.51,20975.0
2025-10-01 11:45:00+00:00,663.43,663.7,663.43,663.7,24655.0
2025-10-01 11:50:00+00:00,663.74,663.88,663.54,663.79,30367.0
2025-10-01 11:55:00+00:00,663.8,663.95,663.771,663.91,18965.0
2025-10-01 12:00:00+00:00,662.74,664.0,660.51,663.75,135425.0
2025-10-01 12:05:00+00:00,663.74,666.18,663.47,663.4986,28249.0
2025-10-01 12:10:00+00:00,663.62,663.67,663.53,663.55,12040.0
2025-10-01 12:15:00+00:00,663.62,663.6389,662.66,663.05,339847.0
2025-10-01 12:20:00+00:00,663.07,663.95,663.07,663.45,148352.0
2025-10-01 12:25:00+00:00,663.51,663.73,663.32,663.47,30191.0
2025-10-01 12:30:00+00:00,663.52,663.55,663.27,663.45,38272.0
2025-10-01 12:35:00+00:00,663.45,663.8,663.27,663.8,26897.0
2025-10-01 12:40:00+00:00,663.79,663.93,663.58,663.58,35480.0
2025-10-01 12:45:00+00:00,663.61,663.91,663.57,663.89,17948.0
2025-10-01 12:50:00+00:00,663.77,663.81,663.36,663.42,20195.0
2025-10-01 12:55:00+00:00,663.38,663.57,663.3,663.5494,47049.0
2025-10-01 13:00:00+00:00,663.55,663.84,663.51,663.67,22771.0
2025-10-01 13:05:00+00:00,663.65,663.78,663.46,663.585,30098.0
2025-10-01 13:10:00+00:00,663.53,663.58,663.45,663.54,58032.0
2025-10-01 13:15:00+00:00,663.54,663.65,663.48,663.56,9681.0
2025-10-01 13:20:00+00:00,663.55,663.62,663.47,663.47,30710.0
2025-10-01 13:25:00+00:00,663.47,663.54,663.03,663.17,60333.0
2025-10-01 13:30:00+00:00,663.17,664.79,663.125,664.51,2762263.0
2025-10-01 13:35:00+00:00,664.51,665.155,664.21,665.13,1674799.0
2025-10-01 13:40:00+00:00,665.14,665.39,664.77,665.26,1656068.0
2025-10-01 13:45:00+00:00,665.25,665.3,663.26,663.28,1798421.0
2025-10-01 13:50:00+00:00,663.27,663.95,663.06,663.88,1566205.0
2025-10-01 13:55:00+00:00,663.87,664.47,663.55,663.735,1538421.0
2025-10-01 14:00:00+00:00,663.74,664.5699,663.41,664.52,1110299.0
2025-10-01 14:05:00+00:00,664.52,664.59,664.08,664.34,931998.0
2025-10-01 14:10:00+00:00,664.35,664.73,664.32,664.645,707461.0
2025-10-01 14:15:00+00:00,664.655,665.21,664.61,665.16,853749.0
2025-10-01 14:20:00+00:00,665.16,665.59,665.12,665.3,1140375.0
2025-10-01 14:25:00+00:00,665.3,665.71,665.3,665.53,837178.0
2025-10-01 14:30:00+00:00,665.53,665.74,665.325,665.7299,872513.0
2025-10-01 14:35:00+00:00,665.7299,666.06,665.645,665.68,844954.0
2025-10-01 14:40:00+00:00,665.68,665.71,665.26,665.475,961014.0
2025-10-01 14:45:00+00:00,665.475,665.66,665.29,665.38,928592.0
2025-10-01 14:50:00+00:00,665.37,665.76,665.36,665.67,518725.0
2025-10-01 14:55:00+00:00,665.68,665.84,665.635,665.805,571899.0
2025-10-01 15:00:00+00:00,665.805,666.27,665.76,665.94,834678.0
2025-10-01 15:05:00+00:00,665.93,666.26,665.75,666.1201,623442.0
2025-10-01 15:10:00+00:00,666.12,666.17,665.77,666.1,733239.0
2025-10-01 15:15:00+00:00,666.115,666.15,665.8,665.84,573439.0
2025-10-01 15:20:00+00:00,665.84,666.2,665.7809,666.165,618525.0
2025-10-01 15:25:00+00:00,666.16,666.44,666.04,666.31,565704.0
2025-10-01 15:30:00+00:00,666.31,666.72,666.31,666.58,751908.0
2025-10-01 15:35:00+00:00,666.58,666.98,666.47,666.87,912412.0
2025-10-01 15:40:00+00:00,666.87,667.01,666.75,666.94,611128.0
2025-10-01 15:45:00+00:00,666.95,667.18,666.89,667.02,696861.0
2025-10-01 15:50:00+00:00,667.01,667.12,666.98,667.03,663832.0
2025-10-01 15:55:00+00:00,667.03,667.12,666.97,666.975,591877.0
2025-10-01 16:00:00+00:00,666.99,667.16,666.81,666.8397,610872.0
2025-10-01 16:05:00+00:00,666.84,667.07,666.82,667.0401,445634.0
2025-10-01 16:10:00+00:00,667.045,667.16,666.965,666.98,459490.0
2025-10-01 16:15:00+00:00,666.99,667.13,666.79,666.8,523872.0
2025-10-01 16:20:00+00:00,666.8,666.84,666.61,666.71,600621.0
2025-10-01 16:25:00+00:00,666.72,666.98,666.685,666.9,389559.0
2025-10-01 16:30:00+00:00,666.9,667.03,666.86,667.02,368042.0
2025-10-01 16:35:00+00:00,667.02,667.035,666.82,666.87,412415.0
2025-10-01 16:40:00+00:00,666.87,666.93,666.6101,666.63,474913.0
2025-10-01 16:45:00+00:00,666.6345,666.85,666.5401,666.7,500625.0
2025-10-01 16:50:00+00:00,666.7,666.795,666.53,666.55,343663.0
2025-10-01 16:55:00+00:00,666.56,666.955,666.43,666.91,520702.0
2025-10-01 17:00:00+00:00,666.92,667.295,666.82,667.27,478547.0
2025-10-01 17:05:00+00:00,667.2681,667.52,667.2681,667.29,780485.0
2025-10-01 17:10:00+00:00,667.295,667.5,667.1719,667.37,558787.0
2025-10-01 17:15:00+00:00,667.37,667.875,667.36,667.6951,776410.0
2025-10-01 17:20:00+00:00,667.7,667.83,667.625,667.83,428755.0
2025-10-01 17:25:00+00:00,667.83,668.09,667.785,667.97,613918.0
2025-10-01 17:30:00+00:00,667.98,668.035,667.725,667.8986,538253.0
2025-10-01 17:35:00+00:00,667.9,667.925,667.78,667.83,343927.0
2025-10-01 17:40:00+00:00,667.83,667.92,667.61,667.81,596017.0
2025-10-01 17:45:00+00:00,667.8,667.87,667.605,667.81,321067.0
2025-10-01 17:50:00+00:00,667.805,667.925,667.76,667.83,424104.0
2025-10-01 17:55:00+00:00,667.8301,667.98,667.79,667.955,370991.0
2025-10-01 18:00:00+00:00,667.95,668.42,667.89,668.225,923823.0
2025-10-01 18:05:00+00:00,668.23,668.5,668.22,668.48,541871.0
2025-10-01 18:10:00+00:00,668.48,668.7,668.33,668.6,525856.0
2025-10-01 18:15:00+00:00,668.6,668.8,668.58,668.7912,659795.0
2025-10-01 18:20:00+00:00,668.79,668.845,668.52,668.74,548957.0
2025-10-01 18:25:00+00:00,668.74,668.935,668.7,668.77,474105.0
2025-10-01 18:30:00+00:00,668.775,668.94,668.73,668.93,494583.0
2025-10-01 18:35:00+00:00,668.94,669.0892,668.85,669.015,374552.0
2025-10-01 18:40:00+00:00,669.01,669.24,668.96,669.15,566749.0
2025-10-01 18:45:00+00:00,669.15,669.33,669.1,669.29,476165.0
2025-10-01 18:50:00+00:00,669.28,669.35,669.135,669.1501,507597.0
2025-10-01 18:55:00+00:00,669.1491,669.2001,669.0113,669.13,510932.0
2025-10-01 19:00:00+00:00,669.13,669.35,669.1,669.34,507685.0
2025-10-01 19:05:00+00:00,669.34,669.37,669.13,669.16,526211.0
2025-10-01 19:10:00+00:00,669.165,669.205,668.88,669.1,652735.0
2025-10-01 19:15:00+00:00,669.105,669.155,668.855,668.8799,603947.0
2025-10-01 19:20:00+00:00,668.88,668.96,668.75,668.79,948422.0
2025-10-01 19:25:00+00:00,668.79,669.15,668.725,669.125,664766.0
2025-10-01 19:30:00+00:00,669.12,669.26,668.96,669.22,689442.0
2025-10-01 19:35:00+00:00,669.23,669.23,668.99,669.03,1056999.0
2025-10-01 19:40:00+00:00,669.03,669.21,668.77,668.79,1027076.0
2025-10-01 19:45:00+00:00,668.79,669.13,668.7,669.025,1522622.0
2025-10-01 19:50:00+00:00,669.04,669.18,668.7,668.71,1705451.0
2025-10-01 19:55:00+00:00,668.72,668.97,668.48,668.51,4327767.0
2025-10-01 20:00:00+00:00,668.51,668.56,666.8186,668.25,2020474.0
2025-10-01 20:05:00+00:00,668.23,668.3,668.04,668.1,674910.0
2025-10-01 20:10:00+00:00,668.05,668.5,667.99,668.02,2537864.0
2025-10-01 20:15:00+00:00,668.01,668.15,668.0,668.06,64734.0
2025-10-01 20:20:00+00:00,668.08,668.25,667.98,668.07,114090.0
2025-10-01 20:25:00+00:00,668.08,668.1,667.9902,668.06,29434.0
2025-10-01 20:30:00+00:00,668.0,668.2001,668.0,668.19,9028.0
2025-10-01 20:35:00+00:00,668.2,668.29,668.2,668.26,30890.0
2025-10-01 20:40:00+00:00,668.27,668.27,668.08,668.14,21283.0
2025-10-01 20:45:00+00:00,668.13,668.15,668.09,668.14,5005.0
2025-10-01 20:50:00+00:00,668.14,668.14,668.07,668.1,3797.0
2025-10-01 20:55:00+00:00,668.14,668.18,668.12,668.14,13642.0
2025-10-01 21:00:00+00:00,668.17,668.17,668.17,668.17,610517.0
2025-10-01 21:05:00+00:00,668.11,668.11,668.1,668.1,980.0
2025-10-01 21:10:00+00:00,668.11,668.14,668.1,668.1,2063.0
2025-10-01 21:15:00+00:00,668.13,668.13,668.13,668.13,528.0
2025-10-01 21:20:00+00:00,668.15,668.15,668.1001,668.15,957.0
2025-10-01 21:25:00+00:00,668.17,668.24,668.0,668.15,32458.0
2025-10-01 21:30:00+00:00,668.1,668.1,667.99,667.99,31021.0
2025-10-01 21:35:00+00:00,668.0,668.0,667.9901,668.0,9750.0
2025-10-01 21:40:00+00:00,668.0,668.0,668.0,668.0,3981.0
2025-10-01 21:45:00+00:00,667.99,668.01,667.97,667.99,2176.0
2025-10-01 21:50:00+00:00,668.02,668.09,667.96,668.0,6303.0
2025-10-01 21:55:00+00:00,668.0,668.08,667.98,668.0,8869.0
2025-10-01 22:00:00+00:00,668.07,668.4,668.07,668.34,64950.0
2025-10-01 22:05:00+00:00,668.34,668.43,668.28,668.43,8802.0
2025-10-01 22:10:00+00:00,668.39,668.45,668.39,668.4,2500.0
2025-10-01 22:15:00+00:00,668.44,668.44,668.33,668.36,6760.0
2025-10-01 22:20:00+00:00,668.34,668.47,668.31,668.4,3958.0
2025-10-01 22:25:00+00:00,668.41,668.41,668.41,668.41,724.0
2025-10-01 22:30:00+00:00,668.48,668.48,668.45,668.45,3246.0
2025-10-01 22:35:00+00:00,668.42,668.42,668.39,668.39,1163.0
2025-10-01 22:40:00+00:00,668.34,668.3801,668.34,668.3801,2945.0
2025-10-01 22:45:00+00:00,668.42,668.45,668.42,668.45,791.0
2025-10-01 22:50:00+00:00,668.4,668.4,668.27,668.27,2240.0
2025-10-01 22:55:00+00:00,668.27,668.27,668.24,668.25,7107.0
2025-10-01 23:00:00+00:00,668.25,668.32,668.23,668.26,1515.0
2025-10-01 23:05:00+00:00,668.27,668.27,668.23,668.25,1384.0
2025-10-01 23:10:00+00:00,668.2,668.27,668.18,668.27,5573.0
2025-10-01 23:15:00+00:00,668.39,668.55,668.35,668.48,4391.0
2025-10-01 23:20:00+00:00,668.46,668.49,668.44,668.49,11078.0
2025-10-01 23:25:00+00:00,668.54,668.54,668.47,668.48,9374.0
2025-10-01 23:30:00+00:00,668.47,668.47,668.21,668.21,1845.0
2025-10-01 23:35:00+00:00,668.06,668.16,668.01,668.16,3775.0
2025-10-01 23:40:00+00:00,668.25,668.32,668.25,668.32,2686.0
2025-10-01 23:45:00+00:00,668.35,668.37,668.35,668.37,1012.0
2025-10-01 23:50:00+00:00,668.27,668.32,668.22,668.25,2328.0
2025-10-01 23:55:00+00:00,668.31,668.4999,668.2915,668.2915,13214.0
