Datetime,Open,High,Low,Close,Volume
2025-07-01 08:00:00+00:00,617.03,617.23,616.68,616.82,19633.0
2025-07-01 08:05:00+00:00,616.69,616.93,616.67,616.93,30649.0
2025-07-01 08:10:00+00:00,616.94,617.01,616.86,616.86,42200.0
2025-07-01 08:15:00+00:00,616.97,617.0,616.97,617.0,1583.0
2025-07-01 08:20:00+00:00,616.95,617.22,616.95,617.22,2521.0
2025-07-01 08:25:00+00:00,617.21,617.24,617.17,617.18,1715.0
2025-07-01 08:30:00+00:00,617.31,617.43,617.3,617.43,2171.0
2025-07-01 08:35:00+00:00,617.46,617.46,617.1,617.14,3380.0
2025-07-01 08:40:00+00:00,617.08,617.09,616.86,616.88,8777.0
2025-07-01 08:45:00+00:00,617.03,617.03,617.0,617.0,1029.0
2025-07-01 08:50:00+00:00,617.19,617.23,617.08,617.13,9948.0
2025-07-01 08:55:00+00:00,617.2,617.2,617.12,617.12,1550.0
2025-07-01 09:00:00+00:00,617.2,617.21,617.1,617.1,1572.0
2025-07-01 09:05:00+00:00,617.12,617.12,616.88,616.9,7568.0
2025-07-01 09:10:00+00:00,616.81,616.81,616.69,616.69,3972.0
2025-07-01 09:15:00+00:00,616.74,616.99,616.68,616.99,9134.0
2025-07-01 09:20:00+00:00,616.94,616.97,616.92,616.97,882.0
2025-07-01 09:25:00+00:00,616.97,616.97,616.86,616.86,2168.0
2025-07-01 09:30:00+00:00,616.79,616.83,616.64,616.78,2529.0
2025-07-01 09:35:00+00:00,616.86,616.87,616.76,616.76,3408.0
2025-07-01 09:40:00+00:00,616.81,616.81,616.74,616.74,1270.0
2025-07-01 09:45:00+00:00,616.73,616.73,616.41,616.57,9271.0
2025-07-01 09:50:00+00:00,616.52,616.58,616.5,616.57,3243.0
2025-07-01 09:55:00+00:00,616.75,616.95,616.75,616.95,5844.0
2025-07-01 10:00:00+00:00,617.0,617.08,616.92,616.95,2701.0
2025-07-01 10:05:00+00:00,616.95,617.04,616.95,617.04,1193.0
2025-07-01 10:10:00+00:00,617.07,617.07,616.98,617.0,1918.0
2025-07-01 10:15:00+00:00,617.03,617.03,617.03,617.03,1508.0
2025-07-01 10:20:00+00:00,616.98,616.98,616.93,616.94,1406.0
2025-07-01 10:25:00+00:00,616.82,616.82,616.82,616.82,1100.0
2025-07-01 10:30:00+00:00,616.75,616.75,616.73,616.73,1295.0
2025-07-01 10:35:00+00:00,616.74,616.79,616.7,616.79,692.0
2025-07-01 10:40:00+00:00,616.75,616.77,616.7,616.7,1797.0
2025-07-01 10:45:00+00:00,616.76,616.76,616.72,616.73,1403.0
2025-07-01 10:50:00+00:00,616.74,616.79,616.72,616.72,2099.0
2025-07-01 10:55:00+00:00,616.68,616.97,616.67,616.97,2555.0
2025-07-01 11:00:00+00:00,616.96,617.14,616.91,617.05,15735.0
2025-07-01 11:05:00+00:00,617.08,617.12,616.99,617.02,12905.0
2025-07-01 11:10:00+00:00,616.94,617.04,616.94,616.99,7646.0
2025-07-01 11:15:00+00:00,617.01,617.11,616.8,616.85,12199.0
2025-07-01 11:20:00+00:00,616.84,617.05,616.84,616.94,2535.0
2025-07-01 11:25:00+00:00,616.99,617.01,616.88,616.97,3669.0
2025-07-01 11:30:00+00:00,617.09,617.1,617.02,617.1,4643.0
2025-07-01 11:35:00+00:00,617.121,617.13,617.04,617.05,7639.0
2025-07-01 11:40:00+00:00,617.0,617.01,616.93,616.99,11035.0
2025-07-01 11:45:00+00:00,616.96,617.02,616.9,617.02,9197.0
2025-07-01 11:50:00+00:00,616.95,616.95,616.79,616.79,7841.0
2025-07-01 11:55:00+00:00,616.77,616.98,616.56,616.91,24184.0
2025-07-01 12:00:00+00:00,616.94,617.51,616.61,616.86,102664.0
2025-07-01 12:05:00+00:00,616.88,616.93,616.43,616.48,13805.0
2025-07-01 12:10:00+00:00,616.45,616.55,616.26,616.27,40207.0
2025-07-01 12:15:00+00:00,616.27,616.319,616.09,616.1013,47564.0
2025-07-01 12:20:00+00:00,616.15,616.16,615.83,615.92,25780.0
2025-07-01 12:25:00+00:00,615.86,615.87,615.52,615.87,52262.0
2025-07-01 12:30:00+00:00,615.87,616.34,615.87,616.34,26280.0
2025-07-01 12:35:00+00:00,616.3,616.45,615.86,615.92,43102.0
2025-07-01 12:40:00+00:00,615.9199,616.06,615.81,616.0,30433.0
2025-07-01 12:45:00+00:00,616.07,616.3281,616.03,616.1797,26822.0
2025-07-01 12:50:00+00:00,616.17,616.34,616.1,616.32,24603.0
2025-07-01 12:55:00+00:00,616.36,616.38,616.19,616.22,32396.0
2025-07-01 13:00:00+00:00,616.22,616.45,616.1905,616.39,49285.0
2025-07-01 13:05:00+00:00,616.4,616.6292,616.34,616.58,49162.0
2025-07-01 13:10:00+00:00,616.64,616.64,616.485,616.56,22539.0
2025-07-01 13:15:00+00:00,616.51,616.58,616.1007,616.15,35123.0
2025-07-01 13:20:00+00:00,616.121,616.28,616.05,616.22,18720.0
2025-07-01 13:25:00+00:00,616.25,616.42,616.15,616.36,50680.0
2025-07-01 13:30:00+00:00,616.36,616.9,616.255,616.59,1446580.0
2025-07-01 13:35:00+00:00,616.6,616.88,616.44,616.78,898546.0
2025-07-01 13:40:00+00:00,616.77,616.91,616.38,616.62,707302.0
2025-07-01 13:45:00+00:00,616.64,617.35,616.6,617.29,1036985.0
2025-07-01 13:50:00+00:00,617.285,617.74,617.23,617.585,1149924.0
2025-07-01 13:55:00+00:00,617.58,617.6,617.1201,617.27,583545.0
2025-07-01 14:00:00+00:00,617.23,617.59,616.87,617.22,904562.0
2025-07-01 14:05:00+00:00,617.21,617.53,617.0748,617.12,919832.0
2025-07-01 14:10:00+00:00,617.13,617.8,616.8599,617.69,959526.0
2025-07-01 14:15:00+00:00,617.68,618.065,617.61,617.83,834811.0
2025-07-01 14:20:00+00:00,617.83,617.845,617.02,617.23,994058.0
2025-07-01 14:25:00+00:00,617.24,617.375,616.75,617.12,847485.0
2025-07-01 14:30:00+00:00,617.1,617.61,616.905,616.95,1308804.0
2025-07-01 14:35:00+00:00,616.94,617.23,616.66,616.75,756372.0
2025-07-01 14:40:00+00:00,616.74,616.8478,616.51,616.64,992109.0
2025-07-01 14:45:00+00:00,616.64,616.705,616.13,616.46,922253.0
2025-07-01 14:50:00+00:00,616.45,616.61,616.29,616.59,684501.0
2025-07-01 14:55:00+00:00,616.61,616.74,616.28,616.5011,739647.0
2025-07-01 15:00:00+00:00,616.51,617.1499,616.2913,617.135,862597.0
2025-07-01 15:05:00+00:00,617.125,617.245,615.85,616.18,1221720.0
2025-07-01 15:10:00+00:00,616.19,616.26,615.52,615.7319,1430232.0
2025-07-01 15:15:00+00:00,615.73,616.37,615.57,616.311,851721.0
2025-07-01 15:20:00+00:00,616.32,616.925,616.24,616.8687,807165.0
2025-07-01 15:25:00+00:00,616.86,617.4901,616.85,617.28,1014613.0
2025-07-01 15:30:00+00:00,617.27,617.49,617.07,617.3041,646809.0
2025-07-01 15:35:00+00:00,617.31,617.41,616.64,616.715,606807.0
2025-07-01 15:40:00+00:00,616.7,616.75,616.08,616.31,721607.0
2025-07-01 15:45:00+00:00,616.3,616.66,616.21,616.4,560679.0
2025-07-01 15:50:00+00:00,616.4,617.005,616.31,616.885,538910.0
2025-07-01 15:55:00+00:00,616.89,616.99,616.7602,616.94,658858.0
2025-07-01 16:00:00+00:00,616.96,617.2,616.74,616.8,578455.0
2025-07-01 16:05:00+00:00,616.79,617.28,616.71,617.23,525388.0
2025-07-01 16:10:00+00:00,617.23,618.09,617.13,617.975,1103709.0
2025-07-01 16:15:00+00:00,617.98,618.1,617.515,617.69,819753.0
2025-07-01 16:20:00+00:00,617.6852,617.7499,617.21,617.5401,539713.0
2025-07-01 16:25:00+00:00,617.55,617.6,617.24,617.32,422320.0
2025-07-01 16:30:00+00:00,617.32,617.6288,617.105,617.6099,411265.0
2025-07-01 16:35:00+00:00,617.6,617.79,617.47,617.6,350209.0
2025-07-01 16:40:00+00:00,617.59,617.64,617.33,617.5,393982.0
2025-07-01 16:45:00+00:00,617.5,617.72,617.05,617.62,552474.0
2025-07-01 16:50:00+00:00,617.62,618.135,617.51,617.935,703633.0
2025-07-01 16:55:00+00:00,617.94,617.9901,617.08,617.09,544742.0
2025-07-01 17:00:00+00:00,617.09,617.305,617.0,617.2532,571169.0
2025-07-01 17:05:00+00:00,617.25,617.75,617.1899,617.655,465181.0
2025-07-01 17:10:00+00:00,617.6552,618.04,617.57,617.84,484176.0
2025-07-01 17:15:00+00:00,617.835,618.0401,617.67,617.955,723760.0
2025-07-01 17:20:00+00:00,617.942,618.205,617.7,618.0709,508560.0
2025-07-01 17:25:00+00:00,618.075,618.2599,617.86,618.075,422861.0
2025-07-01 17:30:00+00:00,618.08,618.195,617.76,617.87,318302.0
2025-07-01 17:35:00+00:00,617.88,618.08,617.85,618.05,301169.0
2025-07-01 17:40:00+00:00,618.08,618.28,617.97,618.275,335245.0
2025-07-01 17:45:00+00:00,618.27,618.335,618.09,618.21,399563.0
2025-07-01 17:50:00+00:00,618.21,618.83,618.15,618.575,1174385.0
2025-07-01 17:55:00+00:00,618.57,618.63,618.41,618.568052,446420.0
2025-07-01 18:00:00+00:00,618.57,618.6993,618.25,618.25,536978.0
2025-07-01 18:05:00+00:00,618.26,618.59,618.1907,618.45,728815.0
2025-07-01 18:10:00+00:00,618.45,618.4699,618.26,618.33,518030.0
2025-07-01 18:15:00+00:00,618.315,618.47,617.9193,618.15,765520.0
2025-07-01 18:20:00+00:00,618.14,618.2186,617.985,618.1391,421882.0
2025-07-01 18:25:00+00:00,618.145,618.22,617.9602,618.01,421457.0
2025-07-01 18:30:00+00:00,618.01,618.49,617.94,618.405,893942.0
2025-07-01 18:35:00+00:00,618.41,618.51,618.08,618.23,473077.0
2025-07-01 18:40:00+00:00,618.2301,618.445,618.17,618.315,393991.0
2025-07-01 18:45:00+00:00,618.315,618.48,618.24,618.33,390553.0
2025-07-01 18:50:00+00:00,618.33,618.45,618.23,618.39,469675.0
2025-07-01 18:55:00+00:00,618.39,618.4499,617.91,617.96,641236.0
2025-07-01 19:00:00+00:00,617.95,617.96,616.7,617.51,2416427.0
2025-07-01 19:05:00+00:00,617.52,617.6,617.04,617.3,840370.0
2025-07-01 19:10:00+00:00,617.31,617.6,617.04,617.49,933445.0
2025-07-01 19:15:00+00:00,617.49,618.015,617.49,617.95,842944.0
2025-07-01 19:20:00+00:00,617.95,618.2802,617.8531,618.26,853640.0
2025-07-01 19:25:00+00:00,618.25,618.37,618.07,618.365,694560.0
2025-07-01 19:30:00+00:00,618.37,618.42,617.82,617.915,704527.0
2025-07-01 19:35:00+00:00,617.91,617.97,617.58,617.69,835210.0
2025-07-01 19:40:00+00:00,617.68,618.12,617.65,618.0999,1082132.0
2025-07-01 19:45:00+00:00,618.11,618.72,618.0977,618.48,1402143.0
2025-07-01 19:50:00+00:00,618.48,618.67,617.7887,617.95,2472456.0
2025-07-01 19:55:00+00:00,617.94,618.0381,617.43,617.56,3861655.0
2025-07-01 20:00:00+00:00,617.59,617.65,617.22,617.3675,1174725.0
2025-07-01 20:05:00+00:00,617.35,617.39,617.2,617.3,354474.0
2025-07-01 20:10:00+00:00,617.27,617.27,617.07,617.15,2404533.0
2025-07-01 20:15:00+00:00,617.18,617.33,616.859,617.3,40291.0
2025-07-01 20:20:00+00:00,617.3,617.37,617.25,617.25,34504.0
2025-07-01 20:25:00+00:00,617.28,617.37,617.28,617.37,69799.0
2025-07-01 20:30:00+00:00,617.37,617.5099,617.36,617.4101,75210.0
2025-07-01 20:35:00+00:00,617.43,617.5,617.37,617.49,13931.0
2025-07-01 20:40:00+00:00,617.47,617.55,617.4394,617.46,26925.0
2025-07-01 20:45:00+00:00,617.42,617.6,617.42,617.48,142436.0
2025-07-01 20:50:00+00:00,617.46,617.46,617.4,617.44,13996.0
2025-07-01 20:55:00+00:00,617.47,617.47,617.32,617.45,2417.0
2025-07-01 21:00:00+00:00,617.45,617.6396,617.45,617.6396,679.0
2025-07-01 21:05:00+00:00,617.4,617.55,617.4,617.49,2415.0
2025-07-01 21:10:00+00:00,617.54,617.54,617.35,617.35,3210.0
2025-07-01 21:15:00+00:00,617.36,617.36,617.35,617.36,1121.0
2025-07-01 21:20:00+00:00,617.36,617.4,617.36,617.4,499.0
2025-07-01 21:25:00+00:00,617.3505,617.37,617.35,617.36,5399.0
2025-07-01 21:30:00+00:00,617.35,617.35,617.35,617.35,365.0
2025-07-01 21:35:00+00:00,617.3,617.3,617.21,617.21,1160.0
2025-07-01 21:40:00+00:00,617.25,617.29,617.21,617.29,7026.0
2025-07-01 21:45:00+00:00,617.26,617.33,617.26,617.31,2279.0
2025-07-01 21:50:00+00:00,617.3,617.36,617.3,617.36,3367.0
2025-07-01 21:55:00+00:00,617.34,617.39,617.34,617.39,1967.0
2025-07-01 22:00:00+00:00,617.39,617.7,617.3,617.7,29127.0
2025-07-01 22:05:00+00:00,617.66,617.68,617.6,617.68,6321.0
2025-07-01 22:10:00+00:00,617.6794,617.6794,617.45,617.6,12310.0
2025-07-01 22:15:00+00:00,617.67,617.77,617.6501,617.7,13648.0
2025-07-01 22:20:00+00:00,617.72,617.8,617.58,617.5801,6941.0
2025-07-01 22:25:00+00:00,617.57,617.65,617.57,617.65,5478.0
2025-07-01 22:30:00+00:00,617.5413,617.76,617.5413,617.75,3883.0
2025-07-01 22:35:00+00:00,617.7696,617.8,617.74,617.76,2130.0
2025-07-01 22:40:00+00:00,617.76,618.0,617.75,618.0,6861.0
2025-07-01 22:45:00+00:00,617.9799,617.9799,617.9799,617.9799,111.0
2025-07-01 22:50:00+00:00,618.0,618.06,618.0,618.03,8475.0
2025-07-01 22:55:00+00:00,618.03,618.05,617.989,618.0,5962.0
2025-07-01 23:00:00+00:00,618.04,618.05,618.0,618.05,14660.0
2025-07-01 23:05:00+00:00,618.11,618.15,618.11,618.13,4866.0
2025-07-01 23:10:00+00:00,618.03,618.03,617.91,617.93,4364.0
2025-07-01 23:15:00+00:00,617.8601,617.9,617.8415,617.88,14121.0
2025-07-01 23:20:00+00:00,617.83,617.8799,617.83,617.84,3545.0
2025-07-01 23:25:00+00:00,617.82,617.92,617.8,617.85,4175.0
2025-07-01 23:30:00+00:00,617.8897,617.8897,617.8401,617.8401,524.0
2025-07-01 23:35:00+00:00,617.89,617.94,617.89,617.94,2071.0
2025-07-01 23:40:00+00:00,617.91,617.96,617.87,617.87,3132.0
2025-07-01 23:45:00+00:00,617.89,617.89,617.82,617.82,786.0
2025-07-01 23:50:00+00:00,617.88,617.88,617.7684,617.8,12928.0
2025-07-01 23:55:00+00:00,617.82,617.93,617.82,617.929,8798.0
2025-07-02 08:00:00+00:00,618.49,618.79,618.37,618.73,9786.0
2025-07-02 08:05:00+00:00,618.54,618.69,618.53,618.61,2983.0
2025-07-02 08:10:00+00:00,618.63,618.66,618.59,618.59,2738.0
2025-07-02 08:15:00+00:00,618.55,618.59,618.45,618.45,3074.0
2025-07-02 08:20:00+00:00,618.68,618.68,618.48,618.48,1612.0
2025-07-02 08:25:00+00:00,618.36,618.47,618.15,618.37,18710.0
2025-07-02 08:30:00+00:00,618.22,618.22,618.02,618.18,11405.0
2025-07-02 08:35:00+00:00,618.21,618.23,618.18,618.23,2148.0
2025-07-02 08:40:00+00:00,618.37,618.37,618.17,618.17,372.0
2025-07-02 08:45:00+00:00,618.35,618.41,618.35,618.41,951.0
2025-07-02 08:50:00+00:00,618.37,618.38,618.34,618.35,2339.0
2025-07-02 08:55:00+00:00,618.32,618.32,618.26,618.26,783.0
2025-07-02 09:00:00+00:00,618.26,618.34,618.1,618.1,4226.0
2025-07-02 09:05:00+00:00,618.08,618.22,618.07,618.08,2474.0
2025-07-02 09:10:00+00:00,618.08,618.34,618.08,618.21,3116.0
2025-07-02 09:15:00+00:00,618.23,618.28,618.23,618.24,2432.0
2025-07-02 09:20:00+00:00,618.18,618.35,618.18,618.35,3825.0
2025-07-02 09:25:00+00:00,618.35,618.44,618.35,618.37,3098.0
2025-07-02 09:30:00+00:00,618.4,618.45,618.37,618.4,2761.0
2025-07-02 09:35:00+00:00,618.4,618.4,618.14,618.15,2430.0
2025-07-02 09:40:00+00:00,618.23,618.37,618.23,618.37,1246.0
2025-07-02 09:45:00+00:00,618.39,618.45,618.39,618.44,3642.0
2025-07-02 09:50:00+00:00,618.45,618.45,618.45,618.45,1193.0
2025-07-02 09:55:00+00:00,618.34,618.45,618.34,618.43,1539.0
2025-07-02 10:00:00+00:00,618.4,618.4,618.38,618.38,1308.0
2025-07-02 10:05:00+00:00,618.4,618.4,618.4,618.4,403.0
2025-07-02 10:10:00+00:00,618.29,618.29,618.29,618.29,244.0
2025-07-02 10:15:00+00:00,618.41,618.44,618.4,618.42,1033.0
2025-07-02 10:20:00+00:00,618.34,618.4,618.34,618.34,573.0
2025-07-02 10:25:00+00:00,618.35,618.4,618.24,618.24,2484.0
2025-07-02 10:30:00+00:00,618.22,618.39,618.22,618.3,3954.0
2025-07-02 10:35:00+00:00,618.25,618.25,618.17,618.19,1657.0
2025-07-02 10:40:00+00:00,618.15,618.15,618.08,618.08,6726.0
2025-07-02 10:45:00+00:00,618.23,618.26,618.11,618.17,3513.0
2025-07-02 10:50:00+00:00,618.21,618.3,618.12,618.13,1851.0
2025-07-02 10:55:00+00:00,618.08,618.28,617.99,618.25,17882.0
2025-07-02 11:00:00+00:00,618.25,618.35,618.14,618.35,10921.0
2025-07-02 11:05:00+00:00,618.33,618.46,618.3,618.45,7568.0
2025-07-02 11:10:00+00:00,618.46,618.46,618.27,618.3,3705.0
2025-07-02 11:15:00+00:00,618.32,618.46,618.32,618.46,3850.0
2025-07-02 11:20:00+00:00,618.45,618.46,618.44,618.46,1765.0
2025-07-02 11:25:00+00:00,618.47,618.49,618.42,618.42,1894.0
2025-07-02 11:30:00+00:00,618.47,618.58,618.18,618.18,14258.0
2025-07-02 11:35:00+00:00,618.25,618.4,618.25,618.33,4857.0
2025-07-02 11:40:00+00:00,618.36,618.42,618.32,618.38,2193.0
2025-07-02 11:45:00+00:00,618.34,618.41,617.89,617.92,10365.0
2025-07-02 11:50:00+00:00,617.84,617.84,617.4,617.43,39098.0
2025-07-02 11:55:00+00:00,617.43,617.87,617.43,617.78,18638.0
2025-07-02 12:00:00+00:00,617.7325,619.68,617.37,617.66,102639.0
2025-07-02 12:05:00+00:00,617.74,617.93,617.74,617.82,13446.0
2025-07-02 12:10:00+00:00,617.8297,618.1,617.76,618.01,12006.0
2025-07-02 12:15:00+00:00,617.96,617.96,617.05,617.392,64223.0
2025-07-02 12:20:00+00:00,617.3814,617.75,617.05,617.28,29776.0
2025-07-02 12:25:00+00:00,617.16,617.58,617.04,617.46,43935.0
2025-07-02 12:30:00+00:00,617.44,617.5,616.79,616.91,83967.0
2025-07-02 12:35:00+00:00,616.94,617.26,616.85,616.95,181123.0
2025-07-02 12:40:00+00:00,616.87,616.94,616.35,616.56,38053.0
2025-07-02 12:45:00+00:00,616.55,616.91,616.47,616.67,31423.0
2025-07-02 12:50:00+00:00,616.69,616.74,616.54,616.61,26808.0
2025-07-02 12:55:00+00:00,616.63,616.75,616.49,616.72,15431.0
2025-07-02 13:00:00+00:00,616.77,617.29,616.54,617.28,82416.0
2025-07-02 13:05:00+00:00,617.35,617.36,617.11,617.111,42238.0
2025-07-02 13:10:00+00:00,617.13,617.22,617.03,617.08,14799.0
2025-07-02 13:15:00+00:00,617.14,617.23,616.9003,617.0,29158.0
2025-07-02 13:20:00+00:00,616.98,617.11,616.94,617.05,16010.0
2025-07-02 13:25:00+00:00,617.06,617.27,616.89,617.26,60120.0
2025-07-02 13:30:00+00:00,617.24,617.49,616.6602,616.725,1390376.0
2025-07-02 13:35:00+00:00,616.71,617.2899,616.61,617.2501,970679.0
2025-07-02 13:40:00+00:00,617.25,617.37,616.92,617.135,831925.0
2025-07-02 13:45:00+00:00,617.135,617.64,617.135,617.39,1021087.0
2025-07-02 13:50:00+00:00,617.39,617.575,617.25,617.48,638113.0
2025-07-02 13:55:00+00:00,617.49,617.49,617.095,617.3093,634187.0
2025-07-02 14:00:00+00:00,617.31,617.73,617.28,617.68,985704.0
2025-07-02 14:05:00+00:00,617.68,617.98,617.67,617.825,860663.0
2025-07-02 14:10:00+00:00,617.82,618.0,617.79,617.9201,689989.0
2025-07-02 14:15:00+00:00,617.92,618.08,617.89,617.985,645014.0
2025-07-02 14:20:00+00:00,617.98,618.195,617.87,618.18,653673.0
2025-07-02 14:25:00+00:00,618.19,618.72,618.135,618.6,1356568.0
2025-07-02 14:30:00+00:00,618.6,618.86,618.585,618.8,816353.0
2025-07-02 14:35:00+00:00,618.8,618.96,618.705,618.86,591230.0
2025-07-02 14:40:00+00:00,618.86,619.13,618.24,618.35,1150868.0
2025-07-02 14:45:00+00:00,618.34,618.95,618.2,618.85,1196464.0
2025-07-02 14:50:00+00:00,618.86,619.165,618.79,618.85,799165.0
2025-07-02 14:55:00+00:00,618.85,618.85,618.545,618.74,816752.0
2025-07-02 15:00:00+00:00,618.77,619.07,618.77,618.94,704335.0
2025-07-02 15:05:00+00:00,618.95,619.12,618.775,618.83,726817.0
2025-07-02 15:10:00+00:00,618.83,618.84,618.55,618.675,586461.0
2025-07-02 15:15:00+00:00,618.66,618.86,618.66,618.73,467290.0
2025-07-02 15:20:00+00:00,618.74,619.06,618.67,618.94,433131.0
2025-07-02 15:25:00+00:00,618.94,619.09,618.705,618.79,429652.0
2025-07-02 15:30:00+00:00,618.79,619.1052,618.74,618.985,358568.0
2025-07-02 15:35:00+00:00,618.985,619.36,618.975,619.1,655714.0
2025-07-02 15:40:00+00:00,619.08,619.23,619.015,619.14,584835.0
2025-07-02 15:45:00+00:00,619.133,619.455,619.0565,619.28,651665.0
2025-07-02 15:50:00+00:00,619.29,619.375,619.145,619.165,456408.0
2025-07-02 15:55:00+00:00,619.155,619.345,619.04,619.2719,510707.0
2025-07-02 16:00:00+00:00,619.27,619.31,618.86,618.91,658518.0
2025-07-02 16:05:00+00:00,618.92,619.29,618.865,619.13,459250.0
2025-07-02 16:10:00+00:00,619.115,619.18,618.94,619.04,348632.0
2025-07-02 16:15:00+00:00,619.04,619.33,618.98,619.17,380427.0
2025-07-02 16:20:00+00:00,619.17,619.28,619.07,619.23,269759.0
2025-07-02 16:25:00+00:00,619.23,619.325,618.87,619.155,561812.0
2025-07-02 16:30:00+00:00,619.16,619.225,619.0,619.2073,769914.0
2025-07-02 16:35:00+00:00,619.2013,619.52,619.2013,619.51,1780104.0
2025-07-02 16:40:00+00:00,619.51,619.6011,619.36,619.47,524483.0
2025-07-02 16:45:00+00:00,619.47,619.55,619.3599,619.535,395505.0
2025-07-02 16:50:00+00:00,619.54,619.595,619.36,619.42,407163.0
2025-07-02 16:55:00+00:00,619.43,619.585,619.39,619.585,391860.0
2025-07-02 17:00:00+00:00,619.58,619.63,619.43,619.49,1109074.0
2025-07-02 17:05:00+00:00,619.5,619.53,619.29,619.32,417160.0
2025-07-02 17:10:00+00:00,619.31,619.54,619.28,619.41,434812.0
2025-07-02 17:15:00+00:00,619.395,619.41,619.24,619.3036,351198.0
2025-07-02 17:20:00+00:00,619.3,619.64,619.12,619.61,542738.0
2025-07-02 17:25:00+00:00,619.61,619.675,619.42,619.48,516250.0
2025-07-02 17:30:00+00:00,619.47,619.65,619.35,619.585,523556.0
2025-07-02 17:35:00+00:00,619.58,619.58,619.32,619.45,326886.0
2025-07-02 17:40:00+00:00,619.445,619.49,619.29,619.352,267245.0
2025-07-02 17:45:00+00:00,619.36,619.48,619.28,619.46,1456881.0
2025-07-02 17:50:00+00:00,619.47,619.72,619.44,619.61,407919.0
2025-07-02 17:55:00+00:00,619.615,619.62,619.41,619.4199,395006.0
2025-07-02 18:00:00+00:00,619.42,619.48,619.23,619.44,772167.0
2025-07-02 18:05:00+00:00,619.45,619.6,619.36,619.565,592746.0
2025-07-02 18:10:00+00:00,619.5652,619.64,619.45,619.515,427447.0
2025-07-02 18:15:00+00:00,619.52,619.68,619.34,619.62,548151.0
2025-07-02 18:20:00+00:00,619.61,619.65,619.48,619.56,470181.0
2025-07-02 18:25:00+00:00,619.55,619.6901,619.52,619.59,458311.0
2025-07-02 18:30:00+00:00,619.58,619.83,619.575,619.77,715450.0
2025-07-02 18:35:00+00:00,619.765,619.84,619.7,619.77,453917.0
2025-07-02 18:40:00+00:00,619.77,619.94,619.7648,619.9,1132351.0
2025-07-02 18:45:00+00:00,619.9099,619.94,619.73,619.8,581495.0
2025-07-02 18:50:00+00:00,619.81,619.86,619.67,619.815,553527.0
2025-07-02 18:55:00+00:00,619.81,619.89,619.7513,619.855,501312.0
2025-07-02 19:00:00+00:00,619.855,620.17,619.825,620.08,920751.0
2025-07-02 19:05:00+00:00,620.07,620.095,619.96,620.07,392793.0
2025-07-02 19:10:00+00:00,620.06,620.11,619.93,620.035,584270.0
2025-07-02 19:15:00+00:00,620.04,620.0699,619.87,619.89,505198.0
2025-07-02 19:20:00+00:00,619.89,620.05,619.855,619.93,492454.0
2025-07-02 19:25:00+00:00,619.93,619.97,619.72,619.76,868589.0
2025-07-02 19:30:00+00:00,619.75,619.96,619.71,619.902,763912.0
2025-07-02 19:35:00+00:00,619.9,619.988,619.7,619.74,1405422.0
2025-07-02 19:40:00+00:00,619.74,619.88,619.61,619.8477,817622.0
2025-07-02 19:45:00+00:00,619.85,619.9,619.71,619.82,1124281.0
2025-07-02 19:50:00+00:00,619.82,620.38,619.72,620.18,2222809.0
2025-07-02 19:55:00+00:00,620.18,620.49,620.14,620.38,3885709.0
2025-07-02 20:00:00+00:00,620.38,620.45,619.19,620.15,810614.0
2025-07-02 20:05:00+00:00,620.17,620.45,620.17,620.3,760419.0
2025-07-02 20:10:00+00:00,620.3,620.34,620.0,620.16,4452459.0
2025-07-02 20:15:00+00:00,620.14,620.16,619.98,620.01,230989.0
2025-07-02 20:20:00+00:00,620.01,620.05,619.97,620.05,34175.0
2025-07-02 20:25:00+00:00,620.0492,620.13,620.0492,620.11,40405.0
2025-07-02 20:30:00+00:00,620.1,620.16,620.07,620.15,71587.0
2025-07-02 20:35:00+00:00,620.13,620.32,620.13,620.19,39864.0
2025-07-02 20:40:00+00:00,620.27,620.53,620.27,620.49,40071.0
2025-07-02 20:45:00+00:00,620.49,620.58,620.45,620.58,50247.0
2025-07-02 20:50:00+00:00,620.6,620.72,620.59,620.7,23364.0
2025-07-02 20:55:00+00:00,620.7,620.76,620.52,620.54,59502.0
2025-07-02 21:00:00+00:00,620.59,620.64,620.59,620.64,16014.0
2025-07-02 21:05:00+00:00,620.68,620.71,620.51,620.66,31439.0
2025-07-02 21:10:00+00:00,620.55,620.6952,620.55,620.6952,13351.0
2025-07-02 21:15:00+00:00,620.66,620.7,620.6,620.6,13995.0
2025-07-02 21:20:00+00:00,620.66,620.66,620.57,620.5999,2767.0
2025-07-02 21:25:00+00:00,620.59,620.68,620.57,620.67,9027.0
2025-07-02 21:30:00+00:00,620.65,620.71,620.5354,620.7,15182.0
2025-07-02 21:35:00+00:00,620.7,620.7,620.7,620.7,6234.0
2025-07-02 21:40:00+00:00,620.65,620.69,620.6,620.69,3776.0
2025-07-02 21:45:00+00:00,620.62,620.6507,620.62,620.65,2288.0
2025-07-02 21:50:00+00:00,620.64,620.67,620.6375,620.67,4758.0
2025-07-02 21:55:00+00:00,620.67,620.6792,620.54,620.54,4607.0
2025-07-02 22:00:00+00:00,620.54,620.72,620.4009,620.57,36758.0
2025-07-02 22:05:00+00:00,620.56,620.569,620.34,620.39,6532.0
2025-07-02 22:10:00+00:00,620.3996,620.3996,620.259,620.29,5655.0
2025-07-02 22:15:00+00:00,620.2492,620.36,620.22,620.24,6904.0
2025-07-02 22:20:00+00:00,620.22,620.29,620.2,620.2,7094.0
2025-07-02 22:25:00+00:00,620.27,620.27,620.27,620.27,262.0
2025-07-02 22:30:00+00:00,620.27,620.27,620.25,620.25,2391.0
2025-07-02 22:35:00+00:00,620.33,620.36,620.33,620.36,640.0
2025-07-02 22:40:00+00:00,620.37,620.4996,620.37,620.49,4204.0
2025-07-02 22:45:00+00:00,620.49,620.51,620.49,620.49,4808.0
2025-07-02 22:50:00+00:00,620.5696,620.57,620.5696,620.57,765.0
2025-07-02 22:55:00+00:00,620.55,620.55,620.5,620.51,875.0
2025-07-02 23:00:00+00:00,620.58,620.58,620.53,620.53,1309.0
2025-07-02 23:05:00+00:00,620.49,620.56,620.49,620.56,581.0
2025-07-02 23:10:00+00:00,620.59,620.59,620.579,620.579,492.0
2025-07-02 23:15:00+00:00,620.6,620.6,620.6,620.6,662.0
2025-07-02 23:20:00+00:00,620.56,620.56,620.56,620.56,314.0
2025-07-02 23:30:00+00:00,620.59,620.59,620.58,620.5896,1488.0
2025-07-02 23:35:00+00:00,620.59,620.59,620.55,620.55,1427.0
2025-07-02 23:40:00+00:00,620.611,620.611,620.56,620.59,951.0
2025-07-02 23:45:00+00:00,620.61,620.61,620.58,620.58,1033.0
2025-07-02 23:50:00+00:00,620.58,620.59,620.55,620.59,1383.0
2025-07-02 23:55:00+00:00,620.6097,620.669,620.58,620.6492,16718.0
2025-07-03 00:00:00+00:00,620.62,620.62,620.62,620.62,250.0
2025-07-03 08:00:00+00:00,621.22,621.36,620.89,621.2,8103.0
2025-07-03 08:05:00+00:00,621.23,621.37,621.22,621.37,6635.0
2025-07-03 08:10:00+00:00,621.21,621.3,621.21,621.3,1006.0
2025-07-03 08:15:00+00:00,621.26,621.28,621.15,621.28,3808.0
2025-07-03 08:20:00+00:00,621.25,621.3,621.19,621.19,1219.0
2025-07-03 08:25:00+00:00,621.19,621.3,621.18,621.3,2567.0
2025-07-03 08:30:00+00:00,621.31,621.32,621.13,621.15,6700.0
2025-07-03 08:35:00+00:00,621.18,621.3,621.17,621.3,673.0
2025-07-03 08:40:00+00:00,621.25,621.26,621.03,621.03,685.0
2025-07-03 08:45:00+00:00,621.02,621.04,621.01,621.04,662.0
2025-07-03 08:50:00+00:00,621.04,621.04,620.95,620.95,1205.0
2025-07-03 08:55:00+00:00,620.94,620.95,620.69,620.69,5785.0
2025-07-03 09:00:00+00:00,620.68,620.95,620.68,620.95,1939.0
2025-07-03 09:05:00+00:00,620.77,620.77,620.77,620.77,183.0
2025-07-03 09:10:00+00:00,620.76,620.79,620.75,620.79,1901.0
2025-07-03 09:15:00+00:00,620.74,620.98,620.74,620.95,2003.0
2025-07-03 09:20:00+00:00,620.92,621.19,620.9,621.12,4868.0
2025-07-03 09:25:00+00:00,621.14,621.2,621.12,621.16,4212.0
2025-07-03 09:30:00+00:00,621.2,621.2,621.14,621.19,1096.0
2025-07-03 09:35:00+00:00,620.91,620.91,620.87,620.89,1959.0
2025-07-03 09:40:00+00:00,620.86,621.04,620.85,620.99,3689.0
2025-07-03 09:45:00+00:00,620.89,621.08,620.89,621.08,2377.0
2025-07-03 09:50:00+00:00,621.03,621.03,620.98,620.98,1096.0
2025-07-03 09:55:00+00:00,621.0,621.0,620.78,620.78,2379.0
2025-07-03 10:00:00+00:00,620.84,620.84,620.7,620.74,2894.0
2025-07-03 10:05:00+00:00,620.71,620.72,620.61,620.69,2350.0
2025-07-03 10:10:00+00:00,620.59,620.69,620.58,620.69,1513.0
2025-07-03 10:15:00+00:00,620.68,620.74,620.67,620.67,2828.0
2025-07-03 10:20:00+00:00,620.55,620.55,620.51,620.53,1947.0
2025-07-03 10:25:00+00:00,620.6,620.79,620.6,620.63,3578.0
2025-07-03 10:30:00+00:00,620.65,620.74,620.65,620.73,2580.0
2025-07-03 10:45:00+00:00,620.92,620.93,620.92,620.92,866.0
2025-07-03 10:50:00+00:00,620.91,620.93,620.89,620.93,1285.0
2025-07-03 10:55:00+00:00,620.96,621.0,620.96,620.97,1765.0
2025-07-03 11:00:00+00:00,620.96,621.09,620.88,621.05,11181.0
2025-07-03 11:05:00+00:00,621.1,621.15,621.02,621.11,5172.0
2025-07-03 11:10:00+00:00,621.11,621.21,621.019,621.11,14482.0
2025-07-03 11:15:00+00:00,621.12,621.24,621.01,621.22,8354.0
2025-07-03 11:20:00+00:00,621.23,621.26,621.14,621.16,5469.0
2025-07-03 11:25:00+00:00,621.13,621.23,621.1,621.21,18564.0
2025-07-03 11:30:00+00:00,621.19,621.21,620.99,621.02,17605.0
2025-07-03 11:35:00+00:00,621.05,621.08,620.91,620.94,10199.0
2025-07-03 11:40:00+00:00,620.92,621.27,620.92,621.16,22331.0
2025-07-03 11:45:00+00:00,621.13,621.15,621.01,621.02,10928.0
2025-07-03 11:50:00+00:00,621.04,621.13,620.96,621.13,13121.0
2025-07-03 11:55:00+00:00,621.13,621.27,620.96,621.25,18120.0
2025-07-03 12:00:00+00:00,621.12,621.65,620.81,621.45,98024.0
2025-07-03 12:05:00+00:00,621.46,621.6,621.46,621.58,49110.0
2025-07-03 12:10:00+00:00,621.64,621.65,621.25,621.29,35898.0
2025-07-03 12:15:00+00:00,621.26,621.39,621.18,621.21,39235.0
2025-07-03 12:20:00+00:00,621.21,621.25,621.06,621.23,30027.0
2025-07-03 12:25:00+00:00,621.0945,621.33,621.09,621.33,21635.0
2025-07-03 12:30:00+00:00,621.75,622.82,621.41,622.54,481526.0
2025-07-03 12:35:00+00:00,622.63,622.76,621.89,622.11,202756.0
2025-07-03 12:40:00+00:00,622.13,622.1988,621.781,621.99,61576.0
2025-07-03 12:45:00+00:00,622.0,622.0186,621.5,621.54,58834.0
2025-07-03 12:50:00+00:00,621.54,621.8,621.52,621.7301,41609.0
2025-07-03 12:55:00+00:00,621.74,621.89,621.61,621.66,26739.0
2025-07-03 13:00:00+00:00,621.68,622.06,621.68,622.03,29396.0
2025-07-03 13:05:00+00:00,622.02,622.47,622.0,622.27,106316.0
2025-07-03 13:10:00+00:00,622.32,622.39,621.93,622.12,100799.0
2025-07-03 13:15:00+00:00,622.09,622.15,621.95,622.06,71438.0
2025-07-03 13:20:00+00:00,622.1401,622.41,622.11,622.38,22978.0
2025-07-03 13:25:00+00:00,622.37,622.6299,622.36,622.48,93790.0
2025-07-03 13:30:00+00:00,622.45,623.48,622.43,623.3401,1848297.0
2025-07-03 13:35:00+00:00,623.35,623.635,623.34,623.44,1312071.0
2025-07-03 13:40:00+00:00,623.445,623.51,623.115,623.46,1607504.0
2025-07-03 13:45:00+00:00,623.47,623.8599,623.47,623.83,1300350.0
2025-07-03 13:50:00+00:00,623.83,624.5,623.66,624.39,1458523.0
2025-07-03 13:55:00+00:00,624.3801,624.545,624.05,624.07,1053119.0
2025-07-03 14:00:00+00:00,624.06,624.885,624.04,624.83,1310136.0
2025-07-03 14:05:00+00:00,624.84,624.93,624.74,624.8201,1074884.0
2025-07-03 14:10:00+00:00,624.82,624.97,624.74,624.78,849218.0
2025-07-03 14:15:00+00:00,624.77,624.96,624.55,624.95,1404846.0
2025-07-03 14:20:00+00:00,624.96,625.11,624.89,625.0,653340.0
2025-07-03 14:25:00+00:00,625.0,625.06,624.89,625.0,603041.0
2025-07-03 14:30:00+00:00,625.0,625.07,624.79,624.88,799363.0
2025-07-03 14:35:00+00:00,624.91,625.29,624.86,625.22,722914.0
2025-07-03 14:40:00+00:00,625.22,625.45,625.2,625.38,694831.0
2025-07-03 14:45:00+00:00,625.37,625.47,625.2401,625.275,492643.0
2025-07-03 14:50:00+00:00,625.2717,625.335,625.18,625.3049,564465.0
2025-07-03 14:55:00+00:00,625.3088,625.43,625.25,625.3,436595.0
2025-07-03 15:00:00+00:00,625.31,625.58,625.26,625.46,609642.0
2025-07-03 15:05:00+00:00,625.45,625.785,625.41,625.615,725815.0
2025-07-03 15:10:00+00:00,625.63,625.74,625.55,625.74,394256.0
2025-07-03 15:15:00+00:00,625.75,625.75,625.3499,625.45,599264.0
2025-07-03 15:20:00+00:00,625.45,625.59,625.28,625.305,2108123.0
2025-07-03 15:25:00+00:00,625.31,625.52,625.17,625.42,931060.0
2025-07-03 15:30:00+00:00,625.42,625.7499,625.36,625.64,1144354.0
2025-07-03 15:35:00+00:00,625.64,625.84,625.6,625.745,755300.0
2025-07-03 15:40:00+00:00,625.75,626.05,625.745,626.04,734538.0
2025-07-03 15:45:00+00:00,626.05,626.08,625.915,626.025,717960.0
2025-07-03 15:50:00+00:00,626.0225,626.0513,625.91,625.99,630999.0
2025-07-03 15:55:00+00:00,625.99,626.025,625.74,625.9,671071.0
2025-07-03 16:00:00+00:00,625.902,626.0299,625.86,625.91,826718.0
2025-07-03 16:05:00+00:00,625.905,626.05,625.83,625.95,684685.0
2025-07-03 16:10:00+00:00,625.94,626.03,625.87,625.9,516494.0
2025-07-03 16:15:00+00:00,625.88,625.88,625.63,625.75,736947.0
2025-07-03 16:20:00+00:00,625.74,625.85,625.5501,625.73,724608.0
2025-07-03 16:25:00+00:00,625.73,625.89,625.66,625.735,887093.0
2025-07-03 16:30:00+00:00,625.73,625.92,625.6299,625.92,1438224.0
2025-07-03 16:35:00+00:00,625.92,625.98,625.85,625.96,869056.0
2025-07-03 16:40:00+00:00,625.96,626.28,625.94,626.09,1485774.0
2025-07-03 16:45:00+00:00,626.1,626.11,625.66,625.6799,1728832.0
2025-07-03 16:50:00+00:00,625.67,625.89,624.87,625.375,2501245.0
2025-07-03 16:55:00+00:00,625.38,625.75,625.23,625.35,2652829.0
2025-07-03 17:00:00+00:00,625.35,625.38,625.33,625.34,879874.0
2025-07-03 20:00:00+00:00,625.12,625.12,624.94,624.94,2669.0
2025-07-03 20:05:00+00:00,624.94,624.95,624.93,624.95,2572.0
2025-07-03 20:10:00+00:00,624.92,624.95,624.9,624.9,5880.0
2025-07-03 20:15:00+00:00,624.9,624.93,624.88,624.88,8722.0
2025-07-03 20:25:00+00:00,624.88,624.89,624.84,624.85,6024.0
2025-07-03 20:30:00+00:00,624.85,624.85,624.84,624.84,1954.0
2025-07-03 20:35:00+00:00,624.8207,624.84,624.8207,624.84,1001.0
2025-07-03 20:40:00+00:00,624.85,624.98,624.85,624.95,11366.0
2025-07-03 20:45:00+00:00,624.9,625.04,624.88,624.89,17277.0
2025-07-03 20:50:00+00:00,625.0,625.02,624.95,624.95,5628.0
2025-07-03 20:55:00+00:00,624.9501,625.02,624.95,625.01,6604.0
2025-07-07 08:00:00+00:00,623.38,623.38,620.0,622.93,33461.0
2025-07-07 08:05:00+00:00,622.98,622.98,622.66,622.66,3588.0
2025-07-07 08:10:00+00:00,622.61,622.66,622.48,622.65,7373.0
2025-07-07 08:15:00+00:00,622.62,622.67,622.47,622.57,5816.0
2025-07-07 08:20:00+00:00,622.78,622.78,622.76,622.76,547.0
2025-07-07 08:25:00+00:00,622.82,622.97,622.78,622.87,4023.0
2025-07-07 08:30:00+00:00,622.88,622.88,622.7,622.86,3049.0
2025-07-07 08:35:00+00:00,622.83,622.89,622.83,622.87,1571.0
2025-07-07 08:40:00+00:00,622.87,622.87,622.74,622.74,1861.0
2025-07-07 08:45:00+00:00,622.81,622.82,622.58,622.6,3709.0
2025-07-07 08:50:00+00:00,622.6,622.69,622.53,622.69,2366.0
2025-07-07 08:55:00+00:00,622.65,622.65,622.63,622.63,563.0
2025-07-07 09:00:00+00:00,622.5,622.59,622.47,622.49,17365.0
2025-07-07 09:05:00+00:00,622.58,622.75,622.57,622.61,8912.0
2025-07-07 09:10:00+00:00,622.63,622.63,622.62,622.62,569.0
2025-07-07 09:15:00+00:00,622.72,622.74,622.72,622.74,971.0
2025-07-07 09:20:00+00:00,622.77,622.77,622.65,622.65,2257.0
2025-07-07 09:25:00+00:00,622.67,622.71,622.67,622.71,943.0
2025-07-07 09:30:00+00:00,622.7,622.75,622.7,622.75,396.0
2025-07-07 09:35:00+00:00,622.78,623.06,622.77,623.06,9487.0
2025-07-07 09:40:00+00:00,623.1,623.21,623.03,623.21,1149.0
2025-07-07 09:45:00+00:00,623.04,623.05,622.98,623.04,1261.0
2025-07-07 09:50:00+00:00,623.03,623.46,623.03,623.46,3953.0
2025-07-07 09:55:00+00:00,623.45,623.76,623.45,623.76,15023.0
2025-07-07 10:00:00+00:00,623.68,623.86,623.66,623.86,3071.0
2025-07-07 10:05:00+00:00,623.85,624.03,623.83,624.03,5240.0
2025-07-07 10:10:00+00:00,623.97,624.22,623.97,624.13,2847.0
2025-07-07 10:15:00+00:00,623.93,623.93,623.73,623.8,12035.0
2025-07-07 10:20:00+00:00,623.81,623.97,623.81,623.92,5624.0
2025-07-07 10:25:00+00:00,623.91,623.99,623.88,623.93,9722.0
2025-07-07 10:30:00+00:00,623.92,623.98,623.92,623.93,4817.0
2025-07-07 10:35:00+00:00,624.04,624.04,624.04,624.04,335.0
2025-07-07 10:40:00+00:00,623.8,623.86,623.8,623.86,1501.0
2025-07-07 10:45:00+00:00,623.88,623.88,623.75,623.8,12123.0
2025-07-07 10:50:00+00:00,623.76,623.76,623.66,623.7,3072.0
2025-07-07 10:55:00+00:00,623.7,623.73,623.6,623.62,3089.0
2025-07-07 11:00:00+00:00,623.6,623.81,623.6,623.75,15549.0
2025-07-07 11:05:00+00:00,623.75,623.8,623.65,623.75,10564.0
2025-07-07 11:10:00+00:00,623.71,623.71,623.62,623.68,3271.0
2025-07-07 11:15:00+00:00,623.66,623.73,623.61,623.61,3594.0
2025-07-07 11:20:00+00:00,623.66,623.759,623.65,623.739,2550.0
2025-07-07 11:25:00+00:00,623.8,623.99,623.77,623.99,7424.0
2025-07-07 11:30:00+00:00,623.99,623.99,623.77,623.85,5465.0
2025-07-07 11:35:00+00:00,623.85,623.93,623.69,623.7,23115.0
2025-07-07 11:40:00+00:00,623.7,624.07,623.68,623.9,24027.0
2025-07-07 11:45:00+00:00,623.9,624.06,623.87,624.06,18700.0
2025-07-07 11:50:00+00:00,624.09,624.09,623.98,624.02,4502.0
2025-07-07 11:55:00+00:00,624.101,624.21,624.1,624.19,4022.0
2025-07-07 12:00:00+00:00,624.14,624.14,622.45,623.98,59268.0
2025-07-07 12:05:00+00:00,623.98,624.42,623.98,624.28,24832.0
2025-07-07 12:10:00+00:00,624.34,624.48,624.21,624.48,14273.0
2025-07-07 12:15:00+00:00,624.48,624.59,624.4001,624.5835,12337.0
2025-07-07 12:20:00+00:00,624.56,624.57,624.361,624.361,21471.0
2025-07-07 12:25:00+00:00,624.41,624.41,624.09,624.22,18993.0
2025-07-07 12:30:00+00:00,624.2,624.3188,624.1221,624.301,32626.0
2025-07-07 12:35:00+00:00,624.29,624.44,624.08,624.1009,23519.0
2025-07-07 12:40:00+00:00,624.14,624.16,623.89,623.94,26358.0
2025-07-07 12:45:00+00:00,623.92,623.95,623.82,623.84,14713.0
2025-07-07 12:50:00+00:00,623.8198,623.8707,623.54,623.55,27297.0
2025-07-07 12:55:00+00:00,623.58,623.58,623.27,623.43,47483.0
2025-07-07 13:00:00+00:00,623.43,623.53,623.19,623.27,62337.0
2025-07-07 13:05:00+00:00,623.31,623.3896,623.19,623.26,34613.0
2025-07-07 13:10:00+00:00,623.24,623.36,623.17,623.24,35789.0
2025-07-07 13:15:00+00:00,623.2297,623.3599,623.2,623.28,15668.0
2025-07-07 13:20:00+00:00,623.26,623.31,623.14,623.17,28581.0
2025-07-07 13:25:00+00:00,623.15,623.44,623.08,623.33,57696.0
2025-07-07 13:30:00+00:00,623.36,623.988,622.88,623.2264,1772592.0
2025-07-07 13:35:00+00:00,623.23,623.63,623.065,623.32,718100.0
2025-07-07 13:40:00+00:00,623.32,623.665,623.17,623.45,757393.0
2025-07-07 13:45:00+00:00,623.46,623.55,623.075,623.51,619944.0
2025-07-07 13:50:00+00:00,623.515,624.03,623.425,623.85,695657.0
2025-07-07 13:55:00+00:00,623.82,623.97,623.61,623.6526,450513.0
2025-07-07 14:00:00+00:00,623.65,623.795,622.715,623.08,812528.0
2025-07-07 14:05:00+00:00,623.1,623.35,622.99,623.1299,432518.0
2025-07-07 14:10:00+00:00,623.13,623.25,622.74,622.77,656291.0
2025-07-07 14:15:00+00:00,622.755,623.055,622.53,622.96,510013.0
2025-07-07 14:20:00+00:00,622.951,623.22,622.87,623.165,428524.0
2025-07-07 14:25:00+00:00,623.18,623.42,622.905,623.04,654314.0
2025-07-07 14:30:00+00:00,623.04,623.105,622.56,622.56,647805.0
2025-07-07 14:35:00+00:00,622.56,622.825,622.515,622.71,523800.0
2025-07-07 14:40:00+00:00,622.7,622.91,622.6,622.6799,429822.0
2025-07-07 14:45:00+00:00,622.67,622.92,622.56,622.7071,487230.0
2025-07-07 14:50:00+00:00,622.7,622.8,621.96,622.28,913643.0
2025-07-07 14:55:00+00:00,622.28,622.41,621.96,622.1599,674856.0
2025-07-07 15:00:00+00:00,622.16,622.39,621.91,622.09,635512.0
2025-07-07 15:05:00+00:00,622.115,622.155,621.91,622.055,450566.0
2025-07-07 15:10:00+00:00,622.05,622.13,621.87,621.935,570944.0
2025-07-07 15:15:00+00:00,621.935,622.09,621.655,621.73,598734.0
2025-07-07 15:20:00+00:00,621.71,621.965,621.56,621.85,495941.0
2025-07-07 15:25:00+00:00,621.8499,622.12,621.78,622.07,419796.0
2025-07-07 15:30:00+00:00,622.06,622.22,621.88,621.94,495206.0
2025-07-07 15:35:00+00:00,621.94,622.035,621.8344,621.935,302610.0
2025-07-07 15:40:00+00:00,621.935,621.975,621.615,621.64,308329.0
2025-07-07 15:45:00+00:00,621.63,621.735,621.23,621.41,578166.0
2025-07-07 15:50:00+00:00,621.4,621.4999,621.18,621.4,553891.0
2025-07-07 15:55:00+00:00,621.41,621.93,621.39,621.74,641823.0
2025-07-07 16:00:00+00:00,621.75,622.27,621.75,622.1399,572240.0
2025-07-07 16:05:00+00:00,622.14,622.29,622.08,622.17,303914.0
2025-07-07 16:10:00+00:00,622.14,622.19,621.7813,622.0,281159.0
2025-07-07 16:15:00+00:00,622.0,622.23,620.77,621.23,1286207.0
2025-07-07 16:20:00+00:00,621.22,621.41,619.241,620.23,4209755.0
2025-07-07 16:25:00+00:00,620.21,620.77,619.66,620.575,1989867.0
2025-07-07 16:30:00+00:00,620.56,621.15,620.51,621.02,1068815.0
2025-07-07 16:35:00+00:00,621.05,621.235,620.48,620.7,831318.0
2025-07-07 16:40:00+00:00,620.71,620.94,620.17,620.42,767058.0
2025-07-07 16:45:00+00:00,620.43,620.55,619.92,620.08,695000.0
2025-07-07 16:50:00+00:00,620.07,620.22,619.605,619.67,667934.0
2025-07-07 16:55:00+00:00,619.68,620.0665,619.48,619.8006,653933.0
2025-07-07 17:00:00+00:00,619.78,620.22,619.61,619.69,765133.0
2025-07-07 17:05:00+00:00,619.69,620.19,619.5912,620.13,400480.0
2025-07-07 17:10:00+00:00,620.14,620.58,620.1,620.575,577166.0
2025-07-07 17:15:00+00:00,620.55,620.815,620.37,620.81,424010.0
2025-07-07 17:20:00+00:00,620.81,621.02,620.5,620.53,501621.0
2025-07-07 17:25:00+00:00,620.55,620.55,620.02,620.19,416634.0
2025-07-07 17:30:00+00:00,620.16,621.41,620.02,620.2916,2294365.0
2025-07-07 17:35:00+00:00,620.33,620.36,619.74,619.99,783357.0
2025-07-07 17:40:00+00:00,619.99,620.27,619.56,619.89,958086.0
2025-07-07 17:45:00+00:00,619.88,620.16,619.68,620.05,480528.0
2025-07-07 17:50:00+00:00,620.02,620.13,619.71,619.89,511857.0
2025-07-07 17:55:00+00:00,619.87,620.2,619.78,620.047,260463.0
2025-07-07 18:00:00+00:00,620.04,620.36,619.97,620.21,438763.0
2025-07-07 18:05:00+00:00,620.23,620.3696,620.0299,620.31,333160.0
2025-07-07 18:10:00+00:00,620.32,620.3452,619.9,619.969,668268.0
2025-07-07 18:15:00+00:00,619.95,619.99,618.57,618.7,1392966.0
2025-07-07 18:20:00+00:00,618.68,618.86,617.89,618.59,1742924.0
2025-07-07 18:25:00+00:00,618.62,618.86,617.88,617.99,995804.0
2025-07-07 18:30:00+00:00,617.99,618.46,617.87,618.4496,1103758.0
2025-07-07 18:35:00+00:00,618.45,619.0,618.36,618.86,1135855.0
2025-07-07 18:40:00+00:00,618.86,619.59,618.8448,619.48,667702.0
2025-07-07 18:45:00+00:00,619.47,619.71,619.38,619.675,549629.0
2025-07-07 18:50:00+00:00,619.67,619.8651,619.6,619.7901,1204150.0
2025-07-07 18:55:00+00:00,619.79,620.2199,619.79,620.16,606296.0
2025-07-07 19:00:00+00:00,620.15,620.39,619.82,619.85,823146.0
2025-07-07 19:05:00+00:00,619.83,619.87,619.375,619.5,810868.0
2025-07-07 19:10:00+00:00,619.5,619.98,619.42,619.7,832040.0
2025-07-07 19:15:00+00:00,619.685,619.9352,619.645,619.82,569762.0
2025-07-07 19:20:00+00:00,619.83,619.905,619.56,619.57,819205.0
2025-07-07 19:25:00+00:00,619.575,619.75,619.44,619.46,602726.0
2025-07-07 19:30:00+00:00,619.47,619.84,619.45,619.705,758931.0
2025-07-07 19:35:00+00:00,619.72,619.8199,619.52,619.5752,576053.0
2025-07-07 19:40:00+00:00,619.58,619.73,619.39,619.67,1003492.0
2025-07-07 19:45:00+00:00,619.69,619.83,619.45,619.78,1463791.0
2025-07-07 19:50:00+00:00,619.8,620.47,619.8,620.275,2769817.0
2025-07-07 19:55:00+00:00,620.26,621.0,620.17,620.78,5539570.0
2025-07-07 20:00:00+00:00,620.76,620.81,620.11,620.13,732230.0
2025-07-07 20:05:00+00:00,620.1484,620.79722,619.93,620.02,548590.0
2025-07-07 20:10:00+00:00,620.0,620.13,619.86,620.13,1114533.0
2025-07-07 20:15:00+00:00,620.11,620.18,620.05,620.17,1444417.0
2025-07-07 20:20:00+00:00,620.14,620.2,620.04,620.13,57427.0
2025-07-07 20:25:00+00:00,620.1,620.11,620.02,620.02,30645.0
2025-07-07 20:30:00+00:00,620.0,620.0199,619.86,619.86,8182.0
2025-07-07 20:35:00+00:00,619.89,619.92,619.5981,619.5981,71606.0
2025-07-07 20:40:00+00:00,619.55,619.55,619.08,619.1299,70144.0
2025-07-07 20:45:00+00:00,619.1,619.48,619.08,619.1,124855.0
2025-07-07 20:50:00+00:00,619.12,619.52,619.12,619.52,70245.0
2025-07-07 20:55:00+00:00,619.47,619.56,619.44,619.52,20932.0
2025-07-07 21:00:00+00:00,619.53,619.78,619.52,619.54,23982.0
2025-07-07 21:05:00+00:00,619.5005,619.58,619.48,619.48,5254.0
2025-07-07 21:10:00+00:00,619.48,619.5844,619.4764,619.53,1949.0
2025-07-07 21:15:00+00:00,619.47,619.53,619.47,619.52,3563.0
2025-07-07 21:20:00+00:00,619.51,619.5499,619.44,619.45,6532.0
2025-07-07 21:25:00+00:00,619.48,619.48,619.4,619.41,12460.0
2025-07-07 21:30:00+00:00,619.4495,619.45,619.4,619.4,11340.0
2025-07-07 21:35:00+00:00,619.44,619.44,619.41,619.44,3259.0
2025-07-07 21:40:00+00:00,619.44,619.45,619.4,619.45,13386.0
2025-07-07 21:45:00+00:00,619.44,619.45,619.42,619.43,4516.0
2025-07-07 21:50:00+00:00,619.4,619.43,618.818,619.42,65890.0
2025-07-07 21:55:00+00:00,619.45,619.5,619.43,619.45,6445.0
2025-07-07 22:00:00+00:00,619.45,619.8,619.31,619.32,35623.0
2025-07-07 22:05:00+00:00,619.37,619.57,619.37,619.56,9296.0
2025-07-07 22:10:00+00:00,619.5099,619.5099,619.35,619.35,3980.0
2025-07-07 22:15:00+00:00,619.37,619.37,619.0,619.04,15383.0
2025-07-07 22:20:00+00:00,619.0201,619.06,618.75,618.78,12350.0
2025-07-07 22:25:00+00:00,618.83,619.03,618.83,618.88,6377.0
2025-07-07 22:30:00+00:00,619.03,619.23,619.02,619.2,2709.0
2025-07-07 22:35:00+00:00,619.25,619.38,619.16,619.38,7147.0
2025-07-07 22:40:00+00:00,619.38,619.64,619.38,619.52,8811.0
2025-07-07 22:45:00+00:00,619.45,619.47,619.22,619.47,8395.0
2025-07-07 22:50:00+00:00,619.41,619.4693,619.35,619.4693,796.0
2025-07-07 22:55:00+00:00,619.33,619.4597,619.3,619.4597,3738.0
2025-07-07 23:00:00+00:00,619.43,619.48,619.38,619.48,9816.0
2025-07-07 23:05:00+00:00,619.56,619.82,619.56,619.75,7288.0
2025-07-07 23:10:00+00:00,619.7201,619.77,619.72,619.75,2155.0
2025-07-07 23:15:00+00:00,619.71,619.82,619.631,619.82,9725.0
2025-07-07 23:20:00+00:00,619.81,619.9795,619.72,619.72,4268.0
2025-07-07 23:25:00+00:00,619.72,619.8692,619.72,619.78,2517.0
2025-07-07 23:30:00+00:00,619.8716,620.04,619.871,619.96,6506.0
2025-07-07 23:35:00+00:00,620.0,620.0399,619.77,619.81,3884.0
2025-07-07 23:40:00+00:00,619.77,619.8399,619.75,619.82,1677.0
2025-07-07 23:45:00+00:00,619.84,619.92,619.84,619.9113,1402.0
2025-07-07 23:50:00+00:00,619.91,619.98,619.79,619.98,5094.0
2025-07-07 23:55:00+00:00,620.04,620.04,619.91,620.0,9211.0
2025-07-08 08:00:00+00:00,621.22,621.92,621.22,621.63,5922.0
2025-07-08 08:05:00+00:00,621.53,621.64,621.53,621.59,1168.0
2025-07-08 08:10:00+00:00,621.74,621.77,621.43,621.49,11928.0
2025-07-08 08:15:00+00:00,621.61,621.61,621.61,621.61,337.0
2025-07-08 08:20:00+00:00,621.57,621.68,621.51,621.68,2507.0
2025-07-08 08:25:00+00:00,621.65,621.77,621.59,621.59,3399.0
2025-07-08 08:30:00+00:00,621.62,621.67,621.62,621.62,2139.0
2025-07-08 08:35:00+00:00,621.38,621.45,621.38,621.45,1112.0
2025-07-08 08:40:00+00:00,621.42,621.42,621.39,621.39,814.0
2025-07-08 08:45:00+00:00,621.37,621.54,621.37,621.54,825.0
2025-07-08 08:50:00+00:00,621.52,621.52,621.52,621.52,1149.0
2025-07-08 08:55:00+00:00,621.54,621.57,621.54,621.57,1286.0
2025-07-08 09:00:00+00:00,621.52,621.52,621.25,621.26,3759.0
2025-07-08 09:05:00+00:00,621.3,621.5,621.3,621.41,2386.0
2025-07-08 09:10:00+00:00,621.46,621.67,621.46,621.67,1591.0
2025-07-08 09:15:00+00:00,621.62,621.62,621.6,621.6,1824.0
2025-07-08 09:20:00+00:00,621.58,621.58,621.45,621.45,810.0
2025-07-08 09:25:00+00:00,621.46,621.58,621.46,621.58,686.0
2025-07-08 09:30:00+00:00,621.49,621.49,621.31,621.31,844.0
2025-07-08 09:35:00+00:00,621.3,621.35,621.3,621.35,649.0
2025-07-08 09:40:00+00:00,621.43,621.43,621.35,621.37,1540.0
2025-07-08 09:45:00+00:00,621.36,621.36,621.27,621.28,1046.0
2025-07-08 09:50:00+00:00,621.29,621.29,620.93,620.93,4230.0
2025-07-08 09:55:00+00:00,621.17,621.17,621.17,621.17,513.0
2025-07-08 10:00:00+00:00,621.0,621.0,620.72,620.72,4155.0
2025-07-08 10:05:00+00:00,620.73,620.97,620.73,620.97,2974.0
2025-07-08 10:10:00+00:00,620.99,621.0,620.89,620.89,1207.0
2025-07-08 10:15:00+00:00,620.94,621.16,620.94,621.16,3099.0
2025-07-08 10:25:00+00:00,620.96,621.0,620.94,621.0,1340.0
2025-07-08 10:30:00+00:00,621.02,621.26,621.02,621.24,12141.0
2025-07-08 10:35:00+00:00,621.15,621.6,621.15,621.59,24194.0
2025-07-08 10:40:00+00:00,621.56,621.8,621.55,621.8,14551.0
2025-07-08 10:45:00+00:00,621.85,621.85,621.63,621.63,2805.0
2025-07-08 10:50:00+00:00,621.7,621.7,621.54,621.6,2208.0
2025-07-08 10:55:00+00:00,621.5,621.5,621.5,621.5,355.0
2025-07-08 11:00:00+00:00,621.59,621.6,621.5,621.53,20057.0
2025-07-08 11:05:00+00:00,621.5,621.53,621.34,621.35,6075.0
2025-07-08 11:10:00+00:00,621.41,621.65,621.41,621.64,17971.0
2025-07-08 11:15:00+00:00,621.6,621.9,621.5,621.64,7231.0
2025-07-08 11:20:00+00:00,621.64,621.79,621.64,621.75,10668.0
2025-07-08 11:25:00+00:00,621.76,621.8,621.71,621.75,7652.0
2025-07-08 11:30:00+00:00,621.72,621.72,621.72,621.72,222.0
2025-07-08 11:35:00+00:00,621.63,621.7,621.63,621.65,26823.0
2025-07-08 11:40:00+00:00,621.67,621.97,621.65,621.82,18050.0
2025-07-08 11:45:00+00:00,621.8,621.8,621.6,621.6,11535.0
2025-07-08 11:50:00+00:00,621.68,621.9,621.56,621.59,22483.0
2025-07-08 11:55:00+00:00,621.6,621.6,621.44,621.499,5315.0
2025-07-08 12:00:00+00:00,621.42,622.0,620.85,621.2,74925.0
2025-07-08 12:05:00+00:00,621.2,621.3988,621.2,621.29,17209.0
2025-07-08 12:10:00+00:00,621.29,621.46,621.199,621.46,9031.0
2025-07-08 12:15:00+00:00,621.4401,621.59,621.44,621.57,5705.0
2025-07-08 12:20:00+00:00,621.58,621.6,621.4304,621.47,16947.0
2025-07-08 12:25:00+00:00,621.52,621.53,621.41,621.45,7827.0
2025-07-08 12:30:00+00:00,621.4411,621.4411,621.08,621.16,24995.0
2025-07-08 12:35:00+00:00,621.15,621.24,620.98,621.0301,6987.0
2025-07-08 12:40:00+00:00,621.03,621.14,620.95,621.03,12460.0
2025-07-08 12:45:00+00:00,621.09,621.25,621.07,621.07,17455.0
2025-07-08 12:50:00+00:00,621.07,621.2,621.0,621.2,14782.0
2025-07-08 12:55:00+00:00,621.2,621.47,621.2,621.46,16060.0
2025-07-08 13:00:00+00:00,621.49,621.59,621.43,621.56,7705.0
2025-07-08 13:05:00+00:00,621.55,621.66,621.54,621.5999,27273.0
2025-07-08 13:10:00+00:00,621.56,621.62,621.48,621.54,21847.0
2025-07-08 13:15:00+00:00,621.51,621.51,621.33,621.35,10652.0
2025-07-08 13:20:00+00:00,621.35,621.49,621.27,621.48,28044.0
2025-07-08 13:25:00+00:00,621.46,621.5,621.24,621.32,32896.0
2025-07-08 13:30:00+00:00,621.35,621.47,620.61,620.61,1244641.0
2025-07-08 13:35:00+00:00,620.62,620.95,620.55,620.68,724989.0
2025-07-08 13:40:00+00:00,620.665,621.29,620.58,621.085,812301.0
2025-07-08 13:45:00+00:00,621.08,621.665,621.025,621.38,865638.0
2025-07-08 13:50:00+00:00,621.37,621.52,621.08,621.34,771072.0
2025-07-08 13:55:00+00:00,621.33,621.415,620.66,620.66,695981.0
2025-07-08 14:00:00+00:00,620.68,620.93,620.23,620.53,801272.0
2025-07-08 14:05:00+00:00,620.54,620.55,619.92,620.2,933536.0
2025-07-08 14:10:00+00:00,620.21,620.5,620.025,620.32,530806.0
2025-07-08 14:15:00+00:00,620.32,620.675,620.2,620.28,521245.0
2025-07-08 14:20:00+00:00,620.29,620.47,619.725,619.74,585140.0
2025-07-08 14:25:00+00:00,619.73,620.0998,619.642,620.01,581960.0
2025-07-08 14:30:00+00:00,620.025,621.16,620.01,621.15,964621.0
2025-07-08 14:35:00+00:00,621.15,621.4876,620.99,621.34,868976.0
2025-07-08 14:40:00+00:00,621.345,621.495,620.83,621.07,671124.0
2025-07-08 14:45:00+00:00,621.08,621.09,620.17,620.57,1370801.0
2025-07-08 14:50:00+00:00,620.54,620.8,619.65,619.93,991046.0
2025-07-08 14:55:00+00:00,619.93,620.43,619.52,620.43,722096.0
2025-07-08 15:00:00+00:00,620.43,620.725,620.23,620.55,557156.0
2025-07-08 15:05:00+00:00,620.51,620.96,620.5,620.8512,632651.0
2025-07-08 15:10:00+00:00,620.86,621.1001,620.681,620.74,615234.0
2025-07-08 15:15:00+00:00,620.7548,620.89,620.45,620.49,507511.0
2025-07-08 15:20:00+00:00,620.5,620.625,619.8902,619.94,623525.0
2025-07-08 15:25:00+00:00,619.95,620.29,619.72,619.964,520386.0
2025-07-08 15:30:00+00:00,619.98,620.375,619.98,620.26,518165.0
2025-07-08 15:35:00+00:00,620.23,620.61,620.18,620.57,411713.0
2025-07-08 15:40:00+00:00,620.5601,620.6465,620.43,620.55,437291.0
2025-07-08 15:45:00+00:00,620.55,620.97,620.535,620.93,616461.0
2025-07-08 15:50:00+00:00,620.9186,621.11,620.84,620.97,461677.0
2025-07-08 15:55:00+00:00,620.96,621.22,620.87,621.065,681500.0
2025-07-08 16:00:00+00:00,621.0612,621.21,620.96,620.975,459681.0
2025-07-08 16:05:00+00:00,620.96,620.98,620.52,620.625,609849.0
2025-07-08 16:10:00+00:00,620.6299,621.01,620.59,620.93,847910.0
2025-07-08 16:15:00+00:00,620.95,621.17,620.8,621.06,328149.0
2025-07-08 16:20:00+00:00,621.06,621.61,621.0,621.6,843687.0
2025-07-08 16:25:00+00:00,621.6,622.11,621.6,621.875,916207.0
2025-07-08 16:30:00+00:00,621.89,622.05,621.17,621.35,1686607.0
2025-07-08 16:35:00+00:00,621.34,621.45,620.4,621.19,1169843.0
2025-07-08 16:40:00+00:00,621.21,621.42,620.92,621.245,457168.0
2025-07-08 16:45:00+00:00,621.235,621.34,620.99,621.145,327188.0
2025-07-08 16:50:00+00:00,621.14,621.265,620.9,621.17,303464.0
2025-07-08 16:55:00+00:00,621.15,621.27,620.72,620.7999,824033.0
2025-07-08 17:00:00+00:00,620.79,620.9499,620.53,620.745,361196.0
2025-07-08 17:05:00+00:00,620.71,620.75,620.32,620.3799,642733.0
2025-07-08 17:10:00+00:00,620.36,620.8499,620.29,620.6901,567703.0
2025-07-08 17:15:00+00:00,620.678,620.725,619.84,620.28,754077.0
2025-07-08 17:20:00+00:00,620.3,620.68,619.97,620.64,831792.0
2025-07-08 17:25:00+00:00,620.64,620.88,620.51,620.835,770715.0
2025-07-08 17:30:00+00:00,620.83,621.12,620.23,620.3,604230.0
2025-07-08 17:35:00+00:00,620.28,620.52,620.26,620.39,770975.0
2025-07-08 17:40:00+00:00,620.4,620.5152,620.2,620.4,403026.0
2025-07-08 17:45:00+00:00,620.42,620.67,620.3548,620.53,278550.0
2025-07-08 17:50:00+00:00,620.54,621.205,620.405,621.11,404614.0
2025-07-08 17:55:00+00:00,621.12,621.31,621.0,621.17,397302.0
2025-07-08 18:00:00+00:00,621.15,621.17,620.89,621.03,507112.0
2025-07-08 18:05:00+00:00,621.03,621.1987,620.96,621.1,484089.0
2025-07-08 18:10:00+00:00,621.12,621.3022,621.08,621.14,375145.0
2025-07-08 18:15:00+00:00,621.15,621.25,621.08,621.1201,317789.0
2025-07-08 18:20:00+00:00,621.13,621.17,620.7,620.91,469984.0
2025-07-08 18:25:00+00:00,620.91,620.94,620.61,620.65,401324.0
2025-07-08 18:30:00+00:00,620.66,620.7199,620.32,620.545,664132.0
2025-07-08 18:35:00+00:00,620.53,620.89,620.46,620.8887,400338.0
2025-07-08 18:40:00+00:00,620.88,620.925,620.39,620.4,558018.0
2025-07-08 18:45:00+00:00,620.39,620.6,620.3,620.54,398434.0
2025-07-08 18:50:00+00:00,620.54,620.68,620.425,620.61,274592.0
2025-07-08 18:55:00+00:00,620.61,620.725,620.47,620.52,349070.0
2025-07-08 19:00:00+00:00,620.52,620.64,620.39,620.5076,403475.0
2025-07-08 19:05:00+00:00,620.5,620.615,620.31,620.35,751522.0
2025-07-08 19:10:00+00:00,620.35,620.41,620.09,620.285,509146.0
2025-07-08 19:15:00+00:00,620.28,620.405,620.18,620.38,514086.0
2025-07-08 19:20:00+00:00,620.38,620.555,620.14,620.21,578563.0
2025-07-08 19:25:00+00:00,620.21,620.59,620.16,620.51,718383.0
2025-07-08 19:30:00+00:00,620.51,620.55,620.3401,620.42,616957.0
2025-07-08 19:35:00+00:00,620.42,620.475,620.2,620.23,580396.0
2025-07-08 19:40:00+00:00,620.23,620.335,620.04,620.16,682683.0
2025-07-08 19:45:00+00:00,620.15,620.64,620.11,620.6208,1233843.0
2025-07-08 19:50:00+00:00,620.64,620.81,619.99,620.29,2487097.0
2025-07-08 19:55:00+00:00,620.3,620.58,620.2,620.31,4087167.0
2025-07-08 20:00:00+00:00,620.32,620.62,620.14,620.4999,611216.0
2025-07-08 20:05:00+00:00,620.5,620.65,620.45,620.58,147638.0
2025-07-08 20:10:00+00:00,620.52,620.54,620.22,620.46,567316.0
2025-07-08 20:15:00+00:00,620.34,620.49,620.34,620.44,75974.0
2025-07-08 20:20:00+00:00,620.45,620.5199,620.43,620.5199,23832.0
2025-07-08 20:25:00+00:00,620.54,620.55,620.49,620.49,61301.0
2025-07-08 20:30:00+00:00,620.5,620.5,620.37,620.37,63745.0
2025-07-08 20:35:00+00:00,620.39,620.45,620.39,620.4094,12812.0
2025-07-08 20:40:00+00:00,620.4,620.55,620.4,620.52,15557.0
2025-07-08 20:45:00+00:00,620.49,620.49,620.41,620.43,6036.0
2025-07-08 20:50:00+00:00,620.45,620.45,620.39,620.43,5158.0
2025-07-08 20:55:00+00:00,620.4299,620.4299,620.36,620.4,19152.0
2025-07-08 21:00:00+00:00,620.42,620.43,620.42,620.43,1192.0
2025-07-08 21:10:00+00:00,620.35,620.4,620.35,620.39,854.0
2025-07-08 21:20:00+00:00,620.3405,620.45,620.3405,620.36,1547.0
2025-07-08 21:25:00+00:00,620.4,620.4,620.3,620.34,3099.0
2025-07-08 21:30:00+00:00,620.32,620.39,620.32,620.39,1316.0
2025-07-08 21:35:00+00:00,620.4,620.44,620.38,620.44,3037.0
2025-07-08 21:40:00+00:00,620.4,620.4,620.3,620.37,2072.0
2025-07-08 21:45:00+00:00,620.35,620.35,620.35,620.35,2146.0
2025-07-08 21:50:00+00:00,620.4,620.4,620.4,620.4,1364.0
2025-07-08 21:55:00+00:00,620.4,620.4,620.38,620.38,3348.0
2025-07-08 22:00:00+00:00,620.41,620.8,620.41,620.8,10886.0
2025-07-08 22:05:00+00:00,620.761,620.8,620.6515,620.67,3971.0
2025-07-08 22:10:00+00:00,620.5787,620.58,620.46,620.4601,3117.0
2025-07-08 22:15:00+00:00,620.55,620.5794,620.55,620.5794,2251.0
2025-07-08 22:20:00+00:00,620.5,620.5,620.4999,620.4999,537.0
2025-07-08 22:25:00+00:00,620.5781,620.5781,620.5781,620.5781,1754.0
2025-07-08 22:30:00+00:00,620.36,620.5,620.36,620.48,1961.0
2025-07-08 22:35:00+00:00,620.4,620.4,620.4,620.4,652.0
2025-07-08 22:45:00+00:00,620.4201,620.52,620.4201,620.47,5443.0
2025-07-08 22:50:00+00:00,620.54,620.5999,620.52,620.5999,2581.0
2025-07-08 22:55:00+00:00,620.5699,620.5699,620.5412,620.5412,348.0
2025-07-08 23:00:00+00:00,620.6,620.64,620.6,620.62,1256.0
2025-07-08 23:05:00+00:00,620.57,620.74,620.57,620.71,888.0
2025-07-08 23:10:00+00:00,620.73,620.73,620.73,620.73,344.0
2025-07-08 23:15:00+00:00,620.78,620.83,620.78,620.83,1018.0
2025-07-08 23:20:00+00:00,620.72,620.74,620.2603,620.41,26040.0
2025-07-08 23:25:00+00:00,620.45,620.53,620.44,620.47,7073.0
2025-07-08 23:30:00+00:00,620.4,620.4,620.32,620.38,3988.0
2025-07-08 23:35:00+00:00,620.29,620.35,620.28,620.35,2328.0
2025-07-08 23:40:00+00:00,620.34,620.5,620.33,620.5,29274.0
2025-07-08 23:45:00+00:00,620.5,620.5,620.37,620.37,6754.0
2025-07-08 23:50:00+00:00,620.42,620.42,620.36,620.36,2401.0
2025-07-08 23:55:00+00:00,620.3201,620.37,620.2601,620.2601,15883.0
2025-07-09 08:00:00+00:00,620.47,620.47,620.35,620.41,12274.0
2025-07-09 08:05:00+00:00,620.68,620.68,620.55,620.55,1554.0
2025-07-09 08:10:00+00:00,620.48,620.49,620.48,620.49,795.0
2025-07-09 08:15:00+00:00,620.59,620.62,620.57,620.57,1500.0
2025-07-09 08:20:00+00:00,620.47,620.47,620.4,620.4,337.0
2025-07-09 08:25:00+00:00,620.42,620.59,620.38,620.59,2416.0
2025-07-09 08:30:00+00:00,620.62,620.71,620.62,620.69,350.0
2025-07-09 08:35:00+00:00,620.67,620.67,620.66,620.66,382.0
2025-07-09 08:40:00+00:00,620.6,620.64,620.57,620.64,1267.0
2025-07-09 08:45:00+00:00,620.45,620.45,620.45,620.45,147.0
2025-07-09 08:50:00+00:00,620.53,620.53,620.53,620.53,335.0
2025-07-09 09:00:00+00:00,620.54,620.54,620.54,620.54,372.0
2025-07-09 09:05:00+00:00,620.6,620.6,620.6,620.6,413.0
2025-07-09 09:10:00+00:00,620.68,621.05,620.68,621.05,5186.0
2025-07-09 09:15:00+00:00,621.07,621.5,621.05,621.29,19435.0
2025-07-09 09:20:00+00:00,621.29,621.5,621.29,621.5,13377.0
2025-07-09 09:25:00+00:00,621.37,621.56,621.34,621.55,5356.0
2025-07-09 09:30:00+00:00,621.5,621.57,621.39,621.49,2629.0
2025-07-09 09:35:00+00:00,621.4,621.44,621.37,621.44,1282.0
2025-07-09 09:40:00+00:00,621.52,621.6,621.52,621.6,584.0
2025-07-09 09:45:00+00:00,621.58,621.6,621.38,621.38,2673.0
2025-07-09 09:50:00+00:00,621.37,621.37,621.37,621.37,344.0
2025-07-09 09:55:00+00:00,621.35,621.35,621.28,621.31,2726.0
2025-07-09 10:00:00+00:00,621.29,621.29,621.29,621.29,170.0
2025-07-09 10:05:00+00:00,621.15,621.16,621.15,621.16,415.0
2025-07-09 10:15:00+00:00,621.4,621.46,621.37,621.37,2084.0
2025-07-09 10:20:00+00:00,621.26,621.41,621.26,621.36,2083.0
2025-07-09 10:30:00+00:00,621.28,621.49,621.28,621.47,2498.0
2025-07-09 10:35:00+00:00,621.47,621.67,621.42,621.42,7359.0
2025-07-09 10:40:00+00:00,621.42,621.42,621.31,621.34,8428.0
2025-07-09 10:45:00+00:00,621.34,621.34,621.32,621.32,980.0
2025-07-09 10:50:00+00:00,621.39,621.39,621.21,621.3,8224.0
2025-07-09 10:55:00+00:00,621.25,621.41,621.25,621.25,7166.0
2025-07-09 11:00:00+00:00,621.39,621.42,621.25,621.25,2819.0
2025-07-09 11:05:00+00:00,621.35,621.37,621.33,621.33,1371.0
2025-07-09 11:10:00+00:00,621.33,621.57,621.33,621.56,7052.0
2025-07-09 11:15:00+00:00,621.59,621.6,621.44,621.45,2148.0
2025-07-09 11:20:00+00:00,621.53,621.8,621.5,621.7,19909.0
2025-07-09 11:25:00+00:00,621.7,621.7,621.63,621.64,1585.0
2025-07-09 11:30:00+00:00,621.7,622.0,621.7,621.799,32127.0
2025-07-09 11:35:00+00:00,621.86,621.9,621.7,621.76,19204.0
2025-07-09 11:40:00+00:00,621.75,621.75,621.6,621.7,3175.0
2025-07-09 11:45:00+00:00,621.59,621.93,621.58,621.93,5308.0
2025-07-09 11:50:00+00:00,621.93,621.93,621.75,621.84,15690.0
2025-07-09 11:55:00+00:00,621.75,621.75,621.63,621.73,12326.0
2025-07-09 12:00:00+00:00,621.53,621.95,619.49,621.57,60356.0
2025-07-09 12:05:00+00:00,621.55,621.771,621.51,621.77,11148.0
2025-07-09 12:10:00+00:00,621.78,621.99,621.77,621.929,19074.0
2025-07-09 12:15:00+00:00,621.87,622.0,621.8,621.89,21500.0
2025-07-09 12:20:00+00:00,621.87,622.08,621.82,621.95,9688.0
2025-07-09 12:25:00+00:00,621.98,621.98,621.82,621.9699,12724.0
2025-07-09 12:30:00+00:00,622.0,622.0,621.83,621.89,17057.0
2025-07-09 12:35:00+00:00,621.8601,621.92,621.8601,621.9,3871.0
2025-07-09 12:40:00+00:00,621.87,622.05,621.87,622.04,6629.0
2025-07-09 12:45:00+00:00,622.05,622.29,622.03,622.24,25500.0
2025-07-09 12:50:00+00:00,622.23,622.25,621.99,622.01,53419.0
2025-07-09 12:55:00+00:00,621.97,622.0,621.74,621.9,28377.0
2025-07-09 13:00:00+00:00,621.96,622.15,621.81,622.11,9169.0
2025-07-09 13:05:00+00:00,622.14,622.25,622.11,622.23,11753.0
2025-07-09 13:10:00+00:00,622.23,622.44,622.23,622.4204,49362.0
2025-07-09 13:15:00+00:00,622.43,622.4398,622.3,622.41,15118.0
2025-07-09 13:20:00+00:00,622.42,622.49,622.38,622.49,18333.0
2025-07-09 13:25:00+00:00,622.45,622.81,622.39,622.76,76100.0
2025-07-09 13:30:00+00:00,622.77,623.6,622.65,623.52,1557564.0
2025-07-09 13:35:00+00:00,623.54,623.875,623.385,623.83,1003477.0
2025-07-09 13:40:00+00:00,623.83,624.19,623.71,624.06,1018301.0
2025-07-09 13:45:00+00:00,624.06,624.55,624.06,624.54,1226527.0
2025-07-09 13:50:00+00:00,624.53,624.72,624.34,624.44,1044723.0
2025-07-09 13:55:00+00:00,624.43,624.47,624.11,624.245,858687.0
2025-07-09 14:00:00+00:00,624.23,624.54,624.02,624.03,763546.0
2025-07-09 14:05:00+00:00,624.0293,624.35,623.865,624.2099,670083.0
2025-07-09 14:10:00+00:00,624.2099,624.41,623.97,624.2,588837.0
2025-07-09 14:15:00+00:00,624.19,624.28,623.965,623.98,665787.0
2025-07-09 14:20:00+00:00,623.98,624.12,623.89,623.95,511689.0
2025-07-09 14:25:00+00:00,623.95,624.0751,623.15,623.37,888969.0
2025-07-09 14:30:00+00:00,623.38,623.38,622.22,622.5599,1983332.0
2025-07-09 14:35:00+00:00,622.56,622.7001,621.85,622.57,1247882.0
2025-07-09 14:40:00+00:00,622.58,622.64,621.91,622.05,931619.0
2025-07-09 14:45:00+00:00,622.06,622.51,621.71,621.93,1182165.0
2025-07-09 14:50:00+00:00,621.93,621.93,621.33,621.54,1115231.0
2025-07-09 14:55:00+00:00,621.56,621.62,621.07,621.44,993028.0
2025-07-09 15:00:00+00:00,621.44,622.0099,621.2,621.94,1138454.0
2025-07-09 15:05:00+00:00,621.94,622.0099,621.4,621.6951,710466.0
2025-07-09 15:10:00+00:00,621.68,621.75,621.13,621.3,696608.0
2025-07-09 15:15:00+00:00,621.31,621.45,620.9105,621.3699,853725.0
2025-07-09 15:20:00+00:00,621.38,621.8,621.3799,621.8,628641.0
2025-07-09 15:25:00+00:00,621.79,622.32,621.78,622.105,757587.0
2025-07-09 15:30:00+00:00,622.1,622.27,621.89,622.12,575245.0
2025-07-09 15:35:00+00:00,622.12,622.22,621.31,622.06,1257267.0
2025-07-09 15:40:00+00:00,622.06,622.365,622.01,622.32,790678.0
2025-07-09 15:45:00+00:00,622.33,622.54,622.26,622.3099,549576.0
2025-07-09 15:50:00+00:00,622.31,622.355,621.72,621.775,599257.0
2025-07-09 15:55:00+00:00,621.765,622.185,621.68,621.93,405269.0
2025-07-09 16:00:00+00:00,621.93,622.41,621.87,622.2055,464370.0
2025-07-09 16:05:00+00:00,622.2,622.295,621.95,622.105,382983.0
2025-07-09 16:10:00+00:00,622.08,622.19,621.55,621.9,586988.0
2025-07-09 16:15:00+00:00,621.9,622.185,621.85,622.12,431353.0
2025-07-09 16:20:00+00:00,622.13,622.16,621.61,621.75,476283.0
2025-07-09 16:25:00+00:00,621.75,621.94,621.635,621.79,324246.0
2025-07-09 16:30:00+00:00,621.8,622.09,621.8,621.95,298333.0
2025-07-09 16:35:00+00:00,621.93,622.14,621.78,621.7801,367607.0
2025-07-09 16:40:00+00:00,621.782,622.065,621.73,621.995,347671.0
2025-07-09 16:45:00+00:00,622.0,622.24,621.93,622.17,339982.0
2025-07-09 16:50:00+00:00,622.165,622.35,622.08,622.345,843943.0
2025-07-09 16:55:00+00:00,622.339,622.3677,622.02,622.02,270879.0
2025-07-09 17:00:00+00:00,622.01,622.13,621.62,621.9,370694.0
2025-07-09 17:05:00+00:00,621.9,622.45,621.87,622.255,492947.0
2025-07-09 17:10:00+00:00,622.25,622.34,622.075,622.13,404596.0
2025-07-09 17:15:00+00:00,622.125,622.59,622.04,622.52,505974.0
2025-07-09 17:20:00+00:00,622.5287,622.627,622.36,622.58,586832.0
2025-07-09 17:25:00+00:00,622.59,622.675,622.13,622.322,495878.0
2025-07-09 17:30:00+00:00,622.32,622.42,622.06,622.21,450699.0
2025-07-09 17:35:00+00:00,622.25,622.53,622.24,622.53,292633.0
2025-07-09 17:40:00+00:00,622.53,622.62,622.28,622.36,339793.0
2025-07-09 17:45:00+00:00,622.35,622.58,622.09,622.51,566676.0
2025-07-09 17:50:00+00:00,622.508,622.79,622.2,622.43,851785.0
2025-07-09 17:55:00+00:00,622.42,622.59,622.2349,622.465,502100.0
2025-07-09 18:00:00+00:00,622.45,622.84,622.3931,622.805,700483.0
2025-07-09 18:05:00+00:00,622.81,623.309,622.78,623.01,948766.0
2025-07-09 18:10:00+00:00,623.015,623.28,622.9248,623.115,639790.0
2025-07-09 18:15:00+00:00,623.12,623.17,622.79,622.99,563396.0
2025-07-09 18:20:00+00:00,622.97,623.13,622.73,623.01,405364.0
2025-07-09 18:25:00+00:00,623.01,623.09,622.7901,622.85,403122.0
2025-07-09 18:30:00+00:00,622.86,623.11,622.85,622.94,528804.0
2025-07-09 18:35:00+00:00,622.95,623.2,622.905,623.11,605128.0
2025-07-09 18:40:00+00:00,623.11,623.13,622.82,622.97,459040.0
2025-07-09 18:45:00+00:00,622.95,623.09,622.92,623.02,488610.0
2025-07-09 18:50:00+00:00,623.03,623.34,622.96,623.2501,479090.0
2025-07-09 18:55:00+00:00,623.26,623.57,623.23,623.4,613294.0
2025-07-09 19:00:00+00:00,623.405,623.54,623.34,623.435,501337.0
2025-07-09 19:05:00+00:00,623.44,623.45,623.15,623.16,591780.0
2025-07-09 19:10:00+00:00,623.17,623.299,623.1,623.18,592221.0
2025-07-09 19:15:00+00:00,623.19,623.47,623.17,623.47,813704.0
2025-07-09 19:20:00+00:00,623.48,623.77,623.46,623.58,1307022.0
2025-07-09 19:25:00+00:00,623.575,623.71,623.53,623.6,723459.0
2025-07-09 19:30:00+00:00,623.59,623.65,623.41,623.615,1040869.0
2025-07-09 19:35:00+00:00,623.62,623.81,623.54,623.735,764361.0
2025-07-09 19:40:00+00:00,623.74,623.76,623.53,623.725,895003.0
2025-07-09 19:45:00+00:00,623.72,623.88,623.62,623.87,924142.0
2025-07-09 19:50:00+00:00,623.86,624.01,623.52,623.85,1770110.0
2025-07-09 19:55:00+00:00,623.85,624.21,623.82,624.02,3869865.0
2025-07-09 20:00:00+00:00,624.0,624.24,623.91,623.92,640139.0
2025-07-09 20:05:00+00:00,623.92,624.2,623.87,624.01,170458.0
2025-07-09 20:10:00+00:00,624.05,624.4,624.03,624.26,3447354.0
2025-07-09 20:15:00+00:00,624.26,624.27,623.76,623.77,178734.0
2025-07-09 20:20:00+00:00,623.85,623.87,623.57,623.62,77641.0
2025-07-09 20:25:00+00:00,623.6,623.82,623.56,623.7591,61392.0
2025-07-09 20:30:00+00:00,623.69,623.84,623.67,623.8296,46407.0
2025-07-09 20:35:00+00:00,623.82,623.9,623.77,623.88,68321.0
2025-07-09 20:40:00+00:00,623.89,623.96,623.8,623.81,89434.0
2025-07-09 20:45:00+00:00,623.82,625.8642,623.79,623.91,53229.0
2025-07-09 20:50:00+00:00,623.91,623.95,623.88,623.9,26530.0
2025-07-09 20:55:00+00:00,623.89,623.91,623.84,623.91,18170.0
2025-07-09 21:00:00+00:00,623.9,623.9,623.83,623.89,2570.0
2025-07-09 21:05:00+00:00,623.8501,623.93,623.8501,623.93,19030.0
2025-07-09 21:10:00+00:00,623.94,623.97,623.93,623.96,19166.0
2025-07-09 21:15:00+00:00,623.98,623.98,623.95,623.97,17925.0
2025-07-09 21:20:00+00:00,623.98,624.01,623.97,624.0,14965.0
2025-07-09 21:25:00+00:00,624.0,624.01,623.99,624.0,10687.0
2025-07-09 21:30:00+00:00,623.96,623.96,623.95,623.95,549.0
2025-07-09 21:35:00+00:00,623.9606,623.97,623.91,623.92,3785.0
2025-07-09 21:40:00+00:00,623.92,623.92,623.92,623.92,1063.0
2025-07-09 21:45:00+00:00,623.92,623.9508,623.92,623.9508,1897.0
2025-07-09 21:50:00+00:00,624.0,624.02,623.95,624.0,13877.0
2025-07-09 21:55:00+00:00,623.99,623.99,623.99,623.99,467.0
2025-07-09 22:00:00+00:00,623.96,624.01,623.6875,624.01,25857.0
2025-07-09 22:05:00+00:00,623.97,624.2,623.9489,624.19,18514.0
2025-07-09 22:10:00+00:00,624.1,624.3,624.1,624.3,5974.0
2025-07-09 22:15:00+00:00,624.29,624.32,624.26,624.32,2440.0
2025-07-09 22:20:00+00:00,624.37,624.439,624.37,624.439,1783.0
2025-07-09 22:25:00+00:00,624.421,624.46,624.27,624.3,4696.0
2025-07-09 22:30:00+00:00,624.24,624.34,624.24,624.28,4930.0
2025-07-09 22:35:00+00:00,624.27,624.38,624.27,624.3014,14295.0
2025-07-09 22:40:00+00:00,624.33,624.33,624.29,624.3,796.0
2025-07-09 22:45:00+00:00,624.25,624.25,624.181,624.23,3870.0
2025-07-09 22:50:00+00:00,624.28,624.3,624.22,624.25,3272.0
2025-07-09 22:55:00+00:00,624.29,624.29,624.25,624.25,1455.0
2025-07-09 23:00:00+00:00,624.26,624.26,624.2,624.2,1775.0
2025-07-09 23:05:00+00:00,624.17,624.17,624.11,624.14,1597.0
2025-07-09 23:10:00+00:00,624.1,624.1,623.9889,623.9889,4340.0
2025-07-09 23:15:00+00:00,623.9415,624.0099,623.91,623.91,2067.0
2025-07-09 23:20:00+00:00,623.98,623.98,623.98,623.98,289.0
2025-07-09 23:25:00+00:00,623.99,624.0,623.94,623.94,2100.0
2025-07-09 23:30:00+00:00,623.9112,623.9112,623.73,623.75,16638.0
2025-07-09 23:35:00+00:00,623.75,623.75,623.59,623.61,29234.0
2025-07-09 23:40:00+00:00,623.69,623.69,623.61,623.68,3109.0
2025-07-09 23:45:00+00:00,623.68,623.75,623.58,623.58,7102.0
2025-07-09 23:50:00+00:00,623.6591,623.6591,623.599,623.63,2883.0
2025-07-09 23:55:00+00:00,623.6499,623.72,623.62,623.6788,11214.0
2025-07-10 08:00:00+00:00,622.79,623.1,622.73,623.1,18103.0
2025-07-10 08:05:00+00:00,623.16,623.16,623.0,623.03,2829.0
2025-07-10 08:10:00+00:00,623.03,623.1,622.99,623.1,2205.0
2025-07-10 08:15:00+00:00,623.05,623.26,623.05,623.2,7533.0
2025-07-10 08:20:00+00:00,623.29,623.46,623.27,623.46,5051.0
2025-07-10 08:25:00+00:00,623.41,623.41,623.3,623.32,4328.0
2025-07-10 08:30:00+00:00,623.38,623.43,623.16,623.39,43720.0
2025-07-10 08:35:00+00:00,623.48,623.5,623.4,623.4,1509.0
2025-07-10 08:40:00+00:00,623.42,623.53,623.37,623.5,3526.0
2025-07-10 08:45:00+00:00,623.42,623.42,623.25,623.27,2415.0
2025-07-10 08:50:00+00:00,623.28,623.39,623.28,623.35,2615.0
2025-07-10 08:55:00+00:00,623.4,623.41,623.4,623.41,645.0
2025-07-10 09:00:00+00:00,623.43,623.53,623.42,623.51,3248.0
2025-07-10 09:05:00+00:00,623.43,623.54,623.4,623.45,3551.0
2025-07-10 09:10:00+00:00,623.43,623.47,623.43,623.47,379.0
2025-07-10 09:15:00+00:00,623.35,623.35,623.2,623.23,2349.0
2025-07-10 09:20:00+00:00,623.17,623.17,622.93,622.93,6270.0
2025-07-10 09:25:00+00:00,623.0,623.07,622.94,623.06,969.0
2025-07-10 09:30:00+00:00,622.94,623.0,622.92,623.0,3184.0
2025-07-10 09:35:00+00:00,623.05,623.06,622.92,622.92,3535.0
2025-07-10 09:40:00+00:00,623.0,623.0,622.92,622.92,1522.0
2025-07-10 09:45:00+00:00,623.0,623.04,623.0,623.04,2168.0
2025-07-10 09:50:00+00:00,623.03,623.04,623.03,623.04,560.0
2025-07-10 09:55:00+00:00,623.05,623.39,623.05,623.24,5859.0
2025-07-10 10:00:00+00:00,623.29,623.33,623.27,623.33,864.0
2025-07-10 10:05:00+00:00,623.4,623.52,623.4,623.4,1274.0
2025-07-10 10:10:00+00:00,623.29,623.3,623.29,623.3,512.0
2025-07-10 10:15:00+00:00,623.29,623.29,623.25,623.26,1050.0
2025-07-10 10:20:00+00:00,623.19,623.3,623.17,623.29,7439.0
2025-07-10 10:25:00+00:00,623.25,623.31,623.2,623.3,1179.0
2025-07-10 10:30:00+00:00,623.27,623.47,623.27,623.47,2339.0
2025-07-10 10:35:00+00:00,623.48,623.52,623.44,623.44,5825.0
2025-07-10 10:40:00+00:00,623.42,623.5,623.42,623.48,2597.0
2025-07-10 10:45:00+00:00,623.51,623.56,623.47,623.47,9093.0
2025-07-10 10:50:00+00:00,623.47,623.72,623.47,623.72,2570.0
2025-07-10 10:55:00+00:00,623.65,623.75,623.61,623.61,11744.0
2025-07-10 11:00:00+00:00,623.61,623.74,623.5,623.74,9124.0
2025-07-10 11:05:00+00:00,623.76,623.9,623.69,623.69,7529.0
2025-07-10 11:10:00+00:00,623.69,623.89,623.68,623.87,6872.0
2025-07-10 11:15:00+00:00,623.84,623.84,623.76,623.82,10045.0
2025-07-10 11:20:00+00:00,623.82,623.9,623.8,623.9,6535.0
2025-07-10 11:25:00+00:00,623.91,624.11,623.91,624.03,23597.0
2025-07-10 11:30:00+00:00,623.96,624.16,623.96,624.12,5897.0
2025-07-10 11:35:00+00:00,624.11,624.25,624.11,624.24,7421.0
2025-07-10 11:40:00+00:00,624.27,624.38,624.24,624.38,5102.0
2025-07-10 11:45:00+00:00,624.33,624.48,624.22,624.45,11651.0
2025-07-10 11:50:00+00:00,624.46,624.49,624.34,624.35,11180.0
2025-07-10 11:55:00+00:00,624.36,624.41,624.28,624.3,8011.0
2025-07-10 12:00:00+00:00,623.65,624.49,622.31,624.051,92973.0
2025-07-10 12:05:00+00:00,624.07,624.14,623.98,623.98,12788.0
2025-07-10 12:10:00+00:00,624.05,624.18,624.05,624.1794,6719.0
2025-07-10 12:15:00+00:00,624.1506,624.1506,623.89,623.95,14175.0
2025-07-10 12:20:00+00:00,624.03,624.03,623.74,623.75,13504.0
2025-07-10 12:25:00+00:00,623.7,623.9,623.62,623.84,20083.0
2025-07-10 12:30:00+00:00,623.89,624.12,623.73,623.82,95201.0
2025-07-10 12:35:00+00:00,623.84,623.88,623.45,623.59,15916.0
2025-07-10 12:40:00+00:00,623.61,623.72,623.56,623.57,21575.0
2025-07-10 12:45:00+00:00,623.57,623.64,623.45,623.5,25831.0
2025-07-10 12:50:00+00:00,623.5,623.58,623.44,623.53,24954.0
2025-07-10 12:55:00+00:00,623.51,623.66,623.4,623.63,12816.0
2025-07-10 13:00:00+00:00,623.65,623.89,623.62,623.64,24654.0
2025-07-10 13:05:00+00:00,623.61,623.84,623.59,623.79,9469.0
2025-07-10 13:10:00+00:00,623.74,623.74,623.44,623.5683,22304.0
2025-07-10 13:15:00+00:00,623.56,623.8,623.56,623.8,9677.0
2025-07-10 13:20:00+00:00,623.8,623.96,623.8,623.92,25200.0
2025-07-10 13:25:00+00:00,623.87,624.28,623.87,624.23,91383.0
2025-07-10 13:30:00+00:00,624.2,624.4181,623.67,623.83,1345256.0
2025-07-10 13:35:00+00:00,623.84,623.965,623.63,623.75,620800.0
2025-07-10 13:40:00+00:00,623.75,623.885,623.52,623.845,748203.0
2025-07-10 13:45:00+00:00,623.845,624.065,623.45,623.55,1060101.0
2025-07-10 13:50:00+00:00,623.54,623.905,623.28,623.495,1299860.0
2025-07-10 13:55:00+00:00,623.485,623.72,623.12,623.395,1044747.0
2025-07-10 14:00:00+00:00,623.395,623.48,623.01,623.1801,1022641.0
2025-07-10 14:05:00+00:00,623.1949,623.46,623.03,623.45,1043760.0
2025-07-10 14:10:00+00:00,623.445,623.795,623.44,623.73,807642.0
2025-07-10 14:15:00+00:00,623.74,624.26,623.735,624.11,770671.0
2025-07-10 14:20:00+00:00,624.12,624.18,623.71,623.74,915455.0
2025-07-10 14:25:00+00:00,623.75,623.75,623.31,623.7348,903976.0
2025-07-10 14:30:00+00:00,623.77,624.18,623.7448,624.035,679327.0
2025-07-10 14:35:00+00:00,624.04,624.47,623.97,624.38,607189.0
2025-07-10 14:40:00+00:00,624.375,624.865,624.3,624.82,1050841.0
2025-07-10 14:45:00+00:00,624.82,624.98,624.58,624.825,588087.0
2025-07-10 14:50:00+00:00,624.8,625.1,624.8,624.96,683859.0
2025-07-10 14:55:00+00:00,624.97,625.0351,624.6848,624.865,437008.0
2025-07-10 15:00:00+00:00,624.86,625.1867,624.83,625.165,895618.0
2025-07-10 15:05:00+00:00,625.16,625.32,625.12,625.205,632379.0
2025-07-10 15:10:00+00:00,625.21,625.255,624.89,625.09,1303245.0
2025-07-10 15:15:00+00:00,625.1,625.41,625.09,625.22,510479.0
2025-07-10 15:20:00+00:00,625.22,625.28,624.985,625.275,464881.0
2025-07-10 15:25:00+00:00,625.27,625.575,625.22,625.52,683074.0
2025-07-10 15:30:00+00:00,625.52,625.69,625.37,625.43,454562.0
2025-07-10 15:35:00+00:00,625.43,625.64,625.4048,625.59,537856.0
2025-07-10 15:40:00+00:00,625.58,625.76,625.45,625.73,367720.0
2025-07-10 15:45:00+00:00,625.74,625.785,625.5901,625.65,448159.0
2025-07-10 15:50:00+00:00,625.6751,625.73,625.54,625.6493,286233.0
2025-07-10 15:55:00+00:00,625.64,625.73,625.54,625.7,306204.0
2025-07-10 16:00:00+00:00,625.7,625.775,625.48,625.64,447545.0
2025-07-10 16:05:00+00:00,625.635,625.7,625.45,625.47,330759.0
2025-07-10 16:10:00+00:00,625.47,625.51,625.11,625.22,658464.0
2025-07-10 16:15:00+00:00,625.22,625.31,625.025,625.24,508400.0
2025-07-10 16:20:00+00:00,625.2352,625.43,625.0699,625.41,505373.0
2025-07-10 16:25:00+00:00,625.41,625.6199,625.385,625.57,374932.0
2025-07-10 16:30:00+00:00,625.57,625.71,625.42,625.45,400867.0
2025-07-10 16:35:00+00:00,625.46,625.575,625.24,625.575,357576.0
2025-07-10 16:40:00+00:00,625.57,625.78,625.54,625.68,378508.0
2025-07-10 16:45:00+00:00,625.69,625.7,625.45,625.49,275853.0
2025-07-10 16:50:00+00:00,625.4848,625.6689,625.4848,625.61,257331.0
2025-07-10 16:55:00+00:00,625.6,625.71,625.52,625.54,467131.0
2025-07-10 17:00:00+00:00,625.54,625.9,625.53,625.8,366564.0
2025-07-10 17:05:00+00:00,625.8,625.97,625.78,625.865,306606.0
2025-07-10 17:10:00+00:00,625.84,626.1,625.84,625.92,427378.0
2025-07-10 17:15:00+00:00,625.9298,626.0699,625.79,626.0699,469963.0
2025-07-10 17:20:00+00:00,626.07,626.21,625.95,626.1599,455048.0
2025-07-10 17:25:00+00:00,626.15,626.23,626.085,626.1,422403.0
2025-07-10 17:30:00+00:00,626.09,626.4,626.08,626.375,572250.0
2025-07-10 17:35:00+00:00,626.37,626.45,626.26,626.295,551191.0
2025-07-10 17:40:00+00:00,626.295,626.445,626.26,626.37,448408.0
2025-07-10 17:45:00+00:00,626.38,626.405,626.19,626.325,393531.0
2025-07-10 17:50:00+00:00,626.3287,626.77,626.325,626.73,563528.0
2025-07-10 17:55:00+00:00,626.74,626.7653,626.53,626.585,604781.0
2025-07-10 18:00:00+00:00,626.58,626.71,626.45,626.58,581566.0
2025-07-10 18:05:00+00:00,626.58,626.77,626.565,626.63,435650.0
2025-07-10 18:10:00+00:00,626.6279,626.6999,626.565,626.62,328197.0
2025-07-10 18:15:00+00:00,626.61,626.84,626.58,626.77,356533.0
2025-07-10 18:20:00+00:00,626.775,626.8701,626.69,626.705,535882.0
2025-07-10 18:25:00+00:00,626.7,626.775,626.59,626.59,419467.0
2025-07-10 18:30:00+00:00,626.59,626.67,626.38,626.415,493701.0
2025-07-10 18:35:00+00:00,626.41,626.48,626.335,626.39,420277.0
2025-07-10 18:40:00+00:00,626.39,626.52,626.32,626.34,376881.0
2025-07-10 18:45:00+00:00,626.34,626.46,626.25,626.3107,402757.0
2025-07-10 18:50:00+00:00,626.32,626.3252,626.12,626.22,523678.0
2025-07-10 18:55:00+00:00,626.225,626.3186,626.09,626.26,667770.0
2025-07-10 19:00:00+00:00,626.26,626.43,626.18,626.365,1032985.0
2025-07-10 19:05:00+00:00,626.355,626.48,626.23,626.47,506577.0
2025-07-10 19:10:00+00:00,626.47,626.525,626.36,626.435,472511.0
2025-07-10 19:15:00+00:00,626.44,626.54,626.35,626.4799,521866.0
2025-07-10 19:20:00+00:00,626.47,626.56,626.3215,626.34,674829.0
2025-07-10 19:25:00+00:00,626.33,626.455,626.12,626.205,552638.0
2025-07-10 19:30:00+00:00,626.2,626.44,626.16,626.415,668627.0
2025-07-10 19:35:00+00:00,626.41,626.51,626.34,626.475,544253.0
2025-07-10 19:40:00+00:00,626.475,626.675,626.455,626.495,841573.0
2025-07-10 19:45:00+00:00,626.5,626.505,626.0,626.14,1822944.0
2025-07-10 19:50:00+00:00,626.14,626.14,625.21,625.51,2403804.0
2025-07-10 19:55:00+00:00,625.52,625.97,625.47,625.84,3289740.0
2025-07-10 20:00:00+00:00,625.81,625.9025,625.6099,625.62,626573.0
2025-07-10 20:05:00+00:00,625.64,625.78,625.59,625.6,411662.0
2025-07-10 20:10:00+00:00,625.61,625.61,625.27,625.38,2131789.0
2025-07-10 20:15:00+00:00,625.38,625.56,625.38,625.45,128851.0
2025-07-10 20:20:00+00:00,625.42,625.45,625.4097,625.45,137822.0
2025-07-10 20:25:00+00:00,625.4,625.5,625.37,625.4901,78252.0
2025-07-10 20:30:00+00:00,625.49,625.69,625.49,625.69,55506.0
2025-07-10 20:35:00+00:00,625.73,625.8,625.69,625.79,49824.0
2025-07-10 20:40:00+00:00,625.79,625.87,625.71,625.71,37749.0
2025-07-10 20:45:00+00:00,625.7,625.73,625.58,625.6,11009.0
2025-07-10 20:50:00+00:00,625.59,625.61,625.48,625.49,5644.0
2025-07-10 20:55:00+00:00,625.5,625.52,625.46,625.51,12040.0
2025-07-10 21:00:00+00:00,625.55,625.55,625.55,625.55,532.0
2025-07-10 21:05:00+00:00,625.61,625.649,625.59,625.649,1307.0
2025-07-10 21:10:00+00:00,625.58,625.65,625.58,625.65,7731.0
2025-07-10 21:15:00+00:00,625.66,625.66,625.6,625.63,2404.0
2025-07-10 21:20:00+00:00,625.63,625.64,625.4972,625.64,3385.0
2025-07-10 21:25:00+00:00,625.51,625.52,625.4904,625.52,5876.0
2025-07-10 21:30:00+00:00,625.59,625.64,625.59,625.63,3617.0
2025-07-10 21:35:00+00:00,625.62,625.63,625.55,625.55,2031.0
2025-07-10 21:40:00+00:00,625.54,625.57,625.47,625.48,6079.0
2025-07-10 21:45:00+00:00,625.48,625.57,625.48,625.53,1929.0
2025-07-10 21:50:00+00:00,625.54,625.57,625.47,625.57,5462.0
2025-07-10 21:55:00+00:00,625.55,625.57,625.54,625.55,7303.0
2025-07-10 22:00:00+00:00,625.53,625.8,625.5,625.77,27884.0
2025-07-10 22:05:00+00:00,625.83,625.9,625.77,625.8401,6592.0
2025-07-10 22:10:00+00:00,625.87,625.9994,625.85,625.95,9114.0
2025-07-10 22:15:00+00:00,625.96,626.011,625.9204,626.011,20257.0
2025-07-10 22:20:00+00:00,626.02,626.05,625.89,625.9,17083.0
2025-07-10 22:25:00+00:00,625.96,625.98,625.92,625.98,2734.0
2025-07-10 22:30:00+00:00,625.871,625.93,625.851,625.9,2884.0
2025-07-10 22:35:00+00:00,625.89,625.89,625.78,625.78,1468.0
2025-07-10 22:40:00+00:00,625.8391,625.89,625.8391,625.89,637.0
2025-07-10 22:45:00+00:00,625.92,625.99,625.9192,625.99,1512.0
2025-07-10 22:50:00+00:00,626.02,626.1199,626.0,626.11,2849.0
2025-07-10 22:55:00+00:00,626.13,626.13,626.07,626.13,1144.0
2025-07-10 23:00:00+00:00,626.13,626.24,626.13,626.24,5281.0
2025-07-10 23:05:00+00:00,626.19,626.23,626.15,626.21,2919.0
2025-07-10 23:10:00+00:00,626.25,626.25,626.13,626.15,3089.0
2025-07-10 23:15:00+00:00,626.17,626.18,626.0501,626.0501,3521.0
2025-07-10 23:20:00+00:00,626.06,626.079,626.01,626.079,1017.0
2025-07-10 23:25:00+00:00,626.05,626.05,626.05,626.05,502.0
2025-07-10 23:30:00+00:00,626.1,626.14,626.1,626.1001,2381.0
2025-07-10 23:35:00+00:00,626.11,626.11,626.04,626.04,1420.0
2025-07-10 23:40:00+00:00,626.05,626.05,626.0401,626.0401,752.0
2025-07-10 23:45:00+00:00,626.11,626.13,626.11,626.13,576.0
2025-07-10 23:50:00+00:00,626.22,626.37,626.22,626.31,1581.0
2025-07-10 23:55:00+00:00,626.33,626.33,626.2801,626.31,5460.0
2025-07-11 08:00:00+00:00,622.74,624.7,622.7,622.7,20225.0
2025-07-11 08:05:00+00:00,622.62,622.66,622.36,622.42,14127.0
2025-07-11 08:10:00+00:00,622.49,622.55,622.35,622.37,12742.0
2025-07-11 08:15:00+00:00,622.43,622.5,622.23,622.37,5608.0
2025-07-11 08:20:00+00:00,622.31,622.7,622.21,622.67,8227.0
2025-07-11 08:25:00+00:00,622.76,622.77,622.63,622.69,18688.0
2025-07-11 08:30:00+00:00,622.62,622.63,622.34,622.34,6672.0
2025-07-11 08:35:00+00:00,622.43,622.52,622.43,622.52,1721.0
2025-07-11 08:40:00+00:00,622.51,622.58,622.47,622.53,6177.0
2025-07-11 08:45:00+00:00,622.45,622.9,622.45,622.9,3684.0
2025-07-11 08:50:00+00:00,622.88,622.98,622.81,622.85,5039.0
2025-07-11 08:55:00+00:00,622.77,622.8,622.72,622.77,1045.0
2025-07-11 09:00:00+00:00,622.73,622.99,622.72,622.88,6289.0
2025-07-11 09:05:00+00:00,622.69,622.77,622.63,622.63,6108.0
2025-07-11 09:10:00+00:00,622.65,622.7,622.62,622.68,4511.0
2025-07-11 09:15:00+00:00,622.87,622.87,622.76,622.76,2169.0
2025-07-11 09:20:00+00:00,622.68,622.68,622.38,622.57,7940.0
2025-07-11 09:25:00+00:00,622.47,622.52,622.31,622.32,3668.0
2025-07-11 09:30:00+00:00,622.44,622.44,622.44,622.44,391.0
2025-07-11 09:35:00+00:00,622.51,622.62,622.49,622.62,2120.0
2025-07-11 09:40:00+00:00,622.7,622.7,622.47,622.5,2673.0
2025-07-11 09:45:00+00:00,622.4,622.44,622.36,622.43,2692.0
2025-07-11 09:50:00+00:00,622.38,622.4,622.11,622.11,5806.0
2025-07-11 09:55:00+00:00,622.15,622.22,621.66,621.74,13188.0
2025-07-11 10:00:00+00:00,621.65,621.86,621.4,621.85,20578.0
2025-07-11 10:05:00+00:00,621.79,622.14,621.75,622.06,8232.0
2025-07-11 10:10:00+00:00,622.04,622.27,622.0,622.25,6813.0
2025-07-11 10:15:00+00:00,622.21,622.21,622.02,622.02,8066.0
2025-07-11 10:20:00+00:00,622.05,622.08,621.93,621.99,4609.0
2025-07-11 10:25:00+00:00,622.01,622.07,621.85,621.9,2291.0
2025-07-11 10:30:00+00:00,621.97,622.03,621.9,621.9,2649.0
2025-07-11 10:35:00+00:00,621.87,621.87,621.63,621.67,9021.0
2025-07-11 10:40:00+00:00,621.65,621.85,621.65,621.85,16276.0
2025-07-11 10:45:00+00:00,621.89,622.04,621.87,622.0,18332.0
2025-07-11 10:50:00+00:00,621.88,622.06,621.82,621.82,5684.0
2025-07-11 10:55:00+00:00,621.77,621.84,621.5,621.77,16714.0
2025-07-11 11:00:00+00:00,621.76,622.03,621.71,622.0,28697.0
2025-07-11 11:05:00+00:00,621.98,622.17,621.83,622.17,13475.0
2025-07-11 11:10:00+00:00,622.21,622.28,622.11,622.24,15333.0
2025-07-11 11:15:00+00:00,622.25,622.36,622.19,622.299,12346.0
2025-07-11 11:20:00+00:00,622.29,622.45,622.27,622.36,88874.0
2025-07-11 11:25:00+00:00,622.33,622.67,622.33,622.64,21771.0
2025-07-11 11:30:00+00:00,622.67,622.85,622.65,622.85,30638.0
2025-07-11 11:35:00+00:00,622.86,622.99,622.74,622.9,45985.0
2025-07-11 11:40:00+00:00,622.89,622.89,622.63,622.72,21346.0
2025-07-11 11:45:00+00:00,622.73,622.81,622.61,622.78,22277.0
2025-07-11 11:50:00+00:00,622.75,623.25,622.75,623.11,26349.0
2025-07-11 11:55:00+00:00,623.11,623.19,622.78,622.81,10871.0
2025-07-11 12:00:00+00:00,621.9,624.71,621.49,622.95,138314.0
2025-07-11 12:05:00+00:00,622.95,623.03,622.8,622.8495,39173.0
2025-07-11 12:10:00+00:00,622.81,622.9899,622.81,622.96,12490.0
2025-07-11 12:15:00+00:00,622.91,622.92,622.76,622.83,27236.0
2025-07-11 12:20:00+00:00,622.8,622.81,622.35,622.35,39056.0
2025-07-11 12:25:00+00:00,622.34,622.46,622.17,622.31,31918.0
2025-07-11 12:30:00+00:00,622.34,622.6594,622.17,622.57,43226.0
2025-07-11 12:35:00+00:00,622.61,622.66,621.66375,622.48,34675.0
2025-07-11 12:40:00+00:00,622.45,622.519,622.27,622.39,14953.0
2025-07-11 12:45:00+00:00,622.41,622.7899,622.41,622.75,17964.0
2025-07-11 12:50:00+00:00,622.72,622.81,622.61,622.71,16300.0
2025-07-11 12:55:00+00:00,622.69,622.73,622.59,622.62,21916.0
2025-07-11 13:00:00+00:00,622.6196,622.82,622.4,622.68,56842.0
2025-07-11 13:05:00+00:00,622.68,622.68,622.5,622.51,29051.0
2025-07-11 13:10:00+00:00,622.59,622.7499,622.33,622.51,32528.0
2025-07-11 13:15:00+00:00,622.54,622.55,622.2,622.26,28191.0
2025-07-11 13:20:00+00:00,622.28,622.55,622.21,622.4,60074.0
2025-07-11 13:25:00+00:00,622.47,622.81,622.4,622.74,127889.0
2025-07-11 13:30:00+00:00,622.74,623.52,622.42,622.63,1864806.0
2025-07-11 13:35:00+00:00,622.635,622.67,621.99,622.27,972070.0
2025-07-11 13:40:00+00:00,622.26,622.32,621.69,621.83,852243.0
2025-07-11 13:45:00+00:00,621.82,622.73,621.53,622.63,1217602.0
2025-07-11 13:50:00+00:00,622.61,622.9,622.485,622.62,943046.0
2025-07-11 13:55:00+00:00,622.63,623.318,622.57,623.23,956394.0
2025-07-11 14:00:00+00:00,623.24,623.295,622.98,623.21,645751.0
2025-07-11 14:05:00+00:00,623.22,623.5,623.06,623.125,704127.0
2025-07-11 14:10:00+00:00,623.13,623.67,623.0,623.59,589545.0
2025-07-11 14:15:00+00:00,623.58,623.8,623.4,623.73,492149.0
2025-07-11 14:20:00+00:00,623.73,624.1,623.62,624.07,648152.0
2025-07-11 14:25:00+00:00,624.07,624.26,623.95,624.005,614381.0
2025-07-11 14:30:00+00:00,624.0,624.31,623.86,624.25,591451.0
2025-07-11 14:35:00+00:00,624.25,624.37,624.04,624.075,583743.0
2025-07-11 14:40:00+00:00,624.06,624.06,623.6901,623.9799,739857.0
2025-07-11 14:45:00+00:00,623.9789,623.9789,623.5252,623.79,514153.0
2025-07-11 14:50:00+00:00,623.8,623.96,623.26,623.49,476544.0
2025-07-11 14:55:00+00:00,623.49,623.9151,623.44,623.86,505281.0
2025-07-11 15:00:00+00:00,623.86,623.9,623.6001,623.71,414284.0
2025-07-11 15:05:00+00:00,623.7001,623.765,623.34,623.49,477878.0
2025-07-11 15:10:00+00:00,623.5,623.62,622.83,622.83,884075.0
2025-07-11 15:15:00+00:00,622.83,623.2477,622.71,623.22,766213.0
2025-07-11 15:20:00+00:00,623.22,623.8,623.22,623.345,887339.0
2025-07-11 15:25:00+00:00,623.33,623.46,622.97,623.39,549988.0
2025-07-11 15:30:00+00:00,623.4,623.755,623.35,623.745,607525.0
2025-07-11 15:35:00+00:00,623.71,624.095,623.69,624.08,543225.0
2025-07-11 15:40:00+00:00,624.08,624.64,624.08,624.4097,994734.0
2025-07-11 15:45:00+00:00,624.4099,624.46,623.97,623.99,609815.0
2025-07-11 15:50:00+00:00,624.0,624.0048,623.5,623.78,593344.0
2025-07-11 15:55:00+00:00,623.785,623.815,623.47,623.775,505010.0
2025-07-11 16:00:00+00:00,623.78,624.09,623.41,623.41,646799.0
2025-07-11 16:05:00+00:00,623.41,623.545,623.15,623.37,648489.0
2025-07-11 16:10:00+00:00,623.37,623.45,623.19,623.45,2011105.0
2025-07-11 16:15:00+00:00,623.47,623.91,623.42,623.47,484054.0
2025-07-11 16:20:00+00:00,623.46,623.95,623.45,623.8298,403584.0
2025-07-11 16:25:00+00:00,623.83,623.9952,623.735,623.945,370120.0
2025-07-11 16:30:00+00:00,623.95,624.085,623.62,623.93,356979.0
2025-07-11 16:35:00+00:00,623.95,624.065,623.75,623.975,275268.0
2025-07-11 16:40:00+00:00,623.95,624.06,623.59,623.615,306789.0
2025-07-11 16:45:00+00:00,623.6,623.905,623.56,623.82,413954.0
2025-07-11 16:50:00+00:00,623.83,624.185,623.83,624.17,394488.0
2025-07-11 16:55:00+00:00,624.18,624.425,624.17,624.3458,645021.0
2025-07-11 17:00:00+00:00,624.35,624.45,624.12,624.3799,609310.0
2025-07-11 17:05:00+00:00,624.377046,624.58,624.26,624.4501,449430.0
2025-07-11 17:10:00+00:00,624.45,624.49,624.3,624.39,397920.0
2025-07-11 17:15:00+00:00,624.39,624.525,624.26,624.5177,490358.0
2025-07-11 17:20:00+00:00,624.515,624.58,624.27,624.285,340702.0
2025-07-11 17:25:00+00:00,624.28,624.5799,624.22,624.45,455810.0
2025-07-11 17:30:00+00:00,624.45,624.58,624.28,624.42,334569.0
2025-07-11 17:35:00+00:00,624.43,624.49,623.82,623.94,704340.0
2025-07-11 17:40:00+00:00,623.94,624.1599,623.75,623.95,638689.0
2025-07-11 17:45:00+00:00,623.96,624.195,623.9191,624.17,629563.0
2025-07-11 17:50:00+00:00,624.16,624.39,624.09,624.3452,344318.0
2025-07-11 17:55:00+00:00,624.34,624.56,624.34,624.5,482953.0
2025-07-11 18:00:00+00:00,624.49,624.7,624.325,624.415,683878.0
2025-07-11 18:05:00+00:00,624.415,624.64,624.3223,624.41,433645.0
2025-07-11 18:10:00+00:00,624.41,624.615,624.21,624.44,391091.0
2025-07-11 18:15:00+00:00,624.43,624.51,624.26,624.295,328384.0
2025-07-11 18:20:00+00:00,624.29,624.465,624.21,624.375,475643.0
2025-07-11 18:25:00+00:00,624.37,624.52,624.1,624.265,696170.0
2025-07-11 18:30:00+00:00,624.265,624.565,624.17,624.495,419398.0
2025-07-11 18:35:00+00:00,624.52,624.78,624.52,624.59,697381.0
2025-07-11 18:40:00+00:00,624.59,624.82,624.59,624.82,405467.0
2025-07-11 18:45:00+00:00,624.81,624.86,624.62,624.695,638999.0
2025-07-11 18:50:00+00:00,624.7,624.79,624.46,624.55,470971.0
2025-07-11 18:55:00+00:00,624.53,624.58,624.21,624.36,714756.0
2025-07-11 19:00:00+00:00,624.35,624.35,623.59,623.865,1257440.0
2025-07-11 19:05:00+00:00,623.86,624.1,623.13,624.07,1850407.0
2025-07-11 19:10:00+00:00,624.08,624.18,623.73,624.13,868092.0
2025-07-11 19:15:00+00:00,624.13,624.37,624.04,624.285,662569.0
2025-07-11 19:20:00+00:00,624.29,624.51,624.28,624.495,573287.0
2025-07-11 19:25:00+00:00,624.49,624.72,624.43,624.445,1068844.0
2025-07-11 19:30:00+00:00,624.45,624.54,624.225,624.47,823560.0
2025-07-11 19:35:00+00:00,624.47,624.58,624.36,624.45,906435.0
2025-07-11 19:40:00+00:00,624.45,624.5499,624.14,624.21,1394671.0
2025-07-11 19:45:00+00:00,624.2,624.4701,624.05,624.45,1246521.0
2025-07-11 19:50:00+00:00,624.44,624.46,623.665,623.875,1952921.0
2025-07-11 19:55:00+00:00,623.8634,624.13,623.47,623.61,3979265.0
2025-07-11 20:00:00+00:00,623.6,623.65,623.31,623.61,1262912.0
2025-07-11 20:05:00+00:00,623.6,623.64,623.46,623.47,1049764.0
2025-07-11 20:10:00+00:00,623.47,623.53,623.32,623.35,776457.0
2025-07-11 20:15:00+00:00,623.35,623.35,623.09,623.09,101259.0
2025-07-11 20:20:00+00:00,623.0799,623.1295,623.0,623.0999,301376.0
2025-07-11 20:25:00+00:00,623.09,623.2,623.01,623.1399,59715.0
2025-07-11 20:30:00+00:00,623.13,623.41,623.12,623.35,41305.0
2025-07-11 20:35:00+00:00,623.34,623.36,623.02,623.1,104238.0
2025-07-11 20:40:00+00:00,623.07,623.18,623.04,623.11,41326.0
2025-07-11 20:45:00+00:00,623.14,623.39,623.0895,623.19,27715.0
2025-07-11 20:50:00+00:00,623.19,623.3197,623.17,623.3197,8298.0
2025-07-11 20:55:00+00:00,623.25,623.31,623.01,623.03,8842.0
2025-07-11 21:00:00+00:00,623.18,623.18,623.18,623.18,438.0
2025-07-11 21:05:00+00:00,623.17,623.17,623.02,623.1,13681.0
2025-07-11 21:15:00+00:00,623.1,623.1308,623.0,623.1308,16006.0
2025-07-11 21:20:00+00:00,623.07,623.08,623.0,623.0,12464.0
2025-07-11 21:25:00+00:00,623.08,623.08,623.04,623.04,803.0
2025-07-11 21:30:00+00:00,623.09,623.13,623.09,623.13,3022.0
2025-07-11 21:35:00+00:00,623.1,623.14,623.1,623.14,2496.0
2025-07-11 21:40:00+00:00,623.2,623.24,623.1035,623.24,4424.0
2025-07-11 21:45:00+00:00,623.18,623.23,623.18,623.23,907.0
2025-07-11 21:50:00+00:00,623.22,623.22,623.14,623.14,1218.0
2025-07-11 22:00:00+00:00,623.1146,623.1146,623.1146,623.1146,119.0
2025-07-11 22:05:00+00:00,623.2999,623.2999,623.1,623.17,6098.0
2025-07-11 22:10:00+00:00,623.1899,623.19,623.1022,623.1022,470.0
2025-07-11 22:15:00+00:00,623.19,623.26,623.19,623.26,1278.0
2025-07-11 22:20:00+00:00,623.3,623.3,623.21,623.21,408.0
2025-07-11 22:25:00+00:00,623.1613,623.2,623.15,623.15,2233.0
2025-07-11 22:30:00+00:00,623.18,623.2,623.18,623.19,3245.0
2025-07-11 22:35:00+00:00,623.18,623.18,623.1058,623.17,9459.0
2025-07-11 22:40:00+00:00,623.14,623.2,623.1001,623.1001,2223.0
2025-07-11 22:45:00+00:00,623.13,623.13,623.13,623.13,313.0
2025-07-11 22:50:00+00:00,623.1143,623.2,623.1143,623.2,719.0
2025-07-11 22:55:00+00:00,623.1999,623.2,623.1999,623.2,391.0
2025-07-11 23:05:00+00:00,623.125,623.17,623.125,623.17,754.0
2025-07-11 23:15:00+00:00,623.15,623.15,623.1496,623.1496,563.0
2025-07-11 23:20:00+00:00,623.13,623.13,623.12,623.12,790.0
2025-07-11 23:25:00+00:00,623.11,623.11,623.1,623.1099,1266.0
2025-07-11 23:30:00+00:00,623.16,623.16,623.04,623.04,3658.0
2025-07-11 23:35:00+00:00,623.04,623.04,623.02,623.02,1093.0
2025-07-11 23:40:00+00:00,623.0015,623.03,623.0015,623.01,2893.0
2025-07-11 23:45:00+00:00,623.0,623.11,623.0,623.11,1280.0
2025-07-11 23:50:00+00:00,623.11,623.17,623.11,623.16,2660.0
2025-07-11 23:55:00+00:00,623.19,623.19,622.9501,623.04,7030.0
2025-07-14 08:00:00+00:00,621.42,621.42,621.14,621.25,13436.0
2025-07-14 08:05:00+00:00,621.35,621.35,621.14,621.29,9243.0
2025-07-14 08:10:00+00:00,621.23,621.33,621.17,621.33,6751.0
2025-07-14 08:15:00+00:00,621.31,621.37,621.28,621.34,3754.0
2025-07-14 08:20:00+00:00,621.26,621.33,621.22,621.22,14008.0
2025-07-14 08:25:00+00:00,621.17,621.22,621.1,621.12,2810.0
2025-07-14 08:30:00+00:00,621.12,621.24,621.12,621.22,3687.0
2025-07-14 08:35:00+00:00,621.22,621.25,621.2,621.25,1476.0
2025-07-14 08:40:00+00:00,621.18,621.36,621.18,621.3,4603.0
2025-07-14 08:45:00+00:00,621.42,621.56,621.4,621.56,3747.0
2025-07-14 08:50:00+00:00,621.59,621.79,621.59,621.77,4134.0
2025-07-14 08:55:00+00:00,621.91,621.91,621.61,621.66,3042.0
2025-07-14 09:00:00+00:00,621.65,621.66,621.65,621.66,1453.0
2025-07-14 09:05:00+00:00,621.64,621.72,621.63,621.72,4503.0
2025-07-14 09:10:00+00:00,621.72,621.82,621.71,621.81,2366.0
2025-07-14 09:15:00+00:00,621.85,621.85,621.67,621.67,1625.0
2025-07-14 09:20:00+00:00,621.85,622.08,621.85,622.08,6746.0
2025-07-14 09:25:00+00:00,621.99,622.0,621.85,621.93,3899.0
2025-07-14 09:30:00+00:00,621.96,621.98,621.86,621.86,13785.0
2025-07-14 09:35:00+00:00,621.94,621.96,621.91,621.95,3373.0
2025-07-14 09:40:00+00:00,622.01,622.09,622.01,622.03,4697.0
2025-07-14 09:45:00+00:00,622.03,622.09,622.03,622.05,5337.0
2025-07-14 09:50:00+00:00,622.04,622.04,622.04,622.04,539.0
2025-07-14 09:55:00+00:00,622.03,622.09,622.03,622.08,1595.0
2025-07-14 10:00:00+00:00,622.05,622.1,622.05,622.08,2133.0
2025-07-14 10:05:00+00:00,621.83,621.83,621.8,621.8,5419.0
2025-07-14 10:10:00+00:00,621.83,621.88,621.74,621.88,24594.0
2025-07-14 10:15:00+00:00,621.95,621.95,621.95,621.95,252.0
2025-07-14 10:20:00+00:00,621.78,621.85,621.78,621.85,1422.0
2025-07-14 10:25:00+00:00,621.84,621.88,621.75,621.75,3608.0
2025-07-14 10:30:00+00:00,621.82,621.82,621.69,621.69,1800.0
2025-07-14 10:35:00+00:00,621.67,621.73,621.63,621.73,4686.0
2025-07-14 10:40:00+00:00,621.78,621.93,621.78,621.93,2584.0
2025-07-14 10:45:00+00:00,621.79,621.79,621.65,621.66,4360.0
2025-07-14 10:50:00+00:00,621.73,621.84,621.63,621.84,5505.0
2025-07-14 10:55:00+00:00,621.81,621.86,621.69,621.69,18510.0
2025-07-14 11:00:00+00:00,621.74,621.92,621.65,621.86,26711.0
2025-07-14 11:05:00+00:00,621.85,621.99,621.52,621.68,22179.0
2025-07-14 11:10:00+00:00,621.99,622.1,621.99,622.03,24058.0
2025-07-14 11:15:00+00:00,622.03,622.04,621.56,621.59,8455.0
2025-07-14 11:20:00+00:00,621.6,621.6,621.47,621.5,13393.0
2025-07-14 11:25:00+00:00,621.7,621.7,621.51,621.53,1019.0
2025-07-14 11:30:00+00:00,621.55,621.72,621.55,621.65,7468.0
2025-07-14 11:35:00+00:00,621.72,621.81,621.7,621.81,3059.0
2025-07-14 11:40:00+00:00,621.82,622.23,621.81,622.23,26456.0
2025-07-14 11:45:00+00:00,622.22,622.31,621.95,622.17,29142.0
2025-07-14 11:50:00+00:00,622.08,622.22,622.08,622.09,12890.0
2025-07-14 11:55:00+00:00,622.09,622.12,621.88,621.88,17995.0
2025-07-14 12:00:00+00:00,621.86,622.2997,620.0,622.0,77139.0
2025-07-14 12:05:00+00:00,621.94,621.96,621.83,621.92,14518.0
2025-07-14 12:10:00+00:00,621.95,622.1,621.9,622.0416,19216.0
2025-07-14 12:15:00+00:00,622.02,622.0997,621.9809,622.05,9875.0
2025-07-14 12:20:00+00:00,622.01,622.2,622.0,622.13,21839.0
2025-07-14 12:25:00+00:00,622.18,622.31,622.18,622.31,30866.0
2025-07-14 12:30:00+00:00,622.29,622.29,621.94,621.96,17169.0
2025-07-14 12:35:00+00:00,622.0,622.3,621.9807,622.3,90367.0
2025-07-14 12:40:00+00:00,622.2,622.2998,622.1,622.2199,30360.0
2025-07-14 12:45:00+00:00,622.17,622.24,622.14,622.15,7073.0
2025-07-14 12:50:00+00:00,622.17,622.21,622.11,622.16,11909.0
2025-07-14 12:55:00+00:00,622.17,622.17,621.84,622.0,26899.0
2025-07-14 13:00:00+00:00,622.02,622.03,621.78,621.79,26423.0
2025-07-14 13:05:00+00:00,621.77,621.96,621.77,621.86,18243.0
2025-07-14 13:10:00+00:00,621.93,622.15,621.8507,622.11,21803.0
2025-07-14 13:15:00+00:00,622.14,622.17,621.9901,622.0,26652.0
2025-07-14 13:20:00+00:00,622.03,622.6,622.0299,622.59,73065.0
2025-07-14 13:25:00+00:00,622.59,623.21,622.55,623.2,98538.0
2025-07-14 13:30:00+00:00,623.16,623.35,622.69,622.78,1493916.0
2025-07-14 13:35:00+00:00,622.77,623.18,622.53,623.02,939165.0
2025-07-14 13:40:00+00:00,623.03,623.12,621.7999,621.94,1266686.0
2025-07-14 13:45:00+00:00,621.93,623.22,621.8,623.17,1366144.0
2025-07-14 13:50:00+00:00,623.17,623.46,622.895,623.2085,903250.0
2025-07-14 13:55:00+00:00,623.2,623.215,622.52,622.67,816159.0
2025-07-14 14:00:00+00:00,622.67,622.845,622.35,622.84,722171.0
2025-07-14 14:05:00+00:00,622.84,623.03,622.541,622.88,487532.0
2025-07-14 14:10:00+00:00,622.86,622.98,622.26,622.94,680551.0
2025-07-14 14:15:00+00:00,622.94,623.44,622.94,623.2564,653841.0
2025-07-14 14:20:00+00:00,623.27,623.71,623.17,623.53,1003685.0
2025-07-14 14:25:00+00:00,623.53,623.56,622.58,622.6915,767097.0
2025-07-14 14:30:00+00:00,622.68,622.89,622.37,622.59,938315.0
2025-07-14 14:35:00+00:00,622.59,623.03,622.48,622.89,657854.0
2025-07-14 14:40:00+00:00,622.89,623.09,622.81,622.98,571328.0
2025-07-14 14:45:00+00:00,622.96,623.18,622.67,622.73,543169.0
2025-07-14 14:50:00+00:00,622.7207,623.19,622.66,623.125,440579.0
2025-07-14 14:55:00+00:00,623.1147,623.52,623.09,623.48,559511.0
2025-07-14 15:00:00+00:00,623.47,623.8,623.31,623.435,940257.0
2025-07-14 15:05:00+00:00,623.43,623.65,623.2801,623.57,613912.0
2025-07-14 15:10:00+00:00,623.6,623.76,623.53,623.66,542975.0
2025-07-14 15:15:00+00:00,623.65,623.77,623.42,623.6,437155.0
2025-07-14 15:20:00+00:00,623.6,623.74,623.48,623.712,569732.0
2025-07-14 15:25:00+00:00,623.71,624.14,623.65,624.13,601311.0
2025-07-14 15:30:00+00:00,624.13,624.21,623.94,623.99,694429.0
2025-07-14 15:35:00+00:00,624.0,624.3,623.84,624.23,573738.0
2025-07-14 15:40:00+00:00,624.22,624.39,624.15,624.17,521879.0
2025-07-14 15:45:00+00:00,624.17,624.1701,623.945,624.02,459136.0
2025-07-14 15:50:00+00:00,624.01,624.11,623.9,623.965,320661.0
2025-07-14 15:55:00+00:00,623.97,624.0,623.77,623.95,665754.0
2025-07-14 16:00:00+00:00,623.94,624.15,623.83,624.05,349782.0
2025-07-14 16:05:00+00:00,624.05,624.32,624.03,624.29,392539.0
2025-07-14 16:10:00+00:00,624.29,624.3171,623.81,624.05,361391.0
2025-07-14 16:15:00+00:00,624.04,624.07,623.81,623.95,336899.0
2025-07-14 16:20:00+00:00,623.94,624.11,623.88,623.945,252197.0
2025-07-14 16:25:00+00:00,623.935,624.04,623.84,623.885,227774.0
2025-07-14 16:30:00+00:00,623.87,623.9352,623.63,623.73,373909.0
2025-07-14 16:35:00+00:00,623.72,623.86,623.71,623.75,255123.0
2025-07-14 16:40:00+00:00,623.74,624.1499,623.695,623.97,436061.0
2025-07-14 16:45:00+00:00,623.96,624.255,623.94,624.25,380624.0
2025-07-14 16:50:00+00:00,624.26,624.42,624.2,624.39,426419.0
2025-07-14 16:55:00+00:00,624.385,624.48,624.27,624.28,422165.0
2025-07-14 17:00:00+00:00,624.285,624.63,624.28,624.61,469559.0
2025-07-14 17:05:00+00:00,624.61,624.65,624.43,624.515,394535.0
2025-07-14 17:10:00+00:00,624.5265,624.7089,624.455,624.7089,333230.0
2025-07-14 17:15:00+00:00,624.7,624.97,624.62,624.855,516433.0
2025-07-14 17:20:00+00:00,624.85,624.89,624.64,624.72,396292.0
2025-07-14 17:25:00+00:00,624.73,624.765,624.6,624.7,408756.0
2025-07-14 17:30:00+00:00,624.71,624.9,624.66,624.82,359740.0
2025-07-14 17:35:00+00:00,624.82,624.98,624.715,624.825,323050.0
2025-07-14 17:40:00+00:00,624.82,624.84,624.63,624.7,319595.0
2025-07-14 17:45:00+00:00,624.7,624.735,624.425,624.69,528540.0
2025-07-14 17:50:00+00:00,624.6899,624.89,624.66,624.875,295647.0
2025-07-14 17:55:00+00:00,624.87,624.89,624.66,624.68,354253.0
2025-07-14 18:00:00+00:00,624.68,624.81,624.595,624.79,435127.0
2025-07-14 18:05:00+00:00,624.79,624.92,624.745,624.87,331823.0
2025-07-14 18:10:00+00:00,624.87,624.9,624.69,624.76,273684.0
2025-07-14 18:15:00+00:00,624.77,624.8052,624.68,624.72,247832.0
2025-07-14 18:20:00+00:00,624.72,624.9183,624.69,624.8231,399119.0
2025-07-14 18:25:00+00:00,624.84,625.0,624.795,624.95,300290.0
2025-07-14 18:30:00+00:00,624.96,625.14,624.93,625.1015,417238.0
2025-07-14 18:35:00+00:00,625.09,625.1581,624.95,624.98,586301.0
2025-07-14 18:40:00+00:00,624.98,625.07,624.91,625.05,370589.0
2025-07-14 18:45:00+00:00,625.06,625.1,624.95,624.98,223768.0
2025-07-14 18:50:00+00:00,624.98,625.0977,624.95,625.02,226428.0
2025-07-14 18:55:00+00:00,625.02,625.09,624.91,624.94,425205.0
2025-07-14 19:00:00+00:00,624.94,625.12,624.94,625.01,549560.0
2025-07-14 19:05:00+00:00,625.03,625.03,624.765,624.7752,385049.0
2025-07-14 19:10:00+00:00,624.78,624.9301,624.75,624.91,523432.0
2025-07-14 19:15:00+00:00,624.91,624.91,624.77,624.795,528532.0
2025-07-14 19:20:00+00:00,624.7951,624.83,624.46,624.61,774622.0
2025-07-14 19:25:00+00:00,624.6,624.94,624.58,624.73,1107785.0
2025-07-14 19:30:00+00:00,624.73,624.73,624.52,624.535,527142.0
2025-07-14 19:35:00+00:00,624.53,624.695,624.49,624.58,539396.0
2025-07-14 19:40:00+00:00,624.58,624.68,624.43,624.44,559710.0
2025-07-14 19:45:00+00:00,624.44,624.81,624.3,624.75,1016954.0
2025-07-14 19:50:00+00:00,624.75,624.82,624.43,624.59,1467108.0
2025-07-14 19:55:00+00:00,624.58,624.99,624.49,624.74,3993725.0
2025-07-14 20:00:00+00:00,624.74,624.87,624.52,624.53,402074.0
2025-07-14 20:05:00+00:00,624.54,624.57,624.49,624.53,142424.0
2025-07-14 20:10:00+00:00,624.53,624.6,624.47,624.55,1615778.0
2025-07-14 20:15:00+00:00,624.52,624.56,624.4,624.56,168367.0
2025-07-14 20:20:00+00:00,624.55,624.6,624.5,624.5,205260.0
2025-07-14 20:25:00+00:00,624.52,624.52,624.39,624.39,18329.0
2025-07-14 20:30:00+00:00,624.4,624.5,624.39,624.45,15931.0
2025-07-14 20:35:00+00:00,624.44,624.52,624.44,624.48,61335.0
2025-07-14 20:40:00+00:00,624.47,624.57,624.47,624.57,7970.0
2025-07-14 20:45:00+00:00,624.54,624.6,624.49,624.6,37959.0
2025-07-14 20:50:00+00:00,624.52,624.59,624.49,624.59,1979.0
2025-07-14 20:55:00+00:00,624.57,624.65,624.57,624.6,6261.0
2025-07-14 21:00:00+00:00,624.52,624.55,624.49,624.5,7321.0
2025-07-14 21:05:00+00:00,624.5,624.52,624.49,624.52,1042.0
2025-07-14 21:10:00+00:00,624.49,624.52,624.49,624.51,780.0
2025-07-14 21:15:00+00:00,624.52,624.56,624.52,624.56,296.0
2025-07-14 21:20:00+00:00,624.58,624.65,624.51,624.57,9220.0
2025-07-14 21:25:00+00:00,624.51,624.59,624.51,624.53,760.0
2025-07-14 21:30:00+00:00,624.5726,624.5726,624.49,624.5,6740.0
2025-07-14 21:35:00+00:00,624.51,624.51,624.44,624.51,5026.0
2025-07-14 21:40:00+00:00,624.5,624.68,624.5,624.66,11867.0
2025-07-14 21:45:00+00:00,624.66,624.77,624.54,624.68,20302.0
2025-07-14 21:50:00+00:00,624.69,624.69,624.55,624.55,3234.0
2025-07-14 21:55:00+00:00,624.55,624.68,624.55,624.66,1675.0
2025-07-14 22:00:00+00:00,624.55,624.55,624.2,624.26,13302.0
2025-07-14 22:05:00+00:00,624.24,624.34,624.24,624.24,5015.0
2025-07-14 22:10:00+00:00,624.24,624.33,624.18,624.33,8150.0
2025-07-14 22:15:00+00:00,624.15,624.2,624.13,624.13,4003.0
2025-07-14 22:20:00+00:00,624.06,624.1,624.04,624.09,7815.0
2025-07-14 22:25:00+00:00,624.07,624.07,623.92,623.9887,5632.0
2025-07-14 22:30:00+00:00,624.02,624.02,623.9206,623.96,2178.0
2025-07-14 22:35:00+00:00,623.95,623.99,623.85,623.99,12454.0
2025-07-14 22:40:00+00:00,623.99,623.99,623.979,623.9801,2247.0
2025-07-14 22:45:00+00:00,623.9799,624.06,623.9799,624.06,1115.0
2025-07-14 22:50:00+00:00,624.12,624.14,624.07,624.0899,989.0
2025-07-14 22:55:00+00:00,624.03,624.05,623.91,623.91,4943.0
2025-07-14 23:00:00+00:00,623.93,623.93,623.88,623.92,2882.0
2025-07-14 23:05:00+00:00,623.89,623.89,623.86,623.89,1932.0
2025-07-14 23:10:00+00:00,623.85,623.8981,623.81,623.8981,21013.0
2025-07-14 23:15:00+00:00,623.86,623.9599,623.86,623.9599,1201.0
2025-07-14 23:20:00+00:00,623.9796,623.98,623.969,623.97,1850.0
2025-07-14 23:25:00+00:00,624.0,624.0,623.96,623.96,4888.0
2025-07-14 23:30:00+00:00,623.96,623.97,623.93,623.95,3634.0
2025-07-14 23:35:00+00:00,623.97,624.06,623.9515,623.9515,1020.0
2025-07-14 23:40:00+00:00,623.9401,623.99,623.9401,623.99,826.0
2025-07-14 23:50:00+00:00,624.0396,624.17,624.0097,624.11,3214.0
2025-07-14 23:55:00+00:00,624.13,624.15,624.07,624.12,3679.0
2025-07-15 08:00:00+00:00,626.65,626.71,626.5,626.67,10201.0
2025-07-15 08:05:00+00:00,626.67,626.71,626.48,626.5,14847.0
2025-07-15 08:10:00+00:00,626.56,626.73,626.56,626.7,3387.0
2025-07-15 08:15:00+00:00,626.62,626.65,626.4,626.46,3636.0
2025-07-15 08:20:00+00:00,626.58,626.84,626.58,626.84,4169.0
2025-07-15 08:25:00+00:00,626.92,626.97,626.92,626.95,4620.0
2025-07-15 08:30:00+00:00,626.9,626.96,626.66,626.73,8655.0
2025-07-15 08:35:00+00:00,626.86,626.91,626.83,626.86,3690.0
2025-07-15 08:40:00+00:00,626.78,626.78,626.72,626.72,950.0
2025-07-15 08:45:00+00:00,626.84,626.84,626.82,626.83,1371.0
2025-07-15 08:50:00+00:00,626.85,626.85,626.78,626.78,1655.0
2025-07-15 08:55:00+00:00,626.69,626.73,626.62,626.62,2205.0
2025-07-15 09:00:00+00:00,626.62,626.73,626.54,626.67,5884.0
2025-07-15 09:05:00+00:00,626.66,626.81,626.66,626.81,1615.0
2025-07-15 09:10:00+00:00,626.82,626.9,626.8,626.84,2693.0
2025-07-15 09:15:00+00:00,626.9,627.0,626.84,626.96,6701.0
2025-07-15 09:20:00+00:00,626.96,626.98,626.93,626.98,2700.0
2025-07-15 09:25:00+00:00,627.02,627.02,626.94,626.94,5400.0
2025-07-15 09:30:00+00:00,626.99,627.06,626.99,627.06,3395.0
2025-07-15 09:35:00+00:00,627.03,627.28,627.03,627.2,33925.0
2025-07-15 09:40:00+00:00,627.22,627.22,627.04,627.05,2587.0
2025-07-15 09:45:00+00:00,627.02,627.07,626.94,627.07,3416.0
2025-07-15 09:50:00+00:00,627.11,627.14,627.1,627.1,1237.0
2025-07-15 09:55:00+00:00,627.1,627.21,627.1,627.21,1798.0
2025-07-15 10:00:00+00:00,627.2,627.4,627.11,627.15,5564.0
2025-07-15 10:05:00+00:00,627.09,627.24,627.03,627.24,2181.0
2025-07-15 10:10:00+00:00,627.22,627.24,627.22,627.22,553.0
2025-07-15 10:15:00+00:00,627.27,627.44,627.26,627.31,5009.0
2025-07-15 10:20:00+00:00,627.43,627.5,627.43,627.5,3855.0
2025-07-15 10:25:00+00:00,627.5,627.52,627.46,627.52,3548.0
2025-07-15 10:30:00+00:00,627.53,627.86,627.53,627.59,19278.0
2025-07-15 10:35:00+00:00,627.55,627.6,627.37,627.4,13495.0
2025-07-15 10:40:00+00:00,627.47,627.5,627.4,627.45,6779.0
2025-07-15 10:45:00+00:00,627.4,627.4,627.0,627.03,23280.0
2025-07-15 10:50:00+00:00,627.01,627.13,627.0,627.12,6048.0
2025-07-15 10:55:00+00:00,627.2,627.21,627.2,627.21,438.0
2025-07-15 11:00:00+00:00,627.2,627.27,625.91,627.21,106126.0
2025-07-15 11:05:00+00:00,627.2,627.9,627.11,627.55,23332.0
2025-07-15 11:10:00+00:00,627.56,627.65,627.45,627.57,13312.0
2025-07-15 11:15:00+00:00,627.57,627.665,627.48,627.63,15679.0
2025-07-15 11:20:00+00:00,627.68,627.69,627.33,627.33,6641.0
2025-07-15 11:25:00+00:00,627.35,627.35,627.21,627.24,23665.0
2025-07-15 11:30:00+00:00,627.18,627.29,627.17,627.28,3016.0
2025-07-15 11:35:00+00:00,627.28,627.39,627.23,627.33,17848.0
2025-07-15 11:40:00+00:00,627.32,627.32,627.13,627.13,2478.0
2025-07-15 11:45:00+00:00,627.08,627.08,626.72,626.96,14655.0
2025-07-15 11:50:00+00:00,626.941,626.95,626.81,626.91,4193.0
2025-07-15 11:55:00+00:00,626.91,627.17,626.91,627.11,33867.0
2025-07-15 12:00:00+00:00,627.2,627.64,625.4,626.93,81250.0
2025-07-15 12:05:00+00:00,626.87,626.87,626.55,626.67,24481.0
2025-07-15 12:10:00+00:00,626.65,626.8,626.6,626.73,17409.0
2025-07-15 12:15:00+00:00,626.75,626.75,626.51,626.5599,81126.0
2025-07-15 12:20:00+00:00,626.5004,626.51,626.22,626.37,50665.0
2025-07-15 12:25:00+00:00,626.37,626.68,626.3,626.4712,87572.0
2025-07-15 12:30:00+00:00,626.85,627.97,626.62,627.51,374602.0
2025-07-15 12:35:00+00:00,627.4,627.55,627.0006,627.09,87660.0
2025-07-15 12:40:00+00:00,627.06,627.25,626.77,626.9,54430.0
2025-07-15 12:45:00+00:00,626.89,627.2088,626.89,627.2088,35552.0
2025-07-15 12:50:00+00:00,627.21,627.39,627.1407,627.28,40291.0
2025-07-15 12:55:00+00:00,627.35,627.55,627.24,627.24,53977.0
2025-07-15 13:00:00+00:00,627.25,627.29,627.0,627.29,24481.0
2025-07-15 13:05:00+00:00,627.34,627.53,627.23,627.44,27011.0
2025-07-15 13:10:00+00:00,627.47,627.4856,627.37,627.43,24430.0
2025-07-15 13:15:00+00:00,627.43,627.47,627.24,627.4475,24998.0
2025-07-15 13:20:00+00:00,627.48,627.87,627.48,627.85,54878.0
2025-07-15 13:25:00+00:00,627.82,627.91,627.53,627.54,106114.0
2025-07-15 13:30:00+00:00,627.52,627.86,626.86,626.9091,1829497.0
2025-07-15 13:35:00+00:00,626.89,627.16,626.49,626.51,1157007.0
2025-07-15 13:40:00+00:00,626.52,626.52,625.88,626.345,1578751.0
2025-07-15 13:45:00+00:00,626.345,626.65,625.81,625.9588,1256897.0
2025-07-15 13:50:00+00:00,625.93,626.42,625.9201,626.12,702550.0
2025-07-15 13:55:00+00:00,626.14,626.31,625.585,625.65,939210.0
2025-07-15 14:00:00+00:00,625.67,625.84,625.26,625.48,1014777.0
2025-07-15 14:05:00+00:00,625.495,625.95,625.38,625.79,760666.0
2025-07-15 14:10:00+00:00,625.78,626.25,625.72,626.21,683872.0
2025-07-15 14:15:00+00:00,626.2,626.3953,625.73,626.1652,613666.0
2025-07-15 14:20:00+00:00,626.16,626.235,625.85,626.01,551147.0
2025-07-15 14:25:00+00:00,626.0,626.02,625.375,625.48,900363.0
2025-07-15 14:30:00+00:00,625.49,625.58,624.82,625.39,1156787.0
2025-07-15 14:35:00+00:00,625.41,625.51,624.845,625.12,889723.0
2025-07-15 14:40:00+00:00,625.12,625.2,624.7,624.915,935995.0
2025-07-15 14:45:00+00:00,624.89,625.39,624.89,625.2,684042.0
2025-07-15 14:50:00+00:00,625.18,625.31,624.07,624.3999,1257387.0
2025-07-15 14:55:00+00:00,624.41,624.41,623.8,623.889,1262095.0
2025-07-15 15:00:00+00:00,623.89,624.45,623.88,624.335,1110137.0
2025-07-15 15:05:00+00:00,624.33,624.87,624.32,624.67,804264.0
2025-07-15 15:10:00+00:00,624.67,624.85,624.24,624.24,708894.0
2025-07-15 15:15:00+00:00,624.25,624.49,624.16,624.37,979250.0
2025-07-15 15:20:00+00:00,624.36,625.045,624.31,625.0,743627.0
2025-07-15 15:25:00+00:00,624.995,625.21,624.87,625.1007,1198098.0
2025-07-15 15:30:00+00:00,625.12,625.215,624.53,624.775,674386.0
2025-07-15 15:35:00+00:00,624.79,624.945,624.55,624.82,630025.0
2025-07-15 15:40:00+00:00,624.81,625.22,624.77,625.03,462746.0
2025-07-15 15:45:00+00:00,625.03,625.39,624.97,625.305,493487.0
2025-07-15 15:50:00+00:00,625.3099,625.32,624.82,624.87,520536.0
2025-07-15 15:55:00+00:00,624.85,624.905,624.51,624.8348,637730.0
2025-07-15 16:00:00+00:00,624.85,624.99,624.67,624.92,422596.0
2025-07-15 16:05:00+00:00,624.92,624.98,624.225,624.24,580041.0
2025-07-15 16:10:00+00:00,624.2399,624.47,624.01,624.325,983317.0
2025-07-15 16:15:00+00:00,624.3284,624.61,624.255,624.39,477428.0
2025-07-15 16:20:00+00:00,624.395,624.68,624.26,624.42,531274.0
2025-07-15 16:25:00+00:00,624.43,624.49,624.14,624.2748,487097.0
2025-07-15 16:30:00+00:00,624.27,624.575,624.22,624.23,517564.0
2025-07-15 16:35:00+00:00,624.23,624.28,623.81,624.06,530086.0
2025-07-15 16:40:00+00:00,624.05,624.27,623.85,624.155,423340.0
2025-07-15 16:45:00+00:00,624.16,624.39,624.155,624.1852,510915.0
2025-07-15 16:50:00+00:00,624.19,624.35,623.86,623.91,517397.0
2025-07-15 16:55:00+00:00,623.9006,624.09,623.01,623.22,1610730.0
2025-07-15 17:00:00+00:00,623.22,623.72,623.16,623.495,855080.0
2025-07-15 17:05:00+00:00,623.49,623.6197,623.24,623.2499,472368.0
2025-07-15 17:10:00+00:00,623.25,623.58,623.25,623.39,558298.0
2025-07-15 17:15:00+00:00,623.39,623.52,622.95,623.48,868935.0
2025-07-15 17:20:00+00:00,623.47,623.83,623.39,623.73,647152.0
2025-07-15 17:25:00+00:00,623.72,623.89,623.5,623.86,618865.0
2025-07-15 17:30:00+00:00,623.85,624.1,623.85,624.08,570333.0
2025-07-15 17:35:00+00:00,624.08,624.39,624.04,624.285,542656.0
2025-07-15 17:40:00+00:00,624.29,624.35,623.91,624.09,519495.0
2025-07-15 17:45:00+00:00,624.1,624.22,624.01,624.04,385271.0
2025-07-15 17:50:00+00:00,624.05,624.415,623.9,624.41,467495.0
2025-07-15 17:55:00+00:00,624.41,624.62,624.345,624.5835,487338.0
2025-07-15 18:00:00+00:00,624.59,624.69,624.29,624.54,799285.0
2025-07-15 18:05:00+00:00,624.54,624.71,624.43,624.689,450554.0
2025-07-15 18:10:00+00:00,624.69,624.82,624.63,624.735,356390.0
2025-07-15 18:15:00+00:00,624.74,624.87,624.56,624.57,442474.0
2025-07-15 18:20:00+00:00,624.57,624.825,624.57,624.76,537670.0
2025-07-15 18:25:00+00:00,624.76,624.8,624.53,624.6,599855.0
2025-07-15 18:30:00+00:00,624.6,624.83,624.59,624.735,467869.0
2025-07-15 18:35:00+00:00,624.74,624.74,624.33,624.56,661524.0
2025-07-15 18:40:00+00:00,624.56,624.67,624.31,624.35,522664.0
2025-07-15 18:45:00+00:00,624.35,624.55,624.295,624.4348,516630.0
2025-07-15 18:50:00+00:00,624.43,624.525,623.81,623.98,958483.0
2025-07-15 18:55:00+00:00,623.97,623.99,623.255,623.28,1639061.0
2025-07-15 19:00:00+00:00,623.27,623.7799,623.015,623.6,1321702.0
2025-07-15 19:05:00+00:00,623.57,623.6,623.3033,623.4652,703841.0
2025-07-15 19:10:00+00:00,623.46,623.66,623.38,623.525,763227.0
2025-07-15 19:15:00+00:00,623.52,623.69,623.3,623.66,797663.0
2025-07-15 19:20:00+00:00,623.655,623.775,623.36,623.5,944096.0
2025-07-15 19:25:00+00:00,623.5,623.54,623.16,623.29,794805.0
2025-07-15 19:30:00+00:00,623.31,623.51,623.23,623.235,964391.0
2025-07-15 19:35:00+00:00,623.24,623.46,623.19,623.42,810296.0
2025-07-15 19:40:00+00:00,623.43,623.78,623.4,623.66,999773.0
2025-07-15 19:45:00+00:00,623.65,623.715,623.35,623.65,1175692.0
2025-07-15 19:50:00+00:00,623.65,623.8,622.98,623.09,2342394.0
2025-07-15 19:55:00+00:00,623.08,623.34,622.075,622.12,4888017.0
2025-07-15 20:00:00+00:00,622.09,622.3,621.66,621.73,1111712.0
2025-07-15 20:05:00+00:00,621.7498,622.2944,621.63,621.77,941360.0
2025-07-15 20:10:00+00:00,621.77,621.86,621.47,621.58,1330900.0
2025-07-15 20:15:00+00:00,621.58,621.6,621.27,621.37,926172.0
2025-07-15 20:20:00+00:00,621.39,621.45,621.2,621.3,131400.0
2025-07-15 20:25:00+00:00,621.32,621.47,621.32,621.37,107308.0
2025-07-15 20:30:00+00:00,621.35,621.39,621.11,621.39,69148.0
2025-07-15 20:35:00+00:00,621.37,621.37,621.2,621.36,275593.0
2025-07-15 20:40:00+00:00,621.36,621.4,621.26,621.26,33070.0
2025-07-15 20:45:00+00:00,621.26,621.31,621.18,621.21,39646.0
2025-07-15 20:50:00+00:00,621.22,621.34,621.12,621.34,68141.0
2025-07-15 20:55:00+00:00,621.34,621.4,621.21,621.26,43816.0
2025-07-15 21:00:00+00:00,621.39,621.39,621.33,621.36,11036.0
2025-07-15 21:05:00+00:00,621.37,621.41,621.36,621.37,13701.0
2025-07-15 21:10:00+00:00,621.3899,621.3899,621.35,621.35,5979.0
2025-07-15 21:15:00+00:00,621.3599,621.36,621.34,621.35,2455.0
2025-07-15 21:20:00+00:00,621.34,621.36,621.3,621.34,3266.0
2025-07-15 21:25:00+00:00,621.32,621.36,621.3,621.36,3568.0
2025-07-15 21:30:00+00:00,621.35,621.36,621.34,621.36,8192.0
2025-07-15 21:35:00+00:00,621.36,621.36,621.25,621.25,8830.0
2025-07-15 21:40:00+00:00,621.3296,621.3296,621.21,621.21,13365.0
2025-07-15 21:45:00+00:00,621.29,621.34,621.2401,621.25,7306.0
2025-07-15 21:50:00+00:00,621.25,621.25,621.23,621.24,11049.0
2025-07-15 21:55:00+00:00,621.25,621.3117,621.22,621.22,4212.0
2025-07-15 22:00:00+00:00,621.23,621.55,621.23,621.4411,34689.0
2025-07-15 22:05:00+00:00,621.49,621.5,621.26,621.26,26686.0
2025-07-15 22:10:00+00:00,621.3,621.3,621.01,621.04,14420.0
2025-07-15 22:15:00+00:00,621.04,621.07,620.9,620.91,12201.0
2025-07-15 22:20:00+00:00,621.0,621.04,621.0,621.02,3150.0
2025-07-15 22:25:00+00:00,621.05,621.17,621.04,621.15,11679.0
2025-07-15 22:30:00+00:00,621.05,621.06,620.33,620.49,23535.0
2025-07-15 22:35:00+00:00,620.5386,620.67,620.5,620.57,6803.0
2025-07-15 22:40:00+00:00,620.59,620.66,620.5605,620.65,3401.0
2025-07-15 22:45:00+00:00,620.66,620.84,620.61,620.8,23883.0
2025-07-15 22:50:00+00:00,620.8,620.83,620.6,620.8,18913.0
2025-07-15 22:55:00+00:00,620.81,620.94,620.81,620.88,24064.0
2025-07-15 23:00:00+00:00,620.8607,620.87,620.72,620.8,11239.0
2025-07-15 23:05:00+00:00,620.8,620.93,620.78,620.91,13859.0
2025-07-15 23:10:00+00:00,620.88,621.03,620.86,620.86,7148.0
2025-07-15 23:15:00+00:00,620.9599,620.9599,620.78,620.78,1254.0
2025-07-15 23:20:00+00:00,620.71,620.72,620.4,620.65,5612.0
2025-07-15 23:25:00+00:00,620.71,620.8,620.69,620.69,2425.0
2025-07-15 23:30:00+00:00,620.72,620.9,620.71,620.9,1825.0
2025-07-15 23:35:00+00:00,620.9001,620.99,620.9001,620.97,3316.0
2025-07-15 23:40:00+00:00,620.9601,620.9908,620.9,620.9908,7064.0
2025-07-15 23:45:00+00:00,621.03,621.18,621.03,621.17,14001.0
2025-07-15 23:50:00+00:00,621.15,621.15,620.91,620.91,9759.0
2025-07-15 23:55:00+00:00,620.98,621.07,620.95,621.04,4821.0
2025-07-16 08:00:00+00:00,621.88,621.88,620.89,621.06,19654.0
2025-07-16 08:05:00+00:00,621.02,621.3,620.97,621.19,13433.0
2025-07-16 08:10:00+00:00,621.08,621.25,621.06,621.17,9415.0
2025-07-16 08:15:00+00:00,621.19,621.23,621.09,621.14,5969.0
2025-07-16 08:20:00+00:00,621.25,621.51,621.25,621.37,7754.0
2025-07-16 08:25:00+00:00,621.4,621.4,621.4,621.4,281.0
2025-07-16 08:30:00+00:00,621.4,621.64,621.4,621.43,5526.0
2025-07-16 08:35:00+00:00,621.55,621.67,621.53,621.67,4123.0
2025-07-16 08:40:00+00:00,621.64,622.0,621.62,622.0,5404.0
2025-07-16 08:45:00+00:00,621.91,621.94,621.78,621.78,1921.0
2025-07-16 08:50:00+00:00,621.77,621.77,621.66,621.66,386.0
2025-07-16 08:55:00+00:00,621.74,621.74,621.73,621.73,590.0
2025-07-16 09:00:00+00:00,621.85,621.85,621.67,621.68,2752.0
2025-07-16 09:05:00+00:00,621.53,621.56,621.44,621.56,1425.0
2025-07-16 09:10:00+00:00,621.72,621.72,621.72,621.72,668.0
2025-07-16 09:15:00+00:00,621.71,621.8,621.59,621.62,3689.0
2025-07-16 09:20:00+00:00,621.58,621.6,621.56,621.6,1472.0
2025-07-16 09:25:00+00:00,621.56,621.6,621.49,621.55,2612.0
2025-07-16 09:30:00+00:00,621.38,621.44,621.31,621.43,4393.0
2025-07-16 09:40:00+00:00,621.55,621.55,621.33,621.42,4929.0
2025-07-16 09:45:00+00:00,621.5,621.67,621.5,621.65,3360.0
2025-07-16 09:50:00+00:00,621.62,621.78,621.61,621.78,5029.0
2025-07-16 09:55:00+00:00,621.75,621.75,621.69,621.75,1056.0
2025-07-16 10:00:00+00:00,621.71,621.75,621.71,621.71,818.0
2025-07-16 10:05:00+00:00,621.69,621.8,621.68,621.8,665.0
2025-07-16 10:15:00+00:00,621.67,621.71,621.67,621.7,928.0
2025-07-16 10:20:00+00:00,621.74,621.84,621.74,621.82,1117.0
2025-07-16 10:25:00+00:00,621.87,621.89,621.86,621.86,795.0
2025-07-16 10:30:00+00:00,621.85,622.04,621.8,621.81,8085.0
2025-07-16 10:35:00+00:00,621.75,621.94,621.75,621.92,11148.0
2025-07-16 10:40:00+00:00,621.89,622.0,621.64,621.8,8622.0
2025-07-16 10:45:00+00:00,621.94,622.0,621.94,622.0,4446.0
2025-07-16 10:50:00+00:00,622.04,622.11,621.96,622.05,8019.0
2025-07-16 10:55:00+00:00,622.06,622.15,622.0,622.0,9135.0
2025-07-16 11:00:00+00:00,621.98,622.1,621.92,622.1,12439.0
2025-07-16 11:05:00+00:00,622.14,622.17,621.93,621.93,4237.0
2025-07-16 11:10:00+00:00,621.86,621.87,621.75,621.83,6629.0
2025-07-16 11:15:00+00:00,621.76,621.899,621.76,621.899,2340.0
2025-07-16 11:20:00+00:00,621.89,622.17,621.88,622.17,17219.0
2025-07-16 11:25:00+00:00,622.04,622.2,622.0,622.08,23942.0
2025-07-16 11:30:00+00:00,621.98,621.98,621.7,621.71,6334.0
2025-07-16 11:35:00+00:00,621.82,621.82,621.67,621.67,10719.0
2025-07-16 11:40:00+00:00,621.69,621.77,621.67,621.76,18381.0
2025-07-16 11:45:00+00:00,621.77,622.01,621.73,622.01,13035.0
2025-07-16 11:50:00+00:00,622.04,622.11,622.04,622.08,5853.0
2025-07-16 11:55:00+00:00,622.11,622.22,622.11,622.21,10064.0
2025-07-16 12:00:00+00:00,622.21,622.25,619.8,622.06,110311.0
2025-07-16 12:05:00+00:00,622.16,622.32,622.15,622.32,23362.0
2025-07-16 12:10:00+00:00,622.33,622.55,622.33,622.4501,42191.0
2025-07-16 12:15:00+00:00,622.45,622.65,622.42,622.52,13873.0
2025-07-16 12:20:00+00:00,622.51,622.6,622.4,622.4,11596.0
2025-07-16 12:25:00+00:00,622.38,622.48,622.35,622.48,27945.0
2025-07-16 12:30:00+00:00,622.49,623.42,622.43,623.24,232511.0
2025-07-16 12:35:00+00:00,623.2714,623.84,623.2714,623.68,115451.0
2025-07-16 12:40:00+00:00,623.62,623.6499,623.25,623.55,76157.0
2025-07-16 12:45:00+00:00,623.54,623.86,623.48,623.7497,35990.0
2025-07-16 12:50:00+00:00,623.76,623.93,623.63,623.68,64842.0
2025-07-16 12:55:00+00:00,623.68,623.71,623.5,623.65,44626.0
2025-07-16 13:00:00+00:00,623.65,623.65,623.31,623.46,81539.0
2025-07-16 13:05:00+00:00,623.48,623.61,623.361,623.49,27959.0
2025-07-16 13:10:00+00:00,623.46,623.64,623.41,623.47,27324.0
2025-07-16 13:15:00+00:00,623.47,623.55,623.37,623.5113,43730.0
2025-07-16 13:20:00+00:00,623.46,623.74,623.42,623.68,73529.0
2025-07-16 13:25:00+00:00,623.64,623.81,623.58,623.74,63969.0
2025-07-16 13:30:00+00:00,623.74,624.12,622.91,623.53,1817183.0
2025-07-16 13:35:00+00:00,623.52,623.95,623.35,623.76,1020581.0
2025-07-16 13:40:00+00:00,623.77,623.78,623.01,623.1499,854908.0
2025-07-16 13:45:00+00:00,623.16,623.24,622.64,622.65,987686.0
2025-07-16 13:50:00+00:00,622.66,622.73,622.17,622.2648,1004325.0
2025-07-16 13:55:00+00:00,622.27,622.6399,622.02,622.1101,765748.0
2025-07-16 14:00:00+00:00,622.12,622.47,622.02,622.3142,805911.0
2025-07-16 14:05:00+00:00,622.31,622.51,621.68,622.22,913850.0
2025-07-16 14:10:00+00:00,622.21,622.78,622.18,622.225,750948.0
2025-07-16 14:15:00+00:00,622.24,622.7,622.06,622.66,590068.0
2025-07-16 14:20:00+00:00,622.65,622.86,622.38,622.56,491018.0
2025-07-16 14:25:00+00:00,622.55,622.72,622.2,622.49,532694.0
2025-07-16 14:30:00+00:00,622.49,623.01,622.41,622.65,832393.0
2025-07-16 14:35:00+00:00,622.65,622.66,622.0,622.33,773592.0
2025-07-16 14:40:00+00:00,622.325,622.47,622.01,622.4514,742498.0
2025-07-16 14:45:00+00:00,622.455,622.95,622.45,622.9,383809.0
2025-07-16 14:50:00+00:00,622.89,623.37,621.675,621.94,2279656.0
2025-07-16 14:55:00+00:00,621.9,622.74,621.51,622.17,2851089.0
2025-07-16 15:00:00+00:00,622.17,622.89,622.04,622.65,1095408.0
2025-07-16 15:05:00+00:00,622.66,623.0395,622.51,622.88,626422.0
2025-07-16 15:10:00+00:00,622.91,623.36,622.82,623.315,705279.0
2025-07-16 15:15:00+00:00,623.31,623.34,620.18,620.24,6057929.0
2025-07-16 15:20:00+00:00,620.29,620.7,619.46,619.845,4231690.0
2025-07-16 15:25:00+00:00,619.84,621.57,619.77,621.315,2387337.0
2025-07-16 15:30:00+00:00,621.35,621.41,619.2,619.37,4292509.0
2025-07-16 15:35:00+00:00,619.33,619.38,618.05,618.75,3375239.0
2025-07-16 15:40:00+00:00,618.76,620.63,618.4701,620.405,2662697.0
2025-07-16 15:45:00+00:00,620.415,620.79,620.1,620.55,1875183.0
2025-07-16 15:50:00+00:00,620.56,620.92,619.96,620.74,1425111.0
2025-07-16 15:55:00+00:00,620.755,622.54,620.6501,621.96,3773814.0
2025-07-16 16:00:00+00:00,621.95,622.17,621.45,621.6,1371480.0
2025-07-16 16:05:00+00:00,621.6,622.24,621.53,621.89,1085595.0
2025-07-16 16:10:00+00:00,621.87,621.99,621.235,621.57,961562.0
2025-07-16 16:15:00+00:00,621.57,621.92,621.43,621.63,575686.0
2025-07-16 16:20:00+00:00,621.63,621.63,621.1,621.56,539456.0
2025-07-16 16:25:00+00:00,621.54,621.74,621.04,621.67,625070.0
2025-07-16 16:30:00+00:00,621.675,621.96,621.6,621.85,454708.0
2025-07-16 16:35:00+00:00,621.85,622.27,621.82,622.195,380614.0
2025-07-16 16:40:00+00:00,622.19,622.33,622.01,622.03,420733.0
2025-07-16 16:45:00+00:00,622.03,622.19,621.14,622.09,844137.0
2025-07-16 16:50:00+00:00,622.12,622.92,622.105,622.735,734988.0
2025-07-16 16:55:00+00:00,622.72,623.135,622.705,623.1048,730426.0
2025-07-16 17:00:00+00:00,623.1,623.335,622.91,623.2211,615522.0
2025-07-16 17:05:00+00:00,623.22,623.62,623.165,623.44,590162.0
2025-07-16 17:10:00+00:00,623.44,623.79,623.43,623.56,670694.0
2025-07-16 17:15:00+00:00,623.57,623.64,623.295,623.55,508486.0
2025-07-16 17:20:00+00:00,623.56,623.63,623.175,623.3953,374660.0
2025-07-16 17:25:00+00:00,623.4,623.46,623.04,623.1,368429.0
2025-07-16 17:30:00+00:00,623.1,623.185,622.92,623.015,443598.0
2025-07-16 17:35:00+00:00,623.0189,623.35,623.0,623.24,366960.0
2025-07-16 17:40:00+00:00,623.24,623.27,622.972,623.13,282354.0
2025-07-16 17:45:00+00:00,623.1289,623.375,623.045,623.22,339715.0
2025-07-16 17:50:00+00:00,623.22,623.24,622.94,623.03,352812.0
2025-07-16 17:55:00+00:00,623.05,623.25,623.03,623.0857,231232.0
2025-07-16 18:00:00+00:00,623.09,623.37,622.92,623.34,413464.0
2025-07-16 18:05:00+00:00,623.34,623.4601,623.08,623.25,455126.0
2025-07-16 18:10:00+00:00,623.25,623.265,622.94,623.169,673436.0
2025-07-16 18:15:00+00:00,623.165,623.345,622.95,622.95,369796.0
2025-07-16 18:20:00+00:00,622.94,623.305,622.72,623.2,504066.0
2025-07-16 18:25:00+00:00,623.195,623.445,623.14,623.35,327786.0
2025-07-16 18:30:00+00:00,623.345,623.635,623.345,623.59,501234.0
2025-07-16 18:35:00+00:00,623.58,623.8348,623.5652,623.745,442746.0
2025-07-16 18:40:00+00:00,623.73,623.94,623.64,623.84,438780.0
2025-07-16 18:45:00+00:00,623.83,623.87,623.6,623.76,494173.0
2025-07-16 18:50:00+00:00,623.75,623.885,623.7,623.8701,327341.0
2025-07-16 18:55:00+00:00,623.87,624.3599,623.83,624.3489,1073532.0
2025-07-16 19:00:00+00:00,624.34,624.52,624.07,624.0799,750327.0
2025-07-16 19:05:00+00:00,624.07,624.25,623.96,624.2,423212.0
2025-07-16 19:10:00+00:00,624.195,624.2499,623.97,624.065,361468.0
2025-07-16 19:15:00+00:00,624.06,624.08,623.825,623.99,1104017.0
2025-07-16 19:20:00+00:00,623.98,624.09,623.845,623.96,396244.0
2025-07-16 19:25:00+00:00,623.95,624.21,623.94,624.1401,822296.0
2025-07-16 19:30:00+00:00,624.14,624.14,623.885,623.97,534074.0
2025-07-16 19:35:00+00:00,623.97,624.48,623.9,624.425,839114.0
2025-07-16 19:40:00+00:00,624.42,624.73,624.37,624.56,1074534.0
2025-07-16 19:45:00+00:00,624.55,624.7,624.325,624.69,978972.0
2025-07-16 19:50:00+00:00,624.67,624.7,624.095,624.24,1596006.0
2025-07-16 19:55:00+00:00,624.25,624.49,624.065,624.18,3108596.0
2025-07-16 20:00:00+00:00,624.17,624.23,623.82,623.94,441699.0
2025-07-16 20:05:00+00:00,623.93,623.94,623.8,623.82,600432.0
2025-07-16 20:10:00+00:00,623.83,624.02,623.76,623.99,1869966.0
2025-07-16 20:15:00+00:00,624.0,624.22,623.78,623.78,102374.0
2025-07-16 20:20:00+00:00,623.76,623.78,623.6895,623.72,46310.0
2025-07-16 20:25:00+00:00,623.71,623.72,623.63,623.68,22943.0
2025-07-16 20:30:00+00:00,623.67,623.73,623.66,623.72,42901.0
2025-07-16 20:35:00+00:00,623.72,623.89,623.72,623.88,20657.0
2025-07-16 20:40:00+00:00,623.8601,623.88,623.83,623.85,25158.0
2025-07-16 20:45:00+00:00,623.85,623.91,623.82,623.89,70700.0
2025-07-16 20:50:00+00:00,623.82,623.82,623.77,623.7701,24776.0
2025-07-16 20:55:00+00:00,623.8,623.81,623.72,623.81,19232.0
2025-07-16 21:00:00+00:00,623.82,623.98,623.8,623.95,22231.0
2025-07-16 21:05:00+00:00,623.93,623.95,623.84,623.94,2880.0
2025-07-16 21:10:00+00:00,623.86,623.94,623.86,623.9,12369.0
2025-07-16 21:15:00+00:00,623.9,623.96,623.85,623.85,12244.0
2025-07-16 21:20:00+00:00,623.9,623.95,623.85,623.95,3191.0
2025-07-16 21:25:00+00:00,623.95,623.95,623.95,623.95,712.0
2025-07-16 21:30:00+00:00,623.95,624.0,623.95,624.0,7765.0
2025-07-16 21:35:00+00:00,624.0,624.0,623.95,624.0,5408.0
2025-07-16 21:40:00+00:00,624.0,624.0,623.87,623.95,12300.0
2025-07-16 21:45:00+00:00,623.95,623.95,623.95,623.95,1416.0
2025-07-16 21:50:00+00:00,623.9,623.99,623.9,623.92,14264.0
2025-07-16 21:55:00+00:00,623.97,623.97,623.85,623.85,3533.0
2025-07-16 22:00:00+00:00,623.9,623.92,623.6,623.6,36574.0
2025-07-16 22:05:00+00:00,623.6,623.6784,623.57,623.57,9637.0
2025-07-16 22:10:00+00:00,623.6,623.6,623.25,623.45,13618.0
2025-07-16 22:15:00+00:00,623.48,623.58,623.38,623.41,6376.0
2025-07-16 22:20:00+00:00,623.5284,623.609,623.5101,623.54,3538.0
2025-07-16 22:25:00+00:00,623.441,623.4699,623.34,623.369,2149.0
2025-07-16 22:30:00+00:00,623.369,623.42,623.25,623.25,11396.0
2025-07-16 22:35:00+00:00,623.39,623.43,623.29,623.29,18367.0
2025-07-16 22:40:00+00:00,623.2701,623.33,623.22,623.32,13435.0
2025-07-16 22:45:00+00:00,623.2202,623.35,623.22,623.22,19130.0
2025-07-16 22:50:00+00:00,623.18,623.24,623.16,623.1719,18656.0
2025-07-16 22:55:00+00:00,623.1399,623.2295,623.08,623.19,5291.0
2025-07-16 23:00:00+00:00,623.23,623.32,623.2201,623.32,4569.0
2025-07-16 23:05:00+00:00,623.28,623.34,623.26,623.2799,6935.0
2025-07-16 23:10:00+00:00,623.2401,623.2795,623.2399,623.2399,1052.0
2025-07-16 23:15:00+00:00,623.23,623.2398,623.23,623.23,1080.0
2025-07-16 23:20:00+00:00,623.21,623.21,623.12,623.12,3994.0
2025-07-16 23:25:00+00:00,623.12,623.12,623.12,623.12,359.0
2025-07-16 23:30:00+00:00,623.19,623.19,623.08,623.09,6566.0
2025-07-16 23:35:00+00:00,623.17,623.2,623.11,623.13,3018.0
2025-07-16 23:40:00+00:00,623.2,623.33,623.2,623.33,5269.0
2025-07-16 23:45:00+00:00,623.3,623.3,623.26,623.26,2021.0
2025-07-16 23:50:00+00:00,623.25,623.25,623.19,623.2,2571.0
2025-07-16 23:55:00+00:00,623.25,623.25,623.16,623.18,14123.0
2025-07-17 08:00:00+00:00,624.4,624.61,624.32,624.55,5282.0
2025-07-17 08:05:00+00:00,624.47,624.59,624.45,624.55,4657.0
2025-07-17 08:10:00+00:00,624.59,624.64,624.59,624.64,760.0
2025-07-17 08:15:00+00:00,624.58,624.63,624.34,624.34,6561.0
2025-07-17 08:20:00+00:00,624.33,624.41,624.25,624.25,4290.0
2025-07-17 08:25:00+00:00,624.24,624.41,624.24,624.41,3174.0
2025-07-17 08:30:00+00:00,624.45,624.5,624.36,624.39,2999.0
2025-07-17 08:35:00+00:00,624.46,624.55,624.46,624.55,1429.0
2025-07-17 08:40:00+00:00,624.62,624.65,624.54,624.59,3985.0
2025-07-17 08:45:00+00:00,624.59,624.59,624.29,624.45,4207.0
2025-07-17 08:50:00+00:00,624.44,624.65,624.44,624.65,3810.0
2025-07-17 08:55:00+00:00,624.65,624.7,624.65,624.69,2249.0
2025-07-17 09:00:00+00:00,624.59,624.8,624.59,624.8,4829.0
2025-07-17 09:05:00+00:00,624.67,624.86,624.67,624.86,8191.0
2025-07-17 09:10:00+00:00,624.82,624.94,624.82,624.94,993.0
2025-07-17 09:15:00+00:00,624.9,625.01,624.9,625.01,2843.0
2025-07-17 09:20:00+00:00,624.92,624.92,624.82,624.82,3206.0
2025-07-17 09:25:00+00:00,624.88,624.89,624.85,624.85,1825.0
2025-07-17 09:30:00+00:00,624.93,625.02,624.93,625.01,6793.0
2025-07-17 09:35:00+00:00,625.01,625.01,624.96,624.97,2698.0
2025-07-17 09:40:00+00:00,624.86,624.86,624.8,624.8,558.0
2025-07-17 09:45:00+00:00,624.85,624.85,624.83,624.83,848.0
2025-07-17 09:50:00+00:00,624.76,624.76,624.71,624.71,1188.0
2025-07-17 09:55:00+00:00,624.66,624.66,624.64,624.64,631.0
2025-07-17 10:00:00+00:00,624.68,624.68,624.68,624.68,139.0
2025-07-17 10:05:00+00:00,624.7,624.71,624.67,624.67,1566.0
2025-07-17 10:10:00+00:00,624.62,624.72,624.59,624.59,1535.0
2025-07-17 10:15:00+00:00,624.6,624.62,624.57,624.61,3393.0
2025-07-17 10:20:00+00:00,624.53,624.59,624.49,624.51,10687.0
2025-07-17 10:25:00+00:00,624.45,624.59,624.45,624.59,1908.0
2025-07-17 10:35:00+00:00,624.65,624.65,624.65,624.65,1083.0
2025-07-17 10:40:00+00:00,624.73,624.74,624.51,624.56,15179.0
2025-07-17 10:45:00+00:00,624.58,624.67,624.38,624.39,5693.0
2025-07-17 10:50:00+00:00,624.35,624.41,624.32,624.38,7965.0
2025-07-17 10:55:00+00:00,624.36,624.45,624.25,624.3,13559.0
2025-07-17 11:00:00+00:00,624.3,624.31,623.9,623.99,32775.0
2025-07-17 11:05:00+00:00,624.01,624.26,624.01,624.22,6384.0
2025-07-17 11:10:00+00:00,624.11,624.29,624.11,624.25,4480.0
2025-07-17 11:15:00+00:00,624.25,624.25,624.04,624.12,9021.0
2025-07-17 11:20:00+00:00,624.12,624.16,624.12,624.16,1334.0
2025-07-17 11:25:00+00:00,624.25,624.34,624.19,624.22,3905.0
2025-07-17 11:30:00+00:00,624.15,624.15,623.89,623.99,5544.0
2025-07-17 11:35:00+00:00,624.04,624.1,624.03,624.1,2919.0
2025-07-17 11:40:00+00:00,624.08,624.08,623.96,623.96,1235.0
2025-07-17 11:45:00+00:00,624.03,624.03,623.76,623.8,9352.0
2025-07-17 11:50:00+00:00,623.84,623.89,623.8,623.8,4251.0
2025-07-17 11:55:00+00:00,623.84,623.94,623.75,623.87,17925.0
2025-07-17 12:00:00+00:00,624.01,625.0,623.27,624.05,53484.0
2025-07-17 12:05:00+00:00,624.099,624.2,624.09,624.13,13008.0
2025-07-17 12:10:00+00:00,624.1701,624.24,623.96,623.96,16232.0
2025-07-17 12:15:00+00:00,623.95,624.05,623.89,623.98,17638.0
2025-07-17 12:20:00+00:00,623.92,624.03,623.73,624.03,28885.0
2025-07-17 12:25:00+00:00,624.09,624.14,624.03,624.14,16389.0
2025-07-17 12:30:00+00:00,624.24,624.6,623.92,624.1,114037.0
2025-07-17 12:35:00+00:00,624.09,624.64,624.08,624.64,35106.0
2025-07-17 12:40:00+00:00,624.64,624.91,624.58,624.84,33286.0
2025-07-17 12:45:00+00:00,624.87,624.98,624.77,624.97,35614.0
2025-07-17 12:50:00+00:00,624.97,625.41,624.9,625.41,47902.0
2025-07-17 12:55:00+00:00,625.37,625.41,625.17,625.34,59298.0
2025-07-17 13:00:00+00:00,625.34,625.61,625.23,625.45,61463.0
2025-07-17 13:05:00+00:00,625.41,625.6,625.39,625.4411,35749.0
2025-07-17 13:10:00+00:00,625.43,625.45,625.21,625.23,21291.0
2025-07-17 13:15:00+00:00,625.16,625.19,624.84,624.85,39290.0
2025-07-17 13:20:00+00:00,624.83,624.84,624.61,624.62,50594.0
2025-07-17 13:25:00+00:00,624.69,624.78,624.44,624.44,96274.0
2025-07-17 13:30:00+00:00,624.4,624.88,624.18,624.6499,1517855.0
2025-07-17 13:35:00+00:00,624.65,624.92,624.42,624.79,925464.0
2025-07-17 13:40:00+00:00,624.79,625.64,624.67,625.575,1110820.0
2025-07-17 13:45:00+00:00,625.58,625.96,625.43,625.95,859276.0
2025-07-17 13:50:00+00:00,625.96,626.1981,625.8198,626.02,960752.0
2025-07-17 13:55:00+00:00,626.01,626.1,625.62,625.78,703039.0
2025-07-17 14:00:00+00:00,625.79,626.19,625.74,626.13,661831.0
2025-07-17 14:05:00+00:00,626.13,626.22,625.8,626.14,558842.0
2025-07-17 14:10:00+00:00,626.14,626.22,625.78,626.18,488556.0
2025-07-17 14:15:00+00:00,626.15,626.23,625.47,625.47,650835.0
2025-07-17 14:20:00+00:00,625.48,625.6,624.84,625.0999,1197555.0
2025-07-17 14:25:00+00:00,625.08,625.49,624.9451,625.46,796354.0
2025-07-17 14:30:00+00:00,625.46,625.81,625.39,625.7017,665944.0
2025-07-17 14:35:00+00:00,625.71,625.74,625.01,625.22,636216.0
2025-07-17 14:40:00+00:00,625.205,625.545,625.18,625.45,461173.0
2025-07-17 14:45:00+00:00,625.46,625.89,625.3,625.835,778509.0
2025-07-17 14:50:00+00:00,625.84,625.915,625.7,625.86,588584.0
2025-07-17 14:55:00+00:00,625.86,625.92,625.73,625.812,640094.0
2025-07-17 15:00:00+00:00,625.815,626.09,625.79,626.075,630677.0
2025-07-17 15:05:00+00:00,626.075,626.5801,626.04,626.43,1169056.0
2025-07-17 15:10:00+00:00,626.44,626.51,626.255,626.33,607110.0
2025-07-17 15:15:00+00:00,626.335,626.45,626.205,626.36,556957.0
2025-07-17 15:20:00+00:00,626.355,626.65,626.19,626.63,1100068.0
2025-07-17 15:25:00+00:00,626.64,626.72,626.505,626.67,593158.0
2025-07-17 15:30:00+00:00,626.6712,626.775,626.56,626.63,549492.0
2025-07-17 15:35:00+00:00,626.63,626.985,626.58,626.98,879199.0
2025-07-17 15:40:00+00:00,626.97,627.185,626.95,627.035,664744.0
2025-07-17 15:45:00+00:00,627.035,627.12,626.88,626.95,495784.0
2025-07-17 15:50:00+00:00,626.9497,627.16,626.855,627.09,531334.0
2025-07-17 15:55:00+00:00,627.09,627.27,627.055,627.2147,427144.0
2025-07-17 16:00:00+00:00,627.21,627.43,627.105,627.385,471359.0
2025-07-17 16:05:00+00:00,627.38,627.51,627.245,627.435,573027.0
2025-07-17 16:10:00+00:00,627.43,627.5,627.145,627.2115,488499.0
2025-07-17 16:15:00+00:00,627.22,627.225,626.79,626.8299,536896.0
2025-07-17 16:20:00+00:00,626.82,627.18,626.78,627.0931,640612.0
2025-07-17 16:25:00+00:00,627.09,627.1712,626.79,626.85,427582.0
2025-07-17 16:30:00+00:00,626.84,626.92,626.715,626.84,344866.0
2025-07-17 16:35:00+00:00,626.83,626.92,626.555,626.625,605446.0
2025-07-17 16:40:00+00:00,626.63,626.875,626.525,626.79,412672.0
2025-07-17 16:45:00+00:00,626.79,626.835,626.6299,626.7131,972815.0
2025-07-17 16:50:00+00:00,626.7399,626.87,626.61,626.65,343881.0
2025-07-17 16:55:00+00:00,626.67,626.86,626.62,626.83,283192.0
2025-07-17 17:00:00+00:00,626.83,626.975,626.76,626.895,749922.0
2025-07-17 17:05:00+00:00,626.8999,626.8999,626.7248,626.775,377014.0
2025-07-17 17:10:00+00:00,626.78,626.895,626.665,626.8778,735130.0
2025-07-17 17:15:00+00:00,626.87,627.04,626.78,627.03,308096.0
2025-07-17 17:20:00+00:00,627.02,627.0849,626.94,626.97,361299.0
2025-07-17 17:25:00+00:00,626.98,627.098,626.67,627.025,609097.0
2025-07-17 17:30:00+00:00,627.03,627.19,626.98,627.1045,354005.0
2025-07-17 17:35:00+00:00,627.09,627.265,627.045,627.245,569435.0
2025-07-17 17:40:00+00:00,627.24,627.3799,627.23,627.3208,328104.0
2025-07-17 17:45:00+00:00,627.325,627.34,627.19,627.305,400612.0
2025-07-17 17:50:00+00:00,627.3,627.3799,627.23,627.3652,238450.0
2025-07-17 17:55:00+00:00,627.36,627.46,627.34,627.4301,683309.0
2025-07-17 18:00:00+00:00,627.44,627.5,627.34,627.44,1205127.0
2025-07-17 18:05:00+00:00,627.44,627.45,627.28,627.37,447431.0
2025-07-17 18:10:00+00:00,627.375,627.42,627.14,627.16,531038.0
2025-07-17 18:15:00+00:00,627.155,627.51,627.14,627.48,845309.0
2025-07-17 18:20:00+00:00,627.481,627.79,627.435,627.7787,499524.0
2025-07-17 18:25:00+00:00,627.775,627.88,627.67,627.8322,696940.0
2025-07-17 18:30:00+00:00,627.84,627.91,627.675,627.785,625907.0
2025-07-17 18:35:00+00:00,627.78,627.8401,627.645,627.82,511794.0
2025-07-17 18:40:00+00:00,627.83,627.86,627.76,627.83,323312.0
2025-07-17 18:45:00+00:00,627.83,627.99,627.77,627.99,602230.0
2025-07-17 18:50:00+00:00,627.99,628.14,627.87,627.95,653869.0
2025-07-17 18:55:00+00:00,627.95,628.035,627.93,627.965,369127.0
2025-07-17 19:00:00+00:00,627.97,628.4048,627.945,628.28,645203.0
2025-07-17 19:05:00+00:00,628.29,628.305,628.17,628.24,590659.0
2025-07-17 19:10:00+00:00,628.23,628.28,628.1425,628.25,505310.0
2025-07-17 19:15:00+00:00,628.24,628.32,628.065,628.08,1009809.0
2025-07-17 19:20:00+00:00,628.07,628.14,628.01,628.09,742907.0
2025-07-17 19:25:00+00:00,628.09,628.095,627.95,627.98,647867.0
2025-07-17 19:30:00+00:00,627.97,628.27,627.96,628.11,1211454.0
2025-07-17 19:35:00+00:00,628.11,628.21,628.08,628.155,678710.0
2025-07-17 19:40:00+00:00,628.15,628.16,627.8549,627.9,1471023.0
2025-07-17 19:45:00+00:00,627.9,628.275,627.78,628.2181,1373652.0
2025-07-17 19:50:00+00:00,628.21,628.32,627.66,628.015,2999335.0
2025-07-17 19:55:00+00:00,628.03,628.29,627.65,627.98,6888831.0
2025-07-17 20:00:00+00:00,627.98,628.13,627.66,627.7,1015162.0
2025-07-17 20:05:00+00:00,627.72,627.98,627.6144,627.91,1043872.0
2025-07-17 20:10:00+00:00,627.94,628.03,627.86,627.86,3616190.0
2025-07-17 20:15:00+00:00,627.82,628.0,627.81,627.9604,187153.0
2025-07-17 20:20:00+00:00,627.989,628.04,627.939,628.0,38536.0
2025-07-17 20:25:00+00:00,627.99,628.24,627.99,628.15,39389.0
2025-07-17 20:30:00+00:00,628.14,628.22,628.13,628.19,23712.0
2025-07-17 20:35:00+00:00,628.17,628.32,628.1,628.22,71980.0
2025-07-17 20:40:00+00:00,628.21,628.24,628.07,628.1,36353.0
2025-07-17 20:45:00+00:00,628.08,628.14,628.07,628.09,11049.0
2025-07-17 20:50:00+00:00,628.12,628.14,628.03,628.1,12688.0
2025-07-17 20:55:00+00:00,628.05,628.05,627.969,628.0,8144.0
2025-07-17 21:00:00+00:00,628.01,628.02,627.92,627.94,6988.0
2025-07-17 21:05:00+00:00,628.0,628.0,627.92,628.0,6713.0
2025-07-17 21:10:00+00:00,628.01,628.029,627.98,627.98,2427.0
2025-07-17 21:15:00+00:00,628.0,628.03,627.95,627.95,21168.0
2025-07-17 21:20:00+00:00,627.98,628.03,627.96,627.96,2320.0
2025-07-17 21:25:00+00:00,627.94,627.96,627.94,627.96,1957.0
2025-07-17 21:30:00+00:00,627.96,627.97,627.95,627.97,1832.0
2025-07-17 21:35:00+00:00,627.98,627.98,627.96,627.96,920.0
2025-07-17 21:40:00+00:00,627.96,627.96,627.96,627.96,673.0
2025-07-17 21:45:00+00:00,627.96,628.0301,627.96,628.02,6212.0
2025-07-17 21:50:00+00:00,627.96,627.96,627.8,627.8,8478.0
2025-07-17 21:55:00+00:00,627.9561,628.05,627.88,628.05,4647.0
2025-07-17 22:00:00+00:00,628.05,628.05,627.77,627.88,30724.0
2025-07-17 22:05:00+00:00,627.939,627.939,627.939,627.939,114.0
2025-07-17 22:10:00+00:00,627.99,628.149,627.99,628.12,3928.0
2025-07-17 22:15:00+00:00,628.07,628.07,628.06,628.06,600.0
2025-07-17 22:20:00+00:00,628.09,628.19,628.08,628.1,2752.0
2025-07-17 22:25:00+00:00,628.07,628.18,628.07,628.14,1091.0
2025-07-17 22:30:00+00:00,628.14,628.14,628.0,628.05,1473.0
2025-07-17 22:35:00+00:00,628.07,628.08,627.97,627.9701,6545.0
2025-07-17 22:45:00+00:00,628.0383,628.05,628.0,628.0,683.0
2025-07-17 22:50:00+00:00,627.99,628.08,627.99,628.02,6191.0
2025-07-17 23:00:00+00:00,628.19,628.19,628.07,628.07,1205.0
2025-07-17 23:05:00+00:00,628.0902,628.3,628.0902,628.26,2752.0
2025-07-17 23:10:00+00:00,628.26,628.53,628.26,628.53,7553.0
2025-07-17 23:15:00+00:00,628.5196,628.66,628.48,628.48,5839.0
2025-07-17 23:20:00+00:00,628.45,628.46,628.26,628.35,5076.0
2025-07-17 23:25:00+00:00,628.38,628.38,628.33,628.35,2189.0
2025-07-17 23:30:00+00:00,628.26,628.38,628.25,628.3307,1352.0
2025-07-17 23:35:00+00:00,628.4,628.4,628.4,628.4,945.0
2025-07-17 23:40:00+00:00,628.45,628.48,628.43,628.43,1594.0
2025-07-17 23:45:00+00:00,628.45,628.6,628.45,628.58,4306.0
2025-07-17 23:50:00+00:00,628.6,628.8502,628.59,628.6999,6613.0
2025-07-17 23:55:00+00:00,628.68,628.78,628.62,628.71,12534.0
2025-07-18 08:00:00+00:00,628.74,629.1,628.68,628.85,17853.0
2025-07-18 08:05:00+00:00,628.84,628.84,628.72,628.81,1492.0
2025-07-18 08:10:00+00:00,628.72,628.95,628.7,628.94,2660.0
2025-07-18 08:15:00+00:00,628.91,628.98,628.89,628.98,4615.0
2025-07-18 08:20:00+00:00,629.05,629.15,629.02,629.05,5551.0
2025-07-18 08:25:00+00:00,629.06,629.06,629.04,629.04,800.0
2025-07-18 08:30:00+00:00,628.96,628.97,628.9,628.9,3471.0
2025-07-18 08:35:00+00:00,628.88,628.94,628.86,628.94,1473.0
2025-07-18 08:40:00+00:00,628.93,628.93,628.82,628.9,2596.0
2025-07-18 08:45:00+00:00,628.92,628.93,628.91,628.93,732.0
2025-07-18 08:50:00+00:00,629.02,629.15,629.0,629.15,3859.0
2025-07-18 08:55:00+00:00,629.06,629.09,628.95,628.98,19195.0
2025-07-18 09:00:00+00:00,629.01,629.1,628.97,629.1,1647.0
2025-07-18 09:05:00+00:00,629.1,629.1,629.05,629.06,968.0
2025-07-18 09:10:00+00:00,629.1,629.1,629.06,629.07,1338.0
2025-07-18 09:15:00+00:00,629.1,629.1,629.06,629.06,604.0
2025-07-18 09:20:00+00:00,629.03,629.07,629.03,629.06,17396.0
2025-07-18 09:25:00+00:00,629.05,629.05,628.94,629.05,767.0
2025-07-18 09:30:00+00:00,629.08,629.12,629.08,629.12,1711.0
2025-07-18 09:35:00+00:00,629.1,629.16,629.1,629.12,7356.0
2025-07-18 09:45:00+00:00,629.02,629.02,628.97,628.97,992.0
2025-07-18 09:50:00+00:00,629.05,629.05,629.01,629.02,1361.0
2025-07-18 09:55:00+00:00,628.99,628.99,628.99,628.99,254.0
2025-07-18 10:00:00+00:00,628.95,629.02,628.95,629.01,1308.0
2025-07-18 10:05:00+00:00,628.98,629.01,628.92,628.96,2373.0
2025-07-18 10:10:00+00:00,628.96,628.96,628.89,628.89,2412.0
2025-07-18 10:15:00+00:00,628.85,628.85,628.68,628.69,1554.0
2025-07-18 10:20:00+00:00,628.62,628.62,628.33,628.36,11680.0
2025-07-18 10:25:00+00:00,628.38,628.46,628.37,628.44,7191.0
2025-07-18 10:30:00+00:00,628.42,628.52,628.33,628.41,10441.0
2025-07-18 10:35:00+00:00,628.4,628.5,628.36,628.5,3190.0
2025-07-18 10:40:00+00:00,628.54,628.54,628.45,628.5,3861.0
2025-07-18 10:50:00+00:00,628.48,628.49,628.45,628.45,1375.0
2025-07-18 10:55:00+00:00,628.41,628.52,628.41,628.51,2296.0
2025-07-18 11:00:00+00:00,628.45,628.67,628.4,628.4,19533.0
2025-07-18 11:05:00+00:00,628.42,628.429,628.32,628.429,6728.0
2025-07-18 11:10:00+00:00,628.46,628.47,628.33,628.33,12120.0
2025-07-18 11:15:00+00:00,628.33,628.42,628.18,628.19,10583.0
2025-07-18 11:20:00+00:00,628.21,628.45,628.21,628.43,8392.0
2025-07-18 11:25:00+00:00,628.38,628.42,628.36,628.42,6935.0
2025-07-18 11:30:00+00:00,628.42,628.48,628.42,628.46,5419.0
2025-07-18 11:35:00+00:00,628.46,628.48,628.36,628.42,9652.0
2025-07-18 11:40:00+00:00,628.4,628.449,628.35,628.42,4447.0
2025-07-18 11:45:00+00:00,628.47,628.56,628.41,628.49,14051.0
2025-07-18 11:50:00+00:00,628.48,628.67,628.48,628.67,37518.0
2025-07-18 11:55:00+00:00,628.67,628.67,628.48,628.48,9111.0
2025-07-18 12:00:00+00:00,629.2,629.65,628.21,628.61,73442.0
2025-07-18 12:05:00+00:00,628.59,628.62,628.44,628.56,25832.0
2025-07-18 12:10:00+00:00,628.5999,628.68,628.57,628.67,8778.0
2025-07-18 12:15:00+00:00,628.58,628.8188,628.56,628.71,54673.0
2025-07-18 12:20:00+00:00,628.73,628.79,628.65,628.76,13809.0
2025-07-18 12:25:00+00:00,628.79,628.86,628.71,628.77,15094.0
2025-07-18 12:30:00+00:00,628.74,628.76,628.53,628.71,47273.0
2025-07-18 12:35:00+00:00,628.71,628.87,628.67,628.83,14817.0
2025-07-18 12:40:00+00:00,628.85,628.88,628.59,628.72,20451.0
2025-07-18 12:45:00+00:00,628.74,628.9,628.64,628.8,155995.0
2025-07-18 12:50:00+00:00,628.79,628.83,628.71,628.78,14561.0
2025-07-18 12:55:00+00:00,628.76,628.97,628.75,628.88,28021.0
2025-07-18 13:00:00+00:00,628.91,629.16,628.83,629.1,61061.0
2025-07-18 13:05:00+00:00,629.14,629.34,629.12,629.31,44428.0
2025-07-18 13:10:00+00:00,629.34,629.36,629.25,629.25,51228.0
2025-07-18 13:15:00+00:00,629.28,629.28,628.66,628.85,92585.0
2025-07-18 13:20:00+00:00,628.89,628.96,628.7712,628.8199,35966.0
2025-07-18 13:25:00+00:00,628.82,629.45,628.8,629.29,191884.0
2025-07-18 13:30:00+00:00,629.3,629.47,628.69,628.892,1730643.0
2025-07-18 13:35:00+00:00,628.9,629.06,628.53,628.8765,880592.0
2025-07-18 13:40:00+00:00,628.88,628.945,628.58,628.6,661198.0
2025-07-18 13:45:00+00:00,628.6,629.19,628.58,629.05,956448.0
2025-07-18 13:50:00+00:00,629.05,629.16,628.44,628.68,1003398.0
2025-07-18 13:55:00+00:00,628.69,628.785,628.565,628.64,622886.0
2025-07-18 14:00:00+00:00,628.65,629.35,628.42,628.5209,817159.0
2025-07-18 14:05:00+00:00,628.55,628.62,628.3101,628.4399,612554.0
2025-07-18 14:10:00+00:00,628.43,628.485,627.99,628.059,827733.0
2025-07-18 14:15:00+00:00,628.05,628.2084,627.57,627.9314,1099560.0
2025-07-18 14:20:00+00:00,627.94,628.13,627.6,627.688,964866.0
2025-07-18 14:25:00+00:00,627.68,627.6809,627.24,627.37,882882.0
2025-07-18 14:30:00+00:00,627.4,627.76,627.285,627.69,3865085.0
2025-07-18 14:35:00+00:00,627.69,627.91,627.32,627.33,538838.0
2025-07-18 14:40:00+00:00,627.32,627.49,627.18,627.465,748886.0
2025-07-18 14:45:00+00:00,627.46,627.6,627.25,627.4001,569557.0
2025-07-18 14:50:00+00:00,627.42,627.7,627.36,627.47,455987.0
2025-07-18 14:55:00+00:00,627.48,627.69,627.12,627.13,382689.0
2025-07-18 15:00:00+00:00,627.13,627.39,626.91,627.23,662075.0
2025-07-18 15:05:00+00:00,627.25,627.59,627.21,627.477,1342716.0
2025-07-18 15:10:00+00:00,627.48,627.6699,627.19,627.33,451845.0
2025-07-18 15:15:00+00:00,627.31,627.695,627.3011,627.325,489793.0
2025-07-18 15:20:00+00:00,627.32,627.5674,627.14,627.375,1031989.0
2025-07-18 15:25:00+00:00,627.37,627.65,627.34,627.605,2604971.0
2025-07-18 15:30:00+00:00,627.62,628.0,627.61,627.8448,464118.0
2025-07-18 15:35:00+00:00,627.8425,627.9286,627.7158,627.77,324848.0
2025-07-18 15:40:00+00:00,627.769,627.88,627.578,627.795,569630.0
2025-07-18 15:45:00+00:00,627.79,628.01,627.6601,627.97,331238.0
2025-07-18 15:50:00+00:00,627.98,628.17,627.97,628.115,795198.0
2025-07-18 15:55:00+00:00,628.12,628.13,627.85,628.115,353105.0
2025-07-18 16:00:00+00:00,628.115,628.16,627.79,627.82,609545.0
2025-07-18 16:05:00+00:00,627.82,627.88,627.46,627.67,469527.0
2025-07-18 16:10:00+00:00,627.67,627.825,627.55,627.7,612353.0
2025-07-18 16:15:00+00:00,627.7,627.78,627.575,627.63,574660.0
2025-07-18 16:20:00+00:00,627.63,627.665,627.07,627.33,810261.0
2025-07-18 16:25:00+00:00,627.33,627.41,626.54,626.96,1131242.0
2025-07-18 16:30:00+00:00,626.98,627.02,626.61,626.73,622440.0
2025-07-18 16:35:00+00:00,626.73,626.92,626.48,626.88,690203.0
2025-07-18 16:40:00+00:00,626.88,627.24,626.85,627.1599,435594.0
2025-07-18 16:45:00+00:00,627.17,627.32,626.88,627.1058,365053.0
2025-07-18 16:50:00+00:00,627.1,627.385,627.03,627.09,520945.0
2025-07-18 16:55:00+00:00,627.12,627.125,626.51,626.68,514011.0
2025-07-18 17:00:00+00:00,626.67,626.85,626.46,626.6752,486818.0
2025-07-18 17:05:00+00:00,626.68,626.97,626.615,626.8008,414705.0
2025-07-18 17:10:00+00:00,626.8,627.17,626.51,627.17,538408.0
2025-07-18 17:15:00+00:00,627.18,627.21,626.815,626.83,422481.0
2025-07-18 17:20:00+00:00,626.82,627.1052,626.705,626.89,401353.0
2025-07-18 17:25:00+00:00,626.8999,627.0952,626.72,626.94,292832.0
2025-07-18 17:30:00+00:00,626.94,627.3,626.935,627.2915,421837.0
2025-07-18 17:35:00+00:00,627.295,627.435,627.14,627.43,273202.0
2025-07-18 17:40:00+00:00,627.44,627.53,627.18,627.2,352719.0
2025-07-18 17:45:00+00:00,627.2,627.245,626.89,627.06,319096.0
2025-07-18 17:50:00+00:00,627.04,627.06,626.795,626.975,252236.0
2025-07-18 17:55:00+00:00,626.98,627.1599,626.8599,627.08,203822.0
2025-07-18 18:00:00+00:00,627.09,627.39,627.04,627.36,594537.0
2025-07-18 18:05:00+00:00,627.36,627.4,627.0651,627.18,357377.0
2025-07-18 18:10:00+00:00,627.17,627.1899,626.87,626.93,329008.0
2025-07-18 18:15:00+00:00,626.93,627.06,626.66,627.0587,406389.0
2025-07-18 18:20:00+00:00,627.05,627.35,627.05,627.31,377424.0
2025-07-18 18:25:00+00:00,627.31,627.34,627.015,627.115,295457.0
2025-07-18 18:30:00+00:00,627.11,627.38,627.0401,627.145,566071.0
2025-07-18 18:35:00+00:00,627.15,627.28,627.065,627.18,230119.0
2025-07-18 18:40:00+00:00,627.19,627.385,627.1501,627.29,214482.0
2025-07-18 18:45:00+00:00,627.29,627.41,627.2,627.395,406033.0
2025-07-18 18:50:00+00:00,627.39,627.41,627.21,627.28,306196.0
2025-07-18 18:55:00+00:00,627.275,627.29,627.06,627.215,365292.0
2025-07-18 19:00:00+00:00,627.21,627.37,627.06,627.0703,457067.0
2025-07-18 19:05:00+00:00,627.07,627.25,627.04,627.19,335145.0
2025-07-18 19:10:00+00:00,627.19,627.2,627.02,627.15,644615.0
2025-07-18 19:15:00+00:00,627.14,627.5,627.14,627.485,405828.0
2025-07-18 19:20:00+00:00,627.49,627.6,627.42,627.48,617267.0
2025-07-18 19:25:00+00:00,627.475,627.4801,627.285,627.39,498804.0
2025-07-18 19:30:00+00:00,627.375,627.435,627.09,627.1199,595262.0
2025-07-18 19:35:00+00:00,627.12,627.29,627.0522,627.14,610793.0
2025-07-18 19:40:00+00:00,627.13,627.22,627.03,627.13,511488.0
2025-07-18 19:45:00+00:00,627.14,627.315,627.01,627.28,1104390.0
2025-07-18 19:50:00+00:00,627.28,627.57,627.265,627.54,1813585.0
2025-07-18 19:55:00+00:00,627.53,627.76,627.365,627.58,3090496.0
2025-07-18 20:00:00+00:00,627.59,627.68,627.43,627.59,962569.0
2025-07-18 20:05:00+00:00,627.59,627.61,627.47,627.47,170503.0
2025-07-18 20:10:00+00:00,627.5,627.57,627.45,627.54,3510632.0
2025-07-18 20:15:00+00:00,627.56,627.64,627.48,627.48,179621.0
2025-07-18 20:20:00+00:00,627.45,627.48,627.44,627.48,605919.0
2025-07-18 20:25:00+00:00,627.45,627.51,627.44,627.51,55398.0
2025-07-18 20:30:00+00:00,627.53,627.62,627.4996,627.6101,34628.0
2025-07-18 20:35:00+00:00,627.64,627.7,627.63,627.67,16049.0
2025-07-18 20:40:00+00:00,627.65,627.66,627.59,627.61,12887.0
2025-07-18 20:45:00+00:00,627.6,627.61,627.55,627.55,1034595.0
2025-07-18 20:50:00+00:00,627.52,627.54,627.5005,627.54,2998.0
2025-07-18 20:55:00+00:00,627.53,627.5924,627.46,627.59,2019645.0
2025-07-18 21:00:00+00:00,627.59,627.67,627.46,627.58,18441.0
2025-07-18 21:05:00+00:00,627.63,627.64,627.62,627.6201,3897.0
2025-07-18 21:10:00+00:00,627.64,627.7,627.64,627.7,2808.0
2025-07-18 21:15:00+00:00,627.69,627.6901,627.64,627.65,2153.0
2025-07-18 21:20:00+00:00,627.67,627.7,627.65,627.7,9525.0
2025-07-18 21:25:00+00:00,627.7,627.81,627.7,627.8,9829.0
2025-07-18 21:30:00+00:00,627.84,627.9,627.81,627.85,3764.0
2025-07-18 21:35:00+00:00,627.82,627.86,627.82,627.85,1195.0
2025-07-18 21:40:00+00:00,627.82,627.82,627.64,627.64,8574.0
2025-07-18 21:45:00+00:00,627.65,627.65,627.58,627.6491,9239.0
2025-07-18 21:50:00+00:00,627.65,627.65,627.63,627.64,329.0
2025-07-18 21:55:00+00:00,627.63,627.63,627.59,627.59,1315.0
2025-07-18 22:00:00+00:00,627.59,627.62,627.59,627.61,12783.0
2025-07-18 22:10:00+00:00,627.61,627.79,627.61,627.63,3468.0
2025-07-18 22:15:00+00:00,627.61,627.69,627.58,627.63,8845.0
2025-07-18 22:20:00+00:00,627.64,627.66,627.64,627.66,707.0
2025-07-18 22:25:00+00:00,627.64,627.6501,627.64,627.6501,355.0
2025-07-18 22:30:00+00:00,627.68,627.7,627.68,627.69,1675.0
2025-07-18 22:35:00+00:00,627.75,627.81,627.75,627.81,3802.0
2025-07-18 22:40:00+00:00,627.8,627.86,627.8,627.855,6719.0
2025-07-18 22:45:00+00:00,627.84,627.86,627.8,627.84,11816.0
2025-07-18 22:50:00+00:00,627.78,627.78,627.78,627.78,375.0
2025-07-18 22:55:00+00:00,627.85,627.85,627.83,627.83,1374.0
2025-07-18 23:05:00+00:00,627.84,627.98,627.84,627.98,3799.0
2025-07-18 23:10:00+00:00,627.9,627.95,627.74,627.75,9703.0
2025-07-18 23:15:00+00:00,627.74,627.7483,627.67,627.7483,14356.0
2025-07-18 23:20:00+00:00,627.7301,627.75,627.72,627.72,6135.0
2025-07-18 23:25:00+00:00,627.72,627.72,627.72,627.72,919.0
2025-07-18 23:30:00+00:00,627.72,627.72,627.7,627.7,1679.0
2025-07-18 23:35:00+00:00,627.71,627.71,627.7,627.7,9552.0
2025-07-18 23:40:00+00:00,627.7,627.7,627.67,627.6809,3100.0
2025-07-18 23:45:00+00:00,627.6805,627.7098,627.68,627.6801,1482.0
2025-07-18 23:50:00+00:00,627.7,627.71,627.7,627.71,617.0
2025-07-18 23:55:00+00:00,627.81,627.9,627.68,627.9,5037.0
2025-07-21 08:00:00+00:00,629.11,629.4,629.05,629.33,27611.0
2025-07-21 08:05:00+00:00,629.4,629.56,629.37,629.54,7156.0
2025-07-21 08:10:00+00:00,629.54,629.54,629.4,629.4,6250.0
2025-07-21 08:15:00+00:00,629.42,629.42,629.25,629.3,4954.0
2025-07-21 08:20:00+00:00,629.36,629.46,629.33,629.42,4952.0
2025-07-21 08:25:00+00:00,629.46,629.46,629.38,629.39,1463.0
2025-07-21 08:30:00+00:00,629.46,629.47,629.38,629.38,1136.0
2025-07-21 08:35:00+00:00,629.41,629.41,629.33,629.39,2896.0
2025-07-21 08:40:00+00:00,629.36,629.36,629.21,629.21,1949.0
2025-07-21 08:45:00+00:00,629.19,629.25,629.17,629.17,2532.0
2025-07-21 08:50:00+00:00,629.22,629.27,629.22,629.26,1527.0
2025-07-21 08:55:00+00:00,629.29,629.39,629.29,629.39,2805.0
2025-07-21 09:00:00+00:00,629.38,629.45,629.35,629.45,5128.0
2025-07-21 09:05:00+00:00,629.42,629.46,629.39,629.45,2463.0
2025-07-21 09:10:00+00:00,629.44,629.44,629.42,629.44,1633.0
2025-07-21 09:15:00+00:00,629.41,629.41,629.41,629.41,921.0
2025-07-21 09:20:00+00:00,629.39,629.59,629.38,629.45,23739.0
2025-07-21 09:25:00+00:00,629.46,629.46,629.46,629.46,802.0
2025-07-21 09:30:00+00:00,629.43,629.45,629.3,629.3,1744.0
2025-07-21 09:35:00+00:00,629.31,629.31,629.31,629.31,843.0
2025-07-21 09:45:00+00:00,629.33,629.33,629.33,629.33,324.0
2025-07-21 09:50:00+00:00,629.32,629.34,629.32,629.34,3919.0
2025-07-21 09:55:00+00:00,629.31,629.31,629.31,629.31,209.0
2025-07-21 10:00:00+00:00,629.35,629.39,629.32,629.32,2020.0
2025-07-21 10:05:00+00:00,629.21,629.24,629.21,629.24,1311.0
2025-07-21 10:10:00+00:00,629.28,629.53,629.28,629.5,9874.0
2025-07-21 10:15:00+00:00,629.46,629.46,629.46,629.46,464.0
2025-07-21 10:20:00+00:00,629.45,629.45,629.45,629.45,157.0
2025-07-21 10:25:00+00:00,629.43,629.43,629.43,629.43,331.0
2025-07-21 10:30:00+00:00,629.29,629.29,629.25,629.25,1097.0
2025-07-21 10:35:00+00:00,629.24,629.24,629.13,629.18,4696.0
2025-07-21 10:40:00+00:00,629.21,629.23,629.2,629.23,1059.0
2025-07-21 10:45:00+00:00,629.27,629.28,629.27,629.28,1149.0
2025-07-21 10:50:00+00:00,629.28,629.28,629.0,629.05,20939.0
2025-07-21 10:55:00+00:00,629.06,629.37,629.06,629.25,8611.0
2025-07-21 11:00:00+00:00,629.23,629.28,629.14,629.15,33996.0
2025-07-21 11:05:00+00:00,629.11,629.14,629.04,629.06,28472.0
2025-07-21 11:10:00+00:00,629.0,629.03,629.0,629.03,16836.0
2025-07-21 11:15:00+00:00,629.02,629.08,628.99,629.01,5687.0
2025-07-21 11:20:00+00:00,629.03,629.11,629.03,629.08,3205.0
2025-07-21 11:25:00+00:00,629.12,629.18,629.05,629.151,15086.0
2025-07-21 11:30:00+00:00,629.17,629.28,629.17,629.19,21214.0
2025-07-21 11:35:00+00:00,629.19,629.19,629.01,629.03,2417.0
2025-07-21 11:40:00+00:00,629.07,629.11,629.07,629.1,1347.0
2025-07-21 11:45:00+00:00,629.12,629.12,629.02,629.02,4009.0
2025-07-21 11:50:00+00:00,629.01,629.1,629.01,629.02,13314.0
2025-07-21 11:55:00+00:00,629.02,629.11,629.02,629.07,2054.0
2025-07-21 12:00:00+00:00,629.27,629.37,628.2,629.17,70674.0
2025-07-21 12:05:00+00:00,629.1,629.12,628.9201,628.9457,4376.0
2025-07-21 12:10:00+00:00,628.99,629.07,628.97,629.04,3842.0
2025-07-21 12:15:00+00:00,629.0,629.01,628.94,629.01,11119.0
2025-07-21 12:20:00+00:00,629.03,629.05,629.0,629.02,1874.0
2025-07-21 12:25:00+00:00,629.05,629.05,629.0,629.03,5356.0
2025-07-21 12:30:00+00:00,629.08,629.12,629.05,629.05,5035.0
2025-07-21 12:35:00+00:00,629.04,629.1799,628.9701,629.01,10652.0
2025-07-21 12:40:00+00:00,629.03,629.05,628.86,628.91,16452.0
2025-07-21 12:45:00+00:00,628.89,628.91,628.84,628.88,8097.0
2025-07-21 12:50:00+00:00,628.88,628.91,628.64,628.64,23967.0
2025-07-21 12:55:00+00:00,628.64,628.65,628.39,628.45,27848.0
2025-07-21 13:00:00+00:00,628.44,628.52,628.19,628.3,47826.0
2025-07-21 13:05:00+00:00,628.29,628.41,628.24,628.32,31809.0
2025-07-21 13:10:00+00:00,628.34,628.41,628.17,628.25,67694.0
2025-07-21 13:15:00+00:00,628.26,628.51,628.26,628.44,39949.0
2025-07-21 13:20:00+00:00,628.46,628.61,628.42,628.45,19661.0
2025-07-21 13:25:00+00:00,628.47,628.79,628.44,628.79,60215.0
2025-07-21 13:30:00+00:00,628.77,629.2,628.67,629.1,1329111.0
2025-07-21 13:35:00+00:00,629.1,629.365,629.02,629.325,916332.0
2025-07-21 13:40:00+00:00,629.3207,629.52,629.26,629.46,852925.0
2025-07-21 13:45:00+00:00,629.455,630.18,629.45,630.09,1121624.0
2025-07-21 13:50:00+00:00,630.09,630.32,629.89,630.32,836930.0
2025-07-21 13:55:00+00:00,630.33,630.7,630.33,630.57,1158233.0
2025-07-21 14:00:00+00:00,630.58,631.03,630.58,630.88,1072625.0
2025-07-21 14:05:00+00:00,630.88,630.895,630.5701,630.575,808643.0
2025-07-21 14:10:00+00:00,630.575,630.72,630.38,630.6201,854398.0
2025-07-21 14:15:00+00:00,630.63,630.68,630.435,630.63,569990.0
2025-07-21 14:20:00+00:00,630.64,631.1751,630.6,631.16,1084298.0
2025-07-21 14:25:00+00:00,631.16,631.33,631.01,631.25,535182.0
2025-07-21 14:30:00+00:00,631.25,631.39,631.005,631.02,786229.0
2025-07-21 14:35:00+00:00,631.01,631.14,630.945,631.02,531636.0
2025-07-21 14:40:00+00:00,631.01,631.08,630.7775,631.02,625846.0
2025-07-21 14:45:00+00:00,631.01,631.05,630.775,630.865,476146.0
2025-07-21 14:50:00+00:00,630.855,630.96,630.64,630.795,555983.0
2025-07-21 14:55:00+00:00,630.79,631.09,630.735,631.02,666332.0
2025-07-21 15:00:00+00:00,631.025,631.1,630.895,631.005,561217.0
2025-07-21 15:05:00+00:00,631.005,631.095,630.88,631.0299,400457.0
2025-07-21 15:10:00+00:00,631.03,631.215,630.93,631.1499,442564.0
2025-07-21 15:15:00+00:00,631.15,631.1799,630.9488,630.975,361719.0
2025-07-21 15:20:00+00:00,630.98,631.24,630.975,631.21,705263.0
2025-07-21 15:25:00+00:00,631.21,631.35,631.18,631.2688,582546.0
2025-07-21 15:30:00+00:00,631.27,631.51,631.265,631.45,573513.0
2025-07-21 15:35:00+00:00,631.45,631.54,631.29,631.35,573740.0
2025-07-21 15:40:00+00:00,631.34,631.43,631.25,631.345,505109.0
2025-07-21 15:45:00+00:00,631.35,631.47,631.25,631.3048,378369.0
2025-07-21 15:50:00+00:00,631.305,631.4099,631.17,631.17,406823.0
2025-07-21 15:55:00+00:00,631.17,631.3552,631.08,631.1751,408537.0
2025-07-21 16:00:00+00:00,631.17,631.17,630.94,631.1201,438959.0
2025-07-21 16:05:00+00:00,631.14,631.14,630.71,630.96,651530.0
2025-07-21 16:10:00+00:00,630.97,630.99,630.695,630.8868,540453.0
2025-07-21 16:15:00+00:00,630.885,631.065,630.71,630.89,482743.0
2025-07-21 16:20:00+00:00,630.89,630.89,630.565,630.625,482570.0
2025-07-21 16:25:00+00:00,630.635,630.83,630.535,630.77,484732.0
2025-07-21 16:30:00+00:00,630.7752,631.01,630.73,631.005,432095.0
2025-07-21 16:35:00+00:00,631.0,631.12,630.8,630.85,483812.0
2025-07-21 16:40:00+00:00,630.85,631.01,630.725,630.955,258181.0
2025-07-21 16:45:00+00:00,630.95,631.07,630.89,631.045,268534.0
2025-07-21 16:50:00+00:00,631.05,631.2701,631.04,631.2701,373490.0
2025-07-21 16:55:00+00:00,631.27,631.32,631.2,631.25,358067.0
2025-07-21 17:00:00+00:00,631.25,631.49,631.24,631.36,417213.0
2025-07-21 17:05:00+00:00,631.36,631.41,631.26,631.26,259453.0
2025-07-21 17:10:00+00:00,631.2684,631.435,631.2213,631.36,309384.0
2025-07-21 17:15:00+00:00,631.365,631.47,631.255,631.425,442145.0
2025-07-21 17:20:00+00:00,631.43,631.46,631.36,631.375,313709.0
2025-07-21 17:25:00+00:00,631.38,631.45,631.31,631.395,264494.0
2025-07-21 17:30:00+00:00,631.39,631.52,631.36,631.455,371599.0
2025-07-21 17:35:00+00:00,631.45,631.45,631.262,631.29,441972.0
2025-07-21 17:40:00+00:00,631.29,631.33,631.175,631.21,238747.0
2025-07-21 17:45:00+00:00,631.21,631.33,631.18,631.295,276852.0
2025-07-21 17:50:00+00:00,631.29,631.29,631.11,631.21,426930.0
2025-07-21 17:55:00+00:00,631.22,631.33,631.14,631.17,317445.0
2025-07-21 18:00:00+00:00,631.16,631.2,631.07,631.175,384259.0
2025-07-21 18:05:00+00:00,631.17,631.2,631.105,631.14,199306.0
2025-07-21 18:10:00+00:00,631.14,631.17,631.04,631.13,295001.0
2025-07-21 18:15:00+00:00,631.13,631.21,631.11,631.19,441773.0
2025-07-21 18:20:00+00:00,631.19,631.27,631.0929,631.245,456749.0
2025-07-21 18:25:00+00:00,631.25,631.26,631.11,631.1918,695380.0
2025-07-21 18:30:00+00:00,631.2,631.2,630.99,631.01,362362.0
2025-07-21 18:35:00+00:00,631.0055,631.045,630.97,631.015,360191.0
2025-07-21 18:40:00+00:00,631.01,631.065,630.78,630.885,459996.0
2025-07-21 18:45:00+00:00,630.885,630.885,630.34,630.495,1102665.0
2025-07-21 18:50:00+00:00,630.5,630.63,630.33,630.6,801085.0
2025-07-21 18:55:00+00:00,630.59,630.6,630.32,630.3613,594032.0
2025-07-21 19:00:00+00:00,630.37,630.4,629.98,630.12,851099.0
2025-07-21 19:05:00+00:00,630.11,630.22,629.57,629.64,921295.0
2025-07-21 19:10:00+00:00,629.64,629.74,629.11,629.58,2545709.0
2025-07-21 19:15:00+00:00,629.58,629.82,629.555,629.7,1138091.0
2025-07-21 19:20:00+00:00,629.7,629.82,629.595,629.71,769571.0
2025-07-21 19:25:00+00:00,629.685,629.7213,629.34,629.45,935147.0
2025-07-21 19:30:00+00:00,629.45,629.68,629.35,629.355,868993.0
2025-07-21 19:35:00+00:00,629.36,629.495,629.21,629.415,781018.0
2025-07-21 19:40:00+00:00,629.42,629.46,628.7748,628.85,1626933.0
2025-07-21 19:45:00+00:00,628.845,628.925,628.46,628.775,1956473.0
2025-07-21 19:50:00+00:00,628.77,629.1489,628.64,628.79,1708214.0
2025-07-21 19:55:00+00:00,628.8,628.89,628.34,628.75,5729701.0
2025-07-21 20:00:00+00:00,628.74,629.03,628.59,628.8803,657364.0
2025-07-21 20:05:00+00:00,628.88,629.07,628.86,629.0,228658.0
2025-07-21 20:10:00+00:00,629.0,629.01,628.8,628.97,2736636.0
2025-07-21 20:15:00+00:00,628.97,629.04,628.5894,629.02,123990.0
2025-07-21 20:20:00+00:00,629.0,629.07,628.77,628.99,127405.0
2025-07-21 20:25:00+00:00,628.97,628.97,628.81,628.81,59167.0
2025-07-21 20:30:00+00:00,628.83,628.98,628.83,628.94,113753.0
2025-07-21 20:35:00+00:00,628.96,629.0,628.9,628.97,80393.0
2025-07-21 20:40:00+00:00,628.98,629.0,628.95,628.96,5635.0
2025-07-21 20:45:00+00:00,628.98,629.0085,628.94,628.95,13440.0
2025-07-21 20:50:00+00:00,628.95,629.0,628.94,629.0,16987.0
2025-07-21 20:55:00+00:00,629.0,629.03,628.94,629.0,16536.0
2025-07-21 21:00:00+00:00,629.01,629.05,629.0,629.01,6987.0
2025-07-21 21:05:00+00:00,629.02,629.05,628.93,628.98,22708.0
2025-07-21 21:10:00+00:00,629.0,629.04,629.0,629.03,2968.0
2025-07-21 21:15:00+00:00,629.02,629.02,628.96,628.97,1657.0
2025-07-21 21:20:00+00:00,629.0,629.0,628.96,628.96,2656.0
2025-07-21 21:25:00+00:00,628.96,628.98,628.9417,628.98,1269.0
2025-07-21 21:30:00+00:00,628.93,628.96,628.92,628.95,9967.0
2025-07-21 21:35:00+00:00,628.94,628.95,628.93,628.93,2290.0
2025-07-21 21:40:00+00:00,628.92,628.98,628.92,628.95,2648.0
2025-07-21 21:45:00+00:00,628.95,628.9894,628.94,628.95,2458.0
2025-07-21 21:50:00+00:00,628.93,628.95,628.92,628.92,5252.0
2025-07-21 21:55:00+00:00,628.9301,628.9301,628.88,628.92,5685.0
2025-07-21 22:00:00+00:00,628.91,629.15,628.88,629.12,22982.0
2025-07-21 22:05:00+00:00,629.12,629.12,628.96,628.99,6597.0
2025-07-21 22:10:00+00:00,629.0,629.0,628.9,628.9,8148.0
2025-07-21 22:15:00+00:00,628.83,628.94,628.82,628.94,6844.0
2025-07-21 22:20:00+00:00,628.98,628.98,628.98,628.98,142.0
2025-07-21 22:25:00+00:00,629.0601,629.1,629.0601,629.1,2968.0
2025-07-21 22:30:00+00:00,629.04,629.04,629.04,629.04,133.0
2025-07-21 22:35:00+00:00,629.0,629.0,628.91,628.91,1601.0
2025-07-21 22:40:00+00:00,628.91,629.0,628.91,629.0,780.0
2025-07-21 22:45:00+00:00,628.92,629.009,628.92,629.009,433.0
2025-07-21 22:50:00+00:00,628.95,628.9797,628.95,628.9797,334.0
2025-07-21 22:55:00+00:00,628.93,628.93,628.92,628.92,714.0
2025-07-21 23:00:00+00:00,628.93,628.93,628.93,628.93,112.0
2025-07-21 23:05:00+00:00,628.91,628.949,628.9098,628.949,1200.0
2025-07-21 23:15:00+00:00,628.9801,628.9801,628.9801,628.9801,219.0
2025-07-21 23:20:00+00:00,628.98,628.98,628.93,628.93,1238.0
2025-07-21 23:25:00+00:00,628.9586,628.9898,628.9586,628.9898,452.0
2025-07-21 23:30:00+00:00,629.0388,629.0388,629.01,629.0388,385.0
2025-07-21 23:35:00+00:00,629.03,629.059,629.02,629.059,1516.0
2025-07-21 23:40:00+00:00,629.05,629.05,629.02,629.0296,1586.0
2025-07-21 23:45:00+00:00,629.02,629.02,628.84,628.86,10751.0
2025-07-21 23:50:00+00:00,628.959,628.959,628.8407,628.8407,1964.0
2025-07-21 23:55:00+00:00,629.04,629.06,629.04,629.06,6572.0
2025-07-22 08:00:00+00:00,628.31,628.54,627.99,628.53,16016.0
2025-07-22 08:05:00+00:00,628.57,628.66,628.57,628.6,2646.0
2025-07-22 08:10:00+00:00,628.64,628.64,628.57,628.6,2143.0
2025-07-22 08:15:00+00:00,628.58,628.58,628.55,628.55,2074.0
2025-07-22 08:20:00+00:00,628.53,628.53,628.14,628.14,3381.0
2025-07-22 08:25:00+00:00,628.14,628.15,628.05,628.11,5691.0
2025-07-22 08:30:00+00:00,628.14,628.28,628.14,628.27,7652.0
2025-07-22 08:35:00+00:00,628.21,628.24,628.16,628.16,2015.0
2025-07-22 08:40:00+00:00,628.1,628.1,628.0,628.0,1480.0
2025-07-22 08:45:00+00:00,627.98,628.09,627.93,628.08,2786.0
2025-07-22 08:50:00+00:00,628.12,628.21,628.07,628.07,1864.0
2025-07-22 08:55:00+00:00,627.98,628.06,627.98,628.05,1636.0
2025-07-22 09:00:00+00:00,628.03,628.03,627.9,627.98,2123.0
2025-07-22 09:05:00+00:00,628.06,628.07,628.06,628.07,608.0
2025-07-22 09:10:00+00:00,628.1,628.1,628.1,628.1,385.0
2025-07-22 09:15:00+00:00,628.05,628.18,628.05,628.17,3034.0
2025-07-22 09:20:00+00:00,628.14,628.14,628.14,628.14,260.0
2025-07-22 09:25:00+00:00,628.0,628.0,627.96,627.99,1051.0
2025-07-22 09:30:00+00:00,627.97,628.02,627.97,628.01,2028.0
2025-07-22 09:35:00+00:00,628.04,628.05,628.0,628.01,3659.0
2025-07-22 09:40:00+00:00,628.01,628.01,627.87,627.95,4500.0
2025-07-22 09:45:00+00:00,628.05,628.06,628.03,628.05,10853.0
2025-07-22 09:50:00+00:00,628.07,628.08,628.07,628.08,481.0
2025-07-22 09:55:00+00:00,628.09,628.1,628.04,628.04,631.0
2025-07-22 10:00:00+00:00,628.11,628.31,628.11,628.29,3520.0
2025-07-22 10:05:00+00:00,628.3,628.3,628.28,628.29,1016.0
2025-07-22 10:10:00+00:00,628.35,628.35,628.22,628.22,10889.0
2025-07-22 10:15:00+00:00,628.24,628.24,628.22,628.22,1696.0
2025-07-22 10:20:00+00:00,628.22,628.22,628.1,628.1,1004.0
2025-07-22 10:25:00+00:00,628.13,628.2,628.12,628.2,3867.0
2025-07-22 10:30:00+00:00,628.21,628.21,628.11,628.11,704.0
2025-07-22 10:35:00+00:00,628.12,628.16,628.01,628.16,1833.0
2025-07-22 10:45:00+00:00,628.11,628.11,628.11,628.11,286.0
2025-07-22 10:50:00+00:00,628.16,628.16,628.02,628.02,2887.0
2025-07-22 10:55:00+00:00,628.09,628.32,628.09,628.28,4822.0
2025-07-22 11:00:00+00:00,628.28,628.44,628.13,628.43,17824.0
2025-07-22 11:05:00+00:00,628.43,628.68,628.43,628.59,9268.0
2025-07-22 11:10:00+00:00,628.55,628.55,628.44,628.45,4609.0
2025-07-22 11:15:00+00:00,628.47,628.49,628.42,628.42,1826.0
2025-07-22 11:20:00+00:00,628.28,628.35,628.28,628.33,1698.0
2025-07-22 11:25:00+00:00,628.3,628.36,628.26,628.36,2796.0
2025-07-22 11:30:00+00:00,628.36,628.36,628.3,628.34,3478.0
2025-07-22 11:35:00+00:00,628.26,628.28,628.06,628.06,6208.0
2025-07-22 11:40:00+00:00,628.09,628.75,628.07,628.5,19400.0
2025-07-22 11:45:00+00:00,628.5,628.75,628.5,628.75,10474.0
2025-07-22 11:50:00+00:00,628.78,628.88,628.72,628.82,11478.0
2025-07-22 11:55:00+00:00,628.77,629.01,628.76,628.96,10148.0
2025-07-22 12:00:00+00:00,628.91,629.11,628.0903,629.11,85349.0
2025-07-22 12:05:00+00:00,629.08,629.16,628.88,628.92,72672.0
2025-07-22 12:10:00+00:00,628.92,628.98,628.8101,628.92,18660.0
2025-07-22 12:15:00+00:00,628.919,628.93,628.7301,628.76,13098.0
2025-07-22 12:20:00+00:00,628.76,628.98,628.76,628.85,10876.0
2025-07-22 12:25:00+00:00,628.88,629.18,628.88,629.16,95515.0
2025-07-22 12:30:00+00:00,629.13,629.13,628.92,629.07,21890.0
2025-07-22 12:35:00+00:00,629.09,629.09,628.93,629.05,5338.0
2025-07-22 12:40:00+00:00,629.03,629.06,628.96,628.96,9786.0
2025-07-22 12:45:00+00:00,628.93,629.02,628.91,628.97,22597.0
2025-07-22 12:50:00+00:00,629.01,629.21,629.01,629.14,32227.0
2025-07-22 12:55:00+00:00,629.14,629.2,629.09,629.09,20028.0
2025-07-22 13:00:00+00:00,629.11,629.1499,629.0392,629.08,23318.0
2025-07-22 13:05:00+00:00,629.06,629.25,628.96,629.04,37663.0
2025-07-22 13:10:00+00:00,629.09,629.19,629.07,629.16,18958.0
2025-07-22 13:15:00+00:00,629.18,629.18,629.08,629.1499,29332.0
2025-07-22 13:20:00+00:00,629.15,629.15,628.95,629.12,38198.0
2025-07-22 13:25:00+00:00,629.08,629.15,628.91,629.05,51549.0
2025-07-22 13:30:00+00:00,629.1,629.12,628.23,628.41,1744985.0
2025-07-22 13:35:00+00:00,628.4,629.19,628.38,629.0999,912948.0
2025-07-22 13:40:00+00:00,629.11,629.11,628.68,628.97,1018507.0
2025-07-22 13:45:00+00:00,628.98,628.985,627.97,628.005,1123241.0
2025-07-22 13:50:00+00:00,628.0,628.23,626.19,626.53,2152122.0
2025-07-22 13:55:00+00:00,626.525,627.43,626.45,626.88,1774243.0
2025-07-22 14:00:00+00:00,626.89,626.89,626.2499,626.63,1267150.0
2025-07-22 14:05:00+00:00,626.63,627.21,626.56,627.115,871105.0
2025-07-22 14:10:00+00:00,627.11,627.26,626.72,627.135,861615.0
2025-07-22 14:15:00+00:00,627.13,627.41,626.895,627.0401,725954.0
2025-07-22 14:20:00+00:00,627.05,627.15,626.83,626.86,634926.0
2025-07-22 14:25:00+00:00,626.84,627.105,626.8,627.09,502118.0
2025-07-22 14:30:00+00:00,627.08,627.59,626.9721,627.55,615558.0
2025-07-22 14:35:00+00:00,627.55,628.035,627.55,627.66,914529.0
2025-07-22 14:40:00+00:00,627.66,627.9,627.4801,627.715,487731.0
2025-07-22 14:45:00+00:00,627.7,627.83,627.35,627.505,554309.0
2025-07-22 14:50:00+00:00,627.5,627.63,627.2113,627.395,630223.0
2025-07-22 14:55:00+00:00,627.41,628.026,627.35,627.95,742153.0
2025-07-22 15:00:00+00:00,627.955,628.03,627.58,627.855,631739.0
2025-07-22 15:05:00+00:00,627.86,628.115,627.73,627.86,454133.0
2025-07-22 15:10:00+00:00,627.865,628.0101,627.58,627.635,376165.0
2025-07-22 15:15:00+00:00,627.64,627.87,627.33,627.8601,471620.0
2025-07-22 15:20:00+00:00,627.88,627.9673,627.66,627.805,334123.0
2025-07-22 15:25:00+00:00,627.805,627.96,627.6,627.64,509438.0
2025-07-22 15:30:00+00:00,627.64,628.02,627.55,628.02,449223.0
2025-07-22 15:35:00+00:00,628.01,628.015,627.59,627.64,544196.0
2025-07-22 15:40:00+00:00,627.625,627.65,627.43,627.58,555548.0
2025-07-22 15:45:00+00:00,627.57,628.06,627.55,627.78,422924.0
2025-07-22 15:50:00+00:00,627.77,627.96,627.705,627.825,604576.0
2025-07-22 15:55:00+00:00,627.83,627.9,627.62,627.65,418651.0
2025-07-22 16:00:00+00:00,627.66,627.755,627.47,627.725,507482.0
2025-07-22 16:05:00+00:00,627.7245,627.9399,627.69,627.81,418313.0
2025-07-22 16:10:00+00:00,627.79,627.83,627.52,627.7,384878.0
2025-07-22 16:15:00+00:00,627.71,628.125,627.69,627.9919,405743.0
2025-07-22 16:20:00+00:00,627.99,628.06,627.7959,627.825,442251.0
2025-07-22 16:25:00+00:00,627.82,627.82,627.04,627.24,779417.0
2025-07-22 16:30:00+00:00,627.25,627.61,627.17,627.5,476219.0
2025-07-22 16:35:00+00:00,627.48,627.645,627.4,627.485,312814.0
2025-07-22 16:40:00+00:00,627.486,627.56,627.07,627.46,395310.0
2025-07-22 16:45:00+00:00,627.47,627.63,627.275,627.62,367274.0
2025-07-22 16:50:00+00:00,627.62,627.975,627.55,627.89,591543.0
2025-07-22 16:55:00+00:00,627.88,627.93,627.75,627.855,346785.0
2025-07-22 17:00:00+00:00,627.86,628.05,627.84,627.935,376279.0
2025-07-22 17:05:00+00:00,627.935,628.02,627.78,627.86,255564.0
2025-07-22 17:10:00+00:00,627.85,628.02,627.84,627.99,255193.0
2025-07-22 17:15:00+00:00,627.99,628.435,627.99,628.41,534123.0
2025-07-22 17:20:00+00:00,628.42,628.64,628.33,628.43,506686.0
2025-07-22 17:25:00+00:00,628.43,629.22,628.42,629.05,903640.0
2025-07-22 17:30:00+00:00,629.05,629.18,628.83,629.005,683799.0
2025-07-22 17:35:00+00:00,629.01,629.03,628.86,628.87,368257.0
2025-07-22 17:40:00+00:00,628.87,628.875,628.34,628.62,588518.0
2025-07-22 17:45:00+00:00,628.62,628.695,628.48,628.5214,350727.0
2025-07-22 17:50:00+00:00,628.53,628.63,628.35,628.38,328569.0
2025-07-22 17:55:00+00:00,628.37,628.5099,628.3,628.3547,295940.0
2025-07-22 18:00:00+00:00,628.35,628.66,628.34,628.55,414542.0
2025-07-22 18:05:00+00:00,628.55,628.767,628.515,628.665,369973.0
2025-07-22 18:10:00+00:00,628.67,628.7,628.46,628.48,327111.0
2025-07-22 18:15:00+00:00,628.49,628.56,627.52,628.175,1358619.0
2025-07-22 18:20:00+00:00,628.16,628.6,628.0714,628.38,702444.0
2025-07-22 18:25:00+00:00,628.37,628.545,628.34,628.425,633191.0
2025-07-22 18:30:00+00:00,628.42,628.82,628.37,628.81,684992.0
2025-07-22 18:35:00+00:00,628.8,629.23,628.795,629.23,670105.0
2025-07-22 18:40:00+00:00,629.22,629.345,629.04,629.12,702967.0
2025-07-22 18:45:00+00:00,629.12,629.14,628.97,629.06,508837.0
2025-07-22 18:50:00+00:00,629.06,629.51,629.05,629.465,655448.0
2025-07-22 18:55:00+00:00,629.465,629.53,629.31,629.34,446163.0
2025-07-22 19:00:00+00:00,629.34,629.46,629.135,629.21,495046.0
2025-07-22 19:05:00+00:00,629.215,629.26,629.08,629.25,548254.0
2025-07-22 19:10:00+00:00,629.24,629.35,629.0301,629.05,972982.0
2025-07-22 19:15:00+00:00,629.05,629.19,628.97,629.175,745039.0
2025-07-22 19:20:00+00:00,629.18,629.35,629.075,629.2401,551332.0
2025-07-22 19:25:00+00:00,629.245,629.3,629.13,629.2,477683.0
2025-07-22 19:30:00+00:00,629.19,629.325,629.0516,629.265,622671.0
2025-07-22 19:35:00+00:00,629.26,629.6,629.24,629.47,920138.0
2025-07-22 19:40:00+00:00,629.465,629.505,629.31,629.33,899773.0
2025-07-22 19:45:00+00:00,629.33,629.435,629.24,629.34,820820.0
2025-07-22 19:50:00+00:00,629.34,629.4,629.1,629.13,1177425.0
2025-07-22 19:55:00+00:00,629.13,629.73,628.75,628.83,4517784.0
2025-07-22 20:00:00+00:00,628.83,628.91,628.62,628.91,793244.0
2025-07-22 20:05:00+00:00,628.899,628.9342,628.6373,628.84,440832.0
2025-07-22 20:10:00+00:00,628.82,628.83,628.68,628.75,1087028.0
2025-07-22 20:15:00+00:00,628.75,628.7997,628.6,628.62,307056.0
2025-07-22 20:20:00+00:00,628.64,628.83,628.57,628.83,64537.0
2025-07-22 20:25:00+00:00,628.84,628.85,628.79,628.8,22384.0
2025-07-22 20:30:00+00:00,628.82,628.87,628.77,628.85,66647.0
2025-07-22 20:35:00+00:00,628.82,628.95,628.81,628.89,19538.0
2025-07-22 20:40:00+00:00,628.88,628.97,628.88,628.94,10177.0
2025-07-22 20:45:00+00:00,628.94,628.98,628.9,628.9,14188.0
2025-07-22 20:50:00+00:00,628.8501,628.96,628.81,628.95,28685.0
2025-07-22 20:55:00+00:00,628.92,628.97,628.89,628.97,46857.0
2025-07-22 21:00:00+00:00,628.9,628.97,628.87,628.87,10899.0
2025-07-22 21:05:00+00:00,628.88,628.96,628.88,628.9499,5093.0
2025-07-22 21:10:00+00:00,628.94,628.97,628.921,628.94,7879.0
2025-07-22 21:15:00+00:00,628.91,628.95,628.91,628.95,3086.0
2025-07-22 21:20:00+00:00,628.9296,628.99,628.9212,628.96,5952.0
2025-07-22 21:25:00+00:00,628.94,628.9498,628.89,628.92,5787.0
2025-07-22 21:35:00+00:00,628.87,628.9283,628.87,628.9283,2430.0
2025-07-22 21:40:00+00:00,628.88,628.92,628.87,628.87,3123.0
2025-07-22 21:45:00+00:00,628.89,628.89,628.89,628.89,1007.0
2025-07-22 21:50:00+00:00,628.9,628.93,628.9,628.9299,7922.0
2025-07-22 21:55:00+00:00,628.89,628.93,628.89,628.92,1986.0
2025-07-22 22:00:00+00:00,628.91,629.26,628.9,629.25,20732.0
2025-07-22 22:05:00+00:00,629.09,629.09,628.97,629.0,5378.0
2025-07-22 22:10:00+00:00,628.949,629.0099,628.84,628.94,14232.0
2025-07-22 22:15:00+00:00,629.01,629.01,628.9,628.9,1265.0
2025-07-22 22:20:00+00:00,628.9,628.92,628.84,628.84,2519.0
2025-07-22 22:25:00+00:00,628.87,628.88,628.78,628.82,5210.0
2025-07-22 22:30:00+00:00,628.81,628.85,628.67,628.7799,7040.0
2025-07-22 22:35:00+00:00,628.8101,628.8101,628.74,628.76,2319.0
2025-07-22 22:40:00+00:00,628.76,628.76,628.6798,628.6798,4637.0
2025-07-22 22:45:00+00:00,628.67,628.68,628.57,628.59,5548.0
2025-07-22 22:50:00+00:00,628.62,628.66,628.62,628.65,5965.0
2025-07-22 22:55:00+00:00,628.69,628.69,628.68,628.68,1161.0
2025-07-22 23:00:00+00:00,628.75,628.9,628.74,628.9,5384.0
2025-07-22 23:05:00+00:00,628.9,628.9499,628.88,628.8985,1254.0
2025-07-22 23:10:00+00:00,628.89,630.15,628.89,629.72,67076.0
2025-07-22 23:15:00+00:00,629.78,630.14,629.78,630.07,20452.0
2025-07-22 23:20:00+00:00,629.96,630.47,629.96,630.18,25532.0
2025-07-22 23:25:00+00:00,630.18,630.35,629.92,630.0,10837.0
2025-07-22 23:30:00+00:00,629.98,629.98,629.81,629.9,8311.0
2025-07-22 23:35:00+00:00,629.8698,630.1,629.82,630.04,9060.0
2025-07-22 23:40:00+00:00,630.06,630.21,630.03,630.05,16331.0
2025-07-22 23:45:00+00:00,630.05,630.18,629.99,630.16,7401.0
2025-07-22 23:50:00+00:00,630.23,630.55,630.23,630.5396,10444.0
2025-07-22 23:55:00+00:00,630.48,630.62,630.42,630.51,21448.0
2025-07-23 08:00:00+00:00,630.48,630.73,630.48,630.73,4030.0
2025-07-23 08:05:00+00:00,630.78,630.87,630.69,630.78,4186.0
2025-07-23 08:10:00+00:00,630.81,631.09,630.8,631.04,3329.0
2025-07-23 08:15:00+00:00,631.01,631.04,630.97,631.04,3741.0
2025-07-23 08:20:00+00:00,631.04,631.24,630.95,631.17,9991.0
2025-07-23 08:25:00+00:00,631.31,631.34,631.18,631.19,2977.0
2025-07-23 08:30:00+00:00,631.17,631.17,631.08,631.11,2717.0
2025-07-23 08:35:00+00:00,631.11,631.12,631.06,631.06,6648.0
2025-07-23 08:40:00+00:00,631.1,631.25,631.05,631.25,6033.0
2025-07-23 08:45:00+00:00,631.26,631.53,631.21,631.42,6234.0
2025-07-23 08:50:00+00:00,631.43,631.43,631.34,631.38,2709.0
2025-07-23 08:55:00+00:00,631.32,631.5,631.32,631.46,8114.0
2025-07-23 09:00:00+00:00,631.48,631.64,631.47,631.55,17624.0
2025-07-23 09:05:00+00:00,631.53,631.63,631.53,631.62,4747.0
2025-07-23 09:10:00+00:00,631.52,631.57,631.41,631.41,5217.0
2025-07-23 09:15:00+00:00,631.47,631.54,631.47,631.49,2016.0
2025-07-23 09:20:00+00:00,631.44,631.45,631.39,631.41,14253.0
2025-07-23 09:25:00+00:00,631.35,631.35,631.27,631.27,3274.0
2025-07-23 09:30:00+00:00,631.22,631.26,631.18,631.26,3293.0
2025-07-23 09:35:00+00:00,631.22,631.35,631.22,631.33,668.0
2025-07-23 09:40:00+00:00,631.31,631.38,631.29,631.37,1728.0
2025-07-23 09:45:00+00:00,631.35,631.36,631.35,631.36,416.0
2025-07-23 09:50:00+00:00,631.42,631.51,631.41,631.49,19396.0
2025-07-23 09:55:00+00:00,631.5,631.59,631.5,631.58,2057.0
2025-07-23 10:00:00+00:00,631.53,631.65,631.53,631.61,2034.0
2025-07-23 10:05:00+00:00,631.53,631.54,631.43,631.43,3964.0
2025-07-23 10:10:00+00:00,631.47,631.49,631.41,631.41,4641.0
2025-07-23 10:15:00+00:00,631.41,631.41,631.37,631.39,14292.0
2025-07-23 10:20:00+00:00,631.62,631.77,631.51,631.51,5829.0
2025-07-23 10:25:00+00:00,631.59,631.6,631.56,631.56,877.0
2025-07-23 10:30:00+00:00,631.59,631.74,631.58,631.59,16751.0
2025-07-23 10:35:00+00:00,631.56,631.63,631.56,631.57,6782.0
2025-07-23 10:40:00+00:00,631.6,631.62,631.56,631.6,3238.0
2025-07-23 10:45:00+00:00,631.59,631.62,631.5,631.5,6712.0
2025-07-23 10:50:00+00:00,631.5,631.53,631.34,631.34,19000.0
2025-07-23 10:55:00+00:00,631.37,631.55,631.36,631.37,15403.0
2025-07-23 11:00:00+00:00,631.37,631.38,631.34,631.34,5438.0
2025-07-23 11:05:00+00:00,631.35,631.4,630.77,630.85,14585.0
2025-07-23 11:10:00+00:00,630.88,631.25,630.79,631.0,13819.0
2025-07-23 11:15:00+00:00,630.98,631.07,630.8,631.05,50770.0
2025-07-23 11:20:00+00:00,630.99,631.21,630.98,631.18,6473.0
2025-07-23 11:25:00+00:00,631.12,631.2,631.07,631.07,7520.0
2025-07-23 11:30:00+00:00,631.08,631.17,631.0,631.08,38838.0
2025-07-23 11:35:00+00:00,631.06,631.35,631.06,631.3,6563.0
2025-07-23 11:40:00+00:00,631.34,631.41,631.11,631.17,34287.0
2025-07-23 11:45:00+00:00,631.25,631.28,631.19,631.28,8771.0
2025-07-23 11:50:00+00:00,631.29,631.35,631.29,631.3,5341.0
2025-07-23 11:55:00+00:00,631.29,631.38,631.271,631.33,16113.0
2025-07-23 12:00:00+00:00,631.38,631.65,630.09,631.53,107478.0
2025-07-23 12:05:00+00:00,631.51,631.56,631.33,631.33,14936.0
2025-07-23 12:10:00+00:00,631.28,631.44,631.27,631.42,8722.0
2025-07-23 12:15:00+00:00,631.4,631.479,631.35,631.43,10916.0
2025-07-23 12:20:00+00:00,631.4494,631.4494,631.23,631.23,29549.0
2025-07-23 12:25:00+00:00,631.25,631.44,631.22,631.42,17592.0
2025-07-23 12:30:00+00:00,631.41,631.42,631.11,631.17,33562.0
2025-07-23 12:35:00+00:00,631.18,631.28,631.0701,631.11,40742.0
2025-07-23 12:40:00+00:00,631.1,631.21,630.99,631.21,30134.0
2025-07-23 12:45:00+00:00,631.2,631.33,631.1101,631.23,17794.0
2025-07-23 12:50:00+00:00,631.22,631.359,631.08,631.14,53221.0
2025-07-23 12:55:00+00:00,631.18,631.2998,631.17,631.21,32413.0
2025-07-23 13:00:00+00:00,631.23,631.37,631.15,631.37,62982.0
2025-07-23 13:05:00+00:00,631.3697,631.41,631.25,631.36,16419.0
2025-07-23 13:10:00+00:00,631.32,631.41,631.16,631.225,26986.0
2025-07-23 13:15:00+00:00,631.24,631.39,631.14,631.34,36020.0
2025-07-23 13:20:00+00:00,631.36,631.91,631.36,631.76,79665.0
2025-07-23 13:25:00+00:00,631.79,631.81,631.49,631.56,162094.0
2025-07-23 13:30:00+00:00,631.55,631.75,630.47,631.11,1732411.0
2025-07-23 13:35:00+00:00,631.11,631.465,631.0,631.32,1260251.0
2025-07-23 13:40:00+00:00,631.32,631.39,630.72,630.76,1029356.0
2025-07-23 13:45:00+00:00,630.76,630.7608,630.125,630.34,1156889.0
2025-07-23 13:50:00+00:00,630.34,630.48,630.08,630.26,686556.0
2025-07-23 13:55:00+00:00,630.26,630.325,629.82,629.9992,888910.0
2025-07-23 14:00:00+00:00,629.995,630.15,629.73,630.02,853376.0
2025-07-23 14:05:00+00:00,630.02,630.505,629.98,630.39,848899.0
2025-07-23 14:10:00+00:00,630.3799,630.44,629.938,629.9448,634833.0
2025-07-23 14:15:00+00:00,629.96,630.43,629.93,630.23,497824.0
2025-07-23 14:20:00+00:00,630.23,630.47,630.13,630.465,485565.0
2025-07-23 14:25:00+00:00,630.46,630.74,630.44,630.7388,605861.0
2025-07-23 14:30:00+00:00,630.7352,630.78,630.125,630.13,616580.0
2025-07-23 14:35:00+00:00,630.12,630.39,630.09,630.32,434622.0
2025-07-23 14:40:00+00:00,630.32,630.53,630.23,630.3482,408003.0
2025-07-23 14:45:00+00:00,630.34,630.565,630.255,630.36,384955.0
2025-07-23 14:50:00+00:00,630.37,630.68,630.27,630.63,359380.0
2025-07-23 14:55:00+00:00,630.64,630.77,630.56,630.7,608179.0
2025-07-23 15:00:00+00:00,630.7,630.925,630.46,630.66,667241.0
2025-07-23 15:05:00+00:00,630.66,630.82,630.5,630.69,495498.0
2025-07-23 15:10:00+00:00,630.68,630.75,630.4147,630.43,467408.0
2025-07-23 15:15:00+00:00,630.43,630.58,630.325,630.4882,412625.0
2025-07-23 15:20:00+00:00,630.48,630.795,630.43,630.75,481844.0
2025-07-23 15:25:00+00:00,630.742,630.825,630.668,630.825,853565.0
2025-07-23 15:30:00+00:00,630.82,630.96,630.7,630.76,435845.0
2025-07-23 15:35:00+00:00,630.77,630.88,630.47,630.6388,464175.0
2025-07-23 15:40:00+00:00,630.64,630.7,630.471,630.65,300479.0
2025-07-23 15:45:00+00:00,630.66,630.99,630.61,630.9,390139.0
2025-07-23 15:50:00+00:00,630.91,632.47,630.85,631.76,1680403.0
2025-07-23 15:55:00+00:00,631.8,632.79,631.505,632.065,2160475.0
2025-07-23 16:00:00+00:00,632.06,632.55,631.78,632.52,971098.0
2025-07-23 16:05:00+00:00,632.53,632.61,632.21,632.35,736722.0
2025-07-23 16:10:00+00:00,632.36,632.41,631.76,631.92,696585.0
2025-07-23 16:15:00+00:00,631.93,632.16,631.64,632.06,612187.0
2025-07-23 16:20:00+00:00,632.059,632.13,631.38,631.665,623001.0
2025-07-23 16:25:00+00:00,631.67,631.82,631.48,631.69,358106.0
2025-07-23 16:30:00+00:00,631.68,631.68,631.35,631.39,498712.0
2025-07-23 16:35:00+00:00,631.4,631.74,631.3495,631.68,468088.0
2025-07-23 16:40:00+00:00,631.69,631.96,631.55,631.9382,461304.0
2025-07-23 16:45:00+00:00,631.93,632.11,631.74,631.865,1935917.0
2025-07-23 16:50:00+00:00,631.875,631.9599,631.7401,631.75,255230.0
2025-07-23 16:55:00+00:00,631.75,632.01,631.74,631.86,250648.0
2025-07-23 17:00:00+00:00,631.86,632.17,631.78,632.11,376355.0
2025-07-23 17:05:00+00:00,632.11,632.17,631.98,632.025,439774.0
2025-07-23 17:10:00+00:00,632.0293,632.09,631.655,631.68,456334.0
2025-07-23 17:15:00+00:00,631.675,631.89,631.525,631.745,1123694.0
2025-07-23 17:20:00+00:00,631.74,632.115,631.725,632.095,1086157.0
2025-07-23 17:25:00+00:00,632.095,632.195,631.98,632.1,301992.0
2025-07-23 17:30:00+00:00,632.11,632.28,632.06,632.275,562015.0
2025-07-23 17:35:00+00:00,632.275,632.34,632.185,632.335,346293.0
2025-07-23 17:40:00+00:00,632.34,632.75,632.28,632.725,895498.0
2025-07-23 17:45:00+00:00,632.73,632.8501,632.63,632.76,718974.0
2025-07-23 17:50:00+00:00,632.76,632.885,631.79,632.55,2063525.0
2025-07-23 17:55:00+00:00,632.54,632.72,632.49,632.5118,723282.0
2025-07-23 18:00:00+00:00,632.515,632.86,632.515,632.79,502708.0
2025-07-23 18:05:00+00:00,632.8,632.93,632.75,632.92,569759.0
2025-07-23 18:10:00+00:00,632.92,633.29,632.9,633.23,890724.0
2025-07-23 18:15:00+00:00,633.24,633.34,633.081,633.095,700015.0
2025-07-23 18:20:00+00:00,633.1,633.46,633.09,633.4,666979.0
2025-07-23 18:25:00+00:00,633.4,633.65,633.22,633.235,1108753.0
2025-07-23 18:30:00+00:00,633.235,633.31,633.105,633.185,558459.0
2025-07-23 18:35:00+00:00,633.18,633.44,633.15,633.26,478809.0
2025-07-23 18:40:00+00:00,633.26,633.48,633.22,633.3693,605683.0
2025-07-23 18:45:00+00:00,633.37,633.4386,633.26,633.41,377031.0
2025-07-23 18:50:00+00:00,633.41,633.43,633.265,633.38,489098.0
2025-07-23 18:55:00+00:00,633.37,633.39,633.21,633.265,434345.0
2025-07-23 19:00:00+00:00,633.28,633.338,633.155,633.16,472679.0
2025-07-23 19:05:00+00:00,633.16,633.31,632.955,633.225,1734986.0
2025-07-23 19:10:00+00:00,633.23,633.34,633.15,633.165,677256.0
2025-07-23 19:15:00+00:00,633.16,633.28,633.1,633.205,604458.0
2025-07-23 19:20:00+00:00,633.195,633.31,633.185,633.26,546928.0
2025-07-23 19:25:00+00:00,633.26,633.3899,633.2,633.36,501692.0
2025-07-23 19:30:00+00:00,633.36,633.36,633.132,633.185,678662.0
2025-07-23 19:35:00+00:00,633.18,633.2348,633.0607,633.185,956942.0
2025-07-23 19:40:00+00:00,633.18,633.195,632.94,633.0,1206353.0
2025-07-23 19:45:00+00:00,632.99,633.3286,632.96,633.26,1289942.0
2025-07-23 19:50:00+00:00,633.26,633.72,633.105,633.48,2195000.0
2025-07-23 19:55:00+00:00,633.47,634.16,633.35,634.16,4180813.0
2025-07-23 20:00:00+00:00,634.15,635.4,633.5,633.89,1197046.0
2025-07-23 20:05:00+00:00,633.76,634.21,633.6,633.8,706412.0
2025-07-23 20:10:00+00:00,633.73,634.7399,633.63,634.6419,3156240.0
2025-07-23 20:15:00+00:00,634.66,634.66,634.23,634.23,68475.0
2025-07-23 20:20:00+00:00,634.25,634.28,634.02,634.16,117967.0
2025-07-23 20:25:00+00:00,634.15,634.21,633.95,633.96,71657.0
2025-07-23 20:30:00+00:00,633.94,634.32,633.9,634.31,140497.0
2025-07-23 20:35:00+00:00,634.31,634.5,634.28,634.3601,40974.0
2025-07-23 20:40:00+00:00,634.39,634.9,634.39,634.78,79805.0
2025-07-23 20:45:00+00:00,634.78,634.96,634.67,634.9001,32114.0
2025-07-23 20:50:00+00:00,634.94,634.94,634.66,634.76,159648.0
2025-07-23 20:55:00+00:00,634.76,634.95,634.74,634.8,101180.0
2025-07-23 21:00:00+00:00,634.8,634.8,634.75,634.8,54643.0
2025-07-23 21:05:00+00:00,634.8,635.0,634.77,634.93,110824.0
2025-07-23 21:10:00+00:00,634.92,634.97,634.8114,634.85,14081.0
2025-07-23 21:15:00+00:00,634.84,634.8901,634.72,634.75,18825.0
2025-07-23 21:20:00+00:00,634.8087,634.8087,634.71,634.7101,10433.0
2025-07-23 21:25:00+00:00,634.84,634.84,634.5803,634.5803,9625.0
2025-07-23 21:30:00+00:00,634.6295,634.63,634.5901,634.6201,4267.0
2025-07-23 21:35:00+00:00,634.68,634.72,634.6,634.6,12983.0
2025-07-23 21:40:00+00:00,634.65,634.69,634.65,634.6714,2959.0
2025-07-23 21:45:00+00:00,634.68,634.7,634.39,634.4,10165.0
2025-07-23 21:50:00+00:00,634.4,634.76,634.4,634.59,12723.0
2025-07-23 21:55:00+00:00,634.505,634.59,634.505,634.58,1958.0
2025-07-23 22:00:00+00:00,634.61,634.62,634.32,634.3601,17409.0
2025-07-23 22:05:00+00:00,634.39,634.56,634.39,634.56,18188.0
2025-07-23 22:10:00+00:00,634.6,634.6585,634.51,634.56,4787.0
2025-07-23 22:15:00+00:00,634.52,634.52,634.41,634.4204,3451.0
2025-07-23 22:20:00+00:00,634.45,634.46,634.41,634.459,1442.0
2025-07-23 22:25:00+00:00,634.52,634.63,634.52,634.63,3298.0
2025-07-23 22:30:00+00:00,634.54,634.66,634.4714,634.66,2249.0
2025-07-23 22:35:00+00:00,634.5,634.51,634.47,634.49,834.0
2025-07-23 22:40:00+00:00,634.5,634.52,634.47,634.47,6364.0
2025-07-23 22:45:00+00:00,634.5,634.5,634.3,634.3,9230.0
2025-07-23 22:50:00+00:00,634.32,634.3991,634.32,634.33,13277.0
2025-07-23 22:55:00+00:00,634.32,634.399,634.32,634.35,2951.0
2025-07-23 23:00:00+00:00,634.37,634.39,634.3,634.34,2558.0
2025-07-23 23:05:00+00:00,634.48,634.58,634.48,634.58,1629.0
2025-07-23 23:10:00+00:00,634.56,634.61,634.49,634.5,12693.0
2025-07-23 23:15:00+00:00,634.4301,634.47,634.4,634.4,5056.0
2025-07-23 23:20:00+00:00,634.4186,634.42,634.3859,634.4199,3086.0
2025-07-23 23:25:00+00:00,634.3718,634.3718,634.35,634.35,630.0
2025-07-23 23:30:00+00:00,634.4,634.45,634.3801,634.45,2349.0
2025-07-23 23:35:00+00:00,634.5,634.5486,634.5,634.5486,2303.0
2025-07-23 23:40:00+00:00,634.57,634.61,634.53,634.58,5935.0
2025-07-23 23:45:00+00:00,634.56,634.57,634.52,634.5614,2984.0
2025-07-23 23:50:00+00:00,634.59,634.71,634.59,634.691,2251.0
2025-07-23 23:55:00+00:00,634.67,634.67,634.62,634.6595,2920.0
2025-07-24 08:00:00+00:00,633.95,634.1,633.91,634.0,7721.0
2025-07-24 08:05:00+00:00,633.95,633.99,633.8,633.99,4496.0
2025-07-24 08:10:00+00:00,634.03,634.29,634.03,634.28,4969.0
2025-07-24 08:15:00+00:00,634.3,634.33,634.26,634.32,1591.0
2025-07-24 08:20:00+00:00,634.28,634.37,634.23,634.36,3600.0
2025-07-24 08:25:00+00:00,634.4,634.48,634.4,634.48,1760.0
2025-07-24 08:30:00+00:00,634.45,634.59,634.45,634.59,1878.0
2025-07-24 08:35:00+00:00,634.51,634.54,634.49,634.49,4751.0
2025-07-24 08:40:00+00:00,634.48,634.48,634.33,634.35,3110.0
2025-07-24 08:45:00+00:00,634.41,634.43,634.41,634.43,438.0
2025-07-24 08:50:00+00:00,634.45,634.57,634.45,634.57,1651.0
2025-07-24 08:55:00+00:00,634.48,634.49,634.48,634.49,1215.0
2025-07-24 09:00:00+00:00,634.45,634.46,634.38,634.46,5099.0
2025-07-24 09:05:00+00:00,634.47,634.54,634.47,634.54,1002.0
2025-07-24 09:10:00+00:00,634.48,634.48,634.46,634.46,1128.0
2025-07-24 09:15:00+00:00,634.49,634.49,634.44,634.48,1184.0
2025-07-24 09:20:00+00:00,634.47,634.47,634.42,634.43,1492.0
2025-07-24 09:25:00+00:00,634.47,634.56,634.47,634.56,1187.0
2025-07-24 09:30:00+00:00,634.71,634.73,634.71,634.73,778.0
2025-07-24 09:35:00+00:00,634.69,634.69,634.69,634.69,211.0
2025-07-24 09:40:00+00:00,634.6,634.6,634.6,634.6,226.0
2025-07-24 09:45:00+00:00,634.62,634.63,634.62,634.63,285.0
2025-07-24 09:50:00+00:00,634.73,634.77,634.73,634.76,2097.0
2025-07-24 09:55:00+00:00,634.8,634.81,634.8,634.81,453.0
2025-07-24 10:00:00+00:00,634.73,634.83,634.54,634.65,6837.0
2025-07-24 10:05:00+00:00,634.61,634.66,634.61,634.63,424.0
2025-07-24 10:10:00+00:00,634.51,634.51,634.48,634.48,865.0
2025-07-24 10:15:00+00:00,634.47,634.47,634.44,634.44,451.0
2025-07-24 10:20:00+00:00,634.27,634.27,634.18,634.18,2087.0
2025-07-24 10:25:00+00:00,634.21,634.21,634.15,634.19,1810.0
2025-07-24 10:30:00+00:00,634.23,634.23,634.0,634.08,5334.0
2025-07-24 10:35:00+00:00,634.07,634.07,634.07,634.07,162.0
2025-07-24 10:40:00+00:00,634.24,634.26,634.24,634.26,542.0
2025-07-24 10:45:00+00:00,634.15,634.16,634.13,634.14,1889.0
2025-07-24 10:50:00+00:00,634.18,634.28,634.18,634.28,573.0
2025-07-24 10:55:00+00:00,634.19,634.26,634.19,634.24,518.0
2025-07-24 11:00:00+00:00,634.28,634.35,634.2,634.3,16581.0
2025-07-24 11:05:00+00:00,634.29,634.379,634.29,634.35,16669.0
2025-07-24 11:10:00+00:00,634.34,634.42,634.34,634.4,7648.0
2025-07-24 11:15:00+00:00,634.5,634.5,634.43,634.45,2378.0
2025-07-24 11:20:00+00:00,634.49,634.52,634.49,634.52,3749.0
2025-07-24 11:25:00+00:00,634.56,634.75,634.56,634.68,3471.0
2025-07-24 11:30:00+00:00,634.66,634.78,634.64,634.75,14044.0
2025-07-24 11:35:00+00:00,634.8,634.829,634.74,634.79,6006.0
2025-07-24 11:40:00+00:00,634.76,635.02,634.76,634.84,21495.0
2025-07-24 11:45:00+00:00,634.84,634.86,634.8,634.8,2798.0
2025-07-24 11:50:00+00:00,634.72,634.78,634.69,634.69,3997.0
2025-07-24 11:55:00+00:00,634.67,634.79,634.66,634.79,7855.0
2025-07-24 12:00:00+00:00,634.31,635.01,633.85,634.64,115759.0
2025-07-24 12:05:00+00:00,634.66,634.8,634.66,634.75,43611.0
2025-07-24 12:10:00+00:00,634.7,634.76,634.63,634.76,8461.0
2025-07-24 12:15:00+00:00,634.78,634.78,634.62,634.67,10926.0
2025-07-24 12:20:00+00:00,634.6,634.6,634.2,634.2599,37284.0
2025-07-24 12:25:00+00:00,634.22,634.53,634.22,634.53,9629.0
2025-07-24 12:30:00+00:00,634.61,634.64,634.08,634.1501,51709.0
2025-07-24 12:35:00+00:00,634.2,634.2,634.05,634.05,33257.0
2025-07-24 12:40:00+00:00,634.05,634.19,633.81,633.85,67367.0
2025-07-24 12:45:00+00:00,633.82,634.03,633.53,633.99,64902.0
2025-07-24 12:50:00+00:00,633.98,634.08,633.86,633.93,42500.0
2025-07-24 12:55:00+00:00,633.96,634.24,633.95,634.17,59272.0
2025-07-24 13:00:00+00:00,634.19,634.19,633.91,633.96,48753.0
2025-07-24 13:05:00+00:00,633.99,634.18,633.95,634.0801,65875.0
2025-07-24 13:10:00+00:00,634.1,634.24,633.9,634.03,75148.0
2025-07-24 13:15:00+00:00,634.07,634.07,633.85,634.0,45817.0
2025-07-24 13:20:00+00:00,634.06,634.35,634.0,634.32,72153.0
2025-07-24 13:25:00+00:00,634.34,634.65,634.34,634.59,146569.0
2025-07-24 13:30:00+00:00,634.6,634.91,634.1293,634.6188,1690984.0
2025-07-24 13:35:00+00:00,634.62,634.74,634.1,634.25,1071805.0
2025-07-24 13:40:00+00:00,634.25,634.64,633.99,634.58,1080626.0
2025-07-24 13:45:00+00:00,634.56,635.39,634.49,635.21,1003021.0
2025-07-24 13:50:00+00:00,635.21,635.28,634.64,634.65,1121749.0
2025-07-24 13:55:00+00:00,634.659,635.115,634.585,635.065,748795.0
2025-07-24 14:00:00+00:00,635.11,635.26,634.84,634.995,741972.0
2025-07-24 14:05:00+00:00,634.99,635.34,634.74,634.84,797792.0
2025-07-24 14:10:00+00:00,634.84,634.95,634.23,634.305,1312353.0
2025-07-24 14:15:00+00:00,634.31,634.62,634.07,634.62,959741.0
2025-07-24 14:20:00+00:00,634.615,634.745,634.51,634.595,540159.0
2025-07-24 14:25:00+00:00,634.585,634.89,634.42,634.82,590841.0
2025-07-24 14:30:00+00:00,634.82,635.02,634.73,634.88,511553.0
2025-07-24 14:35:00+00:00,634.88,635.17,634.8,635.09,610753.0
2025-07-24 14:40:00+00:00,635.085,635.2378,635.04,635.17,505782.0
2025-07-24 14:45:00+00:00,635.1601,635.43,635.12,635.4051,571725.0
2025-07-24 14:50:00+00:00,635.4051,635.5706,635.37,635.56,648211.0
2025-07-24 14:55:00+00:00,635.55,635.62,635.395,635.51,611985.0
2025-07-24 15:00:00+00:00,635.52,635.89,635.48,635.67,995536.0
2025-07-24 15:05:00+00:00,635.65,635.76,635.58,635.72,474856.0
2025-07-24 15:10:00+00:00,635.73,635.89,635.65,635.82,541555.0
2025-07-24 15:15:00+00:00,635.82,635.89,635.45,635.52,636104.0
2025-07-24 15:20:00+00:00,635.53,635.695,635.5,635.639,523910.0
2025-07-24 15:25:00+00:00,635.63,635.64,635.39,635.525,459465.0
2025-07-24 15:30:00+00:00,635.525,635.615,635.36,635.36,467711.0
2025-07-24 15:35:00+00:00,635.37,635.5,635.25,635.495,483376.0
2025-07-24 15:40:00+00:00,635.49,635.53,635.34,635.43,437047.0
2025-07-24 15:45:00+00:00,635.43,635.57,635.29,635.495,475066.0
2025-07-24 15:50:00+00:00,635.5,635.73,635.47,635.64,474625.0
2025-07-24 15:55:00+00:00,635.645,635.71,635.525,635.54,296426.0
2025-07-24 16:00:00+00:00,635.53,635.58,635.12,635.26,650468.0
2025-07-24 16:05:00+00:00,635.27,635.27,634.975,635.0501,579045.0
2025-07-24 16:10:00+00:00,635.06,635.11,634.75,634.79,595014.0
2025-07-24 16:15:00+00:00,634.78,634.965,634.62,634.9202,578700.0
2025-07-24 16:20:00+00:00,634.93,635.0799,634.735,634.8,403394.0
2025-07-24 16:25:00+00:00,634.81,634.8101,634.28,634.565,1217948.0
2025-07-24 16:30:00+00:00,634.57,634.74,634.45,634.595,781191.0
2025-07-24 16:35:00+00:00,634.59,634.885,634.45,634.86,536118.0
2025-07-24 16:40:00+00:00,634.87,635.02,634.81,634.96,540001.0
2025-07-24 16:45:00+00:00,634.96,635.01,634.66,634.83,422274.0
2025-07-24 16:50:00+00:00,634.8348,635.005,634.63,634.965,479963.0
2025-07-24 16:55:00+00:00,634.96,634.98,634.725,634.885,420734.0
2025-07-24 17:00:00+00:00,634.88,635.085,634.76,635.07,401720.0
2025-07-24 17:05:00+00:00,635.06,635.45,635.06,635.44,653164.0
2025-07-24 17:10:00+00:00,635.45,635.865,635.44,635.835,792403.0
2025-07-24 17:15:00+00:00,635.84,635.98,635.59,635.7799,667483.0
2025-07-24 17:20:00+00:00,635.78,635.78,635.51,635.705,383641.0
2025-07-24 17:25:00+00:00,635.7,635.71,635.3618,635.38,312942.0
2025-07-24 17:30:00+00:00,635.38,635.58,635.35,635.535,268389.0
2025-07-24 17:35:00+00:00,635.52,635.5883,635.4148,635.44,307322.0
2025-07-24 17:40:00+00:00,635.44,635.505,635.22,635.265,502517.0
2025-07-24 17:45:00+00:00,635.265,635.4787,635.23,635.3947,448108.0
2025-07-24 17:50:00+00:00,635.395,635.52,635.325,635.45,356044.0
2025-07-24 17:55:00+00:00,635.445,635.46,635.125,635.245,420972.0
2025-07-24 18:00:00+00:00,635.25,635.79,635.23,635.69,1129618.0
2025-07-24 18:05:00+00:00,635.685,635.805,635.56,635.795,728275.0
2025-07-24 18:10:00+00:00,635.8,636.15,635.77,635.855,1217922.0
2025-07-24 18:15:00+00:00,635.85,635.95,635.775,635.8575,621740.0
2025-07-24 18:20:00+00:00,635.865,635.865,635.56,635.69,1500814.0
2025-07-24 18:25:00+00:00,635.69,635.8499,635.67,635.78,523079.0
2025-07-24 18:30:00+00:00,635.785,635.93,635.6117,635.66,889112.0
2025-07-24 18:35:00+00:00,635.66,635.6799,635.465,635.495,621952.0
2025-07-24 18:40:00+00:00,635.51,635.545,635.37,635.41,453423.0
2025-07-24 18:45:00+00:00,635.41,635.43,634.69,635.16,1290394.0
2025-07-24 18:50:00+00:00,635.17,635.18,634.92,635.0899,646754.0
2025-07-24 18:55:00+00:00,635.08,635.36,635.06,635.2299,1107368.0
2025-07-24 19:00:00+00:00,635.22,635.42,635.13,635.38,739870.0
2025-07-24 19:05:00+00:00,635.37,635.375,635.2,635.31,368693.0
2025-07-24 19:10:00+00:00,635.32,635.525,635.32,635.43,575398.0
2025-07-24 19:15:00+00:00,635.43,635.59,635.415,635.54,641526.0
2025-07-24 19:20:00+00:00,635.54,635.74,635.485,635.68,597087.0
2025-07-24 19:25:00+00:00,635.685,635.755,635.3,635.4718,1037480.0
2025-07-24 19:30:00+00:00,635.475,635.575,635.385,635.45,895129.0
2025-07-24 19:35:00+00:00,635.44,635.5,635.192,635.2,1108012.0
2025-07-24 19:40:00+00:00,635.2,635.26,634.845,635.08,1294232.0
2025-07-24 19:45:00+00:00,635.085,635.09,634.585,634.94,1620095.0
2025-07-24 19:50:00+00:00,634.93,635.17,634.63,634.95,3372620.0
2025-07-24 19:55:00+00:00,634.95,635.055,634.25,634.43,6755202.0
2025-07-24 20:00:00+00:00,634.48,634.55,634.25,634.29,958329.0
2025-07-24 20:05:00+00:00,634.29,634.56,634.26,634.4102,661152.0
2025-07-24 20:10:00+00:00,634.42,634.73,634.38,634.73,2610513.0
2025-07-24 20:15:00+00:00,634.72,635.239167,634.6,634.68,383286.0
2025-07-24 20:20:00+00:00,634.68,634.68,634.4,634.6,93640.0
2025-07-24 20:25:00+00:00,634.62,634.8,634.59,634.78,82422.0
2025-07-24 20:30:00+00:00,634.78,634.81,634.72,634.74,24489.0
2025-07-24 20:35:00+00:00,634.77,635.0,634.77,634.9,78119.0
2025-07-24 20:40:00+00:00,634.94,635.05,634.91,634.91,44842.0
2025-07-24 20:45:00+00:00,634.88,635.06,634.88,635.03,23299.0
2025-07-24 20:50:00+00:00,635.0,635.02,634.91,634.95,5694.0
2025-07-24 20:55:00+00:00,634.96,635.0,634.92,634.92,5974.0
2025-07-24 21:00:00+00:00,634.91,635.0001,634.91,635.0,6903.0
2025-07-24 21:05:00+00:00,634.96,635.01,634.9,634.99,1897.0
2025-07-24 21:10:00+00:00,634.99,634.99,634.99,634.99,193.0
2025-07-24 21:15:00+00:00,635.0,635.07,635.0,635.06,14197.0
2025-07-24 21:20:00+00:00,635.02,635.04,635.0,635.0,1647.0
2025-07-24 21:25:00+00:00,635.0063,635.05,634.97,635.0,1985.0
2025-07-24 21:30:00+00:00,635.01,635.01,635.0,635.0,1598.0
2025-07-24 21:35:00+00:00,634.9999,634.9999,634.9999,634.9999,525.0
2025-07-24 21:40:00+00:00,634.98,634.98,634.92,634.92,976.0
2025-07-24 21:45:00+00:00,634.92,634.93,634.92,634.93,2183.0
2025-07-24 22:00:00+00:00,635.0,635.11,634.88,635.1,9507.0
2025-07-24 22:05:00+00:00,635.12,635.26,635.12,635.19,4240.0
2025-07-24 22:10:00+00:00,635.2,635.33,635.2,635.33,14566.0
2025-07-24 22:15:00+00:00,635.33,635.44,635.321,635.42,8136.0
2025-07-24 22:20:00+00:00,635.44,635.45,635.31,635.4,1908.0
2025-07-24 22:25:00+00:00,635.44,635.54,635.4,635.46,8636.0
2025-07-24 22:30:00+00:00,635.46,635.46,635.28,635.29,10260.0
2025-07-24 22:35:00+00:00,635.29,635.39,635.29,635.39,812.0
2025-07-24 22:40:00+00:00,635.38,635.42,635.341,635.38,1960.0
2025-07-24 22:45:00+00:00,635.35,635.39,635.35,635.39,3844.0
2025-07-24 22:50:00+00:00,635.339,635.339,635.26,635.27,4598.0
2025-07-24 22:55:00+00:00,635.27,635.3101,635.27,635.31,1186.0
2025-07-24 23:00:00+00:00,635.2504,635.2504,635.1821,635.2199,3863.0
2025-07-24 23:05:00+00:00,635.27,635.33,635.27,635.33,714.0
2025-07-24 23:10:00+00:00,635.31,635.3107,635.2,635.21,6338.0
2025-07-24 23:15:00+00:00,635.1991,635.2,635.18,635.2,1183.0
2025-07-24 23:20:00+00:00,635.22,635.22,635.22,635.22,108.0
2025-07-24 23:25:00+00:00,635.17,635.17,635.06,635.1,4071.0
2025-07-24 23:30:00+00:00,635.12,635.13,635.099,635.13,1273.0
2025-07-24 23:35:00+00:00,635.13,635.2599,635.12,635.2599,1543.0
2025-07-24 23:45:00+00:00,635.3801,635.42,635.3801,635.39,1534.0
2025-07-24 23:50:00+00:00,635.4,635.45,635.36,635.45,3542.0
2025-07-24 23:55:00+00:00,635.47,635.49,635.44,635.44,2839.0
2025-07-25 08:00:00+00:00,635.01,635.19,634.98,635.0,10191.0
2025-07-25 08:05:00+00:00,635.04,635.17,635.04,635.16,3321.0
2025-07-25 08:10:00+00:00,635.15,635.16,635.05,635.05,4014.0
2025-07-25 08:15:00+00:00,635.07,635.08,635.01,635.01,3174.0
2025-07-25 08:20:00+00:00,634.91,634.94,634.71,634.94,3852.0
2025-07-25 08:25:00+00:00,634.95,635.11,634.93,635.11,2435.0
2025-07-25 08:30:00+00:00,635.26,635.26,635.26,635.26,528.0
2025-07-25 08:35:00+00:00,635.24,635.3,635.24,635.29,3570.0
2025-07-25 08:40:00+00:00,635.34,635.35,635.34,635.35,516.0
2025-07-25 08:45:00+00:00,635.29,635.37,635.28,635.37,1256.0
2025-07-25 08:50:00+00:00,635.36,635.36,635.33,635.35,2081.0
2025-07-25 08:55:00+00:00,635.27,635.27,635.16,635.17,22863.0
2025-07-25 09:00:00+00:00,635.18,635.18,635.09,635.09,841.0
2025-07-25 09:05:00+00:00,635.14,635.14,635.12,635.12,255.0
2025-07-25 09:15:00+00:00,635.09,635.1,635.03,635.03,963.0
2025-07-25 09:20:00+00:00,634.99,635.08,634.94,635.08,1474.0
2025-07-25 09:25:00+00:00,635.1,635.18,635.1,635.18,668.0
2025-07-25 09:30:00+00:00,635.25,635.38,635.25,635.26,12007.0
2025-07-25 09:45:00+00:00,635.25,635.25,635.15,635.2,2000.0
2025-07-25 09:50:00+00:00,635.19,635.2,635.17,635.19,1254.0
2025-07-25 09:55:00+00:00,635.2,635.3,635.2,635.3,837.0
2025-07-25 10:00:00+00:00,635.26,635.27,635.23,635.23,553.0
2025-07-25 10:05:00+00:00,635.2,635.2,635.17,635.17,561.0
2025-07-25 10:10:00+00:00,635.21,635.21,635.15,635.2,2581.0
2025-07-25 10:15:00+00:00,635.18,635.23,635.18,635.23,740.0
2025-07-25 10:20:00+00:00,635.19,635.21,635.18,635.21,1120.0
2025-07-25 10:25:00+00:00,635.21,635.31,635.2,635.3,2238.0
2025-07-25 10:30:00+00:00,635.33,635.45,635.29,635.45,3181.0
2025-07-25 10:35:00+00:00,635.46,635.48,635.41,635.48,2037.0
2025-07-25 10:40:00+00:00,635.47,635.51,635.46,635.46,2259.0
2025-07-25 10:45:00+00:00,635.47,635.51,635.44,635.51,988.0
2025-07-25 10:50:00+00:00,635.56,635.56,635.56,635.56,461.0
2025-07-25 10:55:00+00:00,635.51,635.51,635.44,635.44,5874.0
2025-07-25 11:00:00+00:00,635.48,635.48,635.37,635.399,4903.0
2025-07-25 11:05:00+00:00,635.39,635.42,635.36,635.42,2809.0
2025-07-25 11:10:00+00:00,635.4,635.47,635.35,635.41,3193.0
2025-07-25 11:15:00+00:00,635.45,635.45,635.26,635.26,2707.0
2025-07-25 11:20:00+00:00,635.35,635.35,635.3,635.3,1475.0
2025-07-25 11:25:00+00:00,635.32,635.33,635.25,635.33,1743.0
2025-07-25 11:30:00+00:00,635.33,635.33,635.15,635.16,4322.0
2025-07-25 11:35:00+00:00,635.27,635.28,635.23,635.26,1707.0
2025-07-25 11:40:00+00:00,635.23,635.3,635.23,635.27,3836.0
2025-07-25 11:45:00+00:00,635.2,635.26,635.15,635.15,3615.0
2025-07-25 11:50:00+00:00,635.17,635.17,635.0,635.07,19179.0
2025-07-25 11:55:00+00:00,635.11,635.19,635.11,635.16,4849.0
2025-07-25 12:00:00+00:00,635.28,636.4,634.92,635.15,44483.0
2025-07-25 12:05:00+00:00,635.11,635.13,635.05,635.05,6747.0
2025-07-25 12:10:00+00:00,635.15,635.16,635.08,635.1,15686.0
2025-07-25 12:15:00+00:00,635.11,635.2899,635.0808,635.23,9830.0
2025-07-25 12:20:00+00:00,635.25,635.4496,635.25,635.43,11592.0
2025-07-25 12:25:00+00:00,635.4504,635.5,635.29,635.35,29656.0
2025-07-25 12:30:00+00:00,635.37,635.51,635.37,635.48,44635.0
2025-07-25 12:35:00+00:00,635.48,635.55,635.39,635.54,11605.0
2025-07-25 12:40:00+00:00,635.5408,635.55,635.35,635.3799,20697.0
2025-07-25 12:45:00+00:00,635.36,635.38,635.28,635.28,19463.0
2025-07-25 12:50:00+00:00,635.29,635.33,635.25,635.28,19503.0
2025-07-25 12:55:00+00:00,635.27,635.31,635.24,635.28,16434.0
2025-07-25 13:00:00+00:00,635.27,635.37,635.09,635.15,74012.0
2025-07-25 13:05:00+00:00,635.18,635.27,634.78,635.03,117053.0
2025-07-25 13:10:00+00:00,635.09,635.3,634.91,634.97,64750.0
2025-07-25 13:15:00+00:00,634.89,635.23,634.89,635.1798,100723.0
2025-07-25 13:20:00+00:00,635.12,635.39,635.09,635.17,70702.0
2025-07-25 13:25:00+00:00,635.22,635.3,635.01,635.07,71984.0
2025-07-25 13:30:00+00:00,635.09,635.31,634.84,635.25,1122238.0
2025-07-25 13:35:00+00:00,635.25,635.49,634.96,635.31,886209.0
2025-07-25 13:40:00+00:00,635.31,635.415,635.115,635.2993,718258.0
2025-07-25 13:45:00+00:00,635.3,635.445,635.13,635.395,850416.0
2025-07-25 13:50:00+00:00,635.39,635.6,635.15,635.42,793153.0
2025-07-25 13:55:00+00:00,635.42,635.55,635.14,635.24,639005.0
2025-07-25 14:00:00+00:00,635.25,635.45,634.92,634.92,663611.0
2025-07-25 14:05:00+00:00,634.9114,635.34,634.87,635.19,748583.0
2025-07-25 14:10:00+00:00,635.19,635.57,635.19,635.305,615908.0
2025-07-25 14:15:00+00:00,635.3051,635.58,635.2253,635.575,478023.0
2025-07-25 14:20:00+00:00,635.57,635.61,635.15,635.25,529748.0
2025-07-25 14:25:00+00:00,635.24,635.54,635.24,635.47,437101.0
2025-07-25 14:30:00+00:00,635.47,635.94,635.29,635.5869,820196.0
2025-07-25 14:35:00+00:00,635.59,635.9,635.5899,635.72,602166.0
2025-07-25 14:40:00+00:00,635.713,635.99,635.713,635.955,542723.0
2025-07-25 14:45:00+00:00,635.95,636.13,635.88,635.97,725063.0
2025-07-25 14:50:00+00:00,635.97,635.99,635.83,635.905,445703.0
2025-07-25 14:55:00+00:00,635.895,635.965,635.67,635.825,562449.0
2025-07-25 15:00:00+00:00,635.81,635.94,635.7,635.82,387942.0
2025-07-25 15:05:00+00:00,635.83,635.9174,635.7,635.735,301458.0
2025-07-25 15:10:00+00:00,635.735,635.93,635.73,635.9,364189.0
2025-07-25 15:15:00+00:00,635.91,636.06,635.88,635.925,334859.0
2025-07-25 15:20:00+00:00,635.93,636.01,635.725,635.92,532057.0
2025-07-25 15:25:00+00:00,635.92,636.095,635.89,636.02,375154.0
2025-07-25 15:30:00+00:00,636.02,636.08,635.9,635.905,459661.0
2025-07-25 15:35:00+00:00,635.9,635.98,635.77,635.845,334107.0
2025-07-25 15:40:00+00:00,635.85,635.93,635.64,635.66,1299667.0
2025-07-25 15:45:00+00:00,635.66,635.8699,635.61,635.84,346510.0
2025-07-25 15:50:00+00:00,635.83,635.98,635.83,635.925,287078.0
2025-07-25 15:55:00+00:00,635.92,635.99,635.89,635.93,295828.0
2025-07-25 16:00:00+00:00,635.93,635.99,635.83,635.885,360297.0
2025-07-25 16:05:00+00:00,635.89,636.07,635.79,636.035,417731.0
2025-07-25 16:10:00+00:00,636.03,636.4,636.02,636.3307,772993.0
2025-07-25 16:15:00+00:00,636.34,636.375,636.21,636.32,522146.0
2025-07-25 16:20:00+00:00,636.3199,636.61,636.18,636.585,603751.0
2025-07-25 16:25:00+00:00,636.58,636.93,636.58,636.76,986372.0
2025-07-25 16:30:00+00:00,636.76,636.96,636.7,636.7001,635425.0
2025-07-25 16:35:00+00:00,636.71,636.84,636.66,636.73,377417.0
2025-07-25 16:40:00+00:00,636.72,636.78,636.6,636.7599,1312511.0
2025-07-25 16:45:00+00:00,636.75,636.88,636.68,636.78,259095.0
2025-07-25 16:50:00+00:00,636.78,636.96,636.72,636.86,585539.0
2025-07-25 16:55:00+00:00,636.86,636.95,636.825,636.845,333691.0
2025-07-25 17:00:00+00:00,636.845,636.9,636.715,636.86,1344687.0
2025-07-25 17:05:00+00:00,636.86,636.93,636.8,636.84,259465.0
2025-07-25 17:10:00+00:00,636.85,637.04,636.845,637.0,375026.0
2025-07-25 17:15:00+00:00,637.0,637.015,636.74,636.7646,362121.0
2025-07-25 17:20:00+00:00,636.76,636.97,636.67,636.965,229086.0
2025-07-25 17:25:00+00:00,636.965,637.13,636.9401,637.0452,362656.0
2025-07-25 17:30:00+00:00,637.05,637.36,637.045,637.32,682645.0
2025-07-25 17:35:00+00:00,637.32,637.345,637.2,637.2,570453.0
2025-07-25 17:40:00+00:00,637.2,637.23,637.0999,637.215,356617.0
2025-07-25 17:45:00+00:00,637.22,637.29,637.165,637.25,280108.0
2025-07-25 17:50:00+00:00,637.24,637.24,637.125,637.15,210100.0
2025-07-25 17:55:00+00:00,637.15,637.26,637.12,637.1315,289474.0
2025-07-25 18:00:00+00:00,637.132,637.16,636.97,637.12,409453.0
2025-07-25 18:05:00+00:00,637.12,637.235,637.05,637.15,418677.0
2025-07-25 18:10:00+00:00,637.14,637.42,637.14,637.375,437688.0
2025-07-25 18:15:00+00:00,637.37,637.445,637.28,637.365,408900.0
2025-07-25 18:20:00+00:00,637.36,637.53,637.35,637.4,731069.0
2025-07-25 18:25:00+00:00,637.4,637.44,637.27,637.33,327568.0
2025-07-25 18:30:00+00:00,637.33,637.5099,637.32,637.39,304054.0
2025-07-25 18:35:00+00:00,637.385,637.43,637.35,637.3748,237964.0
2025-07-25 18:40:00+00:00,637.37,637.46,637.345,637.42,272534.0
2025-07-25 18:45:00+00:00,637.42,637.54,637.4,637.4201,312971.0
2025-07-25 18:50:00+00:00,637.42,637.4252,637.245,637.305,449879.0
2025-07-25 18:55:00+00:00,637.3,637.37,637.19,637.195,567763.0
2025-07-25 19:00:00+00:00,637.19,637.29,637.175,637.285,544206.0
2025-07-25 19:05:00+00:00,637.28,637.3,637.21,637.26,237853.0
2025-07-25 19:10:00+00:00,637.255,637.5,637.23,637.4,547954.0
2025-07-25 19:15:00+00:00,637.4,637.54,637.36,637.525,550142.0
2025-07-25 19:20:00+00:00,637.52,637.5799,637.35,637.38,454559.0
2025-07-25 19:25:00+00:00,637.37,637.44,637.26,637.34,564632.0
2025-07-25 19:30:00+00:00,637.33,637.39,637.23,637.24,546684.0
2025-07-25 19:35:00+00:00,637.25,637.49,637.23,637.405,799548.0
2025-07-25 19:40:00+00:00,637.41,637.48,637.27,637.28,762435.0
2025-07-25 19:45:00+00:00,637.28,637.41,637.2,637.29,975827.0
2025-07-25 19:50:00+00:00,637.29,637.29,636.89,636.92,2310793.0
2025-07-25 19:55:00+00:00,636.92,637.175,636.625,637.03,6221960.0
2025-07-25 20:00:00+00:00,637.02,637.1,636.66,636.83,735363.0
2025-07-25 20:05:00+00:00,636.81,636.87,636.74,636.79,413469.0
2025-07-25 20:10:00+00:00,636.78,637.02,636.6,637.0,2571320.0
2025-07-25 20:15:00+00:00,637.0,637.1,636.95,637.05,396018.0
2025-07-25 20:20:00+00:00,637.0,637.04,636.96,637.02,50645.0
2025-07-25 20:25:00+00:00,637.02,637.06,636.92,637.06,42683.0
2025-07-25 20:30:00+00:00,637.02,637.26,637.0,637.26,116818.0
2025-07-25 20:35:00+00:00,637.24,637.31,637.2,637.28,131063.0
2025-07-25 20:40:00+00:00,637.31,637.35,637.17,637.25,93475.0
2025-07-25 20:45:00+00:00,637.25,637.3846,637.22,637.26,39300.0
2025-07-25 20:50:00+00:00,637.21,637.26,637.18,637.18,12161.0
2025-07-25 20:55:00+00:00,637.17,637.3,637.1,637.25,24251.0
2025-07-25 21:00:00+00:00,637.18,637.18,637.1192,637.12,6802.0
2025-07-25 21:05:00+00:00,637.12,637.12,637.07,637.1,11171.0
2025-07-25 21:10:00+00:00,637.11,637.17,637.08,637.17,20236.0
2025-07-25 21:15:00+00:00,637.17,637.28,637.08,637.27,15246.0
2025-07-25 21:20:00+00:00,637.27,637.28,637.11,637.11,12369.0
2025-07-25 21:25:00+00:00,637.15,637.26,637.15,637.26,4613.0
2025-07-25 21:30:00+00:00,637.23,637.23,637.23,637.23,430.0
2025-07-25 21:35:00+00:00,637.22,637.22,637.13,637.13,3677.0
2025-07-25 21:40:00+00:00,637.13,637.16,637.12,637.16,4515.0
2025-07-25 21:45:00+00:00,637.17,637.17,637.0899,637.0899,2729.0
2025-07-25 21:50:00+00:00,637.09,637.18,637.08,637.18,2141.0
2025-07-25 21:55:00+00:00,637.21,637.27,637.21,637.2699,4033.0
2025-07-25 22:00:00+00:00,637.3,637.3,637.27,637.27,9051.0
2025-07-25 22:10:00+00:00,637.3,637.3,637.2995,637.2995,1635.0
2025-07-25 22:20:00+00:00,637.28,637.29,637.2601,637.28,1933.0
2025-07-25 22:25:00+00:00,637.264,637.35,637.264,637.35,594.0
2025-07-25 22:35:00+00:00,637.26,637.26,637.26,637.26,326.0
2025-07-25 22:40:00+00:00,637.2501,637.2501,637.2501,637.2501,509.0
2025-07-25 22:55:00+00:00,637.27,637.35,637.27,637.35,966.0
2025-07-25 23:10:00+00:00,637.3298,637.33,637.32,637.3299,2904.0
2025-07-25 23:15:00+00:00,637.34,637.38,637.32,637.32,716.0
2025-07-25 23:20:00+00:00,637.3112,637.3112,637.31,637.31,628.0
2025-07-25 23:25:00+00:00,637.3701,637.39,637.3701,637.39,864.0
2025-07-25 23:30:00+00:00,637.4,637.4,637.38,637.38,404.0
2025-07-25 23:35:00+00:00,637.39,637.39,637.39,637.39,120.0
2025-07-25 23:40:00+00:00,637.35,637.4,637.35,637.4,2509.0
2025-07-25 23:45:00+00:00,637.41,637.49,637.41,637.49,909.0
2025-07-25 23:50:00+00:00,637.4501,637.47,637.4501,637.47,881.0
2025-07-25 23:55:00+00:00,637.48,637.5,637.4368,637.4598,4578.0
2025-07-28 08:00:00+00:00,639.24,639.26,639.08,639.11,18969.0
2025-07-28 08:05:00+00:00,639.09,639.21,639.07,639.17,3632.0
2025-07-28 08:10:00+00:00,639.18,639.24,639.08,639.13,3686.0
2025-07-28 08:15:00+00:00,639.1,639.15,639.1,639.14,5472.0
2025-07-28 08:20:00+00:00,639.3,639.33,639.23,639.23,1729.0
2025-07-28 08:25:00+00:00,639.21,639.21,639.09,639.13,11014.0
2025-07-28 08:30:00+00:00,639.15,639.15,639.14,639.14,620.0
2025-07-28 08:35:00+00:00,639.24,639.24,639.24,639.24,187.0
2025-07-28 08:40:00+00:00,639.24,639.25,639.17,639.17,10794.0
2025-07-28 08:45:00+00:00,639.16,639.22,639.12,639.15,13341.0
2025-07-28 08:50:00+00:00,639.18,639.18,639.09,639.1,2560.0
2025-07-28 08:55:00+00:00,639.12,639.12,639.02,639.04,6601.0
2025-07-28 09:00:00+00:00,639.09,639.15,639.09,639.15,1793.0
2025-07-28 09:05:00+00:00,639.11,639.15,639.11,639.15,4383.0
2025-07-28 09:10:00+00:00,639.17,639.17,639.07,639.07,1946.0
2025-07-28 09:15:00+00:00,639.09,639.11,639.07,639.11,917.0
2025-07-28 09:20:00+00:00,639.14,639.14,638.73,638.81,4890.0
2025-07-28 09:25:00+00:00,638.73,638.91,638.73,638.9,1956.0
2025-07-28 09:30:00+00:00,639.02,639.02,639.02,639.02,293.0
2025-07-28 09:35:00+00:00,638.95,638.97,638.88,638.88,4467.0
2025-07-28 09:40:00+00:00,638.84,638.86,638.84,638.86,1395.0
2025-07-28 09:45:00+00:00,638.86,638.89,638.8,638.82,5532.0
2025-07-28 09:50:00+00:00,638.8,638.83,638.73,638.73,5071.0
2025-07-28 09:55:00+00:00,638.73,638.73,638.66,638.66,1416.0
2025-07-28 10:00:00+00:00,638.75,638.76,638.75,638.76,922.0
2025-07-28 10:05:00+00:00,638.76,638.78,638.73,638.74,11104.0
2025-07-28 10:10:00+00:00,638.66,638.73,638.64,638.7,3672.0
2025-07-28 10:15:00+00:00,638.74,638.85,638.74,638.82,2392.0
2025-07-28 10:20:00+00:00,638.73,638.74,638.73,638.74,492.0
2025-07-28 10:25:00+00:00,638.63,638.63,638.46,638.57,5857.0
2025-07-28 10:30:00+00:00,638.56,638.57,638.44,638.5,2041.0
2025-07-28 10:35:00+00:00,638.45,638.53,638.35,638.38,11425.0
2025-07-28 10:40:00+00:00,638.37,638.39,638.23,638.25,6418.0
2025-07-28 10:45:00+00:00,638.23,638.33,638.11,638.23,7140.0
2025-07-28 10:50:00+00:00,638.21,638.25,638.02,638.06,5976.0
2025-07-28 10:55:00+00:00,638.15,638.22,638.02,638.21,8463.0
2025-07-28 11:00:00+00:00,638.15,638.35,638.09,638.25,14583.0
2025-07-28 11:05:00+00:00,638.22,638.31,638.21,638.27,11470.0
2025-07-28 11:10:00+00:00,638.21,638.38,638.21,638.36,25165.0
2025-07-28 11:15:00+00:00,638.36,638.39,638.1,638.17,13412.0
2025-07-28 11:20:00+00:00,638.19,638.27,638.18,638.25,4962.0
2025-07-28 11:25:00+00:00,638.28,638.31,638.16,638.17,14152.0
2025-07-28 11:30:00+00:00,638.13,638.23,638.13,638.23,10555.0
2025-07-28 11:35:00+00:00,638.24,638.24,638.23,638.23,2074.0
2025-07-28 11:40:00+00:00,638.3,638.34,638.21,638.24,5356.0
2025-07-28 11:45:00+00:00,638.23,638.23,638.08,638.17,9682.0
2025-07-28 11:50:00+00:00,638.22,638.31,638.2,638.21,8885.0
2025-07-28 11:55:00+00:00,638.27,638.31,638.24,638.26,18176.0
2025-07-28 12:00:00+00:00,638.3,640.26,638.01,638.19,107486.0
2025-07-28 12:05:00+00:00,638.22,638.28,638.17,638.28,60336.0
2025-07-28 12:10:00+00:00,638.3,638.32,638.02,638.02,17004.0
2025-07-28 12:15:00+00:00,638.03,638.26,638.03,638.24,29300.0
2025-07-28 12:20:00+00:00,638.24,638.35,638.15,638.33,26675.0
2025-07-28 12:25:00+00:00,638.31,638.39,638.27,638.3,48367.0
2025-07-28 12:30:00+00:00,638.27,638.29,638.09,638.16,28876.0
2025-07-28 12:35:00+00:00,638.2,638.37,638.17,638.33,29228.0
2025-07-28 12:40:00+00:00,638.35,638.55,638.32,638.49,37810.0
2025-07-28 12:45:00+00:00,638.53,638.58,638.5,638.58,28524.0
2025-07-28 12:50:00+00:00,638.58,638.62,638.5,638.51,36844.0
2025-07-28 12:55:00+00:00,638.53,638.55,638.49,638.51,22931.0
2025-07-28 13:00:00+00:00,638.54,638.54,638.21,638.22,48051.0
2025-07-28 13:05:00+00:00,638.19,638.2,637.94,637.98,64043.0
2025-07-28 13:10:00+00:00,637.98,638.01,637.61,637.78,93172.0
2025-07-28 13:15:00+00:00,637.77,638.01,637.74,637.76,46544.0
2025-07-28 13:20:00+00:00,637.77,637.83,637.64,637.81,81707.0
2025-07-28 13:25:00+00:00,637.78,637.78,637.46,637.49,151859.0
2025-07-28 13:30:00+00:00,637.48,637.84,637.315,637.565,2059794.0
2025-07-28 13:35:00+00:00,637.57,637.72,637.36,637.41,893396.0
2025-07-28 13:40:00+00:00,637.415,637.42,637.08,637.34,1381416.0
2025-07-28 13:45:00+00:00,637.34,637.69,637.16,637.275,1203827.0
2025-07-28 13:50:00+00:00,637.27,637.515,637.185,637.285,610316.0
2025-07-28 13:55:00+00:00,637.285,637.49,637.12,637.45,760407.0
2025-07-28 14:00:00+00:00,637.44,637.66,637.27,637.66,757612.0
2025-07-28 14:05:00+00:00,637.65,637.935,637.65,637.8265,1017353.0
2025-07-28 14:10:00+00:00,637.82,637.98,637.62,637.9688,897250.0
2025-07-28 14:15:00+00:00,637.96,638.04,637.7899,637.83,502349.0
2025-07-28 14:20:00+00:00,637.84,637.94,637.31,637.52,765807.0
2025-07-28 14:25:00+00:00,637.51,637.82,637.445,637.735,459058.0
2025-07-28 14:30:00+00:00,637.74,637.84,637.5648,637.625,584103.0
2025-07-28 14:35:00+00:00,637.62,637.6952,637.4,637.695,613381.0
2025-07-28 14:40:00+00:00,637.69,637.8999,637.57,637.83,450994.0
2025-07-28 14:45:00+00:00,637.82,637.845,637.59,637.68,331567.0
2025-07-28 14:50:00+00:00,637.6877,637.6877,637.28,637.34,457942.0
2025-07-28 14:55:00+00:00,637.33,637.51,637.24,637.4353,611873.0
2025-07-28 15:00:00+00:00,637.44,637.49,637.1935,637.32,542000.0
2025-07-28 15:05:00+00:00,637.32,637.52,637.315,637.42,513957.0
2025-07-28 15:10:00+00:00,637.43,637.43,637.2799,637.36,427402.0
2025-07-28 15:15:00+00:00,637.35,637.4793,636.55,636.72,984738.0
2025-07-28 15:20:00+00:00,636.715,636.965,636.33,636.94,1103969.0
2025-07-28 15:25:00+00:00,636.94,637.09,636.82,637.07,406765.0
2025-07-28 15:30:00+00:00,637.07,637.27,636.98,637.19,373528.0
2025-07-28 15:35:00+00:00,637.19,637.37,637.17,637.19,340709.0
2025-07-28 15:40:00+00:00,637.195,637.32,637.1412,637.29,432100.0
2025-07-28 15:45:00+00:00,637.285,637.35,637.16,637.335,317463.0
2025-07-28 15:50:00+00:00,637.34,637.55,637.29,637.515,293866.0
2025-07-28 15:55:00+00:00,637.51,637.57,637.37,637.39,293978.0
2025-07-28 16:00:00+00:00,637.38,637.41,637.165,637.315,365862.0
2025-07-28 16:05:00+00:00,637.33,637.39,637.07,637.08,253970.0
2025-07-28 16:10:00+00:00,637.08,637.3,637.045,637.275,317684.0
2025-07-28 16:15:00+00:00,637.275,637.505,637.22,637.44,318171.0
2025-07-28 16:20:00+00:00,637.44,637.65,637.395,637.45,375684.0
2025-07-28 16:25:00+00:00,637.45,637.48,637.28,637.4,275220.0
2025-07-28 16:30:00+00:00,637.395,637.41,637.17,637.2299,292586.0
2025-07-28 16:35:00+00:00,637.225,637.26,637.08,637.125,257576.0
2025-07-28 16:40:00+00:00,637.13,637.28,637.1,637.135,280307.0
2025-07-28 16:45:00+00:00,637.13,637.13,636.81,636.9,492646.0
2025-07-28 16:50:00+00:00,636.9,636.965,636.7501,636.875,319541.0
2025-07-28 16:55:00+00:00,636.875,636.98,636.835,636.885,271864.0
2025-07-28 17:00:00+00:00,636.8896,637.05,636.79,637.05,323818.0
2025-07-28 17:05:00+00:00,637.02,637.145,636.92,636.96,434791.0
2025-07-28 17:10:00+00:00,636.97,637.075,636.92,636.98,278641.0
2025-07-28 17:15:00+00:00,636.99,637.01,636.2301,636.4,744744.0
2025-07-28 17:20:00+00:00,636.38,636.67,636.275,636.3301,574515.0
2025-07-28 17:25:00+00:00,636.33,636.53,636.16,636.32,517784.0
2025-07-28 17:30:00+00:00,636.31,636.69,636.3,636.61,305039.0
2025-07-28 17:35:00+00:00,636.59,636.73,636.53,636.595,232049.0
2025-07-28 17:40:00+00:00,636.59,636.7399,636.59,636.71,234824.0
2025-07-28 17:45:00+00:00,636.73,636.76,636.46,636.46,220203.0
2025-07-28 17:50:00+00:00,636.47,636.54,636.285,636.315,364768.0
2025-07-28 17:55:00+00:00,636.315,636.43,636.065,636.11,566443.0
2025-07-28 18:00:00+00:00,636.1,636.23,635.85,635.94,1016326.0
2025-07-28 18:05:00+00:00,635.93,636.04,635.54,635.8,1193744.0
2025-07-28 18:10:00+00:00,635.8,636.05,635.68,635.99,516503.0
2025-07-28 18:15:00+00:00,635.99,636.165,635.91,635.93,548832.0
2025-07-28 18:20:00+00:00,635.93,635.94,635.73,635.7788,323216.0
2025-07-28 18:25:00+00:00,635.78,636.07,635.71,636.03,651628.0
2025-07-28 18:30:00+00:00,636.04,636.08,635.85,635.925,508390.0
2025-07-28 18:35:00+00:00,635.905,636.0852,635.82,636.02,352861.0
2025-07-28 18:40:00+00:00,636.02,636.13,635.94,635.995,307217.0
2025-07-28 18:45:00+00:00,635.995,636.135,635.88,636.062,452079.0
2025-07-28 18:50:00+00:00,636.07,636.29,636.065,636.17,737153.0
2025-07-28 18:55:00+00:00,636.17,636.2479,636.02,636.08,512374.0
2025-07-28 19:00:00+00:00,636.07,636.11,635.895,635.97,559460.0
2025-07-28 19:05:00+00:00,635.96,636.0176,635.69,635.81,535837.0
2025-07-28 19:10:00+00:00,635.82,635.9812,635.75,635.9588,430915.0
2025-07-28 19:15:00+00:00,635.96,635.999,635.76,635.92,558445.0
2025-07-28 19:20:00+00:00,635.92,636.1399,635.92,636.005,640944.0
2025-07-28 19:25:00+00:00,636.0,636.0748,635.935,636.04,494560.0
2025-07-28 19:30:00+00:00,636.05,636.13,635.82,635.88,745050.0
2025-07-28 19:35:00+00:00,635.87,636.11,635.845,636.025,1986183.0
2025-07-28 19:40:00+00:00,636.025,636.26,635.99,636.24,749037.0
2025-07-28 19:45:00+00:00,636.25,636.46,636.13,636.3852,1094092.0
2025-07-28 19:50:00+00:00,636.38,636.7,636.21,636.59,1515706.0
2025-07-28 19:55:00+00:00,636.58,637.02,636.58,636.92,3000529.0
2025-07-28 20:00:00+00:00,636.91,637.13,636.79,636.97,838633.0
2025-07-28 20:05:00+00:00,636.97,637.04,636.9,636.94,460843.0
2025-07-28 20:10:00+00:00,636.91,637.0,636.82,636.94,2327807.0
2025-07-28 20:15:00+00:00,636.95,637.01,636.89,636.98,64591.0
2025-07-28 20:20:00+00:00,636.94,637.11,636.94,637.11,273538.0
2025-07-28 20:25:00+00:00,637.1,637.1,637.0001,637.0001,16910.0
2025-07-28 20:30:00+00:00,637.03,637.15,637.0,637.0693,59642.0
2025-07-28 20:35:00+00:00,637.06,637.06,636.96,636.99,17114.0
2025-07-28 20:40:00+00:00,636.97,637.08,636.97,637.05,16855.0
2025-07-28 20:45:00+00:00,637.03,637.05,636.97,637.03,14322.0
2025-07-28 20:50:00+00:00,636.99,637.08,636.99,637.0209,9326.0
2025-07-28 20:55:00+00:00,637.03,637.03,636.99,637.01,8583.0
2025-07-28 21:00:00+00:00,636.94,636.94,636.9,636.9,7223.0
2025-07-28 21:05:00+00:00,636.95,636.98,636.95,636.98,1214.0
2025-07-28 21:10:00+00:00,637.0,637.0,636.96,636.96,8246.0
2025-07-28 21:15:00+00:00,636.99,636.99,636.95,636.9601,3281.0
2025-07-28 21:20:00+00:00,636.98,636.99,636.96,636.96,1258.0
2025-07-28 21:25:00+00:00,637.0,637.01,636.98,636.98,1036.0
2025-07-28 21:30:00+00:00,636.99,636.99,636.99,636.99,515.0
2025-07-28 21:35:00+00:00,637.04,637.04,637.04,637.04,562.0
2025-07-28 21:40:00+00:00,637.04,637.04,636.99,637.0001,4225.0
2025-07-28 21:45:00+00:00,636.99,636.99,636.99,636.99,114.0
2025-07-28 21:50:00+00:00,637.0,637.0,636.98,637.0,1645.0
2025-07-28 21:55:00+00:00,636.97,637.04,636.97,637.04,2658.0
2025-07-28 22:00:00+00:00,637.0,637.1381,637.0,637.1381,6666.0
2025-07-28 22:05:00+00:00,637.11,637.29,637.11,637.29,6173.0
2025-07-28 22:10:00+00:00,637.26,637.3,637.25,637.29,8901.0
2025-07-28 22:15:00+00:00,637.32,637.45,637.32,637.391,7015.0
2025-07-28 22:20:00+00:00,637.4,637.45,637.36,637.45,969.0
2025-07-28 22:25:00+00:00,637.42,637.42,637.36,637.36,692.0
2025-07-28 22:30:00+00:00,637.38,637.38,637.3,637.3601,3809.0
2025-07-28 22:35:00+00:00,637.36,637.36,637.36,637.36,507.0
2025-07-28 22:40:00+00:00,637.31,637.31,637.27,637.27,1445.0
2025-07-28 22:45:00+00:00,637.34,637.34,637.34,637.34,361.0
2025-07-28 22:50:00+00:00,637.43,637.43,637.43,637.43,3494.0
2025-07-28 22:55:00+00:00,637.43,637.43,637.43,637.43,2114.0
2025-07-28 23:00:00+00:00,637.45,637.45,637.36,637.37,2902.0
2025-07-28 23:05:00+00:00,637.32,637.33,637.32,637.32,212.0
2025-07-28 23:10:00+00:00,637.22,637.26,637.21,637.24,1161.0
2025-07-28 23:20:00+00:00,637.22,637.27,637.22,637.27,6257.0
2025-07-28 23:25:00+00:00,637.33,637.33,637.21,637.3199,8199.0
2025-07-28 23:30:00+00:00,637.29,637.32,637.29,637.2999,1031.0
2025-07-28 23:35:00+00:00,637.3191,637.3194,637.28,637.28,1156.0
2025-07-28 23:40:00+00:00,637.2802,637.36,637.2802,637.35,1432.0
2025-07-28 23:45:00+00:00,637.3,637.3,637.3,637.3,433.0
2025-07-28 23:50:00+00:00,637.33,637.38,637.33,637.3501,1513.0
2025-07-28 23:55:00+00:00,637.355,637.38,637.34,637.38,4416.0
2025-07-29 08:00:00+00:00,638.44,638.49,638.1,638.45,6437.0
2025-07-29 08:05:00+00:00,638.44,638.61,638.42,638.55,15902.0
2025-07-29 08:10:00+00:00,638.56,638.56,638.47,638.47,946.0
2025-07-29 08:15:00+00:00,638.53,638.53,638.43,638.49,3251.0
2025-07-29 08:20:00+00:00,638.53,638.53,638.53,638.53,373.0
2025-07-29 08:25:00+00:00,638.54,638.55,638.52,638.55,718.0
2025-07-29 08:30:00+00:00,638.5,638.51,638.49,638.51,766.0
2025-07-29 08:35:00+00:00,638.52,638.52,638.46,638.48,954.0
2025-07-29 08:40:00+00:00,638.47,638.5,638.43,638.46,3969.0
2025-07-29 08:45:00+00:00,638.42,638.43,638.25,638.29,22237.0
2025-07-29 08:50:00+00:00,638.27,638.41,638.27,638.37,2135.0
2025-07-29 08:55:00+00:00,638.34,638.34,638.32,638.32,652.0
2025-07-29 09:00:00+00:00,638.34,638.42,638.34,638.42,1889.0
2025-07-29 09:05:00+00:00,638.48,638.49,638.46,638.47,2525.0
2025-07-29 09:10:00+00:00,638.48,638.57,638.47,638.57,3765.0
2025-07-29 09:15:00+00:00,638.65,638.65,638.44,638.45,1825.0
2025-07-29 09:20:00+00:00,638.37,638.38,638.3,638.36,2285.0
2025-07-29 09:25:00+00:00,638.4,638.4,638.35,638.36,835.0
2025-07-29 09:30:00+00:00,638.46,638.5,638.44,638.5,1672.0
2025-07-29 09:40:00+00:00,638.55,638.55,638.48,638.48,1930.0
2025-07-29 09:45:00+00:00,638.46,638.47,638.46,638.46,524.0
2025-07-29 09:50:00+00:00,638.64,638.74,638.64,638.65,11694.0
2025-07-29 09:55:00+00:00,638.64,638.73,638.32,638.56,13739.0
2025-07-29 10:00:00+00:00,638.65,638.75,638.65,638.67,4028.0
2025-07-29 10:05:00+00:00,638.69,638.69,638.59,638.65,1945.0
2025-07-29 10:10:00+00:00,638.66,638.69,638.63,638.63,2249.0
2025-07-29 10:15:00+00:00,638.6,638.65,638.57,638.59,1701.0
2025-07-29 10:20:00+00:00,638.58,638.58,638.58,638.58,237.0
2025-07-29 10:25:00+00:00,638.61,638.66,638.61,638.65,1982.0
2025-07-29 10:30:00+00:00,638.65,638.8,638.65,638.73,14894.0
2025-07-29 10:35:00+00:00,638.7,638.78,638.65,638.75,2779.0
2025-07-29 10:40:00+00:00,638.75,638.75,638.7,638.7,1476.0
2025-07-29 10:45:00+00:00,638.76,638.76,638.75,638.75,579.0
2025-07-29 10:50:00+00:00,638.7,638.75,638.7,638.75,1756.0
2025-07-29 10:55:00+00:00,638.71,638.73,638.68,638.71,2442.0
2025-07-29 11:00:00+00:00,638.69,638.89,638.69,638.73,20990.0
2025-07-29 11:05:00+00:00,638.7,638.72,638.59,638.64,18141.0
2025-07-29 11:10:00+00:00,638.61,638.64,638.6,638.601,7184.0
2025-07-29 11:15:00+00:00,638.61,638.63,638.51,638.51,1746.0
2025-07-29 11:20:00+00:00,638.5,638.54,638.43,638.53,4759.0
2025-07-29 11:25:00+00:00,638.549,638.549,638.49,638.51,3011.0
2025-07-29 11:30:00+00:00,638.49,638.6,638.42,638.42,4149.0
2025-07-29 11:35:00+00:00,638.4,638.41,638.27,638.27,15597.0
2025-07-29 11:40:00+00:00,638.239,638.45,638.239,638.45,10991.0
2025-07-29 11:45:00+00:00,638.48,638.52,638.43,638.45,16223.0
2025-07-29 11:50:00+00:00,638.51,638.54,638.47,638.5,5683.0
2025-07-29 11:55:00+00:00,638.46,638.53,638.46,638.5,3967.0
2025-07-29 12:00:00+00:00,638.8,638.8683,637.82,638.55,46220.0
2025-07-29 12:05:00+00:00,638.58,638.7,638.56,638.58,4828.0
2025-07-29 12:10:00+00:00,638.57,638.589,638.48,638.49,7780.0
2025-07-29 12:15:00+00:00,638.49,638.54,638.4,638.48,16539.0
2025-07-29 12:20:00+00:00,638.44,638.44,638.3,638.35,13452.0
2025-07-29 12:25:00+00:00,638.34,638.34,638.25,638.3,21840.0
2025-07-29 12:30:00+00:00,638.28,638.37,638.28,638.33,9032.0
2025-07-29 12:35:00+00:00,638.33,638.44,638.3,638.4,35608.0
2025-07-29 12:40:00+00:00,638.4,638.45,638.28,638.28,8864.0
2025-07-29 12:45:00+00:00,638.3,638.32,638.18,638.2199,15559.0
2025-07-29 12:50:00+00:00,638.21,638.24,638.08,638.11,19451.0
2025-07-29 12:55:00+00:00,638.11,638.13,637.98,638.12,35973.0
2025-07-29 13:00:00+00:00,638.11,638.24,637.99,638.2,24344.0
2025-07-29 13:05:00+00:00,638.18,638.2494,638.12,638.16,22441.0
2025-07-29 13:10:00+00:00,638.14,638.17,638.03,638.14,18122.0
2025-07-29 13:15:00+00:00,638.13,638.18,638.08,638.16,20712.0
2025-07-29 13:20:00+00:00,638.15,638.39,638.15,638.33,21407.0
2025-07-29 13:25:00+00:00,638.28,638.4196,638.14,638.37,52591.0
2025-07-29 13:30:00+00:00,638.35,638.67,638.01,638.25,1374437.0
2025-07-29 13:35:00+00:00,638.24,638.57,638.19,638.55,801803.0
2025-07-29 13:40:00+00:00,638.55,638.59,637.93,638.055,1042174.0
2025-07-29 13:45:00+00:00,638.06,638.175,637.35,637.71,984466.0
2025-07-29 13:50:00+00:00,637.7199,637.8863,637.24,637.88,1013696.0
2025-07-29 13:55:00+00:00,637.87,638.14,637.59,637.93,642337.0
2025-07-29 14:00:00+00:00,638.0,638.09,637.63,637.78,670715.0
2025-07-29 14:05:00+00:00,637.79,637.9,637.6,637.74,498085.0
2025-07-29 14:10:00+00:00,637.74,638.0,637.5952,637.88,528956.0
2025-07-29 14:15:00+00:00,637.87,638.035,637.72,637.9,556427.0
2025-07-29 14:20:00+00:00,637.91,637.985,637.62,637.765,666062.0
2025-07-29 14:25:00+00:00,637.76,637.8101,637.38,637.76,729726.0
2025-07-29 14:30:00+00:00,637.75,637.86,637.455,637.5,585074.0
2025-07-29 14:35:00+00:00,637.51,637.65,637.345,637.5,570068.0
2025-07-29 14:40:00+00:00,637.505,637.65,637.175,637.2,470227.0
2025-07-29 14:45:00+00:00,637.2,637.33,637.09,637.16,460639.0
2025-07-29 14:50:00+00:00,637.15,637.22,636.54,636.73,969371.0
2025-07-29 14:55:00+00:00,636.73,636.85,636.56,636.74,1074020.0
2025-07-29 15:00:00+00:00,636.72,637.01,636.48,636.5799,762955.0
2025-07-29 15:05:00+00:00,636.56,636.65,636.32,636.46,649259.0
2025-07-29 15:10:00+00:00,636.465,636.708,636.355,636.3951,542779.0
2025-07-29 15:15:00+00:00,636.38,636.42,636.14,636.17,679009.0
2025-07-29 15:20:00+00:00,636.16,636.3089,635.77,635.9463,999473.0
2025-07-29 15:25:00+00:00,635.96,635.98,635.18,635.29,1209969.0
2025-07-29 15:30:00+00:00,635.29,635.75,635.11,635.565,815030.0
2025-07-29 15:35:00+00:00,635.57,635.62,635.3,635.302,572919.0
2025-07-29 15:40:00+00:00,635.31,635.37,634.69,635.13,919741.0
2025-07-29 15:45:00+00:00,635.128,635.96,635.12,635.86,828740.0
2025-07-29 15:50:00+00:00,635.84,636.1701,635.75,636.08,916969.0
2025-07-29 15:55:00+00:00,636.08,636.21,635.8716,635.885,467838.0
2025-07-29 16:00:00+00:00,635.88,636.04,635.69,635.94,583296.0
2025-07-29 16:05:00+00:00,635.94,636.035,635.68,635.75,405258.0
2025-07-29 16:10:00+00:00,635.75,635.905,635.49,635.65,537779.0
2025-07-29 16:15:00+00:00,635.64,635.79,635.59,635.74,542334.0
2025-07-29 16:20:00+00:00,635.73,635.82,635.58,635.61,306084.0
2025-07-29 16:25:00+00:00,635.6,635.78,635.41,635.66,498231.0
2025-07-29 16:30:00+00:00,635.662,635.88,635.5,635.5,503656.0
2025-07-29 16:35:00+00:00,635.53,635.582,635.1,635.2,493995.0
2025-07-29 16:40:00+00:00,635.18,635.72,635.18,635.7001,483202.0
2025-07-29 16:45:00+00:00,635.71,635.77,635.52,635.5601,362401.0
2025-07-29 16:50:00+00:00,635.58,635.87,635.545,635.87,336992.0
2025-07-29 16:55:00+00:00,635.86,636.225,635.86,636.19,416975.0
2025-07-29 17:00:00+00:00,636.19,636.5395,636.09,636.4669,655807.0
2025-07-29 17:05:00+00:00,636.46,636.525,636.2813,636.3,517048.0
2025-07-29 17:10:00+00:00,636.3,636.465,636.295,636.4001,393613.0
2025-07-29 17:15:00+00:00,636.41,636.56,636.32,636.355,481119.0
2025-07-29 17:20:00+00:00,636.34,636.36,636.17,636.24,305942.0
2025-07-29 17:25:00+00:00,636.23,636.52,636.05,636.18,514728.0
2025-07-29 17:30:00+00:00,636.175,636.39,636.11,636.115,275846.0
2025-07-29 17:35:00+00:00,636.13,636.14,635.34,635.6599,782327.0
2025-07-29 17:40:00+00:00,635.66,635.695,635.03,635.2599,680596.0
2025-07-29 17:45:00+00:00,635.26,635.38,635.06,635.11,656492.0
2025-07-29 17:50:00+00:00,635.1,635.37,634.94,635.31,450538.0
2025-07-29 17:55:00+00:00,635.3,635.66,635.29,635.61,575254.0
2025-07-29 18:00:00+00:00,635.6,635.76,635.47,635.75,564521.0
2025-07-29 18:05:00+00:00,635.74,635.76,635.3782,635.4,539613.0
2025-07-29 18:10:00+00:00,635.4,635.52,635.29,635.49,444119.0
2025-07-29 18:15:00+00:00,635.48,635.74,635.43,635.66,406021.0
2025-07-29 18:20:00+00:00,635.66,635.69,635.18,635.24,497121.0
2025-07-29 18:25:00+00:00,635.25,635.36,635.135,635.32,375812.0
2025-07-29 18:30:00+00:00,635.315,635.675,635.3099,635.585,414656.0
2025-07-29 18:35:00+00:00,635.59,635.74,635.5,635.74,398494.0
2025-07-29 18:40:00+00:00,635.74,635.86,635.56,635.65,429695.0
2025-07-29 18:45:00+00:00,635.66,635.74,635.445,635.52,286137.0
2025-07-29 18:50:00+00:00,635.53,635.63,635.38,635.45,341196.0
2025-07-29 18:55:00+00:00,635.46,635.46,635.2,635.34,670853.0
2025-07-29 19:00:00+00:00,635.32,635.45,635.25,635.4017,390362.0
2025-07-29 19:05:00+00:00,635.42,635.57,635.37,635.46,408954.0
2025-07-29 19:10:00+00:00,635.45,635.61,635.28,635.58,628391.0
2025-07-29 19:15:00+00:00,635.58,635.605,635.27,635.39,897492.0
2025-07-29 19:20:00+00:00,635.39,635.47,635.235,635.285,523707.0
2025-07-29 19:25:00+00:00,635.28,635.3,635.03,635.06,739666.0
2025-07-29 19:30:00+00:00,635.07,635.24,635.001,635.025,747553.0
2025-07-29 19:35:00+00:00,635.03,635.045,634.34,634.37,1473037.0
2025-07-29 19:40:00+00:00,634.36,634.7688,634.335,634.7552,1058074.0
2025-07-29 19:45:00+00:00,634.76,635.13,634.74,635.095,1387520.0
2025-07-29 19:50:00+00:00,635.1,635.2,634.86,635.12,2294412.0
2025-07-29 19:55:00+00:00,635.12,635.4,634.83,635.24,4813805.0
2025-07-29 20:00:00+00:00,635.23,635.35,635.03,635.15,753601.0
2025-07-29 20:05:00+00:00,635.14,635.19,635.01,635.0199,368637.0
2025-07-29 20:10:00+00:00,635.02,635.12,634.96,635.05,996762.0
2025-07-29 20:15:00+00:00,635.01,635.06,634.91,635.04,200221.0
2025-07-29 20:20:00+00:00,635.05,635.06,634.87,634.99,10834.0
2025-07-29 20:25:00+00:00,634.98,635.04,634.96,635.04,15991.0
2025-07-29 20:30:00+00:00,634.98,635.05,634.95,635.04,13880.0
2025-07-29 20:35:00+00:00,635.02,635.07,634.98,634.98,47747.0
2025-07-29 20:40:00+00:00,634.98,635.0,634.9,634.93,15764.0
2025-07-29 20:45:00+00:00,634.93,635.0,634.9,634.96,24712.0
2025-07-29 20:50:00+00:00,635.0,635.0003,634.93,634.93,2428.0
2025-07-29 20:55:00+00:00,634.91,635.01,634.9,635.01,5847.0
2025-07-29 21:00:00+00:00,634.99,635.0,634.9599,634.96,5850.0
2025-07-29 21:05:00+00:00,634.99,635.09,634.98,635.07,18948.0
2025-07-29 21:10:00+00:00,634.996,635.0,634.996,635.0,575.0
2025-07-29 21:15:00+00:00,635.01,635.02,635.01,635.01,2804.0
2025-07-29 21:20:00+00:00,635.01,635.01,635.0,635.0,35160.0
2025-07-29 21:25:00+00:00,635.0,635.08,634.95,635.08,54449.0
2025-07-29 21:30:00+00:00,635.01,635.02,635.0,635.01,5256.0
2025-07-29 21:35:00+00:00,635.0,635.04,635.0,635.03,2735.0
2025-07-29 21:40:00+00:00,635.01,635.01,634.96,635.0,3025.0
2025-07-29 21:45:00+00:00,635.06,635.16,635.06,635.16,26480.0
2025-07-29 21:50:00+00:00,635.16,635.16,635.08,635.09,16716.0
2025-07-29 21:55:00+00:00,635.08,635.09,635.05,635.06,6232.0
2025-07-29 22:00:00+00:00,635.13,635.41,635.06,635.41,85001.0
2025-07-29 22:05:00+00:00,635.3904,635.45,635.22,635.22,15981.0
2025-07-29 22:10:00+00:00,635.31,635.31,635.2,635.21,3729.0
2025-07-29 22:15:00+00:00,635.239,635.31,635.239,635.3,19724.0
2025-07-29 22:20:00+00:00,635.2,635.23,635.2,635.23,1059.0
2025-07-29 22:25:00+00:00,635.24,635.26,635.2,635.2,3575.0
2025-07-29 22:30:00+00:00,635.27,635.29,635.27,635.29,1238.0
2025-07-29 22:35:00+00:00,635.2,635.2,635.2,635.2,935.0
2025-07-29 22:40:00+00:00,635.26,635.3,635.26,635.3,974.0
2025-07-29 22:45:00+00:00,635.32,635.37,635.32,635.369,3040.0
2025-07-29 22:50:00+00:00,635.38,635.42,635.38,635.4001,3448.0
2025-07-29 22:55:00+00:00,635.42,635.46,635.42,635.43,2153.0
2025-07-29 23:00:00+00:00,635.4,635.4,635.3601,635.3601,658.0
2025-07-29 23:05:00+00:00,635.47,635.48,635.47,635.48,679.0
2025-07-29 23:10:00+00:00,635.48,635.48,635.37,635.37,1765.0
2025-07-29 23:15:00+00:00,635.4,635.4,635.39,635.39,835.0
2025-07-29 23:20:00+00:00,635.42,635.42,635.42,635.42,413.0
2025-07-29 23:25:00+00:00,635.42,635.48,635.42,635.48,1817.0
2025-07-29 23:30:00+00:00,635.48,635.52,635.48,635.52,2688.0
2025-07-29 23:35:00+00:00,635.5701,635.5701,635.5,635.5,1871.0
2025-07-29 23:40:00+00:00,635.44,635.45,635.44,635.4499,874.0
2025-07-29 23:45:00+00:00,635.36,635.36,635.35,635.36,1160.0
2025-07-29 23:50:00+00:00,635.33,635.33,635.26,635.3,1332.0
2025-07-29 23:55:00+00:00,635.29,635.44,635.27,635.44,7989.0
2025-07-30 08:00:00+00:00,636.04,636.3,636.04,636.3,4920.0
2025-07-30 08:05:00+00:00,636.17,636.17,636.04,636.04,3642.0
2025-07-30 08:10:00+00:00,635.94,636.03,635.92,636.0,2686.0
2025-07-30 08:15:00+00:00,635.96,635.97,635.93,635.94,2420.0
2025-07-30 08:20:00+00:00,635.9,635.9,635.74,635.77,2350.0
2025-07-30 08:25:00+00:00,635.8,635.8,635.7,635.7,418.0
2025-07-30 08:30:00+00:00,635.59,635.6,635.29,635.29,2077.0
2025-07-30 08:35:00+00:00,635.54,635.69,635.54,635.69,2975.0
2025-07-30 08:40:00+00:00,635.74,635.74,635.71,635.71,332.0
2025-07-30 08:45:00+00:00,635.79,635.79,635.79,635.79,1001.0
2025-07-30 08:55:00+00:00,635.78,635.78,635.77,635.77,595.0
2025-07-30 09:00:00+00:00,635.78,635.82,635.65,635.77,6542.0
2025-07-30 09:05:00+00:00,635.74,635.87,635.73,635.87,3076.0
2025-07-30 09:10:00+00:00,635.81,635.86,635.8,635.85,1943.0
2025-07-30 09:15:00+00:00,635.86,636.04,635.86,636.04,1451.0
2025-07-30 09:20:00+00:00,635.81,635.86,635.81,635.81,1145.0
2025-07-30 09:25:00+00:00,635.84,635.84,635.84,635.84,128.0
2025-07-30 09:30:00+00:00,635.76,635.76,635.61,635.61,621.0
2025-07-30 09:40:00+00:00,635.6,635.6,635.6,635.6,284.0
2025-07-30 09:45:00+00:00,635.64,635.66,635.64,635.66,965.0
2025-07-30 09:50:00+00:00,635.61,635.63,635.61,635.63,278.0
2025-07-30 09:55:00+00:00,635.65,635.98,635.65,635.98,2014.0
2025-07-30 10:00:00+00:00,636.05,636.09,635.97,635.97,7655.0
2025-07-30 10:05:00+00:00,635.94,636.01,635.94,635.94,3172.0
2025-07-30 10:10:00+00:00,635.98,636.1,635.98,636.04,1842.0
2025-07-30 10:15:00+00:00,636.06,636.06,636.01,636.01,255.0
2025-07-30 10:20:00+00:00,636.08,636.08,636.08,636.08,500.0
2025-07-30 10:25:00+00:00,635.9,635.96,635.9,635.96,796.0
2025-07-30 10:30:00+00:00,635.98,636.02,635.97,635.97,837.0
2025-07-30 10:35:00+00:00,635.94,636.09,635.94,636.09,2274.0
2025-07-30 10:40:00+00:00,636.07,636.08,636.04,636.08,2060.0
2025-07-30 10:45:00+00:00,636.05,636.1,636.05,636.1,1789.0
2025-07-30 10:50:00+00:00,636.0,636.01,635.96,635.99,2539.0
2025-07-30 10:55:00+00:00,636.01,636.11,636.01,636.11,834.0
2025-07-30 11:00:00+00:00,636.16,636.18,636.04,636.16,22825.0
2025-07-30 11:05:00+00:00,636.18,636.18,636.07,636.14,41445.0
2025-07-30 11:10:00+00:00,636.19,636.25,636.15,636.15,2919.0
2025-07-30 11:15:00+00:00,636.09,636.16,636.0,636.0,17586.0
2025-07-30 11:20:00+00:00,636.11,636.14,636.08,636.1,7126.0
2025-07-30 11:25:00+00:00,636.1,636.29,636.1,636.2,4314.0
2025-07-30 11:30:00+00:00,636.22,636.29,636.18,636.29,7614.0
2025-07-30 11:35:00+00:00,636.29,636.34,636.29,636.29,1527.0
2025-07-30 11:40:00+00:00,636.29,636.32,636.01,636.13,42969.0
2025-07-30 11:45:00+00:00,636.12,636.4,636.12,636.39,22661.0
2025-07-30 11:50:00+00:00,636.39,636.5,636.18,636.25,47984.0
2025-07-30 11:55:00+00:00,636.19,636.29,636.18,636.21,24689.0
2025-07-30 12:00:00+00:00,636.12,636.39,635.58,636.0699,62261.0
2025-07-30 12:05:00+00:00,636.05,636.08,635.51,635.57,33358.0
2025-07-30 12:10:00+00:00,635.55,636.01,635.37,635.94,42343.0
2025-07-30 12:15:00+00:00,635.94,636.23,635.67,635.87,28375.0
2025-07-30 12:20:00+00:00,635.85,635.88,635.67,635.87,21123.0
2025-07-30 12:25:00+00:00,635.86,636.03,635.7001,635.7203,36575.0
2025-07-30 12:30:00+00:00,635.9,636.37,635.64,635.84,102498.0
2025-07-30 12:35:00+00:00,635.85,636.04,635.5,636.0,57268.0
2025-07-30 12:40:00+00:00,636.03,636.11,635.92,635.97,29353.0
2025-07-30 12:45:00+00:00,635.93,636.11,635.8416,636.04,16499.0
2025-07-30 12:50:00+00:00,635.99,636.06,635.95,636.02,34778.0
2025-07-30 12:55:00+00:00,636.0286,636.12,635.86,635.86,22694.0
2025-07-30 13:00:00+00:00,635.83,635.88,635.63,635.64,95380.0
2025-07-30 13:05:00+00:00,635.61,635.77,635.54,635.77,25739.0
2025-07-30 13:10:00+00:00,635.72,635.76,635.61,635.74,18016.0
2025-07-30 13:15:00+00:00,635.74,635.92,635.69,635.87,12247.0
2025-07-30 13:20:00+00:00,635.84,635.9399,635.8,635.9,20534.0
2025-07-30 13:25:00+00:00,635.9,636.1,635.81,635.96,58962.0
2025-07-30 13:30:00+00:00,635.92,636.03,635.29,635.79,1581763.0
2025-07-30 13:35:00+00:00,635.8,636.05,635.64,635.795,736434.0
2025-07-30 13:40:00+00:00,635.8,636.03,635.5635,636.02,610908.0
2025-07-30 13:45:00+00:00,636.01,636.23,635.5,635.585,1197026.0
2025-07-30 13:50:00+00:00,635.585,635.63,635.31,635.5399,708836.0
2025-07-30 13:55:00+00:00,635.52,635.81,635.36,635.735,486405.0
2025-07-30 14:00:00+00:00,635.735,635.79,635.39,635.485,467187.0
2025-07-30 14:05:00+00:00,635.475,635.84,635.45,635.59,487120.0
2025-07-30 14:10:00+00:00,635.6,635.81,635.52,635.7047,346464.0
2025-07-30 14:15:00+00:00,635.71,636.17,635.685,636.15,595317.0
2025-07-30 14:20:00+00:00,636.15,636.665,636.03,636.565,760818.0
2025-07-30 14:25:00+00:00,636.56,636.5612,636.245,636.33,525421.0
2025-07-30 14:30:00+00:00,636.32,636.82,636.32,636.54,632306.0
2025-07-30 14:35:00+00:00,636.545,636.725,636.43,636.5548,366702.0
2025-07-30 14:40:00+00:00,636.56,636.62,636.44,636.4852,357906.0
2025-07-30 14:45:00+00:00,636.49,636.625,636.33,636.345,1025960.0
2025-07-30 14:50:00+00:00,636.35,636.61,636.24,636.47,527984.0
2025-07-30 14:55:00+00:00,636.455,636.585,636.195,636.24,461124.0
2025-07-30 15:00:00+00:00,636.23,636.36,635.83,635.86,556829.0
2025-07-30 15:05:00+00:00,635.85,635.93,635.6699,635.74,405714.0
2025-07-30 15:10:00+00:00,635.73,635.77,635.095,635.155,850748.0
2025-07-30 15:15:00+00:00,635.16,635.5199,635.0,635.3901,873136.0
2025-07-30 15:20:00+00:00,635.395,635.645,635.31,635.62,388046.0
2025-07-30 15:25:00+00:00,635.6101,635.68,635.235,635.315,462144.0
2025-07-30 15:30:00+00:00,635.32,635.45,635.09,635.23,387741.0
2025-07-30 15:35:00+00:00,635.21,635.515,635.21,635.34,340628.0
2025-07-30 15:40:00+00:00,635.355,635.72,635.32,635.6647,308508.0
2025-07-30 15:45:00+00:00,635.66,635.725,635.53,635.685,198834.0
2025-07-30 15:50:00+00:00,635.68,635.9,635.62,635.855,458657.0
2025-07-30 15:55:00+00:00,635.86,636.175,635.805,636.175,411419.0
2025-07-30 16:00:00+00:00,636.16,636.185,635.99,636.095,406886.0
2025-07-30 16:05:00+00:00,636.09,636.19,636.05,636.14,351025.0
2025-07-30 16:10:00+00:00,636.15,636.32,636.06,636.275,419026.0
2025-07-30 16:15:00+00:00,636.27,636.62,636.2467,636.465,583480.0
2025-07-30 16:20:00+00:00,636.465,636.72,636.465,636.6352,560234.0
2025-07-30 16:25:00+00:00,636.63,636.635,636.38,636.58,603206.0
2025-07-30 16:30:00+00:00,636.58,636.65,636.45,636.55,280483.0
2025-07-30 16:35:00+00:00,636.56,636.59,636.34,636.415,388721.0
2025-07-30 16:40:00+00:00,636.415,636.47,636.24,636.36,328094.0
2025-07-30 16:45:00+00:00,636.36,636.4798,636.305,636.39,255692.0
2025-07-30 16:50:00+00:00,636.385,636.6299,636.38,636.485,343128.0
2025-07-30 16:55:00+00:00,636.49,636.52,636.34,636.46,247279.0
2025-07-30 17:00:00+00:00,636.47,636.66,636.42,636.595,240847.0
2025-07-30 17:05:00+00:00,636.6,636.625,636.31,636.31,278748.0
2025-07-30 17:10:00+00:00,636.31,636.45,636.2507,636.31,340213.0
2025-07-30 17:15:00+00:00,636.31,636.395,636.225,636.315,249266.0
2025-07-30 17:20:00+00:00,636.315,636.365,636.145,636.19,184395.0
2025-07-30 17:25:00+00:00,636.2,636.3479,636.165,636.21,222928.0
2025-07-30 17:30:00+00:00,636.22,636.445,636.115,636.418,228848.0
2025-07-30 17:35:00+00:00,636.41,636.6699,636.3001,636.6651,1496324.0
2025-07-30 17:40:00+00:00,636.67,636.95,636.66,636.88,360346.0
2025-07-30 17:45:00+00:00,636.885,636.885,636.55,636.55,370005.0
2025-07-30 17:50:00+00:00,636.56,636.75,636.425,636.64,457668.0
2025-07-30 17:55:00+00:00,636.65,636.77,636.53,636.66,335726.0
2025-07-30 18:00:00+00:00,636.705,637.11,636.01,636.39,1263494.0
2025-07-30 18:05:00+00:00,636.395,636.65,636.34,636.57,401912.0
2025-07-30 18:10:00+00:00,636.56,636.8353,636.27,636.34,446699.0
2025-07-30 18:15:00+00:00,636.3301,636.48,636.23,636.34,379719.0
2025-07-30 18:20:00+00:00,636.325,636.5499,636.13,636.47,510061.0
2025-07-30 18:25:00+00:00,636.48,636.83,636.42,636.77,352149.0
2025-07-30 18:30:00+00:00,636.77,637.52,636.675,637.31,945717.0
2025-07-30 18:35:00+00:00,637.32,637.68,636.06,636.28,2094924.0
2025-07-30 18:40:00+00:00,636.28,636.57,635.517,636.37,1277844.0
2025-07-30 18:45:00+00:00,636.39,636.72,635.34,635.475,1341811.0
2025-07-30 18:50:00+00:00,635.5,635.5,634.52,634.6001,2118404.0
2025-07-30 18:55:00+00:00,634.6,634.9,632.59,632.84,2576421.0
2025-07-30 19:00:00+00:00,632.83,633.14,631.78,632.14,3203346.0
2025-07-30 19:05:00+00:00,632.125,632.96,631.54,632.77,2163240.0
2025-07-30 19:10:00+00:00,632.82,633.99,632.41,633.36,3657699.0
2025-07-30 19:15:00+00:00,633.36,633.6,632.485,632.82,1467395.0
2025-07-30 19:20:00+00:00,632.82,633.1852,631.9,631.93,1302371.0
2025-07-30 19:25:00+00:00,631.92,632.38,631.62,632.0893,1616294.0
2025-07-30 19:30:00+00:00,632.09,632.84,632.03,632.33,1634932.0
2025-07-30 19:35:00+00:00,632.33,632.58,631.81,631.83,1856570.0
2025-07-30 19:40:00+00:00,631.82,632.44,631.61,631.88,1958871.0
2025-07-30 19:45:00+00:00,631.88,632.94,631.875,632.645,2064849.0
2025-07-30 19:50:00+00:00,632.65,633.6,632.645,633.43,2283681.0
2025-07-30 19:55:00+00:00,633.44,634.635,633.01,634.49,4969488.0
2025-07-30 20:00:00+00:00,634.5,637.23,634.09,636.31,1133607.0
2025-07-30 20:05:00+00:00,636.38,637.8,636.25,637.37,728751.0
2025-07-30 20:10:00+00:00,637.35,638.16,637.3,637.89,4808823.0
2025-07-30 20:15:00+00:00,637.87,638.03,637.05,637.2,247078.0
2025-07-30 20:20:00+00:00,637.25,638.13,637.25,638.05,118969.0
2025-07-30 20:25:00+00:00,638.0695,638.08,637.28,637.4,99382.0
2025-07-30 20:30:00+00:00,637.42,637.52,637.17,637.45,114604.0
2025-07-30 20:35:00+00:00,637.46,637.46,637.12,637.19,108653.0
2025-07-30 20:40:00+00:00,637.18,637.38,637.15,637.22,277796.0
2025-07-30 20:45:00+00:00,637.22,637.4,637.15,637.38,191411.0
2025-07-30 20:50:00+00:00,637.37,637.4,637.24,637.24,249974.0
2025-07-30 20:55:00+00:00,637.24,637.31,637.15,637.28,92763.0
2025-07-30 21:00:00+00:00,637.28,637.35,637.28,637.29,7099.0
2025-07-30 21:05:00+00:00,637.29,637.45,637.29,637.36,30692.0
2025-07-30 21:10:00+00:00,637.36,637.38,637.2,637.2,19269.0
2025-07-30 21:15:00+00:00,637.32,637.45,637.2,637.45,35234.0
2025-07-30 21:20:00+00:00,637.45,637.61,637.44,637.61,22212.0
2025-07-30 21:25:00+00:00,637.6499,637.75,637.4,637.4,32573.0
2025-07-30 21:30:00+00:00,637.6017,637.7,637.6017,637.695,18845.0
2025-07-30 21:35:00+00:00,637.695,637.7,637.68,637.7,24314.0
2025-07-30 21:40:00+00:00,637.66,638.0,637.66,637.97,40945.0
2025-07-30 21:45:00+00:00,637.91,638.0,637.8,637.85,18876.0
2025-07-30 21:50:00+00:00,637.81,638.17,637.759,638.04,24233.0
2025-07-30 21:55:00+00:00,637.99,638.68,634.27,638.48,544390.0
2025-07-30 22:00:00+00:00,638.37,638.48,637.84,638.3101,37756.0
2025-07-30 22:05:00+00:00,638.4,638.46,638.08,638.2,41237.0
2025-07-30 22:10:00+00:00,638.12,638.54,638.04,638.33,42860.0
2025-07-30 22:15:00+00:00,638.3,638.631,638.15,638.54,37555.0
2025-07-30 22:20:00+00:00,638.51,638.51,638.35,638.36,13574.0
2025-07-30 22:25:00+00:00,638.4,638.41,638.35,638.391,13999.0
2025-07-30 22:30:00+00:00,638.5,638.73,638.5,638.66,44819.0
2025-07-30 22:35:00+00:00,638.71,638.8791,638.7,638.859,14389.0
2025-07-30 22:40:00+00:00,638.861,639.18,638.73,639.06,48768.0
2025-07-30 22:45:00+00:00,638.94,639.02,638.94,639.0,11525.0
2025-07-30 22:50:00+00:00,639.0,639.06,638.78,638.87,49757.0
2025-07-30 22:55:00+00:00,638.881,638.95,638.88,638.94,33308.0
2025-07-30 23:00:00+00:00,638.91,639.03,638.88,638.96,49206.0
2025-07-30 23:05:00+00:00,638.96,639.11,638.91,639.1,27160.0
2025-07-30 23:10:00+00:00,639.07,639.27,639.03,639.26,24554.0
2025-07-30 23:15:00+00:00,639.25,639.3,639.02,639.11,23417.0
2025-07-30 23:20:00+00:00,639.04,639.06,638.9205,638.95,6708.0
2025-07-30 23:25:00+00:00,638.98,639.07,638.93,639.06,28777.0
2025-07-30 23:30:00+00:00,639.0,639.0999,638.9801,639.0,25631.0
2025-07-30 23:35:00+00:00,639.01,639.08,638.99,639.08,4929.0
2025-07-30 23:40:00+00:00,639.05,639.15,639.0,639.15,6237.0
2025-07-30 23:45:00+00:00,639.17,639.17,639.09,639.09,5766.0
2025-07-30 23:50:00+00:00,639.09,639.1,639.0,639.07,12439.0
2025-07-30 23:55:00+00:00,639.0501,639.0501,638.91,638.95,14028.0
2025-07-31 08:00:00+00:00,640.64,641.34,640.22,641.02,34041.0
2025-07-31 08:05:00+00:00,641.1,641.25,641.03,641.15,9436.0
2025-07-31 08:10:00+00:00,641.18,641.22,641.02,641.02,8545.0
2025-07-31 08:15:00+00:00,641.05,641.1,640.97,641.1,2111.0
2025-07-31 08:20:00+00:00,641.21,641.21,641.0,641.12,6852.0
2025-07-31 08:25:00+00:00,641.29,641.29,641.11,641.11,2802.0
2025-07-31 08:30:00+00:00,641.09,641.14,641.08,641.14,2293.0
2025-07-31 08:35:00+00:00,641.22,641.26,641.22,641.26,1171.0
2025-07-31 08:40:00+00:00,641.24,641.24,640.96,640.98,15540.0
2025-07-31 08:45:00+00:00,640.95,641.3,640.95,641.3,1264.0
2025-07-31 08:50:00+00:00,641.33,641.46,640.93,640.93,6867.0
2025-07-31 08:55:00+00:00,640.94,640.98,640.86,640.98,3787.0
2025-07-31 09:00:00+00:00,641.0,641.02,640.84,640.9,20880.0
2025-07-31 09:05:00+00:00,640.88,640.94,640.76,640.76,6554.0
2025-07-31 09:10:00+00:00,640.76,640.79,640.69,640.76,2214.0
2025-07-31 09:15:00+00:00,640.81,640.87,640.81,640.85,1212.0
2025-07-31 09:20:00+00:00,640.85,640.94,640.85,640.94,2299.0
2025-07-31 09:25:00+00:00,640.92,640.93,640.78,640.79,1755.0
2025-07-31 09:30:00+00:00,640.62,640.62,640.46,640.46,3079.0
2025-07-31 09:35:00+00:00,640.42,640.47,640.4,640.47,2872.0
2025-07-31 09:40:00+00:00,640.49,640.62,640.42,640.52,4295.0
2025-07-31 09:45:00+00:00,640.58,640.64,640.56,640.64,2607.0
2025-07-31 09:50:00+00:00,640.58,640.59,640.52,640.53,1266.0
2025-07-31 09:55:00+00:00,640.63,640.64,640.54,640.57,3407.0
2025-07-31 10:00:00+00:00,640.56,640.57,640.44,640.51,4246.0
2025-07-31 10:05:00+00:00,640.55,640.56,640.42,640.48,1071.0
2025-07-31 10:10:00+00:00,640.48,640.55,640.44,640.55,1948.0
2025-07-31 10:15:00+00:00,640.65,640.72,640.63,640.72,2140.0
2025-07-31 10:20:00+00:00,640.65,640.68,640.65,640.66,1958.0
2025-07-31 10:25:00+00:00,640.8,640.83,640.8,640.8,2470.0
2025-07-31 10:30:00+00:00,640.75,640.91,640.75,640.91,3532.0
2025-07-31 10:35:00+00:00,640.93,640.95,640.78,640.78,2590.0
2025-07-31 10:40:00+00:00,640.81,640.83,640.75,640.75,7510.0
2025-07-31 10:45:00+00:00,640.71,640.73,640.65,640.72,6161.0
2025-07-31 10:50:00+00:00,640.72,640.82,640.29,640.31,71767.0
2025-07-31 10:55:00+00:00,640.4,640.4,639.97,640.08,29681.0
2025-07-31 11:00:00+00:00,640.01,640.37,640.0,640.36,15395.0
2025-07-31 11:05:00+00:00,640.35,640.4,640.18,640.18,4066.0
2025-07-31 11:10:00+00:00,640.02,640.25,639.69,640.15,92667.0
2025-07-31 11:15:00+00:00,640.15,640.26,640.14,640.22,4199.0
2025-07-31 11:20:00+00:00,640.15,640.15,639.95,639.97,21512.0
2025-07-31 11:25:00+00:00,639.97,640.07,639.9,639.9,3979.0
2025-07-31 11:30:00+00:00,639.94,640.081,639.93,640.081,5752.0
2025-07-31 11:35:00+00:00,640.06,640.22,639.989,640.2,18498.0
2025-07-31 11:40:00+00:00,640.19,640.19,639.85,640.01,14724.0
2025-07-31 11:45:00+00:00,640.01,640.41,639.95,640.24,9998.0
2025-07-31 11:50:00+00:00,640.08,640.13,639.83,639.83,24568.0
2025-07-31 11:55:00+00:00,639.83,639.94,639.73,639.83,74335.0
2025-07-31 12:00:00+00:00,640.23,641.52,639.66,639.95,151901.0
2025-07-31 12:05:00+00:00,639.94,640.08,639.91,640.0104,11266.0
2025-07-31 12:10:00+00:00,640.06,640.32,640.04,640.2,32511.0
2025-07-31 12:15:00+00:00,640.14,640.24,639.99,640.1101,64872.0
2025-07-31 12:20:00+00:00,640.15,640.39,640.0,640.39,23768.0
2025-07-31 12:25:00+00:00,640.36,640.36,640.14,640.19,40775.0
2025-07-31 12:30:00+00:00,640.1,640.55,639.79,640.08,92044.0
2025-07-31 12:35:00+00:00,640.05,640.47,640.04,640.33,71718.0
2025-07-31 12:40:00+00:00,640.43,640.55,640.24,640.29,33799.0
2025-07-31 12:45:00+00:00,640.28,640.47,640.18,640.41,39019.0
2025-07-31 12:50:00+00:00,640.38,640.47,640.26,640.3,33354.0
2025-07-31 12:55:00+00:00,640.3596,640.5,640.27,640.38,47695.0
2025-07-31 13:00:00+00:00,640.34,640.39,640.2,640.34,46206.0
2025-07-31 13:05:00+00:00,640.31,640.34,640.19,640.19,21541.0
2025-07-31 13:10:00+00:00,640.19,640.21,640.06,640.07,42439.0
2025-07-31 13:15:00+00:00,640.07,640.1,639.62,639.66,82875.0
2025-07-31 13:20:00+00:00,639.64,639.89,639.58,639.75,69632.0
2025-07-31 13:25:00+00:00,639.7,639.86,639.4,639.47,152130.0
2025-07-31 13:30:00+00:00,639.455,639.75,638.4,639.15,3314735.0
2025-07-31 13:35:00+00:00,639.14,639.16,638.39,638.44,1931137.0
2025-07-31 13:40:00+00:00,638.43,638.465,637.82,638.135,1384390.0
2025-07-31 13:45:00+00:00,638.15,638.76,637.69,638.4907,1396458.0
2025-07-31 13:50:00+00:00,638.48,639.515,638.47,639.39,1540407.0
2025-07-31 13:55:00+00:00,639.39,639.85,639.29,639.34,1262422.0
2025-07-31 14:00:00+00:00,639.345,639.755,639.24,639.35,1021482.0
2025-07-31 14:05:00+00:00,639.34,639.809,639.22,639.505,928847.0
2025-07-31 14:10:00+00:00,639.5,639.54,638.86,639.3,1076255.0
2025-07-31 14:15:00+00:00,639.3,639.55,639.18,639.4,1219902.0
2025-07-31 14:20:00+00:00,639.44,639.44,638.665,639.1,1003261.0
2025-07-31 14:25:00+00:00,639.11,639.11,638.495,638.82,1003333.0
2025-07-31 14:30:00+00:00,638.81,639.15,638.43,638.52,884816.0
2025-07-31 14:35:00+00:00,638.5101,638.765,638.26,638.52,1003414.0
2025-07-31 14:40:00+00:00,638.52,638.59,638.16,638.43,750824.0
2025-07-31 14:45:00+00:00,638.42,638.46,637.79,638.05,906958.0
2025-07-31 14:50:00+00:00,638.04,638.15,637.13,637.265,1049515.0
2025-07-31 14:55:00+00:00,637.26,637.37,636.5099,636.61,1259837.0
2025-07-31 15:00:00+00:00,636.605,637.38,636.575,637.12,1146063.0
2025-07-31 15:05:00+00:00,637.15,637.33,636.48,636.56,629205.0
2025-07-31 15:10:00+00:00,636.54,636.62,635.54,635.54,1314181.0
2025-07-31 15:15:00+00:00,635.55,635.79,635.06,635.46,1327462.0
2025-07-31 15:20:00+00:00,635.45,636.06,635.315,635.455,986304.0
2025-07-31 15:25:00+00:00,635.44,636.34,635.39,636.19,685359.0
2025-07-31 15:30:00+00:00,636.19,636.88,636.11,636.58,861558.0
2025-07-31 15:35:00+00:00,636.55,637.13,636.51,637.13,571131.0
2025-07-31 15:40:00+00:00,637.12,637.4,637.04,637.35,836098.0
2025-07-31 15:45:00+00:00,637.34,637.4,636.98,637.01,624277.0
2025-07-31 15:50:00+00:00,637.01,637.26,636.855,637.14,499546.0
2025-07-31 15:55:00+00:00,637.14,637.55,637.1,637.54,437538.0
2025-07-31 16:00:00+00:00,637.55,637.7895,637.39,637.4,615912.0
2025-07-31 16:05:00+00:00,637.39,637.685,637.21,637.64,449188.0
2025-07-31 16:10:00+00:00,637.62,637.82,637.48,637.78,414409.0
2025-07-31 16:15:00+00:00,637.76,637.97,637.74,637.83,476351.0
2025-07-31 16:20:00+00:00,637.83,638.01,637.76,637.94,418299.0
2025-07-31 16:25:00+00:00,637.945,638.23,637.87,638.08,470317.0
2025-07-31 16:30:00+00:00,638.0852,638.31,637.965,638.13,527149.0
2025-07-31 16:35:00+00:00,638.13,638.28,637.89,638.075,698159.0
2025-07-31 16:40:00+00:00,638.1,638.3,638.03,638.11,472032.0
2025-07-31 16:45:00+00:00,638.11,638.18,637.51,637.88,790830.0
2025-07-31 16:50:00+00:00,637.88,637.965,637.51,637.85,413143.0
2025-07-31 16:55:00+00:00,637.86,637.94,637.71,637.79,506014.0
2025-07-31 17:00:00+00:00,637.78,637.79,637.055,637.13,641635.0
2025-07-31 17:05:00+00:00,637.14,637.58,637.075,637.18,552753.0
2025-07-31 17:10:00+00:00,637.16,637.4,637.0,637.065,421203.0
2025-07-31 17:15:00+00:00,637.0521,637.18,636.5,636.66,531086.0
2025-07-31 17:20:00+00:00,636.63,636.745,635.81,635.86,672840.0
2025-07-31 17:25:00+00:00,635.855,635.87,634.41,634.84,1878020.0
2025-07-31 17:30:00+00:00,634.86,635.01,634.07,634.72,1603445.0
2025-07-31 17:35:00+00:00,634.72,635.6,634.69,635.25,1293922.0
2025-07-31 17:40:00+00:00,635.25,635.53,635.01,635.38,629441.0
2025-07-31 17:45:00+00:00,635.39,635.655,634.86,635.0,772486.0
2025-07-31 17:50:00+00:00,634.99,634.99,633.525,633.74,1549561.0
2025-07-31 17:55:00+00:00,633.71,633.92,633.065,633.47,1206387.0
2025-07-31 18:00:00+00:00,633.47,634.26,633.295,633.61,1176067.0
2025-07-31 18:05:00+00:00,633.6,633.93,632.74,632.92,1515972.0
2025-07-31 18:10:00+00:00,632.94,633.35,632.5241,632.5241,1055025.0
2025-07-31 18:15:00+00:00,632.52,632.63,631.43,632.6,1699552.0
2025-07-31 18:20:00+00:00,632.6,633.57,632.51,633.41,1222004.0
2025-07-31 18:25:00+00:00,633.41,634.25,633.33,634.21,950836.0
2025-07-31 18:30:00+00:00,634.2,634.76,634.13,634.43,1124081.0
2025-07-31 18:35:00+00:00,634.43,634.82,634.27,634.4507,762059.0
2025-07-31 18:40:00+00:00,634.42,634.75,634.32,634.71,601118.0
2025-07-31 18:45:00+00:00,634.7,635.125,634.57,634.87,745185.0
2025-07-31 18:50:00+00:00,634.86,635.055,634.57,634.68,691509.0
2025-07-31 18:55:00+00:00,634.67,634.84,634.04,634.15,820125.0
2025-07-31 19:00:00+00:00,634.16,634.85,634.16,634.4693,949228.0
2025-07-31 19:05:00+00:00,634.47,634.66,634.22,634.309,656286.0
2025-07-31 19:10:00+00:00,634.3,634.515,633.43,633.56,1013124.0
2025-07-31 19:15:00+00:00,633.55,633.82,633.03,633.64,906000.0
2025-07-31 19:20:00+00:00,633.64,633.935,633.0,633.12,1175090.0
2025-07-31 19:25:00+00:00,633.13,633.3,632.62,632.78,1399067.0
2025-07-31 19:30:00+00:00,632.795,633.32,632.795,633.1,1482385.0
2025-07-31 19:35:00+00:00,633.12,633.23,632.56,632.68,1379821.0
2025-07-31 19:40:00+00:00,632.68,633.58,632.68,633.57,1572552.0
2025-07-31 19:45:00+00:00,633.57,633.68,632.26,632.33,3037537.0
2025-07-31 19:50:00+00:00,632.33,632.79,630.88,631.1,3589800.0
2025-07-31 19:55:00+00:00,631.11,632.54,630.765,631.97,8710736.0
2025-07-31 20:00:00+00:00,631.9,634.2,631.57,631.93,1656573.0
2025-07-31 20:05:00+00:00,631.93,632.0,631.55,631.64,421557.0
2025-07-31 20:10:00+00:00,631.64,632.05,631.41,631.49,5454515.0
2025-07-31 20:15:00+00:00,631.53,632.1,630.65,631.19,369836.0
2025-07-31 20:20:00+00:00,631.18,631.98,631.16,631.98,1327945.0
2025-07-31 20:25:00+00:00,631.26,631.51,631.14,631.36,188897.0
2025-07-31 20:30:00+00:00,632.0,632.9,631.47,631.86,269013.0
2025-07-31 20:35:00+00:00,631.89,632.18,631.85,632.09,61705.0
2025-07-31 20:40:00+00:00,632.08,632.08,631.79,631.79,53006.0
2025-07-31 20:45:00+00:00,631.87,632.3,631.87,632.24,19005.0
2025-07-31 20:50:00+00:00,632.19,632.3,631.88,631.9102,36844.0
2025-07-31 20:55:00+00:00,631.89,632.0,631.51,631.76,78419.0
2025-07-31 21:00:00+00:00,631.66,631.94,631.5,631.8,18578.0
2025-07-31 21:05:00+00:00,631.89,632.01,631.89,631.98,36473.0
2025-07-31 21:10:00+00:00,631.97,631.97,631.72,631.72,27035.0
2025-07-31 21:15:00+00:00,631.8,631.8,631.5,631.63,51430.0
2025-07-31 21:20:00+00:00,631.69,632.12,631.69,632.0,34023.0
2025-07-31 21:25:00+00:00,632.02,632.47,632.02,632.37,42863.0
2025-07-31 21:30:00+00:00,632.43,632.47,631.9,632.17,27156.0
2025-07-31 21:35:00+00:00,632.19,632.3,631.96,632.0,20603.0
2025-07-31 21:40:00+00:00,631.98,632.1147,631.93,631.93,11766.0
2025-07-31 21:45:00+00:00,631.93,632.0,631.75,631.75,24378.0
2025-07-31 21:50:00+00:00,631.71,631.75,631.5,631.5201,20891.0
2025-07-31 21:55:00+00:00,631.5,631.63,631.26,631.26,16845.0
2025-07-31 22:00:00+00:00,631.2,631.99,630.97,631.82,40163.0
2025-07-31 22:05:00+00:00,631.97,632.17,631.92,631.96,28400.0
2025-07-31 22:10:00+00:00,631.85,631.8699,631.6,631.6,13532.0
2025-07-31 22:15:00+00:00,631.7,631.77,631.35,631.35,16026.0
2025-07-31 22:20:00+00:00,631.36,631.45,631.14,631.16,53318.0
2025-07-31 22:25:00+00:00,631.2,631.23,631.1,631.15,8414.0
2025-07-31 22:30:00+00:00,631.17,631.25,631.15,631.21,3588.0
2025-07-31 22:35:00+00:00,631.07,631.07,630.27,630.3496,6686.0
2025-07-31 22:40:00+00:00,630.35,630.541,629.99,630.5115,50499.0
2025-07-31 22:45:00+00:00,630.6,630.83,630.57,630.8,24879.0
2025-07-31 22:50:00+00:00,630.79,630.92,630.55,630.55,14201.0
2025-07-31 22:55:00+00:00,630.49,630.95,630.3499,630.73,11869.0
2025-07-31 23:00:00+00:00,630.74,630.87,630.36,630.8001,16515.0
2025-07-31 23:05:00+00:00,630.82,630.94,630.47,630.47,6253.0
2025-07-31 23:10:00+00:00,630.39,631.15,630.39,631.14,4259.0
2025-07-31 23:15:00+00:00,630.86,630.86,630.64,630.681,3720.0
2025-07-31 23:20:00+00:00,630.98,630.98,630.82,630.82,1460.0
2025-07-31 23:25:00+00:00,630.8,630.8,630.58,630.621,5581.0
2025-07-31 23:30:00+00:00,630.62,631.04,630.55,631.01,9812.0
2025-07-31 23:35:00+00:00,631.01,631.08,630.95,631.08,1387.0
2025-07-31 23:40:00+00:00,630.9914,630.9914,630.64,630.8,31536.0
2025-07-31 23:45:00+00:00,630.9,631.1,630.8914,630.9903,21194.0
2025-07-31 23:50:00+00:00,631.04,631.04,630.91,630.97,3979.0
2025-07-31 23:55:00+00:00,631.03,631.21,631.0,631.08,10829.0
2025-08-01 08:00:00+00:00,629.5,629.5,627.18,627.45,19397.0
2025-08-01 08:05:00+00:00,627.31,627.5,627.17,627.35,75745.0
2025-08-01 08:10:00+00:00,627.37,627.47,627.01,627.27,48347.0
2025-08-01 08:15:00+00:00,627.43,627.78,627.39,627.59,30537.0
2025-08-01 08:20:00+00:00,627.51,627.51,627.15,627.3,9685.0
2025-08-01 08:25:00+00:00,627.34,627.34,626.06,626.15,26382.0
2025-08-01 08:30:00+00:00,626.25,626.53,626.0,626.06,27445.0
2025-08-01 08:35:00+00:00,626.29,626.32,625.76,625.76,18215.0
2025-08-01 08:40:00+00:00,625.69,626.27,625.69,626.13,11100.0
2025-08-01 08:45:00+00:00,626.26,626.58,626.26,626.51,7803.0
2025-08-01 08:50:00+00:00,626.63,626.78,626.43,626.63,11199.0
2025-08-01 08:55:00+00:00,626.68,626.87,626.57,626.7,22669.0
2025-08-01 09:00:00+00:00,626.67,627.02,626.66,627.01,12474.0
2025-08-01 09:05:00+00:00,626.78,627.1,626.78,626.87,9438.0
2025-08-01 09:10:00+00:00,626.87,626.87,626.65,626.65,3113.0
2025-08-01 09:15:00+00:00,626.66,626.82,626.57,626.62,19756.0
2025-08-01 09:20:00+00:00,626.44,626.5,626.29,626.34,8473.0
2025-08-01 09:25:00+00:00,626.39,626.4,626.28,626.32,5157.0
2025-08-01 09:30:00+00:00,626.13,626.42,626.12,626.17,5238.0
2025-08-01 09:35:00+00:00,626.29,626.41,626.25,626.41,2029.0
2025-08-01 09:40:00+00:00,626.63,626.71,626.52,626.54,7225.0
2025-08-01 09:45:00+00:00,626.69,626.84,626.68,626.84,1054.0
2025-08-01 09:50:00+00:00,626.77,626.82,626.77,626.77,1901.0
2025-08-01 09:55:00+00:00,626.67,626.68,626.65,626.68,1829.0
2025-08-01 10:00:00+00:00,626.67,626.67,626.23,626.46,8510.0
2025-08-01 10:05:00+00:00,626.22,626.33,626.0,626.33,8422.0
2025-08-01 10:10:00+00:00,626.37,626.51,626.37,626.51,2870.0
2025-08-01 10:15:00+00:00,626.46,626.57,626.17,626.57,2877.0
2025-08-01 10:20:00+00:00,626.48,626.53,626.07,626.08,3631.0
2025-08-01 10:25:00+00:00,626.22,626.51,626.07,626.5,6105.0
2025-08-01 10:30:00+00:00,626.35,626.42,626.24,626.31,11520.0
2025-08-01 10:35:00+00:00,626.22,626.34,626.05,626.21,24633.0
2025-08-01 10:40:00+00:00,626.2,626.24,625.6,625.63,152489.0
2025-08-01 10:45:00+00:00,625.71,625.97,625.35,625.36,87385.0
2025-08-01 10:50:00+00:00,625.5,625.6,624.91,625.05,27806.0
2025-08-01 10:55:00+00:00,624.89,625.36,624.83,625.17,25918.0
2025-08-01 11:00:00+00:00,625.36,625.58,625.2,625.44,35802.0
2025-08-01 11:05:00+00:00,625.54,625.88,625.54,625.88,41329.0
2025-08-01 11:10:00+00:00,625.89,626.4,625.89,626.24,50800.0
2025-08-01 11:15:00+00:00,626.28,626.49,626.24,626.41,34152.0
2025-08-01 11:20:00+00:00,626.22,626.52,626.18,626.32,29513.0
2025-08-01 11:25:00+00:00,626.37,626.5,626.341,626.37,11011.0
2025-08-01 11:30:00+00:00,626.28,626.54,626.26,626.34,11427.0
2025-08-01 11:35:00+00:00,626.4,626.63,626.36,626.6,16814.0
2025-08-01 11:40:00+00:00,626.49,626.69,626.49,626.619,12579.0
2025-08-01 11:45:00+00:00,626.62,627.0,626.6,626.68,17550.0
2025-08-01 11:50:00+00:00,626.48,626.78,626.48,626.67,32714.0
2025-08-01 11:55:00+00:00,626.64,626.95,626.6,626.87,41507.0
2025-08-01 12:00:00+00:00,625.38,631.64,624.8696,626.97,299099.0
2025-08-01 12:05:00+00:00,626.96,627.0,626.81,626.8501,23486.0
2025-08-01 12:10:00+00:00,626.89,627.2,626.79,626.89,57918.0
2025-08-01 12:15:00+00:00,626.92,626.95,626.54,626.69,85072.0
2025-08-01 12:20:00+00:00,626.7,626.9597,626.6,626.9597,27955.0
2025-08-01 12:25:00+00:00,626.84,627.0,626.57,626.95,75470.0
2025-08-01 12:30:00+00:00,626.53,627.1,625.4,625.51,484883.0
2025-08-01 12:35:00+00:00,625.5,626.87,625.48,626.74,393755.0
2025-08-01 12:40:00+00:00,626.74,628.2,626.71,627.71,231100.0
2025-08-01 12:45:00+00:00,627.59,627.59,626.72,626.77,136906.0
2025-08-01 12:50:00+00:00,626.76,626.9,626.38,626.5901,166521.0
2025-08-01 12:55:00+00:00,626.57,626.7,625.8,625.84,149997.0
2025-08-01 13:00:00+00:00,625.95,626.64,625.95,626.18,107618.0
2025-08-01 13:05:00+00:00,626.18,626.43,625.88,626.0,86827.0
2025-08-01 13:10:00+00:00,626.01,626.28,625.6,625.64,85030.0
2025-08-01 13:15:00+00:00,625.7,626.0,625.55,625.96,117234.0
2025-08-01 13:20:00+00:00,625.95,625.95,625.5,625.7,85819.0
2025-08-01 13:25:00+00:00,625.64,626.32,625.3,626.31,156832.0
2025-08-01 13:30:00+00:00,626.3,626.34,624.12,624.315,3430005.0
2025-08-01 13:35:00+00:00,624.315,624.59,623.71,623.7601,2251410.0
2025-08-01 13:40:00+00:00,623.75,623.75,622.26,622.282,2207345.0
2025-08-01 13:45:00+00:00,622.31,622.585,621.31,621.32,2432812.0
2025-08-01 13:50:00+00:00,621.32,621.97,621.1,621.56,2449912.0
2025-08-01 13:55:00+00:00,621.57,622.15,621.29,621.4815,1956972.0
2025-08-01 14:00:00+00:00,621.53,621.53,619.65,621.03,2937195.0
2025-08-01 14:05:00+00:00,621.05,621.485,620.148,621.35,2464746.0
2025-08-01 14:10:00+00:00,621.35,622.56,621.3,621.94,2014448.0
2025-08-01 14:15:00+00:00,621.9,622.93,621.86,622.5,1585777.0
2025-08-01 14:20:00+00:00,622.51,623.165,622.06,623.08,1977488.0
2025-08-01 14:25:00+00:00,623.05,623.52,622.64,623.37,1283452.0
2025-08-01 14:30:00+00:00,623.37,624.07,623.1,623.83,2001280.0
2025-08-01 14:35:00+00:00,623.82,623.995,622.94,623.04,1873268.0
2025-08-01 14:40:00+00:00,623.04,623.32,622.23,622.41,1732605.0
2025-08-01 14:45:00+00:00,622.4,623.75,622.12,622.41,1930163.0
2025-08-01 14:50:00+00:00,622.4,622.67,621.81,622.21,1229651.0
2025-08-01 14:55:00+00:00,622.23,622.73,621.78,621.96,1325438.0
2025-08-01 15:00:00+00:00,621.96,622.375,621.45,621.97,1258341.0
2025-08-01 15:05:00+00:00,621.97,622.6,621.9,622.275,1147436.0
2025-08-01 15:10:00+00:00,622.27,622.9793,621.96,622.16,1229786.0
2025-08-01 15:15:00+00:00,622.15,622.92,621.945,622.14,1037071.0
2025-08-01 15:20:00+00:00,622.13,622.56,621.54,621.6,1231171.0
2025-08-01 15:25:00+00:00,621.6,621.8951,621.39,621.51,1138547.0
2025-08-01 15:30:00+00:00,621.51,621.95,621.38,621.5,1234893.0
2025-08-01 15:35:00+00:00,621.51,622.715,621.415,622.64,1117939.0
2025-08-01 15:40:00+00:00,622.64,623.63,622.56,623.61,1275819.0
2025-08-01 15:45:00+00:00,623.62,624.01,623.36,623.75,1240001.0
2025-08-01 15:50:00+00:00,623.77,623.89,623.38,623.73,880178.0
2025-08-01 15:55:00+00:00,623.72,624.035,623.4701,624.0,893989.0
2025-08-01 16:00:00+00:00,624.0,624.68,623.88,624.667,1220703.0
2025-08-01 16:05:00+00:00,624.68,624.965,624.425,624.505,1281246.0
2025-08-01 16:10:00+00:00,624.5,624.67,624.05,624.54,1249223.0
2025-08-01 16:15:00+00:00,624.545,624.68,624.11,624.55,1224299.0
2025-08-01 16:20:00+00:00,624.56,624.705,624.14,624.48,1056215.0
2025-08-01 16:25:00+00:00,624.46,624.96,624.17,624.21,944570.0
2025-08-01 16:30:00+00:00,624.21,624.39,623.76,624.375,1260625.0
2025-08-01 16:35:00+00:00,624.37,624.46,623.685,623.775,967250.0
2025-08-01 16:40:00+00:00,623.79,623.79,622.91,623.15,1209439.0
2025-08-01 16:45:00+00:00,623.13,623.665,622.98,623.02,1035202.0
2025-08-01 16:50:00+00:00,623.03,623.08,622.2,622.34,1694831.0
2025-08-01 16:55:00+00:00,622.34,622.5,621.2,621.35,2252769.0
2025-08-01 17:00:00+00:00,621.34,621.79,620.83,621.03,2033751.0
2025-08-01 17:05:00+00:00,621.03,621.47,620.665,621.26,1593115.0
2025-08-01 17:10:00+00:00,621.27,621.5,620.8,620.83,1188138.0
2025-08-01 17:15:00+00:00,620.83,621.08,620.57,620.66,1075145.0
2025-08-01 17:20:00+00:00,620.66,621.31,620.535,620.9,1312717.0
2025-08-01 17:25:00+00:00,620.9,620.96,620.335,620.57,1066859.0
2025-08-01 17:30:00+00:00,620.57,621.37,620.48,620.915,1332048.0
2025-08-01 17:35:00+00:00,620.91,620.94,620.21,620.38,993791.0
2025-08-01 17:40:00+00:00,620.38,621.09,620.3,620.68,1039803.0
2025-08-01 17:45:00+00:00,620.68,621.02,620.3,621.0,946602.0
2025-08-01 17:50:00+00:00,621.025,621.41,620.82,620.95,2082155.0
2025-08-01 17:55:00+00:00,620.94,620.96,620.3,620.6299,902284.0
2025-08-01 18:00:00+00:00,620.61,620.845,620.13,620.21,1219348.0
2025-08-01 18:05:00+00:00,620.2,620.5035,619.29,619.74,1720286.0
2025-08-01 18:10:00+00:00,619.74,620.06,619.51,619.73,1094154.0
2025-08-01 18:15:00+00:00,619.71,620.415,619.68,620.14,997262.0
2025-08-01 18:20:00+00:00,620.14,620.99,619.86,620.9501,1442841.0
2025-08-01 18:25:00+00:00,620.95,621.81,620.82,621.6248,1080612.0
2025-08-01 18:30:00+00:00,621.63,622.28,621.3713,622.0153,1185505.0
2025-08-01 18:35:00+00:00,622.03,622.59,621.88,622.56,1070579.0
2025-08-01 18:40:00+00:00,622.555,623.075,622.39,623.05,1279712.0
2025-08-01 18:45:00+00:00,623.04,623.11,622.29,622.48,1820727.0
2025-08-01 18:50:00+00:00,622.49,622.52,621.09,621.2,1743019.0
2025-08-01 18:55:00+00:00,621.2,621.87,620.95,621.4,1915694.0
2025-08-01 19:00:00+00:00,621.41,621.8,620.97,621.09,1622991.0
2025-08-01 19:05:00+00:00,621.08,621.79,621.05,621.5,1752136.0
2025-08-01 19:10:00+00:00,621.49,621.782,621.3499,621.56,1684308.0
2025-08-01 19:15:00+00:00,621.54,622.3,621.5,622.25,1574883.0
2025-08-01 19:20:00+00:00,622.265,622.265,621.28,621.97,1647183.0
2025-08-01 19:25:00+00:00,621.95,622.04,621.48,621.79,1165289.0
2025-08-01 19:30:00+00:00,621.78,621.91,620.84,621.79,2339438.0
2025-08-01 19:35:00+00:00,621.81,621.93,621.377,621.415,1229883.0
2025-08-01 19:40:00+00:00,621.42,621.89,621.38,621.78,1365063.0
2025-08-01 19:45:00+00:00,621.77,623.18,621.55,622.84,2826153.0
2025-08-01 19:50:00+00:00,622.85,623.3,621.39,622.11,4237400.0
2025-08-01 19:55:00+00:00,622.1,622.53,621.515,621.71,6088620.0
2025-08-01 20:00:00+00:00,621.72,622.13,621.5,621.82,869703.0
2025-08-01 20:05:00+00:00,621.82,621.9,621.62,621.66,987856.0
2025-08-01 20:10:00+00:00,621.69,622.17,621.65,622.17,5369258.0
2025-08-01 20:15:00+00:00,622.15,622.18,621.85,622.0,467919.0
2025-08-01 20:20:00+00:00,622.0,623.7583,621.96,622.05,166922.0
2025-08-01 20:25:00+00:00,622.07,622.15,621.94,622.1193,51311.0
2025-08-01 20:30:00+00:00,622.08,622.13,621.83,621.94,55461.0
2025-08-01 20:35:00+00:00,621.93,622.01,621.93,621.97,70486.0
2025-08-01 20:40:00+00:00,621.9607,622.05,621.95,621.95,87097.0
2025-08-01 20:45:00+00:00,621.9001,621.92,621.7,621.8409,41074.0
2025-08-01 20:50:00+00:00,621.82,621.85,621.79,621.81,7132.0
2025-08-01 20:55:00+00:00,621.82,621.82,621.68,621.68,22430.0
2025-08-01 21:00:00+00:00,621.71,621.74,621.59,621.66,57911.0
2025-08-01 21:05:00+00:00,621.61,621.65,621.52,621.52,6770.0
2025-08-01 21:10:00+00:00,621.5201,621.57,621.5201,621.56,2318.0
2025-08-01 21:15:00+00:00,621.56,621.72,621.5,621.65,14059.0
2025-08-01 21:20:00+00:00,621.72,621.9995,621.67,621.9995,26342.0
2025-08-01 21:25:00+00:00,621.86,621.8975,621.84,621.88,8149.0
2025-08-01 21:30:00+00:00,621.98,622.0,621.98,621.9899,4912.0
2025-08-01 21:35:00+00:00,622.0,622.01,621.91,622.0,8225.0
2025-08-01 21:40:00+00:00,622.01,622.05,621.9605,622.03,4758.0
2025-08-01 21:45:00+00:00,622.0414,622.0414,622.0,622.0,2877.0
2025-08-01 21:50:00+00:00,622.06,622.09,622.0014,622.09,2684.0
2025-08-01 21:55:00+00:00,622.08,622.11,622.08,622.11,1372.0
2025-08-01 22:00:00+00:00,622.1499,622.1499,622.1499,622.1499,238.0
2025-08-01 22:05:00+00:00,622.05,622.08,622.05,622.05,4156.0
2025-08-01 22:10:00+00:00,622.01,622.08,621.98,621.98,2080.0
2025-08-01 22:15:00+00:00,622.0,622.08,621.9318,622.08,5434.0
2025-08-01 22:20:00+00:00,622.0801,622.17,622.0128,622.0128,9023.0
2025-08-01 22:25:00+00:00,622.0107,622.0107,621.91,621.97,7312.0
2025-08-01 22:30:00+00:00,621.98,621.98,621.98,621.98,358.0
2025-08-01 22:35:00+00:00,621.94,621.94,621.85,621.85,3922.0
2025-08-01 22:40:00+00:00,621.96,622.01,621.6,621.9,26012.0
2025-08-01 22:45:00+00:00,621.78,621.78,621.68,621.69,1306.0
2025-08-01 22:50:00+00:00,621.66,621.6997,621.66,621.6997,1401.0
2025-08-01 22:55:00+00:00,621.6601,621.6601,621.6001,621.62,16078.0
2025-08-01 23:00:00+00:00,621.6007,621.6007,621.6,621.6,2650.0
2025-08-01 23:05:00+00:00,621.57,621.58,621.35,621.35,5890.0
2025-08-01 23:10:00+00:00,621.35,621.35,621.23,621.24,16432.0
2025-08-01 23:15:00+00:00,621.25,621.2996,621.2,621.2,4864.0
2025-08-01 23:20:00+00:00,621.23,621.25,621.21,621.25,3765.0
2025-08-01 23:25:00+00:00,621.24,621.25,621.14,621.24,12987.0
2025-08-01 23:30:00+00:00,621.11,621.24,621.11,621.22,1994.0
2025-08-01 23:35:00+00:00,621.23,621.2388,621.03,621.03,11944.0
2025-08-01 23:40:00+00:00,621.07,621.23,621.07,621.11,5485.0
2025-08-01 23:45:00+00:00,621.04,621.1001,621.04,621.1001,6898.0
2025-08-01 23:50:00+00:00,621.13,621.13,621.1,621.12,5776.0
2025-08-01 23:55:00+00:00,621.13,621.23,621.11,621.23,4157.0
