Datetime,Open,High,Low,Close,Volume
2024-09-03 08:00:00+00:00,563.5,564.22,563.5,564.22,3160.0
2024-09-03 08:05:00+00:00,563.97,564.19,563.9,563.9,1031.0
2024-09-03 08:10:00+00:00,564.05,564.05,563.87,563.87,951.0
2024-09-03 08:15:00+00:00,563.86,563.96,563.8,563.96,1179.0
2024-09-03 08:25:00+00:00,563.45,563.45,563.26,563.39,1507.0
2024-09-03 08:30:00+00:00,563.15,563.15,562.97,562.99,1927.0
2024-09-03 08:35:00+00:00,562.88,562.9,562.75,562.9,1666.0
2024-09-03 08:40:00+00:00,562.76,562.94,562.76,562.94,776.0
2024-09-03 08:45:00+00:00,562.78,562.89,562.78,562.85,1047.0
2024-09-03 08:50:00+00:00,562.74,562.74,562.35,562.35,1223.0
2024-09-03 08:55:00+00:00,562.31,562.31,561.8,561.8,4464.0
2024-09-03 09:00:00+00:00,561.76,562.02,561.63,561.96,2187.0
2024-09-03 09:05:00+00:00,562.01,562.01,561.81,561.88,1945.0
2024-09-03 09:10:00+00:00,561.64,561.64,561.0,561.11,10437.0
2024-09-03 09:15:00+00:00,560.9,561.1,560.9,561.06,2616.0
2024-09-03 09:20:00+00:00,561.0,561.18,560.89,561.04,3449.0
2024-09-03 09:25:00+00:00,561.24,561.41,561.24,561.29,530.0
2024-09-03 09:30:00+00:00,561.14,561.3,560.7,561.3,4024.0
2024-09-03 09:35:00+00:00,561.27,561.45,561.27,561.4,19049.0
2024-09-03 09:40:00+00:00,561.35,561.35,561.19,561.21,6649.0
2024-09-03 09:45:00+00:00,561.11,561.21,561.1,561.14,5100.0
2024-09-03 09:50:00+00:00,561.18,561.25,561.05,561.08,4031.0
2024-09-03 09:55:00+00:00,561.08,561.08,560.81,560.81,2069.0
2024-09-03 10:00:00+00:00,560.75,561.08,560.5,560.91,6932.0
2024-09-03 10:05:00+00:00,560.92,560.92,560.56,560.61,9030.0
2024-09-03 10:10:00+00:00,560.6,561.03,560.55,561.03,72091.0
2024-09-03 10:15:00+00:00,561.0,561.0,560.86,560.95,5380.0
2024-09-03 10:20:00+00:00,561.0,561.06,560.91,560.91,4049.0
2024-09-03 10:25:00+00:00,560.95,561.19,560.95,561.19,2053.0
2024-09-03 10:30:00+00:00,561.21,561.35,561.1,561.18,8696.0
2024-09-03 10:35:00+00:00,561.08,561.08,560.75,560.96,21608.0
2024-09-03 10:40:00+00:00,561.07,561.13,561.03,561.04,1777.0
2024-09-03 10:45:00+00:00,561.0,561.14,560.92,561.14,6630.0
2024-09-03 10:50:00+00:00,561.17,561.41,561.17,561.36,2669.0
2024-09-03 10:55:00+00:00,561.26,561.34,561.26,561.29,896.0
2024-09-03 11:00:00+00:00,561.29,561.33,561.05,561.09,17700.0
2024-09-03 11:05:00+00:00,561.07,561.1,560.6,560.84,40731.0
2024-09-03 11:10:00+00:00,560.93,560.93,560.65,560.75,8943.0
2024-09-03 11:15:00+00:00,560.76,561.2,560.76,561.11,12896.0
2024-09-03 11:20:00+00:00,561.13,561.13,560.91,560.91,7623.0
2024-09-03 11:25:00+00:00,560.91,561.12,560.89,561.01,5237.0
2024-09-03 11:30:00+00:00,561.33,561.36,561.3,561.3,6192.0
2024-09-03 11:35:00+00:00,561.35,561.45,561.27,561.27,8442.0
2024-09-03 11:40:00+00:00,561.24,561.24,560.95,560.99,28090.0
2024-09-03 11:45:00+00:00,560.87,561.07,560.7,560.82,14603.0
2024-09-03 11:50:00+00:00,560.8,560.88,560.78,560.78,2618.0
2024-09-03 11:55:00+00:00,561.0,561.07,561.0,561.05,3813.0
2024-09-03 12:00:00+00:00,561.2883,564.0,560.6294,560.85,38048.0
2024-09-03 12:05:00+00:00,560.82,561.109,560.78,561.109,9127.0
2024-09-03 12:10:00+00:00,561.15,561.2,560.98,561.2,10969.0
2024-09-03 12:15:00+00:00,561.2,561.24,560.981,561.04,24624.0
2024-09-03 12:20:00+00:00,561.2,563.68,561.161,561.21,13782.0
2024-09-03 12:25:00+00:00,561.09,561.1,560.95,561.04,24373.0
2024-09-03 12:30:00+00:00,560.95,561.1,560.93,561.1,5263.0
2024-09-03 12:35:00+00:00,561.09,561.43,561.03,561.38,13192.0
2024-09-03 12:40:00+00:00,561.26,561.43,561.16,561.16,8801.0
2024-09-03 12:45:00+00:00,561.3,561.35,561.3,561.3,3144.0
2024-09-03 12:50:00+00:00,561.2602,561.37,561.11,561.11,14507.0
2024-09-03 12:55:00+00:00,561.14,561.14,560.62,560.7,63282.0
2024-09-03 13:00:00+00:00,560.68,560.8,560.55,560.78,15390.0
2024-09-03 13:05:00+00:00,560.85,560.88,560.61,560.61,19058.0
2024-09-03 13:10:00+00:00,560.64,560.6975,560.43,560.55,19608.0
2024-09-03 13:15:00+00:00,560.5,560.73,560.41,560.73,23078.0
2024-09-03 13:20:00+00:00,560.7,561.1215,560.7,561.03,48900.0
2024-09-03 13:25:00+00:00,561.03,561.03,560.26,560.48,195391.0
2024-09-03 13:30:00+00:00,560.47,560.81,559.93,560.24,1536695.0
2024-09-03 13:35:00+00:00,560.26,560.32,559.42,559.6105,630647.0
2024-09-03 13:40:00+00:00,559.595,559.86,559.24,559.73,789447.0
2024-09-03 13:45:00+00:00,559.68,559.69,559.16,559.3,705237.0
2024-09-03 13:50:00+00:00,559.28,559.29,558.14,558.41,868068.0
2024-09-03 13:55:00+00:00,558.42,559.205,558.21,559.08,591893.0
2024-09-03 14:00:00+00:00,559.12,559.14,557.09,557.39,1160052.0
2024-09-03 14:05:00+00:00,557.41,557.67,556.93,557.58,826678.0
2024-09-03 14:10:00+00:00,557.56,557.66,556.5,556.54,2591275.0
2024-09-03 14:15:00+00:00,556.5499,557.07,556.3215,556.95,717520.0
2024-09-03 14:20:00+00:00,556.94,557.3,556.72,557.0,515787.0
2024-09-03 14:25:00+00:00,557.01,557.5303,556.75,557.19,593772.0
2024-09-03 14:30:00+00:00,557.18,557.18,556.02,556.32,555894.0
2024-09-03 14:35:00+00:00,556.33,556.54,556.1,556.25,551412.0
2024-09-03 14:40:00+00:00,556.23,556.44,556.0,556.08,607037.0
2024-09-03 14:45:00+00:00,556.09,556.2,555.28,555.29,845953.0
2024-09-03 14:50:00+00:00,555.28,555.62,555.1,555.2792,578107.0
2024-09-03 14:55:00+00:00,555.27,555.68,555.23,555.3399,455184.0
2024-09-03 15:00:00+00:00,555.35,556.2799,555.15,556.155,817955.0
2024-09-03 15:05:00+00:00,556.13,556.7895,555.86,556.22,539089.0
2024-09-03 15:10:00+00:00,556.2227,556.72,556.1738,556.4099,440673.0
2024-09-03 15:15:00+00:00,556.37,556.765,555.95,556.17,484527.0
2024-09-03 15:20:00+00:00,556.1496,556.43,555.95,556.13,291105.0
2024-09-03 15:25:00+00:00,556.11,556.63,556.02,556.38,270680.0
2024-09-03 15:30:00+00:00,556.39,556.61,555.96,556.4,392617.0
2024-09-03 15:35:00+00:00,556.41,556.99,556.3,556.45,445337.0
2024-09-03 15:40:00+00:00,556.46,556.48,555.73,555.88,435450.0
2024-09-03 15:45:00+00:00,555.9,556.29,555.84,555.94,304362.0
2024-09-03 15:50:00+00:00,555.93,556.1299,555.66,556.03,236099.0
2024-09-03 15:55:00+00:00,556.02,556.15,555.47,555.6,330508.0
2024-09-03 16:00:00+00:00,555.59,556.1592,555.56,556.015,275449.0
2024-09-03 16:05:00+00:00,556.01,556.22,555.44,555.56,272450.0
2024-09-03 16:10:00+00:00,555.55,556.0088,555.21,555.985,225112.0
2024-09-03 16:15:00+00:00,555.96,556.5,555.8,556.14,308635.0
2024-09-03 16:20:00+00:00,556.12,556.3,555.75,555.79,248063.0
2024-09-03 16:25:00+00:00,555.77,555.77,555.25,555.65,327271.0
2024-09-03 16:30:00+00:00,555.65,555.72,555.39,555.4999,248540.0
2024-09-03 16:35:00+00:00,555.49,555.67,555.17,555.475,278346.0
2024-09-03 16:40:00+00:00,555.48,555.51,554.96,555.22,379740.0
2024-09-03 16:45:00+00:00,555.205,555.228,554.755,555.08,331646.0
2024-09-03 16:50:00+00:00,555.08,555.249,554.91,555.0699,249229.0
2024-09-03 16:55:00+00:00,555.0602,555.15,554.82,554.9,143552.0
2024-09-03 17:00:00+00:00,554.88,555.19,554.81,555.1468,240650.0
2024-09-03 17:05:00+00:00,555.11,555.61,555.05,555.41,369367.0
2024-09-03 17:10:00+00:00,555.43,555.48,554.68,554.8599,302668.0
2024-09-03 17:15:00+00:00,554.85,555.1699,554.76,555.15,245374.0
2024-09-03 17:20:00+00:00,555.17,555.87,555.0601,555.8,267040.0
2024-09-03 17:25:00+00:00,555.81,555.82,555.55,555.67,133690.0
2024-09-03 17:30:00+00:00,555.665,555.73,554.7,554.7705,968650.0
2024-09-03 17:35:00+00:00,554.77,555.49,554.7501,555.43,304125.0
2024-09-03 17:40:00+00:00,555.42,555.42,554.51,554.735,316544.0
2024-09-03 17:45:00+00:00,554.74,556.9787,554.56,554.74,316544.0
2024-09-03 17:50:00+00:00,554.74,554.91,554.63,554.72,207697.0
2024-09-03 17:55:00+00:00,554.71,554.88,554.26,554.34,591975.0
2024-09-03 18:00:00+00:00,554.33,554.38,553.23,553.5399,620432.0
2024-09-03 18:05:00+00:00,553.53,553.7299,553.33,553.4,564983.0
2024-09-03 18:10:00+00:00,553.39,553.63,553.34,553.44,418375.0
2024-09-03 18:15:00+00:00,553.43,553.62,553.07,553.14,723656.0
2024-09-03 18:20:00+00:00,553.1495,553.5393,552.94,553.14,451085.0
2024-09-03 18:25:00+00:00,553.15,553.45,553.01,553.04,570766.0
2024-09-03 18:30:00+00:00,553.04,553.82,552.93,553.585,552569.0
2024-09-03 18:35:00+00:00,553.5801,553.77,553.17,553.33,524826.0
2024-09-03 18:40:00+00:00,553.33,553.48,553.04,553.085,589085.0
2024-09-03 18:45:00+00:00,553.09,553.35,552.94,552.99,460015.0
2024-09-03 18:50:00+00:00,553.01,553.11,552.63,552.6801,547375.0
2024-09-03 18:55:00+00:00,552.7,552.8568,552.47,552.6301,435718.0
2024-09-03 19:00:00+00:00,552.63,552.93,552.5301,552.7,352760.0
2024-09-03 19:05:00+00:00,552.71,553.025,552.54,552.58,536375.0
2024-09-03 19:10:00+00:00,552.6,553.16,552.56,552.73,704424.0
2024-09-03 19:15:00+00:00,552.74,552.818,552.58,552.655,414912.0
2024-09-03 19:20:00+00:00,552.655,553.04,552.595,552.72,358682.0
2024-09-03 19:25:00+00:00,552.74,552.77,552.31,552.53,1090430.0
2024-09-03 19:30:00+00:00,552.53,552.755,552.16,552.19,815013.0
2024-09-03 19:35:00+00:00,552.17,552.2047,550.99,551.14,1599255.0
2024-09-03 19:40:00+00:00,551.11,551.18,550.27,550.92,1433538.0
2024-09-03 19:45:00+00:00,550.92,550.95,549.51,550.79,2338815.0
2024-09-03 19:50:00+00:00,550.825,551.29,550.38,550.925,3013409.0
2024-09-03 19:55:00+00:00,550.92,552.25,550.81,552.16,3964701.0
2024-09-03 20:00:00+00:00,552.16,552.55,552.01,552.42,542680.0
2024-09-03 20:05:00+00:00,552.38,552.38,552.15,552.36,283366.0
2024-09-03 20:10:00+00:00,552.28,552.28,552.05,552.28,5323383.0
2024-09-03 20:15:00+00:00,552.25,552.25,551.4,551.78,115947.0
2024-09-03 20:20:00+00:00,551.75,551.82,551.3,551.39,91711.0
2024-09-03 20:25:00+00:00,551.41,551.53,551.17,551.24,46490.0
2024-09-03 20:30:00+00:00,551.43,551.61,551.3,551.3,51296.0
2024-09-03 20:35:00+00:00,551.3,551.48,551.3,551.33,48863.0
2024-09-03 20:40:00+00:00,551.24,551.29,551.17,551.21,344517.0
2024-09-03 20:45:00+00:00,551.29,551.29,551.09,551.1,12845.0
2024-09-03 20:50:00+00:00,551.239,551.62,551.17,551.62,30334.0
2024-09-03 20:55:00+00:00,551.61,551.71,551.53,551.6599,9941.0
2024-09-03 21:00:00+00:00,551.59,551.64,551.59,551.61,5709.0
2024-09-03 21:05:00+00:00,551.59,551.6,551.55,551.55,5262.0
2024-09-03 21:10:00+00:00,551.55,551.55,551.4,551.44,8418.0
2024-09-03 21:15:00+00:00,551.44,551.5,551.39,551.4,11058.0
2024-09-03 21:20:00+00:00,551.45,551.5,551.45,551.5,580.0
2024-09-03 21:25:00+00:00,551.39,551.39,551.38,551.39,1903.0
2024-09-03 21:30:00+00:00,551.38,551.42,551.35,551.38,10182.0
2024-09-03 21:35:00+00:00,551.35,551.41,551.35,551.38,8923.0
2024-09-03 21:40:00+00:00,551.42,551.42,551.34,551.35,15951.0
2024-09-03 21:45:00+00:00,551.35,551.42,551.35,551.41,3767.0
2024-09-03 21:50:00+00:00,551.42,551.42,551.39,551.39,6705.0
2024-09-03 21:55:00+00:00,551.4,551.5,551.35,551.44,38294.0
2024-09-03 22:00:00+00:00,551.53,551.8,551.3,551.44,33648.0
2024-09-03 22:05:00+00:00,551.35,551.35,551.0,551.03,5096.0
2024-09-03 22:10:00+00:00,551.03,551.45,551.03,551.43,4099.0
2024-09-03 22:15:00+00:00,551.47,551.6,551.4,551.51,16093.0
2024-09-03 22:20:00+00:00,551.7,551.79,551.66,551.75,2781.0
2024-09-03 22:25:00+00:00,551.75,551.75,551.49,551.52,4684.0
2024-09-03 22:30:00+00:00,551.66,551.7,551.66,551.7,2700.0
2024-09-03 22:35:00+00:00,551.76,551.79,551.76,551.79,7673.0
2024-09-03 22:40:00+00:00,551.79,551.79,551.69,551.71,4020.0
2024-09-03 22:45:00+00:00,551.67,551.76,551.63,551.63,2109.0
2024-09-03 22:50:00+00:00,551.631,551.631,551.4,551.4,5208.0
2024-09-03 22:55:00+00:00,551.3,551.4,551.1862,551.33,3660.0
2024-09-03 23:00:00+00:00,551.2215,551.27,551.2215,551.24,627.0
2024-09-03 23:05:00+00:00,551.2,551.2,551.03,551.1399,4343.0
2024-09-03 23:10:00+00:00,551.13,551.37,551.051,551.37,6359.0
2024-09-03 23:15:00+00:00,551.5,551.5,551.44,551.47,1237.0
2024-09-03 23:20:00+00:00,551.47,551.47,551.43,551.44,3305.0
2024-09-03 23:25:00+00:00,551.43,551.43,551.08,551.11,1647.0
2024-09-03 23:30:00+00:00,551.12,551.22,551.12,551.22,767.0
2024-09-03 23:35:00+00:00,551.2245,551.3455,551.2245,551.2804,545.0
2024-09-03 23:40:00+00:00,551.1,551.1,550.9804,551.1,37362.0
2024-09-03 23:45:00+00:00,551.18,551.2,550.93,550.93,2540.0
2024-09-03 23:50:00+00:00,550.89,551.21,550.7,551.21,3584.0
2024-09-03 23:55:00+00:00,551.15,551.2855,551.0,551.0,3629.0
2024-09-04 08:00:00+00:00,550.13,550.4,549.96,550.17,11753.0
2024-09-04 08:05:00+00:00,550.04,550.04,549.88,549.93,6810.0
2024-09-04 08:10:00+00:00,549.9,550.12,549.85,550.12,2206.0
2024-09-04 08:15:00+00:00,549.89,550.15,549.87,550.0,2221.0
2024-09-04 08:20:00+00:00,550.2,550.2,549.99,549.99,1135.0
2024-09-04 08:25:00+00:00,550.13,550.3,550.13,550.3,809.0
2024-09-04 08:30:00+00:00,550.5,550.65,550.5,550.65,2404.0
2024-09-04 08:35:00+00:00,550.71,550.72,550.31,550.31,2139.0
2024-09-04 08:40:00+00:00,550.11,550.11,549.95,549.95,2837.0
2024-09-04 08:45:00+00:00,550.09,550.14,550.08,550.08,2614.0
2024-09-04 08:50:00+00:00,550.1,550.25,550.03,550.25,2998.0
2024-09-04 08:55:00+00:00,550.37,550.37,550.18,550.18,1901.0
2024-09-04 09:00:00+00:00,550.17,550.5,550.03,550.5,3542.0
2024-09-04 09:05:00+00:00,550.29,550.29,550.0,550.03,3212.0
2024-09-04 09:10:00+00:00,550.09,550.09,550.08,550.08,818.0
2024-09-04 09:15:00+00:00,550.13,550.52,550.13,550.52,1956.0
2024-09-04 09:20:00+00:00,550.5,550.56,550.41,550.41,1413.0
2024-09-04 09:25:00+00:00,550.26,550.32,550.26,550.31,2232.0
2024-09-04 09:30:00+00:00,550.2,550.53,550.19,550.53,3389.0
2024-09-04 09:35:00+00:00,550.47,550.64,550.46,550.64,2825.0
2024-09-04 09:40:00+00:00,550.73,550.73,550.73,550.73,454.0
2024-09-04 09:45:00+00:00,550.7,550.9,550.7,550.71,2716.0
2024-09-04 09:50:00+00:00,550.51,550.51,550.2,550.2,1132.0
2024-09-04 09:55:00+00:00,550.35,550.47,550.35,550.47,2350.0
2024-09-04 10:00:00+00:00,550.69,550.69,550.35,550.35,1604.0
2024-09-04 10:05:00+00:00,550.32,550.32,550.21,550.22,949.0
2024-09-04 10:10:00+00:00,550.18,550.18,550.0,550.0,1465.0
2024-09-04 10:15:00+00:00,549.8,549.87,549.8,549.87,1712.0
2024-09-04 10:20:00+00:00,549.95,549.95,549.93,549.93,1091.0
2024-09-04 10:25:00+00:00,550.0,550.0,549.95,549.95,1874.0
2024-09-04 10:30:00+00:00,549.94,550.14,549.91,550.14,1113.0
2024-09-04 10:40:00+00:00,550.04,550.04,550.04,550.04,701.0
2024-09-04 10:45:00+00:00,550.05,550.16,550.03,550.16,2562.0
2024-09-04 10:50:00+00:00,550.0,550.0,550.0,550.0,682.0
2024-09-04 10:55:00+00:00,549.79,549.79,549.75,549.75,1425.0
2024-09-04 11:00:00+00:00,549.79,549.79,549.6,549.61,30329.0
2024-09-04 11:05:00+00:00,549.53,549.8,549.46,549.76,13386.0
2024-09-04 11:10:00+00:00,549.8,550.01,549.69,549.7,5822.0
2024-09-04 11:15:00+00:00,549.7,549.73,549.63,549.73,1464.0
2024-09-04 11:20:00+00:00,549.73,549.83,549.61,549.61,11531.0
2024-09-04 11:25:00+00:00,549.63,549.93,549.63,549.92,11857.0
2024-09-04 11:30:00+00:00,549.95,550.18,549.89,550.06,7730.0
2024-09-04 11:35:00+00:00,550.16,550.34,550.0,550.0,3824.0
2024-09-04 11:40:00+00:00,550.02,550.03,549.65,549.73,9107.0
2024-09-04 11:45:00+00:00,549.71,549.77,549.68,549.68,7601.0
2024-09-04 11:50:00+00:00,549.68,549.74,549.63,549.74,13458.0
2024-09-04 11:55:00+00:00,549.77,550.08,549.77,549.85,13706.0
2024-09-04 12:00:00+00:00,549.6,550.78,548.66,550.01,91528.0
2024-09-04 12:05:00+00:00,550.03,550.29,550.03,550.2802,14848.0
2024-09-04 12:10:00+00:00,550.3,550.3,549.88,549.9,22214.0
2024-09-04 12:15:00+00:00,549.9,549.91,549.77,549.81,7179.0
2024-09-04 12:20:00+00:00,549.82,549.91,549.76,549.82,12266.0
2024-09-04 12:25:00+00:00,549.84,550.15,549.75,549.97,18020.0
2024-09-04 12:30:00+00:00,549.97,550.06,549.68,549.68,8039.0
2024-09-04 12:35:00+00:00,549.79,549.888,549.65,549.888,23074.0
2024-09-04 12:40:00+00:00,549.86,550.418,549.86,550.418,9823.0
2024-09-04 12:45:00+00:00,550.35,550.77,550.34,550.63,34934.0
2024-09-04 12:50:00+00:00,550.6,550.69,550.5,550.6397,9594.0
2024-09-04 12:55:00+00:00,550.642,550.72,550.5,550.6,10603.0
2024-09-04 13:00:00+00:00,550.51,550.59,550.32,550.39,13584.0
2024-09-04 13:05:00+00:00,550.3488,550.53,550.3,550.41,20974.0
2024-09-04 13:10:00+00:00,550.42,550.46,550.25,550.299,13503.0
2024-09-04 13:15:00+00:00,550.26,550.36,550.19,550.23,10570.0
2024-09-04 13:20:00+00:00,550.24,550.31,550.18,550.21,17367.0
2024-09-04 13:25:00+00:00,550.16,550.42,550.08,550.141,71872.0
2024-09-04 13:30:00+00:00,550.2,551.41,550.03,551.39,1094260.0
2024-09-04 13:35:00+00:00,551.4,551.63,551.035,551.15,853654.0
2024-09-04 13:40:00+00:00,551.15,552.36,551.13,551.54,880733.0
2024-09-04 13:45:00+00:00,551.52,552.205,551.235,552.115,588694.0
2024-09-04 13:50:00+00:00,552.1,552.41,551.67,552.35,463430.0
2024-09-04 13:55:00+00:00,552.345,552.555,551.89,552.49,410405.0
2024-09-04 14:00:00+00:00,552.54,552.54,550.025,551.533,1912560.0
2024-09-04 14:05:00+00:00,551.52,552.68,550.83,552.43,1032556.0
2024-09-04 14:10:00+00:00,552.45,552.78,551.46,551.8914,1043153.0
2024-09-04 14:15:00+00:00,551.94,552.65,551.16,551.719,561633.0
2024-09-04 14:20:00+00:00,551.72,552.35,551.42,552.21,533689.0
2024-09-04 14:25:00+00:00,552.26,552.49,551.55,552.49,322036.0
2024-09-04 14:30:00+00:00,552.49,553.0329,552.22,553.0329,870242.0
2024-09-04 14:35:00+00:00,553.03,553.43,552.45,553.08,1116807.0
2024-09-04 14:40:00+00:00,553.04,553.53,552.8,553.53,647633.0
2024-09-04 14:45:00+00:00,553.53,553.6193,552.54,553.035,453683.0
2024-09-04 14:50:00+00:00,553.06,553.37,552.96,553.354,187362.0
2024-09-04 14:55:00+00:00,553.36,554.0,553.32,553.98,381422.0
2024-09-04 15:00:00+00:00,553.97,554.38,553.76,554.33,504324.0
2024-09-04 15:05:00+00:00,554.33,554.43,553.37,553.39,519991.0
2024-09-04 15:10:00+00:00,553.4,553.78,553.01,553.195,715576.0
2024-09-04 15:15:00+00:00,553.2,553.43,552.87,553.295,445745.0
2024-09-04 15:20:00+00:00,553.3095,553.45,552.59,552.905,330146.0
2024-09-04 15:25:00+00:00,552.88,553.02,552.0905,552.14,567943.0
2024-09-04 15:30:00+00:00,552.13,552.33,551.42,552.11,537816.0
2024-09-04 15:35:00+00:00,552.13,552.26,551.68,551.795,252697.0
2024-09-04 15:40:00+00:00,551.8,551.9999,551.49,551.691,229763.0
2024-09-04 15:45:00+00:00,551.69,552.31,551.69,551.86,186919.0
2024-09-04 15:50:00+00:00,551.89,552.39,551.8,552.2773,174046.0
2024-09-04 15:55:00+00:00,552.24,552.24,551.34,551.8499,731478.0
2024-09-04 16:00:00+00:00,551.82,551.95,551.23,551.29,298761.0
2024-09-04 16:05:00+00:00,551.3,551.6695,551.07,551.61,405526.0
2024-09-04 16:10:00+00:00,551.62,551.86,551.09,551.1101,204254.0
2024-09-04 16:15:00+00:00,551.13,551.92,551.13,551.5815,212518.0
2024-09-04 16:20:00+00:00,551.59,552.2399,551.48,552.17,205886.0
2024-09-04 16:25:00+00:00,552.18,552.4172,551.82,552.12,220685.0
2024-09-04 16:30:00+00:00,552.11,552.99,552.0708,552.95,291982.0
2024-09-04 16:35:00+00:00,552.97,553.09,552.7518,552.8,263387.0
2024-09-04 16:40:00+00:00,552.79,552.8501,551.74,551.78,317177.0
2024-09-04 16:45:00+00:00,551.78,552.15,551.47,551.9999,230885.0
2024-09-04 16:50:00+00:00,552.0,552.47,551.82,552.31,178866.0
2024-09-04 16:55:00+00:00,552.32,552.38,551.9,552.34,141250.0
2024-09-04 17:00:00+00:00,552.315,552.34,551.46,551.62,244309.0
2024-09-04 17:05:00+00:00,551.62,552.13,551.61,552.03,173896.0
2024-09-04 17:10:00+00:00,552.0,552.28,551.61,551.71,172369.0
2024-09-04 17:15:00+00:00,551.68,551.92,551.33,551.66,214446.0
2024-09-04 17:20:00+00:00,551.64,552.065,551.39,551.475,236419.0
2024-09-04 17:25:00+00:00,551.46,551.54,551.04,551.215,280305.0
2024-09-04 17:30:00+00:00,551.2,551.33,551.0,551.17,238103.0
2024-09-04 17:35:00+00:00,551.15,551.38,550.95,551.16,243576.0
2024-09-04 17:40:00+00:00,551.18,551.5,550.88,550.93,255489.0
2024-09-04 17:45:00+00:00,550.93,551.65,550.93,551.14,336759.0
2024-09-04 17:50:00+00:00,551.16,551.2,550.6811,551.0199,274517.0
2024-09-04 17:55:00+00:00,551.0,551.15,550.75,550.95,239696.0
2024-09-04 18:00:00+00:00,550.96,551.07,550.67,550.755,417239.0
2024-09-04 18:05:00+00:00,550.75,551.23,550.58,550.9177,411847.0
2024-09-04 18:10:00+00:00,550.92,551.3,550.77,551.25,413330.0
2024-09-04 18:15:00+00:00,551.2292,551.43,550.76,550.83,235743.0
2024-09-04 18:20:00+00:00,550.84,551.13,550.6,551.09,212549.0
2024-09-04 18:25:00+00:00,551.06,551.52,551.01,551.36,227279.0
2024-09-04 18:30:00+00:00,551.35,551.74,550.9,550.94,301107.0
2024-09-04 18:35:00+00:00,550.94,550.99,550.32,550.4,358675.0
2024-09-04 18:40:00+00:00,550.4,550.79,550.37,550.4401,404882.0
2024-09-04 18:45:00+00:00,550.44,550.82,550.26,550.5401,210934.0
2024-09-04 18:50:00+00:00,550.54,550.66,550.08,550.485,255088.0
2024-09-04 18:55:00+00:00,550.49,550.75,550.02,550.07,291486.0
2024-09-04 19:00:00+00:00,550.07,550.19,549.67,549.79,550313.0
2024-09-04 19:05:00+00:00,549.802,549.94,549.52,549.63,365397.0
2024-09-04 19:10:00+00:00,549.64,549.98,549.46,549.65,468493.0
2024-09-04 19:15:00+00:00,549.66,550.04,549.63,549.725,239407.0
2024-09-04 19:20:00+00:00,549.71,550.53,549.71,550.52,480382.0
2024-09-04 19:25:00+00:00,550.52,550.83,550.1,550.72,799620.0
2024-09-04 19:30:00+00:00,550.73,550.75,550.08,550.34,324646.0
2024-09-04 19:35:00+00:00,550.34,550.69,550.08,550.5999,549389.0
2024-09-04 19:40:00+00:00,550.59,551.26,550.5539,551.115,823844.0
2024-09-04 19:45:00+00:00,551.1,551.34,550.76,551.23,1043488.0
2024-09-04 19:50:00+00:00,551.24,551.96,550.73,551.125,1571425.0
2024-09-04 19:55:00+00:00,551.1,551.87,549.64,550.84,3874968.0
2024-09-04 20:00:00+00:00,550.82,550.95,550.5,550.81,1723438.0
2024-09-04 20:05:00+00:00,550.77,551.1458,550.41,550.5,815741.0
2024-09-04 20:10:00+00:00,550.49,550.6,550.18,550.22,1288568.0
2024-09-04 20:15:00+00:00,550.19,551.1375,549.88,550.1383,733033.0
2024-09-04 20:20:00+00:00,550.11,550.4,549.99,550.24,193317.0
2024-09-04 20:25:00+00:00,550.25,550.65,550.25,550.55,57329.0
2024-09-04 20:30:00+00:00,550.59,550.83,550.58,550.78,185565.0
2024-09-04 20:35:00+00:00,550.67,550.69,550.56,550.58,152892.0
2024-09-04 20:40:00+00:00,550.55,550.66,550.55,550.66,20237.0
2024-09-04 20:45:00+00:00,550.71,550.71,550.59,550.66,14086.0
2024-09-04 20:50:00+00:00,550.62,550.68,550.62,550.62,5529.0
2024-09-04 20:55:00+00:00,550.67,550.8,550.66,550.72,57695.0
2024-09-04 21:00:00+00:00,550.77,550.81,550.76,550.81,561.0
2024-09-04 21:05:00+00:00,550.71,550.76,550.71,550.76,433.0
2024-09-04 21:15:00+00:00,550.78,550.79,550.67,550.7,3555.0
2024-09-04 21:20:00+00:00,550.7,550.73,550.65,550.65,5893.0
2024-09-04 21:25:00+00:00,550.63,550.73,550.63,550.73,2448.0
2024-09-04 21:30:00+00:00,550.7,550.7,550.65,550.7,3913.0
2024-09-04 21:35:00+00:00,550.7,550.7,550.7,550.7,1086.0
2024-09-04 21:40:00+00:00,550.7,550.7,550.66,550.66,4081.0
2024-09-04 21:45:00+00:00,550.7,550.7,550.7,550.7,2046.0
2024-09-04 21:50:00+00:00,550.72,550.72,550.72,550.72,126.0
2024-09-04 21:55:00+00:00,550.73,550.75,550.73,550.75,2623.0
2024-09-04 22:00:00+00:00,550.75,551.03,550.75,551.0001,24127.0
2024-09-04 22:05:00+00:00,551.021,551.021,551.0,551.0,3311.0
2024-09-04 22:10:00+00:00,551.0,551.06,551.0,551.0,1867.0
2024-09-04 22:15:00+00:00,551.0,551.0,550.81,550.81,3869.0
2024-09-04 22:20:00+00:00,550.81,550.81,550.81,550.81,619.0
2024-09-04 22:25:00+00:00,550.91,550.9282,550.82,550.9,2084.0
2024-09-04 22:30:00+00:00,550.95,551.05,550.95,551.05,318.0
2024-09-04 22:35:00+00:00,551.09,551.1602,551.09,551.1,2570.0
2024-09-04 22:40:00+00:00,550.95,550.981,550.95,550.981,1585.0
2024-09-04 22:45:00+00:00,551.03,551.1,551.0,551.0,1550.0
2024-09-04 22:50:00+00:00,551.09,551.09,551.08,551.08,330.0
2024-09-04 22:55:00+00:00,551.0399,551.0399,551.01,551.01,1893.0
2024-09-04 23:00:00+00:00,550.95,550.95,550.84,550.84,3109.0
2024-09-04 23:05:00+00:00,550.9,550.9,550.75,550.77,1157.0
2024-09-04 23:10:00+00:00,550.79,550.79,550.6599,550.6599,1060.0
2024-09-04 23:15:00+00:00,550.65,550.67,550.53,550.53,3918.0
2024-09-04 23:20:00+00:00,550.54,550.54,550.35,550.39,3268.0
2024-09-04 23:25:00+00:00,550.27,550.57,550.27,550.45,2368.0
2024-09-04 23:30:00+00:00,550.52,550.52,550.42,550.42,1225.0
2024-09-04 23:35:00+00:00,550.42,550.42,549.95,549.95,13424.0
2024-09-04 23:40:00+00:00,550.14,550.14,549.52,549.88,41884.0
2024-09-04 23:45:00+00:00,549.88,549.94,549.7678,549.7678,8579.0
2024-09-04 23:50:00+00:00,549.901,550.04,549.901,550.04,12444.0
2024-09-04 23:55:00+00:00,550.03,550.29,550.01,550.28,13755.0
2024-09-05 08:00:00+00:00,551.94,552.04,551.83,551.91,6574.0
2024-09-05 08:05:00+00:00,551.88,551.95,551.64,551.85,54334.0
2024-09-05 08:10:00+00:00,551.76,551.77,551.67,551.77,27095.0
2024-09-05 08:15:00+00:00,551.75,551.79,551.57,551.57,2081.0
2024-09-05 08:20:00+00:00,551.66,551.81,551.52,551.81,2701.0
2024-09-05 08:25:00+00:00,551.83,551.9,551.76,551.9,905.0
2024-09-05 08:30:00+00:00,551.77,551.77,551.55,551.55,2310.0
2024-09-05 08:35:00+00:00,551.59,551.69,551.58,551.63,1968.0
2024-09-05 08:40:00+00:00,551.73,551.73,551.63,551.68,1247.0
2024-09-05 08:50:00+00:00,551.69,551.85,551.69,551.85,868.0
2024-09-05 09:00:00+00:00,551.57,551.57,551.44,551.47,4159.0
2024-09-05 09:05:00+00:00,551.35,551.45,551.35,551.38,2879.0
2024-09-05 09:10:00+00:00,551.18,551.23,551.1,551.1,3821.0
2024-09-05 09:15:00+00:00,551.2,551.25,551.03,551.03,3181.0
2024-09-05 09:20:00+00:00,550.95,550.95,550.6,550.6,1018.0
2024-09-05 09:25:00+00:00,550.42,550.72,550.42,550.47,4017.0
2024-09-05 09:30:00+00:00,550.7,550.73,550.7,550.73,808.0
2024-09-05 09:35:00+00:00,550.51,550.51,550.51,550.51,226.0
2024-09-05 09:40:00+00:00,550.8,551.07,550.8,551.07,3309.0
2024-09-05 09:45:00+00:00,551.11,551.25,551.11,551.19,1238.0
2024-09-05 09:50:00+00:00,551.23,551.35,550.98,550.98,4738.0
2024-09-05 09:55:00+00:00,550.92,551.09,550.92,551.09,1844.0
2024-09-05 10:00:00+00:00,551.09,551.09,550.75,550.84,3004.0
2024-09-05 10:05:00+00:00,551.04,551.25,550.92,550.92,1652.0
2024-09-05 10:10:00+00:00,551.08,551.17,551.08,551.17,3083.0
2024-09-05 10:20:00+00:00,551.02,551.14,551.02,551.14,886.0
2024-09-05 10:25:00+00:00,551.08,551.08,551.07,551.07,1019.0
2024-09-05 10:30:00+00:00,551.09,551.21,550.95,551.18,3498.0
2024-09-05 10:35:00+00:00,551.41,551.43,551.33,551.33,1352.0
2024-09-05 10:40:00+00:00,551.25,551.37,551.25,551.37,1473.0
2024-09-05 10:50:00+00:00,551.28,551.28,551.1,551.19,2154.0
2024-09-05 10:55:00+00:00,551.2,551.33,551.2,551.33,919.0
2024-09-05 11:00:00+00:00,551.37,551.62,551.36,551.57,135201.0
2024-09-05 11:05:00+00:00,551.6,551.6,551.4,551.4,3249.0
2024-09-05 11:10:00+00:00,551.32,551.32,551.0,551.1,7546.0
2024-09-05 11:15:00+00:00,551.15,551.2,551.12,551.12,2143.0
2024-09-05 11:20:00+00:00,551.0,551.26,551.0,551.239,4317.0
2024-09-05 11:25:00+00:00,551.25,551.6,551.09,551.6,14106.0
2024-09-05 11:30:00+00:00,551.56,551.72,551.56,551.61,7584.0
2024-09-05 11:35:00+00:00,551.59,551.63,551.39,551.39,13122.0
2024-09-05 11:40:00+00:00,551.33,551.34,551.16,551.25,9698.0
2024-09-05 11:45:00+00:00,551.26,551.31,550.69,550.69,26507.0
2024-09-05 11:50:00+00:00,550.71,550.9,550.6,550.9,14140.0
2024-09-05 11:55:00+00:00,550.86,550.9,550.6,550.74,12173.0
2024-09-05 12:00:00+00:00,551.3901,551.95,549.95,550.43,50613.0
2024-09-05 12:05:00+00:00,550.49,550.49,550.24,550.43,12725.0
2024-09-05 12:10:00+00:00,550.42,550.64,550.35,550.64,8913.0
2024-09-05 12:15:00+00:00,550.61,550.61,549.68,549.68,78087.0
2024-09-05 12:20:00+00:00,549.73,549.74,549.3,549.37,48236.0
2024-09-05 12:25:00+00:00,549.39,549.93,549.29,549.87,21367.0
2024-09-05 12:30:00+00:00,549.95,551.4,549.81,550.64,201203.0
2024-09-05 12:35:00+00:00,550.63,550.63,549.8,549.982,40548.0
2024-09-05 12:40:00+00:00,549.91,550.26,549.7,550.22,25144.0
2024-09-05 12:45:00+00:00,550.17,550.52,550.05,550.45,22165.0
2024-09-05 12:50:00+00:00,550.41,550.5,549.87,550.1,30445.0
2024-09-05 12:55:00+00:00,550.11,550.62,550.11,550.42,18869.0
2024-09-05 13:00:00+00:00,550.45,550.7,550.25,550.59,13742.0
2024-09-05 13:05:00+00:00,550.51,550.91,550.27,550.91,44032.0
2024-09-05 13:10:00+00:00,550.96,550.98,550.77,550.94,22426.0
2024-09-05 13:15:00+00:00,550.94,551.06,550.9,550.94,22769.0
2024-09-05 13:20:00+00:00,550.93,551.09,550.92,550.92,13721.0
2024-09-05 13:25:00+00:00,550.92,551.07,550.81,550.89,36966.0
2024-09-05 13:30:00+00:00,550.89,551.55,550.68,550.7,1423991.0
2024-09-05 13:35:00+00:00,550.71,552.13,550.65,551.42,1171459.0
2024-09-05 13:40:00+00:00,551.43,551.78,551.4,551.59,492522.0
2024-09-05 13:45:00+00:00,551.6,552.27,550.91,551.26,497780.0
2024-09-05 13:50:00+00:00,551.31,551.85,551.13,551.8,328879.0
2024-09-05 13:55:00+00:00,551.79,552.09,551.63,551.96,399807.0
2024-09-05 14:00:00+00:00,551.97,553.36,551.97,553.04,809104.0
2024-09-05 14:05:00+00:00,553.0,553.58,552.71,552.9,502924.0
2024-09-05 14:10:00+00:00,552.89,552.93,551.6,551.82,485519.0
2024-09-05 14:15:00+00:00,551.81,552.41,551.56,552.29,331053.0
2024-09-05 14:20:00+00:00,552.32,553.55,552.305,553.45,446103.0
2024-09-05 14:25:00+00:00,553.46,553.7995,552.76,552.97,625501.0
2024-09-05 14:30:00+00:00,552.97,553.55,552.6801,553.02,317640.0
2024-09-05 14:35:00+00:00,553.015,553.11,552.695,552.83,225876.0
2024-09-05 14:40:00+00:00,552.82,552.87,552.0701,552.15,302609.0
2024-09-05 14:45:00+00:00,552.14,552.18,550.8,550.91,678687.0
2024-09-05 14:50:00+00:00,550.86,550.9389,550.44,550.81,593755.0
2024-09-05 14:55:00+00:00,550.8,551.07,550.33,550.3899,461561.0
2024-09-05 15:00:00+00:00,550.38,550.54,549.23,549.9404,729442.0
2024-09-05 15:05:00+00:00,549.96,550.48,549.85,550.31,407816.0
2024-09-05 15:10:00+00:00,550.33,550.48,548.98,549.23,476444.0
2024-09-05 15:15:00+00:00,549.26,549.75,549.03,549.31,322358.0
2024-09-05 15:20:00+00:00,549.31,549.53,548.47,548.81,457314.0
2024-09-05 15:25:00+00:00,548.77,548.84,547.82,547.9186,662566.0
2024-09-05 15:30:00+00:00,547.92,548.18,547.4,547.75,678439.0
2024-09-05 15:35:00+00:00,547.76,548.54,547.71,548.09,502125.0
2024-09-05 15:40:00+00:00,548.08,548.35,547.7195,547.88,422809.0
2024-09-05 15:45:00+00:00,547.88,548.39,547.78,548.0204,265503.0
2024-09-05 15:50:00+00:00,548.02,548.32,547.66,547.75,332830.0
2024-09-05 15:55:00+00:00,547.74,547.9989,547.36,547.49,287976.0
2024-09-05 16:00:00+00:00,547.48,548.3499,547.4,548.02,460710.0
2024-09-05 16:05:00+00:00,548.01,548.51,547.89,548.32,257503.0
2024-09-05 16:10:00+00:00,548.33,548.33,547.37,547.64,349688.0
2024-09-05 16:15:00+00:00,547.65,547.88,547.1,547.64,652257.0
2024-09-05 16:20:00+00:00,547.61,548.3,547.53,548.25,523510.0
2024-09-05 16:25:00+00:00,548.245,548.62,548.2,548.5595,432426.0
2024-09-05 16:30:00+00:00,548.55,548.6,548.23,548.48,262672.0
2024-09-05 16:35:00+00:00,548.47,548.65,548.31,548.375,247801.0
2024-09-05 16:40:00+00:00,548.39,548.94,548.39,548.78,269727.0
2024-09-05 16:45:00+00:00,548.77,548.79,548.42,548.51,190220.0
2024-09-05 16:50:00+00:00,548.51,548.6696,548.28,548.4599,157603.0
2024-09-05 16:55:00+00:00,548.45,549.3,548.4,548.71,372903.0
2024-09-05 17:00:00+00:00,548.72,548.96,548.48,548.5908,195551.0
2024-09-05 17:05:00+00:00,548.58,548.58,548.0,548.35,212076.0
2024-09-05 17:10:00+00:00,548.34,551.1547,548.3106,548.46,298902.0
2024-09-05 17:15:00+00:00,548.45,548.54,547.78,548.51,265893.0
2024-09-05 17:20:00+00:00,548.5,548.56,548.24,548.56,112341.0
2024-09-05 17:25:00+00:00,548.505,548.56,547.75,547.8199,187895.0
2024-09-05 17:30:00+00:00,547.73,548.3,547.73,548.28,200164.0
2024-09-05 17:35:00+00:00,548.3,549.15,548.3,548.811,256273.0
2024-09-05 17:40:00+00:00,548.81,549.845,548.76,549.78,261964.0
2024-09-05 17:45:00+00:00,549.75,550.61,549.7101,550.36,418736.0
2024-09-05 17:50:00+00:00,550.34,550.47,550.02,550.0899,245807.0
2024-09-05 17:55:00+00:00,550.075,550.7,550.07,550.68,409831.0
2024-09-05 18:00:00+00:00,550.69,550.93,550.23,550.49,391657.0
2024-09-05 18:05:00+00:00,550.48,550.76,550.3601,550.4921,390850.0
2024-09-05 18:10:00+00:00,550.5,550.72,550.21,550.26,516843.0
2024-09-05 18:15:00+00:00,550.2799,550.77,550.1406,550.55,324648.0
2024-09-05 18:20:00+00:00,550.545,550.71,550.22,550.2599,158920.0
2024-09-05 18:25:00+00:00,550.25,550.278,549.85,550.0,203502.0
2024-09-05 18:30:00+00:00,549.99,550.53,549.9699,550.28,283425.0
2024-09-05 18:35:00+00:00,550.2895,550.63,550.1465,550.37,207251.0
2024-09-05 18:40:00+00:00,550.38,550.5,550.1,550.32,185824.0
2024-09-05 18:45:00+00:00,550.34,550.72,550.31,550.675,177019.0
2024-09-05 18:50:00+00:00,550.67,551.18,550.44,550.59,352710.0
2024-09-05 18:55:00+00:00,550.59,550.67,550.12,550.17,223498.0
2024-09-05 19:00:00+00:00,550.15,550.17,549.69,550.0299,274545.0
2024-09-05 19:05:00+00:00,550.05,550.12,549.71,549.86,194585.0
2024-09-05 19:10:00+00:00,549.85,549.855,549.43,549.47,217934.0
2024-09-05 19:15:00+00:00,549.5,549.55,548.14,548.6401,784390.0
2024-09-05 19:20:00+00:00,548.64,548.95,548.41,548.92,505889.0
2024-09-05 19:25:00+00:00,548.9,549.44,548.82,549.2801,398037.0
2024-09-05 19:30:00+00:00,549.31,550.26,549.25,550.2,556674.0
2024-09-05 19:35:00+00:00,550.2,550.2,549.34,549.39,577552.0
2024-09-05 19:40:00+00:00,549.39,549.39,548.35,548.5905,600249.0
2024-09-05 19:45:00+00:00,548.6,549.07,548.27,548.91,904360.0
2024-09-05 19:50:00+00:00,548.92,549.16,548.04,548.72,1699489.0
2024-09-05 19:55:00+00:00,548.71,549.57,548.45,549.57,3005478.0
2024-09-05 20:00:00+00:00,549.53,550.15,549.38,550.14,446406.0
2024-09-05 20:05:00+00:00,550.12,550.13,549.72,550.05,282054.0
2024-09-05 20:10:00+00:00,550.02,550.08,549.61,549.83,4151205.0
2024-09-05 20:15:00+00:00,549.83,550.32,549.2,549.32,703255.0
2024-09-05 20:20:00+00:00,549.44,549.55,549.2,549.2,108467.0
2024-09-05 20:25:00+00:00,549.17,549.24,549.04,549.22,29117.0
2024-09-05 20:30:00+00:00,549.25,549.25,549.11,549.11,9585.0
2024-09-05 20:35:00+00:00,549.18,549.32,549.03,549.03,42242.0
2024-09-05 20:40:00+00:00,549.09,549.29,549.05,549.2,25443.0
2024-09-05 20:45:00+00:00,549.23,549.37,549.04,549.12,9589.0
2024-09-05 20:50:00+00:00,549.02,549.1,549.02,549.1,16443.0
2024-09-05 20:55:00+00:00,549.05,549.2,549.05,549.19,11312.0
2024-09-05 21:00:00+00:00,549.14,549.29,549.08,549.1,2434.0
2024-09-05 21:05:00+00:00,549.09,549.09,549.0,549.0,6970.0
2024-09-05 21:10:00+00:00,549.04,549.14,549.04,549.14,8168.0
2024-09-05 21:15:00+00:00,549.09,549.15,549.09,549.1,1873.0
2024-09-05 21:20:00+00:00,549.11,549.14,549.1,549.14,2081.0
2024-09-05 21:25:00+00:00,549.15,549.15,549.0,549.07,12333.0
2024-09-05 21:30:00+00:00,549.15,549.15,549.15,549.15,2848.0
2024-09-05 21:35:00+00:00,549.19,549.19,549.19,549.19,180.0
2024-09-05 21:45:00+00:00,549.25,549.25,549.04,549.12,2317.0
2024-09-05 21:50:00+00:00,549.24,549.284,549.24,549.24,1016.0
2024-09-05 21:55:00+00:00,549.2,549.33,549.2,549.33,8158.0
2024-09-05 22:00:00+00:00,549.33,549.4,549.23,549.35,21005.0
2024-09-05 22:05:00+00:00,549.38,549.4,549.12,549.12,6061.0
2024-09-05 22:10:00+00:00,549.11,549.11,549.0,549.0,4642.0
2024-09-05 22:15:00+00:00,549.01,549.03,548.99,549.0,2879.0
2024-09-05 22:20:00+00:00,549.0,549.0,548.91,548.91,1734.0
2024-09-05 22:25:00+00:00,548.9,548.9,548.73,548.801,4597.0
2024-09-05 22:30:00+00:00,548.93,548.95,548.92,548.95,1726.0
2024-09-05 22:35:00+00:00,549.0,549.0,548.81,548.93,12412.0
2024-09-05 22:40:00+00:00,548.88,548.92,548.88,548.92,693.0
2024-09-05 22:45:00+00:00,548.96,548.96,548.91,548.96,4163.0
2024-09-05 22:50:00+00:00,548.98,549.1,548.98,549.1,1580.0
2024-09-05 22:55:00+00:00,549.09,549.11,549.09,549.11,2136.0
2024-09-05 23:00:00+00:00,549.0,549.0,549.0,549.0,217.0
2024-09-05 23:05:00+00:00,549.0,549.01,548.99,548.99,3620.0
2024-09-05 23:10:00+00:00,548.87,548.94,548.8,548.9,5118.0
2024-09-05 23:15:00+00:00,548.85,548.85,548.65,548.71,4365.0
2024-09-05 23:20:00+00:00,548.6704,548.84,548.6704,548.84,420.0
2024-09-05 23:25:00+00:00,548.77,548.77,548.77,548.77,544.0
2024-09-05 23:30:00+00:00,548.8604,548.91,548.8604,548.9,1848.0
2024-09-05 23:35:00+00:00,548.93,548.94,548.88,548.88,1480.0
2024-09-05 23:40:00+00:00,548.9215,548.9215,548.9104,548.9108,2037.0
2024-09-05 23:45:00+00:00,548.9,549.09,548.9,549.06,2400.0
2024-09-05 23:50:00+00:00,549.05,549.05,548.9,549.03,2059.0
2024-09-05 23:55:00+00:00,549.06,549.1024,548.99,549.05,4013.0
2024-09-06 08:00:00+00:00,547.0,547.0,546.2,546.53,6986.0
2024-09-06 08:05:00+00:00,546.53,546.61,546.37,546.45,1342.0
2024-09-06 08:10:00+00:00,546.4,546.56,546.37,546.56,2302.0
2024-09-06 08:15:00+00:00,546.6,546.6,546.2,546.2,993.0
2024-09-06 08:20:00+00:00,546.2,546.2,546.2,546.2,439.0
2024-09-06 08:25:00+00:00,546.27,546.46,546.27,546.44,1094.0
2024-09-06 08:30:00+00:00,546.5,546.5,546.41,546.41,1736.0
2024-09-06 08:35:00+00:00,546.46,546.46,546.03,546.03,6114.0
2024-09-06 08:40:00+00:00,545.92,546.01,545.91,545.93,3493.0
2024-09-06 08:45:00+00:00,545.8,545.8,545.64,545.68,998.0
2024-09-06 08:50:00+00:00,545.65,545.73,545.45,545.53,2906.0
2024-09-06 08:55:00+00:00,545.57,545.81,545.57,545.81,3430.0
2024-09-06 09:00:00+00:00,545.77,545.77,545.7,545.7,735.0
2024-09-06 09:05:00+00:00,545.74,545.86,545.65,545.65,2037.0
2024-09-06 09:10:00+00:00,545.62,545.72,545.62,545.72,493.0
2024-09-06 09:15:00+00:00,545.49,545.68,545.37,545.68,1942.0
2024-09-06 09:20:00+00:00,545.59,545.89,545.59,545.89,2692.0
2024-09-06 09:25:00+00:00,546.0,546.0,545.94,545.94,1054.0
2024-09-06 09:30:00+00:00,546.02,546.16,546.02,546.16,366.0
2024-09-06 09:40:00+00:00,545.96,545.96,545.67,545.79,72230.0
2024-09-06 09:45:00+00:00,545.76,546.14,545.76,546.14,59579.0
2024-09-06 09:50:00+00:00,546.05,546.41,546.05,546.37,1499.0
2024-09-06 09:55:00+00:00,546.08,546.08,546.08,546.08,255.0
2024-09-06 10:00:00+00:00,546.08,546.08,546.08,546.08,205.0
2024-09-06 10:05:00+00:00,546.12,546.3,546.11,546.29,2268.0
2024-09-06 10:10:00+00:00,546.18,546.24,546.18,546.24,360.0
2024-09-06 10:15:00+00:00,546.19,546.19,546.07,546.13,5559.0
2024-09-06 10:20:00+00:00,546.16,546.16,546.05,546.05,1175.0
2024-09-06 10:25:00+00:00,546.26,546.31,546.25,546.31,1200.0
2024-09-06 10:30:00+00:00,546.2,546.3,546.19,546.2,11185.0
2024-09-06 10:35:00+00:00,546.19,546.24,545.97,545.97,2530.0
2024-09-06 10:40:00+00:00,546.05,546.09,545.66,545.84,23834.0
2024-09-06 10:45:00+00:00,545.88,545.92,545.88,545.92,432.0
2024-09-06 10:55:00+00:00,545.87,546.0,545.87,545.95,814.0
2024-09-06 11:00:00+00:00,545.95,546.18,545.89,546.12,22402.0
2024-09-06 11:05:00+00:00,546.08,546.22,546.08,546.21,7039.0
2024-09-06 11:10:00+00:00,546.27,546.31,546.09,546.09,4148.0
2024-09-06 11:15:00+00:00,546.23,546.35,546.17,546.27,13728.0
2024-09-06 11:20:00+00:00,546.26,546.38,546.25,546.32,3657.0
2024-09-06 11:25:00+00:00,546.39,546.42,546.11,546.12,22033.0
2024-09-06 11:30:00+00:00,546.17,546.43,546.1,546.43,10352.0
2024-09-06 11:35:00+00:00,546.43,546.43,546.18,546.32,8281.0
2024-09-06 11:40:00+00:00,546.37,546.38,546.23,546.31,6565.0
2024-09-06 11:45:00+00:00,546.32,546.56,546.25,546.56,7362.0
2024-09-06 11:50:00+00:00,546.59,546.77,546.55,546.77,22928.0
2024-09-06 11:55:00+00:00,546.77,546.82,546.73,546.79,36487.0
2024-09-06 12:00:00+00:00,546.05,549.06,545.55,547.06,98855.0
2024-09-06 12:05:00+00:00,547.03,547.1,546.68,546.68,23259.0
2024-09-06 12:10:00+00:00,546.6,546.6005,546.43,546.44,16623.0
2024-09-06 12:15:00+00:00,546.3817,546.93,546.36,546.8,42672.0
2024-09-06 12:20:00+00:00,546.79,547.13,546.79,547.105,54110.0
2024-09-06 12:25:00+00:00,547.08,547.36,545.71,546.16,44368.0
2024-09-06 12:30:00+00:00,545.7,549.76,545.47,548.14,426191.0
2024-09-06 12:35:00+00:00,548.08,549.61,548.02,549.12,344949.0
2024-09-06 12:40:00+00:00,549.08,549.11,548.03,548.21,113727.0
2024-09-06 12:45:00+00:00,548.23,550.16,548.01,550.1,221901.0
2024-09-06 12:50:00+00:00,550.08,550.36,549.46,549.5,241571.0
2024-09-06 12:55:00+00:00,549.5,549.86,549.5,549.73,56904.0
2024-09-06 13:00:00+00:00,549.77,550.02,549.28,549.46,48591.0
2024-09-06 13:05:00+00:00,549.46,550.21,549.44,549.81,26771.0
2024-09-06 13:10:00+00:00,549.9,550.019,549.61,549.95,27587.0
2024-09-06 13:15:00+00:00,550.03,550.26,549.73,549.73,41839.0
2024-09-06 13:20:00+00:00,549.79,550.6,549.71,550.13,55320.0
2024-09-06 13:25:00+00:00,550.04,550.1,549.77,549.86,69519.0
2024-09-06 13:30:00+00:00,549.94,551.134,549.84,551.08,1916959.0
2024-09-06 13:35:00+00:00,551.1,551.6,549.15,549.23,1053900.0
2024-09-06 13:40:00+00:00,549.26,550.38,548.46,549.94,955848.0
2024-09-06 13:45:00+00:00,549.9226,550.65,549.53,549.68,560445.0
2024-09-06 13:50:00+00:00,549.665,549.77,548.31,548.35,773957.0
2024-09-06 13:55:00+00:00,548.39,548.96,547.83,547.8901,535224.0
2024-09-06 14:00:00+00:00,547.89,548.26,547.41,547.66,760339.0
2024-09-06 14:05:00+00:00,547.67,548.09,547.03,547.48,461657.0
2024-09-06 14:10:00+00:00,547.44,547.88,546.56,547.1244,634955.0
2024-09-06 14:15:00+00:00,547.17,547.37,546.33,546.99,589956.0
2024-09-06 14:20:00+00:00,547.04,547.23,545.68,545.77,515810.0
2024-09-06 14:25:00+00:00,545.75,545.79,544.64,544.7,1126209.0
2024-09-06 14:30:00+00:00,544.69,545.17,544.005,544.13,1173674.0
2024-09-06 14:35:00+00:00,544.14,544.44,543.71,544.18,1097423.0
2024-09-06 14:40:00+00:00,544.18,544.2,542.59,542.62,1029934.0
2024-09-06 14:45:00+00:00,542.62,543.24,542.57,542.7,989892.0
2024-09-06 14:50:00+00:00,542.72,542.86,541.82,541.82,1020482.0
2024-09-06 14:55:00+00:00,541.84,542.3499,541.56,542.22,1241155.0
2024-09-06 15:00:00+00:00,542.25,545.505,542.13,543.491,2685814.0
2024-09-06 15:05:00+00:00,543.52,544.12,542.29,542.37,988020.0
2024-09-06 15:10:00+00:00,542.41,542.9,541.87,542.28,781861.0
2024-09-06 15:15:00+00:00,542.28,542.47,540.96,541.25,886588.0
2024-09-06 15:20:00+00:00,541.29,542.16,541.12,541.6207,802392.0
2024-09-06 15:25:00+00:00,541.58,541.84,541.25,541.5,741052.0
2024-09-06 15:30:00+00:00,541.49,542.65,541.4105,542.07,527625.0
2024-09-06 15:35:00+00:00,542.1,542.15,541.33,541.65,415971.0
2024-09-06 15:40:00+00:00,541.61,541.83,541.1,541.2598,445267.0
2024-09-06 15:45:00+00:00,541.24,541.31,540.52,540.985,668318.0
2024-09-06 15:50:00+00:00,540.97,541.02,540.26,540.92,521320.0
2024-09-06 15:55:00+00:00,540.9115,541.28,540.55,540.58,588314.0
2024-09-06 16:00:00+00:00,540.53,541.03,540.4,540.4799,266971.0
2024-09-06 16:05:00+00:00,540.48,541.07,540.34,540.7287,462363.0
2024-09-06 16:10:00+00:00,540.73,541.03,540.43,540.61,361965.0
2024-09-06 16:15:00+00:00,540.5901,540.74,540.13,540.29,422939.0
2024-09-06 16:20:00+00:00,540.31,540.61,540.1,540.5,343894.0
2024-09-06 16:25:00+00:00,540.4716,540.7799,539.84,539.9,412390.0
2024-09-06 16:30:00+00:00,539.914,540.81,539.85,540.77,326205.0
2024-09-06 16:35:00+00:00,540.76,541.18,540.17,540.26,356674.0
2024-09-06 16:40:00+00:00,540.26,540.7866,540.08,540.7238,314372.0
2024-09-06 16:45:00+00:00,540.695,540.7467,539.73,539.95,452255.0
2024-09-06 16:50:00+00:00,539.94,540.13,539.66,539.885,334304.0
2024-09-06 16:55:00+00:00,539.88,540.42,539.7,540.135,396304.0
2024-09-06 17:00:00+00:00,540.15,540.69,539.91,540.52,356802.0
2024-09-06 17:05:00+00:00,540.54,541.3395,540.29,541.11,446415.0
2024-09-06 17:10:00+00:00,541.12,541.53,541.03,541.37,455155.0
2024-09-06 17:15:00+00:00,541.36,541.5,541.0305,541.13,328052.0
2024-09-06 17:20:00+00:00,541.08,542.0,541.07,541.98,289696.0
2024-09-06 17:25:00+00:00,541.97,542.0,540.8,540.83,382568.0
2024-09-06 17:30:00+00:00,540.83,540.96,540.4815,540.7999,384469.0
2024-09-06 17:35:00+00:00,540.79,540.79,540.17,540.3105,333767.0
2024-09-06 17:40:00+00:00,540.31,540.4,539.97,540.15,263210.0
2024-09-06 17:45:00+00:00,540.1239,540.33,539.93,540.0999,253771.0
2024-09-06 17:50:00+00:00,540.1,540.57,539.89,540.45,287967.0
2024-09-06 17:55:00+00:00,540.47,541.05,540.45,540.64,344305.0
2024-09-06 18:00:00+00:00,540.65,540.85,539.93,539.99,337616.0
2024-09-06 18:05:00+00:00,539.99,540.2,539.84,540.01,319803.0
2024-09-06 18:10:00+00:00,540.01,540.39,539.91,540.0743,247507.0
2024-09-06 18:15:00+00:00,540.09,540.34,539.74,539.8481,252327.0
2024-09-06 18:20:00+00:00,539.87,540.17,539.54,539.63,301932.0
2024-09-06 18:25:00+00:00,539.62,540.08,539.44,539.99,351072.0
2024-09-06 18:30:00+00:00,540.0,540.27,539.62,539.81,1302412.0
2024-09-06 18:35:00+00:00,539.8101,539.9,539.55,539.815,321536.0
2024-09-06 18:40:00+00:00,539.84,540.33,539.72,540.3,274842.0
2024-09-06 18:45:00+00:00,540.308,540.31,539.75,540.1573,325917.0
2024-09-06 18:50:00+00:00,540.15,540.25,539.71,540.25,268003.0
2024-09-06 18:55:00+00:00,540.24,540.65,540.15,540.45,548548.0
2024-09-06 19:00:00+00:00,540.45,541.07,540.4,540.9777,527914.0
2024-09-06 19:05:00+00:00,540.95,541.34,540.86,541.21,1078093.0
2024-09-06 19:10:00+00:00,541.21,541.43,540.86,541.1,381326.0
2024-09-06 19:15:00+00:00,541.11,541.32,540.86,540.93,430621.0
2024-09-06 19:20:00+00:00,540.94,541.45,540.94,541.38,761707.0
2024-09-06 19:25:00+00:00,541.385,541.88,541.292,541.33,667308.0
2024-09-06 19:30:00+00:00,541.33,541.39,540.92,540.92,745606.0
2024-09-06 19:35:00+00:00,540.92,541.05,540.215,540.36,1365084.0
2024-09-06 19:40:00+00:00,540.37,540.73,540.2,540.34,1265750.0
2024-09-06 19:45:00+00:00,540.35,541.45,540.31,541.3,1243243.0
2024-09-06 19:50:00+00:00,541.33,541.7,539.86,540.31,3358666.0
2024-09-06 19:55:00+00:00,540.3,540.54,539.67,540.43,5593760.0
2024-09-06 20:00:00+00:00,540.42,542.91,539.74,539.99,1449278.0
2024-09-06 20:05:00+00:00,539.99,540.26,539.84,540.08,449148.0
2024-09-06 20:10:00+00:00,540.09,540.09,539.56,539.95,2797711.0
2024-09-06 20:15:00+00:00,539.96,540.0974,539.39,539.42,1634272.0
2024-09-06 20:20:00+00:00,539.43,539.47,538.75,538.94,101824.0
2024-09-06 20:25:00+00:00,538.98,539.13,538.7,538.72,54306.0
2024-09-06 20:30:00+00:00,538.75,538.8,538.5,538.52,42595.0
2024-09-06 20:35:00+00:00,538.45,538.65,538.3,538.32,85579.0
2024-09-06 20:40:00+00:00,538.38,538.42,538.2,538.35,31865.0
2024-09-06 20:45:00+00:00,538.42,538.53,538.31,538.48,54713.0
2024-09-06 20:50:00+00:00,538.44,538.44,537.86,537.99,46093.0
2024-09-06 20:55:00+00:00,538.04,538.68,538.0,538.68,67414.0
2024-09-06 21:00:00+00:00,538.68,538.75,538.6,538.73,18238.0
2024-09-06 21:05:00+00:00,538.73,538.81,538.7,538.81,49044.0
2024-09-06 21:10:00+00:00,538.8,538.8223,538.77,538.7713,9457.0
2024-09-06 21:15:00+00:00,538.8,538.93,538.8,538.9,31240.0
2024-09-06 21:20:00+00:00,538.94,538.98,538.94,538.95,26295.0
2024-09-06 21:25:00+00:00,538.85,539.02,538.8,539.01,30082.0
2024-09-06 21:30:00+00:00,539.0292,539.0292,538.86,539.02,3844.0
2024-09-06 21:35:00+00:00,539.03,539.03,538.97,538.97,9231.0
2024-09-06 21:40:00+00:00,538.97,538.97,538.92,538.92,3191.0
2024-09-06 21:45:00+00:00,538.9,538.91,538.8601,538.91,3018.0
2024-09-06 21:50:00+00:00,538.95,538.95,538.6532,538.6532,15775.0
2024-09-06 21:55:00+00:00,538.6497,538.9005,538.61,538.9005,4234.0
2024-09-06 22:00:00+00:00,538.83,538.83,538.6,538.6,3257.0
2024-09-06 22:05:00+00:00,538.6,538.7,538.6,538.68,16684.0
2024-09-06 22:10:00+00:00,538.6,538.65,538.56,538.65,4604.0
2024-09-06 22:15:00+00:00,538.69,538.69,538.65,538.66,2221.0
2024-09-06 22:20:00+00:00,538.62,538.63,538.62,538.63,1381.0
2024-09-06 22:25:00+00:00,538.66,538.7,538.66,538.7,847.0
2024-09-06 22:30:00+00:00,538.8,538.8,538.73,538.79,2285.0
2024-09-06 22:35:00+00:00,538.78,538.79,538.71,538.79,3960.0
2024-09-06 22:40:00+00:00,538.82,538.82,538.72,538.72,2051.0
2024-09-06 22:45:00+00:00,538.73,538.86,538.73,538.78,2586.0
2024-09-06 22:50:00+00:00,538.75,538.8,538.65,538.8,2128.0
2024-09-06 22:55:00+00:00,538.8,538.8,538.67,538.67,899.0
2024-09-06 23:00:00+00:00,538.795,538.8,538.68,538.68,1479.0
2024-09-06 23:05:00+00:00,538.724,538.74,538.72,538.74,1346.0
2024-09-06 23:10:00+00:00,538.74,538.74,538.72,538.74,1658.0
2024-09-06 23:15:00+00:00,538.74,538.74,538.72,538.74,2012.0
2024-09-06 23:20:00+00:00,538.7391,538.74,538.72,538.72,2116.0
2024-09-06 23:25:00+00:00,538.74,538.79,538.74,538.76,3029.0
2024-09-06 23:30:00+00:00,538.74,538.79,538.73,538.75,2306.0
2024-09-06 23:35:00+00:00,538.84,538.85,538.79,538.84,1736.0
2024-09-06 23:40:00+00:00,538.96,538.96,538.77,538.77,2534.0
2024-09-06 23:45:00+00:00,538.77,538.77,538.77,538.77,858.0
2024-09-06 23:50:00+00:00,538.76,538.79,538.74,538.75,2573.0
2024-09-06 23:55:00+00:00,538.73,538.8,538.73,538.8,6964.0
2024-09-09 08:00:00+00:00,542.72,543.82,542.22,543.7,30047.0
2024-09-09 08:05:00+00:00,543.65,543.84,543.5,543.5,9348.0
2024-09-09 08:10:00+00:00,543.56,543.71,543.56,543.59,2933.0
2024-09-09 08:15:00+00:00,543.47,543.5,543.35,543.44,3893.0
2024-09-09 08:20:00+00:00,543.28,543.33,543.15,543.33,1568.0
2024-09-09 08:25:00+00:00,543.42,543.42,543.42,543.42,376.0
2024-09-09 08:30:00+00:00,543.41,543.51,543.38,543.38,1336.0
2024-09-09 08:40:00+00:00,543.28,543.28,543.14,543.14,3704.0
2024-09-09 08:45:00+00:00,543.25,543.59,543.2,543.59,2237.0
2024-09-09 08:50:00+00:00,543.64,543.64,543.62,543.62,634.0
2024-09-09 08:55:00+00:00,543.61,543.61,543.57,543.57,2992.0
2024-09-09 09:00:00+00:00,543.57,543.57,543.52,543.57,1665.0
2024-09-09 09:05:00+00:00,543.75,543.85,543.75,543.85,877.0
2024-09-09 09:10:00+00:00,543.89,544.02,543.88,544.02,5085.0
2024-09-09 09:15:00+00:00,544.07,544.17,543.86,544.03,2341.0
2024-09-09 09:20:00+00:00,544.08,544.29,544.06,544.29,5131.0
2024-09-09 09:25:00+00:00,544.26,544.29,544.26,544.29,1609.0
2024-09-09 09:30:00+00:00,544.35,544.35,544.16,544.2,1150.0
2024-09-09 09:35:00+00:00,544.14,544.14,544.0,544.0,1408.0
2024-09-09 09:40:00+00:00,544.03,544.09,544.0,544.0,1644.0
2024-09-09 09:45:00+00:00,544.15,544.15,544.13,544.13,456.0
2024-09-09 09:50:00+00:00,544.18,544.18,543.94,543.98,1128.0
2024-09-09 09:55:00+00:00,544.0,544.33,544.0,544.33,2249.0
2024-09-09 10:00:00+00:00,544.26,544.48,544.22,544.48,3124.0
2024-09-09 10:05:00+00:00,544.55,544.65,544.43,544.65,3943.0
2024-09-09 10:10:00+00:00,544.61,544.7,544.56,544.66,4035.0
2024-09-09 10:15:00+00:00,544.75,544.76,544.46,544.46,1947.0
2024-09-09 10:20:00+00:00,544.45,544.59,544.29,544.47,7475.0
2024-09-09 10:25:00+00:00,544.38,544.51,544.38,544.51,850.0
2024-09-09 10:30:00+00:00,544.5,544.52,544.31,544.31,6447.0
2024-09-09 10:35:00+00:00,544.27,544.35,544.21,544.21,1765.0
2024-09-09 10:40:00+00:00,544.21,544.28,543.98,544.1,6224.0
2024-09-09 10:45:00+00:00,544.1,544.28,544.1,544.2,1565.0
2024-09-09 10:50:00+00:00,543.98,544.11,543.98,544.1,2792.0
2024-09-09 10:55:00+00:00,544.09,544.09,543.94,543.98,4436.0
2024-09-09 11:00:00+00:00,544.1,544.39,543.6,544.15,281819.0
2024-09-09 11:05:00+00:00,544.18,544.28,544.02,544.19,23310.0
2024-09-09 11:10:00+00:00,544.3,544.48,544.25,544.43,12884.0
2024-09-09 11:15:00+00:00,544.49,544.55,544.41,544.411,24083.0
2024-09-09 11:20:00+00:00,544.44,544.47,544.44,544.45,4838.0
2024-09-09 11:25:00+00:00,544.42,544.81,544.42,544.76,19892.0
2024-09-09 11:30:00+00:00,544.71,544.72,544.1,544.17,33518.0
2024-09-09 11:35:00+00:00,544.11,544.14,543.92,544.07,12061.0
2024-09-09 11:40:00+00:00,544.1,544.34,543.96,544.01,70550.0
2024-09-09 11:45:00+00:00,543.96,544.07,543.81,544.04,18314.0
2024-09-09 11:50:00+00:00,543.98,543.99,543.8,543.83,23391.0
2024-09-09 11:55:00+00:00,543.87,544.08,543.86,543.97,14454.0
2024-09-09 12:00:00+00:00,544.07,544.7,541.97,543.74,109419.0
2024-09-09 12:05:00+00:00,543.74,543.82,543.66,543.74,12626.0
2024-09-09 12:10:00+00:00,543.6915,543.74,543.4,543.43,15215.0
2024-09-09 12:15:00+00:00,543.44,543.778,543.44,543.58,20532.0
2024-09-09 12:20:00+00:00,543.58,543.67,543.25,543.25,22770.0
2024-09-09 12:25:00+00:00,543.25,543.43,543.24,543.24,14125.0
2024-09-09 12:30:00+00:00,543.27,543.75,543.27,543.65,25516.0
2024-09-09 12:35:00+00:00,543.64,543.84,543.6,543.7,11799.0
2024-09-09 12:40:00+00:00,543.7,543.77,543.7,543.7101,3895.0
2024-09-09 12:45:00+00:00,543.73,543.8,543.54,543.63,19819.0
2024-09-09 12:50:00+00:00,543.66,544.0,543.66,544.0,25516.0
2024-09-09 12:55:00+00:00,544.06,544.12,544.0,544.06,17539.0
2024-09-09 13:00:00+00:00,544.06,544.15,543.99,544.0215,20308.0
2024-09-09 13:05:00+00:00,544.0,544.12,543.88,543.91,13428.0
2024-09-09 13:10:00+00:00,543.97,544.14,543.9,544.07,15084.0
2024-09-09 13:15:00+00:00,544.08,544.2398,543.88,544.2,28129.0
2024-09-09 13:20:00+00:00,544.04,544.04,543.91,544.04,27225.0
2024-09-09 13:25:00+00:00,544.0255,544.81,544.0255,544.62,74944.0
2024-09-09 13:30:00+00:00,544.65,545.16,544.06,545.01,1956921.0
2024-09-09 13:35:00+00:00,545.03,545.27,544.78,545.04,704441.0
2024-09-09 13:40:00+00:00,545.03,545.1,544.485,544.665,469468.0
2024-09-09 13:45:00+00:00,544.67,544.92,544.37,544.67,562082.0
2024-09-09 13:50:00+00:00,544.67,545.33,544.5,545.05,702371.0
2024-09-09 13:55:00+00:00,545.09,545.49,545.02,545.3,481086.0
2024-09-09 14:00:00+00:00,545.3,545.52,545.2,545.36,376602.0
2024-09-09 14:05:00+00:00,545.35,545.66,545.14,545.5601,406149.0
2024-09-09 14:10:00+00:00,545.59,546.39,545.59,546.04,629990.0
2024-09-09 14:15:00+00:00,546.045,546.2495,545.33,545.46,368925.0
2024-09-09 14:20:00+00:00,545.47,545.67,544.6912,544.95,552092.0
2024-09-09 14:25:00+00:00,544.94,545.12,544.69,544.73,583788.0
2024-09-09 14:30:00+00:00,544.72,544.7701,543.94,544.18,532115.0
2024-09-09 14:35:00+00:00,544.18,544.488,543.84,544.12,510177.0
2024-09-09 14:40:00+00:00,544.1,544.2295,543.695,543.78,532642.0
2024-09-09 14:45:00+00:00,543.76,544.18,543.62,544.1501,413238.0
2024-09-09 14:50:00+00:00,544.155,544.4,543.925,544.2,294015.0
2024-09-09 14:55:00+00:00,544.18,544.43,543.31,543.31,375448.0
2024-09-09 15:00:00+00:00,543.33,543.8899,543.08,543.5302,250790.0
2024-09-09 15:05:00+00:00,543.54,543.99,543.3601,543.62,269163.0
2024-09-09 15:10:00+00:00,543.615,543.615,542.8239,542.95,236752.0
2024-09-09 15:15:00+00:00,542.91,543.04,542.68,542.93,254677.0
2024-09-09 15:20:00+00:00,542.93,543.53,542.83,543.53,329057.0
2024-09-09 15:25:00+00:00,543.49,544.2699,543.32,544.2,262571.0
2024-09-09 15:30:00+00:00,544.23,545.1,544.14,544.87,360486.0
2024-09-09 15:35:00+00:00,544.88,545.31,544.73,545.31,226557.0
2024-09-09 15:40:00+00:00,545.28,545.44,545.15,545.275,644674.0
2024-09-09 15:45:00+00:00,545.32,545.81,545.22,545.77,322517.0
2024-09-09 15:50:00+00:00,545.76,545.93,545.5125,545.88,324747.0
2024-09-09 15:55:00+00:00,545.86,545.99,545.81,545.99,490195.0
2024-09-09 16:00:00+00:00,545.98,546.6,545.76,546.39,315350.0
2024-09-09 16:05:00+00:00,546.4,546.47,545.98,546.27,269961.0
2024-09-09 16:10:00+00:00,546.28,546.54,546.18,546.25,459088.0
2024-09-09 16:15:00+00:00,546.2317,546.66,546.2,546.63,442003.0
2024-09-09 16:20:00+00:00,546.61,546.73,546.44,546.62,227512.0
2024-09-09 16:25:00+00:00,546.62,547.0,546.53,546.89,275844.0
2024-09-09 16:30:00+00:00,546.9001,547.12,546.83,547.09,241419.0
2024-09-09 16:35:00+00:00,547.08,547.33,546.77,547.03,272236.0
2024-09-09 16:40:00+00:00,547.03,547.58,547.015,547.3211,272746.0
2024-09-09 16:45:00+00:00,547.35,547.6,547.3135,547.3508,375590.0
2024-09-09 16:50:00+00:00,547.3638,547.61,547.36,547.4205,200974.0
2024-09-09 16:55:00+00:00,547.42,547.68,547.3701,547.49,264402.0
2024-09-09 17:00:00+00:00,547.485,547.67,547.2,547.41,286912.0
2024-09-09 17:05:00+00:00,547.42,547.71,547.38,547.65,400122.0
2024-09-09 17:10:00+00:00,547.66,547.68,547.34,547.3805,194082.0
2024-09-09 17:15:00+00:00,547.38,547.61,547.2202,547.46,232711.0
2024-09-09 17:20:00+00:00,547.44,547.465,547.14,547.19,201384.0
2024-09-09 17:25:00+00:00,547.21,547.44,547.21,547.33,158554.0
2024-09-09 17:30:00+00:00,547.32,547.32,546.55,546.72,371071.0
2024-09-09 17:35:00+00:00,546.71,547.2441,546.5801,547.145,234738.0
2024-09-09 17:40:00+00:00,547.145,547.33,545.985,546.01,507966.0
2024-09-09 17:45:00+00:00,546.02,546.7,545.84,546.61,231732.0
2024-09-09 17:50:00+00:00,546.6,546.601,546.24,546.26,226517.0
2024-09-09 17:55:00+00:00,546.25,546.35,545.575,545.7401,254777.0
2024-09-09 18:00:00+00:00,545.74,545.85,545.19,545.2701,294199.0
2024-09-09 18:05:00+00:00,545.28,545.38,545.0401,545.26,479218.0
2024-09-09 18:10:00+00:00,545.26,545.33,545.02,545.031,263567.0
2024-09-09 18:15:00+00:00,545.03,545.54,544.9,545.38,418010.0
2024-09-09 18:20:00+00:00,545.4215,545.46,544.98,545.37,225782.0
2024-09-09 18:25:00+00:00,545.38,545.645,544.904,544.9698,340765.0
2024-09-09 18:30:00+00:00,544.96,545.23,544.67,545.16,329312.0
2024-09-09 18:35:00+00:00,545.1699,545.25,544.18,544.36,436703.0
2024-09-09 18:40:00+00:00,544.36,545.36,544.2501,545.26,417520.0
2024-09-09 18:45:00+00:00,545.27,545.42,545.16,545.3,309361.0
2024-09-09 18:50:00+00:00,545.27,545.51,545.05,545.17,305020.0
2024-09-09 18:55:00+00:00,545.14,545.3,544.99,545.11,367533.0
2024-09-09 19:00:00+00:00,545.07,545.0899,544.63,544.65,328935.0
2024-09-09 19:05:00+00:00,544.63,545.28,544.615,545.185,327252.0
2024-09-09 19:10:00+00:00,545.205,545.205,544.75,544.84,484534.0
2024-09-09 19:15:00+00:00,544.85,545.23,544.84,544.87,266764.0
2024-09-09 19:20:00+00:00,544.88,544.91,544.46,544.8681,432799.0
2024-09-09 19:25:00+00:00,544.84,545.63,544.74,545.59,443705.0
2024-09-09 19:30:00+00:00,545.58,545.98,545.44,545.61,608014.0
2024-09-09 19:35:00+00:00,545.62,546.13,545.5,545.69,429273.0
2024-09-09 19:40:00+00:00,545.69,546.18,545.69,545.9325,603500.0
2024-09-09 19:45:00+00:00,545.92,545.95,545.43,545.7,905756.0
2024-09-09 19:50:00+00:00,545.71,546.0,544.98,545.64,862953.0
2024-09-09 19:55:00+00:00,545.66,546.51,545.63,546.42,2971296.0
2024-09-09 20:00:00+00:00,546.39,546.72,546.21,546.44,600060.0
2024-09-09 20:05:00+00:00,546.45,546.71,546.41,546.55,278137.0
2024-09-09 20:10:00+00:00,546.54,546.7693,546.54,546.66,874860.0
2024-09-09 20:15:00+00:00,546.67,547.36,546.67,547.23,63393.0
2024-09-09 20:20:00+00:00,547.21,547.31,547.16,547.23,97481.0
2024-09-09 20:25:00+00:00,547.28,547.3998,547.28,547.38,37086.0
2024-09-09 20:30:00+00:00,547.35,547.4,547.22,547.4,56438.0
2024-09-09 20:35:00+00:00,547.4,547.43,547.32,547.32,269484.0
2024-09-09 20:40:00+00:00,547.3692,547.37,547.28,547.3,5355.0
2024-09-09 20:45:00+00:00,547.31,547.32,547.1,547.1,45119.0
2024-09-09 20:50:00+00:00,547.09,547.1,547.05,547.1,53818.0
2024-09-09 20:55:00+00:00,547.08,547.13,547.05,547.13,43060.0
2024-09-09 21:00:00+00:00,547.18,547.18,547.16,547.16,370.0
2024-09-09 21:05:00+00:00,547.13,547.2,547.12,547.2,8997.0
2024-09-09 21:10:00+00:00,547.2,547.2,547.16,547.2,2263.0
2024-09-09 21:15:00+00:00,547.2,547.29,547.2,547.29,4078.0
2024-09-09 21:20:00+00:00,547.28,547.28,547.25,547.25,635.0
2024-09-09 21:25:00+00:00,547.28,547.28,547.25,547.28,764.0
2024-09-09 21:30:00+00:00,547.26,547.29,547.26,547.29,838.0
2024-09-09 21:35:00+00:00,547.29,547.35,547.22,547.35,7920.0
2024-09-09 21:40:00+00:00,547.26,547.26,547.26,547.26,756.0
2024-09-09 21:45:00+00:00,547.28,547.33,547.28,547.32,1080.0
2024-09-09 21:50:00+00:00,547.28,547.36,547.26,547.2803,2266.0
2024-09-09 21:55:00+00:00,547.29,547.35,547.27,547.27,7763.0
2024-09-09 22:00:00+00:00,547.27,547.52,547.27,547.52,70118.0
2024-09-09 22:05:00+00:00,547.5,547.5,547.29,547.29,9654.0
2024-09-09 22:10:00+00:00,547.28,547.28,546.9,547.03,16584.0
2024-09-09 22:15:00+00:00,547.05,547.1,546.95,546.95,4727.0
2024-09-09 22:20:00+00:00,547.0,547.1,547.0,547.1,3529.0
2024-09-09 22:25:00+00:00,547.08,547.14,547.08,547.14,598.0
2024-09-09 22:30:00+00:00,547.14,547.19,547.08,547.1,3487.0
2024-09-09 22:35:00+00:00,547.08,547.08,547.08,547.08,520.0
2024-09-09 22:40:00+00:00,547.071,547.08,546.9,546.9017,7849.0
2024-09-09 22:45:00+00:00,546.89,546.93,546.89,546.93,1539.0
2024-09-09 22:50:00+00:00,546.86,546.92,546.86,546.92,393.0
2024-09-09 22:55:00+00:00,546.9,546.9,546.85,546.87,2559.0
2024-09-09 23:00:00+00:00,546.84,546.95,546.82,546.82,3475.0
2024-09-09 23:05:00+00:00,546.87,546.87,546.86,546.86,497.0
2024-09-09 23:10:00+00:00,546.88,546.99,546.88,546.99,686.0
2024-09-09 23:15:00+00:00,546.95,547.05,546.94,547.05,2988.0
2024-09-09 23:20:00+00:00,547.17,547.33,547.17,547.29,3103.0
2024-09-09 23:25:00+00:00,547.26,547.29,547.22,547.22,2417.0
2024-09-09 23:30:00+00:00,547.21,547.21,547.2,547.2,1308.0
2024-09-09 23:35:00+00:00,547.22,547.3,547.2,547.2,1484.0
2024-09-09 23:40:00+00:00,547.1806,547.3292,547.1806,547.3292,11605.0
2024-09-09 23:45:00+00:00,547.35,547.35,547.3,547.3,927.0
2024-09-09 23:50:00+00:00,547.3,547.3,547.0,547.0,7101.0
2024-09-09 23:55:00+00:00,547.02,547.2,547.02,547.13,17797.0
2024-09-10 08:00:00+00:00,547.08,547.18,547.07,547.08,5462.0
2024-09-10 08:05:00+00:00,547.05,547.11,546.93,546.95,5594.0
2024-09-10 08:10:00+00:00,546.92,546.92,546.86,546.86,3141.0
2024-09-10 08:15:00+00:00,546.91,546.91,546.91,546.91,300.0
2024-09-10 08:20:00+00:00,546.77,546.88,546.66,546.66,3263.0
2024-09-10 08:25:00+00:00,546.67,546.86,546.67,546.79,5042.0
2024-09-10 08:30:00+00:00,546.7,546.7,546.41,546.41,2311.0
2024-09-10 08:35:00+00:00,546.15,546.2,546.13,546.2,2814.0
2024-09-10 08:40:00+00:00,546.32,546.36,546.26,546.32,11979.0
2024-09-10 08:45:00+00:00,546.35,546.38,546.3,546.3,1637.0
2024-09-10 08:50:00+00:00,546.2,546.2,546.2,546.2,308.0
2024-09-10 09:00:00+00:00,546.0,546.0,545.58,545.58,2698.0
2024-09-10 09:05:00+00:00,545.61,545.61,545.11,545.11,4805.0
2024-09-10 09:10:00+00:00,544.94,545.14,544.92,545.14,5068.0
2024-09-10 09:15:00+00:00,544.86,545.2,544.86,545.2,3613.0
2024-09-10 09:20:00+00:00,545.14,545.25,545.11,545.25,550.0
2024-09-10 09:30:00+00:00,545.4,545.4,545.19,545.27,75076.0
2024-09-10 09:35:00+00:00,545.27,545.6,545.25,545.58,27197.0
2024-09-10 09:40:00+00:00,545.83,546.1,545.76,546.01,3876.0
2024-09-10 09:45:00+00:00,546.03,546.12,546.03,546.07,1181.0
2024-09-10 09:50:00+00:00,546.11,546.11,546.11,546.11,131.0
2024-09-10 09:55:00+00:00,546.03,546.14,545.72,545.94,53638.0
2024-09-10 10:05:00+00:00,546.26,546.26,546.1,546.1,1724.0
2024-09-10 10:10:00+00:00,546.02,546.02,545.74,545.81,1745.0
2024-09-10 10:15:00+00:00,545.6,545.6,545.52,545.52,4529.0
2024-09-10 10:20:00+00:00,545.56,545.88,545.52,545.81,8302.0
2024-09-10 10:25:00+00:00,545.87,546.25,545.87,546.23,1236.0
2024-09-10 10:30:00+00:00,546.29,546.68,546.19,546.68,10473.0
2024-09-10 10:35:00+00:00,546.69,546.69,546.55,546.56,3866.0
2024-09-10 10:40:00+00:00,546.33,546.34,546.33,546.34,727.0
2024-09-10 10:45:00+00:00,546.44,546.44,546.3,546.3,478.0
2024-09-10 10:50:00+00:00,546.29,546.29,546.01,546.01,1448.0
2024-09-10 10:55:00+00:00,545.98,546.0,545.86,545.98,1558.0
2024-09-10 11:00:00+00:00,546.0,546.43,545.98,546.43,11736.0
2024-09-10 11:05:00+00:00,546.51,546.63,546.36,546.48,12745.0
2024-09-10 11:10:00+00:00,546.51,546.54,546.31,546.31,9296.0
2024-09-10 11:15:00+00:00,546.24,546.44,546.2,546.25,16860.0
2024-09-10 11:20:00+00:00,546.21,546.55,546.21,546.55,4082.0
2024-09-10 11:25:00+00:00,546.38,546.71,546.35,546.68,8851.0
2024-09-10 11:30:00+00:00,546.6,546.62,546.45,546.5,5261.0
2024-09-10 11:35:00+00:00,546.5,546.57,546.07,546.19,22464.0
2024-09-10 11:40:00+00:00,546.17,546.59,546.17,546.43,6473.0
2024-09-10 11:45:00+00:00,546.64,546.96,546.6,546.9,18542.0
2024-09-10 11:50:00+00:00,546.94,546.96,546.87,546.96,72834.0
2024-09-10 11:55:00+00:00,546.91,547.03,546.86,546.86,19499.0
2024-09-10 12:00:00+00:00,546.069,547.05,545.35,546.93,57570.0
2024-09-10 12:05:00+00:00,546.88,547.15,546.85,547.15,11039.0
2024-09-10 12:10:00+00:00,547.22,547.62,547.21,547.56,94914.0
2024-09-10 12:15:00+00:00,547.58,547.8,547.58,547.74,25448.0
2024-09-10 12:20:00+00:00,547.78,547.78,547.7,547.76,9784.0
2024-09-10 12:25:00+00:00,547.78,547.86,547.78,547.85,22095.0
2024-09-10 12:30:00+00:00,547.87,547.87,547.68,547.71,8489.0
2024-09-10 12:35:00+00:00,547.72,547.86,547.68,547.81,12203.0
2024-09-10 12:40:00+00:00,547.89,548.29,547.87,548.21,28572.0
2024-09-10 12:45:00+00:00,548.19,548.24,548.05,548.05,21221.0
2024-09-10 12:50:00+00:00,548.11,548.15,547.99,548.12,22259.0
2024-09-10 12:55:00+00:00,548.12,548.1985,548.01,548.12,32282.0
2024-09-10 13:00:00+00:00,548.12,548.2,548.04,548.2,11181.0
2024-09-10 13:05:00+00:00,548.21,548.25,548.07,548.15,16858.0
2024-09-10 13:10:00+00:00,548.14,548.15,548.06,548.12,7066.0
2024-09-10 13:15:00+00:00,548.11,548.3,548.02,548.26,32807.0
2024-09-10 13:20:00+00:00,548.23,548.5,548.23,548.47,36131.0
2024-09-10 13:25:00+00:00,548.42,548.4887,548.26,548.33,47668.0
2024-09-10 13:30:00+00:00,548.36,548.66,547.96,548.14,1440600.0
2024-09-10 13:35:00+00:00,548.18,548.32,547.82,547.89,568487.0
2024-09-10 13:40:00+00:00,547.84,548.52,547.77,548.51,425120.0
2024-09-10 13:45:00+00:00,548.5,548.5665,547.95,548.0101,423505.0
2024-09-10 13:50:00+00:00,548.03,548.31,547.63,548.23,391214.0
2024-09-10 13:55:00+00:00,548.23,548.58,547.68,547.8699,533173.0
2024-09-10 14:00:00+00:00,547.87,547.995,547.565,547.7805,409207.0
2024-09-10 14:05:00+00:00,547.77,548.11,546.86,547.78,561123.0
2024-09-10 14:10:00+00:00,547.78,547.785,545.71,545.88,646081.0
2024-09-10 14:15:00+00:00,545.89,546.455452,545.5493,546.22,555619.0
2024-09-10 14:20:00+00:00,546.2301,546.48,545.6602,545.85,435623.0
2024-09-10 14:25:00+00:00,545.88,547.28,545.85,547.08,517949.0
2024-09-10 14:30:00+00:00,547.09,547.2464,546.27,546.37,329846.0
2024-09-10 14:35:00+00:00,546.41,547.12,546.3411,546.94,321527.0
2024-09-10 14:40:00+00:00,546.948,547.17,546.2505,546.334,322807.0
2024-09-10 14:45:00+00:00,546.31,546.85,546.06,546.65,240214.0
2024-09-10 14:50:00+00:00,546.665,546.69,545.66,546.19,303404.0
2024-09-10 14:55:00+00:00,546.1992,546.53,545.94,546.52,236565.0
2024-09-10 15:00:00+00:00,546.52,546.68,546.25,546.47,297824.0
2024-09-10 15:05:00+00:00,546.43,546.9771,546.11,546.915,252597.0
2024-09-10 15:10:00+00:00,546.98,547.32,546.73,546.9988,290456.0
2024-09-10 15:15:00+00:00,547.03,547.445,546.973861,547.29,244586.0
2024-09-10 15:20:00+00:00,547.28,547.36,546.98,547.3303,224247.0
2024-09-10 15:25:00+00:00,547.36,547.7,547.345,547.45,233536.0
2024-09-10 15:30:00+00:00,547.45,547.73,547.09,547.19,280781.0
2024-09-10 15:35:00+00:00,547.199,547.3,546.36,546.5125,397151.0
2024-09-10 15:40:00+00:00,546.52,546.91,546.41,546.4995,211185.0
2024-09-10 15:45:00+00:00,546.51,546.5795,545.83,545.98,365998.0
2024-09-10 15:50:00+00:00,545.97,545.98,544.913,545.07,452281.0
2024-09-10 15:55:00+00:00,545.1,545.2468,544.12,544.18,492827.0
2024-09-10 16:00:00+00:00,544.15,544.3798,543.38,543.77,656195.0
2024-09-10 16:05:00+00:00,543.75,544.26,543.6999,543.96,501940.0
2024-09-10 16:10:00+00:00,543.94,544.2499,543.56,543.6099,275481.0
2024-09-10 16:15:00+00:00,543.6,544.26,543.49,544.22,307873.0
2024-09-10 16:20:00+00:00,544.21,544.55,544.012,544.45,265612.0
2024-09-10 16:25:00+00:00,544.46,544.62,544.13,544.29,301603.0
2024-09-10 16:30:00+00:00,544.265,544.588,544.1101,544.58,158366.0
2024-09-10 16:35:00+00:00,544.576,544.85,544.36,544.68,477269.0
2024-09-10 16:40:00+00:00,544.69,545.1,544.58,544.91,441942.0
2024-09-10 16:45:00+00:00,544.9,545.09,544.6264,545.05,241105.0
2024-09-10 16:50:00+00:00,545.05,545.8,544.9,545.76,382259.0
2024-09-10 16:55:00+00:00,545.75,545.82,545.13,545.14,396096.0
2024-09-10 17:00:00+00:00,545.13,545.57,545.03,545.55,276503.0
2024-09-10 17:05:00+00:00,545.54,545.92,545.49,545.79,191361.0
2024-09-10 17:10:00+00:00,545.84,546.71,545.8001,546.68,357014.0
2024-09-10 17:15:00+00:00,546.67,546.96,546.58,546.72,434951.0
2024-09-10 17:20:00+00:00,546.72,546.87,546.29,546.84,491298.0
2024-09-10 17:25:00+00:00,546.85,546.85,546.25,546.36,273932.0
2024-09-10 17:30:00+00:00,546.36,546.82,546.29,546.78,175344.0
2024-09-10 17:35:00+00:00,546.76,546.965,546.64,546.89,251647.0
2024-09-10 17:40:00+00:00,546.855,547.14,546.855,546.97,426757.0
2024-09-10 17:45:00+00:00,546.97,547.15,546.74,546.834,418710.0
2024-09-10 17:50:00+00:00,546.83,547.1899,546.78,546.94,176133.0
2024-09-10 17:55:00+00:00,546.96,547.17,546.84,546.99,189929.0
2024-09-10 18:00:00+00:00,547.0,547.73,547.0,547.53,504842.0
2024-09-10 18:05:00+00:00,547.51,547.66,547.4,547.6399,247040.0
2024-09-10 18:10:00+00:00,547.63,547.76,547.38,547.59,267612.0
2024-09-10 18:15:00+00:00,547.59,547.95,547.53,547.6901,476511.0
2024-09-10 18:20:00+00:00,547.69,547.8,547.23,547.66,415966.0
2024-09-10 18:25:00+00:00,547.66,547.94,547.5,547.8801,316842.0
2024-09-10 18:30:00+00:00,547.8925,548.35,547.83,548.1899,375289.0
2024-09-10 18:35:00+00:00,548.19,548.3,547.96,548.24,266098.0
2024-09-10 18:40:00+00:00,548.25,548.36,548.03,548.245,285729.0
2024-09-10 18:45:00+00:00,548.24,548.31,548.12,548.19,396599.0
2024-09-10 18:50:00+00:00,548.195,548.33,547.91,548.24,319196.0
2024-09-10 18:55:00+00:00,548.25,548.32,548.0197,548.2199,328174.0
2024-09-10 19:00:00+00:00,548.2,548.31,548.01,548.16,337421.0
2024-09-10 19:05:00+00:00,548.17,548.35,547.97,548.2283,373038.0
2024-09-10 19:10:00+00:00,548.22,548.43,548.18,548.425,451121.0
2024-09-10 19:15:00+00:00,548.425,548.455,548.24,548.37,377225.0
2024-09-10 19:20:00+00:00,548.37,548.615,548.37,548.55,407100.0
2024-09-10 19:25:00+00:00,548.55,548.79,548.46,548.76,638532.0
2024-09-10 19:30:00+00:00,548.77,548.88,548.54,548.72,510131.0
2024-09-10 19:35:00+00:00,548.72,548.72,548.14,548.17,645044.0
2024-09-10 19:40:00+00:00,548.195,548.56,548.195,548.41,565994.0
2024-09-10 19:45:00+00:00,548.41,548.75,548.32,548.6,663971.0
2024-09-10 19:50:00+00:00,548.6,548.86,548.26,548.81,1048342.0
2024-09-10 19:55:00+00:00,548.82,549.15,548.65,548.82,1947407.0
2024-09-10 20:00:00+00:00,548.76,548.94,548.43,548.7,1115594.0
2024-09-10 20:05:00+00:00,548.7,548.74,548.59,548.67,127993.0
2024-09-10 20:10:00+00:00,548.68,548.76,548.63,548.71,395841.0
2024-09-10 20:15:00+00:00,548.74,548.77,548.54,548.55,59992.0
2024-09-10 20:20:00+00:00,548.51,548.51,548.28,548.34,28474.0
2024-09-10 20:25:00+00:00,548.3,548.34,548.19,548.22,33037.0
2024-09-10 20:30:00+00:00,548.2,548.26,548.13,548.19,13465.0
2024-09-10 20:35:00+00:00,548.15,548.2496,548.13,548.15,4128.0
2024-09-10 20:40:00+00:00,548.18,548.2296,548.16,548.21,6423.0
2024-09-10 20:45:00+00:00,548.18,548.24,548.13,548.19,6146.0
2024-09-10 20:50:00+00:00,548.21,548.26,548.21,548.26,3686.0
2024-09-10 20:55:00+00:00,548.29,548.49,548.29,548.47,14157.0
2024-09-10 21:00:00+00:00,548.48,548.48,548.3863,548.42,3362.0
2024-09-10 21:05:00+00:00,548.5,548.67,548.5,548.57,5752.0
2024-09-10 21:10:00+00:00,548.57,548.57,548.57,548.57,1021.0
2024-09-10 21:15:00+00:00,548.57,548.66,548.55,548.55,4017.0
2024-09-10 21:20:00+00:00,548.53,548.66,548.51,548.57,5533.0
2024-09-10 21:30:00+00:00,548.5001,548.558,548.5,548.55,2707.0
2024-09-10 21:45:00+00:00,548.55,548.6,548.55,548.6,1097.0
2024-09-10 21:50:00+00:00,548.59,548.61,548.59,548.6,1358.0
2024-09-10 21:55:00+00:00,548.6,548.6,548.6,548.6,2065.0
2024-09-10 22:00:00+00:00,548.55,548.55,548.35,548.35,17977.0
2024-09-10 22:05:00+00:00,548.25,548.25,548.25,548.25,927.0
2024-09-10 22:10:00+00:00,548.32,548.4,548.22,548.4,6583.0
2024-09-10 22:15:00+00:00,548.4,548.4,548.4,548.4,309.0
2024-09-10 22:20:00+00:00,548.3,548.44,548.3,548.35,1614.0
2024-09-10 22:25:00+00:00,548.35,548.36,548.25,548.25,1523.0
2024-09-10 22:30:00+00:00,548.34,548.34,548.34,548.34,496.0
2024-09-10 22:35:00+00:00,548.31,548.31,548.31,548.31,134.0
2024-09-10 22:40:00+00:00,548.3,548.4,548.3,548.39,1560.0
2024-09-10 22:45:00+00:00,548.39,548.49,548.34,548.49,22978.0
2024-09-10 22:50:00+00:00,548.44,548.5,548.44,548.45,4556.0
2024-09-10 22:55:00+00:00,548.46,548.46,548.46,548.46,272.0
2024-09-10 23:00:00+00:00,548.49,548.6,548.49,548.6,1001.0
2024-09-10 23:05:00+00:00,548.6,548.63,548.6,548.63,344.0
2024-09-10 23:10:00+00:00,548.64,548.65,548.6001,548.65,960.0
2024-09-10 23:15:00+00:00,548.61,548.61,548.5804,548.5804,591.0
2024-09-10 23:20:00+00:00,548.61,548.68,548.61,548.68,454.0
2024-09-10 23:25:00+00:00,548.68,548.69,548.68,548.68,836.0
2024-09-10 23:30:00+00:00,548.65,548.65,548.6,548.62,1372.0
2024-09-10 23:35:00+00:00,548.63,548.663,548.63,548.663,1578.0
2024-09-10 23:40:00+00:00,548.62,548.62,548.5,548.53,2069.0
2024-09-10 23:45:00+00:00,548.52,548.52,548.42,548.42,3986.0
2024-09-10 23:50:00+00:00,548.4,548.4,548.28,548.28,3969.0
2024-09-10 23:55:00+00:00,548.24,548.31,548.04,548.3,38390.0
2024-09-11 08:00:00+00:00,546.52,547.92,546.52,547.63,1980.0
2024-09-11 08:05:00+00:00,547.55,547.86,547.55,547.85,1826.0
2024-09-11 08:10:00+00:00,547.54,547.54,547.39,547.39,913.0
2024-09-11 08:15:00+00:00,547.4,547.72,547.4,547.72,909.0
2024-09-11 08:20:00+00:00,547.82,547.82,547.57,547.57,417.0
2024-09-11 08:25:00+00:00,547.7,547.77,547.7,547.77,3422.0
2024-09-11 08:30:00+00:00,547.64,547.64,547.34,547.34,907.0
2024-09-11 08:35:00+00:00,547.3,547.3,547.12,547.16,6256.0
2024-09-11 08:40:00+00:00,547.1,547.1,546.85,546.85,949.0
2024-09-11 08:45:00+00:00,546.78,547.09,546.77,547.09,7379.0
2024-09-11 08:50:00+00:00,547.0,547.0,546.73,546.76,2846.0
2024-09-11 08:55:00+00:00,546.76,546.83,546.75,546.75,3381.0
2024-09-11 09:00:00+00:00,546.85,546.98,546.68,546.97,6060.0
2024-09-11 09:05:00+00:00,546.9,547.04,546.9,547.04,6624.0
2024-09-11 09:10:00+00:00,547.23,547.3,547.23,547.3,3278.0
2024-09-11 09:15:00+00:00,547.2,547.22,547.16,547.18,10595.0
2024-09-11 09:20:00+00:00,547.02,547.02,546.84,546.84,6841.0
2024-09-11 09:25:00+00:00,546.71,546.77,546.55,546.76,4227.0
2024-09-11 09:30:00+00:00,546.89,547.2,546.89,547.2,1642.0
2024-09-11 09:35:00+00:00,547.25,547.3,547.25,547.26,3395.0
2024-09-11 09:40:00+00:00,547.27,547.27,547.18,547.18,1240.0
2024-09-11 09:45:00+00:00,547.0,547.21,547.0,547.21,1079.0
2024-09-11 09:50:00+00:00,547.25,547.33,547.25,547.33,411.0
2024-09-11 09:55:00+00:00,547.55,547.55,547.55,547.55,532.0
2024-09-11 10:00:00+00:00,547.59,547.69,547.59,547.69,956.0
2024-09-11 10:05:00+00:00,547.62,547.62,547.49,547.49,630.0
2024-09-11 10:10:00+00:00,547.4,547.48,547.4,547.48,593.0
2024-09-11 10:15:00+00:00,547.6,547.6,547.6,547.6,110.0
2024-09-11 10:25:00+00:00,547.14,547.29,547.14,547.29,298.0
2024-09-11 10:30:00+00:00,547.32,547.5,547.32,547.5,1252.0
2024-09-11 10:40:00+00:00,547.63,547.63,547.53,547.6,1151.0
2024-09-11 10:45:00+00:00,547.68,547.68,547.63,547.63,487.0
2024-09-11 10:50:00+00:00,547.62,547.64,547.62,547.64,325.0
2024-09-11 10:55:00+00:00,547.69,547.69,547.69,547.69,180.0
2024-09-11 11:00:00+00:00,547.61,547.7,547.48,547.55,6990.0
2024-09-11 11:05:00+00:00,547.45,547.58,547.4,547.58,8670.0
2024-09-11 11:10:00+00:00,547.6,547.72,547.6,547.689,12231.0
2024-09-11 11:15:00+00:00,547.69,547.73,547.67,547.73,4189.0
2024-09-11 11:20:00+00:00,547.71,547.75,547.69,547.7,6950.0
2024-09-11 11:25:00+00:00,547.7,547.71,547.6,547.71,9301.0
2024-09-11 11:30:00+00:00,547.73,547.83,547.73,547.83,1508.0
2024-09-11 11:35:00+00:00,547.82,548.21,547.72,548.21,11259.0
2024-09-11 11:40:00+00:00,548.24,548.24,548.18,548.221,3958.0
2024-09-11 11:45:00+00:00,548.27,548.3,548.18,548.3,20137.0
2024-09-11 11:50:00+00:00,548.33,548.35,548.29,548.33,4300.0
2024-09-11 11:55:00+00:00,548.3,548.3,548.06,548.24,25991.0
2024-09-11 12:00:00+00:00,547.53,548.3287,546.1,548.06,50104.0
2024-09-11 12:05:00+00:00,548.06,548.27,548.06,548.24,12834.0
2024-09-11 12:10:00+00:00,548.161,548.38,548.16,548.28,7344.0
2024-09-11 12:15:00+00:00,548.2,548.39,548.2,548.39,4122.0
2024-09-11 12:20:00+00:00,548.38,548.42,548.17,548.18,14446.0
2024-09-11 12:25:00+00:00,548.27,548.54,548.21,548.54,43603.0
2024-09-11 12:30:00+00:00,548.58,548.58,545.53,546.6,344424.0
2024-09-11 12:35:00+00:00,546.5,547.47,546.29,546.96,185007.0
2024-09-11 12:40:00+00:00,547.0,547.09,546.24,546.61,117382.0
2024-09-11 12:45:00+00:00,546.69,547.58,546.69,547.5,94993.0
2024-09-11 12:50:00+00:00,547.48,547.67,547.21,547.56,141478.0
2024-09-11 12:55:00+00:00,547.55,548.41,547.55,548.06,60372.0
2024-09-11 13:00:00+00:00,548.14,549.03,548.14,548.93,87482.0
2024-09-11 13:05:00+00:00,548.8585,548.9,548.61,548.65,36446.0
2024-09-11 13:10:00+00:00,548.73,548.99,548.55,548.71,40770.0
2024-09-11 13:15:00+00:00,548.75,549.21,548.75,549.18,68833.0
2024-09-11 13:20:00+00:00,549.18,549.34,549.02,549.27,82825.0
2024-09-11 13:25:00+00:00,549.25,549.26,548.49,548.7,113370.0
2024-09-11 13:30:00+00:00,548.7,548.76,546.62,546.62,1161499.0
2024-09-11 13:35:00+00:00,546.63,547.05,546.05,546.15,823711.0
2024-09-11 13:40:00+00:00,546.15,546.58,545.7,546.16,706415.0
2024-09-11 13:45:00+00:00,546.16,546.27,545.01,545.43,686970.0
2024-09-11 13:50:00+00:00,545.42,545.5,544.81,545.08,1037034.0
2024-09-11 13:55:00+00:00,545.08,545.43,544.5101,544.69,687472.0
2024-09-11 14:00:00+00:00,544.69,544.78,543.61,544.17,1163984.0
2024-09-11 14:05:00+00:00,544.17,544.23,543.75,543.9,731018.0
2024-09-11 14:10:00+00:00,543.88,543.995,542.13,542.2,1329119.0
2024-09-11 14:15:00+00:00,542.19,542.32,541.44,541.56,1460289.0
2024-09-11 14:20:00+00:00,541.58,542.39,541.2,541.67,1659691.0
2024-09-11 14:25:00+00:00,541.66,541.93,541.14,541.2425,997099.0
2024-09-11 14:30:00+00:00,541.235,541.27,540.43,540.63,1032868.0
2024-09-11 14:35:00+00:00,540.65,541.37,540.6,540.85,862924.0
2024-09-11 14:40:00+00:00,540.8,540.86,540.07,540.3499,1112318.0
2024-09-11 14:45:00+00:00,540.33,540.66,539.96,540.0999,1167226.0
2024-09-11 14:50:00+00:00,540.07,540.43,539.96,540.37,865768.0
2024-09-11 14:55:00+00:00,540.36,541.2273,539.98,541.16,789350.0
2024-09-11 15:00:00+00:00,541.12,541.26,540.56,541.1699,1000941.0
2024-09-11 15:05:00+00:00,541.15,542.23,541.1021,541.69,847370.0
2024-09-11 15:10:00+00:00,541.65,542.7699,541.39,542.6,928221.0
2024-09-11 15:15:00+00:00,542.57,542.9,542.2607,542.48,513779.0
2024-09-11 15:20:00+00:00,542.49,542.5,541.67,541.93,488755.0
2024-09-11 15:25:00+00:00,541.93,542.5,541.83,542.43,298835.0
2024-09-11 15:30:00+00:00,542.43,543.03,542.31,542.68,437911.0
2024-09-11 15:35:00+00:00,542.7,544.19,542.69,544.1024,607569.0
2024-09-11 15:40:00+00:00,544.06,544.885,543.92,544.7235,874860.0
2024-09-11 15:45:00+00:00,544.73,545.28,544.7,544.86,733660.0
2024-09-11 15:50:00+00:00,544.88,544.9893,544.2701,544.29,710132.0
2024-09-11 15:55:00+00:00,544.29,544.6,543.0,544.5,765587.0
2024-09-11 16:00:00+00:00,544.48,545.88,544.27,545.87,1260268.0
2024-09-11 16:05:00+00:00,545.8385,546.44,545.52,545.65,590355.0
2024-09-11 16:10:00+00:00,545.6532,546.15,545.36,546.1084,559562.0
2024-09-11 16:15:00+00:00,546.09,546.25,545.665,546.21,385044.0
2024-09-11 16:20:00+00:00,546.28,546.7,545.675,546.31,452170.0
2024-09-11 16:25:00+00:00,546.3109,546.82,546.18,546.78,331462.0
2024-09-11 16:30:00+00:00,546.7801,547.17,546.515,546.69,588192.0
2024-09-11 16:35:00+00:00,546.71,547.36,546.55,547.26,340682.0
2024-09-11 16:40:00+00:00,547.27,547.5,546.51,546.81,631823.0
2024-09-11 16:45:00+00:00,546.82,547.13,546.6995,546.81,259325.0
2024-09-11 16:50:00+00:00,546.82,547.52,546.78,547.45,337634.0
2024-09-11 16:55:00+00:00,547.48,547.55,546.85,547.3113,400024.0
2024-09-11 17:00:00+00:00,547.34,548.27,547.34,548.06,497535.0
2024-09-11 17:05:00+00:00,548.07,548.93,547.93,548.39,726504.0
2024-09-11 17:10:00+00:00,548.44,549.19,548.44,548.85,605086.0
2024-09-11 17:15:00+00:00,548.84,548.9599,548.53,548.65,374558.0
2024-09-11 17:20:00+00:00,548.63,548.65,548.12,548.28,528481.0
2024-09-11 17:25:00+00:00,548.26,549.1099,548.21,548.89,463445.0
2024-09-11 17:30:00+00:00,548.9,549.2399,548.8201,549.13,422786.0
2024-09-11 17:35:00+00:00,549.115,549.28,548.94,549.26,339117.0
2024-09-11 17:40:00+00:00,549.26,549.665,549.26,549.6,496439.0
2024-09-11 17:45:00+00:00,549.595,550.65,549.55,550.61,604162.0
2024-09-11 17:50:00+00:00,550.62,550.82,549.85,549.96,916008.0
2024-09-11 17:55:00+00:00,549.98,550.13,549.37,550.0,611265.0
2024-09-11 18:00:00+00:00,549.98,550.32,549.75,550.2,433403.0
2024-09-11 18:05:00+00:00,550.21,550.52,550.01,550.31,365852.0
2024-09-11 18:10:00+00:00,550.32,550.57,550.04,550.0905,404445.0
2024-09-11 18:15:00+00:00,550.105,550.399,549.7,549.9963,441171.0
2024-09-11 18:20:00+00:00,549.97,550.55,549.94,550.548959,316736.0
2024-09-11 18:25:00+00:00,550.54,551.14,550.36,551.0075,1067300.0
2024-09-11 18:30:00+00:00,551.0,551.56,550.98,551.51,571259.0
2024-09-11 18:35:00+00:00,551.51,551.8,551.01,551.8,575983.0
2024-09-11 18:40:00+00:00,551.81,552.69,551.78,552.27,1006949.0
2024-09-11 18:45:00+00:00,552.285,552.3321,551.58,552.1,862437.0
2024-09-11 18:50:00+00:00,552.11,552.14,551.19,551.215,856196.0
2024-09-11 18:55:00+00:00,551.24,552.01,551.15,551.67,1001714.0
2024-09-11 19:00:00+00:00,551.65,551.65,551.24,551.5099,373153.0
2024-09-11 19:05:00+00:00,551.51,552.2089,551.51,552.08,600715.0
2024-09-11 19:10:00+00:00,552.1,552.5,551.88,552.26,469202.0
2024-09-11 19:15:00+00:00,552.27,552.98,552.13,552.62,1182270.0
2024-09-11 19:20:00+00:00,552.64,553.12,552.52,553.05,618353.0
2024-09-11 19:25:00+00:00,553.06,553.41,552.99,553.33,1243390.0
2024-09-11 19:30:00+00:00,553.325,553.48,552.86,553.4,876436.0
2024-09-11 19:35:00+00:00,553.4,553.42,552.87,552.92,790746.0
2024-09-11 19:40:00+00:00,552.93,553.14,552.08,552.74,1123595.0
2024-09-11 19:45:00+00:00,552.73,553.33,552.56,553.2705,1348716.0
2024-09-11 19:50:00+00:00,553.27,554.12,552.71,554.03,2295604.0
2024-09-11 19:55:00+00:00,554.06,555.36,554.05,554.36,3909517.0
2024-09-11 20:00:00+00:00,554.33,554.625,554.04,554.15,2097164.0
2024-09-11 20:05:00+00:00,554.09,554.6618,554.0757,554.51,681456.0
2024-09-11 20:10:00+00:00,554.52,554.87,554.33,554.36,6072103.0
2024-09-11 20:15:00+00:00,554.42,554.64,554.42,554.61,577804.0
2024-09-11 20:20:00+00:00,554.609,554.72,554.35,554.5,86548.0
2024-09-11 20:25:00+00:00,554.49,554.49,554.41,554.42,474090.0
2024-09-11 20:30:00+00:00,554.47,554.58,554.4,554.41,21044.0
2024-09-11 20:35:00+00:00,554.4586,554.54,554.45,554.54,8912.0
2024-09-11 20:40:00+00:00,554.54,554.54,554.39,554.46,13208.0
2024-09-11 20:45:00+00:00,554.43,554.5,554.39,554.39,9302.0
2024-09-11 20:50:00+00:00,554.4,554.4696,554.37,554.4696,20423.0
2024-09-11 20:55:00+00:00,554.43,554.46,554.36,554.41,6578.0
2024-09-11 21:00:00+00:00,554.49,554.49,554.45,554.46,2028.0
2024-09-11 21:05:00+00:00,554.44,554.49,554.44,554.46,4666.0
2024-09-11 21:10:00+00:00,554.47,554.47,554.3,554.39,7345.0
2024-09-11 21:15:00+00:00,554.35,554.38,554.3,554.3,4301.0
2024-09-11 21:20:00+00:00,554.35,554.5,554.3,554.45,8625.0
2024-09-11 21:25:00+00:00,554.35,554.35,554.29,554.32,44764.0
2024-09-11 21:30:00+00:00,554.3,554.3,554.27,554.27,5856.0
2024-09-11 21:35:00+00:00,554.27,554.3,554.27,554.29,2691.0
2024-09-11 21:40:00+00:00,554.34,554.34,554.27,554.27,1430.0
2024-09-11 21:45:00+00:00,554.3,554.34,554.27,554.34,4322.0
2024-09-11 21:50:00+00:00,554.34,554.38,554.33,554.33,7892.0
2024-09-11 21:55:00+00:00,554.41,554.42,554.27,554.38,3490.0
2024-09-11 22:00:00+00:00,554.42,554.42,554.2,554.29,19169.0
2024-09-11 22:05:00+00:00,554.28,554.33,554.27,554.27,2369.0
2024-09-11 22:10:00+00:00,554.27,554.28,554.23,554.24,2360.0
2024-09-11 22:15:00+00:00,554.24,554.33,554.24,554.33,6329.0
2024-09-11 22:20:00+00:00,554.36,554.4,554.24,554.24,2517.0
2024-09-11 22:25:00+00:00,554.28,554.36,554.22,554.25,6404.0
2024-09-11 22:30:00+00:00,554.42,554.42,554.28,554.41,4502.0
2024-09-11 22:35:00+00:00,554.38,554.43,554.38,554.43,1397.0
2024-09-11 22:40:00+00:00,554.35,554.35,554.331,554.331,711.0
2024-09-11 22:45:00+00:00,554.33,554.409,554.33,554.409,717.0
2024-09-11 22:50:00+00:00,554.4,554.4,554.33,554.33,4567.0
2024-09-11 22:55:00+00:00,554.35,554.36,554.35,554.36,786.0
2024-09-11 23:00:00+00:00,554.39,554.43,554.39,554.43,907.0
2024-09-11 23:05:00+00:00,554.4296,554.4296,554.3,554.35,2194.0
2024-09-11 23:10:00+00:00,554.31,554.32,554.29,554.32,1005.0
2024-09-11 23:15:00+00:00,554.38,554.38,554.38,554.38,665.0
2024-09-11 23:20:00+00:00,554.36,554.36,554.3403,554.35,1473.0
2024-09-11 23:25:00+00:00,554.35,554.39,554.28,554.31,4228.0
2024-09-11 23:30:00+00:00,554.29,554.34,554.25,554.34,3006.0
2024-09-11 23:35:00+00:00,554.3,554.3,554.25,554.25,2219.0
2024-09-11 23:40:00+00:00,554.22,554.27,554.22,554.27,547.0
2024-09-11 23:45:00+00:00,554.24,554.26,554.21,554.26,11631.0
2024-09-11 23:50:00+00:00,554.2725,554.3,554.25,554.27,6723.0
2024-09-11 23:55:00+00:00,554.2,554.34,554.2,554.31,14012.0
2024-09-12 08:00:00+00:00,554.87,556.0,554.87,555.16,3645.0
2024-09-12 08:05:00+00:00,555.14,555.29,555.04,555.29,3248.0
2024-09-12 08:10:00+00:00,555.29,555.42,555.29,555.36,1444.0
2024-09-12 08:15:00+00:00,555.45,555.45,555.29,555.35,5769.0
2024-09-12 08:20:00+00:00,555.24,555.4,555.24,555.4,2904.0
2024-09-12 08:25:00+00:00,555.4,555.4,555.25,555.25,1899.0
2024-09-12 08:35:00+00:00,555.68,555.68,555.6,555.65,3194.0
2024-09-12 08:40:00+00:00,555.57,556.0,555.57,555.89,12372.0
2024-09-12 08:45:00+00:00,555.91,555.91,555.89,555.89,802.0
2024-09-12 08:50:00+00:00,555.6,555.66,555.6,555.66,6809.0
2024-09-12 08:55:00+00:00,555.63,555.72,555.56,555.56,924.0
2024-09-12 09:00:00+00:00,555.57,555.57,555.53,555.55,2712.0
2024-09-12 09:05:00+00:00,555.92,556.0,555.92,556.0,2985.0
2024-09-12 09:10:00+00:00,556.08,556.25,556.08,556.11,1429.0
2024-09-12 09:15:00+00:00,556.22,556.22,556.18,556.18,862.0
2024-09-12 09:20:00+00:00,556.25,556.25,556.24,556.24,1469.0
2024-09-12 09:25:00+00:00,556.05,556.05,556.01,556.01,2658.0
2024-09-12 09:30:00+00:00,556.14,556.14,556.09,556.09,1072.0
2024-09-12 09:35:00+00:00,556.15,556.15,555.99,555.99,808.0
2024-09-12 09:40:00+00:00,556.0,556.0,555.88,555.88,2616.0
2024-09-12 09:45:00+00:00,555.91,555.97,555.55,555.72,5577.0
2024-09-12 09:50:00+00:00,555.63,555.69,555.56,555.58,3877.0
2024-09-12 10:00:00+00:00,555.62,555.66,555.62,555.66,2091.0
2024-09-12 10:05:00+00:00,555.63,555.73,555.63,555.67,1087.0
2024-09-12 10:10:00+00:00,555.75,555.88,555.75,555.88,1009.0
2024-09-12 10:15:00+00:00,555.75,555.75,555.64,555.64,755.0
2024-09-12 10:20:00+00:00,555.56,555.6,555.56,555.6,874.0
2024-09-12 10:25:00+00:00,555.61,555.61,555.57,555.6,981.0
2024-09-12 10:30:00+00:00,555.5,555.6,555.5,555.6,942.0
2024-09-12 10:35:00+00:00,555.89,555.89,555.89,555.89,280.0
2024-09-12 10:40:00+00:00,555.84,556.02,555.84,556.02,1319.0
2024-09-12 10:45:00+00:00,556.01,556.05,556.01,556.03,10501.0
2024-09-12 10:50:00+00:00,555.75,555.85,555.75,555.85,1436.0
2024-09-12 10:55:00+00:00,555.66,555.66,555.59,555.59,10083.0
2024-09-12 11:00:00+00:00,555.61,555.74,555.39,555.39,48998.0
2024-09-12 11:05:00+00:00,555.37,555.57,555.37,555.57,7863.0
2024-09-12 11:10:00+00:00,555.44,555.61,555.44,555.51,3860.0
2024-09-12 11:15:00+00:00,555.51,555.59,555.51,555.59,2018.0
2024-09-12 11:20:00+00:00,555.57,555.6,555.5,555.54,5447.0
2024-09-12 11:25:00+00:00,555.48,555.67,555.47,555.6,10919.0
2024-09-12 11:30:00+00:00,555.62,555.64,555.48,555.5,18439.0
2024-09-12 11:35:00+00:00,555.62,555.76,555.6,555.63,8806.0
2024-09-12 11:40:00+00:00,555.6,555.65,555.6,555.65,3102.0
2024-09-12 11:45:00+00:00,555.7,555.81,555.59,555.81,11474.0
2024-09-12 11:50:00+00:00,555.79,555.83,555.72,555.83,10182.0
2024-09-12 11:55:00+00:00,555.93,555.93,555.83,555.93,6735.0
2024-09-12 12:00:00+00:00,555.67,556.49,555.42,556.05,53401.0
2024-09-12 12:05:00+00:00,556.0494,556.08,555.98,556.08,8667.0
2024-09-12 12:10:00+00:00,556.1,556.1,555.94,556.0,11925.0
2024-09-12 12:15:00+00:00,555.89,556.25,555.89,556.15,19575.0
2024-09-12 12:20:00+00:00,556.17,556.28,556.08,556.08,13845.0
2024-09-12 12:25:00+00:00,556.15,556.3,556.09,556.1237,15372.0
2024-09-12 12:30:00+00:00,556.15,556.85,555.35,555.35,110445.0
2024-09-12 12:35:00+00:00,555.4,555.4,555.0,555.13,19631.0
2024-09-12 12:40:00+00:00,555.03,555.79,554.99,555.79,108762.0
2024-09-12 12:45:00+00:00,555.79,556.13,555.44,555.5114,52108.0
2024-09-12 12:50:00+00:00,555.39,555.41,555.11,555.36,65453.0
2024-09-12 12:55:00+00:00,555.35,555.35,555.16,555.16,28299.0
2024-09-12 13:00:00+00:00,555.23,555.44,555.13,555.32,20270.0
2024-09-12 13:05:00+00:00,555.43,555.71,555.41,555.5707,15465.0
2024-09-12 13:10:00+00:00,555.67,555.75,555.5,555.5,19689.0
2024-09-12 13:15:00+00:00,555.49,555.69,555.32,555.32,18741.0
2024-09-12 13:20:00+00:00,555.34,555.48,555.25,555.2599,23721.0
2024-09-12 13:25:00+00:00,555.26,555.38,554.81,555.01,136786.0
2024-09-12 13:30:00+00:00,555.01,555.15,554.49,554.85,1303338.0
2024-09-12 13:35:00+00:00,554.86,555.365,554.48,554.81,695704.0
2024-09-12 13:40:00+00:00,554.8,555.37,554.48,554.69,669394.0
2024-09-12 13:45:00+00:00,554.69,554.88,552.92,553.22,848816.0
2024-09-12 13:50:00+00:00,553.2799,553.98,552.74,553.87,607317.0
2024-09-12 13:55:00+00:00,553.86,553.909,553.33,553.77,375629.0
2024-09-12 14:00:00+00:00,553.81,554.08,553.31,553.435,796240.0
2024-09-12 14:05:00+00:00,553.435,554.0599,553.4,553.8984,393479.0
2024-09-12 14:10:00+00:00,553.88,555.55,553.82,555.41,666869.0
2024-09-12 14:15:00+00:00,555.41,556.0,555.08,555.8599,797235.0
2024-09-12 14:20:00+00:00,555.86,556.0,555.39,555.61,436241.0
2024-09-12 14:25:00+00:00,555.63,555.9,555.6,555.8,575241.0
2024-09-12 14:30:00+00:00,555.82,556.28,555.68,556.13,443162.0
2024-09-12 14:35:00+00:00,556.13,556.15,554.33,555.2,673333.0
2024-09-12 14:40:00+00:00,555.24,555.77,555.03,555.58,374026.0
2024-09-12 14:45:00+00:00,555.57,555.68,555.11,555.61,375660.0
2024-09-12 14:50:00+00:00,555.61,555.68,555.25,555.43,453077.0
2024-09-12 14:55:00+00:00,555.43,555.86,554.32,554.45,1088230.0
2024-09-12 15:00:00+00:00,554.41,555.31,554.06,555.28,476291.0
2024-09-12 15:05:00+00:00,555.26,555.66,555.2,555.5,357668.0
2024-09-12 15:10:00+00:00,555.48,556.64,555.32,556.38,600244.0
2024-09-12 15:15:00+00:00,556.355,556.4899,555.28,555.65,521305.0
2024-09-12 15:20:00+00:00,555.665,555.778,555.2,555.5099,174847.0
2024-09-12 15:25:00+00:00,555.51,555.59,554.66,554.93,372065.0
2024-09-12 15:30:00+00:00,554.96,555.39,554.74,555.04,573117.0
2024-09-12 15:35:00+00:00,555.03,555.5,554.92,555.05,293944.0
2024-09-12 15:40:00+00:00,555.04,555.48,554.63,554.74,277939.0
2024-09-12 15:45:00+00:00,554.71,554.795,554.33,554.6499,332386.0
2024-09-12 15:50:00+00:00,554.65,555.0269,554.43,554.72,388915.0
2024-09-12 15:55:00+00:00,554.78,554.96,554.2,554.5,212265.0
2024-09-12 16:00:00+00:00,554.47,555.12,554.35,555.0899,336178.0
2024-09-12 16:05:00+00:00,555.095,555.16,554.615,555.0692,196808.0
2024-09-12 16:10:00+00:00,555.06,555.18,554.835,555.15,170639.0
2024-09-12 16:15:00+00:00,555.14,555.26,555.0,555.25,350676.0
2024-09-12 16:20:00+00:00,555.25,555.545,555.03,555.21,539236.0
2024-09-12 16:25:00+00:00,555.24,555.54,555.2201,555.38,217351.0
2024-09-12 16:30:00+00:00,555.4,555.49,555.21,555.487,246804.0
2024-09-12 16:35:00+00:00,555.4783,555.62,555.17,555.22,395668.0
2024-09-12 16:40:00+00:00,555.22,555.7,555.0,555.57,210796.0
2024-09-12 16:45:00+00:00,555.58,555.86,555.475,555.825,205076.0
2024-09-12 16:50:00+00:00,555.83,556.69,555.825,556.62,357528.0
2024-09-12 16:55:00+00:00,556.64,557.24,556.47,557.12,592642.0
2024-09-12 17:00:00+00:00,557.13,557.32,557.0,557.15,467509.0
2024-09-12 17:05:00+00:00,557.21,557.44,557.04,557.3166,262309.0
2024-09-12 17:10:00+00:00,557.32,557.49,557.139,557.41,830875.0
2024-09-12 17:15:00+00:00,557.43,557.69,557.4,557.57,382053.0
2024-09-12 17:20:00+00:00,557.55,558.03,557.23,557.98,421772.0
2024-09-12 17:25:00+00:00,558.0,558.09,557.71,557.84,453483.0
2024-09-12 17:30:00+00:00,557.86,558.041,557.68,558.01,330844.0
2024-09-12 17:35:00+00:00,558.0,558.54,557.9805,558.47,391477.0
2024-09-12 17:40:00+00:00,558.45,558.54,558.25,558.44,328779.0
2024-09-12 17:45:00+00:00,558.45,558.84,558.44,558.79,421859.0
2024-09-12 17:50:00+00:00,558.78,559.18,558.765,559.11,510889.0
2024-09-12 17:55:00+00:00,559.12,559.37,558.7808,559.14,544219.0
2024-09-12 18:00:00+00:00,559.145,559.32,558.92,559.12,427459.0
2024-09-12 18:05:00+00:00,559.1101,559.16,558.32,558.555,524653.0
2024-09-12 18:10:00+00:00,558.57,558.79,558.44,558.65,538138.0
2024-09-12 18:15:00+00:00,558.645,558.74,558.48,558.55,326926.0
2024-09-12 18:20:00+00:00,558.545,559.12,558.51,559.064,696495.0
2024-09-12 18:25:00+00:00,559.07,559.32,558.96,559.09,488566.0
2024-09-12 18:30:00+00:00,559.0801,559.32,558.59,559.1,381081.0
2024-09-12 18:35:00+00:00,559.12,559.4,559.08,559.27,247096.0
2024-09-12 18:40:00+00:00,559.28,559.345,559.0626,559.13,366728.0
2024-09-12 18:45:00+00:00,559.14,559.2,558.73,558.81,792444.0
2024-09-12 18:50:00+00:00,558.83,558.88,556.54,557.85,1019662.0
2024-09-12 18:55:00+00:00,557.84,558.75,557.79,558.68,523712.0
2024-09-12 19:00:00+00:00,558.66,558.72,558.195,558.26,606367.0
2024-09-12 19:05:00+00:00,558.27,558.79,558.27,558.65,435957.0
2024-09-12 19:10:00+00:00,558.64,558.79,558.4064,558.63,544170.0
2024-09-12 19:15:00+00:00,558.625,558.94,558.495,558.94,486149.0
2024-09-12 19:20:00+00:00,558.91,558.91,558.49,558.73,352032.0
2024-09-12 19:25:00+00:00,558.73,558.89,558.35,558.76,404974.0
2024-09-12 19:30:00+00:00,558.76,558.89,558.51,558.74,615888.0
2024-09-12 19:35:00+00:00,558.71,559.08,558.71,558.9801,948065.0
2024-09-12 19:40:00+00:00,558.98,559.22,558.78,559.0402,745542.0
2024-09-12 19:45:00+00:00,559.06,559.19,558.23,558.43,1187338.0
2024-09-12 19:50:00+00:00,558.41,558.8,558.12,558.3101,1427162.0
2024-09-12 19:55:00+00:00,558.3,559.07,558.29,559.02,3896704.0
2024-09-12 20:00:00+00:00,559.02,559.09,558.63,558.72,338495.0
2024-09-12 20:05:00+00:00,558.71,558.71,558.13,558.28,136422.0
2024-09-12 20:10:00+00:00,558.27,558.39,558.0,558.32,4466539.0
2024-09-12 20:15:00+00:00,558.32,558.48,558.25,558.48,236235.0
2024-09-12 20:20:00+00:00,558.48,558.5,558.39,558.48,286799.0
2024-09-12 20:25:00+00:00,558.48,558.71,558.47,558.68,7194.0
2024-09-12 20:30:00+00:00,558.66,558.7,558.55,558.61,40879.0
2024-09-12 20:35:00+00:00,558.59,558.64,558.59,558.59,3879.0
2024-09-12 20:40:00+00:00,558.71,559.09,558.67,559.09,499274.0
2024-09-12 20:45:00+00:00,558.65,558.66,558.45,558.45,8166.0
2024-09-12 20:50:00+00:00,558.46,558.6,558.46,558.54,30446.0
2024-09-12 20:55:00+00:00,558.52,558.52,558.3,558.32,8802.0
2024-09-12 21:00:00+00:00,558.22,558.31,558.22,558.31,2257.0
2024-09-12 21:05:00+00:00,558.31,558.49,558.3,558.3,18804.0
2024-09-12 21:10:00+00:00,558.37,558.4,558.25,558.27,12280.0
2024-09-12 21:15:00+00:00,558.36,558.46,558.36,558.46,7619.0
2024-09-12 21:20:00+00:00,558.48,558.51,558.4009,558.4009,5725.0
2024-09-12 21:25:00+00:00,558.41,558.5,558.41,558.43,3949.0
2024-09-12 21:35:00+00:00,558.36,558.36,558.33,558.33,2247.0
2024-09-12 21:40:00+00:00,558.42,558.42,558.42,558.42,237.0
2024-09-12 21:45:00+00:00,558.36,558.36,558.36,558.36,180.0
2024-09-12 21:50:00+00:00,558.38,558.38,558.38,558.38,1345.0
2024-09-12 21:55:00+00:00,558.34,558.43,558.34,558.43,5979.0
2024-09-12 22:00:00+00:00,558.43,558.6,558.43,558.59,5989.0
2024-09-12 22:05:00+00:00,558.64,558.71,558.6,558.6,3509.0
2024-09-12 22:10:00+00:00,558.63,558.75,558.63,558.75,4344.0
2024-09-12 22:15:00+00:00,558.799,558.799,558.799,558.799,565.0
2024-09-12 22:20:00+00:00,558.76,558.7875,558.71,558.74,3583.0
2024-09-12 22:25:00+00:00,558.74,558.9,558.74,558.82,6067.0
2024-09-12 22:30:00+00:00,558.87,558.92,558.83,558.83,1388.0
2024-09-12 22:35:00+00:00,558.78,558.78,558.74,558.74,5356.0
2024-09-12 22:40:00+00:00,558.85,558.9,558.85,558.9,924.0
2024-09-12 22:45:00+00:00,558.91,559.0175,558.91,559.0,2960.0
2024-09-12 22:50:00+00:00,559.0,559.0,559.0,559.0,188.0
2024-09-12 22:55:00+00:00,559.0,559.05,559.0,559.03,2722.0
2024-09-12 23:00:00+00:00,558.94,559.12,558.94,559.12,2722.0
2024-09-12 23:05:00+00:00,559.2,559.4,559.2,559.35,8297.0
2024-09-12 23:10:00+00:00,559.311,559.311,559.1825,559.1825,3130.0
2024-09-12 23:15:00+00:00,559.26,559.26,559.18,559.21,5189.0
2024-09-12 23:20:00+00:00,559.14,559.16,559.12,559.16,1767.0
2024-09-12 23:30:00+00:00,559.183,559.2,559.183,559.2,595.0
2024-09-12 23:35:00+00:00,559.22,559.22,559.1707,559.2,2264.0
2024-09-12 23:40:00+00:00,559.2,559.4,559.2,559.38,12693.0
2024-09-12 23:45:00+00:00,559.45,559.47,559.43,559.46,2014.0
2024-09-12 23:50:00+00:00,559.5,559.54,559.25,559.25,3078.0
2024-09-12 23:55:00+00:00,559.2296,559.27,559.15,559.24,3871.0
2024-09-13 08:00:00+00:00,559.38,559.67,559.34,559.34,4879.0
2024-09-13 08:05:00+00:00,559.34,559.69,559.32,559.69,2216.0
2024-09-13 08:10:00+00:00,559.69,559.89,559.68,559.89,1138.0
2024-09-13 08:15:00+00:00,559.67,559.87,559.67,559.87,1231.0
2024-09-13 08:20:00+00:00,559.85,559.93,559.8,559.88,1387.0
2024-09-13 08:25:00+00:00,559.8,559.82,559.75,559.75,1065.0
2024-09-13 08:30:00+00:00,559.79,559.81,559.53,559.53,4341.0
2024-09-13 08:35:00+00:00,559.73,559.73,559.67,559.7,1346.0
2024-09-13 08:40:00+00:00,559.75,559.75,559.7,559.7,7016.0
2024-09-13 08:45:00+00:00,559.99,560.0,559.99,560.0,19135.0
2024-09-13 08:50:00+00:00,560.0,560.0,559.8,559.8,3111.0
2024-09-13 08:55:00+00:00,559.86,559.86,559.7,559.78,1981.0
2024-09-13 09:00:00+00:00,559.93,559.98,559.86,559.86,1048.0
2024-09-13 09:05:00+00:00,560.13,560.15,560.07,560.15,1487.0
2024-09-13 09:10:00+00:00,560.1,560.25,560.08,560.25,1677.0
2024-09-13 09:15:00+00:00,560.15,560.17,560.11,560.17,1021.0
2024-09-13 09:20:00+00:00,560.23,560.23,560.23,560.23,662.0
2024-09-13 09:30:00+00:00,560.25,560.31,560.25,560.31,1362.0
2024-09-13 09:35:00+00:00,560.36,560.5,560.36,560.49,3953.0
2024-09-13 09:40:00+00:00,560.5,560.6,560.45,560.48,3274.0
2024-09-13 09:45:00+00:00,560.42,560.45,560.42,560.44,1717.0
2024-09-13 09:50:00+00:00,560.32,560.32,560.28,560.28,1043.0
2024-09-13 09:55:00+00:00,560.18,560.38,560.18,560.38,1323.0
2024-09-13 10:00:00+00:00,560.31,560.38,560.31,560.38,1672.0
2024-09-13 10:05:00+00:00,560.44,560.53,560.44,560.53,1261.0
2024-09-13 10:10:00+00:00,560.53,560.53,560.53,560.53,323.0
2024-09-13 10:15:00+00:00,560.43,560.43,560.37,560.37,974.0
2024-09-13 10:20:00+00:00,560.28,560.45,560.28,560.4,5216.0
2024-09-13 10:25:00+00:00,560.45,560.45,560.45,560.45,501.0
2024-09-13 10:30:00+00:00,560.49,560.49,560.46,560.49,662.0
2024-09-13 10:35:00+00:00,560.3,560.36,560.25,560.25,2795.0
2024-09-13 10:40:00+00:00,560.25,560.25,560.25,560.25,728.0
2024-09-13 10:45:00+00:00,560.25,560.25,560.25,560.25,597.0
2024-09-13 10:50:00+00:00,560.29,560.41,560.29,560.36,1031.0
2024-09-13 10:55:00+00:00,560.4,560.4,560.4,560.4,624.0
2024-09-13 11:00:00+00:00,560.51,560.68,559.91,560.18,228457.0
2024-09-13 11:05:00+00:00,560.21,560.24,560.05,560.07,13356.0
2024-09-13 11:10:00+00:00,560.09,560.13,560.05,560.11,3893.0
2024-09-13 11:15:00+00:00,560.08,560.18,559.98,560.16,8306.0
2024-09-13 11:20:00+00:00,560.19,560.21,560.18,560.18,5366.0
2024-09-13 11:25:00+00:00,560.25,560.38,560.23,560.38,6688.0
2024-09-13 11:30:00+00:00,560.32,560.36,560.3,560.3,1891.0
2024-09-13 11:35:00+00:00,560.2,560.2,559.86,559.86,1716.0
2024-09-13 11:40:00+00:00,559.82,560.07,559.82,560.03,2248.0
2024-09-13 11:45:00+00:00,560.19,560.19,560.07,560.07,1276.0
2024-09-13 11:50:00+00:00,560.11,560.29,560.11,560.18,2682.0
2024-09-13 11:55:00+00:00,560.13,560.28,560.07,560.28,24091.0
2024-09-13 12:00:00+00:00,560.5113,560.5117,559.23,560.31,38351.0
2024-09-13 12:05:00+00:00,560.33,560.33,560.1025,560.19,11190.0
2024-09-13 12:10:00+00:00,560.229,560.3,560.13,560.3,1659.0
2024-09-13 12:15:00+00:00,560.28,560.44,560.28,560.3,5438.0
2024-09-13 12:20:00+00:00,560.35,560.4,560.26,560.27,13870.0
2024-09-13 12:25:00+00:00,560.21,560.279,560.18,560.18,4429.0
2024-09-13 12:30:00+00:00,560.21,560.32,560.04,560.07,6376.0
2024-09-13 12:35:00+00:00,560.08,560.2229,559.87,559.87,10679.0
2024-09-13 12:40:00+00:00,559.81,559.95,559.49,559.9,29102.0
2024-09-13 12:45:00+00:00,559.9125,560.13,559.91,560.13,10137.0
2024-09-13 12:50:00+00:00,560.1,560.34,560.07,560.2701,15018.0
2024-09-13 12:55:00+00:00,560.35,560.43,560.3,560.3,16849.0
2024-09-13 13:00:00+00:00,560.22,560.28,560.1406,560.1925,4446.0
2024-09-13 13:05:00+00:00,560.19,560.4,560.11,560.39,20967.0
2024-09-13 13:10:00+00:00,560.29,560.36,560.24,560.28,6064.0
2024-09-13 13:15:00+00:00,560.23,560.24,560.12,560.16,11684.0
2024-09-13 13:20:00+00:00,560.12,560.12,559.99,560.08,11203.0
2024-09-13 13:25:00+00:00,560.06,560.3,559.6,559.69,79415.0
2024-09-13 13:30:00+00:00,559.71,560.36,559.45,560.3101,1448005.0
2024-09-13 13:35:00+00:00,560.32,560.61,560.1969,560.36,610779.0
2024-09-13 13:40:00+00:00,560.3699,560.87,560.19,560.83,411038.0
2024-09-13 13:45:00+00:00,560.83,561.28,560.6,561.12,581305.0
2024-09-13 13:50:00+00:00,561.12,561.2017,560.91,560.995,374935.0
2024-09-13 13:55:00+00:00,560.995,561.16,560.8,560.9301,352823.0
2024-09-13 14:00:00+00:00,560.99,561.8,559.93,561.03,841276.0
2024-09-13 14:05:00+00:00,561.04,561.27,560.67,561.16,462034.0
2024-09-13 14:10:00+00:00,561.18,561.68,560.94,561.26,418082.0
2024-09-13 14:15:00+00:00,561.26,561.85,561.18,561.56,348058.0
2024-09-13 14:20:00+00:00,561.561,562.3,561.45,562.27,448729.0
2024-09-13 14:25:00+00:00,562.3,562.36,561.02,561.12,603969.0
2024-09-13 14:30:00+00:00,561.11,561.17,560.27,560.97,722731.0
2024-09-13 14:35:00+00:00,560.9799,561.72,560.64,561.69,402559.0
2024-09-13 14:40:00+00:00,561.7395,562.57,561.69,562.39,592136.0
2024-09-13 14:45:00+00:00,562.41,562.51,562.05,562.27,436041.0
2024-09-13 14:50:00+00:00,562.26,562.28,561.5,561.6999,440045.0
2024-09-13 14:55:00+00:00,561.69,562.07,561.37,561.86,346517.0
2024-09-13 15:00:00+00:00,561.85,562.02,561.6759,561.9,205741.0
2024-09-13 15:05:00+00:00,561.92,562.06,561.61,561.625,326518.0
2024-09-13 15:10:00+00:00,561.64,561.97,561.51,561.69,426797.0
2024-09-13 15:15:00+00:00,561.7,561.885,561.61,561.7,218574.0
2024-09-13 15:20:00+00:00,561.71,562.11,561.58,562.0299,406639.0
2024-09-13 15:25:00+00:00,562.02,562.14,561.75,561.85,297990.0
2024-09-13 15:30:00+00:00,561.8799,562.17,561.78,562.06,316468.0
2024-09-13 15:35:00+00:00,562.06,562.22,561.7,561.95,255086.0
2024-09-13 15:40:00+00:00,561.99,562.44,561.99,562.34,283849.0
2024-09-13 15:45:00+00:00,562.35,562.79,562.35,562.615,488648.0
2024-09-13 15:50:00+00:00,562.61,562.7799,562.45,562.6953,192392.0
2024-09-13 15:55:00+00:00,562.71,562.8,562.5601,562.66,358760.0
2024-09-13 16:00:00+00:00,562.65,562.94,562.55,562.64,340651.0
2024-09-13 16:05:00+00:00,562.63,562.75,562.18,562.3203,273031.0
2024-09-13 16:10:00+00:00,562.325,562.45,561.68,561.96,391876.0
2024-09-13 16:15:00+00:00,561.94,561.94,561.64,561.8201,281576.0
2024-09-13 16:20:00+00:00,561.8299,561.93,561.59,561.65,174558.0
2024-09-13 16:25:00+00:00,561.67,561.76,561.52,561.57,292507.0
2024-09-13 16:30:00+00:00,561.565,561.7,561.5,561.59,149252.0
2024-09-13 16:35:00+00:00,561.63,561.65,561.35,561.55,222299.0
2024-09-13 16:40:00+00:00,561.56,561.7299,561.45,561.52,302596.0
2024-09-13 16:45:00+00:00,561.54,561.55,561.33,561.3999,196858.0
2024-09-13 16:50:00+00:00,561.4,562.16,561.37,562.145,317074.0
2024-09-13 16:55:00+00:00,562.1591,562.23,561.99,562.19,272003.0
2024-09-13 17:00:00+00:00,562.19,562.4,562.14,562.35,318750.0
2024-09-13 17:05:00+00:00,562.33,562.65,562.29,562.43,265645.0
2024-09-13 17:10:00+00:00,562.45,562.56,562.37,562.51,191367.0
2024-09-13 17:15:00+00:00,562.505,562.74,562.43,562.68,186275.0
2024-09-13 17:20:00+00:00,562.68,562.71,562.2,562.43,303690.0
2024-09-13 17:25:00+00:00,562.42,562.8098,562.411,562.76,192862.0
2024-09-13 17:30:00+00:00,562.7301,562.88,562.51,562.57,393544.0
2024-09-13 17:35:00+00:00,562.53,563.03,562.4,562.97,253658.0
2024-09-13 17:40:00+00:00,562.97,563.01,562.66,562.88,211532.0
2024-09-13 17:45:00+00:00,562.89,562.97,562.77,562.8889,117874.0
2024-09-13 17:50:00+00:00,562.89,563.0,562.81,562.85,132244.0
2024-09-13 17:55:00+00:00,562.86,562.91,562.4741,562.57,460855.0
2024-09-13 18:00:00+00:00,562.57,562.65,561.32,562.16,706344.0
2024-09-13 18:05:00+00:00,562.15,562.98,562.13,562.79,343350.0
2024-09-13 18:10:00+00:00,562.79,562.84,562.26,562.42,302292.0
2024-09-13 18:15:00+00:00,562.42,562.49,562.18,562.3501,230444.0
2024-09-13 18:20:00+00:00,562.35,562.38,561.55,561.55,369378.0
2024-09-13 18:25:00+00:00,561.52,561.67,561.27,561.4099,423436.0
2024-09-13 18:30:00+00:00,561.41,561.44,561.13,561.34,271431.0
2024-09-13 18:35:00+00:00,561.36,561.46,561.18,561.33,170415.0
2024-09-13 18:40:00+00:00,561.34,561.87,561.24,561.47,355626.0
2024-09-13 18:45:00+00:00,561.4806,561.7786,561.37,561.41,350100.0
2024-09-13 18:50:00+00:00,561.39,561.46,561.11,561.32,283130.0
2024-09-13 18:55:00+00:00,561.3,561.465,561.21,561.44,184934.0
2024-09-13 19:00:00+00:00,561.43,561.43,561.02,561.188,270045.0
2024-09-13 19:05:00+00:00,561.19,561.48,561.19,561.3,261215.0
2024-09-13 19:10:00+00:00,561.29,561.43,561.11,561.37,253194.0
2024-09-13 19:15:00+00:00,561.36,561.82,561.28,561.64,367568.0
2024-09-13 19:20:00+00:00,561.64,561.78,561.46,561.7437,653384.0
2024-09-13 19:25:00+00:00,561.7532,561.97,561.48,561.8,304631.0
2024-09-13 19:30:00+00:00,561.8,561.95,561.71,561.84,492611.0
2024-09-13 19:35:00+00:00,561.845,561.87,561.26,561.65,334131.0
2024-09-13 19:40:00+00:00,561.635,561.86,561.63,561.86,365908.0
2024-09-13 19:45:00+00:00,561.84,562.075,561.76,561.83,672284.0
2024-09-13 19:50:00+00:00,561.82,562.185,561.72,562.17,1178678.0
2024-09-13 19:55:00+00:00,562.17,562.34,561.7702,561.94,2817390.0
2024-09-13 20:00:00+00:00,561.95,562.01,561.49,561.62,780888.0
2024-09-13 20:05:00+00:00,561.62,561.9,561.62,561.83,510488.0
2024-09-13 20:10:00+00:00,561.8,561.83,561.56,561.75,3113652.0
2024-09-13 20:15:00+00:00,561.76,561.93,561.64,561.91,121079.0
2024-09-13 20:20:00+00:00,561.9,561.98,561.87,561.98,100310.0
2024-09-13 20:25:00+00:00,561.98,562.11,561.95,561.95,46604.0
2024-09-13 20:30:00+00:00,561.95,561.95,561.88,561.88,19872.0
2024-09-13 20:35:00+00:00,561.86,561.9,561.84,561.89,135405.0
2024-09-13 20:40:00+00:00,561.81,561.82,561.77,561.77,4126.0
2024-09-13 20:45:00+00:00,561.77,561.77,561.56,561.58,11585.0
2024-09-13 20:50:00+00:00,561.61,561.68,561.61,561.65,6892.0
2024-09-13 20:55:00+00:00,561.63,561.65,561.58,561.63,22390.0
2024-09-13 21:00:00+00:00,561.5785,561.5785,561.5785,561.5785,150.0
2024-09-13 21:05:00+00:00,561.69,561.69,561.602,561.69,499.0
2024-09-13 21:10:00+00:00,561.7,561.75,561.7,561.75,665.0
2024-09-13 21:15:00+00:00,561.75,561.76,561.7475,561.7497,1966.0
2024-09-13 21:20:00+00:00,561.7025,561.7025,561.58,561.58,3892.0
2024-09-13 21:25:00+00:00,561.65,561.6608,561.61,561.61,1388.0
2024-09-13 21:30:00+00:00,561.65,561.69,561.61,561.69,485.0
2024-09-13 21:35:00+00:00,561.61,561.933358,561.55,561.55,448353.0
2024-09-13 21:40:00+00:00,561.55,561.6,561.55,561.6,1225.0
2024-09-13 21:45:00+00:00,561.6,561.6,561.6,561.6,523.0
2024-09-13 21:50:00+00:00,561.6,561.6,561.6,561.6,448.0
2024-09-13 21:55:00+00:00,561.53,561.75,561.53,561.75,2578.0
2024-09-13 22:00:00+00:00,561.75,561.75,561.75,561.75,5527.0
2024-09-13 22:05:00+00:00,561.7,561.75,561.7,561.75,2730.0
2024-09-13 22:10:00+00:00,561.7,561.75,561.65,561.65,21072.0
2024-09-13 22:15:00+00:00,561.75,561.85,561.75,561.84,8840.0
2024-09-13 22:25:00+00:00,561.78,561.81,561.72,561.81,7667.0
2024-09-13 22:30:00+00:00,561.75,561.75,561.68,561.68,1705.0
2024-09-13 22:35:00+00:00,561.66,561.66,561.58,561.58,2863.0
2024-09-13 22:40:00+00:00,561.65,561.65,561.65,561.65,468.0
2024-09-13 22:45:00+00:00,561.58,561.58,561.58,561.58,105.0
2024-09-13 22:55:00+00:00,561.7,561.7,561.7,561.7,223.0
2024-09-13 23:05:00+00:00,561.69,561.7599,561.69,561.7599,11137.0
2024-09-13 23:10:00+00:00,561.75,561.75,561.75,561.75,2355.0
2024-09-13 23:15:00+00:00,561.75,561.75,561.75,561.75,909.0
2024-09-13 23:20:00+00:00,561.75,561.75,561.75,561.75,2059.0
2024-09-13 23:30:00+00:00,561.6007,561.7327,561.6,561.7327,583.0
2024-09-13 23:40:00+00:00,561.65,561.65,561.45,561.47,6131.0
2024-09-13 23:55:00+00:00,561.55,561.65,561.55,561.65,2315.0
2024-09-16 08:00:00+00:00,562.21,562.55,562.12,562.55,9324.0
2024-09-16 08:05:00+00:00,562.55,562.55,562.45,562.5,1120.0
2024-09-16 08:10:00+00:00,562.39,562.46,562.3,562.36,3135.0
2024-09-16 08:15:00+00:00,562.39,562.39,562.37,562.37,485.0
2024-09-16 08:20:00+00:00,562.5,562.54,562.48,562.54,1083.0
2024-09-16 08:25:00+00:00,562.6,562.6,562.54,562.57,357.0
2024-09-16 08:30:00+00:00,562.51,562.51,562.49,562.49,510.0
2024-09-16 08:35:00+00:00,562.32,562.39,562.27,562.39,1220.0
2024-09-16 08:45:00+00:00,562.4,562.41,562.33,562.33,947.0
2024-09-16 08:50:00+00:00,562.42,562.42,562.42,562.42,146.0
2024-09-16 08:55:00+00:00,562.45,562.56,562.45,562.56,1350.0
2024-09-16 09:00:00+00:00,562.52,562.56,562.52,562.56,674.0
2024-09-16 09:05:00+00:00,562.5,562.5,562.46,562.49,1081.0
2024-09-16 09:10:00+00:00,562.58,562.65,562.58,562.62,775.0
2024-09-16 09:15:00+00:00,562.74,562.74,562.65,562.65,985.0
2024-09-16 09:20:00+00:00,562.65,562.65,562.64,562.64,1020.0
2024-09-16 09:25:00+00:00,562.59,562.59,562.59,562.59,409.0
2024-09-16 09:30:00+00:00,562.59,562.59,562.59,562.59,315.0
2024-09-16 09:35:00+00:00,562.62,562.62,562.57,562.57,1534.0
2024-09-16 09:40:00+00:00,562.55,562.55,562.53,562.53,759.0
2024-09-16 09:45:00+00:00,562.4,562.4,562.35,562.35,404.0
2024-09-16 09:55:00+00:00,562.37,562.37,562.3,562.3,731.0
2024-09-16 10:00:00+00:00,562.34,562.34,562.08,562.08,897.0
2024-09-16 10:05:00+00:00,562.12,562.12,562.0,562.0,6205.0
2024-09-16 10:10:00+00:00,562.02,562.05,562.02,562.05,4160.0
2024-09-16 10:15:00+00:00,562.12,562.14,562.12,562.14,927.0
2024-09-16 10:20:00+00:00,562.1,562.1,562.1,562.1,305.0
2024-09-16 10:25:00+00:00,561.77,561.77,561.77,561.77,137.0
2024-09-16 10:35:00+00:00,561.72,561.72,561.71,561.71,409.0
2024-09-16 10:40:00+00:00,561.79,561.97,561.79,561.97,4117.0
2024-09-16 10:50:00+00:00,562.21,562.21,562.21,562.21,212.0
2024-09-16 10:55:00+00:00,562.11,562.11,562.11,562.11,454.0
2024-09-16 11:00:00+00:00,562.14,562.18,562.12,562.12,4702.0
2024-09-16 11:05:00+00:00,562.0,562.07,562.0,562.01,2856.0
2024-09-16 11:10:00+00:00,562.01,562.01,562.01,562.01,277.0
2024-09-16 11:15:00+00:00,561.88,561.88,561.77,561.81,1551.0
2024-09-16 11:20:00+00:00,561.76,561.8,561.6,561.6,19800.0
2024-09-16 11:25:00+00:00,561.6,561.65,561.52,561.61,5594.0
2024-09-16 11:30:00+00:00,561.7,561.7,561.6,561.64,15570.0
2024-09-16 11:35:00+00:00,561.66,561.74,561.66,561.7,8663.0
2024-09-16 11:40:00+00:00,561.7,561.82,561.62,561.66,18086.0
2024-09-16 11:45:00+00:00,561.7,561.9,561.7,561.89,5595.0
2024-09-16 11:50:00+00:00,561.8,561.84,561.65,561.65,3720.0
2024-09-16 11:55:00+00:00,561.7,561.73,561.58,561.71,2194.0
2024-09-16 12:00:00+00:00,562.14,562.3,561.51,561.51,33456.0
2024-09-16 12:05:00+00:00,561.52,561.82,561.43,561.82,31545.0
2024-09-16 12:10:00+00:00,561.82,561.8898,561.67,561.72,9738.0
2024-09-16 12:15:00+00:00,561.66,561.6615,561.47,561.5,63334.0
2024-09-16 12:20:00+00:00,561.48,561.49,561.42,561.43,9374.0
2024-09-16 12:25:00+00:00,561.432,561.54,561.432,561.53,5851.0
2024-09-16 12:30:00+00:00,561.56,561.66,561.4815,561.52,15423.0
2024-09-16 12:35:00+00:00,561.48,561.8042,561.4,561.78,12643.0
2024-09-16 12:40:00+00:00,561.74,561.74,561.38,561.49,8656.0
2024-09-16 12:45:00+00:00,561.49,561.49,561.34,561.34,13645.0
2024-09-16 12:50:00+00:00,561.51,561.51,561.3607,561.41,8219.0
2024-09-16 12:55:00+00:00,561.43,561.59,561.43,561.53,12631.0
2024-09-16 13:00:00+00:00,561.55,561.7,561.51,561.56,32595.0
2024-09-16 13:05:00+00:00,561.5,561.65,561.48,561.59,19161.0
2024-09-16 13:10:00+00:00,561.5,561.56,561.41,561.56,16198.0
2024-09-16 13:15:00+00:00,561.559,561.61,561.5,561.5,6427.0
2024-09-16 13:20:00+00:00,561.5,561.55,561.45,561.49,6602.0
2024-09-16 13:25:00+00:00,561.46,561.79,561.44,561.76,63108.0
2024-09-16 13:30:00+00:00,561.74,562.135,561.13,561.14,1238363.0
2024-09-16 13:35:00+00:00,561.14,561.19,560.82,560.99,822177.0
2024-09-16 13:40:00+00:00,560.98,561.25,560.84,561.03,479270.0
2024-09-16 13:45:00+00:00,561.05,561.83,560.9059,561.805,471605.0
2024-09-16 13:50:00+00:00,561.81,562.765,561.77,562.75,558915.0
2024-09-16 13:55:00+00:00,562.76,562.92,562.3501,562.48,518910.0
2024-09-16 14:00:00+00:00,562.47,562.82,561.63,562.3509,393695.0
2024-09-16 14:05:00+00:00,562.3699,562.66,562.28,562.4,372231.0
2024-09-16 14:10:00+00:00,562.39,562.61,562.17,562.5,230329.0
2024-09-16 14:15:00+00:00,562.51,562.71,562.4001,562.5,361440.0
2024-09-16 14:20:00+00:00,562.51,562.53,561.82,561.92,321000.0
2024-09-16 14:25:00+00:00,561.91,561.97,561.06,561.4788,636700.0
2024-09-16 14:30:00+00:00,561.46,561.47,559.9,560.1399,704581.0
2024-09-16 14:35:00+00:00,560.13,561.06,559.95,560.75,638623.0
2024-09-16 14:40:00+00:00,560.77,561.25,560.74,561.14,481613.0
2024-09-16 14:45:00+00:00,561.14,561.17,560.39,561.0299,487353.0
2024-09-16 14:50:00+00:00,561.03,561.34,560.5514,560.76,415326.0
2024-09-16 14:55:00+00:00,560.8,560.98,560.52,560.7298,257455.0
2024-09-16 15:00:00+00:00,560.72,560.72,560.16,560.49,442091.0
2024-09-16 15:05:00+00:00,560.5,561.12,560.42,560.94,400066.0
2024-09-16 15:10:00+00:00,560.94,561.27,560.9,561.11,262885.0
2024-09-16 15:15:00+00:00,561.0701,561.28,560.96,561.195,258708.0
2024-09-16 15:20:00+00:00,561.2,561.42,560.995,561.385,418913.0
2024-09-16 15:25:00+00:00,561.385,561.54,560.79,560.83,374302.0
2024-09-16 15:30:00+00:00,560.82,561.25,560.82,561.25,506473.0
2024-09-16 15:35:00+00:00,561.25,561.25,560.67,560.8572,220629.0
2024-09-16 15:40:00+00:00,560.89,560.905,560.64,560.67,186045.0
2024-09-16 15:45:00+00:00,560.66,560.89,560.5,560.8505,223269.0
2024-09-16 15:50:00+00:00,560.85,561.35,560.59,561.33,246429.0
2024-09-16 15:55:00+00:00,561.331,561.42,561.09,561.27,232252.0
2024-09-16 16:00:00+00:00,561.275,561.3699,560.86,560.89,404560.0
2024-09-16 16:05:00+00:00,560.88,561.28,560.81,561.17,248338.0
2024-09-16 16:10:00+00:00,561.19,561.32,560.67,560.82,252221.0
2024-09-16 16:15:00+00:00,560.8019,561.0,560.48,560.5999,322395.0
2024-09-16 16:20:00+00:00,560.57,560.68,560.34,560.6,285468.0
2024-09-16 16:25:00+00:00,560.59,561.42,560.59,561.3899,226586.0
2024-09-16 16:30:00+00:00,561.38,561.5,560.79,561.12,451843.0
2024-09-16 16:35:00+00:00,561.13,561.4,561.07,561.18,623611.0
2024-09-16 16:40:00+00:00,561.19,561.3,561.09,561.16,160443.0
2024-09-16 16:45:00+00:00,561.155,561.32,560.98,561.31,263564.0
2024-09-16 16:50:00+00:00,561.31,561.51,561.25,561.4,357815.0
2024-09-16 16:55:00+00:00,561.395,561.61,561.33,561.5699,171290.0
2024-09-16 17:00:00+00:00,561.57,561.57,561.405,561.43,213017.0
2024-09-16 17:05:00+00:00,561.4398,561.58,561.4026,561.54,161311.0
2024-09-16 17:10:00+00:00,561.55,561.67,561.47,561.5105,307400.0
2024-09-16 17:15:00+00:00,561.53,561.68,561.41,561.55,142787.0
2024-09-16 17:20:00+00:00,561.55,561.66,561.32,561.66,127869.0
2024-09-16 17:25:00+00:00,561.6599,561.91,561.2,561.715,330574.0
2024-09-16 17:30:00+00:00,561.71,561.78,561.61,561.713407,166896.0
2024-09-16 17:35:00+00:00,561.71,562.34,561.7,562.2601,177923.0
2024-09-16 17:40:00+00:00,562.26,562.39,561.95,562.25,307620.0
2024-09-16 17:45:00+00:00,562.28,562.36,562.2,562.24,411730.0
2024-09-16 17:50:00+00:00,562.24,562.5,562.24,562.34,234909.0
2024-09-16 17:55:00+00:00,562.34,562.55,562.2501,562.5005,201059.0
2024-09-16 18:00:00+00:00,562.505,562.52,562.16,562.18,358528.0
2024-09-16 18:05:00+00:00,562.19,562.35,562.06,562.3,318051.0
2024-09-16 18:10:00+00:00,562.31,562.58,562.31,562.44,195861.0
2024-09-16 18:15:00+00:00,562.4401,562.54,562.19,562.275,770280.0
2024-09-16 18:20:00+00:00,562.29,562.56,562.21,562.37,224526.0
2024-09-16 18:25:00+00:00,562.39,562.6,562.34,562.55,152556.0
2024-09-16 18:30:00+00:00,562.54,562.62,562.39,562.5712,206831.0
2024-09-16 18:35:00+00:00,562.57,562.69,562.33,562.485,217768.0
2024-09-16 18:40:00+00:00,562.48,562.4999,561.92,562.135,383112.0
2024-09-16 18:45:00+00:00,562.13,562.31,561.84,562.3,268713.0
2024-09-16 18:50:00+00:00,562.28,562.3799,562.04,562.08,268433.0
2024-09-16 18:55:00+00:00,562.08,562.72,562.02,562.6975,893631.0
2024-09-16 19:00:00+00:00,562.68,562.71,562.38,562.38,318666.0
2024-09-16 19:05:00+00:00,562.39,562.5967,562.32,562.475,157429.0
2024-09-16 19:10:00+00:00,562.48,562.54,562.05,562.09,479784.0
2024-09-16 19:15:00+00:00,562.09,562.29,561.98,562.24,583774.0
2024-09-16 19:20:00+00:00,562.2399,562.24,561.96,562.04,488168.0
2024-09-16 19:25:00+00:00,562.05,562.27,562.05,562.26,332074.0
2024-09-16 19:30:00+00:00,562.245,562.63,562.21,562.55,1491091.0
2024-09-16 19:35:00+00:00,562.55,562.67,562.152427,562.57,394449.0
2024-09-16 19:40:00+00:00,562.57,562.75,562.54,562.68,315914.0
2024-09-16 19:45:00+00:00,562.68,562.78,562.57,562.62,860342.0
2024-09-16 19:50:00+00:00,562.63,562.97,562.49,562.925,1457239.0
2024-09-16 19:55:00+00:00,562.93,563.11,562.55,562.86,2490642.0
2024-09-16 20:00:00+00:00,562.89,562.92,562.45,562.53,555008.0
2024-09-16 20:05:00+00:00,562.46,562.66,562.45,562.63,99206.0
2024-09-16 20:10:00+00:00,562.6,562.748,562.43,562.45,661995.0
2024-09-16 20:15:00+00:00,562.47,562.59,562.45,562.5,52034.0
2024-09-16 20:20:00+00:00,562.53,562.63,562.48,562.63,21009.0
2024-09-16 20:25:00+00:00,562.6785,562.6785,562.54,562.59,139493.0
2024-09-16 20:30:00+00:00,562.59,562.59,562.49,562.49,15533.0
2024-09-16 20:35:00+00:00,562.48,562.55,562.48,562.55,10319.0
2024-09-16 20:40:00+00:00,562.5,562.51,562.439,562.47,14346.0
2024-09-16 20:45:00+00:00,562.7488,562.7488,562.4,562.43,24591.0
2024-09-16 20:50:00+00:00,562.41,562.41,562.35,562.3515,4573.0
2024-09-16 20:55:00+00:00,562.3501,562.38,562.33,562.34,12522.0
2024-09-16 21:00:00+00:00,562.4351,562.4351,562.2,562.2,8256.0
2024-09-16 21:05:00+00:00,562.2,562.3,562.15,562.3,8320.0
2024-09-16 21:10:00+00:00,562.29,562.3,562.2105,562.3,1152.0
2024-09-16 21:15:00+00:00,562.261,562.28,562.21,562.28,1326.0
2024-09-16 21:20:00+00:00,562.251,562.251,562.21,562.21,2069.0
2024-09-16 21:25:00+00:00,562.2794,562.2794,562.15,562.15,12163.0
2024-09-16 21:30:00+00:00,562.22,562.24,562.1501,562.24,1528.0
2024-09-16 21:35:00+00:00,562.237,562.24,562.1255,562.2,7865.0
2024-09-16 21:40:00+00:00,562.2025,562.22,562.15,562.15,3963.0
2024-09-16 21:45:00+00:00,562.23,562.26,562.23,562.26,7494.0
2024-09-16 21:50:00+00:00,562.22,562.24,562.0,562.01,31430.0
2024-09-16 21:55:00+00:00,562.1,562.35,562.1,562.11,18343.0
2024-09-16 22:00:00+00:00,562.23,562.46,562.23,562.39,41309.0
2024-09-16 22:05:00+00:00,562.4,562.606,562.38,562.541,5385.0
2024-09-16 22:10:00+00:00,562.55,562.59,562.52,562.58,4670.0
2024-09-16 22:15:00+00:00,562.57,562.8,562.57,562.791,4898.0
2024-09-16 22:20:00+00:00,562.76,562.84,562.71,562.84,3228.0
2024-09-16 22:25:00+00:00,562.88,562.88,562.71,562.71,2426.0
2024-09-16 22:30:00+00:00,562.74,562.8475,562.74,562.8475,1144.0
2024-09-16 22:35:00+00:00,562.84,562.84,562.82,562.84,1984.0
2024-09-16 22:40:00+00:00,562.8,562.84,562.8,562.84,988.0
2024-09-16 22:45:00+00:00,562.8,562.8,562.75,562.8,1726.0
2024-09-16 22:50:00+00:00,562.77,562.8,562.73,562.8,750.0
2024-09-16 22:55:00+00:00,562.74,562.75,562.66,562.66,2280.0
2024-09-16 23:00:00+00:00,562.81,562.81,562.81,562.81,4336.0
2024-09-16 23:05:00+00:00,562.798,562.798,562.71,562.71,496.0
2024-09-16 23:10:00+00:00,562.63,562.63,562.43,562.5,5363.0
2024-09-16 23:15:00+00:00,562.499,562.59,562.499,562.59,978.0
2024-09-16 23:20:00+00:00,562.5,562.53,562.5,562.52,884.0
2024-09-16 23:25:00+00:00,562.53,562.74,562.53,562.68,2352.0
2024-09-16 23:30:00+00:00,562.67,562.7097,562.597,562.597,2023.0
2024-09-16 23:35:00+00:00,562.55,562.55,562.52,562.55,3103.0
2024-09-16 23:40:00+00:00,562.57,562.6,562.57,562.59,1921.0
2024-09-16 23:45:00+00:00,562.55,562.61,562.55,562.57,2002.0
2024-09-16 23:50:00+00:00,562.61,562.61,562.56,562.56,1761.0
2024-09-16 23:55:00+00:00,562.55,562.55,562.44,562.44,9905.0
2024-09-17 08:00:00+00:00,563.3,564.09,563.3,563.9,9083.0
2024-09-17 08:05:00+00:00,563.96,564.13,563.96,564.13,2382.0
2024-09-17 08:10:00+00:00,564.16,564.27,564.15,564.2,2154.0
2024-09-17 08:15:00+00:00,564.1,564.1,564.01,564.08,1787.0
2024-09-17 08:20:00+00:00,564.07,564.15,564.07,564.1,2150.0
2024-09-17 08:25:00+00:00,564.09,564.09,564.0,564.0,1990.0
2024-09-17 08:30:00+00:00,564.05,564.11,564.05,564.11,3197.0
2024-09-17 08:35:00+00:00,564.06,564.07,564.06,564.07,462.0
2024-09-17 08:40:00+00:00,564.1,564.12,564.06,564.12,8608.0
2024-09-17 08:50:00+00:00,564.21,564.21,564.21,564.21,135.0
2024-09-17 08:55:00+00:00,564.34,564.34,564.27,564.27,636.0
2024-09-17 09:00:00+00:00,564.16,564.17,564.16,564.17,429.0
2024-09-17 09:05:00+00:00,564.38,564.49,564.38,564.49,13182.0
2024-09-17 09:10:00+00:00,564.63,564.63,564.55,564.55,1926.0
2024-09-17 09:15:00+00:00,564.6,564.6,564.6,564.6,294.0
2024-09-17 09:20:00+00:00,564.46,564.46,564.44,564.44,5083.0
2024-09-17 09:30:00+00:00,564.53,564.53,564.53,564.53,236.0
2024-09-17 09:35:00+00:00,564.65,564.73,564.65,564.73,1080.0
2024-09-17 09:40:00+00:00,564.72,564.72,564.68,564.68,7148.0
2024-09-17 09:45:00+00:00,564.75,564.8,564.75,564.8,581.0
2024-09-17 09:50:00+00:00,564.87,564.99,564.87,564.9,7239.0
2024-09-17 09:55:00+00:00,564.92,564.92,564.76,564.78,1118.0
2024-09-17 10:00:00+00:00,564.73,564.73,564.73,564.73,331.0
2024-09-17 10:05:00+00:00,564.99,565.0,564.92,564.98,4189.0
2024-09-17 10:10:00+00:00,564.87,565.0,564.86,564.94,3807.0
2024-09-17 10:15:00+00:00,564.99,564.99,564.86,564.86,735.0
2024-09-17 10:20:00+00:00,564.9,564.92,564.9,564.92,551.0
2024-09-17 10:25:00+00:00,564.92,564.92,564.92,564.92,2002.0
2024-09-17 10:30:00+00:00,564.92,564.92,564.85,564.9,1149.0
2024-09-17 10:35:00+00:00,564.76,564.76,564.76,564.76,409.0
2024-09-17 10:40:00+00:00,564.75,564.75,564.68,564.69,1917.0
2024-09-17 10:45:00+00:00,564.65,564.65,564.55,564.55,894.0
2024-09-17 10:50:00+00:00,564.55,564.57,564.53,564.53,2786.0
2024-09-17 10:55:00+00:00,564.39,564.45,564.38,564.45,2417.0
2024-09-17 11:00:00+00:00,564.42,564.52,564.33,564.46,38707.0
2024-09-17 11:05:00+00:00,564.47,564.47,564.37,564.41,5652.0
2024-09-17 11:10:00+00:00,564.42,564.47,564.37,564.37,5563.0
2024-09-17 11:15:00+00:00,564.36,564.36,564.19,564.22,3474.0
2024-09-17 11:20:00+00:00,564.2,564.23,564.06,564.21,29696.0
2024-09-17 11:25:00+00:00,564.21,564.21,564.141,564.21,13314.0
2024-09-17 11:30:00+00:00,564.19,564.4,564.19,564.2,8666.0
2024-09-17 11:35:00+00:00,564.15,564.22,564.07,564.22,21781.0
2024-09-17 11:40:00+00:00,564.26,564.62,564.26,564.6,7996.0
2024-09-17 11:45:00+00:00,564.64,564.8,564.64,564.78,4354.0
2024-09-17 11:50:00+00:00,564.86,565.36,564.86,565.11,52207.0
2024-09-17 11:55:00+00:00,565.2,565.41,565.16,565.22,17233.0
2024-09-17 12:00:00+00:00,564.39,565.35,562.31,565.17,61864.0
2024-09-17 12:05:00+00:00,565.23,565.28,565.06,565.26,24102.0
2024-09-17 12:10:00+00:00,565.1,565.16,564.92,564.92,18264.0
2024-09-17 12:15:00+00:00,564.91,564.93,564.69,564.88,19002.0
2024-09-17 12:20:00+00:00,564.84,564.91,564.76,564.83,3519.0
2024-09-17 12:25:00+00:00,564.81,565.12,564.79,564.93,21182.0
2024-09-17 12:30:00+00:00,565.24,565.58,564.75,564.78,136090.0
2024-09-17 12:35:00+00:00,564.91,565.43,564.88,564.89,78517.0
2024-09-17 12:40:00+00:00,564.92,565.15,564.76,564.88,14268.0
2024-09-17 12:45:00+00:00,564.95,565.09,564.81,565.03,10301.0
2024-09-17 12:50:00+00:00,565.01,565.15,564.83,565.07,10650.0
2024-09-17 12:55:00+00:00,565.07,565.32,565.07,565.32,14144.0
2024-09-17 13:00:00+00:00,565.33,565.41,565.2705,565.36,18580.0
2024-09-17 13:05:00+00:00,565.37,565.48,565.3,565.45,27149.0
2024-09-17 13:10:00+00:00,565.46,565.53,565.26,565.27,26844.0
2024-09-17 13:15:00+00:00,565.34,565.36,565.22,565.29,18801.0
2024-09-17 13:20:00+00:00,565.22,565.27,564.9,565.16,28106.0
2024-09-17 13:25:00+00:00,565.17,565.249,564.95,565.08,58976.0
2024-09-17 13:30:00+00:00,565.1,565.57,564.7,564.765,1139607.0
2024-09-17 13:35:00+00:00,564.78,565.17,564.6,564.9,659826.0
2024-09-17 13:40:00+00:00,564.9,565.37,564.6699,565.18,564450.0
2024-09-17 13:45:00+00:00,565.17,565.43,564.5,564.62,596443.0
2024-09-17 13:50:00+00:00,564.64,564.7544,564.07,564.29,497043.0
2024-09-17 13:55:00+00:00,564.3399,564.76,564.29,564.49,367412.0
2024-09-17 14:00:00+00:00,564.51,565.28,564.27,565.22,481364.0
2024-09-17 14:05:00+00:00,565.21,566.14,565.03,565.83,594614.0
2024-09-17 14:10:00+00:00,565.83,566.23,565.36,565.78,728652.0
2024-09-17 14:15:00+00:00,565.79,566.25,565.78,566.11,369116.0
2024-09-17 14:20:00+00:00,566.1,566.15,565.66,566.103158,426802.0
2024-09-17 14:25:00+00:00,566.08,566.24,565.85,565.95,463476.0
2024-09-17 14:30:00+00:00,565.95,566.09,565.33,565.452,694301.0
2024-09-17 14:35:00+00:00,565.45,565.9099,565.03,565.87,413214.0
2024-09-17 14:40:00+00:00,565.86,566.0695,565.8,565.9691,242165.0
2024-09-17 14:45:00+00:00,565.98,566.58,565.98,566.42,506957.0
2024-09-17 14:50:00+00:00,566.4201,566.44,565.93,565.99,353245.0
2024-09-17 14:55:00+00:00,565.97,566.0101,564.65,565.135,1058521.0
2024-09-17 15:00:00+00:00,565.16,565.92,564.99,565.17,611906.0
2024-09-17 15:05:00+00:00,565.18,565.66,565.18,565.5398,361075.0
2024-09-17 15:10:00+00:00,565.54,565.6,565.36,565.58,266445.0
2024-09-17 15:15:00+00:00,565.58,565.965,565.51,565.77,356703.0
2024-09-17 15:20:00+00:00,565.77,565.77,565.15,565.63,279716.0
2024-09-17 15:25:00+00:00,565.63,565.72,565.11,565.14,760418.0
2024-09-17 15:30:00+00:00,565.15,565.34,565.0547,565.09,307876.0
2024-09-17 15:35:00+00:00,565.09,565.24,564.98,565.11,228725.0
2024-09-17 15:40:00+00:00,565.11,565.13,564.83,564.91,343734.0
2024-09-17 15:45:00+00:00,564.9,565.18,564.8,564.8119,375498.0
2024-09-17 15:50:00+00:00,564.82,565.12,564.81,564.85,832634.0
2024-09-17 15:55:00+00:00,564.86,565.13,564.77,564.99,298231.0
2024-09-17 16:00:00+00:00,564.97,565.19,564.79,564.8,404517.0
2024-09-17 16:05:00+00:00,564.81,565.03,564.57,564.59,238113.0
2024-09-17 16:10:00+00:00,564.59,564.67,564.43,564.52,424438.0
2024-09-17 16:15:00+00:00,564.52,564.52,563.78,563.96,1355205.0
2024-09-17 16:20:00+00:00,563.96,564.0444,562.9,563.39,1065874.0
2024-09-17 16:25:00+00:00,563.37,563.87,563.015,563.74,616847.0
2024-09-17 16:30:00+00:00,563.74,563.74,563.23,563.415,279336.0
2024-09-17 16:35:00+00:00,563.43,563.73,563.059,563.275,273746.0
2024-09-17 16:40:00+00:00,563.285,563.39,562.43,562.635,420852.0
2024-09-17 16:45:00+00:00,562.63,562.83,561.22,561.4201,655165.0
2024-09-17 16:50:00+00:00,561.43,562.11,560.98,561.94,809897.0
2024-09-17 16:55:00+00:00,561.96,562.54,561.48,561.825,649986.0
2024-09-17 17:00:00+00:00,561.83,562.3,561.7601,561.81,418424.0
2024-09-17 17:05:00+00:00,561.89,562.08,561.695,561.99,190394.0
2024-09-17 17:10:00+00:00,561.96,562.23,561.48,562.06,261669.0
2024-09-17 17:15:00+00:00,562.07,562.38,561.83,562.25,218747.0
2024-09-17 17:20:00+00:00,562.25,562.98,562.25,562.875,343132.0
2024-09-17 17:25:00+00:00,562.85,563.0796,562.62,562.72,263211.0
2024-09-17 17:30:00+00:00,562.74,563.07,562.1438,562.2799,500191.0
2024-09-17 17:35:00+00:00,562.24,562.6581,562.21,562.33,233722.0
2024-09-17 17:40:00+00:00,562.32,562.35,561.3498,561.49,280180.0
2024-09-17 17:45:00+00:00,561.505,562.26,560.795,562.25,413095.0
2024-09-17 17:50:00+00:00,562.2,562.92,562.15,562.825,427924.0
2024-09-17 17:55:00+00:00,562.8,562.81,562.4704,562.62,198807.0
2024-09-17 18:00:00+00:00,562.63,562.97,562.44,562.9,216544.0
2024-09-17 18:05:00+00:00,562.91,563.12,562.73,563.035,288143.0
2024-09-17 18:10:00+00:00,563.03,563.18,562.44,562.5,312675.0
2024-09-17 18:15:00+00:00,562.53,562.87,562.42,562.6,213367.0
2024-09-17 18:20:00+00:00,562.57,563.0699,562.41,562.99,383611.0
2024-09-17 18:25:00+00:00,562.94,563.0074,562.25,562.63,247451.0
2024-09-17 18:30:00+00:00,562.6201,562.76,562.2,562.592,250957.0
2024-09-17 18:35:00+00:00,562.58,562.77,562.54,562.69,118908.0
2024-09-17 18:40:00+00:00,562.67,562.8899,562.53,562.72,217855.0
2024-09-17 18:45:00+00:00,562.69,562.77,561.33,561.7703,723468.0
2024-09-17 18:50:00+00:00,561.78,561.87,561.37,561.84,506410.0
2024-09-17 18:55:00+00:00,561.84,562.17,561.64,562.025,390720.0
2024-09-17 19:00:00+00:00,562.02,562.3882,561.85,561.85,316351.0
2024-09-17 19:05:00+00:00,561.86,562.11,561.66,562.075,328505.0
2024-09-17 19:10:00+00:00,562.07,562.4,561.97,562.37,304511.0
2024-09-17 19:15:00+00:00,562.36,562.45,562.0,562.16,523494.0
2024-09-17 19:20:00+00:00,562.15,562.17,561.33,561.5,431733.0
2024-09-17 19:25:00+00:00,561.51,562.21,561.51,562.182,474241.0
2024-09-17 19:30:00+00:00,562.17,562.31,561.83,562.05,360283.0
2024-09-17 19:35:00+00:00,562.0401,562.24,561.715,562.21,446127.0
2024-09-17 19:40:00+00:00,562.21,562.39,561.87,561.92,563042.0
2024-09-17 19:45:00+00:00,561.91,562.435,561.89,562.36,1092538.0
2024-09-17 19:50:00+00:00,562.39,562.75,562.0007,562.7,1677174.0
2024-09-17 19:55:00+00:00,562.7,563.17,562.49,563.1,2619255.0
2024-09-17 20:00:00+00:00,563.14,563.26,562.92,563.18,987421.0
2024-09-17 20:05:00+00:00,563.17,563.24,562.909,563.09,427338.0
2024-09-17 20:10:00+00:00,563.12,563.17,563.07,563.15,1759009.0
2024-09-17 20:15:00+00:00,563.19,563.46,563.19,563.46,169872.0
2024-09-17 20:20:00+00:00,563.46,563.48,563.33,563.33,44463.0
2024-09-17 20:25:00+00:00,563.38,563.5,562.909,563.43,1229870.0
2024-09-17 20:30:00+00:00,563.45,563.53,562.909,563.39,1458312.0
2024-09-17 20:35:00+00:00,563.44,563.44,563.3,563.31,18842.0
2024-09-17 20:40:00+00:00,563.34,563.36,563.2901,563.35,847051.0
2024-09-17 20:45:00+00:00,563.35,563.35,563.2,563.2,11904.0
2024-09-17 20:50:00+00:00,563.2282,563.2282,563.15,563.2,25409.0
2024-09-17 20:55:00+00:00,563.15,563.18,563.08,563.14,8090.0
2024-09-17 21:00:00+00:00,563.1,563.1,563.07,563.07,4309.0
2024-09-17 21:05:00+00:00,563.15,563.15,562.98,562.99,25966.0
2024-09-17 21:10:00+00:00,562.99,562.99,562.98,562.99,16060.0
2024-09-17 21:15:00+00:00,562.99,562.99,562.98,562.98,13416.0
2024-09-17 21:20:00+00:00,562.99,562.99,562.99,562.99,16046.0
2024-09-17 21:25:00+00:00,562.99,563.05,562.99,563.05,15384.0
2024-09-17 21:30:00+00:00,563.0808,563.1055,563.0808,563.1055,1487.0
2024-09-17 21:35:00+00:00,563.1,563.1,563.0715,563.0758,884.0
2024-09-17 21:40:00+00:00,563.07,563.08,563.06,563.06,2422.0
2024-09-17 21:45:00+00:00,563.05,563.05,563.02,563.02,1241.0
2024-09-17 21:50:00+00:00,563.05,563.05,563.03,563.03,13360.0
2024-09-17 21:55:00+00:00,563.05,563.05,563.02,563.02,6744.0
2024-09-17 22:00:00+00:00,563.07,563.1,562.96,562.96,13434.0
2024-09-17 22:05:00+00:00,563.0132,563.0132,562.99,563.0,37171.0
2024-09-17 22:10:00+00:00,563.01,563.13,563.01,563.13,2643.0
2024-09-17 22:15:00+00:00,563.13,563.13,563.13,563.13,183.0
2024-09-17 22:20:00+00:00,563.21,563.3,563.21,563.3,3422.0
2024-09-17 22:25:00+00:00,563.27,563.28,563.26,563.28,23900.0
2024-09-17 22:30:00+00:00,563.28,563.33,563.28,563.33,4043.0
2024-09-17 22:35:00+00:00,563.24,563.25,563.2,563.2,626.0
2024-09-17 22:40:00+00:00,563.1,563.1501,563.1,563.1501,427.0
2024-09-17 22:45:00+00:00,563.19,563.19,563.19,563.19,1062.0
2024-09-17 22:50:00+00:00,563.22,563.24,563.18,563.21,1098.0
2024-09-17 22:55:00+00:00,563.22,563.22,563.22,563.22,178.0
2024-09-17 23:00:00+00:00,563.15,563.15,563.15,563.15,107.0
2024-09-17 23:05:00+00:00,563.12,563.12,563.05,563.05,2874.0
2024-09-17 23:10:00+00:00,563.05,563.07,563.05,563.07,1543.0
2024-09-17 23:20:00+00:00,563.17,563.17,563.17,563.17,446.0
2024-09-17 23:25:00+00:00,563.16,563.19,563.14,563.1875,844.0
2024-09-17 23:30:00+00:00,563.18,563.22,563.18,563.22,669.0
2024-09-17 23:35:00+00:00,563.25,563.47,563.25,563.47,2376.0
2024-09-17 23:40:00+00:00,563.5,563.51,563.453,563.51,1324.0
2024-09-17 23:45:00+00:00,563.49,563.49,563.43,563.43,5955.0
2024-09-17 23:50:00+00:00,563.47,563.53,563.44,563.5289,24700.0
2024-09-17 23:55:00+00:00,563.528,563.53,563.45,563.46,7936.0
2024-09-18 08:00:00+00:00,563.27,563.27,563.12,563.23,3031.0
2024-09-18 08:05:00+00:00,563.1,563.12,563.01,563.02,2877.0
2024-09-18 08:10:00+00:00,563.01,563.01,562.95,562.98,22157.0
2024-09-18 08:15:00+00:00,562.98,563.19,562.95,563.19,4805.0
2024-09-18 08:20:00+00:00,563.24,563.24,563.1,563.1,391.0
2024-09-18 08:25:00+00:00,563.08,563.08,562.94,562.94,1244.0
2024-09-18 08:30:00+00:00,562.91,563.07,562.91,563.07,1055.0
2024-09-18 08:35:00+00:00,563.08,563.08,563.08,563.08,168.0
2024-09-18 08:40:00+00:00,562.99,562.99,562.99,562.99,122.0
2024-09-18 08:45:00+00:00,563.03,563.03,563.0,563.0,930.0
2024-09-18 08:50:00+00:00,563.28,563.31,563.28,563.31,490.0
2024-09-18 08:55:00+00:00,563.37,563.37,563.37,563.37,110.0
2024-09-18 09:05:00+00:00,563.36,563.36,563.36,563.36,289.0
2024-09-18 09:15:00+00:00,563.35,563.41,563.31,563.41,549.0
2024-09-18 09:25:00+00:00,563.46,563.51,563.46,563.51,738.0
2024-09-18 09:35:00+00:00,563.69,563.71,563.69,563.7,821.0
2024-09-18 09:40:00+00:00,563.73,563.73,563.73,563.73,397.0
2024-09-18 09:55:00+00:00,563.81,563.92,563.81,563.92,778.0
2024-09-18 10:00:00+00:00,563.85,563.85,563.8,563.8,794.0
2024-09-18 10:05:00+00:00,563.83,563.83,563.82,563.82,1298.0
2024-09-18 10:10:00+00:00,563.83,563.83,563.69,563.69,435.0
2024-09-18 10:15:00+00:00,563.71,563.73,563.66,563.72,14761.0
2024-09-18 10:20:00+00:00,563.84,563.84,563.77,563.78,1608.0
2024-09-18 10:25:00+00:00,563.8,563.84,563.8,563.83,1350.0
2024-09-18 10:30:00+00:00,563.82,563.82,563.82,563.82,273.0
2024-09-18 10:35:00+00:00,563.93,563.97,563.93,563.97,1130.0
2024-09-18 10:40:00+00:00,563.87,563.9,563.87,563.9,701.0
2024-09-18 10:45:00+00:00,563.85,563.85,563.85,563.85,193.0
2024-09-18 10:50:00+00:00,563.81,563.83,563.78,563.83,896.0
2024-09-18 10:55:00+00:00,563.84,563.84,563.84,563.84,636.0
2024-09-18 11:00:00+00:00,563.84,563.84,563.63,563.64,39932.0
2024-09-18 11:05:00+00:00,563.8,563.87,563.75,563.87,5111.0
2024-09-18 11:10:00+00:00,563.86,563.89,563.86,563.87,3525.0
2024-09-18 11:15:00+00:00,563.87,563.92,563.87,563.92,3357.0
2024-09-18 11:20:00+00:00,563.95,563.95,563.95,563.95,364.0
2024-09-18 11:25:00+00:00,563.74,563.76,563.74,563.76,627.0
2024-09-18 11:30:00+00:00,563.84,563.91,563.84,563.84,1260.0
2024-09-18 11:35:00+00:00,563.81,563.81,563.81,563.81,140.0
2024-09-18 11:40:00+00:00,563.8,563.8,563.52,563.52,2008.0
2024-09-18 11:45:00+00:00,563.55,563.6,563.52,563.52,2390.0
2024-09-18 11:50:00+00:00,563.55,563.55,563.47,563.47,4379.0
2024-09-18 11:55:00+00:00,563.461,563.47,563.45,563.45,2745.0
2024-09-18 12:00:00+00:00,563.86,564.0,563.21,563.3,42205.0
2024-09-18 12:05:00+00:00,563.31,563.38,563.11,563.37,19604.0
2024-09-18 12:10:00+00:00,563.36,563.36,562.94,563.0085,11322.0
2024-09-18 12:15:00+00:00,563.01,563.28,562.95,563.258,13045.0
2024-09-18 12:20:00+00:00,563.21,563.49,563.21,563.47,4500.0
2024-09-18 12:25:00+00:00,563.49,563.54,563.39,563.51,8537.0
2024-09-18 12:30:00+00:00,563.51,563.73,563.51,563.73,9826.0
2024-09-18 12:35:00+00:00,563.71,564.07,563.7,564.05,25197.0
2024-09-18 12:40:00+00:00,564.06,564.1,563.98,564.0,17699.0
2024-09-18 12:45:00+00:00,564.05,564.05,563.73,563.76,8039.0
2024-09-18 12:50:00+00:00,563.83,563.91,563.77,563.85,3559.0
2024-09-18 12:55:00+00:00,563.75,563.75,563.74,563.75,1898.0
2024-09-18 13:00:00+00:00,563.97,564.01,563.93,563.95,11862.0
2024-09-18 13:05:00+00:00,563.91,563.95,563.74,563.871,10132.0
2024-09-18 13:10:00+00:00,563.85,563.97,563.85,563.9,4260.0
2024-09-18 13:15:00+00:00,563.95,563.95,563.84,563.86,8839.0
2024-09-18 13:20:00+00:00,563.84,563.94,563.84,563.9,9429.0
2024-09-18 13:25:00+00:00,563.89,563.92,563.61,563.71,60846.0
2024-09-18 13:30:00+00:00,563.74,563.93,562.7,562.77,898352.0
2024-09-18 13:35:00+00:00,562.78,563.13,562.68,563.09,325212.0
2024-09-18 13:40:00+00:00,563.06,563.461,563.03,563.315,447588.0
2024-09-18 13:45:00+00:00,563.31,563.35,562.93,563.08,363325.0
2024-09-18 13:50:00+00:00,563.07,563.1798,562.53,562.805,474473.0
2024-09-18 13:55:00+00:00,562.8,563.03,562.69,563.0,338573.0
2024-09-18 14:00:00+00:00,563.02,563.26,562.86,563.18,408264.0
2024-09-18 14:05:00+00:00,563.175,563.2499,562.67,562.91,546933.0
2024-09-18 14:10:00+00:00,562.92,562.9703,562.13,562.78,488742.0
2024-09-18 14:15:00+00:00,562.79,563.16,562.4315,562.49,487112.0
2024-09-18 14:20:00+00:00,562.57,562.71,562.33,562.5601,193101.0
2024-09-18 14:25:00+00:00,562.56,563.2,562.4001,563.13,250272.0
2024-09-18 14:30:00+00:00,563.12,563.19,562.44,562.51,224490.0
2024-09-18 14:35:00+00:00,562.51,562.91,562.42,562.86,226817.0
2024-09-18 14:40:00+00:00,562.86,563.335,562.7723,563.175,257935.0
2024-09-18 14:45:00+00:00,563.2,563.35,563.0,563.1,228545.0
2024-09-18 14:50:00+00:00,563.08,563.09,562.67,563.011,219558.0
2024-09-18 14:55:00+00:00,563.03,563.075,562.6305,562.8,171394.0
2024-09-18 15:00:00+00:00,562.79,563.12,562.72,562.98,336115.0
2024-09-18 15:05:00+00:00,563.02,563.16,562.67,562.84,129466.0
2024-09-18 15:10:00+00:00,562.82,562.82,562.48,562.7,324300.0
2024-09-18 15:15:00+00:00,562.72,562.73,562.49,562.68,326375.0
2024-09-18 15:20:00+00:00,562.66,562.71,562.31,562.34,274935.0
2024-09-18 15:25:00+00:00,562.36,562.83,562.25,562.76,267125.0
2024-09-18 15:30:00+00:00,562.75,562.77,562.2,562.36,322621.0
2024-09-18 15:35:00+00:00,562.365,562.54,562.21,562.27,506707.0
2024-09-18 15:40:00+00:00,562.27,562.3,562.04,562.09,218970.0
2024-09-18 15:45:00+00:00,562.09,562.145,561.55,561.7401,601196.0
2024-09-18 15:50:00+00:00,561.7501,561.9799,561.61,561.81,170075.0
2024-09-18 15:55:00+00:00,561.82,562.0,561.62,561.6406,349167.0
2024-09-18 16:00:00+00:00,561.63,561.84,561.34,561.4399,512303.0
2024-09-18 16:05:00+00:00,561.4385,561.8,561.41,561.79,368969.0
2024-09-18 16:10:00+00:00,561.75,562.359797,561.75,562.32,212227.0
2024-09-18 16:15:00+00:00,562.3101,562.68,562.26,562.55,359191.0
2024-09-18 16:20:00+00:00,562.535,562.77,562.51,562.6,145340.0
2024-09-18 16:25:00+00:00,562.59,563.07,562.57,563.003179,302352.0
2024-09-18 16:30:00+00:00,563.019,563.1,562.9,563.0,134343.0
2024-09-18 16:35:00+00:00,563.02,563.1555,562.95,563.05,283457.0
2024-09-18 16:40:00+00:00,563.0605,563.15,562.81,563.05,416413.0
2024-09-18 16:45:00+00:00,563.04,563.29,562.99,563.21,598447.0
2024-09-18 16:50:00+00:00,563.2298,563.54,563.2,563.455,215676.0
2024-09-18 16:55:00+00:00,563.46,563.715,563.44,563.62,171258.0
2024-09-18 17:00:00+00:00,563.63,563.68,563.5,563.5751,308103.0
2024-09-18 17:05:00+00:00,563.59,563.66,563.425,563.5558,275273.0
2024-09-18 17:10:00+00:00,563.54,563.7,563.515,563.58,126964.0
2024-09-18 17:15:00+00:00,563.6,563.63,563.3,563.4601,195778.0
2024-09-18 17:20:00+00:00,563.47,563.56,563.0105,563.11,222366.0
2024-09-18 17:25:00+00:00,563.11,563.73,563.11,563.72,286720.0
2024-09-18 17:30:00+00:00,563.71,564.18,563.71,564.1,253980.0
2024-09-18 17:35:00+00:00,564.1,564.275,563.2,563.44,413401.0
2024-09-18 17:40:00+00:00,563.45,563.59,563.31,563.5826,186338.0
2024-09-18 17:45:00+00:00,563.6,563.79,563.22,563.28,252853.0
2024-09-18 17:50:00+00:00,563.28,563.33,562.85,563.07,305682.0
2024-09-18 17:55:00+00:00,563.08,563.47,562.85,563.15,391730.0
2024-09-18 18:00:00+00:00,563.14,568.69,561.8,565.79,5294263.0
2024-09-18 18:05:00+00:00,565.73,566.77,564.6,565.3999,1890131.0
2024-09-18 18:10:00+00:00,565.38,565.52,562.88,564.15,1912930.0
2024-09-18 18:15:00+00:00,564.2,566.22,564.15,565.71,1826569.0
2024-09-18 18:20:00+00:00,565.71,566.37,564.94,565.51,716473.0
2024-09-18 18:25:00+00:00,565.51,565.97,564.7,565.9,615461.0
2024-09-18 18:30:00+00:00,565.93,566.98,565.77,566.939,767153.0
2024-09-18 18:35:00+00:00,566.94,566.98,564.35,565.6,1468177.0
2024-09-18 18:40:00+00:00,565.6,565.91,563.46,563.75,1638512.0
2024-09-18 18:45:00+00:00,563.73,565.68,563.37,565.07,1130157.0
2024-09-18 18:50:00+00:00,565.01,566.075,564.72,565.6,816109.0
2024-09-18 18:55:00+00:00,565.5,566.06,563.77,563.79,915472.0
2024-09-18 19:00:00+00:00,563.81,563.85,562.17,562.88,1395606.0
2024-09-18 19:05:00+00:00,562.86,562.86,561.61,562.3899,1326383.0
2024-09-18 19:10:00+00:00,562.39,564.83,561.97,564.58,1372985.0
2024-09-18 19:15:00+00:00,564.57,564.65,563.81,564.4119,872934.0
2024-09-18 19:20:00+00:00,564.45,564.54,561.81,563.82,1188899.0
2024-09-18 19:25:00+00:00,563.79,565.86,563.76,564.94,926794.0
2024-09-18 19:30:00+00:00,564.94,565.53,562.97,563.38,875964.0
2024-09-18 19:35:00+00:00,563.42,564.22,562.56,563.4,967694.0
2024-09-18 19:40:00+00:00,563.34,563.71,561.73,561.79,943047.0
2024-09-18 19:45:00+00:00,561.8,562.43,560.83,561.3,1661736.0
2024-09-18 19:50:00+00:00,561.28,562.35,560.95,561.65,1159785.0
2024-09-18 19:55:00+00:00,561.73,562.22,561.06,561.33,2908128.0
2024-09-18 20:00:00+00:00,561.35,561.97,561.05,561.92,840736.0
2024-09-18 20:05:00+00:00,561.93,562.63,561.4,562.48,959835.0
2024-09-18 20:10:00+00:00,562.5,562.53,562.21,562.32,332657.0
2024-09-18 20:15:00+00:00,562.36,562.86,562.3,562.73,1012398.0
2024-09-18 20:20:00+00:00,562.8,562.8015,562.5,562.54,97330.0
2024-09-18 20:25:00+00:00,562.63,562.65,562.47,562.56,21428.0
2024-09-18 20:30:00+00:00,562.59,562.72,562.55,562.63,67606.0
2024-09-18 20:35:00+00:00,562.64,562.8,562.49,562.49,843289.0
2024-09-18 20:40:00+00:00,562.42,562.42,562.05,562.2,69078.0
2024-09-18 20:45:00+00:00,562.28,562.32,562.01,562.32,45301.0
2024-09-18 20:50:00+00:00,562.39,562.42,562.1,562.197,11310.0
2024-09-18 20:55:00+00:00,562.2,562.34,562.12,562.2835,10953.0
2024-09-18 21:00:00+00:00,562.2,562.2,562.2,562.2,3698.0
2024-09-18 21:05:00+00:00,562.19,562.37,562.19,562.33,20205.0
2024-09-18 21:10:00+00:00,562.4,562.5,562.37,562.3723,19529.0
2024-09-18 21:15:00+00:00,562.48,562.48,562.31,562.31,4876.0
2024-09-18 21:20:00+00:00,562.48,562.5,562.45,562.45,7118.0
2024-09-18 21:25:00+00:00,562.45,562.49,562.36,562.49,1848.0
2024-09-18 21:30:00+00:00,562.49,562.5,562.49,562.4994,3234.0
2024-09-18 21:35:00+00:00,562.37,562.5,562.36,562.5,13121.0
2024-09-18 21:40:00+00:00,562.45,562.5,562.45,562.45,8382.0
2024-09-18 21:45:00+00:00,562.35,562.55,562.35,562.52,21230.0
2024-09-18 21:50:00+00:00,562.51,562.51,562.49,562.49,755.0
2024-09-18 21:55:00+00:00,562.45,562.59,561.4,561.4,34903.0
2024-09-18 22:00:00+00:00,562.48,562.93,562.44,562.93,52195.0
2024-09-18 22:05:00+00:00,562.89,562.89,562.58,562.58,3881.0
2024-09-18 22:10:00+00:00,562.69,562.93,562.649,562.93,15899.0
2024-09-18 22:15:00+00:00,562.9,563.19,562.9,563.19,20231.0
2024-09-18 22:20:00+00:00,563.23,563.26,563.152,563.152,8241.0
2024-09-18 22:25:00+00:00,563.19,563.33,563.17,563.33,12045.0
2024-09-18 22:30:00+00:00,563.36,563.4675,563.25,563.38,6225.0
2024-09-18 22:35:00+00:00,563.45,563.45,563.41,563.42,7199.0
2024-09-18 22:40:00+00:00,563.4,563.45,563.38,563.38,3186.0
2024-09-18 22:45:00+00:00,563.38,563.43,563.19,563.19,5195.0
2024-09-18 22:50:00+00:00,563.17,563.22,563.06,563.12,21173.0
2024-09-18 22:55:00+00:00,563.21,563.21,563.0,563.0314,19396.0
2024-09-18 23:00:00+00:00,563.24,563.4,563.14,563.14,50961.0
2024-09-18 23:05:00+00:00,563.254,563.254,563.254,563.254,242.0
2024-09-18 23:10:00+00:00,563.211,563.22,563.2099,563.2099,559.0
2024-09-18 23:15:00+00:00,563.2,563.2,562.94,563.01,8624.0
2024-09-18 23:20:00+00:00,562.98,562.98,562.64,562.76,8314.0
2024-09-18 23:25:00+00:00,562.8935,562.8935,562.74,562.78,2175.0
2024-09-18 23:30:00+00:00,562.63,562.74,562.6,562.74,2362.0
2024-09-18 23:35:00+00:00,562.75,563.05,562.75,563.05,1006.0
2024-09-18 23:40:00+00:00,563.06,563.06,562.9,562.96,1519.0
2024-09-18 23:45:00+00:00,562.98,563.06,562.85,563.06,2324.0
2024-09-18 23:50:00+00:00,563.06,563.9,563.05,563.9,9810.0
2024-09-18 23:55:00+00:00,563.82,565.13,563.82,565.0,63030.0
2024-09-19 08:00:00+00:00,567.22,568.33,566.22,568.28,13827.0
2024-09-19 08:05:00+00:00,568.26,568.57,568.21,568.25,11474.0
2024-09-19 08:10:00+00:00,568.27,568.74,568.26,568.7,4569.0
2024-09-19 08:15:00+00:00,568.66,568.66,568.32,568.4,5729.0
2024-09-19 08:20:00+00:00,568.52,568.52,568.25,568.25,9369.0
2024-09-19 08:25:00+00:00,568.24,568.45,568.22,568.45,2209.0
2024-09-19 08:30:00+00:00,568.44,568.75,568.44,568.71,4140.0
2024-09-19 08:35:00+00:00,568.64,568.74,568.54,568.67,7250.0
2024-09-19 08:40:00+00:00,568.77,569.0,568.77,568.83,8785.0
2024-09-19 08:45:00+00:00,568.84,568.93,568.74,568.81,8947.0
2024-09-19 08:50:00+00:00,568.95,568.97,568.9,568.92,4569.0
2024-09-19 08:55:00+00:00,569.01,569.02,568.87,568.87,4898.0
2024-09-19 09:00:00+00:00,568.9,569.23,568.86,569.23,10154.0
2024-09-19 09:05:00+00:00,569.39,569.55,569.39,569.45,5262.0
2024-09-19 09:10:00+00:00,569.47,569.73,569.44,569.63,8102.0
2024-09-19 09:15:00+00:00,569.65,569.8,569.6,569.7,9456.0
2024-09-19 09:20:00+00:00,569.78,569.94,569.78,569.87,16156.0
2024-09-19 09:25:00+00:00,569.86,569.86,569.73,569.73,8301.0
2024-09-19 09:30:00+00:00,569.75,569.81,569.64,569.81,8931.0
2024-09-19 09:35:00+00:00,569.95,570.05,569.95,570.02,7320.0
2024-09-19 09:40:00+00:00,569.93,570.0,569.88,569.92,14416.0
2024-09-19 09:45:00+00:00,569.95,570.04,569.88,569.93,839.0
2024-09-19 09:50:00+00:00,569.88,569.95,569.85,569.93,2443.0
2024-09-19 09:55:00+00:00,569.92,569.92,569.87,569.87,1711.0
2024-09-19 10:00:00+00:00,569.95,569.95,569.75,569.8,5155.0
2024-09-19 10:05:00+00:00,569.78,570.25,569.78,570.08,76111.0
2024-09-19 10:10:00+00:00,570.1,570.2,570.05,570.06,6175.0
2024-09-19 10:15:00+00:00,570.0,570.25,570.0,570.22,13705.0
2024-09-19 10:20:00+00:00,570.18,570.32,570.18,570.29,8629.0
2024-09-19 10:25:00+00:00,570.25,570.45,570.25,570.44,27787.0
2024-09-19 10:30:00+00:00,570.44,570.61,570.44,570.61,12232.0
2024-09-19 10:35:00+00:00,570.64,570.65,570.57,570.65,9846.0
2024-09-19 10:40:00+00:00,570.58,570.65,570.42,570.44,8881.0
2024-09-19 10:45:00+00:00,570.51,570.54,570.34,570.43,21538.0
2024-09-19 10:50:00+00:00,570.42,570.65,570.4,570.65,13045.0
2024-09-19 10:55:00+00:00,570.65,570.65,570.46,570.47,8505.0
2024-09-19 11:00:00+00:00,570.47,570.65,570.32,570.32,40709.0
2024-09-19 11:05:00+00:00,570.36,570.45,570.27,570.43,51880.0
2024-09-19 11:10:00+00:00,570.45,570.54,570.24,570.271,24070.0
2024-09-19 11:15:00+00:00,570.25,570.34,570.2,570.33,21434.0
2024-09-19 11:20:00+00:00,570.36,570.45,570.33,570.34,22963.0
2024-09-19 11:25:00+00:00,570.38,570.42,570.32,570.42,7349.0
2024-09-19 11:30:00+00:00,570.38,570.7,570.3,570.66,35959.0
2024-09-19 11:35:00+00:00,570.63,570.72,570.53,570.65,38793.0
2024-09-19 11:40:00+00:00,570.66,571.05,570.66,570.85,70681.0
2024-09-19 11:45:00+00:00,570.79,570.8,570.52,570.59,53093.0
2024-09-19 11:50:00+00:00,570.62,570.65,570.46,570.46,23395.0
2024-09-19 11:55:00+00:00,570.441,570.57,570.41,570.54,19501.0
2024-09-19 12:00:00+00:00,570.48,571.02,566.6,570.49,88575.0
2024-09-19 12:05:00+00:00,570.5,570.5,570.37,570.4,35070.0
2024-09-19 12:10:00+00:00,570.425,570.74,570.35,570.55,57820.0
2024-09-19 12:15:00+00:00,570.55,570.65,570.52,570.58,41046.0
2024-09-19 12:20:00+00:00,570.58,570.58,570.35,570.4425,47056.0
2024-09-19 12:25:00+00:00,570.45,570.49,570.21,570.39,49150.0
2024-09-19 12:30:00+00:00,570.4,570.6,570.32,570.36,154069.0
2024-09-19 12:35:00+00:00,570.42,570.42,570.11,570.17,74224.0
2024-09-19 12:40:00+00:00,570.16,570.29,569.92,570.11,24134.0
2024-09-19 12:45:00+00:00,570.06,570.19,569.91,569.9915,47474.0
2024-09-19 12:50:00+00:00,570.02,570.12,569.97,570.0,37088.0
2024-09-19 12:55:00+00:00,570.0,570.13,569.984,570.0,10850.0
2024-09-19 13:00:00+00:00,569.98,569.98,569.8201,569.85,18626.0
2024-09-19 13:05:00+00:00,569.81,570.26,569.6,570.25,73611.0
2024-09-19 13:10:00+00:00,570.27,570.89,570.22,570.83,98802.0
2024-09-19 13:15:00+00:00,570.79,570.86,570.64,570.83,60576.0
2024-09-19 13:20:00+00:00,570.82,570.83,570.55,570.72,80610.0
2024-09-19 13:25:00+00:00,570.73,571.07,570.65,571.01,110543.0
2024-09-19 13:30:00+00:00,571.01,571.09,570.02,570.03,1887390.0
2024-09-19 13:35:00+00:00,570.055,570.17,569.47,569.87,1221391.0
2024-09-19 13:40:00+00:00,569.88,570.03,569.05,569.17,1008801.0
2024-09-19 13:45:00+00:00,569.17,569.34,568.48,569.17,1467952.0
2024-09-19 13:50:00+00:00,569.19,569.2,568.08,568.67,1236089.0
2024-09-19 13:55:00+00:00,568.71,569.72,568.71,569.58,1214035.0
2024-09-19 14:00:00+00:00,569.61,570.34,569.411,570.0701,702200.0
2024-09-19 14:05:00+00:00,570.08,570.39,569.62,569.72,683509.0
2024-09-19 14:10:00+00:00,569.72,570.35,569.37,570.28,722719.0
2024-09-19 14:15:00+00:00,570.28,570.6599,570.01,570.6489,1004598.0
2024-09-19 14:20:00+00:00,570.645,570.79,570.0,570.34,802576.0
2024-09-19 14:25:00+00:00,570.36,571.38,570.14,571.35,1456192.0
2024-09-19 14:30:00+00:00,571.33,571.89,571.31,571.61,1766668.0
2024-09-19 14:35:00+00:00,571.58,571.8,571.04,571.56,1166863.0
2024-09-19 14:40:00+00:00,571.54,571.545,570.43,570.7799,727229.0
2024-09-19 14:45:00+00:00,570.77,570.79,569.77,570.425,1050029.0
2024-09-19 14:50:00+00:00,570.43,570.54,569.8001,569.93,648617.0
2024-09-19 14:55:00+00:00,569.915,570.175,569.75,569.91,496276.0
2024-09-19 15:00:00+00:00,569.92,570.63,569.56,570.575,797686.0
2024-09-19 15:05:00+00:00,570.575,570.575,569.43,569.88,820715.0
2024-09-19 15:10:00+00:00,569.89,570.54,569.83,570.055,565085.0
2024-09-19 15:15:00+00:00,570.04,570.83,570.03,570.71,480283.0
2024-09-19 15:20:00+00:00,570.72,571.1599,570.72,571.1201,643571.0
2024-09-19 15:25:00+00:00,571.11,571.18,570.74,570.8991,440265.0
2024-09-19 15:30:00+00:00,570.9,571.0371,570.47,570.64,351934.0
2024-09-19 15:35:00+00:00,570.66,570.95,570.63,570.76,258939.0
2024-09-19 15:40:00+00:00,570.73,571.03,570.69,570.78,311307.0
2024-09-19 15:45:00+00:00,570.78,571.1699,570.73,571.06,238982.0
2024-09-19 15:50:00+00:00,571.05,571.08,570.05,570.46,449033.0
2024-09-19 15:55:00+00:00,570.46,570.55,570.1,570.4,297616.0
2024-09-19 16:00:00+00:00,570.4,571.27,570.3392,571.2301,287814.0
2024-09-19 16:05:00+00:00,571.23,571.37,571.12,571.35,1041604.0
2024-09-19 16:10:00+00:00,571.34,571.39,570.81,571.02,363624.0
2024-09-19 16:15:00+00:00,571.0101,571.71,570.84,571.52,416454.0
2024-09-19 16:20:00+00:00,571.525,571.72,571.2,571.43,234280.0
2024-09-19 16:25:00+00:00,571.41,571.82,571.3301,571.68,259941.0
2024-09-19 16:30:00+00:00,571.67,572.048,571.59,571.73,1907888.0
2024-09-19 16:35:00+00:00,571.71,571.79,571.5501,571.71,210353.0
2024-09-19 16:40:00+00:00,571.71,571.8392,571.55,571.78,237353.0
2024-09-19 16:45:00+00:00,571.78,572.0399,571.66,571.79,345085.0
2024-09-19 16:50:00+00:00,571.79,571.92,571.68,571.8389,251402.0
2024-09-19 16:55:00+00:00,571.835,571.84,571.19,571.5,702350.0
2024-09-19 17:00:00+00:00,571.5,571.78,571.3599,571.68,351281.0
2024-09-19 17:05:00+00:00,571.69,571.83,571.45,571.71,305760.0
2024-09-19 17:10:00+00:00,571.71,571.738,571.3,571.64,280685.0
2024-09-19 17:15:00+00:00,571.6195,572.06,571.4874,571.955,365943.0
2024-09-19 17:20:00+00:00,571.98,572.085,571.52,571.67,383214.0
2024-09-19 17:25:00+00:00,571.655,571.99,571.655,571.8599,318145.0
2024-09-19 17:30:00+00:00,571.855,572.15,571.855,572.06,219560.0
2024-09-19 17:35:00+00:00,572.07,572.29,571.98,572.26,829030.0
2024-09-19 17:40:00+00:00,572.27,572.58,572.18,572.5501,449251.0
2024-09-19 17:45:00+00:00,572.57,572.87,572.51,572.64,520832.0
2024-09-19 17:50:00+00:00,572.63,572.88,572.49,572.775,386713.0
2024-09-19 17:55:00+00:00,572.78,572.82,572.45,572.5,290645.0
2024-09-19 18:00:00+00:00,572.49,572.71,572.42,572.71,670819.0
2024-09-19 18:05:00+00:00,572.71,572.74,572.16,572.22,616175.0
2024-09-19 18:10:00+00:00,572.1901,572.21,571.82,571.865,443821.0
2024-09-19 18:15:00+00:00,571.865,571.87,570.89,571.38,815209.0
2024-09-19 18:20:00+00:00,571.382,571.7,571.27,571.65,470812.0
2024-09-19 18:25:00+00:00,571.65,572.04,571.34,572.0,633328.0
2024-09-19 18:30:00+00:00,572.0,572.07,571.63,571.8199,368941.0
2024-09-19 18:35:00+00:00,571.82,572.24,571.73,572.17,518674.0
2024-09-19 18:40:00+00:00,572.17,572.25,572.01,572.11,561348.0
2024-09-19 18:45:00+00:00,572.09,572.14,571.485,571.53,1169940.0
2024-09-19 18:50:00+00:00,571.53,571.65,571.0609,571.5775,624215.0
2024-09-19 18:55:00+00:00,571.57,571.945,571.4,571.92,994250.0
2024-09-19 19:00:00+00:00,571.92,572.11,571.48,572.04,641869.0
2024-09-19 19:05:00+00:00,572.03,572.03,571.52,571.69,1075696.0
2024-09-19 19:10:00+00:00,571.7,571.85,571.35,571.41,546166.0
2024-09-19 19:15:00+00:00,571.405,571.7,571.1,571.24,664600.0
2024-09-19 19:20:00+00:00,571.24,571.68,570.67,571.6143,648689.0
2024-09-19 19:25:00+00:00,571.61,571.65,570.9,571.17,628686.0
2024-09-19 19:30:00+00:00,571.17,571.17,570.63,571.05,632160.0
2024-09-19 19:35:00+00:00,571.04,571.37,571.02,571.345,742532.0
2024-09-19 19:40:00+00:00,571.32,571.66,570.97,571.07,1047908.0
2024-09-19 19:45:00+00:00,571.06,571.78,570.96,571.61,2397597.0
2024-09-19 19:50:00+00:00,571.6,571.6,570.35,570.9415,2588753.0
2024-09-19 19:55:00+00:00,570.94,571.57,570.53,570.92,6072566.0
2024-09-19 20:00:00+00:00,570.92,571.0,570.6,570.65,1081191.0
2024-09-19 20:05:00+00:00,570.6597,570.78,570.6,570.72,450366.0
2024-09-19 20:10:00+00:00,570.72,570.98,570.43,570.45,6304330.0
2024-09-19 20:15:00+00:00,570.44,570.71,570.44,570.66,102929.0
2024-09-19 20:20:00+00:00,570.65,570.76,570.59,570.69,57510.0
2024-09-19 20:25:00+00:00,570.69,570.79,570.69,570.77,24732.0
2024-09-19 20:30:00+00:00,570.77,570.81,570.73,570.76,41096.0
2024-09-19 20:35:00+00:00,570.72,570.815,570.72,570.805,32040.0
2024-09-19 20:40:00+00:00,570.79,570.81,570.77,570.78,16133.0
2024-09-19 20:45:00+00:00,570.76,570.7798,570.71,570.75,10447.0
2024-09-19 20:50:00+00:00,570.74,570.76,570.56,570.61,16029.0
2024-09-19 20:55:00+00:00,570.58,570.58,570.47,570.47,12442.0
2024-09-19 21:00:00+00:00,570.55,570.55,570.52,570.55,2413.0
2024-09-19 21:05:00+00:00,570.57,570.74,570.57,570.73,12170.0
2024-09-19 21:10:00+00:00,570.73,570.74,570.63,570.69,4151.0
2024-09-19 21:15:00+00:00,570.69,570.69,570.62,570.62,155314.0
2024-09-19 21:20:00+00:00,570.64,570.64,570.62,570.62,2309.0
2024-09-19 21:25:00+00:00,570.6103,570.6103,570.6103,570.6103,162.0
2024-09-19 21:30:00+00:00,570.64,570.65,570.64,570.65,2578.0
2024-09-19 21:35:00+00:00,570.65,570.66,570.55,570.55,2451.0
2024-09-19 21:40:00+00:00,570.52,570.62,570.5,570.6,7939.0
2024-09-19 21:45:00+00:00,570.6095,570.6095,570.54,570.56,6761.0
2024-09-19 21:50:00+00:00,570.56,570.57,570.55,570.57,5045.0
2024-09-19 21:55:00+00:00,570.61,570.66,570.61,570.66,5070.0
2024-09-19 22:00:00+00:00,570.68,570.78,570.58,570.7,23574.0
2024-09-19 22:05:00+00:00,570.75,570.79,570.69,570.7,11359.0
2024-09-19 22:10:00+00:00,570.84,570.85,570.79,570.8193,7918.0
2024-09-19 22:15:00+00:00,570.76,570.76,570.47,570.51,29288.0
2024-09-19 22:20:00+00:00,570.51,570.58,570.5,570.58,6353.0
2024-09-19 22:25:00+00:00,570.69,570.707,570.68,570.68,5968.0
2024-09-19 22:30:00+00:00,570.7,570.7,570.56,570.56,1531.0
2024-09-19 22:35:00+00:00,570.56,570.56,570.22,570.23,9216.0
2024-09-19 22:40:00+00:00,570.28,570.32,570.23,570.29,3597.0
2024-09-19 22:45:00+00:00,570.25,570.3097,570.15,570.15,5758.0
2024-09-19 22:50:00+00:00,570.2,570.3,570.2,570.28,1500.0
2024-09-19 22:55:00+00:00,570.31,570.41,570.31,570.41,6468.0
2024-09-19 23:00:00+00:00,570.38,570.38,570.38,570.38,405.0
2024-09-19 23:05:00+00:00,570.34,570.35,570.32,570.33,2160.0
2024-09-19 23:10:00+00:00,570.44,570.49,570.44,570.47,2040.0
2024-09-19 23:15:00+00:00,570.47,570.47,570.47,570.47,461.0
2024-09-19 23:20:00+00:00,570.42,570.42,570.42,570.42,252.0
2024-09-19 23:25:00+00:00,570.4,570.45,570.4,570.45,6196.0
2024-09-19 23:30:00+00:00,570.49,570.6,570.49,570.57,2308.0
2024-09-19 23:35:00+00:00,570.5,570.57,570.5,570.57,1274.0
2024-09-19 23:40:00+00:00,570.55,570.6,570.55,570.5602,928.0
2024-09-19 23:45:00+00:00,570.61,570.64,570.6,570.64,1992.0
2024-09-19 23:50:00+00:00,570.49,570.5,570.33,570.33,9284.0
2024-09-19 23:55:00+00:00,570.3,570.3,570.19,570.25,3523.0
2024-09-20 08:00:00+00:00,568.99,569.0,568.58,568.65,11884.0
2024-09-20 08:05:00+00:00,568.68,568.94,568.64,568.85,7275.0
2024-09-20 08:10:00+00:00,568.75,568.77,568.61,568.68,5738.0
2024-09-20 08:15:00+00:00,568.72,568.72,568.61,568.61,868.0
2024-09-20 08:20:00+00:00,568.57,568.57,568.35,568.4,8879.0
2024-09-20 08:25:00+00:00,568.32,568.39,568.15,568.16,3559.0
2024-09-20 08:30:00+00:00,568.1,568.16,568.09,568.16,1014.0
2024-09-20 08:35:00+00:00,568.13,568.25,568.11,568.23,2787.0
2024-09-20 08:40:00+00:00,568.37,568.37,568.27,568.27,2030.0
2024-09-20 08:45:00+00:00,568.45,568.45,568.45,568.45,200.0
2024-09-20 08:50:00+00:00,568.33,568.46,568.27,568.27,6426.0
2024-09-20 08:55:00+00:00,568.25,568.25,568.25,568.25,306.0
2024-09-20 09:00:00+00:00,568.34,568.49,568.3,568.49,4140.0
2024-09-20 09:05:00+00:00,568.44,568.44,568.44,568.44,105.0
2024-09-20 09:10:00+00:00,568.43,568.56,568.43,568.56,701.0
2024-09-20 09:15:00+00:00,568.49,568.55,568.49,568.54,753.0
2024-09-20 09:20:00+00:00,568.7,568.7,568.44,568.44,544.0
2024-09-20 09:25:00+00:00,568.49,568.49,568.43,568.43,489.0
2024-09-20 09:30:00+00:00,568.25,568.25,568.25,568.25,212.0
2024-09-20 09:35:00+00:00,568.28,568.28,568.18,568.2,2505.0
2024-09-20 09:40:00+00:00,568.09,568.09,568.09,568.09,302.0
2024-09-20 09:45:00+00:00,568.1,568.21,568.1,568.21,1467.0
2024-09-20 09:50:00+00:00,568.25,568.26,568.24,568.26,1172.0
2024-09-20 09:55:00+00:00,568.27,568.27,568.27,568.27,305.0
2024-09-20 10:00:00+00:00,568.23,568.23,568.15,568.15,1663.0
2024-09-20 10:05:00+00:00,568.15,568.18,568.01,568.18,3427.0
2024-09-20 10:10:00+00:00,568.24,568.47,568.23,568.25,2194.0
2024-09-20 10:20:00+00:00,568.41,568.46,568.41,568.46,1099.0
2024-09-20 10:25:00+00:00,568.5,568.53,568.42,568.42,7225.0
2024-09-20 10:30:00+00:00,568.26,568.31,568.26,568.31,1323.0
2024-09-20 10:35:00+00:00,568.37,568.37,568.31,568.31,1477.0
2024-09-20 10:40:00+00:00,568.42,568.42,568.4,568.4,657.0
2024-09-20 10:45:00+00:00,568.15,568.15,568.11,568.11,399.0
2024-09-20 10:50:00+00:00,568.01,568.13,567.96,567.96,3660.0
2024-09-20 10:55:00+00:00,567.91,567.96,567.83,567.96,1566.0
2024-09-20 11:00:00+00:00,567.97,568.12,567.97,568.09,9649.0
2024-09-20 11:05:00+00:00,568.05,568.05,567.89,567.89,10054.0
2024-09-20 11:10:00+00:00,567.87,567.91,567.72,567.91,10738.0
2024-09-20 11:15:00+00:00,567.83,567.91,567.83,567.88,3474.0
2024-09-20 11:20:00+00:00,568.0,568.02,567.83,567.85,6294.0
2024-09-20 11:25:00+00:00,567.86,567.94,567.74,567.75,9602.0
2024-09-20 11:30:00+00:00,567.79,567.85,567.73,567.76,39520.0
2024-09-20 11:35:00+00:00,567.7,567.74,567.69,567.74,26149.0
2024-09-20 11:40:00+00:00,567.79,568.0,567.79,567.9,12978.0
2024-09-20 11:45:00+00:00,567.82,568.04,567.82,568.01,32587.0
2024-09-20 11:50:00+00:00,567.98,568.06,567.85,567.91,13964.0
2024-09-20 11:55:00+00:00,567.91,568.17,567.91,568.14,15517.0
2024-09-20 12:00:00+00:00,568.09,569.1,567.7497,568.44,73687.0
2024-09-20 12:05:00+00:00,568.42,568.55,568.3,568.55,19084.0
2024-09-20 12:10:00+00:00,568.61,568.64,568.46,568.59,11351.0
2024-09-20 12:15:00+00:00,568.64,568.74,568.49,568.63,9374.0
2024-09-20 12:20:00+00:00,568.58,568.79,568.5125,568.78,8341.0
2024-09-20 12:25:00+00:00,568.73,568.8,568.6,568.63,8346.0
2024-09-20 12:30:00+00:00,568.63,568.91,568.63,568.85,7019.0
2024-09-20 12:35:00+00:00,568.82,568.9,568.71,568.88,12394.0
2024-09-20 12:40:00+00:00,568.87,569.06,568.87,568.99,39037.0
2024-09-20 12:45:00+00:00,569.0,569.09,568.87,569.05,16794.0
2024-09-20 12:50:00+00:00,569.04,569.05,568.74,568.8,40600.0
2024-09-20 12:55:00+00:00,568.8,568.97,568.8,568.97,67992.0
2024-09-20 13:00:00+00:00,568.93,568.94,568.39,568.39,70323.0
2024-09-20 13:05:00+00:00,568.39,568.39,567.78,567.97,51040.0
2024-09-20 13:10:00+00:00,568.04,568.25,567.76,568.21,62969.0
2024-09-20 13:15:00+00:00,568.2,568.2,567.82,567.9,40121.0
2024-09-20 13:20:00+00:00,567.92,568.02,567.73,567.8,76980.0
2024-09-20 13:25:00+00:00,567.79,568.0,567.69,567.86,203209.0
2024-09-20 13:30:00+00:00,567.84,568.23,567.6,567.99,1681158.0
2024-09-20 13:35:00+00:00,567.99,568.4958,567.92,568.3,948812.0
2024-09-20 13:40:00+00:00,568.3,568.39,567.78,567.85,616146.0
2024-09-20 13:45:00+00:00,567.84,568.03,567.52,567.6,655524.0
2024-09-20 13:50:00+00:00,567.61,568.1,567.55,567.613,475810.0
2024-09-20 13:55:00+00:00,567.6,567.76,566.93,567.149,662044.0
2024-09-20 14:00:00+00:00,567.07,567.35,566.75,567.19,645401.0
2024-09-20 14:05:00+00:00,567.18,567.36,567.01,567.13,377365.0
2024-09-20 14:10:00+00:00,567.125,567.27,566.41,566.59,515694.0
2024-09-20 14:15:00+00:00,566.58,567.32,566.55,567.19,579010.0
2024-09-20 14:20:00+00:00,567.1921,567.54,567.13,567.425,574646.0
2024-09-20 14:25:00+00:00,567.42,567.64,567.19,567.22,505971.0
2024-09-20 14:30:00+00:00,567.23,567.54,566.78,567.36,546345.0
2024-09-20 14:35:00+00:00,567.34,567.76,566.96,567.59,3074918.0
2024-09-20 14:40:00+00:00,567.57,567.63,567.11,567.41,370701.0
2024-09-20 14:45:00+00:00,567.41,567.47,566.95,567.0799,328877.0
2024-09-20 14:50:00+00:00,567.05,567.26,566.48,566.6,350630.0
2024-09-20 14:55:00+00:00,566.59,566.68,566.26,566.395,5762657.0
2024-09-20 15:00:00+00:00,566.4,567.7406,566.05,566.16,3648994.0
2024-09-20 15:05:00+00:00,566.16,566.3899,566.15,566.31,363839.0
2024-09-20 15:10:00+00:00,566.3,566.3899,565.64,565.75,563527.0
2024-09-20 15:15:00+00:00,565.75,565.99,565.17,565.92,1095346.0
2024-09-20 15:20:00+00:00,565.92,566.2171,565.89,566.05,840509.0
2024-09-20 15:25:00+00:00,566.0301,566.2129,565.95,565.99,525684.0
2024-09-20 15:30:00+00:00,565.98,566.64,565.71,566.51,392211.0
2024-09-20 15:35:00+00:00,566.51,566.72,566.26,566.6,368786.0
2024-09-20 15:40:00+00:00,566.6001,567.36,566.39,567.26,402749.0
2024-09-20 15:45:00+00:00,567.26,567.32,566.805,567.08,549389.0
2024-09-20 15:50:00+00:00,567.06,567.18,566.5,566.635,524348.0
2024-09-20 15:55:00+00:00,566.67,567.27,566.67,566.93,620643.0
2024-09-20 16:00:00+00:00,566.95,567.22,566.73,567.13,200307.0
2024-09-20 16:05:00+00:00,567.13,567.465,566.91,567.3,328488.0
2024-09-20 16:10:00+00:00,567.3,567.41,567.04,567.18,210363.0
2024-09-20 16:15:00+00:00,567.1503,567.38,567.0212,567.3,204054.0
2024-09-20 16:20:00+00:00,567.33,567.91,567.2,567.8507,434603.0
2024-09-20 16:25:00+00:00,567.85,568.0001,567.7,567.95,367219.0
2024-09-20 16:30:00+00:00,567.91,567.98,567.67,567.81,326934.0
2024-09-20 16:35:00+00:00,567.81,568.185,567.8,568.065,380929.0
2024-09-20 16:40:00+00:00,568.08,568.23,567.88,568.13,301616.0
2024-09-20 16:45:00+00:00,568.125,568.31,568.11,568.31,276274.0
2024-09-20 16:50:00+00:00,568.31,568.5,568.2601,568.31,341896.0
2024-09-20 16:55:00+00:00,568.3,568.41,568.1,568.1485,1950241.0
2024-09-20 17:00:00+00:00,568.14,568.39,567.89,568.0103,593641.0
2024-09-20 17:05:00+00:00,568.01,568.37,567.93,568.07,262917.0
2024-09-20 17:10:00+00:00,568.07,568.43,568.0401,568.3999,370960.0
2024-09-20 17:15:00+00:00,568.4,568.53,568.3,568.46,216774.0
2024-09-20 17:20:00+00:00,568.465,568.4699,568.02,568.0601,187477.0
2024-09-20 17:25:00+00:00,568.06,568.38,567.87,568.22,276925.0
2024-09-20 17:30:00+00:00,568.225,568.59,568.19,568.54,424473.0
2024-09-20 17:35:00+00:00,568.55,568.645,568.3505,568.46,263371.0
2024-09-20 17:40:00+00:00,568.46,568.6455,568.3201,568.3284,127210.0
2024-09-20 17:45:00+00:00,568.35,568.4699,568.23,568.305,860477.0
2024-09-20 17:50:00+00:00,568.31,568.3399,568.0,568.1,365740.0
2024-09-20 17:55:00+00:00,568.095,568.21,567.92,568.07,294078.0
2024-09-20 18:00:00+00:00,568.065,568.14,566.96,567.18,804077.0
2024-09-20 18:05:00+00:00,567.1801,567.35,566.65,566.83,634982.0
2024-09-20 18:10:00+00:00,566.82,567.2499,566.41,566.97,516797.0
2024-09-20 18:15:00+00:00,566.98,567.13,566.92,566.98,1940295.0
2024-09-20 18:20:00+00:00,566.97,567.0,566.58,566.7,275892.0
2024-09-20 18:25:00+00:00,566.7,566.81,566.55,566.62,488044.0
2024-09-20 18:30:00+00:00,566.6,566.635,566.3,566.35,436882.0
2024-09-20 18:35:00+00:00,566.34,566.54,566.09,566.4189,479241.0
2024-09-20 18:40:00+00:00,566.42,566.67,566.21,566.51,518051.0
2024-09-20 18:45:00+00:00,566.5,566.83,566.43,566.66,498686.0
2024-09-20 18:50:00+00:00,566.66,567.38,566.635,567.3399,820129.0
2024-09-20 18:55:00+00:00,567.338679,567.725,567.21,567.4801,516176.0
2024-09-20 19:00:00+00:00,567.48,567.71,567.34,567.6601,655535.0
2024-09-20 19:05:00+00:00,567.65,567.65,567.1275,567.39,505214.0
2024-09-20 19:10:00+00:00,567.3994,567.51,567.16,567.44,941304.0
2024-09-20 19:15:00+00:00,567.435,567.97,567.37,567.8,547913.0
2024-09-20 19:20:00+00:00,567.81,568.69,567.7301,568.065,505295.0
2024-09-20 19:25:00+00:00,568.06,568.3999,568.045,568.24,712004.0
2024-09-20 19:30:00+00:00,568.235,568.34,568.02,568.3294,356331.0
2024-09-20 19:35:00+00:00,568.31,569.31,568.14,568.91,816727.0
2024-09-20 19:40:00+00:00,568.9,569.23,568.67,569.155,797630.0
2024-09-20 19:45:00+00:00,569.15,569.19,568.43,568.5401,1041737.0
2024-09-20 19:50:00+00:00,568.55,568.77,568.0,568.38,2040729.0
2024-09-20 19:55:00+00:00,568.37,568.47,567.8,568.1,5632695.0
2024-09-20 20:00:00+00:00,568.1,568.25,567.9,567.97,632555.0
2024-09-20 20:05:00+00:00,567.95,568.02,567.58,567.74,2414050.0
2024-09-20 20:10:00+00:00,567.75,567.77,567.35,567.4,1505744.0
2024-09-20 20:15:00+00:00,567.41,567.53,567.33,567.45,2088126.0
2024-09-20 20:20:00+00:00,567.45,567.4699,567.26,567.44,2162720.0
2024-09-20 20:25:00+00:00,567.45,567.55,567.38,567.41,2560258.0
2024-09-20 20:30:00+00:00,567.39,567.39,567.2,567.385,51506.0
2024-09-20 20:35:00+00:00,567.385,568.25,567.385,567.67,110335.0
2024-09-20 20:40:00+00:00,567.72,567.84,567.6719,567.78,17700.0
2024-09-20 20:45:00+00:00,567.71,567.81,567.68,567.69,525121.0
2024-09-20 20:50:00+00:00,567.69,567.8,567.69,567.77,24146.0
2024-09-20 20:55:00+00:00,567.74,567.82,567.7,567.79,29646.0
2024-09-20 21:00:00+00:00,567.83,567.89,567.75,567.89,7310.0
2024-09-20 21:05:00+00:00,567.85,567.85,567.5,567.58,8644.0
2024-09-20 21:10:00+00:00,567.63,567.95,567.63,567.95,39672.0
2024-09-20 21:15:00+00:00,567.8955,567.94,567.7612,567.86,5668.0
2024-09-20 21:20:00+00:00,567.85,567.95,567.85,567.87,7262.0
2024-09-20 21:25:00+00:00,567.9,567.91,567.89,567.89,3603.0
2024-09-20 21:30:00+00:00,567.86,568.0,567.85,568.0,13724.0
2024-09-20 21:35:00+00:00,567.85,567.85,567.6404,567.6404,8561.0
2024-09-20 21:40:00+00:00,567.7,567.71,567.61,567.61,10999.0
2024-09-20 21:45:00+00:00,567.6,567.61,567.56,567.61,3054.0
2024-09-20 21:50:00+00:00,567.55,567.55,567.41,567.41,26565.0
2024-09-20 21:55:00+00:00,567.4989,567.51,567.4989,567.5,2342.0
2024-09-20 22:00:00+00:00,567.5,567.5,567.48,567.48,1360.0
2024-09-20 22:05:00+00:00,567.5,567.5,567.5,567.5,3271.0
2024-09-20 22:10:00+00:00,567.5,567.5,567.4832,567.5,8232.0
2024-09-20 22:15:00+00:00,567.548,567.548,567.51,567.5102,1766.0
2024-09-20 22:20:00+00:00,567.54,567.65,567.54,567.65,10389.0
2024-09-20 22:25:00+00:00,567.66,568.0,567.66,567.95,32761.0
2024-09-20 22:30:00+00:00,567.95,568.05,567.95,568.05,13934.0
2024-09-20 22:35:00+00:00,568.05,568.1,568.05,568.1,4094.0
2024-09-20 22:40:00+00:00,568.1,568.13,568.1,568.13,862.0
2024-09-20 22:45:00+00:00,568.14,568.24,568.14,568.24,9328.0
2024-09-20 22:50:00+00:00,568.2,568.24,568.2,568.2,6537.0
2024-09-20 22:55:00+00:00,568.21,568.25,568.21,568.25,8022.0
2024-09-20 23:00:00+00:00,568.25,568.26,568.25,568.2504,4915.0
2024-09-20 23:05:00+00:00,568.28,568.29,568.28,568.29,2878.0
2024-09-20 23:10:00+00:00,568.26,568.26,568.25,568.25,709.0
2024-09-20 23:15:00+00:00,568.17,568.2,568.11,568.11,1153.0
2024-09-20 23:20:00+00:00,568.17,568.19,568.15,568.15,590.0
2024-09-20 23:25:00+00:00,568.1135,568.12,568.05,568.05,3076.0
2024-09-20 23:30:00+00:00,568.02,568.05,568.01,568.04,2758.0
2024-09-20 23:35:00+00:00,568.02,568.0589,568.02,568.0589,1416.0
2024-09-20 23:40:00+00:00,568.05,568.08,568.05,568.0608,1867.0
2024-09-20 23:45:00+00:00,568.1,568.16,568.1,568.16,941.0
2024-09-20 23:50:00+00:00,568.1,568.16,568.08,568.12,1408.0
2024-09-20 23:55:00+00:00,568.146,568.15,568.09,568.15,2923.0
2024-09-23 08:00:00+00:00,569.19,569.19,568.34,568.55,47947.0
2024-09-23 08:05:00+00:00,568.51,568.53,568.31,568.37,17308.0
2024-09-23 08:10:00+00:00,568.38,568.5,568.04,568.17,29423.0
2024-09-23 08:15:00+00:00,568.2,568.32,568.1,568.27,2664.0
2024-09-23 08:20:00+00:00,568.37,568.37,568.37,568.37,314.0
2024-09-23 08:25:00+00:00,568.59,568.79,568.59,568.66,14290.0
2024-09-23 08:30:00+00:00,568.59,568.68,568.3,568.35,1390.0
2024-09-23 08:35:00+00:00,568.35,568.41,568.08,568.08,4312.0
2024-09-23 08:40:00+00:00,567.94,568.08,567.86,568.05,2030.0
2024-09-23 08:45:00+00:00,568.1,568.25,568.01,568.25,2570.0
2024-09-23 08:50:00+00:00,568.38,568.48,568.38,568.48,890.0
2024-09-23 08:55:00+00:00,568.57,568.61,568.55,568.55,579.0
2024-09-23 09:00:00+00:00,568.55,568.55,568.4,568.44,4083.0
2024-09-23 09:05:00+00:00,568.38,568.62,568.3,568.62,7154.0
2024-09-23 09:10:00+00:00,568.62,568.67,568.41,568.48,2026.0
2024-09-23 09:15:00+00:00,568.36,568.42,568.04,568.04,26701.0
2024-09-23 09:20:00+00:00,568.02,568.61,567.92,568.59,10849.0
2024-09-23 09:25:00+00:00,568.63,568.66,568.63,568.66,526.0
2024-09-23 09:30:00+00:00,568.72,568.72,568.53,568.53,1760.0
2024-09-23 09:35:00+00:00,568.52,568.65,568.52,568.61,2629.0
2024-09-23 09:40:00+00:00,568.57,568.72,568.57,568.72,1238.0
2024-09-23 09:45:00+00:00,568.95,569.16,568.91,569.13,16724.0
2024-09-23 09:50:00+00:00,568.99,569.05,568.99,569.01,2254.0
2024-09-23 09:55:00+00:00,569.06,569.06,569.06,569.06,102.0
2024-09-23 10:00:00+00:00,569.18,569.21,569.11,569.11,7747.0
2024-09-23 10:05:00+00:00,569.26,569.26,569.0,569.0,2803.0
2024-09-23 10:10:00+00:00,569.07,569.07,569.01,569.01,1790.0
2024-09-23 10:20:00+00:00,568.95,568.95,568.95,568.95,420.0
2024-09-23 10:25:00+00:00,569.0,569.2,569.0,569.2,2348.0
2024-09-23 10:30:00+00:00,569.1,569.12,569.06,569.06,2734.0
2024-09-23 10:35:00+00:00,569.17,569.25,569.17,569.24,2290.0
2024-09-23 10:40:00+00:00,569.16,569.16,569.07,569.07,694.0
2024-09-23 10:50:00+00:00,569.16,569.17,569.16,569.16,648.0
2024-09-23 10:55:00+00:00,568.96,568.96,568.85,568.85,1225.0
2024-09-23 11:00:00+00:00,568.83,568.98,568.62,568.62,42834.0
2024-09-23 11:05:00+00:00,568.71,568.78,568.52,568.73,6549.0
2024-09-23 11:10:00+00:00,568.76,568.82,568.73,568.78,18768.0
2024-09-23 11:15:00+00:00,568.6,568.72,568.6,568.72,6688.0
2024-09-23 11:20:00+00:00,568.82,568.9,568.67,568.67,49150.0
2024-09-23 11:25:00+00:00,568.67,568.67,568.26,568.5,12578.0
2024-09-23 11:30:00+00:00,568.63,568.65,568.51,568.55,8083.0
2024-09-23 11:35:00+00:00,568.57,568.78,568.48,568.76,7311.0
2024-09-23 11:40:00+00:00,568.75,568.88,568.7,568.88,5554.0
2024-09-23 11:45:00+00:00,568.869,569.03,568.869,568.94,9534.0
2024-09-23 11:50:00+00:00,568.97,569.06,568.9,568.9,9534.0
2024-09-23 11:55:00+00:00,568.96,569.15,568.96,569.07,21496.0
2024-09-23 12:00:00+00:00,569.04,569.94,567.0,568.86,30485.0
2024-09-23 12:05:00+00:00,569.0438,569.14,569.04,569.12,6025.0
2024-09-23 12:10:00+00:00,569.02,569.02,568.73,568.77,6727.0
2024-09-23 12:15:00+00:00,568.8207,568.9,568.7,568.7,8759.0
2024-09-23 12:20:00+00:00,568.64,569.0996,568.63,568.99,10717.0
2024-09-23 12:25:00+00:00,568.95,569.1,568.95,569.1,6390.0
2024-09-23 12:30:00+00:00,569.01,569.07,569.01,569.05,5363.0
2024-09-23 12:35:00+00:00,569.09,569.18,569.09,569.11,3112.0
2024-09-23 12:40:00+00:00,568.96,569.24,568.96,569.08,17052.0
2024-09-23 12:45:00+00:00,569.0,569.12,568.97,568.97,5243.0
2024-09-23 12:50:00+00:00,568.85,569.15,568.85,569.15,10279.0
2024-09-23 12:55:00+00:00,569.01,569.41,568.8,569.25,54704.0
2024-09-23 13:00:00+00:00,569.31,569.62,569.31,569.52,25983.0
2024-09-23 13:05:00+00:00,569.49,569.56,569.35,569.35,75050.0
2024-09-23 13:10:00+00:00,569.36,569.37,569.06,569.06,6910.0
2024-09-23 13:15:00+00:00,569.02,569.07,568.99,569.01,22258.0
2024-09-23 13:20:00+00:00,569.02,569.18,568.99,569.1,14697.0
2024-09-23 13:25:00+00:00,569.06,569.45,568.99,569.38,66019.0
2024-09-23 13:30:00+00:00,569.34,569.42,568.53,568.91,1529099.0
2024-09-23 13:35:00+00:00,568.91,569.0,568.5894,568.73,546376.0
2024-09-23 13:40:00+00:00,568.72,569.0299,568.68,568.96,365559.0
2024-09-23 13:45:00+00:00,568.94,569.16,568.25,569.12,746720.0
2024-09-23 13:50:00+00:00,569.13,569.38,568.64,568.91,379560.0
2024-09-23 13:55:00+00:00,568.89,569.2306,568.715,568.8,332000.0
2024-09-23 14:00:00+00:00,568.78,569.5,568.4001,569.29,490414.0
2024-09-23 14:05:00+00:00,569.29,569.72,569.07,569.37,389265.0
2024-09-23 14:10:00+00:00,569.36,569.686208,568.963758,569.01,303295.0
2024-09-23 14:15:00+00:00,569.059887,569.79,568.7801,569.61,350287.0
2024-09-23 14:20:00+00:00,569.63,570.3325,569.56,569.88,424074.0
2024-09-23 14:25:00+00:00,569.91,569.93,569.475,569.79,254550.0
2024-09-23 14:30:00+00:00,569.8,569.84,569.27,569.49,259581.0
2024-09-23 14:35:00+00:00,569.49,569.69,568.86,568.94,401175.0
2024-09-23 14:40:00+00:00,568.96,569.8399,568.95,569.7701,335630.0
2024-09-23 14:45:00+00:00,569.78,570.0199,569.6,569.73,277739.0
2024-09-23 14:50:00+00:00,569.71,570.07,569.61,569.87,281874.0
2024-09-23 14:55:00+00:00,569.87,570.09,569.51,569.85,384014.0
2024-09-23 15:00:00+00:00,569.86,569.87,569.12,569.3,439835.0
2024-09-23 15:05:00+00:00,569.28,569.28,568.73,569.14,321261.0
2024-09-23 15:10:00+00:00,569.16,569.38,569.05,569.22,219592.0
2024-09-23 15:15:00+00:00,569.24,569.3699,568.925,569.05,158745.0
2024-09-23 15:20:00+00:00,569.03,569.65,568.98,569.595,204766.0
2024-09-23 15:25:00+00:00,569.6,569.79,569.36,569.735,181551.0
2024-09-23 15:30:00+00:00,569.74,569.99,569.71,569.91,198187.0
2024-09-23 15:35:00+00:00,569.92,570.04,569.77,570.02,287260.0
2024-09-23 15:40:00+00:00,570.03,570.09,569.71,569.86,200306.0
2024-09-23 15:45:00+00:00,569.88,570.08,569.83,569.84,141529.0
2024-09-23 15:50:00+00:00,569.83,570.15,569.825,570.03,211383.0
2024-09-23 15:55:00+00:00,570.02,570.055,569.39,569.5995,278343.0
2024-09-23 16:00:00+00:00,569.59,569.608,569.3,569.52,183849.0
2024-09-23 16:05:00+00:00,569.54,569.65,569.39,569.4,181056.0
2024-09-23 16:10:00+00:00,569.38,569.4,568.6,568.91,369666.0
2024-09-23 16:15:00+00:00,568.89,569.2,568.36,568.9099,513340.0
2024-09-23 16:20:00+00:00,568.89,569.196583,568.71,569.09619,201045.0
2024-09-23 16:25:00+00:00,569.11,569.2,568.91,568.94,128468.0
2024-09-23 16:30:00+00:00,568.94,569.1,568.6142,569.06,143818.0
2024-09-23 16:35:00+00:00,569.08,569.2,568.53,568.69,281254.0
2024-09-23 16:40:00+00:00,568.7,568.87,568.63,568.63,219020.0
2024-09-23 16:45:00+00:00,568.66,568.86,568.25,568.84,1110636.0
2024-09-23 16:50:00+00:00,568.8386,568.96,568.5,568.8299,151269.0
2024-09-23 16:55:00+00:00,568.815,568.815,568.48,568.63,285259.0
2024-09-23 17:00:00+00:00,568.6399,568.64,568.1,568.45,648287.0
2024-09-23 17:05:00+00:00,568.44,568.59,568.25,568.59,319715.0
2024-09-23 17:10:00+00:00,568.58,568.8099,568.44,568.61,216570.0
2024-09-23 17:15:00+00:00,568.6199,568.85,568.41,568.81,228177.0
2024-09-23 17:20:00+00:00,568.84,568.96,568.5,568.569,159469.0
2024-09-23 17:25:00+00:00,568.55,568.785,568.51,568.7799,155469.0
2024-09-23 17:30:00+00:00,568.78,569.1992,568.7001,569.1992,228435.0
2024-09-23 17:35:00+00:00,569.2,569.27,568.58,568.92,364370.0
2024-09-23 17:40:00+00:00,568.9,569.13,568.855,568.88,158434.0
2024-09-23 17:45:00+00:00,568.88,569.27,568.87,569.09,150671.0
2024-09-23 17:50:00+00:00,569.08,569.33,569.08,569.2799,133313.0
2024-09-23 17:55:00+00:00,569.27,569.34,569.1801,569.295,425801.0
2024-09-23 18:00:00+00:00,569.29,569.38,569.04,569.045,186215.0
2024-09-23 18:05:00+00:00,569.04,569.36,568.83,569.305,162684.0
2024-09-23 18:10:00+00:00,569.33,569.4456,569.1401,569.18,116847.0
2024-09-23 18:15:00+00:00,569.16,569.36,569.12,569.3299,175711.0
2024-09-23 18:20:00+00:00,569.33,569.5,569.28,569.42,177924.0
2024-09-23 18:25:00+00:00,569.4301,569.46,569.01,569.24,178094.0
2024-09-23 18:30:00+00:00,569.28,569.47,569.21,569.335,82945.0
2024-09-23 18:35:00+00:00,569.3399,569.36,569.17,569.26,123881.0
2024-09-23 18:40:00+00:00,569.28,569.42,569.23,569.28,188784.0
2024-09-23 18:45:00+00:00,569.28,569.36,569.14,569.3074,147570.0
2024-09-23 18:50:00+00:00,569.33,569.4,569.21,569.25,278212.0
2024-09-23 18:55:00+00:00,569.27,569.54,569.2211,569.46,774545.0
2024-09-23 19:00:00+00:00,569.47,569.53,569.29,569.457,241078.0
2024-09-23 19:05:00+00:00,569.45,569.54,569.2,569.22,267093.0
2024-09-23 19:10:00+00:00,569.22,569.31,569.0524,569.12,236979.0
2024-09-23 19:15:00+00:00,569.13,569.54,569.08,569.47,349110.0
2024-09-23 19:20:00+00:00,569.47,569.56,569.3533,569.44,710412.0
2024-09-23 19:25:00+00:00,569.44,569.59,569.38,569.51,776355.0
2024-09-23 19:30:00+00:00,569.51,569.77,569.33,569.73,810706.0
2024-09-23 19:35:00+00:00,569.72,569.88,569.59,569.61,351857.0
2024-09-23 19:40:00+00:00,569.6008,569.72,569.13,569.2899,645535.0
2024-09-23 19:45:00+00:00,569.26,569.77,569.15,569.77,614434.0
2024-09-23 19:50:00+00:00,569.76,569.82,569.43,569.61,546974.0
2024-09-23 19:55:00+00:00,569.6101,569.91,569.49,569.6,2157703.0
2024-09-23 20:00:00+00:00,569.62,569.79,569.5,569.61,1310735.0
2024-09-23 20:05:00+00:00,569.61,569.67,569.4,569.44,2009875.0
2024-09-23 20:10:00+00:00,569.44,569.57,569.37,569.55,6752124.0
2024-09-23 20:15:00+00:00,569.58,569.59,569.44,569.44,13733.0
2024-09-23 20:20:00+00:00,569.44,569.44,569.32,569.4,31262.0
2024-09-23 20:25:00+00:00,569.37,569.38,569.32,569.33,29028.0
2024-09-23 20:30:00+00:00,569.34,569.37,569.3299,569.35,3349.0
2024-09-23 20:35:00+00:00,569.34,569.35,569.33,569.35,13862.0
2024-09-23 20:40:00+00:00,569.67,569.67,569.37,569.38,191834.0
2024-09-23 20:45:00+00:00,569.38,569.39,569.33,569.33,4634.0
2024-09-23 20:50:00+00:00,569.39,569.67,569.39,569.67,1250184.0
2024-09-23 20:55:00+00:00,569.39,569.52,569.39,569.52,3434.0
2024-09-23 21:00:00+00:00,569.52,569.54,569.49,569.49,1296.0
2024-09-23 21:05:00+00:00,569.67,569.67,569.47,569.54,1203551.0
2024-09-23 21:10:00+00:00,569.53,569.53,569.45,569.45,845.0
2024-09-23 21:15:00+00:00,569.45,569.47,569.41,569.41,1265.0
2024-09-23 21:20:00+00:00,569.4699,569.47,569.4699,569.47,576.0
2024-09-23 21:25:00+00:00,569.4168,569.4168,569.4168,569.4168,320.0
2024-09-23 21:30:00+00:00,569.47,569.47,569.47,569.47,108.0
2024-09-23 21:35:00+00:00,569.4,569.4,569.4,569.4,622.0
2024-09-23 21:50:00+00:00,569.47,569.47,569.42,569.42,3570.0
2024-09-23 21:55:00+00:00,569.42,569.44,569.41,569.4392,4518.0
2024-09-23 22:00:00+00:00,569.35,569.35,569.35,569.35,1712.0
2024-09-23 22:05:00+00:00,569.32,569.32,569.04,569.04,7106.0
2024-09-23 22:10:00+00:00,569.16,569.16,569.12,569.15,2272.0
2024-09-23 22:20:00+00:00,569.21,569.21,569.15,569.15,1220.0
2024-09-23 22:25:00+00:00,569.22,569.22,569.22,569.22,261.0
2024-09-23 22:35:00+00:00,569.16,569.16,569.1,569.1,826.0
2024-09-23 22:40:00+00:00,569.12,569.12,569.1,569.1,360.0
2024-09-23 22:45:00+00:00,569.13,569.13,569.13,569.13,399.0
2024-09-23 22:50:00+00:00,569.09,569.09,569.09,569.09,143.0
2024-09-23 22:55:00+00:00,569.1,569.1,569.07,569.07,719.0
2024-09-23 23:00:00+00:00,569.05,569.06,569.03,569.06,777.0
2024-09-23 23:05:00+00:00,569.087,569.087,569.0591,569.0591,291.0
2024-09-23 23:10:00+00:00,569.07,569.07,569.07,569.07,115.0
2024-09-23 23:15:00+00:00,569.09,569.09,569.04,569.04,471.0
2024-09-23 23:20:00+00:00,569.1,569.1,569.1,569.1,993.0
2024-09-23 23:25:00+00:00,569.05,569.05,569.0,569.04,2075.0
2024-09-23 23:35:00+00:00,569.25,569.25,569.24,569.24,501.0
2024-09-23 23:40:00+00:00,569.16,569.16,569.09,569.15,615.0
2024-09-23 23:45:00+00:00,569.21,569.37,569.21,569.35,1216.0
2024-09-23 23:50:00+00:00,569.35,569.35,569.34,569.34,1408.0
2024-09-23 23:55:00+00:00,569.31,569.35,569.3,569.3,1886.0
2024-09-24 08:00:00+00:00,570.22,570.9,570.22,570.9,4941.0
2024-09-24 08:05:00+00:00,570.99,571.04,570.96,571.04,2152.0
2024-09-24 08:10:00+00:00,571.07,571.12,571.05,571.06,1940.0
2024-09-24 08:15:00+00:00,571.15,571.2,571.07,571.2,1437.0
2024-09-24 08:20:00+00:00,571.21,571.41,571.21,571.33,2348.0
2024-09-24 08:25:00+00:00,571.36,571.38,571.34,571.38,757.0
2024-09-24 08:30:00+00:00,571.23,571.3,571.2,571.2,985.0
2024-09-24 08:35:00+00:00,571.25,571.25,571.23,571.23,647.0
2024-09-24 08:40:00+00:00,571.17,571.18,571.1,571.18,1141.0
2024-09-24 08:45:00+00:00,571.01,571.14,571.01,571.14,845.0
2024-09-24 08:50:00+00:00,571.26,571.26,571.26,571.26,598.0
2024-09-24 08:55:00+00:00,571.34,571.34,571.34,571.34,154.0
2024-09-24 09:00:00+00:00,571.19,571.26,571.19,571.26,3324.0
2024-09-24 09:05:00+00:00,571.13,571.13,571.12,571.12,1022.0
2024-09-24 09:10:00+00:00,571.25,571.25,571.07,571.07,997.0
2024-09-24 09:15:00+00:00,571.02,571.02,570.92,570.92,5439.0
2024-09-24 09:20:00+00:00,570.76,570.83,570.71,570.74,4725.0
2024-09-24 09:25:00+00:00,570.88,570.88,570.88,570.88,243.0
2024-09-24 09:35:00+00:00,570.85,570.87,570.8,570.82,1063.0
2024-09-24 09:40:00+00:00,570.75,570.8,570.75,570.8,548.0
2024-09-24 09:45:00+00:00,570.68,570.68,570.68,570.68,1106.0
2024-09-24 09:50:00+00:00,570.8,570.8,570.8,570.8,203.0
2024-09-24 09:55:00+00:00,570.61,570.74,570.59,570.74,1459.0
2024-09-24 10:00:00+00:00,570.67,570.71,570.67,570.71,649.0
2024-09-24 10:05:00+00:00,570.72,570.72,570.72,570.72,478.0
2024-09-24 10:10:00+00:00,570.77,570.86,570.77,570.86,1096.0
2024-09-24 10:15:00+00:00,570.93,570.98,570.93,570.97,12440.0
2024-09-24 10:20:00+00:00,570.9,570.96,570.9,570.96,1797.0
2024-09-24 10:25:00+00:00,570.82,570.83,570.82,570.83,474.0
2024-09-24 10:30:00+00:00,570.95,570.95,570.95,570.95,1130.0
2024-09-24 10:40:00+00:00,571.06,571.09,571.02,571.02,1132.0
2024-09-24 10:45:00+00:00,570.79,570.79,570.55,570.72,4391.0
2024-09-24 10:50:00+00:00,570.56,570.63,570.43,570.63,1652.0
2024-09-24 10:55:00+00:00,570.57,570.6,570.2,570.21,2528.0
2024-09-24 11:00:00+00:00,570.17,570.33,569.46,569.46,39410.0
2024-09-24 11:05:00+00:00,569.27,569.59,569.2,569.25,12859.0
2024-09-24 11:10:00+00:00,569.24,569.41,569.1,569.35,6202.0
2024-09-24 11:15:00+00:00,569.36,569.6,569.36,569.6,13646.0
2024-09-24 11:20:00+00:00,569.65,569.8,569.6,569.8,5264.0
2024-09-24 11:25:00+00:00,569.77,569.841,569.73,569.841,5665.0
2024-09-24 11:30:00+00:00,569.95,570.29,569.91,570.24,78082.0
2024-09-24 11:35:00+00:00,570.26,570.49,570.26,570.46,6804.0
2024-09-24 11:40:00+00:00,570.4,570.541,570.38,570.38,46517.0
2024-09-24 11:45:00+00:00,570.36,570.38,570.34,570.34,1587.0
2024-09-24 11:50:00+00:00,570.28,570.28,570.23,570.23,2729.0
2024-09-24 11:55:00+00:00,570.1,570.13,570.04,570.08,8876.0
2024-09-24 12:00:00+00:00,570.1,571.38,568.91,570.2,160941.0
2024-09-24 12:05:00+00:00,570.23,570.26,570.12,570.22,5583.0
2024-09-24 12:10:00+00:00,570.18,570.22,569.96,570.21,14392.0
2024-09-24 12:15:00+00:00,570.2,570.39,570.12,570.38,3364.0
2024-09-24 12:20:00+00:00,570.3605,570.47,570.26,570.26,4166.0
2024-09-24 12:25:00+00:00,570.29,570.2904,570.13,570.16,4847.0
2024-09-24 12:30:00+00:00,570.12,570.16,569.87,569.87,4194.0
2024-09-24 12:35:00+00:00,569.95,569.95,569.76,569.87,51607.0
2024-09-24 12:40:00+00:00,569.8508,569.98,569.8508,569.97,2802.0
2024-09-24 12:45:00+00:00,569.97,570.2,569.97,570.189,8309.0
2024-09-24 12:50:00+00:00,570.15,570.26,570.1004,570.1004,55074.0
2024-09-24 12:55:00+00:00,570.11,570.3,570.11,570.21,11223.0
2024-09-24 13:00:00+00:00,570.3,570.44,570.28,570.44,8202.0
2024-09-24 13:05:00+00:00,570.44,570.59,570.37,570.58,12061.0
2024-09-24 13:10:00+00:00,570.63,570.7,570.6,570.66,28857.0
2024-09-24 13:15:00+00:00,570.63,570.7,570.57,570.64,43160.0
2024-09-24 13:20:00+00:00,570.68,570.77,570.68,570.7,9441.0
2024-09-24 13:25:00+00:00,570.71,570.8,570.46,570.47,62349.0
2024-09-24 13:30:00+00:00,570.48,570.55,569.84,570.11,1364847.0
2024-09-24 13:35:00+00:00,570.07,570.13,569.77,569.815,507117.0
2024-09-24 13:40:00+00:00,569.815,569.92,569.63,569.83,629159.0
2024-09-24 13:45:00+00:00,569.8399,570.1,569.52,569.74,435790.0
2024-09-24 13:50:00+00:00,569.7399,569.7793,569.4,569.555,333091.0
2024-09-24 13:55:00+00:00,569.55,569.6749,569.23,569.332,382977.0
2024-09-24 14:00:00+00:00,569.34,569.357,567.71,568.2,1404526.0
2024-09-24 14:05:00+00:00,568.25,568.86,567.93,568.72,886869.0
2024-09-24 14:10:00+00:00,568.7,569.07,568.45,568.5,397198.0
2024-09-24 14:15:00+00:00,568.5,568.74,568.33,568.51,322387.0
2024-09-24 14:20:00+00:00,568.5,568.76,567.82,568.5042,488324.0
2024-09-24 14:25:00+00:00,568.55,568.75,568.14,568.2784,321387.0
2024-09-24 14:30:00+00:00,568.28,568.73,568.09,568.17,421445.0
2024-09-24 14:35:00+00:00,568.14,568.255,567.66,567.74,368077.0
2024-09-24 14:40:00+00:00,567.73,568.36,567.6,568.24,592962.0
2024-09-24 14:45:00+00:00,568.24,568.93,568.22,568.735,409471.0
2024-09-24 14:50:00+00:00,568.76,569.41,568.7391,569.21,358353.0
2024-09-24 14:55:00+00:00,569.21,569.7015,569.18,569.4988,423536.0
2024-09-24 15:00:00+00:00,569.49,569.65,569.32,569.51,405975.0
2024-09-24 15:05:00+00:00,569.505,569.595,569.37,569.5499,190786.0
2024-09-24 15:10:00+00:00,569.52,570.04,569.5,569.74,481791.0
2024-09-24 15:15:00+00:00,569.745,569.98,569.63,569.83,213547.0
2024-09-24 15:20:00+00:00,569.84,569.93,569.68,569.88,217716.0
2024-09-24 15:25:00+00:00,569.89,570.0699,569.73,569.8505,279645.0
2024-09-24 15:30:00+00:00,569.87,570.21,569.87,570.0442,210830.0
2024-09-24 15:35:00+00:00,570.06,570.09,569.73,570.01,247033.0
2024-09-24 15:40:00+00:00,569.99,570.15,569.8901,570.0795,232823.0
2024-09-24 15:45:00+00:00,570.08,570.28,569.95,570.18,322901.0
2024-09-24 15:50:00+00:00,570.18,571.07,570.105,570.95,474664.0
2024-09-24 15:55:00+00:00,570.95,571.05,570.44,570.6,514438.0
2024-09-24 16:00:00+00:00,570.61,570.89,570.59,570.8,227342.0
2024-09-24 16:05:00+00:00,570.7993,570.86,570.57,570.6099,186687.0
2024-09-24 16:10:00+00:00,570.59,570.85,570.42,570.82,183840.0
2024-09-24 16:15:00+00:00,570.85,570.85,570.63,570.74,125985.0
2024-09-24 16:20:00+00:00,570.76,570.88,570.51,570.62,726613.0
2024-09-24 16:25:00+00:00,570.64,570.72,570.26,570.505,1218565.0
2024-09-24 16:30:00+00:00,570.5,570.74,570.37,570.715,178974.0
2024-09-24 16:35:00+00:00,570.71,570.87,570.6601,570.835,400655.0
2024-09-24 16:40:00+00:00,570.84,571.09,570.76,570.9854,1133367.0
2024-09-24 16:45:00+00:00,571.0,571.2,570.8,570.94,236606.0
2024-09-24 16:50:00+00:00,570.95,571.02,570.64,570.6601,168521.0
2024-09-24 16:55:00+00:00,570.72,570.74,570.41,570.4475,182295.0
2024-09-24 17:00:00+00:00,570.445,570.63,570.27,570.48,139590.0
2024-09-24 17:05:00+00:00,570.46,570.79,570.445,570.6,208205.0
2024-09-24 17:10:00+00:00,570.595,570.94,570.51,570.8957,110657.0
2024-09-24 17:15:00+00:00,570.89,570.98,570.84,570.95,160974.0
2024-09-24 17:20:00+00:00,570.95,570.95,570.65,570.675,92827.0
2024-09-24 17:25:00+00:00,570.69,570.8279,570.55,570.61,108738.0
2024-09-24 17:30:00+00:00,570.61,570.896,570.585,570.896,87620.0
2024-09-24 17:35:00+00:00,570.9,571.01,570.57,570.74,222136.0
2024-09-24 17:40:00+00:00,570.72,570.93,570.55,570.82,160994.0
2024-09-24 17:45:00+00:00,570.82,570.82,570.51,570.6,144644.0
2024-09-24 17:50:00+00:00,570.515,570.73,570.43,570.7084,155370.0
2024-09-24 17:55:00+00:00,570.6801,570.6801,570.445,570.465,118727.0
2024-09-24 18:00:00+00:00,570.5,570.685,570.35,570.525,389629.0
2024-09-24 18:05:00+00:00,570.525,570.6991,570.48,570.5425,131258.0
2024-09-24 18:10:00+00:00,570.51,570.54,570.14,570.3999,262551.0
2024-09-24 18:15:00+00:00,570.39,570.5068,570.17,570.46,172643.0
2024-09-24 18:20:00+00:00,570.45,570.52,570.28,570.37,190920.0
2024-09-24 18:25:00+00:00,570.375,570.4299,570.07,570.2325,188603.0
2024-09-24 18:30:00+00:00,570.25,570.25,569.43,570.16,396910.0
2024-09-24 18:35:00+00:00,570.17,570.56,570.16,570.555,203969.0
2024-09-24 18:40:00+00:00,570.56,570.6292,570.33,570.52,238890.0
2024-09-24 18:45:00+00:00,570.53,570.53,570.27,570.29,115449.0
2024-09-24 18:50:00+00:00,570.28,570.58,570.2,570.57,232821.0
2024-09-24 18:55:00+00:00,570.5706,570.63,570.27,570.45,156861.0
2024-09-24 19:00:00+00:00,570.43,570.6,570.36,570.57,893156.0
2024-09-24 19:05:00+00:00,570.56,570.74,570.52,570.61,291375.0
2024-09-24 19:10:00+00:00,570.6,570.715,570.45,570.57,777327.0
2024-09-24 19:15:00+00:00,570.55,570.74,570.41,570.58,676846.0
2024-09-24 19:20:00+00:00,570.58,570.75,570.51,570.68,457175.0
2024-09-24 19:25:00+00:00,570.68,570.73,570.5822,570.6399,258210.0
2024-09-24 19:30:00+00:00,570.64,570.65,570.44,570.49,551751.0
2024-09-24 19:35:00+00:00,570.49,570.57,570.38,570.49,385850.0
2024-09-24 19:40:00+00:00,570.49,570.75,570.45,570.56,708363.0
2024-09-24 19:45:00+00:00,570.56,570.82,570.53,570.69,628243.0
2024-09-24 19:50:00+00:00,570.7,570.84,570.47,570.5509,1084573.0
2024-09-24 19:55:00+00:00,570.55,571.36,570.38,571.24,6339779.0
2024-09-24 20:00:00+00:00,571.29,571.36,570.91,570.91,2160168.0
2024-09-24 20:05:00+00:00,570.92,571.02,570.85,570.88,1623372.0
2024-09-24 20:10:00+00:00,570.89,571.06,570.86,571.03,2664594.0
2024-09-24 20:15:00+00:00,571.04,571.16,571.04,571.1,50771.0
2024-09-24 20:20:00+00:00,571.13,571.1798,571.11,571.16,45253.0
2024-09-24 20:25:00+00:00,571.17,571.27,571.006,571.27,136827.0
2024-09-24 20:30:00+00:00,571.2,571.26,571.17,571.23,31954.0
2024-09-24 20:35:00+00:00,571.26,571.4,571.26,571.29,39340.0
2024-09-24 20:40:00+00:00,571.2995,571.3007,571.28,571.3,31641.0
2024-09-24 20:45:00+00:00,571.29,571.29,571.27,571.28,16433.0
2024-09-24 20:50:00+00:00,571.24,571.26,571.21,571.26,24205.0
2024-09-24 20:55:00+00:00,571.28,571.28,571.2,571.21,20943.0
2024-09-24 21:00:00+00:00,571.2,571.21,571.2,571.21,2168.0
2024-09-24 21:05:00+00:00,571.27,571.3,571.21,571.22,2115.0
2024-09-24 21:10:00+00:00,571.22,571.22,571.2,571.2,12867.0
2024-09-24 21:15:00+00:00,571.23,571.23,571.23,571.23,506.0
2024-09-24 21:20:00+00:00,571.24,571.24,571.24,571.24,1471.0
2024-09-24 21:25:00+00:00,571.24,571.3,571.21,571.24,6277.0
2024-09-24 21:30:00+00:00,571.2,571.202,571.2,571.202,1342.0
2024-09-24 21:35:00+00:00,571.2009,571.238,571.2009,571.238,511.0
2024-09-24 21:40:00+00:00,571.24,571.27,571.24,571.27,3174.0
2024-09-24 21:45:00+00:00,571.27,571.27,571.2,571.2,15674.0
2024-09-24 21:50:00+00:00,571.2,571.24,571.2,571.24,1409.0
2024-09-24 22:00:00+00:00,571.31,571.32,571.2,571.23,8450.0
2024-09-24 22:05:00+00:00,571.22,571.22,571.21,571.21,646.0
2024-09-24 22:10:00+00:00,571.28,571.33,571.24,571.33,4627.0
2024-09-24 22:15:00+00:00,571.33,571.34,571.3,571.31,3941.0
2024-09-24 22:20:00+00:00,571.2142,571.29,571.2142,571.22,740.0
2024-09-24 22:25:00+00:00,571.25,571.29,571.18,571.18,2443.0
2024-09-24 22:30:00+00:00,571.17,571.18,571.1,571.18,1733.0
2024-09-24 22:35:00+00:00,571.17,571.18,571.14,571.14,5934.0
2024-09-24 22:40:00+00:00,571.16,571.21,571.1406,571.16,1132.0
2024-09-24 22:45:00+00:00,571.25,571.25,571.201,571.201,1275.0
2024-09-24 22:50:00+00:00,571.26,571.26,571.26,571.26,387.0
2024-09-24 23:05:00+00:00,571.29,571.32,571.29,571.32,1472.0
2024-09-24 23:10:00+00:00,571.38,571.38,571.38,571.38,227.0
2024-09-24 23:15:00+00:00,571.39,571.39,571.39,571.39,622.0
2024-09-24 23:20:00+00:00,571.39,571.39,571.39,571.39,228.0
2024-09-24 23:25:00+00:00,571.34,571.34,571.34,571.34,161.0
2024-09-24 23:30:00+00:00,571.34,571.34,571.25,571.25,3628.0
2024-09-24 23:35:00+00:00,571.3,571.3,571.26,571.26,2385.0
2024-09-24 23:40:00+00:00,571.28,571.28,571.25,571.25,450.0
2024-09-24 23:45:00+00:00,571.25,571.27,571.23,571.23,10866.0
2024-09-24 23:50:00+00:00,571.23,571.23,571.2,571.2,3258.0
2024-09-24 23:55:00+00:00,571.2,571.23,571.19,571.22,8902.0
2024-09-25 08:00:00+00:00,570.4,570.49,570.34,570.44,4320.0
2024-09-25 08:05:00+00:00,570.34,570.45,570.3,570.41,8186.0
2024-09-25 08:10:00+00:00,570.55,570.55,570.48,570.48,1422.0
2024-09-25 08:15:00+00:00,570.47,570.61,570.47,570.61,1786.0
2024-09-25 08:20:00+00:00,570.37,570.4,570.35,570.35,2570.0
2024-09-25 08:25:00+00:00,570.31,570.31,570.31,570.31,465.0
2024-09-25 08:30:00+00:00,570.31,570.31,570.26,570.26,1030.0
2024-09-25 08:35:00+00:00,570.34,570.42,570.34,570.42,1287.0
2024-09-25 08:40:00+00:00,570.32,570.32,570.32,570.32,132.0
2024-09-25 08:45:00+00:00,570.38,570.38,570.38,570.38,734.0
2024-09-25 08:55:00+00:00,570.26,570.38,570.26,570.38,217.0
2024-09-25 09:00:00+00:00,570.39,570.4,570.38,570.39,1016.0
2024-09-25 09:10:00+00:00,570.51,570.51,570.51,570.51,620.0
2024-09-25 09:15:00+00:00,570.37,570.37,570.2,570.26,2554.0
2024-09-25 09:20:00+00:00,570.2,570.21,570.09,570.15,2613.0
2024-09-25 09:25:00+00:00,570.17,570.31,570.11,570.31,2149.0
2024-09-25 09:35:00+00:00,570.6,570.6,570.6,570.6,112.0
2024-09-25 09:45:00+00:00,570.41,570.45,570.4,570.4,640.0
2024-09-25 10:00:00+00:00,570.69,570.89,570.69,570.86,1538.0
2024-09-25 10:05:00+00:00,570.87,570.87,570.87,570.87,982.0
2024-09-25 10:10:00+00:00,570.84,571.0,570.84,571.0,7149.0
2024-09-25 10:15:00+00:00,570.97,570.97,570.87,570.87,831.0
2024-09-25 10:20:00+00:00,570.86,570.86,570.86,570.86,123.0
2024-09-25 10:25:00+00:00,570.92,570.97,570.92,570.97,1939.0
2024-09-25 10:30:00+00:00,571.09,571.09,570.99,570.99,722.0
2024-09-25 10:35:00+00:00,570.94,570.95,570.92,570.95,1214.0
2024-09-25 10:40:00+00:00,570.9,570.9,570.9,570.9,194.0
2024-09-25 10:45:00+00:00,570.8,570.8,570.68,570.69,741.0
2024-09-25 10:50:00+00:00,570.9,570.91,570.87,570.87,3733.0
2024-09-25 10:55:00+00:00,570.99,571.15,570.98,571.15,2298.0
2024-09-25 11:00:00+00:00,571.15,571.3,571.051,571.23,6527.0
2024-09-25 11:05:00+00:00,571.21,571.27,571.2,571.21,3718.0
2024-09-25 11:10:00+00:00,571.25,571.25,571.11,571.11,2221.0
2024-09-25 11:15:00+00:00,571.18,571.18,571.18,571.18,146.0
2024-09-25 11:20:00+00:00,571.11,571.14,571.1,571.13,1911.0
2024-09-25 11:30:00+00:00,571.02,571.08,571.001,571.08,9247.0
2024-09-25 11:35:00+00:00,571.03,571.03,570.98,570.98,3093.0
2024-09-25 11:40:00+00:00,570.93,571.02,570.93,571.0,3431.0
2024-09-25 11:45:00+00:00,571.02,571.02,570.87,570.9,5669.0
2024-09-25 11:50:00+00:00,570.9,571.13,570.89,571.08,2839.0
2024-09-25 11:55:00+00:00,571.14,571.14,571.1,571.1,1485.0
2024-09-25 12:00:00+00:00,570.42,571.21,569.68,571.1,41930.0
2024-09-25 12:05:00+00:00,571.0,571.0,570.91,570.91,3222.0
2024-09-25 12:10:00+00:00,570.9,570.92,570.86,570.9,18531.0
2024-09-25 12:15:00+00:00,570.92,571.1,570.92,571.07,5014.0
2024-09-25 12:20:00+00:00,571.09,571.16,571.09,571.14,14181.0
2024-09-25 12:25:00+00:00,571.15,571.17,571.01,571.0483,7651.0
2024-09-25 12:30:00+00:00,571.0221,571.14,571.0221,571.1,4247.0
2024-09-25 12:35:00+00:00,571.07,571.14,571.07,571.14,1966.0
2024-09-25 12:40:00+00:00,571.12,571.2396,571.05,571.05,43051.0
2024-09-25 12:45:00+00:00,571.05,571.05,570.86,570.99,21430.0
2024-09-25 12:50:00+00:00,570.99,571.15,570.99,571.1496,6684.0
2024-09-25 12:55:00+00:00,571.15,571.15,570.97,571.1,5586.0
2024-09-25 13:00:00+00:00,571.07,571.1,570.9896,571.0,7381.0
2024-09-25 13:05:00+00:00,570.97,571.17,570.931,571.17,9335.0
2024-09-25 13:10:00+00:00,571.17,571.19,571.05,571.12,17690.0
2024-09-25 13:15:00+00:00,571.1,571.13,571.05,571.12,7654.0
2024-09-25 13:20:00+00:00,571.12,571.1499,571.08,571.11,11105.0
2024-09-25 13:25:00+00:00,571.13,571.29,571.12,571.15,51230.0
2024-09-25 13:30:00+00:00,571.14,571.8281,571.13,571.55,1060460.0
2024-09-25 13:35:00+00:00,571.55,571.77,571.37,571.44,769030.0
2024-09-25 13:40:00+00:00,571.44,571.59,570.86,571.39,904941.0
2024-09-25 13:45:00+00:00,571.39,571.57,571.175,571.25,583891.0
2024-09-25 13:50:00+00:00,571.26,571.46,570.98,571.385,606819.0
2024-09-25 13:55:00+00:00,571.38,571.58,571.219,571.54,327230.0
2024-09-25 14:00:00+00:00,571.58,571.74,571.45,571.61,484429.0
2024-09-25 14:05:00+00:00,571.61,571.89,571.52,571.71,390128.0
2024-09-25 14:10:00+00:00,571.72,571.83,571.36,571.65,463618.0
2024-09-25 14:15:00+00:00,571.64,571.795,571.54,571.58,348667.0
2024-09-25 14:20:00+00:00,571.56,571.56,571.09,571.4,378006.0
2024-09-25 14:25:00+00:00,571.41,571.4699,570.9,571.0999,605855.0
2024-09-25 14:30:00+00:00,571.1,571.23,570.85,571.19,334258.0
2024-09-25 14:35:00+00:00,571.2,571.39,571.04,571.29,305241.0
2024-09-25 14:40:00+00:00,571.28,571.4198,571.03,571.17,382514.0
2024-09-25 14:45:00+00:00,571.18,571.29,570.66,570.805,430885.0
2024-09-25 14:50:00+00:00,570.8,571.315,570.6,571.18,473960.0
2024-09-25 14:55:00+00:00,571.16,571.33,571.06,571.23,175377.0
2024-09-25 15:00:00+00:00,571.24,571.41,571.06,571.2799,203664.0
2024-09-25 15:05:00+00:00,571.29,571.39,571.1107,571.3442,127405.0
2024-09-25 15:10:00+00:00,571.34,571.34,570.85,570.96,406582.0
2024-09-25 15:15:00+00:00,570.98,571.1691,570.69,571.1391,278962.0
2024-09-25 15:20:00+00:00,571.13,571.14,570.91,570.9301,347329.0
2024-09-25 15:25:00+00:00,570.95,571.01,570.73,570.77,269881.0
2024-09-25 15:30:00+00:00,570.75,570.89,570.6342,570.76,224747.0
2024-09-25 15:35:00+00:00,570.765,571.22,570.765,571.12,165135.0
2024-09-25 15:40:00+00:00,571.12,571.25,570.67,570.8399,212560.0
2024-09-25 15:45:00+00:00,570.84,570.91,570.57,570.805,701740.0
2024-09-25 15:50:00+00:00,570.78,570.78,570.32,570.545,388318.0
2024-09-25 15:55:00+00:00,570.54,570.78,570.32,570.74,333836.0
2024-09-25 16:00:00+00:00,570.74,570.74,570.5,570.68,326793.0
2024-09-25 16:05:00+00:00,570.68,570.7,570.26,570.685,423821.0
2024-09-25 16:10:00+00:00,570.7,570.83,570.5789,570.64,242447.0
2024-09-25 16:15:00+00:00,570.63,570.66,570.39,570.4399,221898.0
2024-09-25 16:20:00+00:00,570.445,570.65,570.41,570.6199,293815.0
2024-09-25 16:25:00+00:00,570.62,570.7258,570.56,570.64,357601.0
2024-09-25 16:30:00+00:00,570.63,570.64,570.27,570.595,226396.0
2024-09-25 16:35:00+00:00,570.6,570.6,570.39,570.427671,115204.0
2024-09-25 16:40:00+00:00,570.44,570.55,570.19,570.26,305967.0
2024-09-25 16:45:00+00:00,570.26,570.32,569.93,570.06,448070.0
2024-09-25 16:50:00+00:00,570.0593,570.52,570.03,570.3928,502217.0
2024-09-25 16:55:00+00:00,570.39,570.4,569.88,569.9899,278511.0
2024-09-25 17:00:00+00:00,569.98,570.02,569.1,569.8,839374.0
2024-09-25 17:05:00+00:00,569.79,570.21,569.66,569.83,417340.0
2024-09-25 17:10:00+00:00,569.82,569.8686,569.55,569.723806,461910.0
2024-09-25 17:15:00+00:00,569.73,570.02,569.59,569.89,216844.0
2024-09-25 17:20:00+00:00,569.89,569.9278,569.7101,569.78,140629.0
2024-09-25 17:25:00+00:00,569.7698,569.89,569.6923,569.75,132667.0
2024-09-25 17:30:00+00:00,569.72,569.86,569.36,569.4,532499.0
2024-09-25 17:35:00+00:00,569.38,569.71,568.91,569.59,518887.0
2024-09-25 17:40:00+00:00,569.57,569.58,569.2,569.33,250278.0
2024-09-25 17:45:00+00:00,569.32,569.38,568.96,569.28,260209.0
2024-09-25 17:50:00+00:00,569.2795,569.98,569.23,569.9699,355291.0
2024-09-25 17:55:00+00:00,569.96,570.32,569.9,570.2719,551588.0
2024-09-25 18:00:00+00:00,570.25,570.38,569.93,570.04,390195.0
2024-09-25 18:05:00+00:00,570.03,570.16,569.61,569.79,247096.0
2024-09-25 18:10:00+00:00,569.79,569.84,569.3656,569.435,239740.0
2024-09-25 18:15:00+00:00,569.4301,569.73,569.03,569.645,307102.0
2024-09-25 18:20:00+00:00,569.66,569.79,569.57,569.74,170065.0
2024-09-25 18:25:00+00:00,569.7325,570.2,569.73,570.2,271156.0
2024-09-25 18:30:00+00:00,570.17,570.17,569.85,570.06,204523.0
2024-09-25 18:35:00+00:00,570.05,570.28,570.01,570.06,199112.0
2024-09-25 18:40:00+00:00,570.05,570.14,569.97,570.07,111059.0
2024-09-25 18:45:00+00:00,570.081,570.21,570.02,570.149,221050.0
2024-09-25 18:50:00+00:00,570.15,570.24,569.98,570.1801,407274.0
2024-09-25 18:55:00+00:00,570.17,570.2,569.77,570.025,318132.0
2024-09-25 19:00:00+00:00,570.02,570.26,569.91,570.2,221562.0
2024-09-25 19:05:00+00:00,570.215,570.26,569.98,569.995,211444.0
2024-09-25 19:10:00+00:00,570.0,570.13,569.84,569.88,484286.0
2024-09-25 19:15:00+00:00,569.89,569.97,569.74,569.79,344849.0
2024-09-25 19:20:00+00:00,569.8,569.894994,569.7,569.8,188602.0
2024-09-25 19:25:00+00:00,569.805,569.89,569.78,569.865,129917.0
2024-09-25 19:30:00+00:00,569.835,569.86,569.552317,569.7,639091.0
2024-09-25 19:35:00+00:00,569.705,569.78,569.34,569.46,514435.0
2024-09-25 19:40:00+00:00,569.47,569.5392,569.33,569.52,844712.0
2024-09-25 19:45:00+00:00,569.52,569.78,569.47,569.6701,759403.0
2024-09-25 19:50:00+00:00,569.69,569.93,569.54,569.82,1244520.0
2024-09-25 19:55:00+00:00,569.8,570.14,569.63,570.0,1771857.0
2024-09-25 20:00:00+00:00,570.0,570.37,569.84,570.35,1386596.0
2024-09-25 20:05:00+00:00,570.32,570.398,569.93,570.27,354441.0
2024-09-25 20:10:00+00:00,570.25,570.49,570.25,570.46,2569782.0
2024-09-25 20:15:00+00:00,570.43,570.5,570.27,570.34,84608.0
2024-09-25 20:20:00+00:00,570.31,570.31,570.11,570.18,30775.0
2024-09-25 20:25:00+00:00,570.19,570.28,570.19,570.28,62343.0
2024-09-25 20:30:00+00:00,570.27,570.32,570.27,570.28,10801.0
2024-09-25 20:35:00+00:00,570.29,570.3,570.27,570.29,32878.0
2024-09-25 20:40:00+00:00,570.32,570.35,569.9434,570.31,6428.0
2024-09-25 20:45:00+00:00,570.3,570.38,570.3,570.38,29936.0
2024-09-25 20:50:00+00:00,570.38,570.39,570.04,570.38,44303.0
2024-09-25 20:55:00+00:00,570.39,570.39,570.3,570.3,10295.0
2024-09-25 21:00:00+00:00,570.26,570.36,570.22,570.26,5047.0
2024-09-25 21:05:00+00:00,570.26,570.35,570.26,570.35,275723.0
2024-09-25 21:10:00+00:00,570.35,570.35,570.25,570.25,898.0
2024-09-25 21:15:00+00:00,570.39,570.45,570.376,570.4,3284.0
2024-09-25 21:20:00+00:00,570.27,570.49,570.26,570.49,5202.0
2024-09-25 21:25:00+00:00,570.49,570.5,570.27,570.27,14746.0
2024-09-25 21:35:00+00:00,570.43,570.43,570.35,570.35,3603.0
2024-09-25 21:45:00+00:00,570.3,570.45,570.3,570.45,4925.0
2024-09-25 21:50:00+00:00,570.45,570.5,570.45,570.5,1588.0
2024-09-25 21:55:00+00:00,570.5,570.54,570.4035,570.4035,10071.0
2024-09-25 22:00:00+00:00,570.4,570.4,570.12,570.12,14569.0
2024-09-25 22:05:00+00:00,570.24,570.25,570.17,570.23,3016.0
2024-09-25 22:10:00+00:00,570.23,570.23,570.164,570.23,1786.0
2024-09-25 22:15:00+00:00,570.21,570.21,570.21,570.21,2166.0
2024-09-25 22:20:00+00:00,570.15,570.15,570.15,570.15,242.0
2024-09-25 22:25:00+00:00,570.17,570.24,570.17,570.22,2036.0
2024-09-25 22:30:00+00:00,570.2,570.47,570.2,570.47,2053.0
2024-09-25 22:35:00+00:00,570.47,570.47,570.4,570.42,2107.0
2024-09-25 22:40:00+00:00,570.45,570.56,570.45,570.53,5770.0
2024-09-25 22:45:00+00:00,570.54,570.57,570.48,570.48,2362.0
2024-09-25 22:50:00+00:00,570.4,570.488,570.4,570.488,3815.0
2024-09-25 22:55:00+00:00,570.4715,570.5,570.46,570.47,4332.0
2024-09-25 23:00:00+00:00,570.46,570.46,570.4,570.42,5038.0
2024-09-25 23:10:00+00:00,570.38,570.4499,570.36,570.4499,12183.0
2024-09-25 23:15:00+00:00,570.44,570.47,570.44,570.47,1258.0
2024-09-25 23:20:00+00:00,570.44,570.44,570.44,570.44,1119.0
2024-09-25 23:25:00+00:00,570.52,570.53,570.51,570.51,1151.0
2024-09-25 23:30:00+00:00,570.51,570.59,570.51,570.579,2071.0
2024-09-25 23:35:00+00:00,570.53,570.55,570.53,570.55,513.0
2024-09-25 23:40:00+00:00,570.5875,570.639,570.54,570.629,2701.0
2024-09-25 23:45:00+00:00,570.63,571.0,570.63,571.0,19575.0
2024-09-25 23:50:00+00:00,570.99,570.99,570.87,570.9,4370.0
2024-09-25 23:55:00+00:00,570.9,570.97,570.8825,570.94,16404.0
2024-09-26 08:00:00+00:00,573.72,574.62,573.72,574.48,11670.0
2024-09-26 08:05:00+00:00,574.5,574.52,574.36,574.36,4972.0
2024-09-26 08:10:00+00:00,574.4,574.72,574.39,574.62,2682.0
2024-09-26 08:15:00+00:00,574.68,574.74,574.6,574.6,2864.0
2024-09-26 08:20:00+00:00,574.67,574.69,574.6,574.69,4734.0
2024-09-26 08:25:00+00:00,574.7,574.7,574.55,574.68,5761.0
2024-09-26 08:30:00+00:00,574.68,574.68,574.66,574.67,2604.0
2024-09-26 08:35:00+00:00,574.66,574.82,574.51,574.51,10627.0
2024-09-26 08:40:00+00:00,574.45,574.45,574.33,574.37,2036.0
2024-09-26 08:45:00+00:00,574.41,574.42,574.41,574.42,3486.0
2024-09-26 08:50:00+00:00,574.42,574.43,574.4,574.4,1731.0
2024-09-26 08:55:00+00:00,574.57,574.57,574.57,574.57,187.0
2024-09-26 09:00:00+00:00,574.52,574.53,574.34,574.4,2417.0
2024-09-26 09:05:00+00:00,574.39,574.43,574.39,574.39,1756.0
2024-09-26 09:10:00+00:00,574.3,574.41,574.22,574.41,1877.0
2024-09-26 09:15:00+00:00,574.34,574.34,574.34,574.34,261.0
2024-09-26 09:20:00+00:00,574.34,574.36,574.32,574.32,860.0
2024-09-26 09:25:00+00:00,574.29,574.54,574.29,574.45,8238.0
2024-09-26 09:30:00+00:00,574.38,574.49,574.38,574.49,779.0
2024-09-26 09:35:00+00:00,574.51,574.6,574.51,574.6,757.0
2024-09-26 09:45:00+00:00,574.51,574.52,574.41,574.49,635.0
2024-09-26 09:50:00+00:00,574.48,574.48,574.4,574.4,1140.0
2024-09-26 09:55:00+00:00,574.39,574.44,574.38,574.43,3330.0
2024-09-26 10:00:00+00:00,574.43,574.46,574.39,574.39,1622.0
2024-09-26 10:05:00+00:00,574.36,574.36,574.31,574.31,1375.0
2024-09-26 10:10:00+00:00,574.37,574.37,574.33,574.33,314.0
2024-09-26 10:15:00+00:00,574.39,574.53,574.39,574.53,6672.0
2024-09-26 10:20:00+00:00,574.53,574.53,574.41,574.41,1135.0
2024-09-26 10:25:00+00:00,574.53,574.6,574.53,574.57,12396.0
2024-09-26 10:30:00+00:00,574.56,574.63,574.53,574.53,2046.0
2024-09-26 10:35:00+00:00,574.48,574.51,574.48,574.51,549.0
2024-09-26 10:40:00+00:00,574.57,574.7,574.54,574.7,2397.0
2024-09-26 10:45:00+00:00,574.73,574.8,574.73,574.8,1488.0
2024-09-26 10:50:00+00:00,574.8,574.85,574.8,574.85,2349.0
2024-09-26 10:55:00+00:00,574.71,574.81,574.67,574.78,6759.0
2024-09-26 11:00:00+00:00,574.89,574.9,574.27,574.48,150677.0
2024-09-26 11:05:00+00:00,574.521,574.69,574.52,574.64,18655.0
2024-09-26 11:10:00+00:00,574.57,574.57,574.4,574.43,56501.0
2024-09-26 11:15:00+00:00,574.43,574.5,574.37,574.47,12082.0
2024-09-26 11:20:00+00:00,574.43,574.46,574.38,574.38,3844.0
2024-09-26 11:25:00+00:00,574.49,574.7,574.49,574.7,20603.0
2024-09-26 11:30:00+00:00,574.68,574.8,574.64,574.64,2723.0
2024-09-26 11:35:00+00:00,574.6,574.65,574.5,574.6,5011.0
2024-09-26 11:40:00+00:00,574.7,574.7,574.5,574.5,4722.0
2024-09-26 11:45:00+00:00,574.49,574.55,574.4,574.46,14186.0
2024-09-26 11:50:00+00:00,574.46,574.5,574.35,574.45,12503.0
2024-09-26 11:55:00+00:00,574.39,574.45,574.36,574.37,15997.0
2024-09-26 12:00:00+00:00,574.76,574.8396,572.6,574.26,54142.0
2024-09-26 12:05:00+00:00,574.2,574.212,574.01,574.05,44425.0
2024-09-26 12:10:00+00:00,574.05,574.3,574.05,574.26,15068.0
2024-09-26 12:15:00+00:00,574.3,574.45,574.28,574.43,48916.0
2024-09-26 12:20:00+00:00,574.43,574.62,574.35,574.61,26594.0
2024-09-26 12:25:00+00:00,574.61,574.7834,574.547,574.6,13438.0
2024-09-26 12:30:00+00:00,574.69,574.97,574.3,574.58,85054.0
2024-09-26 12:35:00+00:00,574.76,574.8,574.44,574.48,17592.0
2024-09-26 12:40:00+00:00,574.442,574.75,574.35,574.7,25599.0
2024-09-26 12:45:00+00:00,574.74,574.74,574.54,574.57,9935.0
2024-09-26 12:50:00+00:00,574.54,574.82,574.54,574.71,14705.0
2024-09-26 12:55:00+00:00,574.75,574.75,574.63,574.65,6261.0
2024-09-26 13:00:00+00:00,574.7,574.81,574.64,574.81,16856.0
2024-09-26 13:05:00+00:00,574.79,575.0,574.79,574.94,47089.0
2024-09-26 13:10:00+00:00,574.97,575.0,574.9,574.9,26089.0
2024-09-26 13:15:00+00:00,574.9,574.98,574.83,574.98,16688.0
2024-09-26 13:20:00+00:00,574.95,574.95,574.69,574.74,54506.0
2024-09-26 13:25:00+00:00,574.71,574.71,574.45,574.45,117358.0
2024-09-26 13:30:00+00:00,574.38,574.71,573.52,573.57,1667260.0
2024-09-26 13:35:00+00:00,573.58,574.12,573.35,573.5906,1115773.0
2024-09-26 13:40:00+00:00,573.59,573.6288,573.3113,573.62,648137.0
2024-09-26 13:45:00+00:00,573.61,573.76,573.3,573.59,547651.0
2024-09-26 13:50:00+00:00,573.6,573.67,573.3401,573.505,417384.0
2024-09-26 13:55:00+00:00,573.49,573.62,573.165,573.545,444264.0
2024-09-26 14:00:00+00:00,573.56,574.15,573.19,573.32,636006.0
2024-09-26 14:05:00+00:00,573.2886,573.29,572.74,572.97,526712.0
2024-09-26 14:10:00+00:00,572.96,573.35,572.9,573.17,394493.0
2024-09-26 14:15:00+00:00,573.18,573.37,573.01,573.08,334651.0
2024-09-26 14:20:00+00:00,573.14,573.142659,572.53,572.79,426290.0
2024-09-26 14:25:00+00:00,572.78,572.82,572.43,572.624,702233.0
2024-09-26 14:30:00+00:00,572.62,572.82,572.37,572.81,977027.0
2024-09-26 14:35:00+00:00,572.82,573.44,572.62,573.37,537988.0
2024-09-26 14:40:00+00:00,573.36,573.36,572.6,572.7099,486684.0
2024-09-26 14:45:00+00:00,572.72,573.2,572.26,572.59,496155.0
2024-09-26 14:50:00+00:00,572.57,572.65,571.76,572.01,547953.0
2024-09-26 14:55:00+00:00,572.01,572.04,571.03,571.235,890957.0
2024-09-26 15:00:00+00:00,571.24,571.6845,570.9,571.65,1116533.0
2024-09-26 15:05:00+00:00,571.64,572.12,571.64,571.9001,308130.0
2024-09-26 15:10:00+00:00,571.9159,571.9201,571.18,571.35,304789.0
2024-09-26 15:15:00+00:00,571.36,571.61,571.11,571.13,335572.0
2024-09-26 15:20:00+00:00,571.1101,571.46,570.95,571.22,194994.0
2024-09-26 15:25:00+00:00,571.22,571.36,570.97,571.3399,170647.0
2024-09-26 15:30:00+00:00,571.2801,571.38,570.98,571.06,230160.0
2024-09-26 15:35:00+00:00,571.05,571.58,571.0223,571.51,177259.0
2024-09-26 15:40:00+00:00,571.59,571.77,571.4,571.74,342129.0
2024-09-26 15:45:00+00:00,571.73,572.01,571.62,571.6799,497889.0
2024-09-26 15:50:00+00:00,571.68,572.17,571.6375,572.14,270634.0
2024-09-26 15:55:00+00:00,572.14,572.5701,572.09,572.4201,358970.0
2024-09-26 16:00:00+00:00,572.41,572.42,571.5,571.63,381722.0
2024-09-26 16:05:00+00:00,571.66,571.98,571.51,571.745,264682.0
2024-09-26 16:10:00+00:00,571.74,571.9,571.39,571.56,376919.0
2024-09-26 16:15:00+00:00,571.5658,571.7,571.46,571.515,173698.0
2024-09-26 16:20:00+00:00,571.47,571.58,571.13,571.33,219290.0
2024-09-26 16:25:00+00:00,571.33,571.68,571.1649,571.2499,251353.0
2024-09-26 16:30:00+00:00,571.24,571.315,571.01,571.0248,508504.0
2024-09-26 16:35:00+00:00,571.0124,571.37,571.01,571.33,690094.0
2024-09-26 16:40:00+00:00,571.31,571.33,570.8398,571.29,276305.0
2024-09-26 16:45:00+00:00,571.2992,571.4299,571.12,571.12,315559.0
2024-09-26 16:50:00+00:00,571.125,571.3,571.0,571.1,243966.0
2024-09-26 16:55:00+00:00,571.1057,571.14,570.9,571.08,205298.0
2024-09-26 17:00:00+00:00,571.07,571.37,570.88,571.36,219516.0
2024-09-26 17:05:00+00:00,571.35,571.425,570.8605,570.99,218294.0
2024-09-26 17:10:00+00:00,570.97,571.24,570.805,570.92,224739.0
2024-09-26 17:15:00+00:00,570.92,570.94,569.9,570.14,671015.0
2024-09-26 17:20:00+00:00,570.12,570.61,570.07,570.36,417484.0
2024-09-26 17:25:00+00:00,570.3401,571.13,570.33,571.09,459323.0
2024-09-26 17:30:00+00:00,571.1,571.49,571.07,571.28,516972.0
2024-09-26 17:35:00+00:00,571.28,571.405,571.18,571.3499,1409387.0
2024-09-26 17:40:00+00:00,571.35,571.62,571.33,571.57,689228.0
2024-09-26 17:45:00+00:00,571.57,571.68,571.51,571.65,249771.0
2024-09-26 17:50:00+00:00,571.64,571.68,571.42,571.63,1018210.0
2024-09-26 17:55:00+00:00,571.63,571.76,571.48,571.53,179668.0
2024-09-26 18:00:00+00:00,571.55,571.765,571.54,571.7,326164.0
2024-09-26 18:05:00+00:00,571.69,571.81,571.6099,571.78,231585.0
2024-09-26 18:10:00+00:00,571.79,572.31,571.6901,572.267,433588.0
2024-09-26 18:15:00+00:00,572.27,572.73,572.25,572.31,450776.0
2024-09-26 18:20:00+00:00,572.32,572.48,572.23,572.44,270885.0
2024-09-26 18:25:00+00:00,572.44,572.47,572.28,572.42,209127.0
2024-09-26 18:30:00+00:00,572.41,572.45,572.1,572.19,406969.0
2024-09-26 18:35:00+00:00,572.2,572.33,571.98,572.28,218202.0
2024-09-26 18:40:00+00:00,572.26,572.2895,572.03,572.07,196077.0
2024-09-26 18:45:00+00:00,572.04,572.1,571.94,571.99,353277.0
2024-09-26 18:50:00+00:00,572.0,572.29,572.0,572.25,243058.0
2024-09-26 18:55:00+00:00,572.2101,572.42,572.2,572.26,305689.0
2024-09-26 19:00:00+00:00,572.24,572.2795,572.03,572.17,308014.0
2024-09-26 19:05:00+00:00,572.17,572.265,572.07,572.14,330860.0
2024-09-26 19:10:00+00:00,572.14,572.47,572.1201,572.37,698196.0
2024-09-26 19:15:00+00:00,572.36,572.37,572.1605,572.34,407828.0
2024-09-26 19:20:00+00:00,572.33,572.43,572.23,572.28,311707.0
2024-09-26 19:25:00+00:00,572.29,572.3401,571.94,572.12,480916.0
2024-09-26 19:30:00+00:00,572.12,572.1499,571.82,572.06,433698.0
2024-09-26 19:35:00+00:00,572.055,572.11,571.9,572.04,475218.0
2024-09-26 19:40:00+00:00,572.05,572.14,571.98,572.07,325374.0
2024-09-26 19:45:00+00:00,572.07,572.28,572.02,572.28,562250.0
2024-09-26 19:50:00+00:00,572.29,572.4,571.915,572.21,797080.0
2024-09-26 19:55:00+00:00,572.21,572.75,572.0,572.29,3586127.0
2024-09-26 20:00:00+00:00,572.3,572.52,572.15,572.31,338868.0
2024-09-26 20:05:00+00:00,572.32,572.57,572.3,572.54,122374.0
2024-09-26 20:10:00+00:00,572.56,572.56,572.31,572.34,3589459.0
2024-09-26 20:15:00+00:00,572.34,572.44,572.32,572.34,552588.0
2024-09-26 20:20:00+00:00,572.33,572.39,572.3,572.38,31371.0
2024-09-26 20:25:00+00:00,572.38,572.41,572.28,572.36,2053694.0
2024-09-26 20:30:00+00:00,572.36,572.47,572.35,572.47,27601.0
2024-09-26 20:35:00+00:00,572.47,572.49,572.41,572.46,314445.0
2024-09-26 20:40:00+00:00,572.44,572.44,572.34,572.3895,16963.0
2024-09-26 20:45:00+00:00,572.38,572.38,572.27,572.36,87717.0
2024-09-26 20:50:00+00:00,572.36,572.37,572.3,572.32,24562.0
2024-09-26 20:55:00+00:00,572.37,572.39,572.33,572.36,81380.0
2024-09-26 21:00:00+00:00,572.3425,572.3855,572.3,572.3,4755.0
2024-09-26 21:05:00+00:00,572.3,572.3,572.3,572.3,10013.0
2024-09-26 21:10:00+00:00,572.31,572.33,572.3,572.3,5841.0
2024-09-26 21:15:00+00:00,572.35,572.3738,572.35,572.3738,456.0
2024-09-26 21:20:00+00:00,572.3615,572.39,572.3615,572.39,3449.0
2024-09-26 21:25:00+00:00,572.38,572.44,572.3,572.44,11082.0
2024-09-26 21:30:00+00:00,572.35,572.36,572.33,572.33,650.0
2024-09-26 21:35:00+00:00,572.35,572.35,572.35,572.35,1868.0
2024-09-26 21:40:00+00:00,572.33,572.33,572.33,572.33,1799.0
2024-09-26 21:45:00+00:00,572.32,572.32,572.3,572.3,11275.0
2024-09-26 21:50:00+00:00,572.33,572.37,572.3,572.35,2770.0
2024-09-26 21:55:00+00:00,572.35,572.42,572.35,572.38,6478.0
2024-09-26 22:00:00+00:00,572.36,572.48,572.36,572.47,12708.0
2024-09-26 22:05:00+00:00,572.47,572.7785,572.47,572.75,8135.0
2024-09-26 22:10:00+00:00,572.73,572.87,572.73,572.86,6484.0
2024-09-26 22:15:00+00:00,572.851,573.07,572.851,573.07,8252.0
2024-09-26 22:20:00+00:00,573.07,573.07,572.9502,572.9502,5126.0
2024-09-26 22:25:00+00:00,572.978,572.98,572.95,572.95,1246.0
2024-09-26 22:30:00+00:00,572.9475,572.95,572.83,572.83,7165.0
2024-09-26 22:35:00+00:00,572.9,572.9,572.9,572.9,657.0
2024-09-26 22:40:00+00:00,572.81,572.95,572.81,572.95,873.0
2024-09-26 22:45:00+00:00,572.98,573.0,572.98,572.99,2469.0
2024-09-26 22:50:00+00:00,572.9,572.94,572.9,572.91,1701.0
2024-09-26 22:55:00+00:00,572.88,572.88,572.78,572.8,4423.0
2024-09-26 23:00:00+00:00,572.8,572.8,572.62,572.62,5090.0
2024-09-26 23:05:00+00:00,572.7425,572.8,572.73,572.8,1084.0
2024-09-26 23:10:00+00:00,572.85,572.877,572.85,572.86,854.0
2024-09-26 23:15:00+00:00,572.73,572.73,572.73,572.73,319.0
2024-09-26 23:20:00+00:00,572.76,572.76,572.75,572.75,836.0
2024-09-26 23:25:00+00:00,572.65,572.66,572.64,572.66,1454.0
2024-09-26 23:30:00+00:00,572.65,572.65,572.59,572.59,498.0
2024-09-26 23:35:00+00:00,572.65,572.65,572.583,572.61,1002.0
2024-09-26 23:40:00+00:00,572.56,572.57,572.4915,572.53,1821.0
2024-09-26 23:45:00+00:00,572.51,572.51,572.3,572.3,60773.0
2024-09-26 23:50:00+00:00,572.33,572.33,572.29,572.33,13888.0
2024-09-26 23:55:00+00:00,572.36,572.44,572.36,572.4,5123.0
2024-09-27 08:00:00+00:00,571.44,571.72,571.4,571.72,3507.0
2024-09-27 08:05:00+00:00,571.57,571.77,571.53,571.77,4067.0
2024-09-27 08:10:00+00:00,571.66,571.84,571.64,571.71,2600.0
2024-09-27 08:15:00+00:00,571.85,571.85,571.69,571.69,619.0
2024-09-27 08:20:00+00:00,572.27,572.36,572.27,572.29,1354.0
2024-09-27 08:25:00+00:00,572.29,572.37,572.22,572.22,1210.0
2024-09-27 08:30:00+00:00,572.33,572.52,572.33,572.52,2031.0
2024-09-27 08:35:00+00:00,572.44,572.44,572.32,572.39,1481.0
2024-09-27 08:40:00+00:00,572.36,572.36,572.08,572.08,1063.0
2024-09-27 08:45:00+00:00,572.02,572.02,572.02,572.02,121.0
2024-09-27 08:50:00+00:00,572.03,572.17,572.03,572.17,523.0
2024-09-27 08:55:00+00:00,572.0,572.0,572.0,572.0,135.0
2024-09-27 09:05:00+00:00,572.07,572.15,572.07,572.15,608.0
2024-09-27 09:10:00+00:00,572.38,572.38,572.26,572.26,1174.0
2024-09-27 09:15:00+00:00,572.31,572.5,572.3,572.5,1406.0
2024-09-27 09:20:00+00:00,572.54,572.54,572.31,572.31,1219.0
2024-09-27 09:25:00+00:00,572.18,572.19,572.18,572.19,4090.0
2024-09-27 09:30:00+00:00,572.0,572.0,571.85,571.85,1270.0
2024-09-27 09:35:00+00:00,572.07,572.07,572.07,572.07,301.0
2024-09-27 09:40:00+00:00,572.08,572.3,572.08,572.3,565.0
2024-09-27 09:45:00+00:00,572.42,572.42,572.28,572.28,400.0
2024-09-27 09:55:00+00:00,572.4,572.4,572.4,572.4,219.0
2024-09-27 10:00:00+00:00,572.37,572.37,572.2,572.2,676.0
2024-09-27 10:05:00+00:00,572.52,572.55,572.52,572.55,454.0
2024-09-27 10:15:00+00:00,572.31,572.31,572.31,572.31,224.0
2024-09-27 10:20:00+00:00,572.27,572.27,572.27,572.27,254.0
2024-09-27 10:25:00+00:00,572.23,572.23,572.23,572.23,503.0
2024-09-27 10:30:00+00:00,572.24,572.24,572.12,572.12,418.0
2024-09-27 10:35:00+00:00,572.17,572.17,572.17,572.17,169.0
2024-09-27 10:40:00+00:00,572.09,572.13,571.98,572.03,7506.0
2024-09-27 10:45:00+00:00,572.15,572.21,572.15,572.21,2178.0
2024-09-27 10:50:00+00:00,572.25,572.25,572.2,572.2,1033.0
2024-09-27 10:55:00+00:00,572.1,572.11,572.06,572.11,1003.0
2024-09-27 11:00:00+00:00,572.07,572.23,572.07,572.18,3620.0
2024-09-27 11:10:00+00:00,572.24,572.27,572.02,572.06,9216.0
2024-09-27 11:15:00+00:00,572.1,572.24,572.07,572.23,2627.0
2024-09-27 11:20:00+00:00,572.33,572.33,572.27,572.27,2233.0
2024-09-27 11:25:00+00:00,572.3,572.3,572.3,572.3,357.0
2024-09-27 11:30:00+00:00,572.43,572.5,572.43,572.49,677.0
2024-09-27 11:35:00+00:00,572.42,572.42,572.35,572.37,876.0
2024-09-27 11:40:00+00:00,572.31,572.43,572.31,572.43,1520.0
2024-09-27 11:45:00+00:00,572.5,572.55,572.46,572.53,9281.0
2024-09-27 11:50:00+00:00,572.56,572.59,572.47,572.59,8969.0
2024-09-27 11:55:00+00:00,572.64,572.71,572.61,572.64,4643.0
2024-09-27 12:00:00+00:00,572.0942,572.99,571.5,572.84,73494.0
2024-09-27 12:05:00+00:00,572.87,573.04,572.85,572.99,17745.0
2024-09-27 12:10:00+00:00,572.95,572.99,572.86,572.95,6074.0
2024-09-27 12:15:00+00:00,572.92,573.02,572.89,572.93,5239.0
2024-09-27 12:20:00+00:00,572.98,573.02,572.911,572.94,5409.0
2024-09-27 12:25:00+00:00,572.93,573.08,572.902,573.03,14979.0
2024-09-27 12:30:00+00:00,573.0,573.56,572.85,573.18,97361.0
2024-09-27 12:35:00+00:00,573.24,573.74,573.24,573.74,46464.0
2024-09-27 12:40:00+00:00,573.74,573.77,573.54,573.57,28666.0
2024-09-27 12:45:00+00:00,573.69,573.9,573.69,573.82,44832.0
2024-09-27 12:50:00+00:00,573.78,573.81,573.17,573.2,23699.0
2024-09-27 12:55:00+00:00,573.24,573.58,573.16,573.58,23230.0
2024-09-27 13:00:00+00:00,573.55,573.55,573.3,573.489,14044.0
2024-09-27 13:05:00+00:00,573.58,573.66,573.54,573.66,9718.0
2024-09-27 13:10:00+00:00,573.64,573.7,573.53,573.58,13460.0
2024-09-27 13:15:00+00:00,573.58,573.6,573.3,573.32,8496.0
2024-09-27 13:20:00+00:00,573.41,573.47,573.32,573.34,44540.0
2024-09-27 13:25:00+00:00,573.28,573.43,573.23,573.38,68743.0
2024-09-27 13:30:00+00:00,573.39,573.56,573.06,573.39,1263660.0
2024-09-27 13:35:00+00:00,573.37,573.46,572.93,572.9728,556074.0
2024-09-27 13:40:00+00:00,572.99,573.26,572.8,572.9,507093.0
2024-09-27 13:45:00+00:00,572.91,573.13,572.84,573.0,347871.0
2024-09-27 13:50:00+00:00,573.0,573.05,572.705,572.895,356761.0
2024-09-27 13:55:00+00:00,572.8907,573.09,572.76,573.0,205491.0
2024-09-27 14:00:00+00:00,573.02,573.72,572.64,573.32,527088.0
2024-09-27 14:05:00+00:00,573.29,573.48,573.04,573.25,376014.0
2024-09-27 14:10:00+00:00,573.24,573.44,572.81,573.42,325700.0
2024-09-27 14:15:00+00:00,573.41,573.46,573.12,573.16,563315.0
2024-09-27 14:20:00+00:00,573.17,573.79,573.13,573.74,411283.0
2024-09-27 14:25:00+00:00,573.76,574.22,573.76,573.85,1623864.0
2024-09-27 14:30:00+00:00,573.855,573.9,573.34,573.35,586344.0
2024-09-27 14:35:00+00:00,573.34,573.951,573.24,573.83,574994.0
2024-09-27 14:40:00+00:00,573.8205,573.93,573.5,573.55,285063.0
2024-09-27 14:45:00+00:00,573.55,573.93,573.43,573.56,259741.0
2024-09-27 14:50:00+00:00,573.56,573.8,573.47,573.765,319018.0
2024-09-27 14:55:00+00:00,573.75,573.86,573.58,573.71,313624.0
2024-09-27 15:00:00+00:00,573.665,573.72,573.505,573.57,305073.0
2024-09-27 15:05:00+00:00,573.63,573.7093,573.2991,573.41,339539.0
2024-09-27 15:10:00+00:00,573.4,573.53,573.14,573.2798,180727.0
2024-09-27 15:15:00+00:00,573.26,573.2899,572.93,573.0099,341380.0
2024-09-27 15:20:00+00:00,573.03,573.3,572.92,573.0499,146653.0
2024-09-27 15:25:00+00:00,573.04,573.42,572.965,573.2827,186221.0
2024-09-27 15:30:00+00:00,573.2975,573.31,572.84,572.96,254412.0
2024-09-27 15:35:00+00:00,572.9401,573.1,572.77,572.92,391415.0
2024-09-27 15:40:00+00:00,572.92,573.19,572.72,573.175,189500.0
2024-09-27 15:45:00+00:00,573.175,573.2,572.77,572.82,176586.0
2024-09-27 15:50:00+00:00,572.81,572.81,572.43,572.71,455008.0
2024-09-27 15:55:00+00:00,572.73,572.77,572.41,572.44,152592.0
2024-09-27 16:00:00+00:00,572.435,572.51,572.31,572.39,240532.0
2024-09-27 16:05:00+00:00,572.39,572.63,572.13,572.1517,249331.0
2024-09-27 16:10:00+00:00,572.15,572.21,571.85,571.96,678968.0
2024-09-27 16:15:00+00:00,571.96,572.43,571.9,572.11,361552.0
2024-09-27 16:20:00+00:00,572.11,572.21,571.94,572.05,184766.0
2024-09-27 16:25:00+00:00,572.05,572.4495,571.91,572.23,253455.0
2024-09-27 16:30:00+00:00,572.2307,572.42,572.08,572.16,203279.0
2024-09-27 16:35:00+00:00,572.16,572.4857,572.15,572.28,267849.0
2024-09-27 16:40:00+00:00,572.29,572.34,572.16,572.24,139270.0
2024-09-27 16:45:00+00:00,572.23,572.29,572.04,572.09,378189.0
2024-09-27 16:50:00+00:00,572.0601,572.18,572.02,572.045,117757.0
2024-09-27 16:55:00+00:00,572.05,572.24,572.05,572.19,126652.0
2024-09-27 17:00:00+00:00,572.1915,572.71,572.19,572.62,293385.0
2024-09-27 17:05:00+00:00,572.62,572.62,571.8,571.89,363061.0
2024-09-27 17:10:00+00:00,571.878,572.09,571.82,572.0,163479.0
2024-09-27 17:15:00+00:00,571.98,572.03,571.78,571.81,362232.0
2024-09-27 17:20:00+00:00,571.81,572.04,571.76,571.98,258603.0
2024-09-27 17:25:00+00:00,571.9649,571.975,571.7502,571.775,186225.0
2024-09-27 17:30:00+00:00,571.77,571.87,571.645,571.785,190203.0
2024-09-27 17:35:00+00:00,571.79,571.81,571.53,571.5499,159006.0
2024-09-27 17:40:00+00:00,571.546,571.99,571.53,571.95,309578.0
2024-09-27 17:45:00+00:00,571.96,572.16,571.8203,572.02,309768.0
2024-09-27 17:50:00+00:00,572.015,572.37,571.99,572.285,211598.0
2024-09-27 17:55:00+00:00,572.2805,572.46,572.16,572.43,165115.0
2024-09-27 18:00:00+00:00,572.43,572.65,572.08,572.12,460452.0
2024-09-27 18:05:00+00:00,572.11,572.18,571.895,572.04,178939.0
2024-09-27 18:10:00+00:00,572.0499,572.1,571.96,572.02,161673.0
2024-09-27 18:15:00+00:00,572.0,572.16,571.805,571.83,246770.0
2024-09-27 18:20:00+00:00,571.85,572.06,571.845,571.9,223792.0
2024-09-27 18:25:00+00:00,571.9177,571.95,571.18,571.205,594992.0
2024-09-27 18:30:00+00:00,571.21,571.27,570.42,571.01,810554.0
2024-09-27 18:35:00+00:00,571.04,571.08,570.53,570.92,393742.0
2024-09-27 18:40:00+00:00,570.92,571.3697,570.77,571.3,898416.0
2024-09-27 18:45:00+00:00,571.29,571.91,571.27,571.82,385123.0
2024-09-27 18:50:00+00:00,571.8,571.93,571.53,571.77,334781.0
2024-09-27 18:55:00+00:00,571.77,572.39,571.73,572.19,407296.0
2024-09-27 19:00:00+00:00,572.19,572.25,571.95,572.2195,294209.0
2024-09-27 19:05:00+00:00,572.18,572.3,571.93,572.01,282583.0
2024-09-27 19:10:00+00:00,572.02,572.18,571.82,571.99,455658.0
2024-09-27 19:15:00+00:00,572.0,572.34,571.95,572.1201,753933.0
2024-09-27 19:20:00+00:00,572.14,572.24,571.77,571.8999,350304.0
2024-09-27 19:25:00+00:00,571.8917,572.07,571.61,571.9771,352990.0
2024-09-27 19:30:00+00:00,571.97,572.1143,571.83,572.02,1160651.0
2024-09-27 19:35:00+00:00,572.0155,572.08,571.8002,571.81,519855.0
2024-09-27 19:40:00+00:00,571.8,571.82,571.58,571.63,523419.0
2024-09-27 19:45:00+00:00,571.63,571.75,571.43,571.4501,688588.0
2024-09-27 19:50:00+00:00,571.45,572.04,571.36,571.7901,896649.0
2024-09-27 19:55:00+00:00,571.79,571.99,571.32,571.41,2861240.0
2024-09-27 20:00:00+00:00,571.41,571.5,571.09,571.19,818560.0
2024-09-27 20:05:00+00:00,571.26,571.7531,571.17,571.21,5340151.0
2024-09-27 20:10:00+00:00,571.24,571.29,571.16,571.27,160168.0
2024-09-27 20:15:00+00:00,571.24,571.28,571.11,571.14,36375.0
2024-09-27 20:20:00+00:00,571.1,571.12,571.01,571.04,81689.0
2024-09-27 20:25:00+00:00,571.12,571.33,571.12,571.24,55068.0
2024-09-27 20:30:00+00:00,571.25,571.27,571.2,571.2,143976.0
2024-09-27 20:35:00+00:00,571.17,571.18,571.08,571.11,132400.0
2024-09-27 20:40:00+00:00,571.08,571.47,570.84,571.03,186898.0
2024-09-27 20:45:00+00:00,571.0501,571.15,571.05,571.06,6719.0
2024-09-27 20:50:00+00:00,571.06,571.06,570.84,570.92,27742.0
2024-09-27 20:55:00+00:00,570.91,571.01,570.91,570.92,16425.0
2024-09-27 21:00:00+00:00,570.81,571.47,570.81,570.88,12601.0
2024-09-27 21:05:00+00:00,571.0,571.0,570.9,570.9,12986.0
2024-09-27 21:10:00+00:00,570.9,571.0,570.9,570.9,10833.0
2024-09-27 21:15:00+00:00,570.937,571.0515,570.89,570.99,10539.0
2024-09-27 21:20:00+00:00,571.05,571.1,571.05,571.1,11882.0
2024-09-27 21:25:00+00:00,571.1,571.19,571.0,571.17,18664.0
2024-09-27 21:30:00+00:00,571.17,571.18,571.1,571.17,16872.0
2024-09-27 21:35:00+00:00,571.18,571.3,571.16,571.3,29743.0
2024-09-27 21:40:00+00:00,571.3,571.35,571.05,571.18,17233.0
2024-09-27 21:45:00+00:00,571.18,571.25,571.18,571.25,56814.0
2024-09-27 21:50:00+00:00,571.25,571.3,571.2,571.3,11297.0
2024-09-27 21:55:00+00:00,571.3,571.35,571.23,571.23,8765.0
2024-09-27 22:00:00+00:00,571.23,571.23,571.23,571.23,125.0
2024-09-27 22:10:00+00:00,571.13,571.13,571.05,571.05,3853.0
2024-09-27 22:15:00+00:00,571.05,571.06,570.95,570.96,6848.0
2024-09-27 22:20:00+00:00,570.95,570.95,570.88,570.88,8729.0
2024-09-27 22:25:00+00:00,570.88,570.88,570.77,570.79,11612.0
2024-09-27 22:30:00+00:00,570.8,570.85,570.8,570.85,599.0
2024-09-27 22:35:00+00:00,571.0095,571.0095,571.0095,571.0095,116.0
2024-09-27 22:45:00+00:00,571.0,571.01,571.0,571.01,408.0
2024-09-27 22:50:00+00:00,571.02,571.02,571.02,571.02,345.0
2024-09-27 22:55:00+00:00,571.0,571.06,571.0,571.0,939.0
2024-09-27 23:00:00+00:00,570.81,570.81,570.81,570.81,264.0
2024-09-27 23:10:00+00:00,570.9,570.9,570.9,570.9,291.0
2024-09-27 23:20:00+00:00,571.03,571.09,571.03,571.09,321.0
2024-09-27 23:25:00+00:00,571.09,571.09,571.09,571.09,1143.0
2024-09-27 23:30:00+00:00,571.0,571.0,571.0,571.0,249.0
2024-09-27 23:35:00+00:00,570.9999,571.0,570.97,571.0,1142.0
2024-09-27 23:40:00+00:00,570.98,570.98,570.95,570.95,859.0
2024-09-27 23:45:00+00:00,570.9,571.0,570.9,571.0,666.0
2024-09-27 23:50:00+00:00,571.0,571.0,571.0,571.0,1091.0
2024-09-27 23:55:00+00:00,570.9,570.9,570.65,570.67,13726.0
2024-09-30 08:00:00+00:00,571.5,571.6,571.33,571.33,4740.0
2024-09-30 08:05:00+00:00,571.34,571.39,571.08,571.16,5362.0
2024-09-30 08:10:00+00:00,571.11,571.19,571.08,571.19,1045.0
2024-09-30 08:15:00+00:00,571.0,571.05,570.88,571.0,2610.0
2024-09-30 08:20:00+00:00,570.91,571.17,570.9,571.16,2455.0
2024-09-30 08:25:00+00:00,571.27,571.44,571.27,571.39,1645.0
2024-09-30 08:30:00+00:00,570.94,570.99,570.85,570.99,662.0
2024-09-30 08:35:00+00:00,570.96,571.26,570.96,571.23,1576.0
2024-09-30 08:40:00+00:00,571.14,571.33,571.12,571.24,1649.0
2024-09-30 08:45:00+00:00,571.11,571.11,571.01,571.01,10607.0
2024-09-30 08:50:00+00:00,571.01,571.01,571.01,571.01,203.0
2024-09-30 08:55:00+00:00,571.02,571.2,571.02,571.14,1023.0
2024-09-30 09:00:00+00:00,570.96,570.96,570.89,570.89,533.0
2024-09-30 09:05:00+00:00,571.02,571.02,571.02,571.02,501.0
2024-09-30 09:10:00+00:00,571.13,571.13,570.91,570.92,1686.0
2024-09-30 09:15:00+00:00,570.92,570.92,570.68,570.7,2602.0
2024-09-30 09:20:00+00:00,570.76,571.15,570.76,571.15,3809.0
2024-09-30 09:25:00+00:00,571.23,571.36,571.18,571.33,2190.0
2024-09-30 09:30:00+00:00,571.25,571.42,571.25,571.35,850.0
2024-09-30 09:35:00+00:00,571.12,571.18,571.12,571.18,1560.0
2024-09-30 09:40:00+00:00,571.12,571.17,571.12,571.14,1124.0
2024-09-30 09:45:00+00:00,571.17,571.33,571.17,571.33,2168.0
2024-09-30 10:00:00+00:00,571.25,571.25,571.25,571.25,133.0
2024-09-30 10:05:00+00:00,571.13,571.18,571.13,571.18,338.0
2024-09-30 10:10:00+00:00,571.26,571.34,571.26,571.32,1463.0
2024-09-30 10:15:00+00:00,571.37,571.37,571.3,571.3,808.0
2024-09-30 10:20:00+00:00,571.24,571.24,571.23,571.23,1136.0
2024-09-30 10:25:00+00:00,571.33,571.42,571.23,571.23,2222.0
2024-09-30 10:30:00+00:00,571.18,571.18,571.01,571.01,699.0
2024-09-30 10:35:00+00:00,570.92,570.96,570.86,570.87,1213.0
2024-09-30 10:40:00+00:00,570.82,570.87,570.78,570.87,1458.0
2024-09-30 10:45:00+00:00,570.82,570.85,570.75,570.75,779.0
2024-09-30 10:50:00+00:00,570.91,570.91,570.91,570.91,152.0
2024-09-30 10:55:00+00:00,570.91,571.0,570.91,571.0,1214.0
2024-09-30 11:00:00+00:00,570.9,570.9,570.731,570.77,14648.0
2024-09-30 11:05:00+00:00,570.63,570.67,570.29,570.42,8761.0
2024-09-30 11:10:00+00:00,570.3,570.3,570.03,570.05,5339.0
2024-09-30 11:15:00+00:00,570.05,570.24,570.04,570.24,19488.0
2024-09-30 11:20:00+00:00,570.25,570.3,570.2,570.29,10020.0
2024-09-30 11:25:00+00:00,570.26,570.3,570.19,570.21,17678.0
2024-09-30 11:30:00+00:00,570.18,570.34,570.18,570.29,19948.0
2024-09-30 11:35:00+00:00,570.35,570.35,569.94,570.01,13290.0
2024-09-30 11:40:00+00:00,570.01,570.01,569.91,569.96,22159.0
2024-09-30 11:45:00+00:00,569.98,570.0,569.89,569.9,9282.0
2024-09-30 11:50:00+00:00,569.88,569.9,569.8,569.9,12950.0
2024-09-30 11:55:00+00:00,569.88,570.02,569.88,570.02,24752.0
2024-09-30 12:00:00+00:00,570.7604,572.0,569.89,570.11,39011.0
2024-09-30 12:05:00+00:00,570.0925,570.35,570.0925,570.35,9451.0
2024-09-30 12:10:00+00:00,570.36,570.36,570.13,570.13,5791.0
2024-09-30 12:15:00+00:00,570.13,570.22,570.08,570.16,10203.0
2024-09-30 12:20:00+00:00,570.13,570.15,570.06,570.1,4171.0
2024-09-30 12:25:00+00:00,570.1105,570.2,570.1101,570.2,9120.0
2024-09-30 12:30:00+00:00,570.24,570.24,570.04,570.1,24273.0
2024-09-30 12:35:00+00:00,570.1,570.26,570.1,570.12,9133.0
2024-09-30 12:40:00+00:00,570.02,570.17,569.98,570.03,13691.0
2024-09-30 12:45:00+00:00,570.0,570.22,570.0,570.22,5428.0
2024-09-30 12:50:00+00:00,570.25,570.37,570.25,570.37,8931.0
2024-09-30 12:55:00+00:00,570.34,570.34,570.22,570.22,9041.0
2024-09-30 13:00:00+00:00,570.25,570.34,570.07,570.28,4287.0
2024-09-30 13:05:00+00:00,570.28,570.42,570.27,570.38,22280.0
2024-09-30 13:10:00+00:00,570.43,570.62,570.42,570.58,37050.0
2024-09-30 13:15:00+00:00,570.58,570.58,570.38,570.39,16080.0
2024-09-30 13:20:00+00:00,570.36,570.38,570.28,570.29,27393.0
2024-09-30 13:25:00+00:00,570.28,570.47,570.28,570.42,37088.0
2024-09-30 13:30:00+00:00,570.42,571.2201,570.4,571.11,923810.0
2024-09-30 13:35:00+00:00,571.08,571.49,570.98,571.16,622837.0
2024-09-30 13:40:00+00:00,571.14,571.29,570.79,571.01,410523.0
2024-09-30 13:45:00+00:00,570.99,571.24,570.96,571.19,430632.0
2024-09-30 13:50:00+00:00,571.2,571.3,570.88,570.9499,263162.0
2024-09-30 13:55:00+00:00,570.92,571.04,570.61,570.6492,271354.0
2024-09-30 14:00:00+00:00,570.62,571.08,570.4499,570.73,344532.0
2024-09-30 14:05:00+00:00,570.7,571.06,570.65,570.95,199550.0
2024-09-30 14:10:00+00:00,570.95,570.98,570.66,570.6699,233565.0
2024-09-30 14:15:00+00:00,570.66,570.785,570.47,570.5493,304742.0
2024-09-30 14:20:00+00:00,570.53,570.76,570.41,570.42,208926.0
2024-09-30 14:25:00+00:00,570.41,570.92,570.25,570.92,287256.0
2024-09-30 14:30:00+00:00,570.9126,571.46,570.865,571.2999,430541.0
2024-09-30 14:35:00+00:00,571.3,571.52,570.91,571.35,322638.0
2024-09-30 14:40:00+00:00,571.36,571.46,571.18,571.3,606909.0
2024-09-30 14:45:00+00:00,571.32,571.63,571.225,571.4575,205599.0
2024-09-30 14:50:00+00:00,571.44,571.48,571.19,571.33,146494.0
2024-09-30 14:55:00+00:00,571.32,571.45,571.17,571.27,213876.0
2024-09-30 15:00:00+00:00,571.29,571.69,571.21,571.645,259867.0
2024-09-30 15:05:00+00:00,571.65,571.707229,571.13,571.18,268152.0
2024-09-30 15:10:00+00:00,571.2,571.655,571.1,571.59,234320.0
2024-09-30 15:15:00+00:00,571.61,571.76,571.44,571.53,238033.0
2024-09-30 15:20:00+00:00,571.54,571.75,571.5,571.575,234353.0
2024-09-30 15:25:00+00:00,571.58,571.65,571.31,571.63,225876.0
2024-09-30 15:30:00+00:00,571.63,571.82,571.321,571.38,271838.0
2024-09-30 15:35:00+00:00,571.3801,571.47,571.0402,571.09,228953.0
2024-09-30 15:40:00+00:00,571.09,571.3795,570.7311,571.2401,287422.0
2024-09-30 15:45:00+00:00,571.24,571.6,571.1801,571.53,205276.0
2024-09-30 15:50:00+00:00,571.53,571.63,571.4287,571.54,332574.0
2024-09-30 15:55:00+00:00,571.54,571.64,571.48,571.565,241676.0
2024-09-30 16:00:00+00:00,571.57,571.8051,571.5401,571.78,614389.0
2024-09-30 16:05:00+00:00,571.78,572.25,571.74,571.97,444519.0
2024-09-30 16:10:00+00:00,571.97,572.26,571.65,572.0644,267318.0
2024-09-30 16:15:00+00:00,572.085,572.2299,571.9701,571.99,175674.0
2024-09-30 16:20:00+00:00,571.98,572.25,571.9,571.9301,227656.0
2024-09-30 16:25:00+00:00,571.94,572.05,571.85,571.88,3455858.0
2024-09-30 16:30:00+00:00,571.87,571.96,571.665,571.7,243824.0
2024-09-30 16:35:00+00:00,571.7,571.96,571.7,571.78,124146.0
2024-09-30 16:40:00+00:00,571.78,571.78,571.56,571.58,140799.0
2024-09-30 16:45:00+00:00,571.57,571.72,571.5376,571.65,267482.0
2024-09-30 16:50:00+00:00,571.68,571.79,571.55,571.605,127836.0
2024-09-30 16:55:00+00:00,571.6,571.7,571.56,571.58,123669.0
2024-09-30 17:00:00+00:00,571.57,571.57,571.33,571.375,232655.0
2024-09-30 17:05:00+00:00,571.36,571.57,571.32,571.33,178642.0
2024-09-30 17:10:00+00:00,571.33,571.48,570.91,571.0405,318249.0
2024-09-30 17:15:00+00:00,571.0302,571.39,570.93,571.28,298125.0
2024-09-30 17:20:00+00:00,571.29,571.53,571.25,571.36,232084.0
2024-09-30 17:25:00+00:00,571.355,571.48,571.04,571.0694,175535.0
2024-09-30 17:30:00+00:00,571.04,571.24,570.99,571.15,205049.0
2024-09-30 17:35:00+00:00,571.14,571.3,571.08,571.13,141072.0
2024-09-30 17:40:00+00:00,571.1699,571.33,571.13,571.2601,108692.0
2024-09-30 17:45:00+00:00,571.27,571.35,571.11,571.34,175299.0
2024-09-30 17:50:00+00:00,571.34,571.4,571.27,571.34,101985.0
2024-09-30 17:55:00+00:00,571.33,571.71,571.09,571.59,497248.0
2024-09-30 18:00:00+00:00,571.58,571.63,571.32,571.43,167784.0
2024-09-30 18:05:00+00:00,571.43,571.44,570.88,571.26,293192.0
2024-09-30 18:10:00+00:00,571.24,571.24,570.38,570.48,541244.0
2024-09-30 18:15:00+00:00,570.48,570.48,569.4,569.41,1910638.0
2024-09-30 18:20:00+00:00,569.4,569.5,568.08,568.56,1490123.0
2024-09-30 18:25:00+00:00,568.56,569.41,568.23,569.2908,1304683.0
2024-09-30 18:30:00+00:00,569.29,569.975,568.73,569.7,701281.0
2024-09-30 18:35:00+00:00,569.68,570.62,569.62,570.45,844036.0
2024-09-30 18:40:00+00:00,570.45,570.88,570.36,570.7301,546215.0
2024-09-30 18:45:00+00:00,570.74,571.1,570.65,570.77,653537.0
2024-09-30 18:50:00+00:00,570.78,571.18,570.53,571.09,417307.0
2024-09-30 18:55:00+00:00,571.0892,571.12,570.52,570.541,422483.0
2024-09-30 19:00:00+00:00,570.55,570.55,569.93,570.4136,740516.0
2024-09-30 19:05:00+00:00,570.4,570.69,570.3,570.47,274846.0
2024-09-30 19:10:00+00:00,570.47,570.54,570.07,570.37,407479.0
2024-09-30 19:15:00+00:00,570.39,571.05,570.29,570.92,315090.0
2024-09-30 19:20:00+00:00,570.93,570.98,570.59,570.78,380429.0
2024-09-30 19:25:00+00:00,570.77,570.95,570.64,570.89,2391120.0
2024-09-30 19:30:00+00:00,570.9,571.27,570.8,570.9101,357187.0
2024-09-30 19:35:00+00:00,570.93,571.64,570.88,571.575,1099800.0
2024-09-30 19:40:00+00:00,571.59,572.0,571.3,571.95,1459091.0
2024-09-30 19:45:00+00:00,571.92,572.8,571.92,572.41,2042674.0
2024-09-30 19:50:00+00:00,572.42,573.65,572.37,573.51,3405610.0
2024-09-30 19:55:00+00:00,573.51,574.38,573.43,574.02,6805390.0
2024-09-30 20:00:00+00:00,573.94,574.1,573.1796,573.4,1528432.0
2024-09-30 20:05:00+00:00,573.36,574.046,573.15,573.19,2643808.0
2024-09-30 20:10:00+00:00,573.19,573.41,573.18,573.21,3684688.0
2024-09-30 20:15:00+00:00,573.2,574.0475,573.19,573.3505,2940295.0
2024-09-30 20:20:00+00:00,573.37,573.6,573.36,573.6,294246.0
2024-09-30 20:25:00+00:00,573.56,573.77,573.52,573.7095,116682.0
2024-09-30 20:30:00+00:00,573.7,573.7,573.51,573.55,95139.0
2024-09-30 20:35:00+00:00,573.55,573.64,573.5,573.6,197973.0
2024-09-30 20:40:00+00:00,573.58,573.58,573.4801,573.5,21956.0
2024-09-30 20:45:00+00:00,573.5,573.5,573.34,573.37,24389.0
2024-09-30 20:50:00+00:00,573.36,573.39,573.3,573.33,34040.0
2024-09-30 20:55:00+00:00,573.33,573.33,572.9575,572.96,76381.0
2024-09-30 21:00:00+00:00,572.96,573.07,572.86,573.0,44006.0
2024-09-30 21:05:00+00:00,572.95,572.95,572.89,572.95,56666.0
2024-09-30 21:10:00+00:00,573.0,573.02,572.95,572.96,4493.0
2024-09-30 21:15:00+00:00,572.96,572.98,572.91,572.95,44149.0
2024-09-30 21:20:00+00:00,573.0,573.0385,572.99,573.01,26852.0
2024-09-30 21:25:00+00:00,573.0,573.037,572.97,573.037,4437.0
2024-09-30 21:30:00+00:00,573.03,573.1,573.0,573.1,34753.0
2024-09-30 21:35:00+00:00,573.03,573.3,572.87,573.19,60179.0
2024-09-30 21:40:00+00:00,573.1715,573.19,573.1,573.14,6531.0
2024-09-30 21:45:00+00:00,573.17,573.19,573.17,573.19,13202.0
2024-09-30 21:50:00+00:00,573.2,573.24,573.11,573.24,213419.0
2024-09-30 21:55:00+00:00,573.23,573.24,573.15,573.18,4440.0
2024-09-30 22:00:00+00:00,573.17,573.26,573.14,573.17,22337.0
2024-09-30 22:05:00+00:00,573.16,573.16,572.8,572.83,32347.0
2024-09-30 22:10:00+00:00,572.84,572.86,572.74,572.8,14349.0
2024-09-30 22:15:00+00:00,572.8,572.8,572.56,572.73,18068.0
2024-09-30 22:20:00+00:00,572.8,572.8,572.75,572.75,10289.0
2024-09-30 22:25:00+00:00,572.95,573.05,572.95,573.0,4555.0
2024-09-30 22:30:00+00:00,573.02,573.05,573.0,573.05,7813.0
2024-09-30 22:35:00+00:00,573.15,573.25,573.15,573.2,1215.0
2024-09-30 22:40:00+00:00,573.22,573.25,573.13,573.131,2623.0
2024-09-30 22:45:00+00:00,573.09,573.15,573.03,573.131,7762.0
2024-09-30 22:50:00+00:00,573.16,573.18,573.12,573.12,5321.0
2024-09-30 22:55:00+00:00,573.14,573.2,573.1,573.1,2418.0
2024-09-30 23:00:00+00:00,573.05,573.05,572.92,572.95,2004.0
2024-09-30 23:05:00+00:00,572.95,572.95,572.84,572.85,2927.0
2024-09-30 23:10:00+00:00,573.0,573.14,572.98,573.14,3472.0
2024-09-30 23:15:00+00:00,573.06,573.06,572.98,573.001,3177.0
2024-09-30 23:20:00+00:00,572.9625,573.01,572.9625,573.01,1277.0
2024-09-30 23:25:00+00:00,572.9,572.9,572.85,572.85,479.0
2024-09-30 23:30:00+00:00,572.89,572.89,572.84,572.86,1495.0
2024-09-30 23:35:00+00:00,572.86,572.87,572.85,572.851,3290.0
2024-09-30 23:40:00+00:00,572.8905,572.91,572.88,572.91,2478.0
2024-09-30 23:45:00+00:00,572.87,572.95,572.87,572.92,1109.0
2024-09-30 23:50:00+00:00,572.87,573.02,572.87,573.0,6788.0
2024-09-30 23:55:00+00:00,573.08,573.27,573.07,573.24,6880.0
2024-10-01 08:00:00+00:00,573.5,573.81,573.5,573.81,2330.0
2024-10-01 08:05:00+00:00,573.41,573.46,573.3,573.3,3630.0
2024-10-01 08:10:00+00:00,573.4,573.4,573.14,573.14,1442.0
2024-10-01 08:15:00+00:00,573.18,573.35,573.18,573.32,2183.0
2024-10-01 08:20:00+00:00,573.28,573.43,573.2,573.2,2825.0
2024-10-01 08:25:00+00:00,573.23,573.34,573.2,573.28,1719.0
2024-10-01 08:35:00+00:00,573.56,573.57,573.38,573.38,1054.0
2024-10-01 08:40:00+00:00,573.41,573.51,573.38,573.51,604.0
2024-10-01 08:45:00+00:00,573.55,573.55,573.55,573.55,440.0
2024-10-01 08:50:00+00:00,573.36,573.36,573.27,573.27,1375.0
2024-10-01 08:55:00+00:00,573.12,573.16,573.12,573.16,513.0
2024-10-01 09:00:00+00:00,573.17,573.28,573.14,573.21,1533.0
2024-10-01 09:05:00+00:00,573.25,573.25,573.14,573.14,455.0
2024-10-01 09:10:00+00:00,573.12,573.2,573.06,573.2,1826.0
2024-10-01 09:15:00+00:00,573.11,573.21,573.05,573.05,722.0
2024-10-01 09:20:00+00:00,573.0,573.06,573.0,573.04,1809.0
2024-10-01 09:25:00+00:00,573.08,573.32,573.08,573.32,1555.0
2024-10-01 09:30:00+00:00,573.34,573.36,573.3,573.36,1405.0
2024-10-01 09:35:00+00:00,573.28,573.39,573.28,573.33,1489.0
2024-10-01 09:40:00+00:00,573.16,573.16,573.14,573.16,2541.0
2024-10-01 09:45:00+00:00,573.28,573.28,573.23,573.23,483.0
2024-10-01 09:50:00+00:00,573.41,573.41,573.41,573.41,129.0
2024-10-01 10:00:00+00:00,573.33,573.33,573.33,573.33,215.0
2024-10-01 10:05:00+00:00,573.4,573.46,573.36,573.41,2568.0
2024-10-01 10:10:00+00:00,573.44,573.56,573.44,573.55,6466.0
2024-10-01 10:15:00+00:00,573.6,573.6,573.59,573.59,744.0
2024-10-01 10:20:00+00:00,573.68,573.73,573.68,573.7,1955.0
2024-10-01 10:25:00+00:00,573.71,573.84,573.71,573.84,1570.0
2024-10-01 10:30:00+00:00,573.84,573.84,573.73,573.75,27947.0
2024-10-01 10:35:00+00:00,573.75,573.94,573.72,573.91,42188.0
2024-10-01 10:40:00+00:00,573.92,573.95,573.92,573.93,1241.0
2024-10-01 10:45:00+00:00,573.9,574.0,573.9,573.95,5954.0
2024-10-01 10:50:00+00:00,573.96,574.0,573.85,574.0,2576.0
2024-10-01 10:55:00+00:00,573.99,574.27,573.99,574.16,5704.0
2024-10-01 11:00:00+00:00,574.15,574.38,574.14,574.34,24203.0
2024-10-01 11:05:00+00:00,574.34,574.34,574.18,574.3,33155.0
2024-10-01 11:10:00+00:00,574.24,574.3,574.18,574.24,5430.0
2024-10-01 11:15:00+00:00,574.14,574.14,573.94,574.0,7524.0
2024-10-01 11:20:00+00:00,574.01,574.04,573.78,573.78,5552.0
2024-10-01 11:25:00+00:00,573.75,573.86,573.75,573.76,4379.0
2024-10-01 11:30:00+00:00,573.84,573.84,573.55,573.56,4895.0
2024-10-01 11:35:00+00:00,573.6,573.6,573.35,573.35,8696.0
2024-10-01 11:40:00+00:00,573.34,573.52,573.34,573.41,3751.0
2024-10-01 11:45:00+00:00,573.39,573.54,573.39,573.5,4841.0
2024-10-01 11:50:00+00:00,573.47,573.66,573.47,573.65,5291.0
2024-10-01 11:55:00+00:00,573.57,573.62,573.57,573.62,820.0
2024-10-01 12:00:00+00:00,574.25,574.352,572.88,573.76,39908.0
2024-10-01 12:05:00+00:00,573.66,573.75,573.58,573.75,7031.0
2024-10-01 12:10:00+00:00,573.7,573.7,573.59,573.659,2680.0
2024-10-01 12:15:00+00:00,573.6,573.6,573.42,573.5516,5694.0
2024-10-01 12:20:00+00:00,573.55,573.62,573.52,573.62,3552.0
2024-10-01 12:25:00+00:00,573.8,573.84,573.46,573.46,3786.0
2024-10-01 12:30:00+00:00,573.38,573.4,573.21,573.28,11425.0
2024-10-01 12:35:00+00:00,573.2951,573.42,573.2951,573.35,5895.0
2024-10-01 12:40:00+00:00,573.31,573.52,573.31,573.4,5694.0
2024-10-01 12:45:00+00:00,573.38,573.46,573.35,573.46,3598.0
2024-10-01 12:50:00+00:00,573.43,573.52,573.43,573.51,7263.0
2024-10-01 12:55:00+00:00,573.53,573.55,573.45,573.53,3572.0
2024-10-01 13:00:00+00:00,573.51,573.63,573.51,573.57,3997.0
2024-10-01 13:05:00+00:00,573.58,573.67,573.51,573.66,14057.0
2024-10-01 13:10:00+00:00,573.62,573.69,573.51,573.55,7357.0
2024-10-01 13:15:00+00:00,573.51,573.51,573.19,573.2,24557.0
2024-10-01 13:20:00+00:00,573.2,573.3,573.05,573.24,51020.0
2024-10-01 13:25:00+00:00,573.3,573.42,573.2,573.38,51864.0
2024-10-01 13:30:00+00:00,573.4,573.46,570.8,571.06,1853638.0
2024-10-01 13:35:00+00:00,571.07,571.15,569.71,570.4,1488095.0
2024-10-01 13:40:00+00:00,570.4,570.68,569.71,570.2199,1657933.0
2024-10-01 13:45:00+00:00,570.21,570.21,568.95,569.28,1415503.0
2024-10-01 13:50:00+00:00,569.29,569.46,568.62,569.055,1207808.0
2024-10-01 13:55:00+00:00,569.06,569.67,568.53,569.56,1335747.0
2024-10-01 14:00:00+00:00,569.5,570.32,568.78,569.52,1495073.0
2024-10-01 14:05:00+00:00,569.51,569.51,567.83,567.87,1047094.0
2024-10-01 14:10:00+00:00,567.86,568.31,567.02,567.6599,1783147.0
2024-10-01 14:15:00+00:00,567.63,567.7,567.0,567.1618,988727.0
2024-10-01 14:20:00+00:00,567.19,568.83,567.18,568.1101,1373953.0
2024-10-01 14:25:00+00:00,568.13,568.29,566.77,567.46,892217.0
2024-10-01 14:30:00+00:00,567.48,567.79,566.61,567.41,1110954.0
2024-10-01 14:35:00+00:00,567.37,568.38,567.03,568.13,1872766.0
2024-10-01 14:40:00+00:00,568.11,568.79,568.0,568.25,532352.0
2024-10-01 14:45:00+00:00,568.25,568.62,567.75,567.95,597312.0
2024-10-01 14:50:00+00:00,567.935,568.02,567.37,567.46,570561.0
2024-10-01 14:55:00+00:00,567.48,568.22,567.43,568.03,477978.0
2024-10-01 15:00:00+00:00,568.05,568.1,567.54,567.62,306654.0
2024-10-01 15:05:00+00:00,567.64,567.64,566.23,566.2699,804163.0
2024-10-01 15:10:00+00:00,566.24,566.49,566.15,566.1901,579711.0
2024-10-01 15:15:00+00:00,566.19,566.5863,566.0,566.5,771152.0
2024-10-01 15:20:00+00:00,566.49,567.16,566.42,566.66,858179.0
2024-10-01 15:25:00+00:00,566.68,568.0313,566.66,567.92,555819.0
2024-10-01 15:30:00+00:00,567.91,574.0622,567.66,568.37,1541761.0
2024-10-01 15:35:00+00:00,568.36,568.87,568.18,568.865,649772.0
2024-10-01 15:40:00+00:00,568.85,569.47,568.7018,569.02,1397803.0
2024-10-01 15:45:00+00:00,569.0,569.0,568.34,568.71,861771.0
2024-10-01 15:50:00+00:00,568.71,569.09,568.6955,568.8586,1294126.0
2024-10-01 15:55:00+00:00,568.86,569.075,568.34,568.37,329235.0
2024-10-01 16:00:00+00:00,568.3201,569.15,568.0599,569.04,492003.0
2024-10-01 16:05:00+00:00,569.0299,569.375,568.99,569.1199,365276.0
2024-10-01 16:10:00+00:00,569.14,569.6,568.51,568.75,563418.0
2024-10-01 16:15:00+00:00,568.76,569.16,568.685,568.8,298389.0
2024-10-01 16:20:00+00:00,568.87,569.15,568.54,568.725,198767.0
2024-10-01 16:25:00+00:00,568.74,568.93,568.18,568.77,902389.0
2024-10-01 16:30:00+00:00,568.76,568.8999,567.36,568.41,962269.0
2024-10-01 16:35:00+00:00,568.42,568.9,567.8,567.8905,667054.0
2024-10-01 16:40:00+00:00,567.89,568.27,567.26,567.34,709641.0
2024-10-01 16:45:00+00:00,567.37,567.46,566.57,567.13,820196.0
2024-10-01 16:50:00+00:00,567.13,568.82,567.09,568.38,940130.0
2024-10-01 16:55:00+00:00,568.4,568.9,567.62,568.37,872654.0
2024-10-01 17:00:00+00:00,568.3486,568.39,567.43,567.47,488552.0
2024-10-01 17:05:00+00:00,567.44,567.59,567.02,567.4,952935.0
2024-10-01 17:10:00+00:00,567.42,567.66,566.99,567.09,793423.0
2024-10-01 17:15:00+00:00,567.09,567.09,566.42,566.6,654084.0
2024-10-01 17:20:00+00:00,566.6,567.06,566.41,566.56,726956.0
2024-10-01 17:25:00+00:00,566.57,566.6992,566.27,566.44,1063764.0
2024-10-01 17:30:00+00:00,566.44,567.85,566.27,567.65,1507910.0
2024-10-01 17:35:00+00:00,567.64,567.64,566.88,567.26,661069.0
2024-10-01 17:40:00+00:00,567.25,568.19,567.15,568.08,793945.0
2024-10-01 17:45:00+00:00,568.1,568.4,567.815,567.87,789676.0
2024-10-01 17:50:00+00:00,567.88,568.38,567.78,568.38,261956.0
2024-10-01 17:55:00+00:00,568.36,569.37,568.0242,569.34,1036188.0
2024-10-01 18:00:00+00:00,569.32,569.99,569.28,569.74,790319.0
2024-10-01 18:05:00+00:00,569.69,570.04,569.56,569.85,634552.0
2024-10-01 18:10:00+00:00,569.86,570.15,569.68,570.13,533783.0
2024-10-01 18:15:00+00:00,570.1,570.6999,570.08,570.3,704625.0
2024-10-01 18:20:00+00:00,570.3,570.58,570.03,570.26,431584.0
2024-10-01 18:25:00+00:00,570.26,570.55,570.15,570.48,399208.0
2024-10-01 18:30:00+00:00,570.49,570.93,570.4,570.6,528677.0
2024-10-01 18:35:00+00:00,570.61,570.74,570.07,570.4999,640101.0
2024-10-01 18:40:00+00:00,570.5,570.67,570.11,570.4399,441366.0
2024-10-01 18:45:00+00:00,570.43,570.6,570.12,570.2894,394605.0
2024-10-01 18:50:00+00:00,570.29,570.67,569.88,570.16,479796.0
2024-10-01 18:55:00+00:00,570.1493,570.62,570.1493,570.4,477056.0
2024-10-01 19:00:00+00:00,570.38,570.45,570.045,570.145,330139.0
2024-10-01 19:05:00+00:00,570.15,570.48,569.925,570.29,335595.0
2024-10-01 19:10:00+00:00,570.29,570.3825,569.7,569.89,506047.0
2024-10-01 19:15:00+00:00,569.89,570.05,569.58,569.955,344693.0
2024-10-01 19:20:00+00:00,569.96,570.4,569.8605,570.22,428466.0
2024-10-01 19:25:00+00:00,570.22,570.4899,570.13,570.2601,374535.0
2024-10-01 19:30:00+00:00,570.275,570.275,569.36,569.36,419077.0
2024-10-01 19:35:00+00:00,569.37,569.54,568.86,569.37,664226.0
2024-10-01 19:40:00+00:00,569.3887,569.74,569.21,569.26,790893.0
2024-10-01 19:45:00+00:00,569.28,569.33,568.875,568.96,863475.0
2024-10-01 19:50:00+00:00,568.98,569.23,568.38,568.5852,998961.0
2024-10-01 19:55:00+00:00,568.58,569.11,568.44,568.69,2768248.0
2024-10-01 20:00:00+00:00,568.67,569.33,568.62,569.01,434092.0
2024-10-01 20:05:00+00:00,569.03,569.07,568.69,568.81,782130.0
2024-10-01 20:10:00+00:00,568.84,568.97,568.69,568.75,3424097.0
2024-10-01 20:15:00+00:00,568.74,568.81,568.6903,568.73,333167.0
2024-10-01 20:20:00+00:00,568.72,568.75,568.61,568.64,153010.0
2024-10-01 20:25:00+00:00,568.6,568.75,568.57,568.6704,129476.0
2024-10-01 20:30:00+00:00,568.6504,568.7399,568.62,568.62,13914.0
2024-10-01 20:35:00+00:00,568.63,568.65,568.55,568.64,17225.0
2024-10-01 20:40:00+00:00,568.65,568.65,568.44,568.44,16353.0
2024-10-01 20:45:00+00:00,568.4101,568.71,568.41,568.45,73161.0
2024-10-01 20:50:00+00:00,568.4,568.43,568.4,568.43,545126.0
2024-10-01 20:55:00+00:00,568.5,568.6,568.44,568.45,11242.0
2024-10-01 21:00:00+00:00,568.42,568.43,568.42,568.42,2507.0
2024-10-01 21:05:00+00:00,568.53,568.66,568.51,568.64,8216.0
2024-10-01 21:10:00+00:00,568.59,568.62,568.52,568.6,13585.0
2024-10-01 21:15:00+00:00,568.55,568.58,568.55,568.55,1623.0
2024-10-01 21:20:00+00:00,568.55,568.55,568.55,568.55,1171.0
2024-10-01 21:25:00+00:00,568.55,568.55,568.55,568.55,985.0
2024-10-01 21:30:00+00:00,568.55,568.55,568.54,568.55,5265.0
2024-10-01 21:35:00+00:00,568.6,568.62,568.6,568.62,840.0
2024-10-01 21:40:00+00:00,568.62,568.62,568.5,568.6,3784.0
2024-10-01 21:45:00+00:00,568.55,568.5504,568.52,568.52,2802.0
2024-10-01 21:50:00+00:00,568.49,568.49,568.4,568.49,3233.0
2024-10-01 21:55:00+00:00,568.57,568.69,568.52,568.69,12102.0
2024-10-01 22:00:00+00:00,568.73,568.98,567.9,567.93,38388.0
2024-10-01 22:05:00+00:00,567.9,567.99,567.7,567.95,26248.0
2024-10-01 22:10:00+00:00,567.86,568.04,567.49,567.71,25211.0
2024-10-01 22:15:00+00:00,567.74,568.0,567.72,567.98,34972.0
2024-10-01 22:20:00+00:00,568.02,568.02,567.7,567.77,10169.0
2024-10-01 22:25:00+00:00,567.84,568.0,567.81,567.86,12388.0
2024-10-01 22:30:00+00:00,567.6,567.96,567.6,567.91,16915.0
2024-10-01 22:35:00+00:00,567.91,568.14,567.811,568.04,22825.0
2024-10-01 22:40:00+00:00,567.93,567.93,567.19,567.19,3196.0
2024-10-01 22:45:00+00:00,567.35,567.67,567.35,567.416,9829.0
2024-10-01 22:50:00+00:00,567.3,567.56,567.25,567.49,15670.0
2024-10-01 22:55:00+00:00,567.45,567.72,567.45,567.64,8546.0
2024-10-01 23:00:00+00:00,567.47,567.66,567.47,567.66,2587.0
2024-10-01 23:05:00+00:00,567.63,567.73,567.43,567.73,34083.0
2024-10-01 23:10:00+00:00,567.62,567.81,567.62,567.75,4808.0
2024-10-01 23:15:00+00:00,567.8,567.96,567.67,567.67,3847.0
2024-10-01 23:20:00+00:00,567.6,567.6,567.37,567.42,16394.0
2024-10-01 23:25:00+00:00,567.27,567.45,566.98,567.29,41624.0
2024-10-01 23:30:00+00:00,567.25,567.49,567.2,567.43,72919.0
2024-10-01 23:35:00+00:00,567.39,567.59,567.39,567.57,10397.0
2024-10-01 23:40:00+00:00,567.57,567.75,567.57,567.57,24709.0
2024-10-01 23:45:00+00:00,567.66,568.07,567.58,568.07,40622.0
2024-10-01 23:50:00+00:00,567.99,568.0,567.4,567.65,9138.0
2024-10-01 23:55:00+00:00,567.75,567.77,567.67,567.76,5664.0
