Datetime,Open,High,Low,Close,Volume
2025-01-02 09:00:00+00:00,588.22,589.25,588.12,589.0,5733.0
2025-01-02 09:05:00+00:00,589.0,589.47,589.0,589.47,3947.0
2025-01-02 09:10:00+00:00,589.72,589.8,589.65,589.65,1459.0
2025-01-02 09:15:00+00:00,589.51,589.86,589.51,589.81,6877.0
2025-01-02 09:20:00+00:00,589.73,589.77,589.6,589.6,1109.0
2025-01-02 09:25:00+00:00,589.63,589.7,589.47,589.69,4176.0
2025-01-02 09:30:00+00:00,589.62,589.73,589.6,589.6,2396.0
2025-01-02 09:35:00+00:00,589.62,589.62,588.84,588.84,5266.0
2025-01-02 09:40:00+00:00,589.05,589.38,589.04,589.38,2982.0
2025-01-02 09:45:00+00:00,589.64,589.64,589.64,589.64,2198.0
2025-01-02 09:50:00+00:00,589.66,589.66,589.66,589.66,1030.0
2025-01-02 09:55:00+00:00,589.7,589.8,589.7,589.8,441.0
2025-01-02 10:00:00+00:00,589.89,590.01,589.7,589.7,2482.0
2025-01-02 10:05:00+00:00,589.55,589.55,589.55,589.55,384.0
2025-01-02 10:10:00+00:00,589.52,589.52,589.16,589.16,4295.0
2025-01-02 10:15:00+00:00,589.35,589.44,589.35,589.44,527.0
2025-01-02 10:20:00+00:00,589.7,589.7,589.54,589.54,486.0
2025-01-02 10:30:00+00:00,589.64,589.74,589.64,589.74,1345.0
2025-01-02 10:35:00+00:00,589.8,589.92,589.8,589.92,1155.0
2025-01-02 10:40:00+00:00,589.88,589.88,589.82,589.82,3211.0
2025-01-02 10:45:00+00:00,589.93,589.95,589.9,589.93,20548.0
2025-01-02 10:50:00+00:00,589.75,589.75,589.24,589.44,21289.0
2025-01-02 10:55:00+00:00,589.65,589.92,589.65,589.92,10631.0
2025-01-02 11:00:00+00:00,589.89,589.89,589.48,589.6,20267.0
2025-01-02 11:05:00+00:00,589.6,589.7,589.55,589.7,33503.0
2025-01-02 11:10:00+00:00,589.71,589.97,589.71,589.97,4998.0
2025-01-02 11:20:00+00:00,589.95,589.95,589.9,589.9,10023.0
2025-01-02 11:30:00+00:00,589.74,589.74,589.59,589.61,13072.0
2025-01-02 11:35:00+00:00,589.74,589.97,589.74,589.97,10572.0
2025-01-02 11:40:00+00:00,590.1,590.32,590.1,590.32,5133.0
2025-01-02 11:45:00+00:00,590.48,591.0,590.48,590.98,10667.0
2025-01-02 11:50:00+00:00,590.93,590.93,590.75,590.89,7745.0
2025-01-02 11:55:00+00:00,590.93,591.74,590.9,591.61,41013.0
2025-01-02 12:00:00+00:00,591.57,591.85,590.94,591.56,291382.0
2025-01-02 12:05:00+00:00,591.61,591.87,591.52,591.85,26542.0
2025-01-02 12:10:00+00:00,591.93,591.98,591.77,591.92,20417.0
2025-01-02 12:15:00+00:00,591.96,592.02,591.81,591.88,17917.0
2025-01-02 12:20:00+00:00,592.0,592.06,591.82,591.99,14931.0
2025-01-02 12:25:00+00:00,591.93,592.009,591.93,592.009,5852.0
2025-01-02 12:30:00+00:00,591.99,591.99,591.63,591.63,23310.0
2025-01-02 12:35:00+00:00,591.82,591.83,591.74,591.8,2113.0
2025-01-02 12:40:00+00:00,591.795,591.85,591.07,591.19,19492.0
2025-01-02 12:45:00+00:00,591.18,591.2,590.8,590.84,46045.0
2025-01-02 12:50:00+00:00,590.9,590.91,590.36,590.78,51552.0
2025-01-02 12:55:00+00:00,590.66,591.0,590.58,590.94,23520.0
2025-01-02 13:00:00+00:00,591.01,592.0113,588.49,591.0,99078.0
2025-01-02 13:05:00+00:00,591.06,591.09,590.8,590.91,16674.0
2025-01-02 13:10:00+00:00,590.83,590.85,590.73,590.75,8962.0
2025-01-02 13:15:00+00:00,590.77,590.8,590.5,590.5,13259.0
2025-01-02 13:20:00+00:00,590.48,590.75,590.29,590.62,15033.0
2025-01-02 13:25:00+00:00,590.41,590.57,590.31,590.48,16566.0
2025-01-02 13:30:00+00:00,590.52,590.9,590.07,590.9,13830.0
2025-01-02 13:35:00+00:00,590.85,591.24,590.82,591.1,21850.0
2025-01-02 13:40:00+00:00,591.03,591.35,590.97,591.22,18298.0
2025-01-02 13:45:00+00:00,591.16,591.16,586.08,590.83,8753.0
2025-01-02 13:50:00+00:00,590.86,590.86,590.3,590.56,18474.0
2025-01-02 13:55:00+00:00,590.55,590.56,590.33,590.34,4919.0
2025-01-02 14:00:00+00:00,590.4,590.45,589.0,589.45,113310.0
2025-01-02 14:05:00+00:00,589.489,589.93,589.46,589.77,57662.0
2025-01-02 14:10:00+00:00,589.76,589.86,589.53,589.7723,23890.0
2025-01-02 14:15:00+00:00,590.0,590.19,589.56,589.56,16548.0
2025-01-02 14:20:00+00:00,589.55,589.71,589.35,589.64,15894.0
2025-01-02 14:25:00+00:00,589.6,589.6,589.27,589.31,115359.0
2025-01-02 14:30:00+00:00,589.39,589.65,587.81,587.83,1864959.0
2025-01-02 14:35:00+00:00,587.8,587.91,586.23,586.26,944589.0
2025-01-02 14:40:00+00:00,586.27,587.19,586.14,587.14,718682.0
2025-01-02 14:45:00+00:00,587.15,588.58,587.0,588.54,553161.0
2025-01-02 14:50:00+00:00,588.56,589.95,588.16,589.95,842248.0
2025-01-02 14:55:00+00:00,589.93,590.52,589.66,590.17,774672.0
2025-01-02 15:00:00+00:00,590.18,590.58,589.8,590.53,571733.0
2025-01-02 15:05:00+00:00,590.54,591.13,590.02,590.49,765924.0
2025-01-02 15:10:00+00:00,590.46,590.96,590.102,590.6,541481.0
2025-01-02 15:15:00+00:00,590.6,590.86,589.4,589.45,633178.0
2025-01-02 15:20:00+00:00,589.47,589.6,587.36,587.72,762908.0
2025-01-02 15:25:00+00:00,587.72,588.49,587.3121,587.83,551300.0
2025-01-02 15:30:00+00:00,587.81,588.02,586.55,587.31,465378.0
2025-01-02 15:35:00+00:00,587.31,588.19,586.72,587.1701,424890.0
2025-01-02 15:40:00+00:00,587.22,587.66,586.34,587.0517,368411.0
2025-01-02 15:45:00+00:00,587.025,588.1099,586.4,587.98,410144.0
2025-01-02 15:50:00+00:00,587.98,588.78,587.17,588.45,422521.0
2025-01-02 15:55:00+00:00,588.4,588.55,587.24,587.61,261474.0
2025-01-02 16:00:00+00:00,587.59,587.8,585.2,585.5866,835943.0
2025-01-02 16:05:00+00:00,585.58,586.24,585.49,585.91,494280.0
2025-01-02 16:10:00+00:00,585.95,586.76,585.37,586.45,462006.0
2025-01-02 16:15:00+00:00,586.46,587.09,586.0642,586.981,346162.0
2025-01-02 16:20:00+00:00,586.95,587.7,586.01,587.39,379663.0
2025-01-02 16:25:00+00:00,587.4093,587.64,586.98,587.5301,234832.0
2025-01-02 16:30:00+00:00,587.47,587.8099,587.12,587.6101,203070.0
2025-01-02 16:35:00+00:00,587.64,588.35,587.52,587.94,258544.0
2025-01-02 16:40:00+00:00,587.94,588.54,587.83,587.93,279635.0
2025-01-02 16:45:00+00:00,587.91,588.67,587.77,588.59,228189.0
2025-01-02 16:50:00+00:00,588.59,588.77,587.35,587.7014,344414.0
2025-01-02 16:55:00+00:00,587.68,588.09,587.61,587.88,186433.0
2025-01-02 17:00:00+00:00,587.875,588.265,587.4,588.265,218988.0
2025-01-02 17:05:00+00:00,588.26,588.26,587.27,587.47,173621.0
2025-01-02 17:10:00+00:00,587.47,588.67,587.44,588.31,149892.0
2025-01-02 17:15:00+00:00,588.28,588.34,587.42,587.62,264420.0
2025-01-02 17:20:00+00:00,587.62,587.65,586.27,586.45,328829.0
2025-01-02 17:25:00+00:00,586.41,586.41,584.21,584.49,669874.0
2025-01-02 17:30:00+00:00,584.47,584.4733,583.38,583.67,1113914.0
2025-01-02 17:35:00+00:00,583.66,583.79,582.14,582.34,943918.0
2025-01-02 17:40:00+00:00,582.3399,582.8,581.43,582.17,918420.0
2025-01-02 17:45:00+00:00,582.2735,582.47,581.31,581.32,687055.0
2025-01-02 17:50:00+00:00,581.3,582.75,580.94,582.2,977249.0
2025-01-02 17:55:00+00:00,582.2,583.25,582.14,582.86,733644.0
2025-01-02 18:00:00+00:00,582.86,582.91,581.2501,581.5,712322.0
2025-01-02 18:05:00+00:00,581.59,583.09,581.46,582.65,698038.0
2025-01-02 18:10:00+00:00,582.66,582.66,581.53,581.69,465865.0
2025-01-02 18:15:00+00:00,581.71,581.97,581.09,581.85,588285.0
2025-01-02 18:20:00+00:00,581.85,582.58,581.61,581.85,429528.0
2025-01-02 18:25:00+00:00,581.85,582.38,581.51,582.36,303618.0
2025-01-02 18:30:00+00:00,582.325,582.325,580.75,580.9213,634203.0
2025-01-02 18:35:00+00:00,580.95,582.04,580.81,581.34,971568.0
2025-01-02 18:40:00+00:00,581.32,582.38,580.885,582.32,725959.0
2025-01-02 18:45:00+00:00,582.2695,582.3,580.99,581.27,465590.0
2025-01-02 18:50:00+00:00,581.29,583.4505,580.5,580.69,619484.0
2025-01-02 18:55:00+00:00,580.685,582.0,580.685,581.9,475294.0
2025-01-02 19:00:00+00:00,581.9,582.61,581.41,582.55,525800.0
2025-01-02 19:05:00+00:00,582.525,583.09,581.98,582.33,501718.0
2025-01-02 19:10:00+00:00,582.35,582.61,581.98,582.0899,316841.0
2025-01-02 19:15:00+00:00,582.07,582.6699,581.9,582.38,327190.0
2025-01-02 19:20:00+00:00,582.42,583.13,582.24,583.08,292883.0
2025-01-02 19:25:00+00:00,583.06,583.505,582.91,583.28,367041.0
2025-01-02 19:30:00+00:00,583.265,583.28,582.56,582.79,357752.0
2025-01-02 19:35:00+00:00,582.81,582.9294,582.1,582.7,319070.0
2025-01-02 19:40:00+00:00,582.66,583.2,582.64,582.82,202499.0
2025-01-02 19:45:00+00:00,582.83,583.81,582.19,583.34,496210.0
2025-01-02 19:50:00+00:00,583.36,583.99,583.19,583.56,367225.0
2025-01-02 19:55:00+00:00,583.57,583.57,582.02,582.1305,419802.0
2025-01-02 20:00:00+00:00,582.16,583.88,582.14,583.77,408489.0
2025-01-02 20:05:00+00:00,583.76,583.92,583.3711,583.78,346376.0
2025-01-02 20:10:00+00:00,583.78,584.69,583.64,584.36,519577.0
2025-01-02 20:15:00+00:00,584.34,584.46,583.8599,584.45,492094.0
2025-01-02 20:20:00+00:00,584.47,584.81,584.12,584.52,446240.0
2025-01-02 20:25:00+00:00,584.515,584.74,584.31,584.47,280098.0
2025-01-02 20:30:00+00:00,584.48,585.37,584.08,584.44,830742.0
2025-01-02 20:35:00+00:00,584.44,584.44,583.5502,583.855,497657.0
2025-01-02 20:40:00+00:00,583.88,584.37,583.81,584.1605,468457.0
2025-01-02 20:45:00+00:00,584.16,584.78,583.97,584.4601,638550.0
2025-01-02 20:50:00+00:00,584.485,585.06,583.99,584.1,883754.0
2025-01-02 20:55:00+00:00,584.11,584.81,583.81,584.58,2498085.0
2025-01-02 21:00:00+00:00,584.58,585.18,584.5451,585.05,707174.0
2025-01-02 21:05:00+00:00,585.0114,585.05,584.5351,585.04,422384.0
2025-01-02 21:10:00+00:00,585.0,585.11,584.82,585.08,1922985.0
2025-01-02 21:15:00+00:00,585.02,585.19,584.91,585.1487,40263.0
2025-01-02 21:20:00+00:00,585.1,585.25,584.64,585.17,132498.0
2025-01-02 21:25:00+00:00,585.19,585.379,585.09,585.379,60617.0
2025-01-02 21:30:00+00:00,585.34,585.34,585.15,585.17,147318.0
2025-01-02 21:35:00+00:00,585.22,585.24,585.03,585.04,68885.0
2025-01-02 21:40:00+00:00,585.04,585.1,584.89,585.0,25772.0
2025-01-02 21:45:00+00:00,584.97,585.04,584.93,585.03,7450.0
2025-01-02 21:50:00+00:00,584.93,584.95,584.9,584.95,10277.0
2025-01-02 21:55:00+00:00,584.9611,584.99,584.88,584.92,26854.0
2025-01-02 22:00:00+00:00,584.95,585.0,584.95,585.0,3405.0
2025-01-02 22:05:00+00:00,584.96,584.96,584.96,584.96,6579.0
2025-01-02 22:10:00+00:00,584.96,584.97,584.95,584.97,9645.0
2025-01-02 22:15:00+00:00,584.95,585.01,584.94,585.01,10065.0
2025-01-02 22:20:00+00:00,585.02,585.02,584.96,584.96,2340.0
2025-01-02 22:25:00+00:00,585.0,585.0,585.0,585.0,407.0
2025-01-02 22:30:00+00:00,584.96,584.96,584.96,584.96,724.0
2025-01-02 22:35:00+00:00,584.98,584.98,584.96,584.96,824.0
2025-01-02 22:40:00+00:00,584.96,584.97,584.96,584.97,518.0
2025-01-02 22:45:00+00:00,584.97,585.01,584.85,584.95,13155.0
2025-01-02 22:50:00+00:00,584.95,585.01,584.95,585.01,2207.0
2025-01-02 22:55:00+00:00,585.03,585.09,584.96,585.0,2440.0
2025-01-02 23:00:00+00:00,585.0,585.0,584.73,584.73,21846.0
2025-01-02 23:05:00+00:00,584.71,584.71,584.55,584.56,8438.0
2025-01-02 23:10:00+00:00,584.65,584.69,584.65,584.69,1166.0
2025-01-02 23:15:00+00:00,584.69,584.87,584.69,584.84,1889.0
2025-01-02 23:20:00+00:00,584.85,584.85,584.61,584.61,577.0
2025-01-02 23:25:00+00:00,584.6,584.6,584.36,584.37,5593.0
2025-01-02 23:30:00+00:00,584.46,584.46,584.3319,584.3319,2653.0
2025-01-02 23:35:00+00:00,584.38,584.38,584.33,584.33,759.0
2025-01-02 23:40:00+00:00,584.34,584.3993,584.34,584.3993,559.0
2025-01-02 23:45:00+00:00,584.3501,584.3501,584.11,584.22,2431.0
2025-01-02 23:50:00+00:00,584.24,584.3,584.24,584.27,700.0
2025-01-02 23:55:00+00:00,584.37,584.44,584.37,584.4,1648.0
2025-01-03 00:00:00+00:00,584.35,584.44,584.3,584.39,2272.0
2025-01-03 00:05:00+00:00,584.4,584.97,584.4,584.97,5349.0
2025-01-03 00:10:00+00:00,585.09,585.25,585.06,585.25,6272.0
2025-01-03 00:15:00+00:00,585.2,585.29,585.2,585.28,1343.0
2025-01-03 00:20:00+00:00,585.18,585.2,585.06,585.2,1718.0
2025-01-03 00:25:00+00:00,585.2799,585.61,585.19,585.55,8585.0
2025-01-03 00:30:00+00:00,585.51,585.56,585.5001,585.54,1636.0
2025-01-03 00:35:00+00:00,585.72,585.81,585.72,585.77,1055.0
2025-01-03 00:40:00+00:00,585.76,585.79,585.7,585.7,2750.0
2025-01-03 00:45:00+00:00,585.77,585.8,585.71,585.71,2169.0
2025-01-03 00:50:00+00:00,585.76,585.86,585.68,585.82,50242.0
2025-01-03 00:55:00+00:00,585.829,585.86,585.8,585.86,2671.0
2025-01-03 09:00:00+00:00,586.0,586.23,585.89,586.23,14370.0
2025-01-03 09:05:00+00:00,586.37,586.75,586.37,586.75,3280.0
2025-01-03 09:10:00+00:00,586.68,586.82,586.68,586.81,3270.0
2025-01-03 09:15:00+00:00,586.79,587.01,586.79,587.0,1775.0
2025-01-03 09:20:00+00:00,586.99,587.25,586.99,587.25,9169.0
2025-01-03 09:25:00+00:00,587.24,587.24,587.05,587.05,1624.0
2025-01-03 09:30:00+00:00,586.9,586.97,586.9,586.93,3650.0
2025-01-03 09:35:00+00:00,586.86,586.86,586.86,586.86,236.0
2025-01-03 09:40:00+00:00,586.97,587.18,586.97,587.18,1333.0
2025-01-03 09:45:00+00:00,587.01,587.01,586.95,586.95,266.0
2025-01-03 09:50:00+00:00,586.86,586.91,586.86,586.91,1618.0
2025-01-03 09:55:00+00:00,587.12,587.12,587.12,587.12,307.0
2025-01-03 10:00:00+00:00,586.9,586.9,586.68,586.68,12997.0
2025-01-03 10:05:00+00:00,586.69,586.69,586.63,586.63,1686.0
2025-01-03 10:10:00+00:00,586.69,586.72,586.69,586.72,302.0
2025-01-03 10:20:00+00:00,586.69,586.69,586.69,586.69,569.0
2025-01-03 10:25:00+00:00,586.45,586.46,586.31,586.46,1780.0
2025-01-03 10:30:00+00:00,586.55,586.55,586.55,586.55,202.0
2025-01-03 10:35:00+00:00,586.25,586.44,586.25,586.44,626.0
2025-01-03 10:45:00+00:00,586.35,586.35,586.32,586.32,375.0
2025-01-03 10:50:00+00:00,586.24,586.24,585.97,585.97,4034.0
2025-01-03 10:55:00+00:00,585.96,586.1,585.96,586.1,3290.0
2025-01-03 11:00:00+00:00,586.02,586.12,586.02,586.12,891.0
2025-01-03 11:05:00+00:00,585.89,585.89,585.8,585.8,1120.0
2025-01-03 11:10:00+00:00,585.7,585.8,585.7,585.75,1079.0
2025-01-03 11:15:00+00:00,585.91,585.92,585.85,585.85,584.0
2025-01-03 11:20:00+00:00,585.9,585.96,585.9,585.96,257.0
2025-01-03 11:25:00+00:00,586.19,586.19,586.12,586.12,451.0
2025-01-03 11:30:00+00:00,585.9,585.9,585.9,585.9,1208.0
2025-01-03 11:35:00+00:00,586.01,586.01,586.01,586.01,111.0
2025-01-03 11:40:00+00:00,586.11,586.11,586.03,586.03,408.0
2025-01-03 11:50:00+00:00,585.95,586.03,585.88,585.99,2737.0
2025-01-03 12:00:00+00:00,586.01,586.01,585.4,585.84,176642.0
2025-01-03 12:05:00+00:00,585.72,585.79,585.58,585.751,11254.0
2025-01-03 12:10:00+00:00,585.69,585.88,585.69,585.88,16490.0
2025-01-03 12:15:00+00:00,585.73,585.79,585.51,585.51,3226.0
2025-01-03 12:20:00+00:00,585.52,585.761,585.46,585.761,4191.0
2025-01-03 12:25:00+00:00,585.83,586.05,585.83,586.04,2311.0
2025-01-03 12:30:00+00:00,586.001,586.031,585.88,585.89,6316.0
2025-01-03 12:35:00+00:00,585.95,586.0,585.95,586.0,16071.0
2025-01-03 12:40:00+00:00,586.09,586.1,585.91,585.91,7730.0
2025-01-03 12:45:00+00:00,585.95,586.1,585.95,586.1,3897.0
2025-01-03 12:50:00+00:00,586.01,586.28,586.01,586.28,22541.0
2025-01-03 12:55:00+00:00,586.28,586.35,586.25,586.28,14895.0
2025-01-03 13:00:00+00:00,586.0,586.75,585.48,586.63,47046.0
2025-01-03 13:05:00+00:00,586.67,586.791,586.62,586.72,12355.0
2025-01-03 13:10:00+00:00,586.721,586.805,586.57,586.591,35627.0
2025-01-03 13:15:00+00:00,586.58,586.63,586.4,586.4,4432.0
2025-01-03 13:20:00+00:00,586.4,586.52,586.4,586.52,10182.0
2025-01-03 13:25:00+00:00,586.54,586.69,586.49,586.69,17713.0
2025-01-03 13:30:00+00:00,586.72,586.91,586.72,586.91,17385.0
2025-01-03 13:35:00+00:00,586.9,586.92,586.7,586.7,18777.0
2025-01-03 13:40:00+00:00,586.701,586.88,586.691,586.691,7308.0
2025-01-03 13:45:00+00:00,586.68,586.74,586.49,586.62,27821.0
2025-01-03 13:50:00+00:00,586.71,586.71,586.24,586.38,11438.0
2025-01-03 13:55:00+00:00,586.37,586.37,586.1194,586.1194,25199.0
2025-01-03 14:00:00+00:00,586.2,586.43,586.2,586.3,10293.0
2025-01-03 14:05:00+00:00,586.25,586.8,586.25,586.7905,26128.0
2025-01-03 14:10:00+00:00,586.8,586.94,586.76,586.94,9344.0
2025-01-03 14:15:00+00:00,586.85,587.33,586.85,587.31,45198.0
2025-01-03 14:20:00+00:00,587.3,587.4,587.271,587.28,67976.0
2025-01-03 14:25:00+00:00,587.32,587.6,587.32,587.47,83538.0
2025-01-03 14:30:00+00:00,587.53,588.62,586.91,588.069,1728922.0
2025-01-03 14:35:00+00:00,588.07,589.49,587.58,589.405,690113.0
2025-01-03 14:40:00+00:00,589.4,589.545,589.06,589.29,643265.0
2025-01-03 14:45:00+00:00,589.2808,589.46,587.52,587.88,1090121.0
2025-01-03 14:50:00+00:00,587.85,588.24,586.79,587.68,721560.0
2025-01-03 14:55:00+00:00,587.685,588.11,587.42,588.01,407299.0
2025-01-03 15:00:00+00:00,588.02,589.16,587.441,589.0801,625494.0
2025-01-03 15:05:00+00:00,589.02,589.46,588.59,589.0824,479980.0
2025-01-03 15:10:00+00:00,589.09,589.34,587.68,588.16,495189.0
2025-01-03 15:15:00+00:00,588.17,588.6,587.13,587.61,557139.0
2025-01-03 15:20:00+00:00,587.64,588.04,586.43,587.79,623513.0
2025-01-03 15:25:00+00:00,587.83,588.39,587.59,588.22,388653.0
2025-01-03 15:30:00+00:00,588.24,588.59,587.55,588.54,280028.0
2025-01-03 15:35:00+00:00,588.47,589.12,588.175,588.545,420211.0
2025-01-03 15:40:00+00:00,588.59,589.4595,588.5,588.98,413292.0
2025-01-03 15:45:00+00:00,588.97,589.34,588.63,588.99,286320.0
2025-01-03 15:50:00+00:00,588.9705,589.19,588.405,588.72,209568.0
2025-01-03 15:55:00+00:00,588.69,589.305,588.48,589.15,209421.0
2025-01-03 16:00:00+00:00,589.18,589.85,588.96,589.55,332841.0
2025-01-03 16:05:00+00:00,589.56,589.59,588.25,588.4751,403028.0
2025-01-03 16:10:00+00:00,588.51,588.6599,588.12,588.5399,259631.0
2025-01-03 16:15:00+00:00,588.55,588.78,588.325,588.75,182986.0
2025-01-03 16:20:00+00:00,588.77,589.25,588.56,589.0,247944.0
2025-01-03 16:25:00+00:00,588.97,589.65,588.95,589.63,295683.0
2025-01-03 16:30:00+00:00,589.6,590.29,589.555,590.25,466186.0
2025-01-03 16:35:00+00:00,590.24,590.61,589.905,590.33,313613.0
2025-01-03 16:40:00+00:00,590.33,590.8,590.27,590.67,197070.0
2025-01-03 16:45:00+00:00,590.65,590.86,590.52,590.77,255534.0
2025-01-03 16:50:00+00:00,590.79,590.99,590.68,590.83,292043.0
2025-01-03 16:55:00+00:00,590.83,590.95,590.3024,590.3861,254780.0
2025-01-03 17:00:00+00:00,590.39,590.81,590.39,590.785,197594.0
2025-01-03 17:05:00+00:00,590.79,591.01,590.65,590.68,267602.0
2025-01-03 17:10:00+00:00,590.66,590.8401,590.26,590.31,198745.0
2025-01-03 17:15:00+00:00,590.295,590.8899,590.1,590.1405,243061.0
2025-01-03 17:20:00+00:00,590.18,590.51,590.04,590.5,264158.0
2025-01-03 17:25:00+00:00,590.5,590.8205,590.11,590.145,243200.0
2025-01-03 17:30:00+00:00,590.15,590.3854,589.9,590.3199,199939.0
2025-01-03 17:35:00+00:00,590.23,590.42,590.16,590.31,116990.0
2025-01-03 17:40:00+00:00,590.32,590.5,590.25,590.28,166800.0
2025-01-03 17:45:00+00:00,590.305,590.49,590.09,590.45,280037.0
2025-01-03 17:50:00+00:00,590.44,590.69,590.425,590.53,321462.0
2025-01-03 17:55:00+00:00,590.51,590.76,590.4263,590.69,233189.0
2025-01-03 18:00:00+00:00,590.69,590.77,590.2,590.47,292779.0
2025-01-03 18:05:00+00:00,590.47,590.725,590.45,590.62,279595.0
2025-01-03 18:10:00+00:00,590.62,590.76,590.54,590.69,200172.0
2025-01-03 18:15:00+00:00,590.69,590.88,590.6101,590.88,284081.0
2025-01-03 18:20:00+00:00,590.9,591.01,590.7158,590.82,363733.0
2025-01-03 18:25:00+00:00,590.82,591.5,590.815,591.495,473188.0
2025-01-03 18:30:00+00:00,591.5,591.7799,591.16,591.3,531278.0
2025-01-03 18:35:00+00:00,591.32,591.82,591.31,591.7773,182301.0
2025-01-03 18:40:00+00:00,591.77,591.8401,591.59,591.64,207689.0
2025-01-03 18:45:00+00:00,591.64,591.81,591.61,591.67,175759.0
2025-01-03 18:50:00+00:00,591.68,591.6801,591.38,591.59,141197.0
2025-01-03 18:55:00+00:00,591.59,591.72,591.05,591.29,332841.0
2025-01-03 19:00:00+00:00,591.31,591.66,591.11,591.615,252718.0
2025-01-03 19:05:00+00:00,591.63,591.88,591.46,591.86,318379.0
2025-01-03 19:10:00+00:00,591.85,591.98,591.67,591.89,205683.0
2025-01-03 19:15:00+00:00,591.91,592.1498,591.8001,592.1001,314599.0
2025-01-03 19:20:00+00:00,592.11,592.2,591.88,591.91,250281.0
2025-01-03 19:25:00+00:00,591.9,592.11,591.765,592.1,249168.0
2025-01-03 19:30:00+00:00,592.08,592.36,592.0,592.2924,305131.0
2025-01-03 19:35:00+00:00,592.31,592.6,592.23,592.5711,284345.0
2025-01-03 19:40:00+00:00,592.58,592.59,592.3301,592.38,341612.0
2025-01-03 19:45:00+00:00,592.36,592.52,592.21,592.35,228932.0
2025-01-03 19:50:00+00:00,592.34,592.35,591.88,592.13,453400.0
2025-01-03 19:55:00+00:00,592.14,592.18,591.96,592.07,269150.0
2025-01-03 20:00:00+00:00,592.04,592.04,591.43,591.56,444948.0
2025-01-03 20:05:00+00:00,591.59,591.9687,591.51,591.8,320641.0
2025-01-03 20:10:00+00:00,591.8,591.96,591.682,591.9199,254601.0
2025-01-03 20:15:00+00:00,591.91,591.959,591.835,591.86,220506.0
2025-01-03 20:20:00+00:00,591.87,591.98,591.67,591.77,263923.0
2025-01-03 20:25:00+00:00,591.76,592.0,591.6701,591.93,388326.0
2025-01-03 20:30:00+00:00,591.93,591.93,591.375,591.72,587017.0
2025-01-03 20:35:00+00:00,591.71,591.97,591.625,591.74,465226.0
2025-01-03 20:40:00+00:00,591.74,591.815,591.52,591.56,453790.0
2025-01-03 20:45:00+00:00,591.56,591.69,591.05,591.35,1434103.0
2025-01-03 20:50:00+00:00,591.34,591.63,591.11,591.385,1095535.0
2025-01-03 20:55:00+00:00,591.39,592.21,591.36,591.87,3064693.0
2025-01-03 21:00:00+00:00,591.9,591.95,591.51,591.64,658249.0
2025-01-03 21:05:00+00:00,591.62,591.8,591.6,591.77,104349.0
2025-01-03 21:10:00+00:00,591.76,591.76,591.59,591.6,1006649.0
2025-01-03 21:15:00+00:00,591.6,591.64,591.45,591.45,165034.0
2025-01-03 21:20:00+00:00,591.41,591.95,591.4,591.5,668298.0
2025-01-03 21:25:00+00:00,591.46,591.63,591.45,591.51,83273.0
2025-01-03 21:30:00+00:00,591.5,591.57,591.45,591.53,18794.0
2025-01-03 21:35:00+00:00,591.63,591.64,591.51,591.54,9537.0
2025-01-03 21:40:00+00:00,591.55,591.59,591.52,591.57,4703.0
2025-01-03 21:45:00+00:00,591.4,591.49,591.4,591.49,15779.0
2025-01-03 21:50:00+00:00,591.45,591.52,591.45,591.51,17380.0
2025-01-03 21:55:00+00:00,591.46,591.5,591.4301,591.49,4337.0
2025-01-03 22:00:00+00:00,591.54,591.62,591.5,591.6,4959.0
2025-01-03 22:05:00+00:00,591.54,591.54,591.5302,591.5302,881.0
2025-01-03 22:10:00+00:00,591.6,591.66,591.6,591.66,3845.0
2025-01-03 22:15:00+00:00,591.67,591.7,591.67,591.67,3651.0
2025-01-03 22:20:00+00:00,591.59,591.6382,591.55,591.57,5103.0
2025-01-03 22:25:00+00:00,591.57,591.58,591.57,591.58,3197.0
2025-01-03 22:30:00+00:00,591.62,591.62,591.6,591.6,1255.0
2025-01-03 22:40:00+00:00,591.58,591.58,591.58,591.58,482.0
2025-01-03 22:45:00+00:00,591.6225,591.6225,591.6225,591.6225,315.0
2025-01-03 22:50:00+00:00,591.66,591.66,591.62,591.62,846.0
2025-01-03 23:00:00+00:00,591.72,591.76,591.72,591.76,535.0
2025-01-03 23:05:00+00:00,591.75,591.8,591.75,591.8,7494.0
2025-01-03 23:10:00+00:00,591.78,591.78,591.71,591.72,3031.0
2025-01-03 23:20:00+00:00,591.63,591.72,591.63,591.72,1480.0
2025-01-03 23:25:00+00:00,591.72,591.72,591.72,591.72,3898.0
2025-01-03 23:30:00+00:00,591.72,591.83,591.72,591.83,2938.0
2025-01-03 23:35:00+00:00,591.8295,591.9,591.82,591.82,4956.0
2025-01-03 23:40:00+00:00,591.8215,591.91,591.8215,591.91,393.0
2025-01-03 23:45:00+00:00,591.82,591.82,591.82,591.82,110.0
2025-01-03 23:50:00+00:00,591.8999,591.8999,591.826,591.85,1394.0
2025-01-03 23:55:00+00:00,591.84,591.84,591.84,591.84,218.0
2025-01-04 00:00:00+00:00,591.9,591.9,591.9,591.9,490.0
2025-01-04 00:05:00+00:00,591.87,591.93,591.86,591.8701,1471.0
2025-01-04 00:10:00+00:00,591.8703,591.95,591.86,591.9,3205.0
2025-01-04 00:15:00+00:00,591.9,591.93,591.9,591.93,1776.0
2025-01-04 00:20:00+00:00,591.93,591.95,591.93,591.95,6588.0
2025-01-04 00:25:00+00:00,591.93,591.95,591.93,591.93,1797.0
2025-01-04 00:30:00+00:00,591.96,591.9851,591.91,591.91,581.0
2025-01-04 00:35:00+00:00,591.9,591.9,591.87,591.87,1478.0
2025-01-04 00:40:00+00:00,591.95,591.96,591.87,591.88,1816.0
2025-01-04 00:45:00+00:00,591.9874,592.0,591.92,591.99,2522.0
2025-01-04 00:50:00+00:00,592.0,592.0,591.94,591.96,3656.0
2025-01-04 00:55:00+00:00,592.02,592.07,591.95,592.0401,5078.0
2025-01-06 09:00:00+00:00,593.73,594.19,593.73,594.06,7788.0
2025-01-06 09:05:00+00:00,594.0,594.07,593.97,594.07,3730.0
2025-01-06 09:10:00+00:00,594.2,594.22,594.1,594.21,2701.0
2025-01-06 09:15:00+00:00,594.16,594.16,594.06,594.1,3857.0
2025-01-06 09:20:00+00:00,594.17,594.34,594.17,594.29,8758.0
2025-01-06 09:25:00+00:00,594.28,594.28,594.12,594.14,3403.0
2025-01-06 09:30:00+00:00,594.22,594.22,594.22,594.22,296.0
2025-01-06 09:35:00+00:00,594.37,594.37,594.16,594.16,1745.0
2025-01-06 09:40:00+00:00,594.29,594.34,594.29,594.34,1200.0
2025-01-06 09:45:00+00:00,594.55,594.55,594.49,594.49,694.0
2025-01-06 09:50:00+00:00,594.59,594.66,594.59,594.66,2774.0
2025-01-06 09:55:00+00:00,594.65,594.79,594.65,594.78,4299.0
2025-01-06 10:00:00+00:00,594.77,594.77,594.53,594.59,1554.0
2025-01-06 10:05:00+00:00,594.7,594.7,594.7,594.7,217.0
2025-01-06 10:10:00+00:00,594.69,594.82,594.69,594.82,1388.0
2025-01-06 10:15:00+00:00,594.75,595.21,594.75,595.14,6157.0
2025-01-06 10:20:00+00:00,594.96,595.09,594.94,595.09,1546.0
2025-01-06 10:25:00+00:00,595.0,595.0,594.93,594.94,1677.0
2025-01-06 10:30:00+00:00,594.85,594.85,594.63,594.77,1543.0
2025-01-06 10:35:00+00:00,594.78,594.81,594.59,594.81,1681.0
2025-01-06 10:40:00+00:00,594.75,594.85,594.71,594.71,931.0
2025-01-06 10:45:00+00:00,594.66,594.66,594.44,594.46,3432.0
2025-01-06 10:55:00+00:00,594.52,594.52,594.52,594.52,208.0
2025-01-06 11:00:00+00:00,594.37,594.37,593.87,594.29,8932.0
2025-01-06 11:05:00+00:00,594.34,594.67,594.34,594.47,2307.0
2025-01-06 11:10:00+00:00,594.69,594.77,594.69,594.77,622.0
2025-01-06 11:15:00+00:00,595.05,595.09,594.87,595.09,6216.0
2025-01-06 11:20:00+00:00,595.12,595.4,595.11,595.4,17352.0
2025-01-06 11:25:00+00:00,595.64,595.9,595.57,595.9,9923.0
2025-01-06 11:30:00+00:00,595.9,596.17,595.76,595.83,17604.0
2025-01-06 11:35:00+00:00,595.79,596.27,595.79,596.18,2687.0
2025-01-06 11:40:00+00:00,596.08,596.13,596.0,596.0,4665.0
2025-01-06 11:45:00+00:00,596.0,596.04,595.81,595.86,20730.0
2025-01-06 11:50:00+00:00,595.8,596.11,595.7,596.11,6326.0
2025-01-06 11:55:00+00:00,596.2,596.2,596.14,596.19,3189.0
2025-01-06 12:00:00+00:00,596.24,596.35,596.02,596.29,53058.0
2025-01-06 12:05:00+00:00,596.29,596.3,596.01,596.01,9962.0
2025-01-06 12:10:00+00:00,596.0,596.07,595.86,595.97,16375.0
2025-01-06 12:15:00+00:00,596.04,596.23,595.9,596.07,5887.0
2025-01-06 12:20:00+00:00,596.115,596.31,595.96,596.295,13763.0
2025-01-06 12:25:00+00:00,596.3,596.35,596.11,596.27,15635.0
2025-01-06 12:30:00+00:00,596.23,596.341,596.07,596.15,19783.0
2025-01-06 12:35:00+00:00,596.05,596.34,596.05,596.29,5917.0
2025-01-06 12:40:00+00:00,596.36,596.42,596.29,596.41,5880.0
2025-01-06 12:45:00+00:00,596.48,596.95,596.43,596.84,17281.0
2025-01-06 12:50:00+00:00,596.87,596.95,596.55,596.59,31433.0
2025-01-06 12:55:00+00:00,596.611,596.611,596.43,596.5,10499.0
2025-01-06 13:00:00+00:00,596.23,596.88,591.89,596.57,88250.0
2025-01-06 13:05:00+00:00,596.55,596.66,596.46,596.57,33822.0
2025-01-06 13:10:00+00:00,596.57,596.57,596.32,596.3842,9003.0
2025-01-06 13:15:00+00:00,596.31,596.41,596.26,596.41,11370.0
2025-01-06 13:20:00+00:00,596.36,596.46,596.32,596.41,4932.0
2025-01-06 13:25:00+00:00,596.45,596.5855,596.45,596.58,5337.0
2025-01-06 13:30:00+00:00,596.58,596.69,596.43,596.5598,17185.0
2025-01-06 13:35:00+00:00,596.53,596.69,596.43,596.47,18084.0
2025-01-06 13:40:00+00:00,596.48,596.52,596.15,596.41,36502.0
2025-01-06 13:45:00+00:00,596.47,596.71,596.43,596.62,15874.0
2025-01-06 13:50:00+00:00,596.66,597.0,596.66,596.99,21332.0
2025-01-06 13:55:00+00:00,596.96,597.0,596.84,597.0,16898.0
2025-01-06 14:00:00+00:00,597.03,597.08,596.72,596.72,32957.0
2025-01-06 14:05:00+00:00,596.7,596.73,596.6,596.7,24676.0
2025-01-06 14:10:00+00:00,596.73,596.92,596.66,596.78,29957.0
2025-01-06 14:15:00+00:00,596.781,596.79,594.57,594.97,847706.0
2025-01-06 14:20:00+00:00,594.92,595.55,594.87,595.26,110812.0
2025-01-06 14:25:00+00:00,595.43,596.35,595.35,596.25,181116.0
2025-01-06 14:30:00+00:00,596.27,597.21,595.9,596.84,1661046.0
2025-01-06 14:35:00+00:00,596.82,597.0,596.12,596.51,975342.0
2025-01-06 14:40:00+00:00,596.51,597.78,596.51,597.19,1220618.0
2025-01-06 14:45:00+00:00,597.19,598.2,597.18,597.97,875857.0
2025-01-06 14:50:00+00:00,597.97,598.19,597.425,597.9482,597256.0
2025-01-06 14:55:00+00:00,597.97,598.27,597.45,597.88,403479.0
2025-01-06 15:00:00+00:00,597.9,598.34,597.7,598.32,546254.0
2025-01-06 15:05:00+00:00,598.31,598.49,597.97,598.49,331644.0
2025-01-06 15:10:00+00:00,598.47,598.84,597.68,598.73,704053.0
2025-01-06 15:15:00+00:00,598.7299,598.828,598.08,598.42,395235.0
2025-01-06 15:20:00+00:00,598.43,598.87,598.22,598.48,483283.0
2025-01-06 15:25:00+00:00,598.4775,599.0,598.3347,598.89,367222.0
2025-01-06 15:30:00+00:00,598.91,598.9499,598.345,598.5,1003998.0
2025-01-06 15:35:00+00:00,598.4935,598.575,598.07,598.2,451761.0
2025-01-06 15:40:00+00:00,598.22,598.58,598.21,598.45,437473.0
2025-01-06 15:45:00+00:00,598.43,598.95,598.43,598.57,329095.0
2025-01-06 15:50:00+00:00,598.6,599.2,598.46,599.05,433260.0
2025-01-06 15:55:00+00:00,599.045,599.22,598.75,598.87,394369.0
2025-01-06 16:00:00+00:00,598.88,599.035,598.48,598.85,396687.0
2025-01-06 16:05:00+00:00,598.845,598.93,598.67,598.89,191029.0
2025-01-06 16:10:00+00:00,598.9,599.19,598.875,599.07,201982.0
2025-01-06 16:15:00+00:00,599.07,599.36,598.9,599.282,668597.0
2025-01-06 16:20:00+00:00,599.28,599.46,599.1,599.2,270329.0
2025-01-06 16:25:00+00:00,599.19,599.51,598.9801,599.509,236021.0
2025-01-06 16:30:00+00:00,599.492,599.7,599.36,599.45,393279.0
2025-01-06 16:35:00+00:00,599.43,599.66,599.35,599.62,238743.0
2025-01-06 16:40:00+00:00,599.63,599.7,599.385,599.48,474725.0
2025-01-06 16:45:00+00:00,599.485,599.51,599.17,599.38,285766.0
2025-01-06 16:50:00+00:00,599.4,599.5499,599.32,599.48,170623.0
2025-01-06 16:55:00+00:00,599.48,599.5695,599.38,599.46,132025.0
2025-01-06 17:00:00+00:00,599.46,599.465,599.04,599.31,191413.0
2025-01-06 17:05:00+00:00,599.32,599.42,599.07,599.34,165489.0
2025-01-06 17:10:00+00:00,599.34,599.34,598.8,598.925,172538.0
2025-01-06 17:15:00+00:00,598.93,599.12,598.66,598.82,499315.0
2025-01-06 17:20:00+00:00,598.82,598.91,598.653,598.71,188711.0
2025-01-06 17:25:00+00:00,598.71,598.78,598.37,598.57,229566.0
2025-01-06 17:30:00+00:00,598.53,598.73,598.3,598.59,236447.0
2025-01-06 17:35:00+00:00,598.61,598.74,598.23,598.29,613600.0
2025-01-06 17:40:00+00:00,598.275,598.3599,597.7,597.985,374131.0
2025-01-06 17:45:00+00:00,597.985,598.1303,597.69,597.9,330902.0
2025-01-06 17:50:00+00:00,597.89,598.09,597.4,597.865,436424.0
2025-01-06 17:55:00+00:00,597.85,597.9,597.41,597.75,269561.0
2025-01-06 18:00:00+00:00,597.75,597.79,596.58,597.33,534966.0
2025-01-06 18:05:00+00:00,597.3293,597.45,596.9595,597.185,255655.0
2025-01-06 18:10:00+00:00,597.18,597.3599,597.04,597.29,236419.0
2025-01-06 18:15:00+00:00,597.31,597.37,596.8101,597.09,243505.0
2025-01-06 18:20:00+00:00,597.0918,597.56,596.9692,597.22,307118.0
2025-01-06 18:25:00+00:00,597.22,597.44,597.16,597.39,290259.0
2025-01-06 18:30:00+00:00,597.37,597.4299,596.75,596.93,258725.0
2025-01-06 18:35:00+00:00,596.94,597.17,596.62,596.9233,246986.0
2025-01-06 18:40:00+00:00,596.9254,596.95,596.31,596.46,306694.0
2025-01-06 18:45:00+00:00,596.49,596.55,595.6,595.732,427498.0
2025-01-06 18:50:00+00:00,595.74,596.407,595.74,596.225,337834.0
2025-01-06 18:55:00+00:00,596.21,598.6987,595.59,595.67,246433.0
2025-01-06 19:00:00+00:00,595.63,595.81,594.88,594.9201,676076.0
2025-01-06 19:05:00+00:00,594.92,595.6,594.92,595.31,401148.0
2025-01-06 19:10:00+00:00,595.31,595.6,594.94,595.54,435560.0
2025-01-06 19:15:00+00:00,595.535,595.85,595.38,595.51,441549.0
2025-01-06 19:20:00+00:00,595.5,595.76,595.44,595.6,399753.0
2025-01-06 19:25:00+00:00,595.5998,595.74,595.31,595.35,289259.0
2025-01-06 19:30:00+00:00,595.37,595.58,595.09,595.24,467451.0
2025-01-06 19:35:00+00:00,595.27,595.35,594.95,595.13,221569.0
2025-01-06 19:40:00+00:00,595.11,595.32,594.83,595.305,547641.0
2025-01-06 19:45:00+00:00,595.28,595.58,595.0,595.47,441634.0
2025-01-06 19:50:00+00:00,595.45,595.47,594.89,595.1,427039.0
2025-01-06 19:55:00+00:00,595.09,595.18,594.2603,594.35,547735.0
2025-01-06 20:00:00+00:00,594.32,594.87,594.04,594.74,527414.0
2025-01-06 20:05:00+00:00,594.73,594.855,594.3348,594.58,711545.0
2025-01-06 20:10:00+00:00,594.58,594.81,594.37,594.5199,607790.0
2025-01-06 20:15:00+00:00,594.51,594.65,594.29,594.56,346964.0
2025-01-06 20:20:00+00:00,594.55,595.26,594.26,595.1987,546051.0
2025-01-06 20:25:00+00:00,595.1901,595.2074,594.9,595.055,323845.0
2025-01-06 20:30:00+00:00,595.055,595.46,594.96,595.07,556640.0
2025-01-06 20:35:00+00:00,595.06,595.43,594.73,594.78,597086.0
2025-01-06 20:40:00+00:00,594.76,594.9473,594.48,594.58,896267.0
2025-01-06 20:45:00+00:00,594.61,594.66,593.68,593.75,1041392.0
2025-01-06 20:50:00+00:00,593.75,594.97,593.6,594.77,1660473.0
2025-01-06 20:55:00+00:00,594.77,595.5,594.5,595.4,3257435.0
2025-01-06 21:00:00+00:00,595.42,595.78,595.36,595.54,349205.0
2025-01-06 21:05:00+00:00,595.56,595.95,595.56,595.88,785141.0
2025-01-06 21:10:00+00:00,595.84,595.84,595.2364,595.82,2715799.0
2025-01-06 21:15:00+00:00,595.86,595.86,595.67,595.75,122510.0
2025-01-06 21:20:00+00:00,595.7501,595.82,595.69,595.74,57456.0
2025-01-06 21:25:00+00:00,595.74,595.75,595.69,595.7,21147.0
2025-01-06 21:30:00+00:00,595.7,595.8,595.7,595.74,41276.0
2025-01-06 21:35:00+00:00,595.74,595.7503,595.67,595.69,15848.0
2025-01-06 21:40:00+00:00,595.69,595.7,595.68,595.7,18160.0
2025-01-06 21:45:00+00:00,595.7,595.92,595.66,595.9,30452.0
2025-01-06 21:50:00+00:00,595.9,595.95,595.9,595.95,3639.0
2025-01-06 21:55:00+00:00,595.96,595.96,595.82,595.9,7393.0
2025-01-06 22:00:00+00:00,595.84,595.9,595.8,595.8,18745.0
2025-01-06 22:05:00+00:00,595.84,595.86,595.8,595.8487,4851.0
2025-01-06 22:10:00+00:00,595.83,595.85,595.83,595.8499,997.0
2025-01-06 22:15:00+00:00,595.82,595.86,595.82,595.85,2790.0
2025-01-06 22:20:00+00:00,595.85,595.85,595.78,595.78,58267.0
2025-01-06 22:25:00+00:00,595.7808,595.7808,595.7808,595.7808,153.0
2025-01-06 22:30:00+00:00,595.82,595.85,595.82,595.82,797.0
2025-01-06 22:35:00+00:00,595.85,595.85,595.84,595.84,1259.0
2025-01-06 22:40:00+00:00,595.83,595.87,595.83,595.87,8908.0
2025-01-06 22:45:00+00:00,595.84,595.84,595.83,595.84,11027.0
2025-01-06 22:50:00+00:00,595.83,595.91,595.83,595.91,3999.0
2025-01-06 22:55:00+00:00,595.9,596.0,595.85,596.0,16970.0
2025-01-06 23:00:00+00:00,595.93,596.2,595.93,596.2,38231.0
2025-01-06 23:05:00+00:00,596.17,596.21,596.01,596.01,5544.0
2025-01-06 23:10:00+00:00,596.12,596.12,596.1,596.11,4254.0
2025-01-06 23:15:00+00:00,596.08,596.08,596.0,596.0,4796.0
2025-01-06 23:20:00+00:00,595.95,595.95,595.81,595.85,9718.0
2025-01-06 23:25:00+00:00,595.88,595.96,595.85,595.85,1474.0
2025-01-06 23:30:00+00:00,595.81,595.92,595.81,595.87,615.0
2025-01-06 23:35:00+00:00,595.84,595.86,595.73,595.82,7502.0
2025-01-06 23:40:00+00:00,595.9,595.93,595.9,595.93,1035.0
2025-01-06 23:45:00+00:00,595.99,595.99,595.9,595.9,672.0
2025-01-06 23:55:00+00:00,595.86,595.87,595.7,595.71,3506.0
2025-01-07 00:00:00+00:00,595.79,595.79,595.6,595.63,3411.0
2025-01-07 00:05:00+00:00,595.6,595.63,595.55,595.58,6863.0
2025-01-07 00:10:00+00:00,595.62,595.76,595.62,595.76,2095.0
2025-01-07 00:15:00+00:00,595.82,595.82,595.65,595.65,1271.0
2025-01-07 00:20:00+00:00,595.64,595.71,595.62,595.71,1223.0
2025-01-07 00:25:00+00:00,595.64,595.71,595.6,595.6,17258.0
2025-01-07 00:30:00+00:00,595.75,595.78,595.75,595.78,2119.0
2025-01-07 00:35:00+00:00,595.83,595.85,595.82,595.83,1596.0
2025-01-07 00:40:00+00:00,595.79,595.86,595.78,595.84,2083.0
2025-01-07 00:45:00+00:00,595.8,595.8,595.76,595.76,598.0
2025-01-07 00:50:00+00:00,595.79,595.79,595.71,595.71,5249.0
2025-01-07 00:55:00+00:00,595.63,595.63,595.35,595.55,34804.0
2025-01-07 09:00:00+00:00,595.67,595.83,595.56,595.83,4568.0
2025-01-07 09:05:00+00:00,595.8,595.94,595.77,595.94,2338.0
2025-01-07 09:10:00+00:00,595.96,595.96,595.8,595.8,2002.0
2025-01-07 09:15:00+00:00,595.71,595.71,595.59,595.68,1071.0
2025-01-07 09:20:00+00:00,595.69,595.69,595.65,595.65,978.0
2025-01-07 09:25:00+00:00,595.65,595.65,595.65,595.65,259.0
2025-01-07 09:30:00+00:00,595.69,595.69,595.61,595.65,1253.0
2025-01-07 09:35:00+00:00,595.68,595.84,595.68,595.84,693.0
2025-01-07 09:40:00+00:00,595.81,595.81,595.62,595.62,2133.0
2025-01-07 09:45:00+00:00,595.58,595.58,595.21,595.21,4207.0
2025-01-07 09:50:00+00:00,595.27,595.38,595.11,595.38,9953.0
2025-01-07 09:55:00+00:00,595.36,595.38,595.35,595.35,1783.0
2025-01-07 10:00:00+00:00,595.23,595.3,595.08,595.28,3938.0
2025-01-07 10:05:00+00:00,595.41,595.47,595.41,595.47,1183.0
2025-01-07 10:10:00+00:00,595.7,595.8,595.7,595.8,1150.0
2025-01-07 10:15:00+00:00,595.81,595.85,595.81,595.85,3361.0
2025-01-07 10:20:00+00:00,596.0,596.02,596.0,596.02,886.0
2025-01-07 10:30:00+00:00,595.88,596.03,595.86,596.01,3830.0
2025-01-07 10:35:00+00:00,596.04,596.04,596.03,596.03,792.0
2025-01-07 10:40:00+00:00,596.0,596.0,595.88,595.88,450.0
2025-01-07 10:45:00+00:00,595.79,595.79,595.78,595.79,1007.0
2025-01-07 10:50:00+00:00,595.98,596.05,595.98,596.05,1917.0
2025-01-07 10:55:00+00:00,596.03,596.03,596.03,596.03,666.0
2025-01-07 11:00:00+00:00,596.01,596.01,595.91,595.91,271.0
2025-01-07 11:10:00+00:00,595.84,595.84,595.84,595.84,462.0
2025-01-07 11:15:00+00:00,595.84,595.87,595.7,595.87,488.0
2025-01-07 11:20:00+00:00,595.92,595.92,595.92,595.92,217.0
2025-01-07 11:25:00+00:00,596.09,596.15,596.09,596.15,1346.0
2025-01-07 11:30:00+00:00,596.15,596.15,595.53,595.53,13109.0
2025-01-07 11:35:00+00:00,595.57,595.6,595.45,595.6,39305.0
2025-01-07 11:40:00+00:00,595.6,595.6,595.56,595.6,18155.0
2025-01-07 11:45:00+00:00,595.58,595.58,595.58,595.58,13221.0
2025-01-07 11:50:00+00:00,595.59,595.7,595.59,595.61,10808.0
2025-01-07 11:55:00+00:00,595.45,595.69,595.4,595.69,3704.0
2025-01-07 12:00:00+00:00,595.8,595.8,595.36,595.57,2626.0
2025-01-07 12:05:00+00:00,595.71,595.79,595.64,595.67,5535.0
2025-01-07 12:10:00+00:00,595.75,595.96,595.75,595.8,7316.0
2025-01-07 12:15:00+00:00,595.73,595.78,595.641,595.641,10475.0
2025-01-07 12:20:00+00:00,595.83,595.83,595.75,595.77,732.0
2025-01-07 12:25:00+00:00,595.63,595.64,595.6,595.6,3010.0
2025-01-07 12:30:00+00:00,595.74,596.0,595.71,596.0,14330.0
2025-01-07 12:35:00+00:00,596.04,596.12,596.0,596.0,21130.0
2025-01-07 12:40:00+00:00,596.05,596.34,596.05,596.29,10176.0
2025-01-07 12:45:00+00:00,596.25,596.25,596.12,596.16,17951.0
2025-01-07 12:50:00+00:00,596.2,596.4,596.2,596.22,33487.0
2025-01-07 12:55:00+00:00,596.22,596.22,595.77,595.81,13971.0
2025-01-07 13:00:00+00:00,595.36,596.37,594.23,595.97,38841.0
2025-01-07 13:05:00+00:00,595.99,596.0193,595.86,595.91,3705.0
2025-01-07 13:10:00+00:00,595.8301,596.19,595.8301,596.13,2937.0
2025-01-07 13:15:00+00:00,596.2,596.421,596.2,596.36,20490.0
2025-01-07 13:20:00+00:00,596.31,596.34,596.13,596.25,12352.0
2025-01-07 13:25:00+00:00,596.26,596.26,596.0491,596.13,9339.0
2025-01-07 13:30:00+00:00,596.18,596.24,596.01,596.23,5215.0
2025-01-07 13:35:00+00:00,596.29,596.4299,596.24,596.24,73192.0
2025-01-07 13:40:00+00:00,596.37,596.47,596.25,596.42,10344.0
2025-01-07 13:45:00+00:00,596.44,596.65,596.44,596.64,13653.0
2025-01-07 13:50:00+00:00,596.65,596.7799,596.59,596.67,14818.0
2025-01-07 13:55:00+00:00,596.6,597.0,596.58,596.95,61039.0
2025-01-07 14:00:00+00:00,596.92,597.18,596.92,597.1476,37631.0
2025-01-07 14:05:00+00:00,597.13,597.21,597.01,597.1201,15267.0
2025-01-07 14:10:00+00:00,597.07,597.12,596.95,597.12,16185.0
2025-01-07 14:15:00+00:00,597.03,597.17,597.0,597.006,10386.0
2025-01-07 14:20:00+00:00,596.99,597.0,596.88,596.99,10875.0
2025-01-07 14:25:00+00:00,597.02,597.43,597.02,597.42,73476.0
2025-01-07 14:30:00+00:00,597.42,597.75,596.92,596.98,775412.0
2025-01-07 14:35:00+00:00,596.98,597.065,596.18,596.22,532134.0
2025-01-07 14:40:00+00:00,596.22,596.97,596.1,596.915,371331.0
2025-01-07 14:45:00+00:00,596.91,597.3,596.63,596.7,377157.0
2025-01-07 14:50:00+00:00,596.6999,597.3049,596.53,596.81,344016.0
2025-01-07 14:55:00+00:00,596.8,597.06,596.23,596.34,368802.0
2025-01-07 15:00:00+00:00,596.34,596.34,593.66,593.74,1459031.0
2025-01-07 15:05:00+00:00,593.77,594.14,592.88,593.0441,1121086.0
2025-01-07 15:10:00+00:00,593.05,593.71,592.69,593.09,743589.0
2025-01-07 15:15:00+00:00,593.0687,593.1,592.03,592.86,865143.0
2025-01-07 15:20:00+00:00,592.8699,593.97,592.79,593.83,804790.0
2025-01-07 15:25:00+00:00,593.84,594.5601,593.54,593.6,810579.0
2025-01-07 15:30:00+00:00,593.61,593.75,592.11,592.52,580510.0
2025-01-07 15:35:00+00:00,592.55,592.95,590.74,590.9299,991072.0
2025-01-07 15:40:00+00:00,590.95,591.9345,590.74,591.28,1019164.0
2025-01-07 15:45:00+00:00,591.18,591.19,590.27,590.9096,772769.0
2025-01-07 15:50:00+00:00,590.9,592.19,590.83,591.77,618209.0
2025-01-07 15:55:00+00:00,591.76,593.49,591.76,593.44,718819.0
2025-01-07 16:00:00+00:00,593.45,593.72,593.01,593.4488,748406.0
2025-01-07 16:05:00+00:00,593.45,593.54,592.69,593.22,442692.0
2025-01-07 16:10:00+00:00,593.19,593.33,592.12,592.48,354424.0
2025-01-07 16:15:00+00:00,592.44,592.7799,592.05,592.42,260079.0
2025-01-07 16:20:00+00:00,592.47,593.04,592.05,592.64,280055.0
2025-01-07 16:25:00+00:00,592.62,593.45,592.54,593.11,573020.0
2025-01-07 16:30:00+00:00,593.02,593.194,592.0,592.12,587100.0
2025-01-07 16:35:00+00:00,592.14,593.0375,591.41,592.95,366624.0
2025-01-07 16:40:00+00:00,592.94,593.26,592.1401,592.25,325085.0
2025-01-07 16:45:00+00:00,592.25,592.72,592.1,592.27,138911.0
2025-01-07 16:50:00+00:00,592.24,592.24,590.91,591.01,391330.0
2025-01-07 16:55:00+00:00,591.05,591.22,590.51,590.7,340679.0
2025-01-07 17:00:00+00:00,590.715,591.31,590.7,590.97,432442.0
2025-01-07 17:05:00+00:00,590.97,591.0999,590.55,590.84,329544.0
2025-01-07 17:10:00+00:00,590.83,591.41,590.47,591.385,300511.0
2025-01-07 17:15:00+00:00,591.37,591.73,591.15,591.47,361592.0
2025-01-07 17:20:00+00:00,591.46,591.52,590.72,590.77,291741.0
2025-01-07 17:25:00+00:00,590.79,590.9,590.2125,590.62,354192.0
2025-01-07 17:30:00+00:00,590.65,591.58,590.56,591.3,209887.0
2025-01-07 17:35:00+00:00,591.28,591.32,590.44,590.73,253557.0
2025-01-07 17:40:00+00:00,590.63,590.8105,590.3,590.41,184958.0
2025-01-07 17:45:00+00:00,590.395,590.4496,589.821,590.0,333243.0
2025-01-07 17:50:00+00:00,590.11,590.24,589.64,590.2342,312453.0
2025-01-07 17:55:00+00:00,590.2199,590.99,590.16,590.905,344715.0
2025-01-07 18:00:00+00:00,590.91,591.4,590.84,591.22,297190.0
2025-01-07 18:05:00+00:00,591.21,591.84,591.15,591.8065,316696.0
2025-01-07 18:10:00+00:00,591.78,591.9513,591.57,591.83,350026.0
2025-01-07 18:15:00+00:00,591.85,592.07,591.52,591.95,166319.0
2025-01-07 18:20:00+00:00,591.92,592.25,591.845,592.12,233628.0
2025-01-07 18:25:00+00:00,592.12,592.409,592.0,592.28,354116.0
2025-01-07 18:30:00+00:00,592.28,592.28,591.74,591.86,208766.0
2025-01-07 18:35:00+00:00,591.86,591.95,591.23,591.43,232720.0
2025-01-07 18:40:00+00:00,591.44,595.2308,590.73,590.955,947036.0
2025-01-07 18:45:00+00:00,590.98,591.31,590.924625,591.09,214623.0
2025-01-07 18:50:00+00:00,591.08,591.3,590.9,591.04,127186.0
2025-01-07 18:55:00+00:00,591.06,591.16,590.828,591.0,167910.0
2025-01-07 19:00:00+00:00,591.0,591.47,590.88,591.14,253456.0
2025-01-07 19:05:00+00:00,591.16,591.4199,591.01,591.27,145867.0
2025-01-07 19:10:00+00:00,591.27,591.57,591.09,591.13,202286.0
2025-01-07 19:15:00+00:00,591.13,591.16,590.818,590.91,253441.0
2025-01-07 19:20:00+00:00,590.93,591.0377,590.55,590.83,622553.0
2025-01-07 19:25:00+00:00,590.85,591.16,590.85,591.07,219104.0
2025-01-07 19:30:00+00:00,591.06,591.1,590.55,590.66,192497.0
2025-01-07 19:35:00+00:00,590.65,590.74,590.07,590.0999,552604.0
2025-01-07 19:40:00+00:00,590.09,590.69,589.83,590.65,558820.0
2025-01-07 19:45:00+00:00,590.64,590.85,590.0,590.03,251849.0
2025-01-07 19:50:00+00:00,590.04,590.4395,590.02,590.13,221645.0
2025-01-07 19:55:00+00:00,590.15,590.23,589.92,590.02,208866.0
2025-01-07 20:00:00+00:00,590.02,590.13,589.31,589.62,455123.0
2025-01-07 20:05:00+00:00,589.6114,589.87,589.08,589.19,529005.0
2025-01-07 20:10:00+00:00,589.145,589.145,588.68,588.88,618265.0
2025-01-07 20:15:00+00:00,588.905,589.11,588.47,588.54,661767.0
2025-01-07 20:20:00+00:00,588.54,588.54,587.69,587.82,1057366.0
2025-01-07 20:25:00+00:00,587.83,588.24,587.76,587.83,562530.0
2025-01-07 20:30:00+00:00,587.82,588.19,587.29,587.342,1165668.0
2025-01-07 20:35:00+00:00,587.35,587.8,586.78,587.79,2707374.0
2025-01-07 20:40:00+00:00,587.77,588.55,587.69,587.7,1544695.0
2025-01-07 20:45:00+00:00,587.74,588.27,587.48,588.09,1574498.0
2025-01-07 20:50:00+00:00,588.1,588.635,587.84,588.5,1246406.0
2025-01-07 20:55:00+00:00,588.5,588.8502,588.41,588.72,3434214.0
2025-01-07 21:00:00+00:00,588.72,591.273,588.63,588.81,1166901.0
2025-01-07 21:05:00+00:00,588.86,589.0,588.84,589.0,904749.0
2025-01-07 21:10:00+00:00,588.94,589.06,588.87,589.04,7779031.0
2025-01-07 21:15:00+00:00,589.04,589.15,589.01,589.06,52993.0
2025-01-07 21:20:00+00:00,589.08,589.09,588.76,588.91,58223.0
2025-01-07 21:25:00+00:00,588.95,589.01,588.6416,588.87,581817.0
2025-01-07 21:30:00+00:00,588.9,588.95,588.85,588.89,18542.0
2025-01-07 21:35:00+00:00,588.93,588.93,588.63,588.7901,72800.0
2025-01-07 21:40:00+00:00,588.7999,588.84,588.76,588.84,297237.0
2025-01-07 21:45:00+00:00,588.86,588.91,588.8,588.86,49720.0
2025-01-07 21:50:00+00:00,588.85,588.85,588.63,588.63,127509.0
2025-01-07 21:55:00+00:00,588.64,588.73,588.64,588.72,10556.0
2025-01-07 22:00:00+00:00,588.76,588.8,588.76,588.8,1278.0
2025-01-07 22:05:00+00:00,588.751,588.86,588.75,588.79,15781.0
2025-01-07 22:10:00+00:00,588.79,588.8399,588.79,588.8398,1970.0
2025-01-07 22:15:00+00:00,588.83,588.84,588.82,588.82,8161.0
2025-01-07 22:20:00+00:00,588.82,588.9,588.82,588.83,9878.0
2025-01-07 22:25:00+00:00,588.84,588.84,588.83,588.84,2992.0
2025-01-07 22:30:00+00:00,588.8201,588.8201,588.71,588.71,5074.0
2025-01-07 22:35:00+00:00,588.76,588.8,588.76,588.8,2180.0
2025-01-07 22:40:00+00:00,588.8,588.8,588.78,588.78,1738.0
2025-01-07 22:45:00+00:00,588.75,588.82,588.75,588.82,4140.0
2025-01-07 22:50:00+00:00,588.76,588.77,588.76,588.77,2640.0
2025-01-07 22:55:00+00:00,588.82,588.82,588.72,588.77,11893.0
2025-01-07 23:00:00+00:00,588.74,588.78,588.63,588.65,76297.0
2025-01-07 23:05:00+00:00,588.63,588.63,588.18,588.1901,15596.0
2025-01-07 23:10:00+00:00,588.34,588.51,588.34,588.4005,3693.0
2025-01-07 23:15:00+00:00,588.42,588.6888,588.42,588.6888,4540.0
2025-01-07 23:20:00+00:00,588.721,588.78,588.6201,588.66,4576.0
2025-01-07 23:25:00+00:00,588.67,588.74,588.65,588.65,2087.0
2025-01-07 23:30:00+00:00,588.65,588.79,588.65,588.79,6970.0
2025-01-07 23:35:00+00:00,588.86,588.94,588.82,588.86,14631.0
2025-01-07 23:40:00+00:00,588.84,588.84,588.84,588.84,355.0
2025-01-07 23:45:00+00:00,588.7,588.78,588.68,588.69,1650.0
2025-01-07 23:50:00+00:00,588.88,588.92,588.831,588.92,1116.0
2025-01-07 23:55:00+00:00,588.93,589.16,588.93,589.15,11467.0
2025-01-08 00:00:00+00:00,589.16,589.2519,589.1001,589.1001,2700.0
2025-01-08 00:05:00+00:00,589.1791,589.1791,589.01,589.13,3540.0
2025-01-08 00:10:00+00:00,589.3,589.44,589.3,589.39,2921.0
2025-01-08 00:15:00+00:00,589.41,589.41,589.37,589.4,4345.0
2025-01-08 00:20:00+00:00,589.4299,589.4299,589.27,589.38,23503.0
2025-01-08 00:25:00+00:00,589.39,589.39,589.34,589.34,1976.0
2025-01-08 00:30:00+00:00,589.36,589.37,589.33,589.37,11339.0
2025-01-08 00:35:00+00:00,589.41,589.52,589.41,589.48,2967.0
2025-01-08 00:40:00+00:00,589.52,589.55,589.5,589.55,18123.0
2025-01-08 00:45:00+00:00,589.5699,589.62,589.51,589.6,1846.0
2025-01-08 00:50:00+00:00,589.5,589.5,589.4,589.4,1289.0
2025-01-08 00:55:00+00:00,589.35,589.5,589.32,589.48,10914.0
2025-01-08 09:00:00+00:00,589.8,590.45,589.8,590.45,8574.0
2025-01-08 09:05:00+00:00,590.35,590.54,590.35,590.5,1718.0
2025-01-08 09:10:00+00:00,590.53,590.53,590.43,590.43,1449.0
2025-01-08 09:15:00+00:00,590.43,590.5,590.33,590.45,4493.0
2025-01-08 09:20:00+00:00,590.5,590.5,590.43,590.5,2604.0
2025-01-08 09:25:00+00:00,590.5,590.5,590.5,590.5,1662.0
2025-01-08 09:30:00+00:00,590.33,590.34,590.24,590.24,1371.0
2025-01-08 09:35:00+00:00,590.25,590.32,590.23,590.32,1539.0
2025-01-08 09:40:00+00:00,590.41,590.41,590.41,590.41,201.0
2025-01-08 09:45:00+00:00,590.3,590.3,590.3,590.3,304.0
2025-01-08 09:50:00+00:00,590.2,590.32,590.13,590.32,4431.0
2025-01-08 09:55:00+00:00,590.33,590.33,590.33,590.33,216.0
2025-01-08 10:00:00+00:00,590.52,590.71,590.52,590.66,3012.0
2025-01-08 10:05:00+00:00,590.59,590.59,590.5,590.5,449.0
2025-01-08 10:10:00+00:00,590.6,590.6,590.45,590.45,684.0
2025-01-08 10:15:00+00:00,590.54,590.65,590.54,590.65,587.0
2025-01-08 10:20:00+00:00,590.46,590.5,590.44,590.5,6512.0
2025-01-08 10:25:00+00:00,590.53,590.6,590.53,590.6,510.0
2025-01-08 10:30:00+00:00,590.45,590.45,590.45,590.45,182.0
2025-01-08 10:35:00+00:00,590.62,590.65,590.62,590.65,964.0
2025-01-08 10:40:00+00:00,590.67,590.67,590.63,590.63,393.0
2025-01-08 10:45:00+00:00,590.66,590.71,590.64,590.71,1372.0
2025-01-08 10:50:00+00:00,590.75,590.8,590.75,590.8,551.0
2025-01-08 10:55:00+00:00,590.77,590.77,590.77,590.77,486.0
2025-01-08 11:00:00+00:00,590.84,590.84,590.78,590.78,3137.0
2025-01-08 11:05:00+00:00,590.75,590.75,590.69,590.69,879.0
2025-01-08 11:10:00+00:00,590.68,590.68,590.45,590.45,1490.0
2025-01-08 11:15:00+00:00,590.3,590.31,590.3,590.31,424.0
2025-01-08 11:20:00+00:00,590.2,590.2,590.04,590.04,3895.0
2025-01-08 11:25:00+00:00,590.01,590.01,588.25,589.47,35656.0
2025-01-08 11:30:00+00:00,589.53,589.53,587.51,588.15,48734.0
2025-01-08 11:35:00+00:00,588.5,588.65,587.44,587.44,20341.0
2025-01-08 11:40:00+00:00,587.39,587.66,587.05,587.66,12691.0
2025-01-08 11:45:00+00:00,588.0,588.47,587.71,588.38,12391.0
2025-01-08 11:50:00+00:00,588.23,588.78,588.23,588.52,33298.0
2025-01-08 11:55:00+00:00,588.63,589.01,588.61,588.8,4021.0
2025-01-08 12:00:00+00:00,588.9,588.9,587.88,587.94,65999.0
2025-01-08 12:05:00+00:00,587.87,588.31,587.75,588.23,29158.0
2025-01-08 12:10:00+00:00,588.13,588.47,587.61,587.62,16884.0
2025-01-08 12:15:00+00:00,587.53,587.58,586.94,587.1,67689.0
2025-01-08 12:20:00+00:00,586.95,587.15,586.58,586.9,34950.0
2025-01-08 12:25:00+00:00,586.79,586.89,586.2,586.59,41581.0
2025-01-08 12:30:00+00:00,586.64,586.64,586.07,586.14,93056.0
2025-01-08 12:35:00+00:00,586.6,587.6,586.6,587.33,40831.0
2025-01-08 12:40:00+00:00,587.32,587.51,586.97,587.33,21186.0
2025-01-08 12:45:00+00:00,587.41,587.55,586.83,586.83,67719.0
2025-01-08 12:50:00+00:00,586.92,587.04,586.69,586.71,30309.0
2025-01-08 12:55:00+00:00,586.74,586.79,586.56,586.75,37064.0
2025-01-08 13:00:00+00:00,587.77,590.6,586.1999,588.01,168822.0
2025-01-08 13:05:00+00:00,588.0,588.0,587.28,587.63,70916.0
2025-01-08 13:10:00+00:00,587.64,587.82,587.58,587.75,17034.0
2025-01-08 13:15:00+00:00,587.71,588.5,587.71,587.9,63727.0
2025-01-08 13:20:00+00:00,587.98,589.1399,587.9227,588.81,30524.0
2025-01-08 13:25:00+00:00,588.92,589.26,588.68,588.68,81824.0
2025-01-08 13:30:00+00:00,588.52,589.63,587.96,588.16,192311.0
2025-01-08 13:35:00+00:00,588.27,588.75,588.06,588.37,53732.0
2025-01-08 13:40:00+00:00,588.28,588.4204,587.98,588.06,69443.0
2025-01-08 13:45:00+00:00,588.0912,588.66,588.0912,588.66,17330.0
2025-01-08 13:50:00+00:00,588.78,588.83,588.34,588.83,6594.0
2025-01-08 13:55:00+00:00,588.73,589.24,588.73,589.19,31980.0
2025-01-08 14:00:00+00:00,589.28,589.42,588.97,589.01,32024.0
2025-01-08 14:05:00+00:00,588.98,589.02,588.525,588.7083,23091.0
2025-01-08 14:10:00+00:00,588.6,589.0,588.49,588.49,19684.0
2025-01-08 14:15:00+00:00,588.41,588.51,588.33,588.45,25437.0
2025-01-08 14:20:00+00:00,588.4791,588.6112,588.17,588.38,43393.0
2025-01-08 14:25:00+00:00,588.64,589.09,588.54,588.7,134982.0
2025-01-08 14:30:00+00:00,588.7,588.77,587.44,588.235,1083747.0
2025-01-08 14:35:00+00:00,588.22,588.49,587.3201,587.38,670599.0
2025-01-08 14:40:00+00:00,587.4,588.2275,587.15,587.79,767445.0
2025-01-08 14:45:00+00:00,587.76,588.15,586.94,588.09,719768.0
2025-01-08 14:50:00+00:00,588.09,588.52,586.5001,587.11,762142.0
2025-01-08 14:55:00+00:00,587.23,587.76,586.89,587.38,342896.0
2025-01-08 15:00:00+00:00,587.3,588.73,587.12,588.55,606486.0
2025-01-08 15:05:00+00:00,588.58,588.59,588.0302,588.2501,409786.0
2025-01-08 15:10:00+00:00,588.28,588.6454,586.35,586.43,661647.0
2025-01-08 15:15:00+00:00,586.45,587.08,586.1,586.89,587107.0
2025-01-08 15:20:00+00:00,586.89,587.34,586.0,587.09,425214.0
2025-01-08 15:25:00+00:00,587.1,587.37,586.24,586.475,970456.0
2025-01-08 15:30:00+00:00,586.47,587.02,586.38,586.9,431764.0
2025-01-08 15:35:00+00:00,586.892,588.19,586.892,587.37,514531.0
2025-01-08 15:40:00+00:00,587.37,587.64,586.96,587.2,326903.0
2025-01-08 15:45:00+00:00,587.24,587.51,586.81,587.4,179724.0
2025-01-08 15:50:00+00:00,587.42,588.49,587.42,588.18,657387.0
2025-01-08 15:55:00+00:00,588.2,588.47,588.02,588.42,296500.0
2025-01-08 16:00:00+00:00,588.42,588.5,587.76,587.83,304698.0
2025-01-08 16:05:00+00:00,587.8297,588.24,587.205,587.95,281470.0
2025-01-08 16:10:00+00:00,587.94,588.47,587.9215,588.095,263646.0
2025-01-08 16:15:00+00:00,588.08,588.17,587.72,588.1192,147578.0
2025-01-08 16:20:00+00:00,588.13,588.72,588.13,588.47,300945.0
2025-01-08 16:25:00+00:00,588.49,588.54,587.94,588.11,208440.0
2025-01-08 16:30:00+00:00,588.12,588.69,588.12,588.59,144688.0
2025-01-08 16:35:00+00:00,588.57,589.53,588.57,589.44,469219.0
2025-01-08 16:40:00+00:00,589.46,589.94,589.16,589.7465,481274.0
2025-01-08 16:45:00+00:00,589.76,589.76,589.4028,589.5001,189879.0
2025-01-08 16:50:00+00:00,589.5,589.57,589.18,589.28,191911.0
2025-01-08 16:55:00+00:00,589.21,589.53,588.9805,589.43,158004.0
2025-01-08 17:00:00+00:00,589.4254,589.4595,588.42,588.4401,215412.0
2025-01-08 17:05:00+00:00,588.47,588.54,587.69,588.02,258348.0
2025-01-08 17:10:00+00:00,588.0,588.08,587.167,587.31,244626.0
2025-01-08 17:15:00+00:00,587.28,587.59,587.06,587.37,238838.0
2025-01-08 17:20:00+00:00,587.39,587.5777,586.475,586.68,796062.0
2025-01-08 17:25:00+00:00,586.75,586.88,585.38,585.63,515302.0
2025-01-08 17:30:00+00:00,585.64,586.14,585.195,585.87,1166476.0
2025-01-08 17:35:00+00:00,585.89,586.055,585.57,585.62,243420.0
2025-01-08 17:40:00+00:00,585.57,586.52,585.535,586.5,377178.0
2025-01-08 17:45:00+00:00,586.48,586.6,585.98,586.0751,310116.0
2025-01-08 17:50:00+00:00,586.07,586.84,586.07,586.635,179435.0
2025-01-08 17:55:00+00:00,586.63,587.26,586.49,586.9432,733483.0
2025-01-08 18:00:00+00:00,586.94,588.35,586.88,588.07,437503.0
2025-01-08 18:05:00+00:00,588.08,588.44,587.77,588.055,351032.0
2025-01-08 18:10:00+00:00,588.06,588.48,587.96,588.23,235943.0
2025-01-08 18:15:00+00:00,588.24,588.7399,588.16,588.57,328536.0
2025-01-08 18:20:00+00:00,588.51,588.66,588.09,588.66,354316.0
2025-01-08 18:25:00+00:00,588.6487,589.57,588.6,589.11,390764.0
2025-01-08 18:30:00+00:00,589.12,589.13,588.69,588.74,262134.0
2025-01-08 18:35:00+00:00,588.77,589.41,588.74,589.305,178807.0
2025-01-08 18:40:00+00:00,589.34,589.34,588.83,589.19,173509.0
2025-01-08 18:45:00+00:00,589.16,589.16,588.34,588.4,249635.0
2025-01-08 18:50:00+00:00,588.39,588.54,586.96,587.21,460142.0
2025-01-08 18:55:00+00:00,587.21,587.92,587.08,587.77,293672.0
2025-01-08 19:00:00+00:00,587.8,587.87,587.09,587.758,358705.0
2025-01-08 19:05:00+00:00,587.74,589.52,587.7399,589.49,636046.0
2025-01-08 19:10:00+00:00,589.49,589.49,588.02,588.095,961883.0
2025-01-08 19:15:00+00:00,588.15,589.325,588.1,589.31,426325.0
2025-01-08 19:20:00+00:00,589.28,590.08,589.0929,589.81,898386.0
2025-01-08 19:25:00+00:00,589.825,590.5799,589.43,590.2716,652162.0
2025-01-08 19:30:00+00:00,590.28,590.28,588.91,588.974,450911.0
2025-01-08 19:35:00+00:00,589.03,589.38,588.63,588.67,262803.0
2025-01-08 19:40:00+00:00,588.7,588.85,588.2,588.48,344545.0
2025-01-08 19:45:00+00:00,588.46,588.93,588.31,588.67,309861.0
2025-01-08 19:50:00+00:00,588.675,588.92,588.22,588.278,212150.0
2025-01-08 19:55:00+00:00,588.35,588.74,588.17,588.53,356087.0
2025-01-08 20:00:00+00:00,588.54,588.8995,588.38,588.8899,203365.0
2025-01-08 20:05:00+00:00,588.88,588.99,588.269264,588.43,553581.0
2025-01-08 20:10:00+00:00,588.474,588.75,587.88,587.905,358290.0
2025-01-08 20:15:00+00:00,587.92,588.86,587.92,588.718,305084.0
2025-01-08 20:20:00+00:00,588.81,589.15,588.7032,589.0374,330137.0
2025-01-08 20:25:00+00:00,589.06,589.29,588.74,589.09,238232.0
2025-01-08 20:30:00+00:00,589.105,589.27,588.53,588.56,353879.0
2025-01-08 20:35:00+00:00,588.53,588.8,588.3,588.31,409151.0
2025-01-08 20:40:00+00:00,588.32,589.01,588.23,588.87,448365.0
2025-01-08 20:45:00+00:00,588.87,589.0,588.67,588.92,412622.0
2025-01-08 20:50:00+00:00,588.91,589.51,588.89,589.385,1614991.0
2025-01-08 20:55:00+00:00,589.38,589.79,589.08,589.42,4644349.0
2025-01-08 21:00:00+00:00,589.41,590.0,589.41,589.57,935866.0
2025-01-08 21:05:00+00:00,589.59,589.68,589.41,589.64,790893.0
2025-01-08 21:10:00+00:00,589.63,589.66,589.23,589.3,2502068.0
2025-01-08 21:15:00+00:00,589.34,589.49,589.34,589.46,42212.0
2025-01-08 21:20:00+00:00,589.46,589.5679,589.29,589.32,309207.0
2025-01-08 21:25:00+00:00,589.3607,589.64,589.3607,589.59,38334.0
2025-01-08 21:30:00+00:00,589.62,589.62,588.96,588.97,81782.0
2025-01-08 21:35:00+00:00,589.06,589.06,588.59,588.76,77104.0
2025-01-08 21:40:00+00:00,588.88,588.99,588.8,588.94,72997.0
2025-01-08 21:45:00+00:00,588.94,589.12,588.93,589.12,45133.0
2025-01-08 21:50:00+00:00,589.09,589.16,589.02,589.1,6513.0
2025-01-08 21:55:00+00:00,589.11,589.12,588.96,588.96,50545.0
2025-01-08 22:00:00+00:00,588.91,589.07,588.91,589.05,21921.0
2025-01-08 22:05:00+00:00,589.0,589.14,588.92,589.1,28038.0
2025-01-08 22:10:00+00:00,589.1,589.13,589.01,589.01,15905.0
2025-01-08 22:15:00+00:00,589.05,589.1,589.02,589.02,3361.0
2025-01-08 22:20:00+00:00,589.02,589.02,588.94,588.94,13812.0
2025-01-08 22:25:00+00:00,589.02,589.02,588.94,588.99,7654.0
2025-01-08 22:30:00+00:00,588.99,589.0,588.99,589.0,1126.0
2025-01-08 22:35:00+00:00,589.0,589.0,588.955,588.96,1879.0
2025-01-08 22:40:00+00:00,589.0,589.0,588.98,589.0,1516.0
2025-01-08 22:45:00+00:00,588.96,588.99,588.95,588.96,3135.0
2025-01-08 22:50:00+00:00,588.96,588.96,588.91,588.92,11496.0
2025-01-08 22:55:00+00:00,589.0,589.0,588.95,588.95,1034.0
2025-01-08 23:00:00+00:00,588.95,588.95,588.65,588.89,21111.0
2025-01-08 23:10:00+00:00,588.88,589.039,588.88,589.0199,2669.0
2025-01-08 23:15:00+00:00,589.0099,589.02,589.0099,589.0199,1252.0
2025-01-08 23:20:00+00:00,589.04,589.04,589.04,589.04,172.0
2025-01-08 23:25:00+00:00,589.0655,589.0655,589.05,589.05,471.0
2025-01-08 23:30:00+00:00,588.92,588.92,588.92,588.92,108.0
2025-01-08 23:35:00+00:00,588.87,588.87,588.87,588.87,110.0
2025-01-08 23:45:00+00:00,588.9198,588.9198,588.43,588.56,6650.0
2025-01-08 23:50:00+00:00,588.605,588.68,588.6,588.68,2824.0
2025-01-08 23:55:00+00:00,588.53,588.53,588.41,588.41,7310.0
2025-01-09 00:00:00+00:00,588.55,588.57,588.38,588.38,5212.0
2025-01-09 00:05:00+00:00,588.32,588.46,588.31,588.31,4532.0
2025-01-09 00:10:00+00:00,588.25,588.26,587.95,588.03,18951.0
2025-01-09 00:15:00+00:00,588.03,588.07,588.03,588.07,978.0
2025-01-09 00:20:00+00:00,588.27,588.3,588.27,588.29,5425.0
2025-01-09 00:25:00+00:00,588.31,588.36,587.8799,587.8799,12344.0
2025-01-09 00:30:00+00:00,588.04,588.04,587.75,587.75,6488.0
2025-01-09 00:35:00+00:00,587.82,587.8499,587.53,587.57,3247.0
2025-01-09 00:40:00+00:00,587.74,587.8,587.66,587.7,3175.0
2025-01-09 00:45:00+00:00,587.86,588.0,587.86,587.959,4031.0
2025-01-09 00:50:00+00:00,587.95,588.13,587.94,588.07,8611.0
2025-01-09 00:55:00+00:00,588.05,588.2,588.0,588.17,25430.0
2025-01-10 09:00:00+00:00,588.11,588.29,587.61,587.64,21635.0
2025-01-10 09:05:00+00:00,587.5,587.67,587.43,587.6,3773.0
2025-01-10 09:10:00+00:00,587.5,587.74,587.4,587.74,3244.0
2025-01-10 09:15:00+00:00,587.78,587.84,587.72,587.72,4501.0
2025-01-10 09:20:00+00:00,587.81,587.9,587.79,587.9,1640.0
2025-01-10 09:25:00+00:00,587.86,587.86,587.86,587.86,260.0
2025-01-10 09:30:00+00:00,587.84,587.92,587.84,587.92,521.0
2025-01-10 09:35:00+00:00,587.9,587.9,587.9,587.9,203.0
2025-01-10 09:40:00+00:00,587.96,588.16,587.8,587.8,2901.0
2025-01-10 09:45:00+00:00,587.42,587.71,587.37,587.41,2094.0
2025-01-10 09:50:00+00:00,587.77,587.8,587.77,587.8,731.0
2025-01-10 09:55:00+00:00,587.63,587.79,587.63,587.79,1171.0
2025-01-10 10:00:00+00:00,587.78,587.99,587.78,587.99,1348.0
2025-01-10 10:10:00+00:00,587.79,587.83,587.76,587.83,1264.0
2025-01-10 10:20:00+00:00,587.87,588.1,587.87,588.1,5524.0
2025-01-10 10:25:00+00:00,588.04,588.04,588.04,588.04,252.0
2025-01-10 10:30:00+00:00,588.13,588.16,588.07,588.07,12343.0
2025-01-10 10:35:00+00:00,588.22,588.22,588.22,588.22,221.0
2025-01-10 10:40:00+00:00,588.49,588.57,588.47,588.57,6473.0
2025-01-10 10:45:00+00:00,588.5,588.55,588.49,588.51,8266.0
2025-01-10 10:50:00+00:00,588.63,588.64,588.49,588.49,8454.0
2025-01-10 10:55:00+00:00,588.51,588.51,588.51,588.51,303.0
2025-01-10 11:00:00+00:00,588.43,588.55,588.43,588.55,3012.0
2025-01-10 11:05:00+00:00,588.74,589.01,588.74,589.01,1245.0
2025-01-10 11:10:00+00:00,589.1,589.61,589.1,589.49,108424.0
2025-01-10 11:15:00+00:00,589.47,589.47,589.3,589.31,2266.0
2025-01-10 11:20:00+00:00,589.31,589.39,589.18,589.39,5850.0
2025-01-10 11:25:00+00:00,589.11,589.18,589.1,589.14,2483.0
2025-01-10 11:30:00+00:00,589.02,589.02,588.99,588.99,354.0
2025-01-10 11:35:00+00:00,589.24,589.27,589.24,589.27,431.0
2025-01-10 11:40:00+00:00,589.24,589.3,589.1,589.1,668.0
2025-01-10 11:45:00+00:00,589.12,589.12,588.84,588.94,6741.0
2025-01-10 11:50:00+00:00,589.1,589.1,588.77,588.77,1578.0
2025-01-10 11:55:00+00:00,588.75,588.89,588.61,588.61,3462.0
2025-01-10 12:00:00+00:00,588.57,588.759,588.49,588.49,7439.0
2025-01-10 12:05:00+00:00,588.49,588.49,587.85,587.85,15810.0
2025-01-10 12:10:00+00:00,587.99,588.0,587.48,587.66,4386.0
2025-01-10 12:15:00+00:00,587.99,588.16,587.98,587.98,6466.0
2025-01-10 12:20:00+00:00,587.94,588.15,587.94,588.11,6628.0
2025-01-10 12:25:00+00:00,588.145,588.15,587.9,587.9,3340.0
2025-01-10 12:30:00+00:00,588.05,588.46,588.05,588.46,15470.0
2025-01-10 12:35:00+00:00,588.47,588.68,588.41,588.651,5168.0
2025-01-10 12:40:00+00:00,588.7,588.77,588.5,588.5,11044.0
2025-01-10 12:45:00+00:00,588.43,588.44,588.07,588.4,27683.0
2025-01-10 12:50:00+00:00,588.68,588.78,588.6,588.67,16494.0
2025-01-10 12:55:00+00:00,588.67,588.84,588.67,588.82,8056.0
2025-01-10 13:00:00+00:00,588.8,589.3404,587.58,588.68,64367.0
2025-01-10 13:05:00+00:00,588.65,588.83,588.65,588.74,24753.0
2025-01-10 13:10:00+00:00,588.74,588.74,588.29,588.6,10923.0
2025-01-10 13:15:00+00:00,588.54,588.65,588.2,588.5299,18854.0
2025-01-10 13:20:00+00:00,588.46,588.47,588.0,588.1501,67543.0
2025-01-10 13:25:00+00:00,588.2,588.66,588.2,588.3,40264.0
2025-01-10 13:30:00+00:00,588.0,588.0,582.52,583.07,752426.0
2025-01-10 13:35:00+00:00,583.07,585.0,582.44,584.53,606544.0
2025-01-10 13:40:00+00:00,584.54,585.22,584.4,584.46,196418.0
2025-01-10 13:45:00+00:00,584.4503,585.11,583.77,584.38,92624.0
2025-01-10 13:50:00+00:00,584.22,584.64,583.5,584.62,47147.0
2025-01-10 13:55:00+00:00,584.7,584.75,584.18,584.2,88827.0
2025-01-10 14:00:00+00:00,583.99,585.0,583.47,585.0,85755.0
2025-01-10 14:05:00+00:00,584.88,585.39,584.54,585.04,71531.0
2025-01-10 14:10:00+00:00,585.11,585.6,584.95,585.25,113741.0
2025-01-10 14:15:00+00:00,585.24,585.73,585.24,585.32,61987.0
2025-01-10 14:20:00+00:00,585.27,585.52,585.04,585.34,42037.0
2025-01-10 14:25:00+00:00,585.31,585.86,585.06,585.83,81880.0
2025-01-10 14:30:00+00:00,585.88,585.95,584.1,585.18,1622911.0
2025-01-10 14:35:00+00:00,585.15,585.5,583.54,583.8899,1110092.0
2025-01-10 14:40:00+00:00,583.87,584.57,583.34,584.48,944161.0
2025-01-10 14:45:00+00:00,584.52,584.91,582.46,582.74,1231652.0
2025-01-10 14:50:00+00:00,582.71,583.3599,582.28,582.51,856758.0
2025-01-10 14:55:00+00:00,582.49,583.16,582.4,582.98,880586.0
2025-01-10 15:00:00+00:00,582.39,582.95,579.78,580.16,3009566.0
2025-01-10 15:05:00+00:00,580.16,580.71,579.43,579.74,1583078.0
2025-01-10 15:10:00+00:00,579.74,580.11,579.15,579.55,1238796.0
2025-01-10 15:15:00+00:00,579.55,580.88,579.525,580.35,1107397.0
2025-01-10 15:20:00+00:00,580.3425,581.6,580.31,581.51,1138469.0
2025-01-10 15:25:00+00:00,581.52,581.96,581.06,581.89,1004378.0
2025-01-10 15:30:00+00:00,581.9,582.49,581.47,582.03,1045151.0
2025-01-10 15:35:00+00:00,582.04,582.73,581.8,582.44,860058.0
2025-01-10 15:40:00+00:00,582.42,582.53,581.77,581.98,680698.0
2025-01-10 15:45:00+00:00,581.97,583.2288,581.77,582.83,747892.0
2025-01-10 15:50:00+00:00,582.85,582.85,581.11,581.65,1000294.0
2025-01-10 15:55:00+00:00,581.635,581.92,580.92,581.1,461010.0
2025-01-10 16:00:00+00:00,581.1,581.37,580.16,580.34,640744.0
2025-01-10 16:05:00+00:00,580.32,580.53,579.95,580.3956,677680.0
2025-01-10 16:10:00+00:00,580.39,580.56,580.005,580.08,622586.0
2025-01-10 16:15:00+00:00,580.08,580.5178,579.75,579.82,560573.0
2025-01-10 16:20:00+00:00,579.825,580.6499,579.79,580.41,454244.0
2025-01-10 16:25:00+00:00,580.4,580.64,579.59,579.86,487691.0
2025-01-10 16:30:00+00:00,579.87,580.09,579.39,579.585,654845.0
2025-01-10 16:35:00+00:00,579.575,579.76,578.78,579.17,587796.0
2025-01-10 16:40:00+00:00,579.19,580.61,579.19,580.54,627378.0
2025-01-10 16:45:00+00:00,580.53,580.81,579.67,579.88,611146.0
2025-01-10 16:50:00+00:00,579.9,580.5835,579.9,580.21,310732.0
2025-01-10 16:55:00+00:00,580.21,580.25,579.01,579.095,854259.0
2025-01-10 17:00:00+00:00,579.12,579.34,578.6,578.69,383476.0
2025-01-10 17:05:00+00:00,578.71,579.0199,578.55,578.705,605427.0
2025-01-10 17:10:00+00:00,578.735,579.1,578.59,579.03,307104.0
2025-01-10 17:15:00+00:00,579.03,579.6277,578.86,579.54,429419.0
2025-01-10 17:20:00+00:00,579.52,579.6865,578.89,579.3,501855.0
2025-01-10 17:25:00+00:00,579.3,580.09,579.28,580.0,431009.0
2025-01-10 17:30:00+00:00,579.98,580.35,579.9,580.28,393046.0
2025-01-10 17:35:00+00:00,580.25,580.89,579.95,580.55,462701.0
2025-01-10 17:40:00+00:00,580.54,581.15,580.5001,580.98,490898.0
2025-01-10 17:45:00+00:00,580.95,581.35,580.58,581.14,609679.0
2025-01-10 17:50:00+00:00,581.15,581.26,580.84,581.22,763551.0
2025-01-10 17:55:00+00:00,581.24,581.71,581.09,581.56,298983.0
2025-01-10 18:00:00+00:00,581.55,581.59,580.98,581.18,311063.0
2025-01-10 18:05:00+00:00,581.19,582.13,581.07,582.07,615022.0
2025-01-10 18:10:00+00:00,582.07,582.39,582.02,582.14,394660.0
2025-01-10 18:15:00+00:00,582.16,582.41,581.775,582.28,397184.0
2025-01-10 18:20:00+00:00,582.28,583.4,582.26,583.23,427860.0
2025-01-10 18:25:00+00:00,583.24,583.75,582.9843,583.24,669232.0
2025-01-10 18:30:00+00:00,583.24,583.54,582.62,583.3999,439077.0
2025-01-10 18:35:00+00:00,583.38,583.83,583.1401,583.55,463225.0
2025-01-10 18:40:00+00:00,583.555,583.78,583.11,583.35,312047.0
2025-01-10 18:45:00+00:00,583.38,583.9062,583.06,583.87,312536.0
2025-01-10 18:50:00+00:00,583.84,583.96,583.23,583.72,287526.0
2025-01-10 18:55:00+00:00,583.67,584.5,583.65,584.42,510131.0
2025-01-10 19:00:00+00:00,584.435,584.46,583.21,583.265,617035.0
2025-01-10 19:05:00+00:00,583.2786,583.31,581.87,581.9,1021321.0
2025-01-10 19:10:00+00:00,581.905,582.416,581.62,582.06,690020.0
2025-01-10 19:15:00+00:00,582.07,582.42,581.96,582.24,368214.0
2025-01-10 19:20:00+00:00,582.23,582.28,581.58,582.01,530423.0
2025-01-10 19:25:00+00:00,582.04,582.98,582.04,582.6,502213.0
2025-01-10 19:30:00+00:00,582.61,582.62,581.85,581.865,491788.0
2025-01-10 19:35:00+00:00,581.84,582.17,581.58,582.14,294333.0
2025-01-10 19:40:00+00:00,582.14,582.33,581.61,581.9,484715.0
2025-01-10 19:45:00+00:00,581.91,582.02,581.3,581.34,511444.0
2025-01-10 19:50:00+00:00,581.33,582.0058,581.23,581.99,366811.0
2025-01-10 19:55:00+00:00,581.9505,582.5,581.86,582.1,419266.0
2025-01-10 20:00:00+00:00,582.09,582.24,581.435,581.93,437938.0
2025-01-10 20:05:00+00:00,581.93,582.37,581.75,581.77,429828.0
2025-01-10 20:10:00+00:00,581.77,581.88,580.61,580.74,848169.0
2025-01-10 20:15:00+00:00,580.71,581.025,579.97,580.3093,1249891.0
2025-01-10 20:20:00+00:00,580.3099,580.8,580.1687,580.51,933162.0
2025-01-10 20:25:00+00:00,580.51,580.6,580.09,580.33,586121.0
2025-01-10 20:30:00+00:00,580.3318,580.52,579.7,580.12,937909.0
2025-01-10 20:35:00+00:00,580.09,581.12,580.0201,580.45,1271955.0
2025-01-10 20:40:00+00:00,580.46,580.95,580.01,580.43,1134671.0
2025-01-10 20:45:00+00:00,580.43,580.48,580.0,580.155,1254180.0
2025-01-10 20:50:00+00:00,580.13,580.97,579.78,580.92,1205944.0
2025-01-10 20:55:00+00:00,580.94,581.04,580.32,580.51,3193428.0
2025-01-10 21:00:00+00:00,580.57,580.86,580.06,580.36,1784905.0
2025-01-10 21:05:00+00:00,580.36,580.36,579.75,580.07,354403.0
2025-01-10 21:10:00+00:00,580.0,580.35,579.93,580.35,6178088.0
2025-01-10 21:15:00+00:00,580.27,580.61,580.2,580.45,90752.0
2025-01-10 21:20:00+00:00,580.42,580.47,580.2401,580.27,53872.0
2025-01-10 21:25:00+00:00,580.27,580.3,580.13,580.15,34484.0
2025-01-10 21:30:00+00:00,580.17,580.21,580.03,580.07,33034.0
2025-01-10 21:35:00+00:00,580.05,580.14,579.9,579.93,43126.0
2025-01-10 21:40:00+00:00,579.96,580.02,579.91,579.97,47647.0
2025-01-10 21:45:00+00:00,580.03,580.14,579.91,580.09,52257.0
2025-01-10 21:50:00+00:00,580.09,580.18,580.0,580.0,9057.0
2025-01-10 21:55:00+00:00,579.98,580.08,579.9,580.03,64227.0
2025-01-10 22:00:00+00:00,580.03,580.05,579.87,580.05,42364.0
2025-01-10 22:05:00+00:00,580.04,580.1,579.79,579.98,30879.0
2025-01-10 22:10:00+00:00,579.97,580.05,579.91,580.02,10015.0
2025-01-10 22:15:00+00:00,580.05,580.06,579.96,580.06,3047.0
2025-01-10 22:20:00+00:00,580.01,580.06,579.95,580.05,5973.0
2025-01-10 22:25:00+00:00,580.05,580.05,580.021,580.021,1497.0
2025-01-10 22:30:00+00:00,580.03,580.05,580.03,580.05,3891.0
2025-01-10 22:35:00+00:00,580.05,580.05,579.95,579.95,4225.0
2025-01-10 22:40:00+00:00,580.04,580.04,579.95,579.9799,2045.0
2025-01-10 22:45:00+00:00,579.96,579.96,579.925,579.95,4318.0
2025-01-10 22:50:00+00:00,579.9,579.9,579.9,579.9,539.0
2025-01-10 22:55:00+00:00,579.92,579.95,579.91,579.95,103184.0
2025-01-10 23:00:00+00:00,579.98,580.03,579.98,580.03,4844.0
2025-01-10 23:05:00+00:00,580.02,580.02,580.0,580.0,1008.0
2025-01-10 23:10:00+00:00,579.96,579.96,579.8,579.8,8073.0
2025-01-10 23:15:00+00:00,579.8499,579.85,579.7,579.83,6067.0
2025-01-10 23:20:00+00:00,579.77,579.77,579.7005,579.74,2341.0
2025-01-10 23:25:00+00:00,579.74,579.87,579.7,579.87,2993.0
2025-01-10 23:30:00+00:00,579.74,579.74,579.68,579.68,572.0
2025-01-10 23:35:00+00:00,579.8,579.8,579.8,579.8,717.0
2025-01-10 23:40:00+00:00,579.8469,579.8469,579.77,579.77,716.0
2025-01-10 23:45:00+00:00,579.86,579.97,579.86,579.97,7542.0
2025-01-10 23:50:00+00:00,579.94,579.94,579.94,579.94,188.0
2025-01-10 23:55:00+00:00,579.86,579.9,579.8,579.9,933.0
2025-01-11 00:00:00+00:00,579.85,579.9,579.8109,579.9,1425.0
2025-01-11 00:05:00+00:00,579.86,579.94,579.86,579.92,1857.0
2025-01-11 00:10:00+00:00,579.92,579.92,579.91,579.91,695.0
2025-01-11 00:15:00+00:00,579.89,579.89,579.89,579.89,223.0
2025-01-11 00:20:00+00:00,579.91,579.91,579.86,579.86,531.0
2025-01-11 00:25:00+00:00,579.8,579.9,579.66,579.9,2736.0
2025-01-11 00:35:00+00:00,579.87,579.87,579.785,579.785,493.0
2025-01-11 00:40:00+00:00,579.8575,579.8575,579.8575,579.8575,148.0
2025-01-11 00:45:00+00:00,579.85,579.85,579.85,579.85,134.0
2025-01-11 00:50:00+00:00,579.75,579.79,579.73,579.73,1240.0
2025-01-11 00:55:00+00:00,579.8227,579.88,579.78,579.7817,2987.0
2025-01-13 09:00:00+00:00,578.23,578.23,575.09,575.38,23485.0
2025-01-13 09:05:00+00:00,575.48,575.72,575.21,575.68,5782.0
2025-01-13 09:10:00+00:00,575.41,575.57,575.29,575.57,4104.0
2025-01-13 09:15:00+00:00,575.38,575.47,575.18,575.47,1896.0
2025-01-13 09:20:00+00:00,575.45,575.81,575.34,575.34,3451.0
2025-01-13 09:25:00+00:00,575.14,575.25,575.14,575.25,4429.0
2025-01-13 09:30:00+00:00,575.07,575.28,575.07,575.15,3767.0
2025-01-13 09:35:00+00:00,575.23,575.55,575.23,575.47,2394.0
2025-01-13 09:40:00+00:00,575.73,575.73,575.12,575.12,3023.0
2025-01-13 09:45:00+00:00,575.25,575.47,575.22,575.44,11211.0
2025-01-13 09:50:00+00:00,575.1,575.17,575.08,575.11,4236.0
2025-01-13 09:55:00+00:00,575.05,575.25,575.04,575.25,1240.0
2025-01-13 10:00:00+00:00,575.33,575.33,575.3,575.3,1109.0
2025-01-13 10:05:00+00:00,575.2,575.23,575.2,575.23,2022.0
2025-01-13 10:10:00+00:00,575.23,575.52,575.2,575.5,4046.0
2025-01-13 10:15:00+00:00,575.51,575.52,575.51,575.52,2864.0
2025-01-13 10:20:00+00:00,575.53,575.56,575.44,575.44,2078.0
2025-01-13 10:25:00+00:00,575.64,575.64,575.64,575.64,190.0
2025-01-13 10:30:00+00:00,575.76,575.8,575.74,575.74,696.0
2025-01-13 10:35:00+00:00,575.97,576.16,575.97,576.16,1692.0
2025-01-13 10:40:00+00:00,575.94,575.94,575.94,575.94,188.0
2025-01-13 10:45:00+00:00,576.02,576.02,576.02,576.02,274.0
2025-01-13 10:50:00+00:00,576.13,576.13,575.85,575.85,877.0
2025-01-13 10:55:00+00:00,575.67,575.79,575.53,575.7,1098.0
2025-01-13 11:00:00+00:00,575.5,576.1,575.5,576.1,3655.0
2025-01-13 11:05:00+00:00,576.23,576.23,575.87,575.91,4054.0
2025-01-13 11:10:00+00:00,575.63,575.75,575.56,575.75,1346.0
2025-01-13 11:15:00+00:00,575.89,575.98,575.8,575.8,2206.0
2025-01-13 11:20:00+00:00,575.99,575.99,575.9,575.9,5974.0
2025-01-13 11:25:00+00:00,575.84,575.93,575.84,575.92,4277.0
2025-01-13 11:30:00+00:00,575.76,575.93,575.76,575.93,2038.0
2025-01-13 11:35:00+00:00,576.08,576.2,576.01,576.13,6861.0
2025-01-13 11:40:00+00:00,576.0,576.0,576.0,576.0,119.0
2025-01-13 11:45:00+00:00,575.9,575.98,575.9,575.94,714.0
2025-01-13 11:50:00+00:00,576.07,576.07,576.0,576.0,307.0
2025-01-13 11:55:00+00:00,576.16,576.18,575.97,575.97,1743.0
2025-01-13 12:00:00+00:00,576.02,576.4,575.58,575.6,35361.0
2025-01-13 12:05:00+00:00,575.61,575.7,575.3,575.3,12474.0
2025-01-13 12:10:00+00:00,575.36,575.77,575.36,575.55,21655.0
2025-01-13 12:15:00+00:00,575.32,575.88,575.32,575.88,29652.0
2025-01-13 12:20:00+00:00,575.93,576.49,575.93,576.49,33560.0
2025-01-13 12:25:00+00:00,576.46,576.67,576.12,576.2,22290.0
2025-01-13 12:30:00+00:00,576.3,576.54,576.12,576.47,13486.0
2025-01-13 12:35:00+00:00,576.39,576.98,576.35,576.88,74146.0
2025-01-13 12:40:00+00:00,576.92,577.15,576.87,577.11,24831.0
2025-01-13 12:45:00+00:00,577.15,577.25,576.88,577.0,24650.0
2025-01-13 12:50:00+00:00,577.0,577.48,577.0,577.0,45290.0
2025-01-13 12:55:00+00:00,577.0,577.16,576.88,576.94,30745.0
2025-01-13 13:00:00+00:00,575.8,578.77,575.3196,576.9399,78620.0
2025-01-13 13:05:00+00:00,576.8,576.829,576.42,576.7099,10484.0
2025-01-13 13:10:00+00:00,576.46,576.99,576.22,576.83,20446.0
2025-01-13 13:15:00+00:00,576.74,577.02,576.74,576.95,44065.0
2025-01-13 13:20:00+00:00,576.95,577.18,576.85,577.05,34388.0
2025-01-13 13:25:00+00:00,577.08,577.08,576.69,576.71,17858.0
2025-01-13 13:30:00+00:00,576.78,577.301,576.58,577.01,70879.0
2025-01-13 13:35:00+00:00,576.96,577.14,576.871,577.14,11045.0
2025-01-13 13:40:00+00:00,577.19,577.49,576.96,577.1,21715.0
2025-01-13 13:45:00+00:00,577.02,577.3,576.9,577.0721,5538.0
2025-01-13 13:50:00+00:00,577.11,577.14,576.96,577.1,13689.0
2025-01-13 13:55:00+00:00,577.09,577.09,576.67,576.7809,22447.0
2025-01-13 14:00:00+00:00,576.78,576.86,576.06,576.2,72093.0
2025-01-13 14:05:00+00:00,576.18,576.39,576.02,576.14,122046.0
2025-01-13 14:10:00+00:00,576.07,576.1712,575.86,576.12,42008.0
2025-01-13 14:15:00+00:00,576.25,576.6,576.2,576.49,50008.0
2025-01-13 14:20:00+00:00,576.48,576.52,575.98,575.98,39239.0
2025-01-13 14:25:00+00:00,575.94,576.1,575.68,575.77,139323.0
2025-01-13 14:30:00+00:00,575.77,576.48,575.5,576.45,1734113.0
2025-01-13 14:35:00+00:00,576.47,576.57,575.49,575.72,983390.0
2025-01-13 14:40:00+00:00,575.71,576.9,575.35,576.87,837840.0
2025-01-13 14:45:00+00:00,576.85,576.96,576.105,576.5452,702308.0
2025-01-13 14:50:00+00:00,576.55,577.79,576.39,577.35,554915.0
2025-01-13 14:55:00+00:00,577.34,578.32,577.3085,577.87,835066.0
2025-01-13 15:00:00+00:00,577.88,577.88,577.05,577.475,645462.0
2025-01-13 15:05:00+00:00,577.52,578.62,577.4,577.47,435478.0
2025-01-13 15:10:00+00:00,577.45,577.56,576.86,576.88,407908.0
2025-01-13 15:15:00+00:00,576.91,577.6499,576.48,577.38,573321.0
2025-01-13 15:20:00+00:00,577.38,577.94,576.49,576.68,519968.0
2025-01-13 15:25:00+00:00,576.63,576.71,575.94,576.02,685928.0
2025-01-13 15:30:00+00:00,576.073,577.25,576.03,576.72,446486.0
2025-01-13 15:35:00+00:00,576.7138,578.36,576.66,578.25,516283.0
2025-01-13 15:40:00+00:00,578.22,578.8771,577.75,578.655,435542.0
2025-01-13 15:45:00+00:00,578.67,579.18,578.52,579.025,529565.0
2025-01-13 15:50:00+00:00,579.01,579.06,577.95,578.11,363378.0
2025-01-13 15:55:00+00:00,578.09,578.4,577.72,577.9,259897.0
2025-01-13 16:00:00+00:00,577.9,578.14,577.29,577.41,377957.0
2025-01-13 16:05:00+00:00,577.42,577.49,576.93,577.08,379553.0
2025-01-13 16:10:00+00:00,577.08,577.5,576.86,577.125,334632.0
2025-01-13 16:15:00+00:00,577.12,577.39,576.92,577.14,243948.0
2025-01-13 16:20:00+00:00,577.21,577.65,576.77,577.18,374864.0
2025-01-13 16:25:00+00:00,577.18,577.52,576.84,576.99,586299.0
2025-01-13 16:30:00+00:00,576.97,577.4899,576.85,577.31,315105.0
2025-01-13 16:35:00+00:00,577.33,577.995,576.66,576.83,480128.0
2025-01-13 16:40:00+00:00,576.84,578.21,576.84,577.99,655381.0
2025-01-13 16:45:00+00:00,577.99,578.04,577.45,577.6,186904.0
2025-01-13 16:50:00+00:00,577.5804,577.6901,576.81,576.85,222594.0
2025-01-13 16:55:00+00:00,576.83,576.8599,575.88,576.0,348222.0
2025-01-13 17:00:00+00:00,576.02,576.67,575.68,576.28,397819.0
2025-01-13 17:05:00+00:00,576.2937,577.27,576.2,577.2,412958.0
2025-01-13 17:10:00+00:00,577.21,577.68,577.2,577.61,309478.0
2025-01-13 17:15:00+00:00,577.6,578.22,577.47,578.1,314554.0
2025-01-13 17:20:00+00:00,578.11,578.44,577.91,578.19,298772.0
2025-01-13 17:25:00+00:00,578.19,578.53,578.11,578.23,317410.0
2025-01-13 17:30:00+00:00,578.2,578.44,577.79,578.37,331424.0
2025-01-13 17:35:00+00:00,578.34,578.41,577.77,577.81,333876.0
2025-01-13 17:40:00+00:00,577.74,578.1,577.6,577.81,282147.0
2025-01-13 17:45:00+00:00,577.8,578.5,577.75,578.28,204022.0
2025-01-13 17:50:00+00:00,578.3,578.73,578.155,578.41,187990.0
2025-01-13 17:55:00+00:00,578.44,579.55,578.44,579.46,320550.0
2025-01-13 18:00:00+00:00,579.46,579.525,579.1045,579.2801,371028.0
2025-01-13 18:05:00+00:00,579.28,579.705,578.9701,579.3604,329336.0
2025-01-13 18:10:00+00:00,579.35,579.75,579.34,579.52,217195.0
2025-01-13 18:15:00+00:00,579.56,579.62,578.95,579.13,526707.0
2025-01-13 18:20:00+00:00,579.09,579.26,578.88,579.13,194027.0
2025-01-13 18:25:00+00:00,579.135,579.72,579.07,579.72,221845.0
2025-01-13 18:30:00+00:00,579.69,580.08,579.42,579.97,347824.0
2025-01-13 18:35:00+00:00,579.96,580.15,579.49,579.98,394722.0
2025-01-13 18:40:00+00:00,579.99,579.99,579.37,579.46,299944.0
2025-01-13 18:45:00+00:00,579.455,580.285,579.37,580.16,339702.0
2025-01-13 18:50:00+00:00,580.16,580.25,579.57,579.59,808971.0
2025-01-13 18:55:00+00:00,579.6,580.1298,579.468,580.01,299213.0
2025-01-13 19:00:00+00:00,580.01,580.2,579.4,579.6,255007.0
2025-01-13 19:05:00+00:00,579.6,579.99,579.48,579.63,223616.0
2025-01-13 19:10:00+00:00,579.63,580.01,579.2595,579.3858,392216.0
2025-01-13 19:15:00+00:00,579.41,579.48,579.09,579.15,392200.0
2025-01-13 19:20:00+00:00,579.18,579.7691,578.97,579.52,302369.0
2025-01-13 19:25:00+00:00,579.52,580.36,579.41,580.31,267407.0
2025-01-13 19:30:00+00:00,580.29,580.52,579.975,580.19,277586.0
2025-01-13 19:35:00+00:00,580.21,580.6559,579.7,580.47,363816.0
2025-01-13 19:40:00+00:00,580.4756,581.0,580.43,580.7122,588959.0
2025-01-13 19:45:00+00:00,580.72,580.73,579.64,579.73,462072.0
2025-01-13 19:50:00+00:00,579.77,580.161,579.57,579.9782,371846.0
2025-01-13 19:55:00+00:00,580.01,580.65,579.9924,580.4816,340910.0
2025-01-13 20:00:00+00:00,580.47,580.47,579.93,580.15,364379.0
2025-01-13 20:05:00+00:00,580.15,580.67,580.12,580.34,286341.0
2025-01-13 20:10:00+00:00,580.33,580.5,580.21,580.33,296029.0
2025-01-13 20:15:00+00:00,580.31,580.9,580.18,580.87,413927.0
2025-01-13 20:20:00+00:00,580.85,580.97,579.97,580.02,411556.0
2025-01-13 20:25:00+00:00,580.03,580.32,579.89,580.1,769852.0
2025-01-13 20:30:00+00:00,580.1,580.32,579.87,580.17,533540.0
2025-01-13 20:35:00+00:00,580.16,580.52,579.94,580.04,543608.0
2025-01-13 20:40:00+00:00,580.03,580.39,580.02,580.11,419103.0
2025-01-13 20:45:00+00:00,580.09,580.37,579.93,580.12,600333.0
2025-01-13 20:50:00+00:00,580.16,581.28,580.1,581.1893,1424062.0
2025-01-13 20:55:00+00:00,581.19,581.75,581.105,581.54,2651912.0
2025-01-13 21:00:00+00:00,581.52,581.895,581.17,581.56,1047225.0
2025-01-13 21:05:00+00:00,581.54,581.74,581.5049,581.71,547847.0
2025-01-13 21:10:00+00:00,581.71,581.82,581.59,581.75,3337788.0
2025-01-13 21:15:00+00:00,581.74,581.9,581.59,581.78,174806.0
2025-01-13 21:20:00+00:00,581.77,582.02,581.7,581.98,51305.0
2025-01-13 21:25:00+00:00,581.96,582.25,581.95,582.16,96721.0
2025-01-13 21:30:00+00:00,582.17,582.1801,582.03,582.0308,161664.0
2025-01-13 21:35:00+00:00,582.04,582.09,581.98,581.98,18238.0
2025-01-13 21:40:00+00:00,581.98,582.25,581.93,582.07,49976.0
2025-01-13 21:45:00+00:00,582.03,582.08,581.89,582.04,33785.0
2025-01-13 21:50:00+00:00,582.02,582.13,582.02,582.03,5019.0
2025-01-13 21:55:00+00:00,582.02,582.21,582.01,582.15,52201.0
2025-01-13 22:00:00+00:00,582.14,582.14,582.07,582.13,4050.0
2025-01-13 22:05:00+00:00,582.12,582.13,582.07,582.1,16019.0
2025-01-13 22:10:00+00:00,582.12,582.12,582.1,582.1,5347.0
2025-01-13 22:15:00+00:00,582.11,582.12,582.09,582.12,6409.0
2025-01-13 22:20:00+00:00,582.13,582.14,582.1298,582.13,7256.0
2025-01-13 22:25:00+00:00,582.12,582.15,582.12,582.15,1259.0
2025-01-13 22:30:00+00:00,582.16,582.29,582.16,582.25,13953.0
2025-01-13 22:35:00+00:00,582.16,582.2796,582.13,582.2796,19582.0
2025-01-13 22:40:00+00:00,582.27,582.4,582.25,582.4,16051.0
2025-01-13 22:45:00+00:00,582.44,582.5,582.22,582.41,12013.0
2025-01-13 22:50:00+00:00,582.41,582.41,582.4,582.4096,3430.0
2025-01-13 22:55:00+00:00,582.37,582.4,582.35,582.3798,2607.0
2025-01-13 23:00:00+00:00,582.59,582.9,582.59,582.75,13403.0
2025-01-13 23:05:00+00:00,582.77,583.23,582.77,583.1799,22347.0
2025-01-13 23:10:00+00:00,583.19,583.24,583.0,583.0,18646.0
2025-01-13 23:15:00+00:00,583.06,583.15,583.02,583.04,3866.0
2025-01-13 23:20:00+00:00,583.1,583.1083,583.02,583.0299,11595.0
2025-01-13 23:25:00+00:00,582.989,583.1,582.989,582.99,10802.0
2025-01-13 23:30:00+00:00,583.0,583.56,583.0,583.531,75990.0
2025-01-13 23:35:00+00:00,583.55,583.93,583.55,583.93,18183.0
2025-01-13 23:40:00+00:00,583.9001,583.92,583.58,583.75,26148.0
2025-01-13 23:45:00+00:00,583.66,583.81,583.66,583.81,1115.0
2025-01-13 23:50:00+00:00,583.65,583.65,583.22,583.2201,7490.0
2025-01-13 23:55:00+00:00,583.3,583.3,583.11,583.21,2559.0
2025-01-14 00:00:00+00:00,583.2,583.2,582.79,582.87,5197.0
2025-01-14 00:05:00+00:00,582.9,582.9301,582.85,582.89,1825.0
2025-01-14 00:10:00+00:00,582.89,582.92,582.76,582.82,2373.0
2025-01-14 00:15:00+00:00,582.92,583.15,582.9005,583.15,3329.0
2025-01-14 00:20:00+00:00,583.08,583.09,582.91,582.91,3150.0
2025-01-14 00:25:00+00:00,583.01,583.04,582.83,582.83,5477.0
2025-01-14 00:30:00+00:00,582.96,582.96,582.88,582.91,1059.0
2025-01-14 00:35:00+00:00,582.8,582.88,582.8,582.87,1789.0
2025-01-14 00:40:00+00:00,582.83,582.83,582.81,582.81,1008.0
2025-01-14 00:45:00+00:00,582.84,582.96,582.84,582.96,2712.0
2025-01-14 00:50:00+00:00,583.01,583.16,583.01,583.14,4706.0
2025-01-14 00:55:00+00:00,583.15,583.2,583.1,583.2,21537.0
2025-01-14 09:00:00+00:00,583.98,584.97,583.98,584.97,8387.0
2025-01-14 09:05:00+00:00,584.95,585.0,584.93,584.93,2751.0
2025-01-14 09:10:00+00:00,584.79,584.85,584.54,584.85,3814.0
2025-01-14 09:15:00+00:00,584.45,584.45,584.45,584.45,491.0
2025-01-14 09:20:00+00:00,584.52,584.68,584.5,584.68,1749.0
2025-01-14 09:25:00+00:00,584.36,584.55,584.2,584.55,2447.0
2025-01-14 09:30:00+00:00,584.51,584.51,584.32,584.32,1571.0
2025-01-14 09:35:00+00:00,584.8,584.84,584.77,584.84,938.0
2025-01-14 09:40:00+00:00,584.46,584.53,584.46,584.53,378.0
2025-01-14 09:45:00+00:00,584.63,584.63,584.63,584.63,512.0
2025-01-14 09:50:00+00:00,584.61,584.61,584.5,584.5,833.0
2025-01-14 09:55:00+00:00,584.61,584.61,584.61,584.61,1818.0
2025-01-14 10:00:00+00:00,584.31,584.31,584.3,584.3,896.0
2025-01-14 10:05:00+00:00,584.6,584.63,584.6,584.63,764.0
2025-01-14 10:10:00+00:00,584.4,584.47,584.4,584.47,809.0
2025-01-14 10:20:00+00:00,584.37,584.37,584.33,584.33,3465.0
2025-01-14 10:25:00+00:00,584.2,584.2,584.07,584.19,1876.0
2025-01-14 10:30:00+00:00,584.3,584.4,584.3,584.4,922.0
2025-01-14 10:35:00+00:00,584.46,584.46,584.46,584.46,388.0
2025-01-14 10:45:00+00:00,584.46,584.46,584.46,584.46,445.0
2025-01-14 10:50:00+00:00,584.53,584.71,584.53,584.65,2287.0
2025-01-14 10:55:00+00:00,584.53,584.53,584.53,584.53,774.0
2025-01-14 11:05:00+00:00,584.25,584.27,584.13,584.21,941.0
2025-01-14 11:15:00+00:00,584.21,584.21,584.01,584.06,2799.0
2025-01-14 11:20:00+00:00,584.02,584.02,583.81,583.82,919.0
2025-01-14 11:25:00+00:00,583.83,583.91,583.77,583.91,4095.0
2025-01-14 11:30:00+00:00,583.92,584.0,583.71,583.81,26223.0
2025-01-14 11:35:00+00:00,583.88,583.88,583.78,583.88,2559.0
2025-01-14 11:40:00+00:00,583.81,584.0,583.81,583.9,12949.0
2025-01-14 11:45:00+00:00,583.83,583.83,583.53,583.56,12986.0
2025-01-14 11:50:00+00:00,583.56,583.68,583.48,583.67,5096.0
2025-01-14 11:55:00+00:00,583.55,583.68,583.55,583.68,1715.0
2025-01-14 12:00:00+00:00,583.63,583.81,583.53,583.71,28290.0
2025-01-14 12:05:00+00:00,583.65,583.65,582.97,583.18,27595.0
2025-01-14 12:10:00+00:00,583.13,583.33,582.79,582.86,25398.0
2025-01-14 12:15:00+00:00,582.97,583.0,582.9,582.92,9203.0
2025-01-14 12:20:00+00:00,582.9,582.9,582.23,582.62,43989.0
2025-01-14 12:25:00+00:00,582.64,583.04,582.61,582.92,47115.0
2025-01-14 12:30:00+00:00,582.9,583.15,582.9,583.15,10024.0
2025-01-14 12:35:00+00:00,583.27,583.28,582.96,583.28,6677.0
2025-01-14 12:40:00+00:00,583.19,583.29,583.15,583.2,6993.0
2025-01-14 12:45:00+00:00,583.2,583.22,583.14,583.2,4823.0
2025-01-14 12:50:00+00:00,583.25,583.25,583.0,583.02,23414.0
2025-01-14 12:55:00+00:00,582.9,583.01,582.74,582.95,19591.0
2025-01-14 13:00:00+00:00,583.55,584.88,582.361,582.7,111652.0
2025-01-14 13:05:00+00:00,582.66,582.67,582.4827,582.5617,15923.0
2025-01-14 13:10:00+00:00,582.55,582.64,582.43,582.44,11212.0
2025-01-14 13:15:00+00:00,582.37,582.459,582.21,582.39,40050.0
2025-01-14 13:20:00+00:00,582.39,582.39,581.82,581.82,11776.0
2025-01-14 13:25:00+00:00,581.85,582.09,581.5,581.76,68348.0
2025-01-14 13:30:00+00:00,582.06,585.99,581.98,584.93,512161.0
2025-01-14 13:35:00+00:00,584.77,584.8761,583.75,584.55,188241.0
2025-01-14 13:40:00+00:00,584.47,584.49,583.9,584.01,59419.0
2025-01-14 13:45:00+00:00,584.01,584.89,584.0,584.89,61835.0
2025-01-14 13:50:00+00:00,584.91,585.06,583.99,584.37,112841.0
2025-01-14 13:55:00+00:00,584.3,584.38,583.62,583.74,79336.0
2025-01-14 14:00:00+00:00,583.74,583.88,583.18,583.52,74549.0
2025-01-14 14:05:00+00:00,583.47,583.88,583.47,583.71,42469.0
2025-01-14 14:10:00+00:00,583.72,583.81,583.34,583.7,26626.0
2025-01-14 14:15:00+00:00,583.74,584.28,583.71,584.12,40658.0
2025-01-14 14:20:00+00:00,584.24,584.35,583.99,584.17,48649.0
2025-01-14 14:25:00+00:00,584.25,584.53,584.15,584.33,145285.0
2025-01-14 14:30:00+00:00,584.36,584.56,583.3,583.96,1423434.0
2025-01-14 14:35:00+00:00,583.96,584.83,583.96,584.67,858720.0
2025-01-14 14:40:00+00:00,584.67,585.0,584.23,584.8051,633587.0
2025-01-14 14:45:00+00:00,584.79,584.939,583.3,584.0,723917.0
2025-01-14 14:50:00+00:00,584.05,584.1,582.36,582.75,704683.0
2025-01-14 14:55:00+00:00,582.74,583.1799,581.97,582.3,551026.0
2025-01-14 15:00:00+00:00,582.3,583.4,582.16,583.04,590076.0
2025-01-14 15:05:00+00:00,583.03,584.27,582.94,583.79,500563.0
2025-01-14 15:10:00+00:00,583.79,584.56,583.59,584.05,761753.0
2025-01-14 15:15:00+00:00,584.0593,584.64,584.02,584.08,516359.0
2025-01-14 15:20:00+00:00,584.09,584.1,583.2,583.6,399675.0
2025-01-14 15:25:00+00:00,583.6,584.07,582.87,583.15,376131.0
2025-01-14 15:30:00+00:00,583.1752,583.37,582.71,582.78,278952.0
2025-01-14 15:35:00+00:00,582.7907,583.12,582.23,582.29,322937.0
2025-01-14 15:40:00+00:00,582.3,583.61,582.1229,583.52,452718.0
2025-01-14 15:45:00+00:00,583.47,583.559,582.6,582.6,278448.0
2025-01-14 15:50:00+00:00,582.6199,582.88,581.839,582.835,740070.0
2025-01-14 15:55:00+00:00,582.84,582.86,581.79,581.79,453623.0
2025-01-14 16:00:00+00:00,581.81,581.9407,580.18,580.4995,640854.0
2025-01-14 16:05:00+00:00,580.44,581.4,580.41,581.13,547410.0
2025-01-14 16:10:00+00:00,581.02,581.28,580.5,580.85,289736.0
2025-01-14 16:15:00+00:00,580.85,581.29,580.5,580.83,193299.0
2025-01-14 16:20:00+00:00,580.8258,581.45,580.8258,581.2,239839.0
2025-01-14 16:25:00+00:00,581.1801,581.9599,580.85,580.86,657753.0
2025-01-14 16:30:00+00:00,580.83,581.4,580.82,581.1,313701.0
2025-01-14 16:35:00+00:00,581.08,581.1557,580.22,580.5,342776.0
2025-01-14 16:40:00+00:00,580.51,580.69,579.44,579.5,924038.0
2025-01-14 16:45:00+00:00,579.53,579.7681,579.31,579.5075,926243.0
2025-01-14 16:50:00+00:00,579.51,579.74,579.3,579.488,298749.0
2025-01-14 16:55:00+00:00,579.488,579.76,578.77,578.77,341312.0
2025-01-14 17:00:00+00:00,578.75,579.17,578.57,579.035,568665.0
2025-01-14 17:05:00+00:00,579.02,579.66,578.82,579.4,362940.0
2025-01-14 17:10:00+00:00,579.42,579.93,579.385,579.5501,347634.0
2025-01-14 17:15:00+00:00,579.56,580.13,579.49,579.65,235850.0
2025-01-14 17:20:00+00:00,579.64,579.68,579.04,579.4,309029.0
2025-01-14 17:25:00+00:00,579.46,579.97,579.4,579.72,167614.0
2025-01-14 17:30:00+00:00,579.71,579.71,578.5701,578.77,425168.0
2025-01-14 17:35:00+00:00,578.74,579.4199,578.35,579.4,384605.0
2025-01-14 17:40:00+00:00,579.39,580.31,579.23,580.12,408352.0
2025-01-14 17:45:00+00:00,580.12,580.24,579.7,579.98,215749.0
2025-01-14 17:50:00+00:00,579.98,580.56,579.97,580.285,272127.0
2025-01-14 17:55:00+00:00,580.3,580.32,579.78,580.22,247650.0
2025-01-14 18:00:00+00:00,580.21,580.8499,580.1,580.81,241425.0
2025-01-14 18:05:00+00:00,580.81,581.01,580.63,580.83,1166781.0
2025-01-14 18:10:00+00:00,580.82,580.93,580.55,580.81,149663.0
2025-01-14 18:15:00+00:00,580.78,581.46,580.59,581.18,240865.0
2025-01-14 18:20:00+00:00,581.1899,581.69,581.0908,581.69,192672.0
2025-01-14 18:25:00+00:00,581.68,582.237,581.62,582.02,279098.0
2025-01-14 18:30:00+00:00,582.02,582.19,581.79,582.115,385595.0
2025-01-14 18:35:00+00:00,582.12,582.5799,582.01,582.5799,440654.0
2025-01-14 18:40:00+00:00,582.55,583.16,582.47,583.03,622028.0
2025-01-14 18:45:00+00:00,583.02,583.42,582.88,583.33,378522.0
2025-01-14 18:50:00+00:00,583.335,583.63,580.356,583.6,501762.0
2025-01-14 18:55:00+00:00,583.6001,583.755,583.39,583.49,458397.0
2025-01-14 19:00:00+00:00,583.47,583.5656,582.96,583.2,1032661.0
2025-01-14 19:05:00+00:00,583.19,583.6,583.0701,583.27,264462.0
2025-01-14 19:10:00+00:00,583.29,583.358,582.85,583.26,253173.0
2025-01-14 19:15:00+00:00,583.24,583.75,583.215,583.58,264333.0
2025-01-14 19:20:00+00:00,583.59,583.65,583.37,583.6,254245.0
2025-01-14 19:25:00+00:00,583.6,583.81,583.01,583.04,280716.0
2025-01-14 19:30:00+00:00,583.04,583.68,582.91,583.45,282368.0
2025-01-14 19:35:00+00:00,583.43,583.74,583.415,583.52,236099.0
2025-01-14 19:40:00+00:00,583.515,583.55,583.02,583.11,229892.0
2025-01-14 19:45:00+00:00,583.1025,583.16,582.79,582.84,279937.0
2025-01-14 19:50:00+00:00,582.86,582.86,581.65,581.77,512075.0
2025-01-14 19:55:00+00:00,581.79,581.84,580.39,580.56,722425.0
2025-01-14 20:00:00+00:00,580.55,580.87,579.02,579.24,882873.0
2025-01-14 20:05:00+00:00,579.26,579.87,578.9,579.67,970506.0
2025-01-14 20:10:00+00:00,579.66,579.77,579.21,579.52,338339.0
2025-01-14 20:15:00+00:00,579.53,580.28,579.53,579.9574,626954.0
2025-01-14 20:20:00+00:00,580.0,580.62,579.58,580.47,386573.0
2025-01-14 20:25:00+00:00,580.46,580.55,580.015,580.49,347480.0
2025-01-14 20:30:00+00:00,580.47,580.84,579.95,580.105,517427.0
2025-01-14 20:35:00+00:00,580.12,580.62,579.64,579.695,639753.0
2025-01-14 20:40:00+00:00,579.7,580.32,579.58,580.26,709275.0
2025-01-14 20:45:00+00:00,580.28,580.99,580.2,580.56,821445.0
2025-01-14 20:50:00+00:00,580.62,581.81,580.53,581.58,1661381.0
2025-01-14 20:55:00+00:00,581.59,582.29,581.37,582.19,3188341.0
2025-01-14 21:00:00+00:00,582.16,583.1,581.93,583.04,653044.0
2025-01-14 21:05:00+00:00,583.0403,583.19,582.97,583.05,348352.0
2025-01-14 21:10:00+00:00,583.05,583.18,582.83,583.01,1811389.0
2025-01-14 21:15:00+00:00,583.07,584.0,583.03,583.2196,237168.0
2025-01-14 21:20:00+00:00,583.2,583.22,583.1,583.14,59702.0
2025-01-14 21:25:00+00:00,583.145,583.25,583.14,583.24,55341.0
2025-01-14 21:30:00+00:00,583.22,583.29,583.14,583.29,151998.0
2025-01-14 21:35:00+00:00,583.29,583.4,583.28,583.3,106224.0
2025-01-14 21:40:00+00:00,583.3,583.37,583.27,583.35,28471.0
2025-01-14 21:45:00+00:00,583.23,583.27,583.06,583.13,37183.0
2025-01-14 21:50:00+00:00,583.11,583.17,583.05,583.05,55253.0
2025-01-14 21:55:00+00:00,583.08,583.1299,583.05,583.07,12796.0
2025-01-14 22:00:00+00:00,583.04,583.05,583.0,583.0,16817.0
2025-01-14 22:05:00+00:00,583.0,583.01,582.92,582.951,27868.0
2025-01-14 22:10:00+00:00,582.95,583.0,582.95,582.95,2512.0
2025-01-14 22:15:00+00:00,582.98,583.0,582.9001,582.9001,28483.0
2025-01-14 22:20:00+00:00,582.95,583.0,582.94,582.94,2522.0
2025-01-14 22:35:00+00:00,583.0,583.0,582.95,582.95,4684.0
2025-01-14 22:40:00+00:00,582.95,582.95,582.77,582.78,41671.0
2025-01-14 22:45:00+00:00,582.77,582.83,582.77,582.83,899.0
2025-01-14 22:50:00+00:00,582.86,582.89,582.8,582.89,8085.0
2025-01-14 22:55:00+00:00,582.89,582.98,582.89,582.95,3479.0
2025-01-14 23:00:00+00:00,582.95,582.96,582.75,582.75,10911.0
2025-01-14 23:05:00+00:00,582.74,582.74,582.6,582.6,17392.0
2025-01-14 23:10:00+00:00,582.63,582.75,582.63,582.75,5503.0
2025-01-14 23:15:00+00:00,582.69,582.69,582.561,582.6399,2556.0
2025-01-14 23:20:00+00:00,582.5619,582.64,582.5601,582.64,6899.0
2025-01-14 23:25:00+00:00,582.6399,582.64,582.53,582.55,3236.0
2025-01-14 23:30:00+00:00,582.5315,582.58,582.5,582.5,4227.0
2025-01-14 23:35:00+00:00,582.46,582.6,582.44,582.59,14360.0
2025-01-14 23:40:00+00:00,582.57,582.57,582.45,582.48,1310.0
2025-01-14 23:45:00+00:00,582.46,582.51,582.46,582.51,1328.0
2025-01-14 23:50:00+00:00,582.53,582.53,582.53,582.53,307.0
2025-01-14 23:55:00+00:00,582.57,582.57,582.5505,582.5699,2904.0
2025-01-15 00:00:00+00:00,582.56,582.57,582.5,582.5,2303.0
2025-01-15 00:05:00+00:00,582.5,582.54,582.46,582.48,17149.0
2025-01-15 00:10:00+00:00,582.4398,582.47,582.43,582.46,1754.0
2025-01-15 00:15:00+00:00,582.48,582.53,582.48,582.51,914.0
2025-01-15 00:20:00+00:00,582.55,582.62,582.51,582.54,2026.0
2025-01-15 00:25:00+00:00,582.5,582.54,582.5,582.5,1428.0
2025-01-15 00:30:00+00:00,582.41,582.4785,582.41,582.4785,1614.0
2025-01-15 00:35:00+00:00,582.44,582.469,582.44,582.45,1451.0
2025-01-15 00:40:00+00:00,582.49,582.54,582.49,582.54,9604.0
2025-01-15 00:45:00+00:00,582.57,582.57,582.42,582.45,4697.0
2025-01-15 00:50:00+00:00,582.57,582.57,582.57,582.57,123.0
2025-01-15 00:55:00+00:00,582.5489,582.69,582.5,582.65,15403.0
2025-01-15 09:00:00+00:00,582.11,582.6,582.11,582.6,5477.0
2025-01-15 09:05:00+00:00,582.59,582.59,582.59,582.59,166.0
2025-01-15 09:10:00+00:00,582.69,582.69,582.69,582.69,271.0
2025-01-15 09:15:00+00:00,582.66,582.66,582.65,582.65,580.0
2025-01-15 09:20:00+00:00,582.61,582.61,582.43,582.58,1788.0
2025-01-15 09:25:00+00:00,582.61,582.61,582.61,582.61,510.0
2025-01-15 09:30:00+00:00,582.67,582.74,582.67,582.74,4111.0
2025-01-15 09:35:00+00:00,582.76,582.81,582.75,582.8,19027.0
2025-01-15 09:40:00+00:00,582.86,583.15,582.86,583.15,3855.0
2025-01-15 09:45:00+00:00,583.07,583.07,583.0,583.0,801.0
2025-01-15 09:50:00+00:00,582.86,582.87,582.8,582.8,601.0
2025-01-15 09:55:00+00:00,582.91,583.0,582.91,582.96,2325.0
2025-01-15 10:00:00+00:00,582.92,582.92,582.92,582.92,524.0
2025-01-15 10:05:00+00:00,582.9,582.9,582.9,582.9,206.0
2025-01-15 10:10:00+00:00,582.84,582.9,582.79,582.8,1372.0
2025-01-15 10:15:00+00:00,582.75,582.75,582.71,582.71,440.0
2025-01-15 10:20:00+00:00,582.7,582.7,582.7,582.7,330.0
2025-01-15 10:25:00+00:00,582.94,583.01,582.94,582.96,3122.0
2025-01-15 10:30:00+00:00,583.0,583.14,583.0,583.14,24434.0
2025-01-15 10:35:00+00:00,583.15,583.15,583.14,583.14,2637.0
2025-01-15 10:40:00+00:00,583.16,583.22,583.1,583.22,1603.0
2025-01-15 10:50:00+00:00,583.21,583.21,583.19,583.21,4235.0
2025-01-15 10:55:00+00:00,583.21,583.21,583.21,583.21,447.0
2025-01-15 11:00:00+00:00,583.25,583.28,583.25,583.28,1515.0
2025-01-15 11:05:00+00:00,583.35,583.38,583.3,583.3,738.0
2025-01-15 11:10:00+00:00,583.31,583.4,583.3,583.4,1734.0
2025-01-15 11:15:00+00:00,583.36,583.36,583.29,583.36,1421.0
2025-01-15 11:20:00+00:00,583.26,583.26,583.2,583.24,999.0
2025-01-15 11:25:00+00:00,583.24,583.25,583.22,583.24,1050.0
2025-01-15 11:35:00+00:00,583.57,583.58,583.57,583.58,622.0
2025-01-15 11:40:00+00:00,583.8,583.86,583.8,583.86,993.0
2025-01-15 11:45:00+00:00,583.78,584.22,583.78,584.13,10725.0
2025-01-15 11:50:00+00:00,584.13,584.33,584.02,584.33,16451.0
2025-01-15 11:55:00+00:00,584.33,584.57,584.33,584.39,7956.0
2025-01-15 12:00:00+00:00,584.26,584.48,584.11,584.26,165219.0
2025-01-15 12:05:00+00:00,584.26,584.5,584.26,584.48,15120.0
2025-01-15 12:10:00+00:00,584.48,584.6,584.39,584.39,11324.0
2025-01-15 12:15:00+00:00,584.41,584.42,584.39,584.42,3326.0
2025-01-15 12:20:00+00:00,584.42,584.42,583.97,584.14,20847.0
2025-01-15 12:25:00+00:00,584.0,584.17,583.93,583.95,23450.0
2025-01-15 12:30:00+00:00,583.94,584.02,583.8,584.015,5723.0
2025-01-15 12:35:00+00:00,584.02,584.2,583.94,584.2,21286.0
2025-01-15 12:40:00+00:00,584.22,584.38,584.22,584.38,16005.0
2025-01-15 12:45:00+00:00,584.35,584.48,584.31,584.35,15198.0
2025-01-15 12:50:00+00:00,584.3,584.3,584.19,584.23,6896.0
2025-01-15 12:55:00+00:00,584.15,584.15,583.97,584.06,4556.0
2025-01-15 13:00:00+00:00,584.27,584.5104,582.19,584.321,54460.0
2025-01-15 13:05:00+00:00,584.321,584.48,584.24,584.31,18601.0
2025-01-15 13:10:00+00:00,584.3096,584.36,584.17,584.17,13850.0
2025-01-15 13:15:00+00:00,584.19,584.27,584.0701,584.1,39459.0
2025-01-15 13:20:00+00:00,584.14,584.51,584.08,584.51,37597.0
2025-01-15 13:25:00+00:00,584.53,584.56,584.22,584.22,76252.0
2025-01-15 13:30:00+00:00,584.56,590.57,584.51,590.57,1069505.0
2025-01-15 13:35:00+00:00,590.5,590.96,590.09,590.93,515119.0
2025-01-15 13:40:00+00:00,590.93,591.39,590.7,591.0,335654.0
2025-01-15 13:45:00+00:00,591.0,591.78,591.0,591.18,136240.0
2025-01-15 13:50:00+00:00,591.15,591.27,590.89,590.99,96026.0
2025-01-15 13:55:00+00:00,590.87,591.05,590.49,590.9001,172673.0
2025-01-15 14:00:00+00:00,590.87,591.3589,590.8,591.32,138940.0
2025-01-15 14:05:00+00:00,591.27,591.27,590.48,590.5,98648.0
2025-01-15 14:10:00+00:00,590.52,590.5597,590.15,590.3493,130056.0
2025-01-15 14:15:00+00:00,590.28,590.32,590.12,590.14,49352.0
2025-01-15 14:20:00+00:00,590.16,590.45,590.02,590.27,133543.0
2025-01-15 14:25:00+00:00,590.3,590.58,590.13,590.32,217183.0
2025-01-15 14:30:00+00:00,590.325,590.94,589.58,590.68,2503782.0
2025-01-15 14:35:00+00:00,590.68,590.85,589.195,590.11,1132814.0
2025-01-15 14:40:00+00:00,590.14,591.24,590.14,591.16,899486.0
2025-01-15 14:45:00+00:00,591.16,592.14,591.04,592.1126,1111225.0
2025-01-15 14:50:00+00:00,592.11,592.13,591.22,591.43,567341.0
2025-01-15 14:55:00+00:00,591.43,592.13,591.02,591.93,711533.0
2025-01-15 15:00:00+00:00,591.95,592.44,591.91,592.14,753499.0
2025-01-15 15:05:00+00:00,592.165,592.36,591.56,592.1,679749.0
2025-01-15 15:10:00+00:00,592.11,592.67,592.01,592.29,527373.0
2025-01-15 15:15:00+00:00,592.3,592.97,592.2,592.88,508160.0
2025-01-15 15:20:00+00:00,592.89,592.9,592.3601,592.53,702711.0
2025-01-15 15:25:00+00:00,592.54,592.54,592.09,592.33,627173.0
2025-01-15 15:30:00+00:00,592.34,592.53,591.75,592.17,430942.0
2025-01-15 15:35:00+00:00,592.16,592.22,591.27,591.74,628442.0
2025-01-15 15:40:00+00:00,591.68,592.14,591.45,591.71,416483.0
2025-01-15 15:45:00+00:00,591.69,591.93,591.17,591.334,369910.0
2025-01-15 15:50:00+00:00,591.35,591.88,591.09,591.74,393137.0
2025-01-15 15:55:00+00:00,591.73,591.9785,591.15,591.17,386795.0
2025-01-15 16:00:00+00:00,591.17,591.96,591.17,591.7,344472.0
2025-01-15 16:05:00+00:00,591.7,592.0,590.98,591.4,414620.0
2025-01-15 16:10:00+00:00,591.39,591.67,591.13,591.56,244235.0
2025-01-15 16:15:00+00:00,591.54,591.6052,590.8023,591.18,292844.0
2025-01-15 16:20:00+00:00,591.188,591.81,590.71,591.345,436676.0
2025-01-15 16:25:00+00:00,591.34,591.38,590.9853,591.0201,321473.0
2025-01-15 16:30:00+00:00,591.02,591.02,589.65,589.84,814224.0
2025-01-15 16:35:00+00:00,589.85,590.67,589.82,590.29,453193.0
2025-01-15 16:40:00+00:00,590.3,590.51,589.78,589.8,335934.0
2025-01-15 16:45:00+00:00,589.85,590.15,589.77,590.0,356082.0
2025-01-15 16:50:00+00:00,590.0201,590.13,589.5,589.888,298482.0
2025-01-15 16:55:00+00:00,589.8848,590.19,589.705,590.0268,241089.0
2025-01-15 17:00:00+00:00,590.03,590.58,589.92,590.46,265769.0
2025-01-15 17:05:00+00:00,590.43,590.99,590.34,590.9,294306.0
2025-01-15 17:10:00+00:00,590.9,591.16,590.79,590.95,207932.0
2025-01-15 17:15:00+00:00,590.96,591.38,590.65,590.74,368693.0
2025-01-15 17:20:00+00:00,590.75,591.07,590.5,590.715,226802.0
2025-01-15 17:25:00+00:00,590.71,591.15,590.71,591.12,138703.0
2025-01-15 17:30:00+00:00,591.12,591.545,591.1,591.46,197032.0
2025-01-15 17:35:00+00:00,591.47,591.83,591.3239,591.78,324407.0
2025-01-15 17:40:00+00:00,591.7719,591.91,591.7,591.85,271932.0
2025-01-15 17:45:00+00:00,591.85,591.95,591.6662,591.819,140228.0
2025-01-15 17:50:00+00:00,591.81,591.81,591.2,591.5801,340065.0
2025-01-15 17:55:00+00:00,591.5986,591.6,590.89,591.0,220731.0
2025-01-15 18:00:00+00:00,591.0,591.7299,591.0,591.6845,176373.0
2025-01-15 18:05:00+00:00,591.68,591.86,591.34,591.42,146427.0
2025-01-15 18:10:00+00:00,591.41,591.6929,591.4001,591.6399,97923.0
2025-01-15 18:15:00+00:00,591.635,592.03,591.61,591.9799,238004.0
2025-01-15 18:20:00+00:00,591.971,592.09,591.9,591.98,153937.0
2025-01-15 18:25:00+00:00,591.9799,592.27,591.87,592.27,345403.0
2025-01-15 18:30:00+00:00,592.255,592.5,592.2,592.27,225622.0
2025-01-15 18:35:00+00:00,592.28,592.28,591.98,592.2,215235.0
2025-01-15 18:40:00+00:00,592.2,592.47,592.0929,592.385,285465.0
2025-01-15 18:45:00+00:00,592.4,592.54,592.28,592.3701,137235.0
2025-01-15 18:50:00+00:00,592.4,592.66,592.4,592.625,123492.0
2025-01-15 18:55:00+00:00,592.625,592.66,592.44,592.53,175009.0
2025-01-15 19:00:00+00:00,592.53,592.79,592.4601,592.69,273781.0
2025-01-15 19:05:00+00:00,592.695,592.8,592.58,592.64,286718.0
2025-01-15 19:10:00+00:00,592.63,592.85,592.56,592.78,373098.0
2025-01-15 19:15:00+00:00,592.77,592.85,592.61,592.68,332128.0
2025-01-15 19:20:00+00:00,592.68,592.84,592.44,592.5,349102.0
2025-01-15 19:25:00+00:00,592.52,593.14,592.47,593.1,328729.0
2025-01-15 19:30:00+00:00,593.12,593.39,593.06,593.205,667075.0
2025-01-15 19:35:00+00:00,593.205,593.68,593.195,593.6,466886.0
2025-01-15 19:40:00+00:00,593.605,593.72,593.09,593.1168,480181.0
2025-01-15 19:45:00+00:00,593.14,593.409,593.02,593.27,265777.0
2025-01-15 19:50:00+00:00,593.27,593.5299,593.04,593.49,257274.0
2025-01-15 19:55:00+00:00,593.49,593.4999,593.265,593.4,376830.0
2025-01-15 20:00:00+00:00,593.4,593.6,593.29,593.375,771154.0
2025-01-15 20:05:00+00:00,593.37,593.54,593.3301,593.485,245745.0
2025-01-15 20:10:00+00:00,593.5,593.82,593.5,593.705,1017352.0
2025-01-15 20:15:00+00:00,593.7,593.74,593.5,593.595,536388.0
2025-01-15 20:20:00+00:00,593.595,593.89,593.57,593.78,506797.0
2025-01-15 20:25:00+00:00,593.77,593.94,593.65,593.69,774076.0
2025-01-15 20:30:00+00:00,593.68,593.84,593.45,593.79,567377.0
2025-01-15 20:35:00+00:00,593.77,593.8,593.24,593.4085,635251.0
2025-01-15 20:40:00+00:00,593.41,593.53,593.08,593.405,945193.0
2025-01-15 20:45:00+00:00,593.4,593.69,593.23,593.35,1508714.0
2025-01-15 20:50:00+00:00,593.34,593.34,592.89,592.94,2414548.0
2025-01-15 20:55:00+00:00,592.94,593.23,592.68,592.78,4541562.0
2025-01-15 21:00:00+00:00,592.74,593.15,592.62,592.63,1338728.0
2025-01-15 21:05:00+00:00,592.64,592.81,592.57,592.65,177770.0
2025-01-15 21:10:00+00:00,592.62,592.64,592.51,592.52,4363890.0
2025-01-15 21:15:00+00:00,592.55,593.0,592.55,592.72,449591.0
2025-01-15 21:20:00+00:00,592.66,592.7,592.62,592.6778,17360.0
2025-01-15 21:25:00+00:00,592.67,592.74,592.65,592.681,52835.0
2025-01-15 21:30:00+00:00,592.6499,592.6775,592.56,592.63,13685.0
2025-01-15 21:35:00+00:00,592.55,592.65,592.4101,592.59,12212.0
2025-01-15 21:40:00+00:00,592.6,592.64,592.52,592.52,76446.0
2025-01-15 21:45:00+00:00,592.52,592.75,592.0474,592.52,31620.0
2025-01-15 21:50:00+00:00,592.57,592.64,592.56,592.608,7390.0
2025-01-15 21:55:00+00:00,592.58,592.71,592.57,592.68,36737.0
2025-01-15 22:00:00+00:00,592.67,592.71,592.6,592.71,5997.0
2025-01-15 22:05:00+00:00,592.74,592.75,592.65,592.65,5226.0
2025-01-15 22:10:00+00:00,592.65,592.65,592.55,592.6,25458.0
2025-01-15 22:15:00+00:00,592.58,592.6968,592.52,592.6968,19115.0
2025-01-15 22:20:00+00:00,592.6692,592.6692,592.6692,592.6692,365.0
2025-01-15 22:25:00+00:00,592.64,592.78,592.64,592.78,277856.0
2025-01-15 22:30:00+00:00,592.78,592.78,592.75,592.75,6159.0
2025-01-15 22:35:00+00:00,592.74,592.74,592.73,592.73,1615.0
2025-01-15 22:40:00+00:00,592.81,592.89,592.81,592.89,3030.0
2025-01-15 22:45:00+00:00,592.88,593.0,592.88,593.0,5668.0
2025-01-15 22:50:00+00:00,592.95,593.0,592.95,592.95,9478.0
2025-01-15 22:55:00+00:00,592.94,592.98,592.86,592.87,6578.0
2025-01-15 23:00:00+00:00,592.87,592.89,592.6,592.85,38854.0
2025-01-15 23:05:00+00:00,592.85,593.05,592.85,592.98,14308.0
2025-01-15 23:10:00+00:00,593.03,593.03,592.91,592.99,2757.0
2025-01-15 23:15:00+00:00,593.0608,593.0608,593.0608,593.0608,128.0
2025-01-15 23:20:00+00:00,593.15,593.15,593.1107,593.13,2339.0
2025-01-15 23:25:00+00:00,593.161,593.19,593.15,593.19,1975.0
2025-01-15 23:30:00+00:00,593.32,593.32,593.29,593.29,1166.0
2025-01-15 23:35:00+00:00,593.31,593.31,593.31,593.31,345.0
2025-01-15 23:40:00+00:00,593.31,593.32,593.3,593.3,1475.0
2025-01-15 23:45:00+00:00,593.24,593.24,593.21,593.21,1230.0
2025-01-15 23:50:00+00:00,593.2,593.2099,593.15,593.2099,1203.0
2025-01-15 23:55:00+00:00,593.2296,593.23,593.21,593.22,2377.0
2025-01-16 00:00:00+00:00,593.33,593.34,593.27,593.31,3202.0
2025-01-16 00:05:00+00:00,593.26,593.26,593.26,593.26,268.0
2025-01-16 00:10:00+00:00,593.41,593.46,593.41,593.41,2875.0
2025-01-16 00:15:00+00:00,593.49,593.59,593.48,593.51,5510.0
2025-01-16 00:20:00+00:00,593.54,593.5797,593.51,593.5797,2380.0
2025-01-16 00:25:00+00:00,593.65,594.02,593.65,593.74,7945.0
2025-01-16 00:30:00+00:00,593.65,593.8,593.65,593.76,3414.0
2025-01-16 00:35:00+00:00,593.72,593.79,593.7012,593.7012,1723.0
2025-01-16 00:40:00+00:00,593.8,593.87,593.8,593.82,19042.0
2025-01-16 00:45:00+00:00,593.82,593.82,593.73,593.73,10867.0
2025-01-16 00:50:00+00:00,593.6,593.66,593.42,593.42,4621.0
2025-01-16 00:55:00+00:00,593.54,593.68,593.53,593.66,9884.0
2025-01-16 09:00:00+00:00,594.75,594.75,594.38,594.61,4764.0
2025-01-16 09:05:00+00:00,594.6,594.61,594.5,594.6,1231.0
2025-01-16 09:10:00+00:00,594.68,594.73,594.62,594.69,2063.0
2025-01-16 09:15:00+00:00,594.65,594.69,594.51,594.51,1370.0
2025-01-16 09:20:00+00:00,594.45,594.55,594.45,594.49,1613.0
2025-01-16 09:25:00+00:00,594.55,594.61,594.37,594.38,2297.0
2025-01-16 09:30:00+00:00,594.23,594.23,593.92,594.0,2875.0
2025-01-16 09:35:00+00:00,593.77,594.14,593.77,594.14,2350.0
2025-01-16 09:40:00+00:00,593.81,593.82,593.71,593.82,2733.0
2025-01-16 09:45:00+00:00,593.91,593.91,593.91,593.91,599.0
2025-01-16 09:50:00+00:00,594.03,594.3,594.03,594.3,10326.0
2025-01-16 09:55:00+00:00,594.24,594.32,594.22,594.32,1641.0
2025-01-16 10:00:00+00:00,593.8,593.8,593.8,593.8,1080.0
2025-01-16 10:05:00+00:00,593.72,593.72,593.62,593.68,949.0
2025-01-16 10:10:00+00:00,594.15,594.15,594.15,594.15,173.0
2025-01-16 10:15:00+00:00,594.05,594.42,594.05,594.42,15663.0
2025-01-16 10:20:00+00:00,594.44,594.69,594.44,594.67,3062.0
2025-01-16 10:25:00+00:00,594.67,594.82,594.6,594.8,3262.0
2025-01-16 10:30:00+00:00,594.8,594.83,594.72,594.83,1537.0
2025-01-16 10:35:00+00:00,594.89,594.89,594.87,594.87,1366.0
2025-01-16 10:40:00+00:00,594.72,594.72,594.72,594.72,252.0
2025-01-16 10:45:00+00:00,594.87,594.87,594.86,594.86,1804.0
2025-01-16 10:50:00+00:00,594.86,594.86,594.82,594.82,581.0
2025-01-16 10:55:00+00:00,594.89,594.89,594.7,594.7,1436.0
2025-01-16 11:00:00+00:00,594.6,594.72,594.5,594.5,1389.0
2025-01-16 11:05:00+00:00,594.56,594.63,594.56,594.6,646.0
2025-01-16 11:10:00+00:00,594.5,594.5,594.5,594.5,106.0
2025-01-16 11:15:00+00:00,594.52,594.56,594.46,594.56,635.0
2025-01-16 11:20:00+00:00,594.37,594.46,594.37,594.42,592.0
2025-01-16 11:25:00+00:00,594.33,594.51,594.32,594.51,1453.0
2025-01-16 11:30:00+00:00,594.49,594.53,594.43,594.47,1933.0
2025-01-16 11:35:00+00:00,594.56,594.56,594.2,594.2,618.0
2025-01-16 11:40:00+00:00,594.19,594.19,594.19,594.19,865.0
2025-01-16 11:45:00+00:00,594.26,594.53,594.26,594.53,957.0
2025-01-16 11:50:00+00:00,594.56,594.74,594.56,594.62,2638.0
2025-01-16 11:55:00+00:00,594.66,594.8,594.66,594.68,17265.0
2025-01-16 12:00:00+00:00,594.65,594.66,593.85,594.09,114634.0
2025-01-16 12:05:00+00:00,593.97,594.03,593.86,593.92,13170.0
2025-01-16 12:10:00+00:00,593.92,593.92,593.75,593.85,33562.0
2025-01-16 12:15:00+00:00,593.88,594.0,593.88,593.95,5690.0
2025-01-16 12:20:00+00:00,593.96,594.1,593.51,593.51,102926.0
2025-01-16 12:25:00+00:00,593.44,593.69,593.44,593.62,9534.0
2025-01-16 12:30:00+00:00,593.59,593.8,593.51,593.57,27404.0
2025-01-16 12:35:00+00:00,593.6,593.8,593.59,593.65,12134.0
2025-01-16 12:40:00+00:00,593.65,593.79,593.58,593.67,12336.0
2025-01-16 12:45:00+00:00,593.65,593.65,593.211,593.26,24400.0
2025-01-16 12:50:00+00:00,593.26,593.4,593.08,593.16,11944.0
2025-01-16 12:55:00+00:00,593.22,593.22,592.87,593.01,35127.0
2025-01-16 13:00:00+00:00,594.33,595.56,592.55,592.75,62974.0
2025-01-16 13:05:00+00:00,592.75,592.84,592.64,592.65,14966.0
2025-01-16 13:10:00+00:00,592.67,592.96,592.65,592.96,35767.0
2025-01-16 13:15:00+00:00,592.99,593.13,592.87,592.87,35800.0
2025-01-16 13:20:00+00:00,592.82,593.37,592.73,593.37,35597.0
2025-01-16 13:25:00+00:00,593.32,593.37,593.11,593.22,36305.0
2025-01-16 13:30:00+00:00,593.31,593.75,592.75,592.8483,36625.0
2025-01-16 13:35:00+00:00,592.93,593.48,592.72,593.4,75076.0
2025-01-16 13:40:00+00:00,593.41,593.53,593.0,593.01,23415.0
2025-01-16 13:45:00+00:00,592.97,593.39,592.97,593.3,26708.0
2025-01-16 13:50:00+00:00,593.43,593.75,593.43,593.7,64692.0
2025-01-16 13:55:00+00:00,593.65,593.67,593.46,593.59,21396.0
2025-01-16 14:00:00+00:00,593.59,593.75,593.54,593.57,39006.0
2025-01-16 14:05:00+00:00,593.52,593.56,593.3,593.34,21624.0
2025-01-16 14:10:00+00:00,593.34,593.77,593.34,593.72,51139.0
2025-01-16 14:15:00+00:00,593.7296,593.92,593.65,593.92,46827.0
2025-01-16 14:20:00+00:00,593.9301,594.08,593.85,594.03,25587.0
2025-01-16 14:25:00+00:00,594.04,594.34,593.96,594.17,39471.0
2025-01-16 14:30:00+00:00,594.175,594.3,593.36,593.67,1390927.0
2025-01-16 14:35:00+00:00,593.68,594.18,593.45,593.94,471722.0
2025-01-16 14:40:00+00:00,593.9225,594.26,592.96,593.15,496822.0
2025-01-16 14:45:00+00:00,593.15,593.19,592.22,592.49,739771.0
2025-01-16 14:50:00+00:00,592.46,592.97,592.31,592.6699,357522.0
2025-01-16 14:55:00+00:00,592.65,592.905,592.065,592.185,495370.0
2025-01-16 15:00:00+00:00,592.18,592.33,591.32,591.95,612085.0
2025-01-16 15:05:00+00:00,591.98,593.12,591.96,592.87,561680.0
2025-01-16 15:10:00+00:00,592.83,593.21,591.94,591.98,474438.0
2025-01-16 15:15:00+00:00,591.98,592.7,591.87,592.6,369431.0
2025-01-16 15:20:00+00:00,592.6,592.95,592.25,592.87,280985.0
2025-01-16 15:25:00+00:00,592.9298,592.9298,592.01,592.2828,217890.0
2025-01-16 15:30:00+00:00,592.27,592.975,592.03,592.21,274709.0
2025-01-16 15:35:00+00:00,592.2,593.0786,591.78,592.9,255456.0
2025-01-16 15:40:00+00:00,592.94,593.0299,591.85,592.4426,294068.0
2025-01-16 15:45:00+00:00,592.43,592.6,591.92,592.32,159434.0
2025-01-16 15:50:00+00:00,592.37,592.83,592.355,592.45,199136.0
2025-01-16 15:55:00+00:00,592.45,593.46,592.45,593.46,316669.0
2025-01-16 16:00:00+00:00,593.44,593.99,593.3,593.87,383346.0
2025-01-16 16:05:00+00:00,593.85,594.35,593.39,594.19,748382.0
2025-01-16 16:10:00+00:00,594.195,594.21,593.38,593.44,471465.0
2025-01-16 16:15:00+00:00,593.475,593.69,592.66,593.3,561917.0
2025-01-16 16:20:00+00:00,593.27,593.275,592.54,593.01,301719.0
2025-01-16 16:25:00+00:00,593.005,593.54,592.89,593.3601,211154.0
2025-01-16 16:30:00+00:00,593.34,593.54,593.11,593.11,208099.0
2025-01-16 16:35:00+00:00,593.1,593.22,592.5,592.68,301718.0
2025-01-16 16:40:00+00:00,592.65,592.74,591.82,592.35,535397.0
2025-01-16 16:45:00+00:00,592.39,592.93,592.3,592.9,235953.0
2025-01-16 16:50:00+00:00,592.91,593.11,592.483,592.955,210572.0
2025-01-16 16:55:00+00:00,592.955,593.57,592.86,593.5055,194110.0
2025-01-16 17:00:00+00:00,593.495,593.66,593.282,593.57,206015.0
2025-01-16 17:05:00+00:00,593.565,593.67,593.34,593.52,191987.0
2025-01-16 17:10:00+00:00,593.48,593.685,593.44,593.53,143311.0
2025-01-16 17:15:00+00:00,593.55,593.56,592.85,593.12,271115.0
2025-01-16 17:20:00+00:00,593.115,593.54,592.785,593.47,191880.0
2025-01-16 17:25:00+00:00,593.48,593.81,593.4,593.78,146020.0
2025-01-16 17:30:00+00:00,593.78,593.8,593.5,593.52,164547.0
2025-01-16 17:35:00+00:00,593.53,593.55,593.0025,593.13,185160.0
2025-01-16 17:40:00+00:00,593.11,593.28,593.005,593.12,123912.0
2025-01-16 17:45:00+00:00,593.12,593.38,593.01,593.1,135877.0
2025-01-16 17:50:00+00:00,593.13,593.17,592.8101,593.01,158528.0
2025-01-16 17:55:00+00:00,593.01,593.31,592.92,592.9799,113097.0
2025-01-16 18:00:00+00:00,592.97,593.33,592.91,593.3,143349.0
2025-01-16 18:05:00+00:00,593.32,593.54,593.04,593.15,255159.0
2025-01-16 18:10:00+00:00,593.16,593.44,593.02,593.055,108046.0
2025-01-16 18:15:00+00:00,593.0501,593.11,592.73,592.8601,179315.0
2025-01-16 18:20:00+00:00,592.86,593.04,592.84,592.91,193515.0
2025-01-16 18:25:00+00:00,592.94,593.04,592.11,592.26,200275.0
2025-01-16 18:30:00+00:00,592.26,592.4,591.92,592.01,569244.0
2025-01-16 18:35:00+00:00,592.0199,592.13,591.5801,591.94,489876.0
2025-01-16 18:40:00+00:00,591.94,592.09,591.66,591.78,289252.0
2025-01-16 18:45:00+00:00,591.81,591.81,590.93,591.4775,544196.0
2025-01-16 18:50:00+00:00,591.46,591.89,591.17,591.795,490415.0
2025-01-16 18:55:00+00:00,591.78,591.8978,591.199,591.4,558155.0
2025-01-16 19:00:00+00:00,591.38,591.78,591.075,591.7177,340944.0
2025-01-16 19:05:00+00:00,591.75,592.2315,591.71,592.01,224737.0
2025-01-16 19:10:00+00:00,592.01,592.38,591.92,592.15,206678.0
2025-01-16 19:15:00+00:00,592.15,592.415,592.11,592.26,214733.0
2025-01-16 19:20:00+00:00,592.27,592.4,591.56,591.72,230870.0
2025-01-16 19:25:00+00:00,591.72,592.6126,591.7,592.465,244056.0
2025-01-16 19:30:00+00:00,592.47,592.5,592.185,592.43,192815.0
2025-01-16 19:35:00+00:00,592.43,592.83,592.32,592.78,181100.0
2025-01-16 19:40:00+00:00,592.78,592.78,592.47,592.5495,208396.0
2025-01-16 19:45:00+00:00,592.54,592.72,592.47,592.59,161865.0
2025-01-16 19:50:00+00:00,592.59,592.715,592.22,592.65,312291.0
2025-01-16 19:55:00+00:00,592.66,593.08,592.66,592.93,428027.0
2025-01-16 20:00:00+00:00,592.93,593.11,592.84,593.03,306583.0
2025-01-16 20:05:00+00:00,593.03,593.33,593.03,593.25,299993.0
2025-01-16 20:10:00+00:00,593.24,593.33,592.74,592.75,790793.0
2025-01-16 20:15:00+00:00,592.73,592.94,592.27,592.36,455424.0
2025-01-16 20:20:00+00:00,592.36,592.49,591.94,592.18,447520.0
2025-01-16 20:25:00+00:00,592.15,592.57,592.11,592.29,728729.0
2025-01-16 20:30:00+00:00,592.29,592.7943,592.26,592.61,572220.0
2025-01-16 20:35:00+00:00,592.57,592.86,592.4,592.6,402656.0
2025-01-16 20:40:00+00:00,592.6,593.139,592.58,593.03,428170.0
2025-01-16 20:45:00+00:00,593.04,593.08,592.655,592.82,818481.0
2025-01-16 20:50:00+00:00,592.8,593.2,592.35,592.47,1634874.0
2025-01-16 20:55:00+00:00,592.49,592.49,591.48,591.7,2743774.0
2025-01-16 21:00:00+00:00,591.71,591.74,591.28,591.44,382339.0
2025-01-16 21:05:00+00:00,591.43,591.48,591.35,591.35,143513.0
2025-01-16 21:10:00+00:00,591.3,591.33,590.43,590.44,7615991.0
2025-01-16 21:15:00+00:00,590.49,590.93,590.49,590.7,600637.0
2025-01-16 21:20:00+00:00,590.7,590.72,590.35,590.39,89207.0
2025-01-16 21:25:00+00:00,590.47,590.679,590.42,590.67,71507.0
2025-01-16 21:30:00+00:00,590.77,590.9896,590.77,590.91,33730.0
2025-01-16 21:35:00+00:00,590.95,590.95,590.84,590.94,19450.0
2025-01-16 21:40:00+00:00,590.92,590.98,590.83,590.83,24304.0
2025-01-16 21:45:00+00:00,590.961,591.02,590.9,590.92,33548.0
2025-01-16 21:50:00+00:00,591.0,591.0,590.83,590.87,25689.0
2025-01-16 21:55:00+00:00,591.009,591.02,590.98,591.0,5897.0
2025-01-16 22:00:00+00:00,591.03,591.03,591.01,591.01,461.0
2025-01-16 22:05:00+00:00,591.0,591.04,591.0,591.0,5538.0
2025-01-16 22:10:00+00:00,591.02,591.02,590.98,590.98,2832.0
2025-01-16 22:15:00+00:00,590.96,590.99,590.96,590.99,4999.0
2025-01-16 22:20:00+00:00,590.96,590.96,590.96,590.96,657.0
2025-01-16 22:25:00+00:00,590.99,590.99,590.94,590.95,6214.0
2025-01-16 22:30:00+00:00,590.97,590.98,590.95,590.98,1698.0
2025-01-16 22:35:00+00:00,590.97,590.98,590.95,590.98,4385.0
2025-01-16 22:40:00+00:00,590.96,590.99,590.95,590.97,7835.0
2025-01-16 22:45:00+00:00,590.99,590.99,590.99,590.99,409.0
2025-01-16 22:50:00+00:00,590.99,591.0,590.99,591.0,5666.0
2025-01-16 22:55:00+00:00,590.99,591.0,590.98,591.0,3191.0
2025-01-16 23:00:00+00:00,591.0,591.25,590.95,591.18,29271.0
2025-01-16 23:05:00+00:00,591.11,591.15,590.86,590.89,5144.0
2025-01-16 23:10:00+00:00,591.01,591.16,591.01,591.16,1339.0
2025-01-16 23:15:00+00:00,591.229,591.32,591.19,591.32,2328.0
2025-01-16 23:20:00+00:00,591.34,591.37,591.2,591.25,3857.0
2025-01-16 23:25:00+00:00,591.26,591.26,591.13,591.23,1245.0
2025-01-16 23:30:00+00:00,591.28,591.38,591.28,591.36,4263.0
2025-01-16 23:35:00+00:00,591.35,591.36,591.28,591.33,2421.0
2025-01-16 23:40:00+00:00,591.3,591.351,591.3,591.351,2332.0
2025-01-16 23:45:00+00:00,591.36,591.4,591.29,591.39,8342.0
2025-01-16 23:50:00+00:00,591.3992,591.3992,591.28,591.3,4457.0
2025-01-16 23:55:00+00:00,591.3304,591.44,591.33,591.44,1168.0
2025-01-17 00:00:00+00:00,591.48,591.55,591.4,591.45,5386.0
2025-01-17 00:05:00+00:00,591.5,591.5304,591.49,591.5304,2410.0
2025-01-17 00:10:00+00:00,591.47,591.47,591.41,591.41,890.0
2025-01-17 00:15:00+00:00,591.31,591.42,591.31,591.42,884.0
2025-01-17 00:20:00+00:00,591.37,591.37,591.37,591.37,326.0
2025-01-17 00:25:00+00:00,591.4,591.45,591.4,591.45,1339.0
2025-01-17 00:30:00+00:00,591.55,591.55,591.5,591.5,745.0
2025-01-17 00:35:00+00:00,591.51,591.51,591.49,591.5,677.0
2025-01-17 00:40:00+00:00,591.576,591.6,591.576,591.6,1254.0
2025-01-17 00:45:00+00:00,591.58,591.58,591.48,591.48,2147.0
2025-01-17 00:50:00+00:00,591.41,591.5,591.41,591.5,1828.0
2025-01-17 00:55:00+00:00,591.5,591.54,591.5,591.51,1743.0
2025-01-17 09:00:00+00:00,593.4,593.65,593.26,593.61,7777.0
2025-01-17 09:05:00+00:00,593.6,593.77,593.6,593.69,4433.0
2025-01-17 09:10:00+00:00,593.74,593.74,593.74,593.74,365.0
2025-01-17 09:15:00+00:00,593.91,594.0,593.91,594.0,5653.0
2025-01-17 09:20:00+00:00,593.95,594.0,593.95,593.98,6190.0
2025-01-17 09:25:00+00:00,594.19,594.23,594.19,594.23,1297.0
2025-01-17 09:30:00+00:00,594.1,594.1,593.96,594.06,1765.0
2025-01-17 09:35:00+00:00,594.0,594.0,593.82,593.82,890.0
2025-01-17 09:40:00+00:00,593.77,593.77,593.77,593.77,208.0
2025-01-17 09:45:00+00:00,593.78,593.87,593.78,593.87,594.0
2025-01-17 09:50:00+00:00,593.77,593.77,593.77,593.77,242.0
2025-01-17 09:55:00+00:00,593.91,593.91,593.77,593.79,1225.0
2025-01-17 10:00:00+00:00,593.9,593.9,593.74,593.74,1656.0
2025-01-17 10:05:00+00:00,593.61,593.91,593.61,593.91,2993.0
2025-01-17 10:10:00+00:00,593.9,593.92,593.81,593.81,1801.0
2025-01-17 10:15:00+00:00,594.02,594.04,594.02,594.04,350.0
2025-01-17 10:20:00+00:00,594.0,594.0,593.89,593.89,1310.0
2025-01-17 10:25:00+00:00,593.98,593.98,593.84,593.84,526.0
2025-01-17 10:30:00+00:00,593.81,593.85,593.7,593.84,4593.0
2025-01-17 10:35:00+00:00,593.76,593.76,593.76,593.76,103.0
2025-01-17 10:40:00+00:00,593.83,593.83,593.83,593.83,129.0
2025-01-17 10:45:00+00:00,593.92,593.92,593.92,593.92,421.0
2025-01-17 10:50:00+00:00,593.71,593.85,593.61,593.85,1116.0
2025-01-17 10:55:00+00:00,593.91,593.91,593.85,593.85,876.0
2025-01-17 11:00:00+00:00,593.98,594.07,593.98,594.07,1625.0
2025-01-17 11:05:00+00:00,593.97,593.97,593.9,593.95,5671.0
2025-01-17 11:10:00+00:00,593.92,593.96,593.85,593.96,3519.0
2025-01-17 11:15:00+00:00,594.03,594.2,594.03,594.2,1105.0
2025-01-17 11:20:00+00:00,594.12,594.12,594.02,594.05,584.0
2025-01-17 11:25:00+00:00,594.04,594.14,594.0,594.1,27172.0
2025-01-17 11:30:00+00:00,594.14,594.29,594.14,594.25,26038.0
2025-01-17 11:35:00+00:00,594.16,594.39,594.13,594.35,5499.0
2025-01-17 11:40:00+00:00,594.4,594.4,594.21,594.21,3397.0
2025-01-17 11:45:00+00:00,594.13,594.13,594.13,594.13,180.0
2025-01-17 11:50:00+00:00,594.0,594.0,593.7,593.84,10145.0
2025-01-17 11:55:00+00:00,593.78,593.81,593.65,593.72,4298.0
2025-01-17 12:00:00+00:00,593.76,593.76,593.16,593.52,222388.0
2025-01-17 12:05:00+00:00,593.57,593.86,593.57,593.86,4868.0
2025-01-17 12:10:00+00:00,593.81,593.94,593.79,593.94,1632.0
2025-01-17 12:15:00+00:00,593.86,594.0,593.83,594.0,4005.0
2025-01-17 12:20:00+00:00,593.85,594.19,593.83,594.16,8917.0
2025-01-17 12:25:00+00:00,594.08,594.1,593.98,594.1,4973.0
2025-01-17 12:30:00+00:00,594.1,594.14,593.68,593.68,31355.0
2025-01-17 12:35:00+00:00,593.63,593.85,593.62,593.85,11563.0
2025-01-17 12:40:00+00:00,593.77,593.9,593.74,593.9,15771.0
2025-01-17 12:45:00+00:00,593.92,593.92,593.78,593.83,3586.0
2025-01-17 12:50:00+00:00,593.91,594.0,593.91,594.0,1314.0
2025-01-17 12:55:00+00:00,594.01,594.1,593.9,594.03,31222.0
2025-01-17 13:00:00+00:00,593.6816,594.35,592.2,594.32,60926.0
2025-01-17 13:05:00+00:00,594.35,594.95,594.35,594.87,40419.0
2025-01-17 13:10:00+00:00,594.95,595.19,594.93,595.04,22244.0
2025-01-17 13:15:00+00:00,595.08,595.32,595.03,595.26,28812.0
2025-01-17 13:20:00+00:00,595.32,595.62,595.32,595.47,40309.0
2025-01-17 13:25:00+00:00,595.49,595.55,595.31,595.41,37629.0
2025-01-17 13:30:00+00:00,595.46,596.35,595.46,596.28,84402.0
2025-01-17 13:35:00+00:00,596.32,596.36,595.58,595.75,87403.0
2025-01-17 13:40:00+00:00,595.76,596.1,595.76,596.05,39563.0
2025-01-17 13:45:00+00:00,596.05,596.1,595.73,595.86,25365.0
2025-01-17 13:50:00+00:00,595.86,596.01,595.7,595.73,31389.0
2025-01-17 13:55:00+00:00,595.65,596.21,595.65,596.17,55914.0
2025-01-17 14:00:00+00:00,596.24,596.81,596.17,596.66,68251.0
2025-01-17 14:05:00+00:00,596.76,596.831,596.41,596.64,67393.0
2025-01-17 14:10:00+00:00,596.59,597.23,596.59,596.9698,69270.0
2025-01-17 14:15:00+00:00,596.96,597.16,596.67,596.75,54557.0
2025-01-17 14:20:00+00:00,596.78,597.03,596.49,596.58,73301.0
2025-01-17 14:25:00+00:00,596.71,597.74,596.6,596.95,286804.0
2025-01-17 14:30:00+00:00,596.96,597.3,596.06,596.305,2646778.0
2025-01-17 14:35:00+00:00,596.35,596.8601,595.9426,596.11,807652.0
2025-01-17 14:40:00+00:00,596.12,596.67,595.61,596.12,674924.0
2025-01-17 14:45:00+00:00,596.13,596.99,595.9,596.9351,674487.0
2025-01-17 14:50:00+00:00,596.915,597.245,596.36,596.535,588479.0
2025-01-17 14:55:00+00:00,596.54,596.93,596.03,596.29,518451.0
2025-01-17 15:00:00+00:00,596.32,597.16,596.27,597.06,937192.0
2025-01-17 15:05:00+00:00,597.07,597.54,596.71,596.765,709247.0
2025-01-17 15:10:00+00:00,596.76,597.33,596.63,597.16,722838.0
2025-01-17 15:15:00+00:00,597.11,597.34,597.01,597.18,878087.0
2025-01-17 15:20:00+00:00,597.19,597.27,596.2,596.68,451285.0
2025-01-17 15:25:00+00:00,596.67,597.0,596.05,596.97,398810.0
2025-01-17 15:30:00+00:00,596.99,597.3898,596.78,597.21,333270.0
2025-01-17 15:35:00+00:00,597.205,597.6,597.1,597.54,6192467.0
2025-01-17 15:40:00+00:00,597.56,597.72,597.27,597.41,479959.0
2025-01-17 15:45:00+00:00,597.43,597.65,597.21,597.6499,442557.0
2025-01-17 15:50:00+00:00,597.63,597.93,597.53,597.89,368436.0
2025-01-17 15:55:00+00:00,597.89,598.18,597.74,598.16,929516.0
2025-01-17 16:00:00+00:00,598.14,598.18,597.7139,597.9505,391924.0
2025-01-17 16:05:00+00:00,597.95,598.33,597.81,598.1297,331837.0
2025-01-17 16:10:00+00:00,598.14,598.2801,597.93,598.19,379998.0
2025-01-17 16:15:00+00:00,598.2,598.41,598.07,598.23,521407.0
2025-01-17 16:20:00+00:00,598.24,598.75,598.2,598.74,266951.0
2025-01-17 16:25:00+00:00,598.7325,599.1,598.68,598.77,609766.0
2025-01-17 16:30:00+00:00,598.77,598.94,598.1,598.28,424149.0
2025-01-17 16:35:00+00:00,598.285,598.69,598.28,598.6484,244607.0
2025-01-17 16:40:00+00:00,598.645,598.6999,598.44,598.68,236406.0
2025-01-17 16:45:00+00:00,598.68,598.78,598.32,598.58,229919.0
2025-01-17 16:50:00+00:00,598.6,598.7,598.23,598.25,312876.0
2025-01-17 16:55:00+00:00,598.26,598.48,598.12,598.295,182126.0
2025-01-17 17:00:00+00:00,598.28,598.2961,597.82,598.1,336244.0
2025-01-17 17:05:00+00:00,598.0773,598.4174,598.0252,598.32,169672.0
2025-01-17 17:10:00+00:00,598.325,598.63,598.2301,598.59,517063.0
2025-01-17 17:15:00+00:00,598.6,598.7513,598.515,598.7201,436107.0
2025-01-17 17:20:00+00:00,598.72,598.98,598.7,598.895,203922.0
2025-01-17 17:25:00+00:00,598.9,599.04,598.855,598.9812,216697.0
2025-01-17 17:30:00+00:00,599.0,599.08,598.91,598.91,183078.0
2025-01-17 17:35:00+00:00,598.91,599.1,598.63,599.055,257283.0
2025-01-17 17:40:00+00:00,599.06,599.07,598.83,598.92,235544.0
2025-01-17 17:45:00+00:00,598.935,599.06,598.86,599.0148,180053.0
2025-01-17 17:50:00+00:00,599.02,599.07,598.78,598.91,170648.0
2025-01-17 17:55:00+00:00,598.91,598.96,598.53,598.87,269609.0
2025-01-17 18:00:00+00:00,598.89,598.9,598.5651,598.835,404684.0
2025-01-17 18:05:00+00:00,598.83,599.11,598.8,598.98,175119.0
2025-01-17 18:10:00+00:00,598.97,599.3,598.945,599.17,387971.0
2025-01-17 18:15:00+00:00,599.175,599.26,599.095,599.16,381613.0
2025-01-17 18:20:00+00:00,599.17,599.36,599.17,599.2,252177.0
2025-01-17 18:25:00+00:00,599.19,599.28,599.0036,599.03,219608.0
2025-01-17 18:30:00+00:00,599.03,599.11,598.72,598.78,208062.0
2025-01-17 18:35:00+00:00,598.79,599.11,598.74,599.0518,240251.0
2025-01-17 18:40:00+00:00,599.0451,599.06,598.52,598.625,930655.0
2025-01-17 18:45:00+00:00,598.64,598.95,598.58,598.585,648456.0
2025-01-17 18:50:00+00:00,598.6,598.6,598.395,598.56,274520.0
2025-01-17 18:55:00+00:00,598.54,598.59,598.1701,598.59,245504.0
2025-01-17 19:00:00+00:00,598.5513,598.72,598.5,598.57,269376.0
2025-01-17 19:05:00+00:00,598.6,598.61,598.16,598.3872,1426230.0
2025-01-17 19:10:00+00:00,598.4,598.5799,598.24,598.52,265859.0
2025-01-17 19:15:00+00:00,598.52,598.61,598.08,598.0821,226913.0
2025-01-17 19:20:00+00:00,598.08,598.76,598.08,598.72,229188.0
2025-01-17 19:25:00+00:00,598.69,598.73,598.42,598.447,741761.0
2025-01-17 19:30:00+00:00,598.48,598.55,598.31,598.5295,329462.0
2025-01-17 19:35:00+00:00,598.51,598.71,598.48,598.5,705305.0
2025-01-17 19:40:00+00:00,598.5001,598.61,598.32,598.48,240747.0
2025-01-17 19:45:00+00:00,598.5,598.62,598.4,598.4101,142792.0
2025-01-17 19:50:00+00:00,598.41,598.4778,598.14,598.195,672072.0
2025-01-17 19:55:00+00:00,598.19,598.34,598.02,598.24,256286.0
2025-01-17 20:00:00+00:00,598.22,598.22,597.53,597.73,487885.0
2025-01-17 20:05:00+00:00,597.73,598.17,597.55,598.16,405903.0
2025-01-17 20:10:00+00:00,598.15,598.35,598.02,598.04,435472.0
2025-01-17 20:15:00+00:00,598.04,598.34,597.97,598.3092,401921.0
2025-01-17 20:20:00+00:00,598.3,598.4699,598.2314,598.43,437176.0
2025-01-17 20:25:00+00:00,598.44,598.44,598.03,598.1,644293.0
2025-01-17 20:30:00+00:00,598.095,598.5399,598.06,598.5,708618.0
2025-01-17 20:35:00+00:00,598.51,598.59,598.395,598.45,654504.0
2025-01-17 20:40:00+00:00,598.44,598.49,598.1301,598.29,606313.0
2025-01-17 20:45:00+00:00,598.3,598.5,598.17,598.24,771304.0
2025-01-17 20:50:00+00:00,598.23,598.56,597.8,598.245,1303769.0
2025-01-17 20:55:00+00:00,598.26,598.26,597.35,597.57,3920565.0
2025-01-17 21:00:00+00:00,597.53,597.62,597.17,597.22,673113.0
2025-01-17 21:05:00+00:00,597.2094,598.2364,597.17,598.2364,359727.0
2025-01-17 21:10:00+00:00,597.47,598.2364,597.0,597.32,187796.0
2025-01-17 21:15:00+00:00,597.29,597.4,597.2,597.25,2058665.0
2025-01-17 21:20:00+00:00,597.3,597.36,597.22,597.3307,178310.0
2025-01-17 21:25:00+00:00,597.33,597.38,597.3,597.35,70519.0
2025-01-17 21:30:00+00:00,597.35,597.39,597.33,597.33,15506.0
2025-01-17 21:35:00+00:00,597.39,597.39,597.23,597.25,17995.0
2025-01-17 21:40:00+00:00,597.37,597.43,597.33,597.43,134285.0
2025-01-17 21:45:00+00:00,597.43,597.49,597.37,597.46,84883.0
2025-01-17 21:50:00+00:00,597.44,597.46,597.4,597.44,12618.0
2025-01-17 21:55:00+00:00,597.45,597.47,597.34,597.45,5708.0
2025-01-17 22:00:00+00:00,597.45,597.45,597.25,597.25,12358.0
2025-01-17 22:05:00+00:00,597.27,597.27,597.19,597.2,35553.0
2025-01-17 22:10:00+00:00,597.27,597.33,597.22,597.33,2282.0
2025-01-17 22:15:00+00:00,597.3,597.3,597.21,597.22,2942.0
2025-01-17 22:20:00+00:00,597.25,597.25,597.22,597.25,3317.0
2025-01-17 22:25:00+00:00,597.25,597.299,597.22,597.299,8941.0
2025-01-17 22:30:00+00:00,597.4,597.45,597.4,597.41,7631.0
2025-01-17 22:35:00+00:00,597.45,597.47,597.44,597.47,2948.0
2025-01-17 22:40:00+00:00,597.47,597.5,597.45,597.47,1333.0
2025-01-17 22:45:00+00:00,597.47,597.5,597.45,597.5,10288.0
2025-01-17 22:50:00+00:00,597.48,597.48,597.46,597.48,1961.0
2025-01-17 22:55:00+00:00,597.48,597.49,597.46,597.46,1605.0
2025-01-17 23:00:00+00:00,597.48,597.52,597.46,597.52,10357.0
2025-01-17 23:05:00+00:00,597.52,597.52,597.5,597.5199,5390.0
2025-01-17 23:10:00+00:00,597.5,597.5,597.4,597.5,2869.0
2025-01-17 23:15:00+00:00,597.49,597.49,597.47,597.47,4938.0
2025-01-17 23:20:00+00:00,597.46,597.46,597.44,597.44,943.0
2025-01-17 23:25:00+00:00,597.44,597.5,597.44,597.5,1686.0
2025-01-17 23:30:00+00:00,597.5,597.56,597.48,597.56,5431.0
2025-01-17 23:35:00+00:00,597.56,597.58,597.56,597.58,1771.0
2025-01-17 23:45:00+00:00,597.4929,597.58,597.4929,597.58,914.0
2025-01-17 23:55:00+00:00,597.58,597.69,597.54,597.57,7505.0
2025-01-18 00:00:00+00:00,597.59,597.6,597.59,597.6,752.0
2025-01-18 00:05:00+00:00,597.59,597.6,597.58,597.58,536.0
2025-01-18 00:10:00+00:00,597.54,597.55,597.54,597.55,387.0
2025-01-18 00:15:00+00:00,597.5407,597.6,597.54,597.6,1139.0
2025-01-18 00:20:00+00:00,597.5999,597.62,597.5999,597.62,966.0
2025-01-18 00:25:00+00:00,597.58,597.58,597.58,597.58,437.0
2025-01-18 00:30:00+00:00,597.62,597.62,597.62,597.62,309.0
2025-01-18 00:35:00+00:00,597.58,597.62,597.57,597.58,1916.0
2025-01-18 00:40:00+00:00,597.6,597.62,597.599,597.6,2170.0
2025-01-18 00:45:00+00:00,597.62,597.62,597.62,597.62,392.0
2025-01-18 00:50:00+00:00,597.6,597.62,597.6,597.61,1597.0
2025-01-18 00:55:00+00:00,597.6583,597.7,597.6583,597.69,6513.0
2025-01-21 09:00:00+00:00,598.27,599.43,598.27,599.41,8062.0
2025-01-21 09:05:00+00:00,599.55,599.58,599.44,599.44,5628.0
2025-01-21 09:10:00+00:00,599.53,599.85,599.49,599.75,5041.0
2025-01-21 09:15:00+00:00,599.42,599.59,599.42,599.58,2095.0
2025-01-21 09:20:00+00:00,599.55,599.81,599.55,599.81,1883.0
2025-01-21 09:25:00+00:00,599.55,599.75,599.55,599.75,1795.0
2025-01-21 09:30:00+00:00,599.7,600.04,599.7,599.96,4171.0
2025-01-21 09:35:00+00:00,599.98,599.98,599.88,599.88,1850.0
2025-01-21 09:40:00+00:00,599.83,599.89,599.83,599.89,240.0
2025-01-21 09:45:00+00:00,599.84,599.84,599.84,599.84,252.0
2025-01-21 09:55:00+00:00,599.92,600.28,599.92,600.28,1717.0
2025-01-21 10:00:00+00:00,600.44,600.73,600.44,600.72,3967.0
2025-01-21 10:05:00+00:00,600.7,601.0,600.7,600.88,5963.0
2025-01-21 10:10:00+00:00,600.72,600.72,600.57,600.58,725.0
2025-01-21 10:15:00+00:00,600.55,600.55,600.46,600.46,667.0
2025-01-21 10:25:00+00:00,600.69,600.69,600.69,600.69,340.0
2025-01-21 10:30:00+00:00,600.6,600.6,600.56,600.56,2844.0
2025-01-21 10:35:00+00:00,600.57,600.66,600.45,600.45,2596.0
2025-01-21 10:40:00+00:00,600.45,600.51,600.45,600.51,1143.0
2025-01-21 10:45:00+00:00,600.36,600.39,600.36,600.39,715.0
2025-01-21 10:50:00+00:00,600.27,600.31,600.14,600.14,4027.0
2025-01-21 10:55:00+00:00,600.19,600.19,599.9,599.9,1671.0
2025-01-21 11:00:00+00:00,599.93,599.93,599.87,599.89,384.0
2025-01-21 11:05:00+00:00,600.03,600.03,600.03,600.03,155.0
2025-01-21 11:10:00+00:00,600.23,600.25,600.18,600.18,9670.0
2025-01-21 11:15:00+00:00,600.16,600.16,599.75,599.75,716.0
2025-01-21 11:20:00+00:00,599.78,599.78,599.57,599.59,2330.0
2025-01-21 11:25:00+00:00,599.74,599.74,599.51,599.51,905.0
2025-01-21 11:30:00+00:00,599.47,599.47,599.18,599.44,4976.0
2025-01-21 11:40:00+00:00,599.87,599.87,599.87,599.87,311.0
2025-01-21 11:45:00+00:00,599.79,599.8,599.73,599.8,2335.0
2025-01-21 11:50:00+00:00,599.8,599.83,599.73,599.75,2243.0
2025-01-21 11:55:00+00:00,599.59,599.6,599.45,599.49,2349.0
2025-01-21 12:00:00+00:00,599.48,599.48,598.81,599.07,77917.0
2025-01-21 12:05:00+00:00,599.1,599.7,599.1,599.7,29922.0
2025-01-21 12:10:00+00:00,599.37,599.57,599.37,599.56,18897.0
2025-01-21 12:15:00+00:00,599.72,599.85,599.69,599.8,5896.0
2025-01-21 12:20:00+00:00,599.85,600.0,599.84,600.0,6666.0
2025-01-21 12:25:00+00:00,599.92,600.11,599.9,600.11,9638.0
2025-01-21 12:30:00+00:00,600.12,600.12,599.87,599.97,9163.0
2025-01-21 12:35:00+00:00,600.1,600.22,600.1,600.17,5238.0
2025-01-21 12:40:00+00:00,600.12,600.12,599.87,599.87,4044.0
2025-01-21 12:45:00+00:00,599.87,600.01,599.75,599.75,11568.0
2025-01-21 12:50:00+00:00,599.79,599.92,599.69,599.87,4119.0
2025-01-21 12:55:00+00:00,599.86,600.01,599.79,599.969,11371.0
2025-01-21 13:00:00+00:00,599.74,600.7104,597.98,600.06,54505.0
2025-01-21 13:05:00+00:00,600.0,600.1,599.93,600.0501,24194.0
2025-01-21 13:10:00+00:00,600.08,600.09,599.81,599.93,11427.0
2025-01-21 13:15:00+00:00,599.86,600.08,599.83,600.08,6173.0
2025-01-21 13:20:00+00:00,600.06,600.18,600.06,600.08,11992.0
2025-01-21 13:25:00+00:00,599.97,599.97,599.74,599.82,18653.0
2025-01-21 13:30:00+00:00,599.81,600.21,599.81,600.2,13719.0
2025-01-21 13:35:00+00:00,600.19,600.2,600.091,600.11,10685.0
2025-01-21 13:40:00+00:00,600.09,600.21,600.0,600.2,23309.0
2025-01-21 13:45:00+00:00,600.13,600.51,600.13,600.51,24131.0
2025-01-21 13:50:00+00:00,600.51,600.6,600.41,600.56,20325.0
2025-01-21 13:55:00+00:00,600.57,600.68,600.35,600.52,54724.0
2025-01-21 14:00:00+00:00,600.61,600.84,600.61,600.81,29191.0
2025-01-21 14:05:00+00:00,600.8,600.8,600.44,600.58,16630.0
2025-01-21 14:10:00+00:00,600.57,600.6,600.45,600.54,7943.0
2025-01-21 14:15:00+00:00,600.58,600.69,600.3,600.3399,22646.0
2025-01-21 14:20:00+00:00,600.32,600.33,599.2,600.12,200140.0
2025-01-21 14:25:00+00:00,600.13,600.81,600.13,600.75,145358.0
2025-01-21 14:30:00+00:00,600.67,601.13,600.38,600.8301,1379963.0
2025-01-21 14:35:00+00:00,600.85,601.09,600.04,600.115,685037.0
2025-01-21 14:40:00+00:00,600.16,600.42,599.6002,600.18,669325.0
2025-01-21 14:45:00+00:00,600.17,601.47,600.14,600.8503,629778.0
2025-01-21 14:50:00+00:00,600.9,601.28,599.53,599.69,634310.0
2025-01-21 14:55:00+00:00,599.69,600.63,599.69,600.52,363969.0
2025-01-21 15:00:00+00:00,600.5476,600.549,599.75,599.91,326670.0
2025-01-21 15:05:00+00:00,599.89,600.55,599.6,600.215,412210.0
2025-01-21 15:10:00+00:00,600.22,600.3305,598.67,598.93,693854.0
2025-01-21 15:15:00+00:00,598.96,599.99,598.76,599.9101,439971.0
2025-01-21 15:20:00+00:00,599.9,600.205,599.47,599.56,445146.0
2025-01-21 15:25:00+00:00,599.65,600.4006,599.65,600.355,293646.0
2025-01-21 15:30:00+00:00,600.33,600.5,599.9,599.98,302001.0
2025-01-21 15:35:00+00:00,599.96,600.29,599.71,600.19,249613.0
2025-01-21 15:40:00+00:00,600.185,600.62,600.15,600.38,300530.0
2025-01-21 15:45:00+00:00,600.37,600.475,599.68,599.975,502424.0
2025-01-21 15:50:00+00:00,599.98,600.2,599.43,600.14,267846.0
2025-01-21 15:55:00+00:00,600.12,600.57,599.84,600.3701,192911.0
2025-01-21 16:00:00+00:00,600.36,600.36,599.83,600.19,193591.0
2025-01-21 16:05:00+00:00,600.19,600.86,600.19,600.73,245086.0
2025-01-21 16:10:00+00:00,600.71,600.84,600.45,600.82,238790.0
2025-01-21 16:15:00+00:00,600.815,600.85,600.53,600.7283,276403.0
2025-01-21 16:20:00+00:00,600.7272,600.94,600.62,600.72,197982.0
2025-01-21 16:25:00+00:00,600.74,600.865,600.57,600.78,169220.0
2025-01-21 16:30:00+00:00,600.77,601.0591,600.71,600.8799,199676.0
2025-01-21 16:35:00+00:00,600.87,601.04,600.41,600.45,212006.0
2025-01-21 16:40:00+00:00,600.465,600.81,600.26,600.315,587098.0
2025-01-21 16:45:00+00:00,600.33,600.84,600.315,600.79,168254.0
2025-01-21 16:50:00+00:00,600.78,601.34,600.69,601.34,187155.0
2025-01-21 16:55:00+00:00,601.34,601.47,601.06,601.38,426378.0
2025-01-21 17:00:00+00:00,601.35,601.35,601.03,601.31,175517.0
2025-01-21 17:05:00+00:00,601.32,601.4499,601.21,601.3801,168533.0
2025-01-21 17:10:00+00:00,601.39,601.51,601.25,601.2799,174483.0
2025-01-21 17:15:00+00:00,601.28,601.35,600.93,601.07,223218.0
2025-01-21 17:20:00+00:00,601.07,601.34,600.95,601.29,167211.0
2025-01-21 17:25:00+00:00,601.28,601.78,601.21,601.58,241667.0
2025-01-21 17:30:00+00:00,601.58,601.96,601.5415,601.95,238972.0
2025-01-21 17:35:00+00:00,601.94,602.0,601.66,601.8301,355339.0
2025-01-21 17:40:00+00:00,601.83,602.13,601.81,601.96,271852.0
2025-01-21 17:45:00+00:00,601.95,602.17,601.91,602.0601,327832.0
2025-01-21 17:50:00+00:00,602.05,602.42,602.05,602.31,551558.0
2025-01-21 17:55:00+00:00,602.31,602.49,602.27,602.445,217199.0
2025-01-21 18:00:00+00:00,602.44,602.4609,602.0725,602.42,343954.0
2025-01-21 18:05:00+00:00,602.43,602.49,602.29,602.43,253410.0
2025-01-21 18:10:00+00:00,602.4398,602.58,602.305,602.5,342372.0
2025-01-21 18:15:00+00:00,602.5,602.88,602.49,602.67,257805.0
2025-01-21 18:20:00+00:00,602.66,602.75,602.57,602.6651,215114.0
2025-01-21 18:25:00+00:00,602.68,602.76,602.4451,602.59,149456.0
2025-01-21 18:30:00+00:00,602.6,602.7,602.48,602.53,152518.0
2025-01-21 18:35:00+00:00,602.54,602.78,602.51,602.61,160933.0
2025-01-21 18:40:00+00:00,602.6192,602.665,602.2102,602.45,488044.0
2025-01-21 18:45:00+00:00,602.46,602.47,601.2617,602.29,174902.0
2025-01-21 18:50:00+00:00,602.28,602.63,602.28,602.48,130972.0
2025-01-21 18:55:00+00:00,602.45,602.68,602.44,602.62,111893.0
2025-01-21 19:00:00+00:00,602.615,602.62,602.42,602.57,419651.0
2025-01-21 19:05:00+00:00,602.57,602.76,602.54,602.64,251460.0
2025-01-21 19:10:00+00:00,602.645,602.82,602.53,602.56,194607.0
2025-01-21 19:15:00+00:00,602.555,602.57,602.07,602.16,413156.0
2025-01-21 19:20:00+00:00,602.168,602.22,601.9,602.085,242894.0
2025-01-21 19:25:00+00:00,602.08,602.52,602.08,602.37,627594.0
2025-01-21 19:30:00+00:00,602.38,602.39,602.0,602.0202,436660.0
2025-01-21 19:35:00+00:00,602.03,602.08,601.69,601.87,381173.0
2025-01-21 19:40:00+00:00,601.86,602.1899,601.8299,601.89,199563.0
2025-01-21 19:45:00+00:00,601.89,601.9374,601.75,601.865,246194.0
2025-01-21 19:50:00+00:00,601.865,601.96,601.67,601.95,458343.0
2025-01-21 19:55:00+00:00,601.95,602.19,601.9301,602.16,485635.0
2025-01-21 20:00:00+00:00,602.18,602.2,601.995,602.135,380141.0
2025-01-21 20:05:00+00:00,602.135,602.24,602.11,602.21,250183.0
2025-01-21 20:10:00+00:00,602.215,602.29,602.14,602.225,314646.0
2025-01-21 20:15:00+00:00,602.23,602.46,602.17,602.3999,649431.0
2025-01-21 20:20:00+00:00,602.395,602.47,602.2725,602.4,413403.0
2025-01-21 20:25:00+00:00,602.41,602.78,602.34,602.71,535591.0
2025-01-21 20:30:00+00:00,602.72,602.8,602.46,602.4911,808086.0
2025-01-21 20:35:00+00:00,602.495,602.65,602.15,602.635,650452.0
2025-01-21 20:40:00+00:00,602.63,602.67,602.4,602.565,879763.0
2025-01-21 20:45:00+00:00,602.565,602.61,602.35,602.58,1017860.0
2025-01-21 20:50:00+00:00,602.57,602.98,602.42,602.85,1306568.0
2025-01-21 20:55:00+00:00,602.84,602.97,602.47,602.92,3006750.0
2025-01-21 21:00:00+00:00,602.93,603.56,602.9,603.33,667617.0
2025-01-21 21:05:00+00:00,603.34,603.55,602.78,603.2,665914.0
2025-01-21 21:10:00+00:00,603.21,603.23,602.99,603.06,3174071.0
2025-01-21 21:15:00+00:00,603.07,603.15,602.9401,603.12,64235.0
2025-01-21 21:20:00+00:00,603.1,603.22,603.1,603.22,47704.0
2025-01-21 21:25:00+00:00,603.24,603.24,603.14,603.19,19400.0
2025-01-21 21:30:00+00:00,603.19,603.19,603.05,603.15,23150.0
2025-01-21 21:35:00+00:00,603.1497,603.19,603.1207,603.18,22167.0
2025-01-21 21:40:00+00:00,603.18,603.27,603.18,603.24,40155.0
2025-01-21 21:45:00+00:00,603.25,603.3,603.21,603.28,16483.0
2025-01-21 21:50:00+00:00,603.24,603.3,603.22,603.27,5612.0
2025-01-21 21:55:00+00:00,603.27,603.4,603.27,603.4,9305.0
2025-01-21 22:00:00+00:00,603.43,603.47,603.25,603.31,7923.0
2025-01-21 22:05:00+00:00,603.29,603.35,603.2099,603.35,8956.0
2025-01-21 22:10:00+00:00,603.33,603.4,603.3,603.4,1435.0
2025-01-21 22:15:00+00:00,603.32,603.43,603.32,603.3601,11708.0
2025-01-21 22:20:00+00:00,603.36,603.4,603.232,603.37,11502.0
2025-01-21 22:25:00+00:00,603.33,603.47,603.33,603.47,5802.0
2025-01-21 22:30:00+00:00,603.5,603.69,603.46,603.64,5217.0
2025-01-21 22:35:00+00:00,603.64,603.7,603.52,603.7,15613.0
2025-01-21 22:40:00+00:00,603.7,603.83,603.6,603.82,23919.0
2025-01-21 22:45:00+00:00,603.83,603.89,603.78,603.89,18856.0
2025-01-21 22:50:00+00:00,603.89,604.05,603.7,603.7,35482.0
2025-01-21 22:55:00+00:00,603.92,604.06,603.85,604.0,11330.0
2025-01-21 23:00:00+00:00,603.8,604.03,603.2,603.2,50307.0
2025-01-21 23:05:00+00:00,603.05,603.6,602.98,603.56,11888.0
2025-01-21 23:10:00+00:00,603.46,603.63,603.45,603.59,2936.0
2025-01-21 23:15:00+00:00,603.64,603.65,603.42,603.42,5954.0
2025-01-21 23:20:00+00:00,603.4317,603.4317,603.39,603.39,10690.0
2025-01-21 23:25:00+00:00,603.47,603.5,603.4,603.4,3617.0
2025-01-21 23:30:00+00:00,603.26,603.53,603.26,603.43,2563.0
2025-01-21 23:35:00+00:00,603.5,603.55,603.5,603.51,1207.0
2025-01-21 23:40:00+00:00,603.53,603.53,603.45,603.45,544.0
2025-01-21 23:45:00+00:00,603.61,603.77,603.61,603.77,814.0
2025-01-21 23:50:00+00:00,603.7607,603.82,603.7488,603.7488,1885.0
2025-01-21 23:55:00+00:00,603.7,603.89,603.7,603.83,1414.0
2025-01-22 00:00:00+00:00,603.9,603.9588,603.9,603.9399,2927.0
2025-01-22 00:05:00+00:00,603.88,603.88,603.79,603.87,1166.0
2025-01-22 00:10:00+00:00,603.95,603.99,603.76,603.76,5385.0
2025-01-22 00:15:00+00:00,603.8999,603.8999,603.8,603.8,633.0
2025-01-22 00:20:00+00:00,603.88,603.96,603.88,603.95,1184.0
2025-01-22 00:25:00+00:00,603.9,603.92,603.9,603.91,2938.0
2025-01-22 00:30:00+00:00,603.97,604.08,603.97,604.08,1968.0
2025-01-22 00:35:00+00:00,604.08,604.15,604.08,604.12,4898.0
2025-01-22 00:40:00+00:00,604.15,604.19,604.1,604.11,10173.0
2025-01-22 00:45:00+00:00,604.13,604.4,604.13,604.32,4455.0
2025-01-22 00:50:00+00:00,604.29,604.35,604.28,604.35,10368.0
2025-01-22 00:55:00+00:00,604.3,604.4,604.3,604.36,5223.0
2025-01-22 09:00:00+00:00,604.71,605.31,604.71,605.29,3878.0
2025-01-22 09:05:00+00:00,605.26,605.3,605.26,605.3,1011.0
2025-01-22 09:10:00+00:00,605.33,605.48,605.25,605.48,3405.0
2025-01-22 09:15:00+00:00,605.55,605.61,605.44,605.44,2534.0
2025-01-22 09:20:00+00:00,605.44,605.53,605.44,605.48,2769.0
2025-01-22 09:25:00+00:00,605.5,605.66,605.5,605.66,964.0
2025-01-22 09:30:00+00:00,605.75,605.77,605.54,605.6,2210.0
2025-01-22 09:35:00+00:00,605.56,605.61,605.5,605.5,1680.0
2025-01-22 09:40:00+00:00,605.46,605.46,605.4,605.41,1338.0
2025-01-22 09:50:00+00:00,605.4,605.4,605.4,605.4,418.0
2025-01-22 09:55:00+00:00,605.51,605.53,605.33,605.33,1265.0
2025-01-22 10:00:00+00:00,605.3,605.37,605.2,605.27,11724.0
2025-01-22 10:05:00+00:00,605.32,605.42,605.3,605.34,11903.0
2025-01-22 10:10:00+00:00,605.33,605.33,605.12,605.12,11834.0
2025-01-22 10:15:00+00:00,605.1,605.21,605.1,605.18,21858.0
2025-01-22 10:20:00+00:00,605.19,605.23,605.09,605.16,1244.0
2025-01-22 10:30:00+00:00,605.35,605.35,605.35,605.35,156.0
2025-01-22 10:35:00+00:00,605.39,605.43,605.39,605.43,1143.0
2025-01-22 10:40:00+00:00,605.49,605.49,605.43,605.48,1354.0
2025-01-22 10:45:00+00:00,605.53,605.53,605.53,605.53,213.0
2025-01-22 10:50:00+00:00,605.31,605.34,605.31,605.34,3418.0
2025-01-22 10:55:00+00:00,605.4,605.47,605.4,605.47,234.0
2025-01-22 11:00:00+00:00,605.38,605.5,605.38,605.44,8930.0
2025-01-22 11:05:00+00:00,605.5,605.51,605.5,605.51,1559.0
2025-01-22 11:10:00+00:00,605.63,605.83,605.62,605.8,7463.0
2025-01-22 11:15:00+00:00,605.73,605.73,605.63,605.64,13235.0
2025-01-22 11:20:00+00:00,605.65,605.72,605.61,605.61,2737.0
2025-01-22 11:25:00+00:00,605.6,605.65,605.53,605.53,1282.0
2025-01-22 11:30:00+00:00,605.4,605.43,605.36,605.38,3668.0
2025-01-22 11:35:00+00:00,605.38,605.38,605.38,605.38,877.0
2025-01-22 11:40:00+00:00,605.3,605.38,605.26,605.31,7051.0
2025-01-22 11:45:00+00:00,605.36,605.36,605.22,605.22,2542.0
2025-01-22 11:50:00+00:00,605.3,605.3,605.27,605.27,2445.0
2025-01-22 11:55:00+00:00,605.16,605.31,605.16,605.27,5719.0
2025-01-22 12:00:00+00:00,605.31,605.53,605.23,605.48,112222.0
2025-01-22 12:05:00+00:00,605.43,605.45,605.27,605.39,14489.0
2025-01-22 12:10:00+00:00,605.46,605.77,605.46,605.71,11518.0
2025-01-22 12:15:00+00:00,605.68,605.68,605.55,605.61,5907.0
2025-01-22 12:20:00+00:00,605.74,605.79,605.5,605.55,26632.0
2025-01-22 12:25:00+00:00,605.59,605.59,605.51,605.57,9207.0
2025-01-22 12:30:00+00:00,605.63,605.65,605.55,605.65,1315.0
2025-01-22 12:35:00+00:00,605.59,605.66,605.5,605.5,10101.0
2025-01-22 12:40:00+00:00,605.47,605.7,605.44,605.68,14759.0
2025-01-22 12:45:00+00:00,605.67,605.67,605.59,605.59,8562.0
2025-01-22 12:50:00+00:00,605.66,605.73,605.6,605.73,3997.0
2025-01-22 12:55:00+00:00,605.78,605.94,605.6,605.6,44668.0
2025-01-22 13:00:00+00:00,605.35,605.9496,604.12,605.6692,53434.0
2025-01-22 13:05:00+00:00,605.66,605.8,605.66,605.8,15060.0
2025-01-22 13:10:00+00:00,605.77,606.0,605.77,605.93,17738.0
2025-01-22 13:15:00+00:00,605.93,606.04,605.92,605.97,29079.0
2025-01-22 13:20:00+00:00,605.97,605.97,605.9,605.9499,10350.0
2025-01-22 13:25:00+00:00,605.92,606.08,605.911,606.05,21341.0
2025-01-22 13:30:00+00:00,606.0699,606.1,605.9,606.1,24286.0
2025-01-22 13:35:00+00:00,606.08,606.148,605.97,606.0,22550.0
2025-01-22 13:40:00+00:00,606.0,606.18,605.98,606.13,16524.0
2025-01-22 13:45:00+00:00,606.12,606.1432,606.05,606.11,13023.0
2025-01-22 13:50:00+00:00,606.13,606.17,606.0901,606.12,15106.0
2025-01-22 13:55:00+00:00,606.1,606.16,606.08,606.15,7082.0
2025-01-22 14:00:00+00:00,606.17,606.19,605.98,606.0,43665.0
2025-01-22 14:05:00+00:00,606.03,606.03,605.72,605.79,55192.0
2025-01-22 14:10:00+00:00,605.81,605.85,605.69,605.73,21539.0
2025-01-22 14:15:00+00:00,605.74,605.9,605.7,605.8,16527.0
2025-01-22 14:20:00+00:00,605.77,605.78,605.68,605.71,38293.0
2025-01-22 14:25:00+00:00,605.76,606.01,605.66,605.92,168774.0
2025-01-22 14:30:00+00:00,605.92,606.0798,605.36,605.7995,1692481.0
2025-01-22 14:35:00+00:00,605.78,605.835,605.5,605.63,516690.0
2025-01-22 14:40:00+00:00,605.65,605.83,605.45,605.76,535733.0
2025-01-22 14:45:00+00:00,605.79,606.02,605.63,605.99,402363.0
2025-01-22 14:50:00+00:00,605.98,606.37,605.79,606.32,461276.0
2025-01-22 14:55:00+00:00,606.3023,606.57,606.275,606.4906,457260.0
2025-01-22 15:00:00+00:00,606.5,606.68,606.0,606.53,669787.0
2025-01-22 15:05:00+00:00,606.53,606.77,606.41,606.6357,640586.0
2025-01-22 15:10:00+00:00,606.62,606.91,606.5701,606.74,795957.0
2025-01-22 15:15:00+00:00,606.73,607.04,606.7,606.955,417687.0
2025-01-22 15:20:00+00:00,606.97,606.98,606.57,606.64,414143.0
2025-01-22 15:25:00+00:00,606.64,606.84,606.5901,606.7,573506.0
2025-01-22 15:30:00+00:00,606.72,606.86,606.58,606.73,274947.0
2025-01-22 15:35:00+00:00,606.73,607.08,606.64,606.89,443487.0
2025-01-22 15:40:00+00:00,606.89,607.02,606.71,606.98,440973.0
2025-01-22 15:45:00+00:00,607.01,607.01,606.7699,606.89,408634.0
2025-01-22 15:50:00+00:00,606.87,606.88,606.48,606.71,1397454.0
2025-01-22 15:55:00+00:00,606.72,606.82,606.5,606.5513,229206.0
2025-01-22 16:00:00+00:00,606.55,606.6199,606.36,606.495,412792.0
2025-01-22 16:05:00+00:00,606.5,606.81,606.5,606.7,499409.0
2025-01-22 16:10:00+00:00,606.69,606.69,606.26,606.41,939817.0
2025-01-22 16:15:00+00:00,606.44,606.8,606.42,606.73,265662.0
2025-01-22 16:20:00+00:00,606.73,606.84,606.6,606.8,183132.0
2025-01-22 16:25:00+00:00,606.8,607.24,606.75,607.2375,391570.0
2025-01-22 16:30:00+00:00,607.232,607.44,607.195,607.345,261380.0
2025-01-22 16:35:00+00:00,607.34,607.61,607.2901,607.59,330370.0
2025-01-22 16:40:00+00:00,607.6,607.7,607.36,607.46,378460.0
2025-01-22 16:45:00+00:00,607.46,607.6,607.27,607.395,266273.0
2025-01-22 16:50:00+00:00,607.43,607.78,607.41,607.67,249518.0
2025-01-22 16:55:00+00:00,607.665,607.78,607.62,607.65,199532.0
2025-01-22 17:00:00+00:00,607.65,607.76,607.58,607.75,220718.0
2025-01-22 17:05:00+00:00,607.7515,607.76,607.6699,607.735,177617.0
2025-01-22 17:10:00+00:00,607.73,607.82,607.3,607.3,348366.0
2025-01-22 17:15:00+00:00,607.31,607.65,607.3,607.61,425547.0
2025-01-22 17:20:00+00:00,607.615,607.68,607.5,607.52,340072.0
2025-01-22 17:25:00+00:00,607.52,607.61,607.465,607.55,149048.0
2025-01-22 17:30:00+00:00,607.56,607.7,607.52,607.53,153048.0
2025-01-22 17:35:00+00:00,607.52,607.6699,607.4628,607.58,155589.0
2025-01-22 17:40:00+00:00,607.615,607.64,607.33,607.38,206534.0
2025-01-22 17:45:00+00:00,607.3995,607.58,607.38,607.466538,173430.0
2025-01-22 17:50:00+00:00,607.47,607.56,607.37,607.538,168427.0
2025-01-22 17:55:00+00:00,607.538,607.55,607.3,607.31,165099.0
2025-01-22 18:00:00+00:00,607.3,607.37,607.14,607.2,184449.0
2025-01-22 18:05:00+00:00,607.21,607.42,607.18,607.38,192474.0
2025-01-22 18:10:00+00:00,607.37,607.42,607.22,607.245,174863.0
2025-01-22 18:15:00+00:00,607.25,607.3275,607.06,607.09,143194.0
2025-01-22 18:20:00+00:00,607.11,607.42,606.97,607.14,879217.0
2025-01-22 18:25:00+00:00,607.13,607.1492,606.9412,607.0663,238778.0
2025-01-22 18:30:00+00:00,607.08,607.21,607.01,607.09,112405.0
2025-01-22 18:35:00+00:00,607.1,607.2,607.0626,607.19,116652.0
2025-01-22 18:40:00+00:00,607.18,607.5,607.13,607.49,167811.0
2025-01-22 18:45:00+00:00,607.4915,607.59,607.44,607.54,147952.0
2025-01-22 18:50:00+00:00,607.55,607.6267,607.31,607.455,134877.0
2025-01-22 18:55:00+00:00,607.46,607.465,607.02,607.04,140637.0
2025-01-22 19:00:00+00:00,607.04,607.08,606.85,607.03,270063.0
2025-01-22 19:05:00+00:00,607.055,607.19,606.83,606.96,211897.0
2025-01-22 19:10:00+00:00,606.96,607.11,606.88,607.08,209595.0
2025-01-22 19:15:00+00:00,607.09,607.11,606.995,607.05,209800.0
2025-01-22 19:20:00+00:00,607.045,607.35,607.03,607.08,178772.0
2025-01-22 19:25:00+00:00,607.1,607.115,606.87,606.905,423712.0
2025-01-22 19:30:00+00:00,606.91,607.0799,606.7801,606.985,295330.0
2025-01-22 19:35:00+00:00,606.98,607.235,606.95,607.21,235636.0
2025-01-22 19:40:00+00:00,607.22,607.2709,607.04,607.21,215112.0
2025-01-22 19:45:00+00:00,607.22,607.44,607.14,607.412,157424.0
2025-01-22 19:50:00+00:00,607.42,607.54,607.3301,607.48,143722.0
2025-01-22 19:55:00+00:00,607.49,607.62,607.46,607.6,268942.0
2025-01-22 20:00:00+00:00,607.59,607.62,607.41,607.43,231364.0
2025-01-22 20:05:00+00:00,607.45,607.55,607.39,607.5,183320.0
2025-01-22 20:10:00+00:00,607.51,607.53,607.255,607.42,189721.0
2025-01-22 20:15:00+00:00,607.41,607.4374,607.25,607.31,285852.0
2025-01-22 20:20:00+00:00,607.32,607.4,607.08,607.37,452518.0
2025-01-22 20:25:00+00:00,607.3699,607.3699,607.11,607.12,401015.0
2025-01-22 20:30:00+00:00,607.12,607.35,607.07,607.29,501379.0
2025-01-22 20:35:00+00:00,607.29,607.34,606.87,606.92,1907293.0
2025-01-22 20:40:00+00:00,606.93,607.0,606.79,606.885,756968.0
2025-01-22 20:45:00+00:00,606.87,607.04,606.78,606.81,543910.0
2025-01-22 20:50:00+00:00,606.8,606.89,606.23,606.58,1827866.0
2025-01-22 20:55:00+00:00,606.58,606.73,606.25,606.34,3181048.0
2025-01-22 21:00:00+00:00,606.34,606.883,606.11,606.22,384787.0
2025-01-22 21:05:00+00:00,606.22,606.4,606.2,606.4,926377.0
2025-01-22 21:10:00+00:00,606.37,606.37,606.1,606.24,8207574.0
2025-01-22 21:15:00+00:00,606.23,606.23,606.03,606.05,36760.0
2025-01-22 21:20:00+00:00,606.02,606.02,605.86,605.95,31485.0
2025-01-22 21:25:00+00:00,605.97,606.01,605.89,605.9599,76721.0
2025-01-22 21:30:00+00:00,605.94,605.9895,605.91,605.9895,21587.0
2025-01-22 21:35:00+00:00,605.97,606.0,605.89,605.89,41517.0
2025-01-22 21:40:00+00:00,605.99,606.0601,605.96,605.98,136183.0
2025-01-22 21:45:00+00:00,605.93,605.99,605.91,605.94,11265.0
2025-01-22 21:50:00+00:00,605.9607,606.06,605.9607,606.04,35590.0
2025-01-22 21:55:00+00:00,606.08,606.3003,606.08,606.3003,39020.0
2025-01-22 22:00:00+00:00,606.3,606.3,606.25,606.27,19451.0
2025-01-22 22:05:00+00:00,606.28,606.33,606.2205,606.33,16045.0
2025-01-22 22:10:00+00:00,606.31,606.31,606.25,606.26,2170.0
2025-01-22 22:15:00+00:00,606.27,606.3,606.25,606.25,1482.0
2025-01-22 22:20:00+00:00,606.25,606.25,606.22,606.2402,1809.0
2025-01-22 22:25:00+00:00,606.25,606.27,606.2,606.2,6119.0
2025-01-22 22:30:00+00:00,606.2,606.24,606.17,606.24,5706.0
2025-01-22 22:35:00+00:00,606.2113,606.2537,606.21,606.2537,529.0
2025-01-22 22:40:00+00:00,606.2295,606.2295,606.18,606.18,490.0
2025-01-22 22:45:00+00:00,606.2,606.21,606.18,606.21,3905.0
2025-01-22 22:50:00+00:00,606.21,606.34,606.2,606.27,4863.0
2025-01-22 22:55:00+00:00,606.27,606.27,606.2,606.27,1413.0
2025-01-22 23:00:00+00:00,606.23,606.3,606.1201,606.19,19207.0
2025-01-22 23:05:00+00:00,606.1,606.15,605.97,605.97,11954.0
2025-01-22 23:10:00+00:00,606.0,606.06,605.86,605.95,12627.0
2025-01-22 23:15:00+00:00,605.99,606.02,605.95,606.02,7524.0
2025-01-22 23:20:00+00:00,606.069,606.07,606.0,606.05,1541.0
2025-01-22 23:25:00+00:00,606.0,606.0488,605.96,606.001,1915.0
2025-01-22 23:30:00+00:00,605.96,605.96,605.87,605.87,4885.0
2025-01-22 23:35:00+00:00,605.8899,605.93,605.871,605.89,1890.0
2025-01-22 23:40:00+00:00,605.9399,606.03,605.88,606.03,2029.0
2025-01-22 23:45:00+00:00,605.99,606.0088,605.98,606.0088,729.0
2025-01-22 23:50:00+00:00,605.971,606.0,605.971,606.0,984.0
2025-01-22 23:55:00+00:00,606.03,606.03,605.9499,605.9499,1691.0
2025-01-23 00:00:00+00:00,605.85,606.03,605.85,605.9999,2226.0
2025-01-23 00:05:00+00:00,605.99,606.019,605.99,606.019,1256.0
2025-01-23 00:10:00+00:00,606.0,606.0,606.0,606.0,368.0
2025-01-23 00:15:00+00:00,606.0,606.08,606.0,606.04,4361.0
2025-01-23 00:20:00+00:00,606.061,606.061,605.95,605.95,2358.0
2025-01-23 00:25:00+00:00,605.86,605.87,605.73,605.7703,6723.0
2025-01-23 00:30:00+00:00,605.791,605.851,605.79,605.8504,2753.0
2025-01-23 00:35:00+00:00,605.83,605.92,605.83,605.92,1091.0
2025-01-23 00:40:00+00:00,605.94,605.94,605.81,605.8485,2697.0
2025-01-23 00:45:00+00:00,605.8212,605.8999,605.8,605.8,4842.0
2025-01-23 00:50:00+00:00,605.72,605.82,605.72,605.82,3570.0
2025-01-23 00:55:00+00:00,605.94,605.9493,605.82,605.87,5976.0
2025-01-23 09:00:00+00:00,604.85,605.09,604.83,604.93,3751.0
2025-01-23 09:05:00+00:00,604.95,605.08,604.95,605.06,1961.0
2025-01-23 09:10:00+00:00,604.88,604.93,604.69,604.69,1347.0
2025-01-23 09:15:00+00:00,604.67,604.67,604.67,604.67,1860.0
2025-01-23 09:20:00+00:00,604.72,604.91,604.68,604.91,2305.0
2025-01-23 09:25:00+00:00,604.86,604.86,604.81,604.81,1167.0
2025-01-23 09:30:00+00:00,604.76,604.99,604.76,604.95,1461.0
2025-01-23 09:35:00+00:00,604.92,605.07,604.92,605.07,2458.0
2025-01-23 09:40:00+00:00,605.11,605.11,605.05,605.05,695.0
2025-01-23 09:45:00+00:00,605.25,605.28,605.25,605.28,382.0
2025-01-23 09:50:00+00:00,605.18,605.39,605.18,605.34,1075.0
2025-01-23 09:55:00+00:00,605.28,605.29,605.23,605.29,1979.0
2025-01-23 10:00:00+00:00,605.29,605.31,605.28,605.31,869.0
2025-01-23 10:05:00+00:00,605.22,605.29,605.15,605.28,6450.0
2025-01-23 10:10:00+00:00,605.39,605.39,605.28,605.32,1552.0
2025-01-23 10:15:00+00:00,605.53,605.66,605.46,605.46,2350.0
2025-01-23 10:20:00+00:00,605.35,605.35,605.24,605.31,3463.0
2025-01-23 10:25:00+00:00,605.37,605.45,605.34,605.45,3520.0
2025-01-23 10:30:00+00:00,605.44,605.44,605.44,605.44,269.0
2025-01-23 10:35:00+00:00,605.37,605.49,605.37,605.49,808.0
2025-01-23 10:40:00+00:00,605.39,605.39,605.39,605.39,230.0
2025-01-23 10:45:00+00:00,605.24,605.24,605.24,605.24,114.0
2025-01-23 10:50:00+00:00,605.24,605.24,605.24,605.24,110.0
2025-01-23 10:55:00+00:00,605.1,605.1,605.07,605.07,439.0
2025-01-23 11:00:00+00:00,605.22,605.3,605.22,605.3,5758.0
2025-01-23 11:05:00+00:00,605.27,605.27,605.23,605.24,708.0
2025-01-23 11:15:00+00:00,605.34,605.34,605.3,605.3,1341.0
2025-01-23 11:20:00+00:00,605.48,605.49,605.48,605.49,580.0
2025-01-23 11:25:00+00:00,605.45,605.45,605.3,605.37,1878.0
2025-01-23 11:30:00+00:00,605.58,605.59,605.58,605.58,2650.0
2025-01-23 11:35:00+00:00,605.46,605.51,605.46,605.47,1666.0
2025-01-23 11:40:00+00:00,605.53,605.66,605.52,605.59,1344.0
2025-01-23 11:45:00+00:00,605.6,605.73,605.51,605.73,11250.0
2025-01-23 11:50:00+00:00,605.63,605.7,605.63,605.7,983.0
2025-01-23 11:55:00+00:00,605.67,605.67,605.67,605.67,382.0
2025-01-23 12:00:00+00:00,605.65,605.73,605.531,605.57,7614.0
2025-01-23 12:05:00+00:00,605.49,605.54,605.26,605.26,5107.0
2025-01-23 12:10:00+00:00,605.26,605.35,605.22,605.35,12476.0
2025-01-23 12:15:00+00:00,605.31,605.35,605.19,605.19,3323.0
2025-01-23 12:20:00+00:00,605.22,605.3,605.21,605.3,11810.0
2025-01-23 12:25:00+00:00,605.35,605.62,605.33,605.61,13093.0
2025-01-23 12:30:00+00:00,605.69,605.76,605.6,605.6,12759.0
2025-01-23 12:35:00+00:00,605.73,605.84,605.65,605.67,5184.0
2025-01-23 12:40:00+00:00,605.67,605.76,605.65,605.67,11400.0
2025-01-23 12:45:00+00:00,605.64,605.66,605.58,605.58,3660.0
2025-01-23 12:50:00+00:00,605.64,605.81,605.64,605.81,1868.0
2025-01-23 12:55:00+00:00,605.81,605.88,605.79,605.88,6163.0
2025-01-23 13:00:00+00:00,605.55,606.1,604.9104,605.92,32524.0
2025-01-23 13:05:00+00:00,605.94,605.94,605.4,605.53,28804.0
2025-01-23 13:10:00+00:00,605.56,605.58,605.42,605.46,11412.0
2025-01-23 13:15:00+00:00,605.48,605.58,605.41,605.41,5267.0
2025-01-23 13:20:00+00:00,605.44,605.5703,605.4,605.5703,4665.0
2025-01-23 13:25:00+00:00,605.54,606.38,605.54,605.6901,19244.0
2025-01-23 13:30:00+00:00,605.79,606.0999,605.48,605.63,40135.0
2025-01-23 13:35:00+00:00,605.67,605.73,605.631,605.66,15828.0
2025-01-23 13:40:00+00:00,605.71,605.8799,605.71,605.8,10825.0
2025-01-23 13:45:00+00:00,605.7,605.88,605.7,605.82,5947.0
2025-01-23 13:50:00+00:00,605.87,605.92,605.83,605.88,4252.0
2025-01-23 13:55:00+00:00,605.9,605.99,605.89,605.909,12918.0
2025-01-23 14:00:00+00:00,605.93,606.0,605.83,605.86,7022.0
2025-01-23 14:05:00+00:00,605.8201,605.84,605.689,605.72,10014.0
2025-01-23 14:10:00+00:00,605.73,605.73,605.65,605.69,7439.0
2025-01-23 14:15:00+00:00,605.68,605.81,605.67,605.7,6166.0
2025-01-23 14:20:00+00:00,605.67,605.74,605.65,605.74,10974.0
2025-01-23 14:25:00+00:00,605.77,605.96,605.63,605.83,94164.0
2025-01-23 14:30:00+00:00,605.8,605.92,605.52,605.9,852423.0
2025-01-23 14:35:00+00:00,605.92,606.15,605.79,606.12,377087.0
2025-01-23 14:40:00+00:00,606.1,606.28,605.89,606.175,310521.0
2025-01-23 14:45:00+00:00,606.18,606.25,606.045,606.18,240682.0
2025-01-23 14:50:00+00:00,606.19,606.3,606.13,606.23,224169.0
2025-01-23 14:55:00+00:00,606.225,606.27,605.95,606.2259,296859.0
2025-01-23 15:00:00+00:00,606.24,606.25,605.75,605.855,274675.0
2025-01-23 15:05:00+00:00,605.85,606.1,605.62,605.9,290358.0
2025-01-23 15:10:00+00:00,605.9,606.09,605.8,606.045,259852.0
2025-01-23 15:15:00+00:00,606.05,606.12,605.9101,605.96,207480.0
2025-01-23 15:20:00+00:00,605.95,606.12,605.8,606.0101,174004.0
2025-01-23 15:25:00+00:00,606.01,606.02,605.675,605.73,492567.0
2025-01-23 15:30:00+00:00,605.72,606.17,605.65,606.15,211981.0
2025-01-23 15:35:00+00:00,606.155,606.38,606.06,606.2499,251102.0
2025-01-23 15:40:00+00:00,606.25,606.54,606.17,606.52,276475.0
2025-01-23 15:45:00+00:00,606.535,606.81,606.48,606.69,331040.0
2025-01-23 15:50:00+00:00,606.71,606.91,606.665,606.8211,261191.0
2025-01-23 15:55:00+00:00,606.8001,606.9,606.77,606.89,223921.0
2025-01-23 16:00:00+00:00,606.9,607.31,606.895,607.19,504887.0
2025-01-23 16:05:00+00:00,607.19,607.23,606.805,606.844522,504906.0
2025-01-23 16:10:00+00:00,606.8698,607.2375,606.38,607.1403,596098.0
2025-01-23 16:15:00+00:00,607.16,607.31,606.89,607.18,238967.0
2025-01-23 16:20:00+00:00,607.16,607.55,607.06,607.34,289105.0
2025-01-23 16:25:00+00:00,607.35,607.52,607.05,607.51,382072.0
2025-01-23 16:30:00+00:00,607.5,607.61,607.38,607.41,570745.0
2025-01-23 16:35:00+00:00,607.43,607.47,607.08,607.2801,361642.0
2025-01-23 16:40:00+00:00,607.2802,607.55,607.25,607.51,510682.0
2025-01-23 16:45:00+00:00,607.52,607.87,607.3,607.6552,502276.0
2025-01-23 16:50:00+00:00,607.64,607.69,607.145,607.375,987961.0
2025-01-23 16:55:00+00:00,607.34,607.47,607.21,607.25,510117.0
2025-01-23 17:00:00+00:00,607.25,607.25,606.94,607.0099,754276.0
2025-01-23 17:05:00+00:00,607.0,607.3,606.9701,607.21,147975.0
2025-01-23 17:10:00+00:00,607.21,607.4,607.16,607.385,184844.0
2025-01-23 17:15:00+00:00,607.38,607.42,607.26,607.34,525600.0
2025-01-23 17:20:00+00:00,607.335,607.36,607.1,607.21,205958.0
2025-01-23 17:25:00+00:00,607.22,607.25,607.1,607.17,486099.0
2025-01-23 17:30:00+00:00,607.17,607.22,606.93,607.065,172981.0
2025-01-23 17:35:00+00:00,607.08,607.145,606.96,607.03,427494.0
2025-01-23 17:40:00+00:00,606.99,607.2298,606.9,607.2,206449.0
2025-01-23 17:45:00+00:00,607.195,607.42,607.15,607.37,222699.0
2025-01-23 17:50:00+00:00,607.4,607.64,607.37,607.51,173254.0
2025-01-23 17:55:00+00:00,607.5,607.69,607.45,607.68,165572.0
2025-01-23 18:00:00+00:00,607.68,607.79,607.5999,607.7,211931.0
2025-01-23 18:05:00+00:00,607.69,607.76,607.65,607.71,169254.0
2025-01-23 18:10:00+00:00,607.72,608.08,607.7,608.0225,297946.0
2025-01-23 18:15:00+00:00,608.025,608.17,608.01,608.13,233743.0
2025-01-23 18:20:00+00:00,608.125,608.25,608.08,608.239,434806.0
2025-01-23 18:25:00+00:00,608.2301,608.3,607.9,607.985,268034.0
2025-01-23 18:30:00+00:00,608.0,608.25,608.0,608.2061,131245.0
2025-01-23 18:35:00+00:00,608.2056,608.2499,608.07,608.1,102201.0
2025-01-23 18:40:00+00:00,608.11,608.11,607.79,607.92,175760.0
2025-01-23 18:45:00+00:00,607.93,608.0,607.78,607.82,106489.0
2025-01-23 18:50:00+00:00,607.81,607.94,607.74,607.82,179782.0
2025-01-23 18:55:00+00:00,607.82,607.83,607.67,607.75,238647.0
2025-01-23 19:00:00+00:00,607.73,607.82,607.55,607.5701,164825.0
2025-01-23 19:05:00+00:00,607.57,607.58,607.35,607.48,274903.0
2025-01-23 19:10:00+00:00,607.475,607.53,607.31,607.38,181530.0
2025-01-23 19:15:00+00:00,607.3976,607.47,607.33,607.39,182446.0
2025-01-23 19:20:00+00:00,607.39,607.65,607.31,607.61,235335.0
2025-01-23 19:25:00+00:00,607.5901,607.81,607.5901,607.66,257333.0
2025-01-23 19:30:00+00:00,607.67,607.9695,607.67,607.83,352863.0
2025-01-23 19:35:00+00:00,607.8,607.9499,607.7,607.76,156337.0
2025-01-23 19:40:00+00:00,607.76,607.9,607.75,607.81,139238.0
2025-01-23 19:45:00+00:00,607.8,607.8999,607.68,607.7199,151247.0
2025-01-23 19:50:00+00:00,607.72,607.86,607.7,607.72,200335.0
2025-01-23 19:55:00+00:00,607.71,608.01,607.68,607.825,201158.0
2025-01-23 20:00:00+00:00,607.79,607.845,607.6,607.7299,193844.0
2025-01-23 20:05:00+00:00,607.71,607.9779,607.6699,607.8601,221991.0
2025-01-23 20:10:00+00:00,607.88,608.08,607.77,608.04,780721.0
2025-01-23 20:15:00+00:00,608.04,608.2,607.93,608.075,200497.0
2025-01-23 20:20:00+00:00,608.08,608.2,607.92,608.1999,259547.0
2025-01-23 20:25:00+00:00,608.195,608.27,608.03,608.095,347565.0
2025-01-23 20:30:00+00:00,608.09,608.095,607.8,607.93,576260.0
2025-01-23 20:35:00+00:00,607.885,608.0001,607.755,607.8,479215.0
2025-01-23 20:40:00+00:00,607.8,607.87,607.69,607.78,382066.0
2025-01-23 20:45:00+00:00,607.78,608.19,607.76,608.12,654055.0
2025-01-23 20:50:00+00:00,608.09,608.77,608.06,608.74,1556312.0
2025-01-23 20:55:00+00:00,608.71,609.74,608.705,609.71,3061114.0
2025-01-23 21:00:00+00:00,609.72,609.75,609.29,609.38,710219.0
2025-01-23 21:05:00+00:00,609.38,609.75,609.28,609.3,1503603.0
2025-01-23 21:10:00+00:00,609.3,609.47,609.27,609.31,4350098.0
2025-01-23 21:15:00+00:00,609.3,609.33,609.12,609.2,1040617.0
2025-01-23 21:20:00+00:00,609.1998,609.2,609.06,609.14,57999.0
2025-01-23 21:25:00+00:00,609.13,609.2,609.09,609.2,308876.0
2025-01-23 21:30:00+00:00,609.17,609.18,609.05,609.15,47692.0
2025-01-23 21:35:00+00:00,609.15,609.18,609.08,609.1498,30000.0
2025-01-23 21:40:00+00:00,609.16,609.16,609.11,609.11,6652.0
2025-01-23 21:45:00+00:00,609.11,609.72,609.11,609.19,346858.0
2025-01-23 21:50:00+00:00,609.15,609.31,609.15,609.3,5728.0
2025-01-23 21:55:00+00:00,609.28,609.34,609.25,609.26,23438.0
2025-01-23 22:00:00+00:00,609.28,609.75,609.25,609.2502,22943.0
2025-01-23 22:05:00+00:00,609.29,609.4,609.27,609.27,15242.0
2025-01-23 22:10:00+00:00,609.27,609.34,609.26,609.34,3685.0
2025-01-23 22:15:00+00:00,609.34,609.34,609.3,609.3,6754.0
2025-01-23 22:20:00+00:00,609.28,609.31,609.23,609.31,9056.0
2025-01-23 22:25:00+00:00,609.33,609.33,609.31,609.31,1523.0
2025-01-23 22:30:00+00:00,609.28,609.29,609.28,609.29,890.0
2025-01-23 22:35:00+00:00,609.33,609.33,609.29,609.29,2375.0
2025-01-23 22:40:00+00:00,609.2906,609.31,609.29,609.31,682.0
2025-01-23 22:45:00+00:00,609.31,609.33,609.31,609.33,1221.0
2025-01-23 22:50:00+00:00,609.3102,609.32,609.31,609.31,879.0
2025-01-23 22:55:00+00:00,609.29,609.3,609.25,609.25,5078.0
2025-01-23 23:00:00+00:00,609.25,609.25,608.99,609.0,31206.0
2025-01-23 23:05:00+00:00,609.01,609.11,608.95,608.97,30519.0
2025-01-23 23:10:00+00:00,609.0,609.06,608.98,609.06,3376.0
2025-01-23 23:15:00+00:00,608.99,609.0097,608.97,609.0,3759.0
2025-01-23 23:20:00+00:00,609.0,609.0393,608.97,609.03,27597.0
2025-01-23 23:25:00+00:00,609.03,609.05,609.01,609.05,16876.0
2025-01-23 23:30:00+00:00,609.06,609.14,609.06,609.14,7377.0
2025-01-23 23:35:00+00:00,609.15,609.15,609.14,609.14,1472.0
2025-01-23 23:40:00+00:00,609.13,609.14,609.11,609.11,1669.0
2025-01-23 23:45:00+00:00,609.1101,609.1101,609.03,609.03,729.0
2025-01-23 23:50:00+00:00,609.148,609.15,609.148,609.15,1492.0
2025-01-23 23:55:00+00:00,609.1499,609.15,609.14,609.15,1393.0
2025-01-24 00:05:00+00:00,609.15,609.15,609.15,609.15,735.0
2025-01-24 00:15:00+00:00,609.15,609.15,609.11,609.13,659.0
2025-01-24 00:20:00+00:00,609.18,609.18,609.13,609.13,436.0
2025-01-24 00:25:00+00:00,609.151,609.151,609.13,609.13,795.0
2025-01-24 00:30:00+00:00,609.1,609.13,609.0608,609.0608,778.0
2025-01-24 00:35:00+00:00,609.06,609.0788,609.06,609.0788,1148.0
2025-01-24 00:40:00+00:00,609.1399,609.1399,609.05,609.0501,2622.0
2025-01-24 00:45:00+00:00,609.0501,609.0699,609.01,609.01,1945.0
2025-01-24 00:50:00+00:00,609.0499,609.0499,608.91,608.94,17361.0
2025-01-24 00:55:00+00:00,609.0198,609.02,608.95,609.02,3168.0
2025-01-24 09:00:00+00:00,609.16,609.26,609.09,609.26,2138.0
2025-01-24 09:05:00+00:00,609.25,609.4,609.25,609.4,1210.0
2025-01-24 09:10:00+00:00,609.29,609.39,609.29,609.39,785.0
2025-01-24 09:15:00+00:00,609.44,609.44,609.38,609.38,1285.0
2025-01-24 09:20:00+00:00,609.51,609.59,609.51,609.56,3133.0
2025-01-24 09:25:00+00:00,609.55,609.55,609.39,609.42,2483.0
2025-01-24 09:30:00+00:00,609.48,609.48,609.4,609.45,1016.0
2025-01-24 09:35:00+00:00,609.44,609.44,609.25,609.25,714.0
2025-01-24 09:45:00+00:00,609.23,609.23,609.22,609.22,1514.0
2025-01-24 09:50:00+00:00,609.3,609.3,609.3,609.3,321.0
2025-01-24 10:00:00+00:00,609.22,609.22,609.22,609.22,232.0
2025-01-24 10:10:00+00:00,609.19,609.19,609.19,609.19,423.0
2025-01-24 10:15:00+00:00,609.06,609.06,608.98,608.98,1400.0
2025-01-24 10:20:00+00:00,608.95,609.05,608.92,608.92,1638.0
2025-01-24 10:25:00+00:00,609.02,609.02,608.87,608.88,3088.0
2025-01-24 10:30:00+00:00,608.89,608.95,608.89,608.95,1226.0
2025-01-24 10:35:00+00:00,608.7,608.72,608.7,608.72,1887.0
2025-01-24 10:40:00+00:00,608.62,608.76,608.58,608.58,3228.0
2025-01-24 10:45:00+00:00,608.63,608.68,608.63,608.68,1567.0
2025-01-24 10:50:00+00:00,608.89,608.89,608.89,608.89,313.0
2025-01-24 10:55:00+00:00,609.0,609.0,608.96,608.96,1478.0
2025-01-24 11:00:00+00:00,608.98,608.99,608.96,608.99,1130.0
2025-01-24 11:05:00+00:00,609.0,609.0,609.0,609.0,192.0
2025-01-24 11:10:00+00:00,608.9,608.9,608.9,608.9,249.0
2025-01-24 11:15:00+00:00,608.91,608.91,608.91,608.91,373.0
2025-01-24 11:20:00+00:00,608.9,608.9,608.9,608.9,1174.0
2025-01-24 11:25:00+00:00,609.03,609.03,609.03,609.03,257.0
2025-01-24 11:30:00+00:00,608.83,609.03,608.83,608.97,1355.0
2025-01-24 11:35:00+00:00,608.82,608.9,608.82,608.9,510.0
2025-01-24 11:45:00+00:00,608.91,609.09,608.91,609.09,1776.0
2025-01-24 11:50:00+00:00,608.98,608.98,608.98,608.98,295.0
2025-01-24 11:55:00+00:00,608.94,609.01,608.94,609.01,642.0
2025-01-24 12:00:00+00:00,609.03,609.2,609.03,609.2,5826.0
2025-01-24 12:05:00+00:00,609.24,609.28,609.1,609.1,8287.0
2025-01-24 12:10:00+00:00,609.11,609.18,609.11,609.16,4102.0
2025-01-24 12:15:00+00:00,609.16,609.34,609.16,609.3,14201.0
2025-01-24 12:20:00+00:00,609.34,609.42,609.34,609.42,17802.0
2025-01-24 12:25:00+00:00,609.46,609.56,609.44,609.5,2513.0
2025-01-24 12:30:00+00:00,609.52,609.52,609.391,609.4,2585.0
2025-01-24 12:35:00+00:00,609.35,609.38,609.19,609.19,3010.0
2025-01-24 12:40:00+00:00,609.19,609.19,609.15,609.15,1441.0
2025-01-24 12:45:00+00:00,609.15,609.16,609.05,609.05,3719.0
2025-01-24 12:50:00+00:00,609.07,609.23,609.04,609.04,8170.0
2025-01-24 12:55:00+00:00,609.09,609.21,609.09,609.21,541.0
2025-01-24 13:00:00+00:00,609.04,609.5,609.04,609.11,30376.0
2025-01-24 13:05:00+00:00,609.07,609.14,608.92,608.94,12876.0
2025-01-24 13:10:00+00:00,608.92,609.0,608.8,608.98,10167.0
2025-01-24 13:15:00+00:00,609.02,609.15,609.02,609.15,7758.0
2025-01-24 13:20:00+00:00,609.15,609.15,608.94,609.04,13207.0
2025-01-24 13:25:00+00:00,609.05,609.1,608.99,608.99,19534.0
2025-01-24 13:30:00+00:00,609.05,609.06,608.8,608.9,30205.0
2025-01-24 13:35:00+00:00,608.9,608.93,608.69,608.88,18530.0
2025-01-24 13:40:00+00:00,608.87,608.88,608.73,608.81,15842.0
2025-01-24 13:45:00+00:00,608.7,608.9,608.7,608.881,13455.0
2025-01-24 13:50:00+00:00,608.9,608.96,608.86,608.88,8582.0
2025-01-24 13:55:00+00:00,608.93,609.0,608.91,609.0,7555.0
2025-01-24 14:00:00+00:00,608.95,609.149,608.95,609.12,11121.0
2025-01-24 14:05:00+00:00,609.07,609.45,609.07,609.35,38154.0
2025-01-24 14:10:00+00:00,609.37,609.47,609.19,609.21,16784.0
2025-01-24 14:15:00+00:00,609.25,609.5,609.25,609.48,17286.0
2025-01-24 14:20:00+00:00,609.42,609.59,609.39,609.55,24752.0
2025-01-24 14:25:00+00:00,609.55,609.86,609.37,609.79,79196.0
2025-01-24 14:30:00+00:00,609.81,610.14,609.65,609.85,833605.0
2025-01-24 14:35:00+00:00,609.87,610.22,609.79,610.1862,441156.0
2025-01-24 14:40:00+00:00,610.19,610.37,610.065,610.215,569693.0
2025-01-24 14:45:00+00:00,610.26,610.78,610.17,610.43,757725.0
2025-01-24 14:50:00+00:00,610.44,610.55,610.17,610.31,365987.0
2025-01-24 14:55:00+00:00,610.32,610.39,610.02,610.33,415165.0
2025-01-24 15:00:00+00:00,610.35,610.54,609.61,609.72,454130.0
2025-01-24 15:05:00+00:00,609.8,609.98,609.6,609.7898,335214.0
2025-01-24 15:10:00+00:00,609.78,609.9,609.42,609.54,342287.0
2025-01-24 15:15:00+00:00,609.545,609.9,609.4,609.75,286990.0
2025-01-24 15:20:00+00:00,609.74,609.74,609.335,609.58,212564.0
2025-01-24 15:25:00+00:00,609.59,609.64,609.25,609.35,170497.0
2025-01-24 15:30:00+00:00,609.35,609.58,609.34,609.5,183634.0
2025-01-24 15:35:00+00:00,609.49,609.65,609.06,609.1999,247214.0
2025-01-24 15:40:00+00:00,609.17,609.36,609.17,609.28,135628.0
2025-01-24 15:45:00+00:00,609.275,609.6199,609.21,609.59,152782.0
2025-01-24 15:50:00+00:00,609.571,609.62,609.27,609.325,159748.0
2025-01-24 15:55:00+00:00,609.33,609.5,609.1801,609.1801,154020.0
2025-01-24 16:00:00+00:00,609.18,609.41,609.08,609.13,201812.0
2025-01-24 16:05:00+00:00,609.14,609.66,609.12,609.61,227308.0
2025-01-24 16:10:00+00:00,609.625,609.72,609.48,609.55,214656.0
2025-01-24 16:15:00+00:00,609.545,609.6881,609.41,609.585,144933.0
2025-01-24 16:20:00+00:00,609.585,609.76,609.58,609.705,1023174.0
2025-01-24 16:25:00+00:00,609.7,609.8898,609.69,609.8898,442972.0
2025-01-24 16:30:00+00:00,609.88,609.94,609.81,609.905,149627.0
2025-01-24 16:35:00+00:00,609.92,610.08,609.76,609.98,192820.0
2025-01-24 16:40:00+00:00,609.97,610.14,609.96,610.115,162608.0
2025-01-24 16:45:00+00:00,610.11,610.2085,610.08,610.19,146805.0
2025-01-24 16:50:00+00:00,610.1802,610.325,610.12,610.17,178908.0
2025-01-24 16:55:00+00:00,610.1672,610.19,609.39,609.53,377873.0
2025-01-24 17:00:00+00:00,609.53,609.65,609.3,609.53,232883.0
2025-01-24 17:05:00+00:00,609.53,609.82,609.36,609.6195,133673.0
2025-01-24 17:10:00+00:00,609.61,609.69,609.37,609.46,161333.0
2025-01-24 17:15:00+00:00,609.455,609.6788,609.4,609.645,201703.0
2025-01-24 17:20:00+00:00,609.66,610.02,609.62,609.94,225012.0
2025-01-24 17:25:00+00:00,609.93,610.05,609.32,609.43,294966.0
2025-01-24 17:30:00+00:00,609.425,609.6199,609.365,609.565,122585.0
2025-01-24 17:35:00+00:00,609.565,609.62,609.385,609.3999,175169.0
2025-01-24 17:40:00+00:00,609.4,609.49,609.32,609.38,176448.0
2025-01-24 17:45:00+00:00,609.38,609.52,609.3,609.33,276573.0
2025-01-24 17:50:00+00:00,609.34,609.38,608.85,609.07,304265.0
2025-01-24 17:55:00+00:00,609.09,609.09,608.52,608.7,522469.0
2025-01-24 18:00:00+00:00,608.6797,608.91,608.54,608.75,213465.0
2025-01-24 18:05:00+00:00,608.76,608.76,608.48,608.48,271744.0
2025-01-24 18:10:00+00:00,608.49,608.5899,608.08,608.51,397730.0
2025-01-24 18:15:00+00:00,608.535,608.6999,608.37,608.53,356072.0
2025-01-24 18:20:00+00:00,608.54,608.71,608.47,608.61,134212.0
2025-01-24 18:25:00+00:00,608.62,608.63,608.37,608.43,175924.0
2025-01-24 18:30:00+00:00,608.45,608.74,608.22,608.2399,172916.0
2025-01-24 18:35:00+00:00,608.23,608.48,608.17,608.4201,169593.0
2025-01-24 18:40:00+00:00,608.42,608.42,608.12,608.14,140342.0
2025-01-24 18:45:00+00:00,608.16,608.38,607.93,608.13,242362.0
2025-01-24 18:50:00+00:00,608.11,608.2199,607.99,608.0101,221918.0
2025-01-24 18:55:00+00:00,608.0001,608.04,607.2,607.421,370970.0
2025-01-24 19:00:00+00:00,607.42,607.855,607.24,607.29,402000.0
2025-01-24 19:05:00+00:00,607.315,607.42,607.01,607.11,407477.0
2025-01-24 19:10:00+00:00,607.13,607.36,606.93,607.14,281275.0
2025-01-24 19:15:00+00:00,607.16,607.48,607.02,607.06,299674.0
2025-01-24 19:20:00+00:00,607.065,607.44,607.0501,607.3999,256638.0
2025-01-24 19:25:00+00:00,607.4,607.8,607.3501,607.43,380406.0
2025-01-24 19:30:00+00:00,607.4,607.62,607.3298,607.33,212323.0
2025-01-24 19:35:00+00:00,607.32,607.53,607.32,607.43,167306.0
2025-01-24 19:40:00+00:00,607.42,607.56,607.35,607.46,155521.0
2025-01-24 19:45:00+00:00,607.46,607.6999,607.43,607.63,197233.0
2025-01-24 19:50:00+00:00,607.6,607.92,607.6,607.86,405097.0
2025-01-24 19:55:00+00:00,607.855,607.86,607.36,607.38,464879.0
2025-01-24 20:00:00+00:00,607.375,607.84,607.26,607.77,449250.0
2025-01-24 20:05:00+00:00,607.76,607.79,607.35,607.38,589256.0
2025-01-24 20:10:00+00:00,607.39,607.64,607.33,607.6075,375277.0
2025-01-24 20:15:00+00:00,607.605,607.635,607.25,607.27,202719.0
2025-01-24 20:20:00+00:00,607.28,607.4,607.08,607.3536,617738.0
2025-01-24 20:25:00+00:00,607.35,607.42,606.94,607.07,288885.0
2025-01-24 20:30:00+00:00,607.08,607.42,606.99,607.02,1403117.0
2025-01-24 20:35:00+00:00,607.02,607.17,606.96,607.03,348791.0
2025-01-24 20:40:00+00:00,607.04,607.19,606.8,607.115,485681.0
2025-01-24 20:45:00+00:00,607.115,607.25,607.01,607.13,530554.0
2025-01-24 20:50:00+00:00,607.11,607.67,607.11,607.53,995257.0
2025-01-24 20:55:00+00:00,607.51,608.15,607.35,607.95,2674284.0
2025-01-24 21:00:00+00:00,607.92,608.58,607.59,607.86,691301.0
2025-01-24 21:05:00+00:00,607.87,607.89,607.7,607.7,621990.0
2025-01-24 21:10:00+00:00,607.69,607.7,607.39,607.58,2864445.0
2025-01-24 21:15:00+00:00,607.6,607.62,607.49,607.6,154961.0
2025-01-24 21:20:00+00:00,607.6,607.68,607.52,607.61,75588.0
2025-01-24 21:25:00+00:00,607.615,607.62,607.56,607.6,32345.0
2025-01-24 21:30:00+00:00,607.59,607.75,607.49,607.73,118374.0
2025-01-24 21:35:00+00:00,607.73,607.73,607.51,607.51,13024.0
2025-01-24 21:40:00+00:00,607.56,607.72,607.5507,607.72,29734.0
2025-01-24 21:45:00+00:00,607.67,607.77,607.67,607.71,29461.0
2025-01-24 21:50:00+00:00,607.71,607.82,607.67,607.82,19015.0
2025-01-24 21:55:00+00:00,607.8,607.98,607.7301,607.83,32999.0
2025-01-24 22:00:00+00:00,607.82,607.86,607.7028,607.83,3008.0
2025-01-24 22:05:00+00:00,607.85,607.85,607.85,607.85,1721.0
2025-01-24 22:10:00+00:00,607.76,607.78,607.76,607.78,4143.0
2025-01-24 22:15:00+00:00,607.71,607.7119,607.71,607.7119,1661.0
2025-01-24 22:20:00+00:00,607.73,607.73,607.73,607.73,389.0
2025-01-24 22:25:00+00:00,607.73,607.74,607.7,607.71,6257.0
2025-01-24 22:30:00+00:00,607.73,607.73,607.73,607.73,149.0
2025-01-24 22:35:00+00:00,607.71,607.71,607.71,607.71,167.0
2025-01-24 22:40:00+00:00,607.73,607.78,607.55,607.78,4721.0
2025-01-24 22:55:00+00:00,607.57,607.57,607.57,607.57,226.0
2025-01-24 23:00:00+00:00,607.56,607.56,607.56,607.56,297.0
2025-01-24 23:15:00+00:00,607.653,607.653,607.653,607.653,214.0
2025-01-24 23:30:00+00:00,607.678,607.7958,607.6,607.7958,1140.0
2025-01-24 23:35:00+00:00,607.6325,607.6325,607.6325,607.6325,126.0
2025-01-24 23:40:00+00:00,607.65,607.65,607.56,607.56,830.0
2025-01-24 23:50:00+00:00,607.7,607.72,607.7,607.72,648.0
2025-01-24 23:55:00+00:00,607.558,607.6,607.5511,607.5511,582.0
2025-01-25 00:00:00+00:00,607.55,607.55,607.55,607.55,380.0
2025-01-25 00:15:00+00:00,607.64,607.64,607.55,607.55,326.0
2025-01-25 00:25:00+00:00,607.55,607.55,607.54,607.54,1869.0
2025-01-25 00:30:00+00:00,607.54,607.55,607.54,607.55,1445.0
2025-01-25 00:35:00+00:00,607.51,607.51,607.51,607.51,579.0
2025-01-25 00:40:00+00:00,607.51,607.53,607.5,607.5201,2751.0
2025-01-25 00:45:00+00:00,607.5,607.5299,607.5,607.5007,7096.0
2025-01-25 00:50:00+00:00,607.5,607.5,607.4393,607.4399,3445.0
2025-01-25 00:55:00+00:00,607.44,607.53,607.4,607.49,7962.0
2025-01-27 09:00:00+00:00,598.78,598.83,595.68,595.9,41727.0
2025-01-27 09:05:00+00:00,595.89,596.17,595.84,596.01,37381.0
2025-01-27 09:10:00+00:00,596.16,596.53,595.97,596.0,9068.0
2025-01-27 09:15:00+00:00,596.29,596.41,595.88,595.89,6534.0
2025-01-27 09:20:00+00:00,595.98,596.49,595.98,596.4,8242.0
2025-01-27 09:25:00+00:00,596.45,596.6,596.13,596.13,12556.0
2025-01-27 09:30:00+00:00,596.05,596.54,595.89,596.2,16992.0
2025-01-27 09:35:00+00:00,596.2,596.7,596.12,596.67,17776.0
2025-01-27 09:40:00+00:00,596.73,596.93,596.4,596.42,20826.0
2025-01-27 09:45:00+00:00,596.42,596.49,595.75,595.75,18596.0
2025-01-27 09:50:00+00:00,595.92,596.2,595.89,596.13,13109.0
2025-01-27 09:55:00+00:00,596.03,596.15,595.89,595.9,33371.0
2025-01-27 10:00:00+00:00,595.95,595.98,594.67,594.67,29255.0
2025-01-27 10:05:00+00:00,594.79,595.17,594.74,595.15,13691.0
2025-01-27 10:10:00+00:00,595.12,595.12,594.51,594.51,35386.0
2025-01-27 10:15:00+00:00,594.41,594.56,593.95,594.11,28168.0
2025-01-27 10:20:00+00:00,593.95,594.47,593.95,594.24,22808.0
2025-01-27 10:25:00+00:00,594.3,594.32,593.93,593.93,39680.0
2025-01-27 10:30:00+00:00,594.1,594.1,593.39,593.39,12918.0
2025-01-27 10:35:00+00:00,593.38,593.81,593.32,593.62,22122.0
2025-01-27 10:40:00+00:00,593.61,593.64,593.08,593.1,31068.0
2025-01-27 10:45:00+00:00,593.12,593.26,592.5,592.5,34595.0
2025-01-27 10:50:00+00:00,592.63,592.63,589.75,591.96,84188.0
2025-01-27 10:55:00+00:00,592.04,592.75,592.01,592.25,115546.0
2025-01-27 11:00:00+00:00,592.25,593.0,592.1,592.5,184114.0
2025-01-27 11:05:00+00:00,592.68,593.72,592.57,593.49,178695.0
2025-01-27 11:10:00+00:00,593.39,593.69,592.92,593.69,57553.0
2025-01-27 11:15:00+00:00,593.69,594.2,593.18,593.18,91720.0
2025-01-27 11:20:00+00:00,593.29,594.2,593.29,593.46,50162.0
2025-01-27 11:25:00+00:00,593.42,593.58,592.49,592.97,50921.0
2025-01-27 11:30:00+00:00,592.89,593.73,592.78,593.73,34178.0
2025-01-27 11:35:00+00:00,593.76,594.12,593.41,594.0,78936.0
2025-01-27 11:40:00+00:00,593.98,594.09,593.77,593.81,41020.0
2025-01-27 11:45:00+00:00,593.79,594.0,593.5,593.91,84810.0
2025-01-27 11:50:00+00:00,593.92,593.92,593.25,593.65,154030.0
2025-01-27 11:55:00+00:00,593.65,593.77,593.0,593.23,68740.0
2025-01-27 12:00:00+00:00,593.24,594.0,593.16,593.5,89932.0
2025-01-27 12:05:00+00:00,593.51,594.23,593.41,594.21,91762.0
2025-01-27 12:10:00+00:00,594.26,594.5,594.1,594.47,88313.0
2025-01-27 12:15:00+00:00,594.46,594.55,594.0,594.06,112350.0
2025-01-27 12:20:00+00:00,594.0,595.2,593.9,594.58,175107.0
2025-01-27 12:25:00+00:00,594.51,594.85,594.37,594.6,46822.0
2025-01-27 12:30:00+00:00,594.48,594.55,594.31,594.41,79906.0
2025-01-27 12:35:00+00:00,594.44,594.78,594.4,594.62,116595.0
2025-01-27 12:40:00+00:00,594.55,595.33,594.5,595.33,183589.0
2025-01-27 12:45:00+00:00,595.24,595.67,595.16,595.36,86056.0
2025-01-27 12:50:00+00:00,595.4,595.4,594.79,595.12,73282.0
2025-01-27 12:55:00+00:00,595.17,595.5,594.99,595.05,115708.0
2025-01-27 13:00:00+00:00,593.69,602.3,592.2104,595.15,244216.0
2025-01-27 13:05:00+00:00,595.25,595.58,595.15,595.53,81833.0
2025-01-27 13:10:00+00:00,595.51,595.74,595.4,595.74,48586.0
2025-01-27 13:15:00+00:00,595.64,596.17,595.6,596.0696,88298.0
2025-01-27 13:20:00+00:00,596.0,596.43,595.81,595.89,169746.0
2025-01-27 13:25:00+00:00,595.9,596.34,590.5251,596.21,67123.0
2025-01-27 13:30:00+00:00,596.24,596.42,595.52,595.54,105036.0
2025-01-27 13:35:00+00:00,595.44,595.74,595.35,595.5,68236.0
2025-01-27 13:40:00+00:00,595.6,596.0,595.28,595.5,94254.0
2025-01-27 13:45:00+00:00,595.45,595.88,595.39,595.66,48091.0
2025-01-27 13:50:00+00:00,595.53,595.58,595.28,595.45,51682.0
2025-01-27 13:55:00+00:00,595.55,595.86,595.44,595.67,46939.0
2025-01-27 14:00:00+00:00,595.77,595.77,595.17,595.21,40330.0
2025-01-27 14:05:00+00:00,595.22,595.35,594.94,594.98,49196.0
2025-01-27 14:10:00+00:00,594.98,595.11,594.7,595.0102,96774.0
2025-01-27 14:15:00+00:00,595.1,595.21,594.6622,594.82,66733.0
2025-01-27 14:20:00+00:00,594.79,595.12,594.75,594.81,84076.0
2025-01-27 14:25:00+00:00,594.78,595.09,594.63,594.83,243305.0
2025-01-27 14:30:00+00:00,594.81,597.88,594.64,597.38,4161135.0
2025-01-27 14:35:00+00:00,597.38,598.45,596.9,598.3199,2023807.0
2025-01-27 14:40:00+00:00,598.31,598.35,597.2606,597.57,1193173.0
2025-01-27 14:45:00+00:00,597.61,598.27,597.46,598.0,943743.0
2025-01-27 14:50:00+00:00,597.99,598.58,597.57,598.2,852156.0
2025-01-27 14:55:00+00:00,598.19,598.665,597.88,598.62,737410.0
2025-01-27 15:00:00+00:00,598.59,598.7,597.46,597.63,904622.0
2025-01-27 15:05:00+00:00,597.64,598.3,597.37,597.745,777449.0
2025-01-27 15:10:00+00:00,597.73,598.17,597.39,597.73,773658.0
2025-01-27 15:15:00+00:00,597.71,598.01,596.67,596.88,1034095.0
2025-01-27 15:20:00+00:00,596.86,598.28,596.85,598.21,685996.0
2025-01-27 15:25:00+00:00,598.18,599.21,597.89,599.0,882980.0
2025-01-27 15:30:00+00:00,598.99,599.5,598.72,599.47,686363.0
2025-01-27 15:35:00+00:00,599.48,599.57,598.83,599.2199,530149.0
2025-01-27 15:40:00+00:00,599.23,599.69,599.03,599.465,549797.0
2025-01-27 15:45:00+00:00,599.45,599.56,598.51,598.715,1021353.0
2025-01-27 15:50:00+00:00,598.73,599.2,598.46,599.15,388563.0
2025-01-27 15:55:00+00:00,599.13,599.3099,598.04,598.08,772901.0
2025-01-27 16:00:00+00:00,598.09,598.25,597.555,597.71,497809.0
2025-01-27 16:05:00+00:00,597.77,597.82,597.02,597.125,946883.0
2025-01-27 16:10:00+00:00,597.1395,597.65,597.13,597.45,594319.0
2025-01-27 16:15:00+00:00,597.45,597.93,597.4,597.55,303973.0
2025-01-27 16:20:00+00:00,597.58,597.69,596.7,596.78,900054.0
2025-01-27 16:25:00+00:00,596.81,596.85,596.29,596.51,455100.0
2025-01-27 16:30:00+00:00,596.5,596.67,596.35,596.47,627939.0
2025-01-27 16:35:00+00:00,596.5,597.13,596.29,596.339,522123.0
2025-01-27 16:40:00+00:00,596.33,596.74,596.24,596.705,408651.0
2025-01-27 16:45:00+00:00,596.68,597.79,596.56,597.3,454673.0
2025-01-27 16:50:00+00:00,597.2425,597.5,596.35,596.44,389529.0
2025-01-27 16:55:00+00:00,596.46,597.38,596.35,596.81,262209.0
2025-01-27 17:00:00+00:00,596.85,597.81,596.2,597.515,1206607.0
2025-01-27 17:05:00+00:00,597.48,597.58,596.6,596.8,380275.0
2025-01-27 17:10:00+00:00,596.77,597.5,596.72,597.11,241724.0
2025-01-27 17:15:00+00:00,597.17,597.5,596.78,596.85,299791.0
2025-01-27 17:20:00+00:00,596.83,597.02,596.39,596.9,340437.0
2025-01-27 17:25:00+00:00,596.835,598.04,596.69,597.65,363730.0
2025-01-27 17:30:00+00:00,597.6418,598.02,597.42,597.98,244972.0
2025-01-27 17:35:00+00:00,597.9,598.21,597.615,597.77,273772.0
2025-01-27 17:40:00+00:00,597.8099,597.85,597.33,597.71,241574.0
2025-01-27 17:45:00+00:00,597.71,597.71,596.8438,596.8725,210013.0
2025-01-27 17:50:00+00:00,596.87,596.87,596.29,596.42,339670.0
2025-01-27 17:55:00+00:00,596.42,596.54,596.15,596.2,378382.0
2025-01-27 18:00:00+00:00,596.19,596.63,596.13,596.385,615118.0
2025-01-27 18:05:00+00:00,596.38,596.78,596.28,596.37,324563.0
2025-01-27 18:10:00+00:00,596.37,596.63,596.22,596.4,469453.0
2025-01-27 18:15:00+00:00,596.41,596.66,596.09,596.34,407907.0
2025-01-27 18:20:00+00:00,596.37,596.62,596.15,596.23,212081.0
2025-01-27 18:25:00+00:00,596.245,596.548,596.03,596.125,267858.0
2025-01-27 18:30:00+00:00,596.11,597.13,596.07,596.8,1313520.0
2025-01-27 18:35:00+00:00,596.81,597.43,596.45,596.531,235260.0
2025-01-27 18:40:00+00:00,596.55,597.42,596.55,597.21,221330.0
2025-01-27 18:45:00+00:00,597.19,597.26,596.67,596.76,235467.0
2025-01-27 18:50:00+00:00,596.77,597.19,596.65,596.995,227079.0
2025-01-27 18:55:00+00:00,596.99,597.03,596.37,596.58,296364.0
2025-01-27 19:00:00+00:00,596.61,597.37,596.6,597.15,389241.0
2025-01-27 19:05:00+00:00,597.13,597.19,596.75,596.84,253972.0
2025-01-27 19:10:00+00:00,596.84,597.33,596.77,597.01,240401.0
2025-01-27 19:15:00+00:00,597.05,597.92,596.96,597.85,477898.0
2025-01-27 19:20:00+00:00,597.865,598.035,597.61,597.97,433463.0
2025-01-27 19:25:00+00:00,597.955,599.12,597.9405,599.01,514652.0
2025-01-27 19:30:00+00:00,598.985,598.99,598.22,598.59,551385.0
2025-01-27 19:35:00+00:00,598.6,598.74,597.88,598.425,437828.0
2025-01-27 19:40:00+00:00,598.425,598.5401,597.56,597.64,361177.0
2025-01-27 19:45:00+00:00,597.64,597.67,596.66,596.75,746708.0
2025-01-27 19:50:00+00:00,596.76,596.96,596.27,596.82,843554.0
2025-01-27 19:55:00+00:00,596.83,597.37,596.59,596.94,1106612.0
2025-01-27 20:00:00+00:00,596.94,597.45,596.842,597.2,607568.0
2025-01-27 20:05:00+00:00,597.19,597.3599,596.33,597.23,733211.0
2025-01-27 20:10:00+00:00,597.25,597.6099,596.83,596.96,322437.0
2025-01-27 20:15:00+00:00,596.93,597.6,596.74,597.41,596349.0
2025-01-27 20:20:00+00:00,597.41,598.03,597.28,597.84,714357.0
2025-01-27 20:25:00+00:00,597.85,598.13,597.36,597.44,679717.0
2025-01-27 20:30:00+00:00,597.46,597.78,597.15,597.37,565919.0
2025-01-27 20:35:00+00:00,597.37,597.99,597.33,597.77,880889.0
2025-01-27 20:40:00+00:00,597.78,598.33,597.57,598.33,840204.0
2025-01-27 20:45:00+00:00,598.28,598.57,597.67,598.1199,963677.0
2025-01-27 20:50:00+00:00,598.1,598.34,597.4,597.98,1360645.0
2025-01-27 20:55:00+00:00,597.99,599.57,597.9,599.41,5709005.0
2025-01-27 21:00:00+00:00,599.44,600.36,599.2,600.12,374897.0
2025-01-27 21:05:00+00:00,600.1404,600.1404,599.58,599.68,499588.0
2025-01-27 21:10:00+00:00,599.66,599.86,599.5,599.78,5193434.0
2025-01-27 21:15:00+00:00,599.69,599.99,599.67,599.96,294769.0
2025-01-27 21:20:00+00:00,599.93,600.16,599.83,600.14,55708.0
2025-01-27 21:25:00+00:00,600.13,600.2,599.96,600.04,159741.0
2025-01-27 21:30:00+00:00,600.01,600.09,599.92,600.01,92106.0
2025-01-27 21:35:00+00:00,600.05,600.06,599.89,600.03,101508.0
2025-01-27 21:40:00+00:00,600.04,600.08,599.93,599.95,44494.0
2025-01-27 21:45:00+00:00,599.91,599.91,599.72,599.79,36934.0
2025-01-27 21:50:00+00:00,599.77,599.84,599.71,599.73,17530.0
2025-01-27 21:55:00+00:00,599.71,599.79,599.66,599.76,42667.0
2025-01-27 22:00:00+00:00,599.74,599.98,599.74,599.9,3334.0
2025-01-27 22:05:00+00:00,599.94,599.95,599.899,599.93,15151.0
2025-01-27 22:10:00+00:00,599.92,599.93,599.86,599.86,9096.0
2025-01-27 22:15:00+00:00,599.85,599.92,599.84,599.92,58731.0
2025-01-27 22:20:00+00:00,599.84,599.92,599.82,599.85,4694.0
2025-01-27 22:25:00+00:00,599.85,599.95,599.85,599.95,1275.0
2025-01-27 22:30:00+00:00,599.95,600.0192,599.87,600.01,4671.0
2025-01-27 22:35:00+00:00,600.03,600.13,600.01,600.12,5976.0
2025-01-27 22:40:00+00:00,600.0501,600.2,600.05,600.1999,9369.0
2025-01-27 22:45:00+00:00,600.2,600.35,600.2,600.22,13423.0
2025-01-27 22:50:00+00:00,600.24,600.35,600.08,600.27,22148.0
2025-01-27 22:55:00+00:00,600.27,600.68,600.27,600.68,8466.0
2025-01-27 23:00:00+00:00,600.47,600.66,600.0,600.0,46550.0
2025-01-27 23:05:00+00:00,600.05,600.61,599.93,600.52,7694.0
2025-01-27 23:10:00+00:00,600.5,600.5,600.07,600.1,11832.0
2025-01-27 23:15:00+00:00,600.01,600.01,599.7,599.92,12745.0
2025-01-27 23:20:00+00:00,599.69,599.84,598.59,599.67,122427.0
2025-01-27 23:25:00+00:00,599.54,599.54,598.54,598.82,30936.0
2025-01-27 23:30:00+00:00,599.19,599.19,598.77,598.92,40034.0
2025-01-27 23:35:00+00:00,598.99,599.25,598.99,599.25,3739.0
2025-01-27 23:40:00+00:00,599.21,599.61,599.21,599.55,13892.0
2025-01-27 23:45:00+00:00,599.46,599.5,599.34,599.5,8907.0
2025-01-27 23:50:00+00:00,599.59,600.0,599.59,600.0,11165.0
2025-01-27 23:55:00+00:00,599.98,599.98,599.8908,599.911,1596.0
2025-01-28 00:00:00+00:00,599.94,600.11,599.9,599.9,1790.0
2025-01-28 00:05:00+00:00,599.92,599.92,599.92,599.92,535.0
2025-01-28 00:10:00+00:00,599.7465,599.77,599.58,599.71,4904.0
2025-01-28 00:15:00+00:00,599.55,599.63,599.4117,599.63,4570.0
2025-01-28 00:20:00+00:00,599.7,599.75,599.3,599.36,6831.0
2025-01-28 00:25:00+00:00,599.24,599.3317,599.24,599.3317,1154.0
2025-01-28 00:30:00+00:00,599.25,599.25,598.78,599.0304,17548.0
2025-01-28 00:35:00+00:00,599.0,599.3,598.99,599.3,5291.0
2025-01-28 00:40:00+00:00,599.19,599.3,599.15,599.3,3702.0
2025-01-28 00:45:00+00:00,599.17,599.17,599.0,599.16,8263.0
2025-01-28 00:50:00+00:00,599.19,599.4,599.18,599.18,6599.0
2025-01-28 00:55:00+00:00,599.18,599.18,599.04,599.17,5074.0
2025-01-28 09:00:00+00:00,601.0,601.5,601.0,601.5,2758.0
2025-01-28 09:05:00+00:00,601.4,601.56,601.4,601.55,7974.0
2025-01-28 09:10:00+00:00,601.51,601.51,601.43,601.44,1330.0
2025-01-28 09:15:00+00:00,601.39,601.47,601.39,601.47,835.0
2025-01-28 09:20:00+00:00,601.29,601.4,601.29,601.3,2901.0
2025-01-28 09:25:00+00:00,601.39,601.4,601.08,601.09,2426.0
2025-01-28 09:30:00+00:00,601.01,601.01,600.95,600.95,1035.0
2025-01-28 09:35:00+00:00,601.1,601.26,601.1,601.26,669.0
2025-01-28 09:40:00+00:00,601.21,601.49,601.18,601.49,3281.0
2025-01-28 09:45:00+00:00,601.47,601.55,601.43,601.53,9344.0
2025-01-28 09:50:00+00:00,601.45,601.45,601.45,601.45,451.0
2025-01-28 09:55:00+00:00,601.46,601.57,601.46,601.55,771.0
2025-01-28 10:00:00+00:00,601.77,601.77,601.7,601.75,3566.0
2025-01-28 10:05:00+00:00,601.8,601.99,601.8,601.96,2081.0
2025-01-28 10:10:00+00:00,601.94,602.0,601.94,602.0,1771.0
2025-01-28 10:15:00+00:00,601.94,602.0,601.93,602.0,2256.0
2025-01-28 10:20:00+00:00,601.95,602.1,601.95,601.96,11593.0
2025-01-28 10:25:00+00:00,601.95,601.95,601.91,601.91,1802.0
2025-01-28 10:30:00+00:00,602.0,602.0,601.91,601.91,734.0
2025-01-28 10:35:00+00:00,601.84,602.01,601.76,601.76,1880.0
2025-01-28 10:40:00+00:00,601.78,601.82,601.75,601.75,628.0
2025-01-28 10:45:00+00:00,601.8,601.91,601.8,601.91,614.0
2025-01-28 10:50:00+00:00,601.96,601.96,601.96,601.96,223.0
2025-01-28 10:55:00+00:00,601.69,601.76,601.67,601.67,2159.0
2025-01-28 11:00:00+00:00,601.84,601.84,601.77,601.78,484.0
2025-01-28 11:05:00+00:00,601.91,601.91,601.8,601.8,796.0
2025-01-28 11:10:00+00:00,601.95,602.02,601.95,602.02,413.0
2025-01-28 11:15:00+00:00,601.98,601.98,601.7,601.7,2254.0
2025-01-28 11:20:00+00:00,601.68,601.68,601.35,601.38,5776.0
2025-01-28 11:25:00+00:00,601.4,601.4,601.25,601.29,3969.0
2025-01-28 11:30:00+00:00,601.26,601.26,600.81,600.9,14782.0
2025-01-28 11:35:00+00:00,600.81,601.04,600.69,601.01,9585.0
2025-01-28 11:40:00+00:00,601.03,601.19,601.03,601.06,10915.0
2025-01-28 11:45:00+00:00,601.2,601.2,601.2,601.2,1141.0
2025-01-28 11:50:00+00:00,601.1,601.1,601.0,601.1,2809.0
2025-01-28 11:55:00+00:00,601.01,601.13,600.83,600.83,2727.0
2025-01-28 12:00:00+00:00,600.83,600.91,599.97,600.24,221821.0
2025-01-28 12:05:00+00:00,600.22,600.37,600.07,600.07,16051.0
2025-01-28 12:10:00+00:00,600.12,600.12,599.83,599.95,17333.0
2025-01-28 12:15:00+00:00,600.01,600.08,599.63,599.7,8631.0
2025-01-28 12:20:00+00:00,599.6,600.03,599.5,599.96,8767.0
2025-01-28 12:25:00+00:00,599.9,599.96,599.78,599.86,8495.0
2025-01-28 12:30:00+00:00,599.66,599.89,599.55,599.84,11152.0
2025-01-28 12:35:00+00:00,599.83,600.3,599.78,599.95,20654.0
2025-01-28 12:40:00+00:00,600.09,600.2,600.02,600.05,9933.0
2025-01-28 12:45:00+00:00,600.24,600.26,600.15,600.15,965.0
2025-01-28 12:50:00+00:00,600.39,600.61,600.39,600.61,23462.0
2025-01-28 12:55:00+00:00,600.71,600.87,600.53,600.62,16643.0
2025-01-28 13:00:00+00:00,599.97,601.0,598.85,600.72,53500.0
2025-01-28 13:05:00+00:00,600.6,600.63,600.34,600.47,29025.0
2025-01-28 13:10:00+00:00,600.51,600.88,600.51,600.839,37892.0
2025-01-28 13:15:00+00:00,600.86,600.86,600.63,600.75,10289.0
2025-01-28 13:20:00+00:00,600.75,601.37,600.75,601.33,21669.0
2025-01-28 13:25:00+00:00,601.35,601.39,601.21,601.2486,14699.0
2025-01-28 13:30:00+00:00,601.19,601.35,600.63,600.81,21532.0
2025-01-28 13:35:00+00:00,600.67,600.67,600.2711,600.53,29576.0
2025-01-28 13:40:00+00:00,600.49,600.5401,600.08,600.15,8360.0
2025-01-28 13:45:00+00:00,600.15,600.39,600.15,600.22,6136.0
2025-01-28 13:50:00+00:00,600.2,600.36,600.05,600.1,11964.0
2025-01-28 13:55:00+00:00,600.13,600.4,600.13,600.25,9369.0
2025-01-28 14:00:00+00:00,600.27,600.5899,600.22,600.45,7762.0
2025-01-28 14:05:00+00:00,600.41,600.42,600.08,600.09,13577.0
2025-01-28 14:10:00+00:00,600.0812,600.28,600.07,600.28,5281.0
2025-01-28 14:15:00+00:00,600.1,600.1693,599.99,600.1,22475.0
2025-01-28 14:20:00+00:00,600.08,600.33,600.08,600.19,12330.0
2025-01-28 14:25:00+00:00,600.2,600.73,600.2,600.53,109895.0
2025-01-28 14:30:00+00:00,600.62,600.78,599.3862,599.59,1688592.0
2025-01-28 14:35:00+00:00,599.62,599.69,598.79,599.11,708697.0
2025-01-28 14:40:00+00:00,599.15,599.33,598.26,598.39,550014.0
2025-01-28 14:45:00+00:00,598.41,598.83,597.25,597.84,682197.0
2025-01-28 14:50:00+00:00,597.83,598.72,597.54,598.72,476674.0
2025-01-28 14:55:00+00:00,598.73,598.99,598.44,598.9351,461038.0
2025-01-28 15:00:00+00:00,598.9,600.5,598.842,600.47,729458.0
2025-01-28 15:05:00+00:00,600.46,600.67,599.86,599.96,651736.0
2025-01-28 15:10:00+00:00,600.01,600.91,599.94,600.83,498086.0
2025-01-28 15:15:00+00:00,600.82,601.07,600.64,601.02,334663.0
2025-01-28 15:20:00+00:00,601.03,602.01,600.87,601.995,522842.0
2025-01-28 15:25:00+00:00,602.0,602.79,601.93,602.46,669611.0
2025-01-28 15:30:00+00:00,602.49,602.53,601.8,601.94,730122.0
2025-01-28 15:35:00+00:00,601.95,602.56,601.73,602.4,474276.0
2025-01-28 15:40:00+00:00,602.405,602.55,602.1,602.42,261560.0
2025-01-28 15:45:00+00:00,602.36,602.68,601.78,602.6267,353317.0
2025-01-28 15:50:00+00:00,602.63,602.72,602.41,602.42,328451.0
2025-01-28 15:55:00+00:00,602.42,603.09,602.41,603.06,388236.0
2025-01-28 16:00:00+00:00,603.06,603.47,602.56,603.05,444730.0
2025-01-28 16:05:00+00:00,603.055,603.28,603.01,603.255,225966.0
2025-01-28 16:10:00+00:00,603.25,603.57,602.8599,602.98,290124.0
2025-01-28 16:15:00+00:00,603.02,603.24,602.62,602.67,343304.0
2025-01-28 16:20:00+00:00,602.66,602.7827,601.97,602.02,525433.0
2025-01-28 16:25:00+00:00,602.04,602.105,601.03,601.42,2370662.0
2025-01-28 16:30:00+00:00,601.34,601.73,601.31,601.67,568756.0
2025-01-28 16:35:00+00:00,601.66,601.89,601.05,601.87,459893.0
2025-01-28 16:40:00+00:00,601.88,601.96,600.95,601.58,353265.0
2025-01-28 16:45:00+00:00,601.635,602.15,601.5,602.12,216387.0
2025-01-28 16:50:00+00:00,602.13,602.17,601.07,602.08,282537.0
2025-01-28 16:55:00+00:00,602.0175,602.59,601.945,602.57,276363.0
2025-01-28 17:00:00+00:00,602.565,602.78,602.4,602.76,283747.0
2025-01-28 17:05:00+00:00,602.77,603.55,602.72,603.47,332375.0
2025-01-28 17:10:00+00:00,603.48,603.69,603.37,603.54,415528.0
2025-01-28 17:15:00+00:00,603.55,603.9,603.505,603.73,275271.0
2025-01-28 17:20:00+00:00,603.73,603.92,603.54,603.81,250248.0
2025-01-28 17:25:00+00:00,603.82,603.8501,603.58,603.7201,357900.0
2025-01-28 17:30:00+00:00,603.73,603.88,603.65,603.82,250287.0
2025-01-28 17:35:00+00:00,603.81,603.87,603.5,603.665,206435.0
2025-01-28 17:40:00+00:00,603.67,603.72,603.3,603.55,209311.0
2025-01-28 17:45:00+00:00,603.56,603.655,603.29,603.53,147242.0
2025-01-28 17:50:00+00:00,603.53,603.8,603.46,603.78,150278.0
2025-01-28 17:55:00+00:00,603.81,604.08,603.71,603.8308,205242.0
2025-01-28 18:00:00+00:00,603.85,604.29,603.7532,604.25,196526.0
2025-01-28 18:05:00+00:00,604.2499,604.53,604.21,604.3,783863.0
2025-01-28 18:10:00+00:00,604.3,604.55,604.25,604.5398,145032.0
2025-01-28 18:15:00+00:00,604.53,604.79,604.53,604.775,325057.0
2025-01-28 18:20:00+00:00,604.77,604.77,604.24,604.4201,431003.0
2025-01-28 18:25:00+00:00,604.43,604.47,604.02,604.1799,208874.0
2025-01-28 18:30:00+00:00,604.18,604.44,604.15,604.4068,142028.0
2025-01-28 18:35:00+00:00,604.395,604.46,603.9,603.97,130421.0
2025-01-28 18:40:00+00:00,604.01,604.01,603.56,603.8745,291074.0
2025-01-28 18:45:00+00:00,603.87,604.01,603.62,603.98,295806.0
2025-01-28 18:50:00+00:00,604.0,604.19,603.89,603.97,521557.0
2025-01-28 18:55:00+00:00,603.93,604.0,603.67,603.800225,117892.0
2025-01-28 19:00:00+00:00,603.79,603.9,603.4701,603.4701,273619.0
2025-01-28 19:05:00+00:00,603.4803,603.6399,603.34,603.38,177793.0
2025-01-28 19:10:00+00:00,603.41,603.47,603.23,603.42,246827.0
2025-01-28 19:15:00+00:00,603.42,603.905,603.364,603.8,229242.0
2025-01-28 19:20:00+00:00,603.79,604.06,603.77,603.95,426027.0
2025-01-28 19:25:00+00:00,603.96,604.145,603.77,604.04,425239.0
2025-01-28 19:30:00+00:00,604.06,604.45,604.06,604.39,221538.0
2025-01-28 19:35:00+00:00,604.39,604.64,604.38,604.55,231536.0
2025-01-28 19:40:00+00:00,604.55,604.905,604.55,604.79,309100.0
2025-01-28 19:45:00+00:00,604.8,605.11,604.8,605.0402,278983.0
2025-01-28 19:50:00+00:00,605.04,605.17,604.89,605.1573,206512.0
2025-01-28 19:55:00+00:00,605.15,605.26,605.05,605.14,292992.0
2025-01-28 20:00:00+00:00,605.14,605.1475,604.73,604.87,613714.0
2025-01-28 20:05:00+00:00,604.875,604.945,604.68,604.849,260307.0
2025-01-28 20:10:00+00:00,604.84,605.045,604.765,604.95,392705.0
2025-01-28 20:15:00+00:00,604.95,605.32,604.86,605.26,325314.0
2025-01-28 20:20:00+00:00,605.255,605.37,605.2,605.28,392086.0
2025-01-28 20:25:00+00:00,605.26,605.265,604.99,605.09,329980.0
2025-01-28 20:30:00+00:00,605.07,605.217,604.925,605.07,763855.0
2025-01-28 20:35:00+00:00,605.075,605.09,604.75,604.85,480186.0
2025-01-28 20:40:00+00:00,604.8559,605.22,604.85,605.21,472894.0
2025-01-28 20:45:00+00:00,605.22,605.23,604.56,604.71,784323.0
2025-01-28 20:50:00+00:00,604.72,605.11,604.36,605.04,1742756.0
2025-01-28 20:55:00+00:00,605.04,605.06,604.38,604.49,2829671.0
2025-01-28 21:00:00+00:00,604.44,604.64,603.8693,604.11,712843.0
2025-01-28 21:05:00+00:00,604.1194,604.52,604.05,604.14,1072691.0
2025-01-28 21:10:00+00:00,604.14,604.15,603.94,604.03,1979032.0
2025-01-28 21:15:00+00:00,604.03,604.12,603.97,604.08,57559.0
2025-01-28 21:20:00+00:00,604.1,604.4,603.95,603.98,120755.0
2025-01-28 21:25:00+00:00,603.99,604.02,603.93,603.95,42646.0
2025-01-28 21:30:00+00:00,603.95,603.98,603.475,603.9,126446.0
2025-01-28 21:35:00+00:00,603.94,604.1,603.87,603.98,71860.0
2025-01-28 21:40:00+00:00,603.97,604.05,603.96,604.02,124277.0
2025-01-28 21:45:00+00:00,604.0,604.07,603.99,604.07,28451.0
2025-01-28 21:50:00+00:00,604.05,604.06,604.0,604.02,6935.0
2025-01-28 21:55:00+00:00,604.0,604.01,603.92,604.0,8129.0
2025-01-28 22:00:00+00:00,604.05,604.05,603.9999,604.03,1785.0
2025-01-28 22:05:00+00:00,604.03,604.03,603.96,603.97,11902.0
2025-01-28 22:10:00+00:00,603.97,604.01,603.96,603.96,10768.0
2025-01-28 22:15:00+00:00,603.97,604.025,603.96,604.025,14411.0
2025-01-28 22:20:00+00:00,604.01,604.01,604.01,604.01,508.0
2025-01-28 22:25:00+00:00,603.99,604.0,603.96,603.96,2337.0
2025-01-28 22:30:00+00:00,603.96,603.96,603.95,603.95,1497.0
2025-01-28 22:35:00+00:00,603.96,603.96,603.94,603.94,7339.0
2025-01-28 22:40:00+00:00,603.97,603.97,603.94,603.94,4060.0
2025-01-28 22:45:00+00:00,603.97,603.97,603.94,603.96,2437.0
2025-01-28 22:50:00+00:00,603.93,603.9699,603.93,603.9699,2553.0
2025-01-28 22:55:00+00:00,603.97,603.9799,603.96,603.97,5745.0
2025-01-28 23:00:00+00:00,603.78,603.8,603.53,603.7,36825.0
2025-01-28 23:05:00+00:00,603.78,603.81,603.73,603.75,7657.0
2025-01-28 23:10:00+00:00,603.7822,603.8,603.75,603.8,13277.0
2025-01-28 23:15:00+00:00,603.85,604.24,603.84,604.12,28530.0
2025-01-28 23:20:00+00:00,604.1,604.16,604.0,604.0,7728.0
2025-01-28 23:25:00+00:00,603.97,604.09,603.93,604.09,2313.0
2025-01-28 23:30:00+00:00,603.93,603.93,603.8995,603.8995,1637.0
2025-01-28 23:35:00+00:00,603.81,603.83,603.81,603.83,1051.0
2025-01-28 23:40:00+00:00,603.85,603.85,603.78,603.78,633.0
2025-01-28 23:45:00+00:00,603.9,603.9,603.8,603.8199,520.0
2025-01-28 23:50:00+00:00,603.75,603.75,603.75,603.75,146.0
2025-01-28 23:55:00+00:00,603.6,603.6,603.6,603.6,310.0
2025-01-29 00:00:00+00:00,603.6,603.99,603.6,603.99,1512.0
2025-01-29 00:05:00+00:00,604.07,604.07,604.03,604.03,1054.0
2025-01-29 00:10:00+00:00,603.95,603.95,603.8,603.8214,2923.0
2025-01-29 00:15:00+00:00,603.89,603.89,603.75,603.75,954.0
2025-01-29 00:20:00+00:00,603.74,603.85,603.7,603.85,751.0
2025-01-29 00:25:00+00:00,603.8115,603.9,603.81,603.81,7873.0
2025-01-29 00:30:00+00:00,603.89,603.93,603.81,603.81,799.0
2025-01-29 00:35:00+00:00,603.81,603.81,603.72,603.8,10734.0
2025-01-29 00:40:00+00:00,603.87,603.87,603.87,603.87,212.0
2025-01-29 00:45:00+00:00,603.89,603.99,603.89,603.99,11141.0
2025-01-29 00:50:00+00:00,604.0,604.0,604.0,604.0,214.0
2025-01-29 00:55:00+00:00,604.059,604.1,604.01,604.1,5133.0
2025-01-29 09:00:00+00:00,605.96,605.96,604.96,604.96,8538.0
2025-01-29 09:05:00+00:00,604.65,604.87,604.57,604.8,2779.0
2025-01-29 09:10:00+00:00,605.0,605.27,605.0,605.27,2159.0
2025-01-29 09:15:00+00:00,605.25,605.25,604.95,604.95,1509.0
2025-01-29 09:20:00+00:00,604.83,604.93,604.68,604.93,2640.0
2025-01-29 09:25:00+00:00,604.85,604.89,604.85,604.89,784.0
2025-01-29 09:30:00+00:00,604.85,604.89,604.75,604.79,2023.0
2025-01-29 09:35:00+00:00,604.69,604.84,604.68,604.84,765.0
2025-01-29 09:40:00+00:00,604.92,604.97,604.75,604.97,866.0
2025-01-29 09:45:00+00:00,605.0,605.14,605.0,605.14,896.0
2025-01-29 09:50:00+00:00,605.28,605.28,605.19,605.19,546.0
2025-01-29 09:55:00+00:00,605.19,605.19,605.06,605.06,2974.0
2025-01-29 10:00:00+00:00,605.13,605.13,605.13,605.13,493.0
2025-01-29 10:05:00+00:00,605.0,605.07,605.0,605.07,450.0
2025-01-29 10:10:00+00:00,605.17,605.17,605.12,605.13,1060.0
2025-01-29 10:15:00+00:00,605.0,605.0,605.0,605.0,611.0
2025-01-29 10:20:00+00:00,605.01,605.01,605.01,605.01,212.0
2025-01-29 10:25:00+00:00,605.04,605.04,604.8,604.82,1478.0
2025-01-29 10:30:00+00:00,604.86,604.87,604.86,604.87,1246.0
2025-01-29 10:35:00+00:00,605.16,605.16,605.15,605.15,371.0
2025-01-29 10:40:00+00:00,605.17,605.2,605.17,605.2,380.0
2025-01-29 10:45:00+00:00,605.24,605.26,605.11,605.26,851.0
2025-01-29 10:50:00+00:00,605.12,605.12,605.12,605.12,326.0
2025-01-29 10:55:00+00:00,605.3,605.39,605.19,605.19,6684.0
2025-01-29 11:05:00+00:00,605.14,605.2,605.14,605.2,515.0
2025-01-29 11:10:00+00:00,605.2,605.2,605.13,605.13,539.0
2025-01-29 11:15:00+00:00,605.16,605.16,605.0,605.02,1731.0
2025-01-29 11:20:00+00:00,605.05,605.07,605.0,605.0,7563.0
2025-01-29 11:25:00+00:00,605.04,605.04,605.04,605.04,322.0
2025-01-29 11:30:00+00:00,605.09,605.09,605.0,605.0,1568.0
2025-01-29 11:35:00+00:00,605.06,605.06,605.06,605.06,409.0
2025-01-29 11:40:00+00:00,605.1,605.1,605.1,605.1,304.0
2025-01-29 11:45:00+00:00,605.3,605.3,605.3,605.3,374.0
2025-01-29 11:50:00+00:00,605.28,605.47,605.28,605.47,1250.0
2025-01-29 11:55:00+00:00,605.5,605.58,605.4,605.4,8896.0
2025-01-29 12:00:00+00:00,605.39,605.39,605.18,605.18,4927.0
2025-01-29 12:05:00+00:00,605.16,605.3,605.16,605.2,1802.0
2025-01-29 12:10:00+00:00,605.08,605.11,605.0,605.0,3216.0
2025-01-29 12:15:00+00:00,604.97,605.05,604.75,604.78,3092.0
2025-01-29 12:20:00+00:00,604.81,604.89,604.78,604.89,1486.0
2025-01-29 12:25:00+00:00,604.92,604.92,604.75,604.8,2265.0
2025-01-29 12:30:00+00:00,604.77,604.77,604.55,604.6,3217.0
2025-01-29 12:35:00+00:00,604.71,604.76,604.7,604.7,1528.0
2025-01-29 12:40:00+00:00,604.65,604.65,604.55,604.56,5488.0
2025-01-29 12:45:00+00:00,604.53,604.64,604.53,604.55,4566.0
2025-01-29 12:50:00+00:00,604.51,604.67,604.45,604.51,2940.0
2025-01-29 12:55:00+00:00,604.63,604.64,604.59,604.64,871.0
2025-01-29 13:00:00+00:00,605.2001,605.81,604.4,604.4,54003.0
2025-01-29 13:05:00+00:00,604.42,604.42,603.83,603.85,19222.0
2025-01-29 13:10:00+00:00,603.94,603.96,603.68,603.88,16804.0
2025-01-29 13:15:00+00:00,603.7,603.85,603.4,603.4,20654.0
2025-01-29 13:20:00+00:00,603.5,603.7,603.2,603.32,22563.0
2025-01-29 13:25:00+00:00,603.3,603.5,603.16,603.2,13781.0
2025-01-29 13:30:00+00:00,603.33,603.35,602.9,603.3,45371.0
2025-01-29 13:35:00+00:00,603.266,603.41,602.97,603.38,16472.0
2025-01-29 13:40:00+00:00,603.21,603.46,603.0701,603.21,52458.0
2025-01-29 13:45:00+00:00,603.14,603.22,602.94,603.17,28072.0
2025-01-29 13:50:00+00:00,603.05,603.23,602.89,603.04,14379.0
2025-01-29 13:55:00+00:00,603.08,603.54,602.96,603.54,47189.0
2025-01-29 14:00:00+00:00,603.51,603.8,603.47,603.8,71688.0
2025-01-29 14:05:00+00:00,603.6,603.71,603.36,603.4,14721.0
2025-01-29 14:10:00+00:00,603.3,603.65,603.3,603.64,7949.0
2025-01-29 14:15:00+00:00,603.78,603.87,603.6796,603.87,14087.0
2025-01-29 14:20:00+00:00,603.87,603.96,603.84,603.84,7864.0
2025-01-29 14:25:00+00:00,603.89,603.99,603.54,603.69,100816.0
2025-01-29 14:30:00+00:00,603.72,603.99,603.07,603.25,714102.0
2025-01-29 14:35:00+00:00,603.26,603.45,602.9,603.34,338358.0
2025-01-29 14:40:00+00:00,603.32,603.51,602.4451,602.69,436889.0
2025-01-29 14:45:00+00:00,602.67,603.22,602.51,602.795,297603.0
2025-01-29 14:50:00+00:00,602.8,603.48,602.67,603.3007,328416.0
2025-01-29 14:55:00+00:00,603.31,603.5813,602.98,603.27,254426.0
2025-01-29 15:00:00+00:00,603.31,603.8,603.19,603.56,370574.0
2025-01-29 15:05:00+00:00,603.57,604.13,603.5453,604.0,361309.0
2025-01-29 15:10:00+00:00,603.98,604.03,602.82,603.35,342106.0
2025-01-29 15:15:00+00:00,603.36,603.58,602.9799,603.36,203905.0
2025-01-29 15:20:00+00:00,603.32,603.8386,603.08,603.49,173672.0
2025-01-29 15:25:00+00:00,603.47,603.53,602.75,602.98,274870.0
2025-01-29 15:30:00+00:00,603.01,603.29,602.8099,603.17,183275.0
2025-01-29 15:35:00+00:00,603.15,603.33,603.04,603.185,206815.0
2025-01-29 15:40:00+00:00,603.17,603.5,602.5011,602.76,211224.0
2025-01-29 15:45:00+00:00,602.76,602.96,602.48,602.96,174573.0
2025-01-29 15:50:00+00:00,602.95,603.27,602.905,603.17,211256.0
2025-01-29 15:55:00+00:00,603.17,603.17,602.6641,602.78,131353.0
2025-01-29 16:00:00+00:00,602.82,603.176,602.74,603.0399,143769.0
2025-01-29 16:05:00+00:00,603.045,603.045,602.28,602.6001,282206.0
2025-01-29 16:10:00+00:00,602.62,602.76,602.38,602.6701,204198.0
2025-01-29 16:15:00+00:00,602.66,602.73,602.21,602.51,266537.0
2025-01-29 16:20:00+00:00,602.52,602.72,602.2748,602.7,193770.0
2025-01-29 16:25:00+00:00,602.7,602.76,602.44,602.46,199805.0
2025-01-29 16:30:00+00:00,602.44,602.732429,602.32,602.715,109630.0
2025-01-29 16:35:00+00:00,602.7,602.96,602.08,602.1114,247345.0
2025-01-29 16:40:00+00:00,602.14,602.5801,601.93,602.55,157293.0
2025-01-29 16:45:00+00:00,602.58,602.84,602.38,602.8,166480.0
2025-01-29 16:50:00+00:00,602.85,602.97,602.55,602.87,185967.0
2025-01-29 16:55:00+00:00,602.87,602.87,602.0399,602.29,142402.0
2025-01-29 17:00:00+00:00,602.2947,603.04,602.21,603.0218,146113.0
2025-01-29 17:05:00+00:00,603.0244,603.23,602.76,602.9,236341.0
2025-01-29 17:10:00+00:00,602.925,603.08,602.7,602.86,103621.0
2025-01-29 17:15:00+00:00,602.87,603.23,602.82,603.17,88578.0
2025-01-29 17:20:00+00:00,603.175,603.41,603.145,603.2799,133431.0
2025-01-29 17:25:00+00:00,603.26,603.46,602.9395,603.055,156767.0
2025-01-29 17:30:00+00:00,603.06,603.32,603.05,603.08,83311.0
2025-01-29 17:35:00+00:00,603.08,603.15,602.88,602.88,84242.0
2025-01-29 17:40:00+00:00,602.88,603.03,602.7301,602.81,132571.0
2025-01-29 17:45:00+00:00,602.8,602.8,602.3905,602.52,238114.0
2025-01-29 17:50:00+00:00,602.52,602.53,602.28,602.31,178672.0
2025-01-29 17:55:00+00:00,602.33,602.395,601.95,602.08,206370.0
2025-01-29 18:00:00+00:00,602.1,602.35,599.66,600.05,875906.0
2025-01-29 18:05:00+00:00,600.07,601.7,599.81,601.65,686012.0
2025-01-29 18:10:00+00:00,601.69,601.97,600.895,601.6,234922.0
2025-01-29 18:15:00+00:00,601.6162,601.85,601.37,601.49,133183.0
2025-01-29 18:20:00+00:00,601.51,601.7096,601.19,601.7,115377.0
2025-01-29 18:25:00+00:00,601.67,602.36,601.66,602.31,204895.0
2025-01-29 18:30:00+00:00,602.33,602.63,602.04,602.135,353414.0
2025-01-29 18:35:00+00:00,602.145,602.335,601.35,601.49,182122.0
2025-01-29 18:40:00+00:00,601.48,601.82,601.391,601.55,186501.0
2025-01-29 18:45:00+00:00,601.55,602.22,601.43,602.1344,145448.0
2025-01-29 18:50:00+00:00,602.13,602.15,601.64,601.87,189695.0
2025-01-29 18:55:00+00:00,601.86,601.87,601.47,601.49,186009.0
2025-01-29 19:00:00+00:00,601.49,601.49,599.92,600.26,1320972.0
2025-01-29 19:05:00+00:00,600.25,600.94,599.95,600.49,575231.0
2025-01-29 19:10:00+00:00,600.5,600.53,599.6,600.0399,476704.0
2025-01-29 19:15:00+00:00,600.05,600.3,599.22,599.7343,531239.0
2025-01-29 19:20:00+00:00,599.78,600.13,599.5653,599.82,337588.0
2025-01-29 19:25:00+00:00,599.82,599.9099,599.4,599.4,231623.0
2025-01-29 19:30:00+00:00,599.39,601.22,599.25,600.6199,683702.0
2025-01-29 19:35:00+00:00,600.62,601.66,599.45,601.58,975115.0
2025-01-29 19:40:00+00:00,601.56,603.14,601.36,602.56,1138770.0
2025-01-29 19:45:00+00:00,602.56,603.24,601.75,602.43,563834.0
2025-01-29 19:50:00+00:00,602.45,603.28,601.91,602.9141,395001.0
2025-01-29 19:55:00+00:00,602.87,603.0,601.717,602.32,952925.0
2025-01-29 20:00:00+00:00,602.29,602.63,601.14,601.3072,388445.0
2025-01-29 20:05:00+00:00,601.2299,602.0599,601.0001,601.81,502241.0
2025-01-29 20:10:00+00:00,601.83,602.58,601.14,601.7699,431900.0
2025-01-29 20:15:00+00:00,601.7874,601.93,600.55,601.51,359718.0
2025-01-29 20:20:00+00:00,601.53,603.13,601.53,603.03,580961.0
2025-01-29 20:25:00+00:00,603.01,603.6801,602.96,603.35,657080.0
2025-01-29 20:30:00+00:00,603.36,603.66,602.9901,603.16,472227.0
2025-01-29 20:35:00+00:00,603.17,603.1995,601.71,601.81,658332.0
2025-01-29 20:40:00+00:00,601.8,602.42,601.63,601.98,511945.0
2025-01-29 20:45:00+00:00,602.01,602.13,601.4,601.9,800356.0
2025-01-29 20:50:00+00:00,601.9,602.28,600.74,601.84,1007049.0
2025-01-29 20:55:00+00:00,601.89,602.4,601.4201,601.8,1535999.0
2025-01-29 21:00:00+00:00,601.84,602.58,599.84,600.47,372974.0
2025-01-29 21:05:00+00:00,600.81,601.8,599.24,600.86,1036252.0
2025-01-29 21:10:00+00:00,600.95,601.81,600.3,601.46,3204729.0
2025-01-29 21:15:00+00:00,601.29,601.81,600.91,601.45,66711.0
2025-01-29 21:20:00+00:00,601.5,602.5,601.46,602.28,370399.0
2025-01-29 21:25:00+00:00,602.27,602.9,602.0,602.53,104952.0
2025-01-29 21:30:00+00:00,602.53,604.7041,602.07,602.744,72957.0
2025-01-29 21:35:00+00:00,602.69,602.83,602.51,602.55,9001.0
2025-01-29 21:40:00+00:00,602.61,603.04,601.12,602.3,140243.0
2025-01-29 21:45:00+00:00,602.35,602.96,602.14,602.88,61234.0
2025-01-29 21:50:00+00:00,602.9,602.9099,602.44,602.9099,24782.0
2025-01-29 21:55:00+00:00,601.81,602.95,601.81,602.62,73844.0
2025-01-29 22:00:00+00:00,602.35,602.52,602.35,602.5,16487.0
2025-01-29 22:05:00+00:00,602.65,603.1,602.39,602.99,21457.0
2025-01-29 22:10:00+00:00,603.06,603.18,602.65,602.82,20624.0
2025-01-29 22:15:00+00:00,602.71,603.04,602.7,602.99,33233.0
2025-01-29 22:20:00+00:00,602.99,603.0499,602.84,602.95,55879.0
2025-01-29 22:25:00+00:00,602.95,603.07,602.9305,603.07,10293.0
2025-01-29 22:30:00+00:00,603.2,603.2713,603.08,603.11,9044.0
2025-01-29 22:35:00+00:00,603.0,603.09,602.87,602.87,5160.0
2025-01-29 22:45:00+00:00,602.9,603.35,602.9,603.2899,8628.0
2025-01-29 22:50:00+00:00,603.27,603.35,603.15,603.3,7933.0
2025-01-29 22:55:00+00:00,603.3,603.36,602.0,602.09,56937.0
2025-01-29 23:00:00+00:00,602.08,602.25,601.5,601.86,55413.0
2025-01-29 23:05:00+00:00,601.9,602.5,601.8,602.05,16236.0
2025-01-29 23:10:00+00:00,602.01,602.01,601.88,602.0,5912.0
2025-01-29 23:15:00+00:00,601.81,601.85,601.61,601.85,2767.0
2025-01-29 23:20:00+00:00,601.831,601.8899,601.54,601.54,27075.0
2025-01-29 23:25:00+00:00,601.25,601.3265,601.14,601.22,5295.0
2025-01-29 23:30:00+00:00,601.44,602.16,601.191,601.191,7867.0
2025-01-29 23:35:00+00:00,601.42,601.59,601.42,601.55,5185.0
2025-01-29 23:40:00+00:00,601.6,601.73,601.52,601.6,2072.0
2025-01-29 23:45:00+00:00,601.9,601.97,601.79,601.8,12500.0
2025-01-29 23:50:00+00:00,601.92,601.93,601.87,601.87,2383.0
2025-01-29 23:55:00+00:00,601.77,601.95,601.77,601.95,5936.0
2025-01-30 00:00:00+00:00,601.71,601.84,601.71,601.84,1039.0
2025-01-30 00:05:00+00:00,601.96,602.2,601.94,602.2,1183.0
2025-01-30 00:10:00+00:00,602.18,602.34,602.18,602.31,1543.0
2025-01-30 00:15:00+00:00,602.25,602.5,602.25,602.5,13918.0
2025-01-30 00:20:00+00:00,602.49,602.64,602.49,602.64,3086.0
2025-01-30 00:25:00+00:00,602.588,602.79,602.588,602.79,442.0
2025-01-30 00:30:00+00:00,602.81,602.82,602.74,602.74,1268.0
2025-01-30 00:35:00+00:00,602.7404,602.7404,602.7404,602.7404,282.0
2025-01-30 00:40:00+00:00,602.88,602.95,602.88,602.95,10441.0
2025-01-30 00:45:00+00:00,602.84,603.03,602.8,603.03,7972.0
2025-01-30 00:50:00+00:00,602.94,603.0183,602.93,602.97,7221.0
2025-01-30 00:55:00+00:00,602.991,603.06,602.99,603.06,1990.0
2025-01-30 09:00:00+00:00,605.0,605.03,604.76,604.8,8405.0
2025-01-30 09:05:00+00:00,604.69,604.92,604.6,604.73,2632.0
2025-01-30 09:10:00+00:00,604.75,604.75,604.75,604.75,638.0
2025-01-30 09:15:00+00:00,604.81,604.81,604.81,604.81,307.0
2025-01-30 09:20:00+00:00,604.86,604.87,604.86,604.87,1092.0
2025-01-30 09:30:00+00:00,604.58,604.58,604.54,604.56,1100.0
2025-01-30 09:35:00+00:00,604.21,604.23,604.18,604.23,1962.0
2025-01-30 09:40:00+00:00,604.26,604.26,604.26,604.26,562.0
2025-01-30 09:45:00+00:00,604.28,604.28,604.28,604.28,208.0
2025-01-30 09:50:00+00:00,604.27,604.27,604.0,604.0,1930.0
2025-01-30 09:55:00+00:00,604.1,604.1,604.06,604.08,2104.0
2025-01-30 10:00:00+00:00,603.97,603.97,603.97,603.97,416.0
2025-01-30 10:05:00+00:00,604.12,604.12,604.12,604.12,511.0
2025-01-30 10:10:00+00:00,604.21,604.21,604.11,604.16,473.0
2025-01-30 10:15:00+00:00,604.2,604.2,603.96,603.96,723.0
2025-01-30 10:20:00+00:00,603.74,603.8,603.74,603.8,805.0
2025-01-30 10:35:00+00:00,604.2,604.2,604.18,604.18,1720.0
2025-01-30 10:40:00+00:00,604.21,604.21,604.21,604.21,285.0
2025-01-30 10:45:00+00:00,604.24,604.24,604.24,604.24,178.0
2025-01-30 10:50:00+00:00,604.13,604.13,603.89,603.89,891.0
2025-01-30 10:55:00+00:00,603.97,603.97,603.81,603.81,1101.0
2025-01-30 11:05:00+00:00,603.9,604.16,603.9,604.16,1315.0
2025-01-30 11:10:00+00:00,604.25,604.31,604.25,604.31,11120.0
2025-01-30 11:15:00+00:00,604.33,604.37,604.3,604.36,8258.0
2025-01-30 11:20:00+00:00,604.45,604.49,604.34,604.49,17940.0
2025-01-30 11:25:00+00:00,604.31,604.31,604.31,604.31,379.0
2025-01-30 11:30:00+00:00,604.13,604.31,604.02,604.2,3289.0
2025-01-30 11:35:00+00:00,604.28,604.28,604.16,604.16,2159.0
2025-01-30 11:40:00+00:00,604.33,604.33,604.02,604.05,1939.0
2025-01-30 11:45:00+00:00,604.05,604.08,603.95,604.08,2070.0
2025-01-30 11:50:00+00:00,603.84,603.89,603.83,603.83,1700.0
2025-01-30 11:55:00+00:00,603.81,603.87,603.73,603.84,1562.0
2025-01-30 12:00:00+00:00,603.7,603.99,603.05,603.54,22113.0
2025-01-30 12:05:00+00:00,603.44,603.72,603.44,603.5,3358.0
2025-01-30 12:10:00+00:00,603.5,603.5,603.2,603.279,7763.0
2025-01-30 12:15:00+00:00,603.22,603.22,602.58,602.64,6306.0
2025-01-30 12:20:00+00:00,602.62,602.69,602.48,602.68,13119.0
2025-01-30 12:25:00+00:00,602.63,602.82,602.57,602.72,12545.0
2025-01-30 12:30:00+00:00,602.76,602.85,602.55,602.85,5571.0
2025-01-30 12:35:00+00:00,602.82,603.38,602.82,603.36,17330.0
2025-01-30 12:40:00+00:00,603.44,603.44,603.29,603.29,6135.0
2025-01-30 12:45:00+00:00,603.24,603.28,603.12,603.27,4470.0
2025-01-30 12:50:00+00:00,603.4,603.45,603.319,603.45,3169.0
2025-01-30 12:55:00+00:00,603.33,603.33,603.25,603.32,1755.0
2025-01-30 13:00:00+00:00,603.24,605.16,602.5,603.21,57655.0
2025-01-30 13:05:00+00:00,603.22,603.41,603.22,603.25,10853.0
2025-01-30 13:10:00+00:00,603.45,603.6,603.4399,603.58,7507.0
2025-01-30 13:15:00+00:00,603.54,603.71,603.41,603.42,16768.0
2025-01-30 13:20:00+00:00,603.4,603.45,603.2282,603.23,10738.0
2025-01-30 13:25:00+00:00,603.28,603.5,603.19,603.43,9178.0
2025-01-30 13:30:00+00:00,603.35,603.92,602.98,603.45,54676.0
2025-01-30 13:35:00+00:00,603.49,603.49,602.95,603.12,78864.0
2025-01-30 13:40:00+00:00,603.09,603.23,602.9301,603.09,49674.0
2025-01-30 13:45:00+00:00,603.1,603.23,602.91,603.23,17497.0
2025-01-30 13:50:00+00:00,603.22,603.64,603.18,603.58,13324.0
2025-01-30 13:55:00+00:00,603.61,604.09,603.59,603.98,25123.0
2025-01-30 14:00:00+00:00,604.09,604.13,603.66,603.79,14789.0
2025-01-30 14:05:00+00:00,603.75,603.96,603.59,603.83,13092.0
2025-01-30 14:10:00+00:00,603.82,603.96,603.72,603.76,9043.0
2025-01-30 14:15:00+00:00,603.67,603.7,603.31,603.48,24414.0
2025-01-30 14:20:00+00:00,603.55,603.58,603.14,603.2,22300.0
2025-01-30 14:25:00+00:00,603.21,604.15,603.1,603.96,107038.0
2025-01-30 14:30:00+00:00,603.96,604.3,603.6913,603.72,868033.0
2025-01-30 14:35:00+00:00,603.72,604.6,603.3711,604.51,513813.0
2025-01-30 14:40:00+00:00,604.54,604.7,603.95,604.43,483613.0
2025-01-30 14:45:00+00:00,604.44,605.79,604.32,605.7201,478219.0
2025-01-30 14:50:00+00:00,605.71,605.98,605.1,605.51,628048.0
2025-01-30 14:55:00+00:00,605.505,605.92,604.58,604.94,490354.0
2025-01-30 15:00:00+00:00,604.94,604.96,603.09,603.8699,768669.0
2025-01-30 15:05:00+00:00,603.85,603.96,603.28,603.675,450892.0
2025-01-30 15:10:00+00:00,603.66,604.1597,603.4701,603.7,276528.0
2025-01-30 15:15:00+00:00,603.7,603.8,603.26,603.4201,348525.0
2025-01-30 15:20:00+00:00,603.5,603.98,603.25,603.94,291694.0
2025-01-30 15:25:00+00:00,603.93,603.94,602.41,602.63,318715.0
2025-01-30 15:30:00+00:00,602.64,602.95,602.06,602.92,587546.0
2025-01-30 15:35:00+00:00,602.93,603.81,602.93,603.72,297839.0
2025-01-30 15:40:00+00:00,603.73,603.88,603.2,603.25,219350.0
2025-01-30 15:45:00+00:00,603.25,603.64,603.07,603.37,272257.0
2025-01-30 15:50:00+00:00,603.3729,603.401432,602.175,602.25,403545.0
2025-01-30 15:55:00+00:00,602.265,602.2899,601.43,601.4999,375097.0
2025-01-30 16:00:00+00:00,601.445,601.82,600.85,601.62,533268.0
2025-01-30 16:05:00+00:00,601.62,601.87,601.36,601.36,310469.0
2025-01-30 16:10:00+00:00,601.36,601.74,600.715,600.77,262103.0
2025-01-30 16:15:00+00:00,600.8,601.55,600.8,601.5197,195737.0
2025-01-30 16:20:00+00:00,601.53,602.43,601.49,602.42,303199.0
2025-01-30 16:25:00+00:00,602.38,602.96,602.265,602.96,385901.0
2025-01-30 16:30:00+00:00,602.94,603.14,602.47,602.61,266117.0
2025-01-30 16:35:00+00:00,602.58,603.12,602.28,603.1097,203580.0
2025-01-30 16:40:00+00:00,603.12,603.19,602.89,603.12,266379.0
2025-01-30 16:45:00+00:00,603.13,603.28,603.03,603.25,185054.0
2025-01-30 16:50:00+00:00,603.26,604.08,603.2599,603.93,267524.0
2025-01-30 16:55:00+00:00,603.945,604.34,603.74,604.0401,366228.0
2025-01-30 17:00:00+00:00,604.04,604.04,603.565,603.8,281553.0
2025-01-30 17:05:00+00:00,603.84,603.97,603.38,603.715,208621.0
2025-01-30 17:10:00+00:00,603.69,603.8064,602.95,602.98,172698.0
2025-01-30 17:15:00+00:00,603.0387,603.1552,602.48,602.74,213830.0
2025-01-30 17:20:00+00:00,602.715,603.1,602.65,602.69,168107.0
2025-01-30 17:25:00+00:00,602.73,602.85,602.08,602.37,326239.0
2025-01-30 17:30:00+00:00,602.39,602.62,602.16,602.59,231364.0
2025-01-30 17:35:00+00:00,602.5501,602.78,602.41,602.7,164631.0
2025-01-30 17:40:00+00:00,602.735,603.2,602.42,602.5577,157673.0
2025-01-30 17:45:00+00:00,602.56,603.005,602.48,602.905,256535.0
2025-01-30 17:50:00+00:00,602.9,603.236,602.9,603.18,171161.0
2025-01-30 17:55:00+00:00,603.19,603.36,603.0501,603.3303,150304.0
2025-01-30 18:00:00+00:00,603.34,603.495,603.19,603.475,133376.0
2025-01-30 18:05:00+00:00,603.47,603.96,603.32,603.83,169156.0
2025-01-30 18:10:00+00:00,603.83,603.87,603.545,603.76,160293.0
2025-01-30 18:15:00+00:00,603.77,603.94,603.76,603.84,70123.0
2025-01-30 18:20:00+00:00,603.85,604.29,603.74,604.225,177475.0
2025-01-30 18:25:00+00:00,604.25,604.31,603.7,604.0,192038.0
2025-01-30 18:30:00+00:00,603.985,604.57,603.94,604.52,165670.0
2025-01-30 18:35:00+00:00,604.53,605.0,604.45,604.905,196409.0
2025-01-30 18:40:00+00:00,604.9,605.07,604.69,604.7,221133.0
2025-01-30 18:45:00+00:00,604.71,605.05,604.71,604.93,160733.0
2025-01-30 18:50:00+00:00,604.94,605.02,604.76,604.89,198773.0
2025-01-30 18:55:00+00:00,604.8552,605.07,604.65,604.95,209353.0
2025-01-30 19:00:00+00:00,604.9403,604.95,604.55,604.62,444213.0
2025-01-30 19:05:00+00:00,604.63,604.955,604.62,604.8657,275041.0
2025-01-30 19:10:00+00:00,604.86,605.22,604.86,605.13,139222.0
2025-01-30 19:15:00+00:00,605.115,605.1898,604.91,604.99,169679.0
2025-01-30 19:20:00+00:00,604.99,605.18,604.85,605.0,162753.0
2025-01-30 19:25:00+00:00,604.99,605.03,604.81,604.9567,168963.0
2025-01-30 19:30:00+00:00,604.95,604.99,604.59,604.63,214644.0
2025-01-30 19:35:00+00:00,604.64,604.89,604.6,604.86,209130.0
2025-01-30 19:40:00+00:00,604.86,604.92,604.73,604.8798,668808.0
2025-01-30 19:45:00+00:00,604.88,605.19,604.81,605.15,168137.0
2025-01-30 19:50:00+00:00,605.16,605.3101,605.06,605.31,175125.0
2025-01-30 19:55:00+00:00,605.31,605.71,605.23,605.6801,251540.0
2025-01-30 20:00:00+00:00,605.67,606.2,605.6,606.0999,457014.0
2025-01-30 20:05:00+00:00,606.09,606.135,605.0,605.99,335046.0
2025-01-30 20:10:00+00:00,606.0,606.14,605.95,606.0805,222693.0
2025-01-30 20:15:00+00:00,606.08,606.36,606.01,606.3522,278078.0
2025-01-30 20:20:00+00:00,606.34,606.6,606.29,606.54,322734.0
2025-01-30 20:25:00+00:00,606.53,606.58,606.23,606.31,379759.0
2025-01-30 20:30:00+00:00,606.29,606.32,605.9402,606.28,525006.0
2025-01-30 20:35:00+00:00,606.295,606.3,603.62,603.69,2342549.0
2025-01-30 20:40:00+00:00,603.61,603.86,601.9,602.2445,2282010.0
2025-01-30 20:45:00+00:00,602.2,604.09,601.82,603.89,1756940.0
2025-01-30 20:50:00+00:00,603.88,604.96,603.35,604.9,1747494.0
2025-01-30 20:55:00+00:00,604.93,605.6,604.61,604.98,2453425.0
2025-01-30 21:00:00+00:00,604.95,605.58,604.8,605.28,1301879.0
2025-01-30 21:05:00+00:00,605.3,605.64,605.02,605.09,744763.0
2025-01-30 21:10:00+00:00,605.04,605.22,603.93,604.69,237225.0
2025-01-30 21:15:00+00:00,604.69,605.4,604.52,604.7,904369.0
2025-01-30 21:20:00+00:00,604.75,605.17,604.47,604.62,74088.0
2025-01-30 21:25:00+00:00,604.57,604.73,604.53,604.68,74438.0
2025-01-30 21:30:00+00:00,604.6,605.69,603.8,604.54,620344.0
2025-01-30 21:35:00+00:00,604.55,604.71,604.31,604.35,41298.0
2025-01-30 21:40:00+00:00,604.45,604.5,604.14,604.5,34700.0
2025-01-30 21:45:00+00:00,604.5,604.73,604.07,604.25,31151.0
2025-01-30 21:50:00+00:00,604.23,604.5,604.23,604.33,14361.0
2025-01-30 21:55:00+00:00,604.31,604.4,604.0,604.2,33018.0
2025-01-30 22:00:00+00:00,604.11,604.34,604.07,604.32,5654.0
2025-01-30 22:05:00+00:00,604.21,604.34,604.21,604.25,13338.0
2025-01-30 22:10:00+00:00,604.25,604.4,604.25,604.39,17093.0
2025-01-30 22:15:00+00:00,604.4,604.6099,604.4,604.6,22768.0
2025-01-30 22:20:00+00:00,604.3757,605.75,604.3757,605.58,71917.0
2025-01-30 22:25:00+00:00,605.59,605.88,605.1,605.82,101679.0
2025-01-30 22:30:00+00:00,605.7,606.1,605.7,605.9,5997.0
2025-01-30 22:35:00+00:00,605.9,606.0,605.5,605.8,16133.0
2025-01-30 22:40:00+00:00,605.8,605.8,605.69,605.69,13104.0
2025-01-30 22:45:00+00:00,605.68,605.8,605.62,605.8,10673.0
2025-01-30 22:50:00+00:00,605.82,606.0,605.68,605.7,16955.0
2025-01-30 22:55:00+00:00,605.7,605.77,605.68,605.7,271450.0
2025-01-30 23:00:00+00:00,605.7,606.24,605.46,606.17,35556.0
2025-01-30 23:05:00+00:00,606.15,606.25,606.01,606.03,11837.0
2025-01-30 23:10:00+00:00,606.0,606.03,605.99,606.03,3975.0
2025-01-30 23:15:00+00:00,606.1,606.17,605.9,605.9,3194.0
2025-01-30 23:20:00+00:00,605.88,605.89,605.71,605.89,1782.0
2025-01-30 23:25:00+00:00,605.86,605.88,605.37,605.4415,8974.0
2025-01-30 23:30:00+00:00,605.43,605.43,605.16,605.27,7371.0
2025-01-30 23:35:00+00:00,605.19,605.19,605.17,605.17,727.0
2025-01-30 23:40:00+00:00,605.33,605.4,605.33,605.4,1194.0
2025-01-30 23:45:00+00:00,605.5,605.5,605.5,605.5,435.0
2025-01-30 23:50:00+00:00,605.64,605.68,605.51,605.51,3102.0
2025-01-30 23:55:00+00:00,605.79,606.0,605.79,605.83,3200.0
2025-01-31 00:00:00+00:00,605.52,605.72,605.44,605.72,10447.0
2025-01-31 00:05:00+00:00,605.53,605.61,605.53,605.61,1658.0
2025-01-31 00:10:00+00:00,605.8,605.84,605.8,605.82,2737.0
2025-01-31 00:15:00+00:00,605.73,605.78,605.73,605.78,974.0
2025-01-31 00:20:00+00:00,605.78,605.91,605.74,605.91,3101.0
2025-01-31 00:25:00+00:00,605.839,605.87,605.8,605.87,768.0
2025-01-31 00:30:00+00:00,605.95,605.95,605.81,605.81,1475.0
2025-01-31 00:35:00+00:00,605.74,605.84,605.74,605.83,1292.0
2025-01-31 00:40:00+00:00,605.95,605.97,605.9,605.9,847.0
2025-01-31 00:45:00+00:00,606.0,606.06,605.99,605.99,1352.0
2025-01-31 00:50:00+00:00,605.88,605.9599,605.88,605.95,3118.0
2025-01-31 00:55:00+00:00,605.9107,605.98,605.89,605.89,4513.0
2025-01-31 09:00:00+00:00,606.27,607.45,606.25,607.45,9731.0
2025-01-31 09:05:00+00:00,607.45,607.68,607.4,607.61,2090.0
2025-01-31 09:10:00+00:00,607.59,607.73,607.58,607.73,2852.0
2025-01-31 09:15:00+00:00,607.6,607.6,607.6,607.6,628.0
2025-01-31 09:20:00+00:00,607.89,607.9,607.75,607.75,3917.0
2025-01-31 09:25:00+00:00,607.8,607.8,607.8,607.8,232.0
2025-01-31 09:30:00+00:00,607.98,608.06,607.97,607.97,2926.0
2025-01-31 09:35:00+00:00,608.01,608.01,607.95,607.95,598.0
2025-01-31 09:40:00+00:00,607.9,607.9,607.8,607.8,1486.0
2025-01-31 09:45:00+00:00,607.83,607.83,607.69,607.69,485.0
2025-01-31 09:55:00+00:00,607.69,607.7,607.62,607.62,1679.0
2025-01-31 10:00:00+00:00,607.65,607.68,607.65,607.68,274.0
2025-01-31 10:05:00+00:00,607.61,607.68,607.61,607.68,784.0
2025-01-31 10:10:00+00:00,607.72,607.72,607.72,607.72,351.0
2025-01-31 10:15:00+00:00,607.67,607.71,607.67,607.69,2969.0
2025-01-31 10:25:00+00:00,607.84,607.84,607.84,607.84,344.0
2025-01-31 10:35:00+00:00,607.73,607.73,607.73,607.73,258.0
2025-01-31 10:45:00+00:00,607.88,607.88,607.79,607.79,652.0
2025-01-31 10:50:00+00:00,607.62,607.62,607.62,607.62,673.0
2025-01-31 10:55:00+00:00,607.59,607.6,607.59,607.59,1066.0
2025-01-31 11:00:00+00:00,607.69,607.69,607.66,607.66,694.0
2025-01-31 11:05:00+00:00,607.83,607.91,607.83,607.91,2548.0
2025-01-31 11:15:00+00:00,607.87,607.99,607.87,607.97,925.0
2025-01-31 11:20:00+00:00,607.97,608.0,607.97,607.99,1835.0
2025-01-31 11:25:00+00:00,607.95,607.95,607.95,607.95,542.0
2025-01-31 11:30:00+00:00,607.91,607.94,607.91,607.94,651.0
2025-01-31 11:35:00+00:00,607.94,607.94,607.94,607.94,151.0
2025-01-31 11:40:00+00:00,608.0,608.04,607.99,608.04,1570.0
2025-01-31 11:45:00+00:00,607.94,607.99,607.94,607.99,377.0
2025-01-31 11:55:00+00:00,608.1,608.1,608.07,608.07,895.0
2025-01-31 12:00:00+00:00,608.1,608.1,607.71,607.851,193261.0
2025-01-31 12:05:00+00:00,607.9,608.09,607.87,608.04,12814.0
2025-01-31 12:10:00+00:00,608.05,608.05,607.93,607.94,2703.0
2025-01-31 12:15:00+00:00,607.93,608.1,607.93,608.1,8319.0
2025-01-31 12:20:00+00:00,608.12,608.15,608.1,608.1,2694.0
2025-01-31 12:25:00+00:00,608.01,608.01,607.91,607.91,1830.0
2025-01-31 12:30:00+00:00,607.99,607.99,607.75,607.76,4372.0
2025-01-31 12:35:00+00:00,607.7,607.75,607.7,607.75,1518.0
2025-01-31 12:40:00+00:00,607.81,607.91,607.81,607.91,4392.0
2025-01-31 12:45:00+00:00,607.93,607.98,607.93,607.96,2622.0
2025-01-31 12:50:00+00:00,607.92,607.95,607.92,607.95,2217.0
2025-01-31 12:55:00+00:00,607.9,607.95,607.75,607.81,21309.0
2025-01-31 13:00:00+00:00,607.8,608.15,606.43,607.6799,39352.0
2025-01-31 13:05:00+00:00,607.68,607.82,607.65,607.78,12174.0
2025-01-31 13:10:00+00:00,607.76,607.819,607.76,607.77,7973.0
2025-01-31 13:15:00+00:00,607.73,607.91,607.73,607.88,10532.0
2025-01-31 13:20:00+00:00,607.81,607.96,607.81,607.96,8881.0
2025-01-31 13:25:00+00:00,607.92,607.94,607.85,607.91,19052.0
2025-01-31 13:30:00+00:00,607.95,608.09,607.7,607.8,25398.0
2025-01-31 13:35:00+00:00,607.78,607.82,607.33,607.78,62798.0
2025-01-31 13:40:00+00:00,607.81,607.9,607.65,607.77,36156.0
2025-01-31 13:45:00+00:00,607.75,608.005,607.55,607.93,27532.0
2025-01-31 13:50:00+00:00,608.0,608.14,607.87,607.91,25194.0
2025-01-31 13:55:00+00:00,607.99,608.06,607.9,607.9,9712.0
2025-01-31 14:00:00+00:00,607.85,607.86,607.5,607.52,39880.0
2025-01-31 14:05:00+00:00,607.48,607.52,607.3,607.3,22929.0
2025-01-31 14:10:00+00:00,607.33,607.34,607.02,607.07,33672.0
2025-01-31 14:15:00+00:00,607.0799,607.27,606.97,607.25,41564.0
2025-01-31 14:20:00+00:00,607.22,607.3,606.97,607.1,50679.0
2025-01-31 14:25:00+00:00,607.1,607.58,607.1,607.5,126646.0
2025-01-31 14:30:00+00:00,607.5,607.88,607.18,607.39,1439146.0
2025-01-31 14:35:00+00:00,607.42,607.83,607.06,607.6607,536359.0
2025-01-31 14:40:00+00:00,607.67,607.98,607.51,607.775,350678.0
2025-01-31 14:45:00+00:00,607.76,607.995,607.5,607.58,338420.0
2025-01-31 14:50:00+00:00,607.58,608.1,607.3599,607.9701,340353.0
2025-01-31 14:55:00+00:00,607.95,608.16,607.69,608.11,284675.0
2025-01-31 15:00:00+00:00,608.12,608.8,608.04,608.7,536940.0
2025-01-31 15:05:00+00:00,608.7,608.8104,608.25,608.66,576677.0
2025-01-31 15:10:00+00:00,608.66,608.99,608.47,608.7901,437707.0
2025-01-31 15:15:00+00:00,608.8,608.9,608.685,608.78,373727.0
2025-01-31 15:20:00+00:00,608.7775,609.02,608.31,608.9,349696.0
2025-01-31 15:25:00+00:00,608.88,609.005,608.775,608.9599,416082.0
2025-01-31 15:30:00+00:00,608.96,609.54,608.95,609.51,422085.0
2025-01-31 15:35:00+00:00,609.51,609.54,609.1996,609.46,564470.0
2025-01-31 15:40:00+00:00,609.47,609.49,609.0,609.02,313189.0
2025-01-31 15:45:00+00:00,609.0099,609.51,608.85,609.4694,225348.0
2025-01-31 15:50:00+00:00,609.4605,609.5499,609.08,609.29,304394.0
2025-01-31 15:55:00+00:00,609.26,609.63,609.24,609.45,352842.0
2025-01-31 16:00:00+00:00,609.46,609.8001,609.46,609.62,405603.0
2025-01-31 16:05:00+00:00,609.625,609.84,609.555,609.82,402940.0
2025-01-31 16:10:00+00:00,609.83,609.96,609.78,609.8,370774.0
2025-01-31 16:15:00+00:00,609.81,609.84,609.47,609.63,215790.0
2025-01-31 16:20:00+00:00,609.64,609.65,609.31,609.4601,294119.0
2025-01-31 16:25:00+00:00,609.48,609.5,609.06,609.09,168240.0
2025-01-31 16:30:00+00:00,609.09,609.39,608.9796,609.14,308597.0
2025-01-31 16:35:00+00:00,609.12,609.28,608.81,608.9425,395268.0
2025-01-31 16:40:00+00:00,608.945,609.0697,608.66,608.9119,149989.0
2025-01-31 16:45:00+00:00,608.89,608.97,608.7243,608.95,206322.0
2025-01-31 16:50:00+00:00,608.96,608.99,608.53,608.93,242967.0
2025-01-31 16:55:00+00:00,608.94,608.95,608.7301,608.89,227158.0
2025-01-31 17:00:00+00:00,608.89,609.04,608.68,608.6901,188253.0
2025-01-31 17:05:00+00:00,608.69,608.8,608.01,608.8,840813.0
2025-01-31 17:10:00+00:00,608.83,608.98,608.26,608.88,463894.0
2025-01-31 17:15:00+00:00,608.9,609.01,608.46,608.75,272408.0
2025-01-31 17:20:00+00:00,608.74,609.39,608.69,609.3601,271561.0
2025-01-31 17:25:00+00:00,609.365,609.55,609.26,609.55,197081.0
2025-01-31 17:30:00+00:00,609.545,609.73,609.33,609.3401,325831.0
2025-01-31 17:35:00+00:00,609.35,609.52,609.3,609.3405,141059.0
2025-01-31 17:40:00+00:00,609.32,609.44,609.17,609.245,281645.0
2025-01-31 17:45:00+00:00,609.245,609.34,609.07,609.25,124529.0
2025-01-31 17:50:00+00:00,609.24,609.51,609.17,609.37,148539.0
2025-01-31 17:55:00+00:00,609.35,609.35,608.93,609.09,439738.0
2025-01-31 18:00:00+00:00,609.1,609.26,608.92,609.195,146984.0
2025-01-31 18:05:00+00:00,609.2101,609.345,609.095,609.1,119893.0
2025-01-31 18:10:00+00:00,609.11,609.24,609.05,609.065,105300.0
2025-01-31 18:15:00+00:00,609.0695,609.1896,607.6201,607.8,421820.0
2025-01-31 18:20:00+00:00,607.71,608.33,607.26,607.68,1303335.0
2025-01-31 18:25:00+00:00,607.66,607.67,606.69,606.8483,907123.0
2025-01-31 18:30:00+00:00,606.82,607.03,605.18,605.2263,1009072.0
2025-01-31 18:35:00+00:00,605.19,606.0,604.81,605.82,1549025.0
2025-01-31 18:40:00+00:00,605.79,606.65,605.38,605.97,1212656.0
2025-01-31 18:45:00+00:00,605.97,606.49,605.69,606.124,537488.0
2025-01-31 18:50:00+00:00,606.18,606.32,604.91,605.57,602408.0
2025-01-31 18:55:00+00:00,605.56,605.89,605.0918,605.385,645285.0
2025-01-31 19:00:00+00:00,605.39,605.9,604.6714,605.01,854357.0
2025-01-31 19:05:00+00:00,605.02,605.09,603.3,603.8,1285112.0
2025-01-31 19:10:00+00:00,603.82,605.22,603.77,604.84,819275.0
2025-01-31 19:15:00+00:00,604.83,605.3,603.91,604.19,710443.0
2025-01-31 19:20:00+00:00,604.23,604.59,603.66,604.51,469954.0
2025-01-31 19:25:00+00:00,604.47,604.6899,604.0796,604.53,457712.0
2025-01-31 19:30:00+00:00,604.52,605.13,604.47,605.05,592666.0
2025-01-31 19:35:00+00:00,605.07,605.11,603.6101,603.67,642237.0
2025-01-31 19:40:00+00:00,603.69,604.03,602.67,602.8382,726759.0
2025-01-31 19:45:00+00:00,602.75,603.0599,601.94,602.98,1335501.0
2025-01-31 19:50:00+00:00,602.9908,603.75,602.63,603.51,842815.0
2025-01-31 19:55:00+00:00,603.5083,604.04,603.38,603.63,668719.0
2025-01-31 20:00:00+00:00,603.6,603.6,601.64,601.68,952491.0
2025-01-31 20:05:00+00:00,601.7,602.31,601.5,601.59,905312.0
2025-01-31 20:10:00+00:00,601.59,602.32,601.45,601.79,1067006.0
2025-01-31 20:15:00+00:00,601.81,602.47,601.72,602.25,908038.0
2025-01-31 20:20:00+00:00,602.23,602.26,601.46,602.1394,1136506.0
2025-01-31 20:25:00+00:00,602.14,602.42,601.37,601.6689,1207645.0
2025-01-31 20:30:00+00:00,601.67,602.22,601.4,601.915,1136157.0
2025-01-31 20:35:00+00:00,601.9,602.16,601.07,601.32,1515193.0
2025-01-31 20:40:00+00:00,601.3099,601.87,601.05,601.23,1421023.0
2025-01-31 20:45:00+00:00,601.22,602.76,601.22,602.46,1300594.0
2025-01-31 20:50:00+00:00,602.46,603.27,601.57,601.99,2503073.0
2025-01-31 20:55:00+00:00,601.995,602.41,601.7,601.8,3995900.0
2025-01-31 21:00:00+00:00,601.78,603.8627,601.15,602.0,1404238.0
2025-01-31 21:05:00+00:00,602.0,602.6192,601.37,601.84,938450.0
2025-01-31 21:10:00+00:00,601.77,602.0097,601.1,601.69,8431395.0
2025-01-31 21:15:00+00:00,601.64,601.93,601.48,601.82,234094.0
2025-01-31 21:20:00+00:00,601.82,602.13,601.81,602.0,298093.0
2025-01-31 21:25:00+00:00,601.97,602.05,601.78,601.79,48070.0
2025-01-31 21:30:00+00:00,601.79,601.79,601.4,601.48,188086.0
2025-01-31 21:35:00+00:00,601.46,601.66,601.46,601.51,43742.0
2025-01-31 21:40:00+00:00,601.5201,601.66,601.47,601.66,24397.0
2025-01-31 21:45:00+00:00,601.58,601.85,601.57,601.8,18259.0
2025-01-31 21:50:00+00:00,601.79,602.01,601.52,601.5985,26812.0
2025-01-31 21:55:00+00:00,601.5999,601.9,601.51,601.83,24763.0
2025-01-31 22:00:00+00:00,601.87,601.87,601.65,601.71,7866.0
2025-01-31 22:05:00+00:00,601.8615,601.9575,601.8615,601.9,8755.0
2025-01-31 22:10:00+00:00,601.9,601.95,601.76,601.7899,10619.0
2025-01-31 22:15:00+00:00,601.79,601.93,601.76,601.76,11136.0
2025-01-31 22:20:00+00:00,601.81,601.88,601.75,601.88,5866.0
2025-01-31 22:25:00+00:00,601.73,601.78,601.67,601.7,1560.0
2025-01-31 22:30:00+00:00,601.71,601.76,601.66,601.7,6219.0
2025-01-31 22:35:00+00:00,601.55,601.6,601.55,601.5899,2589.0
2025-01-31 22:40:00+00:00,601.59,601.59,601.39,601.39,15376.0
2025-01-31 22:45:00+00:00,601.39,601.49,601.32,601.49,6749.0
2025-01-31 22:50:00+00:00,601.39,601.5799,601.39,601.5,7171.0
2025-01-31 22:55:00+00:00,601.54,601.54,601.5,601.5,2669.0
2025-01-31 23:00:00+00:00,601.49,601.49,601.42,601.42,4352.0
2025-01-31 23:05:00+00:00,601.4,601.41,601.4,601.4,7236.0
2025-01-31 23:10:00+00:00,601.28,601.5,601.28,601.3,3014.0
2025-01-31 23:15:00+00:00,601.29,601.29,601.2,601.2,1736.0
2025-01-31 23:20:00+00:00,601.15,601.2,601.0,601.1,4369.0
2025-01-31 23:25:00+00:00,601.1,601.1,601.01,601.05,3098.0
2025-01-31 23:30:00+00:00,601.06,601.06,601.0,601.0,6271.0
2025-01-31 23:35:00+00:00,601.09,601.09,600.95,600.95,1168.0
2025-01-31 23:40:00+00:00,600.95,600.95,600.9,600.9,1934.0
2025-01-31 23:45:00+00:00,600.8999,600.9,600.8805,600.8999,1555.0
2025-01-31 23:50:00+00:00,600.8004,600.85,600.6609,600.82,3283.0
2025-01-31 23:55:00+00:00,600.76,600.8,600.6638,600.6638,4773.0
2025-02-01 00:00:00+00:00,600.67,600.67,600.602,600.602,1557.0
2025-02-01 00:05:00+00:00,600.68,600.68,600.55,600.55,2398.0
2025-02-01 00:10:00+00:00,600.63,600.63,600.6,600.6,1257.0
2025-02-01 00:15:00+00:00,600.6,600.61,600.59,600.6,1836.0
2025-02-01 00:20:00+00:00,600.51,600.52,600.51,600.52,3052.0
2025-02-01 00:25:00+00:00,600.5,600.5,600.4,600.4,5026.0
2025-02-01 00:30:00+00:00,600.21,600.21,600.21,600.21,803.0
2025-02-01 00:35:00+00:00,600.26,600.3,600.2,600.2,4675.0
2025-02-01 00:40:00+00:00,600.2,600.2,600.06,600.15,7283.0
2025-02-01 00:45:00+00:00,600.1,600.14,599.97,599.97,11731.0
2025-02-01 00:50:00+00:00,599.91,599.96,599.25,599.25,10631.0
2025-02-01 00:55:00+00:00,599.25,599.25,598.81,598.98,18961.0
