Datetime,Open,High,Low,Close,Volume
2025-10-01 08:00:00+00:00,661.23,661.3,660.93,661.24,27946.0
2025-10-01 08:05:00+00:00,661.22,661.26,661.08,661.1,11011.0
2025-10-01 08:10:00+00:00,661.04,661.18,660.99,661.18,10758.0
2025-10-01 08:15:00+00:00,661.16,661.23,661.16,661.23,4738.0
2025-10-01 08:20:00+00:00,661.01,661.14,661.0,661.06,5551.0
2025-10-01 08:25:00+00:00,661.2,661.32,661.08,661.22,7784.0
2025-10-01 08:30:00+00:00,661.29,662.01,661.29,661.97,14411.0
2025-10-01 08:35:00+00:00,662.01,662.07,661.85,661.98,10013.0
2025-10-01 08:40:00+00:00,661.93,662.32,661.93,662.31,14662.0
2025-10-01 08:45:00+00:00,662.23,662.23,662.14,662.18,2400.0
2025-10-01 08:50:00+00:00,662.23,662.34,662.2,662.22,8570.0
2025-10-01 08:55:00+00:00,662.17,662.17,662.03,662.1,4086.0
2025-10-01 09:00:00+00:00,662.16,662.19,662.04,662.06,5182.0
2025-10-01 09:05:00+00:00,662.13,662.59,662.12,662.5,8473.0
2025-10-01 09:10:00+00:00,662.45,663.0,662.42,662.5,12852.0
2025-10-01 09:15:00+00:00,662.54,662.55,662.45,662.47,4183.0
2025-10-01 09:20:00+00:00,662.53,662.67,662.51,662.67,16497.0
2025-10-01 09:25:00+00:00,662.66,663.03,662.66,662.93,21506.0
2025-10-01 09:30:00+00:00,662.99,663.0,662.67,662.69,22883.0
2025-10-01 09:35:00+00:00,662.77,662.85,662.66,662.75,18944.0
2025-10-01 09:40:00+00:00,662.73,662.75,662.61,662.61,1983.0
2025-10-01 09:45:00+00:00,662.72,662.87,662.72,662.87,2225.0
2025-10-01 09:50:00+00:00,662.79,662.8,662.79,662.8,1049.0
2025-10-01 09:55:00+00:00,662.7,662.72,662.67,662.72,1833.0
2025-10-01 10:00:00+00:00,662.76,662.81,662.76,662.8,1544.0
2025-10-01 10:05:00+00:00,662.85,663.0,662.84,663.0,2182.0
2025-10-01 10:10:00+00:00,663.07,663.07,662.9,662.93,8684.0
2025-10-01 10:15:00+00:00,662.91,662.91,662.82,662.89,2509.0
2025-10-01 10:20:00+00:00,662.87,662.91,662.77,662.77,2935.0
2025-10-01 10:25:00+00:00,662.9,662.91,662.6,662.6,3856.0
2025-10-01 10:30:00+00:00,662.51,662.51,662.41,662.51,2196.0
2025-10-01 10:35:00+00:00,662.78,662.78,662.54,662.54,2274.0
2025-10-01 10:40:00+00:00,662.54,662.56,662.31,662.33,8018.0
2025-10-01 10:45:00+00:00,662.38,662.53,662.38,662.5,5321.0
2025-10-01 10:50:00+00:00,662.55,662.56,662.55,662.56,1432.0
2025-10-01 10:55:00+00:00,662.52,662.52,662.43,662.5,6286.0
2025-10-01 11:00:00+00:00,662.47,662.75,662.47,662.75,4138.0
2025-10-01 11:05:00+00:00,662.66,663.14,662.66,663.0,8699.0
2025-10-01 11:10:00+00:00,662.8,663.05,662.77,663.05,12098.0
2025-10-01 11:15:00+00:00,663.06,663.15,663.03,663.15,21871.0
2025-10-01 11:20:00+00:00,663.08,663.25,663.08,663.14,5925.0
2025-10-01 11:25:00+00:00,663.21,663.3,663.2,663.27,14415.0
2025-10-01 11:30:00+00:00,663.37,663.51,663.3,663.51,8513.0
2025-10-01 11:35:00+00:00,663.5,663.6,663.32,663.32,7954.0
2025-10-01 11:40:00+00:00,663.37,663.51,663.37,663.51,20975.0
2025-10-01 11:45:00+00:00,663.43,663.7,663.43,663.7,24655.0
2025-10-01 11:50:00+00:00,663.74,663.88,663.54,663.79,30367.0
2025-10-01 11:55:00+00:00,663.8,663.95,663.771,663.91,18965.0
2025-10-01 12:00:00+00:00,662.74,664.0,660.51,663.75,135425.0
2025-10-01 12:05:00+00:00,663.74,666.18,663.47,663.4986,28249.0
2025-10-01 12:10:00+00:00,663.62,663.67,663.53,663.55,12040.0
2025-10-01 12:15:00+00:00,663.62,663.6389,662.66,663.05,339847.0
2025-10-01 12:20:00+00:00,663.07,663.95,663.07,663.45,148352.0
2025-10-01 12:25:00+00:00,663.51,663.73,663.32,663.47,30191.0
2025-10-01 12:30:00+00:00,663.52,663.55,663.27,663.45,38272.0
2025-10-01 12:35:00+00:00,663.45,663.8,663.27,663.8,26897.0
2025-10-01 12:40:00+00:00,663.79,663.93,663.58,663.58,35480.0
2025-10-01 12:45:00+00:00,663.61,663.91,663.57,663.89,17948.0
2025-10-01 12:50:00+00:00,663.77,663.81,663.36,663.42,20195.0
2025-10-01 12:55:00+00:00,663.38,663.57,663.3,663.5494,47049.0
2025-10-01 13:00:00+00:00,663.55,663.84,663.51,663.67,22771.0
2025-10-01 13:05:00+00:00,663.65,663.78,663.46,663.585,30098.0
2025-10-01 13:10:00+00:00,663.53,663.58,663.45,663.54,58032.0
2025-10-01 13:15:00+00:00,663.54,663.65,663.48,663.56,9681.0
2025-10-01 13:20:00+00:00,663.55,663.62,663.47,663.47,30710.0
2025-10-01 13:25:00+00:00,663.47,663.54,663.03,663.17,60333.0
2025-10-01 13:30:00+00:00,663.17,664.79,663.125,664.51,2762263.0
2025-10-01 13:35:00+00:00,664.51,665.155,664.21,665.13,1674799.0
2025-10-01 13:40:00+00:00,665.14,665.39,664.77,665.26,1656068.0
2025-10-01 13:45:00+00:00,665.25,665.3,663.26,663.28,1798421.0
2025-10-01 13:50:00+00:00,663.27,663.95,663.06,663.88,1566205.0
2025-10-01 13:55:00+00:00,663.87,664.47,663.55,663.735,1538421.0
2025-10-01 14:00:00+00:00,663.74,664.5699,663.41,664.52,1110299.0
2025-10-01 14:05:00+00:00,664.52,664.59,664.08,664.34,931998.0
2025-10-01 14:10:00+00:00,664.35,664.73,664.32,664.645,707461.0
2025-10-01 14:15:00+00:00,664.655,665.21,664.61,665.16,853749.0
2025-10-01 14:20:00+00:00,665.16,665.59,665.12,665.3,1140375.0
2025-10-01 14:25:00+00:00,665.3,665.71,665.3,665.53,837178.0
2025-10-01 14:30:00+00:00,665.53,665.74,665.325,665.7299,872513.0
2025-10-01 14:35:00+00:00,665.7299,666.06,665.645,665.68,844954.0
2025-10-01 14:40:00+00:00,665.68,665.71,665.26,665.475,961014.0
2025-10-01 14:45:00+00:00,665.475,665.66,665.29,665.38,928592.0
2025-10-01 14:50:00+00:00,665.37,665.76,665.36,665.67,518725.0
2025-10-01 14:55:00+00:00,665.68,665.84,665.635,665.805,571899.0
2025-10-01 15:00:00+00:00,665.805,666.27,665.76,665.94,834678.0
2025-10-01 15:05:00+00:00,665.93,666.26,665.75,666.1201,623442.0
2025-10-01 15:10:00+00:00,666.12,666.17,665.77,666.1,733239.0
2025-10-01 15:15:00+00:00,666.115,666.15,665.8,665.84,573439.0
2025-10-01 15:20:00+00:00,665.84,666.2,665.7809,666.165,618525.0
2025-10-01 15:25:00+00:00,666.16,666.44,666.04,666.31,565704.0
2025-10-01 15:30:00+00:00,666.31,666.72,666.31,666.58,751908.0
2025-10-01 15:35:00+00:00,666.58,666.98,666.47,666.87,912412.0
2025-10-01 15:40:00+00:00,666.87,667.01,666.75,666.94,611128.0
2025-10-01 15:45:00+00:00,666.95,667.18,666.89,667.02,696861.0
2025-10-01 15:50:00+00:00,667.01,667.12,666.98,667.03,663832.0
2025-10-01 15:55:00+00:00,667.03,667.12,666.97,666.975,591877.0
2025-10-01 16:00:00+00:00,666.99,667.16,666.81,666.8397,610872.0
2025-10-01 16:05:00+00:00,666.84,667.07,666.82,667.0401,445634.0
2025-10-01 16:10:00+00:00,667.045,667.16,666.965,666.98,459490.0
2025-10-01 16:15:00+00:00,666.99,667.13,666.79,666.8,523872.0
2025-10-01 16:20:00+00:00,666.8,666.84,666.61,666.71,600621.0
2025-10-01 16:25:00+00:00,666.72,666.98,666.685,666.9,389559.0
2025-10-01 16:30:00+00:00,666.9,667.03,666.86,667.02,368042.0
2025-10-01 16:35:00+00:00,667.02,667.035,666.82,666.87,412415.0
2025-10-01 16:40:00+00:00,666.87,666.93,666.6101,666.63,474913.0
2025-10-01 16:45:00+00:00,666.6345,666.85,666.5401,666.7,500625.0
2025-10-01 16:50:00+00:00,666.7,666.795,666.53,666.55,343663.0
2025-10-01 16:55:00+00:00,666.56,666.955,666.43,666.91,520702.0
2025-10-01 17:00:00+00:00,666.92,667.295,666.82,667.27,478547.0
2025-10-01 17:05:00+00:00,667.2681,667.52,667.2681,667.29,780485.0
2025-10-01 17:10:00+00:00,667.295,667.5,667.1719,667.37,558787.0
2025-10-01 17:15:00+00:00,667.37,667.875,667.36,667.6951,776410.0
2025-10-01 17:20:00+00:00,667.7,667.83,667.625,667.83,428755.0
2025-10-01 17:25:00+00:00,667.83,668.09,667.785,667.97,613918.0
2025-10-01 17:30:00+00:00,667.98,668.035,667.725,667.8986,538253.0
2025-10-01 17:35:00+00:00,667.9,667.925,667.78,667.83,343927.0
2025-10-01 17:40:00+00:00,667.83,667.92,667.61,667.81,596017.0
2025-10-01 17:45:00+00:00,667.8,667.87,667.605,667.81,321067.0
2025-10-01 17:50:00+00:00,667.805,667.925,667.76,667.83,424104.0
2025-10-01 17:55:00+00:00,667.8301,667.98,667.79,667.955,370991.0
2025-10-01 18:00:00+00:00,667.95,668.42,667.89,668.225,923823.0
2025-10-01 18:05:00+00:00,668.23,668.5,668.22,668.48,541871.0
2025-10-01 18:10:00+00:00,668.48,668.7,668.33,668.6,525856.0
2025-10-01 18:15:00+00:00,668.6,668.8,668.58,668.7912,659795.0
2025-10-01 18:20:00+00:00,668.79,668.845,668.52,668.74,548957.0
2025-10-01 18:25:00+00:00,668.74,668.935,668.7,668.77,474105.0
2025-10-01 18:30:00+00:00,668.775,668.94,668.73,668.93,494583.0
2025-10-01 18:35:00+00:00,668.94,669.0892,668.85,669.015,374552.0
2025-10-01 18:40:00+00:00,669.01,669.24,668.96,669.15,566749.0
2025-10-01 18:45:00+00:00,669.15,669.33,669.1,669.29,476165.0
2025-10-01 18:50:00+00:00,669.28,669.35,669.135,669.1501,507597.0
2025-10-01 18:55:00+00:00,669.1491,669.2001,669.0113,669.13,510932.0
2025-10-01 19:00:00+00:00,669.13,669.35,669.1,669.34,507685.0
2025-10-01 19:05:00+00:00,669.34,669.37,669.13,669.16,526211.0
2025-10-01 19:10:00+00:00,669.165,669.205,668.88,669.1,652735.0
2025-10-01 19:15:00+00:00,669.105,669.155,668.855,668.8799,603947.0
2025-10-01 19:20:00+00:00,668.88,668.96,668.75,668.79,948422.0
2025-10-01 19:25:00+00:00,668.79,669.15,668.725,669.125,664766.0
2025-10-01 19:30:00+00:00,669.12,669.26,668.96,669.22,689442.0
2025-10-01 19:35:00+00:00,669.23,669.23,668.99,669.03,1056999.0
2025-10-01 19:40:00+00:00,669.03,669.21,668.77,668.79,1027076.0
2025-10-01 19:45:00+00:00,668.79,669.13,668.7,669.025,1522622.0
2025-10-01 19:50:00+00:00,669.04,669.18,668.7,668.71,1705451.0
2025-10-01 19:55:00+00:00,668.72,668.97,668.48,668.51,4327767.0
2025-10-01 20:00:00+00:00,668.51,668.56,666.8186,668.25,2020474.0
2025-10-01 20:05:00+00:00,668.23,668.3,668.04,668.1,674910.0
2025-10-01 20:10:00+00:00,668.05,668.5,667.99,668.02,2537864.0
2025-10-01 20:15:00+00:00,668.01,668.15,668.0,668.06,64734.0
2025-10-01 20:20:00+00:00,668.08,668.25,667.98,668.07,114090.0
2025-10-01 20:25:00+00:00,668.08,668.1,667.9902,668.06,29434.0
2025-10-01 20:30:00+00:00,668.0,668.2001,668.0,668.19,9028.0
2025-10-01 20:35:00+00:00,668.2,668.29,668.2,668.26,30890.0
2025-10-01 20:40:00+00:00,668.27,668.27,668.08,668.14,21283.0
2025-10-01 20:45:00+00:00,668.13,668.15,668.09,668.14,5005.0
2025-10-01 20:50:00+00:00,668.14,668.14,668.07,668.1,3797.0
2025-10-01 20:55:00+00:00,668.14,668.18,668.12,668.14,13642.0
2025-10-01 21:00:00+00:00,668.17,668.17,668.17,668.17,610517.0
2025-10-01 21:05:00+00:00,668.11,668.11,668.1,668.1,980.0
2025-10-01 21:10:00+00:00,668.11,668.14,668.1,668.1,2063.0
2025-10-01 21:15:00+00:00,668.13,668.13,668.13,668.13,528.0
2025-10-01 21:20:00+00:00,668.15,668.15,668.1001,668.15,957.0
2025-10-01 21:25:00+00:00,668.17,668.24,668.0,668.15,32458.0
2025-10-01 21:30:00+00:00,668.1,668.1,667.99,667.99,31021.0
2025-10-01 21:35:00+00:00,668.0,668.0,667.9901,668.0,9750.0
2025-10-01 21:40:00+00:00,668.0,668.0,668.0,668.0,3981.0
2025-10-01 21:45:00+00:00,667.99,668.01,667.97,667.99,2176.0
2025-10-01 21:50:00+00:00,668.02,668.09,667.96,668.0,6303.0
2025-10-01 21:55:00+00:00,668.0,668.08,667.98,668.0,8869.0
2025-10-01 22:00:00+00:00,668.07,668.4,668.07,668.34,64950.0
2025-10-01 22:05:00+00:00,668.34,668.43,668.28,668.43,8802.0
2025-10-01 22:10:00+00:00,668.39,668.45,668.39,668.4,2500.0
2025-10-01 22:15:00+00:00,668.44,668.44,668.33,668.36,6760.0
2025-10-01 22:20:00+00:00,668.34,668.47,668.31,668.4,3958.0
2025-10-01 22:25:00+00:00,668.41,668.41,668.41,668.41,724.0
2025-10-01 22:30:00+00:00,668.48,668.48,668.45,668.45,3246.0
2025-10-01 22:35:00+00:00,668.42,668.42,668.39,668.39,1163.0
2025-10-01 22:40:00+00:00,668.34,668.3801,668.34,668.3801,2945.0
2025-10-01 22:45:00+00:00,668.42,668.45,668.42,668.45,791.0
2025-10-01 22:50:00+00:00,668.4,668.4,668.27,668.27,2240.0
2025-10-01 22:55:00+00:00,668.27,668.27,668.24,668.25,7107.0
2025-10-01 23:00:00+00:00,668.25,668.32,668.23,668.26,1515.0
2025-10-01 23:05:00+00:00,668.27,668.27,668.23,668.25,1384.0
2025-10-01 23:10:00+00:00,668.2,668.27,668.18,668.27,5573.0
2025-10-01 23:15:00+00:00,668.39,668.55,668.35,668.48,4391.0
2025-10-01 23:20:00+00:00,668.46,668.49,668.44,668.49,11078.0
2025-10-01 23:25:00+00:00,668.54,668.54,668.47,668.48,9374.0
2025-10-01 23:30:00+00:00,668.47,668.47,668.21,668.21,1845.0
2025-10-01 23:35:00+00:00,668.06,668.16,668.01,668.16,3775.0
2025-10-01 23:40:00+00:00,668.25,668.32,668.25,668.32,2686.0
2025-10-01 23:45:00+00:00,668.35,668.37,668.35,668.37,1012.0
2025-10-01 23:50:00+00:00,668.27,668.32,668.22,668.25,2328.0
2025-10-01 23:55:00+00:00,668.31,668.4999,668.2915,668.2915,13214.0
2025-10-02 08:00:00+00:00,669.26,669.65,669.24,669.62,5862.0
2025-10-02 08:05:00+00:00,669.75,669.89,669.61,669.8,10784.0
2025-10-02 08:10:00+00:00,669.78,669.8,669.69,669.69,6752.0
2025-10-02 08:15:00+00:00,669.76,669.8,669.71,669.8,2953.0
2025-10-02 08:20:00+00:00,669.84,670.0,669.84,669.91,9589.0
2025-10-02 08:25:00+00:00,669.89,669.89,669.8,669.8,4927.0
2025-10-02 08:30:00+00:00,669.78,669.9,669.78,669.82,8884.0
2025-10-02 08:35:00+00:00,669.74,669.77,669.72,669.76,3263.0
2025-10-02 08:40:00+00:00,669.76,669.85,669.69,669.76,12855.0
2025-10-02 08:45:00+00:00,669.76,669.76,669.76,669.76,263.0
2025-10-02 08:50:00+00:00,669.72,669.85,669.72,669.84,1676.0
2025-10-02 08:55:00+00:00,669.8,669.92,669.8,669.92,4045.0
2025-10-02 09:00:00+00:00,669.89,669.92,669.65,669.67,5861.0
2025-10-02 09:05:00+00:00,669.68,669.79,669.68,669.71,2041.0
2025-10-02 09:10:00+00:00,669.89,669.89,669.81,669.82,1554.0
2025-10-02 09:15:00+00:00,669.84,669.96,669.84,669.91,2182.0
2025-10-02 09:20:00+00:00,669.85,669.88,669.83,669.83,744.0
2025-10-02 09:25:00+00:00,669.73,669.73,669.61,669.61,1493.0
2025-10-02 09:30:00+00:00,669.51,669.51,669.34,669.4,3832.0
2025-10-02 09:35:00+00:00,669.4,669.4,669.16,669.16,2976.0
2025-10-02 09:40:00+00:00,669.21,669.33,669.16,669.33,1040.0
2025-10-02 09:45:00+00:00,669.33,669.48,669.33,669.47,4419.0
2025-10-02 09:50:00+00:00,669.47,669.56,669.47,669.53,2944.0
2025-10-02 09:55:00+00:00,669.65,669.65,669.59,669.59,1855.0
2025-10-02 10:00:00+00:00,669.66,670.03,669.66,669.75,8704.0
2025-10-02 10:05:00+00:00,669.72,669.83,669.72,669.83,2079.0
2025-10-02 10:10:00+00:00,669.77,669.86,669.77,669.86,1467.0
2025-10-02 10:15:00+00:00,669.76,669.79,669.72,669.77,1939.0
2025-10-02 10:20:00+00:00,669.78,669.85,669.73,669.79,1633.0
2025-10-02 10:25:00+00:00,669.85,669.85,669.77,669.77,1684.0
2025-10-02 10:30:00+00:00,669.78,669.84,669.78,669.84,1453.0
2025-10-02 10:35:00+00:00,669.79,669.95,669.79,669.91,1530.0
2025-10-02 10:40:00+00:00,669.91,669.91,669.88,669.88,519.0
2025-10-02 10:45:00+00:00,669.72,669.73,669.71,669.71,787.0
2025-10-02 10:50:00+00:00,669.73,669.73,669.73,669.73,100.0
2025-10-02 11:00:00+00:00,669.73,669.85,669.72,669.84,7134.0
2025-10-02 11:05:00+00:00,669.84,669.95,669.84,669.92,15987.0
2025-10-02 11:10:00+00:00,670.0,670.1,669.94,670.07,46630.0
2025-10-02 11:15:00+00:00,670.0,670.0,669.95,669.98,10040.0
2025-10-02 11:20:00+00:00,669.96,670.16,669.93,670.11,9784.0
2025-10-02 11:25:00+00:00,670.04,670.15,670.03,670.11,3958.0
2025-10-02 11:30:00+00:00,670.06,670.1,670.04,670.04,11102.0
2025-10-02 11:35:00+00:00,670.1,670.1,669.98,669.99,6762.0
2025-10-02 11:40:00+00:00,670.02,670.13,670.02,670.11,3901.0
2025-10-02 11:45:00+00:00,670.06,670.3,670.06,670.27,15334.0
2025-10-02 11:50:00+00:00,670.05,670.29,670.01,670.22,8634.0
2025-10-02 11:55:00+00:00,670.35,670.35,670.27,670.32,16080.0
2025-10-02 12:00:00+00:00,669.93,670.34,668.97,670.2501,86080.0
2025-10-02 12:05:00+00:00,670.259,670.35,670.2,670.35,15279.0
2025-10-02 12:10:00+00:00,670.33,670.47,670.32,670.47,13037.0
2025-10-02 12:15:00+00:00,670.4,670.6,670.4,670.6,11839.0
2025-10-02 12:20:00+00:00,670.59,670.62,670.55,670.57,14704.0
2025-10-02 12:25:00+00:00,670.5893,670.5893,670.16,670.41,43727.0
2025-10-02 12:30:00+00:00,670.431,670.57,670.35,670.43,28450.0
2025-10-02 12:35:00+00:00,670.45,670.5929,670.38,670.57,15023.0
2025-10-02 12:40:00+00:00,670.57,670.6,670.26,670.2999,45421.0
2025-10-02 12:45:00+00:00,670.28,670.41,670.25,670.3,17239.0
2025-10-02 12:50:00+00:00,670.33,670.5,670.29,670.4482,14516.0
2025-10-02 12:55:00+00:00,670.5,670.51,670.41,670.46,9472.0
2025-10-02 13:00:00+00:00,670.47,670.74,670.46,670.6,47321.0
2025-10-02 13:05:00+00:00,670.64,670.7296,670.54,670.5603,44772.0
2025-10-02 13:10:00+00:00,670.56,670.61,670.46,670.51,13806.0
2025-10-02 13:15:00+00:00,670.57,670.73,670.57,670.71,21476.0
2025-10-02 13:20:00+00:00,670.67,670.74,670.58,670.58,31626.0
2025-10-02 13:25:00+00:00,670.57,670.65,670.35,670.47,102386.0
2025-10-02 13:30:00+00:00,670.45,670.565,669.84,670.225,2009233.0
2025-10-02 13:35:00+00:00,670.22,670.47,669.75,669.815,1301272.0
2025-10-02 13:40:00+00:00,669.815,669.8225,668.885,669.045,1387953.0
2025-10-02 13:45:00+00:00,669.04,669.62,668.89,669.1,1515704.0
2025-10-02 13:50:00+00:00,669.1,669.6385,668.75,669.51,1304617.0
2025-10-02 13:55:00+00:00,669.5,669.54,668.83,669.42,805997.0
2025-10-02 14:00:00+00:00,669.41,669.41,668.97,669.375,856937.0
2025-10-02 14:05:00+00:00,669.39,669.5299,668.93,668.94,573479.0
2025-10-02 14:10:00+00:00,668.96,669.0,668.46,668.63,746054.0
2025-10-02 14:15:00+00:00,668.61,668.87,668.48,668.51,864084.0
2025-10-02 14:20:00+00:00,668.5,668.685,668.29,668.56,835039.0
2025-10-02 14:25:00+00:00,668.56,668.99,668.465,668.7113,736302.0
2025-10-02 14:30:00+00:00,668.72,669.02,668.255,668.42,661108.0
2025-10-02 14:35:00+00:00,668.425,668.9151,668.39,668.885,600478.0
2025-10-02 14:40:00+00:00,668.875,668.88,668.2,668.335,648546.0
2025-10-02 14:45:00+00:00,668.34,668.42,667.71,668.075,843227.0
2025-10-02 14:50:00+00:00,668.07,668.07,667.61,667.635,596086.0
2025-10-02 14:55:00+00:00,667.63,667.89,667.54,667.565,713882.0
2025-10-02 15:00:00+00:00,667.57,667.71,667.02,667.0599,870364.0
2025-10-02 15:05:00+00:00,667.06,667.89,667.06,667.81,963535.0
2025-10-02 15:10:00+00:00,667.77,668.12,667.27,667.415,609006.0
2025-10-02 15:15:00+00:00,667.41,667.46,667.18,667.38,377948.0
2025-10-02 15:20:00+00:00,667.37,667.86,667.23,667.77,467030.0
2025-10-02 15:25:00+00:00,667.74,667.925,667.57,667.67,439455.0
2025-10-02 15:30:00+00:00,667.6488,667.7,667.26,667.32,438944.0
2025-10-02 15:35:00+00:00,667.32,667.42,666.78,667.2999,706709.0
2025-10-02 15:40:00+00:00,667.31,667.68,667.27,667.35,495120.0
2025-10-02 15:45:00+00:00,667.34,667.54,667.18,667.3801,294859.0
2025-10-02 15:50:00+00:00,667.375,668.08,667.35,668.075,396954.0
2025-10-02 15:55:00+00:00,668.05,668.42,668.05,668.35,467151.0
2025-10-02 16:00:00+00:00,668.35,668.35,668.03,668.1,464951.0
2025-10-02 16:05:00+00:00,668.1,668.115,667.61,667.935,336591.0
2025-10-02 16:10:00+00:00,667.93,668.075,667.72,668.04,327920.0
2025-10-02 16:15:00+00:00,668.02,668.2582,667.97,668.1893,301970.0
2025-10-02 16:20:00+00:00,668.18,668.18,667.85,667.9795,370412.0
2025-10-02 16:25:00+00:00,667.979,668.23,667.85,668.1389,320107.0
2025-10-02 16:30:00+00:00,668.13,668.25,667.98,668.21,257080.0
2025-10-02 16:35:00+00:00,668.215,668.3,667.93,668.055,305061.0
2025-10-02 16:40:00+00:00,668.055,668.06,667.55,667.93,286369.0
2025-10-02 16:45:00+00:00,667.92,668.18,667.88,668.06,465355.0
2025-10-02 16:50:00+00:00,668.065,668.59,668.065,668.535,363298.0
2025-10-02 16:55:00+00:00,668.54,668.54,668.26,668.42,331327.0
2025-10-02 17:00:00+00:00,668.415,668.42,667.94,668.06,353554.0
2025-10-02 17:05:00+00:00,668.05,668.38,668.04,668.22,818354.0
2025-10-02 17:10:00+00:00,668.22,668.47,668.15,668.45,269283.0
2025-10-02 17:15:00+00:00,668.45,668.53,668.26,668.31,341340.0
2025-10-02 17:20:00+00:00,668.31,668.61,668.24,668.5586,311205.0
2025-10-02 17:25:00+00:00,668.56,668.71,668.44,668.5099,509292.0
2025-10-02 17:30:00+00:00,668.51,668.655,668.3319,668.57,351171.0
2025-10-02 17:35:00+00:00,668.57,668.675,668.44,668.66,236670.0
2025-10-02 17:40:00+00:00,668.67,669.08,668.67,668.85,570209.0
2025-10-02 17:45:00+00:00,668.86,669.005,668.645,668.7544,648395.0
2025-10-02 17:50:00+00:00,668.7523,668.96,668.73,668.87,349762.0
2025-10-02 17:55:00+00:00,668.875,668.9601,668.74,668.895,492715.0
2025-10-02 18:00:00+00:00,668.89,669.04,668.85,669.0,306199.0
2025-10-02 18:05:00+00:00,669.0,669.18,668.995,669.14,426776.0
2025-10-02 18:10:00+00:00,669.14,669.52,669.11,669.42,632125.0
2025-10-02 18:15:00+00:00,669.42,669.52,669.33,669.485,338238.0
2025-10-02 18:20:00+00:00,669.48,669.635,669.48,669.61,499453.0
2025-10-02 18:25:00+00:00,669.6,669.67,669.41,669.58,390415.0
2025-10-02 18:30:00+00:00,669.58,669.73,669.45,669.595,456992.0
2025-10-02 18:35:00+00:00,669.59,669.66,669.47,669.66,310612.0
2025-10-02 18:40:00+00:00,669.6574,669.66,669.38,669.515,372545.0
2025-10-02 18:45:00+00:00,669.52,669.56,669.31,669.43,299444.0
2025-10-02 18:50:00+00:00,669.41,669.54,669.2202,669.5,431694.0
2025-10-02 18:55:00+00:00,669.51,669.59,669.36,669.39,426979.0
2025-10-02 19:00:00+00:00,669.38,669.58,669.36,669.56,314637.0
2025-10-02 19:05:00+00:00,669.56,669.63,669.41,669.51,397702.0
2025-10-02 19:10:00+00:00,669.51,669.545,669.38,669.4432,276629.0
2025-10-02 19:15:00+00:00,669.44,669.45,669.22,669.39,666312.0
2025-10-02 19:20:00+00:00,669.4,669.49,669.34,669.49,609970.0
2025-10-02 19:25:00+00:00,669.495,669.61,669.44,669.475,759271.0
2025-10-02 19:30:00+00:00,669.48,669.49,669.285,669.35,648876.0
2025-10-02 19:35:00+00:00,669.34,669.365,668.99,669.22,812439.0
2025-10-02 19:40:00+00:00,669.22,669.25,668.955,669.2,860015.0
2025-10-02 19:45:00+00:00,669.21,669.34,669.085,669.34,756079.0
2025-10-02 19:50:00+00:00,669.34,669.42,668.94,669.0,1406167.0
2025-10-02 19:55:00+00:00,669.01,669.32,668.82,669.17,5552593.0
2025-10-02 20:00:00+00:00,669.15,669.4,669.15,669.24,642534.0
2025-10-02 20:05:00+00:00,669.24,669.4,669.24,669.32,103787.0
2025-10-02 20:10:00+00:00,669.32,669.32,669.18,669.22,1657243.0
2025-10-02 20:15:00+00:00,669.19,669.23,669.09,669.16,312578.0
2025-10-02 20:20:00+00:00,669.18,669.22,668.95,669.11,114872.0
2025-10-02 20:25:00+00:00,669.12,669.12,669.05,669.06,34518.0
2025-10-02 20:30:00+00:00,669.07,669.12,669.0,669.0,40912.0
2025-10-02 20:35:00+00:00,668.99,669.12,668.92,668.95,127917.0
2025-10-02 20:40:00+00:00,668.95,668.95,668.9,668.95,28510.0
2025-10-02 20:45:00+00:00,668.95,669.0,668.93,668.97,17265.0
2025-10-02 20:50:00+00:00,668.96,669.05,668.96,669.05,6261.0
2025-10-02 20:55:00+00:00,669.0309,669.09,669.03,669.04,2629.0
2025-10-02 21:00:00+00:00,669.04,669.08,669.04,669.05,1846.0
2025-10-02 21:05:00+00:00,669.04,669.04,669.01,669.04,1842.0
2025-10-02 21:10:00+00:00,669.0799,669.0799,669.02,669.02,1939.0
2025-10-02 21:15:00+00:00,669.02,669.02,669.0,669.0,2033.0
2025-10-02 21:20:00+00:00,669.0,669.0,668.97,668.97,1725.0
2025-10-02 21:25:00+00:00,668.97,669.0,668.97,669.0,6312.0
2025-10-02 21:30:00+00:00,669.02,669.22,669.01,669.01,16157.0
2025-10-02 21:35:00+00:00,669.11,669.11,669.11,669.11,392.0
2025-10-02 21:40:00+00:00,669.1375,669.1375,669.1375,669.1375,497.0
2025-10-02 21:45:00+00:00,669.08,669.08,669.03,669.04,1028.0
2025-10-02 21:50:00+00:00,669.14,669.14,669.1,669.14,5415.0
2025-10-02 21:55:00+00:00,669.06,669.06,669.03,669.0409,1058.0
2025-10-02 22:00:00+00:00,669.05,669.14,668.94,669.1,12461.0
2025-10-02 22:05:00+00:00,669.1,669.1,669.0,669.0,8491.0
2025-10-02 22:10:00+00:00,669.11,669.11,669.07,669.08,3972.0
2025-10-02 22:20:00+00:00,668.99,669.01,668.99,669.01,430.0
2025-10-02 22:25:00+00:00,668.92,668.92,668.85,668.85,1356.0
2025-10-02 22:30:00+00:00,668.77,668.77,668.5,668.58,5366.0
2025-10-02 22:35:00+00:00,668.56,668.7199,668.5,668.68,5327.0
2025-10-02 22:40:00+00:00,668.76,668.92,668.74,668.91,3323.0
2025-10-02 22:45:00+00:00,668.87,668.87,668.87,668.87,316.0
2025-10-02 22:50:00+00:00,669.02,669.07,669.02,669.07,3058.0
2025-10-02 22:55:00+00:00,669.07,669.07,669.07,669.07,260.0
2025-10-02 23:00:00+00:00,669.06,669.06,669.03,669.03,944.0
2025-10-02 23:05:00+00:00,668.95,669.07,668.95,669.07,1601.0
2025-10-02 23:10:00+00:00,669.2,669.25,669.1597,669.24,6771.0
2025-10-02 23:15:00+00:00,669.3,669.3,669.25,669.25,1636.0
2025-10-02 23:20:00+00:00,669.23,669.25,669.23,669.25,1001.0
2025-10-02 23:25:00+00:00,669.25,669.31,669.23,669.31,1416.0
2025-10-02 23:30:00+00:00,669.28,669.33,669.26,669.31,4756.0
2025-10-02 23:35:00+00:00,669.33,669.35,669.33,669.35,2984.0
2025-10-02 23:40:00+00:00,669.38,669.39,669.38,669.39,7511.0
2025-10-02 23:45:00+00:00,669.3601,669.3601,669.26,669.26,931.0
2025-10-02 23:50:00+00:00,669.35,669.39,669.33,669.38,2902.0
2025-10-02 23:55:00+00:00,669.48,669.5,669.4396,669.45,4555.0
2025-10-03 08:00:00+00:00,671.08,671.21,670.6,671.14,13098.0
2025-10-03 08:05:00+00:00,671.2,671.24,671.08,671.08,9260.0
2025-10-03 08:10:00+00:00,671.08,671.15,671.05,671.15,10717.0
2025-10-03 08:15:00+00:00,671.15,671.15,671.04,671.04,1896.0
2025-10-03 08:20:00+00:00,671.09,671.14,671.09,671.12,999.0
2025-10-03 08:25:00+00:00,671.14,671.14,671.14,671.14,458.0
2025-10-03 08:30:00+00:00,671.18,671.18,671.13,671.13,1164.0
2025-10-03 08:35:00+00:00,671.04,671.12,671.04,671.12,2420.0
2025-10-03 08:40:00+00:00,671.11,671.12,671.09,671.11,4282.0
2025-10-03 08:45:00+00:00,671.11,671.17,671.11,671.15,1182.0
2025-10-03 08:50:00+00:00,671.13,671.13,671.1,671.1,515.0
2025-10-03 08:55:00+00:00,671.16,671.18,671.15,671.15,733.0
2025-10-03 09:00:00+00:00,671.24,671.26,671.12,671.12,4200.0
2025-10-03 09:05:00+00:00,671.2,671.23,671.2,671.23,868.0
2025-10-03 09:10:00+00:00,671.2,671.24,671.2,671.24,1110.0
2025-10-03 09:15:00+00:00,671.21,671.23,671.06,671.06,1410.0
2025-10-03 09:20:00+00:00,671.15,671.2,671.08,671.15,1722.0
2025-10-03 09:25:00+00:00,671.12,671.12,671.12,671.12,1184.0
2025-10-03 09:30:00+00:00,671.13,671.16,671.12,671.16,1285.0
2025-10-03 09:35:00+00:00,671.23,671.38,671.23,671.38,2171.0
2025-10-03 09:40:00+00:00,671.38,671.38,671.33,671.33,999.0
2025-10-03 09:55:00+00:00,671.45,671.45,671.45,671.45,5316.0
2025-10-03 10:00:00+00:00,671.48,671.48,671.35,671.39,1703.0
2025-10-03 10:05:00+00:00,671.38,671.39,671.38,671.39,599.0
2025-10-03 10:10:00+00:00,671.26,671.34,671.23,671.34,1076.0
2025-10-03 10:15:00+00:00,671.37,671.37,671.24,671.25,1139.0
2025-10-03 10:20:00+00:00,671.24,671.26,671.24,671.26,2262.0
2025-10-03 10:25:00+00:00,671.23,671.23,671.15,671.15,1308.0
2025-10-03 10:30:00+00:00,671.14,671.14,671.01,671.01,1989.0
2025-10-03 10:35:00+00:00,670.96,670.96,670.82,670.83,1713.0
2025-10-03 10:40:00+00:00,670.96,671.06,670.96,671.06,2481.0
2025-10-03 10:45:00+00:00,671.02,671.04,670.97,670.99,3175.0
2025-10-03 10:50:00+00:00,670.95,670.99,670.93,670.93,2562.0
2025-10-03 10:55:00+00:00,670.9,670.9,670.84,670.85,3245.0
2025-10-03 11:00:00+00:00,670.73,670.97,670.73,670.78,7711.0
2025-10-03 11:05:00+00:00,670.8,670.93,670.8,670.88,4480.0
2025-10-03 11:10:00+00:00,670.8,670.8,670.63,670.63,2616.0
2025-10-03 11:15:00+00:00,670.74,670.74,670.53,670.61,8305.0
2025-10-03 11:20:00+00:00,670.64,670.66,670.48,670.53,7220.0
2025-10-03 11:25:00+00:00,670.56,670.56,670.3,670.3,10833.0
2025-10-03 11:30:00+00:00,670.3,670.31,670.2,670.2,6610.0
2025-10-03 11:35:00+00:00,670.17,670.38,670.11,670.37,8485.0
2025-10-03 11:40:00+00:00,670.4,670.58,670.37,670.58,7572.0
2025-10-03 11:45:00+00:00,670.62,670.67,670.52,670.61,4231.0
2025-10-03 11:50:00+00:00,670.61,670.72,670.24,670.26,15195.0
2025-10-03 11:55:00+00:00,670.19,670.34,669.98,670.13,16022.0
2025-10-03 12:00:00+00:00,671.14,671.44,670.02,670.28,108777.0
2025-10-03 12:05:00+00:00,670.28,670.334,670.22,670.22,6152.0
2025-10-03 12:10:00+00:00,670.21,670.4,670.17,670.2561,6866.0
2025-10-03 12:15:00+00:00,670.321,670.49,670.25,670.2699,32308.0
2025-10-03 12:20:00+00:00,670.29,670.3,670.02,670.02,7156.0
2025-10-03 12:25:00+00:00,670.03,670.2,670.02,670.2,39546.0
2025-10-03 12:30:00+00:00,670.21,670.38,670.17,670.17,41775.0
2025-10-03 12:35:00+00:00,670.14,670.17,669.91,670.03,25564.0
2025-10-03 12:40:00+00:00,670.08,670.08,669.79,669.79,11017.0
2025-10-03 12:45:00+00:00,669.82,669.82,669.47,669.65,29130.0
2025-10-03 12:50:00+00:00,669.65,669.78,669.5462,669.78,11079.0
2025-10-03 12:55:00+00:00,669.79,669.979,669.77,669.86,18251.0
2025-10-03 13:00:00+00:00,669.7878,669.8,669.71,669.77,19677.0
2025-10-03 13:05:00+00:00,669.78,669.94,669.71,669.84,7657.0
2025-10-03 13:10:00+00:00,669.82,669.82,669.68,669.68,8183.0
2025-10-03 13:15:00+00:00,669.68,669.82,669.61,669.74,12980.0
2025-10-03 13:20:00+00:00,669.77,669.9,669.71,669.86,14381.0
2025-10-03 13:25:00+00:00,669.87,670.04,669.8,669.98,98459.0
2025-10-03 13:30:00+00:00,669.99,670.78,669.93,670.6507,1418508.0
2025-10-03 13:35:00+00:00,670.67,671.22,670.44,671.18,1103472.0
2025-10-03 13:40:00+00:00,671.19,671.33,670.43,670.84,1139739.0
2025-10-03 13:45:00+00:00,670.78,671.17,670.71,671.07,843805.0
2025-10-03 13:50:00+00:00,671.08,671.57,670.92,671.25,1039139.0
2025-10-03 13:55:00+00:00,671.25,671.3399,670.6693,670.8899,646089.0
2025-10-03 14:00:00+00:00,670.81,670.84,669.97,670.3001,1428354.0
2025-10-03 14:05:00+00:00,670.29,670.64,670.125,670.48,872534.0
2025-10-03 14:10:00+00:00,670.49,670.88,670.4,670.62,737144.0
2025-10-03 14:15:00+00:00,670.62,671.04,670.605,670.87,637953.0
2025-10-03 14:20:00+00:00,670.87,671.06,670.6809,671.03,553142.0
2025-10-03 14:25:00+00:00,671.03,671.55,670.95,671.395,737515.0
2025-10-03 14:30:00+00:00,671.39,671.65,671.32,671.645,819249.0
2025-10-03 14:35:00+00:00,671.6356,672.0514,671.55,671.982,661074.0
2025-10-03 14:40:00+00:00,671.99,672.28,671.94,672.09,891779.0
2025-10-03 14:45:00+00:00,672.1,672.24,671.86,671.955,573959.0
2025-10-03 14:50:00+00:00,671.945,672.265,671.8599,672.26,516634.0
2025-10-03 14:55:00+00:00,672.28,672.28,672.02,672.11,514953.0
2025-10-03 15:00:00+00:00,672.115,672.14,671.665,671.8,625724.0
2025-10-03 15:05:00+00:00,671.79,671.97,671.65,671.74,441138.0
2025-10-03 15:10:00+00:00,671.74,671.83,671.55,671.78,511237.0
2025-10-03 15:15:00+00:00,671.775,671.79,671.56,671.675,338025.0
2025-10-03 15:20:00+00:00,671.675,671.93,671.57,671.92,460689.0
2025-10-03 15:25:00+00:00,671.92,671.95,671.6,671.7713,599098.0
2025-10-03 15:30:00+00:00,671.77,671.88,671.67,671.75,343931.0
2025-10-03 15:35:00+00:00,671.75,672.01,671.63,671.655,501960.0
2025-10-03 15:40:00+00:00,671.66,671.76,671.35,671.75,619414.0
2025-10-03 15:45:00+00:00,671.75,672.005,671.64,671.98,442963.0
2025-10-03 15:50:00+00:00,671.98,672.33,671.975,672.23,675762.0
2025-10-03 15:55:00+00:00,672.23,672.615,672.135,672.5,1018734.0
2025-10-03 16:00:00+00:00,672.5,672.59,672.39,672.58,471003.0
2025-10-03 16:05:00+00:00,672.59,672.675,672.42,672.445,423258.0
2025-10-03 16:10:00+00:00,672.45,672.53,672.3,672.525,292059.0
2025-10-03 16:15:00+00:00,672.53,672.67,672.455,672.62,315341.0
2025-10-03 16:20:00+00:00,672.615,672.64,672.34,672.39,303954.0
2025-10-03 16:25:00+00:00,672.4,672.53,672.22,672.46,347377.0
2025-10-03 16:30:00+00:00,672.45,672.53,672.37,672.52,231881.0
2025-10-03 16:35:00+00:00,672.53,672.545,672.29,672.295,319971.0
2025-10-03 16:40:00+00:00,672.29,672.355,672.15,672.27,364484.0
2025-10-03 16:45:00+00:00,672.28,672.4,672.18,672.22,494628.0
2025-10-03 16:50:00+00:00,672.22,672.2687,672.0001,672.22,334509.0
2025-10-03 16:55:00+00:00,672.22,672.34,672.1,672.24,642743.0
2025-10-03 17:00:00+00:00,672.2003,672.2003,670.535,670.925,1532304.0
2025-10-03 17:05:00+00:00,670.92,671.1383,670.43,671.12,1689886.0
2025-10-03 17:10:00+00:00,671.1,671.76,670.89,671.46,932730.0
2025-10-03 17:15:00+00:00,671.46,671.46,670.755,670.79,661684.0
2025-10-03 17:20:00+00:00,670.79,670.9188,670.47,670.55,620851.0
2025-10-03 17:25:00+00:00,670.56,670.755,670.32,670.33,993829.0
2025-10-03 17:30:00+00:00,670.33,670.95,670.11,670.56,1501239.0
2025-10-03 17:35:00+00:00,670.575,670.71,670.41,670.67,471882.0
2025-10-03 17:40:00+00:00,670.645,670.71,669.92,670.01,1124738.0
2025-10-03 17:45:00+00:00,670.02,670.11,669.44,669.61,1141959.0
2025-10-03 17:50:00+00:00,669.61,669.64,668.17,668.23,1903392.0
2025-10-03 17:55:00+00:00,668.23,669.42,668.16,669.19,1794694.0
2025-10-03 18:00:00+00:00,669.19,669.37,668.59,668.65,1499114.0
2025-10-03 18:05:00+00:00,668.639,668.89,668.27,668.73,1181912.0
2025-10-03 18:10:00+00:00,668.74,669.56,668.665,669.3,1285698.0
2025-10-03 18:15:00+00:00,669.3,670.0,669.21,669.99,1057837.0
2025-10-03 18:20:00+00:00,670.0,670.3,669.72,670.22,881699.0
2025-10-03 18:25:00+00:00,670.22,670.705,670.18,670.52,678725.0
2025-10-03 18:30:00+00:00,670.537,670.685,669.6,669.97,961673.0
2025-10-03 18:35:00+00:00,669.94,670.11,669.71,669.93,437312.0
2025-10-03 18:40:00+00:00,669.93,670.1799,669.72,669.92,398540.0
2025-10-03 18:45:00+00:00,669.92,669.93,669.365,669.42,816457.0
2025-10-03 18:50:00+00:00,669.42,669.66,669.28,669.61,566835.0
2025-10-03 18:55:00+00:00,669.62,669.96,669.56,669.87,554537.0
2025-10-03 19:00:00+00:00,669.865,670.115,669.645,669.78,578324.0
2025-10-03 19:05:00+00:00,669.79,669.99,669.62,669.81,541883.0
2025-10-03 19:10:00+00:00,669.8,670.26,669.8,669.86,949569.0
2025-10-03 19:15:00+00:00,669.87,669.99,669.625,669.74,747524.0
2025-10-03 19:20:00+00:00,669.74,669.82,669.4,669.62,810409.0
2025-10-03 19:25:00+00:00,669.62,669.82,669.53,669.62,596817.0
2025-10-03 19:30:00+00:00,669.61,669.92,669.515,669.8101,978729.0
2025-10-03 19:35:00+00:00,669.81,670.05,669.7413,670.03,569874.0
2025-10-03 19:40:00+00:00,670.03,670.24,669.79,669.835,843901.0
2025-10-03 19:45:00+00:00,669.83,670.035,669.78,669.93,865065.0
2025-10-03 19:50:00+00:00,669.935,669.935,669.38,669.55,1768983.0
2025-10-03 19:55:00+00:00,669.53,669.58,668.77,669.18,3291349.0
2025-10-03 20:00:00+00:00,669.26,669.35,668.77,668.77,369079.0
2025-10-03 20:05:00+00:00,668.8,669.1329,668.74,668.79,674709.0
2025-10-03 20:10:00+00:00,668.79,668.93,668.6,668.9093,3606123.0
2025-10-03 20:15:00+00:00,668.91,668.94,668.8,668.85,40034.0
2025-10-03 20:20:00+00:00,668.85,668.86,668.78,668.85,151743.0
2025-10-03 20:25:00+00:00,668.83,668.91,668.78,668.85,112619.0
2025-10-03 20:30:00+00:00,668.87,669.03,668.87,668.98,67626.0
2025-10-03 20:35:00+00:00,668.94,669.02,668.93,669.02,17471.0
2025-10-03 20:40:00+00:00,669.02,669.07,669.02,669.04,4935.0
2025-10-03 20:45:00+00:00,669.03,669.06,668.9203,669.01,17442.0
2025-10-03 20:50:00+00:00,668.93,669.02,668.91,669.01,7859.0
2025-10-03 20:55:00+00:00,668.99,669.05,668.95,669.02,7364.0
2025-10-03 21:00:00+00:00,669.05,669.1,669.0113,669.0113,1738.0
2025-10-03 21:05:00+00:00,669.0833,669.0833,669.0,669.001,2290.0
2025-10-03 21:10:00+00:00,669.0,669.03,669.0,669.0,1955.0
2025-10-03 21:15:00+00:00,668.99,669.03,668.97,668.97,4062.0
2025-10-03 21:20:00+00:00,669.0,669.02,668.98,668.98,3126.0
2025-10-03 21:25:00+00:00,668.98,668.98,668.98,668.98,1647.0
2025-10-03 21:30:00+00:00,668.9801,669.32,668.9801,669.29,18708.0
2025-10-03 21:35:00+00:00,669.27,669.32,669.27,669.32,6075.0
2025-10-03 21:40:00+00:00,669.31,669.31,669.3,669.31,1157.0
2025-10-03 21:45:00+00:00,669.3,669.5,669.25,669.2501,24783.0
2025-10-03 22:00:00+00:00,669.36,669.36,669.26,669.26,2569.0
2025-10-03 22:10:00+00:00,669.37,669.45,669.37,669.45,581.0
2025-10-03 22:15:00+00:00,669.4,669.51,669.4,669.5,5103.0
2025-10-03 22:25:00+00:00,669.46,669.61,669.46,669.61,10885.0
2025-10-03 22:30:00+00:00,669.65,669.67,669.65,669.65,2984.0
2025-10-03 22:35:00+00:00,669.72,669.95,669.72,669.95,24315.0
2025-10-03 22:40:00+00:00,669.88,669.93,669.51,669.51,4862.0
2025-10-03 22:45:00+00:00,669.6349,669.7,669.51,669.58,2769.0
2025-10-03 22:50:00+00:00,669.61,669.61,669.61,669.61,341.0
2025-10-03 22:55:00+00:00,669.58,669.6153,669.57,669.57,2000.0
2025-10-03 23:00:00+00:00,669.68,669.68,669.68,669.68,664.0
2025-10-03 23:05:00+00:00,669.69,669.69,669.69,669.69,221.0
2025-10-03 23:15:00+00:00,669.68,669.72,669.65,669.72,2950.0
2025-10-03 23:25:00+00:00,669.58,669.73,669.58,669.73,599.0
2025-10-03 23:35:00+00:00,669.61,669.61,669.5849,669.6,628.0
2025-10-03 23:40:00+00:00,669.6,669.61,669.6,669.61,1004.0
2025-10-03 23:45:00+00:00,669.52,669.54,669.42,669.42,2321.0
2025-10-03 23:50:00+00:00,669.43,669.5,669.43,669.46,2935.0
2025-10-03 23:55:00+00:00,669.6,669.61,669.56,669.56,3368.0
2025-10-06 08:00:00+00:00,670.66,670.97,669.72,670.81,16265.0
2025-10-06 08:05:00+00:00,671.14,671.24,671.0,671.13,8987.0
2025-10-06 08:10:00+00:00,671.16,671.17,670.98,671.02,11823.0
2025-10-06 08:15:00+00:00,670.96,670.96,670.78,670.92,10775.0
2025-10-06 08:20:00+00:00,670.83,670.97,670.83,670.94,2571.0
2025-10-06 08:30:00+00:00,671.06,671.06,671.06,671.06,262.0
2025-10-06 08:35:00+00:00,671.0,671.0,670.9,670.9,1323.0
2025-10-06 08:40:00+00:00,670.95,671.01,670.93,670.98,2494.0
2025-10-06 08:45:00+00:00,670.91,670.93,670.89,670.91,3923.0
2025-10-06 08:50:00+00:00,670.83,670.98,670.83,670.93,894.0
2025-10-06 08:55:00+00:00,671.05,671.09,671.0,671.09,2043.0
2025-10-06 09:00:00+00:00,671.04,671.06,670.98,670.98,1261.0
2025-10-06 09:05:00+00:00,671.17,671.17,671.17,671.17,283.0
2025-10-06 09:10:00+00:00,671.03,671.11,671.03,671.11,2228.0
2025-10-06 09:15:00+00:00,671.12,671.13,671.1,671.1,2429.0
2025-10-06 09:20:00+00:00,671.27,671.35,671.27,671.35,3495.0
2025-10-06 09:25:00+00:00,671.3,671.38,671.3,671.38,1895.0
2025-10-06 09:30:00+00:00,671.38,671.47,671.3,671.47,9396.0
2025-10-06 09:35:00+00:00,671.37,671.53,671.37,671.53,7347.0
2025-10-06 09:40:00+00:00,671.57,671.65,671.56,671.56,4214.0
2025-10-06 09:45:00+00:00,671.47,671.5,671.45,671.45,1208.0
2025-10-06 09:50:00+00:00,671.5,671.63,671.5,671.62,3959.0
2025-10-06 09:55:00+00:00,671.6,671.6,671.6,671.6,740.0
2025-10-06 10:00:00+00:00,671.65,671.65,671.55,671.63,2596.0
2025-10-06 10:05:00+00:00,671.63,671.72,671.6,671.71,4321.0
2025-10-06 10:10:00+00:00,671.63,671.63,671.46,671.53,3091.0
2025-10-06 10:15:00+00:00,671.54,671.54,671.49,671.49,2620.0
2025-10-06 10:20:00+00:00,671.42,671.57,671.42,671.51,4796.0
2025-10-06 10:25:00+00:00,671.53,671.63,671.53,671.63,807.0
2025-10-06 10:30:00+00:00,671.68,671.75,671.67,671.71,2168.0
2025-10-06 10:35:00+00:00,671.73,671.75,671.73,671.75,615.0
2025-10-06 10:40:00+00:00,671.75,671.82,671.75,671.75,9480.0
2025-10-06 10:45:00+00:00,671.8,671.87,671.77,671.87,10282.0
2025-10-06 10:50:00+00:00,671.9,672.57,671.73,671.97,33521.0
2025-10-06 10:55:00+00:00,671.88,671.99,671.74,671.74,8089.0
2025-10-06 11:00:00+00:00,671.7,671.72,671.411,671.5,21528.0
2025-10-06 11:05:00+00:00,671.5,671.55,671.31,671.31,8790.0
2025-10-06 11:10:00+00:00,671.32,671.43,671.25,671.43,5492.0
2025-10-06 11:15:00+00:00,671.33,671.35,671.19,671.24,5270.0
2025-10-06 11:20:00+00:00,671.11,671.11,671.03,671.07,5247.0
2025-10-06 11:25:00+00:00,671.06,671.24,671.06,671.24,3133.0
2025-10-06 11:30:00+00:00,671.26,671.35,671.2,671.23,28327.0
2025-10-06 11:35:00+00:00,671.3,671.3,670.95,671.14,84277.0
2025-10-06 11:40:00+00:00,671.16,671.39,671.16,671.18,18712.0
2025-10-06 11:45:00+00:00,671.22,671.43,671.22,671.35,37745.0
2025-10-06 11:50:00+00:00,671.36,671.55,671.36,671.54,16497.0
2025-10-06 11:55:00+00:00,671.5,671.56,671.47,671.55,15111.0
2025-10-06 12:00:00+00:00,671.57,672.05,670.15,671.83,150801.0
2025-10-06 12:05:00+00:00,671.78,671.93,671.75,671.88,35544.0
2025-10-06 12:10:00+00:00,671.83,672.14,671.83,671.98,23446.0
2025-10-06 12:15:00+00:00,671.98,672.05,671.7001,671.7001,15553.0
2025-10-06 12:20:00+00:00,671.7,671.85,671.58,671.82,54666.0
2025-10-06 12:25:00+00:00,671.79,671.8691,671.72,671.72,47148.0
2025-10-06 12:30:00+00:00,671.72,671.72,671.44,671.5,14315.0
2025-10-06 12:35:00+00:00,671.48,671.54,671.24,671.37,48252.0
2025-10-06 12:40:00+00:00,671.36,671.39,671.26,671.31,33388.0
2025-10-06 12:45:00+00:00,671.3,671.36,671.07,671.1699,20104.0
2025-10-06 12:50:00+00:00,671.19,671.26,671.12,671.24,11542.0
2025-10-06 12:55:00+00:00,671.18,671.24,671.05,671.0681,32534.0
2025-10-06 13:00:00+00:00,671.02,671.15,670.9571,670.9888,12318.0
2025-10-06 13:05:00+00:00,670.94,671.27,670.94,671.14,21336.0
2025-10-06 13:10:00+00:00,671.19,671.36,671.07,671.36,16878.0
2025-10-06 13:15:00+00:00,671.43,671.43,671.24,671.349,20307.0
2025-10-06 13:20:00+00:00,671.34,671.47,671.26,671.3,18451.0
2025-10-06 13:25:00+00:00,671.31,671.8,671.28,671.68,69742.0
2025-10-06 13:30:00+00:00,671.62,671.65,671.0,671.0,1965966.0
2025-10-06 13:35:00+00:00,670.99,671.19,670.53,670.75,1540191.0
2025-10-06 13:40:00+00:00,670.75,670.965,670.06,670.32,1502212.0
2025-10-06 13:45:00+00:00,670.32,670.84,670.25,670.73,1444831.0
2025-10-06 13:50:00+00:00,670.74,670.74,670.09,670.26,1200808.0
2025-10-06 13:55:00+00:00,670.26,670.28,669.89,670.015,1244826.0
2025-10-06 14:00:00+00:00,670.01,670.2,669.52,670.04,1631049.0
2025-10-06 14:05:00+00:00,670.05,670.0956,669.55,669.59,820454.0
2025-10-06 14:10:00+00:00,669.6,670.33,669.455,670.3,1143142.0
2025-10-06 14:15:00+00:00,670.31,670.49,670.17,670.28,908573.0
2025-10-06 14:20:00+00:00,670.29,670.62,670.12,670.395,593563.0
2025-10-06 14:25:00+00:00,670.4,670.7099,670.36,670.515,562153.0
2025-10-06 14:30:00+00:00,670.515,670.755,670.41,670.51,592933.0
2025-10-06 14:35:00+00:00,670.52,670.827,670.46,670.785,583527.0
2025-10-06 14:40:00+00:00,670.78,670.8,670.145,670.51,857519.0
2025-10-06 14:45:00+00:00,670.52,670.855,670.34,670.79,452270.0
2025-10-06 14:50:00+00:00,670.76,670.76,670.47,670.615,416163.0
2025-10-06 14:55:00+00:00,670.62,670.775,670.46,670.7601,347578.0
2025-10-06 15:00:00+00:00,670.77,671.02,670.7101,670.9865,503720.0
2025-10-06 15:05:00+00:00,670.99,671.15,670.955,671.02,843906.0
2025-10-06 15:10:00+00:00,671.01,671.18,670.855,670.875,453705.0
2025-10-06 15:15:00+00:00,670.88,671.16,670.87,671.09,439758.0
2025-10-06 15:20:00+00:00,671.08,671.2,670.975,671.105,381405.0
2025-10-06 15:25:00+00:00,671.1,671.375,670.985,671.15,510852.0
2025-10-06 15:30:00+00:00,671.15,671.35,671.045,671.345,436334.0
2025-10-06 15:35:00+00:00,671.34,671.4,671.215,671.2799,358687.0
2025-10-06 15:40:00+00:00,671.28,671.435,671.145,671.4,432672.0
2025-10-06 15:45:00+00:00,671.39,671.725,671.3899,671.67,703110.0
2025-10-06 15:50:00+00:00,671.68,671.85,671.56,671.78,636281.0
2025-10-06 15:55:00+00:00,671.78,671.925,671.7,671.81,416508.0
2025-10-06 16:00:00+00:00,671.8,671.885,671.52,671.64,478670.0
2025-10-06 16:05:00+00:00,671.65,671.81,671.58,671.59,318164.0
2025-10-06 16:10:00+00:00,671.58,671.59,671.2917,671.3999,439957.0
2025-10-06 16:15:00+00:00,671.4,671.61,671.305,671.48,354954.0
2025-10-06 16:20:00+00:00,671.48,671.725,671.38,671.695,303746.0
2025-10-06 16:25:00+00:00,671.69,671.865,671.66,671.8207,361922.0
2025-10-06 16:30:00+00:00,671.83,671.845,671.53,671.545,387262.0
2025-10-06 16:35:00+00:00,671.535,671.605,671.4025,671.51,339954.0
2025-10-06 16:40:00+00:00,671.51,671.58,671.36,671.55,280315.0
2025-10-06 16:45:00+00:00,671.55,671.7784,671.52,671.57,334155.0
2025-10-06 16:50:00+00:00,671.56,671.73,671.5,671.68,308309.0
2025-10-06 16:55:00+00:00,671.68,671.7645,671.5999,671.72,231354.0
2025-10-06 17:00:00+00:00,671.715,671.75,671.52,671.645,269863.0
2025-10-06 17:05:00+00:00,671.64,671.65,671.45,671.4701,428122.0
2025-10-06 17:10:00+00:00,671.48,671.5999,671.33,671.57,585057.0
2025-10-06 17:15:00+00:00,671.56,671.68,671.42,671.63,317982.0
2025-10-06 17:20:00+00:00,671.6301,672.26,671.62,672.22,697710.0
2025-10-06 17:25:00+00:00,672.22,672.32,671.985,672.06,489817.0
2025-10-06 17:30:00+00:00,672.08,672.19,671.97,672.0182,299562.0
2025-10-06 17:35:00+00:00,672.01,672.13,671.845,672.09,426423.0
2025-10-06 17:40:00+00:00,672.1,672.2,671.805,671.83,507518.0
2025-10-06 17:45:00+00:00,671.82,672.14,671.79,672.12,461280.0
2025-10-06 17:50:00+00:00,672.13,672.32,672.085,672.23,505874.0
2025-10-06 17:55:00+00:00,672.225,672.35,672.162,672.27,349854.0
2025-10-06 18:00:00+00:00,672.27,672.47,672.08,672.38,384404.0
2025-10-06 18:05:00+00:00,672.385,672.45,672.14,672.18,513276.0
2025-10-06 18:10:00+00:00,672.17,672.37,672.105,672.18,393179.0
2025-10-06 18:15:00+00:00,672.19,672.2511,672.11,672.15,510782.0
2025-10-06 18:20:00+00:00,672.16,672.27,672.04,672.24,402535.0
2025-10-06 18:25:00+00:00,672.24,672.38,672.21,672.24,386789.0
2025-10-06 18:30:00+00:00,672.2484,672.47,672.23,672.39,416961.0
2025-10-06 18:35:00+00:00,672.385,672.51,672.24,672.25,625599.0
2025-10-06 18:40:00+00:00,672.2411,672.278,672.09,672.155,554725.0
2025-10-06 18:45:00+00:00,672.155,672.33,672.122,672.205,392786.0
2025-10-06 18:50:00+00:00,672.2,672.3497,672.17,672.3,227905.0
2025-10-06 18:55:00+00:00,672.29,672.35,672.0001,672.11,367507.0
2025-10-06 19:00:00+00:00,672.1101,672.136,671.94,671.9684,336030.0
2025-10-06 19:05:00+00:00,671.97,672.14,671.905,672.08,363052.0
2025-10-06 19:10:00+00:00,672.08,672.15,671.9801,672.035,371729.0
2025-10-06 19:15:00+00:00,672.04,672.065,671.8,671.88,399150.0
2025-10-06 19:20:00+00:00,671.88,671.885,671.65,671.7099,609350.0
2025-10-06 19:25:00+00:00,671.71,671.925,671.7,671.755,485122.0
2025-10-06 19:30:00+00:00,671.75,671.84,671.62,671.8,432139.0
2025-10-06 19:35:00+00:00,671.8,671.94,671.66,671.9,624150.0
2025-10-06 19:40:00+00:00,671.9,671.955,671.7,671.86,836318.0
2025-10-06 19:45:00+00:00,671.84,671.9,671.635,671.86,1123589.0
2025-10-06 19:50:00+00:00,671.86,672.09,671.86,671.93,1492540.0
2025-10-06 19:55:00+00:00,671.93,671.98,671.54,671.59,3148241.0
2025-10-06 20:00:00+00:00,671.59,671.77,671.46,671.7,490701.0
2025-10-06 20:05:00+00:00,671.65,671.71,671.4,671.65,252278.0
2025-10-06 20:10:00+00:00,671.66,671.6703,671.55,671.62,1325299.0
2025-10-06 20:15:00+00:00,671.6,671.72,671.58,671.66,210587.0
2025-10-06 20:20:00+00:00,671.65,671.71,671.63,671.69,30394.0
2025-10-06 20:25:00+00:00,671.68,671.77,671.66,671.73,164253.0
2025-10-06 20:30:00+00:00,671.72,671.8,671.72,671.73,24666.0
2025-10-06 20:35:00+00:00,671.76,671.83,671.74,671.79,142250.0
2025-10-06 20:40:00+00:00,671.8,671.86,671.75,671.77,137216.0
2025-10-06 20:45:00+00:00,671.77,671.79,671.75,671.76,8110.0
2025-10-06 20:50:00+00:00,671.761,671.82,671.76,671.82,7794.0
2025-10-06 20:55:00+00:00,671.83,671.8587,671.73,671.78,31647.0
2025-10-06 21:00:00+00:00,671.85,671.85,671.8,671.8,517.0
2025-10-06 21:05:00+00:00,671.77,671.77,671.73,671.73,2592.0
2025-10-06 21:10:00+00:00,671.69,671.71,671.64,671.7,8860.0
2025-10-06 21:15:00+00:00,671.7,671.85,671.7,671.7881,612525.0
2025-10-06 21:20:00+00:00,671.79,671.85,671.7214,671.7214,3397.0
2025-10-06 21:25:00+00:00,671.84,671.84,671.84,671.84,216.0
2025-10-06 21:30:00+00:00,671.73,671.73,671.66,671.66,2976.0
2025-10-06 21:35:00+00:00,671.71,671.71,671.71,671.71,225.0
2025-10-06 21:40:00+00:00,671.79,671.79,671.76,671.76,772.0
2025-10-06 21:55:00+00:00,671.81,671.85,671.7,671.7,11650.0
2025-10-06 22:00:00+00:00,671.7,671.99,671.7,671.81,18472.0
2025-10-06 22:05:00+00:00,671.82,671.86,671.82,671.86,1845.0
2025-10-06 22:10:00+00:00,671.91,671.93,671.8,671.8,2173.0
2025-10-06 22:15:00+00:00,671.83,671.85,671.8,671.83,1757.0
2025-10-06 22:20:00+00:00,671.82,671.88,671.82,671.88,3382.0
2025-10-06 22:25:00+00:00,671.88,671.88,671.75,671.75,3387.0
2025-10-06 22:30:00+00:00,671.76,671.76,671.67,671.68,2165.0
2025-10-06 22:35:00+00:00,671.61,671.6299,671.5,671.5,5291.0
2025-10-06 22:40:00+00:00,671.4,671.42,671.05,671.1581,11900.0
2025-10-06 22:45:00+00:00,671.21,671.25,671.17,671.17,5082.0
2025-10-06 22:50:00+00:00,671.23,671.25,671.0,671.0,10725.0
2025-10-06 22:55:00+00:00,670.87,670.94,670.54,670.6499,16912.0
2025-10-06 23:00:00+00:00,670.64,670.69,670.53,670.65,5331.0
2025-10-06 23:05:00+00:00,670.5,670.65,670.4874,670.6,15944.0
2025-10-06 23:10:00+00:00,670.61,670.7,670.61,670.63,7033.0
2025-10-06 23:15:00+00:00,670.58,670.71,670.53,670.7,5380.0
2025-10-06 23:20:00+00:00,670.72,670.9,670.72,670.85,4299.0
2025-10-06 23:25:00+00:00,670.84,670.84,670.84,670.84,487.0
2025-10-06 23:30:00+00:00,670.73,670.76,670.66,670.76,2999.0
2025-10-06 23:35:00+00:00,670.71,670.76,670.67,670.72,843.0
2025-10-06 23:40:00+00:00,670.9,670.91,670.85,670.8501,5427.0
2025-10-06 23:45:00+00:00,670.86,670.86,670.77,670.8596,3435.0
2025-10-06 23:50:00+00:00,670.87,670.87,670.79,670.79,1790.0
2025-10-06 23:55:00+00:00,670.75,670.77,670.6199,670.68,14546.0
2025-10-07 08:00:00+00:00,670.87,670.96,670.57,670.57,6705.0
2025-10-07 08:05:00+00:00,670.64,670.87,670.64,670.77,7438.0
2025-10-07 08:10:00+00:00,670.74,670.74,670.66,670.68,3151.0
2025-10-07 08:15:00+00:00,670.79,670.85,670.79,670.85,698.0
2025-10-07 08:20:00+00:00,670.83,670.83,670.83,670.83,1376.0
2025-10-07 08:25:00+00:00,670.57,670.65,670.46,670.5,3726.0
2025-10-07 08:30:00+00:00,670.55,670.55,670.35,670.5,1647.0
2025-10-07 08:35:00+00:00,670.48,670.73,670.48,670.68,2417.0
2025-10-07 08:40:00+00:00,670.79,670.84,670.79,670.84,1389.0
2025-10-07 08:45:00+00:00,670.85,670.97,670.85,670.85,2985.0
2025-10-07 08:50:00+00:00,671.04,671.15,671.03,671.11,1577.0
2025-10-07 08:55:00+00:00,671.14,671.22,671.13,671.19,1877.0
2025-10-07 09:00:00+00:00,671.2,671.2,671.14,671.2,1251.0
2025-10-07 09:05:00+00:00,671.21,671.29,671.21,671.24,2846.0
2025-10-07 09:10:00+00:00,671.29,671.3,671.29,671.3,469.0
2025-10-07 09:15:00+00:00,671.43,671.49,671.36,671.46,4339.0
2025-10-07 09:20:00+00:00,671.43,671.44,671.43,671.44,761.0
2025-10-07 09:25:00+00:00,671.4,671.44,671.4,671.44,861.0
2025-10-07 09:30:00+00:00,671.48,671.48,671.48,671.48,321.0
2025-10-07 09:35:00+00:00,671.42,671.5,671.42,671.5,700.0
2025-10-07 09:40:00+00:00,671.53,671.53,671.4,671.4,2063.0
2025-10-07 09:45:00+00:00,671.42,671.51,671.39,671.46,3615.0
2025-10-07 09:50:00+00:00,671.4,671.54,671.4,671.52,2590.0
2025-10-07 09:55:00+00:00,671.53,671.55,671.52,671.52,976.0
2025-10-07 10:00:00+00:00,671.52,671.54,671.47,671.47,1107.0
2025-10-07 10:05:00+00:00,671.37,671.44,671.37,671.44,623.0
2025-10-07 10:10:00+00:00,671.55,671.59,671.54,671.59,800.0
2025-10-07 10:20:00+00:00,671.47,671.49,671.47,671.49,412.0
2025-10-07 10:25:00+00:00,671.52,671.61,671.52,671.58,1629.0
2025-10-07 10:30:00+00:00,671.66,671.73,671.66,671.71,2115.0
2025-10-07 10:35:00+00:00,671.77,671.84,671.75,671.76,4340.0
2025-10-07 10:40:00+00:00,671.59,671.59,671.53,671.58,3054.0
2025-10-07 10:45:00+00:00,671.55,671.59,671.51,671.51,2874.0
2025-10-07 10:50:00+00:00,671.59,671.65,671.51,671.65,32298.0
2025-10-07 10:55:00+00:00,671.47,671.5,671.47,671.5,386.0
2025-10-07 11:00:00+00:00,671.42,671.53,671.42,671.53,703.0
2025-10-07 11:05:00+00:00,671.53,671.53,671.43,671.51,1503.0
2025-10-07 11:10:00+00:00,671.51,671.57,671.51,671.57,5513.0
2025-10-07 11:15:00+00:00,671.48,671.56,671.48,671.52,2608.0
2025-10-07 11:20:00+00:00,671.46,671.46,671.41,671.42,1644.0
2025-10-07 11:25:00+00:00,671.43,671.5,671.43,671.5,760.0
2025-10-07 11:30:00+00:00,671.53,671.58,671.48,671.57,2324.0
2025-10-07 11:35:00+00:00,671.49,671.51,671.49,671.49,973.0
2025-10-07 11:40:00+00:00,671.56,671.58,671.39,671.39,4588.0
2025-10-07 11:45:00+00:00,671.48,671.65,671.46,671.62,22795.0
2025-10-07 11:50:00+00:00,671.64,671.88,671.63,671.821,13179.0
2025-10-07 11:55:00+00:00,671.87,672.02,671.87,672.02,30638.0
2025-10-07 12:00:00+00:00,670.8,672.0378,670.47,672.01,69098.0
2025-10-07 12:05:00+00:00,671.97,672.05,671.86,671.86,15220.0
2025-10-07 12:10:00+00:00,671.79,671.84,671.79,671.82,6293.0
2025-10-07 12:15:00+00:00,671.85,671.9691,671.85,671.88,5506.0
2025-10-07 12:20:00+00:00,671.9,672.05,671.81,671.88,29371.0
2025-10-07 12:25:00+00:00,671.92,672.01,671.9,672.0,27800.0
2025-10-07 12:30:00+00:00,672.02,672.12,671.91,672.08,34059.0
2025-10-07 12:35:00+00:00,672.1,672.15,672.07,672.09,15341.0
2025-10-07 12:40:00+00:00,672.11,672.2702,672.09,672.27,18722.0
2025-10-07 12:45:00+00:00,672.28,672.35,672.15,672.35,13209.0
2025-10-07 12:50:00+00:00,672.3719,672.68,672.37,672.56,37939.0
2025-10-07 12:55:00+00:00,672.57,672.79,672.57,672.7,40477.0
2025-10-07 13:00:00+00:00,672.72,673.04,672.72,672.99,64200.0
2025-10-07 13:05:00+00:00,673.01,673.1,672.84,672.919,76069.0
2025-10-07 13:10:00+00:00,672.92,672.96,672.57,672.6,41268.0
2025-10-07 13:15:00+00:00,672.66,672.66,672.5,672.62,29023.0
2025-10-07 13:20:00+00:00,672.6,672.61,672.46,672.53,26471.0
2025-10-07 13:25:00+00:00,672.59,672.66,672.519,672.55,38216.0
2025-10-07 13:30:00+00:00,672.54,672.99,672.2,672.94,2111986.0
2025-10-07 13:35:00+00:00,672.95,672.98,672.62,672.72,980339.0
2025-10-07 13:40:00+00:00,672.72,672.915,672.44,672.61,882381.0
2025-10-07 13:45:00+00:00,672.61,672.6499,672.22,672.33,980808.0
2025-10-07 13:50:00+00:00,672.36,672.525,672.07,672.475,974962.0
2025-10-07 13:55:00+00:00,672.49,672.7481,672.175,672.23,793242.0
2025-10-07 14:00:00+00:00,672.23,672.31,671.79,671.82,924972.0
2025-10-07 14:05:00+00:00,671.81,672.14,671.7605,672.0856,751184.0
2025-10-07 14:10:00+00:00,672.08,672.37,671.92,671.955,722683.0
2025-10-07 14:15:00+00:00,671.96,672.16,671.8699,672.015,504495.0
2025-10-07 14:20:00+00:00,672.02,672.05,671.6951,671.74,505052.0
2025-10-07 14:25:00+00:00,671.74,671.76,671.26,671.27,927969.0
2025-10-07 14:30:00+00:00,671.275,671.69,671.24,671.45,749619.0
2025-10-07 14:35:00+00:00,671.45,671.45,670.83,671.05,1031002.0
2025-10-07 14:40:00+00:00,671.05,671.33,670.92,671.04,796149.0
2025-10-07 14:45:00+00:00,671.04,671.31,670.885,670.99,911510.0
2025-10-07 14:50:00+00:00,670.99,671.145,670.8,671.0,982553.0
2025-10-07 14:55:00+00:00,671.0,671.11,670.58,670.9,712245.0
2025-10-07 15:00:00+00:00,670.93,671.09,670.24,670.37,1214058.0
2025-10-07 15:05:00+00:00,670.36,670.37,668.81,668.91,3267426.0
2025-10-07 15:10:00+00:00,668.92,669.78,668.84,669.545,2186605.0
2025-10-07 15:15:00+00:00,669.55,669.965,669.2,669.5381,1742757.0
2025-10-07 15:20:00+00:00,669.53,670.085,669.44,669.75,1273396.0
2025-10-07 15:25:00+00:00,669.75,669.9,669.025,669.29,1180560.0
2025-10-07 15:30:00+00:00,669.28,669.4,668.775,669.01,1254599.0
2025-10-07 15:35:00+00:00,669.01,669.24,668.03,668.52,1691283.0
2025-10-07 15:40:00+00:00,668.5,669.19,668.095,668.54,1450866.0
2025-10-07 15:45:00+00:00,668.55,668.56,667.71,668.01,1686185.0
2025-10-07 15:50:00+00:00,668.02,668.34,667.67,667.77,1769641.0
2025-10-07 15:55:00+00:00,667.77,668.34,667.74,668.25,1103941.0
2025-10-07 16:00:00+00:00,668.26,668.845,668.18,668.61,1177999.0
2025-10-07 16:05:00+00:00,668.615,668.75,667.89,668.13,1340603.0
2025-10-07 16:10:00+00:00,668.15,668.38,667.85,667.93,602576.0
2025-10-07 16:15:00+00:00,667.93,668.23,667.67,667.72,528425.0
2025-10-07 16:20:00+00:00,667.74,668.255,667.67,668.12,556275.0
2025-10-07 16:25:00+00:00,668.11,668.81,668.09,668.4,928330.0
2025-10-07 16:30:00+00:00,668.4,669.205,668.36,669.195,823219.0
2025-10-07 16:35:00+00:00,669.19,669.54,669.01,669.328,646345.0
2025-10-07 16:40:00+00:00,669.32,669.495,668.96,669.135,510769.0
2025-10-07 16:45:00+00:00,669.13,669.18,668.41,668.42,566156.0
2025-10-07 16:50:00+00:00,668.42,668.75,668.27,668.36,607681.0
2025-10-07 16:55:00+00:00,668.36,668.57,668.13,668.3692,516857.0
2025-10-07 17:00:00+00:00,668.365,669.05,668.18,668.9999,609751.0
2025-10-07 17:05:00+00:00,668.99,669.1,668.57,669.08,628630.0
2025-10-07 17:10:00+00:00,669.09,669.39,668.7,669.11,677423.0
2025-10-07 17:15:00+00:00,669.11,669.27,668.845,669.03,287368.0
2025-10-07 17:20:00+00:00,669.0,669.27,668.97,669.18,302482.0
2025-10-07 17:25:00+00:00,669.175,669.175,668.72,668.99,302681.0
2025-10-07 17:30:00+00:00,668.92,668.99,668.54,668.5406,353959.0
2025-10-07 17:35:00+00:00,668.54,668.765,668.31,668.68,414395.0
2025-10-07 17:40:00+00:00,668.68,668.93,668.445,668.92,377080.0
2025-10-07 17:45:00+00:00,668.93,669.19,668.8,669.15,404085.0
2025-10-07 17:50:00+00:00,669.14,669.165,668.46,668.55,319339.0
2025-10-07 17:55:00+00:00,668.54,668.57,668.29,668.33,307177.0
2025-10-07 18:00:00+00:00,668.34,668.385,667.81,668.0262,679168.0
2025-10-07 18:05:00+00:00,668.02,668.44,667.97,668.2025,389738.0
2025-10-07 18:10:00+00:00,668.22,668.92,668.19,668.58,635035.0
2025-10-07 18:15:00+00:00,668.58,668.77,668.33,668.51,377714.0
2025-10-07 18:20:00+00:00,668.52,668.85,668.45,668.78,401744.0
2025-10-07 18:25:00+00:00,668.77,668.84,668.49,668.625,358416.0
2025-10-07 18:30:00+00:00,668.63,668.93,668.55,668.84,366361.0
2025-10-07 18:35:00+00:00,668.815,668.975,668.73,668.95,338887.0
2025-10-07 18:40:00+00:00,668.95,668.97,668.62,668.805,401727.0
2025-10-07 18:45:00+00:00,668.83,668.92,668.64,668.815,216491.0
2025-10-07 18:50:00+00:00,668.8,668.98,668.67,668.975,298055.0
2025-10-07 18:55:00+00:00,668.98,669.0779,668.85,669.05,392288.0
2025-10-07 19:00:00+00:00,669.035,669.14,668.825,668.835,475106.0
2025-10-07 19:05:00+00:00,668.85,668.865,668.6,668.81,510356.0
2025-10-07 19:10:00+00:00,668.815,668.845,668.56,668.71,438870.0
2025-10-07 19:15:00+00:00,668.709,668.83,668.545,668.65,496827.0
2025-10-07 19:20:00+00:00,668.63,668.755,668.53,668.74,373143.0
2025-10-07 19:25:00+00:00,668.74,668.785,668.541,668.57,343163.0
2025-10-07 19:30:00+00:00,668.57,668.83,668.55,668.775,439349.0
2025-10-07 19:35:00+00:00,668.77,669.04,668.71,668.83,755353.0
2025-10-07 19:40:00+00:00,668.83,669.305,668.79,669.3,659638.0
2025-10-07 19:45:00+00:00,669.31,669.38,669.13,669.32,1253564.0
2025-10-07 19:50:00+00:00,669.32,669.4,669.1,669.27,1093405.0
2025-10-07 19:55:00+00:00,669.27,669.37,668.7,669.13,3348502.0
2025-10-07 20:00:00+00:00,669.14,669.55,669.12,669.34,427068.0
2025-10-07 20:05:00+00:00,669.37,669.61,669.12,669.531,275440.0
2025-10-07 20:10:00+00:00,669.54,669.59,669.47,669.49,2720285.0
2025-10-07 20:15:00+00:00,669.52,669.52,669.0622,669.39,665234.0
2025-10-07 20:20:00+00:00,669.38,669.44,669.36,669.4101,380728.0
2025-10-07 20:25:00+00:00,669.41,669.54,669.41,669.51,33127.0
2025-10-07 20:30:00+00:00,669.5,669.62,669.4997,669.5601,62541.0
2025-10-07 20:35:00+00:00,669.56,669.6,669.51,669.511,15267.0
2025-10-07 20:40:00+00:00,669.52,669.56,669.51,669.55,11484.0
2025-10-07 20:45:00+00:00,669.55,669.57,669.51,669.54,18002.0
2025-10-07 20:50:00+00:00,669.54,669.6,669.52,669.56,57005.0
2025-10-07 20:55:00+00:00,669.56,669.57,669.39,669.39,23243.0
2025-10-07 21:00:00+00:00,669.37,669.37,669.31,669.31,4301.0
2025-10-07 21:05:00+00:00,669.32,669.32,669.32,669.32,1107.0
2025-10-07 21:10:00+00:00,669.35,669.44,669.35,669.44,3980.0
2025-10-07 21:15:00+00:00,669.47,669.48,669.44,669.47,3903.0
2025-10-07 21:20:00+00:00,669.48,669.48,669.42,669.42,1537.0
2025-10-07 21:25:00+00:00,669.4214,669.4214,669.32,669.32,7774.0
2025-10-07 21:30:00+00:00,669.464,669.464,669.35,669.35,617.0
2025-10-07 21:35:00+00:00,669.35,669.45,669.35,669.45,869.0
2025-10-07 21:40:00+00:00,669.39,669.39,669.39,669.39,246.0
2025-10-07 21:45:00+00:00,669.43,669.43,669.32,669.32,1505.0
2025-10-07 21:50:00+00:00,669.33,669.33,669.3,669.32,1912.0
2025-10-07 21:55:00+00:00,669.3011,669.32,669.29,669.32,7136.0
2025-10-07 22:00:00+00:00,669.32,669.67,669.32,669.67,22033.0
2025-10-07 22:05:00+00:00,669.65,669.71,669.6,669.6,1080.0
2025-10-07 22:10:00+00:00,669.36,669.47,669.36,669.47,1379.0
2025-10-07 22:15:00+00:00,669.46,669.52,669.46,669.52,896.0
2025-10-07 22:20:00+00:00,669.51,669.54,669.51,669.54,1490.0
2025-10-07 22:25:00+00:00,669.53,669.75,669.53,669.72,13417.0
2025-10-07 22:30:00+00:00,669.66,669.8,669.66,669.8,6855.0
2025-10-07 22:35:00+00:00,669.75,669.8,669.74,669.74,6384.0
2025-10-07 22:40:00+00:00,669.71,669.73,669.68,669.73,684.0
2025-10-07 22:45:00+00:00,669.8,669.851,669.76,669.84,14613.0
2025-10-07 22:50:00+00:00,669.79,669.86,669.7726,669.85,1558.0
2025-10-07 22:55:00+00:00,669.86,669.87,669.81,669.83,2467.0
2025-10-07 23:00:00+00:00,669.77,669.77,669.61,669.65,2365.0
2025-10-07 23:05:00+00:00,669.65,669.7,669.63,669.63,5605.0
2025-10-07 23:10:00+00:00,669.43,669.461,669.22,669.22,3304.0
2025-10-07 23:15:00+00:00,669.25,669.26,669.09,669.135,4473.0
2025-10-07 23:20:00+00:00,669.1,669.15,669.03,669.03,16366.0
2025-10-07 23:25:00+00:00,668.99,669.15,668.98,669.1101,6313.0
2025-10-07 23:30:00+00:00,669.1001,669.11,669.0208,669.06,6250.0
2025-10-07 23:35:00+00:00,669.01,669.03,668.95,669.03,6066.0
2025-10-07 23:40:00+00:00,668.91,668.91,668.8,668.9,1860.0
2025-10-07 23:45:00+00:00,669.01,669.1192,668.99,669.02,4408.0
2025-10-07 23:50:00+00:00,669.02,669.03,668.9,668.94,3957.0
2025-10-07 23:55:00+00:00,668.9184,668.9184,668.87,668.87,4473.0
2025-10-08 00:00:00+00:00,668.85,668.85,668.85,668.85,500.0
2025-10-08 08:00:00+00:00,670.11,670.18,670.02,670.17,6075.0
2025-10-08 08:05:00+00:00,670.17,670.19,670.1,670.1,8601.0
2025-10-08 08:10:00+00:00,670.12,670.2,670.12,670.18,1487.0
2025-10-08 08:15:00+00:00,670.15,670.19,670.13,670.19,1097.0
2025-10-08 08:20:00+00:00,670.28,670.28,670.25,670.25,1645.0
2025-10-08 08:30:00+00:00,670.3,670.34,670.29,670.34,1642.0
2025-10-08 08:35:00+00:00,670.34,670.37,670.34,670.37,1908.0
2025-10-08 08:40:00+00:00,670.34,670.37,670.33,670.37,929.0
2025-10-08 08:45:00+00:00,670.39,670.44,670.25,670.25,11870.0
2025-10-08 08:50:00+00:00,670.2,670.22,670.16,670.16,1805.0
2025-10-08 08:55:00+00:00,670.13,670.13,669.65,669.92,9199.0
2025-10-08 09:00:00+00:00,670.07,670.16,670.06,670.06,7294.0
2025-10-08 09:05:00+00:00,670.1,670.18,670.1,670.16,1284.0
2025-10-08 09:10:00+00:00,670.09,670.09,670.09,670.09,393.0
2025-10-08 09:20:00+00:00,669.93,669.93,669.88,669.88,1371.0
2025-10-08 09:25:00+00:00,669.95,669.98,669.95,669.98,571.0
2025-10-08 09:35:00+00:00,670.16,670.22,670.16,670.21,4384.0
2025-10-08 09:40:00+00:00,670.16,670.17,670.11,670.17,1458.0
2025-10-08 09:50:00+00:00,670.1,670.1,670.1,670.1,275.0
2025-10-08 09:55:00+00:00,670.09,670.12,670.08,670.12,830.0
2025-10-08 10:05:00+00:00,670.1,670.1,669.93,669.93,2634.0
2025-10-08 10:10:00+00:00,669.69,669.77,669.5,669.77,4615.0
2025-10-08 10:15:00+00:00,669.86,669.97,669.86,669.97,1102.0
2025-10-08 10:20:00+00:00,669.96,669.96,669.96,669.96,210.0
2025-10-08 10:30:00+00:00,670.02,670.17,670.02,670.15,3456.0
2025-10-08 10:35:00+00:00,670.18,670.27,670.15,670.21,1567.0
2025-10-08 10:40:00+00:00,670.14,670.14,670.14,670.14,368.0
2025-10-08 10:45:00+00:00,670.09,670.16,670.09,670.16,3912.0
2025-10-08 10:50:00+00:00,670.2,670.29,670.2,670.29,966.0
2025-10-08 10:55:00+00:00,670.38,670.38,670.38,670.38,981.0
2025-10-08 11:00:00+00:00,670.4,670.45,670.34,670.45,15255.0
2025-10-08 11:05:00+00:00,670.42,670.56,670.42,670.47,4830.0
2025-10-08 11:10:00+00:00,670.48,670.49,670.34,670.36,25562.0
2025-10-08 11:15:00+00:00,670.32,670.39,670.07,670.081,38832.0
2025-10-08 11:20:00+00:00,670.04,670.08,669.93,670.0,12491.0
2025-10-08 11:25:00+00:00,670.0,670.01,669.72,669.72,5479.0
2025-10-08 11:30:00+00:00,669.76,669.99,669.76,669.96,26248.0
2025-10-08 11:35:00+00:00,669.98,670.1,669.95,669.98,33962.0
2025-10-08 11:40:00+00:00,670.03,670.1,670.03,670.1,4651.0
2025-10-08 11:45:00+00:00,670.1,670.38,670.04,670.34,24474.0
2025-10-08 11:50:00+00:00,670.32,670.4,670.32,670.34,25372.0
2025-10-08 11:55:00+00:00,670.35,670.4,670.31,670.34,32506.0
2025-10-08 12:00:00+00:00,670.08,670.55,668.93,670.16,71583.0
2025-10-08 12:05:00+00:00,670.0619,670.1,669.92,669.92,4391.0
2025-10-08 12:10:00+00:00,669.9,669.92,669.71,669.71,13975.0
2025-10-08 12:15:00+00:00,669.66,669.9,669.58,669.9,46042.0
2025-10-08 12:20:00+00:00,669.89,669.99,669.8,669.8,16365.0
2025-10-08 12:25:00+00:00,669.81,669.97,669.69,669.96,16397.0
2025-10-08 12:30:00+00:00,669.93,669.98,669.63,669.82,20069.0
2025-10-08 12:35:00+00:00,669.83,669.95,669.71,669.93,11290.0
2025-10-08 12:40:00+00:00,669.97,670.0683,669.95,670.03,7112.0
2025-10-08 12:45:00+00:00,670.02,670.08,669.91,670.06,15794.0
2025-10-08 12:50:00+00:00,670.07,670.14,669.97,670.12,11512.0
2025-10-08 12:55:00+00:00,670.14,670.16,670.0,670.03,6873.0
2025-10-08 13:00:00+00:00,670.08,670.11,669.91,669.94,8519.0
2025-10-08 13:05:00+00:00,670.04,670.09,669.94,670.08,6959.0
2025-10-08 13:10:00+00:00,670.16,670.201,670.1,670.13,7436.0
2025-10-08 13:15:00+00:00,670.13,670.27,670.13,670.26,12460.0
2025-10-08 13:20:00+00:00,670.3,670.4,670.26,670.34,38037.0
2025-10-08 13:25:00+00:00,670.38,670.58,670.29,670.3,59363.0
2025-10-08 13:30:00+00:00,670.25,670.4309,669.88,669.98,2225973.0
2025-10-08 13:35:00+00:00,669.97,670.01,669.56,670.01,1221308.0
2025-10-08 13:40:00+00:00,670.015,670.015,669.42,669.73,815156.0
2025-10-08 13:45:00+00:00,669.73,670.59,669.66,670.4,1421720.0
2025-10-08 13:50:00+00:00,670.41,670.44,669.87,670.21,1352833.0
2025-10-08 13:55:00+00:00,670.22,670.545,670.06,670.28,1029586.0
2025-10-08 14:00:00+00:00,670.29,671.32,670.285,671.2899,1515281.0
2025-10-08 14:05:00+00:00,671.29,671.66,671.22,671.48,868753.0
2025-10-08 14:10:00+00:00,671.48,671.96,671.45,671.74,910082.0
2025-10-08 14:15:00+00:00,671.74,671.9,671.49,671.68,766536.0
2025-10-08 14:20:00+00:00,671.69,671.7,671.165,671.55,772027.0
2025-10-08 14:25:00+00:00,671.55,671.89,671.43,671.89,677696.0
2025-10-08 14:30:00+00:00,671.885,672.165,671.8,671.97,1081644.0
2025-10-08 14:35:00+00:00,671.98,672.02,671.68,671.95,519683.0
2025-10-08 14:40:00+00:00,671.95,671.99,671.58,671.71,614589.0
2025-10-08 14:45:00+00:00,671.7,671.87,671.51,671.71,704346.0
2025-10-08 14:50:00+00:00,671.73,671.78,671.37,671.57,1052340.0
2025-10-08 14:55:00+00:00,671.57,671.79,671.34,671.76,515070.0
2025-10-08 15:00:00+00:00,671.76,671.995,671.685,671.9,616970.0
2025-10-08 15:05:00+00:00,671.91,671.95,671.81,671.95,351761.0
2025-10-08 15:10:00+00:00,671.9421,672.23,671.94,672.12,693229.0
2025-10-08 15:15:00+00:00,672.13,672.245,671.99,672.07,464546.0
2025-10-08 15:20:00+00:00,672.075,672.35,672.03,672.32,409276.0
2025-10-08 15:25:00+00:00,672.33,672.73,672.31,672.545,1273703.0
2025-10-08 15:30:00+00:00,672.54,672.56,672.36,672.455,532989.0
2025-10-08 15:35:00+00:00,672.445,672.63,672.41,672.51,351507.0
2025-10-08 15:40:00+00:00,672.53,672.63,672.4,672.515,329373.0
2025-10-08 15:45:00+00:00,672.52,672.665,672.5,672.64,292829.0
2025-10-08 15:50:00+00:00,672.64,672.96,672.64,672.91,618688.0
2025-10-08 15:55:00+00:00,672.91,672.95,672.725,672.77,774576.0
2025-10-08 16:00:00+00:00,672.78,672.83,672.61,672.66,363429.0
2025-10-08 16:05:00+00:00,672.665,672.8,672.6,672.71,320183.0
2025-10-08 16:10:00+00:00,672.73,672.97,672.73,672.93,421265.0
2025-10-08 16:15:00+00:00,672.93,673.0985,672.8219,672.9656,517606.0
2025-10-08 16:20:00+00:00,672.9601,672.98,672.81,672.86,401128.0
2025-10-08 16:25:00+00:00,672.87,672.87,672.55,672.64,381716.0
2025-10-08 16:30:00+00:00,672.64,672.78,672.51,672.76,315510.0
2025-10-08 16:35:00+00:00,672.76,672.76,672.5721,672.6,225667.0
2025-10-08 16:40:00+00:00,672.5901,672.61,672.46,672.54,285946.0
2025-10-08 16:45:00+00:00,672.54,672.54,672.28,672.3,446244.0
2025-10-08 16:50:00+00:00,672.31,672.46,672.23,672.25,308638.0
2025-10-08 16:55:00+00:00,672.26,672.72,672.255,672.715,408289.0
2025-10-08 17:00:00+00:00,672.71,672.82,672.63,672.71,252525.0
2025-10-08 17:05:00+00:00,672.705,672.705,672.48,672.59,261179.0
2025-10-08 17:10:00+00:00,672.58,672.725,672.44,672.68,250848.0
2025-10-08 17:15:00+00:00,672.68,672.95,672.66,672.81,366432.0
2025-10-08 17:20:00+00:00,672.8051,672.95,672.8,672.92,255275.0
2025-10-08 17:25:00+00:00,672.93,673.03,672.8,672.895,299456.0
2025-10-08 17:30:00+00:00,672.895,672.99,672.81,672.91,344275.0
2025-10-08 17:35:00+00:00,672.89,672.915,672.76,672.78,249748.0
2025-10-08 17:40:00+00:00,672.79,672.79,672.615,672.64,327532.0
2025-10-08 17:45:00+00:00,672.64,673.0,672.605,672.93,448469.0
2025-10-08 17:50:00+00:00,672.93,672.93,672.67,672.7,968103.0
2025-10-08 17:55:00+00:00,672.7,672.72,672.525,672.64,495661.0
2025-10-08 18:00:00+00:00,672.64,672.88,672.47,672.8097,999912.0
2025-10-08 18:05:00+00:00,672.82,672.8976,672.53,672.86,498048.0
2025-10-08 18:10:00+00:00,672.865,673.12,672.765,672.9791,347002.0
2025-10-08 18:15:00+00:00,672.975,673.11,672.87,673.06,366192.0
2025-10-08 18:20:00+00:00,673.09,673.14,672.875,673.015,469206.0
2025-10-08 18:25:00+00:00,673.02,673.08,672.76,672.8,536859.0
2025-10-08 18:30:00+00:00,672.81,672.87,672.685,672.815,454668.0
2025-10-08 18:35:00+00:00,672.81,672.85,672.67,672.67,425271.0
2025-10-08 18:40:00+00:00,672.66,672.685,672.395,672.4,443893.0
2025-10-08 18:45:00+00:00,672.39,672.485,672.19,672.2,585229.0
2025-10-08 18:50:00+00:00,672.21,672.45,672.21,672.245,450092.0
2025-10-08 18:55:00+00:00,672.245,672.347,672.17,672.25,476966.0
2025-10-08 19:00:00+00:00,672.24,672.52,672.15,672.515,580705.0
2025-10-08 19:05:00+00:00,672.52,672.59,672.28,672.42,480759.0
2025-10-08 19:10:00+00:00,672.42,672.66,672.41,672.6541,464258.0
2025-10-08 19:15:00+00:00,672.6501,672.92,672.65,672.92,768231.0
2025-10-08 19:20:00+00:00,672.9101,672.9956,672.8,672.89,646830.0
2025-10-08 19:25:00+00:00,672.895,673.01,672.835,672.895,658343.0
2025-10-08 19:30:00+00:00,672.89,672.97,672.82,672.845,567552.0
2025-10-08 19:35:00+00:00,672.845,672.8981,672.73,672.85,845846.0
2025-10-08 19:40:00+00:00,672.84,672.845,672.66,672.74,799190.0
2025-10-08 19:45:00+00:00,672.74,672.9,672.68,672.87,1176547.0
2025-10-08 19:50:00+00:00,672.89,673.2056,672.84,673.085,1916910.0
2025-10-08 19:55:00+00:00,673.08,673.12,672.87,673.07,3643792.0
2025-10-08 20:00:00+00:00,673.06,673.17,672.89,673.1,651905.0
2025-10-08 20:05:00+00:00,673.08,673.22,673.08,673.11,384216.0
2025-10-08 20:10:00+00:00,673.11,673.21,673.1,673.21,3735790.0
2025-10-08 20:15:00+00:00,673.21,673.33,673.14,673.31,78072.0
2025-10-08 20:20:00+00:00,673.3,673.47,673.28,673.39,82308.0
2025-10-08 20:25:00+00:00,673.38,673.63,673.37,673.54,53726.0
2025-10-08 20:30:00+00:00,673.5599,673.6,673.44,673.4701,25021.0
2025-10-08 20:35:00+00:00,673.48,673.53,673.45,673.52,31099.0
2025-10-08 20:40:00+00:00,673.5,673.54,673.46,673.5,10491.0
2025-10-08 20:45:00+00:00,673.5,673.51,673.32,673.33,25429.0
2025-10-08 20:50:00+00:00,673.3,673.3,673.24,673.2701,5178.0
2025-10-08 20:55:00+00:00,673.3,673.3,673.16,673.17,28266.0
2025-10-08 21:00:00+00:00,673.3,673.39,673.2006,673.24,6451.0
2025-10-08 21:05:00+00:00,673.23,673.3,673.23,673.28,8711.0
2025-10-08 21:10:00+00:00,673.2499,673.25,673.16,673.17,13888.0
2025-10-08 21:15:00+00:00,673.15,673.17,673.15,673.17,2929.0
2025-10-08 21:20:00+00:00,673.13,673.13,673.03,673.03,27372.0
2025-10-08 21:25:00+00:00,673.0,673.03,672.95,673.03,21226.0
2025-10-08 21:30:00+00:00,673.0389,673.08,673.03,673.08,919.0
2025-10-08 21:35:00+00:00,673.06,673.09,673.06,673.09,774.0
2025-10-08 21:40:00+00:00,673.05,673.09,673.05,673.09,2466.0
2025-10-08 21:45:00+00:00,673.05,673.05,673.05,673.05,606.0
2025-10-08 21:50:00+00:00,673.05,673.09,673.05,673.09,636.0
2025-10-08 21:55:00+00:00,673.05,673.05,673.05,673.05,2015.0
2025-10-08 22:00:00+00:00,673.1,673.31,673.1,673.27,22915.0
2025-10-08 22:05:00+00:00,673.25,673.34,673.25,673.34,466.0
2025-10-08 22:10:00+00:00,673.4816,673.4816,673.42,673.4507,2823.0
2025-10-08 22:15:00+00:00,673.43,673.5,673.33,673.33,1608.0
2025-10-08 22:20:00+00:00,673.39,673.58,673.39,673.54,4497.0
2025-10-08 22:25:00+00:00,673.47,673.57,673.47,673.5596,5920.0
2025-10-08 22:30:00+00:00,673.56,673.56,673.38,673.38,3348.0
2025-10-08 22:35:00+00:00,673.5489,673.57,673.5303,673.5303,980.0
2025-10-08 22:40:00+00:00,673.56,673.56,673.54,673.54,653.0
2025-10-08 22:45:00+00:00,673.55,673.55,673.5196,673.5196,603.0
2025-10-08 22:50:00+00:00,673.49,673.52,673.482,673.52,6031.0
2025-10-08 22:55:00+00:00,673.5696,673.6,673.5696,673.589,700.0
2025-10-08 23:00:00+00:00,673.62,673.62,673.599,673.5996,1903.0
2025-10-08 23:05:00+00:00,673.47,673.5,673.47,673.5,1718.0
2025-10-08 23:10:00+00:00,673.51,673.72,673.51,673.7,2272.0
2025-10-08 23:15:00+00:00,673.75,674.0,673.75,673.96,5053.0
2025-10-08 23:20:00+00:00,673.9982,673.9987,673.95,673.9987,1135.0
2025-10-08 23:25:00+00:00,673.95,674.0488,673.9,674.0,3540.0
2025-10-08 23:30:00+00:00,673.95,673.95,673.95,673.95,241.0
2025-10-08 23:35:00+00:00,673.98,673.98,673.9,673.93,12780.0
2025-10-08 23:40:00+00:00,673.91,673.91,673.84,673.84,2417.0
2025-10-08 23:45:00+00:00,673.87,673.9,673.86,673.86,2872.0
2025-10-08 23:50:00+00:00,673.92,673.94,673.75,673.78,3333.0
2025-10-08 23:55:00+00:00,673.8,673.8,673.65,673.78,4352.0
2025-10-09 08:00:00+00:00,673.12,673.28,673.12,673.24,4001.0
2025-10-09 08:05:00+00:00,673.22,673.26,673.22,673.26,1813.0
2025-10-09 08:10:00+00:00,673.22,673.22,672.9,672.93,5264.0
2025-10-09 08:15:00+00:00,672.9,673.01,672.86,673.01,1539.0
2025-10-09 08:20:00+00:00,673.09,673.1,673.06,673.06,1487.0
2025-10-09 08:25:00+00:00,672.98,673.02,672.98,673.02,1077.0
2025-10-09 08:30:00+00:00,672.96,672.96,672.96,672.96,384.0
2025-10-09 08:35:00+00:00,672.83,672.88,672.78,672.84,4796.0
2025-10-09 08:40:00+00:00,672.79,672.79,672.59,672.64,5860.0
2025-10-09 08:45:00+00:00,672.69,672.91,672.65,672.8,5827.0
2025-10-09 08:50:00+00:00,672.64,672.8,672.64,672.77,5260.0
2025-10-09 08:55:00+00:00,672.71,672.84,672.7,672.7,3786.0
2025-10-09 09:00:00+00:00,672.74,672.74,672.61,672.63,2527.0
2025-10-09 09:05:00+00:00,672.67,672.77,672.67,672.74,1807.0
2025-10-09 09:10:00+00:00,672.84,673.11,672.84,673.11,1997.0
2025-10-09 09:15:00+00:00,673.04,673.04,672.99,673.02,1413.0
2025-10-09 09:20:00+00:00,672.97,673.09,672.97,673.09,852.0
2025-10-09 09:25:00+00:00,672.99,673.09,672.99,673.09,879.0
2025-10-09 09:30:00+00:00,673.08,673.16,673.05,673.16,2547.0
2025-10-09 09:35:00+00:00,673.34,673.34,673.22,673.27,1474.0
2025-10-09 09:40:00+00:00,673.29,673.29,673.22,673.29,629.0
2025-10-09 09:45:00+00:00,673.14,673.14,673.11,673.11,1807.0
2025-10-09 09:50:00+00:00,673.15,673.15,673.15,673.15,255.0
2025-10-09 09:55:00+00:00,673.12,673.12,673.1,673.1,628.0
2025-10-09 10:00:00+00:00,673.09,673.13,672.94,673.13,1825.0
2025-10-09 10:05:00+00:00,673.14,673.18,673.13,673.17,2275.0
2025-10-09 10:10:00+00:00,673.17,673.23,673.17,673.23,737.0
2025-10-09 10:15:00+00:00,673.2,673.2,673.2,673.2,271.0
2025-10-09 10:25:00+00:00,673.01,673.01,673.01,673.01,180.0
2025-10-09 10:30:00+00:00,672.83,672.95,672.74,672.75,4502.0
2025-10-09 10:35:00+00:00,672.77,672.9,672.73,672.9,1910.0
2025-10-09 10:40:00+00:00,672.93,672.93,672.93,672.93,1594.0
2025-10-09 10:45:00+00:00,672.91,672.91,672.79,672.84,641.0
2025-10-09 10:50:00+00:00,672.86,672.89,672.85,672.87,3099.0
2025-10-09 10:55:00+00:00,672.99,673.12,672.99,673.11,3146.0
2025-10-09 11:00:00+00:00,673.01,673.18,673.0,673.13,8824.0
2025-10-09 11:05:00+00:00,673.12,673.23,673.09,673.23,5369.0
2025-10-09 11:10:00+00:00,673.19,673.35,673.17,673.17,32803.0
2025-10-09 11:15:00+00:00,673.15,673.23,673.13,673.18,3145.0
2025-10-09 11:20:00+00:00,673.24,673.32,673.24,673.32,2026.0
2025-10-09 11:25:00+00:00,673.3,673.5,673.2,673.49,37365.0
2025-10-09 11:30:00+00:00,673.45,673.58,673.39,673.4,6154.0
2025-10-09 11:35:00+00:00,673.34,673.34,673.29,673.34,1372.0
2025-10-09 11:40:00+00:00,673.43,673.449,673.29,673.29,3357.0
2025-10-09 11:45:00+00:00,673.22,673.29,673.15,673.29,2335.0
2025-10-09 11:50:00+00:00,673.36,673.38,673.36,673.38,625.0
2025-10-09 11:55:00+00:00,673.27,673.27,673.04,673.08,7519.0
2025-10-09 12:00:00+00:00,673.0197,673.68,672.7,673.2396,43419.0
2025-10-09 12:05:00+00:00,673.13,673.19,673.07,673.08,3971.0
2025-10-09 12:10:00+00:00,673.06,673.13,673.04,673.08,50574.0
2025-10-09 12:15:00+00:00,673.05,673.18,673.05,673.09,10631.0
2025-10-09 12:20:00+00:00,673.13,673.1989,673.04,673.14,7886.0
2025-10-09 12:25:00+00:00,673.1713,673.32,673.14,673.32,5806.0
2025-10-09 12:30:00+00:00,673.32,673.32,672.95,673.24,7874.0
2025-10-09 12:35:00+00:00,673.24,673.32,673.1833,673.2609,10246.0
2025-10-09 12:40:00+00:00,673.21,673.33,673.11,673.31,10571.0
2025-10-09 12:45:00+00:00,673.34,673.36,673.1801,673.1826,10643.0
2025-10-09 12:50:00+00:00,673.1837,673.41,673.1837,673.39,7384.0
2025-10-09 12:55:00+00:00,673.4,673.49,673.3999,673.4694,8416.0
2025-10-09 13:00:00+00:00,673.47,673.47,673.33,673.41,7060.0
2025-10-09 13:05:00+00:00,673.44,673.45,673.21,673.32,32497.0
2025-10-09 13:10:00+00:00,673.3,673.3,673.15,673.2004,9240.0
2025-10-09 13:15:00+00:00,673.25,673.47,673.25,673.36,8285.0
2025-10-09 13:20:00+00:00,673.37,673.46,673.36,673.46,45036.0
2025-10-09 13:25:00+00:00,673.46,673.58,673.24,673.53,39667.0
2025-10-09 13:30:00+00:00,673.53,673.94,673.225,673.33,2159674.0
2025-10-09 13:35:00+00:00,673.35,673.58,673.21,673.505,1065473.0
2025-10-09 13:40:00+00:00,673.51,673.58,672.66,672.72,1327028.0
2025-10-09 13:45:00+00:00,672.73,673.01,672.41,672.94,1082972.0
2025-10-09 13:50:00+00:00,672.92,673.078,671.8,671.83,1492155.0
2025-10-09 13:55:00+00:00,671.84,672.245,671.57,671.915,1299721.0
2025-10-09 14:00:00+00:00,671.91,672.055,671.43,671.96,1142199.0
2025-10-09 14:05:00+00:00,671.95,672.24,671.77,671.865,935834.0
2025-10-09 14:10:00+00:00,671.88,672.23,671.8,671.99,659283.0
2025-10-09 14:15:00+00:00,671.995,672.0,671.55,671.71,724312.0
2025-10-09 14:20:00+00:00,671.71,671.71,671.12,671.55,947880.0
2025-10-09 14:25:00+00:00,671.54,671.55,671.17,671.225,1767391.0
2025-10-09 14:30:00+00:00,671.23,671.23,670.63,670.725,928272.0
2025-10-09 14:35:00+00:00,670.73,670.825,670.3,670.44,1211345.0
2025-10-09 14:40:00+00:00,670.42,670.825,670.25,670.27,1010660.0
2025-10-09 14:45:00+00:00,670.26,670.91,669.97,670.905,1119218.0
2025-10-09 14:50:00+00:00,670.91,671.165,670.85,670.98,864981.0
2025-10-09 14:55:00+00:00,670.965,671.53,670.92,671.355,774292.0
2025-10-09 15:00:00+00:00,671.35,671.68,671.245,671.48,652451.0
2025-10-09 15:05:00+00:00,671.48,671.635,671.18,671.58,696295.0
2025-10-09 15:10:00+00:00,671.59,671.595,671.285,671.505,466307.0
2025-10-09 15:15:00+00:00,671.51,671.851,671.5,671.601,705870.0
2025-10-09 15:20:00+00:00,671.61,671.655,670.99,671.09,690988.0
2025-10-09 15:25:00+00:00,671.09,671.21,670.67,670.75,444264.0
2025-10-09 15:30:00+00:00,670.75,670.84,670.185,670.33,701785.0
2025-10-09 15:35:00+00:00,670.32,670.84,669.99,670.57,729916.0
2025-10-09 15:40:00+00:00,670.54,670.54,670.26,670.42,644760.0
2025-10-09 15:45:00+00:00,670.43,671.1752,670.38,671.15,670700.0
2025-10-09 15:50:00+00:00,671.15,671.43,671.1,671.36,653674.0
2025-10-09 15:55:00+00:00,671.37,671.51,671.25,671.308,272258.0
2025-10-09 16:00:00+00:00,671.31,671.58,671.31,671.46,291504.0
2025-10-09 16:05:00+00:00,671.455,671.525,671.06,671.225,394719.0
2025-10-09 16:10:00+00:00,671.23,671.39,671.0755,671.155,296599.0
2025-10-09 16:15:00+00:00,671.155,671.38,670.93,671.05,361062.0
2025-10-09 16:20:00+00:00,671.07,671.09,670.54,670.95,459593.0
2025-10-09 16:25:00+00:00,670.95,671.1,670.73,670.965,446996.0
2025-10-09 16:30:00+00:00,670.97,671.07,670.83,670.945,235167.0
2025-10-09 16:35:00+00:00,670.945,671.08,670.77,670.85,281373.0
2025-10-09 16:40:00+00:00,670.85,670.87,670.18,670.64,550548.0
2025-10-09 16:45:00+00:00,670.66,671.09,670.59,671.04,379431.0
2025-10-09 16:50:00+00:00,671.05,671.125,670.34,670.34,399685.0
2025-10-09 16:55:00+00:00,670.34,670.3986,669.65,669.8,806460.0
2025-10-09 17:00:00+00:00,669.8,670.15,669.62,669.81,862177.0
2025-10-09 17:05:00+00:00,669.82,670.38,669.45,670.2199,857055.0
2025-10-09 17:10:00+00:00,670.22,670.255,669.68,669.8599,481138.0
2025-10-09 17:15:00+00:00,669.852,669.98,669.38,669.67,838631.0
2025-10-09 17:20:00+00:00,669.66,670.105,669.6,669.67,550924.0
2025-10-09 17:25:00+00:00,669.67,669.79,669.34,669.4688,654638.0
2025-10-09 17:30:00+00:00,669.46,669.77,669.21,669.665,671817.0
2025-10-09 17:35:00+00:00,669.665,670.175,669.37,670.125,740591.0
2025-10-09 17:40:00+00:00,670.12,670.345,669.76,670.01,448035.0
2025-10-09 17:45:00+00:00,670.01,670.25,669.82,670.24,324669.0
2025-10-09 17:50:00+00:00,670.24,670.38,669.9601,670.05,419417.0
2025-10-09 17:55:00+00:00,670.05,670.23,669.955,670.19,274203.0
2025-10-09 18:00:00+00:00,670.185,670.2352,669.66,669.71,522322.0
2025-10-09 18:05:00+00:00,669.71,669.76,669.33,669.63,400007.0
2025-10-09 18:10:00+00:00,669.63,669.9299,669.6,669.78,347491.0
2025-10-09 18:15:00+00:00,669.75,670.27,669.69,670.13,468632.0
2025-10-09 18:20:00+00:00,670.14,670.2148,669.9,670.11,454159.0
2025-10-09 18:25:00+00:00,670.12,670.33,669.775,669.82,375416.0
2025-10-09 18:30:00+00:00,669.81,669.88,669.55,669.735,358707.0
2025-10-09 18:35:00+00:00,669.7383,669.845,669.67,669.76,300051.0
2025-10-09 18:40:00+00:00,669.75,669.975,669.64,669.775,855880.0
2025-10-09 18:45:00+00:00,669.775,669.8669,669.58,669.715,331340.0
2025-10-09 18:50:00+00:00,669.71,669.88,669.5185,669.69,372506.0
2025-10-09 18:55:00+00:00,669.69,670.08,669.58,669.9,494709.0
2025-10-09 19:00:00+00:00,669.92,670.08,669.825,669.95,415943.0
2025-10-09 19:05:00+00:00,669.95,670.25,669.91,670.19,425476.0
2025-10-09 19:10:00+00:00,670.19,670.485,670.09,670.22,590059.0
2025-10-09 19:15:00+00:00,670.22,670.47,670.0407,670.45,870364.0
2025-10-09 19:20:00+00:00,670.445,670.65,670.415,670.63,652891.0
2025-10-09 19:25:00+00:00,670.63,670.67,670.44,670.51,600704.0
2025-10-09 19:30:00+00:00,670.51,670.62,670.44,670.58,531158.0
2025-10-09 19:35:00+00:00,670.575,670.97,670.53,670.81,1067868.0
2025-10-09 19:40:00+00:00,670.82,670.97,670.7,670.95,793993.0
2025-10-09 19:45:00+00:00,670.95,671.14,670.82,671.009,827904.0
2025-10-09 19:50:00+00:00,671.0,671.26,670.92,671.175,2533648.0
2025-10-09 19:55:00+00:00,671.17,671.21,670.58,671.17,4399988.0
2025-10-09 20:00:00+00:00,671.19,671.31,671.0,671.13,920736.0
2025-10-09 20:05:00+00:00,671.13,671.23,671.09,671.1794,179955.0
2025-10-09 20:10:00+00:00,671.17,671.17,670.91,670.96,3572256.0
2025-10-09 20:15:00+00:00,670.98,670.98,670.76,670.78,213582.0
2025-10-09 20:20:00+00:00,670.76,670.92,670.7,670.81,17710.0
2025-10-09 20:25:00+00:00,670.81,671.16,670.77,670.77,104564.0
2025-10-09 20:30:00+00:00,670.79,670.8,670.63,670.7,48326.0
2025-10-09 20:35:00+00:00,670.69,670.84,670.68,670.82,20350.0
2025-10-09 20:40:00+00:00,670.82,670.9207,670.79,670.9207,152019.0
2025-10-09 20:45:00+00:00,670.94,670.95,670.8,670.8,10224.0
2025-10-09 20:50:00+00:00,670.77,670.87,670.76,670.77,10204.0
2025-10-09 20:55:00+00:00,670.79,671.02,670.79,671.02,4364.0
2025-10-09 21:00:00+00:00,671.02,671.05,670.94,671.05,2856.0
2025-10-09 21:05:00+00:00,671.05,671.0597,670.9988,671.0,2323.0
2025-10-09 21:15:00+00:00,670.98,671.01,670.98,671.01,711.0
2025-10-09 21:20:00+00:00,671.01,671.01,670.9554,670.9554,62641.0
2025-10-09 21:25:00+00:00,671.01,671.01,671.0,671.0,1210.0
2025-10-09 21:30:00+00:00,671.01,671.05,670.9558,671.0,9743.0
2025-10-09 21:35:00+00:00,671.05,671.11,671.05,671.1,4387.0
2025-10-09 21:40:00+00:00,671.1,671.11,671.1,671.11,3269.0
2025-10-09 21:45:00+00:00,671.09,671.0988,671.09,671.0988,580.0
2025-10-09 21:50:00+00:00,671.07,671.17,671.07,671.12,7804.0
2025-10-09 21:55:00+00:00,671.14,671.2,671.11,671.11,8596.0
2025-10-09 22:00:00+00:00,671.05,671.67,671.05,671.42,62663.0
2025-10-09 22:05:00+00:00,671.4001,671.44,671.28,671.3,5990.0
2025-10-09 22:10:00+00:00,671.3,671.3,671.05,671.05,2830.0
2025-10-09 22:15:00+00:00,671.13,671.34,671.12,671.3,1798.0
2025-10-09 22:20:00+00:00,671.22,671.22,671.2137,671.2137,1326.0
2025-10-09 22:25:00+00:00,671.1732,671.22,671.17,671.2199,2330.0
2025-10-09 22:30:00+00:00,671.23,671.66,671.23,671.5,11733.0
2025-10-09 22:35:00+00:00,671.56,671.64,671.51,671.51,10968.0
2025-10-09 22:40:00+00:00,671.5,671.68,671.5,671.68,2069.0
2025-10-09 22:45:00+00:00,671.61,671.64,671.55,671.551,5552.0
2025-10-09 22:50:00+00:00,671.55,671.55,671.46,671.46,3219.0
2025-10-09 22:55:00+00:00,671.56,671.59,671.56,671.59,1668.0
2025-10-09 23:00:00+00:00,671.59,671.69,671.59,671.6696,2521.0
2025-10-09 23:05:00+00:00,671.55,671.56,671.45,671.4818,3622.0
2025-10-09 23:10:00+00:00,671.48,671.48,671.48,671.48,716.0
2025-10-09 23:15:00+00:00,671.5,671.55,671.48,671.55,5655.0
2025-10-09 23:20:00+00:00,671.52,671.65,671.52,671.65,4356.0
2025-10-09 23:25:00+00:00,671.6504,671.66,671.64,671.65,2573.0
2025-10-09 23:30:00+00:00,671.59,671.69,671.52,671.69,3479.0
2025-10-09 23:35:00+00:00,671.69,671.7,671.63,671.67,1208.0
2025-10-09 23:40:00+00:00,671.63,671.63,671.57,671.6,1658.0
2025-10-09 23:45:00+00:00,671.69,671.9,671.67,671.87,2979.0
2025-10-09 23:50:00+00:00,671.8126,671.9,671.81,671.83,1710.0
2025-10-09 23:55:00+00:00,671.86,671.96,671.86,671.96,6403.0
2025-10-10 08:00:00+00:00,671.94,672.29,671.9,672.02,7454.0
2025-10-10 08:05:00+00:00,672.05,672.2,671.96,672.2,3996.0
2025-10-10 08:10:00+00:00,672.25,672.3,672.15,672.25,5003.0
2025-10-10 08:15:00+00:00,672.26,672.28,672.26,672.28,1616.0
2025-10-10 08:20:00+00:00,672.08,672.18,672.07,672.18,2292.0
2025-10-10 08:25:00+00:00,672.21,672.21,672.2,672.2,990.0
2025-10-10 08:30:00+00:00,672.1,672.15,672.09,672.15,2662.0
2025-10-10 08:35:00+00:00,672.25,672.29,672.25,672.29,526.0
2025-10-10 08:40:00+00:00,672.31,672.33,672.3,672.31,2574.0
2025-10-10 08:45:00+00:00,672.42,672.42,672.35,672.35,884.0
2025-10-10 08:50:00+00:00,672.39,672.4,672.3,672.34,1445.0
2025-10-10 08:55:00+00:00,672.31,672.31,672.25,672.25,792.0
2025-10-10 09:00:00+00:00,672.29,672.29,671.5,672.03,19533.0
2025-10-10 09:05:00+00:00,671.98,672.13,671.95,672.13,2638.0
2025-10-10 09:10:00+00:00,672.2,672.2,671.82,671.84,3335.0
2025-10-10 09:15:00+00:00,671.93,671.93,671.71,671.72,1240.0
2025-10-10 09:20:00+00:00,671.7,671.87,671.61,671.75,3932.0
2025-10-10 09:25:00+00:00,671.72,671.74,671.69,671.7,2869.0
2025-10-10 09:30:00+00:00,671.59,671.61,671.48,671.6,3620.0
2025-10-10 09:35:00+00:00,671.58,671.58,671.38,671.4,3256.0
2025-10-10 09:40:00+00:00,671.39,671.43,671.33,671.43,2019.0
2025-10-10 09:45:00+00:00,671.33,671.33,671.0,671.0,2942.0
2025-10-10 09:50:00+00:00,671.03,671.1,670.88,670.89,4031.0
2025-10-10 09:55:00+00:00,670.83,670.84,670.67,670.76,5056.0
2025-10-10 10:00:00+00:00,670.83,671.01,670.77,670.94,4141.0
2025-10-10 10:05:00+00:00,671.14,671.22,671.11,671.15,2578.0
2025-10-10 10:10:00+00:00,671.23,671.45,671.23,671.45,2082.0
2025-10-10 10:15:00+00:00,671.32,671.48,671.32,671.48,1430.0
2025-10-10 10:20:00+00:00,671.41,671.49,671.37,671.4,5116.0
2025-10-10 10:25:00+00:00,671.4,671.4,671.27,671.33,36350.0
2025-10-10 10:30:00+00:00,671.3,671.32,671.2,671.21,4231.0
2025-10-10 10:35:00+00:00,671.19,671.19,671.03,671.11,4255.0
2025-10-10 10:40:00+00:00,671.15,671.44,671.15,671.43,11635.0
2025-10-10 10:45:00+00:00,671.4,671.4,671.18,671.19,5098.0
2025-10-10 10:50:00+00:00,671.2,671.46,671.2,671.39,6157.0
2025-10-10 10:55:00+00:00,671.41,671.61,671.41,671.61,5403.0
2025-10-10 11:00:00+00:00,671.63,671.9,671.61,671.88,20627.0
2025-10-10 11:05:00+00:00,671.87,671.87,671.59,671.75,8252.0
2025-10-10 11:10:00+00:00,671.75,671.939,671.75,671.86,23380.0
2025-10-10 11:15:00+00:00,671.88,671.88,671.75,671.8,21587.0
2025-10-10 11:20:00+00:00,671.81,671.9,671.8,671.82,11328.0
2025-10-10 11:25:00+00:00,671.78,671.94,671.78,671.94,28077.0
2025-10-10 11:30:00+00:00,671.95,672.15,671.95,672.15,10262.0
2025-10-10 11:35:00+00:00,672.15,672.15,671.81,671.91,37901.0
2025-10-10 11:40:00+00:00,671.85,672.0,671.75,671.81,3267.0
2025-10-10 11:45:00+00:00,671.93,671.99,671.91,671.99,1987.0
2025-10-10 11:50:00+00:00,672.1,672.1,672.01,672.01,11972.0
2025-10-10 11:55:00+00:00,672.06,672.19,671.98,672.15,16585.0
2025-10-10 12:00:00+00:00,672.16,672.48,670.66,672.12,55702.0
2025-10-10 12:05:00+00:00,672.12,672.32,672.12,672.24,24583.0
2025-10-10 12:10:00+00:00,672.26,672.37,672.11,672.32,24776.0
2025-10-10 12:15:00+00:00,672.28,672.28,672.21,672.22,10375.0
2025-10-10 12:20:00+00:00,672.22,672.34,672.16,672.23,10789.0
2025-10-10 12:25:00+00:00,672.26,672.26,672.0813,672.13,14622.0
2025-10-10 12:30:00+00:00,672.1,672.2,672.1,672.18,10730.0
2025-10-10 12:35:00+00:00,672.15,672.17,671.93,671.97,33012.0
2025-10-10 12:40:00+00:00,671.9795,672.16,671.59,671.59,48407.0
2025-10-10 12:45:00+00:00,671.6,671.66,671.46,671.64,17619.0
2025-10-10 12:50:00+00:00,671.6192,671.75,671.55,671.72,10519.0
2025-10-10 12:55:00+00:00,671.67,671.7,671.52,671.67,8979.0
2025-10-10 13:00:00+00:00,671.67,671.93,671.67,671.88,13215.0
2025-10-10 13:05:00+00:00,671.9,671.9084,671.82,671.88,4586.0
2025-10-10 13:10:00+00:00,671.87,671.94,671.77,671.92,12542.0
2025-10-10 13:15:00+00:00,671.8811,671.93,671.75,671.82,42981.0
2025-10-10 13:20:00+00:00,671.79,671.9,671.73,671.8,23667.0
2025-10-10 13:25:00+00:00,671.82,672.21,671.69,672.15,60201.0
2025-10-10 13:30:00+00:00,672.13,672.79,671.88,672.49,2106924.0
2025-10-10 13:35:00+00:00,672.4954,673.59,672.44,673.46,1392940.0
2025-10-10 13:40:00+00:00,673.48,673.63,673.19,673.55,850767.0
2025-10-10 13:45:00+00:00,673.56,673.95,672.95,673.08,1130781.0
2025-10-10 13:50:00+00:00,673.09,673.09,672.515,672.61,1291630.0
2025-10-10 13:55:00+00:00,672.585,673.27,672.48,673.01,887354.0
2025-10-10 14:00:00+00:00,673.1,673.36,672.19,672.555,1101783.0
2025-10-10 14:05:00+00:00,672.55,673.18,672.31,673.0191,756932.0
2025-10-10 14:10:00+00:00,673.02,673.11,672.42,672.54,512634.0
2025-10-10 14:15:00+00:00,672.5,672.55,671.8,672.28,1002528.0
2025-10-10 14:20:00+00:00,672.28,672.73,672.25,672.65,626326.0
2025-10-10 14:25:00+00:00,672.64,673.12,672.46,672.57,761717.0
2025-10-10 14:30:00+00:00,672.59,672.855,672.47,672.6801,458496.0
2025-10-10 14:35:00+00:00,672.67,672.81,672.24,672.54,471280.0
2025-10-10 14:40:00+00:00,672.55,672.6,672.13,672.55,417379.0
2025-10-10 14:45:00+00:00,672.55,673.065,672.51,672.995,397517.0
2025-10-10 14:50:00+00:00,672.99,673.065,672.63,672.86,605208.0
2025-10-10 14:55:00+00:00,672.87,673.01,667.66,669.16,4936056.0
2025-10-10 15:00:00+00:00,669.13,669.18,665.15,666.01,7486426.0
2025-10-10 15:05:00+00:00,665.98,667.63,665.25,665.7001,5598645.0
2025-10-10 15:10:00+00:00,665.71,668.23,665.62,667.73,3945938.0
2025-10-10 15:15:00+00:00,667.73,668.12,664.68,665.59,3488815.0
2025-10-10 15:20:00+00:00,665.59,666.1,662.7,662.835,4358216.0
2025-10-10 15:25:00+00:00,662.81,664.21,661.93,662.44,4319159.0
2025-10-10 15:30:00+00:00,662.44,662.49,659.6,660.62,5345106.0
2025-10-10 15:35:00+00:00,660.61,661.85,660.34,660.38,3330898.0
2025-10-10 15:40:00+00:00,660.43,663.15,659.47,663.06,3379578.0
2025-10-10 15:45:00+00:00,663.05,663.705,661.87,662.72,2723288.0
2025-10-10 15:50:00+00:00,662.64,664.09,662.49,663.06,2460783.0
2025-10-10 15:55:00+00:00,663.02,663.02,660.77,661.85,1922736.0
2025-10-10 16:00:00+00:00,661.8107,661.83,660.22,660.8,1487852.0
2025-10-10 16:05:00+00:00,660.84,661.65,660.36,661.23,1656125.0
2025-10-10 16:10:00+00:00,661.2,662.16,660.42,661.95,2109936.0
2025-10-10 16:15:00+00:00,661.96,662.21,660.57,661.23,1492255.0
2025-10-10 16:20:00+00:00,661.27,662.66,660.53,661.93,1832126.0
2025-10-10 16:25:00+00:00,661.91,662.24,661.36,661.57,1307607.0
2025-10-10 16:30:00+00:00,661.58,662.7556,661.42,661.6,1197559.0
2025-10-10 16:35:00+00:00,661.61,662.32,661.05,661.81,1179815.0
2025-10-10 16:40:00+00:00,661.79,662.08,660.5,660.74,1032806.0
2025-10-10 16:45:00+00:00,660.75,661.2,659.71,659.79,1355059.0
2025-10-10 16:50:00+00:00,659.78,659.93,659.0,659.39,1618057.0
2025-10-10 16:55:00+00:00,659.395,659.78,658.91,659.12,1203282.0
2025-10-10 17:00:00+00:00,659.11,659.58,658.0,658.25,1460849.0
2025-10-10 17:05:00+00:00,658.25,658.47,657.84,658.0,1094001.0
2025-10-10 17:10:00+00:00,657.99,659.24,657.74,658.14,1256898.0
2025-10-10 17:15:00+00:00,658.21,659.25,657.98,658.66,1091026.0
2025-10-10 17:20:00+00:00,658.69,659.54,658.105,659.03,913920.0
2025-10-10 17:25:00+00:00,659.05,659.89,658.83,659.77,978428.0
2025-10-10 17:30:00+00:00,659.74,660.32,659.33,660.25,983999.0
2025-10-10 17:35:00+00:00,660.245,660.93,659.96,660.11,1031391.0
2025-10-10 17:40:00+00:00,660.1,660.72,659.73,659.79,1112412.0
2025-10-10 17:45:00+00:00,659.78,660.05,658.81,659.74,1151558.0
2025-10-10 17:50:00+00:00,659.73,659.83,658.84,658.929,666814.0
2025-10-10 17:55:00+00:00,658.94,659.64,658.77,659.59,727841.0
2025-10-10 18:00:00+00:00,659.63,659.71,658.64,659.0101,841950.0
2025-10-10 18:05:00+00:00,659.01,659.44,658.71,658.93,704695.0
2025-10-10 18:10:00+00:00,658.95,659.61,658.71,659.52,893296.0
2025-10-10 18:15:00+00:00,659.53,659.9,658.69,659.06,937804.0
2025-10-10 18:20:00+00:00,659.09,660.07,659.09,659.94,917027.0
2025-10-10 18:25:00+00:00,659.93,660.09,659.04,659.1,850511.0
2025-10-10 18:30:00+00:00,659.11,659.51,658.63,658.63,827698.0
2025-10-10 18:35:00+00:00,658.63,658.85,658.4,658.545,1117000.0
2025-10-10 18:40:00+00:00,658.5,658.71,657.87,657.9,2444697.0
2025-10-10 18:45:00+00:00,657.9,658.53,657.4,657.71,960927.0
2025-10-10 18:50:00+00:00,657.68,657.84,656.78,656.86,1206211.0
2025-10-10 18:55:00+00:00,656.85,657.6795,656.7845,657.18,1063039.0
2025-10-10 19:00:00+00:00,657.18,658.26,657.11,657.615,1215886.0
2025-10-10 19:05:00+00:00,657.62,657.8,657.12,657.18,1166793.0
2025-10-10 19:10:00+00:00,657.17,657.3,656.3,656.57,1000692.0
2025-10-10 19:15:00+00:00,656.54,657.225,656.375,657.06,1222975.0
2025-10-10 19:20:00+00:00,657.04,657.28,656.25,656.3,1056365.0
2025-10-10 19:25:00+00:00,656.31,656.675,655.51,655.99,1968787.0
2025-10-10 19:30:00+00:00,656.01,656.32,655.43,655.6,1453343.0
2025-10-10 19:35:00+00:00,655.55,655.55,654.06,654.2,2186724.0
2025-10-10 19:40:00+00:00,654.2,656.09,654.14,656.06,3399151.0
2025-10-10 19:45:00+00:00,656.075,656.81,655.71,655.96,3115918.0
2025-10-10 19:50:00+00:00,655.95,656.05,653.65,653.67,3346110.0
2025-10-10 19:55:00+00:00,653.65,653.66,652.84,653.11,8189840.0
2025-10-10 20:00:00+00:00,653.1,653.73,652.6,653.68,1530459.0
2025-10-10 20:05:00+00:00,653.68,656.6821,653.2,653.57,1214848.0
2025-10-10 20:10:00+00:00,653.57,654.37,653.57,654.15,526690.0
2025-10-10 20:15:00+00:00,654.04,654.04,653.45,653.69,5527543.0
2025-10-10 20:20:00+00:00,653.72,654.0,653.64,653.65,117166.0
2025-10-10 20:25:00+00:00,653.72,654.17,653.67,654.17,87926.0
2025-10-10 20:30:00+00:00,654.17,654.18,653.02,653.74,85835.0
2025-10-10 20:35:00+00:00,653.77,653.99,653.71,653.88,20372.0
2025-10-10 20:40:00+00:00,653.91,653.99,653.69,653.73,1073535.0
2025-10-10 20:45:00+00:00,653.72,653.77,653.55,653.73,196739.0
2025-10-10 20:50:00+00:00,653.7,653.7,648.0,648.86,1506221.0
2025-10-10 20:55:00+00:00,648.89,649.87,647.76,648.96,557594.0
2025-10-10 21:00:00+00:00,648.96,650.0,648.4403,648.65,143340.0
2025-10-10 21:05:00+00:00,648.65,649.1,648.2,648.75,162733.0
2025-10-10 21:10:00+00:00,648.4353,649.67,648.0,649.069,136933.0
2025-10-10 21:15:00+00:00,649.07,649.24,648.5,648.52,112956.0
2025-10-10 21:20:00+00:00,648.52,648.9851,648.38,648.67,124883.0
2025-10-10 21:25:00+00:00,648.67,648.75,648.34,648.35,58570.0
2025-10-10 21:30:00+00:00,648.39,648.39,647.83,648.01,125531.0
2025-10-10 21:35:00+00:00,648.01,648.16,647.6837,648.0,69506.0
2025-10-10 21:40:00+00:00,648.03,648.19,647.3,647.3,54989.0
2025-10-10 21:45:00+00:00,647.5982,647.5982,646.92,646.99,145131.0
2025-10-10 21:50:00+00:00,646.9,647.53,646.5,646.82,69883.0
2025-10-10 21:55:00+00:00,646.85,646.9,646.52,646.9,55564.0
2025-10-10 22:00:00+00:00,646.8798,647.36,646.85,647.31,53778.0
2025-10-10 22:05:00+00:00,647.33,650.46,646.2,649.3,343477.0
2025-10-10 22:10:00+00:00,649.3,650.75,649.0,649.96,130681.0
2025-10-10 22:15:00+00:00,649.71,649.94,649.04,649.25,62121.0
2025-10-10 22:20:00+00:00,649.2,650.29,649.1,650.29,37965.0
2025-10-10 22:25:00+00:00,650.3,650.67,649.31,650.3,85549.0
2025-10-10 22:30:00+00:00,650.3,650.5687,650.1,650.1,35492.0
2025-10-10 22:35:00+00:00,650.0988,651.0,648.72,648.81,79336.0
2025-10-10 22:40:00+00:00,648.9988,648.9988,647.95,647.9973,54748.0
2025-10-10 22:45:00+00:00,648.28,648.5,647.7,648.23,64783.0
2025-10-10 22:50:00+00:00,648.26,649.05,648.2,649.03,44577.0
2025-10-10 22:55:00+00:00,649.01,650.0,649.01,650.0,15808.0
2025-10-10 23:00:00+00:00,650.0,650.06,649.74,649.8999,4835.0
2025-10-10 23:05:00+00:00,649.9,650.0,649.55,650.0,6234.0
2025-10-10 23:10:00+00:00,649.8,650.11,649.8,650.11,40705.0
2025-10-10 23:15:00+00:00,650.15,650.15,649.9995,650.08,19757.0
2025-10-10 23:20:00+00:00,650.01,650.6313,649.87,650.5,34116.0
2025-10-10 23:25:00+00:00,650.65,651.39,650.65,651.39,38750.0
2025-10-10 23:30:00+00:00,651.3,651.71,651.3,651.71,18892.0
2025-10-10 23:35:00+00:00,651.6,652.43,651.6,652.28,32158.0
2025-10-10 23:40:00+00:00,652.28,652.7,652.28,652.7,41516.0
2025-10-10 23:45:00+00:00,652.7,653.06,652.7,653.05,25746.0
2025-10-10 23:50:00+00:00,653.05,653.21,653.0,653.0,91700.0
2025-10-10 23:55:00+00:00,652.68,652.7,652.12,652.15,26538.0
2025-10-13 08:00:00+00:00,661.5,663.23,658.17,663.19,82961.0
2025-10-13 08:05:00+00:00,663.23,663.23,662.66,662.66,46023.0
2025-10-13 08:10:00+00:00,662.77,662.81,662.58,662.65,21722.0
2025-10-13 08:15:00+00:00,662.68,662.82,662.17,662.4,32408.0
2025-10-13 08:20:00+00:00,662.74,662.76,662.17,662.27,17419.0
2025-10-13 08:25:00+00:00,662.21,662.21,661.91,661.91,12419.0
2025-10-13 08:30:00+00:00,662.04,662.5,662.01,662.46,12809.0
2025-10-13 08:35:00+00:00,662.23,662.23,661.95,661.99,4003.0
2025-10-13 08:40:00+00:00,662.0,662.31,661.58,661.58,11869.0
2025-10-13 08:45:00+00:00,661.63,661.9,661.57,661.9,10510.0
2025-10-13 08:50:00+00:00,661.9,662.13,661.9,661.99,8249.0
2025-10-13 08:55:00+00:00,662.19,662.3,662.19,662.22,1518.0
2025-10-13 09:00:00+00:00,662.21,662.4,662.13,662.18,8336.0
2025-10-13 09:05:00+00:00,662.21,662.21,662.09,662.13,3272.0
2025-10-13 09:10:00+00:00,661.93,662.0,661.81,662.0,2309.0
2025-10-13 09:15:00+00:00,662.22,662.27,662.22,662.27,821.0
2025-10-13 09:20:00+00:00,662.25,662.36,661.99,662.08,8606.0
2025-10-13 09:25:00+00:00,662.25,662.25,661.93,661.93,3658.0
2025-10-13 09:30:00+00:00,661.95,662.0,661.78,661.92,13034.0
2025-10-13 09:35:00+00:00,661.9,661.95,661.65,661.7,3899.0
2025-10-13 09:40:00+00:00,661.76,661.78,661.73,661.78,4351.0
2025-10-13 09:45:00+00:00,661.79,661.8,661.58,661.64,2213.0
2025-10-13 09:50:00+00:00,661.76,661.92,661.7,661.8,4716.0
2025-10-13 09:55:00+00:00,661.8,662.0,661.7,661.7,3956.0
2025-10-13 10:00:00+00:00,661.68,661.85,661.58,661.85,4620.0
2025-10-13 10:05:00+00:00,661.85,661.86,661.8,661.85,3430.0
2025-10-13 10:10:00+00:00,661.72,661.87,661.71,661.8,8557.0
2025-10-13 10:15:00+00:00,661.73,661.73,661.2,661.63,15031.0
2025-10-13 10:20:00+00:00,661.68,661.68,661.28,661.5,1254.0
2025-10-13 10:25:00+00:00,661.68,661.8,661.68,661.8,16072.0
2025-10-13 10:30:00+00:00,661.8,662.21,661.8,662.21,17389.0
2025-10-13 10:35:00+00:00,662.14,662.18,661.81,661.9,5856.0
2025-10-13 10:40:00+00:00,661.88,661.88,661.34,661.39,7125.0
2025-10-13 10:45:00+00:00,661.39,661.39,661.11,661.24,9727.0
2025-10-13 10:50:00+00:00,661.17,661.35,661.05,661.33,11527.0
2025-10-13 10:55:00+00:00,661.32,661.74,661.32,661.74,43974.0
2025-10-13 11:00:00+00:00,661.64,662.18,660.8,661.24,141369.0
2025-10-13 11:05:00+00:00,661.37,661.37,659.7,659.8,133102.0
2025-10-13 11:10:00+00:00,659.97,660.24,658.91,660.16,86733.0
2025-10-13 11:15:00+00:00,660.15,660.4,660.01,660.33,34064.0
2025-10-13 11:20:00+00:00,660.33,660.46,659.93,660.01,52728.0
2025-10-13 11:25:00+00:00,660.04,660.25,659.74,659.9,112925.0
2025-10-13 11:30:00+00:00,659.95,660.38,659.24,660.15,118323.0
2025-10-13 11:35:00+00:00,660.05,660.38,659.65,659.89,33528.0
2025-10-13 11:40:00+00:00,660.0,660.549,660.0,660.42,67038.0
2025-10-13 11:45:00+00:00,660.44,660.77,660.32,660.6,27174.0
2025-10-13 11:50:00+00:00,660.47,660.69,660.02,660.62,75872.0
2025-10-13 11:55:00+00:00,660.5,660.5,660.19,660.28,28766.0
2025-10-13 12:00:00+00:00,661.51,663.97,659.0,659.8401,309299.0
2025-10-13 12:05:00+00:00,659.91,660.08,659.6297,659.9,22138.0
2025-10-13 12:10:00+00:00,659.99,660.54,659.98,660.54,52949.0
2025-10-13 12:15:00+00:00,660.5,660.78,660.4013,660.65,52387.0
2025-10-13 12:20:00+00:00,660.63,660.63,660.0,660.5801,53440.0
2025-10-13 12:25:00+00:00,660.61,660.65,660.33,660.4693,44614.0
2025-10-13 12:30:00+00:00,660.39,660.95,660.39,660.9,62446.0
2025-10-13 12:35:00+00:00,660.84,661.11,660.82,661.09,89498.0
2025-10-13 12:40:00+00:00,661.06,661.08,660.77,660.94,30217.0
2025-10-13 12:45:00+00:00,660.95,661.25,660.9,661.09,69103.0
2025-10-13 12:50:00+00:00,661.04,661.05,660.66,661.0,69661.0
2025-10-13 12:55:00+00:00,661.01,661.03,660.37,660.61,24916.0
2025-10-13 13:00:00+00:00,660.59,661.6201,660.59,661.56,303172.0
2025-10-13 13:05:00+00:00,661.57,661.68,661.27,661.4099,73534.0
2025-10-13 13:10:00+00:00,661.31,661.57,661.17,661.4159,71872.0
2025-10-13 13:15:00+00:00,661.35,661.6,661.25,661.48,78821.0
2025-10-13 13:20:00+00:00,661.46,661.73,661.09,661.09,143149.0
2025-10-13 13:25:00+00:00,661.14,661.3,660.56,660.65,165746.0
2025-10-13 13:30:00+00:00,660.65,661.67,660.53,660.71,3608231.0
2025-10-13 13:35:00+00:00,660.72,660.95,659.8,660.6,2490247.0
2025-10-13 13:40:00+00:00,660.58,661.52,659.93,661.09,2167821.0
2025-10-13 13:45:00+00:00,661.08,661.4706,660.34,661.17,1627912.0
2025-10-13 13:50:00+00:00,661.17,662.11,660.87,661.61,1677021.0
2025-10-13 13:55:00+00:00,661.62,663.0,661.51,662.8788,1684214.0
2025-10-13 14:00:00+00:00,662.87,663.23,662.06,663.0309,1996412.0
2025-10-13 14:05:00+00:00,663.03,663.08,662.3,662.66,1295892.0
2025-10-13 14:10:00+00:00,662.65,662.695,661.92,662.2,1279495.0
2025-10-13 14:15:00+00:00,662.2,662.78,662.01,662.03,908915.0
2025-10-13 14:20:00+00:00,662.03,662.22,660.385,661.26,1394086.0
2025-10-13 14:25:00+00:00,661.26,661.26,660.111,660.85,1177286.0
2025-10-13 14:30:00+00:00,660.88,661.62,660.16,661.62,938632.0
2025-10-13 14:35:00+00:00,661.62,662.48,661.55,662.2599,906287.0
2025-10-13 14:40:00+00:00,662.25,662.46,661.26,661.52,815064.0
2025-10-13 14:45:00+00:00,661.49,661.88,660.86,660.94,763748.0
2025-10-13 14:50:00+00:00,660.93,661.14,660.33,660.67,814429.0
2025-10-13 14:55:00+00:00,660.65,660.67,659.95,660.215,860112.0
2025-10-13 15:00:00+00:00,660.21,660.63,659.89,660.16,951355.0
2025-10-13 15:05:00+00:00,660.17,660.75,659.7679,660.73,790695.0
2025-10-13 15:10:00+00:00,660.725,661.62,660.69,661.45,732409.0
2025-10-13 15:15:00+00:00,661.44,662.3,661.42,662.3,829750.0
2025-10-13 15:20:00+00:00,662.3,662.85,662.27,662.39,983374.0
2025-10-13 15:25:00+00:00,662.39,662.8,662.29,662.72,658346.0
2025-10-13 15:30:00+00:00,662.72,663.175,662.63,663.015,667942.0
2025-10-13 15:35:00+00:00,663.02,663.16,662.71,662.74,704806.0
2025-10-13 15:40:00+00:00,662.74,662.84,662.2387,662.3,642878.0
2025-10-13 15:45:00+00:00,662.3,662.87,662.23,662.86,703035.0
2025-10-13 15:50:00+00:00,662.86,663.01,662.52,662.87,466770.0
2025-10-13 15:55:00+00:00,662.85,663.17,662.78,662.97,409236.0
2025-10-13 16:00:00+00:00,662.98,663.12,662.74,663.05,416484.0
2025-10-13 16:05:00+00:00,663.06,663.37,662.69,663.16,627802.0
2025-10-13 16:10:00+00:00,663.15,663.4536,662.95,663.37,435016.0
2025-10-13 16:15:00+00:00,663.4,663.78,663.4,663.685,669982.0
2025-10-13 16:20:00+00:00,663.69,665.13,662.64,663.54,2066565.0
2025-10-13 16:25:00+00:00,663.5413,663.77,663.26,663.49,531819.0
2025-10-13 16:30:00+00:00,663.485,663.89,663.39,663.705,359122.0
2025-10-13 16:35:00+00:00,663.75,663.8,663.23,663.39,372021.0
2025-10-13 16:40:00+00:00,663.39,663.4544,663.02,663.29,393542.0
2025-10-13 16:45:00+00:00,663.29,663.82,663.05,663.69,597120.0
2025-10-13 16:50:00+00:00,663.69,663.87,663.51,663.79,531751.0
2025-10-13 16:55:00+00:00,663.8,664.37,663.75,664.24,640651.0
2025-10-13 17:00:00+00:00,664.25,664.61,664.13,664.48,586187.0
2025-10-13 17:05:00+00:00,664.47,664.52,664.24,664.25,404228.0
2025-10-13 17:10:00+00:00,664.26,664.32,663.36,663.5,1653606.0
2025-10-13 17:15:00+00:00,663.51,663.64,662.915,663.175,447002.0
2025-10-13 17:20:00+00:00,663.18,663.765,663.04,663.35,381401.0
2025-10-13 17:25:00+00:00,663.34,663.35,662.96,663.12,456195.0
2025-10-13 17:30:00+00:00,663.13,663.31,662.9117,662.93,299605.0
2025-10-13 17:35:00+00:00,662.962,663.225,662.84,662.95,391506.0
2025-10-13 17:40:00+00:00,662.96,663.11,662.66,662.72,393756.0
2025-10-13 17:45:00+00:00,662.71,662.97,662.63,662.72,320485.0
2025-10-13 17:50:00+00:00,662.72,662.9,662.37,662.9,491001.0
2025-10-13 17:55:00+00:00,662.8986,663.27,662.49,663.26,393396.0
2025-10-13 18:00:00+00:00,663.25,663.59,663.17,663.38,387900.0
2025-10-13 18:05:00+00:00,663.37,663.615,663.33,663.54,522835.0
2025-10-13 18:10:00+00:00,663.53,663.74,663.36,663.44,439049.0
2025-10-13 18:15:00+00:00,663.42,663.7,663.42,663.49,363575.0
2025-10-13 18:20:00+00:00,663.49,664.05,663.49,663.97,462305.0
2025-10-13 18:25:00+00:00,663.96,664.04,663.8,663.94,481381.0
2025-10-13 18:30:00+00:00,663.935,664.27,663.745,663.82,623180.0
2025-10-13 18:35:00+00:00,663.83,663.896927,663.25,663.38,741562.0
2025-10-13 18:40:00+00:00,663.38,663.48,662.7,663.05,691109.0
2025-10-13 18:45:00+00:00,663.05,663.08,662.61,662.76,535407.0
2025-10-13 18:50:00+00:00,662.765,663.02,662.155,662.3,767173.0
2025-10-13 18:55:00+00:00,662.29,662.35,661.82,662.08,882472.0
2025-10-13 19:00:00+00:00,662.09,662.3545,661.68,661.92,748961.0
2025-10-13 19:05:00+00:00,661.93,662.58,661.83,662.44,1059574.0
2025-10-13 19:10:00+00:00,662.41,662.69,662.04,662.16,693016.0
2025-10-13 19:15:00+00:00,662.15,662.89,662.06,662.79,592487.0
2025-10-13 19:20:00+00:00,662.795,663.35,662.785,663.115,832560.0
2025-10-13 19:25:00+00:00,663.12,663.2,662.645,662.8193,655758.0
2025-10-13 19:30:00+00:00,662.8,663.0399,662.63,663.01,821596.0
2025-10-13 19:35:00+00:00,663.0199,663.19,662.83,663.14,858669.0
2025-10-13 19:40:00+00:00,663.14,663.54,663.105,663.41,858536.0
2025-10-13 19:45:00+00:00,663.4,663.43,662.91,662.99,1294415.0
2025-10-13 19:50:00+00:00,662.99,663.65,662.77,663.53,2173040.0
2025-10-13 19:55:00+00:00,663.54,663.6401,662.99,663.05,3549988.0
2025-10-13 20:00:00+00:00,663.06,663.22,662.8,662.8587,1660397.0
2025-10-13 20:05:00+00:00,662.85,662.99,662.75,662.9799,433436.0
2025-10-13 20:10:00+00:00,662.96,662.99,662.8,662.81,2708626.0
2025-10-13 20:15:00+00:00,662.84,662.9,662.63,662.71,48454.0
2025-10-13 20:20:00+00:00,662.72,662.8,662.6,662.72,108505.0
2025-10-13 20:25:00+00:00,662.72,662.74,662.63,662.74,30923.0
2025-10-13 20:30:00+00:00,662.75,662.75,662.62,662.62,29478.0
2025-10-13 20:35:00+00:00,662.62,662.71,662.6,662.71,50656.0
2025-10-13 20:40:00+00:00,662.6999,662.74,662.66,662.6606,10224.0
2025-10-13 20:45:00+00:00,662.68,662.73,662.63,662.63,13506.0
2025-10-13 20:50:00+00:00,662.63,662.63,662.48,662.48,14461.0
2025-10-13 20:55:00+00:00,662.51,662.63,662.5,662.63,7703.0
2025-10-13 21:00:00+00:00,662.7799,662.7799,662.56,662.73,2958.0
2025-10-13 21:05:00+00:00,662.66,662.71,662.65,662.71,5649.0
2025-10-13 21:10:00+00:00,662.7,662.74,662.7,662.74,4879.0
2025-10-13 21:15:00+00:00,662.7,662.74,662.7,662.71,9436.0
2025-10-13 21:20:00+00:00,662.73,662.76,662.71,662.76,169281.0
2025-10-13 21:25:00+00:00,662.75,662.75,662.75,662.75,432.0
2025-10-13 21:30:00+00:00,662.7493,662.75,662.7493,662.75,3079.0
2025-10-13 21:35:00+00:00,662.71,662.71,662.69,662.69,1886.0
2025-10-13 21:40:00+00:00,662.7,662.7,662.6997,662.7,956.0
2025-10-13 21:45:00+00:00,662.7,662.78,662.7,662.78,8475.0
2025-10-13 21:50:00+00:00,662.82,662.83,662.8,662.8,3778.0
2025-10-13 21:55:00+00:00,662.8,662.8,662.74,662.79,1373.0
2025-10-13 22:00:00+00:00,662.71,663.0,662.65,663.0,19028.0
2025-10-13 22:05:00+00:00,662.9512,663.05,662.95,662.98,5207.0
2025-10-13 22:10:00+00:00,662.97,663.0,662.9,663.0,6045.0
2025-10-13 22:15:00+00:00,663.11,663.26,663.11,663.22,6279.0
2025-10-13 22:20:00+00:00,663.12,663.12,663.04,663.04,1499.0
2025-10-13 22:25:00+00:00,662.79,662.87,662.61,662.61,9049.0
2025-10-13 22:30:00+00:00,662.87,662.93,662.87,662.93,833.0
2025-10-13 22:35:00+00:00,662.96,663.05,662.81,662.85,2510.0
2025-10-13 22:40:00+00:00,662.97,662.97,662.86,662.96,492.0
2025-10-13 22:45:00+00:00,663.1,663.22,663.07,663.1,3658.0
2025-10-13 22:50:00+00:00,663.1001,663.1193,663.06,663.08,3211.0
2025-10-13 22:55:00+00:00,663.09,663.15,663.02,663.14,9960.0
2025-10-13 23:00:00+00:00,663.1,663.1,662.85,662.98,6628.0
2025-10-13 23:05:00+00:00,662.99,663.0,662.87,662.87,1241.0
2025-10-13 23:10:00+00:00,662.88,662.9,662.78,662.8,3417.0
2025-10-13 23:15:00+00:00,662.74,662.94,662.61,662.82,2841.0
2025-10-13 23:20:00+00:00,663.0101,663.0101,662.99,662.99,729.0
2025-10-13 23:25:00+00:00,662.97,662.97,662.86,662.86,616.0
2025-10-13 23:30:00+00:00,662.81,662.81,662.81,662.81,362.0
2025-10-13 23:35:00+00:00,662.78,662.78,662.5817,662.5817,5323.0
2025-10-13 23:40:00+00:00,662.6202,662.6202,662.51,662.54,3493.0
2025-10-13 23:45:00+00:00,662.5,662.5495,662.46,662.5,1432.0
2025-10-13 23:50:00+00:00,662.6494,662.65,662.6494,662.65,2445.0
2025-10-13 23:55:00+00:00,662.68,662.68,662.68,662.68,756.0
2025-10-14 08:00:00+00:00,659.83,659.83,656.54,656.63,16313.0
2025-10-14 08:05:00+00:00,656.93,657.29,656.49,657.0,26121.0
2025-10-14 08:10:00+00:00,657.19,657.93,657.19,657.69,7348.0
2025-10-14 08:15:00+00:00,657.5,657.75,657.31,657.75,16688.0
2025-10-14 08:20:00+00:00,657.59,657.89,657.59,657.74,4544.0
2025-10-14 08:25:00+00:00,657.77,658.0,657.62,657.98,42960.0
2025-10-14 08:30:00+00:00,658.02,658.28,658.02,658.02,12645.0
2025-10-14 08:35:00+00:00,658.13,658.55,658.13,658.44,36267.0
2025-10-14 08:40:00+00:00,658.36,658.36,658.06,658.21,7122.0
2025-10-14 08:45:00+00:00,658.24,658.24,657.42,657.42,5522.0
2025-10-14 08:50:00+00:00,657.44,658.19,657.39,658.19,13297.0
2025-10-14 08:55:00+00:00,658.23,658.63,658.23,658.53,9214.0
2025-10-14 09:00:00+00:00,658.59,658.8,658.59,658.67,5327.0
2025-10-14 09:05:00+00:00,658.86,658.9,658.71,658.73,3110.0
2025-10-14 09:10:00+00:00,658.66,658.66,658.33,658.33,21835.0
2025-10-14 09:15:00+00:00,658.34,658.48,657.96,658.48,13594.0
2025-10-14 09:20:00+00:00,658.45,658.5,658.09,658.09,9233.0
2025-10-14 09:25:00+00:00,658.04,658.1,657.96,658.05,2367.0
2025-10-14 09:30:00+00:00,658.13,658.13,657.65,657.66,5509.0
2025-10-14 09:35:00+00:00,657.74,657.84,657.54,657.66,10055.0
2025-10-14 09:40:00+00:00,658.0,658.09,658.0,658.06,1724.0
2025-10-14 09:45:00+00:00,657.91,658.0,657.7,657.75,5112.0
2025-10-14 09:50:00+00:00,657.6,657.6,657.3,657.3,4901.0
2025-10-14 09:55:00+00:00,657.29,657.44,657.23,657.44,17201.0
2025-10-14 10:00:00+00:00,657.26,657.4,657.14,657.2,15008.0
2025-10-14 10:05:00+00:00,657.17,657.32,657.12,657.12,11909.0
2025-10-14 10:10:00+00:00,657.15,657.15,656.57,656.79,17133.0
2025-10-14 10:15:00+00:00,656.88,656.88,656.59,656.59,17640.0
2025-10-14 10:20:00+00:00,656.64,656.96,656.48,656.96,15041.0
2025-10-14 10:25:00+00:00,656.96,657.03,656.1,656.14,11209.0
2025-10-14 10:30:00+00:00,656.05,656.05,655.33,655.55,35044.0
2025-10-14 10:35:00+00:00,655.76,656.18,655.68,655.88,18976.0
2025-10-14 10:40:00+00:00,655.86,655.98,655.04,655.14,103720.0
2025-10-14 10:45:00+00:00,655.12,655.13,654.63,654.72,26479.0
2025-10-14 10:50:00+00:00,654.61,655.12,654.58,654.72,22097.0
2025-10-14 10:55:00+00:00,654.53,655.56,654.52,655.53,19828.0
2025-10-14 11:00:00+00:00,655.66,656.0,655.49,655.9,47226.0
2025-10-14 11:05:00+00:00,655.89,656.79,655.86,656.35,45424.0
2025-10-14 11:10:00+00:00,656.34,656.78,656.34,656.64,38650.0
2025-10-14 11:15:00+00:00,656.65,656.83,656.53,656.58,32813.0
2025-10-14 11:20:00+00:00,656.76,657.17,656.74,657.03,37350.0
2025-10-14 11:25:00+00:00,656.9,657.5,656.9,656.97,31431.0
2025-10-14 11:30:00+00:00,656.95,657.38,656.83,657.18,32320.0
2025-10-14 11:35:00+00:00,657.25,657.88,657.24,657.64,36540.0
2025-10-14 11:40:00+00:00,657.58,657.75,657.27,657.48,28008.0
2025-10-14 11:45:00+00:00,657.439,657.76,657.27,657.48,16319.0
2025-10-14 11:50:00+00:00,657.4,658.0,657.4,657.87,30377.0
2025-10-14 11:55:00+00:00,657.8,657.87,657.56,657.7,9552.0
2025-10-14 12:00:00+00:00,655.655,662.96,654.61,657.0,210828.0
2025-10-14 12:05:00+00:00,657.12,657.33,656.72,657.309,32280.0
2025-10-14 12:10:00+00:00,657.38,657.71,657.38,657.62,22308.0
2025-10-14 12:15:00+00:00,657.54,657.54,657.04,657.23,16486.0
2025-10-14 12:20:00+00:00,657.28,657.49,657.07,657.36,12065.0
2025-10-14 12:25:00+00:00,657.45,657.65,657.4,657.43,19537.0
2025-10-14 12:30:00+00:00,657.43,657.46,656.94,657.03,16636.0
2025-10-14 12:35:00+00:00,657.01,657.01,656.28,656.44,89927.0
2025-10-14 12:40:00+00:00,656.43,656.65,655.41,655.74,210237.0
2025-10-14 12:45:00+00:00,655.7796,656.51,655.7796,656.3,170452.0
2025-10-14 12:50:00+00:00,656.36,656.93,656.35,656.85,62676.0
2025-10-14 12:55:00+00:00,656.87,656.99,656.75,656.88,24376.0
2025-10-14 13:00:00+00:00,656.8863,657.5,656.81,657.42,55559.0
2025-10-14 13:05:00+00:00,657.49,657.64,657.4,657.55,55767.0
2025-10-14 13:10:00+00:00,657.53,657.5491,657.34,657.53,44012.0
2025-10-14 13:15:00+00:00,657.52,657.57,657.13,657.51,63910.0
2025-10-14 13:20:00+00:00,657.52,657.52,657.05,657.2,46271.0
2025-10-14 13:25:00+00:00,657.18,657.36,656.6,657.18,145666.0
2025-10-14 13:30:00+00:00,657.17,657.41,655.88,655.9305,2863082.0
2025-10-14 13:35:00+00:00,655.94,655.95,654.39,655.25,2284496.0
2025-10-14 13:40:00+00:00,655.25,655.46,653.3,653.76,1913248.0
2025-10-14 13:45:00+00:00,653.77,655.215,653.17,654.5101,2145666.0
2025-10-14 13:50:00+00:00,654.515,656.1,654.11,656.01,1840484.0
2025-10-14 13:55:00+00:00,656.03,656.96,655.99,656.82,1447725.0
2025-10-14 14:00:00+00:00,656.8,657.71,656.49,657.55,1351078.0
2025-10-14 14:05:00+00:00,657.56,657.88,657.05,657.193,1371382.0
2025-10-14 14:10:00+00:00,657.2,658.36,657.195,658.2456,1240002.0
2025-10-14 14:15:00+00:00,658.24,658.63,657.81,658.52,1881208.0
2025-10-14 14:20:00+00:00,658.53,659.29,658.39,659.21,1241226.0
2025-10-14 14:25:00+00:00,659.2,659.91,659.17,659.79,1237093.0
2025-10-14 14:30:00+00:00,659.78,659.86,659.0408,659.45,1030653.0
2025-10-14 14:35:00+00:00,659.45,660.17,659.45,659.9999,1792043.0
2025-10-14 14:40:00+00:00,660.0,660.28,659.79,659.8,682272.0
2025-10-14 14:45:00+00:00,659.8,660.32,659.52,660.0793,724223.0
2025-10-14 14:50:00+00:00,660.08,660.1744,659.15,659.84,830020.0
2025-10-14 14:55:00+00:00,659.83,659.96,659.1906,659.745,688584.0
2025-10-14 15:00:00+00:00,659.76,660.68,659.745,660.65,875702.0
2025-10-14 15:05:00+00:00,660.64,661.11,660.14,660.1993,759783.0
2025-10-14 15:10:00+00:00,660.18,660.51,659.865,660.12,548920.0
2025-10-14 15:15:00+00:00,660.13,660.27,659.49,659.65,574974.0
2025-10-14 15:20:00+00:00,659.69,660.4672,659.6,660.4672,549722.0
2025-10-14 15:25:00+00:00,660.4798,660.48,659.54,659.675,531992.0
2025-10-14 15:30:00+00:00,659.68,660.31,659.64,660.18,482503.0
2025-10-14 15:35:00+00:00,660.185,661.25,659.9,660.17,1490991.0
2025-10-14 15:40:00+00:00,660.16,661.52,659.86,661.29,926007.0
2025-10-14 15:45:00+00:00,661.34,662.15,661.34,662.13,784146.0
2025-10-14 15:50:00+00:00,662.11,663.08,662.049,662.71,906453.0
2025-10-14 15:55:00+00:00,662.69,662.77,662.17,662.385,835454.0
2025-10-14 16:00:00+00:00,662.41,662.62,661.9,662.088,616037.0
2025-10-14 16:05:00+00:00,662.09,662.22,661.44,661.51,622042.0
2025-10-14 16:10:00+00:00,661.52,662.155,661.52,662.06,602870.0
2025-10-14 16:15:00+00:00,662.09,662.91,662.0,662.77,644188.0
2025-10-14 16:20:00+00:00,662.78,663.96,662.76,663.29,1364570.0
2025-10-14 16:25:00+00:00,663.28,663.7846,663.14,663.635,601778.0
2025-10-14 16:30:00+00:00,663.64,664.23,663.57,664.055,856117.0
2025-10-14 16:35:00+00:00,664.03,664.48,663.8712,664.08,654766.0
2025-10-14 16:40:00+00:00,664.08,664.73,664.075,664.6,607172.0
2025-10-14 16:45:00+00:00,664.61,665.3412,664.61,665.072,838456.0
2025-10-14 16:50:00+00:00,665.08,665.64,664.94,665.13,1029185.0
2025-10-14 16:55:00+00:00,665.12,665.135,664.35,664.37,816514.0
2025-10-14 17:00:00+00:00,664.36,664.6,663.65,664.5399,683943.0
2025-10-14 17:05:00+00:00,664.51,665.0,664.49,664.79,440464.0
2025-10-14 17:10:00+00:00,664.8,665.27,664.75,664.89,483241.0
2025-10-14 17:15:00+00:00,664.89,665.13,664.56,664.6893,418574.0
2025-10-14 17:20:00+00:00,664.69,665.23,664.69,665.2097,624833.0
2025-10-14 17:25:00+00:00,665.21,665.58,665.15,665.35,552512.0
2025-10-14 17:30:00+00:00,665.34,665.51,664.5344,664.67,580772.0
2025-10-14 17:35:00+00:00,664.68,664.78,664.39,664.65,446967.0
2025-10-14 17:40:00+00:00,664.67,665.33,664.63,665.33,449645.0
2025-10-14 17:45:00+00:00,665.34,665.6362,665.11,665.48,482756.0
2025-10-14 17:50:00+00:00,665.48,665.83,665.19,665.34,407792.0
2025-10-14 17:55:00+00:00,665.34,665.4,665.01,665.13,416337.0
2025-10-14 18:00:00+00:00,665.15,665.29,664.73,664.91,581419.0
2025-10-14 18:05:00+00:00,664.9,664.95,664.62,664.82,622691.0
2025-10-14 18:10:00+00:00,664.81,665.37,664.75,665.0501,476197.0
2025-10-14 18:15:00+00:00,665.05,665.28,664.92,665.05,371149.0
2025-10-14 18:20:00+00:00,665.05,665.12,664.605,664.88,336187.0
2025-10-14 18:25:00+00:00,664.88,665.35,664.601,665.12,389032.0
2025-10-14 18:30:00+00:00,665.11,665.35,664.99,665.0,538245.0
2025-10-14 18:35:00+00:00,665.005,665.09,664.5,664.56,341893.0
2025-10-14 18:40:00+00:00,664.53,664.78,664.452,664.72,362825.0
2025-10-14 18:45:00+00:00,664.72,665.0,664.61,664.9844,328268.0
2025-10-14 18:50:00+00:00,664.98,665.2,664.85,665.08,389574.0
2025-10-14 18:55:00+00:00,665.08,665.12,664.72,664.9,357325.0
2025-10-14 19:00:00+00:00,664.91,665.36,664.91,665.06,596044.0
2025-10-14 19:05:00+00:00,665.06,665.31,664.85,664.8988,424936.0
2025-10-14 19:10:00+00:00,664.89,665.1207,664.64,664.77,436047.0
2025-10-14 19:15:00+00:00,664.77,665.1,664.73,664.885,412984.0
2025-10-14 19:20:00+00:00,664.885,665.28,664.87,665.155,557517.0
2025-10-14 19:25:00+00:00,665.16,665.32,664.75,664.79,643222.0
2025-10-14 19:30:00+00:00,664.79,664.8,664.253,664.3,956481.0
2025-10-14 19:35:00+00:00,664.32,664.43,661.37,663.0348,4900691.0
2025-10-14 19:40:00+00:00,663.03,663.13,660.47,660.85,2892752.0
2025-10-14 19:45:00+00:00,660.87,661.79,660.28,661.5,3926029.0
2025-10-14 19:50:00+00:00,661.5,662.33,661.01,662.02,2856264.0
2025-10-14 19:55:00+00:00,662.01,662.61,661.64,662.2,4073968.0
2025-10-14 20:00:00+00:00,662.19,662.98,662.08,662.4,983225.0
2025-10-14 20:05:00+00:00,662.4,662.42,661.147,661.2,425113.0
2025-10-14 20:10:00+00:00,661.19,661.76,661.13,661.64,3043646.0
2025-10-14 20:15:00+00:00,661.61,661.61,661.17,661.32,411210.0
2025-10-14 20:20:00+00:00,661.31,661.31,660.89,661.13,180825.0
2025-10-14 20:25:00+00:00,661.13,661.43,661.07,661.32,191523.0
2025-10-14 20:30:00+00:00,661.29,661.82,661.29,661.78,47658.0
2025-10-14 20:35:00+00:00,661.77,661.7899,661.5599,661.65,103000.0
2025-10-14 20:40:00+00:00,661.58,661.73,661.53,661.65,24462.0
2025-10-14 20:45:00+00:00,661.73,661.9101,661.58,661.8004,45660.0
2025-10-14 20:50:00+00:00,661.82,662.2,661.8199,662.19,61884.0
2025-10-14 20:55:00+00:00,662.17,662.22,661.96,662.04,30273.0
2025-10-14 21:00:00+00:00,662.11,662.25,661.86,662.02,51893.0
2025-10-14 21:05:00+00:00,662.02,662.1,661.9888,661.9888,14078.0
2025-10-14 21:10:00+00:00,662.0077,662.1,662.0077,662.1,9159.0
2025-10-14 21:15:00+00:00,662.1,662.15,662.0,662.15,6467.0
2025-10-14 21:20:00+00:00,662.1512,662.1512,662.14,662.15,2175.0
2025-10-14 21:25:00+00:00,662.1,662.1,662.02,662.1,4257.0
2025-10-14 21:30:00+00:00,662.02,662.1,662.02,662.1,4215.0
2025-10-14 21:35:00+00:00,662.18,662.18,662.12,662.12,1229.0
2025-10-14 21:40:00+00:00,662.12,662.12,662.1,662.1,4263.0
2025-10-14 21:45:00+00:00,662.12,662.19,662.12,662.16,2278.0
2025-10-14 21:55:00+00:00,662.13,662.22,662.13,662.21,4991.0
2025-10-14 22:00:00+00:00,662.13,663.37,662.13,663.17,47297.0
2025-10-14 22:05:00+00:00,663.19,663.22,662.519,662.519,9113.0
2025-10-14 22:10:00+00:00,662.63,662.9,662.45,662.45,9133.0
2025-10-14 22:15:00+00:00,662.45,662.45,662.17,662.25,28907.0
2025-10-14 22:20:00+00:00,662.23,662.41,662.23,662.41,1736.0
2025-10-14 22:25:00+00:00,662.43,662.7201,662.43,662.52,4463.0
2025-10-14 22:30:00+00:00,662.7,662.7,662.27,662.37,5858.0
2025-10-14 22:35:00+00:00,662.46,662.6,662.44,662.53,5363.0
2025-10-14 22:40:00+00:00,662.62,662.65,662.55,662.55,827.0
2025-10-14 22:45:00+00:00,662.6699,662.6699,662.4906,662.4906,1037.0
2025-10-14 22:50:00+00:00,662.4604,662.7387,662.4601,662.6885,6896.0
2025-10-14 22:55:00+00:00,662.67,662.7196,662.6103,662.66,2076.0
2025-10-14 23:00:00+00:00,662.69,662.73,662.54,662.55,3972.0
2025-10-14 23:05:00+00:00,662.74,662.99,662.74,662.83,9379.0
2025-10-14 23:10:00+00:00,662.84,663.17,662.84,663.17,8448.0
2025-10-14 23:15:00+00:00,663.1501,663.21,663.1,663.21,6709.0
2025-10-14 23:20:00+00:00,663.28,663.48,663.25,663.39,16352.0
2025-10-14 23:25:00+00:00,663.3299,663.3299,663.01,663.01,3546.0
2025-10-14 23:30:00+00:00,663.0,663.0,662.9327,662.9327,383.0
2025-10-14 23:35:00+00:00,663.0636,663.0636,662.98,663.0,4305.0
2025-10-14 23:40:00+00:00,662.9522,662.97,662.861,662.94,4578.0
2025-10-14 23:45:00+00:00,662.93,663.09,662.93,662.94,2103.0
2025-10-14 23:50:00+00:00,663.0596,663.07,662.8953,662.8953,986.0
2025-10-14 23:55:00+00:00,662.98,662.98,662.595,662.595,9258.0
2025-10-15 08:00:00+00:00,665.09,665.6,665.09,665.54,11334.0
2025-10-15 08:05:00+00:00,665.51,665.61,665.48,665.55,19926.0
2025-10-15 08:10:00+00:00,665.6,665.6,665.46,665.5,15258.0
2025-10-15 08:15:00+00:00,665.44,665.75,665.32,665.47,16495.0
2025-10-15 08:20:00+00:00,665.37,665.54,665.3,665.4,5320.0
2025-10-15 08:25:00+00:00,665.42,665.5,665.3,665.45,3608.0
2025-10-15 08:30:00+00:00,665.55,665.55,665.21,665.21,3502.0
2025-10-15 08:35:00+00:00,665.19,665.47,665.12,665.47,2583.0
2025-10-15 08:40:00+00:00,665.42,665.51,665.34,665.42,6414.0
2025-10-15 08:45:00+00:00,665.42,665.47,665.22,665.22,7597.0
2025-10-15 08:50:00+00:00,665.32,665.46,665.32,665.46,1139.0
2025-10-15 08:55:00+00:00,665.42,665.44,665.34,665.4,4748.0
2025-10-15 09:00:00+00:00,665.4,666.16,665.37,666.13,12490.0
2025-10-15 09:05:00+00:00,666.16,666.44,666.14,666.37,9442.0
2025-10-15 09:10:00+00:00,666.39,666.73,666.39,666.67,13978.0
2025-10-15 09:15:00+00:00,666.72,666.74,666.27,666.27,5973.0
2025-10-15 09:20:00+00:00,666.22,666.35,665.91,665.91,5473.0
2025-10-15 09:25:00+00:00,665.9,665.98,665.88,665.9,3630.0
2025-10-15 09:30:00+00:00,665.88,666.34,665.87,666.33,6488.0
2025-10-15 09:35:00+00:00,666.33,666.49,666.31,666.33,5129.0
2025-10-15 09:40:00+00:00,666.3,666.31,666.13,666.24,3147.0
2025-10-15 09:45:00+00:00,666.05,666.2,666.05,666.2,1498.0
2025-10-15 09:50:00+00:00,666.33,666.44,666.29,666.44,8467.0
2025-10-15 09:55:00+00:00,666.44,666.55,666.4,666.44,2380.0
2025-10-15 10:00:00+00:00,666.51,666.51,666.31,666.31,3831.0
2025-10-15 10:05:00+00:00,666.33,666.49,666.33,666.34,4106.0
2025-10-15 10:10:00+00:00,666.19,666.32,666.19,666.32,2396.0
2025-10-15 10:15:00+00:00,666.2,666.26,666.07,666.25,25839.0
2025-10-15 10:20:00+00:00,666.25,666.33,666.21,666.33,1793.0
2025-10-15 10:25:00+00:00,666.23,666.23,666.23,666.23,277.0
2025-10-15 10:30:00+00:00,666.25,666.32,666.14,666.14,4549.0
2025-10-15 10:35:00+00:00,666.02,666.12,666.01,666.12,4146.0
2025-10-15 10:40:00+00:00,666.17,666.24,666.17,666.18,2361.0
2025-10-15 10:45:00+00:00,666.27,666.64,666.27,666.62,7205.0
2025-10-15 10:50:00+00:00,666.61,666.79,666.61,666.72,16888.0
2025-10-15 10:55:00+00:00,666.66,666.77,666.5,666.52,5131.0
2025-10-15 11:00:00+00:00,666.51,666.7,666.44,666.45,41624.0
2025-10-15 11:05:00+00:00,666.54,666.6,666.39,666.52,16285.0
2025-10-15 11:10:00+00:00,666.55,666.7,666.43,666.51,6373.0
2025-10-15 11:15:00+00:00,666.49,666.49,666.2,666.37,8524.0
2025-10-15 11:20:00+00:00,666.32,666.35,666.18,666.25,6178.0
2025-10-15 11:25:00+00:00,666.21,666.58,666.21,666.38,21251.0
2025-10-15 11:30:00+00:00,666.32,666.38,666.1,666.2,31259.0
2025-10-15 11:35:00+00:00,666.42,666.5,666.23,666.46,69249.0
2025-10-15 11:40:00+00:00,666.52,666.65,666.52,666.62,14647.0
2025-10-15 11:45:00+00:00,666.58,666.72,666.53,666.53,15149.0
2025-10-15 11:50:00+00:00,666.62,666.65,666.46,666.65,6270.0
2025-10-15 11:55:00+00:00,666.65,666.68,666.35,666.6,78643.0
2025-10-15 12:00:00+00:00,666.46,666.91,663.75,666.75,121831.0
2025-10-15 12:05:00+00:00,666.79,667.33,666.79,667.31,70108.0
2025-10-15 12:10:00+00:00,667.29,667.57,667.29,667.44,47712.0
2025-10-15 12:15:00+00:00,667.47,667.7,667.47,667.6422,35277.0
2025-10-15 12:20:00+00:00,667.6,667.62,667.01,667.49,46326.0
2025-10-15 12:25:00+00:00,667.44,667.48,666.93,667.05,36396.0
2025-10-15 12:30:00+00:00,667.1,667.27,666.82,667.22,52671.0
2025-10-15 12:35:00+00:00,667.21,667.21,666.89,667.02,27303.0
2025-10-15 12:40:00+00:00,666.97,667.35,666.92,667.18,44171.0
2025-10-15 12:45:00+00:00,667.25,667.49,667.12,667.27,30846.0
2025-10-15 12:50:00+00:00,667.31,667.5,666.8,667.42,92944.0
2025-10-15 12:55:00+00:00,667.41,667.58,667.39,667.49,30051.0
2025-10-15 13:00:00+00:00,667.49,667.49,667.11,667.27,25639.0
2025-10-15 13:05:00+00:00,667.27,667.27,666.94,666.95,31398.0
2025-10-15 13:10:00+00:00,666.98,667.1,666.92,666.97,22741.0
2025-10-15 13:15:00+00:00,666.94,667.2,666.9,667.2,44982.0
2025-10-15 13:20:00+00:00,667.19,667.2,666.78,666.8734,49124.0
2025-10-15 13:25:00+00:00,666.82,667.08,666.7003,666.82,93701.0
2025-10-15 13:30:00+00:00,666.82,667.165,666.23,666.55,2743457.0
2025-10-15 13:35:00+00:00,666.55,667.46,666.48,666.64,1678546.0
2025-10-15 13:40:00+00:00,666.64,667.625,666.63,667.19,1450536.0
2025-10-15 13:45:00+00:00,667.2,667.88,666.05,666.35,1812353.0
2025-10-15 13:50:00+00:00,666.3489,667.815,666.16,667.59,1642395.0
2025-10-15 13:55:00+00:00,667.58,668.58,667.54,668.31,1252226.0
2025-10-15 14:00:00+00:00,668.34,668.98,668.31,668.955,1062767.0
2025-10-15 14:05:00+00:00,668.95,670.03,668.94,669.98,1283189.0
2025-10-15 14:10:00+00:00,670.04,670.23,669.395,669.48,1228997.0
2025-10-15 14:15:00+00:00,669.5,669.82,669.16,669.47,620144.0
2025-10-15 14:20:00+00:00,669.49,670.01,669.35,669.86,480709.0
2025-10-15 14:25:00+00:00,669.85,669.94,669.4,669.61,656173.0
2025-10-15 14:30:00+00:00,669.63,669.895,669.31,669.35,617757.0
2025-10-15 14:35:00+00:00,669.35,669.58,669.01,669.09,481861.0
2025-10-15 14:40:00+00:00,669.1,669.34,668.8201,669.165,623251.0
2025-10-15 14:45:00+00:00,669.17,669.27,668.78,668.88,450522.0
2025-10-15 14:50:00+00:00,668.88,669.03,668.63,668.7815,444144.0
2025-10-15 14:55:00+00:00,668.78,669.28,668.63,669.02,470011.0
2025-10-15 15:00:00+00:00,669.03,669.17,668.54,668.72,413572.0
2025-10-15 15:05:00+00:00,668.71,668.88,668.48,668.58,351347.0
2025-10-15 15:10:00+00:00,668.6,668.61,667.89,668.29,566142.0
2025-10-15 15:15:00+00:00,668.2851,668.45,667.7301,667.84,440673.0
2025-10-15 15:20:00+00:00,667.85,668.16,667.67,667.96,602905.0
2025-10-15 15:25:00+00:00,667.95,668.37,667.65,667.71,536939.0
2025-10-15 15:30:00+00:00,667.69,667.84,666.52,666.78,748002.0
2025-10-15 15:35:00+00:00,666.78,666.815,665.84,666.37,1224818.0
2025-10-15 15:40:00+00:00,666.39,666.4,665.01,665.59,1140413.0
2025-10-15 15:45:00+00:00,665.59,665.6,664.6099,664.83,789482.0
2025-10-15 15:50:00+00:00,664.82,664.87,663.915,664.555,1318067.0
2025-10-15 15:55:00+00:00,664.57,665.48,664.49,665.2,866737.0
2025-10-15 16:00:00+00:00,665.22,666.01,665.07,665.36,1186006.0
2025-10-15 16:05:00+00:00,665.37,666.07,664.91,665.7995,756113.0
2025-10-15 16:10:00+00:00,665.81,665.9,665.23,665.64,508585.0
2025-10-15 16:15:00+00:00,665.6,665.91,664.99,665.22,612663.0
2025-10-15 16:20:00+00:00,665.24,665.77,665.17,665.68,1605970.0
2025-10-15 16:25:00+00:00,665.68,666.4582,665.46,665.59,687879.0
2025-10-15 16:30:00+00:00,665.58,665.75,664.97,665.05,363901.0
2025-10-15 16:35:00+00:00,665.05,665.76,664.83,665.27,685391.0
2025-10-15 16:40:00+00:00,665.2801,665.398,664.8,665.0801,534419.0
2025-10-15 16:45:00+00:00,665.08,665.09,664.23,664.63,509280.0
2025-10-15 16:50:00+00:00,664.615,664.63,663.97,664.17,458476.0
2025-10-15 16:55:00+00:00,664.18,664.57,663.93,664.0957,453249.0
2025-10-15 17:00:00+00:00,664.09,664.11,662.55,662.96,1484544.0
2025-10-15 17:05:00+00:00,663.01,663.09,661.45,661.76,1240810.0
2025-10-15 17:10:00+00:00,661.79,661.87,659.86,659.9,2206002.0
2025-10-15 17:15:00+00:00,659.89,661.02,658.93,660.57,2677727.0
2025-10-15 17:20:00+00:00,660.55,661.43,660.03,661.19,1265468.0
2025-10-15 17:25:00+00:00,661.2,661.93,660.63,660.86,995888.0
2025-10-15 17:30:00+00:00,660.89,661.91,660.7,661.73,722737.0
2025-10-15 17:35:00+00:00,661.68,662.57,661.68,662.38,798326.0
2025-10-15 17:40:00+00:00,662.42,662.99,662.2,662.94,570619.0
2025-10-15 17:45:00+00:00,662.93,663.71,662.93,663.67,845081.0
2025-10-15 17:50:00+00:00,663.69,664.26,663.65,664.19,755139.0
2025-10-15 17:55:00+00:00,664.19,664.51,663.65,664.31,791935.0
2025-10-15 18:00:00+00:00,664.32,664.58,663.45,663.7205,749247.0
2025-10-15 18:05:00+00:00,663.75,664.22,663.63,664.13,537358.0
2025-10-15 18:10:00+00:00,664.12,664.56,663.75,664.35,487292.0
2025-10-15 18:15:00+00:00,664.34,664.77,664.18,664.32,509933.0
2025-10-15 18:20:00+00:00,664.31,664.91,664.21,664.4501,470704.0
2025-10-15 18:25:00+00:00,664.46,664.71,664.22,664.311,304058.0
2025-10-15 18:30:00+00:00,664.32,664.96,664.19,664.8507,516116.0
2025-10-15 18:35:00+00:00,664.85,664.99,664.65,664.89,293440.0
2025-10-15 18:40:00+00:00,664.9,665.465,664.86,665.03,476285.0
2025-10-15 18:45:00+00:00,665.03,665.2287,664.7,664.96,330915.0
2025-10-15 18:50:00+00:00,664.96,665.56,664.9015,665.4799,465257.0
2025-10-15 18:55:00+00:00,665.4915,665.8365,665.3207,665.725,514891.0
2025-10-15 19:00:00+00:00,665.725,665.825,665.22,665.37,537200.0
2025-10-15 19:05:00+00:00,665.36,665.4,664.8,664.98,638542.0
2025-10-15 19:10:00+00:00,664.96,665.16,664.61,665.13,750539.0
2025-10-15 19:15:00+00:00,665.1245,665.75,665.11,665.6601,662551.0
2025-10-15 19:20:00+00:00,665.68,665.79,665.3348,665.47,532962.0
2025-10-15 19:25:00+00:00,665.47,665.61,665.31,665.36,702738.0
2025-10-15 19:30:00+00:00,665.37,665.46,665.1407,665.19,648686.0
2025-10-15 19:35:00+00:00,665.19,665.19,663.98,664.08,1483346.0
2025-10-15 19:40:00+00:00,664.08,664.78,663.86,664.7788,1117014.0
2025-10-15 19:45:00+00:00,664.78,664.8,664.48,664.59,1018612.0
2025-10-15 19:50:00+00:00,664.6,664.73,663.43,663.54,1432711.0
2025-10-15 19:55:00+00:00,663.53,665.225,663.25,665.08,8226663.0
2025-10-15 20:00:00+00:00,665.08,666.03,665.07,665.3,1456208.0
2025-10-15 20:05:00+00:00,665.26,665.32,665.05,665.26,266636.0
2025-10-15 20:10:00+00:00,665.27,665.51,665.0,665.16,1890158.0
2025-10-15 20:15:00+00:00,665.18,665.6224,665.1,665.44,185681.0
2025-10-15 20:20:00+00:00,665.43,665.43,665.17,665.19,28047.0
2025-10-15 20:25:00+00:00,665.17,665.26,664.8,665.0,290611.0
2025-10-15 20:30:00+00:00,664.99,664.99,664.8,664.94,179092.0
2025-10-15 20:35:00+00:00,664.96,665.12,664.75,664.75,93765.0
2025-10-15 20:40:00+00:00,664.65,664.83,664.58,664.64,123004.0
2025-10-15 20:45:00+00:00,664.69,665.09,664.64,664.98,85361.0
2025-10-15 20:50:00+00:00,664.99,665.1101,664.94,665.04,7122.0
2025-10-15 20:55:00+00:00,665.07,665.26,665.03,665.03,75800.0
2025-10-15 21:00:00+00:00,664.97,665.05,664.9555,665.0017,6913.0
2025-10-15 21:05:00+00:00,665.0,665.0525,664.95,665.0525,7486.0
2025-10-15 21:10:00+00:00,665.0,665.01,664.95,664.95,13681.0
2025-10-15 21:15:00+00:00,664.99,665.0496,664.95,665.04,2438.0
2025-10-15 21:20:00+00:00,664.96,665.0,664.96,664.97,1445.0
2025-10-15 21:25:00+00:00,665.0,665.09,665.0,665.08,3085.0
2025-10-15 21:30:00+00:00,665.02,665.02,664.98,664.98,12250.0
2025-10-15 21:35:00+00:00,665.02,665.02,664.9002,664.95,37621.0
2025-10-15 21:40:00+00:00,664.9,665.0498,664.88,664.939,2747.0
2025-10-15 21:45:00+00:00,664.95,664.9999,664.94,664.99,1326.0
2025-10-15 21:50:00+00:00,664.94,665.15,664.93,665.1,8498.0
2025-10-15 21:55:00+00:00,665.1,665.14,665.0,665.14,6143.0
2025-10-15 22:00:00+00:00,665.15,665.76,665.15,665.67,26291.0
2025-10-15 22:05:00+00:00,665.61,666.02,665.56,665.76,18192.0
2025-10-15 22:10:00+00:00,665.83,665.97,665.83,665.9,3758.0
2025-10-15 22:15:00+00:00,665.95,666.19,665.63,665.72,15275.0
2025-10-15 22:20:00+00:00,665.84,665.84,665.67,665.7083,4907.0
2025-10-15 22:25:00+00:00,665.73,665.86,665.73,665.8,2759.0
2025-10-15 22:30:00+00:00,665.89,665.9587,665.82,665.82,2340.0
2025-10-15 22:35:00+00:00,665.82,665.82,665.49,665.52,6020.0
2025-10-15 22:40:00+00:00,665.55,665.6,665.39,665.41,6337.0
2025-10-15 22:45:00+00:00,665.47,665.47,665.21,665.23,6676.0
2025-10-15 22:50:00+00:00,665.4,665.76,665.4,665.76,5090.0
2025-10-15 22:55:00+00:00,665.7505,665.91,665.74,665.85,3254.0
2025-10-15 23:00:00+00:00,665.8591,665.8591,665.78,665.78,654.0
2025-10-15 23:05:00+00:00,665.7916,665.7916,665.47,665.47,1620.0
2025-10-15 23:10:00+00:00,665.539,665.63,665.51,665.6039,1824.0
2025-10-15 23:15:00+00:00,665.56,665.56,665.21,665.23,4096.0
2025-10-15 23:20:00+00:00,665.18,665.28,665.1,665.1,5754.0
2025-10-15 23:25:00+00:00,665.01,665.15,665.0,665.0,3142.0
2025-10-15 23:30:00+00:00,665.1,665.19,665.0,665.0,5308.0
2025-10-15 23:35:00+00:00,665.0,665.05,664.84,665.0,11291.0
2025-10-15 23:40:00+00:00,664.77,665.05,664.74,665.05,2287.0
2025-10-15 23:45:00+00:00,665.17,665.17,664.91,664.91,3339.0
2025-10-15 23:50:00+00:00,664.8,664.9,664.8,664.8901,1940.0
2025-10-15 23:55:00+00:00,665.13,665.17,665.1,665.111,2306.0
2025-10-16 08:00:00+00:00,666.89,667.01,666.72,666.89,5238.0
2025-10-16 08:05:00+00:00,666.99,667.15,666.91,667.09,30317.0
2025-10-16 08:10:00+00:00,666.98,667.3,666.8,667.19,13445.0
2025-10-16 08:15:00+00:00,667.14,667.2,667.01,667.19,4160.0
2025-10-16 08:20:00+00:00,667.2,667.35,666.99,666.99,5102.0
2025-10-16 08:25:00+00:00,666.99,666.99,666.42,666.42,10822.0
2025-10-16 08:30:00+00:00,666.46,666.83,666.45,666.74,7518.0
2025-10-16 08:35:00+00:00,666.63,666.63,666.35,666.35,4764.0
2025-10-16 08:40:00+00:00,666.57,666.57,666.47,666.52,3680.0
2025-10-16 08:45:00+00:00,666.65,666.74,666.6,666.73,4752.0
2025-10-16 08:50:00+00:00,666.62,666.69,666.56,666.56,1895.0
2025-10-16 08:55:00+00:00,666.6,666.65,666.6,666.61,3001.0
2025-10-16 09:00:00+00:00,666.65,666.74,666.65,666.74,4428.0
2025-10-16 09:05:00+00:00,666.79,666.98,666.73,666.75,4487.0
2025-10-16 09:10:00+00:00,666.76,666.79,666.67,666.67,3168.0
2025-10-16 09:15:00+00:00,666.69,666.69,666.69,666.69,368.0
2025-10-16 09:20:00+00:00,666.67,666.97,666.67,666.89,3145.0
2025-10-16 09:25:00+00:00,666.96,667.09,666.96,667.03,2931.0
2025-10-16 09:30:00+00:00,667.04,667.04,666.87,666.91,1130.0
2025-10-16 09:35:00+00:00,666.92,666.92,666.61,666.62,3596.0
2025-10-16 09:40:00+00:00,666.66,666.87,666.55,666.79,5599.0
2025-10-16 09:45:00+00:00,666.85,667.31,666.85,667.31,9990.0
2025-10-16 09:50:00+00:00,667.27,667.36,667.27,667.32,5784.0
2025-10-16 09:55:00+00:00,667.27,667.31,667.2,667.31,3321.0
2025-10-16 10:00:00+00:00,667.36,667.4,667.29,667.4,3969.0
2025-10-16 10:05:00+00:00,667.41,667.74,667.41,667.69,6425.0
2025-10-16 10:10:00+00:00,667.59,667.66,667.49,667.64,1931.0
2025-10-16 10:15:00+00:00,667.6,667.6,667.52,667.55,3191.0
2025-10-16 10:20:00+00:00,667.5,667.65,667.5,667.62,4498.0
2025-10-16 10:25:00+00:00,667.57,667.89,667.56,667.87,5211.0
2025-10-16 10:30:00+00:00,667.84,667.99,667.81,667.94,4821.0
2025-10-16 10:35:00+00:00,667.92,667.93,667.74,667.8,11271.0
2025-10-16 10:40:00+00:00,667.87,667.91,667.63,667.72,2773.0
2025-10-16 10:45:00+00:00,667.68,667.68,667.46,667.5,59733.0
2025-10-16 10:50:00+00:00,667.55,667.59,667.5,667.51,2249.0
2025-10-16 10:55:00+00:00,667.54,667.7,667.48,667.59,7748.0
2025-10-16 11:00:00+00:00,667.55,667.8,667.53,667.78,9611.0
2025-10-16 11:05:00+00:00,667.78,667.87,667.75,667.84,3116.0
2025-10-16 11:10:00+00:00,667.81,667.86,667.6,667.74,81319.0
2025-10-16 11:15:00+00:00,667.75,667.78,667.65,667.77,41257.0
2025-10-16 11:20:00+00:00,667.79,668.08,667.79,668.08,16800.0
2025-10-16 11:25:00+00:00,668.05,668.12,668.03,668.05,22816.0
2025-10-16 11:30:00+00:00,668.06,668.17,667.97,668.0,12649.0
2025-10-16 11:35:00+00:00,667.95,667.95,667.74,667.89,5191.0
2025-10-16 11:40:00+00:00,667.82,667.82,667.71,667.75,9719.0
2025-10-16 11:45:00+00:00,667.72,667.79,667.63,667.64,15259.0
2025-10-16 11:50:00+00:00,667.66,667.74,667.52,667.71,22223.0
2025-10-16 11:55:00+00:00,667.67,667.75,667.65,667.66,13297.0
2025-10-16 12:00:00+00:00,667.62,668.1,664.8,667.82,93569.0
2025-10-16 12:05:00+00:00,667.88,667.89,667.31,667.38,16648.0
2025-10-16 12:10:00+00:00,667.33,667.33,666.94,667.0,28117.0
2025-10-16 12:15:00+00:00,666.97,667.26,666.95,667.18,11406.0
2025-10-16 12:20:00+00:00,667.22,667.39,667.17,667.29,7286.0
2025-10-16 12:25:00+00:00,667.25,667.32,667.04,667.32,30758.0
2025-10-16 12:30:00+00:00,667.48,667.88,667.13,667.71,115656.0
2025-10-16 12:35:00+00:00,667.68,667.96,667.48,667.95,71827.0
2025-10-16 12:40:00+00:00,667.96,668.22,667.96,668.21,66601.0
2025-10-16 12:45:00+00:00,668.22,668.32,667.9301,668.09,23663.0
2025-10-16 12:50:00+00:00,668.1,668.19,668.05,668.12,33483.0
2025-10-16 12:55:00+00:00,668.15,668.25,667.85,667.85,24815.0
2025-10-16 13:00:00+00:00,667.9,668.03,667.46,667.55,65728.0
2025-10-16 13:05:00+00:00,667.58,667.81,667.54,667.78,24039.0
2025-10-16 13:10:00+00:00,667.73,667.88,667.72,667.8763,20350.0
2025-10-16 13:15:00+00:00,667.8582,667.97,667.7478,667.7478,23755.0
2025-10-16 13:20:00+00:00,667.64,667.68,667.36,667.62,24400.0
2025-10-16 13:25:00+00:00,667.5,667.5,666.8,666.84,88087.0
2025-10-16 13:30:00+00:00,666.82,667.52,666.54,667.0,1713651.0
2025-10-16 13:35:00+00:00,667.01,667.15,666.56,666.75,1233493.0
2025-10-16 13:40:00+00:00,666.76,667.3,666.19,667.29,1309192.0
2025-10-16 13:45:00+00:00,667.29,668.08,666.5,666.575,1553137.0
2025-10-16 13:50:00+00:00,666.59,666.81,666.11,666.655,1194078.0
2025-10-16 13:55:00+00:00,666.69,667.23,666.25,666.635,1112837.0
2025-10-16 14:00:00+00:00,666.635,666.91,666.01,666.585,1079486.0
2025-10-16 14:05:00+00:00,666.59,667.065,665.98,666.2199,1128078.0
2025-10-16 14:10:00+00:00,666.2,666.45,665.42,665.81,1455073.0
2025-10-16 14:15:00+00:00,665.82,666.9987,665.515,666.68,1098426.0
2025-10-16 14:20:00+00:00,666.66,667.57,666.6,666.91,1181920.0
2025-10-16 14:25:00+00:00,666.92,667.37,666.24,666.93,973414.0
2025-10-16 14:30:00+00:00,666.95,667.425,666.79,667.35,749810.0
2025-10-16 14:35:00+00:00,667.33,667.87,667.19,667.5,842767.0
2025-10-16 14:40:00+00:00,667.48,668.71,667.46,668.465,1086590.0
2025-10-16 14:45:00+00:00,668.45,668.65,667.46,667.8,1107265.0
2025-10-16 14:50:00+00:00,667.76,667.83,666.98,667.69,883332.0
2025-10-16 14:55:00+00:00,667.68,667.88,666.9328,667.09,735484.0
2025-10-16 15:00:00+00:00,667.09,667.65,667.0,667.19,811443.0
2025-10-16 15:05:00+00:00,667.2,667.83,666.57,667.74,725173.0
2025-10-16 15:10:00+00:00,667.73,668.0,667.34,667.91,534163.0
2025-10-16 15:15:00+00:00,667.91,668.005,667.34,667.85,609849.0
2025-10-16 15:20:00+00:00,667.84,668.04,667.02,667.09,552782.0
2025-10-16 15:25:00+00:00,667.11,667.11,665.47,665.815,1394685.0
2025-10-16 15:30:00+00:00,665.81,666.47,664.95,666.45,1699307.0
2025-10-16 15:35:00+00:00,666.45,666.78,665.9699,666.31,885012.0
2025-10-16 15:40:00+00:00,666.3096,666.36,664.75,665.125939,1234848.0
2025-10-16 15:45:00+00:00,665.125,665.18,664.33,664.58,1234661.0
2025-10-16 15:50:00+00:00,664.58,665.52,664.58,664.79,986015.0
2025-10-16 15:55:00+00:00,664.8,664.87,663.93,664.52,980593.0
2025-10-16 16:00:00+00:00,664.51,664.6,663.72,664.5499,810774.0
2025-10-16 16:05:00+00:00,664.54,665.11,664.27,664.56,765606.0
2025-10-16 16:10:00+00:00,664.59,665.15,664.2,664.7,1297149.0
2025-10-16 16:15:00+00:00,664.69,665.09,663.095,663.23,777849.0
2025-10-16 16:20:00+00:00,663.21,663.9,662.8,663.57,1035128.0
2025-10-16 16:25:00+00:00,663.62,663.8,662.29,662.47,1237812.0
2025-10-16 16:30:00+00:00,662.48,662.5,659.7,659.945,2860882.0
2025-10-16 16:35:00+00:00,659.92,661.24,659.92,660.5,2623261.0
2025-10-16 16:40:00+00:00,660.5,661.61,659.84,660.82,1710955.0
2025-10-16 16:45:00+00:00,660.82,661.04,659.33,660.94,1620537.0
2025-10-16 16:50:00+00:00,660.91,662.05,660.83,661.68,1339489.0
2025-10-16 16:55:00+00:00,661.71,663.5,661.67,663.37,1576750.0
2025-10-16 17:00:00+00:00,663.37,663.66,661.61,661.98,1598356.0
2025-10-16 17:05:00+00:00,662.03,663.11,661.34,662.64,1647977.0
2025-10-16 17:10:00+00:00,662.62,663.43,662.18,662.65,1324738.0
2025-10-16 17:15:00+00:00,662.65,664.26,662.35,663.56,1096382.0
2025-10-16 17:20:00+00:00,663.57,663.71,662.26,662.76,1074928.0
2025-10-16 17:25:00+00:00,662.82,663.63,662.55,663.502,590416.0
2025-10-16 17:30:00+00:00,663.49,664.0,662.93,663.175,743716.0
2025-10-16 17:35:00+00:00,663.21,663.63,662.67,662.7,526393.0
2025-10-16 17:40:00+00:00,662.68,662.76,661.54,661.97,1202868.0
2025-10-16 17:45:00+00:00,661.98,662.32,661.48,662.1,874693.0
2025-10-16 17:50:00+00:00,662.11,662.1695,661.12,661.42,687501.0
2025-10-16 17:55:00+00:00,661.43,662.07,661.42,661.81,809635.0
2025-10-16 18:00:00+00:00,661.81,661.9495,660.2,660.21,906682.0
2025-10-16 18:05:00+00:00,660.22,660.43,659.4587,659.6815,1590974.0
2025-10-16 18:10:00+00:00,659.69,659.92,658.02,658.42,1612790.0
2025-10-16 18:15:00+00:00,658.43,658.88,657.45,657.81,1977488.0
2025-10-16 18:20:00+00:00,657.79,659.42,657.7,658.92,1536909.0
2025-10-16 18:25:00+00:00,658.92,659.18,657.85,658.385,1042836.0
2025-10-16 18:30:00+00:00,658.39,658.81,657.11,657.35,1418340.0
2025-10-16 18:35:00+00:00,657.38,659.24,657.19,658.74,1801004.0
2025-10-16 18:40:00+00:00,658.72,660.33,658.54,659.93,1324158.0
2025-10-16 18:45:00+00:00,659.9458,660.69,659.6587,659.79,1497499.0
2025-10-16 18:50:00+00:00,659.86,660.42,659.452,660.42,1143213.0
2025-10-16 18:55:00+00:00,660.41,660.64,659.99,660.523,764848.0
2025-10-16 19:00:00+00:00,660.51,660.75,659.71,660.18,828949.0
2025-10-16 19:05:00+00:00,660.172,660.52,659.81,660.215,895102.0
2025-10-16 19:10:00+00:00,660.23,660.9299,659.4,659.43,1160304.0
2025-10-16 19:15:00+00:00,659.44,659.7,658.72,658.915,1029490.0
2025-10-16 19:20:00+00:00,658.915,659.5,657.99,659.29,1654525.0
2025-10-16 19:25:00+00:00,659.29,659.525,658.59,658.91,1067013.0
2025-10-16 19:30:00+00:00,658.92,659.16,658.14,658.5813,1500326.0
2025-10-16 19:35:00+00:00,658.59,659.6199,658.325,658.81,1400346.0
2025-10-16 19:40:00+00:00,658.8,659.58,658.8,659.46,1025478.0
2025-10-16 19:45:00+00:00,659.47,660.32,659.17,660.24,1890257.0
2025-10-16 19:50:00+00:00,660.24,661.01,659.92,660.85,3180172.0
2025-10-16 19:55:00+00:00,660.86,661.25,659.945,660.65,5046167.0
2025-10-16 20:00:00+00:00,660.7,661.15,660.54,660.61,566462.0
2025-10-16 20:05:00+00:00,660.61,660.7031,659.86,659.87,697303.0
2025-10-16 20:10:00+00:00,659.87,659.94,658.92,659.09,5076760.0
2025-10-16 20:15:00+00:00,659.11,659.7,658.96,659.63,331026.0
2025-10-16 20:20:00+00:00,659.7,660.0,659.22,659.44,430196.0
2025-10-16 20:25:00+00:00,659.44,660.34,659.2,659.42,394140.0
2025-10-16 20:30:00+00:00,659.46,659.49,659.2,659.24,21275.0
2025-10-16 20:35:00+00:00,659.25,659.69,659.13,659.54,30706.0
2025-10-16 20:40:00+00:00,659.57,659.65,659.45,659.61,19093.0
2025-10-16 20:45:00+00:00,659.7,659.79,659.65,659.75,14712.0
2025-10-16 20:50:00+00:00,659.811,660.03,659.81,659.99,25713.0
2025-10-16 20:55:00+00:00,659.96,659.96,659.66,659.73,21929.0
2025-10-16 21:00:00+00:00,659.71,659.74,659.5,659.7,15392.0
2025-10-16 21:05:00+00:00,659.7,659.7,659.45,659.45,8448.0
2025-10-16 21:10:00+00:00,659.4,659.4,659.06,659.06,21342.0
2025-10-16 21:15:00+00:00,659.11,659.15,659.11,659.15,1280.0
2025-10-16 21:20:00+00:00,659.15,659.5,659.15,659.48,11794.0
2025-10-16 21:25:00+00:00,659.41,659.51,659.41,659.51,2234.0
2025-10-16 21:30:00+00:00,659.4003,659.49,659.39,659.4899,7231.0
2025-10-16 21:35:00+00:00,659.4862,659.58,659.4,659.58,4923.0
2025-10-16 21:40:00+00:00,659.6,659.65,659.48,659.48,8089.0
2025-10-16 21:45:00+00:00,659.51,659.71,659.51,659.7,3433.0
2025-10-16 21:50:00+00:00,659.71,660.15,659.62,659.9,35394.0
2025-10-16 21:55:00+00:00,659.72,659.8,659.5,659.5,6160.0
2025-10-16 22:00:00+00:00,659.45,660.35,659.42,660.15,22941.0
2025-10-16 22:05:00+00:00,660.1799,660.5,659.89,660.49,19818.0
2025-10-16 22:10:00+00:00,660.46,660.6704,659.98,660.04,20137.0
2025-10-16 22:15:00+00:00,660.04,660.06,659.71,659.81,12594.0
2025-10-16 22:20:00+00:00,659.73,659.92,659.55,659.55,3815.0
2025-10-16 22:25:00+00:00,659.59,659.85,659.52,659.85,4365.0
2025-10-16 22:30:00+00:00,659.87,660.04,659.73,660.0199,5889.0
2025-10-16 22:35:00+00:00,659.981,659.981,659.59,659.63,5723.0
2025-10-16 22:40:00+00:00,659.55,659.5785,659.06,659.27,11735.0
2025-10-16 22:45:00+00:00,659.1,659.49,659.1,659.49,5113.0
2025-10-16 22:50:00+00:00,659.37,659.38,659.06,659.06,2712.0
2025-10-16 22:55:00+00:00,659.05,659.05,658.31,658.3299,25066.0
2025-10-16 23:00:00+00:00,658.27,658.64,658.11,658.52,8677.0
2025-10-16 23:05:00+00:00,658.5,658.61,658.08,658.23,5336.0
2025-10-16 23:10:00+00:00,658.3762,658.59,658.35,658.3532,5692.0
2025-10-16 23:15:00+00:00,658.59,658.68,658.5,658.68,3234.0
2025-10-16 23:20:00+00:00,658.89,658.98,658.78,658.81,5011.0
2025-10-16 23:25:00+00:00,658.71,658.71,658.21,658.26,8357.0
2025-10-16 23:30:00+00:00,658.14,658.5,658.1,658.49,2710.0
2025-10-16 23:35:00+00:00,658.46,658.5212,658.08,658.17,7128.0
2025-10-16 23:40:00+00:00,658.13,658.43,658.07,658.35,15805.0
2025-10-16 23:45:00+00:00,658.4,658.76,658.4,658.41,8427.0
2025-10-16 23:50:00+00:00,658.32,658.65,658.25,658.65,8500.0
2025-10-16 23:55:00+00:00,658.69,658.96,658.69,658.96,8797.0
2025-10-17 08:00:00+00:00,656.83,656.83,651.93,652.02,52837.0
2025-10-17 08:05:00+00:00,651.89,652.71,651.62,652.08,78131.0
2025-10-17 08:10:00+00:00,652.32,652.44,651.75,651.75,28621.0
2025-10-17 08:15:00+00:00,651.75,652.5,651.43,651.57,24132.0
2025-10-17 08:20:00+00:00,651.41,652.39,651.41,652.38,31130.0
2025-10-17 08:25:00+00:00,652.5,652.92,652.49,652.82,19863.0
2025-10-17 08:30:00+00:00,652.82,653.6,652.64,653.59,30206.0
2025-10-17 08:35:00+00:00,653.53,653.93,653.3,653.33,27044.0
2025-10-17 08:40:00+00:00,653.28,653.67,653.23,653.23,8483.0
2025-10-17 08:45:00+00:00,653.2,653.62,652.9,653.49,15198.0
2025-10-17 08:50:00+00:00,653.54,653.54,653.07,653.13,14880.0
2025-10-17 08:55:00+00:00,653.19,653.56,653.19,653.41,8425.0
2025-10-17 09:00:00+00:00,653.21,653.95,653.17,653.84,7589.0
2025-10-17 09:05:00+00:00,653.87,653.89,653.72,653.81,11256.0
2025-10-17 09:10:00+00:00,653.79,654.15,653.79,654.09,9134.0
2025-10-17 09:15:00+00:00,654.08,654.47,654.08,654.23,15035.0
2025-10-17 09:20:00+00:00,654.43,654.83,654.43,654.73,7965.0
2025-10-17 09:25:00+00:00,654.69,654.91,654.26,654.39,9067.0
2025-10-17 09:30:00+00:00,654.35,654.41,654.0,654.28,10117.0
2025-10-17 09:35:00+00:00,654.32,654.96,654.31,654.56,13922.0
2025-10-17 09:40:00+00:00,654.37,654.37,653.47,653.91,33117.0
2025-10-17 09:45:00+00:00,653.68,653.95,653.68,653.78,14096.0
2025-10-17 09:50:00+00:00,653.86,654.1,653.86,653.91,29954.0
2025-10-17 09:55:00+00:00,653.88,653.91,653.36,653.36,12179.0
2025-10-17 10:00:00+00:00,653.5,654.51,653.43,654.49,16610.0
2025-10-17 10:05:00+00:00,654.46,654.58,654.29,654.31,9429.0
2025-10-17 10:10:00+00:00,654.25,654.41,653.79,653.87,11241.0
2025-10-17 10:15:00+00:00,653.91,654.12,653.35,653.65,29547.0
2025-10-17 10:20:00+00:00,653.68,653.68,653.35,653.42,22196.0
2025-10-17 10:25:00+00:00,653.39,653.8,653.32,653.52,24924.0
2025-10-17 10:30:00+00:00,653.49,654.82,653.49,653.97,42384.0
2025-10-17 10:35:00+00:00,654.3,654.87,654.22,654.87,24385.0
2025-10-17 10:40:00+00:00,654.87,654.97,654.53,654.91,21798.0
2025-10-17 10:45:00+00:00,654.88,655.39,654.43,654.43,42009.0
2025-10-17 10:50:00+00:00,654.49,655.2,654.21,655.05,48037.0
2025-10-17 10:55:00+00:00,655.2,655.71,655.06,655.71,55902.0
2025-10-17 11:00:00+00:00,655.74,656.12,655.6,655.6,113329.0
2025-10-17 11:05:00+00:00,655.66,657.26,655.42,657.09,124955.0
2025-10-17 11:10:00+00:00,657.08,659.5,656.63,659.35,259526.0
2025-10-17 11:15:00+00:00,659.21,659.67,658.17,658.46,219163.0
2025-10-17 11:20:00+00:00,658.47,658.771,657.88,658.771,103615.0
2025-10-17 11:25:00+00:00,658.7,659.11,658.31,658.82,50432.0
2025-10-17 11:30:00+00:00,658.72,659.0,658.05,658.58,76654.0
2025-10-17 11:35:00+00:00,658.62,659.04,658.4,658.87,34363.0
2025-10-17 11:40:00+00:00,658.92,659.35,658.68,658.85,38059.0
2025-10-17 11:45:00+00:00,658.8,659.15,658.49,659.0,61938.0
2025-10-17 11:50:00+00:00,659.0,659.04,657.91,658.61,61356.0
2025-10-17 11:55:00+00:00,658.56,659.35,658.56,659.33,49893.0
2025-10-17 12:00:00+00:00,654.37,660.0,651.56,659.3197,390276.0
2025-10-17 12:05:00+00:00,659.389,660.9,659.389,660.49,152370.0
2025-10-17 12:10:00+00:00,660.55,660.73,659.2,660.19,184390.0
2025-10-17 12:15:00+00:00,660.14,660.75,659.92,660.55,115944.0
2025-10-17 12:20:00+00:00,660.55,661.21,660.44,660.77,192708.0
2025-10-17 12:25:00+00:00,660.76,660.81,660.1,660.61,80248.0
2025-10-17 12:30:00+00:00,660.68,661.01,659.94,660.36,102933.0
2025-10-17 12:35:00+00:00,660.36,661.25,660.16,660.9599,93228.0
2025-10-17 12:40:00+00:00,660.98,660.98,660.3,660.39,59378.0
2025-10-17 12:45:00+00:00,660.34,660.75,660.3,660.57,53668.0
2025-10-17 12:50:00+00:00,660.63,660.7,659.82,660.33,66290.0
2025-10-17 12:55:00+00:00,660.36,660.43,659.78,659.91,83493.0
2025-10-17 13:00:00+00:00,659.86,660.42,659.66,660.09,72778.0
2025-10-17 13:05:00+00:00,660.1,660.75,659.76,660.5,74153.0
2025-10-17 13:10:00+00:00,660.52,660.64,659.92,659.93,57711.0
2025-10-17 13:15:00+00:00,659.98,660.31,659.78,660.26,29084.0
2025-10-17 13:20:00+00:00,660.27,660.5,660.0,660.49,38144.0
2025-10-17 13:25:00+00:00,660.37,660.58,659.42,659.5,262437.0
2025-10-17 13:30:00+00:00,659.5,660.58,658.715,660.49,3630237.0
2025-10-17 13:35:00+00:00,660.5,661.36,659.65,659.815,2150742.0
2025-10-17 13:40:00+00:00,659.79,660.04,658.23,658.65,1823923.0
2025-10-17 13:45:00+00:00,658.64,660.65,658.35,660.11,2025091.0
2025-10-17 13:50:00+00:00,660.11,662.02,660.04,661.69,2035742.0
2025-10-17 13:55:00+00:00,661.71,662.48,660.54,660.68,1756181.0
2025-10-17 14:00:00+00:00,660.67,661.65,659.66,661.0,1478087.0
2025-10-17 14:05:00+00:00,660.97,661.8,660.67,660.83,1022786.0
2025-10-17 14:10:00+00:00,660.82,663.31,660.67,663.1,1577677.0
2025-10-17 14:15:00+00:00,663.13,663.715,661.98,662.14,1361520.0
2025-10-17 14:20:00+00:00,662.15,662.91,661.54,662.5,1188403.0
2025-10-17 14:25:00+00:00,662.49,662.96,661.98,662.31,888396.0
2025-10-17 14:30:00+00:00,662.31,662.4,661.09,661.16,817607.0
2025-10-17 14:35:00+00:00,661.17,661.24,660.29,660.34,1125683.0
2025-10-17 14:40:00+00:00,660.33,661.62,660.07,660.36,1259270.0
2025-10-17 14:45:00+00:00,660.35,661.75,660.15,661.14,811743.0
2025-10-17 14:50:00+00:00,661.17,661.68,660.61,660.7881,696476.0
2025-10-17 14:55:00+00:00,660.79,660.82,659.33,659.58,880764.0
2025-10-17 15:00:00+00:00,659.56,661.41,659.31,660.99,1127693.0
2025-10-17 15:05:00+00:00,660.96,661.68,660.59,660.61,983996.0
2025-10-17 15:10:00+00:00,660.6,661.4,659.12,659.125,802973.0
2025-10-17 15:15:00+00:00,659.13,660.17,659.02,659.2737,4388396.0
2025-10-17 15:20:00+00:00,659.2687,659.5599,658.71,658.87,803469.0
2025-10-17 15:25:00+00:00,658.872,659.78,658.51,659.42,967796.0
2025-10-17 15:30:00+00:00,659.44,659.86,658.71,659.03,1244836.0
2025-10-17 15:35:00+00:00,659.03,659.85,658.14,659.77,890189.0
2025-10-17 15:40:00+00:00,659.76,660.71,659.72,660.5,987874.0
2025-10-17 15:45:00+00:00,660.46,661.4699,660.19,661.29,1268427.0
2025-10-17 15:50:00+00:00,661.27,661.89,660.93,661.3958,847023.0
2025-10-17 15:55:00+00:00,661.39,662.24,661.31,661.71,660890.0
2025-10-17 16:00:00+00:00,661.7,662.96,661.63,662.64,695728.0
2025-10-17 16:05:00+00:00,662.63,663.18,662.45,663.12,667805.0
2025-10-17 16:10:00+00:00,663.11,663.11,662.4601,662.715,1452658.0
2025-10-17 16:15:00+00:00,662.71,663.36,662.23,662.48,694597.0
2025-10-17 16:20:00+00:00,662.48,663.095,662.42,662.9391,400192.0
2025-10-17 16:25:00+00:00,662.93,663.3413,662.6115,663.11,647079.0
2025-10-17 16:30:00+00:00,663.13,663.635,662.7,662.78,649490.0
2025-10-17 16:35:00+00:00,662.785,663.4,662.48,662.69,678013.0
2025-10-17 16:40:00+00:00,662.7,662.91,661.99,662.34,520160.0
2025-10-17 16:45:00+00:00,662.33,663.17,661.66,663.07,699344.0
2025-10-17 16:50:00+00:00,663.07,663.54,661.71,661.75,796089.0
2025-10-17 16:55:00+00:00,661.78,662.19,661.25,662.0,626839.0
2025-10-17 17:00:00+00:00,662.02,662.06,661.31,661.56,544846.0
2025-10-17 17:05:00+00:00,661.54,662.13,661.2,661.48,503066.0
2025-10-17 17:10:00+00:00,661.48,661.9,660.96,661.6,431167.0
2025-10-17 17:15:00+00:00,661.61,661.67,660.67,660.7899,483625.0
2025-10-17 17:20:00+00:00,660.79,661.77,660.55,661.41,579547.0
2025-10-17 17:25:00+00:00,661.4,661.455,661.0,661.19,449069.0
2025-10-17 17:30:00+00:00,661.16,662.1,661.02,662.06,602162.0
2025-10-17 17:35:00+00:00,662.06,662.52,661.69,661.86,620239.0
2025-10-17 17:40:00+00:00,661.84,662.05,660.98,661.12,477663.0
2025-10-17 17:45:00+00:00,661.12,661.61,660.71,661.61,443265.0
2025-10-17 17:50:00+00:00,661.6,662.97,661.529,662.85,784364.0
2025-10-17 17:55:00+00:00,662.84,663.06,662.28,662.885,775526.0
2025-10-17 18:00:00+00:00,662.87,663.56,662.87,663.22,761232.0
2025-10-17 18:05:00+00:00,663.23,663.985,663.23,663.7,1021879.0
2025-10-17 18:10:00+00:00,663.7,663.9916,663.24,663.6656,700779.0
2025-10-17 18:15:00+00:00,663.65,664.63,663.64,664.56,785501.0
2025-10-17 18:20:00+00:00,664.56,665.04,664.56,664.62,1219878.0
2025-10-17 18:25:00+00:00,664.62,664.965,664.36,664.63,626676.0
2025-10-17 18:30:00+00:00,664.65,664.88,664.3,664.6,1147088.0
2025-10-17 18:35:00+00:00,664.6,665.1,664.48,664.5,689818.0
2025-10-17 18:40:00+00:00,664.49,664.7692,664.09,664.22,745047.0
2025-10-17 18:45:00+00:00,664.23,664.7,664.03,664.38,515546.0
2025-10-17 18:50:00+00:00,664.4,664.65,664.11,664.35,483830.0
2025-10-17 18:55:00+00:00,664.35,664.54,664.25,664.38,421389.0
2025-10-17 19:00:00+00:00,664.39,664.91,664.365,664.77,677701.0
2025-10-17 19:05:00+00:00,664.78,664.98,664.42,664.91,413392.0
2025-10-17 19:10:00+00:00,664.91,665.54,664.79,665.39,888690.0
2025-10-17 19:15:00+00:00,665.4,665.5,665.02,665.26,786872.0
2025-10-17 19:20:00+00:00,665.25,665.755,665.245,665.63,1072231.0
2025-10-17 19:25:00+00:00,665.62,665.65,665.01,665.13,650039.0
2025-10-17 19:30:00+00:00,665.13,665.13,664.24,664.775,1406777.0
2025-10-17 19:35:00+00:00,664.775,665.08,664.605,664.99,1063871.0
2025-10-17 19:40:00+00:00,664.99,665.105,664.58,664.69,1157927.0
2025-10-17 19:45:00+00:00,664.68,664.875,664.35,664.74,1570173.0
2025-10-17 19:50:00+00:00,664.71,664.78,664.12,664.602,1885116.0
2025-10-17 19:55:00+00:00,664.57,664.71,664.03,664.32,3227693.0
2025-10-17 20:00:00+00:00,664.34,664.83,664.13,664.8,1719254.0
2025-10-17 20:05:00+00:00,664.79,665.08,664.79,664.97,465659.0
2025-10-17 20:10:00+00:00,664.97,665.08,664.39,664.9875,4480174.0
2025-10-17 20:15:00+00:00,664.95,664.95,664.82,664.9,331891.0
2025-10-17 20:20:00+00:00,664.93,665.24,664.93,665.08,193761.0
2025-10-17 20:25:00+00:00,665.05,665.15,665.0,665.01,1294830.0
2025-10-17 20:30:00+00:00,665.0,665.15,664.9804,665.09,341267.0
2025-10-17 20:35:00+00:00,665.08,665.08,664.39,664.92,215772.0
2025-10-17 20:40:00+00:00,664.93,665.15,664.9,664.95,75101.0
2025-10-17 20:45:00+00:00,664.95,664.97,664.84,664.94,49608.0
2025-10-17 20:50:00+00:00,664.97,665.07,664.96,664.97,3607.0
2025-10-17 20:55:00+00:00,664.9996,665.07,664.9605,665.07,30574.0
2025-10-17 21:00:00+00:00,665.09,665.09,664.93,665.04,21029.0
2025-10-17 21:05:00+00:00,665.03,665.05,664.95,665.0,16931.0
2025-10-17 21:10:00+00:00,665.04,665.04,664.9601,665.0188,6792.0
2025-10-17 21:15:00+00:00,664.96,665.02,664.95,664.9588,9993.0
2025-10-17 21:20:00+00:00,664.95,665.04,664.95,664.98,37471.0
2025-10-17 21:25:00+00:00,664.99,665.1,664.99,665.1,10687.0
2025-10-17 21:30:00+00:00,665.1,665.3499,665.1,665.12,33236.0
2025-10-17 21:35:00+00:00,665.06,665.19,665.04,665.19,17114.0
2025-10-17 21:40:00+00:00,665.1,665.12,665.1,665.12,3487.0
2025-10-17 21:45:00+00:00,665.1,665.26,665.1,665.26,2090.0
2025-10-17 21:50:00+00:00,665.26,665.28,665.17,665.28,3624.0
2025-10-17 21:55:00+00:00,665.22,665.25,665.17,665.17,3963.0
2025-10-17 22:00:00+00:00,665.17,665.26,665.17,665.26,1634.0
2025-10-17 22:05:00+00:00,665.26,665.3,665.25,665.25,6097.0
2025-10-17 22:10:00+00:00,665.19,665.3,665.11,665.26,4246.0
2025-10-17 22:15:00+00:00,665.11,665.2,665.05,665.05,15244.0
2025-10-17 22:20:00+00:00,665.07,665.07,665.07,665.07,764.0
2025-10-17 22:25:00+00:00,665.07,665.07,665.01,665.01,11260.0
2025-10-17 22:30:00+00:00,665.01,665.01,664.9,664.9,6700.0
2025-10-17 22:35:00+00:00,664.88,664.88,664.77,664.81,19013.0
2025-10-17 22:40:00+00:00,664.76,664.77,664.72,664.77,464.0
2025-10-17 22:45:00+00:00,664.77,664.81,664.77,664.81,1051.0
2025-10-17 22:50:00+00:00,664.8,664.81,664.8,664.81,2918.0
2025-10-17 22:55:00+00:00,664.81,664.81,664.77,664.77,1373.0
2025-10-17 23:00:00+00:00,664.81,664.81,664.72,664.8098,3129.0
2025-10-17 23:05:00+00:00,664.728,664.75,664.6,664.7,7029.0
2025-10-17 23:15:00+00:00,664.65,664.65,664.5984,664.6,5742.0
2025-10-17 23:20:00+00:00,664.7,664.7,664.7,664.7,10002.0
2025-10-17 23:25:00+00:00,664.7,664.7,664.6,664.6,1870.0
2025-10-17 23:30:00+00:00,664.6,664.81,664.5,664.81,8650.0
2025-10-17 23:35:00+00:00,664.79,664.81,664.79,664.81,1495.0
2025-10-17 23:40:00+00:00,664.8,664.81,664.72,664.72,1660.0
2025-10-17 23:50:00+00:00,664.81,665.0,664.8,665.0,3044.0
2025-10-17 23:55:00+00:00,665.09,665.35,665.09,665.28,5998.0
2025-10-20 08:00:00+00:00,666.0,667.21,666.0,667.21,11340.0
2025-10-20 08:05:00+00:00,667.0,667.0,667.0,667.0,407.0
2025-10-20 08:10:00+00:00,666.81,666.84,666.64,666.84,2824.0
2025-10-20 08:15:00+00:00,666.94,666.95,666.5,666.5,3113.0
2025-10-20 08:20:00+00:00,666.5,666.59,666.42,666.55,6131.0
2025-10-20 08:25:00+00:00,666.51,666.64,666.47,666.64,5500.0
2025-10-20 08:30:00+00:00,666.64,666.76,666.62,666.64,3739.0
2025-10-20 08:35:00+00:00,666.64,666.68,666.4,666.42,30950.0
2025-10-20 08:40:00+00:00,666.37,666.58,666.29,666.29,5399.0
2025-10-20 08:45:00+00:00,666.46,666.54,666.06,666.06,6554.0
2025-10-20 08:50:00+00:00,666.1,666.19,666.0,666.05,5038.0
2025-10-20 08:55:00+00:00,666.14,666.15,666.14,666.15,1616.0
2025-10-20 09:00:00+00:00,666.05,666.13,665.81,666.13,5464.0
2025-10-20 09:05:00+00:00,666.06,666.14,665.93,666.14,2124.0
2025-10-20 09:10:00+00:00,666.33,666.33,666.2,666.2,929.0
2025-10-20 09:15:00+00:00,666.36,666.43,666.27,666.35,4445.0
2025-10-20 09:20:00+00:00,666.56,666.58,666.36,666.58,5733.0
2025-10-20 09:25:00+00:00,666.58,666.6,666.47,666.47,3114.0
2025-10-20 09:30:00+00:00,666.53,666.53,666.38,666.38,1396.0
2025-10-20 09:35:00+00:00,666.32,666.32,666.16,666.16,1826.0
2025-10-20 09:40:00+00:00,666.23,666.23,666.03,666.12,1131.0
2025-10-20 09:45:00+00:00,666.13,666.13,665.89,665.98,543.0
2025-10-20 09:50:00+00:00,665.91,666.02,665.91,666.01,2011.0
2025-10-20 09:55:00+00:00,666.29,666.29,666.29,666.29,884.0
2025-10-20 10:00:00+00:00,666.32,666.49,666.31,666.39,1920.0
2025-10-20 10:05:00+00:00,666.01,666.02,665.94,665.95,2917.0
2025-10-20 10:10:00+00:00,666.08,666.08,666.08,666.08,551.0
2025-10-20 10:15:00+00:00,666.11,666.12,666.11,666.12,1169.0
2025-10-20 10:20:00+00:00,666.09,666.11,666.07,666.07,783.0
2025-10-20 10:25:00+00:00,666.03,666.03,665.95,665.98,851.0
2025-10-20 10:30:00+00:00,666.1,666.48,666.1,666.48,3094.0
2025-10-20 10:35:00+00:00,666.54,666.59,666.51,666.51,3015.0
2025-10-20 10:40:00+00:00,666.69,666.72,666.0,666.0,4753.0
2025-10-20 10:45:00+00:00,666.0,666.0,665.35,665.62,21987.0
2025-10-20 10:50:00+00:00,665.63,665.63,665.22,665.5,9144.0
2025-10-20 10:55:00+00:00,665.54,665.61,665.52,665.52,2277.0
2025-10-20 11:00:00+00:00,665.29,665.66,665.27,665.5,17140.0
2025-10-20 11:05:00+00:00,665.47,665.76,665.43,665.76,3499.0
2025-10-20 11:10:00+00:00,665.75,666.0,665.74,665.94,16527.0
2025-10-20 11:15:00+00:00,665.95,666.19,665.89,666.08,11153.0
2025-10-20 11:20:00+00:00,666.04,666.06,665.98,666.02,4102.0
2025-10-20 11:25:00+00:00,666.07,666.24,666.07,666.17,32736.0
2025-10-20 11:30:00+00:00,666.05,666.07,665.89,666.01,33778.0
2025-10-20 11:35:00+00:00,666.03,666.08,665.99,665.99,3356.0
2025-10-20 11:40:00+00:00,666.09,666.09,665.851,665.871,10645.0
2025-10-20 11:45:00+00:00,665.92,666.01,665.91,665.96,8981.0
2025-10-20 11:50:00+00:00,665.96,666.44,665.96,666.43,35388.0
2025-10-20 11:55:00+00:00,666.42,666.47,666.35,666.36,11567.0
2025-10-20 12:00:00+00:00,666.35,667.58,665.2791,666.23,99371.0
2025-10-20 12:05:00+00:00,666.2874,666.29,666.12,666.29,11525.0
2025-10-20 12:10:00+00:00,666.29,666.39,666.26,666.39,24819.0
2025-10-20 12:15:00+00:00,666.3,666.39,666.15,666.19,15424.0
2025-10-20 12:20:00+00:00,666.25,666.52,666.23,666.48,24616.0
2025-10-20 12:25:00+00:00,666.5,666.53,666.27,666.34,8834.0
2025-10-20 12:30:00+00:00,666.43,666.6,666.43,666.58,6469.0
2025-10-20 12:35:00+00:00,666.54,666.62,666.53,666.6,35819.0
2025-10-20 12:40:00+00:00,666.6,666.8,666.6,666.74,36396.0
2025-10-20 12:45:00+00:00,666.76,667.34,666.76,667.0,102701.0
2025-10-20 12:50:00+00:00,666.98,667.27,666.98,667.03,73343.0
2025-10-20 12:55:00+00:00,667.04,667.4,667.04,667.37,136273.0
2025-10-20 13:00:00+00:00,667.38,667.65,667.34,667.57,93574.0
2025-10-20 13:05:00+00:00,667.54,667.58,667.37,667.54,29366.0
2025-10-20 13:10:00+00:00,667.56,667.57,667.29,667.3,44138.0
2025-10-20 13:15:00+00:00,667.32,667.6,667.2,667.5,53859.0
2025-10-20 13:20:00+00:00,667.51,667.78,667.47,667.47,62752.0
2025-10-20 13:25:00+00:00,667.49,667.55,667.17,667.25,76755.0
2025-10-20 13:30:00+00:00,667.32,668.81,667.27,668.55,2127084.0
2025-10-20 13:35:00+00:00,668.56,669.02,668.445,668.66,1427519.0
2025-10-20 13:40:00+00:00,668.67,669.121,668.3806,668.69,1044333.0
2025-10-20 13:45:00+00:00,668.69,669.455,668.6,669.245,1104196.0
2025-10-20 13:50:00+00:00,669.24,669.39,668.94,669.13,774750.0
2025-10-20 13:55:00+00:00,669.12,669.218,668.49,668.74,960826.0
2025-10-20 14:00:00+00:00,668.75,669.49,668.73,669.28,1006502.0
2025-10-20 14:05:00+00:00,669.27,669.71,669.08,669.71,757139.0
2025-10-20 14:10:00+00:00,669.72,669.79,669.45,669.56,846083.0
2025-10-20 14:15:00+00:00,669.57,669.61,669.01,669.26,824883.0
2025-10-20 14:20:00+00:00,669.25,669.79,669.13,669.73,502901.0
2025-10-20 14:25:00+00:00,669.75,670.39,669.71,670.265,997840.0
2025-10-20 14:30:00+00:00,670.26,670.3,669.87,669.895,703920.0
2025-10-20 14:35:00+00:00,669.87,670.475,669.81,670.46,696525.0
2025-10-20 14:40:00+00:00,670.46,670.86,670.42,670.84,1173709.0
2025-10-20 14:45:00+00:00,670.83,671.27,670.805,671.25,846641.0
2025-10-20 14:50:00+00:00,671.25,671.34,671.04,671.3101,708940.0
2025-10-20 14:55:00+00:00,671.32,671.46,671.15,671.2101,976329.0
2025-10-20 15:00:00+00:00,671.22,671.25,670.82,670.96,706142.0
2025-10-20 15:05:00+00:00,670.96,671.06,670.77,670.86,484169.0
2025-10-20 15:10:00+00:00,670.87,670.97,670.31,670.31,673685.0
2025-10-20 15:15:00+00:00,670.31,670.81,670.26,670.7499,536995.0
2025-10-20 15:20:00+00:00,670.74,670.93,670.675,670.925,372810.0
2025-10-20 15:25:00+00:00,670.92,671.1,670.73,670.92,369952.0
2025-10-20 15:30:00+00:00,670.93,671.06,670.73,670.89,332476.0
2025-10-20 15:35:00+00:00,670.9,671.01,670.63,670.77,383352.0
2025-10-20 15:40:00+00:00,670.8,670.94,670.63,670.79,426123.0
2025-10-20 15:45:00+00:00,670.79,671.2,670.725,671.19,455288.0
2025-10-20 15:50:00+00:00,671.19,671.31,670.4,670.8,1302807.0
2025-10-20 15:55:00+00:00,670.78,670.81,670.16,670.55,649510.0
2025-10-20 16:00:00+00:00,670.58,670.68,670.33,670.59,1949789.0
2025-10-20 16:05:00+00:00,670.58,670.87,670.46,670.48,359455.0
2025-10-20 16:10:00+00:00,670.475,670.61,670.24,670.34,412929.0
2025-10-20 16:15:00+00:00,670.34,670.69,670.21,670.61,383975.0
2025-10-20 16:20:00+00:00,670.6,670.6,670.33,670.42,296156.0
2025-10-20 16:25:00+00:00,670.4,670.94,670.4,670.81,740077.0
2025-10-20 16:30:00+00:00,670.805,670.885,670.49,670.555,327294.0
2025-10-20 16:35:00+00:00,670.57,670.68,670.3,670.66,450788.0
2025-10-20 16:40:00+00:00,670.66,670.96,670.5644,670.75,329433.0
2025-10-20 16:45:00+00:00,670.75,670.915,670.59,670.895,253151.0
2025-10-20 16:50:00+00:00,670.87,670.97,670.785,670.91,334968.0
2025-10-20 16:55:00+00:00,670.9,671.09,670.83,671.045,380231.0
2025-10-20 17:00:00+00:00,671.03,671.645,671.01,671.635,660263.0
2025-10-20 17:05:00+00:00,671.625,671.69,671.44,671.56,468448.0
2025-10-20 17:10:00+00:00,671.56,671.645,671.505,671.57,339011.0
2025-10-20 17:15:00+00:00,671.57,672.01,671.54,671.9412,470040.0
2025-10-20 17:20:00+00:00,671.94,671.95,671.78,671.91,351783.0
2025-10-20 17:25:00+00:00,671.94,671.95,671.5799,671.6099,408719.0
2025-10-20 17:30:00+00:00,671.61,671.78,671.545,671.665,271502.0
2025-10-20 17:35:00+00:00,671.67,671.91,671.63,671.845,214614.0
2025-10-20 17:40:00+00:00,671.85,672.12,671.845,671.98,379513.0
2025-10-20 17:45:00+00:00,671.99,672.0377,671.87,672.03,252266.0
2025-10-20 17:50:00+00:00,672.03,672.04,671.7302,671.7302,344177.0
2025-10-20 17:55:00+00:00,671.735,671.84,671.63,671.7988,260833.0
2025-10-20 18:00:00+00:00,671.8,672.11,671.76,672.09,401469.0
2025-10-20 18:05:00+00:00,672.1,672.2,672.0201,672.14,391586.0
2025-10-20 18:10:00+00:00,672.14,672.21,672.0,672.12,343029.0
2025-10-20 18:15:00+00:00,672.12,672.21,671.92,672.018,579001.0
2025-10-20 18:20:00+00:00,672.02,672.03,671.83,671.925,281942.0
2025-10-20 18:25:00+00:00,671.92,671.94,671.73,671.8414,358160.0
2025-10-20 18:30:00+00:00,671.85,671.92,671.64,671.7799,307895.0
2025-10-20 18:35:00+00:00,671.785,671.82,671.68,671.6999,384650.0
2025-10-20 18:40:00+00:00,671.7,671.71,671.54,671.609,406675.0
2025-10-20 18:45:00+00:00,671.6,671.605,671.175,671.39,557585.0
2025-10-20 18:50:00+00:00,671.4,671.51,671.2399,671.375,323885.0
2025-10-20 18:55:00+00:00,671.38,671.78,671.38,671.66,597461.0
2025-10-20 19:00:00+00:00,671.67,671.995,671.61,671.855,495423.0
2025-10-20 19:05:00+00:00,671.86,672.03,671.815,671.88,388319.0
2025-10-20 19:10:00+00:00,671.88,671.88,671.61,671.704105,417179.0
2025-10-20 19:15:00+00:00,671.7,671.72,671.36,671.42,528457.0
2025-10-20 19:20:00+00:00,671.4144,671.43,671.21,671.37,466570.0
2025-10-20 19:25:00+00:00,671.375,671.8,671.36,671.71,570734.0
2025-10-20 19:30:00+00:00,671.72,671.72,671.57,671.67,512446.0
2025-10-20 19:35:00+00:00,671.66,671.855,671.57,671.755,532919.0
2025-10-20 19:40:00+00:00,671.755,671.79,671.47,671.51,724443.0
2025-10-20 19:45:00+00:00,671.51,671.99,671.49,671.9285,1284510.0
2025-10-20 19:50:00+00:00,671.92,672.1,671.77,671.83,1865630.0
2025-10-20 19:55:00+00:00,671.83,671.83,671.2,671.27,4087823.0
2025-10-20 20:00:00+00:00,671.27,671.37,670.93,671.34,814176.0
2025-10-20 20:05:00+00:00,671.33,671.46,671.28,671.46,376422.0
2025-10-20 20:10:00+00:00,671.45,671.72,671.4,671.63,4139467.0
2025-10-20 20:15:00+00:00,671.64,671.67,671.55,671.6499,79216.0
2025-10-20 20:20:00+00:00,671.66,671.7096,671.5,671.7096,65892.0
2025-10-20 20:25:00+00:00,671.6993,671.73,671.66,671.73,18274.0
2025-10-20 20:30:00+00:00,671.7,671.7699,671.69,671.75,59365.0
2025-10-20 20:35:00+00:00,671.75,671.77,671.7201,671.74,12377.0
2025-10-20 20:40:00+00:00,671.74,671.75,671.72,671.74,174436.0
2025-10-20 20:45:00+00:00,671.75,671.8,671.74,671.8,32492.0
2025-10-20 20:50:00+00:00,671.7803,671.81,671.75,671.79,57401.0
2025-10-20 20:55:00+00:00,671.77,671.92,671.77,671.9,22003.0
2025-10-20 21:00:00+00:00,671.9,672.0016,671.85,672.0,15248.0
2025-10-20 21:05:00+00:00,672.0,672.23,672.0,672.0,48562.0
2025-10-20 21:10:00+00:00,671.9612,672.03,671.95,672.03,5798.0
2025-10-20 21:15:00+00:00,672.03,672.03,671.9801,672.02,2782.0
2025-10-20 21:20:00+00:00,672.01,672.01,671.9901,671.9901,2107.0
2025-10-20 21:25:00+00:00,672.0,672.0,671.95,671.99,2428.0
2025-10-20 21:30:00+00:00,672.0,672.04,672.0,672.0399,1850.0
2025-10-20 21:35:00+00:00,672.04,672.04,672.0,672.0,1437.0
2025-10-20 21:40:00+00:00,672.04,672.04,672.0,672.01,2096.0
2025-10-20 21:45:00+00:00,672.02,672.02,672.0,672.0,3175.0
2025-10-20 21:50:00+00:00,672.04,672.04,672.04,672.04,229.0
2025-10-20 21:55:00+00:00,672.0,672.03,672.0,672.0,2219.0
2025-10-20 22:00:00+00:00,671.96,671.96,671.8,671.82,41576.0
2025-10-20 22:05:00+00:00,671.84,671.84,671.62,671.77,11655.0
2025-10-20 22:10:00+00:00,671.75,671.79,671.7,671.7,3976.0
2025-10-20 22:15:00+00:00,671.69,671.9,671.69,671.85,3735.0
2025-10-20 22:20:00+00:00,671.8292,671.8292,671.71,671.8,2998.0
2025-10-20 22:25:00+00:00,671.93,672.0,671.9,671.9,3522.0
2025-10-20 22:30:00+00:00,671.88,671.88,671.76,671.76,12619.0
2025-10-20 22:35:00+00:00,671.6528,671.6528,671.58,671.63,2788.0
2025-10-20 22:45:00+00:00,671.8,671.8,671.69,671.69,2797.0
2025-10-20 22:50:00+00:00,671.7,671.71,671.7,671.71,1121.0
2025-10-20 22:55:00+00:00,671.72,671.74,671.7,671.7,1590.0
2025-10-20 23:00:00+00:00,671.82,671.88,671.82,671.88,3722.0
2025-10-20 23:05:00+00:00,671.83,671.83,671.83,671.83,274.0
2025-10-20 23:10:00+00:00,671.92,672.1,671.92,672.0785,12238.0
2025-10-20 23:15:00+00:00,671.85,671.85,671.71,671.74,12072.0
2025-10-20 23:20:00+00:00,671.89,671.89,671.84,671.84,409.0
2025-10-20 23:25:00+00:00,671.97,671.97,671.8901,671.92,910.0
2025-10-20 23:30:00+00:00,672.02,672.05,671.9995,672.05,2013.0
2025-10-20 23:35:00+00:00,672.0,672.02,671.92,671.9281,1962.0
2025-10-20 23:40:00+00:00,671.88,671.88,671.83,671.83,625.0
2025-10-20 23:45:00+00:00,671.77,671.77,671.62,671.639,6819.0
2025-10-20 23:50:00+00:00,671.62,671.72,671.5813,671.64,2870.0
2025-10-20 23:55:00+00:00,671.62,671.75,671.62,671.7497,4249.0
2025-10-21 08:00:00+00:00,671.33,671.33,670.68,670.87,4365.0
2025-10-21 08:05:00+00:00,670.78,670.88,670.7,670.86,2721.0
2025-10-21 08:10:00+00:00,670.7,670.84,670.65,670.65,6795.0
2025-10-21 08:15:00+00:00,670.71,670.73,670.47,670.47,11262.0
2025-10-21 08:20:00+00:00,670.48,670.63,670.4,670.57,17119.0
2025-10-21 08:25:00+00:00,670.67,670.67,670.5,670.57,5832.0
2025-10-21 08:30:00+00:00,670.57,670.7,670.57,670.7,2320.0
2025-10-21 08:35:00+00:00,670.71,670.73,670.65,670.72,3322.0
2025-10-21 08:40:00+00:00,670.66,670.66,670.5,670.64,2837.0
2025-10-21 08:45:00+00:00,670.58,670.67,670.58,670.66,2134.0
2025-10-21 08:50:00+00:00,670.65,670.65,670.5,670.5,5114.0
2025-10-21 08:55:00+00:00,670.5,670.54,670.5,670.54,20767.0
2025-10-21 09:00:00+00:00,670.55,670.65,670.5,670.57,7467.0
2025-10-21 09:05:00+00:00,670.54,670.7,670.54,670.69,4147.0
2025-10-21 09:10:00+00:00,670.64,670.84,670.64,670.82,6170.0
2025-10-21 09:15:00+00:00,670.68,670.81,670.68,670.73,1639.0
2025-10-21 09:20:00+00:00,670.74,670.74,670.63,670.71,7077.0
2025-10-21 09:25:00+00:00,670.77,670.93,670.76,670.93,11031.0
2025-10-21 09:30:00+00:00,670.82,671.05,670.82,670.99,4948.0
2025-10-21 09:35:00+00:00,670.98,670.99,670.82,670.82,3643.0
2025-10-21 09:40:00+00:00,670.88,670.9,670.88,670.9,656.0
2025-10-21 09:45:00+00:00,671.02,671.16,671.02,671.07,2302.0
2025-10-21 09:50:00+00:00,671.0,671.0,671.0,671.0,436.0
2025-10-21 09:55:00+00:00,670.97,670.98,670.91,670.91,1904.0
2025-10-21 10:00:00+00:00,670.93,670.97,670.9,670.93,3495.0
2025-10-21 10:05:00+00:00,670.9,670.99,670.9,670.99,1641.0
2025-10-21 10:10:00+00:00,670.92,670.96,670.91,670.91,1242.0
2025-10-21 10:15:00+00:00,670.74,670.74,670.71,670.71,1424.0
2025-10-21 10:20:00+00:00,670.74,670.8,670.61,670.64,7076.0
2025-10-21 10:25:00+00:00,670.75,670.92,670.75,670.83,3985.0
2025-10-21 10:30:00+00:00,670.9,671.07,670.9,670.96,4093.0
2025-10-21 10:35:00+00:00,670.89,671.11,670.89,671.01,3421.0
2025-10-21 10:40:00+00:00,670.99,671.0,670.94,671.0,719.0
2025-10-21 10:45:00+00:00,670.99,670.99,670.99,670.99,517.0
2025-10-21 10:50:00+00:00,671.13,671.13,671.09,671.09,744.0
2025-10-21 10:55:00+00:00,671.13,671.19,671.13,671.15,4121.0
2025-10-21 11:00:00+00:00,671.15,671.18,671.05,671.08,11040.0
2025-10-21 11:05:00+00:00,671.22,671.34,671.13,671.17,9344.0
2025-10-21 11:10:00+00:00,671.15,671.55,671.15,671.48,11232.0
2025-10-21 11:15:00+00:00,671.48,671.65,671.45,671.52,16703.0
2025-10-21 11:20:00+00:00,671.52,671.63,671.52,671.63,1653.0
2025-10-21 11:25:00+00:00,671.58,671.68,671.58,671.68,3850.0
2025-10-21 11:30:00+00:00,671.65,671.67,671.3,671.55,62961.0
2025-10-21 11:35:00+00:00,671.54,671.55,671.32,671.54,20488.0
2025-10-21 11:40:00+00:00,671.54,671.66,671.44,671.46,26158.0
2025-10-21 11:45:00+00:00,671.47,671.69,671.47,671.62,8493.0
2025-10-21 11:50:00+00:00,671.6,671.64,671.4,671.43,6106.0
2025-10-21 11:55:00+00:00,671.59,671.8,671.51,671.7,12311.0
2025-10-21 12:00:00+00:00,671.04,671.824,670.5296,671.53,90983.0
2025-10-21 12:05:00+00:00,671.57,671.61,671.5,671.6,5530.0
2025-10-21 12:10:00+00:00,671.62,671.8,671.62,671.71,16432.0
2025-10-21 12:15:00+00:00,671.621,671.67,671.57,671.6301,6675.0
2025-10-21 12:20:00+00:00,671.62,671.8,671.62,671.775,7304.0
2025-10-21 12:25:00+00:00,671.82,671.82,671.62,671.72,8526.0
2025-10-21 12:30:00+00:00,671.7,671.73,671.37,671.37,29276.0
2025-10-21 12:35:00+00:00,671.3999,671.59,671.39,671.46,20354.0
2025-10-21 12:40:00+00:00,671.44,671.67,671.44,671.63,7249.0
2025-10-21 12:45:00+00:00,671.64,671.72,671.61,671.62,7098.0
2025-10-21 12:50:00+00:00,671.64,671.64,671.32,671.48,10026.0
2025-10-21 12:55:00+00:00,671.44,671.58,671.31,671.41,40315.0
2025-10-21 13:00:00+00:00,671.42,671.5878,671.41,671.46,10700.0
2025-10-21 13:05:00+00:00,671.46,671.49,670.94,671.1999,19662.0
2025-10-21 13:10:00+00:00,671.15,671.22,670.86,671.15,55227.0
2025-10-21 13:15:00+00:00,671.14,671.24,671.095,671.13,26154.0
2025-10-21 13:20:00+00:00,671.12,671.18,671.04,671.05,19264.0
2025-10-21 13:25:00+00:00,671.04,671.51,671.04,671.43,33596.0
2025-10-21 13:30:00+00:00,671.44,671.69,671.03,671.505,1742801.0
2025-10-21 13:35:00+00:00,671.52,671.78,671.41,671.63,807954.0
2025-10-21 13:40:00+00:00,671.64,671.69,670.695,671.15,913613.0
2025-10-21 13:45:00+00:00,671.15,671.19,670.36,670.775,1068297.0
2025-10-21 13:50:00+00:00,670.79,671.11,670.71,670.95,681263.0
2025-10-21 13:55:00+00:00,670.94,670.97,670.15,670.57,874882.0
2025-10-21 14:00:00+00:00,670.56,670.73,669.981,670.28,916550.0
2025-10-21 14:05:00+00:00,670.29,670.94,670.2,670.56,693977.0
2025-10-21 14:10:00+00:00,670.56,671.05,670.4,670.96,709491.0
2025-10-21 14:15:00+00:00,670.95,671.575,670.77,671.51,935371.0
2025-10-21 14:20:00+00:00,671.5,671.9,671.32,671.56,822410.0
2025-10-21 14:25:00+00:00,671.57,671.575,670.41,670.6,837384.0
2025-10-21 14:30:00+00:00,670.59,670.91,670.26,670.9,704339.0
2025-10-21 14:35:00+00:00,670.9,671.51,670.86,671.37,558957.0
2025-10-21 14:40:00+00:00,671.37,671.7499,671.15,671.305,610933.0
2025-10-21 14:45:00+00:00,671.3,671.77,671.0,671.64,618560.0
2025-10-21 14:50:00+00:00,671.625,672.1701,671.62,672.095,719874.0
2025-10-21 14:55:00+00:00,672.08,672.64,672.03,672.57,938922.0
2025-10-21 15:00:00+00:00,672.58,672.68,672.2,672.33,1836127.0
2025-10-21 15:05:00+00:00,672.34,672.57,672.26,672.46,591376.0
2025-10-21 15:10:00+00:00,672.46,672.7313,672.37,672.46,578057.0
2025-10-21 15:15:00+00:00,672.44,672.4401,671.535,672.039,1326699.0
2025-10-21 15:20:00+00:00,672.05,672.08,671.6701,671.84,495510.0
2025-10-21 15:25:00+00:00,671.85,672.05,671.7,671.9,484156.0
2025-10-21 15:30:00+00:00,671.9,672.21,671.89,672.0,482089.0
2025-10-21 15:35:00+00:00,672.01,672.05,671.4,671.76,438227.0
2025-10-21 15:40:00+00:00,671.77,672.115,671.74,671.9,432566.0
2025-10-21 15:45:00+00:00,671.91,672.515,671.89,672.3,673425.0
2025-10-21 15:50:00+00:00,672.31,672.49,672.23,672.28,553582.0
2025-10-21 15:55:00+00:00,672.29,672.365,672.06,672.28,520728.0
2025-10-21 16:00:00+00:00,672.27,672.655,672.14,672.44,690591.0
2025-10-21 16:05:00+00:00,672.42,672.53,672.245,672.48,350039.0
2025-10-21 16:10:00+00:00,672.45,672.54,672.34,672.46,405685.0
2025-10-21 16:15:00+00:00,672.45,672.589,672.2601,672.2601,375784.0
2025-10-21 16:20:00+00:00,672.25,672.64,672.16,672.55,465050.0
2025-10-21 16:25:00+00:00,672.5515,672.69,672.4,672.63,378324.0
2025-10-21 16:30:00+00:00,672.65,672.795,672.59,672.76,635110.0
2025-10-21 16:35:00+00:00,672.75,672.79,672.47,672.62,459286.0
2025-10-21 16:40:00+00:00,672.615,672.72,672.39,672.62,377118.0
2025-10-21 16:45:00+00:00,672.63,672.93,672.63,672.83,370080.0
2025-10-21 16:50:00+00:00,672.83,672.99,671.69,671.72,1456085.0
2025-10-21 16:55:00+00:00,671.73,671.95,671.355,671.49,813698.0
2025-10-21 17:00:00+00:00,671.51,671.58,670.76,671.2499,952136.0
2025-10-21 17:05:00+00:00,671.21,671.85,671.05,671.695,822624.0
2025-10-21 17:10:00+00:00,671.7,672.16,671.65,672.085,436255.0
2025-10-21 17:15:00+00:00,672.085,672.14,671.28,671.4599,501818.0
2025-10-21 17:20:00+00:00,671.47,671.705,671.045,671.64,533862.0
2025-10-21 17:25:00+00:00,671.64,671.67,671.12,671.61,345636.0
2025-10-21 17:30:00+00:00,671.625,671.8,671.28,671.51,315788.0
2025-10-21 17:35:00+00:00,671.51,671.59,671.25,671.44,285574.0
2025-10-21 17:40:00+00:00,671.47,671.98,671.47,671.685,459194.0
2025-10-21 17:45:00+00:00,671.6865,672.04,671.65,672.04,203563.0
2025-10-21 17:50:00+00:00,672.04,672.15,671.91,672.035,268405.0
2025-10-21 17:55:00+00:00,672.04,672.31,672.0301,672.205,439808.0
2025-10-21 18:00:00+00:00,672.21,672.38,672.16,672.32,372590.0
2025-10-21 18:05:00+00:00,672.3,672.445,672.21,672.39,410059.0
2025-10-21 18:10:00+00:00,672.4,672.43,672.19,672.3001,372122.0
2025-10-21 18:15:00+00:00,672.3,672.31,671.78,671.95,450943.0
2025-10-21 18:20:00+00:00,671.955,672.385,671.84,672.285,418208.0
2025-10-21 18:25:00+00:00,672.28,672.52,672.0,672.28,489189.0
2025-10-21 18:30:00+00:00,672.28,672.43,672.17,672.35,268061.0
2025-10-21 18:35:00+00:00,672.35,672.405,672.03,672.14,274769.0
2025-10-21 18:40:00+00:00,672.152,672.16,671.8,671.83,347402.0
2025-10-21 18:45:00+00:00,671.83,672.11,671.795,672.03,314595.0
2025-10-21 18:50:00+00:00,672.04,672.19,671.8,671.85,348531.0
2025-10-21 18:55:00+00:00,671.85,672.11,671.81,671.95,495838.0
2025-10-21 19:00:00+00:00,671.94,671.97,671.7015,671.77,386232.0
2025-10-21 19:05:00+00:00,671.7401,672.0,671.69,671.91,457923.0
2025-10-21 19:10:00+00:00,671.92,672.075,671.835,672.01,402079.0
2025-10-21 19:15:00+00:00,672.0,672.13,671.86,672.11,445860.0
2025-10-21 19:20:00+00:00,672.105,672.27,672.02,672.025,438897.0
2025-10-21 19:25:00+00:00,672.03,672.13,671.82,671.905,684780.0
2025-10-21 19:30:00+00:00,671.9,671.91,671.69,671.7799,622467.0
2025-10-21 19:35:00+00:00,671.765,671.9112,671.6703,671.78,532840.0
2025-10-21 19:40:00+00:00,671.77,671.9799,671.71,671.97,540477.0
2025-10-21 19:45:00+00:00,671.9711,672.12,671.96,672.04,774070.0
2025-10-21 19:50:00+00:00,672.05,672.4,671.995,672.385,1519760.0
2025-10-21 19:55:00+00:00,672.3899,672.3899,671.16,671.27,2714211.0
2025-10-21 20:00:00+00:00,671.25,671.56,670.63,670.86,793355.0
2025-10-21 20:05:00+00:00,670.85,671.3059,670.5198,670.7,385915.0
2025-10-21 20:10:00+00:00,670.75,670.87,670.52,670.84,1291047.0
2025-10-21 20:15:00+00:00,670.84,671.21,670.84,670.99,283539.0
2025-10-21 20:20:00+00:00,670.93,671.0,670.83,670.97,152667.0
2025-10-21 20:25:00+00:00,670.95,672.0,670.95,671.0,129821.0
2025-10-21 20:30:00+00:00,671.11,671.15,671.01,671.05,101432.0
2025-10-21 20:35:00+00:00,671.1,671.27,671.09,671.27,30009.0
2025-10-21 20:40:00+00:00,671.26,671.33,671.2,671.24,79687.0
2025-10-21 20:45:00+00:00,671.27,671.3,671.08,671.14,28700.0
2025-10-21 20:50:00+00:00,671.15,671.18,671.04,671.17,5617.0
2025-10-21 20:55:00+00:00,671.26,671.32,671.24,671.24,16478.0
2025-10-21 21:00:00+00:00,671.0961,671.28,671.0961,671.28,736.0
2025-10-21 21:05:00+00:00,671.25,671.25,671.07,671.14,12122.0
2025-10-21 21:10:00+00:00,671.1,671.1,670.9,670.9,28610.0
2025-10-21 21:15:00+00:00,670.9,671.0,670.88,670.9208,21261.0
2025-10-21 21:20:00+00:00,670.93,671.04,670.9,670.99,41685.0
2025-10-21 21:25:00+00:00,670.97,671.0,670.97,671.0,1031.0
2025-10-21 21:35:00+00:00,671.0,671.11,670.97,671.11,767.0
2025-10-21 21:40:00+00:00,671.0,671.28,670.98,671.2,11993.0
2025-10-21 21:45:00+00:00,671.19,671.33,671.19,671.3,7203.0
2025-10-21 21:50:00+00:00,671.24,671.46,671.24,671.29,7571.0
2025-10-21 21:55:00+00:00,671.37,671.37,671.14,671.22,1865.0
2025-10-21 22:00:00+00:00,671.28,671.7,671.28,671.42,16521.0
2025-10-21 22:05:00+00:00,671.36,671.4,671.2127,671.26,4239.0
2025-10-21 22:10:00+00:00,671.2606,671.31,671.26,671.28,6636.0
2025-10-21 22:15:00+00:00,671.26,671.53,671.25,671.47,18216.0
2025-10-21 22:20:00+00:00,671.45,671.5,671.33,671.33,6872.0
2025-10-21 22:25:00+00:00,671.39,671.6186,671.39,671.6,7574.0
2025-10-21 22:30:00+00:00,671.59,671.69,671.33,671.5,3994.0
2025-10-21 22:35:00+00:00,671.48,671.51,671.46,671.51,1079.0
2025-10-21 22:40:00+00:00,671.46,671.46,671.41,671.41,1002.0
2025-10-21 22:45:00+00:00,671.4157,671.4157,671.3401,671.3401,1493.0
2025-10-21 22:50:00+00:00,671.52,671.52,671.39,671.45,3361.0
2025-10-21 22:55:00+00:00,671.48,671.48,671.48,671.48,182.0
2025-10-21 23:00:00+00:00,671.5,671.5,671.18,671.18,7759.0
2025-10-21 23:05:00+00:00,671.18,671.21,671.08,671.08,4704.0
2025-10-21 23:10:00+00:00,671.1,671.12,671.1,671.12,845.0
2025-10-21 23:15:00+00:00,671.22,671.22,671.1399,671.1399,1690.0
2025-10-21 23:20:00+00:00,671.22,671.46,671.22,671.37,2287.0
2025-10-21 23:25:00+00:00,671.45,671.45,671.24,671.24,1371.0
2025-10-21 23:30:00+00:00,671.23,671.29,671.13,671.15,5168.0
2025-10-21 23:35:00+00:00,671.1519,671.21,671.1519,671.16,1408.0
2025-10-21 23:40:00+00:00,671.1,671.1262,671.1,671.12,1618.0
2025-10-21 23:45:00+00:00,671.19,671.19,670.99,671.0,8027.0
2025-10-21 23:50:00+00:00,670.99,671.01,670.95,670.99,1837.0
2025-10-21 23:55:00+00:00,671.06,671.18,670.98,671.03,3391.0
2025-10-22 08:00:00+00:00,671.72,672.31,671.72,672.19,4023.0
2025-10-22 08:05:00+00:00,672.15,672.2,671.99,671.99,2644.0
2025-10-22 08:10:00+00:00,671.96,671.96,671.61,671.61,5220.0
2025-10-22 08:15:00+00:00,671.65,671.65,671.5,671.58,6686.0
2025-10-22 08:20:00+00:00,671.4,671.55,671.34,671.55,2038.0
2025-10-22 08:25:00+00:00,671.56,671.61,671.51,671.61,2976.0
2025-10-22 08:30:00+00:00,671.79,671.79,671.76,671.77,1078.0
2025-10-22 08:40:00+00:00,671.54,671.54,671.54,671.54,1127.0
2025-10-22 08:45:00+00:00,671.66,671.66,671.56,671.56,978.0
2025-10-22 08:50:00+00:00,671.46,671.46,671.46,671.46,396.0
2025-10-22 08:55:00+00:00,671.72,671.8,671.69,671.7,3725.0
2025-10-22 09:00:00+00:00,671.67,671.72,671.47,671.52,2933.0
2025-10-22 09:05:00+00:00,671.39,671.39,671.39,671.39,1047.0
2025-10-22 09:10:00+00:00,671.36,671.39,671.14,671.26,2308.0
2025-10-22 09:15:00+00:00,671.26,671.26,671.17,671.17,2863.0
2025-10-22 09:20:00+00:00,671.37,671.54,671.37,671.54,923.0
2025-10-22 09:25:00+00:00,671.62,671.69,671.58,671.58,1239.0
2025-10-22 09:30:00+00:00,671.62,671.62,671.62,671.62,667.0
2025-10-22 09:35:00+00:00,671.73,671.73,671.73,671.73,817.0
2025-10-22 09:40:00+00:00,671.71,671.71,671.71,671.71,867.0
2025-10-22 09:45:00+00:00,671.45,671.49,671.45,671.49,1583.0
2025-10-22 09:55:00+00:00,671.89,671.94,671.78,671.94,5281.0
2025-10-22 10:00:00+00:00,671.96,671.96,671.85,671.89,3072.0
2025-10-22 10:05:00+00:00,671.92,671.95,671.78,671.78,1646.0
2025-10-22 10:10:00+00:00,671.93,672.0,671.93,672.0,416.0
2025-10-22 10:15:00+00:00,672.04,672.15,672.04,672.04,1770.0
2025-10-22 10:20:00+00:00,671.94,672.2,671.94,672.11,4982.0
2025-10-22 10:25:00+00:00,672.14,672.14,672.13,672.13,769.0
2025-10-22 10:30:00+00:00,672.2,672.28,672.19,672.28,1780.0
2025-10-22 10:35:00+00:00,672.22,672.27,672.17,672.17,1691.0
2025-10-22 10:40:00+00:00,672.3,672.32,672.25,672.32,1594.0
2025-10-22 10:50:00+00:00,672.27,672.27,672.19,672.19,1690.0
2025-10-22 10:55:00+00:00,672.21,672.21,671.9,671.9,3638.0
2025-10-22 11:00:00+00:00,671.9,672.0,671.53,671.55,10130.0
2025-10-22 11:05:00+00:00,671.48,671.56,671.04,671.04,18128.0
2025-10-22 11:10:00+00:00,670.92,671.25,670.82,671.23,15048.0
2025-10-22 11:15:00+00:00,671.14,671.44,670.88,671.42,12918.0
2025-10-22 11:20:00+00:00,671.5,671.54,671.25,671.54,5281.0
2025-10-22 11:25:00+00:00,671.32,671.39,671.13,671.13,7852.0
2025-10-22 11:30:00+00:00,671.17,671.3,670.98,671.19,31380.0
2025-10-22 11:35:00+00:00,671.15,671.19,670.99,671.0,22679.0
2025-10-22 11:40:00+00:00,670.89,671.06,670.71,670.86,2476.0
2025-10-22 11:45:00+00:00,670.9,670.98,670.72,670.92,52541.0
2025-10-22 11:50:00+00:00,670.95,671.34,670.92,671.34,4581.0
2025-10-22 11:55:00+00:00,671.4,671.42,670.97,671.05,16344.0
2025-10-22 12:00:00+00:00,672.19,672.84,670.83,671.5,119062.0
2025-10-22 12:05:00+00:00,671.36,671.69,671.36,671.6301,5254.0
2025-10-22 12:10:00+00:00,671.5,671.9,671.5,671.88,28712.0
2025-10-22 12:15:00+00:00,671.8,671.96,671.7,671.88,76177.0
2025-10-22 12:20:00+00:00,671.9,671.93,671.75,671.75,4823.0
2025-10-22 12:25:00+00:00,671.7,671.79,671.6,671.73,3663.0
2025-10-22 12:30:00+00:00,671.75,672.07,671.57,671.85,30655.0
2025-10-22 12:35:00+00:00,671.8504,671.91,671.58,671.64,7573.0
2025-10-22 12:40:00+00:00,671.64,671.92,671.6,671.92,16867.0
2025-10-22 12:45:00+00:00,671.94,671.95,671.87,671.87,10181.0
2025-10-22 12:50:00+00:00,671.87,672.11,671.87,672.1,13016.0
2025-10-22 12:55:00+00:00,672.08,672.14,671.93,671.97,18495.0
2025-10-22 13:00:00+00:00,671.98,672.09,671.8004,671.83,12364.0
2025-10-22 13:05:00+00:00,671.8,671.95,671.77,671.89,12182.0
2025-10-22 13:10:00+00:00,671.9,672.2,671.9,672.14,24627.0
2025-10-22 13:15:00+00:00,672.13,672.27,672.11,672.2,13157.0
2025-10-22 13:20:00+00:00,672.21,672.21,672.04,672.09,20707.0
2025-10-22 13:25:00+00:00,672.05,672.05,671.88,671.95,78160.0
2025-10-22 13:30:00+00:00,672.0,672.0,670.585,670.69,1763758.0
2025-10-22 13:35:00+00:00,670.69,671.42,670.45,671.41,828353.0
2025-10-22 13:40:00+00:00,671.4,671.85,671.08,671.7848,702606.0
2025-10-22 13:45:00+00:00,671.76,671.83,670.975,671.3,849579.0
2025-10-22 13:50:00+00:00,671.28,671.75,671.0699,671.63,471015.0
2025-10-22 13:55:00+00:00,671.63,671.65,671.06,671.27,477303.0
2025-10-22 14:00:00+00:00,671.25,671.585,671.17,671.31,423400.0
2025-10-22 14:05:00+00:00,671.26,671.61,671.15,671.24,439483.0
2025-10-22 14:10:00+00:00,671.245,671.28,670.6902,670.75,591799.0
2025-10-22 14:15:00+00:00,670.74,671.33,670.4,671.1814,674475.0
2025-10-22 14:20:00+00:00,671.19,671.2,670.24,670.4248,995130.0
2025-10-22 14:25:00+00:00,670.44,670.74,669.32,669.43,1326519.0
2025-10-22 14:30:00+00:00,669.45,669.79,668.79,669.36,1524491.0
2025-10-22 14:35:00+00:00,669.37,669.7,668.84,669.05,991787.0
2025-10-22 14:40:00+00:00,669.06,669.54,668.5,668.56,895131.0
2025-10-22 14:45:00+00:00,668.57,668.96,668.09,668.87,1626968.0
2025-10-22 14:50:00+00:00,668.87,669.27,668.78,669.19,736431.0
2025-10-22 14:55:00+00:00,669.2,670.13,668.91,670.07,871818.0
2025-10-22 15:00:00+00:00,670.07,670.41,669.8,670.255,924274.0
2025-10-22 15:05:00+00:00,670.27,670.375,669.74,669.955,628489.0
2025-10-22 15:10:00+00:00,669.95,669.95,669.2256,669.5699,644752.0
2025-10-22 15:15:00+00:00,669.56,669.8,669.24,669.39,472911.0
2025-10-22 15:20:00+00:00,669.37,669.51,667.6,668.3156,1285588.0
2025-10-22 15:25:00+00:00,668.3,668.54,667.78,667.85,705599.0
2025-10-22 15:30:00+00:00,667.86,668.48,667.39,667.97,939987.0
2025-10-22 15:35:00+00:00,667.99,668.4,667.655,668.255,562019.0
2025-10-22 15:40:00+00:00,668.255,668.8356,668.04,668.59,527595.0
2025-10-22 15:45:00+00:00,668.58,669.3082,668.55,669.27,727007.0
2025-10-22 15:50:00+00:00,669.29,669.7,669.16,669.49,615185.0
2025-10-22 15:55:00+00:00,669.53,669.765,668.9,669.01,552522.0
2025-10-22 16:00:00+00:00,669.0,669.2,668.1,668.405,563251.0
2025-10-22 16:05:00+00:00,668.405,668.86,668.26,668.41,365176.0
2025-10-22 16:10:00+00:00,668.39,668.43,667.82,668.255,387072.0
2025-10-22 16:15:00+00:00,668.24,668.75,668.14,668.26,403420.0
2025-10-22 16:20:00+00:00,668.19,668.26,667.15,667.46,597190.0
2025-10-22 16:25:00+00:00,667.455,668.03,667.38,667.62,416496.0
2025-10-22 16:30:00+00:00,667.59,668.11,664.01,666.94,5251805.0
2025-10-22 16:35:00+00:00,666.94,667.56,666.46,667.22,2102899.0
2025-10-22 16:40:00+00:00,667.27,667.83,666.73,667.19,1207673.0
2025-10-22 16:45:00+00:00,667.2,667.82,666.6,666.81,905477.0
2025-10-22 16:50:00+00:00,666.82,667.74,666.44,667.71,837183.0
2025-10-22 16:55:00+00:00,667.7,668.22,667.15,667.35,879273.0
2025-10-22 17:00:00+00:00,667.3,667.65,666.57,666.81,628194.0
2025-10-22 17:05:00+00:00,666.8,667.26,666.39,667.22,471840.0
2025-10-22 17:10:00+00:00,667.22,667.365,666.09,666.12,615782.0
2025-10-22 17:15:00+00:00,666.14,666.4,665.72,665.84,606396.0
2025-10-22 17:20:00+00:00,665.8201,665.9,664.96,665.03,666840.0
2025-10-22 17:25:00+00:00,665.09,665.57,664.73,665.42,932511.0
2025-10-22 17:30:00+00:00,665.41,665.75,664.86,665.68,571098.0
2025-10-22 17:35:00+00:00,665.66,665.86,664.32,664.34,527274.0
2025-10-22 17:40:00+00:00,664.34,664.5,663.47,663.62,959821.0
2025-10-22 17:45:00+00:00,663.625,664.77,663.61,664.685,1784770.0
2025-10-22 17:50:00+00:00,664.67,664.73,663.3,663.43,731316.0
2025-10-22 17:55:00+00:00,663.45,664.75,663.45,664.74,893109.0
2025-10-22 18:00:00+00:00,664.75,665.44,664.66,664.92,909336.0
2025-10-22 18:05:00+00:00,664.92,665.43,664.85,664.95,610118.0
2025-10-22 18:10:00+00:00,664.98,665.36,664.45,664.46,543434.0
2025-10-22 18:15:00+00:00,664.45,664.55,663.76,664.37,886347.0
2025-10-22 18:20:00+00:00,664.37,666.12,664.35,666.06,851009.0
2025-10-22 18:25:00+00:00,666.06,666.2,665.3687,665.66,569649.0
2025-10-22 18:30:00+00:00,665.65,665.85,665.05,665.62,428487.0
2025-10-22 18:35:00+00:00,665.6,666.1097,665.34,665.961,442213.0
2025-10-22 18:40:00+00:00,665.96,666.36,665.22,665.95,684422.0
2025-10-22 18:45:00+00:00,665.93,666.33,665.8199,666.13,617092.0
2025-10-22 18:50:00+00:00,666.12,666.13,665.34,665.87,558776.0
2025-10-22 18:55:00+00:00,665.91,666.56,665.76,666.49,558633.0
2025-10-22 19:00:00+00:00,666.46,666.65,665.54,666.23,2457386.0
2025-10-22 19:05:00+00:00,666.21,667.42,666.1,667.2,1334745.0
2025-10-22 19:10:00+00:00,667.2,667.57,666.75,666.89,920689.0
2025-10-22 19:15:00+00:00,666.88,667.38,666.77,667.23,892220.0
2025-10-22 19:20:00+00:00,667.24,667.48,666.84,667.05,750547.0
2025-10-22 19:25:00+00:00,667.1,667.64,667.0,667.43,626424.0
2025-10-22 19:30:00+00:00,667.4201,667.96,667.38,667.66,1237395.0
2025-10-22 19:35:00+00:00,667.66,668.3,667.43,668.22,1551237.0
2025-10-22 19:40:00+00:00,668.23,668.36,667.61,667.66,921916.0
2025-10-22 19:45:00+00:00,667.67,668.12,667.39,667.93,1277934.0
2025-10-22 19:50:00+00:00,667.93,668.19,667.54,667.875,1740153.0
2025-10-22 19:55:00+00:00,667.88,668.15,667.29,667.79,3845787.0
2025-10-22 20:00:00+00:00,667.81,668.52,667.8,668.13,642916.0
2025-10-22 20:05:00+00:00,668.03,668.37,667.7722,668.09,1757816.0
2025-10-22 20:10:00+00:00,668.08,668.32,667.91,667.98,1424332.0
2025-10-22 20:15:00+00:00,667.99,668.0,667.61,667.6494,186246.0
2025-10-22 20:20:00+00:00,667.61,667.75,667.25,667.36,137761.0
2025-10-22 20:25:00+00:00,667.35,667.52,667.3,667.37,339086.0
2025-10-22 20:30:00+00:00,667.42,667.67,667.33,667.56,196844.0
2025-10-22 20:35:00+00:00,667.57,667.67,667.46,667.61,8830.0
2025-10-22 20:40:00+00:00,667.7,667.82,667.62,667.82,27712.0
2025-10-22 20:45:00+00:00,667.82,667.82,667.62,667.72,15843.0
2025-10-22 20:50:00+00:00,667.82,667.82,667.65,667.65,5706.0
2025-10-22 20:55:00+00:00,667.65,667.84,667.65,667.84,16178.0
2025-10-22 21:00:00+00:00,667.74,667.7967,667.74,667.7967,420.0
2025-10-22 21:05:00+00:00,667.8,667.84,667.74,667.74,7455.0
2025-10-22 21:10:00+00:00,667.7,667.7,667.6,667.63,23890.0
2025-10-22 21:15:00+00:00,667.69,667.69,667.51,667.52,11204.0
2025-10-22 21:20:00+00:00,667.59,667.59,667.4984,667.4984,4397.0
2025-10-22 21:25:00+00:00,667.49,667.55,667.42,667.5499,4522.0
2025-10-22 21:30:00+00:00,667.5,667.59,667.5,667.58,1234.0
2025-10-22 21:35:00+00:00,667.55,667.55,667.5,667.5,9843.0
2025-10-22 21:40:00+00:00,667.59,667.68,667.49,667.6,8615.0
2025-10-22 21:45:00+00:00,667.46,667.5,667.46,667.5,406.0
2025-10-22 21:50:00+00:00,667.44,667.47,667.36,667.47,2172.0
2025-10-22 21:55:00+00:00,667.3501,667.5,667.35,667.5,5712.0
2025-10-22 22:00:00+00:00,667.49,667.58,667.08,667.3022,39177.0
2025-10-22 22:05:00+00:00,667.319,667.37,667.25,667.3,18590.0
2025-10-22 22:10:00+00:00,667.28,667.68,667.27,667.68,12067.0
2025-10-22 22:15:00+00:00,667.7,668.0,667.7,667.95,15937.0
2025-10-22 22:20:00+00:00,667.95,667.99,667.66,667.67,3872.0
2025-10-22 22:25:00+00:00,667.64,667.73,667.5301,667.68,3981.0
2025-10-22 22:30:00+00:00,667.58,667.67,667.58,667.67,818.0
2025-10-22 22:35:00+00:00,667.79,667.79,667.5927,667.5927,967.0
2025-10-22 22:45:00+00:00,667.8,667.89,667.8,667.89,1266.0
2025-10-22 22:50:00+00:00,667.83,667.83,667.68,667.76,3923.0
2025-10-22 22:55:00+00:00,667.72,667.8,667.72,667.8,4655.0
2025-10-22 23:00:00+00:00,667.769,667.82,667.769,667.82,974.0
2025-10-22 23:05:00+00:00,667.87,668.0801,667.87,668.0801,10150.0
2025-10-22 23:10:00+00:00,668.0111,668.03,668.0111,668.03,1041.0
2025-10-22 23:15:00+00:00,667.99,668.02,667.76,667.76,15173.0
2025-10-22 23:20:00+00:00,667.76,667.94,667.76,667.94,1024.0
2025-10-22 23:25:00+00:00,667.77,667.81,667.77,667.81,318.0
2025-10-22 23:30:00+00:00,667.9,667.9,667.79,667.83,3164.0
2025-10-22 23:35:00+00:00,667.65,667.65,667.48,667.55,2735.0
2025-10-22 23:40:00+00:00,667.524,667.54,667.4416,667.48,12210.0
2025-10-22 23:45:00+00:00,667.48,667.5399,667.331,667.41,4206.0
2025-10-22 23:50:00+00:00,667.44,667.44,667.1602,667.1602,4091.0
2025-10-22 23:55:00+00:00,667.15,667.17,666.78,666.8096,10084.0
2025-10-23 08:00:00+00:00,668.88,668.95,668.86,668.94,3866.0
2025-10-23 08:05:00+00:00,668.95,669.14,668.94,669.14,12086.0
2025-10-23 08:10:00+00:00,668.88,668.99,668.7,668.78,30320.0
2025-10-23 08:15:00+00:00,668.85,669.0,668.85,668.96,18125.0
2025-10-23 08:20:00+00:00,668.95,668.96,668.79,668.91,3853.0
2025-10-23 08:25:00+00:00,668.82,668.88,668.79,668.81,11642.0
2025-10-23 08:30:00+00:00,668.87,669.0,668.86,668.97,2987.0
2025-10-23 08:35:00+00:00,668.97,669.05,668.91,668.98,4359.0
2025-10-23 08:40:00+00:00,668.94,668.94,668.78,668.79,3581.0
2025-10-23 08:45:00+00:00,668.76,668.76,668.54,668.63,3146.0
2025-10-23 08:50:00+00:00,668.76,668.76,668.46,668.5,2839.0
2025-10-23 08:55:00+00:00,668.68,668.73,668.68,668.73,679.0
2025-10-23 09:00:00+00:00,668.66,668.83,668.63,668.81,5376.0
2025-10-23 09:05:00+00:00,668.8,668.85,668.65,668.65,2389.0
2025-10-23 09:10:00+00:00,668.56,668.56,667.98,668.35,10465.0
2025-10-23 09:15:00+00:00,668.25,668.27,668.07,668.07,6053.0
2025-10-23 09:20:00+00:00,667.86,667.87,667.61,667.66,5874.0
2025-10-23 09:25:00+00:00,667.7,668.04,667.7,667.9,1988.0
2025-10-23 09:30:00+00:00,667.85,668.03,667.83,668.01,3354.0
2025-10-23 09:35:00+00:00,668.08,668.08,668.01,668.01,592.0
2025-10-23 09:40:00+00:00,667.96,667.96,667.84,667.91,1215.0
2025-10-23 09:45:00+00:00,667.9,667.9,667.61,667.86,3113.0
2025-10-23 09:50:00+00:00,667.99,668.09,667.99,668.08,983.0
2025-10-23 09:55:00+00:00,668.11,668.11,668.1,668.1,791.0
2025-10-23 10:00:00+00:00,668.19,668.35,668.1,668.1,7575.0
2025-10-23 10:05:00+00:00,668.2,668.27,668.19,668.27,2242.0
2025-10-23 10:10:00+00:00,668.17,668.2,668.17,668.2,1020.0
2025-10-23 10:15:00+00:00,668.36,668.41,668.36,668.39,1249.0
2025-10-23 10:20:00+00:00,668.27,668.28,668.27,668.28,1005.0
2025-10-23 10:25:00+00:00,668.17,668.35,668.17,668.25,1416.0
2025-10-23 10:30:00+00:00,668.29,668.29,668.24,668.24,746.0
2025-10-23 10:35:00+00:00,668.26,668.35,668.26,668.35,994.0
2025-10-23 10:40:00+00:00,668.34,668.34,668.23,668.23,525.0
2025-10-23 10:45:00+00:00,668.07,668.07,668.05,668.05,332.0
2025-10-23 10:50:00+00:00,668.09,668.09,668.09,668.09,829.0
2025-10-23 10:55:00+00:00,668.25,668.3,668.25,668.3,1428.0
2025-10-23 11:00:00+00:00,668.18,668.2,667.78,667.79,14507.0
2025-10-23 11:05:00+00:00,667.54,667.94,667.54,667.94,10869.0
2025-10-23 11:10:00+00:00,667.49,667.49,667.12,667.38,14864.0
2025-10-23 11:15:00+00:00,667.53,667.65,667.46,667.59,3488.0
2025-10-23 11:20:00+00:00,667.65,667.77,667.47,667.7,6825.0
2025-10-23 11:25:00+00:00,667.74,667.8,667.64,667.78,7792.0
2025-10-23 11:30:00+00:00,667.76,667.76,667.45,667.56,4636.0
2025-10-23 11:35:00+00:00,667.49,667.64,667.48,667.58,2726.0
2025-10-23 11:40:00+00:00,667.56,667.56,667.08,667.08,12027.0
2025-10-23 11:45:00+00:00,667.1,667.19,666.88,667.15,42861.0
2025-10-23 11:50:00+00:00,667.15,667.15,666.58,667.08,42715.0
2025-10-23 11:55:00+00:00,667.059,667.059,666.74,666.74,4398.0
2025-10-23 12:00:00+00:00,667.97,669.34,666.58,666.61,66687.0
2025-10-23 12:05:00+00:00,666.63,666.9,666.58,666.9,26075.0
2025-10-23 12:10:00+00:00,666.79,666.87,666.59,666.77,11172.0
2025-10-23 12:15:00+00:00,666.71,666.85,666.38,666.39,20561.0
2025-10-23 12:20:00+00:00,666.43,666.91,666.3,666.62,25861.0
2025-10-23 12:25:00+00:00,666.75,667.01,666.75,666.98,22750.0
2025-10-23 12:30:00+00:00,666.94,666.94,666.02,666.49,22641.0
2025-10-23 12:35:00+00:00,666.5,666.5,666.25,666.25,73532.0
2025-10-23 12:40:00+00:00,666.21,666.7,666.21,666.68,11423.0
2025-10-23 12:45:00+00:00,666.64,667.0,666.64,666.94,32161.0
2025-10-23 12:50:00+00:00,666.97,667.35,666.93,667.33,48626.0
2025-10-23 12:55:00+00:00,667.29,667.9,667.29,667.81,51192.0
2025-10-23 13:00:00+00:00,667.77,667.8,667.51,667.57,36878.0
2025-10-23 13:05:00+00:00,667.59,667.65,666.8,666.8,72721.0
2025-10-23 13:10:00+00:00,666.76,667.33,666.6,667.31,28054.0
2025-10-23 13:15:00+00:00,667.3,667.61,667.19,667.53,19020.0
2025-10-23 13:20:00+00:00,667.51,667.78,667.48,667.68,26087.0
2025-10-23 13:25:00+00:00,667.68,669.45,667.68,668.1,156195.0
2025-10-23 13:30:00+00:00,668.12,668.67,667.8,668.41,1365756.0
2025-10-23 13:35:00+00:00,668.41,669.2,668.1,668.98,925691.0
2025-10-23 13:40:00+00:00,668.99,669.535,668.78,669.535,994394.0
2025-10-23 13:45:00+00:00,669.53,670.29,669.4,670.26,1361653.0
2025-10-23 13:50:00+00:00,670.27,670.74,670.1,670.4,1479445.0
2025-10-23 13:55:00+00:00,670.4,670.5,669.69,669.96,979601.0
2025-10-23 14:00:00+00:00,670.0,670.37,669.66,669.93,800236.0
2025-10-23 14:05:00+00:00,669.93,669.995,669.35,669.39,700748.0
2025-10-23 14:10:00+00:00,669.41,669.4744,668.87,669.11,759703.0
2025-10-23 14:15:00+00:00,669.11,669.29,668.12,668.31,930320.0
2025-10-23 14:20:00+00:00,668.31,669.4799,668.16,669.46,1261176.0
2025-10-23 14:25:00+00:00,669.45,669.84,669.29,669.4,716867.0
2025-10-23 14:30:00+00:00,669.4,669.52,668.99,669.51,619255.0
2025-10-23 14:35:00+00:00,669.5,670.1399,669.44,670.01,607173.0
2025-10-23 14:40:00+00:00,670.01,670.1701,669.61,669.8112,506074.0
2025-10-23 14:45:00+00:00,669.82,670.39,669.33,670.35,847189.0
2025-10-23 14:50:00+00:00,670.34,670.36,669.67,669.705,517014.0
2025-10-23 14:55:00+00:00,669.7,670.23,669.4,670.205,457463.0
2025-10-23 15:00:00+00:00,670.21,670.3099,669.71,670.0,575096.0
2025-10-23 15:05:00+00:00,669.98,670.19,669.78,669.99,405851.0
2025-10-23 15:10:00+00:00,669.97,670.09,669.46,669.68,328089.0
2025-10-23 15:15:00+00:00,669.69,669.78,669.215,669.445,438147.0
2025-10-23 15:20:00+00:00,669.455,669.77,669.0913,669.7,516160.0
2025-10-23 15:25:00+00:00,669.69,670.22,669.54,670.04,359467.0
2025-10-23 15:30:00+00:00,670.03,670.53,670.03,670.1,562335.0
2025-10-23 15:35:00+00:00,670.11,670.18,669.38,669.72,392815.0
2025-10-23 15:40:00+00:00,669.71,669.88,668.73,668.93,401872.0
2025-10-23 15:45:00+00:00,668.915,669.73,668.795,669.7,362674.0
2025-10-23 15:50:00+00:00,669.71,670.36,669.5377,670.3101,357187.0
2025-10-23 15:55:00+00:00,670.31,670.72,670.12,670.25,866305.0
2025-10-23 16:00:00+00:00,670.26,670.5,670.14,670.5,337068.0
2025-10-23 16:05:00+00:00,670.51,670.9525,670.43,670.74,457636.0
2025-10-23 16:10:00+00:00,670.725,671.05,670.6,671.025,355678.0
2025-10-23 16:15:00+00:00,671.02,671.08,670.76,670.8501,580596.0
2025-10-23 16:20:00+00:00,670.85,670.875,670.51,670.555,462391.0
2025-10-23 16:25:00+00:00,670.56,670.675,670.17,670.54,349277.0
2025-10-23 16:30:00+00:00,670.54,670.965,670.5023,670.72,341670.0
2025-10-23 16:35:00+00:00,670.75,671.04,670.62,670.97,332015.0
2025-10-23 16:40:00+00:00,670.965,671.29,670.91,671.24,409247.0
2025-10-23 16:45:00+00:00,671.25,671.295,670.99,671.12,564432.0
2025-10-23 16:50:00+00:00,671.12,671.45,671.095,671.4,670679.0
2025-10-23 16:55:00+00:00,671.4001,671.53,671.285,671.435,407758.0
2025-10-23 17:00:00+00:00,671.43,671.65,671.385,671.4901,381486.0
2025-10-23 17:05:00+00:00,671.49,671.52,670.4,670.78,1459151.0
2025-10-23 17:10:00+00:00,670.75,671.645,670.75,671.46,510372.0
2025-10-23 17:15:00+00:00,671.4601,671.5899,671.0706,671.16,417608.0
2025-10-23 17:20:00+00:00,671.1499,671.32,671.01,671.15,254957.0
2025-10-23 17:25:00+00:00,671.15,671.175,670.76,671.01,427432.0
2025-10-23 17:30:00+00:00,671.015,671.69,670.9903,671.41,473203.0
2025-10-23 17:35:00+00:00,671.37,672.33,671.35,672.18,1252947.0
2025-10-23 17:40:00+00:00,672.17,672.28,671.92,672.18,943637.0
2025-10-23 17:45:00+00:00,672.19,672.36,672.06,672.1,443962.0
2025-10-23 17:50:00+00:00,672.11,672.36,672.065,672.34,289119.0
2025-10-23 17:55:00+00:00,672.34,672.4601,672.2,672.355,328116.0
2025-10-23 18:00:00+00:00,672.37,672.46,672.035,672.25,571701.0
2025-10-23 18:05:00+00:00,672.26,672.55,672.08,672.25,457507.0
2025-10-23 18:10:00+00:00,672.245,672.28,672.1,672.2,214486.0
2025-10-23 18:15:00+00:00,672.2,672.29,671.72,672.23,544751.0
2025-10-23 18:20:00+00:00,672.23,672.48,672.22,672.41,794555.0
2025-10-23 18:25:00+00:00,672.41,672.53,672.3,672.49,365700.0
2025-10-23 18:30:00+00:00,672.485,672.63,672.41,672.5,302544.0
2025-10-23 18:35:00+00:00,672.5001,672.52,672.29,672.4,331323.0
2025-10-23 18:40:00+00:00,672.405,672.52,672.31,672.475,361516.0
2025-10-23 18:45:00+00:00,672.47,672.52,672.335,672.48,298708.0
2025-10-23 18:50:00+00:00,672.475,672.7101,672.46,672.625,493272.0
2025-10-23 18:55:00+00:00,672.625,672.685,672.49,672.5401,282856.0
2025-10-23 19:00:00+00:00,672.55,672.7001,672.44,672.5901,546952.0
2025-10-23 19:05:00+00:00,672.58,672.59,672.345,672.44,857442.0
2025-10-23 19:10:00+00:00,672.44,672.69,672.42,672.62,496169.0
2025-10-23 19:15:00+00:00,672.62,672.65,672.3944,672.535,1362886.0
2025-10-23 19:20:00+00:00,672.535,672.7,672.48,672.5499,1464521.0
2025-10-23 19:25:00+00:00,672.55,672.55,672.27,672.451,760441.0
2025-10-23 19:30:00+00:00,672.45,672.45,672.2,672.225,861592.0
2025-10-23 19:35:00+00:00,672.22,672.29,671.99,672.09,1237958.0
2025-10-23 19:40:00+00:00,672.08,672.21,671.95,672.0,608246.0
2025-10-23 19:45:00+00:00,671.99,672.2799,671.86,671.91,1798368.0
2025-10-23 19:50:00+00:00,671.91,671.91,671.3,671.78,2656044.0
2025-10-23 19:55:00+00:00,671.79,671.855,671.49,671.63,4821780.0
2025-10-23 20:00:00+00:00,671.6,671.93,671.51,671.84,389665.0
2025-10-23 20:05:00+00:00,671.86,672.0,671.55,671.74,965551.0
2025-10-23 20:10:00+00:00,671.72,671.74,671.6,671.67,4304481.0
2025-10-23 20:15:00+00:00,671.66,671.75,670.8,671.55,289086.0
2025-10-23 20:20:00+00:00,671.53,671.71,671.51,671.71,83863.0
2025-10-23 20:25:00+00:00,671.71,671.71,671.6003,671.6003,45889.0
2025-10-23 20:30:00+00:00,671.64,671.94,671.58,671.87,27529.0
2025-10-23 20:35:00+00:00,671.83,671.91,671.75,671.91,23800.0
2025-10-23 20:40:00+00:00,671.9399,671.9399,671.8499,671.8499,75806.0
2025-10-23 20:45:00+00:00,671.86,671.9,671.82,671.8673,7882.0
2025-10-23 20:50:00+00:00,671.83,671.88,671.74,671.87,11430.0
2025-10-23 20:55:00+00:00,671.88,671.94,671.83,671.94,14272.0
2025-10-23 21:00:00+00:00,672.04,672.04,671.89,672.0,12934.0
2025-10-23 21:05:00+00:00,671.97,672.0,671.97,671.97,6097.0
2025-10-23 21:10:00+00:00,671.96,671.97,671.9001,671.9001,965.0
2025-10-23 21:15:00+00:00,672.0,672.038,671.95,672.0002,4468.0
2025-10-23 21:20:00+00:00,672.02,672.02,671.99,671.99,4763.0
2025-10-23 21:25:00+00:00,671.99,672.01,671.99,672.0,6957.0
2025-10-23 21:30:00+00:00,671.97,672.11,671.97,672.11,5708.0
2025-10-23 21:35:00+00:00,672.0,672.15,672.0,672.14,4406.0
2025-10-23 21:45:00+00:00,672.03,672.08,672.0,672.01,7174.0
2025-10-23 21:50:00+00:00,672.02,672.16,672.01,672.13,3229.0
2025-10-23 21:55:00+00:00,672.12,672.12,671.99,672.0001,4464.0
2025-10-23 22:00:00+00:00,672.02,672.33,671.92,672.14,17685.0
2025-10-23 22:05:00+00:00,672.09,672.17,672.04,672.07,5242.0
2025-10-23 22:10:00+00:00,672.09,672.27,672.09,672.1501,1728.0
2025-10-23 22:15:00+00:00,672.17,672.2999,672.17,672.2401,683.0
2025-10-23 22:20:00+00:00,672.24,672.24,672.15,672.19,1820.0
2025-10-23 22:25:00+00:00,672.1904,672.27,672.1904,672.24,2008.0
2025-10-23 22:30:00+00:00,672.28,672.37,672.21,672.21,2512.0
2025-10-23 22:35:00+00:00,672.2,672.27,672.2,672.27,1167.0
2025-10-23 22:40:00+00:00,672.15,672.15,672.15,672.15,681.0
2025-10-23 22:45:00+00:00,672.18,672.2,672.09,672.12,5598.0
2025-10-23 22:50:00+00:00,672.12,672.16,672.1,672.1,3932.0
2025-10-23 22:55:00+00:00,672.13,672.13,672.1188,672.1188,748.0
2025-10-23 23:00:00+00:00,672.26,672.35,672.23,672.23,1235.0
2025-10-23 23:05:00+00:00,672.2652,672.28,672.22,672.28,658.0
2025-10-23 23:10:00+00:00,672.28,672.28,672.28,672.28,174.0
2025-10-23 23:15:00+00:00,672.31,672.31,672.2,672.28,1269.0
2025-10-23 23:20:00+00:00,672.25,672.25,672.25,672.25,163.0
2025-10-23 23:25:00+00:00,672.2787,672.2787,672.25,672.26,1376.0
2025-10-23 23:30:00+00:00,672.28,672.28,672.21,672.24,992.0
2025-10-23 23:35:00+00:00,672.24,672.33,672.24,672.33,774.0
2025-10-23 23:40:00+00:00,672.29,672.3,672.25,672.25,1048.0
2025-10-23 23:45:00+00:00,672.33,672.36,672.22,672.22,740.0
2025-10-23 23:50:00+00:00,672.29,672.32,672.248,672.295,4217.0
2025-10-23 23:55:00+00:00,672.25,672.32,672.2,672.3,4014.0
2025-10-24 08:00:00+00:00,673.21,673.24,673.07,673.09,22881.0
2025-10-24 08:05:00+00:00,673.07,673.17,672.95,673.13,41243.0
2025-10-24 08:10:00+00:00,673.1,673.19,672.96,672.96,60779.0
2025-10-24 08:15:00+00:00,672.96,673.11,672.95,673.05,12169.0
2025-10-24 08:20:00+00:00,673.09,673.14,673.09,673.14,2377.0
2025-10-24 08:25:00+00:00,673.13,673.26,673.13,673.26,5837.0
2025-10-24 08:30:00+00:00,673.28,673.31,673.17,673.21,12695.0
2025-10-24 08:35:00+00:00,673.23,673.23,673.23,673.23,644.0
2025-10-24 08:40:00+00:00,673.25,673.48,673.25,673.44,3363.0
2025-10-24 08:45:00+00:00,673.45,673.86,673.44,673.76,7419.0
2025-10-24 08:50:00+00:00,673.61,673.61,673.58,673.58,1320.0
2025-10-24 08:55:00+00:00,673.51,673.51,673.4,673.51,1061.0
2025-10-24 09:00:00+00:00,673.52,673.52,673.52,673.52,476.0
2025-10-24 09:05:00+00:00,673.54,673.54,673.51,673.51,1267.0
2025-10-24 09:10:00+00:00,673.51,673.54,673.48,673.54,2391.0
2025-10-24 09:15:00+00:00,673.57,673.74,673.48,673.71,5934.0
2025-10-24 09:20:00+00:00,673.69,674.0,673.68,674.0,6143.0
2025-10-24 09:25:00+00:00,674.03,674.04,673.95,674.04,983.0
2025-10-24 09:30:00+00:00,674.06,674.11,674.04,674.11,2122.0
2025-10-24 09:35:00+00:00,674.15,674.3,674.11,674.3,5159.0
2025-10-24 09:40:00+00:00,674.28,674.34,674.17,674.17,3819.0
2025-10-24 09:45:00+00:00,674.18,674.19,674.03,674.08,4962.0
2025-10-24 09:50:00+00:00,673.98,674.04,673.98,674.0,2543.0
2025-10-24 09:55:00+00:00,674.0,674.01,673.88,673.91,4155.0
2025-10-24 10:00:00+00:00,673.9,673.9,673.85,673.87,1622.0
2025-10-24 10:05:00+00:00,673.8,674.05,673.75,674.02,9369.0
2025-10-24 10:10:00+00:00,674.03,674.16,674.03,674.14,2915.0
2025-10-24 10:15:00+00:00,674.17,674.23,674.17,674.23,4099.0
2025-10-24 10:20:00+00:00,674.16,674.16,673.87,673.93,2152.0
2025-10-24 10:25:00+00:00,673.87,673.96,673.87,673.91,2315.0
2025-10-24 10:30:00+00:00,673.96,674.09,673.94,674.09,4312.0
2025-10-24 10:35:00+00:00,674.02,674.02,673.97,674.01,1478.0
2025-10-24 10:40:00+00:00,673.94,673.94,673.86,673.86,9148.0
2025-10-24 10:45:00+00:00,673.83,673.98,673.83,673.97,6963.0
2025-10-24 10:50:00+00:00,673.93,673.93,673.81,673.81,6190.0
2025-10-24 10:55:00+00:00,673.84,673.84,673.74,673.74,1726.0
2025-10-24 11:00:00+00:00,673.78,673.87,673.78,673.87,5276.0
2025-10-24 11:05:00+00:00,673.93,673.94,673.83,673.92,5428.0
2025-10-24 11:10:00+00:00,674.0,674.07,673.98,674.07,9353.0
2025-10-24 11:15:00+00:00,674.021,674.06,673.85,673.88,31452.0
2025-10-24 11:20:00+00:00,673.87,673.87,673.72,673.81,11235.0
2025-10-24 11:25:00+00:00,673.8,673.9,673.8,673.9,1662.0
2025-10-24 11:30:00+00:00,673.84,673.84,673.74,673.74,3414.0
2025-10-24 11:35:00+00:00,673.74,673.92,673.74,673.9,4138.0
2025-10-24 11:40:00+00:00,673.92,674.05,673.88,673.88,6252.0
2025-10-24 11:45:00+00:00,674.0,674.0,673.95,674.0,3286.0
2025-10-24 11:50:00+00:00,674.0,674.22,673.98,674.22,6312.0
2025-10-24 11:55:00+00:00,674.24,674.38,674.09,674.18,12044.0
2025-10-24 12:00:00+00:00,673.7214,674.35,672.88,674.21,100623.0
2025-10-24 12:05:00+00:00,674.21,674.4,674.21,674.25,6310.0
2025-10-24 12:10:00+00:00,674.2184,674.24,674.01,674.04,15234.0
2025-10-24 12:15:00+00:00,674.03,674.06,673.9114,673.97,11998.0
2025-10-24 12:20:00+00:00,673.94,673.99,673.8818,673.9199,14169.0
2025-10-24 12:25:00+00:00,673.875,674.2,673.84,674.09,81859.0
2025-10-24 12:30:00+00:00,673.8,678.0,673.74,676.2,529902.0
2025-10-24 12:35:00+00:00,676.2,676.75,675.88,676.01,169742.0
2025-10-24 12:40:00+00:00,676.05,676.18,675.46,675.83,164682.0
2025-10-24 12:45:00+00:00,675.91,676.23,675.78,676.02,115405.0
2025-10-24 12:50:00+00:00,675.99,676.15,675.69,675.77,54999.0
2025-10-24 12:55:00+00:00,675.78,675.89,675.54,675.7,37683.0
2025-10-24 13:00:00+00:00,675.73,675.9899,675.68,675.95,37751.0
2025-10-24 13:05:00+00:00,675.93,676.12,675.91,676.06,57019.0
2025-10-24 13:10:00+00:00,676.07,676.23,671.76,676.09,48583.0
2025-10-24 13:15:00+00:00,676.09,676.22,675.96,676.05,75239.0
2025-10-24 13:20:00+00:00,676.12,676.64,676.09,676.49,83152.0
2025-10-24 13:25:00+00:00,676.5,676.55,676.28,676.4,95662.0
2025-10-24 13:30:00+00:00,676.46,676.83,675.65,676.8207,2133138.0
2025-10-24 13:35:00+00:00,676.82,677.75,676.79,677.145,1972059.0
2025-10-24 13:40:00+00:00,677.15,677.41,676.86,677.34,1104728.0
2025-10-24 13:45:00+00:00,677.25,677.79,676.83,676.96,1073433.0
2025-10-24 13:50:00+00:00,676.96,677.25,676.4948,676.95,1251630.0
2025-10-24 13:55:00+00:00,676.96,677.42,676.85,677.29,722241.0
2025-10-24 14:00:00+00:00,677.36,677.63,677.04,677.4,960527.0
2025-10-24 14:05:00+00:00,677.41,677.94,677.33,677.8,970733.0
2025-10-24 14:10:00+00:00,677.81,677.87,677.53,677.78,699342.0
2025-10-24 14:15:00+00:00,677.79,677.8,677.305,677.5,524367.0
2025-10-24 14:20:00+00:00,677.48,677.4901,676.92,677.28,773641.0
2025-10-24 14:25:00+00:00,677.27,677.28,676.7406,676.78,681669.0
2025-10-24 14:30:00+00:00,676.76,676.85,676.14,676.81,1062738.0
2025-10-24 14:35:00+00:00,676.8,677.14,676.31,677.06,611382.0
2025-10-24 14:40:00+00:00,677.04,677.65,677.02,677.5527,468998.0
2025-10-24 14:45:00+00:00,677.55,677.63,677.22,677.39,442712.0
2025-10-24 14:50:00+00:00,677.39,677.44,676.48,676.66,617416.0
2025-10-24 14:55:00+00:00,676.65,676.75,675.91,676.69,833763.0
2025-10-24 15:00:00+00:00,676.68,676.955,676.475,676.75,459059.0
2025-10-24 15:05:00+00:00,676.78,677.22,676.55,677.165,762998.0
2025-10-24 15:10:00+00:00,677.16,677.45,676.83,677.44,771962.0
2025-10-24 15:15:00+00:00,677.45,677.91,677.43,677.7,714395.0
2025-10-24 15:20:00+00:00,677.71,678.38,677.68,678.28,1789221.0
2025-10-24 15:25:00+00:00,678.295,678.33,678.04,678.15,588423.0
2025-10-24 15:30:00+00:00,678.19,678.42,678.0999,678.1,517918.0
2025-10-24 15:35:00+00:00,678.1,678.22,677.72,678.135,545028.0
2025-10-24 15:40:00+00:00,678.14,678.15,677.74,677.7877,517986.0
2025-10-24 15:45:00+00:00,677.79,678.09,677.47,677.95,795272.0
2025-10-24 15:50:00+00:00,677.95,678.24,677.9,677.99,409888.0
2025-10-24 15:55:00+00:00,678.0,678.02,677.63,677.945,399010.0
2025-10-24 16:00:00+00:00,677.92,678.29,677.905,678.17,401695.0
2025-10-24 16:05:00+00:00,678.17,678.18,677.86,678.045,596258.0
2025-10-24 16:10:00+00:00,678.05,678.295,678.0,678.26,328130.0
2025-10-24 16:15:00+00:00,678.26,678.275,678.04,678.1801,917697.0
2025-10-24 16:20:00+00:00,678.19,678.46,678.0196,678.1144,505107.0
2025-10-24 16:25:00+00:00,678.12,678.13,677.83,677.885,382618.0
2025-10-24 16:30:00+00:00,677.89,678.0,677.67,677.71,346111.0
2025-10-24 16:35:00+00:00,677.7,677.745,677.465,677.585,460819.0
2025-10-24 16:40:00+00:00,677.581,677.66,677.22,677.34,600814.0
2025-10-24 16:45:00+00:00,677.33,677.95,677.21,677.931,507442.0
2025-10-24 16:50:00+00:00,677.9399,678.2452,677.9211,678.04,416372.0
2025-10-24 16:55:00+00:00,678.03,678.125,677.78,677.9501,282044.0
2025-10-24 17:00:00+00:00,677.94,678.13,677.88,678.04,252190.0
2025-10-24 17:05:00+00:00,678.03,678.05,677.8387,677.89,212676.0
2025-10-24 17:10:00+00:00,677.92,678.1,677.7,677.77,541648.0
2025-10-24 17:15:00+00:00,677.75,678.05,677.63,677.97,283952.0
2025-10-24 17:20:00+00:00,677.98,678.1256,677.755,678.1256,283458.0
2025-10-24 17:25:00+00:00,678.12,678.23,677.97,678.06,181128.0
2025-10-24 17:30:00+00:00,678.052,678.175,677.95,678.16,337221.0
2025-10-24 17:35:00+00:00,678.165,678.33,678.07,678.275,455445.0
2025-10-24 17:40:00+00:00,678.275,678.29,678.07,678.16,313819.0
2025-10-24 17:45:00+00:00,678.165,678.43,678.11,678.31,317018.0
2025-10-24 17:50:00+00:00,678.31,678.34,678.12,678.17,214496.0
2025-10-24 17:55:00+00:00,678.165,678.17,678.06,678.0701,427039.0
2025-10-24 18:00:00+00:00,678.07,678.16,677.87,678.01,444476.0
2025-10-24 18:05:00+00:00,678.0,678.26,678.0,678.21,280581.0
2025-10-24 18:10:00+00:00,678.22,678.34,678.18,678.1903,254810.0
2025-10-24 18:15:00+00:00,678.185,678.295,678.065,678.27,233294.0
2025-10-24 18:20:00+00:00,678.29,678.32,678.15,678.23,209858.0
2025-10-24 18:25:00+00:00,678.22,678.29,678.1,678.17,361048.0
2025-10-24 18:30:00+00:00,678.16,678.28,678.07,678.22,298723.0
2025-10-24 18:35:00+00:00,678.2199,678.33,678.14,678.195,264420.0
2025-10-24 18:40:00+00:00,678.19,678.19,678.01,678.08,408990.0
2025-10-24 18:45:00+00:00,678.09,678.095,677.75,677.98,441576.0
2025-10-24 18:50:00+00:00,677.99,678.09,677.8442,678.04,328123.0
2025-10-24 18:55:00+00:00,678.03,678.2297,678.0,678.1844,379927.0
2025-10-24 19:00:00+00:00,678.19,678.39,678.175,678.365,513688.0
2025-10-24 19:05:00+00:00,678.365,678.45,678.25,678.41,482556.0
2025-10-24 19:10:00+00:00,678.41,678.4655,678.275,678.2899,576478.0
2025-10-24 19:15:00+00:00,678.29,678.3,678.08,678.16,434807.0
2025-10-24 19:20:00+00:00,678.155,678.4,678.05,678.335,543152.0
2025-10-24 19:25:00+00:00,678.34,678.47,678.23,678.242,469089.0
2025-10-24 19:30:00+00:00,678.24,678.27,678.09,678.125,687993.0
2025-10-24 19:35:00+00:00,678.12,678.19,677.94,678.03,3129569.0
2025-10-24 19:40:00+00:00,678.04,678.1,677.73,677.73,957241.0
2025-10-24 19:45:00+00:00,677.73,678.01,677.63,677.72,1985141.0
2025-10-24 19:50:00+00:00,677.71,677.89,677.45,677.67,2128775.0
2025-10-24 19:55:00+00:00,677.67,677.67,676.765,677.11,6117550.0
2025-10-24 20:00:00+00:00,677.15,677.32,676.81,677.18,1634969.0
2025-10-24 20:05:00+00:00,677.165,677.18,676.68,677.04,684768.0
2025-10-24 20:10:00+00:00,677.03,677.2,676.86,676.98,4973598.0
2025-10-24 20:15:00+00:00,676.98,677.0,676.87,676.93,684075.0
2025-10-24 20:20:00+00:00,676.92,677.02,676.92,676.9401,260648.0
2025-10-24 20:25:00+00:00,676.99,677.18,676.99,677.14,89719.0
2025-10-24 20:30:00+00:00,677.14,677.24,677.1,677.24,108212.0
2025-10-24 20:35:00+00:00,677.25,677.29,677.21,677.29,459554.0
2025-10-24 20:40:00+00:00,677.3,677.34,677.06,677.06,15870.0
2025-10-24 20:45:00+00:00,677.03,677.1,676.95,676.95,23588.0
2025-10-24 20:50:00+00:00,676.95,677.0395,676.94,677.0001,10245.0
2025-10-24 20:55:00+00:00,676.98,677.01,676.93,676.93,3762131.0
2025-10-24 21:00:00+00:00,677.0398,677.0398,677.0,677.03,2423.0
2025-10-24 21:05:00+00:00,677.0001,677.01,676.99,676.99,1357.0
2025-10-24 21:10:00+00:00,676.99,677.03,676.97,677.0199,25168.0
2025-10-24 21:15:00+00:00,677.02,677.02,677.0,677.0,11932.0
2025-10-24 21:20:00+00:00,676.99,677.02,676.98,677.02,19029.0
2025-10-24 21:25:00+00:00,676.99,677.02,676.99,677.02,1709.0
2025-10-24 21:30:00+00:00,677.02,677.04,676.96,676.96,445970.0
2025-10-24 21:35:00+00:00,677.09,677.14,677.04,677.14,13392.0
2025-10-24 21:40:00+00:00,677.14,677.14,677.09,677.09,710.0
2025-10-24 21:45:00+00:00,677.15,677.18,677.15,677.17,8315.0
2025-10-24 21:50:00+00:00,677.1892,677.3,677.1892,677.27,10764.0
2025-10-24 21:55:00+00:00,677.27,677.27,677.1,677.2,5188.0
2025-10-24 22:10:00+00:00,677.23,677.23,677.23,677.23,269.0
2025-10-24 22:15:00+00:00,677.27,677.29,677.27,677.29,731.0
2025-10-24 22:20:00+00:00,677.28,677.28,677.2,677.2,1863.0
2025-10-24 22:30:00+00:00,677.15,677.15,677.15,677.15,681.0
2025-10-24 22:35:00+00:00,677.15,677.15,677.15,677.15,210.0
2025-10-24 22:40:00+00:00,677.11,677.11,677.11,677.11,242.0
2025-10-24 22:50:00+00:00,677.1992,677.2,677.1992,677.2,874.0
2025-10-24 22:55:00+00:00,677.2,677.23,677.1701,677.23,1303.0
2025-10-24 23:00:00+00:00,677.18,677.2395,677.18,677.2395,791.0
2025-10-24 23:05:00+00:00,677.2,677.24,677.2,677.24,633.0
2025-10-24 23:10:00+00:00,677.2,677.3,677.2,677.3,15377.0
2025-10-24 23:15:00+00:00,677.3,677.3,677.29,677.3,1853.0
2025-10-24 23:20:00+00:00,677.3,677.3,677.15,677.15,754.0
2025-10-24 23:25:00+00:00,677.29,677.3,677.29,677.3,1542.0
2025-10-24 23:35:00+00:00,677.19,677.29,677.19,677.2,2595.0
2025-10-24 23:40:00+00:00,677.2101,677.2883,677.2101,677.25,1262.0
2025-10-24 23:45:00+00:00,677.2516,677.2881,677.25,677.25,2605.0
2025-10-24 23:50:00+00:00,677.29,677.3,677.25,677.29,6182.0
2025-10-24 23:55:00+00:00,677.3,677.3,677.29,677.3,7564.0
2025-10-27 08:00:00+00:00,682.66,682.9,682.15,682.6,62018.0
2025-10-27 08:05:00+00:00,682.71,682.71,682.52,682.61,5405.0
2025-10-27 08:10:00+00:00,682.63,682.65,682.55,682.58,7408.0
2025-10-27 08:15:00+00:00,682.65,682.68,682.54,682.6,9256.0
2025-10-27 08:20:00+00:00,682.68,682.68,682.49,682.49,2863.0
2025-10-27 08:25:00+00:00,682.49,682.5,682.25,682.26,6562.0
2025-10-27 08:30:00+00:00,682.25,682.27,682.15,682.25,7301.0
2025-10-27 08:35:00+00:00,682.23,682.44,682.19,682.43,8305.0
2025-10-27 08:40:00+00:00,682.37,682.55,682.37,682.55,4593.0
2025-10-27 08:45:00+00:00,682.63,682.68,682.49,682.49,5599.0
2025-10-27 08:50:00+00:00,682.48,682.61,682.44,682.61,4433.0
2025-10-27 08:55:00+00:00,682.61,682.67,682.55,682.55,10470.0
2025-10-27 09:00:00+00:00,682.5,682.55,682.46,682.55,2025.0
2025-10-27 09:05:00+00:00,682.56,682.56,682.56,682.56,498.0
2025-10-27 09:10:00+00:00,682.6,682.64,682.49,682.52,5470.0
2025-10-27 09:15:00+00:00,682.55,682.55,682.52,682.53,1748.0
2025-10-27 09:20:00+00:00,682.61,682.67,682.55,682.55,2638.0
2025-10-27 09:25:00+00:00,682.48,682.48,682.41,682.43,1323.0
2025-10-27 09:30:00+00:00,682.39,682.63,682.39,682.6,13196.0
2025-10-27 09:35:00+00:00,682.67,682.76,682.62,682.76,2877.0
2025-10-27 09:40:00+00:00,682.65,682.89,682.65,682.88,2143.0
2025-10-27 09:45:00+00:00,682.97,683.11,682.97,683.11,2152.0
2025-10-27 09:50:00+00:00,683.06,683.06,682.98,683.0,1848.0
2025-10-27 09:55:00+00:00,683.14,683.14,683.05,683.06,3058.0
2025-10-27 10:00:00+00:00,683.12,683.15,682.96,682.99,5207.0
2025-10-27 10:05:00+00:00,682.99,683.05,682.98,683.05,5856.0
2025-10-27 10:10:00+00:00,682.9,683.0,682.87,683.0,1598.0
2025-10-27 10:15:00+00:00,683.05,683.05,682.94,682.97,1782.0
2025-10-27 10:20:00+00:00,683.02,683.07,683.02,683.07,2827.0
2025-10-27 10:25:00+00:00,683.07,683.11,683.07,683.09,3001.0
2025-10-27 10:30:00+00:00,683.0,683.15,683.0,683.15,10969.0
2025-10-27 10:35:00+00:00,683.2,683.21,683.04,683.06,95922.0
2025-10-27 10:40:00+00:00,683.01,683.09,682.95,683.04,156726.0
2025-10-27 10:45:00+00:00,683.09,683.13,683.07,683.11,27596.0
2025-10-27 10:50:00+00:00,683.1,683.19,683.07,683.07,15397.0
2025-10-27 10:55:00+00:00,683.09,683.15,683.03,683.04,2756.0
2025-10-27 11:00:00+00:00,683.06,683.2,682.96,683.16,26442.0
2025-10-27 11:05:00+00:00,683.17,683.24,683.12,683.16,14086.0
2025-10-27 11:10:00+00:00,683.06,683.07,682.83,682.89,3918.0
2025-10-27 11:15:00+00:00,682.86,682.98,682.77,682.82,25085.0
2025-10-27 11:20:00+00:00,682.8,682.91,682.8,682.88,3657.0
2025-10-27 11:25:00+00:00,682.9,682.92,682.83,682.83,12236.0
2025-10-27 11:30:00+00:00,682.79,682.86,682.6,682.6,14109.0
2025-10-27 11:35:00+00:00,682.66,682.66,682.49,682.53,31196.0
2025-10-27 11:40:00+00:00,682.61,682.61,682.48,682.53,32203.0
2025-10-27 11:45:00+00:00,682.51,682.51,682.42,682.43,5748.0
2025-10-27 11:50:00+00:00,682.39,682.45,682.32,682.41,17067.0
2025-10-27 11:55:00+00:00,682.41,682.51,682.41,682.41,24875.0
2025-10-27 12:00:00+00:00,682.65,683.2201,682.16,682.5982,162491.0
2025-10-27 12:05:00+00:00,682.6,682.68,682.45,682.66,34805.0
2025-10-27 12:10:00+00:00,682.68,682.8999,682.68,682.81,31765.0
2025-10-27 12:15:00+00:00,682.79,682.79,682.6101,682.7,13891.0
2025-10-27 12:20:00+00:00,682.71,682.78,682.64,682.78,36359.0
2025-10-27 12:25:00+00:00,682.64,682.69,682.59,682.62,16555.0
2025-10-27 12:30:00+00:00,682.689,682.69,682.46,682.52,17724.0
2025-10-27 12:35:00+00:00,682.62,682.71,682.6,682.66,62531.0
2025-10-27 12:40:00+00:00,682.68,682.71,682.51,682.67,14070.0
2025-10-27 12:45:00+00:00,682.67,682.7897,682.66,682.75,12900.0
2025-10-27 12:50:00+00:00,682.78,682.83,682.72,682.72,11372.0
2025-10-27 12:55:00+00:00,682.7,682.7579,682.65,682.71,12753.0
2025-10-27 13:00:00+00:00,682.67,682.86,682.65,682.85,23336.0
2025-10-27 13:05:00+00:00,682.88,682.93,682.83,682.86,22148.0
2025-10-27 13:10:00+00:00,682.8899,682.94,682.7,682.7,20740.0
2025-10-27 13:15:00+00:00,682.73,682.81,682.59,682.61,55499.0
2025-10-27 13:20:00+00:00,682.6,682.72,682.48,682.69,43789.0
2025-10-27 13:25:00+00:00,682.64,683.09,682.63,682.73,114715.0
2025-10-27 13:30:00+00:00,682.73,683.19,682.56,682.68,2412200.0
2025-10-27 13:35:00+00:00,682.69,682.89,682.115,682.835,1549475.0
2025-10-27 13:40:00+00:00,682.81,682.865,682.28,682.75,1105723.0
2025-10-27 13:45:00+00:00,682.76,682.9,682.48,682.6,805288.0
2025-10-27 13:50:00+00:00,682.61,683.0,682.33,682.955,819924.0
2025-10-27 13:55:00+00:00,682.975,683.23,682.7488,683.08,801648.0
2025-10-27 14:00:00+00:00,683.09,683.61,682.91,683.365,1200611.0
2025-10-27 14:05:00+00:00,683.36,683.6,683.355,683.395,844479.0
2025-10-27 14:10:00+00:00,683.4,683.41,683.02,683.23,661537.0
2025-10-27 14:15:00+00:00,683.24,683.27,682.53,682.5599,842847.0
2025-10-27 14:20:00+00:00,682.535,682.8,682.4,682.705,797906.0
2025-10-27 14:25:00+00:00,682.7,683.0607,682.515,683.03,1105094.0
2025-10-27 14:30:00+00:00,683.03,683.13,682.76,683.06,645049.0
2025-10-27 14:35:00+00:00,683.06,683.33,683.04,683.08,602426.0
2025-10-27 14:40:00+00:00,683.08,683.335,683.015,683.32,592262.0
2025-10-27 14:45:00+00:00,683.34,683.36,682.98,683.1,466102.0
2025-10-27 14:50:00+00:00,683.095,683.11,682.57,682.76,521574.0
2025-10-27 14:55:00+00:00,682.74,682.98,682.595,682.69,498255.0
2025-10-27 15:00:00+00:00,682.69,682.92,682.6101,682.78,601298.0
2025-10-27 15:05:00+00:00,682.78,682.85,682.55,682.62,318196.0
2025-10-27 15:10:00+00:00,682.62,683.05,682.62,683.04,517761.0
2025-10-27 15:15:00+00:00,683.04,683.1,682.865,682.99,511061.0
2025-10-27 15:20:00+00:00,682.9959,683.14,682.875,683.14,469648.0
2025-10-27 15:25:00+00:00,683.1301,683.37,683.1301,683.36,561941.0
2025-10-27 15:30:00+00:00,683.36,683.53,683.33,683.445,656240.0
2025-10-27 15:35:00+00:00,683.45,683.48,683.26,683.44,429246.0
2025-10-27 15:40:00+00:00,683.435,683.6,683.43,683.56,382435.0
2025-10-27 15:45:00+00:00,683.57,683.575,683.305,683.39,389817.0
2025-10-27 15:50:00+00:00,683.39,683.39,683.2,683.25,403458.0
2025-10-27 15:55:00+00:00,683.245,683.465,683.2,683.42,384800.0
2025-10-27 16:00:00+00:00,683.4124,683.71,683.39,683.705,496525.0
2025-10-27 16:05:00+00:00,683.7087,683.78,683.55,683.6801,533610.0
2025-10-27 16:10:00+00:00,683.69,683.69,683.54,683.62,394532.0
2025-10-27 16:15:00+00:00,683.62,683.63,683.46,683.46,336506.0
2025-10-27 16:20:00+00:00,683.47,683.625,683.375,683.615,358844.0
2025-10-27 16:25:00+00:00,683.6199,683.62,683.45,683.5,356338.0
2025-10-27 16:30:00+00:00,683.51,683.76,683.5058,683.695,459865.0
2025-10-27 16:35:00+00:00,683.69,683.77,683.551,683.57,290760.0
2025-10-27 16:40:00+00:00,683.56,683.72,683.52,683.65,302729.0
2025-10-27 16:45:00+00:00,683.655,683.695,683.54,683.67,207775.0
2025-10-27 16:50:00+00:00,683.67,683.8756,683.67,683.83,346016.0
2025-10-27 16:55:00+00:00,683.83,683.88,683.69,683.74,374845.0
2025-10-27 17:00:00+00:00,683.75,683.79,683.67,683.77,393359.0
2025-10-27 17:05:00+00:00,683.775,683.79,683.5603,683.5603,351664.0
2025-10-27 17:10:00+00:00,683.57,683.645,683.455,683.625,424344.0
2025-10-27 17:15:00+00:00,683.62,683.67,683.41,683.42,336171.0
2025-10-27 17:20:00+00:00,683.42,683.43,683.21,683.22,616692.0
2025-10-27 17:25:00+00:00,683.2101,683.445,683.17,683.4399,410565.0
2025-10-27 17:30:00+00:00,683.44,683.61,683.315,683.5899,320556.0
2025-10-27 17:35:00+00:00,683.585,683.785,683.511,683.78,279225.0
2025-10-27 17:40:00+00:00,683.77,683.97,683.73,683.93,932689.0
2025-10-27 17:45:00+00:00,683.94,683.99,683.85,683.9001,674915.0
2025-10-27 17:50:00+00:00,683.91,683.91,683.78,683.8201,329191.0
2025-10-27 17:55:00+00:00,683.82,683.95,683.81,683.94,464257.0
2025-10-27 18:00:00+00:00,683.93,683.96,683.76,683.89,398856.0
2025-10-27 18:05:00+00:00,683.89,683.94,683.81,683.9,219641.0
2025-10-27 18:10:00+00:00,683.91,683.9299,683.83,683.87,299561.0
2025-10-27 18:15:00+00:00,683.865,683.93,683.82,683.875,332883.0
2025-10-27 18:20:00+00:00,683.8701,683.965,683.86,683.865,273080.0
2025-10-27 18:25:00+00:00,683.87,683.9198,683.8,683.85,527396.0
2025-10-27 18:30:00+00:00,683.855,684.03,683.855,684.0,410776.0
2025-10-27 18:35:00+00:00,683.995,684.06,683.89,684.0,609073.0
2025-10-27 18:40:00+00:00,684.01,684.12,683.965,684.07,476100.0
2025-10-27 18:45:00+00:00,684.07,684.16,684.01,684.07,441674.0
2025-10-27 18:50:00+00:00,684.065,684.13,683.98,684.1,405344.0
2025-10-27 18:55:00+00:00,684.09,684.25,684.08,684.145,610549.0
2025-10-27 19:00:00+00:00,684.15,684.16,684.02,684.05,404541.0
2025-10-27 19:05:00+00:00,684.05,684.23,684.04,684.21,447857.0
2025-10-27 19:10:00+00:00,684.2,684.3,684.12,684.175,571858.0
2025-10-27 19:15:00+00:00,684.17,684.17,684.0,684.01,645831.0
2025-10-27 19:20:00+00:00,684.01,684.145,684.0,684.14,613404.0
2025-10-27 19:25:00+00:00,684.14,684.24,684.12,684.23,494827.0
2025-10-27 19:30:00+00:00,684.23,684.38,684.185,684.345,792501.0
2025-10-27 19:35:00+00:00,684.35,684.76,684.32,684.69,1558885.0
2025-10-27 19:40:00+00:00,684.695,684.71,684.51,684.65,1017118.0
2025-10-27 19:45:00+00:00,684.645,685.15,684.61,685.04,2269934.0
2025-10-27 19:50:00+00:00,685.05,685.53,684.99,685.49,3012208.0
2025-10-27 19:55:00+00:00,685.49,685.54,685.17,685.18,4675874.0
2025-10-27 20:00:00+00:00,685.17,685.58,685.17,685.58,720435.0
2025-10-27 20:05:00+00:00,685.59,685.59,685.12,685.13,1637553.0
2025-10-27 20:10:00+00:00,685.12,685.42,685.11,685.4,2514540.0
2025-10-27 20:15:00+00:00,685.38,685.73,685.0,685.6511,914769.0
2025-10-27 20:20:00+00:00,685.65,685.75,685.59,685.7168,64880.0
2025-10-27 20:25:00+00:00,685.7,685.78,685.62,685.78,306404.0
2025-10-27 20:30:00+00:00,685.77,685.87,685.765,685.84,149531.0
2025-10-27 20:35:00+00:00,685.86,685.9,685.86,685.9,144412.0
2025-10-27 20:40:00+00:00,685.92,685.95,685.86,685.93,21986.0
2025-10-27 20:45:00+00:00,685.92,686.02,685.9,685.95,21480.0
2025-10-27 20:50:00+00:00,685.99,686.0085,685.9,686.0,12115.0
2025-10-27 20:55:00+00:00,685.9996,686.0,685.74,685.74,16168.0
2025-10-27 21:00:00+00:00,685.736,685.75,685.5361,685.58,49734.0
2025-10-27 21:05:00+00:00,685.57,685.7,685.53,685.69,20373.0
2025-10-27 21:10:00+00:00,685.69,685.75,685.677,685.677,9490.0
2025-10-27 21:15:00+00:00,685.72,685.75,685.7,685.74,64197.0
2025-10-27 21:20:00+00:00,685.76,685.76,685.56,685.601,10806.0
2025-10-27 21:25:00+00:00,685.58,685.7,685.58,685.6797,4924.0
2025-10-27 21:30:00+00:00,685.65,685.67,685.58,685.58,1604.0
2025-10-27 21:35:00+00:00,685.58,685.74,685.58,685.73,6502.0
2025-10-27 21:40:00+00:00,685.73,685.75,685.73,685.75,3068.0
2025-10-27 21:45:00+00:00,685.75,685.75,685.7,685.74,1911.0
2025-10-27 21:50:00+00:00,685.75,685.75,685.73,685.75,994.0
2025-10-27 21:55:00+00:00,685.74,685.74,685.6859,685.69,1908.0
2025-10-27 22:00:00+00:00,685.73,685.73,685.49,685.5,23126.0
2025-10-27 22:05:00+00:00,685.5599,685.5599,685.47,685.4999,12268.0
2025-10-27 22:10:00+00:00,685.49,685.58,685.49,685.58,4185.0
2025-10-27 22:15:00+00:00,685.6,685.74,685.6,685.74,1233.0
2025-10-27 22:20:00+00:00,685.63,685.73,685.63,685.73,1341.0
2025-10-27 22:25:00+00:00,685.67,685.67,685.63,685.63,2346.0
2025-10-27 22:30:00+00:00,685.6127,685.7,685.55,685.695,5722.0
2025-10-27 22:35:00+00:00,685.6519,685.6519,685.63,685.63,700.0
2025-10-27 22:40:00+00:00,685.7,685.7,685.51,685.56,3659.0
2025-10-27 22:45:00+00:00,685.58,685.62,685.58,685.6,5260.0
2025-10-27 22:50:00+00:00,685.59,685.6,685.57,685.57,9277.0
2025-10-27 22:55:00+00:00,685.6,685.62,685.59,685.59,7878.0
2025-10-27 23:00:00+00:00,685.59,685.7,685.54,685.7,3858.0
2025-10-27 23:05:00+00:00,685.68,685.73,685.68,685.73,4075.0
2025-10-27 23:10:00+00:00,685.65,685.65,685.65,685.65,343.0
2025-10-27 23:15:00+00:00,685.7,685.7699,685.7,685.7699,398.0
2025-10-27 23:20:00+00:00,685.84,685.91,685.84,685.88,2939.0
2025-10-27 23:25:00+00:00,685.83,686.09,685.83,686.08,6821.0
2025-10-27 23:30:00+00:00,686.0319,686.1,685.985,686.1,2382.0
2025-10-27 23:35:00+00:00,686.03,686.03,685.92,685.92,1606.0
2025-10-27 23:40:00+00:00,685.8805,685.94,685.8005,685.83,3580.0
2025-10-27 23:45:00+00:00,685.8,685.87,685.7407,685.87,3694.0
2025-10-27 23:50:00+00:00,685.87,685.95,685.73,685.75,2871.0
2025-10-27 23:55:00+00:00,685.75,685.75,685.52,685.59,7940.0
2025-10-28 08:00:00+00:00,684.9,685.02,684.78,684.9,8555.0
2025-10-28 08:05:00+00:00,684.96,684.96,684.85,684.88,8217.0
2025-10-28 08:10:00+00:00,684.84,684.84,684.7,684.82,6604.0
2025-10-28 08:15:00+00:00,684.79,684.79,684.74,684.79,3258.0
2025-10-28 08:20:00+00:00,684.87,684.88,684.77,684.77,3103.0
2025-10-28 08:25:00+00:00,684.84,684.85,684.77,684.83,2894.0
2025-10-28 08:30:00+00:00,684.88,684.98,684.84,684.93,4340.0
2025-10-28 08:35:00+00:00,684.87,684.87,684.7,684.7,3024.0
2025-10-28 08:40:00+00:00,684.71,684.76,684.69,684.69,1235.0
2025-10-28 08:45:00+00:00,684.85,685.01,684.85,685.01,1079.0
2025-10-28 08:50:00+00:00,685.07,685.1,685.07,685.1,329.0
2025-10-28 08:55:00+00:00,685.14,685.21,685.12,685.12,3565.0
2025-10-28 09:00:00+00:00,685.18,685.3,685.18,685.26,3224.0
2025-10-28 09:05:00+00:00,685.27,685.27,685.12,685.16,5011.0
2025-10-28 09:10:00+00:00,685.1,685.14,685.1,685.13,1861.0
2025-10-28 09:15:00+00:00,685.21,685.23,685.14,685.17,4940.0
2025-10-28 09:20:00+00:00,685.19,685.19,685.04,685.08,1890.0
2025-10-28 09:25:00+00:00,685.05,685.05,684.96,684.97,3912.0
2025-10-28 09:30:00+00:00,685.03,685.03,684.98,685.0,1345.0
2025-10-28 09:35:00+00:00,684.99,685.01,684.94,684.94,774.0
2025-10-28 09:40:00+00:00,684.95,685.02,684.95,685.0,1000.0
2025-10-28 09:45:00+00:00,685.03,685.07,685.03,685.04,1660.0
2025-10-28 09:50:00+00:00,684.99,685.06,684.99,685.06,2806.0
2025-10-28 09:55:00+00:00,685.07,685.29,685.07,685.27,6505.0
2025-10-28 10:00:00+00:00,685.25,685.37,685.24,685.27,5914.0
2025-10-28 10:05:00+00:00,685.27,685.33,685.2,685.31,18820.0
2025-10-28 10:10:00+00:00,685.3,685.35,685.24,685.29,19222.0
2025-10-28 10:15:00+00:00,685.32,685.5,685.32,685.5,16491.0
2025-10-28 10:20:00+00:00,685.44,685.48,685.36,685.48,3022.0
2025-10-28 10:25:00+00:00,685.5,685.55,685.42,685.42,4587.0
2025-10-28 10:30:00+00:00,685.42,685.48,685.42,685.42,926.0
2025-10-28 10:35:00+00:00,685.32,685.32,685.26,685.31,842.0
2025-10-28 10:40:00+00:00,685.34,685.35,685.31,685.31,1068.0
2025-10-28 10:45:00+00:00,685.29,685.29,685.18,685.18,1155.0
2025-10-28 10:50:00+00:00,685.25,685.25,685.25,685.25,511.0
2025-10-28 10:55:00+00:00,685.21,685.29,685.18,685.28,4929.0
2025-10-28 11:00:00+00:00,685.28,685.38,685.28,685.29,7523.0
2025-10-28 11:05:00+00:00,685.3,685.44,685.3,685.36,3219.0
2025-10-28 11:10:00+00:00,685.34,685.43,685.34,685.43,760.0
2025-10-28 11:15:00+00:00,685.36,685.55,685.2,685.46,22130.0
2025-10-28 11:20:00+00:00,685.41,685.65,685.41,685.64,4648.0
2025-10-28 11:25:00+00:00,685.61,685.7,685.58,685.61,7647.0
2025-10-28 11:30:00+00:00,685.6,685.68,685.57,685.62,3544.0
2025-10-28 11:35:00+00:00,685.65,685.78,685.64,685.74,4422.0
2025-10-28 11:40:00+00:00,685.68,685.83,685.68,685.829,3356.0
2025-10-28 11:45:00+00:00,685.8,685.84,685.8,685.84,5509.0
2025-10-28 11:50:00+00:00,685.85,685.9,685.8,685.8,8061.0
2025-10-28 11:55:00+00:00,685.81,685.869,685.6,685.83,36169.0
2025-10-28 12:00:00+00:00,685.28,685.88,684.72,685.7,53184.0
2025-10-28 12:05:00+00:00,685.75,685.9,685.73,685.78,30713.0
2025-10-28 12:10:00+00:00,685.91,686.02,685.89,685.95,21782.0
2025-10-28 12:15:00+00:00,686.0,686.33,685.9306,686.29,45460.0
2025-10-28 12:20:00+00:00,686.26,686.31,686.18,686.21,19771.0
2025-10-28 12:25:00+00:00,686.24,686.25,686.17,686.24,9776.0
2025-10-28 12:30:00+00:00,686.17,686.279,686.0,686.07,22246.0
2025-10-28 12:35:00+00:00,686.1398,686.14,686.01,686.09,20986.0
2025-10-28 12:40:00+00:00,686.11,686.22,686.07,686.07,14409.0
2025-10-28 12:45:00+00:00,686.021,686.15,686.02,686.049,5408.0
2025-10-28 12:50:00+00:00,686.01,686.08,685.99,686.04,13773.0
2025-10-28 12:55:00+00:00,686.04,686.11,686.04,686.09,2938.0
2025-10-28 13:00:00+00:00,686.1309,686.95,686.12,686.95,102169.0
2025-10-28 13:05:00+00:00,686.931,687.0999,686.82,687.07,100847.0
2025-10-28 13:10:00+00:00,687.06,687.2,687.0,687.11,44634.0
2025-10-28 13:15:00+00:00,687.18,687.23,686.84,686.84,29774.0
2025-10-28 13:20:00+00:00,686.85,687.1,686.85,687.06,19041.0
2025-10-28 13:25:00+00:00,687.04,687.12,686.96,687.07,59554.0
2025-10-28 13:30:00+00:00,687.05,687.225,686.66,686.8,1919867.0
2025-10-28 13:35:00+00:00,686.8,686.83,686.12,686.175,1413733.0
2025-10-28 13:40:00+00:00,686.18,686.29,685.86,685.98,942465.0
2025-10-28 13:45:00+00:00,685.98,686.0335,685.18,685.665,1079437.0
2025-10-28 13:50:00+00:00,685.67,685.69,685.12,685.34,1057664.0
2025-10-28 13:55:00+00:00,685.34,686.38,685.29,685.6201,1267406.0
2025-10-28 14:00:00+00:00,685.71,685.9301,685.52,685.92,525211.0
2025-10-28 14:05:00+00:00,685.92,685.96,685.5,685.8,548566.0
2025-10-28 14:10:00+00:00,685.81,685.94,685.66,685.805,563409.0
2025-10-28 14:15:00+00:00,685.8,685.94,685.68,685.765,517066.0
2025-10-28 14:20:00+00:00,685.79,686.11,685.68,685.9,481309.0
2025-10-28 14:25:00+00:00,685.9,686.1582,685.71,686.13,516920.0
2025-10-28 14:30:00+00:00,686.12,686.2,685.8,686.025,658219.0
2025-10-28 14:35:00+00:00,686.03,686.37,685.93,685.96,691939.0
2025-10-28 14:40:00+00:00,685.97,686.02,685.715,685.89,473785.0
2025-10-28 14:45:00+00:00,685.9,686.2,685.59,686.105,564324.0
2025-10-28 14:50:00+00:00,686.1,686.21,685.881,686.05,407281.0
2025-10-28 14:55:00+00:00,686.045,686.115,685.685,685.85,627658.0
2025-10-28 15:00:00+00:00,685.86,686.1,685.79,685.835,413721.0
2025-10-28 15:05:00+00:00,685.83,686.21,685.78,686.125,402620.0
2025-10-28 15:10:00+00:00,686.105,686.12,685.6651,685.82,293615.0
2025-10-28 15:15:00+00:00,685.83,685.987,685.76,685.86,1312006.0
2025-10-28 15:20:00+00:00,685.87,685.88,685.51,685.6,332117.0
2025-10-28 15:25:00+00:00,685.59,685.69,685.37,685.53,375069.0
2025-10-28 15:30:00+00:00,685.52,685.53,685.16,685.17,405685.0
2025-10-28 15:35:00+00:00,685.18,685.495,684.83,685.47,734213.0
2025-10-28 15:40:00+00:00,685.48,685.4944,685.03,685.12,430715.0
2025-10-28 15:45:00+00:00,685.125,685.35,685.0,685.255,440849.0
2025-10-28 15:50:00+00:00,685.25,685.46,685.25,685.415,389809.0
2025-10-28 15:55:00+00:00,685.42,685.61,685.32,685.58,306170.0
2025-10-28 16:00:00+00:00,685.58,685.895,685.58,685.7,465757.0
2025-10-28 16:05:00+00:00,685.705,686.022,685.665,685.99,395355.0
2025-10-28 16:10:00+00:00,685.99,686.0,685.745,685.795,316866.0
2025-10-28 16:15:00+00:00,685.79,685.95,685.7,685.8301,315824.0
2025-10-28 16:20:00+00:00,685.81,685.83,685.6,685.75,270820.0
2025-10-28 16:25:00+00:00,685.76,686.2245,685.745,686.182,323547.0
2025-10-28 16:30:00+00:00,686.18,688.32,686.06,686.6,2232288.0
2025-10-28 16:35:00+00:00,686.585,686.64,686.16,686.28,475417.0
2025-10-28 16:40:00+00:00,686.28,686.73,686.2,686.73,429658.0
2025-10-28 16:45:00+00:00,686.725,687.115,686.675,686.8652,599158.0
2025-10-28 16:50:00+00:00,686.85,687.16,686.785,686.98,526830.0
2025-10-28 16:55:00+00:00,686.98,687.0342,686.85,686.9,382468.0
2025-10-28 17:00:00+00:00,686.88,687.37,686.86,687.219,349687.0
2025-10-28 17:05:00+00:00,687.22,687.295,686.99,687.0506,303380.0
2025-10-28 17:10:00+00:00,687.06,687.32,686.87,687.165,527710.0
2025-10-28 17:15:00+00:00,687.17,687.3199,686.9,687.07,454641.0
2025-10-28 17:20:00+00:00,687.06,687.3,687.05,687.265,276656.0
2025-10-28 17:25:00+00:00,687.27,687.27,686.97,687.01,391222.0
2025-10-28 17:30:00+00:00,687.02,687.14,686.875,687.075,363024.0
2025-10-28 17:35:00+00:00,687.06,687.28,687.06,687.125,321715.0
2025-10-28 17:40:00+00:00,687.13,687.3255,687.115,687.3,411420.0
2025-10-28 17:45:00+00:00,687.3,687.52,687.1201,687.44,422568.0
2025-10-28 17:50:00+00:00,687.44,687.71,687.41,687.625,552975.0
2025-10-28 17:55:00+00:00,687.62,687.68,687.37,687.6017,491747.0
2025-10-28 18:00:00+00:00,687.61,687.71,687.54,687.71,358668.0
2025-10-28 18:05:00+00:00,687.71,687.75,687.5552,687.6,370659.0
2025-10-28 18:10:00+00:00,687.6,687.86,687.585,687.825,429159.0
2025-10-28 18:15:00+00:00,687.82,688.33,687.784,688.32,653172.0
2025-10-28 18:20:00+00:00,688.32,688.4,688.18,688.25,593481.0
2025-10-28 18:25:00+00:00,688.25,688.3,687.98,688.051,543251.0
2025-10-28 18:30:00+00:00,688.055,688.19,687.95,688.0,417075.0
2025-10-28 18:35:00+00:00,688.01,688.02,687.8,687.815,300696.0
2025-10-28 18:40:00+00:00,687.815,688.035,687.78,687.98,453327.0
2025-10-28 18:45:00+00:00,687.97,687.97,687.82,687.915,513228.0
2025-10-28 18:50:00+00:00,687.92,688.12,687.9,688.071,419859.0
2025-10-28 18:55:00+00:00,688.065,688.17,687.87,688.155,308683.0
2025-10-28 19:00:00+00:00,688.148,688.148,687.82,687.9852,1466612.0
2025-10-28 19:05:00+00:00,687.99,688.2352,687.98,688.23,740350.0
2025-10-28 19:10:00+00:00,688.22,688.26,688.0942,688.21,623859.0
2025-10-28 19:15:00+00:00,688.21,688.21,687.98,688.18,676714.0
2025-10-28 19:20:00+00:00,688.185,688.34,688.135,688.335,538921.0
2025-10-28 19:25:00+00:00,688.33,688.905,688.22,688.69,987202.0
2025-10-28 19:30:00+00:00,688.7,688.71,688.43,688.51,1024040.0
2025-10-28 19:35:00+00:00,688.51,688.56,687.95,687.97,1384629.0
2025-10-28 19:40:00+00:00,687.97,687.97,687.43,687.53,1584775.0
2025-10-28 19:45:00+00:00,687.54,687.77,687.32,687.385,1380452.0
2025-10-28 19:50:00+00:00,687.37,687.48,686.905,687.26,2020590.0
2025-10-28 19:55:00+00:00,687.27,687.46,686.92,686.98,4058584.0
2025-10-28 20:00:00+00:00,686.97,687.2,686.75,687.03,728664.0
2025-10-28 20:05:00+00:00,687.02,687.02,686.1,686.73,493095.0
2025-10-28 20:10:00+00:00,686.76,686.88,686.69,686.85,3882010.0
2025-10-28 20:15:00+00:00,686.85,687.09,686.85,686.95,240855.0
2025-10-28 20:20:00+00:00,687.0,687.08,686.88,686.96,170295.0
2025-10-28 20:25:00+00:00,686.98,687.025,686.96,687.02,9241.0
2025-10-28 20:30:00+00:00,686.9719,687.15,686.97,687.14,20539.0
2025-10-28 20:35:00+00:00,687.14,687.15,686.99,687.0101,42140.0
2025-10-28 20:40:00+00:00,687.0199,687.12,686.9999,687.1,16662.0
2025-10-28 20:45:00+00:00,687.09,687.14,687.0,687.02,87817.0
2025-10-28 20:50:00+00:00,686.91,687.1698,686.91,687.1698,47109.0
2025-10-28 20:55:00+00:00,687.16,687.21,687.13,687.19,42080.0
2025-10-28 21:00:00+00:00,687.21,687.26,687.16,687.17,5910.0
2025-10-28 21:05:00+00:00,687.15,687.15,687.09,687.09,3849.0
2025-10-28 21:10:00+00:00,687.09,687.11,687.01,687.08,10749.0
2025-10-28 21:15:00+00:00,687.11,687.11,687.08,687.08,10235.0
2025-10-28 21:20:00+00:00,687.08,687.09,687.06,687.06,9506.0
2025-10-28 21:25:00+00:00,687.08,687.11,687.06,687.11,5115.0
2025-10-28 21:30:00+00:00,687.08,687.12,687.05,687.06,3600.0
2025-10-28 21:35:00+00:00,687.0675,687.28,687.0675,687.1304,1962.0
2025-10-28 21:40:00+00:00,687.2,687.28,687.2,687.26,3584.0
2025-10-28 21:45:00+00:00,687.21,687.29,687.13,687.29,5267.0
2025-10-28 21:50:00+00:00,687.29,687.3,687.19,687.25,5859.0
2025-10-28 21:55:00+00:00,687.3,687.34,687.3,687.34,1920.0
2025-10-28 22:00:00+00:00,687.27,687.29,687.12,687.24,16031.0
2025-10-28 22:05:00+00:00,687.25,687.34,687.21,687.25,9223.0
2025-10-28 22:10:00+00:00,687.3,687.4563,687.29,687.45,4733.0
2025-10-28 22:15:00+00:00,687.5,687.5,687.35,687.41,1733.0
2025-10-28 22:20:00+00:00,687.42,687.42,687.35,687.39,1490.0
2025-10-28 22:25:00+00:00,687.44,687.53,687.44,687.4695,3051.0
2025-10-28 22:30:00+00:00,687.46,687.46,687.32,687.35,1231.0
2025-10-28 22:35:00+00:00,687.25,687.25,687.156,687.2,2414.0
2025-10-28 22:40:00+00:00,687.1062,687.1597,687.1062,687.11,1935.0
2025-10-28 22:45:00+00:00,687.07,687.101,687.0404,687.0404,2667.0
2025-10-28 22:50:00+00:00,687.03,687.05,686.96,687.04,3367.0
2025-10-28 22:55:00+00:00,687.05,687.07,687.01,687.01,2790.0
2025-10-28 23:00:00+00:00,687.0299,687.0299,686.9,687.0,2916.0
2025-10-28 23:05:00+00:00,686.9106,687.05,686.91,686.97,1575.0
2025-10-28 23:10:00+00:00,686.95,687.07,686.95,687.07,2086.0
2025-10-28 23:15:00+00:00,687.08,687.2,687.08,687.17,12595.0
2025-10-28 23:20:00+00:00,687.2,687.3,687.2,687.29,1821.0
2025-10-28 23:25:00+00:00,687.23,687.23,687.07,687.07,2571.0
2025-10-28 23:30:00+00:00,687.1,687.19,687.06,687.19,3041.0
2025-10-28 23:35:00+00:00,687.15,687.22,687.1,687.1,3021.0
2025-10-28 23:40:00+00:00,687.08,687.12,687.05,687.12,4233.0
2025-10-28 23:45:00+00:00,687.04,687.33,687.04,687.27,4130.0
2025-10-28 23:50:00+00:00,687.24,687.24,687.11,687.23,4675.0
2025-10-28 23:55:00+00:00,687.2101,687.33,687.2074,687.28,6186.0
2025-10-29 08:00:00+00:00,688.98,689.25,688.95,689.25,12863.0
2025-10-29 08:05:00+00:00,689.15,689.22,689.03,689.22,8398.0
2025-10-29 08:10:00+00:00,689.14,689.19,689.04,689.04,3250.0
2025-10-29 08:15:00+00:00,689.23,689.45,689.23,689.45,4265.0
2025-10-29 08:20:00+00:00,689.43,689.43,689.11,689.11,2510.0
2025-10-29 08:25:00+00:00,689.06,689.06,688.89,688.89,2171.0
2025-10-29 08:30:00+00:00,688.98,689.09,688.98,689.02,3096.0
2025-10-29 08:35:00+00:00,688.92,688.92,688.32,688.32,4770.0
2025-10-29 08:40:00+00:00,688.37,688.53,688.27,688.45,3903.0
2025-10-29 08:45:00+00:00,688.42,688.49,688.35,688.38,3142.0
2025-10-29 08:50:00+00:00,688.34,688.42,688.24,688.24,4187.0
2025-10-29 08:55:00+00:00,688.28,688.28,688.16,688.25,2409.0
2025-10-29 09:00:00+00:00,688.25,688.3,688.21,688.21,2795.0
2025-10-29 09:05:00+00:00,688.22,688.22,688.19,688.19,961.0
2025-10-29 09:10:00+00:00,688.0,688.11,687.78,687.92,7148.0
2025-10-29 09:15:00+00:00,687.8,688.05,687.8,688.05,5844.0
2025-10-29 09:20:00+00:00,688.08,688.12,687.86,687.99,1762.0
2025-10-29 09:25:00+00:00,687.94,688.05,687.82,687.84,16297.0
2025-10-29 09:30:00+00:00,687.84,687.9,687.76,687.76,5803.0
2025-10-29 09:35:00+00:00,687.77,687.77,687.77,687.77,327.0
2025-10-29 09:40:00+00:00,687.95,688.05,687.91,688.05,3341.0
2025-10-29 09:45:00+00:00,687.95,688.1,687.94,687.94,6288.0
2025-10-29 09:50:00+00:00,688.09,688.11,688.07,688.11,8471.0
2025-10-29 09:55:00+00:00,688.06,688.15,688.06,688.14,20889.0
2025-10-29 10:00:00+00:00,688.11,688.15,688.0,688.15,4435.0
2025-10-29 10:05:00+00:00,688.08,688.35,688.08,688.3,3275.0
2025-10-29 10:10:00+00:00,688.13,688.32,688.13,688.32,2527.0
2025-10-29 10:15:00+00:00,688.27,688.43,688.27,688.43,3193.0
2025-10-29 10:20:00+00:00,688.52,688.55,688.51,688.53,2101.0
2025-10-29 10:25:00+00:00,688.55,688.61,688.46,688.53,4980.0
2025-10-29 10:30:00+00:00,688.53,688.65,688.42,688.52,5217.0
2025-10-29 10:35:00+00:00,688.54,688.61,688.46,688.46,3542.0
2025-10-29 10:40:00+00:00,688.46,688.51,688.4,688.47,6570.0
2025-10-29 10:45:00+00:00,688.52,689.0,688.49,688.58,20349.0
2025-10-29 10:50:00+00:00,688.59,688.74,688.59,688.74,5077.0
2025-10-29 10:55:00+00:00,688.74,688.74,688.44,688.44,3582.0
2025-10-29 11:00:00+00:00,688.41,688.53,688.3,688.53,8278.0
2025-10-29 11:05:00+00:00,688.51,688.84,688.51,688.82,16593.0
2025-10-29 11:10:00+00:00,688.86,688.9,688.81,688.9,3367.0
2025-10-29 11:15:00+00:00,688.96,689.01,688.82,688.97,7549.0
2025-10-29 11:20:00+00:00,689.02,689.09,688.8,689.04,5944.0
2025-10-29 11:25:00+00:00,689.13,689.22,689.07,689.2,10329.0
2025-10-29 11:30:00+00:00,689.16,689.3,689.11,689.27,13986.0
2025-10-29 11:35:00+00:00,689.33,689.41,689.28,689.38,12241.0
2025-10-29 11:40:00+00:00,689.37,689.37,689.2,689.29,41603.0
2025-10-29 11:45:00+00:00,689.3,689.34,689.26,689.26,56490.0
2025-10-29 11:50:00+00:00,689.16,689.16,689.05,689.06,9857.0
2025-10-29 11:55:00+00:00,689.02,689.02,688.82,688.83,40568.0
2025-10-29 12:00:00+00:00,688.83,689.43,687.8,688.82,48527.0
2025-10-29 12:05:00+00:00,688.9,689.0,688.79,689.0,7452.0
2025-10-29 12:10:00+00:00,689.07,689.08,688.89,688.92,5790.0
2025-10-29 12:15:00+00:00,688.96,689.11,688.93,688.95,48120.0
2025-10-29 12:20:00+00:00,688.8981,688.8981,688.7,688.74,9604.0
2025-10-29 12:25:00+00:00,688.77,688.77,688.56,688.56,25211.0
2025-10-29 12:30:00+00:00,688.7,688.705,688.49,688.53,41186.0
2025-10-29 12:35:00+00:00,688.52,688.56,688.34,688.49,13985.0
2025-10-29 12:40:00+00:00,688.49,688.49,688.3,688.3749,6244.0
2025-10-29 12:45:00+00:00,688.37,688.64,688.37,688.61,10608.0
2025-10-29 12:50:00+00:00,688.65,688.82,688.61,688.74,20866.0
2025-10-29 12:55:00+00:00,688.75,688.77,688.67,688.72,29096.0
2025-10-29 13:00:00+00:00,688.77,688.8856,688.6703,688.79,15129.0
2025-10-29 13:05:00+00:00,688.8,688.98,688.8,688.86,17486.0
2025-10-29 13:10:00+00:00,688.85,688.9,688.77,688.9,45175.0
2025-10-29 13:15:00+00:00,688.8668,689.0086,688.83,688.95,19492.0
2025-10-29 13:20:00+00:00,688.91,688.98,688.79,688.79,27124.0
2025-10-29 13:25:00+00:00,688.81,688.97,688.7,688.71,72796.0
2025-10-29 13:30:00+00:00,688.72,688.94,688.15,688.83,2024525.0
2025-10-29 13:35:00+00:00,688.84,689.08,688.66,688.87,1336679.0
2025-10-29 13:40:00+00:00,688.88,689.26,688.66,689.23,1084006.0
2025-10-29 13:45:00+00:00,689.24,689.36,688.72,688.9201,1401666.0
2025-10-29 13:50:00+00:00,688.92,689.4,688.71,689.29,1120784.0
2025-10-29 13:55:00+00:00,689.29,689.69,689.2223,689.57,1015797.0
2025-10-29 14:00:00+00:00,689.59,689.7,689.09,689.1851,818380.0
2025-10-29 14:05:00+00:00,689.18,689.19,688.68,688.85,943163.0
2025-10-29 14:10:00+00:00,688.84,689.055,688.45,688.79,1041903.0
2025-10-29 14:15:00+00:00,688.79,688.896,688.53,688.71,659376.0
2025-10-29 14:20:00+00:00,688.72,689.05,688.575,688.87,710831.0
2025-10-29 14:25:00+00:00,688.85,689.01,688.64,688.98,780981.0
2025-10-29 14:30:00+00:00,688.98,689.1101,688.74,688.86,777903.0
2025-10-29 14:35:00+00:00,688.88,688.975,688.66,688.76,755703.0
2025-10-29 14:40:00+00:00,688.76,688.81,688.19,688.28,998753.0
2025-10-29 14:45:00+00:00,688.29,688.54,688.09,688.12,884433.0
2025-10-29 14:50:00+00:00,688.12,688.6,687.81,688.465,1139978.0
2025-10-29 14:55:00+00:00,688.47,688.49,688.285,688.35,851173.0
2025-10-29 15:00:00+00:00,688.36,688.49,688.05,688.0572,898812.0
2025-10-29 15:05:00+00:00,688.05,688.54,688.05,688.37,1607678.0
2025-10-29 15:10:00+00:00,688.39,688.44,688.08,688.37,783371.0
2025-10-29 15:15:00+00:00,688.36,688.57,688.11,688.55,788188.0
2025-10-29 15:20:00+00:00,688.54,688.77,688.43,688.705,758428.0
2025-10-29 15:25:00+00:00,688.705,688.8196,688.31,688.31,921098.0
2025-10-29 15:30:00+00:00,688.32,688.37,688.07,688.1,642016.0
2025-10-29 15:35:00+00:00,688.09,688.3,687.89,688.23,756064.0
2025-10-29 15:40:00+00:00,688.23,688.38,688.11,688.22,621642.0
2025-10-29 15:45:00+00:00,688.2199,688.33,687.84,688.305,1974453.0
2025-10-29 15:50:00+00:00,688.31,688.36,688.03,688.32,433457.0
2025-10-29 15:55:00+00:00,688.33,688.33,687.9,688.05,428061.0
2025-10-29 16:00:00+00:00,688.04,688.06,687.59,687.62,505348.0
2025-10-29 16:05:00+00:00,687.625,688.15,687.59,687.915,618751.0
2025-10-29 16:10:00+00:00,687.94,688.105,687.67,688.03,270826.0
2025-10-29 16:15:00+00:00,688.02,688.205,687.98,688.2,348956.0
2025-10-29 16:20:00+00:00,688.21,688.51,688.185,688.47,369392.0
2025-10-29 16:25:00+00:00,688.46,688.53,688.34,688.47,231240.0
2025-10-29 16:30:00+00:00,688.47,688.64,688.4,688.47,326503.0
2025-10-29 16:35:00+00:00,688.48,688.565,688.3051,688.4,259011.0
2025-10-29 16:40:00+00:00,688.39,688.575,688.365,688.505,310567.0
2025-10-29 16:45:00+00:00,688.505,688.78,688.415,688.44,366057.0
2025-10-29 16:50:00+00:00,688.44,688.725,688.32,688.685,238650.0
2025-10-29 16:55:00+00:00,688.69,688.76,688.5,688.55,272610.0
2025-10-29 17:00:00+00:00,688.55,688.64,688.4,688.61,454542.0
2025-10-29 17:05:00+00:00,688.61,688.615,688.395,688.42,216888.0
2025-10-29 17:10:00+00:00,688.42,688.645,688.28,688.63,199893.0
2025-10-29 17:15:00+00:00,688.63,688.81,688.48,688.5058,243049.0
2025-10-29 17:20:00+00:00,688.5001,688.5059,688.185,688.22,251688.0
2025-10-29 17:25:00+00:00,688.21,688.21,687.74,687.93,486585.0
2025-10-29 17:30:00+00:00,687.89,687.92,687.62,687.83,401842.0
2025-10-29 17:35:00+00:00,687.83,688.03,687.83,687.95,398020.0
2025-10-29 17:40:00+00:00,687.95,688.16,687.85,688.13,287358.0
2025-10-29 17:45:00+00:00,688.11,688.32,687.89,688.27,324812.0
2025-10-29 17:50:00+00:00,688.275,688.54,688.17,688.26,444133.0
2025-10-29 17:55:00+00:00,688.26,688.3,687.8744,688.1699,402622.0
2025-10-29 18:00:00+00:00,688.11,688.94,687.51,688.02,1382762.0
2025-10-29 18:05:00+00:00,688.02,688.52,687.33,688.24,797660.0
2025-10-29 18:10:00+00:00,688.26,688.36,687.545,687.61,618956.0
2025-10-29 18:15:00+00:00,687.62,688.225,687.35,688.05,697539.0
2025-10-29 18:20:00+00:00,688.06,688.06,687.39,687.7856,555587.0
2025-10-29 18:25:00+00:00,687.8,688.0698,687.495,688.0,440908.0
2025-10-29 18:30:00+00:00,688.0,688.72,687.82,688.48,927930.0
2025-10-29 18:35:00+00:00,688.465,688.555,683.49,683.55,5519679.0
2025-10-29 18:40:00+00:00,683.55,685.08,682.87,683.29,3538072.0
2025-10-29 18:45:00+00:00,683.3,685.02,683.14,684.73,2102849.0
2025-10-29 18:50:00+00:00,684.7,686.55,684.65,686.07,2119243.0
2025-10-29 18:55:00+00:00,686.05,686.92,685.53,686.04,1727908.0
2025-10-29 19:00:00+00:00,686.06,686.75,684.47,684.73,1525381.0
2025-10-29 19:05:00+00:00,684.74,686.83,684.68,686.2,1215290.0
2025-10-29 19:10:00+00:00,686.19,686.72,685.81,686.009,1163518.0
2025-10-29 19:15:00+00:00,686.07,686.32,684.98,685.9,1291765.0
2025-10-29 19:20:00+00:00,685.81,686.51,685.33,685.67,1356527.0
2025-10-29 19:25:00+00:00,685.69,686.68,685.28,685.43,966549.0
2025-10-29 19:30:00+00:00,685.39,685.75,684.62,684.96,863934.0
2025-10-29 19:35:00+00:00,684.95,685.5,684.05,685.4,1570307.0
2025-10-29 19:40:00+00:00,685.41,685.62,684.6401,685.488,1252228.0
2025-10-29 19:45:00+00:00,685.485,686.62,685.42,686.16,2037913.0
2025-10-29 19:50:00+00:00,686.18,687.28,686.17,686.48,2047192.0
2025-10-29 19:55:00+00:00,686.47,687.36,686.24,687.3,3730201.0
2025-10-29 20:00:00+00:00,687.23,689.0,685.26,688.17,788228.0
2025-10-29 20:05:00+00:00,688.01,688.01,685.0,685.89,1063954.0
2025-10-29 20:10:00+00:00,686.0,686.69,685.41,686.6613,1589830.0
2025-10-29 20:15:00+00:00,686.57,687.42,686.3314,686.72,957164.0
2025-10-29 20:20:00+00:00,686.4796,686.5,685.55,685.881,248262.0
2025-10-29 20:25:00+00:00,685.94,687.32,685.94,686.9,388847.0
2025-10-29 20:30:00+00:00,686.94,687.0,686.5,686.58,285661.0
2025-10-29 20:35:00+00:00,686.5,687.1,686.5,686.7,62148.0
2025-10-29 20:40:00+00:00,687.39,687.39,686.66,687.31,34698.0
2025-10-29 20:45:00+00:00,687.3319,687.42,686.95,686.96,29681.0
2025-10-29 20:50:00+00:00,686.99,687.34,686.6,686.6,32726.0
2025-10-29 20:55:00+00:00,686.52,686.99,686.25,686.33,87264.0
2025-10-29 21:00:00+00:00,686.26,686.75,686.26,686.62,12413.0
2025-10-29 21:05:00+00:00,686.62,686.68,686.0,686.0,23082.0
2025-10-29 21:10:00+00:00,686.08,686.28,685.89,686.28,40042.0
2025-10-29 21:15:00+00:00,686.26,686.28,685.89,685.9469,15697.0
2025-10-29 21:20:00+00:00,685.99,686.08,685.94,685.94,5937.0
2025-10-29 21:25:00+00:00,686.0,686.0,685.89,685.96,106386.0
2025-10-29 21:30:00+00:00,685.96,685.99,685.77,685.86,15239.0
2025-10-29 21:35:00+00:00,685.67,685.9,685.67,685.8965,3864.0
2025-10-29 21:40:00+00:00,685.8083,686.6,685.8083,686.45,30887.0
2025-10-29 21:45:00+00:00,686.45,686.46,686.2,686.29,6576.0
2025-10-29 21:50:00+00:00,686.19,686.53,686.18,686.53,8287.0
2025-10-29 21:55:00+00:00,686.53,686.53,685.08,685.15,35016.0
2025-10-29 22:00:00+00:00,685.18,686.06,684.8265,685.23,25442.0
2025-10-29 22:05:00+00:00,685.2005,686.18,685.1799,686.14,19954.0
2025-10-29 22:10:00+00:00,686.04,686.63,686.01,686.01,5681.0
2025-10-29 22:15:00+00:00,685.94,685.95,685.75,685.86,5444.0
2025-10-29 22:20:00+00:00,685.9201,685.96,685.62,685.62,6543.0
2025-10-29 22:25:00+00:00,685.59,685.661,685.4,685.4,5454.0
2025-10-29 22:30:00+00:00,685.41,685.88,685.41,685.88,2796.0
2025-10-29 22:35:00+00:00,685.93,686.03,685.9,685.9,4157.0
2025-10-29 22:40:00+00:00,685.87,686.07,685.85,685.92,2350.0
2025-10-29 22:45:00+00:00,686.03,686.03,685.95,685.98,1633.0
2025-10-29 22:50:00+00:00,685.97,685.99,685.91,685.91,1113.0
2025-10-29 22:55:00+00:00,685.81,685.97,685.81,685.829,13914.0
2025-10-29 23:00:00+00:00,685.8,686.0,685.8,686.0,11642.0
2025-10-29 23:05:00+00:00,685.92,685.99,685.8041,685.8041,3849.0
2025-10-29 23:10:00+00:00,685.81,685.81,685.7,685.7,1056.0
2025-10-29 23:15:00+00:00,685.89,685.89,685.85,685.86,1015.0
2025-10-29 23:20:00+00:00,685.83,686.52,685.82,686.49,4957.0
2025-10-29 23:25:00+00:00,686.53,686.59,686.46,686.46,1649.0
2025-10-29 23:30:00+00:00,686.5082,686.5082,685.91,685.91,3881.0
2025-10-29 23:35:00+00:00,685.73,685.73,685.47,685.47,8680.0
2025-10-29 23:40:00+00:00,685.53,685.61,685.46,685.59,4483.0
2025-10-29 23:45:00+00:00,685.59,686.2504,685.59,686.2504,3574.0
2025-10-29 23:50:00+00:00,686.35,686.83,686.35,686.83,16346.0
2025-10-29 23:55:00+00:00,686.88,686.92,686.73,686.73,9119.0
2025-10-30 08:00:00+00:00,687.35,687.47,686.965,686.965,24216.0
2025-10-30 08:05:00+00:00,687.0,687.14,686.86,687.07,30817.0
2025-10-30 08:10:00+00:00,687.05,687.09,686.44,686.54,8749.0
2025-10-30 08:15:00+00:00,686.57,686.71,686.32,686.43,6587.0
2025-10-30 08:20:00+00:00,686.73,686.83,686.67,686.76,4617.0
2025-10-30 08:25:00+00:00,686.72,687.04,686.72,686.98,5235.0
2025-10-30 08:30:00+00:00,686.7,686.83,686.53,686.83,1575.0
2025-10-30 08:35:00+00:00,686.79,686.79,686.73,686.73,755.0
2025-10-30 08:40:00+00:00,686.75,687.07,686.75,687.07,1471.0
2025-10-30 08:45:00+00:00,687.13,687.2,686.98,687.02,3387.0
2025-10-30 08:50:00+00:00,686.94,686.94,686.94,686.94,265.0
2025-10-30 08:55:00+00:00,686.96,687.02,686.8,686.8,1882.0
2025-10-30 09:00:00+00:00,686.95,687.13,686.88,687.13,1448.0
2025-10-30 09:05:00+00:00,686.78,687.18,686.78,687.17,4119.0
2025-10-30 09:10:00+00:00,686.99,686.99,686.64,686.73,4845.0
2025-10-30 09:15:00+00:00,686.63,686.63,686.58,686.58,1256.0
2025-10-30 09:20:00+00:00,686.25,686.25,685.93,685.95,7628.0
2025-10-30 09:25:00+00:00,686.13,686.2,686.12,686.2,1585.0
2025-10-30 09:30:00+00:00,686.3,686.3,686.1,686.1,1497.0
2025-10-30 09:35:00+00:00,686.16,686.16,685.81,685.84,7486.0
2025-10-30 09:40:00+00:00,685.72,685.72,685.48,685.61,1727.0
2025-10-30 09:45:00+00:00,685.6,685.61,685.25,685.28,8025.0
2025-10-30 09:50:00+00:00,685.22,685.4,685.22,685.34,3568.0
2025-10-30 09:55:00+00:00,685.46,685.61,685.46,685.56,3965.0
2025-10-30 10:00:00+00:00,685.5,685.69,685.31,685.68,19419.0
2025-10-30 10:05:00+00:00,685.63,685.63,685.58,685.63,1706.0
2025-10-30 10:10:00+00:00,685.83,685.9,685.71,685.71,2452.0
2025-10-30 10:15:00+00:00,685.89,685.89,685.62,685.64,2362.0
2025-10-30 10:20:00+00:00,685.78,685.85,685.67,685.85,3181.0
2025-10-30 10:25:00+00:00,685.93,685.93,685.88,685.92,927.0
2025-10-30 10:30:00+00:00,685.87,686.18,685.87,686.0,1864.0
2025-10-30 10:35:00+00:00,686.05,686.05,686.05,686.05,353.0
2025-10-30 10:40:00+00:00,685.77,686.12,685.77,685.96,1708.0
2025-10-30 10:45:00+00:00,686.15,686.38,686.06,686.12,22227.0
2025-10-30 10:50:00+00:00,686.09,686.57,686.09,686.43,12488.0
2025-10-30 10:55:00+00:00,686.37,686.51,686.34,686.4,16359.0
2025-10-30 11:00:00+00:00,686.38,686.64,686.3,686.64,4125.0
2025-10-30 11:05:00+00:00,686.56,686.76,686.54,686.589,3331.0
2025-10-30 11:10:00+00:00,686.61,686.76,686.49,686.75,4698.0
2025-10-30 11:15:00+00:00,686.79,687.1,686.78,687.1,9625.0
2025-10-30 11:20:00+00:00,687.1,687.35,686.97,687.35,10196.0
2025-10-30 11:25:00+00:00,687.37,687.45,687.21,687.38,12447.0
2025-10-30 11:30:00+00:00,687.38,687.38,687.0,687.21,10250.0
2025-10-30 11:35:00+00:00,687.29,687.45,687.16,687.32,6306.0
2025-10-30 11:40:00+00:00,687.33,687.5,687.33,687.44,6281.0
2025-10-30 11:45:00+00:00,687.49,687.49,687.05,687.05,16775.0
2025-10-30 11:50:00+00:00,687.0,687.14,686.78,686.88,8320.0
2025-10-30 11:55:00+00:00,686.89,687.04,686.73,686.76,11901.0
2025-10-30 12:00:00+00:00,686.34,689.0,685.0,686.77,151911.0
2025-10-30 12:05:00+00:00,686.82,687.01,686.35,686.4762,16741.0
2025-10-30 12:10:00+00:00,686.53,686.53,685.55,685.66,84679.0
2025-10-30 12:15:00+00:00,685.6,685.86,685.23,685.78,83376.0
2025-10-30 12:20:00+00:00,685.8,686.02,685.34,685.5399,29586.0
2025-10-30 12:25:00+00:00,685.47,685.47,684.47,684.7,59471.0
2025-10-30 12:30:00+00:00,684.74,685.2,684.4,685.11,95180.0
2025-10-30 12:35:00+00:00,685.18,685.2937,684.82,684.92,51592.0
2025-10-30 12:40:00+00:00,685.01,685.01,684.2,684.47,59930.0
2025-10-30 12:45:00+00:00,684.37,684.7,684.26,684.41,44494.0
2025-10-30 12:50:00+00:00,684.45,684.45,684.0,684.08,74787.0
2025-10-30 12:55:00+00:00,684.0,684.35,683.69,683.76,84900.0
2025-10-30 13:00:00+00:00,683.7,684.11,683.43,683.54,65871.0
2025-10-30 13:05:00+00:00,683.56,684.17,683.52,683.94,111052.0
2025-10-30 13:10:00+00:00,683.94,684.4626,683.88,684.2237,60196.0
2025-10-30 13:15:00+00:00,684.16,684.16,683.66,684.0,37903.0
2025-10-30 13:20:00+00:00,683.97,684.12,683.85,683.98,35974.0
2025-10-30 13:25:00+00:00,683.99,684.09,683.4,683.91,77350.0
2025-10-30 13:30:00+00:00,683.9,683.91,683.06,683.2,2384109.0
2025-10-30 13:35:00+00:00,683.19,683.2199,681.39,681.87,2242950.0
2025-10-30 13:40:00+00:00,681.86,682.77,681.46,682.43,1872673.0
2025-10-30 13:45:00+00:00,682.42,684.36,682.22,683.97,1602899.0
2025-10-30 13:50:00+00:00,683.97,685.64,683.93,685.34,1644542.0
2025-10-30 13:55:00+00:00,685.35,685.46,684.67,685.005,1180207.0
2025-10-30 14:00:00+00:00,685.005,685.94,684.24,684.41,1664048.0
2025-10-30 14:05:00+00:00,684.4,685.56,684.35,684.54,970913.0
2025-10-30 14:10:00+00:00,684.55,684.96,683.83,684.815,1035917.0
2025-10-30 14:15:00+00:00,684.84,684.88,683.69,683.8499,945247.0
2025-10-30 14:20:00+00:00,683.84,684.67,683.25,683.67,1050238.0
2025-10-30 14:25:00+00:00,683.65,684.08,683.29,683.47,655492.0
2025-10-30 14:30:00+00:00,683.46,684.5698,683.41,684.43,764888.0
2025-10-30 14:35:00+00:00,684.41,684.81,683.93,684.41,611487.0
2025-10-30 14:40:00+00:00,684.45,685.72,684.45,685.2401,719405.0
2025-10-30 14:45:00+00:00,685.24,685.44,684.44,684.7097,694184.0
2025-10-30 14:50:00+00:00,684.72,684.87,683.64,684.03,599370.0
2025-10-30 14:55:00+00:00,684.0,684.62,683.69,684.41,718252.0
2025-10-30 15:00:00+00:00,684.41,685.06,684.4,684.93,473951.0
2025-10-30 15:05:00+00:00,684.92,685.13,684.47,685.02,654364.0
2025-10-30 15:10:00+00:00,685.02,685.34,684.89,685.29,390947.0
2025-10-30 15:15:00+00:00,685.29,685.33,684.81,685.24,426798.0
2025-10-30 15:20:00+00:00,685.25,685.53,685.03,685.19,410674.0
2025-10-30 15:25:00+00:00,685.21,685.23,684.68,684.8,348750.0
2025-10-30 15:30:00+00:00,684.8,684.91,684.215,684.385,519997.0
2025-10-30 15:35:00+00:00,684.38,684.45,683.58,683.725,526232.0
2025-10-30 15:40:00+00:00,683.71,683.725,683.15,683.56,826742.0
2025-10-30 15:45:00+00:00,683.55,683.77,683.01,683.34,845515.0
2025-10-30 15:50:00+00:00,683.34,683.58,683.2346,683.52,396408.0
2025-10-30 15:55:00+00:00,683.52,684.03,683.305,683.38,604134.0
2025-10-30 16:00:00+00:00,683.4,684.185,683.22,684.115,524163.0
2025-10-30 16:05:00+00:00,684.13,684.8001,683.98,684.77,513062.0
2025-10-30 16:10:00+00:00,684.77,685.14,684.585,685.06,473417.0
2025-10-30 16:15:00+00:00,685.08,685.1,684.79,684.9013,351686.0
2025-10-30 16:20:00+00:00,684.9,685.04,684.525,685.025,374618.0
2025-10-30 16:25:00+00:00,685.04,685.15,684.74,684.93,305842.0
2025-10-30 16:30:00+00:00,684.95,684.95,683.98,684.0,466883.0
2025-10-30 16:35:00+00:00,684.0,684.0985,683.58,683.98,524572.0
2025-10-30 16:40:00+00:00,684.0,684.3499,683.7,684.28,491054.0
2025-10-30 16:45:00+00:00,684.28,684.5099,684.12,684.34,377104.0
2025-10-30 16:50:00+00:00,684.36,684.51,683.99,684.31,349315.0
2025-10-30 16:55:00+00:00,684.32,684.64,684.28,684.44,309350.0
2025-10-30 17:00:00+00:00,684.42,684.42,683.745,683.875,358850.0
2025-10-30 17:05:00+00:00,683.85,683.85,683.1,683.52,507018.0
2025-10-30 17:10:00+00:00,683.51,683.6,683.07,683.37,440255.0
2025-10-30 17:15:00+00:00,683.37,683.77,683.29,683.65,334176.0
2025-10-30 17:20:00+00:00,683.63,684.13,683.2799,684.08,442958.0
2025-10-30 17:25:00+00:00,684.085,684.61,684.08,684.4,433890.0
2025-10-30 17:30:00+00:00,684.4,684.41,683.92,684.08,440913.0
2025-10-30 17:35:00+00:00,684.06,684.08,683.6,683.97,408434.0
2025-10-30 17:40:00+00:00,683.97,684.0101,683.63,683.98,417740.0
2025-10-30 17:45:00+00:00,684.0,684.545,683.98,684.54,342164.0
2025-10-30 17:50:00+00:00,684.54,684.64,684.11,684.48,391818.0
2025-10-30 17:55:00+00:00,684.47,684.52,684.14,684.3984,260194.0
2025-10-30 18:00:00+00:00,684.395,684.395,683.82,683.88,512577.0
2025-10-30 18:05:00+00:00,683.89,683.93,683.14,683.51,1012163.0
2025-10-30 18:10:00+00:00,683.51,683.6199,682.87,682.9516,562191.0
2025-10-30 18:15:00+00:00,682.94,683.11,682.54,682.98,631054.0
2025-10-30 18:20:00+00:00,682.98,683.26,682.58,682.79,850550.0
2025-10-30 18:25:00+00:00,682.78,683.08,682.625,682.94,323814.0
2025-10-30 18:30:00+00:00,682.93,683.49,682.89,682.94,611918.0
2025-10-30 18:35:00+00:00,682.95,682.99,682.28,682.395,687768.0
2025-10-30 18:40:00+00:00,682.42,682.6,682.165,682.47,658575.0
2025-10-30 18:45:00+00:00,682.48,683.115,682.41,682.8,541492.0
2025-10-30 18:50:00+00:00,682.77,682.96,682.47,682.9299,446609.0
2025-10-30 18:55:00+00:00,682.92,683.01,682.21,682.37,619011.0
2025-10-30 19:00:00+00:00,682.36,682.43,681.87,682.0,927872.0
2025-10-30 19:05:00+00:00,682.0,682.16,681.62,682.04,873248.0
2025-10-30 19:10:00+00:00,682.02,682.02,681.66,681.6902,730787.0
2025-10-30 19:15:00+00:00,681.7,681.815,681.165,681.7,1116946.0
2025-10-30 19:20:00+00:00,681.67,681.67,680.34,681.0,1252642.0
2025-10-30 19:25:00+00:00,681.02,681.455,680.95,681.28,770654.0
2025-10-30 19:30:00+00:00,681.29,681.985,681.26,681.41,1251638.0
2025-10-30 19:35:00+00:00,681.44,681.44,680.76,680.8344,1349026.0
2025-10-30 19:40:00+00:00,680.8399,681.1,680.56,680.66,1144311.0
2025-10-30 19:45:00+00:00,680.66,680.83,680.16,680.62,1632013.0
2025-10-30 19:50:00+00:00,680.63,681.175,680.35,680.42,2768082.0
2025-10-30 19:55:00+00:00,680.42,680.45,679.86,679.95,5376003.0
2025-10-30 20:00:00+00:00,680.0,682.29,679.72,682.08,1380670.0
2025-10-30 20:05:00+00:00,682.0517,682.13,681.51,681.68,263415.0
2025-10-30 20:10:00+00:00,681.66,683.1398,681.59,682.03,3897415.0
2025-10-30 20:15:00+00:00,682.09,682.67,681.95,682.5301,148792.0
2025-10-30 20:20:00+00:00,682.51,682.52,682.2188,682.2188,199374.0
2025-10-30 20:25:00+00:00,682.23,682.42,682.11,682.3582,215367.0
2025-10-30 20:30:00+00:00,682.31,682.63,680.0,682.18,548598.0
2025-10-30 20:35:00+00:00,682.1801,683.22,682.1801,683.2,90096.0
2025-10-30 20:40:00+00:00,683.23,684.1,683.18,683.97,299445.0
2025-10-30 20:45:00+00:00,683.97,684.2,683.59,683.65,118665.0
2025-10-30 20:50:00+00:00,683.62,683.97,683.61,683.73,83596.0
2025-10-30 20:55:00+00:00,683.73,684.01,680.02,683.98,757216.0
2025-10-30 21:00:00+00:00,684.0,684.1,683.99,684.0034,28121.0
2025-10-30 21:05:00+00:00,684.04,684.2,684.0,684.15,72197.0
2025-10-30 21:10:00+00:00,684.17,684.17,684.06,684.1,56938.0
2025-10-30 21:15:00+00:00,684.0614,684.14,684.02,684.07,32312.0
2025-10-30 21:20:00+00:00,684.1,684.1,684.0101,684.04,11273.0
2025-10-30 21:25:00+00:00,684.05,684.1,683.9499,684.04,30365.0
2025-10-30 21:30:00+00:00,684.11,684.16,684.0248,684.06,18221.0
2025-10-30 21:35:00+00:00,684.03,684.099,683.85,684.01,8851.0
2025-10-30 21:40:00+00:00,684.0,684.1,684.0,684.1,5444.0
2025-10-30 21:45:00+00:00,684.01,684.05,683.88,684.05,6354.0
2025-10-30 21:50:00+00:00,684.08,684.14,684.04,684.12,8880.0
2025-10-30 21:55:00+00:00,684.1,684.14,683.99,684.13,3519.0
2025-10-30 22:00:00+00:00,684.11,684.46,683.87,684.05,28793.0
2025-10-30 22:05:00+00:00,684.04,684.16,683.9,684.06,19655.0
2025-10-30 22:10:00+00:00,684.0249,684.04,683.84,683.85,5524.0
2025-10-30 22:15:00+00:00,683.94,684.0,683.84,683.98,3894.0
2025-10-30 22:20:00+00:00,683.96,684.13,683.92,684.0801,16151.0
2025-10-30 22:25:00+00:00,684.1,684.18,684.0,684.18,2799.0
2025-10-30 22:30:00+00:00,684.19,684.33,683.93,683.96,10195.0
2025-10-30 22:35:00+00:00,684.03,684.051,683.95,684.0,11843.0
2025-10-30 22:40:00+00:00,684.03,684.05,684.0,684.0,1382.0
2025-10-30 22:45:00+00:00,683.98,683.98,683.76,683.76,13066.0
2025-10-30 22:50:00+00:00,683.74,683.88,683.74,683.83,4231.0
2025-10-30 22:55:00+00:00,683.821,683.97,683.821,683.92,6197.0
2025-10-30 23:00:00+00:00,683.89,684.07,683.88,683.9,19191.0
2025-10-30 23:05:00+00:00,684.02,684.02,683.75,683.78,4366.0
2025-10-30 23:10:00+00:00,684.03,684.2,684.01,684.03,3798.0
2025-10-30 23:15:00+00:00,683.82,683.82,683.5,683.5898,5551.0
2025-10-30 23:20:00+00:00,683.5501,683.6,683.52,683.52,11854.0
2025-10-30 23:25:00+00:00,683.48,683.74,683.48,683.72,2667.0
2025-10-30 23:30:00+00:00,683.74,683.74,683.4304,683.4304,8381.0
2025-10-30 23:35:00+00:00,683.48,683.71,683.4311,683.71,2468.0
2025-10-30 23:40:00+00:00,683.81,684.0,683.73,684.0,2477.0
2025-10-30 23:45:00+00:00,684.0,684.18,683.94,684.04,5783.0
2025-10-30 23:50:00+00:00,684.09,684.1974,684.06,684.1974,2609.0
2025-10-30 23:55:00+00:00,684.2,684.4899,684.16,684.48,11396.0
2025-10-31 08:00:00+00:00,685.1,685.46,685.1,685.36,10209.0
2025-10-31 08:05:00+00:00,685.37,685.37,685.02,685.05,10584.0
2025-10-31 08:10:00+00:00,685.21,685.21,684.81,684.81,4482.0
2025-10-31 08:15:00+00:00,684.81,684.81,684.6,684.6,3753.0
2025-10-31 08:20:00+00:00,684.6,684.69,684.53,684.69,3254.0
2025-10-31 08:25:00+00:00,684.8,684.8,684.77,684.77,812.0
2025-10-31 08:30:00+00:00,684.78,684.8,684.73,684.8,2164.0
2025-10-31 08:35:00+00:00,684.8,684.8,684.6,684.6,1890.0
2025-10-31 08:40:00+00:00,684.64,684.9,684.64,684.9,1452.0
2025-10-31 08:45:00+00:00,684.76,684.87,684.76,684.83,3776.0
2025-10-31 08:50:00+00:00,684.93,685.01,684.93,685.0,3078.0
2025-10-31 08:55:00+00:00,685.18,685.2,685.12,685.15,2312.0
2025-10-31 09:00:00+00:00,685.12,685.32,685.08,685.08,3017.0
2025-10-31 09:05:00+00:00,685.15,685.29,685.14,685.29,2658.0
2025-10-31 09:10:00+00:00,685.28,685.39,685.27,685.39,3159.0
2025-10-31 09:15:00+00:00,685.38,685.4,685.26,685.26,3247.0
2025-10-31 09:20:00+00:00,685.28,685.3,685.09,685.09,1477.0
2025-10-31 09:25:00+00:00,685.13,685.13,685.08,685.08,1462.0
2025-10-31 09:30:00+00:00,685.05,685.13,685.03,685.03,9289.0
2025-10-31 09:35:00+00:00,684.97,685.06,684.88,684.88,3874.0
2025-10-31 09:40:00+00:00,684.81,684.85,684.75,684.84,5992.0
2025-10-31 09:45:00+00:00,684.78,684.9,684.77,684.8,2795.0
2025-10-31 09:50:00+00:00,684.99,685.0,684.91,684.93,2217.0
2025-10-31 09:55:00+00:00,684.91,684.91,684.78,684.81,3397.0
2025-10-31 10:00:00+00:00,684.81,684.87,684.77,684.87,2213.0
2025-10-31 10:05:00+00:00,684.75,684.75,684.7,684.73,1156.0
2025-10-31 10:10:00+00:00,684.8,684.8,684.8,684.8,335.0
2025-10-31 10:15:00+00:00,684.71,684.71,684.41,684.49,8749.0
2025-10-31 10:20:00+00:00,684.46,684.66,684.46,684.52,13315.0
2025-10-31 10:25:00+00:00,684.5,684.51,684.18,684.33,5125.0
2025-10-31 10:30:00+00:00,684.7,684.7,684.4,684.46,4310.0
2025-10-31 10:35:00+00:00,684.48,684.63,684.43,684.63,993.0
2025-10-31 10:40:00+00:00,684.74,684.78,684.73,684.73,4273.0
2025-10-31 10:45:00+00:00,684.76,684.76,684.68,684.72,2754.0
2025-10-31 10:50:00+00:00,684.85,684.87,684.85,684.87,1563.0
2025-10-31 10:55:00+00:00,684.74,684.75,684.66,684.66,3230.0
2025-10-31 11:00:00+00:00,684.66,684.97,684.36,684.53,27852.0
2025-10-31 11:05:00+00:00,684.76,684.93,684.69,684.92,7098.0
2025-10-31 11:10:00+00:00,684.93,684.98,684.84,684.88,13259.0
2025-10-31 11:15:00+00:00,684.89,684.95,684.74,684.78,91258.0
2025-10-31 11:20:00+00:00,684.89,685.21,684.78,685.11,54208.0
2025-10-31 11:25:00+00:00,685.17,685.32,685.17,685.27,46845.0
2025-10-31 11:30:00+00:00,685.28,685.34,685.11,685.17,35085.0
2025-10-31 11:35:00+00:00,685.17,685.2,685.04,685.11,25773.0
2025-10-31 11:40:00+00:00,685.16,685.29,685.09,685.29,13157.0
2025-10-31 11:45:00+00:00,685.33,685.49,685.33,685.45,6949.0
2025-10-31 11:50:00+00:00,685.48,685.9,685.48,685.69,62881.0
2025-10-31 11:55:00+00:00,685.66,685.66,685.46,685.54,52296.0
2025-10-31 12:00:00+00:00,684.74,685.9,684.25,685.68,69522.0
2025-10-31 12:05:00+00:00,685.67,685.98,685.66,685.97,13023.0
2025-10-31 12:10:00+00:00,685.96,686.11,685.96,686.1,59220.0
2025-10-31 12:15:00+00:00,686.1,686.6,686.08,686.56,82023.0
2025-10-31 12:20:00+00:00,686.53,686.55,686.3702,686.55,50275.0
2025-10-31 12:25:00+00:00,686.58,686.58,686.31,686.3882,37486.0
2025-10-31 12:30:00+00:00,686.3,686.43,685.93,686.12,42608.0
2025-10-31 12:35:00+00:00,686.2,686.24,685.0,685.65,212034.0
2025-10-31 12:40:00+00:00,685.58,685.58,685.0,685.24,133111.0
2025-10-31 12:45:00+00:00,685.23,685.521,685.13,685.34,47331.0
2025-10-31 12:50:00+00:00,685.35,685.83,685.32,685.73,40807.0
2025-10-31 12:55:00+00:00,685.72,685.72,685.22,685.39,84516.0
2025-10-31 13:00:00+00:00,685.36,685.41,685.19,685.2897,47856.0
2025-10-31 13:05:00+00:00,685.29,685.32,684.91,684.94,50862.0
2025-10-31 13:10:00+00:00,685.02,685.33,684.9,685.29,28578.0
2025-10-31 13:15:00+00:00,685.32,685.33,685.13,685.1399,11411.0
2025-10-31 13:20:00+00:00,685.11,685.22,684.97,685.0,18699.0
2025-10-31 13:25:00+00:00,685.02,685.09,684.77,685.0,99874.0
2025-10-31 13:30:00+00:00,685.04,685.08,683.99,684.16,2074915.0
2025-10-31 13:35:00+00:00,684.16,684.63,684.05,684.244,1316649.0
2025-10-31 13:40:00+00:00,684.24,684.26,683.0,683.295,1372462.0
2025-10-31 13:45:00+00:00,683.27,683.66,682.865,683.43,1043180.0
2025-10-31 13:50:00+00:00,683.42,684.21,683.2799,683.62,1113256.0
2025-10-31 13:55:00+00:00,683.6112,683.69,683.0,683.47,777298.0
2025-10-31 14:00:00+00:00,683.46,683.64,682.61,682.63,946015.0
2025-10-31 14:05:00+00:00,682.62,683.49,682.57,683.03,796616.0
2025-10-31 14:10:00+00:00,683.025,683.42,682.67,682.76,760240.0
2025-10-31 14:15:00+00:00,682.76,683.48,682.69,683.34,739335.0
2025-10-31 14:20:00+00:00,683.33,683.39,682.21,683.1,1063238.0
2025-10-31 14:25:00+00:00,683.09,683.42,683.02,683.25,613806.0
2025-10-31 14:30:00+00:00,683.24,683.775,683.09,683.56,779686.0
2025-10-31 14:35:00+00:00,683.5801,684.01,683.53,683.905,541712.0
2025-10-31 14:40:00+00:00,683.915,684.49,683.73,684.36,773181.0
2025-10-31 14:45:00+00:00,684.36,684.75,684.33,684.36,575537.0
2025-10-31 14:50:00+00:00,684.365,684.58,684.21,684.42,517283.0
2025-10-31 14:55:00+00:00,684.41,684.52,684.16,684.47,437479.0
2025-10-31 15:00:00+00:00,684.45,684.67,684.16,684.26,449930.0
2025-10-31 15:05:00+00:00,684.285,684.3756,683.94,684.165,521687.0
2025-10-31 15:10:00+00:00,684.155,684.39,683.96,684.225,517364.0
2025-10-31 15:15:00+00:00,684.24,684.745,684.215,684.705,477479.0
2025-10-31 15:20:00+00:00,684.7099,684.71,684.215,684.3,542592.0
2025-10-31 15:25:00+00:00,684.29,684.29,683.61,683.74,615054.0
2025-10-31 15:30:00+00:00,683.75,684.18,683.6,683.89,684251.0
2025-10-31 15:35:00+00:00,683.885,683.89,682.91,683.035,666242.0
2025-10-31 15:40:00+00:00,683.025,683.44,682.37,683.41,1083650.0
2025-10-31 15:45:00+00:00,683.41,684.14,682.34,682.51,1456122.0
2025-10-31 15:50:00+00:00,682.52,683.04,682.21,682.68,809635.0
2025-10-31 15:55:00+00:00,682.65,682.66,682.1,682.19,555083.0
2025-10-31 16:00:00+00:00,682.19,682.21,681.54,681.96,1003824.0
2025-10-31 16:05:00+00:00,681.93,682.37,681.39,681.45,712848.0
2025-10-31 16:10:00+00:00,681.43,681.72,681.09,681.545,1381424.0
2025-10-31 16:15:00+00:00,681.53,681.555,680.625,680.625,1269271.0
2025-10-31 16:20:00+00:00,680.61,681.41,680.51,681.38,1016349.0
2025-10-31 16:25:00+00:00,681.4,682.0599,681.37,681.77,768876.0
2025-10-31 16:30:00+00:00,681.76,682.45,681.7003,682.0446,555694.0
2025-10-31 16:35:00+00:00,682.05,682.3,681.82,681.97,400948.0
2025-10-31 16:40:00+00:00,681.95,681.97,680.97,681.16,817252.0
2025-10-31 16:45:00+00:00,681.14,681.57,680.86,681.43,392452.0
2025-10-31 16:50:00+00:00,681.42,681.42,680.62,680.705,463627.0
2025-10-31 16:55:00+00:00,680.7,680.995,680.13,680.38,679730.0
2025-10-31 17:00:00+00:00,680.37,680.8,679.99,680.075,1148078.0
2025-10-31 17:05:00+00:00,680.03,680.52,679.76,680.4667,762702.0
2025-10-31 17:10:00+00:00,680.41,680.6,679.71,679.91,696832.0
2025-10-31 17:15:00+00:00,679.9,680.06,679.435,679.565,742129.0
2025-10-31 17:20:00+00:00,679.55,679.83,679.24,679.79,737876.0
2025-10-31 17:25:00+00:00,679.78,680.1,679.6,679.79,543393.0
2025-10-31 17:30:00+00:00,679.8,680.74,679.75,680.03,742476.0
2025-10-31 17:35:00+00:00,680.01,680.34,679.43,679.97,510393.0
2025-10-31 17:40:00+00:00,679.98,680.77,679.775,680.67,600517.0
2025-10-31 17:45:00+00:00,680.67,681.16,680.67,681.13,554293.0
2025-10-31 17:50:00+00:00,681.13,681.49,680.99,681.22,459407.0
2025-10-31 17:55:00+00:00,681.21,681.23,680.69,680.87,457216.0
2025-10-31 18:00:00+00:00,680.86,681.7501,680.81,681.74,920198.0
2025-10-31 18:05:00+00:00,681.735,682.04,681.44,681.855,729362.0
2025-10-31 18:10:00+00:00,681.86,682.18,681.74,681.99,483603.0
2025-10-31 18:15:00+00:00,681.98,682.085,681.56,681.765,542109.0
2025-10-31 18:20:00+00:00,681.72,682.39,681.67,682.34,628148.0
2025-10-31 18:25:00+00:00,682.3601,682.44,682.032,682.31,617349.0
2025-10-31 18:30:00+00:00,682.32,682.48,682.14,682.25,593142.0
2025-10-31 18:35:00+00:00,682.25,682.48,681.9902,682.48,521631.0
2025-10-31 18:40:00+00:00,682.49,682.59,682.2,682.38,425879.0
2025-10-31 18:45:00+00:00,682.39,682.41,682.05,682.13,729277.0
2025-10-31 18:50:00+00:00,682.13,682.16,681.73,681.79,505136.0
2025-10-31 18:55:00+00:00,681.8,682.75,681.74,682.615,793605.0
2025-10-31 19:00:00+00:00,682.62,682.91,682.29,682.49,699291.0
2025-10-31 19:05:00+00:00,682.49,682.87,682.47,682.73,494550.0
2025-10-31 19:10:00+00:00,682.73,683.01,682.69,682.875,534356.0
2025-10-31 19:15:00+00:00,682.87,683.21,682.7601,683.19,727390.0
2025-10-31 19:20:00+00:00,683.2,683.8,683.165,683.79,1034854.0
2025-10-31 19:25:00+00:00,683.79,684.28,683.68,684.11,1170579.0
2025-10-31 19:30:00+00:00,684.09,684.77,683.9101,684.75,1417941.0
2025-10-31 19:35:00+00:00,684.74,684.8,684.065,684.09,1333446.0
2025-10-31 19:40:00+00:00,684.095,684.49,684.055,684.43,1356789.0
2025-10-31 19:45:00+00:00,684.425,684.49,683.505,683.61,2263378.0
2025-10-31 19:50:00+00:00,683.61,684.36,683.01,683.06,3022511.0
2025-10-31 19:55:00+00:00,683.03,683.1,681.93,681.99,9797480.0
2025-10-31 20:00:00+00:00,681.92,682.12,681.58,681.8,1098642.0
2025-10-31 20:05:00+00:00,681.8,682.24,681.59,682.24,907994.0
2025-10-31 20:10:00+00:00,682.24,682.25,681.82,682.0,861044.0
2025-10-31 20:15:00+00:00,681.9681,682.02,681.829,681.94,5214347.0
2025-10-31 20:20:00+00:00,681.93,681.95,681.69,681.7,325634.0
2025-10-31 20:25:00+00:00,681.69,681.77,681.47,681.59,208198.0
2025-10-31 20:30:00+00:00,681.65,681.83,681.65,681.66,45352.0
2025-10-31 20:35:00+00:00,681.81,681.92,681.79,681.87,18465.0
2025-10-31 20:40:00+00:00,681.91,681.93,681.74,681.83,29455.0
2025-10-31 20:45:00+00:00,681.76,681.99,681.76,681.86,14076.0
2025-10-31 20:50:00+00:00,681.88,681.97,681.88,681.96,5709.0
2025-10-31 20:55:00+00:00,681.94,682.11,681.94,682.0,15685.0
2025-10-31 21:00:00+00:00,682.02,682.04,681.9301,681.9301,6178.0
2025-10-31 21:05:00+00:00,682.05,682.06,681.9306,682.06,21942.0
2025-10-31 21:10:00+00:00,681.96,682.0,681.95,682.0,19008.0
2025-10-31 21:15:00+00:00,681.961,682.05,681.96,682.05,4010.0
2025-10-31 21:20:00+00:00,682.06,682.08,682.02,682.02,64202.0
2025-10-31 21:25:00+00:00,682.04,682.051,681.92,681.92,3773.0
2025-10-31 21:35:00+00:00,682.0303,682.07,682.0301,682.0601,3215.0
2025-10-31 21:40:00+00:00,682.07,682.15,682.07,682.09,2785.0
2025-10-31 21:45:00+00:00,682.09,682.17,682.05,682.17,8850.0
2025-10-31 21:50:00+00:00,682.18,682.18,682.17,682.17,5527.0
2025-10-31 21:55:00+00:00,682.06,682.16,681.91,682.16,2852.0
2025-10-31 22:00:00+00:00,682.17,682.1701,682.17,682.1701,1060.0
2025-10-31 22:05:00+00:00,682.18,682.18,682.1,682.1,834.0
2025-10-31 22:10:00+00:00,682.1,682.1,682.1,682.1,316.0
2025-10-31 22:15:00+00:00,682.07,682.07,682.07,682.07,219.0
2025-10-31 22:20:00+00:00,682.12,682.12,682.12,682.12,227.0
2025-10-31 22:25:00+00:00,682.12,682.12,682.06,682.06,484.0
2025-10-31 22:35:00+00:00,682.06,682.06,682.06,682.06,329.0
2025-10-31 22:40:00+00:00,682.05,682.06,682.02,682.02,1272.0
2025-10-31 22:45:00+00:00,682.0,682.0,682.0,682.0,216.0
2025-10-31 22:50:00+00:00,682.02,682.02,682.0199,682.02,845.0
2025-10-31 22:55:00+00:00,681.9561,682.02,681.95,682.02,1254.0
2025-10-31 23:00:00+00:00,682.1269,682.1269,682.1269,682.1269,170.0
2025-10-31 23:15:00+00:00,682.01,682.01,682.01,682.01,415.0
2025-10-31 23:25:00+00:00,682.1,682.1,682.1,682.1,244.0
2025-10-31 23:30:00+00:00,682.1348,682.1348,682.07,682.07,532.0
2025-10-31 23:35:00+00:00,682.0616,682.0616,681.71,681.71,13524.0
2025-10-31 23:40:00+00:00,681.73,681.97,681.73,681.85,3660.0
2025-10-31 23:45:00+00:00,681.8375,681.88,681.8,681.8,6322.0
2025-10-31 23:50:00+00:00,681.83,681.99,681.8,681.8,4254.0
2025-10-31 23:55:00+00:00,681.81,681.85,681.7501,681.7501,6734.0
