Datetime,Open,High,Low,Close,Volume
2026-01-02 09:00:00+00:00,664.5,665.5,664.0,665.33,2133.0
2026-01-02 09:05:00+00:00,665.2,665.91,665.2,665.91,1172.0
2026-01-02 09:10:00+00:00,665.9,666.13,665.9,666.13,1692.0
2026-01-02 09:15:00+00:00,665.79,666.0,665.79,666.0,770.0
2026-01-02 09:20:00+00:00,665.85,665.85,665.4,665.4,269.0
2026-01-02 09:25:00+00:00,665.17,665.17,665.17,665.17,150.0
2026-01-02 09:30:00+00:00,665.4,665.4,665.13,665.13,175.0
2026-01-02 09:40:00+00:00,665.79,665.8,665.74,665.74,358.0
2026-01-02 09:45:00+00:00,665.72,665.72,665.5,665.5,262.0
2026-01-02 09:50:00+00:00,665.44,665.47,665.3,665.47,236.0
2026-01-02 10:00:00+00:00,665.4,665.4,665.38,665.38,739.0
2026-01-02 10:05:00+00:00,665.38,665.38,665.27,665.27,1858.0
2026-01-02 10:10:00+00:00,665.17,665.27,665.0,665.0,1909.0
2026-01-02 10:15:00+00:00,665.0,665.0,664.75,664.75,220.0
2026-01-02 10:20:00+00:00,664.65,664.99,664.65,664.99,311.0
2026-01-02 10:30:00+00:00,664.51,664.51,664.5,664.5,486.0
2026-01-02 10:35:00+00:00,664.57,664.57,664.21,664.21,453.0
2026-01-02 10:40:00+00:00,664.5,664.5,664.18,664.18,258.0
2026-01-02 10:45:00+00:00,664.7,665.0,664.2,664.99,1669.0
2026-01-02 10:50:00+00:00,664.75,664.75,664.75,664.75,309.0
2026-01-02 11:00:00+00:00,665.0,665.0,665.0,665.0,346.0
2026-01-02 11:05:00+00:00,665.0,665.0,665.0,665.0,174.0
2026-01-02 11:15:00+00:00,664.56,664.56,664.56,664.56,162.0
2026-01-02 11:20:00+00:00,664.93,665.5,664.93,665.06,1196.0
2026-01-02 11:25:00+00:00,664.63,664.63,664.63,664.63,50.0
2026-01-02 11:30:00+00:00,664.51,664.51,664.48,664.49,713.0
2026-01-02 11:35:00+00:00,664.6,664.6,664.6,664.6,177.0
2026-01-02 11:40:00+00:00,664.6,664.6,664.6,664.6,134.0
2026-01-02 11:45:00+00:00,664.33,664.37,664.0,664.32,8226.0
2026-01-02 11:55:00+00:00,664.7,665.01,664.5,664.5,1032.0
2026-01-02 12:00:00+00:00,664.81,664.81,664.02,664.2,6078.0
2026-01-02 12:05:00+00:00,664.17,664.17,663.71,663.71,1172.0
2026-01-02 12:10:00+00:00,663.57,663.66,663.23,663.66,1767.0
2026-01-02 12:15:00+00:00,663.66,663.9,663.59,663.9,1050.0
2026-01-02 12:20:00+00:00,663.88,664.08,663.77,663.8,4825.0
2026-01-02 12:25:00+00:00,663.93,664.1,663.7,664.1,996.0
2026-01-02 12:30:00+00:00,664.2,664.2,664.0,664.0,351.0
2026-01-02 12:35:00+00:00,663.91,663.91,663.57,663.57,1147.0
2026-01-02 12:40:00+00:00,664.0,664.0,663.76,664.0,331.0
2026-01-02 12:50:00+00:00,663.8,663.8,663.66,663.75,1022.0
2026-01-02 12:55:00+00:00,663.92,663.92,663.8,663.8,461.0
2026-01-02 13:00:00+00:00,664.52,666.3,660.09,660.09,39716.0
2026-01-02 13:05:00+00:00,663.69,663.9765,663.55,663.57,11609.0
2026-01-02 13:10:00+00:00,663.74,664.4575,663.7,663.85,3915.0
2026-01-02 13:15:00+00:00,664.23,664.5,664.18,664.5,1255.0
2026-01-02 13:20:00+00:00,664.5,664.5,664.39,664.39,681.0
2026-01-02 13:25:00+00:00,664.2,664.2,663.86,663.86,1395.0
2026-01-02 13:30:00+00:00,664.02,664.39,664.0,664.1525,1629.0
2026-01-02 13:35:00+00:00,664.1525,664.24,663.9,663.9,3003.0
2026-01-02 13:40:00+00:00,664.04,664.1,663.9,663.9,2138.0
2026-01-02 13:45:00+00:00,663.79,663.8947,663.65,663.871,2611.0
2026-01-02 13:50:00+00:00,663.6,663.8,663.35,663.35,3301.0
2026-01-02 13:55:00+00:00,663.38,663.38,663.0572,663.0572,2324.0
2026-01-02 14:00:00+00:00,663.1005,663.38,663.1005,663.32,4062.0
2026-01-02 14:05:00+00:00,663.41,663.98,663.41,663.5803,6644.0
2026-01-02 14:10:00+00:00,663.55,663.9,663.32,663.5,1771.0
2026-01-02 14:15:00+00:00,663.4,663.9,663.4,663.5,2835.0
2026-01-02 14:20:00+00:00,663.65,663.8799,663.55,663.8799,818.0
2026-01-02 14:25:00+00:00,663.09,663.5,660.71,662.75,11067.0
2026-01-02 14:30:00+00:00,662.725,664.39,657.5,657.56,518273.0
2026-01-02 14:35:00+00:00,657.7099,658.33,655.9,655.9448,256006.0
2026-01-02 14:40:00+00:00,655.91,657.1435,655.7,656.13,185448.0
2026-01-02 14:45:00+00:00,655.99,659.28,655.9,659.125,324094.0
2026-01-02 14:50:00+00:00,659.18,661.2,659.08,661.05,233566.0
2026-01-02 14:55:00+00:00,660.985,662.3,660.6,661.54,160246.0
2026-01-02 15:00:00+00:00,661.55,663.19,661.0001,661.19,169150.0
2026-01-02 15:05:00+00:00,661.12,661.5329,658.85,658.89,178597.0
2026-01-02 15:10:00+00:00,658.85,659.2,654.7367,655.44,253175.0
2026-01-02 15:15:00+00:00,655.22,655.81,654.44,655.421,140347.0
2026-01-02 15:20:00+00:00,655.4,655.4,653.85,653.85,123533.0
2026-01-02 15:25:00+00:00,653.98,655.1999,653.64,654.546,145718.0
2026-01-02 15:30:00+00:00,654.46,656.5,654.06,655.755,138513.0
2026-01-02 15:35:00+00:00,655.7711,656.5,654.83,655.42,146015.0
2026-01-02 15:40:00+00:00,655.5,656.88,655.3,656.4229,83134.0
2026-01-02 15:45:00+00:00,656.3525,657.07,654.44,654.67,136593.0
2026-01-02 15:50:00+00:00,654.615,654.72,651.2,651.83,268101.0
2026-01-02 15:55:00+00:00,651.8,652.21,648.22,648.67,264709.0
2026-01-02 16:00:00+00:00,648.61,648.7399,647.2,647.5,229896.0
2026-01-02 16:05:00+00:00,647.57,647.6299,645.71,646.78,240911.0
2026-01-02 16:10:00+00:00,646.76,646.92,644.5,646.92,346869.0
2026-01-02 16:15:00+00:00,646.91,647.0999,643.5,644.05,660509.0
2026-01-02 16:20:00+00:00,644.115,646.355,643.5,646.15,248490.0
2026-01-02 16:25:00+00:00,646.19,647.58,645.95,646.49,214713.0
2026-01-02 16:30:00+00:00,646.41,647.6896,645.97,647.6896,149278.0
2026-01-02 16:35:00+00:00,647.7,648.53,646.8,646.95,137848.0
2026-01-02 16:40:00+00:00,646.96,647.24,646.06,647.075,100484.0
2026-01-02 16:45:00+00:00,646.98,647.76,646.41,647.4101,271571.0
2026-01-02 16:50:00+00:00,647.51,647.76,645.66,646.35,160437.0
2026-01-02 16:55:00+00:00,646.36,647.68,646.36,647.605,137781.0
2026-01-02 17:00:00+00:00,647.58,648.0,647.31,647.738,128732.0
2026-01-02 17:05:00+00:00,647.77,648.57,647.4875,647.925,104114.0
2026-01-02 17:10:00+00:00,647.99,649.7786,647.925,649.6904,112956.0
2026-01-02 17:15:00+00:00,649.73,650.3,649.68,649.8847,116641.0
2026-01-02 17:20:00+00:00,649.8788,650.71,649.85,650.555,134201.0
2026-01-02 17:25:00+00:00,650.56,651.48,650.5,651.46,119703.0
2026-01-02 17:30:00+00:00,651.43,651.78,651.26,651.5,115756.0
2026-01-02 17:35:00+00:00,651.5,651.62,651.03,651.29,115300.0
2026-01-02 17:40:00+00:00,651.31,651.51,650.41,650.615,125328.0
2026-01-02 17:45:00+00:00,650.64,651.025,649.95,650.48,112324.0
2026-01-02 17:50:00+00:00,650.52,651.1899,649.8701,650.4,108172.0
2026-01-02 17:55:00+00:00,650.335,651.08,650.0025,650.95,85576.0
2026-01-02 18:00:00+00:00,651.005,652.1,650.95,651.996,112267.0
2026-01-02 18:05:00+00:00,652.05,652.17,651.29,651.66,95735.0
2026-01-02 18:10:00+00:00,651.66,652.17,651.16,651.43,77050.0
2026-01-02 18:15:00+00:00,651.35,652.085,650.9,651.59,83669.0
2026-01-02 18:20:00+00:00,651.69,652.0,650.9,650.92,63056.0
2026-01-02 18:25:00+00:00,650.99,651.2,650.57,650.72,60054.0
2026-01-02 18:30:00+00:00,650.6401,651.015,650.32,650.515,82212.0
2026-01-02 18:35:00+00:00,650.52,650.8099,650.0,650.36,57719.0
2026-01-02 18:40:00+00:00,650.28,650.3899,649.8,650.15,66289.0
2026-01-02 18:45:00+00:00,650.15,650.3899,648.91,649.0,81085.0
2026-01-02 18:50:00+00:00,649.01,649.3712,648.42,649.3281,80310.0
2026-01-02 18:55:00+00:00,649.32,649.3496,648.58,649.28,81627.0
2026-01-02 19:00:00+00:00,649.32,650.7177,649.145,650.57,71705.0
2026-01-02 19:05:00+00:00,650.57,651.33,650.23,651.1483,60983.0
2026-01-02 19:10:00+00:00,651.04,651.75,650.74,651.445,96761.0
2026-01-02 19:15:00+00:00,651.4,651.95,651.28,651.58,74148.0
2026-01-02 19:20:00+00:00,651.5,652.44,651.145,652.38,61974.0
2026-01-02 19:25:00+00:00,652.43,652.61,651.93,652.316,55065.0
2026-01-02 19:30:00+00:00,652.32,653.51,652.32,653.38,83861.0
2026-01-02 19:35:00+00:00,653.31,653.55,652.97,653.22,88012.0
2026-01-02 19:40:00+00:00,653.24,653.56,652.4454,652.505,67770.0
2026-01-02 19:45:00+00:00,652.44,652.74,651.91,652.3,50670.0
2026-01-02 19:50:00+00:00,652.38,652.42,651.8,652.05,49431.0
2026-01-02 19:55:00+00:00,652.05,652.05,650.92,651.135,57157.0
2026-01-02 20:00:00+00:00,651.1073,651.89,651.03,651.435,77702.0
2026-01-02 20:05:00+00:00,651.51,651.58,650.8,651.03,57011.0
2026-01-02 20:10:00+00:00,651.11,651.33,650.8,651.0401,81648.0
2026-01-02 20:15:00+00:00,651.14,651.915,651.04,651.5681,82889.0
2026-01-02 20:20:00+00:00,651.48,651.6484,651.0451,651.16,73608.0
2026-01-02 20:25:00+00:00,651.15,651.84,650.91,651.39,85716.0
2026-01-02 20:30:00+00:00,651.37,651.5661,651.1,651.24,70957.0
2026-01-02 20:35:00+00:00,651.2,651.9,651.18,651.34,104242.0
2026-01-02 20:40:00+00:00,651.34,651.64,650.89,651.35,130962.0
2026-01-02 20:45:00+00:00,651.37,651.725,650.6401,651.01,119979.0
2026-01-02 20:50:00+00:00,650.93,651.08,649.66,650.35,235627.0
2026-01-02 20:55:00+00:00,650.36,650.75,650.03,650.74,522646.0
2026-01-02 21:00:00+00:00,650.7388,650.74,650.41,650.74,97348.0
2026-01-02 21:05:00+00:00,650.64,650.64,649.95,650.57,12072.0
2026-01-02 21:10:00+00:00,650.42,650.59,650.34,650.49,2327.0
2026-01-02 21:15:00+00:00,650.35,650.46,650.35,650.4,430.0
2026-01-02 21:20:00+00:00,650.5,650.5,650.3,650.5,763.0
2026-01-02 21:25:00+00:00,650.53,650.53,650.35,650.49,2483.0
2026-01-02 21:30:00+00:00,650.53,650.53,650.35,650.4,2584.0
2026-01-02 21:35:00+00:00,650.4,650.4,650.1464,650.37,536.0
2026-01-02 21:40:00+00:00,650.39,650.39,650.25,650.25,268.0
2026-01-02 21:45:00+00:00,650.1,650.21,649.6,649.71,2587.0
2026-01-02 21:50:00+00:00,649.97,649.97,649.6,649.6,3177.0
2026-01-02 21:55:00+00:00,649.93,649.98,649.6,649.6,674.0
2026-01-02 22:00:00+00:00,649.66,649.66,649.55,649.65,2406.0
2026-01-02 22:05:00+00:00,649.8,650.29,649.8,650.28,1574.0
2026-01-02 22:10:00+00:00,649.9213,650.2195,649.9213,650.2195,282.0
2026-01-02 22:15:00+00:00,650.0,650.0,650.0,650.0,158.0
2026-01-02 22:20:00+00:00,650.19,650.19,649.9,649.9,1586.0
2026-01-02 22:25:00+00:00,649.99,650.0,649.81,649.85,1196.0
2026-01-02 22:30:00+00:00,649.81,649.81,649.5,649.5,3035.0
2026-01-02 22:35:00+00:00,649.53,649.53,649.058,649.42,1764.0
2026-01-02 22:40:00+00:00,649.42,649.51,649.42,649.51,729.0
2026-01-02 22:45:00+00:00,649.63,649.63,649.25,649.2864,476.0
2026-01-02 22:50:00+00:00,649.44,649.44,649.44,649.44,60.0
2026-01-02 22:55:00+00:00,649.7,650.0,649.61,649.61,926.0
2026-01-02 23:00:00+00:00,649.61,649.75,649.61,649.75,188.0
2026-01-02 23:05:00+00:00,649.6096,649.99,649.6096,649.99,426.0
2026-01-02 23:10:00+00:00,649.88,649.88,649.88,649.88,160.0
2026-01-02 23:15:00+00:00,649.7443,649.96,649.7443,649.9024,863.0
2026-01-02 23:20:00+00:00,649.8,649.8,649.8,649.8,183.0
2026-01-02 23:25:00+00:00,649.96,649.96,649.96,649.96,123.0
2026-01-02 23:30:00+00:00,649.7,649.82,649.7,649.7,2234.0
2026-01-02 23:35:00+00:00,649.7038,649.75,649.7038,649.75,143.0
2026-01-02 23:40:00+00:00,649.7,650.0,649.7,650.0,1278.0
2026-01-02 23:45:00+00:00,650.0,650.0,650.0,650.0,223.0
2026-01-02 23:50:00+00:00,649.78,649.95,649.78,649.9493,359.0
2026-01-02 23:55:00+00:00,649.95,649.95,649.95,649.95,108.0
2026-01-03 00:00:00+00:00,649.94,649.94,649.8439,649.8439,778.0
2026-01-03 00:15:00+00:00,649.9,649.92,649.8344,649.85,985.0
2026-01-03 00:20:00+00:00,649.91,649.91,649.8301,649.84,822.0
2026-01-03 00:25:00+00:00,649.9,649.94,649.5101,649.71,5518.0
2026-01-03 00:30:00+00:00,649.68,649.7,649.5656,649.69,897.0
2026-01-03 00:35:00+00:00,649.7499,649.7499,649.7499,649.7499,160.0
2026-01-03 00:40:00+00:00,649.67,649.69,649.6,649.6124,842.0
2026-01-03 00:45:00+00:00,649.7,649.77,649.7,649.77,271.0
2026-01-03 00:50:00+00:00,649.67,649.87,649.6,649.87,1583.0
2026-01-03 00:55:00+00:00,649.9244,649.9421,649.5538,649.94,2041.0
2026-01-05 09:00:00+00:00,650.44,650.88,650.39,650.77,2502.0
2026-01-05 09:05:00+00:00,650.65,650.65,650.65,650.65,365.0
2026-01-05 09:10:00+00:00,650.86,651.05,650.59,650.59,1238.0
2026-01-05 09:15:00+00:00,650.74,650.77,650.73,650.73,335.0
2026-01-05 09:20:00+00:00,650.71,650.74,650.6,650.6,962.0
2026-01-05 09:25:00+00:00,650.14,650.18,650.14,650.18,549.0
2026-01-05 09:30:00+00:00,650.2,650.2,650.2,650.2,149.0
2026-01-05 09:35:00+00:00,650.64,650.67,650.49,650.49,315.0
2026-01-05 09:40:00+00:00,650.36,650.36,650.14,650.14,530.0
2026-01-05 09:50:00+00:00,650.38,650.4,650.2,650.2,228.0
2026-01-05 09:55:00+00:00,650.16,650.25,650.04,650.25,875.0
2026-01-05 10:00:00+00:00,650.41,650.41,650.34,650.34,225.0
2026-01-05 10:05:00+00:00,650.13,650.13,650.1,650.1,1201.0
2026-01-05 10:10:00+00:00,650.13,650.3,650.13,650.3,885.0
2026-01-05 10:15:00+00:00,650.39,650.39,650.31,650.38,701.0
2026-01-05 10:20:00+00:00,650.25,650.25,650.25,650.25,365.0
2026-01-05 10:25:00+00:00,650.04,650.04,650.04,650.04,258.0
2026-01-05 10:30:00+00:00,650.33,650.33,650.0,650.1,1048.0
2026-01-05 10:35:00+00:00,650.0,650.0,649.8,649.8,1563.0
2026-01-05 10:40:00+00:00,649.91,649.91,649.0,649.16,1385.0
2026-01-05 10:45:00+00:00,648.6,648.86,648.59,648.85,1639.0
2026-01-05 10:50:00+00:00,648.6,648.77,647.0,647.46,3880.0
2026-01-05 10:55:00+00:00,647.99,647.99,647.3,647.3,1701.0
2026-01-05 11:00:00+00:00,647.5,647.7,647.3,647.7,2284.0
2026-01-05 11:05:00+00:00,647.5,647.54,647.2,647.2,1007.0
2026-01-05 11:10:00+00:00,647.4,647.4,647.33,647.35,973.0
2026-01-05 11:15:00+00:00,647.58,647.66,647.3,647.3,1539.0
2026-01-05 11:20:00+00:00,647.4,647.62,647.4,647.45,660.0
2026-01-05 11:25:00+00:00,647.44,647.88,647.44,647.88,1863.0
2026-01-05 11:30:00+00:00,648.0,648.37,648.0,648.3,670.0
2026-01-05 11:35:00+00:00,648.7,648.87,648.7,648.86,1235.0
2026-01-05 11:40:00+00:00,648.5,648.5,648.5,648.5,261.0
2026-01-05 11:45:00+00:00,648.9,648.9,648.9,648.9,141.0
2026-01-05 11:50:00+00:00,648.9,648.9,648.73,648.87,453.0
2026-01-05 11:55:00+00:00,648.87,649.1,648.51,649.1,1827.0
2026-01-05 12:00:00+00:00,649.0,649.9,649.0,649.84,4601.0
2026-01-05 12:05:00+00:00,649.65,649.82,649.63,649.7,1617.0
2026-01-05 12:15:00+00:00,649.65,649.9,649.5,649.87,2170.0
2026-01-05 12:20:00+00:00,649.89,649.9,649.62,649.62,1668.0
2026-01-05 12:25:00+00:00,649.53,649.57,649.35,649.35,1481.0
2026-01-05 12:30:00+00:00,649.29,649.49,649.02,649.41,2348.0
2026-01-05 12:35:00+00:00,649.82,649.9,649.82,649.88,1540.0
2026-01-05 12:40:00+00:00,649.76,649.9,649.67,649.67,1923.0
2026-01-05 12:45:00+00:00,649.63,649.9,649.55,649.55,1387.0
2026-01-05 12:50:00+00:00,649.6,649.63,649.4,649.5,1023.0
2026-01-05 12:55:00+00:00,649.75,649.75,649.59,649.59,321.0
2026-01-05 13:00:00+00:00,649.0,651.77,647.21,649.75,46370.0
2026-01-05 13:05:00+00:00,650.41,650.805,649.34,649.4,5159.0
2026-01-05 13:10:00+00:00,649.416,649.81,649.4009,649.45,1687.0
2026-01-05 13:15:00+00:00,649.4,649.673,649.4,649.59,1927.0
2026-01-05 13:20:00+00:00,649.45,649.75,649.0,649.04,3512.0
2026-01-05 13:25:00+00:00,649.12,649.5824,649.12,649.1219,2599.0
2026-01-05 13:30:00+00:00,649.15,649.37,649.15,649.3078,1883.0
2026-01-05 13:35:00+00:00,649.47,649.6,649.35,649.37,2718.0
2026-01-05 13:40:00+00:00,649.4,649.69,649.23,649.28,5937.0
2026-01-05 13:45:00+00:00,649.35,649.42,649.25,649.35,2611.0
2026-01-05 13:50:00+00:00,649.25,649.41,649.25,649.41,2555.0
2026-01-05 13:55:00+00:00,649.2521,649.44,649.12,649.12,5432.0
2026-01-05 14:00:00+00:00,649.4,650.3759,649.3013,650.3759,9438.0
2026-01-05 14:05:00+00:00,650.27,650.32,650.0,650.18,5537.0
2026-01-05 14:10:00+00:00,650.02,650.33,650.02,650.23,3767.0
2026-01-05 14:15:00+00:00,650.11,650.28,649.89,650.0236,3645.0
2026-01-05 14:20:00+00:00,650.33,650.93,650.3,650.88,256213.0
2026-01-05 14:25:00+00:00,650.61,651.01,649.3,650.95,19553.0
2026-01-05 14:30:00+00:00,651.01,653.6825,647.7512,653.6825,586976.0
2026-01-05 14:35:00+00:00,653.565,657.9575,653.27,657.785,376508.0
2026-01-05 14:40:00+00:00,657.78,660.2999,657.01,658.434,315834.0
2026-01-05 14:45:00+00:00,658.5125,660.4,657.85,658.77,255792.0
2026-01-05 14:50:00+00:00,658.79,659.5,657.47,658.2,193362.0
2026-01-05 14:55:00+00:00,658.18,659.26,657.8,659.0,221974.0
2026-01-05 15:00:00+00:00,658.98,661.2999,658.98,660.88,317154.0
2026-01-05 15:05:00+00:00,660.8839,661.41,660.0,661.111,204730.0
2026-01-05 15:10:00+00:00,661.1,662.33,660.31,662.33,196327.0
2026-01-05 15:15:00+00:00,662.33,664.24,662.33,664.135,277318.0
2026-01-05 15:20:00+00:00,664.2,664.54,662.86,662.87,223982.0
2026-01-05 15:25:00+00:00,662.88,663.085,661.7901,662.475,201059.0
2026-01-05 15:30:00+00:00,662.515,663.28,661.81,662.92,193897.0
2026-01-05 15:35:00+00:00,662.91,663.63,661.2,661.2,187112.0
2026-01-05 15:40:00+00:00,661.205,661.49,659.21,659.21,105635.0
2026-01-05 15:45:00+00:00,659.23,660.09,659.07,659.8,100055.0
2026-01-05 15:50:00+00:00,659.805,660.33,659.52,659.715,68514.0
2026-01-05 15:55:00+00:00,659.72,661.1,659.35,660.78,114070.0
2026-01-05 16:00:00+00:00,660.79,662.0,660.5,661.81,212378.0
2026-01-05 16:05:00+00:00,661.89,662.0,660.98,661.635,110278.0
2026-01-05 16:10:00+00:00,661.635,662.6899,661.46,662.08,123050.0
2026-01-05 16:15:00+00:00,662.1125,662.36,661.08,661.435,103729.0
2026-01-05 16:20:00+00:00,661.4,662.3499,661.4,662.2,85952.0
2026-01-05 16:25:00+00:00,662.15,662.73,661.865,662.345,94676.0
2026-01-05 16:30:00+00:00,662.43,663.17,662.19,662.88,112194.0
2026-01-05 16:35:00+00:00,662.835,663.4,662.36,662.4,110291.0
2026-01-05 16:40:00+00:00,662.42,662.71,661.63,662.12,86265.0
2026-01-05 16:45:00+00:00,662.12,662.7,662.0,662.07,79043.0
2026-01-05 16:50:00+00:00,662.11,662.419,661.98,662.2499,65794.0
2026-01-05 16:55:00+00:00,662.25,662.35,661.99,662.04,60042.0
2026-01-05 17:00:00+00:00,662.15,663.48,661.99,663.08,116921.0
2026-01-05 17:05:00+00:00,663.1,663.5,662.99,663.325,77263.0
2026-01-05 17:10:00+00:00,663.32,663.88,663.195,663.59,96739.0
2026-01-05 17:15:00+00:00,663.585,663.75,662.966,663.48,104808.0
2026-01-05 17:20:00+00:00,663.48,663.48,662.63,662.86,80051.0
2026-01-05 17:25:00+00:00,662.8825,662.8825,661.93,662.07,107505.0
2026-01-05 17:30:00+00:00,662.05,662.23,661.2901,661.6702,96987.0
2026-01-05 17:35:00+00:00,661.72,661.72,661.1,661.455,84109.0
2026-01-05 17:40:00+00:00,661.52,661.9,661.0,661.11,61479.0
2026-01-05 17:45:00+00:00,661.16,662.05,661.1,661.55,94218.0
2026-01-05 17:50:00+00:00,661.58,661.7,661.3,661.3,43282.0
2026-01-05 17:55:00+00:00,661.35,661.69,661.15,661.51,46978.0
2026-01-05 18:00:00+00:00,661.51,662.2199,661.51,661.68,49050.0
2026-01-05 18:05:00+00:00,661.68,661.68,660.09,660.09,267380.0
2026-01-05 18:10:00+00:00,660.1285,660.3012,659.7,659.99,52748.0
2026-01-05 18:15:00+00:00,659.95,659.96,659.49,659.96,70135.0
2026-01-05 18:20:00+00:00,659.945,660.39,659.66,660.335,87087.0
2026-01-05 18:25:00+00:00,660.335,660.94,660.2278,660.94,52418.0
2026-01-05 18:30:00+00:00,660.9,661.61,660.7701,661.555,91064.0
2026-01-05 18:35:00+00:00,661.555,661.62,661.082,661.11,64482.0
2026-01-05 18:40:00+00:00,661.11,661.7,660.9901,661.325,52301.0
2026-01-05 18:45:00+00:00,661.315,661.3699,660.91,661.14,47661.0
2026-01-05 18:50:00+00:00,661.1,661.1,660.635,660.65,51201.0
2026-01-05 18:55:00+00:00,660.61,661.57,660.42,661.43,64315.0
2026-01-05 19:00:00+00:00,661.41,662.5,661.33,662.5,83902.0
2026-01-05 19:05:00+00:00,662.54,662.98,662.42,662.8899,92979.0
2026-01-05 19:10:00+00:00,662.845,662.93,662.33,662.353,62273.0
2026-01-05 19:15:00+00:00,662.35,662.7775,662.31,662.5775,64492.0
2026-01-05 19:20:00+00:00,662.6,662.7099,662.07,662.1901,61053.0
2026-01-05 19:25:00+00:00,662.27,662.35,661.795,662.09,66260.0
2026-01-05 19:30:00+00:00,662.11,662.15,661.0,661.06,49886.0
2026-01-05 19:35:00+00:00,661.075,661.39,660.4001,660.575,66521.0
2026-01-05 19:40:00+00:00,660.54,660.5527,659.41,659.64,76405.0
2026-01-05 19:45:00+00:00,659.64,660.46,659.58,660.134123,62455.0
2026-01-05 19:50:00+00:00,660.09,660.27,659.85,660.09,65896.0
2026-01-05 19:55:00+00:00,660.09,660.77,659.93,660.2084,69168.0
2026-01-05 20:00:00+00:00,660.14,660.51,659.88,660.2,61319.0
2026-01-05 20:05:00+00:00,660.1824,661.1,660.14,661.0825,59376.0
2026-01-05 20:10:00+00:00,661.1,661.2899,660.725,660.87,59482.0
2026-01-05 20:15:00+00:00,660.91,661.0899,660.7,661.01,50593.0
2026-01-05 20:20:00+00:00,661.0,661.2199,660.98,661.08,62777.0
2026-01-05 20:25:00+00:00,661.1499,661.24,660.53,660.53,47138.0
2026-01-05 20:30:00+00:00,660.53,661.2599,660.4114,660.7,74928.0
2026-01-05 20:35:00+00:00,660.705,660.76,659.8501,660.0,85883.0
2026-01-05 20:40:00+00:00,660.0,660.6251,659.85,660.49,84624.0
2026-01-05 20:45:00+00:00,660.44,660.71,660.14,660.19,87487.0
2026-01-05 20:50:00+00:00,660.32,660.32,658.5,658.94,209579.0
2026-01-05 20:55:00+00:00,659.025,659.23,658.11,658.8,554007.0
2026-01-05 21:00:00+00:00,658.79,658.8,658.0,658.298,72496.0
2026-01-05 21:05:00+00:00,658.52,658.79,657.98,658.171,8749.0
2026-01-05 21:10:00+00:00,658.27,658.27,658.1,658.1,1978.0
2026-01-05 21:15:00+00:00,658.18,658.4,658.18,658.4,393.0
2026-01-05 21:20:00+00:00,658.36,658.4,658.28,658.4,990.0
2026-01-05 21:25:00+00:00,658.65,658.79,658.54,658.79,1167.0
2026-01-05 21:30:00+00:00,658.72,658.72,658.72,658.72,132.0
2026-01-05 21:35:00+00:00,658.5,658.5,658.34,658.3529,537.0
2026-01-05 21:40:00+00:00,658.79,658.79,658.79,658.79,18024.0
2026-01-05 21:45:00+00:00,658.61,658.97,658.34,658.44,2847.0
2026-01-05 21:50:00+00:00,658.97,659.0,658.44,658.8,1725.0
2026-01-05 21:55:00+00:00,658.5,659.03,658.5,658.99,1467.0
2026-01-05 22:00:00+00:00,659.18,659.18,658.6,658.97,1046.0
2026-01-05 22:05:00+00:00,658.9,658.9,658.9,658.9,157.0
2026-01-05 22:10:00+00:00,658.8,658.8,658.7124,658.7124,469.0
2026-01-05 22:15:00+00:00,659.0,659.0,659.0,659.0,184.0
2026-01-05 22:25:00+00:00,658.8596,658.8596,658.7,658.7,580.0
2026-01-05 22:30:00+00:00,658.69,658.7,658.69,658.7,219.0
2026-01-05 22:35:00+00:00,658.7,658.7,658.7,658.7,125.0
2026-01-05 22:40:00+00:00,658.4401,658.5,658.4401,658.5,494.0
2026-01-05 22:45:00+00:00,658.79,658.79,658.44,658.44,1126.0
2026-01-05 22:55:00+00:00,658.44,658.47,658.44,658.47,190.0
2026-01-05 23:00:00+00:00,658.61,658.61,658.61,658.61,58.0
2026-01-05 23:05:00+00:00,658.5,658.5,658.47,658.49,587.0
2026-01-05 23:10:00+00:00,658.44,658.44,658.44,658.44,111.0
2026-01-05 23:15:00+00:00,658.4984,658.5,658.44,658.5,746.0
2026-01-05 23:20:00+00:00,658.61,658.61,658.61,658.61,139.0
2026-01-05 23:25:00+00:00,658.44,658.4672,658.44,658.4672,205.0
2026-01-05 23:30:00+00:00,658.58,658.65,658.58,658.65,269.0
2026-01-05 23:35:00+00:00,658.61,658.63,658.44,658.44,468.0
2026-01-05 23:40:00+00:00,658.44,658.44,658.4,658.4,254.0
2026-01-05 23:50:00+00:00,658.5,658.5,658.5,658.5,155.0
2026-01-05 23:55:00+00:00,658.44,658.78,658.44,658.78,378.0
2026-01-06 00:05:00+00:00,658.45,658.78,658.43,658.78,559.0
2026-01-06 00:15:00+00:00,658.27,658.27,658.27,658.27,354.0
2026-01-06 00:25:00+00:00,658.5116,658.5116,658.5116,658.5116,75.0
2026-01-06 00:35:00+00:00,658.18,658.6,658.18,658.5999,490.0
2026-01-06 00:45:00+00:00,658.25,658.25,658.25,658.25,101.0
2026-01-06 00:50:00+00:00,658.2748,658.59,658.26,658.26,333.0
2026-01-06 00:55:00+00:00,658.59,658.59,658.58,658.59,559.0
2026-01-06 09:00:00+00:00,658.0,658.01,657.8,657.99,772.0
2026-01-06 09:05:00+00:00,657.75,657.99,657.5,657.51,924.0
2026-01-06 09:10:00+00:00,657.89,657.89,657.88,657.88,238.0
2026-01-06 09:20:00+00:00,657.7,657.7,657.5,657.5,3644.0
2026-01-06 09:25:00+00:00,657.32,657.36,657.31,657.31,452.0
2026-01-06 09:30:00+00:00,657.27,657.27,657.27,657.27,421.0
2026-01-06 09:35:00+00:00,657.5,657.5,657.5,657.5,130.0
2026-01-06 09:40:00+00:00,657.99,657.99,657.73,657.75,679.0
2026-01-06 09:45:00+00:00,657.96,657.96,657.91,657.91,105.0
2026-01-06 09:55:00+00:00,658.0,658.08,658.0,658.0,263.0
2026-01-06 10:05:00+00:00,657.75,657.75,657.7,657.7,1160.0
2026-01-06 10:10:00+00:00,657.72,657.75,657.72,657.75,192.0
2026-01-06 10:20:00+00:00,657.68,657.68,657.68,657.68,232.0
2026-01-06 10:25:00+00:00,657.95,657.99,657.7,657.7,544.0
2026-01-06 10:30:00+00:00,657.71,657.71,657.71,657.71,103.0
2026-01-06 10:35:00+00:00,657.56,657.56,657.28,657.28,3276.0
2026-01-06 10:55:00+00:00,657.48,657.58,657.0,657.01,1212.0
2026-01-06 11:00:00+00:00,657.16,657.16,657.0,657.0,1283.0
2026-01-06 11:05:00+00:00,657.0,657.0,656.72,656.74,459.0
2026-01-06 11:10:00+00:00,656.5,656.75,656.5,656.59,1174.0
2026-01-06 11:15:00+00:00,656.55,656.55,656.46,656.46,459.0
2026-01-06 11:20:00+00:00,656.53,656.53,656.5,656.5,797.0
2026-01-06 11:25:00+00:00,656.3,656.3,656.26,656.26,639.0
2026-01-06 11:30:00+00:00,656.28,656.31,656.28,656.3,623.0
2026-01-06 11:35:00+00:00,656.3,656.3,656.0,656.0,620.0
2026-01-06 11:40:00+00:00,656.19,656.19,656.19,656.19,121.0
2026-01-06 11:45:00+00:00,656.45,656.58,656.45,656.58,381.0
2026-01-06 11:50:00+00:00,656.87,657.0,656.87,657.0,387.0
2026-01-06 11:55:00+00:00,657.52,657.52,657.23,657.23,616.0
2026-01-06 12:00:00+00:00,657.65,658.0,657.65,658.0,980.0
2026-01-06 12:05:00+00:00,658.1,658.46,658.1,658.39,2294.0
2026-01-06 12:10:00+00:00,658.49,658.77,658.1,658.6,3167.0
2026-01-06 12:15:00+00:00,658.6,658.77,658.36,658.71,2041.0
2026-01-06 12:20:00+00:00,658.72,658.72,658.72,658.72,113.0
2026-01-06 12:25:00+00:00,658.8,658.81,658.8,658.81,377.0
2026-01-06 12:30:00+00:00,659.0,659.0,658.8,658.99,1852.0
2026-01-06 12:35:00+00:00,659.28,659.38,659.2,659.2,619.0
2026-01-06 12:40:00+00:00,659.46,659.46,659.46,659.46,102.0
2026-01-06 12:45:00+00:00,659.16,659.16,659.16,659.16,117.0
2026-01-06 12:50:00+00:00,659.14,659.14,659.14,659.14,102.0
2026-01-06 12:55:00+00:00,659.16,659.47,659.16,659.35,1269.0
2026-01-06 13:00:00+00:00,657.98,659.84,656.32,656.9,30884.0
2026-01-06 13:05:00+00:00,659.4,659.4,658.5,658.79,2021.0
2026-01-06 13:10:00+00:00,658.54,659.01,658.54,659.01,1932.0
2026-01-06 13:15:00+00:00,659.017,659.48,659.017,659.36,2236.0
2026-01-06 13:20:00+00:00,659.35,659.7,659.35,659.5,2750.0
2026-01-06 13:25:00+00:00,659.57,659.57,659.35,659.4165,1190.0
2026-01-06 13:30:00+00:00,659.35,659.53,659.04,659.105,3096.0
2026-01-06 13:35:00+00:00,659.3,659.4,659.0,659.0,1250.0
2026-01-06 13:40:00+00:00,659.05,659.28,659.05,659.16,971.0
2026-01-06 13:45:00+00:00,659.0,659.14,658.58,658.81,5484.0
2026-01-06 13:50:00+00:00,658.5,659.49,658.45,659.49,4274.0
2026-01-06 13:55:00+00:00,659.49,659.68,659.36,659.5,4346.0
2026-01-06 14:00:00+00:00,659.406,659.49,659.19,659.19,3323.0
2026-01-06 14:05:00+00:00,659.32,659.6,659.27,659.4,252688.0
2026-01-06 14:10:00+00:00,659.66,659.76,659.31,659.31,1722.0
2026-01-06 14:15:00+00:00,659.36,659.56,659.36,659.56,1524.0
2026-01-06 14:20:00+00:00,659.37,659.61,659.12,659.61,3715.0
2026-01-06 14:25:00+00:00,659.5,659.8,658.0,659.8,13058.0
2026-01-06 14:30:00+00:00,659.57,661.7399,658.76,659.43,400095.0
2026-01-06 14:35:00+00:00,659.365,659.98,655.95,655.961,253328.0
2026-01-06 14:40:00+00:00,656.2685,656.47,653.68,654.17,181418.0
2026-01-06 14:45:00+00:00,654.29,656.42,653.96,655.22,245107.0
2026-01-06 14:50:00+00:00,655.1301,655.76,653.22,653.78,193479.0
2026-01-06 14:55:00+00:00,654.0,657.0,654.0,656.37,160657.0
2026-01-06 15:00:00+00:00,656.45,657.78,655.35,656.4164,174044.0
2026-01-06 15:05:00+00:00,656.4758,658.4999,656.16,656.61,128704.0
2026-01-06 15:10:00+00:00,656.4658,656.59,654.6,656.135,134570.0
2026-01-06 15:15:00+00:00,656.2,656.4999,655.5301,656.165,43200.0
2026-01-06 15:20:00+00:00,656.17,657.58,655.75,657.39,85678.0
2026-01-06 15:25:00+00:00,657.39,658.475,657.1001,658.0,102210.0
2026-01-06 15:30:00+00:00,658.2,658.7,657.84,658.36,88203.0
2026-01-06 15:35:00+00:00,658.39,659.61,657.9,658.705,81707.0
2026-01-06 15:40:00+00:00,658.705,658.785,657.17,657.32,92939.0
2026-01-06 15:45:00+00:00,657.25,657.32,656.7,657.115,87765.0
2026-01-06 15:50:00+00:00,657.11,657.2899,656.44,657.22,90490.0
2026-01-06 15:55:00+00:00,657.2183,657.2183,655.95,656.62,119353.0
2026-01-06 16:00:00+00:00,656.51,656.9799,655.4401,655.63,62232.0
2026-01-06 16:05:00+00:00,655.5351,656.848,655.5351,656.7265,57592.0
2026-01-06 16:10:00+00:00,656.75,657.32,656.15,656.4875,83430.0
2026-01-06 16:15:00+00:00,656.45,656.62,655.26,655.7,54916.0
2026-01-06 16:20:00+00:00,655.7899,655.7899,654.93,655.27,87896.0
2026-01-06 16:25:00+00:00,655.33,655.3365,653.77,653.77,99449.0
2026-01-06 16:30:00+00:00,653.805,653.86,652.5,652.6,218556.0
2026-01-06 16:35:00+00:00,652.6639,653.9999,651.9,653.84,192702.0
2026-01-06 16:40:00+00:00,653.835,653.9399,652.4098,652.775,95051.0
2026-01-06 16:45:00+00:00,652.67,653.745,652.61,653.3201,84839.0
2026-01-06 16:50:00+00:00,653.25,654.0,653.12,653.96,130009.0
2026-01-06 16:55:00+00:00,653.92,654.04,653.33,653.85,95845.0
2026-01-06 17:00:00+00:00,653.85,655.135,653.84,654.9842,145786.0
2026-01-06 17:05:00+00:00,654.965,656.23,654.95,655.178,91375.0
2026-01-06 17:10:00+00:00,655.178,655.665,654.88,655.2503,102783.0
2026-01-06 17:15:00+00:00,655.17,655.37,654.0,654.68,124881.0
2026-01-06 17:20:00+00:00,654.67,655.99,654.6463,655.45,115433.0
2026-01-06 17:25:00+00:00,655.4,656.12,655.4,655.49,128530.0
2026-01-06 17:30:00+00:00,655.53,656.25,655.31,656.19,71019.0
2026-01-06 17:35:00+00:00,656.19,657.0,656.045,656.41,204514.0
2026-01-06 17:40:00+00:00,656.52,656.52,655.25,655.91,72268.0
2026-01-06 17:45:00+00:00,655.9699,656.0,655.3,655.93,79678.0
2026-01-06 17:50:00+00:00,655.989,657.35,655.915,657.22,85902.0
2026-01-06 17:55:00+00:00,657.095,657.26,656.525,657.05,69954.0
2026-01-06 18:00:00+00:00,657.14,658.0,657.14,657.495,101878.0
2026-01-06 18:05:00+00:00,657.52,657.93,657.15,657.73,93347.0
2026-01-06 18:10:00+00:00,657.7397,658.525,657.67,658.395,87849.0
2026-01-06 18:15:00+00:00,658.48,659.2194,658.38,658.79,82899.0
2026-01-06 18:20:00+00:00,658.79,659.32,658.69,659.2155,85450.0
2026-01-06 18:25:00+00:00,659.185,659.3,658.706,659.075,54722.0
2026-01-06 18:30:00+00:00,659.13,659.18,658.41,658.54,65815.0
2026-01-06 18:35:00+00:00,658.54,659.6,658.48,659.475,79827.0
2026-01-06 18:40:00+00:00,659.4924,660.43,659.27,659.85,113060.0
2026-01-06 18:45:00+00:00,659.98,660.46,659.93,660.1751,93478.0
2026-01-06 18:50:00+00:00,660.175,661.3343,659.61,661.235,81076.0
2026-01-06 18:55:00+00:00,661.235,662.43,661.07,662.42,113602.0
2026-01-06 19:00:00+00:00,662.33,664.18,662.33,664.17,178894.0
2026-01-06 19:05:00+00:00,664.17,665.52,662.42,662.7,219889.0
2026-01-06 19:10:00+00:00,662.71,663.09,661.96,662.1175,90628.0
2026-01-06 19:15:00+00:00,662.2,662.23,661.205,661.4,90017.0
2026-01-06 19:20:00+00:00,661.41,661.64,660.55,660.7145,69912.0
2026-01-06 19:25:00+00:00,660.705,661.3,660.29,660.7499,77781.0
2026-01-06 19:30:00+00:00,660.67,661.255,660.2501,660.45,57334.0
2026-01-06 19:35:00+00:00,660.45,660.89,659.93,660.26,80113.0
2026-01-06 19:40:00+00:00,660.35,660.8061,660.19,660.489,47710.0
2026-01-06 19:45:00+00:00,660.42,661.36,660.3,660.69,74745.0
2026-01-06 19:50:00+00:00,660.84,661.1928,660.5001,660.64,62141.0
2026-01-06 19:55:00+00:00,660.7,660.77,660.2,660.573,49201.0
2026-01-06 20:00:00+00:00,660.6,661.155,660.5,660.88,57335.0
2026-01-06 20:05:00+00:00,660.88,661.0136,660.4045,660.4045,59141.0
2026-01-06 20:10:00+00:00,660.455,661.4264,660.12,661.41,72186.0
2026-01-06 20:15:00+00:00,661.41,661.425,660.51,660.73,74211.0
2026-01-06 20:20:00+00:00,660.74,660.89,660.225,660.435,88150.0
2026-01-06 20:25:00+00:00,660.37,660.7951,659.73,659.8,73594.0
2026-01-06 20:30:00+00:00,659.7,660.32,659.69,660.03,107532.0
2026-01-06 20:35:00+00:00,660.035,660.035,659.33,659.405,108371.0
2026-01-06 20:40:00+00:00,659.405,660.05,659.2759,659.73,121914.0
2026-01-06 20:45:00+00:00,659.77,659.9,658.9045,659.02,95398.0
2026-01-06 20:50:00+00:00,659.08,660.0,658.77,659.815,168219.0
2026-01-06 20:55:00+00:00,659.98,661.2,659.815,660.46,569511.0
2026-01-06 21:00:00+00:00,660.62,661.0,660.3354,660.3499,150631.0
2026-01-06 21:05:00+00:00,660.35,660.35,660.0295,660.0295,7059.0
2026-01-06 21:10:00+00:00,660.11,660.6,660.11,660.45,1165.0
2026-01-06 21:15:00+00:00,660.3,660.48,660.23,660.4,2308.0
2026-01-06 21:20:00+00:00,660.2212,660.4,660.148,660.3,3121.0
2026-01-06 21:25:00+00:00,660.6096,660.6096,660.6096,660.6096,972.0
2026-01-06 21:30:00+00:00,660.1,660.12,659.7,659.7,2635.0
2026-01-06 21:35:00+00:00,659.9,659.9,659.4,659.5,1941.0
2026-01-06 21:40:00+00:00,659.4992,659.8516,659.4192,659.8516,612.0
2026-01-06 21:45:00+00:00,659.74,659.9,659.74,659.9,1697.0
2026-01-06 21:50:00+00:00,659.55,660.0,659.55,660.0,578.0
2026-01-06 22:00:00+00:00,660.38,660.59,660.24,660.59,945.0
2026-01-06 22:05:00+00:00,660.24,660.24,660.24,660.24,522.0
2026-01-06 22:15:00+00:00,660.12,660.13,660.1,660.13,396.0
2026-01-06 22:20:00+00:00,660.2,660.3,660.1108,660.1108,991.0
2026-01-06 22:25:00+00:00,660.2997,660.3,660.2997,660.3,280.0
2026-01-06 22:30:00+00:00,660.3,660.3,660.3,660.3,221.0
2026-01-06 22:35:00+00:00,660.2,660.28,659.4,660.0,2472.0
2026-01-06 22:40:00+00:00,659.9816,660.02,659.9816,660.01,583.0
2026-01-06 22:45:00+00:00,660.02,660.02,660.0,660.01,481.0
2026-01-06 22:50:00+00:00,660.17,660.3,660.17,660.3,1328.0
2026-01-06 22:55:00+00:00,660.21,660.252,659.28,659.28,5073.0
2026-01-06 23:00:00+00:00,659.02,659.1,659.02,659.1,196.0
2026-01-06 23:05:00+00:00,659.6,659.6,659.01,659.01,1029.0
2026-01-06 23:10:00+00:00,659.23,659.23,659.23,659.23,93.0
2026-01-06 23:15:00+00:00,659.15,659.16,659.0,659.0,510.0
2026-01-06 23:20:00+00:00,659.39,659.49,659.39,659.49,709.0
2026-01-06 23:25:00+00:00,659.5,659.5,659.2,659.2,607.0
2026-01-06 23:30:00+00:00,659.268,660.0,659.268,659.5,859.0
2026-01-06 23:35:00+00:00,659.54,659.54,659.54,659.54,86.0
2026-01-06 23:40:00+00:00,659.25,659.99,659.1,659.99,957.0
2026-01-06 23:45:00+00:00,659.1,659.1,659.1,659.1,192.0
2026-01-06 23:50:00+00:00,659.117,659.7,659.117,659.7,312.0
2026-01-06 23:55:00+00:00,659.23,659.7,659.23,659.7,423.0
2026-01-07 00:00:00+00:00,659.7,659.7,659.7,659.7,230.0
2026-01-07 00:05:00+00:00,659.9,659.9,659.9,659.9,201.0
2026-01-07 00:10:00+00:00,659.5956,659.6045,659.5956,659.6045,277.0
2026-01-07 00:20:00+00:00,659.5,659.5,659.3,659.3,628.0
2026-01-07 00:25:00+00:00,659.41,659.75,659.11,659.75,1331.0
2026-01-07 00:30:00+00:00,659.22,659.4,659.16,659.2,643.0
2026-01-07 00:35:00+00:00,659.2,659.2,659.13,659.13,213.0
2026-01-07 00:40:00+00:00,659.4,659.4,659.1,659.1,1151.0
2026-01-07 00:45:00+00:00,659.26,659.41,659.1,659.35,1276.0
2026-01-07 00:50:00+00:00,659.34,659.63,659.3,659.3,2416.0
2026-01-07 00:55:00+00:00,659.49,659.49,659.2268,659.2268,3074.0
2026-01-07 09:00:00+00:00,658.0,658.0,656.32,656.83,1780.0
2026-01-07 09:05:00+00:00,656.99,657.25,656.32,656.32,4808.0
2026-01-07 09:10:00+00:00,656.47,656.5,656.4,656.5,1220.0
2026-01-07 09:15:00+00:00,656.5,656.94,656.5,656.94,215.0
2026-01-07 09:25:00+00:00,656.61,656.88,656.61,656.87,792.0
2026-01-07 09:30:00+00:00,656.93,657.06,656.93,657.06,1140.0
2026-01-07 09:35:00+00:00,656.91,657.08,656.88,657.01,811.0
2026-01-07 09:40:00+00:00,656.9,656.94,656.9,656.94,173.0
2026-01-07 09:45:00+00:00,656.97,656.98,656.97,656.98,406.0
2026-01-07 09:50:00+00:00,656.96,656.96,656.96,656.96,105.0
2026-01-07 09:55:00+00:00,656.95,656.96,656.95,656.96,140.0
2026-01-07 10:05:00+00:00,656.92,657.21,656.92,657.21,136.0
2026-01-07 10:10:00+00:00,656.92,656.92,656.92,656.92,134.0
2026-01-07 10:15:00+00:00,656.8,656.8,656.54,656.75,479.0
2026-01-07 10:20:00+00:00,656.68,657.01,656.68,657.01,215.0
2026-01-07 10:25:00+00:00,656.54,656.54,656.54,656.54,102.0
2026-01-07 10:35:00+00:00,656.7,656.7,656.7,656.7,41.0
2026-01-07 10:40:00+00:00,656.75,656.75,656.75,656.75,58.0
2026-01-07 10:45:00+00:00,656.65,656.65,656.65,656.65,89.0
2026-01-07 10:50:00+00:00,656.67,656.67,656.67,656.67,44.0
2026-01-07 10:55:00+00:00,656.54,656.54,656.48,656.48,122.0
2026-01-07 11:00:00+00:00,656.47,656.47,656.47,656.47,304.0
2026-01-07 11:05:00+00:00,656.41,656.5,656.41,656.5,302.0
2026-01-07 11:10:00+00:00,656.55,656.67,656.55,656.67,1073.0
2026-01-07 11:15:00+00:00,656.79,656.79,656.79,656.79,72.0
2026-01-07 11:20:00+00:00,656.65,656.65,656.65,656.65,131.0
2026-01-07 11:25:00+00:00,656.5,656.5,656.5,656.5,128.0
2026-01-07 11:30:00+00:00,656.7,656.83,656.7,656.83,176.0
2026-01-07 11:35:00+00:00,657.05,657.08,657.05,657.08,306.0
2026-01-07 11:40:00+00:00,657.27,657.27,657.27,657.27,395.0
2026-01-07 11:50:00+00:00,657.23,657.27,657.23,657.27,392.0
2026-01-07 11:55:00+00:00,657.46,657.46,657.46,657.46,145.0
2026-01-07 12:00:00+00:00,657.31,657.99,656.96,657.98,4173.0
2026-01-07 12:05:00+00:00,658.17,658.17,657.8,657.88,1053.0
2026-01-07 12:10:00+00:00,657.88,658.16,657.88,658.0,2801.0
2026-01-07 12:15:00+00:00,657.89,657.91,657.89,657.9,283.0
2026-01-07 12:20:00+00:00,657.6,657.7,657.6,657.7,500.0
2026-01-07 12:25:00+00:00,657.68,657.68,657.5,657.5,303.0
2026-01-07 12:30:00+00:00,657.46,657.46,657.04,657.04,705.0
2026-01-07 12:40:00+00:00,657.45,657.75,657.43,657.75,1567.0
2026-01-07 12:45:00+00:00,657.94,657.99,657.88,657.99,929.0
2026-01-07 12:50:00+00:00,657.7,657.7,657.7,657.7,312.0
2026-01-07 12:55:00+00:00,657.75,657.78,657.75,657.78,234.0
2026-01-07 13:00:00+00:00,657.0,658.4,656.33,658.1,32896.0
2026-01-07 13:05:00+00:00,658.15,658.2398,657.88,657.88,690.0
2026-01-07 13:10:00+00:00,657.73,657.78,657.5,657.5,3074.0
2026-01-07 13:15:00+00:00,657.1508,657.65,657.1508,657.5,824.0
2026-01-07 13:20:00+00:00,657.5,657.53,657.37,657.49,1302.0
2026-01-07 13:25:00+00:00,657.76,658.39,657.76,658.39,2370.0
2026-01-07 13:30:00+00:00,658.3,658.6,658.3,658.6,1399.0
2026-01-07 13:35:00+00:00,658.4,658.4,658.04,658.2,2851.0
2026-01-07 13:40:00+00:00,658.03,658.58,657.86,658.58,1226.0
2026-01-07 13:45:00+00:00,658.3742,658.3742,658.01,658.01,1839.0
2026-01-07 13:50:00+00:00,658.0,658.0,658.0,658.0,2309.0
2026-01-07 13:55:00+00:00,658.08,658.24,658.08,658.13,1096.0
2026-01-07 14:00:00+00:00,658.2,658.2,657.7,657.7,1187.0
2026-01-07 14:05:00+00:00,657.7,657.77,657.5,657.75,2104.0
2026-01-07 14:10:00+00:00,657.8,657.95,657.8,657.95,1188.0
2026-01-07 14:15:00+00:00,657.76,658.03,657.76,657.9,1068.0
2026-01-07 14:20:00+00:00,657.76,657.8,657.26,657.26,3548.0
2026-01-07 14:25:00+00:00,657.01,657.12,654.05,655.7,18454.0
2026-01-07 14:30:00+00:00,655.64,659.15,655.52,657.38,425486.0
2026-01-07 14:35:00+00:00,657.39,658.19,655.6,656.682,210977.0
2026-01-07 14:40:00+00:00,656.61,658.18,654.63,654.79,176254.0
2026-01-07 14:45:00+00:00,654.78,655.52,654.09,654.34,189288.0
2026-01-07 14:50:00+00:00,654.34,654.7,653.18,653.835,240712.0
2026-01-07 14:55:00+00:00,653.8956,653.8956,651.34,651.82,227307.0
2026-01-07 15:00:00+00:00,651.67,652.1,648.5,648.625,394212.0
2026-01-07 15:05:00+00:00,648.6,648.66,646.4,646.65,336827.0
2026-01-07 15:10:00+00:00,646.7299,648.25,646.23,647.405,344852.0
2026-01-07 15:15:00+00:00,647.3,647.99,646.64,647.615,257732.0
2026-01-07 15:20:00+00:00,647.615,647.65,645.51,646.6,285752.0
2026-01-07 15:25:00+00:00,646.6799,646.68,644.81,645.19,280987.0
2026-01-07 15:30:00+00:00,645.27,647.58,644.92,647.3151,257898.0
2026-01-07 15:35:00+00:00,647.34,648.7,646.44,647.3,217926.0
2026-01-07 15:40:00+00:00,647.3,648.1099,646.6701,646.86,111643.0
2026-01-07 15:45:00+00:00,646.77,648.45,646.77,647.975,186113.0
2026-01-07 15:50:00+00:00,648.0,649.26,647.84,648.9601,143360.0
2026-01-07 15:55:00+00:00,649.0172,649.61,648.82,649.6,105967.0
2026-01-07 16:00:00+00:00,649.6,650.1999,649.18,649.43,157695.0
2026-01-07 16:05:00+00:00,649.5,650.6999,649.25,650.1951,272829.0
2026-01-07 16:10:00+00:00,650.345,651.2199,649.85,651.08,121610.0
2026-01-07 16:15:00+00:00,651.0402,651.1,650.175,650.2123,104777.0
2026-01-07 16:20:00+00:00,650.28,650.58,649.8,650.17,116905.0
2026-01-07 16:25:00+00:00,650.23,650.5,648.0001,648.36,159992.0
2026-01-07 16:30:00+00:00,648.43,648.99,647.93,648.0032,105290.0
2026-01-07 16:35:00+00:00,648.035,649.2,648.035,649.2,89348.0
2026-01-07 16:40:00+00:00,649.07,651.43,649.04,651.085,125357.0
2026-01-07 16:45:00+00:00,651.085,651.75,651.0658,651.565,131867.0
2026-01-07 16:50:00+00:00,651.64,652.04,651.23,651.99,89850.0
2026-01-07 16:55:00+00:00,652.04,652.93,651.9,652.795,106119.0
2026-01-07 17:00:00+00:00,652.83,653.44,652.7,653.09,88189.0
2026-01-07 17:05:00+00:00,653.095,653.76,652.99,653.26,97424.0
2026-01-07 17:10:00+00:00,653.29,653.4159,652.8401,653.2399,99414.0
2026-01-07 17:15:00+00:00,653.21,653.5,652.84,653.42,66254.0
2026-01-07 17:20:00+00:00,653.31,654.7,653.1,654.292,112424.0
2026-01-07 17:25:00+00:00,654.2966,654.36,652.51,652.587245,154639.0
2026-01-07 17:30:00+00:00,652.61,652.79,651.73,651.82,127497.0
2026-01-07 17:35:00+00:00,651.78,652.2,650.2,652.0,234168.0
2026-01-07 17:40:00+00:00,652.05,653.05,651.92,653.05,69350.0
2026-01-07 17:45:00+00:00,652.9,653.15,652.455,652.89,91176.0
2026-01-07 17:50:00+00:00,652.835,653.15,652.16,653.045,90688.0
2026-01-07 17:55:00+00:00,653.045,653.65,652.655,653.23,72231.0
2026-01-07 18:00:00+00:00,653.35,653.41,652.75,653.1,80510.0
2026-01-07 18:05:00+00:00,653.09,653.09,652.01,652.09,73250.0
2026-01-07 18:10:00+00:00,652.09,652.78,651.87,652.51,60587.0
2026-01-07 18:15:00+00:00,652.5,652.58,651.53,652.113902,92870.0
2026-01-07 18:20:00+00:00,652.1944,652.32,651.77,652.18,45895.0
2026-01-07 18:25:00+00:00,652.18,652.38,651.7,652.18,42471.0
2026-01-07 18:30:00+00:00,652.24,652.885,651.17,652.83,119197.0
2026-01-07 18:35:00+00:00,652.8,652.91,652.1001,652.185,48662.0
2026-01-07 18:40:00+00:00,652.19,653.75,652.0,653.63,74135.0
2026-01-07 18:45:00+00:00,653.635,654.6,653.41,653.86,87674.0
2026-01-07 18:50:00+00:00,653.875,654.4899,653.6901,653.8872,82406.0
2026-01-07 18:55:00+00:00,653.88,654.01,652.43,652.465,74568.0
2026-01-07 19:00:00+00:00,652.465,652.47,651.3,651.69,90548.0
2026-01-07 19:05:00+00:00,651.62,651.63,650.855,650.915,71398.0
2026-01-07 19:10:00+00:00,650.91,651.03,649.625,650.195,80583.0
2026-01-07 19:15:00+00:00,650.195,650.235,649.45,650.21,73969.0
2026-01-07 19:20:00+00:00,650.2,650.3,649.63,649.75,83162.0
2026-01-07 19:25:00+00:00,649.7801,650.1,649.47,649.99,69130.0
2026-01-07 19:30:00+00:00,649.97,651.34,649.9,650.9693,88368.0
2026-01-07 19:35:00+00:00,651.0299,651.08,650.44,650.64,63154.0
2026-01-07 19:40:00+00:00,650.63,650.84,650.315,650.685,50103.0
2026-01-07 19:45:00+00:00,650.67,651.29,650.64,651.145,55735.0
2026-01-07 19:50:00+00:00,651.145,651.1594,650.6,650.825,56947.0
2026-01-07 19:55:00+00:00,650.8887,650.8887,650.34,650.53,60244.0
2026-01-07 20:00:00+00:00,650.61,651.25,650.44,651.25,84063.0
2026-01-07 20:05:00+00:00,651.25,651.39,650.47,650.47,62816.0
2026-01-07 20:10:00+00:00,650.47,650.53,649.25,649.3,96008.0
2026-01-07 20:15:00+00:00,649.285,649.88,649.11,649.85,103233.0
2026-01-07 20:20:00+00:00,649.83,650.21,649.3701,649.42,77750.0
2026-01-07 20:25:00+00:00,649.42,649.6199,648.94,649.29,81255.0
2026-01-07 20:30:00+00:00,649.33,649.368,648.44,648.47,126162.0
2026-01-07 20:35:00+00:00,648.45,648.895,648.0,648.785,102556.0
2026-01-07 20:40:00+00:00,648.75,649.5,648.61,649.255,102200.0
2026-01-07 20:45:00+00:00,649.17,649.41,648.73,648.85,131017.0
2026-01-07 20:50:00+00:00,648.85,649.82,648.5,648.79,275435.0
2026-01-07 20:55:00+00:00,648.62,648.98,648.41,648.66,523144.0
2026-01-07 21:00:00+00:00,648.69,648.8,648.09,648.45,118228.0
2026-01-07 21:05:00+00:00,648.2,648.3,648.0861,648.2983,2342.0
2026-01-07 21:10:00+00:00,648.34,648.69,648.3,648.6,8575.0
2026-01-07 21:15:00+00:00,648.58,648.79,648.48,648.79,2466.0
2026-01-07 21:20:00+00:00,648.8,648.8,648.5,648.55,3620.0
2026-01-07 21:25:00+00:00,648.76,648.78,648.54,648.54,2885.0
2026-01-07 21:30:00+00:00,648.576,648.99,648.576,648.99,1137.0
2026-01-07 21:35:00+00:00,648.86,649.47,648.85,649.47,554.0
2026-01-07 21:40:00+00:00,649.14,649.14,648.9,648.9,659.0
2026-01-07 21:45:00+00:00,648.9,649.0,648.73,648.7515,1315.0
2026-01-07 21:50:00+00:00,648.86,649.17,648.75,649.06,791.0
2026-01-07 21:55:00+00:00,649.04,649.16,649.0,649.1,1449.0
2026-01-07 22:00:00+00:00,649.0,649.15,649.0,649.15,718.0
2026-01-07 22:05:00+00:00,649.0,649.0,648.65,648.9,1735.0
2026-01-07 22:10:00+00:00,648.81,648.95,648.81,648.95,1624.0
2026-01-07 22:15:00+00:00,648.9,648.9,648.9,648.9,217.0
2026-01-07 22:20:00+00:00,649.0,649.0,648.68,648.9,1718.0
2026-01-07 22:30:00+00:00,648.9001,648.93,648.9,648.9,1165.0
2026-01-07 22:40:00+00:00,648.91,648.9993,648.9,648.9993,2497.0
2026-01-07 22:45:00+00:00,648.91,649.0,648.69,648.69,2103.0
2026-01-07 22:50:00+00:00,648.7,648.7,648.7,648.7,182.0
2026-01-07 22:55:00+00:00,648.98,649.0,648.98,649.0,409.0
2026-01-07 23:00:00+00:00,649.01,649.01,649.01,649.01,592.0
2026-01-07 23:05:00+00:00,649.01,649.01,648.75,648.75,1473.0
2026-01-07 23:10:00+00:00,648.75,648.91,648.75,648.9,246.0
2026-01-07 23:15:00+00:00,648.9,648.91,648.9,648.91,170.0
2026-01-07 23:25:00+00:00,648.9,649.0099,648.9,648.9,494.0
2026-01-07 23:30:00+00:00,648.92,648.92,648.91,648.91,2057.0
2026-01-07 23:35:00+00:00,649.01,649.01,649.0,649.0,875.0
2026-01-07 23:40:00+00:00,649.01,649.15,649.0001,649.07,1149.0
2026-01-07 23:45:00+00:00,649.15,649.15,649.1,649.1,618.0
2026-01-07 23:50:00+00:00,649.05,649.05,648.92,649.0,887.0
2026-01-07 23:55:00+00:00,648.9,648.9,648.9,648.9,286.0
2026-01-08 00:00:00+00:00,648.98,648.98,648.85,648.85,307.0
2026-01-08 00:10:00+00:00,648.976,648.976,648.85,648.85,376.0
2026-01-08 00:15:00+00:00,649.0,649.0,648.99,649.0,1672.0
2026-01-08 00:20:00+00:00,648.71,648.71,648.71,648.71,59.0
2026-01-08 00:25:00+00:00,648.7001,648.71,648.48,648.48,1630.0
2026-01-08 00:30:00+00:00,648.48,648.58,648.48,648.58,915.0
2026-01-08 00:35:00+00:00,648.58,648.7,648.5799,648.7,1064.0
2026-01-08 00:40:00+00:00,649.0,649.0,649.0,649.0,197.0
2026-01-08 00:45:00+00:00,649.0,649.0,648.91,649.0,415.0
2026-01-08 00:50:00+00:00,649.11,649.25,649.1099,649.25,1245.0
2026-01-08 00:55:00+00:00,649.29,649.3,649.0,649.2652,1869.0
2026-01-08 09:00:00+00:00,647.5,647.5,645.8,646.53,2550.0
2026-01-08 09:05:00+00:00,646.0,646.5,646.0,646.5,593.0
2026-01-08 09:10:00+00:00,646.0,646.0,646.0,646.0,183.0
2026-01-08 09:15:00+00:00,646.0,646.19,645.94,646.19,384.0
2026-01-08 09:20:00+00:00,645.95,645.95,645.95,645.95,92.0
2026-01-08 09:30:00+00:00,645.95,645.95,645.95,645.95,236.0
2026-01-08 09:35:00+00:00,645.95,645.95,645.5,645.5,403.0
2026-01-08 09:40:00+00:00,645.39,645.5,645.0,645.03,2726.0
2026-01-08 09:45:00+00:00,645.01,645.48,645.0,645.48,4359.0
2026-01-08 09:50:00+00:00,645.45,645.45,645.42,645.42,364.0
2026-01-08 09:55:00+00:00,645.69,645.78,645.48,645.78,585.0
2026-01-08 10:00:00+00:00,645.22,645.22,645.22,645.22,223.0
2026-01-08 10:10:00+00:00,645.47,645.47,645.4,645.46,808.0
2026-01-08 10:30:00+00:00,645.7,646.08,645.7,646.08,1514.0
2026-01-08 10:35:00+00:00,645.91,645.91,645.91,645.91,184.0
2026-01-08 10:40:00+00:00,645.9,645.9,645.9,645.9,90.0
2026-01-08 10:50:00+00:00,645.62,645.94,645.54,645.94,549.0
2026-01-08 10:55:00+00:00,645.91,645.91,645.78,645.8,714.0
2026-01-08 11:00:00+00:00,645.98,646.21,645.98,646.12,775.0
2026-01-08 11:05:00+00:00,646.1,646.1,645.91,645.91,209.0
2026-01-08 11:20:00+00:00,646.22,646.23,646.22,646.23,833.0
2026-01-08 11:30:00+00:00,645.99,645.99,645.54,645.91,2254.0
2026-01-08 11:35:00+00:00,646.01,646.15,646.0,646.0,487.0
2026-01-08 11:40:00+00:00,645.7,646.0,645.2,645.2,2798.0
2026-01-08 11:45:00+00:00,645.48,645.5,645.48,645.48,264.0
2026-01-08 11:50:00+00:00,645.48,646.0,645.43,645.93,1334.0
2026-01-08 11:55:00+00:00,646.09,646.09,646.0,646.0,526.0
2026-01-08 12:00:00+00:00,645.73,645.73,645.18,645.18,2738.0
2026-01-08 12:10:00+00:00,645.59,645.65,645.2,645.54,1327.0
2026-01-08 12:20:00+00:00,645.6,645.6,645.6,645.6,420.0
2026-01-08 12:25:00+00:00,645.61,645.66,645.6,645.62,492.0
2026-01-08 12:30:00+00:00,645.6,645.6,645.36,645.36,1675.0
2026-01-08 12:35:00+00:00,645.54,645.65,645.54,645.65,807.0
2026-01-08 12:40:00+00:00,645.54,645.64,645.54,645.63,369.0
2026-01-08 12:50:00+00:00,645.51,645.9,645.51,645.9,645.0
2026-01-08 12:55:00+00:00,645.91,645.91,645.78,645.9,1210.0
2026-01-08 13:00:00+00:00,645.99,647.25,645.01,645.9,38431.0
2026-01-08 13:05:00+00:00,645.87,646.0,645.87,646.0,3274.0
2026-01-08 13:10:00+00:00,646.0,646.11,645.87,646.0,1933.0
2026-01-08 13:15:00+00:00,645.9,646.12,645.6,645.8,4900.0
2026-01-08 13:20:00+00:00,645.8,646.32,645.8,645.8,3222.0
2026-01-08 13:25:00+00:00,646.04,646.31,645.9,646.19,2090.0
2026-01-08 13:30:00+00:00,646.22,646.39,645.9,646.02,5588.0
2026-01-08 13:35:00+00:00,646.27,646.49,646.0,646.2,3718.0
2026-01-08 13:40:00+00:00,646.1584,646.55,646.1584,646.5,1850.0
2026-01-08 13:45:00+00:00,646.47,646.59,646.06,646.18,2308.0
2026-01-08 13:50:00+00:00,646.0,646.3,646.0,646.28,2078.0
2026-01-08 13:55:00+00:00,646.2,646.4,646.0,646.3,1506.0
2026-01-08 14:00:00+00:00,646.29,646.55,646.05,646.55,6014.0
2026-01-08 14:05:00+00:00,646.4,646.56,646.35,646.49,10124.0
2026-01-08 14:10:00+00:00,646.4844,646.6881,645.82,645.82,9039.0
2026-01-08 14:15:00+00:00,645.8194,646.5,645.75,645.75,7695.0
2026-01-08 14:20:00+00:00,645.68,645.9668,645.68,645.93,4650.0
2026-01-08 14:25:00+00:00,646.59,646.91,645.6,645.6,6521.0
2026-01-08 14:30:00+00:00,645.88,645.96,636.62,638.6,854935.0
2026-01-08 14:35:00+00:00,638.6,640.31,638.22,638.665,373715.0
2026-01-08 14:40:00+00:00,638.53,639.38,635.93,636.72,349177.0
2026-01-08 14:45:00+00:00,636.8,639.4999,635.72,638.049,341651.0
2026-01-08 14:50:00+00:00,638.04,640.5,637.51,638.855,218039.0
2026-01-08 14:55:00+00:00,638.855,639.0,636.3,636.615,217056.0
2026-01-08 15:00:00+00:00,636.62,638.33,636.1,638.23,215137.0
2026-01-08 15:05:00+00:00,638.13,641.48,637.9401,640.6,222922.0
2026-01-08 15:10:00+00:00,640.6,641.9199,639.82,640.43,200317.0
2026-01-08 15:15:00+00:00,640.43,641.4499,639.87,641.235,123451.0
2026-01-08 15:20:00+00:00,641.23,642.21,641.1,641.96,117944.0
2026-01-08 15:25:00+00:00,641.98,642.7599,641.62,642.01,125719.0
2026-01-08 15:30:00+00:00,641.85,642.2899,641.3,641.615,101919.0
2026-01-08 15:35:00+00:00,641.68,642.5,640.8,642.42,114367.0
2026-01-08 15:40:00+00:00,642.395,644.18,642.2,643.91,240579.0
2026-01-08 15:45:00+00:00,643.87,644.69,643.5,644.25,165436.0
2026-01-08 15:50:00+00:00,644.2733,644.81,642.7,643.2,117194.0
2026-01-08 15:55:00+00:00,643.13,644.51,642.5,644.295,91330.0
2026-01-08 16:00:00+00:00,644.3943,644.4,643.61,644.2498,60911.0
2026-01-08 16:05:00+00:00,644.143,644.3,643.101,643.59,79229.0
2026-01-08 16:10:00+00:00,643.54,644.1699,642.97,643.8,73789.0
2026-01-08 16:15:00+00:00,643.6862,644.13,643.2201,644.01,77614.0
2026-01-08 16:20:00+00:00,644.15,645.03,644.1,644.1,92789.0
2026-01-08 16:25:00+00:00,644.04,644.14,642.89,642.89,127211.0
2026-01-08 16:30:00+00:00,642.8,643.31,642.6,642.6,82878.0
2026-01-08 16:35:00+00:00,642.59,642.7,641.08,642.04,124621.0
2026-01-08 16:40:00+00:00,642.01,643.6,641.9,643.48,78547.0
2026-01-08 16:45:00+00:00,643.47,644.6399,643.32,644.35,71208.0
2026-01-08 16:50:00+00:00,644.34,644.45,643.49,643.6375,62538.0
2026-01-08 16:55:00+00:00,643.685,644.17,643.55,644.15,53243.0
2026-01-08 17:00:00+00:00,644.18,644.3,643.6,643.64,45300.0
2026-01-08 17:05:00+00:00,643.64,643.88,643.14,643.7105,61190.0
2026-01-08 17:10:00+00:00,643.675,643.79,643.2335,643.58,83387.0
2026-01-08 17:15:00+00:00,643.535,644.19,643.2754,643.94,66825.0
2026-01-08 17:20:00+00:00,643.915,644.095,643.24,643.37,50763.0
2026-01-08 17:25:00+00:00,643.3701,643.69,643.2001,643.2701,142322.0
2026-01-08 17:30:00+00:00,643.3,644.05,643.01,644.0238,65426.0
2026-01-08 17:35:00+00:00,644.08,644.57,644.03,644.395,57385.0
2026-01-08 17:40:00+00:00,644.395,644.45,643.76,643.77,54405.0
2026-01-08 17:45:00+00:00,643.79,644.08,643.29,644.08,81423.0
2026-01-08 17:50:00+00:00,644.038,644.4,643.73,643.97,52196.0
2026-01-08 17:55:00+00:00,644.08,644.08,642.45,642.55,55802.0
2026-01-08 18:00:00+00:00,642.57,642.85,642.16,642.68,66269.0
2026-01-08 18:05:00+00:00,642.6,642.6,641.52,641.67,60059.0
2026-01-08 18:10:00+00:00,641.7,641.79,640.8,640.96,57317.0
2026-01-08 18:15:00+00:00,640.96,641.77,640.79,641.61,75903.0
2026-01-08 18:20:00+00:00,641.63,641.68,640.975,641.055,65082.0
2026-01-08 18:25:00+00:00,641.13,641.5,641.0001,641.205,51351.0
2026-01-08 18:30:00+00:00,641.215,641.4,640.8,640.95,59928.0
2026-01-08 18:35:00+00:00,640.9,641.49,640.82,641.07,66547.0
2026-01-08 18:40:00+00:00,641.07,642.2499,641.03,642.01,97209.0
2026-01-08 18:45:00+00:00,642.03,642.55,641.92,642.27,65579.0
2026-01-08 18:50:00+00:00,642.27,642.435,642.055,642.0927,61591.0
2026-01-08 18:55:00+00:00,642.02,642.09,641.55,641.75,74920.0
2026-01-08 19:00:00+00:00,641.7,642.65,641.42,642.47,123516.0
2026-01-08 19:05:00+00:00,642.46,643.74,642.27,642.88,143897.0
2026-01-08 19:10:00+00:00,642.92,643.19,642.36,642.744,63235.0
2026-01-08 19:15:00+00:00,642.78,643.4,642.14,643.285,60184.0
2026-01-08 19:20:00+00:00,643.285,644.33,643.16,643.99,74734.0
2026-01-08 19:25:00+00:00,643.975,644.06,643.4,643.53,43643.0
2026-01-08 19:30:00+00:00,643.55,644.42,643.53,644.1825,65536.0
2026-01-08 19:35:00+00:00,644.2,644.6044,643.8,644.37,95214.0
2026-01-08 19:40:00+00:00,644.38,644.445,643.6,644.01,79858.0
2026-01-08 19:45:00+00:00,643.97,644.39,643.7713,644.1101,61844.0
2026-01-08 19:50:00+00:00,644.0925,644.12,643.735,643.845,51342.0
2026-01-08 19:55:00+00:00,643.78,644.29,643.6,644.13,65516.0
2026-01-08 20:00:00+00:00,644.2025,645.08,644.02,644.3776,87867.0
2026-01-08 20:05:00+00:00,644.3,644.62,643.8001,644.51,80299.0
2026-01-08 20:10:00+00:00,644.55,645.0,644.36,645.0,74334.0
2026-01-08 20:15:00+00:00,644.94,645.1399,644.3157,644.3374,101965.0
2026-01-08 20:20:00+00:00,644.28,645.2,644.07,644.82,137521.0
2026-01-08 20:25:00+00:00,644.85,645.0861,644.715,644.84,94792.0
2026-01-08 20:30:00+00:00,644.87,646.21,644.84,646.205,125395.0
2026-01-08 20:35:00+00:00,646.205,646.9,646.03,646.865,171919.0
2026-01-08 20:40:00+00:00,646.895,647.102,645.5,645.955,140440.0
2026-01-08 20:45:00+00:00,645.955,646.17,645.4001,646.04,90310.0
2026-01-08 20:50:00+00:00,646.03,646.34,645.24,646.29,167210.0
2026-01-08 20:55:00+00:00,646.23,646.76,645.82,646.01,349735.0
2026-01-08 21:00:00+00:00,646.06,647.0,645.0,645.0,102589.0
2026-01-08 21:05:00+00:00,645.98,646.06,645.5,645.88,2979.0
2026-01-08 21:10:00+00:00,645.9,646.49,645.88,646.49,596.0
2026-01-08 21:15:00+00:00,645.769,646.0,645.75,645.75,1299.0
2026-01-08 21:20:00+00:00,645.85,646.08,645.75,646.08,2273.0
2026-01-08 21:25:00+00:00,646.1492,646.3,646.09,646.3,725.0
2026-01-08 21:30:00+00:00,646.064,646.168,646.0,646.168,479.0
2026-01-08 21:35:00+00:00,646.0,646.42,646.0,646.42,1256.0
2026-01-08 21:40:00+00:00,646.5,646.75,646.4,646.4,1513.0
2026-01-08 21:45:00+00:00,646.14,646.77,646.14,646.34,875.0
2026-01-08 21:50:00+00:00,646.15,646.2,646.15,646.1628,1094.0
2026-01-08 21:55:00+00:00,646.15,646.15,646.0,646.0,915.0
2026-01-08 22:00:00+00:00,646.25,646.25,646.05,646.15,373.0
2026-01-08 22:05:00+00:00,646.06,646.1,646.06,646.1,305.0
2026-01-08 22:10:00+00:00,646.1014,646.1014,646.1,646.1,151.0
2026-01-08 22:15:00+00:00,646.18,646.18,645.7964,645.7964,1115.0
2026-01-08 22:20:00+00:00,646.0,646.0,645.6167,645.6167,162.0
2026-01-08 22:25:00+00:00,645.58,645.58,645.58,645.58,64.0
2026-01-08 22:30:00+00:00,645.58,646.0,645.58,645.7603,648.0
2026-01-08 22:35:00+00:00,645.96,645.98,645.96,645.98,235.0
2026-01-08 22:40:00+00:00,645.87,645.98,645.87,645.98,384.0
2026-01-08 22:45:00+00:00,645.99,646.04,645.99,646.04,572.0
2026-01-08 22:50:00+00:00,646.03,646.04,646.03,646.04,236.0
2026-01-08 22:55:00+00:00,645.7508,646.0,645.7508,646.0,478.0
2026-01-08 23:00:00+00:00,645.96,646.12,645.94,645.94,329.0
2026-01-08 23:05:00+00:00,646.04,646.04,646.0,646.0,250.0
2026-01-08 23:10:00+00:00,646.02,646.1,646.02,646.1,221.0
2026-01-08 23:15:00+00:00,646.01,646.01,646.01,646.01,418.0
2026-01-08 23:25:00+00:00,645.58,645.77,645.58,645.77,123.0
2026-01-08 23:35:00+00:00,645.7,645.7,645.57,645.57,897.0
2026-01-08 23:40:00+00:00,645.5,645.5,645.5,645.5,156.0
2026-01-08 23:45:00+00:00,645.5,645.5,644.8,645.0,2442.0
2026-01-08 23:50:00+00:00,644.97,644.97,644.67,644.7,461.0
2026-01-08 23:55:00+00:00,644.7,644.75,644.7,644.7,921.0
2026-01-09 00:00:00+00:00,644.75,644.9,644.5,644.76,730.0
2026-01-09 00:05:00+00:00,644.6,644.6,644.1,644.1,942.0
2026-01-09 00:10:00+00:00,644.0,644.5,644.0,644.37,961.0
2026-01-09 00:20:00+00:00,644.4,644.85,644.33,644.8,1890.0
2026-01-09 00:25:00+00:00,644.3301,644.51,644.3301,644.5,777.0
2026-01-09 00:30:00+00:00,644.7,644.7,644.7,644.7,233.0
2026-01-09 00:35:00+00:00,644.55,644.8,644.53,644.53,537.0
2026-01-09 00:40:00+00:00,644.5,644.78,644.5,644.78,132.0
2026-01-09 00:45:00+00:00,644.8,644.8,644.45,644.7,767.0
2026-01-09 00:50:00+00:00,644.9799,644.9799,644.6,644.6,430.0
2026-01-09 00:55:00+00:00,644.6,644.6,644.48,644.48,494.0
2026-01-09 09:00:00+00:00,644.0,645.0,644.0,644.3,1221.0
2026-01-09 09:05:00+00:00,644.0,644.0,643.88,643.88,593.0
2026-01-09 09:10:00+00:00,643.97,644.36,643.97,644.23,875.0
2026-01-09 09:15:00+00:00,644.13,644.13,643.74,643.78,850.0
2026-01-09 09:20:00+00:00,643.62,643.62,643.2,643.2,533.0
2026-01-09 09:25:00+00:00,643.95,644.0,643.95,644.0,356.0
2026-01-09 09:30:00+00:00,644.19,644.19,644.19,644.19,190.0
2026-01-09 09:35:00+00:00,644.35,644.35,643.71,643.71,885.0
2026-01-09 09:40:00+00:00,643.99,643.99,643.97,643.97,333.0
2026-01-09 09:45:00+00:00,643.6,644.02,643.6,644.02,340.0
2026-01-09 09:50:00+00:00,644.0,644.42,644.0,644.42,397.0
2026-01-09 09:55:00+00:00,644.28,644.3,644.28,644.3,237.0
2026-01-09 10:00:00+00:00,644.3,644.3,644.18,644.18,448.0
2026-01-09 10:10:00+00:00,644.42,644.42,644.42,644.42,122.0
2026-01-09 10:20:00+00:00,644.53,644.53,644.53,644.53,192.0
2026-01-09 10:25:00+00:00,644.63,644.63,644.5,644.5,329.0
2026-01-09 10:35:00+00:00,644.73,644.91,644.59,644.59,542.0
2026-01-09 10:40:00+00:00,644.5,644.5,643.6,643.6,1449.0
2026-01-09 10:45:00+00:00,643.82,644.5,643.81,644.5,563.0
2026-01-09 10:50:00+00:00,644.31,644.31,644.31,644.31,386.0
2026-01-09 11:00:00+00:00,644.09,645.48,644.09,644.74,2512.0
2026-01-09 11:05:00+00:00,645.4,645.45,645.06,645.29,582.0
2026-01-09 11:10:00+00:00,645.02,645.02,645.02,645.02,368.0
2026-01-09 11:15:00+00:00,644.94,644.94,644.9,644.94,563.0
2026-01-09 11:20:00+00:00,644.94,645.2,644.94,645.2,553.0
2026-01-09 11:25:00+00:00,645.2,645.56,645.2,645.2,2010.0
2026-01-09 11:35:00+00:00,645.5,645.9,645.5,645.9,437.0
2026-01-09 11:50:00+00:00,645.4,645.4,645.07,645.1,1205.0
2026-01-09 11:55:00+00:00,645.0,645.0,645.0,645.0,150.0
2026-01-09 12:00:00+00:00,644.98,645.12,644.98,645.12,669.0
2026-01-09 12:05:00+00:00,645.26,645.28,645.2,645.24,885.0
2026-01-09 12:10:00+00:00,645.14,645.14,644.93,644.99,1490.0
2026-01-09 12:15:00+00:00,645.01,645.01,645.01,645.01,237.0
2026-01-09 12:20:00+00:00,644.9,644.9,644.9,644.9,130.0
2026-01-09 12:25:00+00:00,644.9,644.97,644.9,644.97,499.0
2026-01-09 12:30:00+00:00,645.0,645.0,644.61,644.64,744.0
2026-01-09 12:35:00+00:00,644.31,644.31,644.1,644.31,687.0
2026-01-09 12:40:00+00:00,644.27,644.52,644.27,644.45,1184.0
2026-01-09 12:45:00+00:00,644.45,644.8,644.38,644.8,756.0
2026-01-09 12:50:00+00:00,645.0,645.0,644.46,644.75,1238.0
2026-01-09 12:55:00+00:00,644.95,645.65,644.95,645.0,2843.0
2026-01-09 13:00:00+00:00,645.01,646.0,643.5,644.78,21904.0
2026-01-09 13:05:00+00:00,644.7,645.82,644.7,645.5559,3231.0
2026-01-09 13:10:00+00:00,645.43,645.57,645.36,645.45,1493.0
2026-01-09 13:15:00+00:00,645.17,645.2,644.9,645.2,1546.0
2026-01-09 13:20:00+00:00,645.07,645.5,644.76,645.0,2009.0
2026-01-09 13:25:00+00:00,645.34,645.9,644.75,645.9,3264.0
2026-01-09 13:30:00+00:00,645.9,647.2,645.79,647.0,9542.0
2026-01-09 13:35:00+00:00,646.7,647.8,646.62,647.4,5008.0
2026-01-09 13:40:00+00:00,647.3,647.6,647.02,647.5,2724.0
2026-01-09 13:45:00+00:00,647.63,648.5,647.45,648.06,9414.0
2026-01-09 13:50:00+00:00,648.07,648.07,646.92,647.5,6865.0
2026-01-09 13:55:00+00:00,647.6,647.99,647.49,647.99,990.0
2026-01-09 14:00:00+00:00,647.97,647.98,647.5,647.6,3516.0
2026-01-09 14:05:00+00:00,647.5,647.7312,647.08,647.08,3881.0
2026-01-09 14:10:00+00:00,647.42,647.53,646.76,646.81,4477.0
2026-01-09 14:15:00+00:00,647.53,647.68,645.8,646.8812,6238.0
2026-01-09 14:20:00+00:00,646.49,646.4987,645.26,645.97,5592.0
2026-01-09 14:25:00+00:00,645.8616,646.49,645.38,645.45,6396.0
2026-01-09 14:30:00+00:00,645.435,647.045,643.64,646.15,354911.0
2026-01-09 14:35:00+00:00,646.53,651.0,646.22,649.24,439925.0
2026-01-09 14:40:00+00:00,649.34,650.26,646.195,646.69,226533.0
2026-01-09 14:45:00+00:00,646.8,647.56,645.78,646.68,229268.0
2026-01-09 14:50:00+00:00,646.78,647.005,645.4,646.77,161465.0
2026-01-09 14:55:00+00:00,646.62,647.88,646.38,647.56,156711.0
2026-01-09 15:00:00+00:00,647.45,648.41,646.6,647.46,211306.0
2026-01-09 15:05:00+00:00,647.58,647.74,642.85,643.63,232045.0
2026-01-09 15:10:00+00:00,643.56,646.49,643.5,645.6,187617.0
2026-01-09 15:15:00+00:00,645.5801,647.98,645.5801,647.32,126708.0
2026-01-09 15:20:00+00:00,647.395243,649.0599,646.87,648.66,170724.0
2026-01-09 15:25:00+00:00,648.675,649.76,648.26,649.26,152982.0
2026-01-09 15:30:00+00:00,649.25,651.68,649.13,651.3,241724.0
2026-01-09 15:35:00+00:00,651.42,651.96,650.13,651.06,147922.0
2026-01-09 15:40:00+00:00,651.01,651.25,649.28,649.28,283654.0
2026-01-09 15:45:00+00:00,649.23,650.39,648.6751,648.6751,146137.0
2026-01-09 15:50:00+00:00,648.645,650.15,648.645,649.15,144307.0
2026-01-09 15:55:00+00:00,649.085,651.0,648.97,650.38,98849.0
2026-01-09 16:00:00+00:00,650.505,651.75,650.505,651.605,97022.0
2026-01-09 16:05:00+00:00,651.605,653.37,651.18,653.25,248373.0
2026-01-09 16:10:00+00:00,653.26,654.6,652.88,654.255,261738.0
2026-01-09 16:15:00+00:00,654.2508,654.38,653.85,654.11,141872.0
2026-01-09 16:20:00+00:00,654.16,654.4,653.5,654.04,134633.0
2026-01-09 16:25:00+00:00,654.06,654.95,653.91,654.515,121859.0
2026-01-09 16:30:00+00:00,654.4609,654.515,652.44,652.49,135042.0
2026-01-09 16:35:00+00:00,652.54,652.6875,651.83,652.09,108805.0
2026-01-09 16:40:00+00:00,652.2,652.79,651.57,651.825,78430.0
2026-01-09 16:45:00+00:00,651.777,652.88,651.34,652.85,110266.0
2026-01-09 16:50:00+00:00,652.8462,653.25,652.4,652.79,100098.0
2026-01-09 16:55:00+00:00,652.79,652.94,652.12,652.14,62694.0
2026-01-09 17:00:00+00:00,652.13,652.75,651.74,652.635,73012.0
2026-01-09 17:05:00+00:00,652.71,652.82,651.8852,652.21,66512.0
2026-01-09 17:10:00+00:00,652.23,652.31,651.44,651.575,93483.0
2026-01-09 17:15:00+00:00,651.56,651.58,650.74,650.75,117642.0
2026-01-09 17:20:00+00:00,650.73,651.4,650.61,651.255,80685.0
2026-01-09 17:25:00+00:00,651.19,651.45,651.0,651.4,57750.0
2026-01-09 17:30:00+00:00,651.3,651.75,651.0,651.66,87320.0
2026-01-09 17:35:00+00:00,651.585,651.78,651.315,651.525,54562.0
2026-01-09 17:40:00+00:00,651.45,651.8,651.2,651.66,74875.0
2026-01-09 17:45:00+00:00,651.78,652.56,651.67,652.22,58306.0
2026-01-09 17:50:00+00:00,652.2699,652.79,652.0,652.1611,73883.0
2026-01-09 17:55:00+00:00,652.17,652.7688,652.0,652.505,61295.0
2026-01-09 18:00:00+00:00,652.42,652.635,651.88,652.12,78981.0
2026-01-09 18:05:00+00:00,651.9911,652.115,651.39,651.44,50234.0
2026-01-09 18:10:00+00:00,651.5,651.8066,651.19,651.54,57890.0
2026-01-09 18:15:00+00:00,651.55,651.66,651.14,651.21,66108.0
2026-01-09 18:20:00+00:00,651.2001,651.65,650.6987,651.06,98963.0
2026-01-09 18:25:00+00:00,651.0918,651.3999,650.91,651.32,58297.0
2026-01-09 18:30:00+00:00,651.24,652.1399,650.94,651.58,88044.0
2026-01-09 18:35:00+00:00,651.63,652.55,651.63,652.355,80991.0
2026-01-09 18:40:00+00:00,652.395,652.52,651.56,651.56,48807.0
2026-01-09 18:45:00+00:00,651.7699,652.0,651.42,652.0,35579.0
2026-01-09 18:50:00+00:00,652.06,652.085,651.78,651.94,58943.0
2026-01-09 18:55:00+00:00,651.95,652.21,651.75,652.14,60398.0
2026-01-09 19:00:00+00:00,652.14,652.575,652.105,652.335,86560.0
2026-01-09 19:05:00+00:00,652.335,652.69,652.24,652.49,74884.0
2026-01-09 19:10:00+00:00,652.49,652.87,652.31,652.365,117513.0
2026-01-09 19:15:00+00:00,652.365,653.39,652.195,653.07,113174.0
2026-01-09 19:20:00+00:00,652.95,653.7,652.0,652.33,126794.0
2026-01-09 19:25:00+00:00,652.41,653.0,652.17,652.69,74087.0
2026-01-09 19:30:00+00:00,652.74,652.795,651.94,651.98,107136.0
2026-01-09 19:35:00+00:00,652.03,652.5,651.96,652.2725,65238.0
2026-01-09 19:40:00+00:00,652.295,653.09,652.2,652.85,126675.0
2026-01-09 19:45:00+00:00,652.81,652.95,652.4601,652.63,71840.0
2026-01-09 19:50:00+00:00,652.73,653.04,652.31,652.425,67407.0
2026-01-09 19:55:00+00:00,652.412,652.412,651.315,651.32,82934.0
2026-01-09 20:00:00+00:00,651.4,651.6796,650.675,651.5,108061.0
2026-01-09 20:05:00+00:00,651.4519,651.83,650.86,651.62,53777.0
2026-01-09 20:10:00+00:00,651.67,651.9235,651.35,651.48,68195.0
2026-01-09 20:15:00+00:00,651.475,651.68,651.12,651.17,101209.0
2026-01-09 20:20:00+00:00,651.2,651.85,650.79,651.84,105886.0
2026-01-09 20:25:00+00:00,651.75,652.47,651.73,651.8864,115602.0
2026-01-09 20:30:00+00:00,651.8835,652.346,651.77,652.21,59588.0
2026-01-09 20:35:00+00:00,652.19,652.24,651.77,652.0801,81625.0
2026-01-09 20:40:00+00:00,652.24,652.4,651.9301,652.12,104963.0
2026-01-09 20:45:00+00:00,652.12,652.62,651.71,651.98,111301.0
2026-01-09 20:50:00+00:00,651.94,654.3,651.89,654.065,343149.0
2026-01-09 20:55:00+00:00,654.0,654.3,652.81,653.01,481584.0
2026-01-09 21:00:00+00:00,653.06,653.74,652.1777,652.7,168564.0
2026-01-09 21:05:00+00:00,653.08,653.1,652.92,653.05,2488.0
2026-01-09 21:10:00+00:00,652.9,653.06,652.6,652.6,6123.0
2026-01-09 21:15:00+00:00,652.69,652.79,652.56,652.56,1092.0
2026-01-09 21:20:00+00:00,652.64,652.7429,652.5,652.62,1769.0
2026-01-09 21:25:00+00:00,652.5,652.65,652.49,652.5,1688.0
2026-01-09 21:30:00+00:00,652.5,652.85,652.5,652.8,2280.0
2026-01-09 21:35:00+00:00,652.556,652.556,652.5,652.51,435.0
2026-01-09 21:40:00+00:00,652.6,652.85,652.6,652.73,1532.0
2026-01-09 21:45:00+00:00,652.53,653.14,652.53,653.14,2602.0
2026-01-09 21:50:00+00:00,653.01,653.01,652.5,652.5,626.0
2026-01-09 21:55:00+00:00,653.01,653.06,653.0,653.0,841.0
2026-01-09 22:00:00+00:00,652.869,652.99,652.869,652.99,318.0
2026-01-09 22:10:00+00:00,652.7,652.7,652.7,652.7,124.0
2026-01-09 22:15:00+00:00,652.7,652.71,652.67,652.7,526.0
2026-01-09 22:20:00+00:00,652.79,652.8467,652.79,652.8467,291.0
2026-01-09 22:25:00+00:00,652.9201,652.9201,652.9201,652.9201,132.0
2026-01-09 22:30:00+00:00,653.2,653.2,653.1413,653.1413,1033.0
2026-01-09 22:35:00+00:00,653.3,653.3,653.16,653.22,492.0
2026-01-09 22:40:00+00:00,652.9,653.16,652.9,653.11,628.0
2026-01-09 22:45:00+00:00,653.25,653.25,653.25,653.25,104.0
2026-01-09 22:50:00+00:00,653.35,653.35,653.3,653.35,3130.0
2026-01-09 22:55:00+00:00,653.32,653.79,653.32,653.79,1868.0
2026-01-09 23:00:00+00:00,653.67,653.81,653.6,653.8001,1239.0
2026-01-09 23:05:00+00:00,653.87,653.98,653.87,653.98,1113.0
2026-01-09 23:10:00+00:00,653.98,654.0,653.98,653.98,566.0
2026-01-09 23:15:00+00:00,653.8,653.8,653.51,653.74,1373.0
2026-01-09 23:20:00+00:00,653.51,653.7575,653.51,653.7575,439.0
2026-01-09 23:25:00+00:00,653.6509,653.665,653.5,653.5,869.0
2026-01-09 23:30:00+00:00,653.67,653.8,653.67,653.7406,958.0
2026-01-09 23:35:00+00:00,653.8,653.8,653.6,653.6,1210.0
2026-01-09 23:40:00+00:00,653.61,653.61,653.55,653.55,197.0
2026-01-09 23:50:00+00:00,653.68,653.8,653.68,653.8,770.0
2026-01-09 23:55:00+00:00,653.78,653.78,653.78,653.78,124.0
2026-01-10 00:00:00+00:00,653.5,653.78,653.5,653.5001,462.0
2026-01-10 00:05:00+00:00,653.7564,653.8,653.75,653.79,938.0
2026-01-10 00:10:00+00:00,653.8,653.8,653.75,653.75,260.0
2026-01-10 00:15:00+00:00,653.5,653.5,652.99,653.06,1249.0
2026-01-10 00:20:00+00:00,652.5247,653.0,652.5247,653.0,1124.0
2026-01-10 00:25:00+00:00,652.99,653.0,652.8,653.0,144.0
2026-01-10 00:40:00+00:00,652.91,652.91,652.91,652.91,229.0
2026-01-10 00:45:00+00:00,653.0,653.0,653.0,653.0,364.0
2026-01-10 00:55:00+00:00,653.24,653.24,653.01,653.1,621.0
2026-01-12 09:00:00+00:00,648.75,648.75,645.85,646.18,6631.0
2026-01-12 09:05:00+00:00,646.0,647.0,646.0,647.0,2086.0
2026-01-12 09:10:00+00:00,647.0,647.33,646.7,646.7,2727.0
2026-01-12 09:15:00+00:00,646.98,647.16,646.7,646.7,3315.0
2026-01-12 09:20:00+00:00,646.7,646.81,646.0,646.08,2626.0
2026-01-12 09:25:00+00:00,646.0,646.0,645.5,645.52,885.0
2026-01-12 09:30:00+00:00,645.54,646.0,645.5,645.86,1949.0
2026-01-12 09:35:00+00:00,645.81,646.0,645.55,646.0,1386.0
2026-01-12 09:40:00+00:00,646.02,646.02,645.38,645.5,2380.0
2026-01-12 09:45:00+00:00,645.5,645.66,645.5,645.51,1229.0
2026-01-12 09:50:00+00:00,645.48,646.03,645.4,645.53,2678.0
2026-01-12 09:55:00+00:00,645.95,646.0,645.53,645.53,1317.0
2026-01-12 10:00:00+00:00,645.53,645.53,645.5,645.51,808.0
2026-01-12 10:05:00+00:00,645.51,645.6,645.5,645.5,603.0
2026-01-12 10:10:00+00:00,645.5,645.51,645.5,645.51,873.0
2026-01-12 10:15:00+00:00,645.51,645.51,645.51,645.51,187.0
2026-01-12 10:20:00+00:00,645.68,645.68,645.26,645.35,1470.0
2026-01-12 10:30:00+00:00,645.58,646.01,645.58,646.0,1073.0
2026-01-12 10:35:00+00:00,645.99,645.99,645.78,645.8,812.0
2026-01-12 10:40:00+00:00,645.8,645.8,645.8,645.8,110.0
2026-01-12 10:45:00+00:00,645.8,646.16,645.8,645.81,1127.0
2026-01-12 10:50:00+00:00,646.0,646.03,646.0,646.03,528.0
2026-01-12 11:00:00+00:00,646.0,646.08,645.85,646.08,1265.0
2026-01-12 11:05:00+00:00,645.78,645.99,645.7,645.88,934.0
2026-01-12 11:10:00+00:00,646.38,646.48,646.38,646.48,368.0
2026-01-12 11:15:00+00:00,646.5,646.52,645.79,645.79,790.0
2026-01-12 11:20:00+00:00,645.85,646.0,645.85,646.0,707.0
2026-01-12 11:30:00+00:00,646.03,646.03,646.03,646.03,198.0
2026-01-12 11:40:00+00:00,646.28,646.47,646.28,646.47,518.0
2026-01-12 11:50:00+00:00,646.29,646.5,646.29,646.5,930.0
2026-01-12 11:55:00+00:00,646.74,646.88,646.5,646.88,793.0
2026-01-12 12:00:00+00:00,646.94,647.0,646.3,647.0,3140.0
2026-01-12 12:05:00+00:00,647.12,647.32,646.81,646.81,1178.0
2026-01-12 12:10:00+00:00,646.99,647.41,646.99,647.41,1252.0
2026-01-12 12:20:00+00:00,647.49,647.62,647.49,647.6,860.0
2026-01-12 12:25:00+00:00,647.35,647.35,647.12,647.12,312.0
2026-01-12 12:30:00+00:00,647.46,647.52,647.46,647.52,1004.0
2026-01-12 12:35:00+00:00,647.6,647.6,647.0,647.0,1443.0
2026-01-12 12:40:00+00:00,647.28,647.28,647.28,647.28,246.0
2026-01-12 12:45:00+00:00,647.29,647.3,647.26,647.26,526.0
2026-01-12 12:50:00+00:00,647.36,647.5,647.36,647.5,251.0
2026-01-12 12:55:00+00:00,647.57,647.57,647.47,647.5,953.0
2026-01-12 13:00:00+00:00,646.725,647.99,644.42,647.78,38175.0
2026-01-12 13:05:00+00:00,648.0,648.0,647.17,647.17,5490.0
2026-01-12 13:10:00+00:00,647.6974,647.6974,647.15,647.25,1365.0
2026-01-12 13:15:00+00:00,647.2678,647.81,647.2678,647.53,1328.0
2026-01-12 13:20:00+00:00,647.55,647.8644,647.5,647.8319,3143.0
2026-01-12 13:25:00+00:00,647.88,648.8,647.85,648.02,1583.0
2026-01-12 13:30:00+00:00,648.06,648.27,647.95,648.13,4271.0
2026-01-12 13:35:00+00:00,648.23,648.5,648.23,648.5,1159.0
2026-01-12 13:40:00+00:00,648.8324,648.8324,647.99,647.99,2135.0
2026-01-12 13:45:00+00:00,648.18,648.37,647.5,647.5,4036.0
2026-01-12 13:50:00+00:00,647.56,648.0,647.56,647.8,1770.0
2026-01-12 13:55:00+00:00,647.9,648.5,647.9,648.05,4655.0
2026-01-12 14:00:00+00:00,648.25,648.64,648.0,648.17,6828.0
2026-01-12 14:05:00+00:00,648.05,657.0,648.05,651.54,350603.0
2026-01-12 14:10:00+00:00,651.98,651.98,649.5524,649.99,17906.0
2026-01-12 14:15:00+00:00,650.0,650.02,649.0,649.78,13596.0
2026-01-12 14:20:00+00:00,650.0,650.0,648.6,649.0,6592.0
2026-01-12 14:25:00+00:00,650.09,654.0,649.16,652.55,24391.0
2026-01-12 14:30:00+00:00,652.525,653.39,650.09,653.27,435040.0
2026-01-12 14:35:00+00:00,653.115,653.97,648.52,649.28,238302.0
2026-01-12 14:40:00+00:00,649.315,650.34,648.0,650.09,276575.0
2026-01-12 14:45:00+00:00,650.16,650.8699,648.155,649.565,203283.0
2026-01-12 14:50:00+00:00,649.58,649.99,648.1,648.34,134902.0
2026-01-12 14:55:00+00:00,648.42,649.31,647.55,648.045,164023.0
2026-01-12 15:00:00+00:00,647.83,648.843,646.66,646.735,185173.0
2026-01-12 15:05:00+00:00,646.735,647.8,646.705,647.19,123691.0
2026-01-12 15:10:00+00:00,647.05,648.25,647.05,647.77,122729.0
2026-01-12 15:15:00+00:00,647.6325,648.63,647.62,648.23,112794.0
2026-01-12 15:20:00+00:00,648.26,649.35,648.23,648.43,126749.0
2026-01-12 15:25:00+00:00,648.415,648.83,647.5,647.675,113901.0
2026-01-12 15:30:00+00:00,647.6921,647.8,646.86,647.0,144258.0
2026-01-12 15:35:00+00:00,647.0,647.9599,646.69,647.54,519071.0
2026-01-12 15:40:00+00:00,647.43,647.75,645.5,645.81,213106.0
2026-01-12 15:45:00+00:00,645.91,646.75,645.43,646.667,153883.0
2026-01-12 15:50:00+00:00,646.69,647.18,646.2501,647.17,63976.0
2026-01-12 15:55:00+00:00,647.07,648.08,646.92,647.25,119548.0
2026-01-12 16:00:00+00:00,647.33,647.8499,646.83,647.59,61014.0
2026-01-12 16:05:00+00:00,647.54,649.0718,647.535,648.6318,97649.0
2026-01-12 16:10:00+00:00,648.6575,649.12,648.23,649.095,83222.0
2026-01-12 16:15:00+00:00,649.09,649.25,648.2,648.245,64504.0
2026-01-12 16:20:00+00:00,648.2807,648.44,647.45,648.025,93549.0
2026-01-12 16:25:00+00:00,648.025,648.29,647.59,648.02,84342.0
2026-01-12 16:30:00+00:00,648.045,648.0799,647.4201,647.74,63189.0
2026-01-12 16:35:00+00:00,647.695,648.51,647.58,648.5,64635.0
2026-01-12 16:40:00+00:00,648.54,649.0,648.01,648.185,71782.0
2026-01-12 16:45:00+00:00,648.1,649.12,647.6151,649.025,182613.0
2026-01-12 16:50:00+00:00,649.11,649.9499,648.96,649.68,151260.0
2026-01-12 16:55:00+00:00,649.591,650.0999,649.39,649.7,171201.0
2026-01-12 17:00:00+00:00,649.605,650.97,649.39,650.69,139393.0
2026-01-12 17:05:00+00:00,650.7,650.9,650.18,650.4525,98707.0
2026-01-12 17:10:00+00:00,650.45,650.78,650.01,650.2,111746.0
2026-01-12 17:15:00+00:00,650.12,650.82,649.51,649.585,118725.0
2026-01-12 17:20:00+00:00,649.56,650.0776,648.67,648.835,87674.0
2026-01-12 17:25:00+00:00,648.825,649.55,648.22,649.43,71940.0
2026-01-12 17:30:00+00:00,649.32,649.7042,649.0701,649.3177,48919.0
2026-01-12 17:35:00+00:00,649.25,649.5899,648.81,648.86,64078.0
2026-01-12 17:40:00+00:00,648.925,649.24,648.45,648.635,59337.0
2026-01-12 17:45:00+00:00,648.63,649.0,648.48,648.81,47147.0
2026-01-12 17:50:00+00:00,648.81,648.9699,648.07,648.195,54758.0
2026-01-12 17:55:00+00:00,648.07,648.445,647.8631,648.32,88860.0
2026-01-12 18:00:00+00:00,648.35,648.62,647.1,647.245,91793.0
2026-01-12 18:05:00+00:00,647.245,648.49,646.62,648.1651,126300.0
2026-01-12 18:10:00+00:00,648.165,648.389,647.78,647.84,46359.0
2026-01-12 18:15:00+00:00,647.9,648.0,647.68,647.82,40793.0
2026-01-12 18:20:00+00:00,647.792,647.99,647.61,647.8,42388.0
2026-01-12 18:25:00+00:00,647.86,647.91,647.31,647.41,66797.0
2026-01-12 18:30:00+00:00,647.53,647.7199,646.2,646.67,131122.0
2026-01-12 18:35:00+00:00,646.73,646.8,646.2,646.5,134763.0
2026-01-12 18:40:00+00:00,646.5,646.91,646.12,646.75,127933.0
2026-01-12 18:45:00+00:00,646.77,647.26,646.4675,647.235,90641.0
2026-01-12 18:50:00+00:00,647.19,647.32,646.71,646.8,50986.0
2026-01-12 18:55:00+00:00,646.71,647.16,646.5,646.7174,68296.0
2026-01-12 19:00:00+00:00,646.74,646.7699,646.35,646.63,61402.0
2026-01-12 19:05:00+00:00,646.61,647.8623,646.5,647.845,112252.0
2026-01-12 19:10:00+00:00,647.8737,647.8737,647.06,647.217,52973.0
2026-01-12 19:15:00+00:00,647.14,647.77,646.97,647.55,73243.0
2026-01-12 19:20:00+00:00,647.54,647.93,647.34,647.6454,68980.0
2026-01-12 19:25:00+00:00,647.56,647.7,647.37,647.57,65411.0
2026-01-12 19:30:00+00:00,647.62,647.7383,647.24,647.5,58370.0
2026-01-12 19:35:00+00:00,647.46,647.55,647.205,647.42,47574.0
2026-01-12 19:40:00+00:00,647.42,647.46,646.8,646.99,80595.0
2026-01-12 19:45:00+00:00,646.94,647.195,646.67,647.1001,94678.0
2026-01-12 19:50:00+00:00,647.16,647.38,646.93,647.274,100338.0
2026-01-12 19:55:00+00:00,647.272,647.83,647.17,647.535,79434.0
2026-01-12 20:00:00+00:00,647.5,648.51,647.36,648.23,87487.0
2026-01-12 20:05:00+00:00,648.23,648.54,647.8,647.895,90037.0
2026-01-12 20:10:00+00:00,647.895,648.13,647.59,647.915,69269.0
2026-01-12 20:15:00+00:00,647.9,648.2499,647.55,647.68,67413.0
2026-01-12 20:20:00+00:00,647.68,647.74,647.0401,647.3029,79006.0
2026-01-12 20:25:00+00:00,647.3,647.38,646.9,647.075,70533.0
2026-01-12 20:30:00+00:00,647.01,648.25,645.82,647.646,554660.0
2026-01-12 20:35:00+00:00,647.59,647.7679,645.4,645.7831,287822.0
2026-01-12 20:40:00+00:00,645.65,646.09,645.0,645.0,221213.0
2026-01-12 20:45:00+00:00,645.0,645.04,643.3,643.3,287892.0
2026-01-12 20:50:00+00:00,643.3,643.36,641.225,642.21,554797.0
2026-01-12 20:55:00+00:00,642.12,642.9,641.67,641.93,742585.0
2026-01-12 21:00:00+00:00,641.97,642.8,641.81,642.5656,41814.0
2026-01-12 21:05:00+00:00,642.66,643.3,641.97,643.0,19835.0
2026-01-12 21:10:00+00:00,642.88,643.01,642.84,643.0,5754.0
2026-01-12 21:15:00+00:00,642.99,643.0,642.75,642.7574,5529.0
2026-01-12 21:20:00+00:00,642.75,643.18,642.75,643.14,9850.0
2026-01-12 21:25:00+00:00,643.0,643.15,643.0,643.0899,5220.0
2026-01-12 21:30:00+00:00,643.1,643.1,642.5,642.98,7506.0
2026-01-12 21:35:00+00:00,643.0,643.1,642.9,642.9935,8786.0
2026-01-12 21:40:00+00:00,642.9792,643.0,642.63,642.83,2497.0
2026-01-12 21:45:00+00:00,642.94,642.97,642.63,642.97,2119.0
2026-01-12 21:50:00+00:00,642.85,642.9548,642.47,642.72,5845.0
2026-01-12 21:55:00+00:00,642.61,642.61,642.01,642.5,6766.0
2026-01-12 22:00:00+00:00,642.6,642.6081,642.3562,642.45,2217.0
2026-01-12 22:05:00+00:00,642.4224,642.61,642.4224,642.61,2803.0
2026-01-12 22:10:00+00:00,642.5,642.6494,642.5,642.6494,793.0
2026-01-12 22:15:00+00:00,642.6,642.9436,641.97,642.9436,3141.0
2026-01-12 22:20:00+00:00,642.87,643.1,642.87,643.0901,2911.0
2026-01-12 22:25:00+00:00,642.99,643.09,642.87,642.9,1449.0
2026-01-12 22:30:00+00:00,642.9,642.9,642.4,642.69,4497.0
2026-01-12 22:35:00+00:00,642.5,642.79,641.97,642.7,1829.0
2026-01-12 22:40:00+00:00,642.85,643.35,642.85,643.3,7405.0
2026-01-12 22:45:00+00:00,643.01,643.2325,642.9999,643.21,1257.0
2026-01-12 22:50:00+00:00,643.2088,643.26,643.1,643.1501,3368.0
2026-01-12 22:55:00+00:00,643.22,643.39,643.17,643.39,1692.0
2026-01-12 23:00:00+00:00,643.23,643.23,642.56,642.56,1956.0
2026-01-12 23:05:00+00:00,642.55,642.77,642.4,642.4,3557.0
2026-01-12 23:10:00+00:00,642.5,642.6,642.5,642.59,1548.0
2026-01-12 23:15:00+00:00,642.62,643.0,642.62,643.0,2314.0
2026-01-12 23:20:00+00:00,642.91,642.9989,642.9,642.9,902.0
2026-01-12 23:25:00+00:00,642.9,642.9,642.7,642.7,1298.0
2026-01-12 23:30:00+00:00,642.86,642.93,642.6999,642.93,1949.0
2026-01-12 23:35:00+00:00,642.6,642.67,642.52,642.65,4485.0
2026-01-12 23:40:00+00:00,642.52,642.6,642.499,642.499,1396.0
2026-01-12 23:45:00+00:00,642.61,642.69,642.35,642.69,1770.0
2026-01-12 23:50:00+00:00,642.4,642.65,642.4,642.44,3822.0
2026-01-12 23:55:00+00:00,642.44,642.46,642.41,642.41,1325.0
2026-01-13 00:00:00+00:00,642.42,642.42,642.23,642.23,999.0
2026-01-13 00:05:00+00:00,642.21,642.5536,642.0,642.25,2591.0
2026-01-13 00:10:00+00:00,642.45,642.59,642.15,642.59,2345.0
2026-01-13 00:15:00+00:00,642.45,642.4999,642.4,642.4,501.0
2026-01-13 00:20:00+00:00,642.16,642.3,642.15,642.2,511.0
2026-01-13 00:25:00+00:00,642.4499,642.4499,642.34,642.34,883.0
2026-01-13 00:30:00+00:00,642.37,642.4,642.2,642.3,2003.0
2026-01-13 00:35:00+00:00,642.35,642.4,642.17,642.3,2842.0
2026-01-13 00:40:00+00:00,642.3,642.4,642.17,642.17,2395.0
2026-01-13 00:45:00+00:00,642.17,642.34,642.15,642.33,1028.0
2026-01-13 00:50:00+00:00,642.3883,642.4,642.18,642.25,4072.0
2026-01-13 00:55:00+00:00,642.2,642.4685,642.19,642.4685,2320.0
2026-01-13 09:00:00+00:00,643.0,643.82,642.5,642.5,3022.0
2026-01-13 09:05:00+00:00,642.69,642.69,642.18,642.18,758.0
2026-01-13 09:10:00+00:00,642.14,642.14,641.98,642.0,2509.0
2026-01-13 09:15:00+00:00,642.12,642.24,641.9,641.9,1388.0
2026-01-13 09:20:00+00:00,641.97,642.42,641.97,642.29,3750.0
2026-01-13 09:25:00+00:00,642.36,642.36,642.36,642.36,161.0
2026-01-13 09:30:00+00:00,642.33,642.65,642.29,642.65,801.0
2026-01-13 09:35:00+00:00,642.25,642.25,641.97,642.03,547.0
2026-01-13 09:40:00+00:00,641.95,641.95,641.54,641.54,869.0
2026-01-13 09:50:00+00:00,641.78,641.78,641.78,641.78,134.0
2026-01-13 09:55:00+00:00,642.05,642.05,642.05,642.05,97.0
2026-01-13 10:00:00+00:00,642.0,642.0,642.0,642.0,388.0
2026-01-13 10:05:00+00:00,641.8,641.8,641.23,641.23,1463.0
2026-01-13 10:10:00+00:00,641.49,641.49,641.0,641.0,1247.0
2026-01-13 10:15:00+00:00,641.42,641.95,640.8,641.0,1832.0
2026-01-13 10:25:00+00:00,641.25,641.51,640.8,641.5,1069.0
2026-01-13 10:30:00+00:00,641.52,641.52,641.52,641.52,141.0
2026-01-13 10:45:00+00:00,641.52,641.52,641.51,641.51,235.0
2026-01-13 10:50:00+00:00,641.81,641.94,641.67,641.67,899.0
2026-01-13 10:55:00+00:00,641.8,641.8,641.6,641.6,1079.0
2026-01-13 11:00:00+00:00,641.6,641.6,641.5,641.5,250.0
2026-01-13 11:05:00+00:00,641.83,641.83,641.83,641.83,178.0
2026-01-13 11:10:00+00:00,641.67,641.67,641.51,641.65,592.0
2026-01-13 11:20:00+00:00,641.71,641.72,641.6,641.6,276.0
2026-01-13 11:25:00+00:00,641.68,641.68,641.68,641.68,205.0
2026-01-13 11:30:00+00:00,641.52,641.52,641.0,641.02,746.0
2026-01-13 11:35:00+00:00,641.38,641.38,641.38,641.38,269.0
2026-01-13 11:40:00+00:00,641.5,641.62,641.5,641.5,921.0
2026-01-13 11:55:00+00:00,641.75,641.75,641.75,641.75,52.0
2026-01-13 12:00:00+00:00,641.87,641.95,641.2,641.7,2748.0
2026-01-13 12:05:00+00:00,641.7,641.7,641.7,641.7,173.0
2026-01-13 12:10:00+00:00,641.75,641.85,641.75,641.85,738.0
2026-01-13 12:15:00+00:00,641.74,641.74,641.74,641.74,68.0
2026-01-13 12:20:00+00:00,641.86,641.86,641.7,641.7,805.0
2026-01-13 12:25:00+00:00,641.7,641.98,641.7,641.98,2750.0
2026-01-13 12:30:00+00:00,642.06,642.25,642.06,642.25,1169.0
2026-01-13 12:35:00+00:00,642.4,642.5,642.4,642.5,441.0
2026-01-13 12:40:00+00:00,642.55,642.58,642.47,642.47,629.0
2026-01-13 12:45:00+00:00,642.49,642.49,642.4,642.4,756.0
2026-01-13 12:50:00+00:00,642.1,642.22,642.0,642.22,811.0
2026-01-13 12:55:00+00:00,641.98,641.98,641.75,641.75,465.0
2026-01-13 13:00:00+00:00,641.0743,643.85,640.366,642.9,44785.0
2026-01-13 13:05:00+00:00,642.3883,642.49,642.25,642.35,2067.0
2026-01-13 13:10:00+00:00,642.26,642.32,642.23,642.3,2181.0
2026-01-13 13:15:00+00:00,642.26,642.4,642.25,642.25,3492.0
2026-01-13 13:20:00+00:00,642.35,642.49,642.2657,642.2657,1911.0
2026-01-13 13:25:00+00:00,642.48,642.65,642.2894,642.53,4858.0
2026-01-13 13:30:00+00:00,642.8,645.0,642.8,643.5,22320.0
2026-01-13 13:35:00+00:00,643.48,643.52,642.56,643.52,9408.0
2026-01-13 13:40:00+00:00,643.51,643.89,643.51,643.75,6763.0
2026-01-13 13:45:00+00:00,643.67,643.68,642.2,643.25,13247.0
2026-01-13 13:50:00+00:00,643.73,643.73,642.25,643.0,4502.0
2026-01-13 13:55:00+00:00,643.0397,643.46,642.65,643.0,6128.0
2026-01-13 14:00:00+00:00,643.5,643.5,642.96,643.23,3794.0
2026-01-13 14:05:00+00:00,643.49,643.49,643.2814,643.3,2136.0
2026-01-13 14:10:00+00:00,643.15,643.3,642.83,642.83,3508.0
2026-01-13 14:15:00+00:00,643.19,643.5,643.02,643.5,1510.0
2026-01-13 14:20:00+00:00,643.5,644.1785,643.3353,644.0,8917.0
2026-01-13 14:25:00+00:00,643.78,645.0,641.7,641.71,22859.0
2026-01-13 14:30:00+00:00,642.27,642.27,637.1,639.075,699814.0
2026-01-13 14:35:00+00:00,639.075,639.15,637.0345,638.13,345004.0
2026-01-13 14:40:00+00:00,638.135,639.3,635.34,636.4867,447171.0
2026-01-13 14:45:00+00:00,636.52,638.11,636.15,636.3301,231455.0
2026-01-13 14:50:00+00:00,636.435,636.8205,632.6901,632.8,569402.0
2026-01-13 14:55:00+00:00,632.97,633.71,629.26,629.51,759722.0
2026-01-13 15:00:00+00:00,629.51,630.76,627.81,628.53,606559.0
2026-01-13 15:05:00+00:00,628.595,630.56,628.555,629.86,426801.0
2026-01-13 15:10:00+00:00,629.83,630.05,627.58,628.12,404405.0
2026-01-13 15:15:00+00:00,628.12,628.2,625.4,625.83,550522.0
2026-01-13 15:20:00+00:00,625.895,626.68,625.27,625.58,323320.0
2026-01-13 15:25:00+00:00,625.575,626.2399,625.0801,625.9301,374422.0
2026-01-13 15:30:00+00:00,626.03,627.77,625.735,626.77,428046.0
2026-01-13 15:35:00+00:00,626.6,627.8,625.5,625.63,281382.0
2026-01-13 15:40:00+00:00,625.63,627.3299,625.51,625.58,229959.0
2026-01-13 15:45:00+00:00,625.53,626.21,625.22,625.51,256872.0
2026-01-13 15:50:00+00:00,625.635,627.2,625.52,627.025,256664.0
2026-01-13 15:55:00+00:00,627.025,627.66,626.57,626.9,229685.0
2026-01-13 16:00:00+00:00,626.845,627.655,626.59,626.725,216670.0
2026-01-13 16:05:00+00:00,626.78,626.78,624.16,624.72,408406.0
2026-01-13 16:10:00+00:00,624.77,625.845,624.1,625.795,271362.0
2026-01-13 16:15:00+00:00,625.71,625.91,625.0,625.306,167441.0
2026-01-13 16:20:00+00:00,625.25,625.5,624.95,625.465,184055.0
2026-01-13 16:25:00+00:00,625.455,627.29,624.58,626.88,278030.0
2026-01-13 16:30:00+00:00,626.88,627.66,626.72,627.05,176559.0
2026-01-13 16:35:00+00:00,627.105,627.62,626.75,626.9,148411.0
2026-01-13 16:40:00+00:00,626.8,628.3698,626.57,628.18,279368.0
2026-01-13 16:45:00+00:00,628.16,629.28,628.06,629.14,226481.0
2026-01-13 16:50:00+00:00,629.09,630.22,629.08,630.11,237079.0
2026-01-13 16:55:00+00:00,630.22,630.49,629.6601,630.245,190867.0
2026-01-13 17:00:00+00:00,630.23,630.35,628.61,628.61,168923.0
2026-01-13 17:05:00+00:00,628.65,629.16,628.5568,628.69,148293.0
2026-01-13 17:10:00+00:00,628.75,628.88,627.59,627.8236,145858.0
2026-01-13 17:15:00+00:00,627.835,627.87,626.33,627.47,158371.0
2026-01-13 17:20:00+00:00,627.51,628.95,627.41,628.8,143190.0
2026-01-13 17:25:00+00:00,628.8,628.95,628.02,628.72,167477.0
2026-01-13 17:30:00+00:00,628.74,628.94,627.45,628.3,125377.0
2026-01-13 17:35:00+00:00,628.21,628.38,627.65,628.23,116651.0
2026-01-13 17:40:00+00:00,628.23,628.8,628.01,628.27,92584.0
2026-01-13 17:45:00+00:00,628.27,628.84,627.95,628.8,95132.0
2026-01-13 17:50:00+00:00,628.85,628.87,627.96,628.319,86520.0
2026-01-13 17:55:00+00:00,628.31,628.33,627.01,627.91,103464.0
2026-01-13 18:00:00+00:00,627.8,628.499,627.5501,628.435,98346.0
2026-01-13 18:05:00+00:00,628.415,629.49,628.21,628.9499,113342.0
2026-01-13 18:10:00+00:00,628.9,629.81,628.6801,629.765,86048.0
2026-01-13 18:15:00+00:00,629.81,630.0,629.52,629.585464,83673.0
2026-01-13 18:20:00+00:00,629.6,629.6599,628.6,629.03,74717.0
2026-01-13 18:25:00+00:00,629.17,629.78,628.99,629.3815,66409.0
2026-01-13 18:30:00+00:00,629.31,629.44,628.2001,628.28,96206.0
2026-01-13 18:35:00+00:00,628.26,628.59,627.55,627.63,120475.0
2026-01-13 18:40:00+00:00,627.6837,627.6837,626.55,627.07,111123.0
2026-01-13 18:45:00+00:00,626.9898,627.65,626.86,627.45,63639.0
2026-01-13 18:50:00+00:00,627.44,627.679,626.86,627.58,87760.0
2026-01-13 18:55:00+00:00,627.58,627.89,627.1401,627.79,66964.0
2026-01-13 19:00:00+00:00,627.83,628.0399,627.42,627.675,70504.0
2026-01-13 19:05:00+00:00,627.675,627.94,627.26,627.48,64536.0
2026-01-13 19:10:00+00:00,627.48,628.11,627.4454,627.565,53800.0
2026-01-13 19:15:00+00:00,627.5,628.83,627.49,628.2755,78247.0
2026-01-13 19:20:00+00:00,628.25,628.615,627.72,628.27,84918.0
2026-01-13 19:25:00+00:00,628.25,628.52,628.04,628.23,81861.0
2026-01-13 19:30:00+00:00,628.23,628.4199,627.63,627.99,87898.0
2026-01-13 19:35:00+00:00,628.045,628.85,628.02,628.51,59473.0
2026-01-13 19:40:00+00:00,628.41,628.85,628.4,628.56,79918.0
2026-01-13 19:45:00+00:00,628.61,628.86,627.89,628.1,99765.0
2026-01-13 19:50:00+00:00,628.1,628.86,627.81,628.7101,88765.0
2026-01-13 19:55:00+00:00,628.78,629.37,628.58,628.71,89186.0
2026-01-13 20:00:00+00:00,628.61,628.78,627.905,628.16,96104.0
2026-01-13 20:05:00+00:00,628.16,628.55,628.05,628.2948,75976.0
2026-01-13 20:10:00+00:00,628.25,628.41,627.87,628.325,93971.0
2026-01-13 20:15:00+00:00,628.25,628.65,628.16,628.4275,86656.0
2026-01-13 20:20:00+00:00,628.38,628.44,627.86,627.98,117260.0
2026-01-13 20:25:00+00:00,627.9035,628.2199,627.5801,628.065,140509.0
2026-01-13 20:30:00+00:00,628.05,628.72,627.96,628.57,120550.0
2026-01-13 20:35:00+00:00,628.6,629.08,628.29,629.0,106871.0
2026-01-13 20:40:00+00:00,628.975,629.27,628.51,628.8,129380.0
2026-01-13 20:45:00+00:00,628.83,629.22,628.63,629.12,111369.0
2026-01-13 20:50:00+00:00,629.04,630.68,628.9,630.58,315810.0
2026-01-13 20:55:00+00:00,630.65,631.17,630.3,631.09,757237.0
2026-01-13 21:00:00+00:00,631.09,631.89,630.81,631.59,228586.0
2026-01-13 21:05:00+00:00,631.59,631.59,631.09,631.3,15457.0
2026-01-13 21:10:00+00:00,631.28,631.28,630.7127,630.96,10667.0
2026-01-13 21:15:00+00:00,631.09,631.25,631.0,631.15,2668.0
2026-01-13 21:20:00+00:00,631.1,631.18,631.0027,631.15,2866.0
2026-01-13 21:25:00+00:00,631.0,631.09,630.93,630.99,2932.0
2026-01-13 21:30:00+00:00,631.1686,631.2,630.9955,630.9955,876.0
2026-01-13 21:35:00+00:00,631.0,631.0,630.92,631.0,1273.0
2026-01-13 21:40:00+00:00,630.99,631.3,630.99,631.3,3035.0
2026-01-13 21:45:00+00:00,631.2,631.4758,631.18,631.42,3017.0
2026-01-13 21:50:00+00:00,631.48,631.48,630.8324,631.24,2696.0
2026-01-13 21:55:00+00:00,631.2228,631.3,631.09,631.09,603.0
2026-01-13 22:00:00+00:00,631.05,631.2,631.05,631.1041,982.0
2026-01-13 22:05:00+00:00,631.2,631.25,631.0364,631.0364,618.0
2026-01-13 22:10:00+00:00,631.0258,631.08,631.0,631.08,724.0
2026-01-13 22:15:00+00:00,631.079,631.11,630.8,630.8,1900.0
2026-01-13 22:20:00+00:00,630.8,630.89,630.8,630.8,1900.0
2026-01-13 22:25:00+00:00,630.88,631.09,630.88,631.0,2819.0
2026-01-13 22:30:00+00:00,631.1,631.11,631.0,631.11,1069.0
2026-01-13 22:35:00+00:00,631.09,631.09,631.0,631.0,1293.0
2026-01-13 22:40:00+00:00,631.0,631.24,631.0,631.01,3118.0
2026-01-13 22:45:00+00:00,631.13,631.25,631.0,631.07,1849.0
2026-01-13 22:50:00+00:00,631.0001,631.07,631.0,631.07,4172.0
2026-01-13 22:55:00+00:00,631.07,631.07,631.0,631.0,1713.0
2026-01-13 23:00:00+00:00,631.0,631.1,631.0,631.0,1488.0
2026-01-13 23:05:00+00:00,630.99,631.0,630.81,631.0,1037.0
2026-01-13 23:10:00+00:00,630.82,631.08,630.8,630.8,472.0
2026-01-13 23:15:00+00:00,630.6,630.78,630.6,630.7,551.0
2026-01-13 23:20:00+00:00,630.631,630.78,630.631,630.78,582.0
2026-01-13 23:25:00+00:00,630.78,630.78,630.25,630.25,2501.0
2026-01-13 23:30:00+00:00,630.33,630.5,630.2054,630.2054,914.0
2026-01-13 23:35:00+00:00,630.32,630.32,630.0831,630.0831,2057.0
2026-01-13 23:40:00+00:00,630.27,630.27,630.18,630.18,1280.0
2026-01-13 23:45:00+00:00,630.163,630.163,630.01,630.0958,896.0
2026-01-13 23:50:00+00:00,630.35,630.35,630.0,630.02,1630.0
2026-01-13 23:55:00+00:00,630.0109,630.11,630.0,630.0,852.0
2026-01-14 00:00:00+00:00,630.0825,630.32,630.01,630.32,665.0
2026-01-14 00:05:00+00:00,630.33,630.33,630.3,630.3,247.0
2026-01-14 00:10:00+00:00,630.44,630.78,630.44,630.78,1424.0
2026-01-14 00:15:00+00:00,630.51,630.65,630.5,630.5228,685.0
2026-01-14 00:20:00+00:00,630.5,630.68,630.5,630.68,901.0
2026-01-14 00:25:00+00:00,630.68,630.68,630.582,630.6,754.0
2026-01-14 00:30:00+00:00,630.58,630.59,630.5,630.59,1072.0
2026-01-14 00:35:00+00:00,630.58,630.59,630.3232,630.45,2986.0
2026-01-14 00:40:00+00:00,630.5,630.6,630.5,630.55,1425.0
2026-01-14 00:45:00+00:00,630.58,630.68,630.51,630.51,1337.0
2026-01-14 00:50:00+00:00,630.77,630.79,630.7,630.7,603.0
2026-01-14 00:55:00+00:00,630.73,630.79,630.5,630.79,1707.0
2026-01-14 09:00:00+00:00,630.0,630.0,629.12,629.29,1183.0
2026-01-14 09:10:00+00:00,629.18,629.18,628.49,628.49,3558.0
2026-01-14 09:15:00+00:00,628.46,628.5,628.22,628.5,1017.0
2026-01-14 09:20:00+00:00,628.55,628.55,628.55,628.55,161.0
2026-01-14 09:25:00+00:00,628.25,628.25,628.25,628.25,316.0
2026-01-14 09:30:00+00:00,628.29,628.29,628.29,628.29,184.0
2026-01-14 09:35:00+00:00,628.79,628.9,628.79,628.9,722.0
2026-01-14 09:40:00+00:00,628.4,628.4,628.4,628.4,162.0
2026-01-14 09:50:00+00:00,628.3,628.3,628.14,628.16,609.0
2026-01-14 09:55:00+00:00,628.42,628.5,628.42,628.5,275.0
2026-01-14 10:00:00+00:00,628.06,628.06,627.86,627.86,1057.0
2026-01-14 10:05:00+00:00,627.9,628.25,627.9,628.25,1135.0
2026-01-14 10:10:00+00:00,627.79,627.79,627.79,627.79,408.0
2026-01-14 10:15:00+00:00,627.8,627.98,627.8,627.8,526.0
2026-01-14 10:20:00+00:00,627.0,627.01,626.47,626.55,1190.0
2026-01-14 10:25:00+00:00,626.5,626.5,626.0,626.4,2444.0
2026-01-14 10:30:00+00:00,626.5,626.5,625.8,625.8,1804.0
2026-01-14 10:35:00+00:00,625.95,626.1,625.95,626.1,518.0
2026-01-14 10:40:00+00:00,626.65,628.16,626.65,628.0,4735.0
2026-01-14 10:45:00+00:00,627.31,627.31,626.4,626.72,1601.0
2026-01-14 10:50:00+00:00,626.73,626.73,626.0,626.0,1941.0
2026-01-14 10:55:00+00:00,626.05,626.47,626.01,626.3,2353.0
2026-01-14 11:00:00+00:00,626.25,626.25,626.25,626.25,292.0
2026-01-14 11:05:00+00:00,626.0,626.0,625.63,625.81,1677.0
2026-01-14 11:10:00+00:00,625.92,626.04,625.5,625.7,1290.0
2026-01-14 11:15:00+00:00,625.63,625.8,625.37,625.8,1309.0
2026-01-14 11:20:00+00:00,626.16,626.22,626.02,626.02,1550.0
2026-01-14 11:25:00+00:00,626.14,626.15,625.94,625.94,516.0
2026-01-14 11:30:00+00:00,625.92,626.15,625.92,626.15,499.0
2026-01-14 11:35:00+00:00,625.78,625.78,625.52,625.73,1510.0
2026-01-14 11:40:00+00:00,625.8,625.8,625.75,625.75,201.0
2026-01-14 11:45:00+00:00,625.66,626.02,625.66,626.02,712.0
2026-01-14 11:50:00+00:00,626.01,626.02,625.92,626.0,764.0
2026-01-14 11:55:00+00:00,626.1,626.36,626.0,626.0,1058.0
2026-01-14 12:00:00+00:00,626.34,626.34,625.44,625.63,3374.0
2026-01-14 12:05:00+00:00,625.75,626.27,625.75,626.27,374.0
2026-01-14 12:10:00+00:00,626.19,626.4,626.15,626.4,2590.0
2026-01-14 12:15:00+00:00,626.7,626.7,626.63,626.63,413.0
2026-01-14 12:20:00+00:00,626.79,626.97,626.77,626.77,1670.0
2026-01-14 12:25:00+00:00,626.74,626.74,626.74,626.74,214.0
2026-01-14 12:30:00+00:00,626.8,626.8,626.8,626.8,196.0
2026-01-14 12:35:00+00:00,626.95,626.97,626.8,626.86,2534.0
2026-01-14 12:40:00+00:00,626.65,626.83,626.65,626.82,625.0
2026-01-14 12:45:00+00:00,626.82,626.82,626.69,626.69,381.0
2026-01-14 12:50:00+00:00,626.8,626.8,626.7,626.7,302.0
2026-01-14 12:55:00+00:00,626.73,626.75,626.61,626.63,817.0
2026-01-14 13:00:00+00:00,626.19,630.0,625.25,626.7,42861.0
2026-01-14 13:05:00+00:00,628.9,629.5,626.39,626.5,4652.0
2026-01-14 13:10:00+00:00,626.5,626.69,626.25,626.4,6040.0
2026-01-14 13:15:00+00:00,626.4106,626.92,626.4106,626.85,7074.0
2026-01-14 13:20:00+00:00,626.77,626.97,626.2,626.7485,3195.0
2026-01-14 13:25:00+00:00,627.0,627.02,626.55,626.75,2734.0
2026-01-14 13:30:00+00:00,626.69,627.57,626.6356,626.84,5023.0
2026-01-14 13:35:00+00:00,626.97,627.4637,626.7,627.01,3436.0
2026-01-14 13:40:00+00:00,627.0,627.34,627.0,627.0,3712.0
2026-01-14 13:45:00+00:00,626.71,627.2026,626.5,626.6572,287462.0
2026-01-14 13:50:00+00:00,626.6302,627.0,626.6302,626.913,2009.0
2026-01-14 13:55:00+00:00,626.8506,626.87,626.59,626.59,1321.0
2026-01-14 14:00:00+00:00,626.91,627.0136,626.83,627.0,2409.0
2026-01-14 14:05:00+00:00,626.98,627.0,626.5,626.96,3273.0
2026-01-14 14:10:00+00:00,626.8,626.83,626.5,626.67,3234.0
2026-01-14 14:15:00+00:00,626.89,627.1586,626.8,626.9,3272.0
2026-01-14 14:20:00+00:00,626.84,627.08,626.6647,626.8058,2298.0
2026-01-14 14:25:00+00:00,626.7,628.74,626.1,626.25,13693.0
2026-01-14 14:30:00+00:00,626.5,628.45,623.8,626.68,604994.0
2026-01-14 14:35:00+00:00,626.75,627.21,624.46,624.47,243904.0
2026-01-14 14:40:00+00:00,624.45,625.1999,621.89,621.9601,352310.0
2026-01-14 14:45:00+00:00,622.095,624.55,622.0,624.4385,261516.0
2026-01-14 14:50:00+00:00,624.51,624.55,622.0501,623.1325,249910.0
2026-01-14 14:55:00+00:00,622.91,623.06,620.91,621.08,287868.0
2026-01-14 15:00:00+00:00,621.08,621.08,619.6,620.115,412841.0
2026-01-14 15:05:00+00:00,620.115,620.97,619.85,620.78,259811.0
2026-01-14 15:10:00+00:00,620.76,623.23,620.3,623.16,226914.0
2026-01-14 15:15:00+00:00,623.0847,623.4,621.51,621.66,179361.0
2026-01-14 15:20:00+00:00,621.66,621.79,620.2,621.1064,160362.0
2026-01-14 15:25:00+00:00,621.2,621.35,620.26,620.285,113253.0
2026-01-14 15:30:00+00:00,620.38,620.72,619.55,620.24,159687.0
2026-01-14 15:35:00+00:00,620.36,620.8,619.86,620.6,148548.0
2026-01-14 15:40:00+00:00,620.6,621.02,619.06,619.465,152430.0
2026-01-14 15:45:00+00:00,619.43,619.76,617.8,618.1301,247416.0
2026-01-14 15:50:00+00:00,618.13,618.68,617.7101,618.48,203586.0
2026-01-14 15:55:00+00:00,618.55,619.39,618.51,619.0,130623.0
2026-01-14 16:00:00+00:00,618.93,620.1234,618.93,620.1,133135.0
2026-01-14 16:05:00+00:00,620.0901,620.5,619.6,620.4,78371.0
2026-01-14 16:10:00+00:00,620.34,620.62,620.0101,620.22,84445.0
2026-01-14 16:15:00+00:00,620.28,620.68,620.03,620.56,96946.0
2026-01-14 16:20:00+00:00,620.59,621.6,620.23,621.505,182482.0
2026-01-14 16:25:00+00:00,621.49,622.1199,621.25,621.585,142542.0
2026-01-14 16:30:00+00:00,621.52,621.68,620.4,620.61,142809.0
2026-01-14 16:35:00+00:00,620.582,620.582,619.5,620.0,126779.0
2026-01-14 16:40:00+00:00,619.93,620.04,619.19,619.475,97571.0
2026-01-14 16:45:00+00:00,619.32,619.49,618.8,619.04,104560.0
2026-01-14 16:50:00+00:00,619.1163,619.1163,617.9,618.375,119013.0
2026-01-14 16:55:00+00:00,618.3725,618.775,618.1523,618.6499,90209.0
2026-01-14 17:00:00+00:00,618.54,618.55,617.75,617.8001,108272.0
2026-01-14 17:05:00+00:00,617.855,618.19,617.4,617.93,127687.0
2026-01-14 17:10:00+00:00,617.89,618.14,617.62,617.83,101777.0
2026-01-14 17:15:00+00:00,617.7382,617.82,615.91,616.27,292796.0
2026-01-14 17:20:00+00:00,616.13,616.59,615.75,616.2475,155426.0
2026-01-14 17:25:00+00:00,616.2649,616.69,616.0301,616.27,134130.0
2026-01-14 17:30:00+00:00,616.33,616.33,615.03,615.33,153599.0
2026-01-14 17:35:00+00:00,615.41,616.42,615.41,616.3,96413.0
2026-01-14 17:40:00+00:00,616.3,616.5,616.13,616.36,101363.0
2026-01-14 17:45:00+00:00,616.365,617.4009,616.365,617.205,105243.0
2026-01-14 17:50:00+00:00,617.21,617.221,615.89,616.2,88962.0
2026-01-14 17:55:00+00:00,616.28,616.33,615.77,615.87,76543.0
2026-01-14 18:00:00+00:00,615.8,616.1838,615.51,615.99,131492.0
2026-01-14 18:05:00+00:00,616.0,616.06,615.3601,615.68,96624.0
2026-01-14 18:10:00+00:00,615.68,615.9899,615.0,615.8545,194537.0
2026-01-14 18:15:00+00:00,615.7218,616.585,615.56,616.3375,104914.0
2026-01-14 18:20:00+00:00,616.4,617.16,616.2,616.88,87677.0
2026-01-14 18:25:00+00:00,616.875,617.0922,616.51,616.915,74983.0
2026-01-14 18:30:00+00:00,616.92,617.11,615.64,615.815,105909.0
2026-01-14 18:35:00+00:00,615.92,616.39,615.51,615.9,64088.0
2026-01-14 18:40:00+00:00,615.86,616.12,615.5,615.74,87813.0
2026-01-14 18:45:00+00:00,615.88,616.13,615.15,615.38,80935.0
2026-01-14 18:50:00+00:00,615.38,616.52,615.325,616.29,96128.0
2026-01-14 18:55:00+00:00,616.29,617.59,616.095,617.26,87293.0
2026-01-14 19:00:00+00:00,617.214,617.46,616.74,617.115,58825.0
2026-01-14 19:05:00+00:00,617.19,617.19,616.3,616.485,60222.0
2026-01-14 19:10:00+00:00,616.46,616.6838,616.15,616.59,57306.0
2026-01-14 19:15:00+00:00,616.59,616.7,616.02,616.325,64671.0
2026-01-14 19:20:00+00:00,616.34,617.05,616.0,616.84,111121.0
2026-01-14 19:25:00+00:00,616.87,617.13,616.77,617.035,67879.0
2026-01-14 19:30:00+00:00,617.11,617.38,616.435,616.7025,90247.0
2026-01-14 19:35:00+00:00,616.6675,617.025,616.48,616.965,101458.0
2026-01-14 19:40:00+00:00,616.96,617.42,616.7701,616.95,58262.0
2026-01-14 19:45:00+00:00,616.955,617.57,616.74,617.52,65846.0
2026-01-14 19:50:00+00:00,617.54,618.2,617.4,617.7,85631.0
2026-01-14 19:55:00+00:00,617.78,617.985,617.44,617.5,69713.0
2026-01-14 20:00:00+00:00,617.53,618.83,616.7501,618.13,121343.0
2026-01-14 20:05:00+00:00,618.11,619.645,617.95,619.14,127908.0
2026-01-14 20:10:00+00:00,619.03,619.345,617.85,617.865,112666.0
2026-01-14 20:15:00+00:00,617.96,617.97,616.66,616.93,101580.0
2026-01-14 20:20:00+00:00,616.905,617.98,616.72,617.74,79970.0
2026-01-14 20:25:00+00:00,617.74,618.0,617.29,617.88,101729.0
2026-01-14 20:30:00+00:00,617.89,618.56,617.485,617.485,142179.0
2026-01-14 20:35:00+00:00,617.49,618.65,617.475,618.58,165080.0
2026-01-14 20:40:00+00:00,618.61,618.92,617.93,618.0,157499.0
2026-01-14 20:45:00+00:00,618.0,618.17,617.12,617.4399,189292.0
2026-01-14 20:50:00+00:00,617.3,617.47,615.89,616.7099,373904.0
2026-01-14 20:55:00+00:00,616.71,616.86,614.815,615.35,1001056.0
2026-01-14 21:00:00+00:00,615.52,616.3971,615.52,616.3971,117280.0
2026-01-14 21:05:00+00:00,616.25,616.26,615.52,616.02,31571.0
2026-01-14 21:10:00+00:00,616.0,616.34,615.89,616.31,3901.0
2026-01-14 21:15:00+00:00,616.26,616.3023,616.1,616.131,3615.0
2026-01-14 21:20:00+00:00,616.1,616.3,616.1,616.3,4419.0
2026-01-14 21:25:00+00:00,616.21,616.5514,616.19,616.5,10449.0
2026-01-14 21:30:00+00:00,616.2,616.65,616.2,616.44,2419.0
2026-01-14 21:35:00+00:00,616.33,616.33,616.11,616.25,1454.0
2026-01-14 21:40:00+00:00,616.1,616.35,615.9,616.0414,5201.0
2026-01-14 21:45:00+00:00,616.0,616.55,616.0,616.5,4435.0
2026-01-14 21:50:00+00:00,616.58,616.725,615.3,615.3,11238.0
2026-01-14 21:55:00+00:00,615.34,616.74,615.31,616.0,5762.0
2026-01-14 22:00:00+00:00,616.1,617.09,615.85,616.99,9866.0
2026-01-14 22:05:00+00:00,616.7,616.7,616.01,616.4,3013.0
2026-01-14 22:10:00+00:00,616.4,616.4,616.01,616.01,628.0
2026-01-14 22:15:00+00:00,616.14,616.2,616.01,616.2,709.0
2026-01-14 22:25:00+00:00,616.0981,616.1,616.01,616.0891,1421.0
2026-01-14 22:30:00+00:00,616.05,616.05,616.0,616.0,3246.0
2026-01-14 22:35:00+00:00,616.05,616.05,615.6,615.72,1880.0
2026-01-14 22:40:00+00:00,615.6985,615.6985,615.4,615.41,2211.0
2026-01-14 22:45:00+00:00,615.51,615.98,615.49,615.5713,3039.0
2026-01-14 22:50:00+00:00,615.6795,615.7,615.53,615.6537,2701.0
2026-01-14 22:55:00+00:00,615.52,615.6,615.51,615.52,1653.0
2026-01-14 23:00:00+00:00,615.6783,615.95,615.51,615.51,1027.0
2026-01-14 23:05:00+00:00,615.88,615.92,615.5,615.5,1425.0
2026-01-14 23:10:00+00:00,615.79,615.79,615.6,615.74,1011.0
2026-01-14 23:15:00+00:00,615.65,615.79,615.46,615.46,1299.0
2026-01-14 23:20:00+00:00,615.4,615.4,615.3,615.35,2093.0
2026-01-14 23:25:00+00:00,615.22,615.35,615.1,615.3,3692.0
2026-01-14 23:30:00+00:00,615.4499,615.52,615.1,615.35,6265.0
2026-01-14 23:35:00+00:00,615.13,615.1301,615.01,615.13,1515.0
2026-01-14 23:40:00+00:00,615.06,615.1298,615.0,615.0901,2104.0
2026-01-14 23:45:00+00:00,615.1,615.1,614.8,614.85,10306.0
2026-01-14 23:50:00+00:00,614.8487,614.99,614.6223,614.99,2174.0
2026-01-14 23:55:00+00:00,614.94,615.0,614.8501,614.95,2714.0
2026-01-15 00:00:00+00:00,614.98,614.99,614.94,614.95,2192.0
2026-01-15 00:05:00+00:00,614.75,615.3,614.75,615.3,14526.0
2026-01-15 00:10:00+00:00,615.21,615.25,615.01,615.25,1345.0
2026-01-15 00:15:00+00:00,615.2,615.25,615.14,615.14,763.0
2026-01-15 00:20:00+00:00,615.21,615.25,615.02,615.02,2505.0
2026-01-15 00:25:00+00:00,615.02,615.22,615.02,615.02,1468.0
2026-01-15 00:30:00+00:00,615.03,615.1,615.0,615.0,1875.0
2026-01-15 00:35:00+00:00,615.1183,615.14,615.0,615.0,946.0
2026-01-15 00:40:00+00:00,615.14,615.25,615.12,615.25,527.0
2026-01-15 00:45:00+00:00,615.29,615.29,615.15,615.2,1580.0
2026-01-15 00:50:00+00:00,615.27,615.27,614.78,615.0,2658.0
2026-01-15 00:55:00+00:00,614.99,615.0005,614.81,614.81,2605.0
2026-01-15 09:00:00+00:00,616.87,617.56,616.61,617.43,4316.0
2026-01-15 09:05:00+00:00,617.55,617.87,617.52,617.52,1590.0
2026-01-15 09:10:00+00:00,617.9,618.3,617.9,617.98,1624.0
2026-01-15 09:15:00+00:00,618.02,618.02,618.02,618.02,89.0
2026-01-15 09:20:00+00:00,618.06,618.68,618.06,618.68,2382.0
2026-01-15 09:25:00+00:00,618.57,618.57,618.48,618.48,1286.0
2026-01-15 09:30:00+00:00,618.68,618.88,618.68,618.7,2654.0
2026-01-15 09:35:00+00:00,618.61,619.24,618.6,619.24,2508.0
2026-01-15 09:40:00+00:00,619.31,619.31,618.7,618.89,2795.0
2026-01-15 09:45:00+00:00,618.9,619.03,618.9,619.0,648.0
2026-01-15 09:50:00+00:00,618.67,618.96,618.25,618.77,2151.0
2026-01-15 09:55:00+00:00,618.54,618.75,618.39,618.39,1301.0
2026-01-15 10:00:00+00:00,618.69,618.72,618.69,618.72,554.0
2026-01-15 10:05:00+00:00,618.5,618.65,618.25,618.31,1019.0
2026-01-15 10:10:00+00:00,618.64,618.65,618.63,618.65,656.0
2026-01-15 10:15:00+00:00,618.6,618.68,618.33,618.39,1654.0
2026-01-15 10:20:00+00:00,618.06,618.06,617.29,617.94,2739.0
2026-01-15 10:25:00+00:00,618.0,618.0,617.7,618.0,1169.0
2026-01-15 10:30:00+00:00,618.0,618.42,618.0,618.0,3917.0
2026-01-15 10:35:00+00:00,617.97,617.97,617.55,617.59,1024.0
2026-01-15 10:40:00+00:00,617.11,617.52,617.11,617.47,1329.0
2026-01-15 10:45:00+00:00,617.0,617.48,617.0,617.2,876.0
2026-01-15 10:50:00+00:00,617.2,617.2,616.51,616.51,1774.0
2026-01-15 10:55:00+00:00,616.35,616.85,616.34,616.85,2087.0
2026-01-15 11:00:00+00:00,616.79,617.5,616.79,617.49,1880.0
2026-01-15 11:05:00+00:00,617.2,617.2,617.2,617.2,283.0
2026-01-15 11:10:00+00:00,617.35,617.5,616.79,617.44,3199.0
2026-01-15 11:15:00+00:00,617.5,617.5,617.25,617.25,256.0
2026-01-15 11:20:00+00:00,617.55,617.55,617.3,617.3,387.0
2026-01-15 11:25:00+00:00,617.26,617.26,617.08,617.08,1126.0
2026-01-15 11:30:00+00:00,616.87,617.13,616.82,617.06,955.0
2026-01-15 11:35:00+00:00,617.4,617.4,617.4,617.4,211.0
2026-01-15 11:40:00+00:00,617.2,617.5,617.12,617.12,776.0
2026-01-15 11:50:00+00:00,617.69,617.76,617.5,617.75,3223.0
2026-01-15 11:55:00+00:00,617.83,618.0,617.75,617.75,3408.0
2026-01-15 12:00:00+00:00,617.58,618.0,617.3,617.3,8553.0
2026-01-15 12:05:00+00:00,617.15,617.43,617.04,617.31,2737.0
2026-01-15 12:10:00+00:00,617.35,617.39,617.2,617.2,1617.0
2026-01-15 12:15:00+00:00,617.52,617.52,617.2,617.34,2058.0
2026-01-15 12:20:00+00:00,617.23,617.25,617.2,617.24,624.0
2026-01-15 12:25:00+00:00,617.26,617.5,617.2,617.5,4923.0
2026-01-15 12:30:00+00:00,617.39,617.79,617.05,617.2,6902.0
2026-01-15 12:35:00+00:00,617.07,617.27,616.74,617.27,7128.0
2026-01-15 12:40:00+00:00,617.49,617.7,617.49,617.7,901.0
2026-01-15 12:45:00+00:00,617.7,617.7,617.5,617.6,1293.0
2026-01-15 12:50:00+00:00,617.49,617.69,617.49,617.67,2810.0
2026-01-15 12:55:00+00:00,617.52,617.52,617.25,617.3,2485.0
2026-01-15 13:00:00+00:00,617.58,619.2,615.06,617.63,68991.0
2026-01-15 13:05:00+00:00,617.8,618.11,615.72,617.723,12028.0
2026-01-15 13:10:00+00:00,617.75,617.94,617.75,617.85,6788.0
2026-01-15 13:15:00+00:00,617.9,618.2616,617.85,618.2616,6323.0
2026-01-15 13:20:00+00:00,618.05,618.1,617.92,617.92,4111.0
2026-01-15 13:25:00+00:00,617.92,617.95,617.6,617.8675,2264.0
2026-01-15 13:30:00+00:00,617.95,617.95,617.51,617.9,3042.0
2026-01-15 13:35:00+00:00,617.94,618.24,617.65,617.66,10709.0
2026-01-15 13:40:00+00:00,617.7009,618.33,617.7009,618.33,8175.0
2026-01-15 13:45:00+00:00,618.3042,618.54,618.05,618.49,6097.0
2026-01-15 13:50:00+00:00,618.2534,618.49,618.21,618.381,4202.0
2026-01-15 13:55:00+00:00,618.32,618.49,618.26,618.45,6146.0
2026-01-15 14:00:00+00:00,618.3,618.6,618.25,618.45,3944.0
2026-01-15 14:05:00+00:00,618.33,618.44,618.15,618.31,5429.0
2026-01-15 14:10:00+00:00,618.2,618.5799,618.1,618.25,5340.0
2026-01-15 14:15:00+00:00,618.2,618.36,617.97,618.0,17615.0
2026-01-15 14:20:00+00:00,617.9982,618.22,617.6,618.0,7896.0
2026-01-15 14:25:00+00:00,618.24,618.74,617.85,618.37,12463.0
2026-01-15 14:30:00+00:00,618.48,618.95,615.99,618.22,587304.0
2026-01-15 14:35:00+00:00,618.22,620.55,617.49,619.15,339511.0
2026-01-15 14:40:00+00:00,619.09,620.25,617.355,619.22,333808.0
2026-01-15 14:45:00+00:00,619.29,620.394,615.27,615.3163,421842.0
2026-01-15 14:50:00+00:00,615.3975,618.27,614.23,618.25,323601.0
2026-01-15 14:55:00+00:00,618.095,619.195,617.3,617.47,253641.0
2026-01-15 15:00:00+00:00,617.37,618.62,616.14,616.575,177488.0
2026-01-15 15:05:00+00:00,616.75,617.695,616.38,617.6,117010.0
2026-01-15 15:10:00+00:00,617.52,617.52,616.71,617.46,113709.0
2026-01-15 15:15:00+00:00,617.385,617.78,616.95,617.0301,118288.0
2026-01-15 15:20:00+00:00,617.03,618.8,616.76,618.5,147035.0
2026-01-15 15:25:00+00:00,618.53,619.92,618.2,619.59,168434.0
2026-01-15 15:30:00+00:00,619.71,620.97,618.65,620.905,296918.0
2026-01-15 15:35:00+00:00,620.9702,622.08,619.92,619.92,243671.0
2026-01-15 15:40:00+00:00,619.97,620.41,618.53,618.54,139637.0
2026-01-15 15:45:00+00:00,618.62,619.18,617.72,618.32,174547.0
2026-01-15 15:50:00+00:00,618.3019,619.25,618.11,618.88,94188.0
2026-01-15 15:55:00+00:00,618.94,620.04,618.28,619.755,115246.0
2026-01-15 16:00:00+00:00,619.72,620.64,619.4901,620.295,115002.0
2026-01-15 16:05:00+00:00,620.32,620.7,619.9,620.36,91983.0
2026-01-15 16:10:00+00:00,620.55,621.11,620.29,620.57,81419.0
2026-01-15 16:15:00+00:00,620.78,621.92,620.7,621.54,128540.0
2026-01-15 16:20:00+00:00,621.49,622.19,621.0,621.68,176520.0
2026-01-15 16:25:00+00:00,621.655,621.8824,621.01,621.515,66213.0
2026-01-15 16:30:00+00:00,621.44,622.0,621.3,621.3889,104992.0
2026-01-15 16:35:00+00:00,621.46,622.25,621.0201,622.16,68547.0
2026-01-15 16:40:00+00:00,622.02,622.17,621.42,621.69,74606.0
2026-01-15 16:45:00+00:00,621.69,622.62,621.51,622.42,109345.0
2026-01-15 16:50:00+00:00,622.4,623.16,622.13,622.9451,113784.0
2026-01-15 16:55:00+00:00,622.93,623.32,622.47,623.21,93919.0
2026-01-15 17:00:00+00:00,623.3,623.4,622.555,623.09,83752.0
2026-01-15 17:05:00+00:00,623.11,623.69,622.88,623.44,73518.0
2026-01-15 17:10:00+00:00,623.43,623.54,622.67,622.87,57715.0
2026-01-15 17:15:00+00:00,622.785,623.15,622.37,622.525,61582.0
2026-01-15 17:20:00+00:00,622.52,622.9499,622.33,622.7801,48777.0
2026-01-15 17:25:00+00:00,622.8445,622.86,621.44,621.595,89728.0
2026-01-15 17:30:00+00:00,621.55,621.928529,621.154,621.39,69218.0
2026-01-15 17:35:00+00:00,621.39,622.07,621.33,621.85,61686.0
2026-01-15 17:40:00+00:00,621.8,622.5499,621.65,622.5499,61253.0
2026-01-15 17:45:00+00:00,622.495,623.32,622.42,622.855,87062.0
2026-01-15 17:50:00+00:00,622.72,622.94,622.26,622.685,45988.0
2026-01-15 17:55:00+00:00,622.67,622.98,622.3819,622.655,51116.0
2026-01-15 18:00:00+00:00,622.59,623.6499,622.47,623.42,87626.0
2026-01-15 18:05:00+00:00,623.4899,623.4899,622.93,623.002,90789.0
2026-01-15 18:10:00+00:00,623.01,623.161,621.86,622.395,67545.0
2026-01-15 18:15:00+00:00,622.31,622.5894,621.8001,622.569496,72092.0
2026-01-15 18:20:00+00:00,622.61,623.18,622.51,623.0,57959.0
2026-01-15 18:25:00+00:00,622.95,623.15,622.87,623.09,59703.0
2026-01-15 18:30:00+00:00,623.08,623.5,622.92,623.325,91275.0
2026-01-15 18:35:00+00:00,623.32,623.56,622.1001,622.665,109434.0
2026-01-15 18:40:00+00:00,622.71,623.53,622.63,623.47,77877.0
2026-01-15 18:45:00+00:00,623.39,623.6,623.0301,623.12,72366.0
2026-01-15 18:50:00+00:00,623.1,623.73,622.86,623.62,81870.0
2026-01-15 18:55:00+00:00,623.62,624.17,623.53,623.74,161208.0
2026-01-15 19:00:00+00:00,623.7275,623.97,622.71,622.91,92297.0
2026-01-15 19:05:00+00:00,622.91,622.98,621.84,622.285,106303.0
2026-01-15 19:10:00+00:00,622.2314,622.47,621.63,621.685,147307.0
2026-01-15 19:15:00+00:00,621.6,621.9099,620.955,621.42,71302.0
2026-01-15 19:20:00+00:00,621.36,621.46,620.86,621.25,70877.0
2026-01-15 19:25:00+00:00,621.295,621.295,620.45,620.6791,162759.0
2026-01-15 19:30:00+00:00,620.6008,620.675,619.46,619.9,118024.0
2026-01-15 19:35:00+00:00,620.0,620.5,619.67,620.28,69597.0
2026-01-15 19:40:00+00:00,620.33,620.58,619.6,620.0,76583.0
2026-01-15 19:45:00+00:00,619.92,620.22,619.6501,619.86,71187.0
2026-01-15 19:50:00+00:00,619.785,620.24,619.62,619.72,59190.0
2026-01-15 19:55:00+00:00,619.72,619.72,618.89,619.26,97953.0
2026-01-15 20:00:00+00:00,619.14,619.2997,618.59,619.0,78846.0
2026-01-15 20:05:00+00:00,619.0,619.22,618.6,618.96,73069.0
2026-01-15 20:10:00+00:00,618.92,618.94,618.4,618.7,80521.0
2026-01-15 20:15:00+00:00,618.74,618.74,617.15,617.22,132196.0
2026-01-15 20:20:00+00:00,617.15,617.86,616.9001,617.58,142869.0
2026-01-15 20:25:00+00:00,617.51,618.54,617.1152,618.45,115107.0
2026-01-15 20:30:00+00:00,618.44,619.34,618.1701,619.325,118609.0
2026-01-15 20:35:00+00:00,619.3172,619.955,619.17,619.845,129920.0
2026-01-15 20:40:00+00:00,619.8,620.2999,619.58,619.9606,128508.0
2026-01-15 20:45:00+00:00,619.89,620.56,619.76,620.11,148329.0
2026-01-15 20:50:00+00:00,620.14,622.65,619.9,620.4489,316879.0
2026-01-15 20:55:00+00:00,620.37,621.1435,620.16,620.93,486496.0
2026-01-15 21:00:00+00:00,620.8,621.76,620.8,620.88,182486.0
2026-01-15 21:05:00+00:00,621.0,621.0,620.8,620.93,5434.0
2026-01-15 21:10:00+00:00,621.0,621.41,621.0,621.06,8253.0
2026-01-15 21:15:00+00:00,621.06,621.13,620.8,621.1,53180.0
2026-01-15 21:20:00+00:00,621.17,621.21,621.0611,621.12,1074.0
2026-01-15 21:25:00+00:00,621.12,621.18,621.12,621.12,3381.0
2026-01-15 21:30:00+00:00,621.0,621.0,620.97,620.97,497.0
2026-01-15 21:35:00+00:00,620.93,621.0,620.93,620.95,1537.0
2026-01-15 21:40:00+00:00,621.0,621.0197,621.0,621.0197,597.0
2026-01-15 21:45:00+00:00,620.95,621.08,620.95,621.05,773.0
2026-01-15 21:50:00+00:00,621.0001,621.0001,621.0,621.0,306.0
2026-01-15 21:55:00+00:00,620.96,621.3234,620.96,621.17,390.0
2026-01-15 22:00:00+00:00,621.04,621.3,621.04,621.3,855.0
2026-01-15 22:05:00+00:00,621.2,621.39,621.2,621.39,858.0
2026-01-15 22:10:00+00:00,621.3986,621.4,621.3664,621.3664,475.0
2026-01-15 22:15:00+00:00,621.3899,621.45,621.38,621.45,897.0
2026-01-15 22:20:00+00:00,621.25,621.5,621.0,621.22,1094.0
2026-01-15 22:25:00+00:00,621.25,621.3969,621.2,621.2,350.0
2026-01-15 22:30:00+00:00,621.0,621.5,621.0,621.5,1781.0
2026-01-15 22:35:00+00:00,621.45,621.45,621.0,621.24,203.0
2026-01-15 22:45:00+00:00,621.05,621.05,621.05,621.05,75.0
2026-01-15 22:50:00+00:00,621.09,621.09,620.93,620.9999,3236.0
2026-01-15 22:55:00+00:00,621.0,621.0,619.9999,620.0,3562.0
2026-01-15 23:00:00+00:00,620.15,620.71,620.15,620.71,110.0
2026-01-15 23:05:00+00:00,620.49,620.49,620.49,620.49,129.0
2026-01-15 23:10:00+00:00,620.3003,620.3003,620.3003,620.3003,63.0
2026-01-15 23:15:00+00:00,620.45,620.45,619.8111,619.8111,1162.0
2026-01-15 23:20:00+00:00,619.99,620.01,619.8,619.8,2566.0
2026-01-15 23:25:00+00:00,619.79,620.15,619.75,620.15,1795.0
2026-01-15 23:30:00+00:00,620.15,620.15,620.1283,620.15,889.0
2026-01-15 23:35:00+00:00,620.17,620.69,620.17,620.69,369.0
2026-01-15 23:40:00+00:00,620.71,620.71,620.638,620.71,298.0
2026-01-15 23:45:00+00:00,620.57,620.57,620.57,620.57,63.0
2026-01-15 23:50:00+00:00,620.5,620.5,620.15,620.15,357.0
2026-01-15 23:55:00+00:00,620.52,620.52,620.52,620.52,89.0
2026-01-16 00:00:00+00:00,620.51,620.6768,620.1,620.35,1113.0
2026-01-16 00:05:00+00:00,620.1614,620.34,620.1556,620.34,526.0
2026-01-16 00:10:00+00:00,620.1203,620.1492,620.016,620.09,1739.0
2026-01-16 00:15:00+00:00,620.03,620.1,620.01,620.1,1845.0
2026-01-16 00:20:00+00:00,620.15,620.3,620.15,620.29,695.0
2026-01-16 00:25:00+00:00,620.29,620.29,620.29,620.29,101.0
2026-01-16 00:30:00+00:00,620.26,620.35,620.26,620.35,284.0
2026-01-16 00:35:00+00:00,620.4,620.5,620.4,620.5,166.0
2026-01-16 00:40:00+00:00,620.7045,620.71,620.6,620.6,290.0
2026-01-16 00:45:00+00:00,620.8,620.8,620.43,620.65,1358.0
2026-01-16 00:50:00+00:00,620.6984,620.6999,620.42,620.42,785.0
2026-01-16 00:55:00+00:00,620.35,620.8,620.26,620.8,647.0
2026-01-16 09:00:00+00:00,623.0,623.53,622.4,623.53,1032.0
2026-01-16 09:05:00+00:00,623.5,623.5,623.2,623.2,292.0
2026-01-16 09:10:00+00:00,623.2,623.2,623.2,623.2,85.0
2026-01-16 09:20:00+00:00,622.45,622.45,622.37,622.37,1218.0
2026-01-16 09:30:00+00:00,622.55,622.55,622.55,622.55,138.0
2026-01-16 09:40:00+00:00,622.93,622.93,622.74,622.9,738.0
2026-01-16 09:45:00+00:00,622.75,622.75,622.75,622.75,125.0
2026-01-16 09:55:00+00:00,622.9,622.9,622.56,622.56,568.0
2026-01-16 10:00:00+00:00,622.84,622.84,622.69,622.69,390.0
2026-01-16 10:05:00+00:00,622.5,622.5,622.5,622.5,258.0
2026-01-16 10:10:00+00:00,622.69,622.69,622.69,622.69,51.0
2026-01-16 10:15:00+00:00,622.93,622.99,622.79,622.79,608.0
2026-01-16 10:20:00+00:00,623.11,623.14,623.11,623.14,383.0
2026-01-16 10:25:00+00:00,623.08,623.08,623.02,623.02,599.0
2026-01-16 10:30:00+00:00,623.3,623.3,623.3,623.3,182.0
2026-01-16 10:35:00+00:00,623.3,623.3,623.3,623.3,250.0
2026-01-16 10:40:00+00:00,623.0,623.0,622.98,622.98,189.0
2026-01-16 10:45:00+00:00,623.04,623.04,623.0,623.0,385.0
2026-01-16 10:50:00+00:00,623.3,623.46,623.16,623.16,927.0
2026-01-16 10:55:00+00:00,623.18,623.18,622.89,623.11,716.0
2026-01-16 11:00:00+00:00,623.1,623.1,623.1,623.1,219.0
2026-01-16 11:05:00+00:00,623.15,623.15,623.15,623.15,132.0
2026-01-16 11:10:00+00:00,622.9,623.07,622.9,623.07,617.0
2026-01-16 11:15:00+00:00,623.24,623.25,623.24,623.25,216.0
2026-01-16 11:20:00+00:00,623.28,623.28,623.25,623.25,357.0
2026-01-16 11:25:00+00:00,623.17,623.17,623.17,623.17,272.0
2026-01-16 11:30:00+00:00,623.28,623.35,623.28,623.29,581.0
2026-01-16 11:35:00+00:00,623.28,623.28,623.25,623.28,363.0
2026-01-16 11:40:00+00:00,623.06,623.25,623.06,623.23,817.0
2026-01-16 11:45:00+00:00,622.9,623.0,622.6,622.69,1970.0
2026-01-16 11:55:00+00:00,622.82,622.82,622.82,622.82,210.0
2026-01-16 12:00:00+00:00,622.81,622.81,622.08,622.25,2343.0
2026-01-16 12:05:00+00:00,622.11,622.39,622.11,622.39,1079.0
2026-01-16 12:10:00+00:00,622.11,622.11,621.95,622.03,2781.0
2026-01-16 12:15:00+00:00,621.8,621.8,621.72,621.72,914.0
2026-01-16 12:20:00+00:00,621.64,621.73,621.33,621.33,1829.0
2026-01-16 12:30:00+00:00,621.7,621.7,621.7,621.7,115.0
2026-01-16 12:35:00+00:00,621.99,622.35,621.99,622.35,653.0
2026-01-16 12:40:00+00:00,622.26,622.26,622.13,622.13,167.0
2026-01-16 12:45:00+00:00,622.21,622.21,621.99,621.99,1189.0
2026-01-16 12:50:00+00:00,621.9,623.03,621.82,623.0,3915.0
2026-01-16 12:55:00+00:00,622.46,622.5,622.24,622.5,1029.0
2026-01-16 13:00:00+00:00,623.35,624.0,621.21,623.3,31162.0
2026-01-16 13:05:00+00:00,623.0,623.0,622.17,622.2,2847.0
2026-01-16 13:10:00+00:00,622.0,622.0,621.55,621.9,1765.0
2026-01-16 13:15:00+00:00,621.9,621.95,621.9,621.941,605.0
2026-01-16 13:20:00+00:00,621.7,622.0,621.4,621.75,2029.0
2026-01-16 13:25:00+00:00,621.98,622.37,621.89,622.3127,1919.0
2026-01-16 13:30:00+00:00,622.24,622.43,622.0,622.22,1908.0
2026-01-16 13:35:00+00:00,622.02,622.2763,621.89,621.89,2604.0
2026-01-16 13:40:00+00:00,621.7811,621.9853,621.61,621.8,1533.0
2026-01-16 13:45:00+00:00,621.9,621.9,621.71,621.7114,2254.0
2026-01-16 13:50:00+00:00,621.81,621.93,621.7343,621.79,1582.0
2026-01-16 13:55:00+00:00,621.8,621.85,621.8,621.81,2298.0
2026-01-16 14:00:00+00:00,621.71,621.8627,621.4,621.81,1513.0
2026-01-16 14:05:00+00:00,621.85,622.0,621.7379,622.0,3609.0
2026-01-16 14:10:00+00:00,621.75,622.31,621.75,622.31,2566.0
2026-01-16 14:15:00+00:00,622.31,622.31,621.98,621.98,3244.0
2026-01-16 14:20:00+00:00,622.0,622.03,621.4,621.6943,4812.0
2026-01-16 14:25:00+00:00,621.26,624.39,621.0748,624.17,20812.0
2026-01-16 14:30:00+00:00,624.1762,625.24,621.24,622.915,1173178.0
2026-01-16 14:35:00+00:00,623.0278,627.3099,622.11,625.8618,368100.0
2026-01-16 14:40:00+00:00,625.88,627.23,624.62,626.73,310033.0
2026-01-16 14:45:00+00:00,626.73,627.71,625.17,625.515,360952.0
2026-01-16 14:50:00+00:00,625.54,626.85,625.0,625.23,300680.0
2026-01-16 14:55:00+00:00,625.1972,626.605,624.74,626.35,184226.0
2026-01-16 15:00:00+00:00,626.24,627.53,625.47,627.355,196292.0
2026-01-16 15:05:00+00:00,627.4299,629.08,626.85,628.2099,290293.0
2026-01-16 15:10:00+00:00,628.21,628.53,626.64,626.95,170459.0
2026-01-16 15:15:00+00:00,626.92,627.44,624.7,625.1,207040.0
2026-01-16 15:20:00+00:00,625.1,626.72,625.05,626.64,153717.0
2026-01-16 15:25:00+00:00,626.565,626.63,624.34,624.34,124649.0
2026-01-16 15:30:00+00:00,624.43,624.59,623.28,623.59,138633.0
2026-01-16 15:35:00+00:00,623.665,624.1,623.05,623.7199,99250.0
2026-01-16 15:40:00+00:00,623.64,623.7097,622.26,623.085,112944.0
2026-01-16 15:45:00+00:00,623.085,623.6,622.61,623.35,70704.0
2026-01-16 15:50:00+00:00,623.26,623.28,621.59,622.81,95343.0
2026-01-16 15:55:00+00:00,622.736,622.85,622.0501,622.49,59919.0
2026-01-16 16:00:00+00:00,622.46,622.8808,621.85,622.63,137543.0
2026-01-16 16:05:00+00:00,622.635,623.14,622.31,622.97,88197.0
2026-01-16 16:10:00+00:00,623.01,623.93,622.965,623.7,102548.0
2026-01-16 16:15:00+00:00,623.84,624.0,623.65,623.87,74427.0
2026-01-16 16:20:00+00:00,623.83,625.4,623.83,625.245,104077.0
2026-01-16 16:25:00+00:00,625.24,625.5999,624.51,625.57,88767.0
2026-01-16 16:30:00+00:00,625.515,625.75,624.22,624.23,111382.0
2026-01-16 16:35:00+00:00,624.3707,625.14,624.33,625.075,75728.0
2026-01-16 16:40:00+00:00,625.08,625.22,624.29,624.525,72843.0
2026-01-16 16:45:00+00:00,624.5922,624.77,623.52,623.775,71069.0
2026-01-16 16:50:00+00:00,623.775,624.31,623.54,623.915,122927.0
2026-01-16 16:55:00+00:00,623.82,623.92,622.65,623.3353,66856.0
2026-01-16 17:00:00+00:00,623.23,623.8299,622.68,622.88,72220.0
2026-01-16 17:05:00+00:00,622.875,624.0,622.8501,623.4532,56193.0
2026-01-16 17:10:00+00:00,623.45,624.15,623.27,624.15,84523.0
2026-01-16 17:15:00+00:00,624.135,624.2999,623.78,623.96,60419.0
2026-01-16 17:20:00+00:00,623.96,624.65,623.89,624.155,57566.0
2026-01-16 17:25:00+00:00,624.1853,624.2099,623.62,623.93,60063.0
2026-01-16 17:30:00+00:00,623.93,624.79,623.26,624.74,79971.0
2026-01-16 17:35:00+00:00,624.75,625.4,624.6801,625.17,53313.0
2026-01-16 17:40:00+00:00,625.19,625.65,624.7201,625.42,116360.0
2026-01-16 17:45:00+00:00,625.43,626.4126,625.19,626.07,129125.0
2026-01-16 17:50:00+00:00,626.07,626.53,625.2,626.06,174237.0
2026-01-16 17:55:00+00:00,626.055,626.395,623.66,624.3,108740.0
2026-01-16 18:00:00+00:00,624.41,625.78,624.41,625.295,89101.0
2026-01-16 18:05:00+00:00,625.29,626.2,625.17,625.71,82114.0
2026-01-16 18:10:00+00:00,625.715,625.93,625.35,625.805,67587.0
2026-01-16 18:15:00+00:00,625.6401,626.21,625.4,626.21,86781.0
2026-01-16 18:20:00+00:00,626.22,626.525,626.05,626.355,67622.0
2026-01-16 18:25:00+00:00,626.34,626.455,626.02,626.235,46071.0
2026-01-16 18:30:00+00:00,626.26,626.905,626.26,626.835,101366.0
2026-01-16 18:35:00+00:00,626.835,627.2,626.255,626.83,88124.0
2026-01-16 18:40:00+00:00,626.84,626.95,626.36,626.615,75044.0
2026-01-16 18:45:00+00:00,626.7105,627.33,626.58,626.6713,61526.0
2026-01-16 18:50:00+00:00,626.735,627.5575,626.67,627.435,72113.0
2026-01-16 18:55:00+00:00,627.34,627.49,626.89,627.09,50837.0
2026-01-16 19:00:00+00:00,627.09,627.35,626.73,627.0902,110510.0
2026-01-16 19:05:00+00:00,627.14,627.34,626.54,626.755,90166.0
2026-01-16 19:10:00+00:00,626.68,626.68,624.7,625.1,130156.0
2026-01-16 19:15:00+00:00,625.06,625.18,624.29,624.485,103178.0
2026-01-16 19:20:00+00:00,624.49,624.55,622.917,623.35,142416.0
2026-01-16 19:25:00+00:00,623.2818,623.5,622.8301,623.29,103557.0
2026-01-16 19:30:00+00:00,623.17,623.66,622.9,622.945,104702.0
2026-01-16 19:35:00+00:00,622.945,623.37,622.61,623.27,107295.0
2026-01-16 19:40:00+00:00,623.2701,624.0865,623.17,623.625,70694.0
2026-01-16 19:45:00+00:00,623.625,624.1,623.473,623.9,56313.0
2026-01-16 19:50:00+00:00,623.94,624.2,623.6,624.095,52571.0
2026-01-16 19:55:00+00:00,624.095,624.16,623.5,623.825,76182.0
2026-01-16 20:00:00+00:00,623.74,623.9299,623.33,623.83,50849.0
2026-01-16 20:05:00+00:00,623.8534,623.8534,623.06,623.725,679983.0
2026-01-16 20:10:00+00:00,623.725,623.96,623.0,623.2398,100215.0
2026-01-16 20:15:00+00:00,623.24,623.28,622.54,622.8801,68973.0
2026-01-16 20:20:00+00:00,622.88,622.97,622.48,622.775,70215.0
2026-01-16 20:25:00+00:00,622.82,623.015,622.6,622.935,70817.0
2026-01-16 20:30:00+00:00,622.91,622.91,621.87,621.89,120214.0
2026-01-16 20:35:00+00:00,621.86,622.88,621.7,622.47,119649.0
2026-01-16 20:40:00+00:00,622.53,622.72,622.08,622.25,82926.0
2026-01-16 20:45:00+00:00,622.25,622.27,621.63,621.88,96195.0
2026-01-16 20:50:00+00:00,621.79,622.25,620.08,621.655,329432.0
2026-01-16 20:55:00+00:00,621.66,621.66,620.14,620.25,760689.0
2026-01-16 21:00:00+00:00,620.25,620.9,620.23,620.25,182408.0
2026-01-16 21:05:00+00:00,620.44,620.8149,620.37,620.6943,8621.0
2026-01-16 21:10:00+00:00,620.5,620.5,620.3,620.34,2199.0
2026-01-16 21:15:00+00:00,620.29,620.3,620.13,620.19,3022.0
2026-01-16 21:20:00+00:00,620.2218,620.23,620.0,620.13,5206.0
2026-01-16 21:25:00+00:00,620.09,620.1,619.8,619.98,6220.0
2026-01-16 21:30:00+00:00,619.93,620.3,619.9,620.0,3799.0
2026-01-16 21:35:00+00:00,620.05,620.5,620.05,620.24,6579.0
2026-01-16 21:40:00+00:00,620.25,620.48,620.16,620.16,1725.0
2026-01-16 21:45:00+00:00,620.23,620.48,620.0,620.2,3160.0
2026-01-16 21:50:00+00:00,620.01,620.25,620.0,620.08,4763.0
2026-01-16 21:55:00+00:00,620.04,620.1,620.0199,620.0199,708.0
2026-01-16 22:00:00+00:00,620.1,620.25,619.99,620.0,21450.0
2026-01-16 22:05:00+00:00,620.06,620.34,619.99,620.018,13275.0
2026-01-16 22:10:00+00:00,620.1,620.25,619.96,619.97,1496.0
2026-01-16 22:15:00+00:00,620.0,621.0,620.0,620.64,7839.0
2026-01-16 22:20:00+00:00,620.57,620.57,620.3,620.3,574.0
2026-01-16 22:25:00+00:00,620.3,620.5,620.3,620.3,1324.0
2026-01-16 22:30:00+00:00,620.26,620.26,620.01,620.21,653.0
2026-01-16 22:35:00+00:00,620.25,620.25,620.01,620.01,387.0
2026-01-16 22:40:00+00:00,620.01,620.7,619.9,620.2,3967.0
2026-01-16 22:45:00+00:00,620.2,620.2,620.12,620.2,1088.0
2026-01-16 22:50:00+00:00,620.0,620.0,619.9,619.9,289.0
2026-01-16 22:55:00+00:00,619.91,619.91,619.9,619.9,619.0
2026-01-16 23:00:00+00:00,619.91,620.19,619.91,620.19,1034.0
2026-01-16 23:10:00+00:00,620.01,620.2,620.01,620.2,1718.0
2026-01-16 23:15:00+00:00,620.01,620.1,619.9155,620.1,1038.0
2026-01-16 23:20:00+00:00,620.2,620.2,620.0,620.0,621.0
2026-01-16 23:25:00+00:00,620.2,620.2,620.1,620.1,725.0
2026-01-16 23:30:00+00:00,620.4482,620.4482,620.4482,620.4482,1036.0
2026-01-16 23:35:00+00:00,620.42,620.75,620.42,620.51,754.0
2026-01-16 23:40:00+00:00,620.5,620.5,619.937,620.01,2055.0
2026-01-16 23:45:00+00:00,620.5,620.5,620.07,620.45,650.0
2026-01-16 23:50:00+00:00,620.4559,620.4559,620.27,620.3,455.0
2026-01-16 23:55:00+00:00,620.3,620.5,620.05,620.2,2324.0
2026-01-17 00:00:00+00:00,620.49,620.49,620.49,620.49,190.0
2026-01-17 00:05:00+00:00,620.1995,620.2,620.1995,620.2,152.0
2026-01-17 00:10:00+00:00,620.1,620.35,620.1,620.3,476.0
2026-01-17 00:15:00+00:00,620.1,620.1,620.05,620.05,349.0
2026-01-17 00:20:00+00:00,620.03,620.3,620.03,620.3,1105.0
2026-01-17 00:25:00+00:00,620.3,620.3,620.25,620.26,208.0
2026-01-17 00:30:00+00:00,620.2,621.5,620.2,621.5,3682.0
2026-01-17 00:35:00+00:00,620.25,621.25,620.25,620.71,953.0
2026-01-17 00:40:00+00:00,620.73,620.9127,620.4976,620.5,1573.0
2026-01-17 00:45:00+00:00,620.5,620.5,620.25,620.25,726.0
2026-01-17 00:50:00+00:00,620.25,620.25,620.0,620.0472,1321.0
2026-01-17 00:55:00+00:00,620.15,620.35,620.0,620.25,1559.0
2026-01-20 09:00:00+00:00,605.0,610.64,605.0,605.96,12351.0
2026-01-20 09:05:00+00:00,605.5,605.61,603.56,603.77,6469.0
2026-01-20 09:10:00+00:00,603.77,604.19,603.51,603.51,3902.0
2026-01-20 09:15:00+00:00,603.49,603.57,602.7,603.0,4305.0
2026-01-20 09:20:00+00:00,603.4,604.03,602.19,602.34,6243.0
2026-01-20 09:25:00+00:00,602.35,603.0,602.1,602.14,2762.0
2026-01-20 09:30:00+00:00,602.5,602.5,601.95,602.0,6977.0
2026-01-20 09:35:00+00:00,601.77,602.0,601.5,601.5,4098.0
2026-01-20 09:40:00+00:00,601.6,601.75,601.3,601.75,3962.0
2026-01-20 09:45:00+00:00,601.7,601.82,601.45,601.45,2798.0
2026-01-20 09:50:00+00:00,601.0,602.0,601.0,601.98,1556.0
2026-01-20 09:55:00+00:00,602.2,602.4,602.01,602.28,1132.0
2026-01-20 10:00:00+00:00,602.53,602.56,602.3,602.3,3092.0
2026-01-20 10:05:00+00:00,602.57,602.74,602.57,602.69,803.0
2026-01-20 10:10:00+00:00,602.64,604.0,602.58,603.62,4659.0
2026-01-20 10:15:00+00:00,603.54,603.54,602.82,602.82,1318.0
2026-01-20 10:20:00+00:00,603.6,604.03,603.6,604.0,2043.0
2026-01-20 10:25:00+00:00,604.0,604.39,604.0,604.1,2282.0
2026-01-20 10:30:00+00:00,604.1,604.1,603.5,603.5,1068.0
2026-01-20 10:35:00+00:00,603.5,603.79,603.27,603.79,1952.0
2026-01-20 10:40:00+00:00,603.6,604.55,603.5,604.55,2814.0
2026-01-20 10:45:00+00:00,605.0,606.0,605.0,605.47,5022.0
2026-01-20 10:50:00+00:00,605.47,605.6,604.83,604.83,3974.0
2026-01-20 10:55:00+00:00,604.96,604.99,604.33,604.89,1932.0
2026-01-20 11:00:00+00:00,604.99,605.4,604.99,605.4,1926.0
2026-01-20 11:05:00+00:00,605.15,605.84,604.57,605.2,1547.0
2026-01-20 11:10:00+00:00,605.18,605.77,605.18,605.77,364.0
2026-01-20 11:15:00+00:00,605.27,605.27,605.0,605.0,1259.0
2026-01-20 11:20:00+00:00,604.95,605.54,604.9,605.54,891.0
2026-01-20 11:25:00+00:00,605.87,605.89,605.42,605.6,1673.0
2026-01-20 11:30:00+00:00,605.36,605.59,605.25,605.25,447.0
2026-01-20 11:35:00+00:00,605.1,605.22,605.01,605.2,1721.0
2026-01-20 11:40:00+00:00,605.03,605.03,604.72,604.72,1030.0
2026-01-20 11:45:00+00:00,604.75,604.78,604.0,604.0,3572.0
2026-01-20 11:50:00+00:00,604.0,604.63,603.76,604.63,3286.0
2026-01-20 11:55:00+00:00,604.9,604.9,604.68,604.68,602.0
2026-01-20 12:00:00+00:00,604.72,605.87,604.45,605.3,13072.0
2026-01-20 12:05:00+00:00,605.0,606.65,604.99,606.5,6492.0
2026-01-20 12:10:00+00:00,606.7,607.19,606.7,607.0,2296.0
2026-01-20 12:15:00+00:00,606.99,607.31,605.88,605.88,4650.0
2026-01-20 12:20:00+00:00,605.85,606.43,605.85,606.37,2064.0
2026-01-20 12:25:00+00:00,606.21,606.75,606.2,606.48,2303.0
2026-01-20 12:30:00+00:00,606.2,607.0,606.0,606.8,3552.0
2026-01-20 12:35:00+00:00,606.5,607.0,606.06,607.0,2378.0
2026-01-20 12:40:00+00:00,606.94,607.02,605.96,606.42,4482.0
2026-01-20 12:45:00+00:00,606.82,607.26,606.82,607.26,2070.0
2026-01-20 12:50:00+00:00,607.28,607.28,607.12,607.13,1266.0
2026-01-20 12:55:00+00:00,607.0,607.0,606.31,606.55,3205.0
2026-01-20 13:00:00+00:00,603.78,618.7,601.23,607.2,144928.0
2026-01-20 13:05:00+00:00,607.2,607.62,606.52,607.51,8968.0
2026-01-20 13:10:00+00:00,607.65,608.62,607.57,607.57,10343.0
2026-01-20 13:15:00+00:00,607.45,608.4,607.45,608.3515,2647.0
2026-01-20 13:20:00+00:00,608.3,609.88,608.3,609.05,5346.0
2026-01-20 13:25:00+00:00,609.14,609.88,608.6386,609.0,9191.0
2026-01-20 13:30:00+00:00,609.14,609.14,606.0,607.01,9766.0
2026-01-20 13:35:00+00:00,606.75,607.5,606.4,607.0,4611.0
2026-01-20 13:40:00+00:00,607.15,607.8,607.0,607.49,2305.0
2026-01-20 13:45:00+00:00,607.53,607.93,607.0,607.4423,3337.0
2026-01-20 13:50:00+00:00,607.6,607.8069,607.05,607.8069,5937.0
2026-01-20 13:55:00+00:00,607.5,607.5116,606.87,606.87,3243.0
2026-01-20 14:00:00+00:00,607.03,607.421,606.6,607.19,4861.0
2026-01-20 14:05:00+00:00,607.25,607.85,607.25,607.85,3994.0
2026-01-20 14:10:00+00:00,607.5661,608.1366,607.01,608.1366,7109.0
2026-01-20 14:15:00+00:00,608.0,608.1,607.21,607.21,5394.0
2026-01-20 14:20:00+00:00,607.2,607.2,606.0,606.0,10177.0
2026-01-20 14:25:00+00:00,605.99,608.37,605.0,608.19,26670.0
2026-01-20 14:30:00+00:00,607.88,608.4,600.0,605.905,1126753.0
2026-01-20 14:35:00+00:00,606.04,608.4188,605.29,606.2,404776.0
2026-01-20 14:40:00+00:00,606.32,607.3799,605.45,606.75,277098.0
2026-01-20 14:45:00+00:00,606.86,608.83,604.91,608.39,298142.0
2026-01-20 14:50:00+00:00,608.385,610.33,607.7,608.36,276278.0
2026-01-20 14:55:00+00:00,608.36,608.65,606.745,607.235,259501.0
2026-01-20 15:00:00+00:00,607.0,608.3591,606.4624,607.72,170071.0
2026-01-20 15:05:00+00:00,607.735,608.7999,606.5,607.8735,212355.0
2026-01-20 15:10:00+00:00,607.98,610.045,607.88,609.19,173286.0
2026-01-20 15:15:00+00:00,609.135,609.8399,607.8,608.22,129152.0
2026-01-20 15:20:00+00:00,608.04,610.4,608.0,609.455,122033.0
2026-01-20 15:25:00+00:00,609.38,611.4,609.29,611.31,183887.0
2026-01-20 15:30:00+00:00,611.31,611.31,609.85,610.585,130783.0
2026-01-20 15:35:00+00:00,610.55,610.6195,608.86,609.66,119986.0
2026-01-20 15:40:00+00:00,609.5757,611.0299,609.37,610.7,138525.0
2026-01-20 15:45:00+00:00,610.755,611.0,609.5,609.5825,114373.0
2026-01-20 15:50:00+00:00,609.585,609.79,608.71,609.28,222560.0
2026-01-20 15:55:00+00:00,609.19,609.27,608.17,609.17,127588.0
2026-01-20 16:00:00+00:00,609.1,610.27,608.93,609.53,97157.0
2026-01-20 16:05:00+00:00,609.5925,610.02,609.33,609.72,84375.0
2026-01-20 16:10:00+00:00,609.78,611.17,609.72,610.06,116799.0
2026-01-20 16:15:00+00:00,610.0,610.3499,609.25,610.3499,75345.0
2026-01-20 16:20:00+00:00,610.165,610.69,609.07,609.13,118719.0
2026-01-20 16:25:00+00:00,609.135,610.451,608.6127,610.32,131599.0
2026-01-20 16:30:00+00:00,610.22,610.6399,609.75,610.34,85624.0
2026-01-20 16:35:00+00:00,610.34,610.68,609.51,610.05,88983.0
2026-01-20 16:40:00+00:00,610.0,610.19,608.45,608.49,107653.0
2026-01-20 16:45:00+00:00,608.45,608.69,607.7001,608.03,144565.0
2026-01-20 16:50:00+00:00,608.075,608.88,606.92,607.07,141373.0
2026-01-20 16:55:00+00:00,607.09,608.92,606.67,608.61,119619.0
2026-01-20 17:00:00+00:00,608.56,608.82,607.9,608.16,85721.0
2026-01-20 17:05:00+00:00,608.07,608.95,607.4,607.4581,142461.0
2026-01-20 17:10:00+00:00,607.401,607.9699,607.35,607.69,68748.0
2026-01-20 17:15:00+00:00,607.73,607.91,607.111,607.51,72632.0
2026-01-20 17:20:00+00:00,607.51,607.79,607.1,607.4166,86489.0
2026-01-20 17:25:00+00:00,607.3982,607.8,607.1448,607.5,55237.0
2026-01-20 17:30:00+00:00,607.52,607.52,606.46,606.5464,75729.0
2026-01-20 17:35:00+00:00,606.52,607.12,606.261,606.865,90917.0
2026-01-20 17:40:00+00:00,606.7973,607.55,606.68,606.74,76116.0
2026-01-20 17:45:00+00:00,606.6765,606.86,606.17,606.28,86068.0
2026-01-20 17:50:00+00:00,606.18,606.6,605.56,606.4,140435.0
2026-01-20 17:55:00+00:00,606.4,606.7886,606.16,606.7,70418.0
2026-01-20 18:00:00+00:00,606.45,607.22,606.3,606.4001,79273.0
2026-01-20 18:05:00+00:00,606.51,606.735,605.92,605.9956,69157.0
2026-01-20 18:10:00+00:00,606.04,606.7,605.93,606.41,66620.0
2026-01-20 18:15:00+00:00,606.33,606.58,606.02,606.555,68040.0
2026-01-20 18:20:00+00:00,606.55,606.55,605.76,606.03,69841.0
2026-01-20 18:25:00+00:00,606.09,606.75,606.09,606.71,55836.0
2026-01-20 18:30:00+00:00,606.74,606.89,605.75,606.04,94512.0
2026-01-20 18:35:00+00:00,605.97,606.5,605.9,606.12,79129.0
2026-01-20 18:40:00+00:00,606.1,606.3199,605.64,605.685,58590.0
2026-01-20 18:45:00+00:00,605.66,605.77,605.21,605.28,70643.0
2026-01-20 18:50:00+00:00,605.3023,605.42,604.83,605.1,107602.0
2026-01-20 18:55:00+00:00,605.09,605.9999,604.9701,605.48,77223.0
2026-01-20 19:00:00+00:00,605.44,606.23,605.195,605.425,78785.0
2026-01-20 19:05:00+00:00,605.2801,605.9,604.9,605.0732,59407.0
2026-01-20 19:10:00+00:00,604.975,605.06,604.23,604.93,140327.0
2026-01-20 19:15:00+00:00,604.86,605.04,604.07,604.68,116263.0
2026-01-20 19:20:00+00:00,604.81,605.04,603.91,604.525,160591.0
2026-01-20 19:25:00+00:00,604.42,604.79,604.39,604.51,233104.0
2026-01-20 19:30:00+00:00,604.5,604.6,603.9,604.5,120174.0
2026-01-20 19:35:00+00:00,604.55,605.6999,604.41,605.51,83075.0
2026-01-20 19:40:00+00:00,605.38,605.9,605.2,605.615,103915.0
2026-01-20 19:45:00+00:00,605.61,605.6894,604.73,604.9016,74506.0
2026-01-20 19:50:00+00:00,604.97,605.27,604.155,605.21,92879.0
2026-01-20 19:55:00+00:00,605.1112,605.2277,604.42,604.71,76133.0
2026-01-20 20:00:00+00:00,604.7,604.91,604.14,604.271,78281.0
2026-01-20 20:05:00+00:00,604.2,604.37,603.49,603.86,122519.0
2026-01-20 20:10:00+00:00,603.83,604.18,602.84,602.97,135706.0
2026-01-20 20:15:00+00:00,602.91,604.22,602.86,603.689,135137.0
2026-01-20 20:20:00+00:00,603.54,603.8799,602.92,603.71,96321.0
2026-01-20 20:25:00+00:00,603.71,604.72,603.66,604.24,106445.0
2026-01-20 20:30:00+00:00,604.24,604.57,603.83,604.2484,108835.0
2026-01-20 20:35:00+00:00,604.29,604.29,603.03,603.2,131579.0
2026-01-20 20:40:00+00:00,603.15,603.605,603.1,603.5,167878.0
2026-01-20 20:45:00+00:00,603.51,604.46,603.45,604.335,189070.0
2026-01-20 20:50:00+00:00,604.37,604.37,602.42,603.625,311653.0
2026-01-20 20:55:00+00:00,603.51,604.97,602.82,604.67,877911.0
2026-01-20 21:00:00+00:00,604.6729,605.79,604.12,605.64,111887.0
2026-01-20 21:05:00+00:00,605.75,606.51,605.65,606.33,16521.0
2026-01-20 21:10:00+00:00,606.5566,607.0,606.2,606.92,7193.0
2026-01-20 21:15:00+00:00,607.0,607.66,606.92,607.56,12754.0
2026-01-20 21:20:00+00:00,607.52,607.7484,607.16,607.31,6053.0
2026-01-20 21:25:00+00:00,607.31,607.3212,606.6101,606.84,12008.0
2026-01-20 21:30:00+00:00,606.82,606.82,606.12,606.12,6769.0
2026-01-20 21:35:00+00:00,606.25,606.33,606.1208,606.3,1398.0
2026-01-20 21:40:00+00:00,606.35,606.35,605.96,605.96,2619.0
2026-01-20 21:45:00+00:00,605.88,606.01,605.78,605.78,1204.0
2026-01-20 21:50:00+00:00,605.8,605.8,605.12,605.12,2107.0
2026-01-20 21:55:00+00:00,605.201,605.75,605.15,605.75,1941.0
2026-01-20 22:00:00+00:00,605.65,605.75,605.6,605.6,529.0
2026-01-20 22:05:00+00:00,605.72,605.9998,605.7087,605.9998,3069.0
2026-01-20 22:10:00+00:00,605.95,605.99,605.8,605.89,2461.0
2026-01-20 22:15:00+00:00,605.9706,606.1679,605.8442,605.91,1858.0
2026-01-20 22:20:00+00:00,604.12,605.9983,604.12,605.9983,4636.0
2026-01-20 22:25:00+00:00,605.9,605.9,605.8,605.8,760.0
2026-01-20 22:30:00+00:00,605.75,605.75,605.02,605.02,1969.0
2026-01-20 22:35:00+00:00,605.27,605.27,605.1527,605.1527,862.0
2026-01-20 22:40:00+00:00,605.15,605.35,605.0,605.04,4823.0
2026-01-20 22:45:00+00:00,605.01,605.04,605.01,605.01,2014.0
2026-01-20 22:50:00+00:00,605.04,605.56,605.0388,605.24,1213.0
2026-01-20 22:55:00+00:00,605.2,605.2,605.0,605.0,834.0
2026-01-20 23:00:00+00:00,605.15,605.67,605.0,605.67,2432.0
2026-01-20 23:05:00+00:00,605.01,605.47,605.01,605.37,749.0
2026-01-20 23:10:00+00:00,605.0,605.0,605.0,605.0,255.0
2026-01-20 23:15:00+00:00,605.2,605.4141,605.0,605.4141,475.0
2026-01-20 23:20:00+00:00,605.24,605.2461,605.2128,605.2461,524.0
2026-01-20 23:25:00+00:00,605.1799,605.25,605.01,605.01,627.0
2026-01-20 23:30:00+00:00,605.16,605.25,605.15,605.16,468.0
2026-01-20 23:35:00+00:00,605.2,605.49,605.2,605.49,1053.0
2026-01-20 23:40:00+00:00,605.45,605.49,605.44,605.49,734.0
2026-01-20 23:45:00+00:00,605.4,605.4,604.4,604.4,3217.0
2026-01-20 23:50:00+00:00,604.12,604.16,603.54,603.97,6119.0
2026-01-20 23:55:00+00:00,603.77,604.1,603.77,603.8309,789.0
2026-01-21 00:00:00+00:00,603.93,603.93,603.83,603.83,312.0
2026-01-21 00:05:00+00:00,604.5,604.5,604.39,604.39,438.0
2026-01-21 00:10:00+00:00,604.5,605.0445,604.4067,604.65,626.0
2026-01-21 00:15:00+00:00,604.75,604.7501,604.11,604.5,1986.0
2026-01-21 00:20:00+00:00,604.51,605.0345,604.5,605.0345,545.0
2026-01-21 00:25:00+00:00,604.79,605.16,604.2312,604.5,1149.0
2026-01-21 00:30:00+00:00,604.5,605.1363,604.5,605.0,474.0
2026-01-21 00:35:00+00:00,605.0,605.8,605.0,605.8,1649.0
2026-01-21 00:40:00+00:00,605.63,606.0,605.63,605.82,874.0
2026-01-21 00:45:00+00:00,606.0,606.0,605.5,605.68,2955.0
2026-01-21 00:50:00+00:00,605.53,605.85,605.52,605.6,1870.0
2026-01-21 00:55:00+00:00,605.55,606.0,605.55,605.9742,1651.0
2026-01-21 09:00:00+00:00,606.9,607.74,606.9,607.01,1456.0
2026-01-21 09:05:00+00:00,607.07,607.42,606.94,607.01,1164.0
2026-01-21 09:10:00+00:00,607.13,607.31,606.99,607.31,803.0
2026-01-21 09:15:00+00:00,606.82,606.82,606.54,606.54,1191.0
2026-01-21 09:20:00+00:00,606.71,606.71,606.28,606.28,1460.0
2026-01-21 09:25:00+00:00,606.81,608.0,606.6,607.99,6559.0
2026-01-21 09:30:00+00:00,607.78,608.4,607.37,607.37,1194.0
2026-01-21 09:35:00+00:00,607.01,607.01,607.0,607.01,365.0
2026-01-21 09:40:00+00:00,607.0,607.0,606.98,606.98,423.0
2026-01-21 09:45:00+00:00,606.41,606.41,606.07,606.07,991.0
2026-01-21 09:50:00+00:00,606.11,606.5,606.01,606.01,711.0
2026-01-21 09:55:00+00:00,606.07,606.07,605.8,605.8,655.0
2026-01-21 10:00:00+00:00,605.7,606.49,605.59,606.49,966.0
2026-01-21 10:15:00+00:00,606.88,606.88,606.71,606.71,229.0
2026-01-21 10:20:00+00:00,606.71,606.9,606.71,606.9,182.0
2026-01-21 10:25:00+00:00,606.97,607.23,606.97,607.23,760.0
2026-01-21 10:30:00+00:00,607.66,607.66,607.6,607.6,249.0
2026-01-21 10:35:00+00:00,608.0,608.47,607.95,608.47,1588.0
2026-01-21 10:40:00+00:00,608.27,608.27,607.95,608.0,875.0
2026-01-21 10:45:00+00:00,608.01,608.44,608.01,608.35,2569.0
2026-01-21 10:50:00+00:00,608.33,608.64,608.01,608.45,2578.0
2026-01-21 10:55:00+00:00,608.02,608.35,608.01,608.29,3365.0
2026-01-21 11:00:00+00:00,608.01,608.01,607.35,607.35,825.0
2026-01-21 11:05:00+00:00,608.0,608.0,607.98,607.98,195.0
2026-01-21 11:10:00+00:00,607.57,607.57,607.57,607.57,78.0
2026-01-21 11:20:00+00:00,607.5,607.5,607.5,607.5,132.0
2026-01-21 11:25:00+00:00,607.22,607.22,607.16,607.16,697.0
2026-01-21 11:30:00+00:00,606.63,606.63,606.31,606.31,217.0
2026-01-21 11:35:00+00:00,606.35,606.35,605.93,605.95,2203.0
2026-01-21 11:40:00+00:00,605.84,605.95,605.61,605.95,774.0
2026-01-21 11:45:00+00:00,605.8,605.99,604.81,604.81,3814.0
2026-01-21 11:50:00+00:00,604.81,605.0,604.55,605.0,1564.0
2026-01-21 11:55:00+00:00,604.53,604.53,603.95,604.05,3096.0
2026-01-21 12:00:00+00:00,604.14,604.49,603.38,603.78,4218.0
2026-01-21 12:05:00+00:00,603.51,604.05,603.31,603.45,14316.0
2026-01-21 12:10:00+00:00,603.54,603.59,603.15,603.15,1286.0
2026-01-21 12:15:00+00:00,603.75,603.75,603.75,603.75,372.0
2026-01-21 12:20:00+00:00,603.94,604.5,603.94,604.5,787.0
2026-01-21 12:25:00+00:00,604.45,604.5,604.15,604.16,776.0
2026-01-21 12:35:00+00:00,604.48,604.5,604.07,604.07,1829.0
2026-01-21 12:40:00+00:00,604.01,604.37,603.81,603.81,1875.0
2026-01-21 12:45:00+00:00,603.99,603.99,603.51,603.51,1723.0
2026-01-21 12:50:00+00:00,604.18,604.18,604.18,604.18,110.0
2026-01-21 12:55:00+00:00,604.51,605.15,604.42,605.15,2848.0
2026-01-21 13:00:00+00:00,604.55,608.4,603.18,604.5,50653.0
2026-01-21 13:05:00+00:00,605.1,605.48,604.8,604.8,3610.0
2026-01-21 13:10:00+00:00,605.2204,605.3,605.09,605.09,2328.0
2026-01-21 13:15:00+00:00,605.0,605.0,604.75,604.7625,1159.0
2026-01-21 13:20:00+00:00,604.55,605.1289,604.55,605.1289,2323.0
2026-01-21 13:25:00+00:00,604.93,605.0,604.78,605.0,1394.0
2026-01-21 13:30:00+00:00,604.51,604.6,604.05,604.45,9397.0
2026-01-21 13:35:00+00:00,604.45,604.5,604.17,604.3,2668.0
2026-01-21 13:40:00+00:00,604.81,604.81,604.25,604.25,1373.0
2026-01-21 13:45:00+00:00,604.09,604.6,604.09,604.6,11862.0
2026-01-21 13:50:00+00:00,604.5,605.25,604.37,605.21,4528.0
2026-01-21 13:55:00+00:00,605.04,605.688,605.0,605.4911,3582.0
2026-01-21 14:00:00+00:00,604.75,605.88,604.75,605.34,5677.0
2026-01-21 14:05:00+00:00,605.6,606.33,605.2201,606.33,8077.0
2026-01-21 14:10:00+00:00,605.7,607.99,605.5,607.77,12517.0
2026-01-21 14:15:00+00:00,607.96,608.0,607.11,607.79,11809.0
2026-01-21 14:20:00+00:00,607.6,607.99,606.97,607.74,11954.0
2026-01-21 14:25:00+00:00,607.51,608.49,606.9,606.9,13970.0
2026-01-21 14:30:00+00:00,606.74,606.83,601.42,603.0,602694.0
2026-01-21 14:35:00+00:00,602.93,604.34,602.0,602.35,319190.0
2026-01-21 14:40:00+00:00,602.35,602.65,600.08,602.1801,312242.0
2026-01-21 14:45:00+00:00,602.42,603.5,601.02,602.09,269343.0
2026-01-21 14:50:00+00:00,602.1,604.04,601.84,603.98,289157.0
2026-01-21 14:55:00+00:00,603.92,605.7999,603.5,605.12,283366.0
2026-01-21 15:00:00+00:00,605.11,606.3,604.56,604.7,220513.0
2026-01-21 15:05:00+00:00,604.69,604.78,603.2,603.5,237432.0
2026-01-21 15:10:00+00:00,603.51,604.69,602.77,604.375,162526.0
2026-01-21 15:15:00+00:00,604.375,605.5,604.335,605.1875,211497.0
2026-01-21 15:20:00+00:00,605.145,607.79,604.6503,607.41,180110.0
2026-01-21 15:25:00+00:00,607.46,608.5,607.25,608.1218,144518.0
2026-01-21 15:30:00+00:00,608.115,610.36,607.54,609.99,164152.0
2026-01-21 15:35:00+00:00,609.9305,611.2,609.83,610.73,142902.0
2026-01-21 15:40:00+00:00,610.72,612.5,610.51,611.77,177821.0
2026-01-21 15:45:00+00:00,611.8199,613.25,611.76,613.16,147598.0
2026-01-21 15:50:00+00:00,613.145,613.83,612.82,613.605,194686.0
2026-01-21 15:55:00+00:00,613.61,613.7199,612.8,613.1325,113743.0
2026-01-21 16:00:00+00:00,613.06,613.93,612.93,613.1,157587.0
2026-01-21 16:05:00+00:00,613.18,615.65,612.7739,614.28,209670.0
2026-01-21 16:10:00+00:00,614.33,615.49,613.0,613.13,182442.0
2026-01-21 16:15:00+00:00,613.11,614.31,612.9,613.8106,101401.0
2026-01-21 16:20:00+00:00,613.695,614.08,613.28,613.9001,86214.0
2026-01-21 16:25:00+00:00,613.82,614.19,612.91,613.66,89631.0
2026-01-21 16:30:00+00:00,613.66,613.78,611.77,612.07,136565.0
2026-01-21 16:35:00+00:00,612.04,612.15,609.48,609.605,137451.0
2026-01-21 16:40:00+00:00,609.6,610.96,609.37,609.715,96324.0
2026-01-21 16:45:00+00:00,609.675,610.0,609.05,609.645,96201.0
2026-01-21 16:50:00+00:00,609.65,609.67,608.31,609.075,84662.0
2026-01-21 16:55:00+00:00,609.01,609.01,608.04,608.66,72320.0
2026-01-21 17:00:00+00:00,608.49,609.82,608.35,608.9959,79571.0
2026-01-21 17:05:00+00:00,609.03,609.58,608.54,609.16,64284.0
2026-01-21 17:10:00+00:00,609.08,609.28,607.9,608.13,71831.0
2026-01-21 17:15:00+00:00,608.17,609.6,607.85,609.12,76019.0
2026-01-21 17:20:00+00:00,608.99,610.5,608.695,610.28,104189.0
2026-01-21 17:25:00+00:00,610.31,610.77,609.92,610.4151,68100.0
2026-01-21 17:30:00+00:00,610.42,610.54,609.78,610.345,66822.0
2026-01-21 17:35:00+00:00,610.29,610.9,609.8645,610.715,62574.0
2026-01-21 17:40:00+00:00,610.715,611.37,610.0101,610.095,111748.0
2026-01-21 17:45:00+00:00,610.08,610.67,609.76,610.34,132358.0
2026-01-21 17:50:00+00:00,610.26,610.95,610.09,610.84,82611.0
2026-01-21 17:55:00+00:00,610.85,610.96,610.0,610.0,88248.0
2026-01-21 18:00:00+00:00,610.02,610.13,606.575,606.7211,178008.0
2026-01-21 18:05:00+00:00,606.745,607.59,606.69,607.435,141296.0
2026-01-21 18:10:00+00:00,607.36,608.75,607.36,608.095,99994.0
2026-01-21 18:15:00+00:00,608.0,608.34,607.2491,607.44,116304.0
2026-01-21 18:20:00+00:00,607.42,607.5,606.43,606.5,106592.0
2026-01-21 18:25:00+00:00,606.58,607.734875,606.41,607.635,91888.0
2026-01-21 18:30:00+00:00,607.76,608.722735,607.52,608.63,49925.0
2026-01-21 18:35:00+00:00,608.64,608.74,607.65,608.5,53589.0
2026-01-21 18:40:00+00:00,608.5,608.72,608.02,608.2,40816.0
2026-01-21 18:45:00+00:00,608.1,609.27,607.71,609.2,82451.0
2026-01-21 18:50:00+00:00,609.185,609.92,609.09,609.44,140409.0
2026-01-21 18:55:00+00:00,609.485,609.5399,608.48,609.215,56976.0
2026-01-21 19:00:00+00:00,609.1001,609.26,608.22,608.49,70379.0
2026-01-21 19:05:00+00:00,608.54,608.99,607.86,608.715,60156.0
2026-01-21 19:10:00+00:00,608.73,609.28,607.8101,607.815,70754.0
2026-01-21 19:15:00+00:00,607.81,608.68,607.65,608.35,75736.0
2026-01-21 19:20:00+00:00,608.38,609.24,607.7,609.095,57645.0
2026-01-21 19:25:00+00:00,609.1,614.68,608.35,613.79,145965.0
2026-01-21 19:30:00+00:00,614.17,614.8,613.195,613.8404,210082.0
2026-01-21 19:35:00+00:00,613.79,615.0799,613.51,614.56,125275.0
2026-01-21 19:40:00+00:00,614.38,615.95,614.105,615.3343,120537.0
2026-01-21 19:45:00+00:00,615.53,617.2,615.495,616.785,163640.0
2026-01-21 19:50:00+00:00,616.92,618.0,616.03,616.96,132778.0
2026-01-21 19:55:00+00:00,616.97,618.27,616.93,617.86,137953.0
2026-01-21 20:00:00+00:00,617.93,618.08,615.86,616.5,118666.0
2026-01-21 20:05:00+00:00,616.59,616.71,615.77,616.33,93921.0
2026-01-21 20:10:00+00:00,616.2923,616.6699,615.4,615.515,104210.0
2026-01-21 20:15:00+00:00,615.515,615.5578,614.11,614.33,108175.0
2026-01-21 20:20:00+00:00,614.305,615.1998,614.2,614.7,91476.0
2026-01-21 20:25:00+00:00,614.67,614.7164,613.41,613.46,69832.0
2026-01-21 20:30:00+00:00,613.4397,614.75,612.61,614.5999,122797.0
2026-01-21 20:35:00+00:00,614.59,615.5,614.37,615.114,140030.0
2026-01-21 20:40:00+00:00,615.05,615.3,614.27,614.665,111251.0
2026-01-21 20:45:00+00:00,614.64,615.0,614.01,614.93,117322.0
2026-01-21 20:50:00+00:00,614.9,616.0,613.43,613.47,225447.0
2026-01-21 20:55:00+00:00,613.32,613.425,611.7,613.05,644708.0
2026-01-21 21:00:00+00:00,612.96,614.0,612.96,613.13,167048.0
2026-01-21 21:05:00+00:00,613.4,613.96,613.4,613.74,3145.0
2026-01-21 21:10:00+00:00,613.6,614.01,613.5,614.01,5156.0
2026-01-21 21:15:00+00:00,614.18,614.45,614.18,614.3,1214.0
2026-01-21 21:20:00+00:00,614.25,614.5,614.15,614.5,1254.0
2026-01-21 21:25:00+00:00,614.29,614.3,613.84,614.0,2984.0
2026-01-21 21:30:00+00:00,614.0,614.0,613.85,613.87,1097.0
2026-01-21 21:35:00+00:00,614.0,614.0,613.9999,614.0,1589.0
2026-01-21 21:40:00+00:00,614.27,614.27,614.06,614.0634,553.0
2026-01-21 21:45:00+00:00,614.3,614.69,614.15,614.2,2900.0
2026-01-21 21:50:00+00:00,614.3,614.77,614.26,614.53,495.0
2026-01-21 21:55:00+00:00,614.74,615.3,614.74,615.3,3137.0
2026-01-21 22:00:00+00:00,615.2,615.99,615.2,615.99,1664.0
2026-01-21 22:05:00+00:00,615.64,615.9489,615.64,615.7,542.0
2026-01-21 22:10:00+00:00,615.8687,615.87,615.7,615.8,1516.0
2026-01-21 22:15:00+00:00,615.51,615.51,615.35,615.35,940.0
2026-01-21 22:20:00+00:00,615.79,615.79,615.68,615.7,1228.0
2026-01-21 22:25:00+00:00,615.24,615.6253,614.4,615.3316,1539.0
2026-01-21 22:30:00+00:00,615.48,615.79,615.2987,615.5,2461.0
2026-01-21 22:35:00+00:00,615.34,615.77,615.06,615.51,1628.0
2026-01-21 22:40:00+00:00,612.96,615.55,612.96,615.21,2436.0
2026-01-21 22:45:00+00:00,615.49,615.76,615.47,615.74,2793.0
2026-01-21 22:50:00+00:00,615.54,615.54,615.0,615.0,243.0
2026-01-21 22:55:00+00:00,615.56,615.65,615.56,615.62,1327.0
2026-01-21 23:00:00+00:00,615.76,616.0,615.76,616.0,3242.0
2026-01-21 23:05:00+00:00,616.25,616.55,616.2267,616.55,1618.0
2026-01-21 23:10:00+00:00,616.26,616.26,615.72,616.0,649.0
2026-01-21 23:15:00+00:00,616.0,616.49,615.8,616.49,1326.0
2026-01-21 23:20:00+00:00,616.4,616.4,616.4,616.4,107.0
2026-01-21 23:25:00+00:00,615.81,616.0,615.8,615.8,960.0
2026-01-21 23:30:00+00:00,616.0,616.0,615.61,615.62,493.0
2026-01-21 23:35:00+00:00,615.6,615.9,615.6,615.9,1145.0
2026-01-21 23:40:00+00:00,616.0,616.0,615.6,615.6,578.0
2026-01-21 23:45:00+00:00,615.66,615.66,615.62,615.62,278.0
2026-01-21 23:50:00+00:00,615.6573,615.7,615.6,615.7,937.0
2026-01-21 23:55:00+00:00,615.61,615.98,615.61,615.76,232.0
2026-01-22 00:00:00+00:00,615.6589,615.6589,615.6589,615.6589,128.0
2026-01-22 00:05:00+00:00,615.6,615.98,615.6,615.98,322.0
2026-01-22 00:10:00+00:00,615.84,615.84,615.79,615.84,889.0
2026-01-22 00:15:00+00:00,615.94,616.0,615.94,616.0,744.0
2026-01-22 00:20:00+00:00,616.04,616.04,616.04,616.04,104.0
2026-01-22 00:25:00+00:00,616.0,616.01,615.88,616.01,1157.0
2026-01-22 00:30:00+00:00,616.0,616.26,616.0,616.05,1641.0
2026-01-22 00:35:00+00:00,616.2,616.26,616.2,616.26,1130.0
2026-01-22 00:40:00+00:00,615.8,615.8,615.8,615.8,491.0
2026-01-22 00:45:00+00:00,615.769,615.99,615.769,615.99,1460.0
2026-01-22 00:50:00+00:00,615.82,615.82,615.82,615.82,64.0
2026-01-22 00:55:00+00:00,615.87,615.98,615.662,615.662,805.0
2026-01-22 09:00:00+00:00,618.14,619.88,617.97,619.88,2219.0
2026-01-22 09:05:00+00:00,619.79,619.79,618.82,619.04,4170.0
2026-01-22 09:10:00+00:00,619.11,619.14,619.0,619.0,1120.0
2026-01-22 09:15:00+00:00,619.2,619.2,619.0,619.0,607.0
2026-01-22 09:20:00+00:00,619.29,619.5,618.74,619.22,2687.0
2026-01-22 09:25:00+00:00,619.2,619.2,618.81,618.82,1491.0
2026-01-22 09:30:00+00:00,618.81,618.92,618.67,618.9,1297.0
2026-01-22 09:35:00+00:00,618.64,618.64,618.64,618.64,206.0
2026-01-22 09:40:00+00:00,618.64,618.65,618.64,618.65,428.0
2026-01-22 09:45:00+00:00,618.55,618.55,618.55,618.55,210.0
2026-01-22 09:50:00+00:00,618.6,618.6,618.6,618.6,138.0
2026-01-22 09:55:00+00:00,618.5,618.5,618.5,618.5,45.0
2026-01-22 10:00:00+00:00,618.56,618.56,618.45,618.45,248.0
2026-01-22 10:05:00+00:00,618.28,618.28,618.27,618.27,317.0
2026-01-22 10:10:00+00:00,618.35,618.35,617.71,617.71,1313.0
2026-01-22 10:15:00+00:00,617.87,617.94,617.74,617.87,1320.0
2026-01-22 10:20:00+00:00,618.27,618.7,618.27,618.68,1235.0
2026-01-22 10:25:00+00:00,618.0,618.0,617.8,617.8,980.0
2026-01-22 10:30:00+00:00,618.07,618.07,618.07,618.07,175.0
2026-01-22 10:35:00+00:00,618.18,618.25,618.18,618.25,587.0
2026-01-22 10:40:00+00:00,618.25,618.25,618.25,618.25,77.0
2026-01-22 10:45:00+00:00,618.3,618.3,618.01,618.01,208.0
2026-01-22 10:50:00+00:00,618.27,618.5,618.27,618.5,655.0
2026-01-22 11:00:00+00:00,618.15,618.5,618.15,618.5,272.0
2026-01-22 11:05:00+00:00,618.25,618.25,618.25,618.25,203.0
2026-01-22 11:10:00+00:00,618.07,618.07,618.05,618.05,928.0
2026-01-22 11:15:00+00:00,618.0,618.2,617.5,617.79,2010.0
2026-01-22 11:20:00+00:00,617.71,617.94,617.71,617.86,1371.0
2026-01-22 11:25:00+00:00,617.71,617.71,617.44,617.44,494.0
2026-01-22 11:30:00+00:00,617.44,622.8,617.38,622.8,18511.0
2026-01-22 11:35:00+00:00,622.74,625.24,622.0,625.0,16261.0
2026-01-22 11:40:00+00:00,625.0,625.0,623.38,623.5,3719.0
2026-01-22 11:45:00+00:00,623.5,624.59,623.0,623.0,4550.0
2026-01-22 11:50:00+00:00,623.48,623.48,622.0,622.0,2798.0
2026-01-22 11:55:00+00:00,622.57,622.57,622.02,622.02,2092.0
2026-01-22 12:00:00+00:00,621.97,622.1,621.0,621.17,10574.0
2026-01-22 12:05:00+00:00,621.39,623.4,621.39,623.16,9359.0
2026-01-22 12:10:00+00:00,623.0,623.5,623.0,623.0,3054.0
2026-01-22 12:15:00+00:00,622.98,625.0,622.98,624.0,8747.0
2026-01-22 12:20:00+00:00,623.76,625.0,623.74,624.43,4326.0
2026-01-22 12:25:00+00:00,624.69,624.86,624.56,624.86,3068.0
2026-01-22 12:30:00+00:00,624.78,624.86,624.61,624.71,3814.0
2026-01-22 12:35:00+00:00,624.52,624.7,624.43,624.5,1937.0
2026-01-22 12:40:00+00:00,624.7,625.31,624.7,625.01,5651.0
2026-01-22 12:45:00+00:00,625.1,626.6,625.1,626.6,6631.0
2026-01-22 12:50:00+00:00,626.4,627.74,626.4,627.5,5999.0
2026-01-22 12:55:00+00:00,627.52,628.25,627.3,627.59,10441.0
2026-01-22 13:00:00+00:00,627.6,629.9,627.59,629.0,23032.0
2026-01-22 13:05:00+00:00,629.19,629.36,628.0,628.33,9156.0
2026-01-22 13:10:00+00:00,628.15,628.7535,627.62,628.5,6931.0
2026-01-22 13:15:00+00:00,628.5001,629.58,628.3536,629.55,13161.0
2026-01-22 13:20:00+00:00,629.53,630.0,629.47,629.56,10687.0
2026-01-22 13:25:00+00:00,629.5,630.8,629.5,630.2,16551.0
2026-01-22 13:30:00+00:00,630.15,631.0,629.5,629.7,25963.0
2026-01-22 13:35:00+00:00,629.85,630.25,629.5,630.1,11467.0
2026-01-22 13:40:00+00:00,630.2,630.2,629.01,629.7,14964.0
2026-01-22 13:45:00+00:00,629.5815,630.0,629.5,629.5,14320.0
2026-01-22 13:50:00+00:00,629.5,629.79,629.5,629.5,7843.0
2026-01-22 13:55:00+00:00,629.5,629.8,629.5,629.65,19696.0
2026-01-22 14:00:00+00:00,629.5,629.75,629.35,629.53,25880.0
2026-01-22 14:05:00+00:00,629.5,629.5,627.62,627.79,12261.0
2026-01-22 14:10:00+00:00,627.8647,628.57,627.79,628.13,11168.0
2026-01-22 14:15:00+00:00,628.1352,629.25,628.1278,628.83,6708.0
2026-01-22 14:20:00+00:00,628.6,628.64,627.5,627.84,15150.0
2026-01-22 14:25:00+00:00,627.42,630.0,627.0,629.7,27901.0
2026-01-22 14:30:00+00:00,629.35,634.28,626.55,633.855,1067551.0
2026-01-22 14:35:00+00:00,633.91,635.22,631.1084,634.3875,825801.0
2026-01-22 14:40:00+00:00,634.3589,636.28,632.6,636.0,636560.0
2026-01-22 14:45:00+00:00,636.04,637.48,631.59,631.6399,782619.0
2026-01-22 14:50:00+00:00,631.5,633.0199,630.37,632.47,380217.0
2026-01-22 14:55:00+00:00,632.395,632.87,630.08,630.159,377455.0
2026-01-22 15:00:00+00:00,630.45,633.27,629.42,633.18,346365.0
2026-01-22 15:05:00+00:00,633.2,633.2,631.07,632.285,281291.0
2026-01-22 15:10:00+00:00,632.28,634.0,631.5,633.58,324274.0
2026-01-22 15:15:00+00:00,633.61,635.74,633.35,634.745,332163.0
2026-01-22 15:20:00+00:00,635.06,635.73,634.29,634.34,225777.0
2026-01-22 15:25:00+00:00,634.42,636.12,634.21,635.8999,175195.0
2026-01-22 15:30:00+00:00,635.87,636.98,635.3001,636.86,256504.0
2026-01-22 15:35:00+00:00,636.98,637.7,636.22,637.5125,316193.0
2026-01-22 15:40:00+00:00,637.51,638.5,636.04,638.08,275868.0
2026-01-22 15:45:00+00:00,637.93,638.2,637.0,637.465,272905.0
2026-01-22 15:50:00+00:00,637.37,638.105,636.33,637.02,187867.0
2026-01-22 15:55:00+00:00,636.89,637.07,635.4501,635.53,180285.0
2026-01-22 16:00:00+00:00,635.63,636.56,635.2,636.29,148150.0
2026-01-22 16:05:00+00:00,636.31,637.27,636.1501,636.82,112167.0
2026-01-22 16:10:00+00:00,636.82,637.69,636.0693,637.6831,90711.0
2026-01-22 16:15:00+00:00,637.54,638.47,637.42,638.405,161256.0
2026-01-22 16:20:00+00:00,638.405,639.56,638.3,638.715,242720.0
2026-01-22 16:25:00+00:00,638.715,639.4,638.1801,638.2181,137492.0
2026-01-22 16:30:00+00:00,638.33,638.92,637.65,638.16,139556.0
2026-01-22 16:35:00+00:00,638.24,638.58,637.66,638.52,90488.0
2026-01-22 16:40:00+00:00,638.52,639.76,638.4301,639.51,169256.0
2026-01-22 16:45:00+00:00,639.38,640.06,639.18,639.63,218677.0
2026-01-22 16:50:00+00:00,639.57,640.71,639.21,639.99,174908.0
2026-01-22 16:55:00+00:00,639.928,640.25,639.49,639.64,116667.0
2026-01-22 17:00:00+00:00,639.64,641.51,639.5969,641.365,189351.0
2026-01-22 17:05:00+00:00,641.28,641.9,641.0,641.59,204805.0
2026-01-22 17:10:00+00:00,641.63,642.15,641.34,642.109,205856.0
2026-01-22 17:15:00+00:00,642.19,642.59,640.85,641.9,224047.0
2026-01-22 17:20:00+00:00,641.96,643.31,641.4001,643.0,188093.0
2026-01-22 17:25:00+00:00,643.0,644.13,642.575,643.9501,204079.0
2026-01-22 17:30:00+00:00,644.04,645.0,643.87,644.65,323627.0
2026-01-22 17:35:00+00:00,644.7,645.17,644.4401,644.93,220559.0
2026-01-22 17:40:00+00:00,644.94,646.93,644.83,646.92,551079.0
2026-01-22 17:45:00+00:00,646.86,647.36,646.11,646.38,321495.0
2026-01-22 17:50:00+00:00,646.32,646.91,645.51,646.205,242207.0
2026-01-22 17:55:00+00:00,646.18,646.82,645.2,645.87,211656.0
2026-01-22 18:00:00+00:00,645.8,646.81,645.6601,646.81,145244.0
2026-01-22 18:05:00+00:00,646.8,647.1,646.01,646.11,137645.0
2026-01-22 18:10:00+00:00,646.085,647.1,645.9332,646.08,134548.0
2026-01-22 18:15:00+00:00,646.05,646.43,645.8101,646.28,109237.0
2026-01-22 18:20:00+00:00,646.15,647.1,646.08,646.8,135563.0
2026-01-22 18:25:00+00:00,646.755,647.1,646.55,646.82,121663.0
2026-01-22 18:30:00+00:00,646.8,647.1,646.42,646.5,145772.0
2026-01-22 18:35:00+00:00,646.48,646.64,646.16,646.595,110480.0
2026-01-22 18:40:00+00:00,646.6,646.81,645.32,645.32,124204.0
2026-01-22 18:45:00+00:00,645.39,646.2,645.35,645.9388,99951.0
2026-01-22 18:50:00+00:00,645.82,645.82,644.68,644.73,151235.0
2026-01-22 18:55:00+00:00,644.72,644.91,643.93,643.935,148100.0
2026-01-22 19:00:00+00:00,643.94,645.19,643.82,644.71,194933.0
2026-01-22 19:05:00+00:00,644.8125,645.65,644.46,645.29,208452.0
2026-01-22 19:10:00+00:00,645.29,646.0,644.59,645.78,132449.0
2026-01-22 19:15:00+00:00,645.69,646.88,645.5,646.62,157920.0
2026-01-22 19:20:00+00:00,646.67,647.1,645.82,647.0062,155225.0
2026-01-22 19:25:00+00:00,647.035,647.44,646.63,646.815,134043.0
2026-01-22 19:30:00+00:00,646.82,646.98,645.32,645.4,126022.0
2026-01-22 19:35:00+00:00,645.51,645.699,645.11,645.275,179860.0
2026-01-22 19:40:00+00:00,645.275,646.5,645.245,646.27,105037.0
2026-01-22 19:45:00+00:00,646.31,646.87,646.1401,646.65,138095.0
2026-01-22 19:50:00+00:00,646.58,647.23,646.51,646.88,183798.0
2026-01-22 19:55:00+00:00,646.84,647.14,646.105,646.125,192494.0
2026-01-22 20:00:00+00:00,646.08,647.25,645.9,646.6025,270681.0
2026-01-22 20:05:00+00:00,646.55,646.9,646.11,646.665,128184.0
2026-01-22 20:10:00+00:00,646.665,646.665,645.7061,646.24,167092.0
2026-01-22 20:15:00+00:00,646.35,646.9,646.22,646.61,185754.0
2026-01-22 20:20:00+00:00,646.555,646.9948,645.9301,646.618,180425.0
2026-01-22 20:25:00+00:00,646.54,646.71,645.76,646.05,170108.0
2026-01-22 20:30:00+00:00,646.03,646.395,644.54,644.905,314291.0
2026-01-22 20:35:00+00:00,644.91,645.78,644.48,645.01,199963.0
2026-01-22 20:40:00+00:00,645.06,646.46,644.845,646.33,206909.0
2026-01-22 20:45:00+00:00,646.3798,646.79,645.68,646.25,303019.0
2026-01-22 20:50:00+00:00,646.44,648.0,645.685,647.625,460096.0
2026-01-22 20:55:00+00:00,647.56,660.57,647.38,647.81,761624.0
2026-01-22 21:00:00+00:00,647.63,648.02,647.1,647.202,96925.0
2026-01-22 21:05:00+00:00,647.2012,647.98,647.2012,647.8,7883.0
2026-01-22 21:10:00+00:00,647.62,647.7,647.2785,647.58,4751.0
2026-01-22 21:15:00+00:00,647.55,647.7,647.47,647.5,5316.0
2026-01-22 21:20:00+00:00,647.4601,647.63,647.46,647.63,2576.0
2026-01-22 21:25:00+00:00,647.67,647.9,647.567,647.75,5791.0
2026-01-22 21:30:00+00:00,647.8,647.9,647.8,647.8179,1811.0
2026-01-22 21:35:00+00:00,647.7783,647.9,647.72,647.8,2429.0
2026-01-22 21:40:00+00:00,647.85,647.85,647.3,647.54,6542.0
2026-01-22 21:45:00+00:00,647.5,647.67,647.46,647.67,2277.0
2026-01-22 21:50:00+00:00,647.69,647.98,647.69,647.98,3405.0
2026-01-22 21:55:00+00:00,647.96,647.98,646.5,646.5,8479.0
2026-01-22 22:00:00+00:00,647.03,647.49,647.01,647.19,1761.0
2026-01-22 22:05:00+00:00,647.1601,647.63,647.15,647.63,4363.0
2026-01-22 22:10:00+00:00,647.1593,647.46,647.15,647.25,1638.0
2026-01-22 22:15:00+00:00,647.23,647.5,647.13,647.31,1790.0
2026-01-22 22:20:00+00:00,647.43,647.43,647.17,647.3,3498.0
2026-01-22 22:25:00+00:00,647.38,647.47,647.25,647.3,3489.0
2026-01-22 22:30:00+00:00,647.3292,647.4582,647.31,647.4582,1352.0
2026-01-22 22:35:00+00:00,647.4,647.66,647.2317,647.66,2119.0
2026-01-22 22:40:00+00:00,647.54,648.27,647.43,648.27,5856.0
2026-01-22 22:45:00+00:00,648.12,648.15,647.93,647.93,2444.0
2026-01-22 22:50:00+00:00,647.93,648.26,647.93,648.26,3017.0
2026-01-22 22:55:00+00:00,648.1,648.27,648.05,648.05,992.0
2026-01-22 23:00:00+00:00,648.1,648.1,647.26,647.48,5193.0
2026-01-22 23:05:00+00:00,647.24,647.37,646.99,647.0,4021.0
2026-01-22 23:10:00+00:00,647.26,647.5,647.26,647.4,717.0
2026-01-22 23:15:00+00:00,647.47,647.58,647.47,647.58,1476.0
2026-01-22 23:20:00+00:00,647.57,648.0,647.57,648.0,1761.0
2026-01-22 23:25:00+00:00,647.79,648.2134,647.63,648.08,2473.0
2026-01-22 23:30:00+00:00,647.85,648.25,647.85,647.86,1185.0
2026-01-22 23:35:00+00:00,647.9,647.99,647.8,647.8,1117.0
2026-01-22 23:40:00+00:00,647.8,648.0,647.75,647.75,1749.0
2026-01-22 23:45:00+00:00,648.0,648.2,648.0,648.0,2585.0
2026-01-22 23:50:00+00:00,647.66,647.8,647.66,647.8,383.0
2026-01-22 23:55:00+00:00,647.6632,647.82,647.6,647.6,1058.0
2026-01-23 00:00:00+00:00,647.7,647.85,647.6,647.71,1998.0
2026-01-23 00:05:00+00:00,647.61,647.7888,647.6,647.7888,2993.0
2026-01-23 00:10:00+00:00,647.79,647.97,647.71,647.91,1217.0
2026-01-23 00:15:00+00:00,647.97,648.0,647.82,647.98,2318.0
2026-01-23 00:20:00+00:00,648.01,648.1496,647.82,647.82,1046.0
2026-01-23 00:25:00+00:00,647.82,647.82,647.61,647.72,1207.0
2026-01-23 00:30:00+00:00,647.8788,647.9,647.6753,647.9,602.0
2026-01-23 00:35:00+00:00,647.738,648.0,647.73,648.0,1859.0
2026-01-23 00:40:00+00:00,648.1,648.25,648.0,648.25,1592.0
2026-01-23 00:45:00+00:00,648.01,648.5,648.01,648.32,1895.0
2026-01-23 00:50:00+00:00,648.5,648.55,648.38,648.38,5004.0
2026-01-23 00:55:00+00:00,648.33,648.5,648.329,648.5,6641.0
2026-01-23 09:00:00+00:00,645.16,648.39,645.16,646.17,4753.0
2026-01-23 09:05:00+00:00,645.99,647.21,645.99,647.21,2497.0
2026-01-23 09:10:00+00:00,647.13,647.4,646.46,646.46,1467.0
2026-01-23 09:15:00+00:00,646.08,646.85,646.0,646.61,1405.0
2026-01-23 09:20:00+00:00,647.0,647.32,647.0,647.26,637.0
2026-01-23 09:30:00+00:00,646.62,646.62,645.96,645.96,1722.0
2026-01-23 09:35:00+00:00,645.71,645.79,645.25,645.25,1502.0
2026-01-23 09:40:00+00:00,645.11,645.12,644.42,644.5,3653.0
2026-01-23 09:45:00+00:00,644.5,644.52,644.47,644.51,850.0
2026-01-23 09:50:00+00:00,644.89,644.89,643.0,643.0,8821.0
2026-01-23 09:55:00+00:00,643.69,643.69,643.0,643.0,2394.0
2026-01-23 10:00:00+00:00,643.19,644.2,643.19,644.17,1579.0
2026-01-23 10:05:00+00:00,644.01,644.25,644.01,644.25,322.0
2026-01-23 10:10:00+00:00,644.0,644.0,643.79,643.79,215.0
2026-01-23 10:15:00+00:00,643.89,644.0,643.89,644.0,425.0
2026-01-23 10:20:00+00:00,644.12,644.65,644.12,644.65,341.0
2026-01-23 10:25:00+00:00,644.83,644.98,644.5,644.5,559.0
2026-01-23 10:30:00+00:00,644.37,644.39,644.31,644.31,361.0
2026-01-23 10:35:00+00:00,643.98,644.27,643.95,644.27,1274.0
2026-01-23 10:40:00+00:00,643.96,643.96,643.7,643.86,1191.0
2026-01-23 10:50:00+00:00,643.77,643.77,643.53,643.53,991.0
2026-01-23 10:55:00+00:00,643.64,643.64,643.64,643.64,78.0
2026-01-23 11:00:00+00:00,643.97,644.99,643.48,644.99,4448.0
2026-01-23 11:05:00+00:00,644.78,645.21,644.11,644.58,3309.0
2026-01-23 11:10:00+00:00,644.85,644.85,644.5,644.5,1107.0
2026-01-23 11:20:00+00:00,644.7,645.12,644.7,645.12,1350.0
2026-01-23 11:25:00+00:00,645.14,645.41,645.14,645.18,948.0
2026-01-23 11:30:00+00:00,645.12,646.0,645.12,645.8,3002.0
2026-01-23 11:35:00+00:00,645.8,645.8,644.73,644.73,2052.0
2026-01-23 11:40:00+00:00,644.71,644.95,644.69,644.69,267.0
2026-01-23 11:45:00+00:00,644.69,644.69,644.1,644.37,1259.0
2026-01-23 11:50:00+00:00,644.46,644.84,644.13,644.13,1255.0
2026-01-23 11:55:00+00:00,644.33,644.33,643.95,643.95,1246.0
2026-01-23 12:00:00+00:00,644.32,645.6,644.32,644.73,8583.0
2026-01-23 12:05:00+00:00,644.43,645.15,644.43,645.0,1606.0
2026-01-23 12:10:00+00:00,644.8,645.11,644.5,644.97,1987.0
2026-01-23 12:15:00+00:00,644.78,644.78,644.44,644.5,2449.0
2026-01-23 12:20:00+00:00,644.5,644.5,644.01,644.2,1782.0
2026-01-23 12:25:00+00:00,644.25,644.25,643.95,643.95,3390.0
2026-01-23 12:30:00+00:00,644.19,644.45,643.0,643.05,2529.0
2026-01-23 12:35:00+00:00,643.66,643.68,643.32,643.49,856.0
2026-01-23 12:40:00+00:00,643.559,643.79,643.559,643.65,1566.0
2026-01-23 12:45:00+00:00,643.79,643.9,643.7,643.89,1339.0
2026-01-23 12:50:00+00:00,643.9,643.9,643.6,643.77,3853.0
2026-01-23 12:55:00+00:00,643.75,643.87,643.66,643.66,744.0
2026-01-23 13:00:00+00:00,643.79,643.9,643.5,643.9,4189.0
2026-01-23 13:05:00+00:00,643.85,643.87,643.41,643.5,5995.0
2026-01-23 13:10:00+00:00,643.44,643.5,642.88,642.88,9179.0
2026-01-23 13:15:00+00:00,642.7301,642.98,642.0,642.26,8275.0
2026-01-23 13:20:00+00:00,642.2927,642.5,641.97,642.4,5347.0
2026-01-23 13:25:00+00:00,642.43,642.7,641.74,641.74,9744.0
2026-01-23 13:30:00+00:00,641.74,642.83,641.74,642.26,6717.0
2026-01-23 13:35:00+00:00,642.43,642.52,642.15,642.52,1717.0
2026-01-23 13:40:00+00:00,642.5327,643.0,642.5,643.0,4905.0
2026-01-23 13:45:00+00:00,642.8,643.4,642.63,643.25,8509.0
2026-01-23 13:50:00+00:00,643.21,643.26,642.85,642.85,2782.0
2026-01-23 13:55:00+00:00,642.85,643.0982,642.5,642.6,3728.0
2026-01-23 14:00:00+00:00,642.6,642.68,642.1,642.135,3386.0
2026-01-23 14:05:00+00:00,642.26,642.39,642.1,642.26,4010.0
2026-01-23 14:10:00+00:00,642.35,642.49,642.01,642.16,3221.0
2026-01-23 14:15:00+00:00,642.1,642.32,642.01,642.17,4802.0
2026-01-23 14:20:00+00:00,642.28,642.31,641.42,641.75,10583.0
2026-01-23 14:25:00+00:00,641.99,645.5,641.76,645.15,24546.0
2026-01-23 14:30:00+00:00,644.77,653.8,644.445,651.2399,1018450.0
2026-01-23 14:35:00+00:00,651.17,652.6799,647.73,650.1711,399831.0
2026-01-23 14:40:00+00:00,650.519,650.519,648.1,649.35,255914.0
2026-01-23 14:45:00+00:00,649.48,653.28,648.65,653.06,552800.0
2026-01-23 14:50:00+00:00,652.9899,655.27,652.09,654.97,493724.0
2026-01-23 14:55:00+00:00,655.03,656.5,653.8,655.765,428744.0
2026-01-23 15:00:00+00:00,655.9,658.66,655.7901,658.2,440862.0
2026-01-23 15:05:00+00:00,658.2,660.0,658.0601,659.89,733221.0
2026-01-23 15:10:00+00:00,659.83,661.0,657.62,658.495,639520.0
2026-01-23 15:15:00+00:00,658.49,660.49,658.41,658.995,431469.0
2026-01-23 15:20:00+00:00,659.07,659.36,656.95,657.98,543548.0
2026-01-23 15:25:00+00:00,657.98,659.7,657.53,658.3007,192963.0
2026-01-23 15:30:00+00:00,658.21,658.75,656.42,657.545,216583.0
2026-01-23 15:35:00+00:00,657.552,658.29,656.52,657.345,211975.0
2026-01-23 15:40:00+00:00,657.3,659.35,656.87,659.345,198027.0
2026-01-23 15:45:00+00:00,659.35,659.75,658.505,659.34,208759.0
2026-01-23 15:50:00+00:00,659.28,660.38,659.19,659.915,465331.0
2026-01-23 15:55:00+00:00,659.95,661.78,659.76,661.28,322900.0
2026-01-23 16:00:00+00:00,661.2808,663.2,661.17,662.305,368078.0
2026-01-23 16:05:00+00:00,662.39,662.44,660.6,661.81,236602.0
2026-01-23 16:10:00+00:00,661.81,662.8999,661.12,661.75,180901.0
2026-01-23 16:15:00+00:00,661.82,662.09,660.2,661.555,181829.0
2026-01-23 16:20:00+00:00,661.555,661.9099,660.97,661.52,244550.0
2026-01-23 16:25:00+00:00,661.5,662.0,661.1,661.785,169802.0
2026-01-23 16:30:00+00:00,661.85,662.35,661.3501,662.33,210577.0
2026-01-23 16:35:00+00:00,662.28,663.65,661.7903,662.98,243895.0
2026-01-23 16:40:00+00:00,662.95,663.4,662.5413,662.61,120873.0
2026-01-23 16:45:00+00:00,662.54,662.9202,661.94,662.5715,119964.0
2026-01-23 16:50:00+00:00,662.53,663.22,662.164,662.78,157139.0
2026-01-23 16:55:00+00:00,662.8,662.8,661.69,661.985,117515.0
2026-01-23 17:00:00+00:00,661.985,662.137,661.25,661.29,150918.0
2026-01-23 17:05:00+00:00,661.255,661.445,660.88,661.13,131109.0
2026-01-23 17:10:00+00:00,661.14,661.64,660.36,661.64,486224.0
2026-01-23 17:15:00+00:00,661.62,661.66,660.87,661.07,102445.0
2026-01-23 17:20:00+00:00,661.045,661.3,660.81,661.044,97149.0
2026-01-23 17:25:00+00:00,661.07,662.6,661.0201,662.365,133892.0
2026-01-23 17:30:00+00:00,662.28,662.69,661.18,661.36,111983.0
2026-01-23 17:35:00+00:00,661.455,662.4,661.455,661.515,102026.0
2026-01-23 17:40:00+00:00,661.515,661.515,660.426,660.7999,161597.0
2026-01-23 17:45:00+00:00,660.715,661.85,660.6301,661.61,133498.0
2026-01-23 17:50:00+00:00,661.605,661.89,659.91,660.555,388559.0
2026-01-23 17:55:00+00:00,660.55,662.789,660.55,662.4,179955.0
2026-01-23 18:00:00+00:00,662.44,664.64,662.2,664.32,256328.0
2026-01-23 18:05:00+00:00,664.3,665.0,663.93,664.92,309939.0
2026-01-23 18:10:00+00:00,664.94,665.28,663.94,664.18,474931.0
2026-01-23 18:15:00+00:00,664.185,665.65,664.13,665.1,599965.0
2026-01-23 18:20:00+00:00,665.1799,665.36,664.635,664.885,134191.0
2026-01-23 18:25:00+00:00,664.885,665.575,664.82,665.555,130768.0
2026-01-23 18:30:00+00:00,665.59,666.25,664.91,665.41,224569.0
2026-01-23 18:35:00+00:00,665.36,665.9035,664.9625,665.6835,102495.0
2026-01-23 18:40:00+00:00,665.53,665.75,663.71,664.09,159915.0
2026-01-23 18:45:00+00:00,663.96,665.13,663.51,664.815,109681.0
2026-01-23 18:50:00+00:00,664.77,664.99,663.59,663.835,147508.0
2026-01-23 18:55:00+00:00,663.7701,664.1,663.45,663.61,127448.0
2026-01-23 19:00:00+00:00,663.6,664.94,663.43,664.88,165331.0
2026-01-23 19:05:00+00:00,664.865,665.23,664.02,664.884455,108371.0
2026-01-23 19:10:00+00:00,664.91,665.445,664.73,665.135,252504.0
2026-01-23 19:15:00+00:00,665.1,665.9,665.05,665.745,94312.0
2026-01-23 19:20:00+00:00,665.745,666.4899,665.69,665.915,156036.0
2026-01-23 19:25:00+00:00,665.95,666.2,664.28,664.28,171916.0
2026-01-23 19:30:00+00:00,664.28,664.7,663.91,664.37,113006.0
2026-01-23 19:35:00+00:00,664.37,664.75,664.14,664.5,85118.0
2026-01-23 19:40:00+00:00,664.5334,664.59,663.363,663.86,146020.0
2026-01-23 19:45:00+00:00,663.85,664.6,663.6201,663.87,97256.0
2026-01-23 19:50:00+00:00,663.905,664.4,663.74,664.24,80596.0
2026-01-23 19:55:00+00:00,664.28,664.61,663.1,663.21,106808.0
2026-01-23 20:00:00+00:00,663.21,663.21,662.03,662.3,129212.0
2026-01-23 20:05:00+00:00,662.336,662.7999,661.84,661.84,99668.0
2026-01-23 20:10:00+00:00,661.85,662.88,661.44,662.72,109203.0
2026-01-23 20:15:00+00:00,662.7,663.1,662.39,662.77,113327.0
2026-01-23 20:20:00+00:00,662.76,662.8,661.78,662.125,107845.0
2026-01-23 20:25:00+00:00,662.125,662.47,661.9925,662.1,109051.0
2026-01-23 20:30:00+00:00,662.047,662.19,660.82,660.99,182325.0
2026-01-23 20:35:00+00:00,661.015,661.15,660.15,660.26,156384.0
2026-01-23 20:40:00+00:00,660.2575,660.83,660.08,660.59,191903.0
2026-01-23 20:45:00+00:00,660.59,660.68,659.37,660.015,449002.0
2026-01-23 20:50:00+00:00,659.95,659.98,658.13,658.74,402755.0
2026-01-23 20:55:00+00:00,658.75,659.28,657.5,658.75,939819.0
2026-01-23 21:00:00+00:00,658.7094,658.8465,656.59,658.2,161978.0
2026-01-23 21:05:00+00:00,658.19,658.76,657.89,658.47,7033.0
2026-01-23 21:10:00+00:00,658.3,658.55,657.88,658.55,10023.0
2026-01-23 21:15:00+00:00,658.59,658.76,657.55,657.55,55279.0
2026-01-23 21:20:00+00:00,657.55,657.75,656.5,657.66,15590.0
2026-01-23 21:25:00+00:00,657.68,657.94,657.1069,657.94,2746.0
2026-01-23 21:30:00+00:00,657.87,657.94,657.75,657.75,5534.0
2026-01-23 21:35:00+00:00,657.85,657.9961,657.42,657.9,2684.0
2026-01-23 21:40:00+00:00,657.91,658.4,657.91,658.3,2775.0
2026-01-23 21:45:00+00:00,658.3,658.7765,657.99,658.7765,5792.0
2026-01-23 21:50:00+00:00,658.18,658.3982,658.18,658.2,1721.0
2026-01-23 21:55:00+00:00,658.35,658.7675,658.12,658.12,3900.0
2026-01-23 22:00:00+00:00,658.58,659.04,658.58,658.93,6185.0
2026-01-23 22:05:00+00:00,659.1094,659.1094,658.87,658.87,2186.0
2026-01-23 22:10:00+00:00,658.998,658.998,658.33,658.35,1957.0
2026-01-23 22:15:00+00:00,658.12,658.76,658.12,658.39,784.0
2026-01-23 22:20:00+00:00,658.3757,658.9,658.11,658.11,1790.0
2026-01-23 22:25:00+00:00,658.0,658.49,657.9983,658.49,2316.0
2026-01-23 22:30:00+00:00,657.95,658.5,657.95,658.5,567.0
2026-01-23 22:35:00+00:00,657.8401,657.8401,657.8401,657.8401,148.0
2026-01-23 22:40:00+00:00,658.13,658.13,658.09,658.1,383.0
2026-01-23 22:45:00+00:00,658.1,658.1941,658.0,658.0263,707.0
2026-01-23 22:50:00+00:00,658.15,658.2,658.15,658.2,405.0
2026-01-23 22:55:00+00:00,658.2,658.3,658.2,658.2794,499.0
2026-01-23 23:00:00+00:00,658.28,658.5,658.25,658.5,2860.0
2026-01-23 23:05:00+00:00,658.19,658.19,658.1,658.15,505.0
2026-01-23 23:10:00+00:00,658.19,658.19,658.03,658.1083,1608.0
2026-01-23 23:15:00+00:00,658.1,658.19,658.1,658.16,686.0
2026-01-23 23:20:00+00:00,658.19,658.2,658.1,658.12,629.0
2026-01-23 23:25:00+00:00,658.0512,658.14,658.0512,658.14,941.0
2026-01-23 23:30:00+00:00,658.07,658.08,658.06,658.06,731.0
2026-01-23 23:35:00+00:00,658.1,658.19,658.05,658.05,669.0
2026-01-23 23:40:00+00:00,658.13,658.13,658.13,658.13,63.0
2026-01-23 23:45:00+00:00,658.12,658.14,658.06,658.08,1054.0
2026-01-23 23:50:00+00:00,658.19,658.19,658.1,658.1,532.0
2026-01-23 23:55:00+00:00,658.0504,658.0504,657.85,657.9,1516.0
2026-01-24 00:00:00+00:00,657.7001,657.7001,657.5,657.6,1209.0
2026-01-24 00:05:00+00:00,657.68,657.68,657.68,657.68,144.0
2026-01-24 00:10:00+00:00,657.606,657.64,657.5052,657.64,1280.0
2026-01-24 00:15:00+00:00,657.78,657.78,657.44,657.49,1538.0
2026-01-24 00:20:00+00:00,657.79,657.79,657.54,657.54,364.0
2026-01-24 00:25:00+00:00,657.7,657.79,657.7,657.72,316.0
2026-01-24 00:30:00+00:00,657.78,657.79,657.78,657.79,214.0
2026-01-24 00:35:00+00:00,657.7,657.79,657.7,657.78,978.0
2026-01-24 00:40:00+00:00,657.79,657.79,657.54,657.61,1120.0
2026-01-24 00:45:00+00:00,657.6,657.71,657.5701,657.7,1355.0
2026-01-24 00:50:00+00:00,657.61,657.79,657.61,657.77,1940.0
2026-01-24 00:55:00+00:00,657.79,658.1,657.79,657.969,4553.0
