Datetime,Open,High,Low,Close,Volume
2025-12-01 09:00:00+00:00,425.33,427.13,424.99,425.19,25456.0
2025-12-01 09:05:00+00:00,425.22,425.96,425.22,425.91,12005.0
2025-12-01 09:10:00+00:00,425.95,426.07,425.2,425.2,10724.0
2025-12-01 09:15:00+00:00,425.3,425.67,425.21,425.35,7240.0
2025-12-01 09:20:00+00:00,425.35,425.8,425.3,425.71,12724.0
2025-12-01 09:25:00+00:00,425.72,425.76,425.6,425.6,4161.0
2025-12-01 09:30:00+00:00,425.61,425.66,425.5,425.5,6580.0
2025-12-01 09:35:00+00:00,425.57,425.69,425.25,425.33,13782.0
2025-12-01 09:40:00+00:00,425.29,425.39,425.25,425.39,5298.0
2025-12-01 09:45:00+00:00,425.39,425.55,425.0,425.26,17180.0
2025-12-01 09:50:00+00:00,425.2,425.28,425.0,425.21,4055.0
2025-12-01 09:55:00+00:00,425.1,425.44,425.0,425.4,16663.0
2025-12-01 10:00:00+00:00,425.37,425.61,425.37,425.45,8305.0
2025-12-01 10:05:00+00:00,425.47,425.8,425.47,425.58,4000.0
2025-12-01 10:10:00+00:00,425.58,425.66,425.42,425.42,2721.0
2025-12-01 10:15:00+00:00,425.5,425.5,425.17,425.33,1690.0
2025-12-01 10:20:00+00:00,425.4,425.5,425.38,425.41,1722.0
2025-12-01 10:25:00+00:00,425.49,425.74,425.47,425.5,4546.0
2025-12-01 10:30:00+00:00,425.53,425.65,425.41,425.53,4379.0
2025-12-01 10:35:00+00:00,425.53,425.57,425.4,425.4,3348.0
2025-12-01 10:40:00+00:00,425.4,425.8,425.33,425.72,3378.0
2025-12-01 10:45:00+00:00,425.45,425.61,425.45,425.6,1425.0
2025-12-01 10:50:00+00:00,425.4,425.52,425.34,425.52,4640.0
2025-12-01 10:55:00+00:00,425.52,425.62,425.4,425.4,3938.0
2025-12-01 11:00:00+00:00,425.36,425.4,425.24,425.28,3917.0
2025-12-01 11:05:00+00:00,425.25,425.25,424.85,424.98,15102.0
2025-12-01 11:10:00+00:00,424.99,425.45,424.96,425.29,6356.0
2025-12-01 11:15:00+00:00,425.2,425.21,424.95,425.06,4255.0
2025-12-01 11:20:00+00:00,424.98,425.13,424.8,424.82,3297.0
2025-12-01 11:25:00+00:00,424.78,424.85,424.62,424.62,7215.0
2025-12-01 11:30:00+00:00,424.6,424.7,424.01,424.41,13329.0
2025-12-01 11:35:00+00:00,424.33,424.48,424.23,424.25,7980.0
2025-12-01 11:40:00+00:00,424.35,424.38,423.95,424.38,13301.0
2025-12-01 11:45:00+00:00,424.39,424.72,424.39,424.45,4460.0
2025-12-01 11:50:00+00:00,424.43,425.0,424.43,424.71,8626.0
2025-12-01 11:55:00+00:00,424.9,424.9,424.73,424.89,3110.0
2025-12-01 12:00:00+00:00,424.85,425.34,424.47,424.47,23647.0
2025-12-01 12:05:00+00:00,424.41,424.62,423.7,424.11,24593.0
2025-12-01 12:10:00+00:00,424.16,424.44,423.77,424.15,12771.0
2025-12-01 12:15:00+00:00,424.06,424.88,424.0,424.88,13874.0
2025-12-01 12:20:00+00:00,424.76,425.22,424.49,425.15,29005.0
2025-12-01 12:25:00+00:00,425.06,425.07,424.79,424.82,9818.0
2025-12-01 12:30:00+00:00,424.85,424.85,424.44,424.54,11994.0
2025-12-01 12:35:00+00:00,424.59,424.68,424.3,424.61,5429.0
2025-12-01 12:40:00+00:00,424.59,424.59,424.14,424.14,4112.0
2025-12-01 12:45:00+00:00,424.14,424.37,423.7,423.8,16982.0
2025-12-01 12:50:00+00:00,423.74,424.26,423.56,423.99,12688.0
2025-12-01 12:55:00+00:00,423.89,424.03,423.6,424.03,8870.0
2025-12-01 13:00:00+00:00,424.89,430.17,421.63,424.0436,466971.0
2025-12-01 13:05:00+00:00,423.88,424.35,423.55,424.22,41671.0
2025-12-01 13:10:00+00:00,424.25,424.25,423.88,424.0,15113.0
2025-12-01 13:15:00+00:00,423.88,424.2,423.59,423.781,22760.0
2025-12-01 13:20:00+00:00,423.85,424.2,423.27,424.0,43641.0
2025-12-01 13:25:00+00:00,423.9761,424.27,423.9,423.93,27118.0
2025-12-01 13:30:00+00:00,424.0,424.02,423.76,423.97,23506.0
2025-12-01 13:35:00+00:00,424.0,424.24,423.84,423.9,24073.0
2025-12-01 13:40:00+00:00,423.8571,424.27,423.75,424.0,33041.0
2025-12-01 13:45:00+00:00,423.89,424.21,423.8307,424.1496,15503.0
2025-12-01 13:50:00+00:00,424.08,424.1665,423.84,424.0302,24981.0
2025-12-01 13:55:00+00:00,424.16,424.75,424.07,424.6,23733.0
2025-12-01 14:00:00+00:00,424.63,424.7,424.22,424.39,19332.0
2025-12-01 14:05:00+00:00,424.41,424.9,424.41,424.7,21795.0
2025-12-01 14:10:00+00:00,424.74,425.36,424.74,425.1054,53898.0
2025-12-01 14:15:00+00:00,425.2,425.25,424.55,424.82,34799.0
2025-12-01 14:20:00+00:00,424.8492,425.04,424.57,424.6,32181.0
2025-12-01 14:25:00+00:00,424.7,425.55,424.5,425.39,31016.0
2025-12-01 14:30:00+00:00,425.32,429.39,425.29,428.895,2648463.0
2025-12-01 14:35:00+00:00,428.895,431.46,427.4007,427.4132,2017828.0
2025-12-01 14:40:00+00:00,427.44,428.12,426.06,426.9125,1277149.0
2025-12-01 14:45:00+00:00,426.93,428.347,425.85,426.425,1477690.0
2025-12-01 14:50:00+00:00,426.385,428.66,426.28,428.6495,1039678.0
2025-12-01 14:55:00+00:00,428.63,429.5,428.29,429.0485,1046124.0
2025-12-01 15:00:00+00:00,429.05,430.22,428.12,428.39,1241382.0
2025-12-01 15:05:00+00:00,428.34,430.9,427.85,430.57,1141302.0
2025-12-01 15:10:00+00:00,430.57,433.6599,430.16,431.025,2048641.0
2025-12-01 15:15:00+00:00,431.0,432.1,430.08,431.355,1169612.0
2025-12-01 15:20:00+00:00,431.35,431.4107,429.41,429.5141,765926.0
2025-12-01 15:25:00+00:00,429.545,429.6395,428.17,428.3,830609.0
2025-12-01 15:30:00+00:00,428.35,428.57,426.33,426.75,1152175.0
2025-12-01 15:35:00+00:00,426.75,428.0,426.31,427.9715,1002063.0
2025-12-01 15:40:00+00:00,428.0,428.25,426.34,426.94,743038.0
2025-12-01 15:45:00+00:00,426.91,427.46,426.36,427.13,612443.0
2025-12-01 15:50:00+00:00,427.1872,428.9,427.11,428.7788,821984.0
2025-12-01 15:55:00+00:00,428.7975,429.7,428.61,429.5,814819.0
2025-12-01 16:00:00+00:00,429.51,429.64,428.72,428.795,437637.0
2025-12-01 16:05:00+00:00,428.795,428.88,426.89,427.3455,806655.0
2025-12-01 16:10:00+00:00,427.334,427.55,426.22,426.965,692299.0
2025-12-01 16:15:00+00:00,426.94,426.9503,425.8,426.1347,758460.0
2025-12-01 16:20:00+00:00,426.15,427.2,426.11,426.94,506979.0
2025-12-01 16:25:00+00:00,426.97,427.56,426.85,427.1299,431937.0
2025-12-01 16:30:00+00:00,427.09,427.43,426.81,427.215,320382.0
2025-12-01 16:35:00+00:00,427.24,427.32,426.62,427.035,359407.0
2025-12-01 16:40:00+00:00,427.035,427.91,426.71,427.605,471021.0
2025-12-01 16:45:00+00:00,427.5817,428.44,427.44,428.155,497233.0
2025-12-01 16:50:00+00:00,428.16,428.25,427.55,427.6845,381035.0
2025-12-01 16:55:00+00:00,427.675,428.11,427.39,428.05,339041.0
2025-12-01 17:00:00+00:00,428.04,428.55,427.76,428.5015,430448.0
2025-12-01 17:05:00+00:00,428.55,429.56,428.5,428.8913,709414.0
2025-12-01 17:10:00+00:00,428.89,429.17,428.15,428.27,513525.0
2025-12-01 17:15:00+00:00,428.25,428.2699,427.45,427.5774,484253.0
2025-12-01 17:20:00+00:00,427.5645,428.2,427.33,428.1734,375140.0
2025-12-01 17:25:00+00:00,428.19,429.2,428.06,429.1465,489715.0
2025-12-01 17:30:00+00:00,429.13,429.47,428.79,429.4401,467102.0
2025-12-01 17:35:00+00:00,429.43,430.4,429.39,429.7635,789055.0
2025-12-01 17:40:00+00:00,429.7,430.68,429.69,430.6593,554349.0
2025-12-01 17:45:00+00:00,430.63,431.11,430.37,430.3775,618826.0
2025-12-01 17:50:00+00:00,430.3795,430.39,429.17,429.25,609353.0
2025-12-01 17:55:00+00:00,429.23,429.42,428.89,429.29,448751.0
2025-12-01 18:00:00+00:00,429.2889,430.12,429.14,429.95,478082.0
2025-12-01 18:05:00+00:00,429.93,430.03,429.45,429.82,322355.0
2025-12-01 18:10:00+00:00,429.79,430.33,429.5,429.955,307451.0
2025-12-01 18:15:00+00:00,429.93,429.9992,429.05,429.146816,368121.0
2025-12-01 18:20:00+00:00,429.16,429.249,428.91,429.2095,282494.0
2025-12-01 18:25:00+00:00,429.22,429.5325,429.1601,429.28,270290.0
2025-12-01 18:30:00+00:00,429.315,429.38,429.086,429.14,199899.0
2025-12-01 18:35:00+00:00,429.13,429.28,428.73,428.8,252650.0
2025-12-01 18:40:00+00:00,428.82,428.82,428.06,428.26,425453.0
2025-12-01 18:45:00+00:00,428.26,428.54,427.75,427.865,367178.0
2025-12-01 18:50:00+00:00,427.865,428.18,427.75,427.86,388387.0
2025-12-01 18:55:00+00:00,427.86,428.81,427.7701,428.48,487096.0
2025-12-01 19:00:00+00:00,428.49,428.6177,427.73,427.775,549503.0
2025-12-01 19:05:00+00:00,427.75,427.77,427.11,427.33,488001.0
2025-12-01 19:10:00+00:00,427.34,427.82,427.01,427.76,463521.0
2025-12-01 19:15:00+00:00,427.7335,427.8,427.22,427.76,363114.0
2025-12-01 19:20:00+00:00,427.76,427.97,427.3,427.69,451887.0
2025-12-01 19:25:00+00:00,427.683,428.25,427.4,427.8482,389218.0
2025-12-01 19:30:00+00:00,427.86,427.86,426.47,427.2399,615796.0
2025-12-01 19:35:00+00:00,427.24,427.66,426.81,427.36,506019.0
2025-12-01 19:40:00+00:00,427.38,427.41,426.55,426.7,354100.0
2025-12-01 19:45:00+00:00,426.6925,427.09,426.49,426.6299,367729.0
2025-12-01 19:50:00+00:00,426.63,427.2,426.31,426.85,467066.0
2025-12-01 19:55:00+00:00,426.82,426.9445,426.45,426.5225,337866.0
2025-12-01 20:00:00+00:00,426.52,427.1,426.34,427.0405,396857.0
2025-12-01 20:05:00+00:00,427.0201,427.59,426.93,427.3,462681.0
2025-12-01 20:10:00+00:00,427.28,428.1,427.24,427.994,518046.0
2025-12-01 20:15:00+00:00,427.994,428.0,427.5,427.78,355449.0
2025-12-01 20:20:00+00:00,427.786,428.6,427.7,428.36,557466.0
2025-12-01 20:25:00+00:00,428.37,428.88,428.23,428.8,448675.0
2025-12-01 20:30:00+00:00,428.84,429.39,428.54,428.97,702299.0
2025-12-01 20:35:00+00:00,428.99,429.7,428.943141,429.625,698501.0
2025-12-01 20:40:00+00:00,429.65,429.72,428.95,429.31,576508.0
2025-12-01 20:45:00+00:00,429.3,429.56,428.67,429.361,574391.0
2025-12-01 20:50:00+00:00,429.37,429.72,428.948,429.65,718899.0
2025-12-01 20:55:00+00:00,429.62,430.3,429.3101,430.26,1613941.0
2025-12-01 21:00:00+00:00,430.14,430.99,430.02,430.62,198122.0
2025-12-01 21:05:00+00:00,430.7,430.7,430.14,430.3363,68873.0
2025-12-01 21:10:00+00:00,430.5,430.59,430.14,430.4825,21009.0
2025-12-01 21:15:00+00:00,430.47,430.53,430.18,430.4,18786.0
2025-12-01 21:20:00+00:00,430.4403,430.5865,430.14,430.41,16778.0
2025-12-01 21:25:00+00:00,430.439,430.57,430.26,430.26,15183.0
2025-12-01 21:30:00+00:00,430.26,430.49,430.14,430.3801,10168.0
2025-12-01 21:35:00+00:00,430.38,430.38,430.01,430.06,30142.0
2025-12-01 21:40:00+00:00,430.0514,430.06,429.5,429.55,41765.0
2025-12-01 21:45:00+00:00,429.66,429.8099,429.51,429.8099,13302.0
2025-12-01 21:50:00+00:00,429.7803,429.9,429.6716,429.77,7185.0
2025-12-01 21:55:00+00:00,429.8,429.8,429.42,429.42,23542.0
2025-12-01 22:00:00+00:00,429.41,429.5,429.35,429.45,12006.0
2025-12-01 22:05:00+00:00,429.45,429.66,429.43,429.43,10805.0
2025-12-01 22:10:00+00:00,429.4205,429.7095,429.4205,429.44,7638.0
2025-12-01 22:15:00+00:00,429.6,429.62,429.42,429.5,8588.0
2025-12-01 22:20:00+00:00,429.52,429.5735,429.5,429.56,4860.0
2025-12-01 22:25:00+00:00,429.5,429.62,429.5,429.6,4699.0
2025-12-01 22:30:00+00:00,429.61,429.68,429.57,429.68,7459.0
2025-12-01 22:35:00+00:00,429.69,429.75,429.69,429.7201,4053.0
2025-12-01 22:40:00+00:00,429.7275,429.96,429.72,429.82,5325.0
2025-12-01 22:45:00+00:00,429.95,430.11,429.85,429.85,5553.0
2025-12-01 22:50:00+00:00,429.8375,430.0,429.8375,430.0,8200.0
2025-12-01 22:55:00+00:00,430.14,430.21,429.89,429.95,6485.0
2025-12-01 23:00:00+00:00,429.95,430.14,429.83,430.08,5909.0
2025-12-01 23:05:00+00:00,430.08,430.1463,429.48,429.5,9044.0
2025-12-01 23:10:00+00:00,429.5,429.55,429.3118,429.55,9667.0
2025-12-01 23:15:00+00:00,429.6,429.9,429.52,429.75,5220.0
2025-12-01 23:20:00+00:00,429.6028,429.9139,429.6,429.75,7293.0
2025-12-01 23:25:00+00:00,429.651,429.74,429.6,429.65,6750.0
2025-12-01 23:30:00+00:00,429.64,429.65,429.4,429.5843,5557.0
2025-12-01 23:35:00+00:00,429.49,429.61,429.4,429.46,7686.0
2025-12-01 23:40:00+00:00,429.5,429.5,429.3811,429.48,3814.0
2025-12-01 23:45:00+00:00,429.47,429.5,429.3,429.44,6186.0
2025-12-01 23:50:00+00:00,429.44,429.49,429.38,429.47,2845.0
2025-12-01 23:55:00+00:00,429.4575,429.47,429.3,429.35,3292.0
2025-12-02 00:00:00+00:00,429.35,429.35,429.0006,429.05,11008.0
2025-12-02 00:05:00+00:00,429.06,429.06,428.8989,428.8989,18546.0
2025-12-02 00:10:00+00:00,428.95,429.4,428.91,429.1,9401.0
2025-12-02 00:15:00+00:00,429.0704,429.13,429.0688,429.13,3419.0
2025-12-02 00:20:00+00:00,429.12,429.12,429.05,429.05,2830.0
2025-12-02 00:25:00+00:00,429.074,429.1,428.95,428.95,9470.0
2025-12-02 00:30:00+00:00,428.93,429.18,428.93,429.1,6175.0
2025-12-02 00:35:00+00:00,429.08,429.2,429.0,429.12,2922.0
2025-12-02 00:40:00+00:00,429.15,429.17,429.0602,429.12,4973.0
2025-12-02 00:45:00+00:00,429.132,429.15,429.0,429.02,6107.0
2025-12-02 00:50:00+00:00,429.0003,429.05,428.89,428.89,10836.0
2025-12-02 00:55:00+00:00,428.9,428.91,428.55,428.6,20616.0
2025-12-02 09:00:00+00:00,428.64,429.72,428.6,429.37,12589.0
2025-12-02 09:05:00+00:00,429.35,429.5,429.24,429.24,6538.0
2025-12-02 09:10:00+00:00,429.29,429.7,429.29,429.63,7114.0
2025-12-02 09:15:00+00:00,429.63,429.75,429.6,429.64,3140.0
2025-12-02 09:20:00+00:00,429.58,429.59,429.45,429.51,2823.0
2025-12-02 09:25:00+00:00,429.51,430.13,429.5,430.13,15940.0
2025-12-02 09:30:00+00:00,430.1,430.13,429.95,430.09,9758.0
2025-12-02 09:35:00+00:00,430.05,430.09,429.8,429.94,9240.0
2025-12-02 09:40:00+00:00,429.91,430.0,429.85,429.98,2349.0
2025-12-02 09:45:00+00:00,429.99,430.75,429.97,430.72,9137.0
2025-12-02 09:50:00+00:00,430.73,431.06,430.7,430.85,9506.0
2025-12-02 09:55:00+00:00,430.88,431.0,430.58,430.58,5333.0
2025-12-02 10:00:00+00:00,430.54,430.61,430.49,430.5,2378.0
2025-12-02 10:05:00+00:00,430.5,431.0,430.39,431.0,10128.0
2025-12-02 10:10:00+00:00,431.04,431.06,430.99,431.04,7710.0
2025-12-02 10:15:00+00:00,431.0,431.07,430.69,431.07,14384.0
2025-12-02 10:20:00+00:00,431.1,431.11,430.9,430.9,4184.0
2025-12-02 10:25:00+00:00,430.9,431.2,430.9,431.16,4353.0
2025-12-02 10:30:00+00:00,431.17,431.21,431.1,431.1,3378.0
2025-12-02 10:35:00+00:00,431.05,431.17,431.0,431.11,11414.0
2025-12-02 10:40:00+00:00,431.08,431.22,431.04,431.2,5387.0
2025-12-02 10:45:00+00:00,431.2,431.58,431.16,431.56,6251.0
2025-12-02 10:50:00+00:00,431.56,432.0,431.53,431.81,8847.0
2025-12-02 10:55:00+00:00,431.81,432.0,431.8,431.93,10625.0
2025-12-02 11:00:00+00:00,431.98,431.98,431.5,431.55,8653.0
2025-12-02 11:05:00+00:00,431.62,431.84,431.59,431.76,5368.0
2025-12-02 11:10:00+00:00,431.84,431.84,431.5,431.56,8261.0
2025-12-02 11:15:00+00:00,431.54,431.65,431.5,431.65,4287.0
2025-12-02 11:20:00+00:00,431.62,431.67,431.57,431.65,4043.0
2025-12-02 11:25:00+00:00,431.68,431.8,431.5,431.8,14080.0
2025-12-02 11:30:00+00:00,431.72,431.75,431.5,431.51,8936.0
2025-12-02 11:35:00+00:00,431.55,431.81,431.5,431.81,6644.0
2025-12-02 11:40:00+00:00,431.75,431.98,431.7,431.88,6519.0
2025-12-02 11:45:00+00:00,431.88,431.96,431.79,431.79,6189.0
2025-12-02 11:50:00+00:00,431.85,431.88,431.6,431.7,5236.0
2025-12-02 11:55:00+00:00,431.66,431.67,431.33,431.42,8946.0
2025-12-02 12:00:00+00:00,431.41,432.9,431.02,432.8,43274.0
2025-12-02 12:05:00+00:00,432.8,433.0,431.7,431.8,27902.0
2025-12-02 12:10:00+00:00,431.73,431.79,430.56,431.21,23065.0
2025-12-02 12:15:00+00:00,431.29,431.61,431.25,431.61,6636.0
2025-12-02 12:20:00+00:00,431.6,431.7,431.44,431.44,6457.0
2025-12-02 12:25:00+00:00,431.4,431.51,431.33,431.45,4704.0
2025-12-02 12:30:00+00:00,431.35,431.35,431.04,431.05,7917.0
2025-12-02 12:35:00+00:00,431.04,431.18,430.9,431.15,11405.0
2025-12-02 12:40:00+00:00,431.09,431.15,430.99,431.15,4790.0
2025-12-02 12:45:00+00:00,431.13,431.32,431.04,431.08,5973.0
2025-12-02 12:50:00+00:00,431.15,431.53,431.15,431.53,8095.0
2025-12-02 12:55:00+00:00,431.5,431.83,431.45,431.81,8054.0
2025-12-02 13:00:00+00:00,431.3,432.99,428.08,431.47,312608.0
2025-12-02 13:05:00+00:00,431.47,432.0,431.4001,432.0,16781.0
2025-12-02 13:10:00+00:00,431.97,432.44,431.7401,432.3713,17122.0
2025-12-02 13:15:00+00:00,432.3056,432.5,432.15,432.35,23007.0
2025-12-02 13:20:00+00:00,432.38,432.4,431.94,432.07,20713.0
2025-12-02 13:25:00+00:00,432.1,432.1,431.78,431.89,13632.0
2025-12-02 13:30:00+00:00,431.99,432.0,431.64,431.9499,12729.0
2025-12-02 13:35:00+00:00,431.9,432.2,431.9,432.1,16002.0
2025-12-02 13:40:00+00:00,432.1,432.5,432.1,432.4,23281.0
2025-12-02 13:45:00+00:00,432.35,432.35,431.7333,431.93,24985.0
2025-12-02 13:50:00+00:00,431.95,432.1771,431.83,432.03,12186.0
2025-12-02 13:55:00+00:00,432.0233,432.8,431.96,432.65,27894.0
2025-12-02 14:00:00+00:00,432.7172,432.8,432.38,432.7,27307.0
2025-12-02 14:05:00+00:00,432.74,433.18,432.67,432.9433,65174.0
2025-12-02 14:10:00+00:00,432.93,433.2,432.528,432.84,34077.0
2025-12-02 14:15:00+00:00,432.75,432.88,432.56,432.7,30745.0
2025-12-02 14:20:00+00:00,432.7204,432.7204,432.0,432.0673,47394.0
2025-12-02 14:25:00+00:00,432.05,432.05,430.16,430.8,113935.0
2025-12-02 14:30:00+00:00,430.81,432.4899,428.85,430.2778,2301843.0
2025-12-02 14:35:00+00:00,430.23,433.5,429.44,432.0,1932304.0
2025-12-02 14:40:00+00:00,431.9779,432.75,429.82,429.9301,1353944.0
2025-12-02 14:45:00+00:00,430.0,430.73,428.73,429.678,1268594.0
2025-12-02 14:50:00+00:00,429.7,430.59,427.74,428.0779,1379840.0
2025-12-02 14:55:00+00:00,428.09,429.29,427.77,428.9584,1071279.0
2025-12-02 15:00:00+00:00,428.95,431.52,428.9,431.34,1391947.0
2025-12-02 15:05:00+00:00,431.3475,435.5,431.27,435.37,2208237.0
2025-12-02 15:10:00+00:00,435.38,436.8,434.22,434.625,2555627.0
2025-12-02 15:15:00+00:00,434.62,434.82,432.6,433.17,1393173.0
2025-12-02 15:20:00+00:00,433.155,433.81,432.04,433.6,1203958.0
2025-12-02 15:25:00+00:00,433.598,433.87,429.23,429.81,1811296.0
2025-12-02 15:30:00+00:00,429.865,430.5317,429.15,429.7168,1160068.0
2025-12-02 15:35:00+00:00,429.75,430.47,429.13,429.95,1033550.0
2025-12-02 15:40:00+00:00,429.95,431.605,429.83,430.52,1027819.0
2025-12-02 15:45:00+00:00,430.53,430.97,430.0701,430.8322,623255.0
2025-12-02 15:50:00+00:00,430.88,431.97,430.73,430.95,848185.0
2025-12-02 15:55:00+00:00,430.9699,431.1,429.55,429.7799,680736.0
2025-12-02 16:00:00+00:00,429.76,429.78,428.59,428.81,1002198.0
2025-12-02 16:05:00+00:00,428.8295,428.97,426.66,426.89,1352632.0
2025-12-02 16:10:00+00:00,426.88,427.44,425.46,425.74,1245292.0
2025-12-02 16:15:00+00:00,425.72,426.7,425.55,426.3421,973246.0
2025-12-02 16:20:00+00:00,426.335,426.38,423.13,423.31,1615855.0
2025-12-02 16:25:00+00:00,423.3,424.33,423.09,424.1998,1010689.0
2025-12-02 16:30:00+00:00,424.15,424.69,422.12,422.95,1202100.0
2025-12-02 16:35:00+00:00,422.9172,424.65,422.7386,424.365,890895.0
2025-12-02 16:40:00+00:00,424.38,425.11,423.59,423.6,854118.0
2025-12-02 16:45:00+00:00,423.575,424.4425,423.0,423.4301,837572.0
2025-12-02 16:50:00+00:00,423.53,424.7,423.3828,424.55,507420.0
2025-12-02 16:55:00+00:00,424.57,425.2,424.05,424.265,618886.0
2025-12-02 17:00:00+00:00,424.3,425.1,424.13,424.39,575426.0
2025-12-02 17:05:00+00:00,424.38,424.72,423.74,423.8015,438846.0
2025-12-02 17:10:00+00:00,423.8,424.93,423.63,424.765,415414.0
2025-12-02 17:15:00+00:00,424.78,426.13,424.7,425.76,759898.0
2025-12-02 17:20:00+00:00,425.74,426.21,424.8,425.1,697539.0
2025-12-02 17:25:00+00:00,425.1012,425.8799,425.01,425.518,411170.0
2025-12-02 17:30:00+00:00,425.53,425.81,425.08,425.22,381816.0
2025-12-02 17:35:00+00:00,425.2064,425.35,424.2701,424.44,505965.0
2025-12-02 17:40:00+00:00,424.47,424.74,424.15,424.325,360586.0
2025-12-02 17:45:00+00:00,424.31,424.95,424.21,424.83,395685.0
2025-12-02 17:50:00+00:00,424.86,425.04,423.93,424.415,461040.0
2025-12-02 17:55:00+00:00,424.4,424.54,423.39,423.39,442707.0
2025-12-02 18:00:00+00:00,423.37,424.04,423.1301,423.14,555183.0
2025-12-02 18:05:00+00:00,423.1331,424.654,423.0,423.97,539313.0
2025-12-02 18:10:00+00:00,423.97,424.42,423.46,424.3868,403633.0
2025-12-02 18:15:00+00:00,424.38,424.73,424.02,424.62,372234.0
2025-12-02 18:20:00+00:00,424.6448,425.4099,424.5,425.06,439884.0
2025-12-02 18:25:00+00:00,425.0695,425.3,424.3,425.1195,439083.0
2025-12-02 18:30:00+00:00,425.02,425.35,424.4601,424.78,354040.0
2025-12-02 18:35:00+00:00,424.7,425.04,424.06,424.4601,362104.0
2025-12-02 18:40:00+00:00,424.4664,425.55,424.06,425.235,416728.0
2025-12-02 18:45:00+00:00,425.2,425.8,424.8501,425.4656,490411.0
2025-12-02 18:50:00+00:00,425.49,425.98,424.89,425.9,430959.0
2025-12-02 18:55:00+00:00,425.94,426.27,425.38,426.19,389270.0
2025-12-02 19:00:00+00:00,426.16,427.31,425.9,427.1536,670910.0
2025-12-02 19:05:00+00:00,427.17,427.57,425.54,426.7385,565262.0
2025-12-02 19:10:00+00:00,426.71,427.1,426.38,426.85,442682.0
2025-12-02 19:15:00+00:00,426.82,427.2,426.4301,426.4907,449387.0
2025-12-02 19:20:00+00:00,426.48,426.6,425.36,425.78,558576.0
2025-12-02 19:25:00+00:00,425.78,426.99,425.6,426.82,500381.0
2025-12-02 19:30:00+00:00,426.82,428.01,426.75,427.865,660352.0
2025-12-02 19:35:00+00:00,427.85,428.09,427.58,427.95,520809.0
2025-12-02 19:40:00+00:00,427.965,428.13,427.51,427.66,426366.0
2025-12-02 19:45:00+00:00,427.67,428.67,427.5506,428.55,580919.0
2025-12-02 19:50:00+00:00,428.55,429.31,428.36,428.7418,836974.0
2025-12-02 19:55:00+00:00,428.76,429.4,428.66,429.215,495998.0
2025-12-02 20:00:00+00:00,429.225,429.44,428.71,429.18,574122.0
2025-12-02 20:05:00+00:00,429.22,430.16,429.1349,430.16,780797.0
2025-12-02 20:10:00+00:00,430.16,431.06,429.65,430.89,855279.0
2025-12-02 20:15:00+00:00,430.91,430.97,430.12,430.5,687705.0
2025-12-02 20:20:00+00:00,430.53,430.74,430.06,430.1,532038.0
2025-12-02 20:25:00+00:00,430.11,430.48,430.09,430.39,442871.0
2025-12-02 20:30:00+00:00,430.38,430.5,429.4301,429.87,619214.0
2025-12-02 20:35:00+00:00,429.84,429.9,429.03,429.125,607579.0
2025-12-02 20:40:00+00:00,429.1278,429.45,428.92,429.245,563980.0
2025-12-02 20:45:00+00:00,429.26,429.72,429.0255,429.6903,491303.0
2025-12-02 20:50:00+00:00,429.69,430.0,429.09,429.13,691770.0
2025-12-02 20:55:00+00:00,429.15,429.86,429.01,429.01,1230319.0
2025-12-02 21:00:00+00:00,429.24,429.38,428.1957,428.44,270877.0
2025-12-02 21:05:00+00:00,428.35,428.5,428.23,428.32,38194.0
2025-12-02 21:10:00+00:00,428.32,429.24,428.31,428.7,24002.0
2025-12-02 21:15:00+00:00,428.65,428.9,428.62,428.64,12020.0
2025-12-02 21:20:00+00:00,428.62,428.74,428.5,428.5162,7757.0
2025-12-02 21:25:00+00:00,428.5272,428.5272,428.26,428.37,11048.0
2025-12-02 21:30:00+00:00,428.37,428.5465,428.3,428.5465,6937.0
2025-12-02 21:35:00+00:00,428.46,428.8608,428.43,428.6411,11038.0
2025-12-02 21:40:00+00:00,428.64,428.8,428.38,428.7,10107.0
2025-12-02 21:45:00+00:00,428.5,428.69,428.5,428.5,6912.0
2025-12-02 21:50:00+00:00,428.5,428.55,428.3512,428.55,6314.0
2025-12-02 21:55:00+00:00,428.54,428.54,428.2,428.22,11493.0
2025-12-02 22:00:00+00:00,428.44,428.55,428.35,428.4501,7615.0
2025-12-02 22:05:00+00:00,428.5,428.59,428.45,428.59,5511.0
2025-12-02 22:10:00+00:00,428.57,428.7,428.5,428.5,4136.0
2025-12-02 22:15:00+00:00,428.6,428.687,428.5,428.6,3170.0
2025-12-02 22:20:00+00:00,428.61,428.79,428.5,428.65,8851.0
2025-12-02 22:25:00+00:00,428.6,428.7,428.5,428.6,2826.0
2025-12-02 22:30:00+00:00,428.52,428.6679,428.5,428.6679,4821.0
2025-12-02 22:35:00+00:00,428.6875,428.7,428.5,428.5277,2920.0
2025-12-02 22:40:00+00:00,428.61,428.7,428.5,428.6499,3017.0
2025-12-02 22:45:00+00:00,428.6,428.6583,428.5301,428.65,3460.0
2025-12-02 22:50:00+00:00,428.56,428.58,428.5,428.52,14101.0
2025-12-02 22:55:00+00:00,428.57,428.6404,428.5,428.59,3332.0
2025-12-02 23:00:00+00:00,428.58,428.6703,428.31,428.3244,16146.0
2025-12-02 23:05:00+00:00,428.37,428.43,428.2,428.25,3649.0
2025-12-02 23:10:00+00:00,428.2,428.21,428.04,428.05,10093.0
2025-12-02 23:15:00+00:00,428.1,428.39,428.01,428.39,8723.0
2025-12-02 23:20:00+00:00,428.25,428.55,428.25,428.33,5381.0
2025-12-02 23:25:00+00:00,428.45,428.45,428.05,428.1,6479.0
2025-12-02 23:30:00+00:00,428.2,428.28,428.18,428.22,1379.0
2025-12-02 23:35:00+00:00,428.2205,428.25,428.0601,428.1917,6218.0
2025-12-02 23:40:00+00:00,428.14,428.25,428.01,428.13,8462.0
2025-12-02 23:45:00+00:00,428.15,428.2,428.02,428.11,8034.0
2025-12-02 23:50:00+00:00,428.12,428.15,428.02,428.1199,5972.0
2025-12-02 23:55:00+00:00,428.1158,428.15,428.03,428.1014,7056.0
2025-12-03 00:00:00+00:00,428.1017,428.15,428.0,428.08,10271.0
2025-12-03 00:05:00+00:00,428.08,428.1,428.02,428.05,2675.0
2025-12-03 00:10:00+00:00,428.05,428.0867,427.75,427.75,13762.0
2025-12-03 00:15:00+00:00,427.75,427.96,427.53,427.66,8527.0
2025-12-03 00:20:00+00:00,427.66,428.0,427.55,427.7798,13197.0
2025-12-03 00:25:00+00:00,427.68,427.78,427.4175,427.51,19532.0
2025-12-03 00:30:00+00:00,427.54,427.7,427.5,427.58,5484.0
2025-12-03 00:35:00+00:00,427.58,427.8,427.58,427.6511,9756.0
2025-12-03 00:40:00+00:00,427.7,427.7,427.53,427.59,6185.0
2025-12-03 00:45:00+00:00,427.5997,427.8751,427.52,427.81,5916.0
2025-12-03 00:50:00+00:00,427.81,428.01,427.7001,427.9007,16494.0
2025-12-03 00:55:00+00:00,427.9,427.95,427.65,427.85,19364.0
2025-12-03 09:00:00+00:00,428.87,429.6,428.87,429.51,15922.0
2025-12-03 09:05:00+00:00,429.5,429.69,429.24,429.37,12546.0
2025-12-03 09:10:00+00:00,429.46,429.85,429.46,429.59,4842.0
2025-12-03 09:15:00+00:00,429.65,429.89,429.6,429.8,3724.0
2025-12-03 09:20:00+00:00,429.84,430.2,429.8,430.08,10857.0
2025-12-03 09:25:00+00:00,430.07,430.07,429.7,429.7,26077.0
2025-12-03 09:30:00+00:00,429.62,429.93,429.25,429.8,7006.0
2025-12-03 09:35:00+00:00,429.86,430.2,429.85,430.18,8917.0
2025-12-03 09:40:00+00:00,430.18,430.19,429.95,430.11,6355.0
2025-12-03 09:45:00+00:00,430.05,430.27,430.0,430.0,3851.0
2025-12-03 09:50:00+00:00,430.06,430.17,430.05,430.17,1081.0
2025-12-03 09:55:00+00:00,430.2,430.46,430.2,430.42,2275.0
2025-12-03 10:00:00+00:00,430.39,430.5,430.36,430.42,2367.0
2025-12-03 10:05:00+00:00,430.49,430.51,430.15,430.35,4711.0
2025-12-03 10:10:00+00:00,430.3,430.4,430.3,430.4,793.0
2025-12-03 10:15:00+00:00,430.32,430.38,430.32,430.38,454.0
2025-12-03 10:20:00+00:00,430.33,430.39,430.3,430.38,1296.0
2025-12-03 10:25:00+00:00,430.39,430.56,430.38,430.38,3807.0
2025-12-03 10:30:00+00:00,430.3,430.3,430.01,430.08,7858.0
2025-12-03 10:35:00+00:00,430.04,430.16,430.0,430.16,5462.0
2025-12-03 10:40:00+00:00,430.21,430.21,430.07,430.11,2607.0
2025-12-03 10:45:00+00:00,430.11,430.11,429.99,430.0,4020.0
2025-12-03 10:50:00+00:00,430.0,430.12,430.0,430.07,5581.0
2025-12-03 10:55:00+00:00,430.01,430.06,429.9,430.06,5319.0
2025-12-03 11:00:00+00:00,429.95,430.02,429.44,429.54,10298.0
2025-12-03 11:05:00+00:00,429.49,429.7,429.37,429.51,5327.0
2025-12-03 11:10:00+00:00,429.57,429.76,429.56,429.6,1748.0
2025-12-03 11:15:00+00:00,429.61,429.77,429.58,429.77,2516.0
2025-12-03 11:20:00+00:00,429.72,429.78,429.72,429.75,1408.0
2025-12-03 11:25:00+00:00,429.61,429.75,429.55,429.75,2005.0
2025-12-03 11:30:00+00:00,429.7,429.7,429.52,429.65,5437.0
2025-12-03 11:35:00+00:00,429.75,429.75,429.66,429.66,186.0
2025-12-03 11:40:00+00:00,429.69,430.12,429.69,429.92,9274.0
2025-12-03 11:45:00+00:00,429.87,429.89,429.7,429.88,3759.0
2025-12-03 11:50:00+00:00,429.74,430.0,429.54,429.96,3749.0
2025-12-03 11:55:00+00:00,430.0,430.15,429.86,429.86,3004.0
2025-12-03 12:00:00+00:00,429.82,429.97,429.52,429.58,6664.0
2025-12-03 12:05:00+00:00,429.58,429.89,429.55,429.87,4461.0
2025-12-03 12:10:00+00:00,429.85,429.85,429.7,429.85,3600.0
2025-12-03 12:15:00+00:00,429.86,429.89,429.75,429.77,2829.0
2025-12-03 12:20:00+00:00,429.76,429.95,429.6,429.95,3485.0
2025-12-03 12:25:00+00:00,429.91,429.91,429.76,429.88,1141.0
2025-12-03 12:30:00+00:00,429.88,430.09,429.83,429.98,6141.0
2025-12-03 12:35:00+00:00,430.05,430.25,430.05,430.09,5037.0
2025-12-03 12:40:00+00:00,430.11,430.52,429.95,430.52,11419.0
2025-12-03 12:45:00+00:00,430.53,430.85,430.53,430.61,10571.0
2025-12-03 12:50:00+00:00,430.58,430.66,430.43,430.65,5217.0
2025-12-03 12:55:00+00:00,430.6,430.63,430.5,430.5,5175.0
2025-12-03 13:00:00+00:00,429.8,432.01,428.4,431.48,349431.0
2025-12-03 13:05:00+00:00,431.49,432.39,431.01,432.37,92384.0
2025-12-03 13:10:00+00:00,432.36,433.56,432.32,433.2998,138357.0
2025-12-03 13:15:00+00:00,433.4,433.4,432.0,432.8556,109604.0
2025-12-03 13:20:00+00:00,432.75,434.2,432.3,434.159,143343.0
2025-12-03 13:25:00+00:00,434.16,435.7,434.1492,435.4415,244561.0
2025-12-03 13:30:00+00:00,435.44,435.5,434.92,435.11,119821.0
2025-12-03 13:35:00+00:00,435.1,435.46,434.9214,435.4481,119794.0
2025-12-03 13:40:00+00:00,435.41,435.4453,434.01,434.47,105957.0
2025-12-03 13:45:00+00:00,434.47,434.8175,434.26,434.55,59123.0
2025-12-03 13:50:00+00:00,434.55,434.61,434.2008,434.3479,58374.0
2025-12-03 13:55:00+00:00,434.3,434.4,433.89,433.9,68901.0
2025-12-03 14:00:00+00:00,433.96,434.16,431.02,431.11,218862.0
2025-12-03 14:05:00+00:00,431.0,432.37,430.0,430.0,270919.0
2025-12-03 14:10:00+00:00,430.0,432.0,429.59,431.68,186354.0
2025-12-03 14:15:00+00:00,431.6,432.26,431.2,431.79,111140.0
2025-12-03 14:20:00+00:00,431.73,432.36,431.461,431.4987,83888.0
2025-12-03 14:25:00+00:00,431.44,432.61,431.4,432.19,72674.0
2025-12-03 14:30:00+00:00,432.1,437.45,431.11,435.435,3822673.0
2025-12-03 14:35:00+00:00,435.4126,437.1596,433.3587,433.73,2071928.0
2025-12-03 14:40:00+00:00,433.76,438.6,433.69,436.5499,3102663.0
2025-12-03 14:45:00+00:00,436.54,438.19,436.11,437.09,1718763.0
2025-12-03 14:50:00+00:00,437.08,438.89,436.57,438.1788,2027605.0
2025-12-03 14:55:00+00:00,438.23,438.75,437.08,437.44,1412616.0
2025-12-03 15:00:00+00:00,437.44,441.6,436.97,441.4,2888805.0
2025-12-03 15:05:00+00:00,441.395,442.06,440.0701,440.86,1960880.0
2025-12-03 15:10:00+00:00,440.86,441.43,438.62,438.89,1663326.0
2025-12-03 15:15:00+00:00,438.96,441.15,438.46,440.73,1505586.0
2025-12-03 15:20:00+00:00,440.68,442.3,439.84,442.2833,1536626.0
2025-12-03 15:25:00+00:00,442.32,442.61,440.25,441.27,1207180.0
2025-12-03 15:30:00+00:00,441.26,443.22,440.65,443.0653,1546778.0
2025-12-03 15:35:00+00:00,443.075,444.03,442.66,443.46,1447632.0
2025-12-03 15:40:00+00:00,443.48,444.38,443.41,444.21,1185982.0
2025-12-03 15:45:00+00:00,444.2,444.2,442.5901,442.66,1036119.0
2025-12-03 15:50:00+00:00,442.63,443.4785,441.34,441.4,993829.0
2025-12-03 15:55:00+00:00,441.39,442.0,440.34,440.6401,1261357.0
2025-12-03 16:00:00+00:00,440.65,441.79,440.27,441.25,1156410.0
2025-12-03 16:05:00+00:00,441.25,441.26,439.39,439.5,971952.0
2025-12-03 16:10:00+00:00,439.48,440.04,438.77,439.4474,1157601.0
2025-12-03 16:15:00+00:00,439.46,439.869,438.48,439.81,978410.0
2025-12-03 16:20:00+00:00,439.81,439.83,437.75,438.56,1108963.0
2025-12-03 16:25:00+00:00,438.53,439.5086,438.3325,439.502,680731.0
2025-12-03 16:30:00+00:00,439.51,441.09,439.19,440.745,1150149.0
2025-12-03 16:35:00+00:00,440.745,441.78,440.28,441.095,785229.0
2025-12-03 16:40:00+00:00,441.11,442.31,441.099,442.15,759715.0
2025-12-03 16:45:00+00:00,442.17,442.28,440.42,440.5,829573.0
2025-12-03 16:50:00+00:00,440.5429,441.8,439.73,440.92,971835.0
2025-12-03 16:55:00+00:00,440.88,440.93,439.51,440.19,770383.0
2025-12-03 17:00:00+00:00,440.1995,440.82,439.65,440.72,580048.0
2025-12-03 17:05:00+00:00,440.765,440.86,439.42,439.76,512951.0
2025-12-03 17:10:00+00:00,439.74,440.69,439.58,440.378,505863.0
2025-12-03 17:15:00+00:00,440.39,441.0,440.34,440.87,499006.0
2025-12-03 17:20:00+00:00,440.87,441.4,440.77,441.1951,562938.0
2025-12-03 17:25:00+00:00,441.226,441.5599,440.97,441.3,412449.0
2025-12-03 17:30:00+00:00,441.3,441.75,441.0,441.52,410175.0
2025-12-03 17:35:00+00:00,441.52,441.98,441.27,441.89,427782.0
2025-12-03 17:40:00+00:00,441.8935,442.12,441.55,441.62,497252.0
2025-12-03 17:45:00+00:00,441.59,442.18,441.31,441.99,466505.0
2025-12-03 17:50:00+00:00,441.98,442.06,441.317,441.819,394729.0
2025-12-03 17:55:00+00:00,441.81,441.84,440.97,441.215,463653.0
2025-12-03 18:00:00+00:00,441.25,442.37,441.01,441.97,581321.0
2025-12-03 18:05:00+00:00,441.98,442.15,441.34,441.7446,407402.0
2025-12-03 18:10:00+00:00,441.7111,442.16,441.61,441.7701,333856.0
2025-12-03 18:15:00+00:00,441.79,442.06,441.34,441.4778,350929.0
2025-12-03 18:20:00+00:00,441.465,441.94,441.28,441.78,348985.0
2025-12-03 18:25:00+00:00,441.81,443.31,441.76,443.3,777272.0
2025-12-03 18:30:00+00:00,443.285,443.34,442.72,443.1553,577589.0
2025-12-03 18:35:00+00:00,443.15,443.2098,442.6089,443.16,475743.0
2025-12-03 18:40:00+00:00,443.1851,443.9899,442.94,443.8247,674118.0
2025-12-03 18:45:00+00:00,443.815,445.15,443.73,445.01,1438160.0
2025-12-03 18:50:00+00:00,445.03,447.5,444.94,446.955,1939400.0
2025-12-03 18:55:00+00:00,446.95,447.0,446.26,446.425,1087088.0
2025-12-03 19:00:00+00:00,446.42,447.25,446.01,446.29,920449.0
2025-12-03 19:05:00+00:00,446.31,447.05,446.02,446.75,678630.0
2025-12-03 19:10:00+00:00,446.73,447.68,446.455,447.4518,842356.0
2025-12-03 19:15:00+00:00,447.46,447.68,447.02,447.2253,710776.0
2025-12-03 19:20:00+00:00,447.23,447.92,447.06,447.68,871668.0
2025-12-03 19:25:00+00:00,447.68,447.83,446.88,446.955,608012.0
2025-12-03 19:30:00+00:00,446.97,447.02,445.59,446.06,1298376.0
2025-12-03 19:35:00+00:00,446.045,446.4899,445.77,446.1532,638961.0
2025-12-03 19:40:00+00:00,446.16,446.4,445.86,445.99,542340.0
2025-12-03 19:45:00+00:00,445.97,446.07,445.52,445.8,497066.0
2025-12-03 19:50:00+00:00,445.82,446.25,445.61,445.8864,537966.0
2025-12-03 19:55:00+00:00,445.9,446.1299,445.03,445.48,746518.0
2025-12-03 20:00:00+00:00,445.48,446.95,445.46,446.33,984770.0
2025-12-03 20:05:00+00:00,446.335,446.68,445.96,446.4153,587860.0
2025-12-03 20:10:00+00:00,446.415,447.77,446.294,447.5504,989674.0
2025-12-03 20:15:00+00:00,447.57,447.6,446.75,446.81,665988.0
2025-12-03 20:20:00+00:00,446.8376,447.01,446.31,446.789,569500.0
2025-12-03 20:25:00+00:00,446.77,446.88,446.15,446.3,527916.0
2025-12-03 20:30:00+00:00,446.29,447.18,446.2,446.84,801971.0
2025-12-03 20:35:00+00:00,446.8301,447.27,446.685,446.73,538866.0
2025-12-03 20:40:00+00:00,446.73,447.1,446.19,446.3099,627619.0
2025-12-03 20:45:00+00:00,446.3,447.14,446.08,446.83,791190.0
2025-12-03 20:50:00+00:00,446.83,447.28,446.23,446.74,1086595.0
2025-12-03 20:55:00+00:00,446.72,447.28,445.28,446.88,2079283.0
2025-12-03 21:00:00+00:00,446.74,446.96,446.43,446.69,1501547.0
2025-12-03 21:05:00+00:00,446.69,446.79,446.3,446.3,33597.0
2025-12-03 21:10:00+00:00,446.3,446.74,446.03,446.34,37887.0
2025-12-03 21:15:00+00:00,446.35,446.74,446.3,446.42,35039.0
2025-12-03 21:20:00+00:00,446.35,446.46,446.1668,446.21,21704.0
2025-12-03 21:25:00+00:00,446.21,446.28,445.9,445.9585,30078.0
2025-12-03 21:30:00+00:00,445.9,446.38,445.76,446.22,37408.0
2025-12-03 21:35:00+00:00,446.25,446.25,445.91,446.05,18778.0
2025-12-03 21:40:00+00:00,446.0509,446.0509,445.9,445.93,20213.0
2025-12-03 21:45:00+00:00,446.0,446.0,445.76,445.82,26338.0
2025-12-03 21:50:00+00:00,445.7714,445.8,445.36,445.538,34220.0
2025-12-03 21:55:00+00:00,445.46,446.0,445.46,445.8184,22680.0
2025-12-03 22:00:00+00:00,445.77,445.8799,445.7,445.84,10324.0
2025-12-03 22:05:00+00:00,445.79,445.88,445.75,445.8355,8093.0
2025-12-03 22:10:00+00:00,445.79,446.3,445.75,446.2,13004.0
2025-12-03 22:15:00+00:00,446.28,446.35,445.9,446.02,11400.0
2025-12-03 22:20:00+00:00,446.02,446.22,446.02,446.1,10942.0
2025-12-03 22:25:00+00:00,446.12,446.37,446.1,446.16,5224.0
2025-12-03 22:30:00+00:00,446.18,446.26,446.1,446.1,4460.0
2025-12-03 22:35:00+00:00,446.0719,446.74,445.94,446.05,10186.0
2025-12-03 22:40:00+00:00,446.0452,446.1,446.02,446.0301,7672.0
2025-12-03 22:45:00+00:00,446.02,446.02,445.91,445.956,8734.0
2025-12-03 22:50:00+00:00,445.94,446.11,445.93,446.07,11266.0
2025-12-03 22:55:00+00:00,446.1,446.15,446.0816,446.15,6125.0
2025-12-03 23:00:00+00:00,446.17,446.399,446.1,446.1,19214.0
2025-12-03 23:05:00+00:00,446.162,446.3,446.12,446.15,8685.0
2025-12-03 23:10:00+00:00,446.1586,446.44,446.09,446.2,10583.0
2025-12-03 23:15:00+00:00,446.32,446.4,446.09,446.2399,10113.0
2025-12-03 23:20:00+00:00,446.36,446.45,446.05,446.05,13360.0
2025-12-03 23:25:00+00:00,446.05,446.479,445.9525,446.33,26245.0
2025-12-03 23:30:00+00:00,446.32,446.66,446.26,446.58,14076.0
2025-12-03 23:35:00+00:00,446.58,446.6,446.42,446.5,9896.0
2025-12-03 23:40:00+00:00,446.61,446.6872,446.5,446.62,10530.0
2025-12-03 23:45:00+00:00,446.55,446.7387,446.4506,446.4506,7117.0
2025-12-03 23:50:00+00:00,446.5,446.65,446.44,446.45,7457.0
2025-12-03 23:55:00+00:00,446.4756,446.6,446.4747,446.55,5132.0
2025-12-04 00:00:00+00:00,446.53,446.62,446.38,446.5633,13052.0
2025-12-04 00:05:00+00:00,446.5,446.69,446.5,446.64,5014.0
2025-12-04 00:10:00+00:00,446.68,446.739,446.49,446.49,11432.0
2025-12-04 00:15:00+00:00,446.49,446.5,446.3,446.46,9058.0
2025-12-04 00:20:00+00:00,446.46,446.75,446.44,446.75,10948.0
2025-12-04 00:25:00+00:00,446.74,446.9,446.5468,446.84,11056.0
2025-12-04 00:30:00+00:00,446.81,446.97,446.7849,446.965,22396.0
2025-12-04 00:35:00+00:00,446.96,446.98,446.89,446.94,8451.0
2025-12-04 00:40:00+00:00,446.9,447.0,446.8,446.83,11572.0
2025-12-04 00:45:00+00:00,446.9,446.9,446.67,446.75,18018.0
2025-12-04 00:50:00+00:00,446.7328,446.9499,446.6,446.6,22947.0
2025-12-04 00:55:00+00:00,446.6,446.9502,446.52,446.9502,26395.0
2025-12-04 09:00:00+00:00,448.89,449.42,447.17,449.26,35544.0
2025-12-04 09:05:00+00:00,449.24,449.8,448.61,448.98,30787.0
2025-12-04 09:10:00+00:00,449.0,449.28,448.99,449.0,10319.0
2025-12-04 09:15:00+00:00,448.9,448.91,448.02,448.52,11791.0
2025-12-04 09:20:00+00:00,448.45,448.88,448.45,448.83,12566.0
2025-12-04 09:25:00+00:00,448.8,449.08,448.8,449.0,8252.0
2025-12-04 09:30:00+00:00,448.99,450.25,448.72,449.77,89135.0
2025-12-04 09:35:00+00:00,449.6,450.38,449.6,450.38,26916.0
2025-12-04 09:40:00+00:00,450.44,450.87,449.98,450.14,35908.0
2025-12-04 09:45:00+00:00,450.14,450.55,449.7,450.55,14608.0
2025-12-04 09:50:00+00:00,450.59,450.62,450.27,450.36,15268.0
2025-12-04 09:55:00+00:00,450.32,450.74,450.21,450.67,8835.0
2025-12-04 10:00:00+00:00,450.65,451.55,450.57,451.34,38844.0
2025-12-04 10:05:00+00:00,451.38,451.64,450.72,451.46,27052.0
2025-12-04 10:10:00+00:00,451.5,451.5,450.86,450.93,15715.0
2025-12-04 10:15:00+00:00,450.94,451.17,450.88,451.15,7747.0
2025-12-04 10:20:00+00:00,451.14,451.14,450.76,450.88,10686.0
2025-12-04 10:25:00+00:00,450.89,450.89,450.4,450.79,13833.0
2025-12-04 10:30:00+00:00,450.74,450.98,450.67,450.75,14463.0
2025-12-04 10:35:00+00:00,450.75,450.89,450.45,450.77,15302.0
2025-12-04 10:40:00+00:00,450.7,450.98,450.64,450.71,11971.0
2025-12-04 10:45:00+00:00,450.77,450.91,449.83,449.84,32426.0
2025-12-04 10:50:00+00:00,450.03,450.15,449.61,450.15,12204.0
2025-12-04 10:55:00+00:00,450.16,450.5,450.08,450.1,9245.0
2025-12-04 11:00:00+00:00,450.01,450.24,450.0,450.12,9939.0
2025-12-04 11:05:00+00:00,450.11,450.11,449.77,450.0,13019.0
2025-12-04 11:10:00+00:00,449.95,449.95,449.42,449.49,9495.0
2025-12-04 11:15:00+00:00,449.5,449.79,449.2,449.43,9965.0
2025-12-04 11:20:00+00:00,449.36,449.54,448.92,449.39,16580.0
2025-12-04 11:25:00+00:00,449.42,449.64,449.36,449.61,3482.0
2025-12-04 11:30:00+00:00,449.64,449.85,449.42,449.42,8746.0
2025-12-04 11:35:00+00:00,449.54,449.7,449.44,449.51,3989.0
2025-12-04 11:40:00+00:00,449.5,449.5,448.71,448.96,17087.0
2025-12-04 11:45:00+00:00,448.85,449.07,448.71,449.0,7487.0
2025-12-04 11:50:00+00:00,449.06,449.1,448.76,449.1,11513.0
2025-12-04 11:55:00+00:00,449.1,449.19,448.8,448.8,10770.0
2025-12-04 12:00:00+00:00,448.74,449.9,448.48,449.61,71481.0
2025-12-04 12:05:00+00:00,449.65,450.1,449.3,449.93,32324.0
2025-12-04 12:10:00+00:00,449.93,450.0,449.69,449.79,10637.0
2025-12-04 12:15:00+00:00,449.85,449.85,449.24,449.48,11950.0
2025-12-04 12:20:00+00:00,449.43,449.53,449.27,449.27,5861.0
2025-12-04 12:25:00+00:00,449.29,449.34,448.8,448.85,9787.0
2025-12-04 12:30:00+00:00,448.89,449.25,448.85,449.0,10880.0
2025-12-04 12:35:00+00:00,448.94,448.94,448.68,448.8,9270.0
2025-12-04 12:40:00+00:00,448.9,449.08,448.6,449.08,12560.0
2025-12-04 12:45:00+00:00,449.08,449.61,449.0,449.13,14265.0
2025-12-04 12:50:00+00:00,449.13,449.48,449.06,449.21,12707.0
2025-12-04 12:55:00+00:00,449.2,449.5,449.2,449.35,6599.0
2025-12-04 13:00:00+00:00,446.85,451.5603,446.85,448.86,1011744.0
2025-12-04 13:05:00+00:00,448.94,448.94,448.4,448.45,25654.0
2025-12-04 13:10:00+00:00,448.44,448.52,447.7,447.8541,73703.0
2025-12-04 13:15:00+00:00,447.77,448.66,447.77,448.55,58295.0
2025-12-04 13:20:00+00:00,448.5,448.69,448.02,448.69,29071.0
2025-12-04 13:25:00+00:00,448.69,448.9486,448.25,448.48,47104.0
2025-12-04 13:30:00+00:00,448.48,448.77,448.0,448.2,44598.0
2025-12-04 13:35:00+00:00,448.19,448.66,448.0,448.61,43775.0
2025-12-04 13:40:00+00:00,448.59,448.89,448.39,448.45,49119.0
2025-12-04 13:45:00+00:00,448.46,448.6,448.05,448.54,49385.0
2025-12-04 13:50:00+00:00,448.58,448.58,447.64,448.1794,46276.0
2025-12-04 13:55:00+00:00,448.24,448.4,447.96,448.16,36668.0
2025-12-04 14:00:00+00:00,448.15,448.6,447.98,448.39,49234.0
2025-12-04 14:05:00+00:00,448.401,449.7,448.25,449.2615,85676.0
2025-12-04 14:10:00+00:00,449.3,449.4386,448.83,449.22,82323.0
2025-12-04 14:15:00+00:00,449.25,449.29,448.89,449.1102,61723.0
2025-12-04 14:20:00+00:00,449.1391,449.6,449.0,449.59,67125.0
2025-12-04 14:25:00+00:00,449.55,450.77,449.19,449.8,160397.0
2025-12-04 14:30:00+00:00,449.94,450.88,445.85,446.15,3608212.0
2025-12-04 14:35:00+00:00,446.14,451.49,445.93,449.912,2795933.0
2025-12-04 14:40:00+00:00,449.895,452.54,449.7,452.0,2525249.0
2025-12-04 14:45:00+00:00,451.98,454.1,451.87,453.325,2276718.0
2025-12-04 14:50:00+00:00,453.35,454.63,452.4,453.08,1937278.0
2025-12-04 14:55:00+00:00,453.0625,454.36,450.59,450.9507,1799918.0
2025-12-04 15:00:00+00:00,450.89,452.3,450.6806,451.8655,1203427.0
2025-12-04 15:05:00+00:00,451.86,452.75,449.15,450.29,1698414.0
2025-12-04 15:10:00+00:00,450.26,450.64,449.21,449.62,1047787.0
2025-12-04 15:15:00+00:00,449.64,450.07,448.65,449.16,1071038.0
2025-12-04 15:20:00+00:00,449.07,449.95,447.09,447.41,1274548.0
2025-12-04 15:25:00+00:00,447.37,449.09,445.39,448.51,1919866.0
2025-12-04 15:30:00+00:00,448.53,450.59,447.876,450.55,1230585.0
2025-12-04 15:35:00+00:00,450.55,451.71,450.12,450.86,1104295.0
2025-12-04 15:40:00+00:00,450.8595,451.43,449.6205,450.27,922825.0
2025-12-04 15:45:00+00:00,450.3,450.4599,448.25,448.7708,975067.0
2025-12-04 15:50:00+00:00,448.746,449.26,447.94,449.22,793987.0
2025-12-04 15:55:00+00:00,449.235,449.53,448.28,448.345,636243.0
2025-12-04 16:00:00+00:00,448.355,448.9297,447.28,447.3786,786323.0
2025-12-04 16:05:00+00:00,447.4069,449.06,446.81,448.8599,855167.0
2025-12-04 16:10:00+00:00,448.83,449.08,447.5701,447.9045,767632.0
2025-12-04 16:15:00+00:00,447.9,448.54,447.31,448.2299,536822.0
2025-12-04 16:20:00+00:00,448.195,449.43,447.88,449.13,681830.0
2025-12-04 16:25:00+00:00,449.14,449.42,448.42,448.63,504053.0
2025-12-04 16:30:00+00:00,448.6,449.82,448.43,449.39,644868.0
2025-12-04 16:35:00+00:00,449.4,449.78,448.5,449.26,615841.0
2025-12-04 16:40:00+00:00,449.27,450.3,448.31,448.5322,795625.0
2025-12-04 16:45:00+00:00,448.5447,449.76,448.54,449.6264,527491.0
2025-12-04 16:50:00+00:00,449.64,449.81,448.81,448.8208,460511.0
2025-12-04 16:55:00+00:00,448.8,449.83,448.6,449.72,423436.0
2025-12-04 17:00:00+00:00,449.72,450.8,449.5,450.23,698510.0
2025-12-04 17:05:00+00:00,450.23,450.37,449.3,449.7,549975.0
2025-12-04 17:10:00+00:00,449.69,450.15,449.14,450.141,454959.0
2025-12-04 17:15:00+00:00,450.14,450.5399,449.59,450.41,391962.0
2025-12-04 17:20:00+00:00,450.42,450.79,449.75,449.93,549635.0
2025-12-04 17:25:00+00:00,449.935,450.3899,449.7832,449.81,361894.0
2025-12-04 17:30:00+00:00,449.82,449.876,448.837,449.22,526012.0
2025-12-04 17:35:00+00:00,449.2427,449.75,449.145,449.18,368230.0
2025-12-04 17:40:00+00:00,449.23,449.4499,448.6,449.39,430646.0
2025-12-04 17:45:00+00:00,449.3801,449.47,448.29,448.29,437451.0
2025-12-04 17:50:00+00:00,448.325,448.866,448.14,448.48,363413.0
2025-12-04 17:55:00+00:00,448.5,448.7499,448.01,448.4067,372677.0
2025-12-04 18:00:00+00:00,448.36,448.66,447.45,447.75,439610.0
2025-12-04 18:05:00+00:00,447.7108,447.7371,446.6,447.245,645160.0
2025-12-04 18:10:00+00:00,447.26,448.625,446.82,448.585,606165.0
2025-12-04 18:15:00+00:00,448.59,448.7285,448.26,448.49,720632.0
2025-12-04 18:20:00+00:00,448.517,449.39,448.49,449.04,511951.0
2025-12-04 18:25:00+00:00,449.0495,449.09,448.06,448.46,376952.0
2025-12-04 18:30:00+00:00,448.46,448.98,448.36,448.67,374623.0
2025-12-04 18:35:00+00:00,448.67,449.32,448.46,449.1205,338566.0
2025-12-04 18:40:00+00:00,449.1498,449.2999,448.28,448.8301,382000.0
2025-12-04 18:45:00+00:00,448.8997,449.38,448.57,448.69,327233.0
2025-12-04 18:50:00+00:00,448.7,449.18,448.6,448.712,256761.0
2025-12-04 18:55:00+00:00,448.715,448.85,448.35,448.77,317823.0
2025-12-04 19:00:00+00:00,448.77,449.12,448.49,448.775,271857.0
2025-12-04 19:05:00+00:00,448.748,449.36,448.61,449.03,398333.0
2025-12-04 19:10:00+00:00,449.025,449.27,448.56,448.845,338806.0
2025-12-04 19:15:00+00:00,448.83,449.39,447.92,447.9599,520273.0
2025-12-04 19:20:00+00:00,447.94,448.04,446.2,446.78,896752.0
2025-12-04 19:25:00+00:00,446.78,448.02,446.67,447.535,638831.0
2025-12-04 19:30:00+00:00,447.52,448.4799,447.3401,448.42,463844.0
2025-12-04 19:35:00+00:00,448.4295,449.93,448.41,449.35,968976.0
2025-12-04 19:40:00+00:00,449.36,449.76,448.8501,449.56,486559.0
2025-12-04 19:45:00+00:00,449.55,450.15,449.43,449.852,638054.0
2025-12-04 19:50:00+00:00,449.8794,450.12,449.4,449.673,490719.0
2025-12-04 19:55:00+00:00,449.655,449.95,449.3,449.6,382523.0
2025-12-04 20:00:00+00:00,449.585,450.0,449.46,449.69,407183.0
2025-12-04 20:05:00+00:00,449.67,449.95,448.85,449.54,577844.0
2025-12-04 20:10:00+00:00,449.5308,450.129,449.44,449.7764,501091.0
2025-12-04 20:15:00+00:00,449.7606,450.12,449.33,450.11,410085.0
2025-12-04 20:20:00+00:00,450.12,450.4299,449.63,449.9902,439919.0
2025-12-04 20:25:00+00:00,450.0,451.03,449.86,450.785,762477.0
2025-12-04 20:30:00+00:00,450.79,451.6799,450.79,451.2518,793508.0
2025-12-04 20:35:00+00:00,451.2668,451.5204,450.9399,451.29,552887.0
2025-12-04 20:40:00+00:00,451.27,451.75,450.995,451.37,597762.0
2025-12-04 20:45:00+00:00,451.36,451.68,450.78,451.47,597132.0
2025-12-04 20:50:00+00:00,451.47,453.2899,451.47,453.265,1676872.0
2025-12-04 20:55:00+00:00,453.28,454.63,453.26,454.54,2815205.0
2025-12-04 21:00:00+00:00,454.53,454.87,454.12,454.39,1400297.0
2025-12-04 21:05:00+00:00,454.39,454.53,454.0,454.129,94054.0
2025-12-04 21:10:00+00:00,454.15,454.29,454.03,454.06,50811.0
2025-12-04 21:15:00+00:00,454.0502,454.1,453.8,453.9,44762.0
2025-12-04 21:20:00+00:00,453.95,454.0,449.991,453.95,24137.0
2025-12-04 21:25:00+00:00,453.95,454.05,453.7,453.72,24223.0
2025-12-04 21:30:00+00:00,453.71,454.53,453.6,453.65,37313.0
2025-12-04 21:35:00+00:00,453.71,453.84,453.66,453.72,20826.0
2025-12-04 21:40:00+00:00,453.75,453.77,453.5,453.6,21437.0
2025-12-04 21:45:00+00:00,453.6,453.83,453.6,453.74,11777.0
2025-12-04 21:50:00+00:00,453.719,453.77,453.65,453.7,8898.0
2025-12-04 21:55:00+00:00,453.66,453.8993,453.65,453.8988,14557.0
2025-12-04 22:00:00+00:00,453.85,454.06,453.85,454.06,17938.0
2025-12-04 22:05:00+00:00,454.0,454.0,453.82,453.83,10009.0
2025-12-04 22:10:00+00:00,453.85,453.95,453.82,453.9313,10098.0
2025-12-04 22:15:00+00:00,453.95,454.14,453.93,454.1,15617.0
2025-12-04 22:20:00+00:00,454.1,454.12,453.9,453.9,10473.0
2025-12-04 22:25:00+00:00,453.908,453.98,453.85,453.892,8794.0
2025-12-04 22:30:00+00:00,453.9,453.9,453.5531,453.5531,15809.0
2025-12-04 22:35:00+00:00,453.6,453.64,453.49,453.5,12240.0
2025-12-04 22:40:00+00:00,453.4996,453.5,453.2,453.3,21732.0
2025-12-04 22:45:00+00:00,453.3098,453.5,453.2,453.35,12792.0
2025-12-04 22:50:00+00:00,453.38,453.5,453.36,453.5,12161.0
2025-12-04 22:55:00+00:00,453.48,453.51,453.2601,453.3999,18519.0
2025-12-04 23:00:00+00:00,453.46,453.86,453.35,453.8103,27298.0
2025-12-04 23:05:00+00:00,453.829,453.83,453.5,453.609,6761.0
2025-12-04 23:10:00+00:00,453.55,453.55,453.3,453.45,5820.0
2025-12-04 23:15:00+00:00,453.46,453.54,453.4,453.5,5930.0
2025-12-04 23:20:00+00:00,453.52,453.57,453.45,453.5014,6322.0
2025-12-04 23:25:00+00:00,453.5506,453.5506,453.48,453.52,7194.0
2025-12-04 23:30:00+00:00,453.5,453.52,453.4,453.4,9214.0
2025-12-04 23:35:00+00:00,453.39,453.4644,453.3,453.42,5549.0
2025-12-04 23:40:00+00:00,453.4,453.4,453.33,453.33,7837.0
2025-12-04 23:45:00+00:00,453.31,453.36,453.21,453.23,13746.0
2025-12-04 23:50:00+00:00,453.318,453.4,453.22,453.4,5620.0
2025-12-04 23:55:00+00:00,453.316,453.4,453.3,453.35,3044.0
2025-12-05 00:00:00+00:00,453.39,453.4,453.3,453.358,12164.0
2025-12-05 00:05:00+00:00,453.38,453.47,453.3,453.4,5511.0
2025-12-05 00:10:00+00:00,453.4,453.4884,453.31,453.34,8137.0
2025-12-05 00:15:00+00:00,453.33,453.44,453.3117,453.44,5611.0
2025-12-05 00:20:00+00:00,453.4396,453.69,453.4,453.69,8804.0
2025-12-05 00:25:00+00:00,453.69,453.69,453.5,453.5996,9264.0
2025-12-05 00:30:00+00:00,453.5982,453.63,453.4,453.6,6639.0
2025-12-05 00:35:00+00:00,453.55,453.75,453.49,453.7,8197.0
2025-12-05 00:40:00+00:00,453.622,453.75,453.55,453.73,10376.0
2025-12-05 00:45:00+00:00,453.7036,453.7495,453.6,453.61,14428.0
2025-12-05 00:50:00+00:00,453.61,453.7,453.61,453.69,7155.0
2025-12-05 00:55:00+00:00,453.69,453.85,453.67,453.85,28277.0
2025-12-05 09:00:00+00:00,456.0,456.69,454.99,456.63,31398.0
2025-12-05 09:05:00+00:00,456.76,456.95,456.1,456.24,13531.0
2025-12-05 09:10:00+00:00,456.16,456.33,455.6,455.7,13905.0
2025-12-05 09:15:00+00:00,455.73,455.9,455.67,455.69,7314.0
2025-12-05 09:20:00+00:00,455.69,455.74,455.5,455.59,6373.0
2025-12-05 09:25:00+00:00,455.61,455.76,455.57,455.6,3830.0
2025-12-05 09:30:00+00:00,455.57,455.57,454.79,455.15,17682.0
2025-12-05 09:35:00+00:00,455.24,455.26,454.8,454.8,6603.0
2025-12-05 09:40:00+00:00,454.72,455.08,454.67,455.05,6201.0
2025-12-05 09:45:00+00:00,455.18,455.51,455.18,455.2,4245.0
2025-12-05 09:50:00+00:00,455.13,455.3,455.0,455.21,3927.0
2025-12-05 09:55:00+00:00,455.29,455.54,455.29,455.43,2179.0
2025-12-05 10:00:00+00:00,455.45,455.45,455.04,455.18,4161.0
2025-12-05 10:05:00+00:00,455.15,455.15,455.0,455.13,1862.0
2025-12-05 10:10:00+00:00,455.15,455.58,455.15,455.48,9184.0
2025-12-05 10:15:00+00:00,455.4,455.43,455.32,455.4,583.0
2025-12-05 10:20:00+00:00,455.32,455.39,455.29,455.39,1848.0
2025-12-05 10:25:00+00:00,455.44,455.565,455.44,455.47,2643.0
2025-12-05 10:30:00+00:00,455.52,455.53,455.42,455.42,1620.0
2025-12-05 10:35:00+00:00,455.46,455.54,455.33,455.36,2214.0
2025-12-05 10:40:00+00:00,455.4,455.67,455.4,455.67,5623.0
2025-12-05 10:45:00+00:00,455.69,455.69,455.08,455.14,7572.0
2025-12-05 10:50:00+00:00,455.11,455.21,455.11,455.21,3332.0
2025-12-05 10:55:00+00:00,455.17,455.21,455.05,455.1,2065.0
2025-12-05 11:00:00+00:00,455.14,455.15,454.78,454.89,7187.0
2025-12-05 11:05:00+00:00,454.8,455.05,454.46,454.76,10298.0
2025-12-05 11:10:00+00:00,454.71,454.84,454.66,454.79,1791.0
2025-12-05 11:15:00+00:00,454.8,454.8,454.53,454.62,4749.0
2025-12-05 11:20:00+00:00,454.7,454.83,454.68,454.72,2480.0
2025-12-05 11:25:00+00:00,454.7,454.99,454.7,454.99,2232.0
2025-12-05 11:30:00+00:00,454.94,455.06,454.84,455.05,4201.0
2025-12-05 11:35:00+00:00,455.06,455.15,454.99,455.06,4341.0
2025-12-05 11:40:00+00:00,455.01,455.07,454.93,455.03,3745.0
2025-12-05 11:45:00+00:00,454.99,455.04,454.02,454.56,7631.0
2025-12-05 11:50:00+00:00,454.68,454.74,454.37,454.37,6215.0
2025-12-05 11:55:00+00:00,454.51,454.53,454.08,454.48,9973.0
2025-12-05 12:00:00+00:00,454.4,454.61,453.94,454.6,36893.0
2025-12-05 12:05:00+00:00,454.59,454.6,453.64,454.12,27042.0
2025-12-05 12:10:00+00:00,454.13,454.32,454.045,454.26,10324.0
2025-12-05 12:15:00+00:00,454.21,454.35,453.82,453.82,8310.0
2025-12-05 12:20:00+00:00,453.81,454.85,453.75,454.61,29590.0
2025-12-05 12:25:00+00:00,454.59,454.7,454.13,454.4,9816.0
2025-12-05 12:30:00+00:00,454.33,454.55,454.33,454.38,8734.0
2025-12-05 12:35:00+00:00,454.44,454.53,454.38,454.45,6572.0
2025-12-05 12:40:00+00:00,454.44,454.47,454.38,454.46,4828.0
2025-12-05 12:45:00+00:00,454.42,454.53,454.4,454.5,7413.0
2025-12-05 12:50:00+00:00,454.54,454.88,454.49,454.88,5936.0
2025-12-05 12:55:00+00:00,454.89,455.01,454.31,454.45,17240.0
2025-12-05 13:00:00+00:00,454.05,456.95,453.344,454.89,377541.0
2025-12-05 13:05:00+00:00,454.9,454.97,454.7007,454.8,23837.0
2025-12-05 13:10:00+00:00,454.86,454.88,454.59,454.8,13382.0
2025-12-05 13:15:00+00:00,454.67,454.8,454.65,454.65,8568.0
2025-12-05 13:20:00+00:00,454.7,454.85,454.3333,454.61,28705.0
2025-12-05 13:25:00+00:00,454.71,454.8,454.6,454.73,20371.0
2025-12-05 13:30:00+00:00,454.72,454.72,453.74,453.8,42288.0
2025-12-05 13:35:00+00:00,453.8,453.8095,452.4,452.4,107611.0
2025-12-05 13:40:00+00:00,452.4,453.15,452.15,452.79,59977.0
2025-12-05 13:45:00+00:00,452.71,452.79,452.2,452.3288,49461.0
2025-12-05 13:50:00+00:00,452.2517,452.4,451.57,452.4,94954.0
2025-12-05 13:55:00+00:00,452.25,452.43,451.02,451.74,104602.0
2025-12-05 14:00:00+00:00,451.74,452.0991,451.4,451.7699,54856.0
2025-12-05 14:05:00+00:00,451.7,452.45,451.46,452.21,56912.0
2025-12-05 14:10:00+00:00,452.25,452.898,452.1701,452.8348,40712.0
2025-12-05 14:15:00+00:00,452.9,452.95,452.1631,452.19,44254.0
2025-12-05 14:20:00+00:00,452.16,452.34,452.0,452.11,41424.0
2025-12-05 14:25:00+00:00,452.09,453.4,451.9,453.03,51059.0
2025-12-05 14:30:00+00:00,453.03,456.0845,452.97,455.2201,2536080.0
2025-12-05 14:35:00+00:00,455.23,458.5,455.0,455.7,2311715.0
2025-12-05 14:40:00+00:00,455.62,455.86,453.34,455.75,1631206.0
2025-12-05 14:45:00+00:00,455.735,457.26,455.07,456.115,1423925.0
2025-12-05 14:50:00+00:00,456.16,456.34,454.5,455.4493,987442.0
2025-12-05 14:55:00+00:00,455.415,456.02,454.0,455.15,893401.0
2025-12-05 15:00:00+00:00,455.19,456.85,454.02,456.1028,1284068.0
2025-12-05 15:05:00+00:00,456.14,456.5,455.42,456.28,845394.0
2025-12-05 15:10:00+00:00,456.275,456.98,455.6,456.2487,971358.0
2025-12-05 15:15:00+00:00,456.2662,456.33,454.75,454.98,726979.0
2025-12-05 15:20:00+00:00,454.96,456.4,454.82,456.33,845059.0
2025-12-05 15:25:00+00:00,456.35,456.42,455.14,455.7701,557964.0
2025-12-05 15:30:00+00:00,455.754,456.36,455.56,456.3,533682.0
2025-12-05 15:35:00+00:00,456.27,457.98,455.77,457.955,1062411.0
2025-12-05 15:40:00+00:00,457.955,458.4,457.15,457.9482,1083035.0
2025-12-05 15:45:00+00:00,457.9496,458.87,456.93,458.77,1393053.0
2025-12-05 15:50:00+00:00,458.7,458.7799,456.5,456.6901,1034099.0
2025-12-05 15:55:00+00:00,456.71,456.79,455.27,456.37,968712.0
2025-12-05 16:00:00+00:00,456.37,457.1,455.37,455.9,776885.0
2025-12-05 16:05:00+00:00,455.82,456.1,455.02,455.61,697875.0
2025-12-05 16:10:00+00:00,455.6305,455.8553,454.07,454.11,770865.0
2025-12-05 16:15:00+00:00,454.08,454.13,452.58,452.665,1335205.0
2025-12-05 16:20:00+00:00,452.65,454.08,452.46,453.19,970179.0
2025-12-05 16:25:00+00:00,453.17,454.33,453.03,453.125,677995.0
2025-12-05 16:30:00+00:00,453.125,453.65,451.66,453.35,1004419.0
2025-12-05 16:35:00+00:00,453.39,454.0,453.01,453.7335,528971.0
2025-12-05 16:40:00+00:00,453.64,454.62,453.34,454.2955,605179.0
2025-12-05 16:45:00+00:00,454.27,455.02,454.052,454.635,594430.0
2025-12-05 16:50:00+00:00,454.58,455.44,454.22,455.37,530954.0
2025-12-05 16:55:00+00:00,455.35,455.6,454.98,455.035,568597.0
2025-12-05 17:00:00+00:00,455.0245,455.2,454.15,454.51,630663.0
2025-12-05 17:05:00+00:00,454.5,454.72,453.2503,453.8751,549582.0
2025-12-05 17:10:00+00:00,453.86,453.89,453.05,453.44,399202.0
2025-12-05 17:15:00+00:00,453.4195,454.0,453.29,453.9,323059.0
2025-12-05 17:20:00+00:00,453.895,454.23,453.5,453.9713,384037.0
2025-12-05 17:25:00+00:00,453.96,454.15,453.27,453.55,275975.0
2025-12-05 17:30:00+00:00,453.5,453.79,453.35,453.65,282761.0
2025-12-05 17:35:00+00:00,453.63,454.38,453.3,454.17,431035.0
2025-12-05 17:40:00+00:00,454.195,454.22,453.675,453.985,256288.0
2025-12-05 17:45:00+00:00,454.0,454.37,453.78,453.92,290649.0
2025-12-05 17:50:00+00:00,453.94,454.85,453.8201,454.74,426919.0
2025-12-05 17:55:00+00:00,454.7,454.79,454.0801,454.6522,310412.0
2025-12-05 18:00:00+00:00,454.67,454.82,454.41,454.49,245017.0
2025-12-05 18:05:00+00:00,454.51,454.7048,454.18,454.545,272585.0
2025-12-05 18:10:00+00:00,454.56,454.66,454.29,454.415,237899.0
2025-12-05 18:15:00+00:00,454.43,454.67,454.0,454.5764,331295.0
2025-12-05 18:20:00+00:00,454.575,454.65,453.91,454.515,336495.0
2025-12-05 18:25:00+00:00,454.51,455.53,454.45,455.29,641662.0
2025-12-05 18:30:00+00:00,455.279,455.59,455.15,455.44,388981.0
2025-12-05 18:35:00+00:00,455.45,455.47,454.68,454.97,397590.0
2025-12-05 18:40:00+00:00,454.98,455.08,454.2,454.8601,586467.0
2025-12-05 18:45:00+00:00,454.8836,455.02,454.33,455.0,283519.0
2025-12-05 18:50:00+00:00,455.02,455.2,454.53,454.825,274379.0
2025-12-05 18:55:00+00:00,454.81,454.9897,454.4752,454.51,224563.0
2025-12-05 19:00:00+00:00,454.525,454.8,454.25,454.3,280760.0
2025-12-05 19:05:00+00:00,454.29,454.44,454.08,454.135,281353.0
2025-12-05 19:10:00+00:00,454.12,454.48,453.91,454.46,386803.0
2025-12-05 19:15:00+00:00,454.46,454.6963,453.65,454.09,400225.0
2025-12-05 19:20:00+00:00,454.095,454.5,453.9,454.163,296905.0
2025-12-05 19:25:00+00:00,454.1331,454.9299,454.12,454.76,993282.0
2025-12-05 19:30:00+00:00,454.765,454.95,454.3,454.7622,406429.0
2025-12-05 19:35:00+00:00,454.75,454.89,454.53,454.77,283888.0
2025-12-05 19:40:00+00:00,454.8,454.94,454.37,454.48,314047.0
2025-12-05 19:45:00+00:00,454.466,454.52,454.06,454.28,287118.0
2025-12-05 19:50:00+00:00,454.288,455.23,454.17,455.1972,437333.0
2025-12-05 19:55:00+00:00,455.2,455.815,455.145,455.237,670537.0
2025-12-05 20:00:00+00:00,455.24,455.38,454.91,454.95,413924.0
2025-12-05 20:05:00+00:00,454.92,455.4,454.88,455.16,376083.0
2025-12-05 20:10:00+00:00,455.1443,455.3,454.7801,455.21,361166.0
2025-12-05 20:15:00+00:00,455.21,455.75,455.11,455.67,428139.0
2025-12-05 20:20:00+00:00,455.67,455.74,455.28,455.3536,409704.0
2025-12-05 20:25:00+00:00,455.36,455.44,454.95,455.2198,449598.0
2025-12-05 20:30:00+00:00,455.22,455.32,454.87,455.3125,430266.0
2025-12-05 20:35:00+00:00,455.28,455.47,455.03,455.07,363059.0
2025-12-05 20:40:00+00:00,455.08,455.26,454.75,455.07,452869.0
2025-12-05 20:45:00+00:00,455.08,455.18,454.3,454.63,527619.0
2025-12-05 20:50:00+00:00,454.64,455.24,454.44,454.905,800874.0
2025-12-05 20:55:00+00:00,454.93,455.35,454.625,454.94,1559817.0
2025-12-05 21:00:00+00:00,455.0,455.08,454.85,455.0,127105.0
2025-12-05 21:05:00+00:00,454.98,455.08,454.96,454.99,33091.0
2025-12-05 21:10:00+00:00,455.0,455.03,454.86,455.03,23151.0
2025-12-05 21:15:00+00:00,455.01,455.03,454.8,454.9,19403.0
2025-12-05 21:20:00+00:00,454.89,454.97,454.89,454.97,11288.0
2025-12-05 21:25:00+00:00,454.94,454.98,454.73,454.78,14746.0
2025-12-05 21:30:00+00:00,454.7808,454.82,454.65,454.68,9470.0
2025-12-05 21:35:00+00:00,454.6996,455.0,454.57,454.7402,15577.0
2025-12-05 21:40:00+00:00,454.74,454.8,454.7,454.7,11155.0
2025-12-05 21:45:00+00:00,455.0,455.0,454.7,454.9,16158.0
2025-12-05 21:50:00+00:00,454.96,454.98,454.85,454.93,6100.0
2025-12-05 21:55:00+00:00,454.93,455.05,454.84,455.02,24197.0
2025-12-05 22:00:00+00:00,455.0,455.05,454.93,454.93,31538.0
2025-12-05 22:05:00+00:00,454.93,455.01,454.93,454.9904,7146.0
2025-12-05 22:10:00+00:00,454.94,455.01,454.93,454.94,7966.0
2025-12-05 22:15:00+00:00,454.94,454.96,454.92,454.96,15076.0
2025-12-05 22:20:00+00:00,454.92,454.97,454.9,454.91,3912.0
2025-12-05 22:25:00+00:00,454.91,455.0,454.79,454.9632,7839.0
2025-12-05 22:30:00+00:00,454.95,454.9888,454.94,454.95,5287.0
2025-12-05 22:35:00+00:00,454.97,454.97,454.8108,454.8108,3533.0
2025-12-05 22:40:00+00:00,454.81,454.84,454.75,454.7501,3604.0
2025-12-05 22:45:00+00:00,454.7599,454.7599,454.7,454.72,4386.0
2025-12-05 22:50:00+00:00,454.7,454.75,454.7,454.73,3721.0
2025-12-05 22:55:00+00:00,454.72,454.77,454.7,454.77,8722.0
2025-12-05 23:00:00+00:00,454.78,454.83,454.7501,454.8016,3742.0
2025-12-05 23:05:00+00:00,454.8,454.82,454.76,454.78,2776.0
2025-12-05 23:10:00+00:00,454.8,454.8,454.76,454.76,1303.0
2025-12-05 23:15:00+00:00,454.77,454.77,454.75,454.76,3760.0
2025-12-05 23:20:00+00:00,454.75,454.75,454.7,454.7097,8632.0
2025-12-05 23:25:00+00:00,454.71,454.71,454.68,454.69,3303.0
2025-12-05 23:30:00+00:00,454.66,454.66,454.55,454.57,4477.0
2025-12-05 23:35:00+00:00,454.54,454.58,454.54,454.56,2629.0
2025-12-05 23:40:00+00:00,454.58,454.58,454.53,454.53,3770.0
2025-12-05 23:45:00+00:00,454.5019,454.55,454.5,454.5,4231.0
2025-12-05 23:50:00+00:00,454.53,454.53,454.5,454.51,3301.0
2025-12-05 23:55:00+00:00,454.5,454.5,454.47,454.49,3010.0
2025-12-06 00:00:00+00:00,454.49,454.51,454.49,454.49,3647.0
2025-12-06 00:05:00+00:00,454.4994,454.51,454.45,454.5095,4258.0
2025-12-06 00:10:00+00:00,454.5,454.55,454.47,454.5201,6393.0
2025-12-06 00:15:00+00:00,454.5201,454.7,454.52,454.7,5559.0
2025-12-06 00:20:00+00:00,454.7,454.7393,454.6902,454.7393,3569.0
2025-12-06 00:25:00+00:00,454.7,454.72,454.52,454.5232,4312.0
2025-12-06 00:30:00+00:00,454.53,454.62,454.52,454.52,6540.0
2025-12-06 00:35:00+00:00,454.53,454.6,454.45,454.6,6439.0
2025-12-06 00:40:00+00:00,454.64,454.7,454.52,454.7,4627.0
2025-12-06 00:45:00+00:00,454.67,454.7,454.58,454.59,4197.0
2025-12-06 00:50:00+00:00,454.6492,454.81,454.59,454.7,21520.0
2025-12-06 00:55:00+00:00,454.77,454.77,454.6,454.66,18459.0
2025-12-08 09:00:00+00:00,450.5,452.62,450.16,450.7,25801.0
2025-12-08 09:05:00+00:00,450.66,451.4,450.65,451.31,13059.0
2025-12-08 09:10:00+00:00,451.37,451.67,451.23,451.35,10564.0
2025-12-08 09:15:00+00:00,451.33,451.33,450.67,450.9,10602.0
2025-12-08 09:20:00+00:00,450.9,451.06,450.8,451.01,10498.0
2025-12-08 09:25:00+00:00,451.07,451.31,450.84,450.84,5628.0
2025-12-08 09:30:00+00:00,450.8,450.93,450.76,450.78,5087.0
2025-12-08 09:35:00+00:00,450.75,450.75,450.19,450.48,12556.0
2025-12-08 09:40:00+00:00,450.44,450.44,449.67,450.4,22509.0
2025-12-08 09:45:00+00:00,450.39,450.39,449.95,449.95,7400.0
2025-12-08 09:50:00+00:00,449.94,449.95,449.85,449.95,5472.0
2025-12-08 09:55:00+00:00,449.9,449.9,449.53,449.61,11794.0
2025-12-08 10:00:00+00:00,449.69,449.69,449.0,449.15,15914.0
2025-12-08 10:05:00+00:00,449.15,449.22,448.8,449.14,17311.0
2025-12-08 10:10:00+00:00,449.17,449.7,449.16,449.5,11548.0
2025-12-08 10:15:00+00:00,449.49,449.49,449.26,449.42,3267.0
2025-12-08 10:20:00+00:00,449.45,449.47,448.94,449.2,7927.0
2025-12-08 10:25:00+00:00,449.16,449.89,449.15,449.89,5760.0
2025-12-08 10:30:00+00:00,449.88,449.89,449.6,449.84,5207.0
2025-12-08 10:35:00+00:00,449.86,449.86,449.41,449.41,6815.0
2025-12-08 10:40:00+00:00,449.47,449.5,449.3,449.49,4159.0
2025-12-08 10:45:00+00:00,449.47,449.5,449.25,449.28,4099.0
2025-12-08 10:50:00+00:00,449.29,449.75,449.29,449.69,4935.0
2025-12-08 10:55:00+00:00,449.73,449.84,449.4,449.4,12011.0
2025-12-08 11:00:00+00:00,449.4,449.44,449.13,449.2,6958.0
2025-12-08 11:05:00+00:00,449.2,449.36,449.07,449.29,4540.0
2025-12-08 11:10:00+00:00,449.23,449.25,448.0,448.53,29923.0
2025-12-08 11:15:00+00:00,448.53,448.63,448.34,448.4,14033.0
2025-12-08 11:20:00+00:00,448.46,448.46,448.13,448.13,10902.0
2025-12-08 11:25:00+00:00,448.13,448.6,447.96,448.45,26133.0
2025-12-08 11:30:00+00:00,448.46,448.5,447.61,447.61,16625.0
2025-12-08 11:35:00+00:00,447.62,447.89,447.5,447.86,10549.0
2025-12-08 11:40:00+00:00,447.89,448.24,447.8,448.09,16854.0
2025-12-08 11:45:00+00:00,448.03,448.23,447.96,448.06,5830.0
2025-12-08 11:50:00+00:00,448.09,448.09,447.79,448.01,8742.0
2025-12-08 11:55:00+00:00,448.06,448.45,447.97,448.43,10943.0
2025-12-08 12:00:00+00:00,448.45,449.1,448.03,449.0,41202.0
2025-12-08 12:05:00+00:00,449.04,449.04,448.5,448.75,22235.0
2025-12-08 12:10:00+00:00,448.71,448.95,448.08,448.95,16057.0
2025-12-08 12:15:00+00:00,448.95,449.51,448.8,448.95,20096.0
2025-12-08 12:20:00+00:00,448.87,449.05,448.87,448.97,6269.0
2025-12-08 12:25:00+00:00,449.0,449.25,448.66,448.66,11226.0
2025-12-08 12:30:00+00:00,448.68,449.07,448.68,449.07,6108.0
2025-12-08 12:35:00+00:00,449.11,449.11,448.75,448.75,10859.0
2025-12-08 12:40:00+00:00,448.71,449.0,448.63,448.97,14191.0
2025-12-08 12:45:00+00:00,448.95,449.5,448.95,449.21,14224.0
2025-12-08 12:50:00+00:00,449.23,449.3,448.75,448.8,10080.0
2025-12-08 12:55:00+00:00,448.85,449.2,448.79,449.19,10926.0
2025-12-08 13:00:00+00:00,449.2,453.863,447.51,448.29,640656.0
2025-12-08 13:05:00+00:00,448.38,448.66,448.29,448.4,36889.0
2025-12-08 13:10:00+00:00,448.33,448.4893,448.15,448.366,25745.0
2025-12-08 13:15:00+00:00,448.31,448.81,448.3,448.68,16447.0
2025-12-08 13:20:00+00:00,448.66,449.08,447.85,448.07,67069.0
2025-12-08 13:25:00+00:00,448.07,448.47,448.07,448.25,26720.0
2025-12-08 13:30:00+00:00,448.3,448.48,448.03,448.0401,29671.0
2025-12-08 13:35:00+00:00,448.0401,448.25,447.86,448.25,34563.0
2025-12-08 13:40:00+00:00,448.25,448.48,448.05,448.4,19896.0
2025-12-08 13:45:00+00:00,448.35,448.51,448.29,448.3215,21918.0
2025-12-08 13:50:00+00:00,448.35,448.35,448.01,448.0807,32852.0
2025-12-08 13:55:00+00:00,448.1,448.1,447.95,448.09,32568.0
2025-12-08 14:00:00+00:00,448.1,448.6,448.05,448.5,21849.0
2025-12-08 14:05:00+00:00,448.5754,448.5754,448.15,448.3384,23584.0
2025-12-08 14:10:00+00:00,448.25,448.4,448.08,448.2485,17268.0
2025-12-08 14:15:00+00:00,448.2,448.39,448.08,448.3336,23270.0
2025-12-08 14:20:00+00:00,448.34,449.38,448.3007,449.3201,61416.0
2025-12-08 14:25:00+00:00,449.32,449.32,447.01,447.43,115508.0
2025-12-08 14:30:00+00:00,447.445,449.7463,445.82,446.4411,3214097.0
2025-12-08 14:35:00+00:00,446.48,446.58,443.8,444.03,2332750.0
2025-12-08 14:40:00+00:00,444.08,446.75,443.85,446.656,1690300.0
2025-12-08 14:45:00+00:00,446.71,448.2699,445.44,447.1225,1807117.0
2025-12-08 14:50:00+00:00,447.09,447.4416,445.26,446.375,1109737.0
2025-12-08 14:55:00+00:00,446.39,446.46,444.67,445.1088,1009415.0
2025-12-08 15:00:00+00:00,445.055,445.6,443.75,444.965,1370847.0
2025-12-08 15:05:00+00:00,444.95,445.53,443.8101,445.32,1149186.0
2025-12-08 15:10:00+00:00,445.3,445.41,443.38,444.2647,1225428.0
2025-12-08 15:15:00+00:00,444.31,444.859,443.95,444.5825,712659.0
2025-12-08 15:20:00+00:00,444.55,445.5,443.6545,444.15,959133.0
2025-12-08 15:25:00+00:00,444.1575,444.175,442.18,443.4872,1429740.0
2025-12-08 15:30:00+00:00,443.44,444.11,442.7198,443.4236,786514.0
2025-12-08 15:35:00+00:00,443.4095,443.6,442.62,442.81,711386.0
2025-12-08 15:40:00+00:00,442.82,442.9499,441.56,441.74,981903.0
2025-12-08 15:45:00+00:00,441.7195,442.1899,441.16,442.1899,999218.0
2025-12-08 15:50:00+00:00,442.14,442.19,441.28,441.36,650400.0
2025-12-08 15:55:00+00:00,441.3538,442.26,439.77,440.05,1470732.0
2025-12-08 16:00:00+00:00,440.0001,440.5,439.1,439.5728,1207050.0
2025-12-08 16:05:00+00:00,439.6,440.16,438.79,439.65,999200.0
2025-12-08 16:10:00+00:00,439.6999,439.9699,438.27,438.72,964548.0
2025-12-08 16:15:00+00:00,438.6828,439.25,438.45,438.63,749145.0
2025-12-08 16:20:00+00:00,438.59,439.84,438.5688,439.1235,865029.0
2025-12-08 16:25:00+00:00,439.08,439.1112,437.73,438.5181,1061733.0
2025-12-08 16:30:00+00:00,438.5,438.94,437.97,438.72,651581.0
2025-12-08 16:35:00+00:00,438.75,439.14,438.25,438.9709,584995.0
2025-12-08 16:40:00+00:00,438.98,439.42,438.65,439.26,657021.0
2025-12-08 16:45:00+00:00,439.265,439.46,438.77,438.8799,669500.0
2025-12-08 16:50:00+00:00,438.88,439.39,438.12,438.5568,651429.0
2025-12-08 16:55:00+00:00,438.54,439.09,438.2,438.27,567375.0
2025-12-08 17:00:00+00:00,438.2675,438.3525,436.95,437.6201,1026060.0
2025-12-08 17:05:00+00:00,437.645,438.2,437.52,437.9199,567420.0
2025-12-08 17:10:00+00:00,437.9168,438.0112,437.06,437.37,623952.0
2025-12-08 17:15:00+00:00,437.32,437.7,437.14,437.16,448074.0
2025-12-08 17:20:00+00:00,437.14,437.2812,436.71,437.1712,721530.0
2025-12-08 17:25:00+00:00,437.1505,437.44,436.52,437.2906,659038.0
2025-12-08 17:30:00+00:00,437.3129,437.8,437.235,437.8,488946.0
2025-12-08 17:35:00+00:00,437.8,437.91,437.4101,437.6488,428092.0
2025-12-08 17:40:00+00:00,437.64,438.62,437.5645,438.55,698228.0
2025-12-08 17:45:00+00:00,438.51,438.96,438.16,438.8964,546099.0
2025-12-08 17:50:00+00:00,438.91,438.96,438.57,438.8106,425425.0
2025-12-08 17:55:00+00:00,438.84,439.37,438.24,439.0,747460.0
2025-12-08 18:00:00+00:00,439.005,439.4,437.97,438.32,577448.0
2025-12-08 18:05:00+00:00,438.36,438.85,438.0,438.73,451186.0
2025-12-08 18:10:00+00:00,438.7494,438.9,438.24,438.611,340415.0
2025-12-08 18:15:00+00:00,438.61,438.8,437.8,437.9688,412009.0
2025-12-08 18:20:00+00:00,437.99,438.2099,437.7,438.045,414051.0
2025-12-08 18:25:00+00:00,438.0087,438.044,437.08,437.23,524601.0
2025-12-08 18:30:00+00:00,437.2,437.2,435.9,436.1591,976337.0
2025-12-08 18:35:00+00:00,436.16,436.8,435.8,436.61,643142.0
2025-12-08 18:40:00+00:00,436.58,436.68,436.04,436.57,391804.0
2025-12-08 18:45:00+00:00,436.5875,436.78,436.08,436.1,373444.0
2025-12-08 18:50:00+00:00,436.102,436.51,436.0,436.18,375636.0
2025-12-08 18:55:00+00:00,436.17,436.26,435.25,436.0,721003.0
2025-12-08 19:00:00+00:00,436.0,436.35,435.5,436.165,427095.0
2025-12-08 19:05:00+00:00,436.1655,436.59,435.84,436.11,433434.0
2025-12-08 19:10:00+00:00,436.1,436.29,435.53,435.7,434025.0
2025-12-08 19:15:00+00:00,435.7153,436.16,435.6,436.1,393539.0
2025-12-08 19:20:00+00:00,436.08,436.6847,436.05,436.36,486492.0
2025-12-08 19:25:00+00:00,436.36,436.7,436.2701,436.488,329649.0
2025-12-08 19:30:00+00:00,436.47,437.86,436.46,437.735,636287.0
2025-12-08 19:35:00+00:00,437.71,438.41,437.6,437.6901,806091.0
2025-12-08 19:40:00+00:00,437.7145,438.26,437.5,437.82,558145.0
2025-12-08 19:45:00+00:00,437.83,437.91,437.5,437.795,365783.0
2025-12-08 19:50:00+00:00,437.82,438.17,437.6,437.68,367340.0
2025-12-08 19:55:00+00:00,437.69,437.82,436.85,437.22,424742.0
2025-12-08 20:00:00+00:00,437.26,437.88,437.203,437.23,420609.0
2025-12-08 20:05:00+00:00,437.26,437.65,437.0701,437.557,359235.0
2025-12-08 20:10:00+00:00,437.5701,437.92,437.35,437.89,415656.0
2025-12-08 20:15:00+00:00,437.88,438.04,437.4,437.714,463503.0
2025-12-08 20:20:00+00:00,437.72,437.79,437.2,437.3434,372866.0
2025-12-08 20:25:00+00:00,437.33,438.0,437.28,437.84,390522.0
2025-12-08 20:30:00+00:00,437.86,438.28,437.77,438.032,496176.0
2025-12-08 20:35:00+00:00,438.01,438.1,437.6,437.9,408994.0
2025-12-08 20:40:00+00:00,437.8925,438.34,437.8699,438.3184,443092.0
2025-12-08 20:45:00+00:00,438.3205,438.41,437.61,437.66,626954.0
2025-12-08 20:50:00+00:00,437.66,438.63,437.66,438.15,977989.0
2025-12-08 20:55:00+00:00,438.12,439.75,438.1,439.58,1784600.0
2025-12-08 21:00:00+00:00,439.58,440.13,439.28,440.13,619223.0
2025-12-08 21:05:00+00:00,440.0,440.48,439.8,439.9,85054.0
2025-12-08 21:10:00+00:00,439.9,440.0,439.5,439.88,30296.0
2025-12-08 21:15:00+00:00,439.82,439.829,439.425,439.6048,20601.0
2025-12-08 21:20:00+00:00,439.6,439.63,439.51,439.6,15167.0
2025-12-08 21:25:00+00:00,439.5806,440.0,439.58,440.0,14336.0
2025-12-08 21:30:00+00:00,439.8,440.25,439.8,439.9887,28271.0
2025-12-08 21:35:00+00:00,439.95,440.17,439.95,440.011,14865.0
2025-12-08 21:40:00+00:00,440.0,440.19,440.0,440.19,16094.0
2025-12-08 21:45:00+00:00,440.18,440.2,440.0,440.0112,16075.0
2025-12-08 21:50:00+00:00,440.01,440.0101,439.62,439.7678,27483.0
2025-12-08 21:55:00+00:00,439.77,439.95,439.7,439.95,22345.0
2025-12-08 22:00:00+00:00,439.91,440.11,439.91,440.0,21709.0
2025-12-08 22:05:00+00:00,440.06,440.11,440.0,440.07,11586.0
2025-12-08 22:10:00+00:00,440.09,440.11,440.0,440.0516,9899.0
2025-12-08 22:15:00+00:00,440.05,440.3,440.0341,440.22,15528.0
2025-12-08 22:20:00+00:00,440.1854,440.25,440.15,440.19,8602.0
2025-12-08 22:25:00+00:00,440.16,440.25,440.0512,440.1101,9990.0
2025-12-08 22:30:00+00:00,440.11,440.3004,440.11,440.2741,14235.0
2025-12-08 22:35:00+00:00,440.33,440.5,440.3162,440.5,15241.0
2025-12-08 22:40:00+00:00,440.5,440.5,440.36,440.36,11207.0
2025-12-08 22:45:00+00:00,440.38,440.58,440.38,440.51,10798.0
2025-12-08 22:50:00+00:00,440.5244,440.5452,440.37,440.47,11647.0
2025-12-08 22:55:00+00:00,440.38,440.48,440.3,440.4,15562.0
2025-12-08 23:00:00+00:00,440.39,440.55,439.58,440.48,42304.0
2025-12-08 23:05:00+00:00,440.49,440.51,440.2,440.25,12049.0
2025-12-08 23:10:00+00:00,440.38,440.38,440.14,440.2,9842.0
2025-12-08 23:15:00+00:00,440.2,440.38,440.2,440.2792,9983.0
2025-12-08 23:20:00+00:00,440.25,440.38,440.1,440.1,9885.0
2025-12-08 23:25:00+00:00,440.1,440.17,439.8,439.9,16044.0
2025-12-08 23:30:00+00:00,439.916,439.9244,439.58,439.7394,60680.0
2025-12-08 23:35:00+00:00,439.6,439.7698,439.5,439.66,11754.0
2025-12-08 23:40:00+00:00,439.6511,439.77,439.6,439.61,9336.0
2025-12-08 23:45:00+00:00,439.6,439.7051,439.58,439.68,14696.0
2025-12-08 23:50:00+00:00,439.7,439.81,439.57,439.79,13769.0
2025-12-08 23:55:00+00:00,439.8,439.89,439.79,439.8394,7479.0
2025-12-09 00:00:00+00:00,439.83,439.9,439.8,439.8716,7218.0
2025-12-09 00:05:00+00:00,439.85,439.92,439.81,439.86,7118.0
2025-12-09 00:10:00+00:00,439.86,439.92,439.79,439.79,5989.0
2025-12-09 00:15:00+00:00,439.79,439.85,439.78,439.83,4476.0
2025-12-09 00:20:00+00:00,439.8,439.8,439.7301,439.77,4427.0
2025-12-09 00:25:00+00:00,439.79,439.8,439.75,439.78,4806.0
2025-12-09 00:30:00+00:00,439.8,439.8,439.67,439.67,5334.0
2025-12-09 00:35:00+00:00,439.67,439.6999,439.61,439.67,4686.0
2025-12-09 00:40:00+00:00,439.67,439.6799,439.6,439.63,8131.0
2025-12-09 00:45:00+00:00,439.62,439.63,439.3542,439.36,13736.0
2025-12-09 00:50:00+00:00,439.36,439.6,439.35,439.6,18723.0
2025-12-09 00:55:00+00:00,439.6,439.61,439.4,439.49,14996.0
2025-12-09 09:00:00+00:00,437.5,438.62,437.0,437.28,12868.0
2025-12-09 09:05:00+00:00,437.38,437.4,437.0,437.19,7127.0
2025-12-09 09:10:00+00:00,437.15,437.15,436.6,436.8,10899.0
2025-12-09 09:15:00+00:00,436.8,436.89,436.39,436.6,6532.0
2025-12-09 09:20:00+00:00,436.51,436.51,436.16,436.44,6593.0
2025-12-09 09:25:00+00:00,436.5,436.5,435.0,435.78,17965.0
2025-12-09 09:30:00+00:00,435.79,436.23,435.79,436.23,6571.0
2025-12-09 09:35:00+00:00,436.25,436.5,436.23,436.49,5211.0
2025-12-09 09:40:00+00:00,436.55,436.55,436.19,436.21,7850.0
2025-12-09 09:45:00+00:00,436.21,436.24,435.91,436.14,12787.0
2025-12-09 09:50:00+00:00,436.13,436.23,435.85,435.94,6988.0
2025-12-09 09:55:00+00:00,435.99,435.99,435.5,435.5,8584.0
2025-12-09 10:00:00+00:00,435.61,435.66,435.21,435.38,6774.0
2025-12-09 10:05:00+00:00,435.46,435.47,435.0,435.1,14209.0
2025-12-09 10:10:00+00:00,435.15,435.44,435.14,435.38,14091.0
2025-12-09 10:15:00+00:00,435.4,435.93,435.39,435.66,11199.0
2025-12-09 10:20:00+00:00,435.68,436.0,435.68,435.99,5567.0
2025-12-09 10:25:00+00:00,435.98,436.06,435.89,436.06,2017.0
2025-12-09 10:30:00+00:00,436.09,436.1,435.96,436.1,4649.0
2025-12-09 10:35:00+00:00,436.03,436.1,435.08,435.52,12297.0
2025-12-09 10:40:00+00:00,435.35,436.0,435.21,435.47,6772.0
2025-12-09 10:45:00+00:00,435.57,435.9,435.56,435.81,6161.0
2025-12-09 10:50:00+00:00,435.77,436.35,435.77,436.31,5981.0
2025-12-09 10:55:00+00:00,436.31,436.4,436.09,436.2,3630.0
2025-12-09 11:00:00+00:00,436.2,436.35,435.91,436.34,4145.0
2025-12-09 11:05:00+00:00,436.34,436.34,435.95,436.0,5678.0
2025-12-09 11:10:00+00:00,435.955,436.0,435.65,435.84,3946.0
2025-12-09 11:15:00+00:00,435.76,435.99,435.61,435.75,4273.0
2025-12-09 11:20:00+00:00,435.8,435.89,435.52,435.8,7944.0
2025-12-09 11:25:00+00:00,435.8,436.1,435.7,436.08,10212.0
2025-12-09 11:30:00+00:00,436.09,436.18,436.0,436.03,2542.0
2025-12-09 11:35:00+00:00,436.06,436.07,435.8,436.07,3406.0
2025-12-09 11:40:00+00:00,435.99,436.31,435.99,436.16,6632.0
2025-12-09 11:45:00+00:00,436.2,436.22,436.07,436.21,1498.0
2025-12-09 11:50:00+00:00,436.27,436.28,436.11,436.21,2458.0
2025-12-09 11:55:00+00:00,436.23,436.62,436.205,436.53,7456.0
2025-12-09 12:00:00+00:00,436.69,437.0,436.41,436.8,27986.0
2025-12-09 12:05:00+00:00,436.83,437.34,436.82,437.13,12980.0
2025-12-09 12:10:00+00:00,437.17,437.26,437.08,437.12,9514.0
2025-12-09 12:15:00+00:00,437.08,437.11,436.96,437.03,5852.0
2025-12-09 12:20:00+00:00,437.03,437.25,436.8,437.25,6717.0
2025-12-09 12:25:00+00:00,437.27,437.3,436.76,436.76,8550.0
2025-12-09 12:30:00+00:00,436.76,436.8,436.26,436.35,17905.0
2025-12-09 12:35:00+00:00,436.4,436.5,436.32,436.35,8680.0
2025-12-09 12:40:00+00:00,436.31,436.5,436.02,436.08,8970.0
2025-12-09 12:45:00+00:00,436.02,436.18,435.89,436.18,10384.0
2025-12-09 12:50:00+00:00,436.1,436.39,435.99,436.0,7803.0
2025-12-09 12:55:00+00:00,435.99,436.2,435.94,436.0,5183.0
2025-12-09 13:00:00+00:00,436.8,438.48,435.0,435.65,366298.0
2025-12-09 13:05:00+00:00,435.7,436.0,435.65,435.94,18511.0
2025-12-09 13:10:00+00:00,435.94,436.1,435.69,436.1,18171.0
2025-12-09 13:15:00+00:00,436.1,436.243,435.9,436.05,10507.0
2025-12-09 13:20:00+00:00,436.02,436.13,435.9,435.9443,11648.0
2025-12-09 13:25:00+00:00,436.0,436.5,435.9601,436.44,25190.0
2025-12-09 13:30:00+00:00,436.43,436.5,436.0017,436.3,22182.0
2025-12-09 13:35:00+00:00,436.36,436.5,436.15,436.3565,21495.0
2025-12-09 13:40:00+00:00,436.3414,436.4992,436.25,436.3364,12051.0
2025-12-09 13:45:00+00:00,436.34,436.52,436.2,436.2,30197.0
2025-12-09 13:50:00+00:00,436.2296,436.6,436.15,436.15,21094.0
2025-12-09 13:55:00+00:00,436.1827,436.41,435.98,436.14,17808.0
2025-12-09 14:00:00+00:00,436.17,436.5,436.1146,436.5,23895.0
2025-12-09 14:05:00+00:00,436.4204,436.4204,435.75,435.87,20955.0
2025-12-09 14:10:00+00:00,435.9,436.0,435.73,435.75,27982.0
2025-12-09 14:15:00+00:00,435.75,435.8,435.32,435.6,48058.0
2025-12-09 14:20:00+00:00,435.55,435.58,435.25,435.25,57376.0
2025-12-09 14:25:00+00:00,435.3,437.93,435.2021,437.6,102275.0
2025-12-09 14:30:00+00:00,437.54,439.27,435.7,438.379,2282472.0
2025-12-09 14:35:00+00:00,438.3875,442.28,438.06,440.53,2514730.0
2025-12-09 14:40:00+00:00,440.5664,442.26,440.18,440.8399,1427478.0
2025-12-09 14:45:00+00:00,440.95,443.36,440.765,442.88,1572391.0
2025-12-09 14:50:00+00:00,442.9,443.5,442.24,442.49,1079103.0
2025-12-09 14:55:00+00:00,442.52,444.62,442.33,444.555,1261061.0
2025-12-09 15:00:00+00:00,444.53,445.4,443.37,443.58,1588930.0
2025-12-09 15:05:00+00:00,443.58,444.26,442.58,443.645,1133047.0
2025-12-09 15:10:00+00:00,443.67,444.55,443.1,443.88,834394.0
2025-12-09 15:15:00+00:00,443.91,444.98,443.1701,443.955,936165.0
2025-12-09 15:20:00+00:00,443.9301,444.44,443.54,444.42,582094.0
2025-12-09 15:25:00+00:00,444.42,445.51,443.9,445.3948,878511.0
2025-12-09 15:30:00+00:00,445.41,445.88,444.88,445.825,924215.0
2025-12-09 15:35:00+00:00,445.825,446.3,445.6,446.05,1016913.0
2025-12-09 15:40:00+00:00,446.0536,446.61,445.4,446.56,834931.0
2025-12-09 15:45:00+00:00,446.6,446.72,438.05,446.41,977523.0
2025-12-09 15:50:00+00:00,446.415,446.95,446.02,446.91,834209.0
2025-12-09 15:55:00+00:00,446.93,448.18,446.92,447.84,1350056.0
2025-12-09 16:00:00+00:00,447.81,448.29,447.5903,448.1,691033.0
2025-12-09 16:05:00+00:00,448.11,448.4,447.3,447.75,819331.0
2025-12-09 16:10:00+00:00,447.73,447.73,447.13,447.475,587145.0
2025-12-09 16:15:00+00:00,447.4574,447.87,447.21,447.54,503585.0
2025-12-09 16:20:00+00:00,447.52,447.575,446.91,447.2,655010.0
2025-12-09 16:25:00+00:00,447.056308,447.34,446.3,446.44,637318.0
2025-12-09 16:30:00+00:00,446.45,447.4,446.19,447.31,684169.0
2025-12-09 16:35:00+00:00,447.33,448.08,447.31,447.84,756245.0
2025-12-09 16:40:00+00:00,447.8103,448.1599,447.39,447.62,601963.0
2025-12-09 16:45:00+00:00,447.59,449.08,447.58,448.925,984990.0
2025-12-09 16:50:00+00:00,448.943,449.27,448.75,449.01,654376.0
2025-12-09 16:55:00+00:00,449.05,449.27,448.68,448.9095,547431.0
2025-12-09 17:00:00+00:00,448.89,449.9599,448.76,449.2905,915434.0
2025-12-09 17:05:00+00:00,449.3,449.99,449.16,449.5618,670731.0
2025-12-09 17:10:00+00:00,449.57,449.87,449.3301,449.58,447435.0
2025-12-09 17:15:00+00:00,449.58,449.9,449.21,449.355,582489.0
2025-12-09 17:20:00+00:00,449.38,449.75,449.09,449.4985,488531.0
2025-12-09 17:25:00+00:00,449.5,449.85,449.22,449.7205,399702.0
2025-12-09 17:30:00+00:00,449.74,450.71,449.71,450.27,1042566.0
2025-12-09 17:35:00+00:00,450.3,450.74,449.9,450.57,529133.0
2025-12-09 17:40:00+00:00,450.56,450.98,450.3,450.405,542023.0
2025-12-09 17:45:00+00:00,450.405,450.72,450.05,450.53,511460.0
2025-12-09 17:50:00+00:00,450.555,451.47,450.4601,451.38,720663.0
2025-12-09 17:55:00+00:00,451.3628,451.7899,451.15,451.73,614394.0
2025-12-09 18:00:00+00:00,451.74,452.39,451.525,452.07,717281.0
2025-12-09 18:05:00+00:00,452.08,452.17,451.57,451.735,548070.0
2025-12-09 18:10:00+00:00,451.74,451.8,450.73,450.89,666402.0
2025-12-09 18:15:00+00:00,450.91,451.2,450.65,450.995,552877.0
2025-12-09 18:20:00+00:00,450.995,451.02,450.45,450.7382,480677.0
2025-12-09 18:25:00+00:00,450.73,451.005,450.44,450.5265,443014.0
2025-12-09 18:30:00+00:00,450.5106,450.68,450.01,450.07,464752.0
2025-12-09 18:35:00+00:00,450.07,450.08,449.11,449.22,769436.0
2025-12-09 18:40:00+00:00,449.2,449.45,448.83,448.873,528332.0
2025-12-09 18:45:00+00:00,448.865,449.53,448.24,449.37,907897.0
2025-12-09 18:50:00+00:00,449.36,450.1999,449.06,450.0335,715228.0
2025-12-09 18:55:00+00:00,450.02,450.085,448.8901,448.8901,498874.0
2025-12-09 19:00:00+00:00,448.93,449.0999,448.17,448.612,643807.0
2025-12-09 19:05:00+00:00,448.63,449.45,448.38,449.435,563353.0
2025-12-09 19:10:00+00:00,449.4253,449.5999,448.72,449.08,419031.0
2025-12-09 19:15:00+00:00,449.07,449.1799,448.4401,449.1,357085.0
2025-12-09 19:20:00+00:00,449.1,449.38,448.94,449.115,471167.0
2025-12-09 19:25:00+00:00,449.1299,449.42,449.0752,449.21,287506.0
2025-12-09 19:30:00+00:00,449.22,449.34,448.96,449.11,276907.0
2025-12-09 19:35:00+00:00,449.085,449.1,448.57,448.913,373078.0
2025-12-09 19:40:00+00:00,448.888,448.939,447.84,448.0115,443492.0
2025-12-09 19:45:00+00:00,447.99,448.28,447.76,448.0,443331.0
2025-12-09 19:50:00+00:00,447.9901,448.64,447.95,448.47,434529.0
2025-12-09 19:55:00+00:00,448.4749,448.9795,448.4637,448.8,383696.0
2025-12-09 20:00:00+00:00,448.795,448.88,448.56,448.7699,232049.0
2025-12-09 20:05:00+00:00,448.74,448.85,448.38,448.592,322467.0
2025-12-09 20:10:00+00:00,448.58,448.5899,447.82,447.875,453304.0
2025-12-09 20:15:00+00:00,447.86,448.05,447.33,447.67,582203.0
2025-12-09 20:20:00+00:00,447.64,447.965,447.578,447.745,429443.0
2025-12-09 20:25:00+00:00,447.7457,447.79,446.87,447.26,599105.0
2025-12-09 20:30:00+00:00,447.25,447.25,446.5,446.7352,428095.0
2025-12-09 20:35:00+00:00,446.75,447.39,446.6935,447.1,495389.0
2025-12-09 20:40:00+00:00,447.1,447.7,446.96,447.655,360861.0
2025-12-09 20:45:00+00:00,447.64,447.73,446.95,447.04,523850.0
2025-12-09 20:50:00+00:00,447.04,447.63,446.66,447.0,797843.0
2025-12-09 20:55:00+00:00,447.04,447.045,445.0,445.21,1772251.0
2025-12-09 21:00:00+00:00,445.29,445.33,444.58,445.2,217695.0
2025-12-09 21:05:00+00:00,445.2,445.2,444.6,444.71,49802.0
2025-12-09 21:10:00+00:00,444.7199,444.92,444.59,444.78,31547.0
2025-12-09 21:15:00+00:00,444.84,444.9514,444.7,444.85,15764.0
2025-12-09 21:20:00+00:00,444.92,445.2,444.92,445.1055,22381.0
2025-12-09 21:25:00+00:00,445.11,445.14,444.83,444.831,13285.0
2025-12-09 21:30:00+00:00,444.8,445.0,444.8,444.89,11813.0
2025-12-09 21:35:00+00:00,444.8614,445.17,444.8606,445.17,14294.0
2025-12-09 21:40:00+00:00,445.14,445.25,444.89,444.93,20094.0
2025-12-09 21:45:00+00:00,444.881,444.97,444.8519,444.96,7793.0
2025-12-09 21:50:00+00:00,444.93,445.5,444.88,445.0,11218.0
2025-12-09 21:55:00+00:00,444.91,444.98,444.9,444.9225,8033.0
2025-12-09 22:00:00+00:00,444.93,444.95,444.86,444.9,11769.0
2025-12-09 22:05:00+00:00,444.91,444.95,444.91,444.93,6389.0
2025-12-09 22:10:00+00:00,444.95,444.95,444.88,444.88,5167.0
2025-12-09 22:15:00+00:00,444.87,444.87,444.75,444.78,6304.0
2025-12-09 22:20:00+00:00,444.7899,444.829,444.753,444.8,4264.0
2025-12-09 22:25:00+00:00,444.8,444.84,444.68,444.68,11922.0
2025-12-09 22:30:00+00:00,444.6799,444.9,444.6201,444.82,7363.0
2025-12-09 22:35:00+00:00,444.81,444.81,444.7,444.7438,9079.0
2025-12-09 22:40:00+00:00,444.742,444.79,444.7,444.76,3397.0
2025-12-09 22:45:00+00:00,444.77,445.08,444.75,445.08,12933.0
2025-12-09 22:50:00+00:00,445.1,445.14,445.0,445.1099,4363.0
2025-12-09 22:55:00+00:00,445.15,445.15,445.05,445.05,4696.0
2025-12-09 23:00:00+00:00,445.07,445.1,444.92,444.9202,4646.0
2025-12-09 23:05:00+00:00,444.95,445.0,444.92,444.92,2880.0
2025-12-09 23:10:00+00:00,444.92,444.92,444.8,444.87,3198.0
2025-12-09 23:15:00+00:00,444.96,445.02,444.92,445.0,2322.0
2025-12-09 23:20:00+00:00,445.0277,445.12,445.0117,445.12,4661.0
2025-12-09 23:25:00+00:00,445.11,445.15,445.1016,445.15,8383.0
2025-12-09 23:30:00+00:00,445.15,445.17,445.1,445.16,5022.0
2025-12-09 23:35:00+00:00,445.16,445.18,445.14,445.1799,4280.0
2025-12-09 23:40:00+00:00,445.18,445.2,445.14,445.1603,4404.0
2025-12-09 23:45:00+00:00,445.1796,445.4,445.15,445.3722,8131.0
2025-12-09 23:50:00+00:00,445.38,445.38,445.1103,445.1199,6538.0
2025-12-09 23:55:00+00:00,445.1101,445.2324,445.11,445.18,3294.0
2025-12-10 00:00:00+00:00,445.21,445.56,445.18,445.5,9156.0
2025-12-10 00:05:00+00:00,445.47,445.8,445.4016,445.8,11208.0
2025-12-10 00:10:00+00:00,445.8,445.9199,445.716,445.91,13250.0
2025-12-10 00:15:00+00:00,445.9,445.9262,445.68,445.82,10284.0
2025-12-10 00:20:00+00:00,445.79,445.9099,445.5501,445.69,9824.0
2025-12-10 00:25:00+00:00,445.66,445.85,445.6483,445.7973,15598.0
2025-12-10 00:30:00+00:00,445.7412,445.98,445.7412,445.98,7917.0
2025-12-10 00:35:00+00:00,445.979,445.98,445.85,445.8512,7772.0
2025-12-10 00:40:00+00:00,445.9197,445.96,445.86,445.95,3482.0
2025-12-10 00:45:00+00:00,445.9,445.9113,445.56,445.72,8889.0
2025-12-10 00:50:00+00:00,445.73,445.73,445.31,445.33,14925.0
2025-12-10 00:55:00+00:00,445.3,445.4955,445.0,445.4001,19915.0
2025-12-10 09:00:00+00:00,448.47,448.76,448.11,448.55,15565.0
2025-12-10 09:05:00+00:00,448.7,448.9,448.48,448.9,9247.0
2025-12-10 09:10:00+00:00,448.88,448.91,448.63,448.77,4704.0
2025-12-10 09:15:00+00:00,448.77,448.77,448.53,448.53,4628.0
2025-12-10 09:20:00+00:00,448.51,448.72,448.51,448.65,2796.0
2025-12-10 09:25:00+00:00,448.62,448.62,448.51,448.62,2374.0
2025-12-10 09:30:00+00:00,448.6,448.64,448.54,448.64,2530.0
2025-12-10 09:35:00+00:00,448.65,448.71,448.01,448.03,10443.0
2025-12-10 09:40:00+00:00,448.16,448.26,448.04,448.18,1781.0
2025-12-10 09:45:00+00:00,448.13,448.28,448.13,448.28,1970.0
2025-12-10 09:50:00+00:00,448.22,448.23,448.0,448.0,2613.0
2025-12-10 09:55:00+00:00,447.95,447.99,447.78,447.99,2474.0
2025-12-10 10:00:00+00:00,447.94,448.3,447.94,448.3,3295.0
2025-12-10 10:05:00+00:00,448.2,448.25,448.0,448.0,2964.0
2025-12-10 10:10:00+00:00,448.02,448.05,447.83,448.0,2812.0
2025-12-10 10:15:00+00:00,448.05,448.12,448.02,448.03,576.0
2025-12-10 10:20:00+00:00,448.07,448.07,447.8,447.8,3000.0
2025-12-10 10:25:00+00:00,447.7,447.71,447.11,447.34,8639.0
2025-12-10 10:30:00+00:00,447.1,447.66,446.82,447.5,15111.0
2025-12-10 10:35:00+00:00,447.57,447.59,447.5,447.55,1609.0
2025-12-10 10:40:00+00:00,447.5,447.8,447.5,447.79,6048.0
2025-12-10 10:45:00+00:00,447.68,447.79,447.51,447.55,3655.0
2025-12-10 10:50:00+00:00,447.55,447.55,447.4,447.45,2005.0
2025-12-10 10:55:00+00:00,447.51,447.83,447.43,447.5,7231.0
2025-12-10 11:00:00+00:00,447.4,448.0,447.21,447.48,4211.0
2025-12-10 11:05:00+00:00,447.47,447.47,447.26,447.4,3055.0
2025-12-10 11:10:00+00:00,447.4,447.8,447.4,447.8,5614.0
2025-12-10 11:15:00+00:00,447.9,447.94,447.75,447.79,1599.0
2025-12-10 11:20:00+00:00,447.7,447.76,447.6,447.74,2615.0
2025-12-10 11:25:00+00:00,447.83,448.0,447.81,448.0,4422.0
2025-12-10 11:30:00+00:00,447.79,448.11,447.79,448.11,2015.0
2025-12-10 11:35:00+00:00,448.15,448.4,448.15,448.3,5455.0
2025-12-10 11:40:00+00:00,448.4,448.5,448.06,448.2,9361.0
2025-12-10 11:45:00+00:00,448.17,448.2,448.08,448.13,1772.0
2025-12-10 11:50:00+00:00,448.06,448.17,447.87,447.87,4348.0
2025-12-10 11:55:00+00:00,447.89,447.95,447.82,447.82,1347.0
2025-12-10 12:00:00+00:00,447.73,447.88,446.93,446.93,26437.0
2025-12-10 12:05:00+00:00,446.9,447.2,446.3,446.84,21630.0
2025-12-10 12:10:00+00:00,446.8,446.85,446.53,446.61,6458.0
2025-12-10 12:15:00+00:00,446.6,446.68,446.44,446.65,9181.0
2025-12-10 12:20:00+00:00,446.62,446.9,446.62,446.8,6464.0
2025-12-10 12:25:00+00:00,446.79,447.01,446.79,447.01,4653.0
2025-12-10 12:30:00+00:00,447.02,447.06,446.78,446.81,5637.0
2025-12-10 12:35:00+00:00,446.74,446.74,446.59,446.59,5803.0
2025-12-10 12:40:00+00:00,446.5,446.61,446.44,446.6,6508.0
2025-12-10 12:45:00+00:00,446.6,446.8,446.55,446.69,5886.0
2025-12-10 12:50:00+00:00,446.63,446.7,446.63,446.65,4999.0
2025-12-10 12:55:00+00:00,446.62,446.7,446.54,446.7,3527.0
2025-12-10 13:00:00+00:00,446.7,448.91,446.31,446.83,343637.0
2025-12-10 13:05:00+00:00,446.81,447.38,446.8,447.16,62274.0
2025-12-10 13:10:00+00:00,447.27,447.6,447.1113,447.4846,14084.0
2025-12-10 13:15:00+00:00,447.43,447.43,447.165,447.26,8494.0
2025-12-10 13:20:00+00:00,447.3,447.7,447.3,447.678,13045.0
2025-12-10 13:25:00+00:00,447.7,447.75,447.25,447.49,16221.0
2025-12-10 13:30:00+00:00,447.47,447.5381,447.0,447.1,15641.0
2025-12-10 13:35:00+00:00,447.14,447.4801,447.0754,447.43,12663.0
2025-12-10 13:40:00+00:00,447.4309,447.4894,447.2,447.29,10495.0
2025-12-10 13:45:00+00:00,447.21,447.49,447.1001,447.18,10289.0
2025-12-10 13:50:00+00:00,447.3936,447.3999,447.2,447.28,6283.0
2025-12-10 13:55:00+00:00,447.3281,447.45,447.2,447.2002,11752.0
2025-12-10 14:00:00+00:00,447.27,447.34,446.8,447.22,20131.0
2025-12-10 14:05:00+00:00,447.15,447.23,446.8,447.06,16454.0
2025-12-10 14:10:00+00:00,447.01,447.35,447.01,447.2015,17313.0
2025-12-10 14:15:00+00:00,447.24,447.24,446.8,447.0,13738.0
2025-12-10 14:20:00+00:00,447.05,447.38,447.0002,447.2018,16501.0
2025-12-10 14:25:00+00:00,447.2,447.38,445.96,446.0,69276.0
2025-12-10 14:30:00+00:00,446.065,449.74,444.27,449.36,2281055.0
2025-12-10 14:35:00+00:00,449.4,450.2,446.1,446.33,1898420.0
2025-12-10 14:40:00+00:00,446.35,447.33,445.38,446.27,1289587.0
2025-12-10 14:45:00+00:00,446.25,446.98,445.53,445.81,791427.0
2025-12-10 14:50:00+00:00,445.815,446.0664,443.8,444.76,1331693.0
2025-12-10 14:55:00+00:00,444.73,445.38,443.61,445.2,1025918.0
2025-12-10 15:00:00+00:00,445.17,445.1899,443.88,444.28,800265.0
2025-12-10 15:05:00+00:00,444.31,445.88,444.05,445.1901,873575.0
2025-12-10 15:10:00+00:00,445.23,445.58,444.45,445.04,661328.0
2025-12-10 15:15:00+00:00,445.06,446.94,444.85,446.56,922809.0
2025-12-10 15:20:00+00:00,446.5,446.82,445.93,446.41,652515.0
2025-12-10 15:25:00+00:00,446.4385,446.89,445.05,445.97,727716.0
2025-12-10 15:30:00+00:00,445.92,445.9713,444.0,444.3091,740727.0
2025-12-10 15:35:00+00:00,444.285,445.14,444.01,445.0769,747955.0
2025-12-10 15:40:00+00:00,445.0748,445.52,444.31,444.945,611090.0
2025-12-10 15:45:00+00:00,444.93,446.54,444.63,446.47,662963.0
2025-12-10 15:50:00+00:00,446.48,446.49,445.5595,445.618,454461.0
2025-12-10 15:55:00+00:00,445.6,445.65,444.74,444.94,499560.0
2025-12-10 16:00:00+00:00,444.96,445.06,444.35,444.79,456030.0
2025-12-10 16:05:00+00:00,444.84,445.48,444.74,445.2385,435962.0
2025-12-10 16:10:00+00:00,445.245,446.08,445.245,446.06,469445.0
2025-12-10 16:15:00+00:00,446.1,447.2499,445.95,446.83,690511.0
2025-12-10 16:20:00+00:00,446.84,446.96,446.23,446.28,457353.0
2025-12-10 16:25:00+00:00,446.27,446.67,445.77,446.0442,441509.0
2025-12-10 16:30:00+00:00,446.06,446.1425,445.55,445.92,329147.0
2025-12-10 16:35:00+00:00,445.9,446.4899,445.75,446.185,397483.0
2025-12-10 16:40:00+00:00,446.185,446.185,445.175,445.6001,362629.0
2025-12-10 16:45:00+00:00,445.66,445.94,445.19,445.94,309181.0
2025-12-10 16:50:00+00:00,445.94,446.1725,445.71,446.11,283119.0
2025-12-10 16:55:00+00:00,446.125,446.44,445.96,446.1,290042.0
2025-12-10 17:00:00+00:00,446.05,446.32,445.85,446.1566,202204.0
2025-12-10 17:05:00+00:00,446.13,446.2972,445.92,446.16,278856.0
2025-12-10 17:10:00+00:00,446.18,446.44,445.55,445.65,351494.0
2025-12-10 17:15:00+00:00,445.61,445.9699,445.4,445.7083,350266.0
2025-12-10 17:20:00+00:00,445.7,446.04,445.5001,445.95,231661.0
2025-12-10 17:25:00+00:00,445.97,446.0,444.9675,445.0102,290452.0
2025-12-10 17:30:00+00:00,444.98,445.12,444.55,444.849,389570.0
2025-12-10 17:35:00+00:00,444.87,445.41,444.83,445.198,341532.0
2025-12-10 17:40:00+00:00,445.17,445.53,445.04,445.4999,243455.0
2025-12-10 17:45:00+00:00,445.465,445.72,445.31,445.55,309315.0
2025-12-10 17:50:00+00:00,445.555,446.0416,445.54,445.7397,349139.0
2025-12-10 17:55:00+00:00,445.76,446.4,445.76,445.99,319858.0
2025-12-10 18:00:00+00:00,445.9,445.98,445.5,445.7614,223886.0
2025-12-10 18:05:00+00:00,445.74,446.21,445.63,445.86,214766.0
2025-12-10 18:10:00+00:00,445.85,446.63,445.76,446.32,336717.0
2025-12-10 18:15:00+00:00,446.31,446.43,445.9,446.0725,197923.0
2025-12-10 18:20:00+00:00,446.03,446.03,445.6,445.7706,234238.0
2025-12-10 18:25:00+00:00,445.7999,445.84,445.06,445.426,294567.0
2025-12-10 18:30:00+00:00,445.42,445.92,445.06,445.76,332069.0
2025-12-10 18:35:00+00:00,445.8,446.05,445.2,445.29,265083.0
2025-12-10 18:40:00+00:00,445.2345,445.479,444.75,445.005,373919.0
2025-12-10 18:45:00+00:00,445.0,445.51,444.87,445.35,231879.0
2025-12-10 18:50:00+00:00,445.34,445.5899,444.83,444.905,237971.0
2025-12-10 18:55:00+00:00,444.88,445.44,444.28,445.11,370144.0
2025-12-10 19:00:00+00:00,445.04,447.94,444.84,445.72,1321113.0
2025-12-10 19:05:00+00:00,445.74,449.08,445.57,448.5705,1475342.0
2025-12-10 19:10:00+00:00,448.62,449.08,447.7,448.24,1073953.0
2025-12-10 19:15:00+00:00,448.24,449.91,448.1704,449.1,1162754.0
2025-12-10 19:20:00+00:00,449.1599,449.35,447.7,447.89,693172.0
2025-12-10 19:25:00+00:00,447.8805,448.4,447.15,447.902,713658.0
2025-12-10 19:30:00+00:00,447.9,450.03,447.71,449.84,1453726.0
2025-12-10 19:35:00+00:00,449.845,451.6,448.38,449.37,1464674.0
2025-12-10 19:40:00+00:00,449.35,449.5099,446.66,447.83,1138948.0
2025-12-10 19:45:00+00:00,447.72,449.25,447.66,448.26,667225.0
2025-12-10 19:50:00+00:00,448.23,450.67,447.88,450.1414,987308.0
2025-12-10 19:55:00+00:00,450.15,452.1299,450.09,451.92,1261094.0
2025-12-10 20:00:00+00:00,451.89,453.0,451.1,452.92,1233936.0
2025-12-10 20:05:00+00:00,452.8968,453.71,452.1701,453.33,1268327.0
2025-12-10 20:10:00+00:00,453.35,455.8365,452.85,455.4073,1563294.0
2025-12-10 20:15:00+00:00,455.43,456.31,455.0,455.98,1214763.0
2025-12-10 20:20:00+00:00,456.0,456.5,454.64,455.49,1384385.0
2025-12-10 20:25:00+00:00,455.52,456.88,455.16,456.1797,1009669.0
2025-12-10 20:30:00+00:00,456.1,456.27,455.32,455.79,805799.0
2025-12-10 20:35:00+00:00,455.805,456.19,455.35,455.5875,748582.0
2025-12-10 20:40:00+00:00,455.6,455.89,454.9,455.015,970224.0
2025-12-10 20:45:00+00:00,455.01,455.48,454.55,455.13,890729.0
2025-12-10 20:50:00+00:00,455.1254,455.56,453.44,454.15,1105173.0
2025-12-10 20:55:00+00:00,454.12,454.3,451.18,451.435,2208602.0
2025-12-10 21:00:00+00:00,451.45,451.99,449.59,450.25,340598.0
2025-12-10 21:05:00+00:00,450.225,450.7,448.1,449.65,155372.0
2025-12-10 21:10:00+00:00,449.76,451.45,449.13,450.5999,69788.0
2025-12-10 21:15:00+00:00,450.5991,451.25,450.49,450.74,72673.0
2025-12-10 21:20:00+00:00,450.56,451.25,450.56,450.89,32557.0
2025-12-10 21:25:00+00:00,450.906,451.37,450.8,451.2714,27041.0
2025-12-10 21:30:00+00:00,451.2803,451.43,450.8,450.85,23119.0
2025-12-10 21:35:00+00:00,450.83,451.15,450.8,451.0,12093.0
2025-12-10 21:40:00+00:00,450.93,451.45,450.9,451.24,16775.0
2025-12-10 21:45:00+00:00,451.16,451.45,450.44,450.61,26460.0
2025-12-10 21:50:00+00:00,450.64,450.8,450.5019,450.7,13319.0
2025-12-10 21:55:00+00:00,450.6,451.45,450.5,450.5,16387.0
2025-12-10 22:00:00+00:00,450.51,450.77,450.4,450.54,17180.0
2025-12-10 22:05:00+00:00,450.77,450.8,450.52,450.7,8611.0
2025-12-10 22:10:00+00:00,450.7,450.7,450.5,450.53,12103.0
2025-12-10 22:15:00+00:00,450.51,450.55,449.76,449.82,50213.0
2025-12-10 22:20:00+00:00,449.87,449.87,449.34,449.6101,30302.0
2025-12-10 22:25:00+00:00,449.61,449.69,449.21,449.47,23186.0
2025-12-10 22:30:00+00:00,449.5991,449.6,449.0,449.1,25245.0
2025-12-10 22:35:00+00:00,449.06,449.35,449.01,449.02,7432.0
2025-12-10 22:40:00+00:00,449.02,449.25,449.02,449.2088,11214.0
2025-12-10 22:45:00+00:00,449.22,449.22,449.12,449.21,6520.0
2025-12-10 22:50:00+00:00,449.21,449.78,449.19,449.65,22222.0
2025-12-10 22:55:00+00:00,449.62,450.22,449.61,450.22,15681.0
2025-12-10 23:00:00+00:00,450.26,450.39,449.8,449.8795,18226.0
2025-12-10 23:05:00+00:00,449.99,450.22,449.85,450.2,4833.0
2025-12-10 23:10:00+00:00,450.12,450.1926,449.6551,449.6727,5743.0
2025-12-10 23:15:00+00:00,449.72,449.92,449.2745,449.3,14310.0
2025-12-10 23:20:00+00:00,449.52,449.7,449.2,449.38,4946.0
2025-12-10 23:25:00+00:00,449.3,449.48,449.21,449.39,4200.0
2025-12-10 23:30:00+00:00,449.38,449.5692,449.38,449.39,4415.0
2025-12-10 23:35:00+00:00,449.37,449.58,449.35,449.49,4542.0
2025-12-10 23:40:00+00:00,449.49,449.95,449.49,449.7,3177.0
2025-12-10 23:45:00+00:00,449.7,449.81,449.2,449.2,19625.0
2025-12-10 23:50:00+00:00,449.2,449.36,449.15,449.36,6144.0
2025-12-10 23:55:00+00:00,449.45,449.55,449.22,449.3,5635.0
2025-12-11 00:00:00+00:00,449.22,449.3,448.69,448.69,25803.0
2025-12-11 00:05:00+00:00,448.7,449.2271,448.6511,449.03,8980.0
2025-12-11 00:10:00+00:00,449.02,449.04,448.85,449.03,9159.0
2025-12-11 00:15:00+00:00,449.14,449.23,448.88,448.88,3247.0
2025-12-11 00:20:00+00:00,448.9099,449.0,448.88,449.0,1458.0
2025-12-11 00:25:00+00:00,449.0995,449.15,448.88,449.0101,4643.0
2025-12-11 00:30:00+00:00,449.15,449.19,449.01,449.05,3776.0
2025-12-11 00:35:00+00:00,449.05,449.05,448.85,448.85,5767.0
2025-12-11 00:40:00+00:00,448.88,449.01,448.82,448.93,10145.0
2025-12-11 00:45:00+00:00,448.93,448.9301,448.27,448.27,19398.0
2025-12-11 00:50:00+00:00,448.3,448.5,448.27,448.4,14646.0
2025-12-11 00:55:00+00:00,448.4,448.5,448.308,448.5,20456.0
2025-12-11 09:00:00+00:00,445.6,446.76,445.6,446.59,22955.0
2025-12-11 09:05:00+00:00,446.47,446.88,446.28,446.28,11066.0
2025-12-11 09:10:00+00:00,446.22,446.74,446.06,446.39,6755.0
2025-12-11 09:15:00+00:00,446.5,446.78,446.31,446.78,8197.0
2025-12-11 09:20:00+00:00,446.69,447.88,446.69,447.66,13287.0
2025-12-11 09:25:00+00:00,447.62,447.68,447.07,447.57,13820.0
2025-12-11 09:30:00+00:00,447.64,447.75,447.21,447.32,4419.0
2025-12-11 09:35:00+00:00,447.34,447.71,447.25,447.31,4261.0
2025-12-11 09:40:00+00:00,447.4,447.4,447.22,447.25,5841.0
2025-12-11 09:45:00+00:00,447.22,447.63,447.22,447.63,3412.0
2025-12-11 09:50:00+00:00,447.71,448.0,447.59,447.83,13580.0
2025-12-11 09:55:00+00:00,447.64,447.64,447.19,447.19,3856.0
2025-12-11 10:00:00+00:00,447.23,447.45,447.18,447.25,4592.0
2025-12-11 10:05:00+00:00,447.22,447.44,446.78,446.88,8583.0
2025-12-11 10:10:00+00:00,446.76,447.25,446.72,447.2,3420.0
2025-12-11 10:15:00+00:00,447.34,447.8,447.12,447.13,8132.0
2025-12-11 10:20:00+00:00,447.05,447.17,446.92,446.95,4449.0
2025-12-11 10:25:00+00:00,446.99,447.15,446.97,447.0,5821.0
2025-12-11 10:30:00+00:00,447.1,447.1,446.57,446.65,4641.0
2025-12-11 10:35:00+00:00,446.53,446.75,446.52,446.75,1951.0
2025-12-11 10:40:00+00:00,446.7,446.8,446.66,446.8,1496.0
2025-12-11 10:45:00+00:00,446.98,447.0,446.9,446.9,830.0
2025-12-11 10:50:00+00:00,446.83,447.6,446.83,447.6,8267.0
2025-12-11 10:55:00+00:00,447.52,447.67,447.39,447.39,2234.0
2025-12-11 11:00:00+00:00,447.28,447.31,447.28,447.28,1487.0
2025-12-11 11:05:00+00:00,447.39,447.79,447.39,447.68,3051.0
2025-12-11 11:10:00+00:00,447.73,447.73,447.5,447.61,2328.0
2025-12-11 11:15:00+00:00,447.74,447.8,447.72,447.8,1465.0
2025-12-11 11:20:00+00:00,447.73,447.73,447.0,447.53,12712.0
2025-12-11 11:25:00+00:00,447.49,448.0,447.48,448.0,5750.0
2025-12-11 11:30:00+00:00,447.92,447.98,447.53,447.53,4341.0
2025-12-11 11:35:00+00:00,447.54,447.9,447.54,447.85,1568.0
2025-12-11 11:40:00+00:00,447.7,447.85,447.6,447.85,5289.0
2025-12-11 11:45:00+00:00,447.89,448.83,447.73,448.7,16096.0
2025-12-11 11:50:00+00:00,448.69,448.81,448.32,448.47,5294.0
2025-12-11 11:55:00+00:00,448.43,448.48,448.05,448.05,7528.0
2025-12-11 12:00:00+00:00,448.05,448.5,447.79,448.5,24416.0
2025-12-11 12:05:00+00:00,448.42,448.42,447.77,448.06,18527.0
2025-12-11 12:10:00+00:00,448.25,448.8,448.25,448.8,8648.0
2025-12-11 12:15:00+00:00,448.8,448.82,448.26,448.39,8478.0
2025-12-11 12:20:00+00:00,448.6,448.9,448.53,448.82,20309.0
2025-12-11 12:25:00+00:00,448.82,448.84,448.53,448.67,8758.0
2025-12-11 12:30:00+00:00,448.65,449.5,448.64,449.4,18729.0
2025-12-11 12:35:00+00:00,449.3,449.71,449.15,449.71,19725.0
2025-12-11 12:40:00+00:00,449.73,449.91,449.09,449.19,21601.0
2025-12-11 12:45:00+00:00,449.19,449.5,448.96,449.27,16886.0
2025-12-11 12:50:00+00:00,449.37,449.37,448.88,448.91,10904.0
2025-12-11 12:55:00+00:00,448.95,449.25,448.77,449.0,14316.0
2025-12-11 13:00:00+00:00,448.12,449.94,444.02,448.62,357825.0
2025-12-11 13:05:00+00:00,448.5486,448.75,448.2837,448.42,12143.0
2025-12-11 13:10:00+00:00,448.4,448.55,448.3,448.3018,15592.0
2025-12-11 13:15:00+00:00,448.36,448.49,448.29,448.3858,9305.0
2025-12-11 13:20:00+00:00,448.32,448.39,448.15,448.24,22506.0
2025-12-11 13:25:00+00:00,448.2,448.6,448.023,448.44,18324.0
2025-12-11 13:30:00+00:00,448.44,448.79,448.03,448.03,30368.0
2025-12-11 13:35:00+00:00,448.06,448.15,447.55,447.93,32003.0
2025-12-11 13:40:00+00:00,447.7704,447.95,447.0,447.3,28867.0
2025-12-11 13:45:00+00:00,447.3,447.7378,447.1,447.68,22434.0
2025-12-11 13:50:00+00:00,447.55,447.9866,447.4104,447.8597,20914.0
2025-12-11 13:55:00+00:00,447.81,447.9,447.28,447.62,38279.0
2025-12-11 14:00:00+00:00,447.66,447.9,447.38,447.85,16400.0
2025-12-11 14:05:00+00:00,447.87,448.12,447.68,448.02,24102.0
2025-12-11 14:10:00+00:00,448.1,449.01,448.07,448.71,50919.0
2025-12-11 14:15:00+00:00,448.8,448.89,448.25,448.62,31030.0
2025-12-11 14:20:00+00:00,448.6146,449.13,448.5,448.6,31477.0
2025-12-11 14:25:00+00:00,448.7,449.07,448.54,448.89,25817.0
2025-12-11 14:30:00+00:00,448.945,449.2699,445.8902,446.196,1852784.0
2025-12-11 14:35:00+00:00,446.1969,447.8,444.79,445.07,1607283.0
2025-12-11 14:40:00+00:00,445.0,445.82,444.3,445.655,1190410.0
2025-12-11 14:45:00+00:00,445.655,446.49,443.03,443.235,1781479.0
2025-12-11 14:50:00+00:00,443.195,443.7001,441.61,441.8385,1606882.0
2025-12-11 14:55:00+00:00,441.8524,442.77,441.05,441.805,1252290.0
2025-12-11 15:00:00+00:00,441.76,442.98,441.32,442.61,1168278.0
2025-12-11 15:05:00+00:00,442.615,444.15,442.4301,444.05,1143323.0
2025-12-11 15:10:00+00:00,444.08,444.48,443.1,443.53,991988.0
2025-12-11 15:15:00+00:00,443.52,444.57,442.7175,444.54,903870.0
2025-12-11 15:20:00+00:00,444.56,446.47,444.43,446.109,1337542.0
2025-12-11 15:25:00+00:00,446.06,446.06,444.21,444.24,987111.0
2025-12-11 15:30:00+00:00,444.2406,444.56,443.16,443.89,992302.0
2025-12-11 15:35:00+00:00,443.89,444.11,443.0,443.295,579425.0
2025-12-11 15:40:00+00:00,443.27,443.3099,441.74,442.07,797044.0
2025-12-11 15:45:00+00:00,442.0694,442.83,440.75,441.16,1075965.0
2025-12-11 15:50:00+00:00,441.16,441.757,440.33,441.625,1011290.0
2025-12-11 15:55:00+00:00,441.65,442.52,441.538,442.15,833283.0
2025-12-11 16:00:00+00:00,442.14,443.18,441.56,442.87,660938.0
2025-12-11 16:05:00+00:00,442.88,443.16,441.19,441.46,713325.0
2025-12-11 16:10:00+00:00,441.48,441.9899,440.91,441.68,554520.0
2025-12-11 16:15:00+00:00,441.65,441.97,441.28,441.55,414996.0
2025-12-11 16:20:00+00:00,441.59,443.11,441.235,443.11,666365.0
2025-12-11 16:25:00+00:00,443.11,443.18,441.14,441.47,572838.0
2025-12-11 16:30:00+00:00,441.47,442.53,441.4,442.38,481682.0
2025-12-11 16:35:00+00:00,442.41,443.51,442.34,443.2844,658334.0
2025-12-11 16:40:00+00:00,443.25,444.9892,443.09,444.31,917419.0
2025-12-11 16:45:00+00:00,444.4,445.23,444.2283,444.2503,665362.0
2025-12-11 16:50:00+00:00,444.25,444.32,442.85,443.0,514999.0
2025-12-11 16:55:00+00:00,443.0005,443.165,442.3401,443.0,477453.0
2025-12-11 17:00:00+00:00,443.0,444.16,442.88,443.85,526939.0
2025-12-11 17:05:00+00:00,443.91,444.13,443.22,443.33,361946.0
2025-12-11 17:10:00+00:00,443.36,444.35,443.36,443.8938,488182.0
2025-12-11 17:15:00+00:00,443.85,444.16,443.4,444.06,353241.0
2025-12-11 17:20:00+00:00,444.08,444.915,444.05,444.685,451535.0
2025-12-11 17:25:00+00:00,444.7,445.1799,444.41,444.541,419489.0
2025-12-11 17:30:00+00:00,444.61,445.53,444.577,445.52,447462.0
2025-12-11 17:35:00+00:00,445.54,445.86,445.17,445.59,480944.0
2025-12-11 17:40:00+00:00,445.56,446.09,445.52,446.02,449337.0
2025-12-11 17:45:00+00:00,446.018,446.1,445.23,445.68,485122.0
2025-12-11 17:50:00+00:00,445.6601,446.77,445.27,446.7436,660386.0
2025-12-11 17:55:00+00:00,446.73,446.83,445.55,446.31,506373.0
2025-12-11 18:00:00+00:00,446.28,447.28,446.0,447.0902,659902.0
2025-12-11 18:05:00+00:00,447.11,447.28,446.5,447.09,556237.0
2025-12-11 18:10:00+00:00,447.085,447.3799,446.65,446.755,441330.0
2025-12-11 18:15:00+00:00,446.79,446.8,446.03,446.595,505161.0
2025-12-11 18:20:00+00:00,446.59,446.94,446.2,446.43,477799.0
2025-12-11 18:25:00+00:00,446.38,446.5175,445.65,446.14,418293.0
2025-12-11 18:30:00+00:00,446.125,446.3799,445.64,446.0401,321484.0
2025-12-11 18:35:00+00:00,446.1,447.04,446.05,447.025,450346.0
2025-12-11 18:40:00+00:00,447.01,447.6463,446.9,447.48,517325.0
2025-12-11 18:45:00+00:00,447.5,447.7,446.9,447.16,402755.0
2025-12-11 18:50:00+00:00,447.21,447.22,446.35,446.475,390340.0
2025-12-11 18:55:00+00:00,446.5,446.85,446.25,446.45,239210.0
2025-12-11 19:00:00+00:00,446.4103,447.37,446.39,447.1,469132.0
2025-12-11 19:05:00+00:00,447.11,447.15,445.93,446.425,370088.0
2025-12-11 19:10:00+00:00,446.44,446.65,446.01,446.495,322389.0
2025-12-11 19:15:00+00:00,446.52,447.3,446.42,447.165,343909.0
2025-12-11 19:20:00+00:00,447.17,447.77,446.95,447.56,471886.0
2025-12-11 19:25:00+00:00,447.56,447.62,447.25,447.42,251525.0
2025-12-11 19:30:00+00:00,447.43,447.57,447.04,447.1861,300495.0
2025-12-11 19:35:00+00:00,447.1855,448.05,447.16,447.5558,471684.0
2025-12-11 19:40:00+00:00,447.565,447.87,447.4601,447.58,232945.0
2025-12-11 19:45:00+00:00,447.585,447.77,447.225,447.66,366329.0
2025-12-11 19:50:00+00:00,447.66,447.85,445.76,445.98,620408.0
2025-12-11 19:55:00+00:00,445.98,447.07,445.85,446.61,574727.0
2025-12-11 20:00:00+00:00,446.62,446.99,446.6046,446.7932,241127.0
2025-12-11 20:05:00+00:00,446.795,446.82,446.2,446.72,248049.0
2025-12-11 20:10:00+00:00,446.76,446.77,446.28,446.32,244655.0
2025-12-11 20:15:00+00:00,446.31,446.5983,445.5,445.5268,390309.0
2025-12-11 20:20:00+00:00,445.53,446.05,445.4,445.56,396709.0
2025-12-11 20:25:00+00:00,445.5504,445.59,444.51,444.985,670217.0
2025-12-11 20:30:00+00:00,444.98,445.1399,444.18,445.015,566656.0
2025-12-11 20:35:00+00:00,445.03,445.27,444.6101,445.22,429829.0
2025-12-11 20:40:00+00:00,445.205,445.97,444.5,445.26,799522.0
2025-12-11 20:45:00+00:00,445.27,446.21,445.24,445.76,510431.0
2025-12-11 20:50:00+00:00,445.76,446.53,445.72,445.7801,659950.0
2025-12-11 20:55:00+00:00,445.84,447.0,445.84,446.94,1167949.0
2025-12-11 21:00:00+00:00,446.89,447.0,446.55,446.9,129594.0
2025-12-11 21:05:00+00:00,446.95,447.37,446.82,447.28,51528.0
2025-12-11 21:10:00+00:00,447.3186,447.3199,446.8858,446.89,26403.0
2025-12-11 21:15:00+00:00,446.98,447.8,446.85,447.5111,71424.0
2025-12-11 21:20:00+00:00,447.51,447.78,447.35,447.35,28459.0
2025-12-11 21:25:00+00:00,447.4408,447.8,447.4,447.65,20858.0
2025-12-11 21:30:00+00:00,447.7,447.89,447.67,447.85,23409.0
2025-12-11 21:35:00+00:00,447.87,447.9,447.65,447.7,22584.0
2025-12-11 21:40:00+00:00,447.69,447.8361,447.42,447.46,23664.0
2025-12-11 21:45:00+00:00,447.43,447.5,447.13,447.42,24850.0
2025-12-11 21:50:00+00:00,447.45,447.8,447.373,447.66,19508.0
2025-12-11 21:55:00+00:00,447.6799,447.6799,447.48,447.55,8924.0
2025-12-11 22:00:00+00:00,447.52,447.6,447.5,447.5,9892.0
2025-12-11 22:05:00+00:00,447.53,447.55,447.1201,447.2513,11416.0
2025-12-11 22:10:00+00:00,447.3,447.49,447.136,447.17,8989.0
2025-12-11 22:15:00+00:00,447.16,447.4,446.55,446.5515,25602.0
2025-12-11 22:20:00+00:00,446.59,446.89,446.1,446.2,35896.0
2025-12-11 22:25:00+00:00,446.3,446.34,445.5004,445.5493,28195.0
2025-12-11 22:30:00+00:00,445.5,446.5,445.5,445.76,18823.0
2025-12-11 22:35:00+00:00,445.75,446.34,445.58,446.27,18605.0
2025-12-11 22:40:00+00:00,446.2192,446.24,445.39,445.52,22390.0
2025-12-11 22:45:00+00:00,445.51,445.53,445.34,445.37,16834.0
2025-12-11 22:50:00+00:00,445.38,446.11,445.35,446.0001,16331.0
2025-12-11 22:55:00+00:00,445.99,446.11,445.99,446.01,7488.0
2025-12-11 23:00:00+00:00,446.01,446.99,446.01,446.74,16888.0
2025-12-11 23:05:00+00:00,446.65,446.7988,446.25,446.25,10202.0
2025-12-11 23:10:00+00:00,446.27,446.48,446.01,446.1011,5812.0
2025-12-11 23:15:00+00:00,446.1,446.4499,445.9,446.4499,15192.0
2025-12-11 23:20:00+00:00,446.35,446.35,445.9,445.9,5417.0
2025-12-11 23:25:00+00:00,445.901,446.0,445.9,446.0,5603.0
2025-12-11 23:30:00+00:00,446.0,446.05,445.9,445.9,7027.0
2025-12-11 23:35:00+00:00,445.89,446.0,445.75,445.75,3394.0
2025-12-11 23:40:00+00:00,445.76,445.9,445.7102,445.9,4486.0
2025-12-11 23:45:00+00:00,445.91,446.1,445.71,446.0999,7034.0
2025-12-11 23:50:00+00:00,446.1197,446.2,446.0201,446.08,4796.0
2025-12-11 23:55:00+00:00,446.1,446.13,446.0,446.05,6726.0
2025-12-12 00:00:00+00:00,446.0,446.0,445.75,445.75,2963.0
2025-12-12 00:05:00+00:00,445.7122,445.9,445.7122,445.75,2983.0
2025-12-12 00:10:00+00:00,445.9,445.9,445.6,445.75,6833.0
2025-12-12 00:15:00+00:00,445.8,445.85,445.76,445.81,4468.0
2025-12-12 00:20:00+00:00,445.86,445.95,445.85,445.94,8072.0
2025-12-12 00:25:00+00:00,445.81,445.84,445.75,445.81,5076.0
2025-12-12 00:30:00+00:00,445.85,445.89,445.75,445.8156,5022.0
2025-12-12 00:35:00+00:00,445.9,446.13,445.8,446.13,5932.0
2025-12-12 00:40:00+00:00,446.12,446.13,446.0,446.0,3076.0
2025-12-12 00:45:00+00:00,446.06,446.06,445.9001,445.95,5089.0
2025-12-12 00:50:00+00:00,445.9112,446.0,445.68,445.7,10955.0
2025-12-12 00:55:00+00:00,445.69,446.0,445.69,446.0,8624.0
2025-12-12 09:00:00+00:00,447.0,447.5,446.3,446.36,14085.0
2025-12-12 09:05:00+00:00,446.5,446.55,445.83,445.95,7375.0
2025-12-12 09:10:00+00:00,445.92,446.5,445.92,446.36,6838.0
2025-12-12 09:15:00+00:00,446.36,446.37,446.21,446.31,1877.0
2025-12-12 09:20:00+00:00,446.24,446.24,446.0,446.23,4551.0
2025-12-12 09:25:00+00:00,446.2,446.23,445.06,445.12,10478.0
2025-12-12 09:30:00+00:00,446.0,446.0,445.48,445.61,2399.0
2025-12-12 09:35:00+00:00,445.65,445.98,445.21,445.21,3537.0
2025-12-12 09:40:00+00:00,445.42,445.6,445.24,445.33,5364.0
2025-12-12 09:45:00+00:00,445.36,445.55,445.2,445.36,3326.0
2025-12-12 09:50:00+00:00,445.44,445.56,445.44,445.45,1577.0
2025-12-12 09:55:00+00:00,445.5,445.6,445.5,445.55,609.0
2025-12-12 10:00:00+00:00,445.6,445.72,445.47,445.58,2405.0
2025-12-12 10:05:00+00:00,445.63,446.2,445.2,446.19,7318.0
2025-12-12 10:10:00+00:00,446.2,446.2,446.12,446.2,762.0
2025-12-12 10:15:00+00:00,446.12,446.12,446.0,446.0,2362.0
2025-12-12 10:20:00+00:00,446.0,446.07,446.0,446.04,2885.0
2025-12-12 10:25:00+00:00,446.02,446.1,445.97,446.08,1332.0
2025-12-12 10:30:00+00:00,446.09,446.1,445.2,445.26,8533.0
2025-12-12 10:35:00+00:00,445.46,445.46,445.19,445.31,2272.0
2025-12-12 10:40:00+00:00,445.34,445.64,445.34,445.64,832.0
2025-12-12 10:45:00+00:00,445.68,445.81,445.68,445.72,2204.0
2025-12-12 10:50:00+00:00,445.71,445.81,445.65,445.81,1695.0
2025-12-12 10:55:00+00:00,445.78,445.82,445.75,445.75,928.0
2025-12-12 11:00:00+00:00,445.7,446.26,445.7,446.14,8285.0
2025-12-12 11:05:00+00:00,446.05,446.06,446.05,446.05,406.0
2025-12-12 11:10:00+00:00,445.88,446.0,445.86,446.0,297.0
2025-12-12 11:15:00+00:00,446.05,446.05,446.05,446.05,370.0
2025-12-12 11:20:00+00:00,446.23,446.3,446.0,446.16,2620.0
2025-12-12 11:25:00+00:00,446.2,446.23,446.0,446.0,1684.0
2025-12-12 11:30:00+00:00,446.01,446.39,446.0,446.3,1567.0
2025-12-12 11:35:00+00:00,446.15,446.15,445.85,445.85,3532.0
2025-12-12 11:40:00+00:00,445.85,446.04,445.85,446.0,4008.0
2025-12-12 11:45:00+00:00,446.03,446.16,445.92,446.03,7531.0
2025-12-12 11:50:00+00:00,446.01,446.01,445.69,445.69,1363.0
2025-12-12 11:55:00+00:00,445.88,445.89,445.78,445.78,724.0
2025-12-12 12:00:00+00:00,445.8,445.87,445.29,445.58,6479.0
2025-12-12 12:05:00+00:00,445.49,445.66,445.23,445.64,4074.0
2025-12-12 12:10:00+00:00,445.68,445.68,445.53,445.65,4228.0
2025-12-12 12:15:00+00:00,445.63,445.74,445.52,445.73,4278.0
2025-12-12 12:20:00+00:00,445.8,445.96,445.78,445.96,5044.0
2025-12-12 12:25:00+00:00,445.84,445.93,445.83,445.84,2827.0
2025-12-12 12:30:00+00:00,445.84,446.0,445.64,446.0,7638.0
2025-12-12 12:35:00+00:00,446.01,446.05,445.9,446.01,9586.0
2025-12-12 12:40:00+00:00,446.0,446.05,445.9,445.9,12227.0
2025-12-12 12:45:00+00:00,445.9,446.04,445.84,445.92,6810.0
2025-12-12 12:50:00+00:00,445.93,446.43,445.93,446.13,9774.0
2025-12-12 12:55:00+00:00,446.1,446.5,445.98,445.98,6105.0
2025-12-12 13:00:00+00:00,445.55,447.64,445.05,446.24,335108.0
2025-12-12 13:05:00+00:00,446.29,446.47,446.21,446.32,12395.0
2025-12-12 13:10:00+00:00,446.33,446.6,446.21,446.47,14501.0
2025-12-12 13:15:00+00:00,446.5036,447.05,446.47,447.05,27695.0
2025-12-12 13:20:00+00:00,447.05,447.62,446.99,447.4,34871.0
2025-12-12 13:25:00+00:00,447.39,447.75,447.3015,447.529,22051.0
2025-12-12 13:30:00+00:00,447.61,447.7,447.43,447.43,15014.0
2025-12-12 13:35:00+00:00,447.42,447.54,447.2,447.2838,17520.0
2025-12-12 13:40:00+00:00,447.2646,447.28,447.02,447.2,11684.0
2025-12-12 13:45:00+00:00,447.2,447.29,447.03,447.11,15193.0
2025-12-12 13:50:00+00:00,447.09,447.63,447.07,447.4709,21282.0
2025-12-12 13:55:00+00:00,447.5,448.36,447.5,448.34,42414.0
2025-12-12 14:00:00+00:00,448.3356,448.45,447.43,447.6391,44947.0
2025-12-12 14:05:00+00:00,447.53,447.99,447.53,447.62,20328.0
2025-12-12 14:10:00+00:00,447.6518,447.79,447.19,447.3137,20705.0
2025-12-12 14:15:00+00:00,447.2,447.4499,447.05,447.3932,20361.0
2025-12-12 14:20:00+00:00,447.35,447.8,447.25,447.75,21612.0
2025-12-12 14:25:00+00:00,447.51,448.21,446.9,448.14,43029.0
2025-12-12 14:30:00+00:00,448.09,453.4,447.98,452.87,2828036.0
2025-12-12 14:35:00+00:00,452.8617,458.86,452.71,458.152,3712842.0
2025-12-12 14:40:00+00:00,458.15,459.88,456.5,458.125,2512796.0
2025-12-12 14:45:00+00:00,458.125,459.2,457.37,458.32,1882125.0
2025-12-12 14:50:00+00:00,458.37,463.01,457.9,461.8747,3495135.0
2025-12-12 14:55:00+00:00,461.865,462.85,460.222,460.72,2019679.0
2025-12-12 15:00:00+00:00,460.752,461.04,457.32,457.36,2279171.0
2025-12-12 15:05:00+00:00,457.45,457.7499,454.88,455.81,2205856.0
2025-12-12 15:10:00+00:00,455.85,456.1799,454.17,454.83,1768462.0
2025-12-12 15:15:00+00:00,454.7901,456.6,453.74,456.425,1723641.0
2025-12-12 15:20:00+00:00,456.35,456.4182,452.15,452.68,1593063.0
2025-12-12 15:25:00+00:00,452.635,452.8,449.88,450.13,1913125.0
2025-12-12 15:30:00+00:00,450.16,451.89,449.1,450.475,1711722.0
2025-12-12 15:35:00+00:00,450.5,451.12,448.58,449.39,1408513.0
2025-12-12 15:40:00+00:00,449.445,450.27,447.66,450.2693,1472039.0
2025-12-12 15:45:00+00:00,450.26,451.3196,449.12,450.87,1153430.0
2025-12-12 15:50:00+00:00,450.85,451.23,450.08,450.1282,785134.0
2025-12-12 15:55:00+00:00,450.08,451.58,447.47,448.075,1442912.0
2025-12-12 16:00:00+00:00,448.02,449.84,446.1615,446.26,1378410.0
2025-12-12 16:05:00+00:00,446.2,448.3,446.01,447.16,1017809.0
2025-12-12 16:10:00+00:00,447.17,447.57,444.85,445.99,1401146.0
2025-12-12 16:15:00+00:00,445.9,447.36,445.31,445.49,784198.0
2025-12-12 16:20:00+00:00,445.5,446.3299,443.9309,445.05,1023152.0
2025-12-12 16:25:00+00:00,445.14,446.2699,444.64,445.9283,856837.0
2025-12-12 16:30:00+00:00,445.93,445.935,444.01,444.49,706997.0
2025-12-12 16:35:00+00:00,444.5,445.0,441.78,442.52,1244971.0
2025-12-12 16:40:00+00:00,442.54,443.65,441.67,443.6378,902187.0
2025-12-12 16:45:00+00:00,443.5801,444.1612,442.22,443.58,721275.0
2025-12-12 16:50:00+00:00,443.54,443.63,442.33,442.74,563218.0
2025-12-12 16:55:00+00:00,442.68,443.43,442.07,443.4,562584.0
2025-12-12 17:00:00+00:00,443.41,445.0901,443.13,444.5126,999288.0
2025-12-12 17:05:00+00:00,444.42,445.859,444.34,445.375,770684.0
2025-12-12 17:10:00+00:00,445.33,446.8,445.3,446.485,785211.0
2025-12-12 17:15:00+00:00,446.52,449.0,446.44,448.835,1174095.0
2025-12-12 17:20:00+00:00,448.85,449.18,448.116,448.41,1005539.0
2025-12-12 17:25:00+00:00,448.455,448.5,447.48,448.04,753260.0
2025-12-12 17:30:00+00:00,448.035,449.4299,447.36,448.7619,847918.0
2025-12-12 17:35:00+00:00,448.76,449.92,448.05,449.7294,722050.0
2025-12-12 17:40:00+00:00,449.69,449.94,449.21,449.3,524634.0
2025-12-12 17:45:00+00:00,449.28,451.159,449.23,451.08,804943.0
2025-12-12 17:50:00+00:00,451.09,451.44,450.55,451.19,814437.0
2025-12-12 17:55:00+00:00,451.2,451.7,450.53,450.8493,702675.0
2025-12-12 18:00:00+00:00,450.85,451.92,450.6,451.57,701993.0
2025-12-12 18:05:00+00:00,451.6,452.54,451.5701,451.925,966653.0
2025-12-12 18:10:00+00:00,451.925,454.37,451.81,454.11,1224621.0
2025-12-12 18:15:00+00:00,454.1,455.13,454.01,454.44,1198867.0
2025-12-12 18:20:00+00:00,454.4,454.9399,453.59,454.9,983112.0
2025-12-12 18:25:00+00:00,454.93,455.66,454.4001,455.61,977431.0
2025-12-12 18:30:00+00:00,455.605,456.17,454.8802,455.74,1074256.0
2025-12-12 18:35:00+00:00,455.715,456.25,454.93,456.215,920912.0
2025-12-12 18:40:00+00:00,456.215,456.39,454.3,454.6036,969282.0
2025-12-12 18:45:00+00:00,454.65,455.5,454.58,455.4802,620054.0
2025-12-12 18:50:00+00:00,455.5,456.1,455.04,455.2,702495.0
2025-12-12 18:55:00+00:00,455.1519,455.3,453.43,453.63,869720.0
2025-12-12 19:00:00+00:00,453.6483,454.0,452.53,453.53,903925.0
2025-12-12 19:05:00+00:00,453.5,453.74,452.57,452.9452,591062.0
2025-12-12 19:10:00+00:00,452.97,453.53,452.0589,452.2805,692086.0
2025-12-12 19:15:00+00:00,452.28,452.7499,451.51,451.865,663508.0
2025-12-12 19:20:00+00:00,451.84,452.25,450.6,451.19,761667.0
2025-12-12 19:25:00+00:00,451.19,451.2599,450.09,450.9027,690557.0
2025-12-12 19:30:00+00:00,450.94,452.25,450.9,451.86,750657.0
2025-12-12 19:35:00+00:00,451.87,452.23,451.16,451.39,452666.0
2025-12-12 19:40:00+00:00,451.43,453.09,451.43,452.3,711668.0
2025-12-12 19:45:00+00:00,452.3,452.53,451.5,451.7406,457346.0
2025-12-12 19:50:00+00:00,451.78,452.2764,451.08,451.845,543673.0
2025-12-12 19:55:00+00:00,451.82,452.79,451.52,452.39,546562.0
2025-12-12 20:00:00+00:00,452.4,452.77,452.04,452.43,564724.0
2025-12-12 20:05:00+00:00,452.43,453.32,452.31,453.195,590989.0
2025-12-12 20:10:00+00:00,453.21,453.85,452.5268,452.53,736735.0
2025-12-12 20:15:00+00:00,452.535,455.0,452.2,454.8,1111107.0
2025-12-12 20:20:00+00:00,454.8056,455.69,454.57,455.19,1124987.0
2025-12-12 20:25:00+00:00,455.23,455.28,454.25,455.07,776492.0
2025-12-12 20:30:00+00:00,455.05,455.66,453.75,455.5974,994102.0
2025-12-12 20:35:00+00:00,455.595,455.65,454.43,455.27,886636.0
2025-12-12 20:40:00+00:00,455.26,456.9,455.2289,456.115,1434106.0
2025-12-12 20:45:00+00:00,456.09,457.74,456.01,457.595,1353833.0
2025-12-12 20:50:00+00:00,457.68,458.37,456.92,458.355,1512080.0
2025-12-12 20:55:00+00:00,458.34,459.17,457.57,459.13,2743870.0
2025-12-12 21:00:00+00:00,459.145,459.34,458.65,459.23,310217.0
2025-12-12 21:05:00+00:00,459.2,459.29,458.65,458.85,79095.0
2025-12-12 21:10:00+00:00,458.81,458.9,458.0,458.01,73600.0
2025-12-12 21:15:00+00:00,458.0,458.3,457.42,458.19,69778.0
2025-12-12 21:20:00+00:00,458.2377,458.96,458.0,458.0,33349.0
2025-12-12 21:25:00+00:00,458.0,458.0001,457.4,457.74,42076.0
2025-12-12 21:30:00+00:00,457.69,457.75,457.4,457.51,24529.0
2025-12-12 21:35:00+00:00,457.53,457.64,457.35,457.38,39629.0
2025-12-12 21:40:00+00:00,457.42,457.59,457.27,457.55,34588.0
2025-12-12 21:45:00+00:00,457.55,457.57,457.4,457.44,19586.0
2025-12-12 21:50:00+00:00,457.44,457.7,457.44,457.45,34076.0
2025-12-12 21:55:00+00:00,457.45,457.58,457.41,457.5011,16414.0
2025-12-12 22:00:00+00:00,457.5,457.55,457.46,457.4605,16665.0
2025-12-12 22:05:00+00:00,457.46,457.54,457.45,457.46,27204.0
2025-12-12 22:10:00+00:00,457.49,457.5,457.46,457.47,12346.0
2025-12-12 22:15:00+00:00,457.47,457.53,457.47,457.5,25291.0
2025-12-12 22:20:00+00:00,457.48,457.55,457.45,457.5197,17573.0
2025-12-12 22:25:00+00:00,457.5196,457.52,457.42,457.48,12833.0
2025-12-12 22:30:00+00:00,457.48,457.48,457.21,457.25,15256.0
2025-12-12 22:35:00+00:00,457.23,457.25,457.0,457.2,24427.0
2025-12-12 22:40:00+00:00,457.2,457.352,456.76,456.8,21985.0
2025-12-12 22:45:00+00:00,456.82,456.82,456.53,456.535,19712.0
2025-12-12 22:50:00+00:00,456.54,456.6684,456.52,456.6,9626.0
2025-12-12 22:55:00+00:00,456.55,456.55,455.93,456.2,44660.0
2025-12-12 23:00:00+00:00,456.27,456.51,456.18,456.3,12261.0
2025-12-12 23:05:00+00:00,456.25,456.27,455.96,456.07,14842.0
2025-12-12 23:10:00+00:00,456.12,456.41,456.1,456.23,15350.0
2025-12-12 23:15:00+00:00,456.23,456.35,456.04,456.04,9974.0
2025-12-12 23:20:00+00:00,456.04,456.17,455.93,456.024,13220.0
2025-12-12 23:25:00+00:00,456.04,456.17,455.8,455.83,11426.0
2025-12-12 23:30:00+00:00,455.87,456.65,455.8134,456.48,19802.0
2025-12-12 23:35:00+00:00,456.488,456.5,456.08,456.3,9450.0
2025-12-12 23:40:00+00:00,456.35,456.6,456.15,456.15,10240.0
2025-12-12 23:45:00+00:00,456.1201,456.47,456.02,456.35,15551.0
2025-12-12 23:50:00+00:00,456.35,456.4,456.3,456.31,5671.0
2025-12-12 23:55:00+00:00,456.312,456.35,456.21,456.35,4227.0
2025-12-13 00:00:00+00:00,456.38,456.75,456.25,456.408,9975.0
2025-12-13 00:05:00+00:00,456.45,456.49,456.4,456.42,7283.0
2025-12-13 00:10:00+00:00,456.4517,456.54,456.2,456.3,11826.0
2025-12-13 00:15:00+00:00,456.3,456.37,456.2364,456.25,7024.0
2025-12-13 00:20:00+00:00,456.33,456.38,456.15,456.25,6202.0
2025-12-13 00:25:00+00:00,456.1812,456.27,456.0,456.0849,14959.0
2025-12-13 00:30:00+00:00,456.15,456.38,456.15,456.28,11532.0
2025-12-13 00:35:00+00:00,456.31,456.35,456.18,456.18,10460.0
2025-12-13 00:40:00+00:00,456.1079,456.14,456.0,456.1,9000.0
2025-12-13 00:45:00+00:00,456.16,456.3,456.1,456.21,12513.0
2025-12-13 00:50:00+00:00,456.28,456.38,456.08,456.26,15635.0
2025-12-13 00:55:00+00:00,456.28,456.35,456.03,456.2188,21297.0
2025-12-15 09:00:00+00:00,462.38,462.38,460.11,461.98,45659.0
2025-12-15 09:05:00+00:00,461.95,462.2,461.7,461.75,23926.0
2025-12-15 09:10:00+00:00,461.8,462.59,461.7,462.59,22833.0
2025-12-15 09:15:00+00:00,462.6,462.68,462.0,462.28,24674.0
2025-12-15 09:20:00+00:00,462.28,462.69,462.2,462.69,9367.0
2025-12-15 09:25:00+00:00,462.75,462.95,462.39,462.67,19655.0
2025-12-15 09:30:00+00:00,462.73,463.6,462.73,463.51,26323.0
2025-12-15 09:35:00+00:00,463.5,463.51,463.06,463.1,11314.0
2025-12-15 09:40:00+00:00,463.01,463.46,462.89,463.43,9335.0
2025-12-15 09:45:00+00:00,463.49,463.98,463.49,463.94,17955.0
2025-12-15 09:50:00+00:00,463.98,464.32,463.86,464.15,27180.0
2025-12-15 09:55:00+00:00,464.17,464.87,463.99,464.45,34796.0
2025-12-15 10:00:00+00:00,464.45,464.7,464.01,464.24,15090.0
2025-12-15 10:05:00+00:00,464.21,464.21,463.97,464.0,18768.0
2025-12-15 10:10:00+00:00,464.0,464.57,464.0,464.5,12128.0
2025-12-15 10:15:00+00:00,464.5,464.5,464.1,464.35,10904.0
2025-12-15 10:20:00+00:00,464.29,464.29,463.95,464.26,10584.0
2025-12-15 10:25:00+00:00,464.2,464.41,464.11,464.26,9234.0
2025-12-15 10:30:00+00:00,464.28,464.28,463.79,463.79,9979.0
2025-12-15 10:35:00+00:00,463.8,463.8,463.45,463.79,9227.0
2025-12-15 10:40:00+00:00,463.8,464.24,463.64,463.77,7951.0
2025-12-15 10:45:00+00:00,463.71,463.77,463.0,463.23,9196.0
2025-12-15 10:50:00+00:00,463.36,463.72,463.36,463.56,5623.0
2025-12-15 10:55:00+00:00,463.69,463.78,463.1,463.16,7394.0
2025-12-15 11:00:00+00:00,463.2,463.55,463.01,463.55,9076.0
2025-12-15 11:05:00+00:00,463.54,463.88,463.42,463.88,9369.0
2025-12-15 11:10:00+00:00,463.86,464.13,463.85,464.09,9792.0
2025-12-15 11:15:00+00:00,464.11,464.26,464.0,464.0,7503.0
2025-12-15 11:20:00+00:00,464.09,464.15,463.94,463.95,9732.0
2025-12-15 11:25:00+00:00,463.95,464.02,463.83,463.9,5982.0
2025-12-15 11:30:00+00:00,463.91,464.17,463.8,463.82,9057.0
2025-12-15 11:35:00+00:00,463.85,464.15,463.85,464.13,6403.0
2025-12-15 11:40:00+00:00,464.11,464.18,463.88,463.88,11571.0
2025-12-15 11:45:00+00:00,463.95,464.0,463.78,463.92,14405.0
2025-12-15 11:50:00+00:00,463.93,464.09,463.82,463.84,9979.0
2025-12-15 11:55:00+00:00,463.82,463.82,463.51,463.55,9941.0
2025-12-15 12:00:00+00:00,463.54,465.28,463.2,465.02,138761.0
2025-12-15 12:05:00+00:00,465.08,466.0,465.0,465.7,86090.0
2025-12-15 12:10:00+00:00,465.66,466.43,465.4,466.35,55385.0
2025-12-15 12:15:00+00:00,466.36,466.39,465.73,466.14,36794.0
2025-12-15 12:20:00+00:00,466.16,466.21,465.76,465.76,28265.0
2025-12-15 12:25:00+00:00,465.76,466.0,465.3,465.51,20727.0
2025-12-15 12:30:00+00:00,465.52,465.81,465.4,465.4,16555.0
2025-12-15 12:35:00+00:00,465.31,465.72,465.12,465.6,16375.0
2025-12-15 12:40:00+00:00,465.55,465.71,465.39,465.4,21247.0
2025-12-15 12:45:00+00:00,465.37,465.54,465.22,465.25,10254.0
2025-12-15 12:50:00+00:00,465.3,465.32,465.0,465.23,22388.0
2025-12-15 12:55:00+00:00,465.2,465.5,465.0,465.12,19268.0
2025-12-15 13:00:00+00:00,464.4,466.45,457.813,465.02,594484.0
2025-12-15 13:05:00+00:00,465.02,465.06,464.56,464.8,30654.0
2025-12-15 13:10:00+00:00,464.8,465.35,464.76,465.33,31301.0
2025-12-15 13:15:00+00:00,465.2999,465.2999,464.7,465.2,40414.0
2025-12-15 13:20:00+00:00,465.19,465.3442,465.1,465.3,38355.0
2025-12-15 13:25:00+00:00,465.35,465.45,465.1,465.2928,20962.0
2025-12-15 13:30:00+00:00,465.2637,465.38,465.1,465.26,38165.0
2025-12-15 13:35:00+00:00,465.32,465.45,465.1,465.45,41330.0
2025-12-15 13:40:00+00:00,465.45,466.07,465.4,465.9079,71886.0
2025-12-15 13:45:00+00:00,465.9,467.9,465.9,467.45,231221.0
2025-12-15 13:50:00+00:00,467.46,468.72,467.3004,468.7,237421.0
2025-12-15 13:55:00+00:00,468.71,470.45,468.5999,469.87,455480.0
2025-12-15 14:00:00+00:00,469.81,469.81,469.0,469.17,179451.0
2025-12-15 14:05:00+00:00,469.18,469.51,468.82,469.36,115569.0
2025-12-15 14:10:00+00:00,469.4,469.75,469.21,469.55,138658.0
2025-12-15 14:15:00+00:00,469.52,469.75,468.93,468.96,296511.0
2025-12-15 14:20:00+00:00,468.99,469.02,468.21,468.42,169604.0
2025-12-15 14:25:00+00:00,468.4,470.39,467.41,469.45,396685.0
2025-12-15 14:30:00+00:00,469.44,478.19,467.66,474.97,8238292.0
2025-12-15 14:35:00+00:00,474.97,480.66,474.97,477.76,5089045.0
2025-12-15 14:40:00+00:00,477.76,481.37,475.51,476.17,3678159.0
2025-12-15 14:45:00+00:00,476.19,480.45,475.32,480.385,3225120.0
2025-12-15 14:50:00+00:00,480.41,481.18,477.72,479.33,3501649.0
2025-12-15 14:55:00+00:00,479.31,479.5447,476.1,477.56,2280143.0
2025-12-15 15:00:00+00:00,477.665,477.77,473.13,473.25,2752730.0
2025-12-15 15:05:00+00:00,473.185,477.1999,472.93,475.83,2081538.0
2025-12-15 15:10:00+00:00,475.82,476.1572,472.42,474.0575,1608863.0
2025-12-15 15:15:00+00:00,474.03,475.1,472.6,474.0,1504303.0
2025-12-15 15:20:00+00:00,473.94,477.07,473.3,473.31,1847219.0
2025-12-15 15:25:00+00:00,473.3225,473.79,470.71,472.13,2017722.0
2025-12-15 15:30:00+00:00,472.14,479.5,471.3837,473.49,1433522.0
2025-12-15 15:35:00+00:00,473.43,476.5299,473.21,476.1606,1525698.0
2025-12-15 15:40:00+00:00,476.13,479.1,475.5,479.0021,2017920.0
2025-12-15 15:45:00+00:00,479.05,479.28,478.02,479.15,1702385.0
2025-12-15 15:50:00+00:00,479.18,480.17,477.52,478.4399,2040981.0
2025-12-15 15:55:00+00:00,478.3552,479.37,478.17,478.59,1176341.0
2025-12-15 16:00:00+00:00,478.59,478.72,476.6,477.305,1102472.0
2025-12-15 16:05:00+00:00,477.32,478.39,476.17,477.3313,1001556.0
2025-12-15 16:10:00+00:00,477.34,477.7,475.93,476.5101,829074.0
2025-12-15 16:15:00+00:00,476.52,479.2743,476.4,478.74,1093483.0
2025-12-15 16:20:00+00:00,478.75,479.79,478.56,479.48,999541.0
2025-12-15 16:25:00+00:00,479.5,481.7694,479.35,481.04,2353101.0
2025-12-15 16:30:00+00:00,481.15,481.66,477.78,477.949,1784443.0
2025-12-15 16:35:00+00:00,478.072,478.33,476.92,477.54,999184.0
2025-12-15 16:40:00+00:00,477.5001,478.05,476.66,477.41,792705.0
2025-12-15 16:45:00+00:00,477.43,477.67,476.13,476.8701,864435.0
2025-12-15 16:50:00+00:00,476.905,478.51,476.77,478.4299,1099699.0
2025-12-15 16:55:00+00:00,478.41,478.8,477.01,477.26,759188.0
2025-12-15 17:00:00+00:00,477.29,477.39,475.0601,475.44,1029493.0
2025-12-15 17:05:00+00:00,475.45,476.86,475.14,476.655,786793.0
2025-12-15 17:10:00+00:00,476.669,477.59,476.13,477.45,709332.0
2025-12-15 17:15:00+00:00,477.45,477.53,475.63,475.9901,677829.0
2025-12-15 17:20:00+00:00,475.99,477.13,475.92,476.865,521075.0
2025-12-15 17:25:00+00:00,476.84,477.75,476.73,476.99,623763.0
2025-12-15 17:30:00+00:00,476.955,477.7,476.01,476.24,597958.0
2025-12-15 17:35:00+00:00,476.24,477.2,476.22,476.98,474286.0
2025-12-15 17:40:00+00:00,476.98,477.72,476.91,477.1937,591790.0
2025-12-15 17:45:00+00:00,477.165,477.33,475.71,476.0268,620078.0
2025-12-15 17:50:00+00:00,476.03,476.08,474.49,475.19,1041123.0
2025-12-15 17:55:00+00:00,475.27,477.42,475.09,477.3586,752273.0
2025-12-15 18:00:00+00:00,477.34,477.67,476.64,477.085,697059.0
2025-12-15 18:05:00+00:00,477.09,478.44,477.0,477.45,765619.0
2025-12-15 18:10:00+00:00,477.53,477.9,477.27,477.624,490987.0
2025-12-15 18:15:00+00:00,477.6632,477.86,476.53,476.615,431442.0
2025-12-15 18:20:00+00:00,476.615,477.3,476.1201,476.554,495839.0
2025-12-15 18:25:00+00:00,476.54,476.86,475.26,475.7,607052.0
2025-12-15 18:30:00+00:00,475.73,476.12,475.08,475.6336,577957.0
2025-12-15 18:35:00+00:00,475.564,476.0395,474.575,475.7444,709603.0
2025-12-15 18:40:00+00:00,475.66,476.7,475.66,476.165,541364.0
2025-12-15 18:45:00+00:00,476.16,476.48,475.53,476.05,449847.0
2025-12-15 18:50:00+00:00,476.08,477.12,475.94,476.96,639082.0
2025-12-15 18:55:00+00:00,476.98,477.4,476.92,477.12,507356.0
2025-12-15 19:00:00+00:00,477.11,478.3,476.86,478.255,872581.0
2025-12-15 19:05:00+00:00,478.28,478.3206,476.8,477.005,688315.0
2025-12-15 19:10:00+00:00,476.98,477.24,475.65,475.65,733990.0
2025-12-15 19:15:00+00:00,475.65,477.88,475.54,477.88,901471.0
2025-12-15 19:20:00+00:00,477.89,477.96,476.73,476.7489,662371.0
2025-12-15 19:25:00+00:00,476.7401,477.0599,476.39,476.665,465869.0
2025-12-15 19:30:00+00:00,476.6722,476.86,475.74,476.1,545387.0
2025-12-15 19:35:00+00:00,476.1,476.5899,475.73,476.175,463937.0
2025-12-15 19:40:00+00:00,476.2,476.88,475.77,476.81,551581.0
2025-12-15 19:45:00+00:00,476.805,477.34,476.4501,477.3399,544973.0
2025-12-15 19:50:00+00:00,477.3,477.54,476.77,477.392,565280.0
2025-12-15 19:55:00+00:00,477.38,478.8712,477.14,478.81,1083828.0
2025-12-15 20:00:00+00:00,478.79,478.823514,476.808,477.3,890653.0
2025-12-15 20:05:00+00:00,477.3099,478.3,477.1868,478.0724,693218.0
2025-12-15 20:10:00+00:00,478.0501,478.3,477.34,477.73,636964.0
2025-12-15 20:15:00+00:00,477.7,478.34,477.28,477.53,733191.0
2025-12-15 20:20:00+00:00,477.54,477.6,476.77,477.555,757520.0
2025-12-15 20:25:00+00:00,477.57,478.24,477.15,477.869,804095.0
2025-12-15 20:30:00+00:00,477.88,478.19,477.22,477.96,644689.0
2025-12-15 20:35:00+00:00,477.93,479.27,477.75,479.245,1004888.0
2025-12-15 20:40:00+00:00,479.245,479.66,477.5,477.88,1230742.0
2025-12-15 20:45:00+00:00,477.86,478.735,477.67,478.5,1010903.0
2025-12-15 20:50:00+00:00,478.48,480.64,478.03,478.36,2793645.0
2025-12-15 20:55:00+00:00,478.41,478.41,475.03,475.07,3228453.0
2025-12-15 21:00:00+00:00,475.31,477.0,473.6,474.4,474555.0
2025-12-15 21:05:00+00:00,474.3992,475.31,473.43,473.99,751785.0
2025-12-15 21:10:00+00:00,473.9505,475.31,473.78,474.43,84216.0
2025-12-15 21:15:00+00:00,474.43,474.44,473.7,473.8117,61441.0
2025-12-15 21:20:00+00:00,473.85,474.0,473.25,473.7404,55575.0
2025-12-15 21:25:00+00:00,473.74,473.79,473.5,473.5999,34970.0
2025-12-15 21:30:00+00:00,473.558,473.7,473.21,473.65,33116.0
2025-12-15 21:35:00+00:00,473.65,475.31,473.25,473.35,40957.0
2025-12-15 21:40:00+00:00,473.2912,473.4984,472.5,472.69,92080.0
2025-12-15 21:45:00+00:00,472.69,472.82,472.43,472.7317,44780.0
2025-12-15 21:50:00+00:00,472.73,473.35,472.7,473.05,46823.0
2025-12-15 21:55:00+00:00,473.01,475.31,473.0,473.64,36963.0
2025-12-15 22:00:00+00:00,473.61,473.8,473.35,473.63,30091.0
2025-12-15 22:05:00+00:00,473.6,474.138,473.5,473.8,28392.0
2025-12-15 22:10:00+00:00,473.8,473.91,473.5,473.6,9055.0
2025-12-15 22:15:00+00:00,473.61,473.75,473.3605,473.4,8939.0
2025-12-15 22:20:00+00:00,473.4485,473.5,473.3692,473.4504,6879.0
2025-12-15 22:25:00+00:00,473.45,473.65,473.29,473.5033,9757.0
2025-12-15 22:30:00+00:00,473.6,473.6356,473.3514,473.6,15677.0
2025-12-15 22:35:00+00:00,473.6,473.6,473.4,473.4167,7063.0
2025-12-15 22:40:00+00:00,473.4225,473.7,473.42,473.64,10659.0
2025-12-15 22:45:00+00:00,473.6499,473.83,473.5,473.6,12410.0
2025-12-15 22:50:00+00:00,473.7,473.7,473.4,473.47,8877.0
2025-12-15 22:55:00+00:00,473.4,473.75,473.4,473.65,8609.0
2025-12-15 23:00:00+00:00,473.65,474.25,473.65,474.25,19856.0
2025-12-15 23:05:00+00:00,474.1993,474.33,474.02,474.15,21547.0
2025-12-15 23:10:00+00:00,474.248,474.36,474.2131,474.36,21830.0
2025-12-15 23:15:00+00:00,474.3488,474.3488,473.82,474.1,18735.0
2025-12-15 23:20:00+00:00,474.02,474.34,473.87,474.2537,9457.0
2025-12-15 23:25:00+00:00,474.15,474.24,474.0,474.18,13420.0
2025-12-15 23:30:00+00:00,474.18,474.29,473.8,473.8089,12497.0
2025-12-15 23:35:00+00:00,473.8,473.97,473.6,473.76,13813.0
2025-12-15 23:40:00+00:00,473.8118,474.0702,473.7,474.0,10748.0
2025-12-15 23:45:00+00:00,473.89,473.9,473.68,473.7,15472.0
2025-12-15 23:50:00+00:00,473.7,473.7299,473.41,473.5,17873.0
2025-12-15 23:55:00+00:00,473.67,473.69,473.18,473.27,22737.0
2025-12-16 00:00:00+00:00,473.27,473.46,473.12,473.19,11258.0
2025-12-16 00:05:00+00:00,473.17,473.2,471.66,471.8,74170.0
2025-12-16 00:10:00+00:00,471.8,471.98,471.1,471.34,44420.0
2025-12-16 00:15:00+00:00,471.27,471.75,470.83,471.75,48159.0
2025-12-16 00:20:00+00:00,471.7499,472.05,471.224,471.44,35453.0
2025-12-16 00:25:00+00:00,471.45,471.89,471.2501,471.72,19359.0
2025-12-16 00:30:00+00:00,471.75,472.4822,471.6832,472.29,26470.0
2025-12-16 00:35:00+00:00,472.2,472.2598,471.72,471.82,41029.0
2025-12-16 00:40:00+00:00,471.9,472.51,471.76,472.38,23630.0
2025-12-16 00:45:00+00:00,472.31,472.5,471.85,471.85,18917.0
2025-12-16 00:50:00+00:00,471.77,472.12,471.77,471.9983,19079.0
2025-12-16 00:55:00+00:00,472.0,472.05,471.5,471.61,41351.0
2025-12-16 09:00:00+00:00,471.06,471.8,470.34,471.36,26222.0
2025-12-16 09:05:00+00:00,471.47,471.62,471.0,471.03,16758.0
2025-12-16 09:10:00+00:00,471.02,471.24,470.63,471.14,11827.0
2025-12-16 09:15:00+00:00,471.18,471.18,470.63,470.82,5904.0
2025-12-16 09:20:00+00:00,470.86,471.23,470.7,470.82,6018.0
2025-12-16 09:25:00+00:00,470.82,471.05,470.68,470.97,7157.0
2025-12-16 09:30:00+00:00,470.94,471.12,470.79,471.12,4933.0
2025-12-16 09:35:00+00:00,471.11,471.24,470.98,471.03,10784.0
2025-12-16 09:40:00+00:00,471.0,471.0,470.66,470.66,9200.0
2025-12-16 09:45:00+00:00,470.61,470.66,469.84,469.84,22597.0
2025-12-16 09:50:00+00:00,469.78,469.86,468.94,469.04,20461.0
2025-12-16 09:55:00+00:00,469.01,469.45,468.75,469.33,18065.0
2025-12-16 10:00:00+00:00,469.39,469.5,468.95,469.5,12812.0
2025-12-16 10:05:00+00:00,469.54,470.0,469.44,470.0,6769.0
2025-12-16 10:10:00+00:00,470.04,470.54,469.75,470.45,7760.0
2025-12-16 10:15:00+00:00,470.52,471.05,470.15,470.99,9489.0
2025-12-16 10:20:00+00:00,471.0,471.0,470.38,470.52,6158.0
2025-12-16 10:25:00+00:00,470.73,471.26,470.7,471.11,13728.0
2025-12-16 10:30:00+00:00,471.12,471.23,470.54,471.04,16403.0
2025-12-16 10:35:00+00:00,470.98,471.94,470.9,471.89,11089.0
2025-12-16 10:40:00+00:00,471.85,471.85,471.4,471.65,8452.0
2025-12-16 10:45:00+00:00,471.7,471.82,471.5,471.57,5001.0
2025-12-16 10:50:00+00:00,471.51,471.51,470.9,471.0,9797.0
2025-12-16 10:55:00+00:00,471.0,471.58,470.99,471.3,5122.0
2025-12-16 11:00:00+00:00,471.25,471.28,471.06,471.13,5849.0
2025-12-16 11:05:00+00:00,471.11,471.14,470.78,470.83,5185.0
2025-12-16 11:10:00+00:00,470.95,470.95,470.66,470.75,2660.0
2025-12-16 11:15:00+00:00,470.75,471.28,470.66,471.15,8810.0
2025-12-16 11:20:00+00:00,471.13,471.18,470.96,471.15,2635.0
2025-12-16 11:25:00+00:00,471.04,471.16,470.95,471.16,4302.0
2025-12-16 11:30:00+00:00,471.29,471.95,471.29,471.63,10672.0
2025-12-16 11:35:00+00:00,471.57,471.96,471.35,471.96,11406.0
2025-12-16 11:40:00+00:00,471.96,472.3,471.77,472.0,19798.0
2025-12-16 11:45:00+00:00,472.0,472.33,472.0,472.08,12780.0
2025-12-16 11:50:00+00:00,472.2,472.76,471.95,472.65,14530.0
2025-12-16 11:55:00+00:00,472.54,472.61,472.19,472.25,11923.0
2025-12-16 12:00:00+00:00,472.34,472.35,471.85,472.09,34684.0
2025-12-16 12:05:00+00:00,472.04,472.25,471.67,472.03,19241.0
2025-12-16 12:10:00+00:00,472.25,472.82,472.2,472.73,21050.0
2025-12-16 12:15:00+00:00,472.79,473.24,472.75,472.88,35607.0
2025-12-16 12:20:00+00:00,472.84,472.95,472.58,472.6,17027.0
2025-12-16 12:25:00+00:00,472.61,472.75,472.32,472.75,16833.0
2025-12-16 12:30:00+00:00,472.67,472.93,472.64,472.9,7879.0
2025-12-16 12:35:00+00:00,472.92,473.3,472.86,472.95,24073.0
2025-12-16 12:40:00+00:00,472.95,473.38,472.95,473.29,20014.0
2025-12-16 12:45:00+00:00,473.32,473.5,473.01,473.31,24249.0
2025-12-16 12:50:00+00:00,473.31,473.5,473.05,473.12,13833.0
2025-12-16 12:55:00+00:00,473.12,473.12,472.55,472.64,19029.0
2025-12-16 13:00:00+00:00,471.31,473.5,468.46,472.13,615547.0
2025-12-16 13:05:00+00:00,472.1,472.36,471.7809,472.17,29425.0
2025-12-16 13:10:00+00:00,472.11,472.29,471.8,472.1799,31470.0
2025-12-16 13:15:00+00:00,472.0679,472.18,471.61,472.12,22235.0
2025-12-16 13:20:00+00:00,472.18,472.376,471.6713,472.26,34577.0
2025-12-16 13:25:00+00:00,472.3,472.9,472.3,472.73,47626.0
2025-12-16 13:30:00+00:00,472.79,474.4,472.79,473.71,179212.0
2025-12-16 13:35:00+00:00,473.75,474.0797,472.5,473.2097,163972.0
2025-12-16 13:40:00+00:00,473.03,473.45,472.5,472.5,63630.0
2025-12-16 13:45:00+00:00,472.66,473.3,472.66,472.86,41842.0
2025-12-16 13:50:00+00:00,472.8,472.86,471.55,471.63,65445.0
2025-12-16 13:55:00+00:00,471.6188,472.2812,471.5,471.6298,68076.0
2025-12-16 14:00:00+00:00,471.56,471.8,470.59,471.52,100554.0
2025-12-16 14:05:00+00:00,471.4577,472.0,471.2,471.2108,38760.0
2025-12-16 14:10:00+00:00,471.2001,471.78,471.1625,471.35,32345.0
2025-12-16 14:15:00+00:00,471.32,472.5,471.25,471.71,55902.0
2025-12-16 14:20:00+00:00,471.5504,472.15,471.55,472.0097,38639.0
2025-12-16 14:25:00+00:00,472.0,473.21,470.55,472.19,301495.0
2025-12-16 14:30:00+00:00,472.21,473.49,465.83,467.17,4242791.0
2025-12-16 14:35:00+00:00,467.1085,472.78,466.68,472.288,3010383.0
2025-12-16 14:40:00+00:00,472.24,473.7,470.5801,472.94,2234031.0
2025-12-16 14:45:00+00:00,473.1,475.72,469.1701,474.45,2945096.0
2025-12-16 14:50:00+00:00,474.45,478.0699,474.2902,477.64,2548143.0
2025-12-16 14:55:00+00:00,477.62,478.45,476.87,478.0699,1657544.0
2025-12-16 15:00:00+00:00,478.0699,480.4199,477.25,478.835,2538193.0
2025-12-16 15:05:00+00:00,478.88,482.06,478.4,479.5499,2613620.0
2025-12-16 15:10:00+00:00,479.505,480.2194,477.8,479.035,1535163.0
2025-12-16 15:15:00+00:00,479.06,479.44,475.3568,476.1464,1825548.0
2025-12-16 15:20:00+00:00,476.06,476.3,473.61,474.5548,1658056.0
2025-12-16 15:25:00+00:00,474.5585,475.53,472.77,475.145,1861546.0
2025-12-16 15:30:00+00:00,475.145,475.68,473.4001,473.995,1208585.0
2025-12-16 15:35:00+00:00,474.03,474.74,472.58,474.4299,1338487.0
2025-12-16 15:40:00+00:00,474.44,475.15,473.47,474.85,1013196.0
2025-12-16 15:45:00+00:00,474.8473,476.75,474.78,475.075,1378288.0
2025-12-16 15:50:00+00:00,475.075,476.07,473.25,475.72,1218804.0
2025-12-16 15:55:00+00:00,475.67,476.55,475.16,476.18,1000600.0
2025-12-16 16:00:00+00:00,476.18,476.92,475.3,475.36,912760.0
2025-12-16 16:05:00+00:00,475.365,477.91,475.05,477.415,1200873.0
2025-12-16 16:10:00+00:00,477.48,477.6,475.8815,476.61,851476.0
2025-12-16 16:15:00+00:00,476.58,476.72,474.4377,475.365,959474.0
2025-12-16 16:20:00+00:00,475.3762,475.7999,474.8,474.98,624022.0
2025-12-16 16:25:00+00:00,474.955,476.1599,474.66,475.735,758456.0
2025-12-16 16:30:00+00:00,475.8285,477.02,475.15,476.89,785874.0
2025-12-16 16:35:00+00:00,476.95,477.2993,475.33,476.55,748015.0
2025-12-16 16:40:00+00:00,476.5,476.8249,475.2801,476.45,616126.0
2025-12-16 16:45:00+00:00,476.46,477.7499,476.11,477.7032,724202.0
2025-12-16 16:50:00+00:00,477.69,478.93,477.5501,478.16,1075131.0
2025-12-16 16:55:00+00:00,478.12,479.59,477.98,479.45,1042092.0
2025-12-16 17:00:00+00:00,479.5,480.29,478.67,479.117,1246133.0
2025-12-16 17:05:00+00:00,479.085,479.91,478.83,478.91,699684.0
2025-12-16 17:10:00+00:00,478.9,480.9,478.13,480.48,1150542.0
2025-12-16 17:15:00+00:00,480.47,481.07,479.97,480.83,828185.0
2025-12-16 17:20:00+00:00,480.81,481.349,479.5501,479.95,908246.0
2025-12-16 17:25:00+00:00,479.968,479.98,478.6,478.88,867437.0
2025-12-16 17:30:00+00:00,478.86,480.7,478.6,480.4451,968787.0
2025-12-16 17:35:00+00:00,480.455,480.8,479.36,479.76,762132.0
2025-12-16 17:40:00+00:00,479.75,479.99,478.6605,479.35,559315.0
2025-12-16 17:45:00+00:00,479.32,479.8,478.7,478.86,513741.0
2025-12-16 17:50:00+00:00,478.8401,478.8401,477.44,477.8,733600.0
2025-12-16 17:55:00+00:00,477.84,478.26,476.21,476.4533,910403.0
2025-12-16 18:00:00+00:00,476.47,477.1799,475.5884,477.05,900291.0
2025-12-16 18:05:00+00:00,477.07,477.3,475.83,477.05,646360.0
2025-12-16 18:10:00+00:00,477.08,478.3578,476.8,478.285,788528.0
2025-12-16 18:15:00+00:00,478.2615,478.47,477.22,477.32,514387.0
2025-12-16 18:20:00+00:00,477.3068,478.29,477.07,478.1978,422717.0
2025-12-16 18:25:00+00:00,478.1761,478.69,477.1,477.2409,481975.0
2025-12-16 18:30:00+00:00,477.34,478.44,477.21,478.255,609280.0
2025-12-16 18:35:00+00:00,478.29,478.47,477.63,478.14,506446.0
2025-12-16 18:40:00+00:00,478.19,479.25,478.03,479.2201,669932.0
2025-12-16 18:45:00+00:00,479.2313,480.06,478.8,479.78,825011.0
2025-12-16 18:50:00+00:00,479.84,480.3399,479.1428,479.5,715768.0
2025-12-16 18:55:00+00:00,479.4975,480.2104,479.293,479.815,474910.0
2025-12-16 19:00:00+00:00,479.78,480.3,478.19,478.712,768877.0
2025-12-16 19:05:00+00:00,478.76,479.13,477.77,478.2578,617376.0
2025-12-16 19:10:00+00:00,478.27,478.52,477.6,477.785,492653.0
2025-12-16 19:15:00+00:00,477.76,478.5,477.6,478.17,538293.0
2025-12-16 19:20:00+00:00,478.09,479.7,477.81,479.2,736483.0
2025-12-16 19:25:00+00:00,479.24,480.36,478.58,480.08,812308.0
2025-12-16 19:30:00+00:00,480.04,480.76,479.75,480.155,739166.0
2025-12-16 19:35:00+00:00,480.13,481.09,479.43,480.06,932073.0
2025-12-16 19:40:00+00:00,480.005,483.83,479.71,483.4547,2009826.0
2025-12-16 19:45:00+00:00,483.45,484.3699,482.82,484.0588,1531228.0
2025-12-16 19:50:00+00:00,484.09,486.32,484.05,485.59,2082480.0
2025-12-16 19:55:00+00:00,485.559,486.05,484.68,485.2982,1225213.0
2025-12-16 20:00:00+00:00,485.26,486.7,484.7981,485.65,1261434.0
2025-12-16 20:05:00+00:00,485.63,487.01,484.958,486.475,1324768.0
2025-12-16 20:10:00+00:00,486.4517,487.25,485.8,486.05,1101418.0
2025-12-16 20:15:00+00:00,486.07,486.9,485.81,486.7801,937257.0
2025-12-16 20:20:00+00:00,486.79,487.73,486.5487,487.37,1192678.0
2025-12-16 20:25:00+00:00,487.375,487.64,486.28,487.615,1188694.0
2025-12-16 20:30:00+00:00,487.6392,489.57,487.22,489.03,2347763.0
2025-12-16 20:35:00+00:00,489.04,490.25,488.9,489.8566,2086852.0
2025-12-16 20:40:00+00:00,489.87,490.08,488.64,489.52,1537930.0
2025-12-16 20:45:00+00:00,489.5,490.4699,488.71,489.62,1647886.0
2025-12-16 20:50:00+00:00,489.59,491.2,488.923,490.71,2427183.0
2025-12-16 20:55:00+00:00,490.725,491.5,489.3,489.8,3066848.0
2025-12-16 21:00:00+00:00,489.82,490.6,489.65,490.32,501810.0
2025-12-16 21:05:00+00:00,490.6,491.87,489.3,489.33,236263.0
2025-12-16 21:10:00+00:00,489.41,490.0,489.11,489.3,91175.0
2025-12-16 21:15:00+00:00,489.33,489.88,488.27,488.2701,99659.0
2025-12-16 21:20:00+00:00,488.3354,488.9,488.2,488.8004,91434.0
2025-12-16 21:25:00+00:00,488.83,490.75,488.76,490.41,115058.0
2025-12-16 21:30:00+00:00,490.22,491.33,490.22,490.85,92780.0
2025-12-16 21:35:00+00:00,490.95,491.0813,489.5,489.5372,63545.0
2025-12-16 21:40:00+00:00,489.5,489.88,489.11,489.64,40899.0
2025-12-16 21:45:00+00:00,489.64,489.95,488.75,488.9,47223.0
2025-12-16 21:50:00+00:00,488.94,489.75,488.922,489.3,29129.0
2025-12-16 21:55:00+00:00,489.23,489.23,488.4,488.4125,49114.0
2025-12-16 22:00:00+00:00,488.5,488.74,488.21,488.538,41656.0
2025-12-16 22:05:00+00:00,488.6,488.99,488.3003,488.9492,45083.0
2025-12-16 22:10:00+00:00,488.9,489.55,488.82,488.9,44645.0
2025-12-16 22:15:00+00:00,488.82,489.15,488.5,488.59,16450.0
2025-12-16 22:20:00+00:00,488.51,488.53,488.3,488.3499,28650.0
2025-12-16 22:25:00+00:00,488.35,488.8,488.35,488.55,20062.0
2025-12-16 22:30:00+00:00,488.58,488.59,488.45,488.59,8903.0
2025-12-16 22:35:00+00:00,488.58,489.0,488.416,488.85,45548.0
2025-12-16 22:40:00+00:00,488.82,489.88,488.79,488.89,23338.0
2025-12-16 22:45:00+00:00,488.85,489.0,488.7,488.745,13268.0
2025-12-16 22:50:00+00:00,488.7975,488.7975,488.45,488.69,18207.0
2025-12-16 22:55:00+00:00,488.6329,488.67,488.51,488.6499,13719.0
2025-12-16 23:00:00+00:00,488.58,488.99,488.21,488.21,29028.0
2025-12-16 23:05:00+00:00,488.21,488.29,487.4,487.95,100157.0
2025-12-16 23:10:00+00:00,487.96,488.24,487.6,488.0981,18920.0
2025-12-16 23:15:00+00:00,488.1,488.21,487.85,487.85,14258.0
2025-12-16 23:20:00+00:00,487.99,488.4373,487.83,488.3688,16072.0
2025-12-16 23:25:00+00:00,488.35,488.95,488.35,488.7985,20002.0
2025-12-16 23:30:00+00:00,488.8,489.25,488.6,489.18,22781.0
2025-12-16 23:35:00+00:00,489.2,489.35,479.12,479.81,452284.0
2025-12-16 23:40:00+00:00,479.72,487.0,479.27,483.93,258892.0
2025-12-16 23:45:00+00:00,483.84,486.23,483.039,484.8188,176990.0
2025-12-16 23:50:00+00:00,484.91,486.23,484.4022,485.11,110415.0
2025-12-16 23:55:00+00:00,485.278,486.05,485.16,485.6,83099.0
2025-12-17 00:00:00+00:00,485.63,486.5,485.23,485.88,77350.0
2025-12-17 00:05:00+00:00,485.88,486.31,485.2801,486.0,42838.0
2025-12-17 00:10:00+00:00,486.0483,486.3,484.3,484.53,42954.0
2025-12-17 00:15:00+00:00,484.5328,485.49,484.5,485.23,44884.0
2025-12-17 00:20:00+00:00,485.03,486.0,485.0,485.51,36038.0
2025-12-17 00:25:00+00:00,485.45,486.39,485.416,485.5,22987.0
2025-12-17 00:30:00+00:00,486.0,486.1946,485.4,486.0,26881.0
2025-12-17 00:35:00+00:00,486.0113,486.16,485.63,485.9,23401.0
2025-12-17 00:40:00+00:00,485.916,486.8963,485.8,486.56,50380.0
2025-12-17 00:45:00+00:00,486.89,487.8,486.8,487.64,56381.0
2025-12-17 00:50:00+00:00,487.6599,488.8,487.56,488.8,88231.0
2025-12-17 00:55:00+00:00,488.84,490.99,488.2319,490.5701,158614.0
2025-12-17 09:00:00+00:00,493.3,494.36,491.85,491.93,45568.0
2025-12-17 09:05:00+00:00,491.9,492.29,491.25,491.39,25067.0
2025-12-17 09:10:00+00:00,491.41,492.22,491.19,491.69,38262.0
2025-12-17 09:15:00+00:00,491.74,492.8,491.74,492.39,15059.0
2025-12-17 09:20:00+00:00,492.44,492.75,491.8,491.91,12885.0
2025-12-17 09:25:00+00:00,492.16,492.2,491.71,492.05,8402.0
2025-12-17 09:30:00+00:00,491.95,492.11,491.61,491.88,6533.0
2025-12-17 09:35:00+00:00,491.91,492.73,491.91,492.3,17168.0
2025-12-17 09:40:00+00:00,492.33,492.76,492.07,492.56,14729.0
2025-12-17 09:45:00+00:00,492.49,492.5,492.2,492.49,10434.0
2025-12-17 09:50:00+00:00,492.5,493.24,492.4,492.93,30168.0
2025-12-17 09:55:00+00:00,492.95,493.09,492.54,492.61,7114.0
2025-12-17 10:00:00+00:00,492.52,492.8,492.43,492.8,12072.0
2025-12-17 10:05:00+00:00,492.82,493.2,492.82,492.9,20510.0
2025-12-17 10:10:00+00:00,492.89,493.27,492.85,493.16,19427.0
2025-12-17 10:15:00+00:00,493.1,493.11,492.68,492.87,10696.0
2025-12-17 10:20:00+00:00,492.86,493.0,492.77,492.84,9246.0
2025-12-17 10:25:00+00:00,492.84,493.15,492.74,492.85,35506.0
2025-12-17 10:30:00+00:00,492.92,493.0,492.06,492.36,17160.0
2025-12-17 10:35:00+00:00,492.35,492.35,492.01,492.09,7896.0
2025-12-17 10:40:00+00:00,492.1,492.13,491.49,491.65,25518.0
2025-12-17 10:45:00+00:00,491.62,492.24,491.4,492.21,22117.0
2025-12-17 10:50:00+00:00,492.19,492.44,491.99,492.02,8666.0
2025-12-17 10:55:00+00:00,492.01,492.03,490.61,491.31,28721.0
2025-12-17 11:00:00+00:00,491.35,491.39,490.32,490.6,12660.0
2025-12-17 11:05:00+00:00,490.66,492.1,490.54,491.88,20704.0
2025-12-17 11:10:00+00:00,491.99,492.0,491.0,491.29,12001.0
2025-12-17 11:15:00+00:00,491.29,491.29,490.05,490.16,25640.0
2025-12-17 11:20:00+00:00,490.05,491.26,490.05,490.74,14521.0
2025-12-17 11:25:00+00:00,490.69,490.8,490.05,490.05,9794.0
2025-12-17 11:30:00+00:00,490.1,490.45,490.0,490.39,24436.0
2025-12-17 11:35:00+00:00,490.41,490.41,489.11,489.23,47400.0
2025-12-17 11:40:00+00:00,489.24,489.67,489.2,489.63,20684.0
2025-12-17 11:45:00+00:00,489.7,489.7,488.58,489.03,36738.0
2025-12-17 11:50:00+00:00,489.2,490.19,489.2,489.8,25650.0
2025-12-17 11:55:00+00:00,489.85,490.4,489.6,490.24,21228.0
2025-12-17 12:00:00+00:00,490.27,490.99,489.77,490.89,61835.0
2025-12-17 12:05:00+00:00,490.85,491.47,490.0,490.85,44486.0
2025-12-17 12:10:00+00:00,490.8,492.13,490.02,492.1,62939.0
2025-12-17 12:15:00+00:00,492.05,492.05,490.8,491.4,34030.0
2025-12-17 12:20:00+00:00,491.4,491.4,490.39,490.8,46022.0
2025-12-17 12:25:00+00:00,490.75,490.75,490.4,490.51,12476.0
2025-12-17 12:30:00+00:00,490.55,490.96,490.51,490.64,21373.0
2025-12-17 12:35:00+00:00,490.65,491.0,490.32,490.4,23580.0
2025-12-17 12:40:00+00:00,490.41,490.64,490.25,490.3,14549.0
2025-12-17 12:45:00+00:00,490.3,490.35,489.0,489.2,63784.0
2025-12-17 12:50:00+00:00,489.17,489.33,488.82,489.15,30849.0
2025-12-17 12:55:00+00:00,489.05,489.05,488.0,488.31,42289.0
2025-12-17 13:00:00+00:00,488.31,496.0,488.01,489.35,1281575.0
2025-12-17 13:05:00+00:00,489.34,489.5,488.88,489.2,42837.0
2025-12-17 13:10:00+00:00,489.2292,489.46,487.77,488.19,73950.0
2025-12-17 13:15:00+00:00,488.18,488.9436,487.75,487.8,78416.0
2025-12-17 13:20:00+00:00,487.8,488.5,486.93,487.35,116316.0
2025-12-17 13:25:00+00:00,487.4,487.45,486.5,487.11,70485.0
2025-12-17 13:30:00+00:00,487.1,487.4,487.0,487.31,47352.0
2025-12-17 13:35:00+00:00,487.39,487.43,486.4,486.83,62192.0
2025-12-17 13:40:00+00:00,486.7,487.78,486.6,487.78,79644.0
2025-12-17 13:45:00+00:00,487.77,488.4799,487.7,487.93,69051.0
2025-12-17 13:50:00+00:00,487.88,488.15,487.2556,487.3001,58654.0
2025-12-17 13:55:00+00:00,487.3,488.49,487.0,488.2371,59974.0
2025-12-17 14:00:00+00:00,488.3615,488.38,487.5799,487.61,49464.0
2025-12-17 14:05:00+00:00,487.61,487.93,487.3,487.7,84880.0
2025-12-17 14:10:00+00:00,487.75,487.8,486.5,486.95,305063.0
2025-12-17 14:15:00+00:00,486.8507,487.29,486.5,487.19,57043.0
2025-12-17 14:20:00+00:00,487.13,487.21,486.72,486.7958,54890.0
2025-12-17 14:25:00+00:00,486.8,489.05,486.7,488.37,210596.0
2025-12-17 14:30:00+00:00,488.22,495.2799,487.17,492.99,5086326.0
2025-12-17 14:35:00+00:00,493.06,494.19,489.21,491.065,2640878.0
2025-12-17 14:40:00+00:00,491.0575,491.37,488.1,490.05,2146554.0
2025-12-17 14:45:00+00:00,490.05,490.89,486.22,489.2788,2116061.0
2025-12-17 14:50:00+00:00,489.29,493.448,489.19,493.0,2397965.0
2025-12-17 14:55:00+00:00,492.9501,493.98,491.76,492.8933,1719907.0
2025-12-17 15:00:00+00:00,492.92,493.1988,490.15,490.5325,1486602.0
2025-12-17 15:05:00+00:00,490.62,493.22,490.07,491.11,1394489.0
2025-12-17 15:10:00+00:00,491.11,492.05,489.36,490.79,1413873.0
2025-12-17 15:15:00+00:00,490.7815,491.87,490.31,491.39,990055.0
2025-12-17 15:20:00+00:00,491.39,491.49,488.58,489.495,1313243.0
2025-12-17 15:25:00+00:00,489.485,490.8299,487.6501,490.7,1448626.0
2025-12-17 15:30:00+00:00,490.67,491.2599,488.55,488.71,996321.0
2025-12-17 15:35:00+00:00,488.69,488.8921,485.45,486.02,1837533.0
2025-12-17 15:40:00+00:00,485.94,486.72,483.88,484.37,1632081.0
2025-12-17 15:45:00+00:00,484.3141,485.25,483.04,483.42,1490251.0
2025-12-17 15:50:00+00:00,483.37,483.99,478.95,479.81,2574206.0
2025-12-17 15:55:00+00:00,479.75,480.21,477.3,478.17,2141122.0
2025-12-17 16:00:00+00:00,478.1,479.04,476.92,478.22,1749403.0
2025-12-17 16:05:00+00:00,478.18,479.97,477.35,479.8,2172273.0
2025-12-17 16:10:00+00:00,479.7952,480.4799,474.82,475.17,2153367.0
2025-12-17 16:15:00+00:00,475.13,477.18,474.2,476.745,1762061.0
2025-12-17 16:20:00+00:00,476.74,477.88,475.05,476.95,1213571.0
2025-12-17 16:25:00+00:00,476.8,479.36,476.73,478.3694,1275016.0
2025-12-17 16:30:00+00:00,478.34,478.34,475.8,476.405,1062593.0
2025-12-17 16:35:00+00:00,476.4,478.65,475.56,477.8,1119315.0
2025-12-17 16:40:00+00:00,477.8,478.82,477.11,478.28,793634.0
2025-12-17 16:45:00+00:00,478.265,478.88,476.66,477.11,913620.0
2025-12-17 16:50:00+00:00,477.0725,477.99,476.11,477.44,953971.0
2025-12-17 16:55:00+00:00,477.37,477.43,475.03,476.8494,982585.0
2025-12-17 17:00:00+00:00,476.89,477.43,475.1301,475.5,796369.0
2025-12-17 17:05:00+00:00,475.49,476.7299,475.3501,475.89,722052.0
2025-12-17 17:10:00+00:00,475.84,477.22,475.43,475.8778,707742.0
2025-12-17 17:15:00+00:00,475.8479,477.78,474.94,477.575,1033951.0
2025-12-17 17:20:00+00:00,477.54,478.8299,477.44,478.6368,814551.0
2025-12-17 17:25:00+00:00,478.66,478.8,477.5,478.0601,589320.0
2025-12-17 17:30:00+00:00,478.14,479.4,477.5254,477.585,954775.0
2025-12-17 17:35:00+00:00,477.56,477.87,476.2801,476.3,717421.0
2025-12-17 17:40:00+00:00,476.32,476.5599,473.49,473.7236,1229202.0
2025-12-17 17:45:00+00:00,473.76,474.95,472.73,474.775,1213788.0
2025-12-17 17:50:00+00:00,474.69,475.22,473.8501,474.03,705870.0
2025-12-17 17:55:00+00:00,474.11,474.93,473.83,474.772,462291.0
2025-12-17 18:00:00+00:00,474.78,476.42,474.78,476.23,735113.0
2025-12-17 18:05:00+00:00,476.26,477.09,476.05,476.57,543302.0
2025-12-17 18:10:00+00:00,476.64,477.15,475.96,476.4,550373.0
2025-12-17 18:15:00+00:00,476.36,476.36,474.86,475.085,712832.0
2025-12-17 18:20:00+00:00,475.06,476.19,474.49,475.68,589402.0
2025-12-17 18:25:00+00:00,475.6411,475.8,474.35,474.51,477391.0
2025-12-17 18:30:00+00:00,474.53,474.87,473.28,473.73,636537.0
2025-12-17 18:35:00+00:00,473.71,474.13,472.15,472.21,789358.0
2025-12-17 18:40:00+00:00,472.21,472.3,470.28,470.75,1426407.0
2025-12-17 18:45:00+00:00,470.69,471.0,468.21,468.32,1572329.0
2025-12-17 18:50:00+00:00,468.33,468.91,467.57,467.67,1121188.0
2025-12-17 18:55:00+00:00,467.7,468.47,467.4104,468.01,976010.0
2025-12-17 19:00:00+00:00,467.9985,468.39,466.2,467.23,1292999.0
2025-12-17 19:05:00+00:00,467.25,469.0299,467.2001,468.11,1103305.0
2025-12-17 19:10:00+00:00,467.9867,469.0,467.7815,468.542,851855.0
2025-12-17 19:15:00+00:00,468.54,468.97,467.91,468.575,708656.0
2025-12-17 19:20:00+00:00,468.62,469.17,467.77,468.03,774985.0
2025-12-17 19:25:00+00:00,468.05,468.62,466.7501,467.23,849282.0
2025-12-17 19:30:00+00:00,467.22,467.89,466.82,467.08,720411.0
2025-12-17 19:35:00+00:00,467.03,468.18,466.94,467.97,689820.0
2025-12-17 19:40:00+00:00,468.0,468.3499,467.4101,468.01,599640.0
2025-12-17 19:45:00+00:00,468.03,468.9,467.88,468.8175,642219.0
2025-12-17 19:50:00+00:00,468.86,469.95,468.7,469.85,818578.0
2025-12-17 19:55:00+00:00,469.865,470.87,469.55,470.85,1021735.0
2025-12-17 20:00:00+00:00,470.835,471.02,469.41,469.4791,945203.0
2025-12-17 20:05:00+00:00,469.49,470.71,468.73,468.825,935961.0
2025-12-17 20:10:00+00:00,468.84,469.376,468.33,468.879,707850.0
2025-12-17 20:15:00+00:00,468.85,471.1,468.82,470.7,909427.0
2025-12-17 20:20:00+00:00,470.7,471.22,470.37,471.19,702367.0
2025-12-17 20:25:00+00:00,471.22,471.25,469.7,470.49,750493.0
2025-12-17 20:30:00+00:00,470.45,470.9,468.1301,469.07,1116050.0
2025-12-17 20:35:00+00:00,469.05,469.1694,468.03,468.17,916523.0
2025-12-17 20:40:00+00:00,468.168,469.42,468.05,469.37,830196.0
2025-12-17 20:45:00+00:00,469.37,469.855,468.84,469.13,874009.0
2025-12-17 20:50:00+00:00,469.21,470.8,467.41,468.369,1502399.0
2025-12-17 20:55:00+00:00,468.31,468.7983,466.86,467.2,2165715.0
2025-12-17 21:00:00+00:00,467.26,468.5,467.08,468.26,430147.0
2025-12-17 21:05:00+00:00,468.27,469.48,467.26,469.47,110179.0
2025-12-17 21:10:00+00:00,469.47,470.2899,469.28,469.5701,72296.0
2025-12-17 21:15:00+00:00,469.71,469.96,468.86,469.1,34536.0
2025-12-17 21:20:00+00:00,469.1,469.1856,467.9,468.3024,42478.0
2025-12-17 21:25:00+00:00,468.36,468.4457,467.92,468.28,24222.0
2025-12-17 21:30:00+00:00,468.24,468.87,467.26,468.3,28894.0
2025-12-17 21:35:00+00:00,468.25,468.4,467.95,468.0,17146.0
2025-12-17 21:40:00+00:00,468.02,468.35,467.5,467.61,34220.0
2025-12-17 21:45:00+00:00,467.7,467.85,467.26,467.57,36463.0
2025-12-17 21:50:00+00:00,467.51,467.8,466.68,466.68,45296.0
2025-12-17 21:55:00+00:00,466.6752,466.95,466.23,466.23,56048.0
2025-12-17 22:00:00+00:00,466.3,466.6,466.07,466.37,31261.0
2025-12-17 22:05:00+00:00,466.25,466.5,464.34,465.33,116264.0
2025-12-17 22:10:00+00:00,465.3,465.83,465.25,465.83,29581.0
2025-12-17 22:15:00+00:00,465.86,466.5,465.42,466.3799,30865.0
2025-12-17 22:20:00+00:00,466.36,467.0,466.36,466.81,24417.0
2025-12-17 22:25:00+00:00,466.8,467.75,466.545,466.79,20693.0
2025-12-17 22:30:00+00:00,466.6848,467.76,466.6848,467.68,22083.0
2025-12-17 22:35:00+00:00,467.7584,468.668,467.58,468.62,39930.0
2025-12-17 22:40:00+00:00,468.6014,468.9894,468.2,468.42,27304.0
2025-12-17 22:45:00+00:00,468.5,469.14,468.35,468.75,26321.0
2025-12-17 22:50:00+00:00,468.97,468.97,468.64,468.72,23128.0
2025-12-17 22:55:00+00:00,468.6,468.74,468.2,468.6,15712.0
2025-12-17 23:00:00+00:00,468.7,468.87,468.2965,468.74,18685.0
2025-12-17 23:05:00+00:00,468.7271,468.7271,467.69,467.75,24326.0
2025-12-17 23:10:00+00:00,467.77,468.31,467.6,468.31,247332.0
2025-12-17 23:15:00+00:00,468.39,468.6,468.14,468.5,13456.0
2025-12-17 23:20:00+00:00,468.4,468.4596,468.1,468.1,11536.0
2025-12-17 23:25:00+00:00,468.2,468.2,467.61,468.2,17225.0
2025-12-17 23:30:00+00:00,468.11,468.19,467.6,467.71,10204.0
2025-12-17 23:35:00+00:00,467.8,468.07,467.76,468.0,8531.0
2025-12-17 23:40:00+00:00,468.0609,468.41,467.9726,468.4,11477.0
2025-12-17 23:45:00+00:00,468.4,468.4,468.0,468.1,7720.0
2025-12-17 23:50:00+00:00,468.05,468.1,467.5,467.7499,13108.0
2025-12-17 23:55:00+00:00,467.67,467.67,467.2013,467.3999,21108.0
2025-12-18 00:00:00+00:00,467.43,467.6,467.1201,467.15,12575.0
2025-12-18 00:05:00+00:00,467.2265,467.68,466.84,467.57,34416.0
2025-12-18 00:10:00+00:00,467.67,467.67,467.3945,467.6,16311.0
2025-12-18 00:15:00+00:00,467.61,468.3,467.44,468.1,13584.0
2025-12-18 00:20:00+00:00,468.11,468.3,467.71,468.1,12586.0
2025-12-18 00:25:00+00:00,468.05,468.1696,467.8,467.8,9895.0
2025-12-18 00:30:00+00:00,467.8,468.15,467.77,467.92,7646.0
2025-12-18 00:35:00+00:00,467.9987,468.15,467.8,468.0,8322.0
2025-12-18 00:40:00+00:00,467.99,468.04,467.8,467.9,7606.0
2025-12-18 00:45:00+00:00,467.9005,468.6,467.9,468.55,15500.0
2025-12-18 00:50:00+00:00,468.55,469.3903,468.43,468.9368,44378.0
2025-12-18 00:55:00+00:00,468.82,469.5,468.82,469.4,28395.0
2025-12-18 09:00:00+00:00,470.0,473.06,469.89,472.5,60121.0
2025-12-18 09:05:00+00:00,472.35,473.35,472.32,473.3,20804.0
2025-12-18 09:10:00+00:00,473.39,473.8,473.0,473.28,20952.0
2025-12-18 09:15:00+00:00,473.29,473.59,473.1,473.44,7163.0
2025-12-18 09:20:00+00:00,473.44,474.3,473.4,474.2,17417.0
2025-12-18 09:25:00+00:00,474.15,474.18,473.72,473.88,13749.0
2025-12-18 09:30:00+00:00,473.87,474.5,473.87,474.5,13233.0
2025-12-18 09:35:00+00:00,474.47,474.8,474.38,474.72,13548.0
2025-12-18 09:40:00+00:00,474.79,474.8,474.01,474.32,16145.0
2025-12-18 09:45:00+00:00,474.33,474.73,474.18,474.73,15240.0
2025-12-18 09:50:00+00:00,474.73,475.2,474.6,475.15,22717.0
2025-12-18 09:55:00+00:00,475.1,475.11,474.8,475.0,12212.0
2025-12-18 10:00:00+00:00,474.88,475.09,474.65,475.05,19502.0
2025-12-18 10:05:00+00:00,475.1,475.28,474.51,474.51,19188.0
2025-12-18 10:10:00+00:00,474.53,474.91,474.51,474.55,7982.0
2025-12-18 10:15:00+00:00,474.56,474.7,474.23,474.46,15874.0
2025-12-18 10:20:00+00:00,474.46,474.58,474.16,474.19,5111.0
2025-12-18 10:25:00+00:00,474.11,474.48,474.0,474.44,14228.0
2025-12-18 10:30:00+00:00,474.48,474.6,474.37,474.37,16931.0
2025-12-18 10:35:00+00:00,474.43,474.43,474.11,474.16,5525.0
2025-12-18 10:40:00+00:00,474.15,474.3,474.12,474.19,3760.0
2025-12-18 10:45:00+00:00,474.25,474.25,473.88,474.1,12417.0
2025-12-18 10:50:00+00:00,474.1,474.1,473.8,473.81,10400.0
2025-12-18 10:55:00+00:00,473.82,473.99,473.64,473.83,9185.0
2025-12-18 11:00:00+00:00,473.85,474.0,473.37,473.88,9800.0
2025-12-18 11:05:00+00:00,473.8,473.88,473.67,473.76,4833.0
2025-12-18 11:10:00+00:00,473.8,473.86,473.59,473.67,8437.0
2025-12-18 11:15:00+00:00,473.75,473.95,473.75,473.86,11209.0
2025-12-18 11:20:00+00:00,473.83,473.92,473.55,473.57,8272.0
2025-12-18 11:25:00+00:00,473.62,473.72,473.36,473.7,7817.0
2025-12-18 11:30:00+00:00,473.7,473.76,473.35,473.35,6048.0
2025-12-18 11:35:00+00:00,473.38,473.5,473.09,473.16,9573.0
2025-12-18 11:40:00+00:00,473.16,473.54,473.06,473.07,6642.0
2025-12-18 11:45:00+00:00,473.02,473.35,472.94,473.35,14091.0
2025-12-18 11:50:00+00:00,473.38,473.59,473.24,473.42,4058.0
2025-12-18 11:55:00+00:00,473.55,473.69,473.35,473.35,9221.0
2025-12-18 12:00:00+00:00,473.34,474.26,473.33,474.25,31357.0
2025-12-18 12:05:00+00:00,474.25,474.75,474.25,474.52,18322.0
2025-12-18 12:10:00+00:00,474.55,474.55,473.81,473.83,15739.0
2025-12-18 12:15:00+00:00,473.8,473.92,473.41,473.42,7557.0
2025-12-18 12:20:00+00:00,473.43,473.89,473.09,473.26,15562.0
2025-12-18 12:25:00+00:00,473.34,473.77,473.31,473.5,7030.0
2025-12-18 12:30:00+00:00,473.57,473.96,473.53,473.8,13447.0
2025-12-18 12:35:00+00:00,473.8,474.4,473.8,473.93,24772.0
2025-12-18 12:40:00+00:00,473.86,474.7,473.5,474.6,16773.0
2025-12-18 12:45:00+00:00,474.56,474.79,474.09,474.2,14548.0
2025-12-18 12:50:00+00:00,474.2,474.2,473.88,473.88,8481.0
2025-12-18 12:55:00+00:00,473.9,474.25,473.88,473.88,11295.0
2025-12-18 13:00:00+00:00,473.68,475.1598,469.82,474.12,544551.0
2025-12-18 13:05:00+00:00,474.08,474.4,473.75,474.23,31507.0
2025-12-18 13:10:00+00:00,474.29,474.49,474.09,474.24,24157.0
2025-12-18 13:15:00+00:00,474.24,474.53,474.24,474.4899,28094.0
2025-12-18 13:20:00+00:00,474.4486,474.4497,473.95,474.32,37439.0
2025-12-18 13:25:00+00:00,474.4,474.85,474.2689,474.652,40715.0
2025-12-18 13:30:00+00:00,474.7,477.54,474.7,477.0,299611.0
2025-12-18 13:35:00+00:00,477.1,478.51,476.5884,478.43,193878.0
2025-12-18 13:40:00+00:00,478.4995,478.75,478.05,478.58,156059.0
2025-12-18 13:45:00+00:00,478.58,478.7,477.64,477.7183,165108.0
2025-12-18 13:50:00+00:00,477.7146,477.85,477.1,477.83,95242.0
2025-12-18 13:55:00+00:00,477.91,477.94,476.601,477.28,110390.0
2025-12-18 14:00:00+00:00,477.25,477.74,476.8,477.7,57085.0
2025-12-18 14:05:00+00:00,477.7268,477.9624,477.58,477.6,43315.0
2025-12-18 14:10:00+00:00,477.77,478.27,477.0,477.09,75215.0
2025-12-18 14:15:00+00:00,477.1,477.5,476.81,477.25,51211.0
2025-12-18 14:20:00+00:00,477.25,477.4,477.0,477.35,45051.0
2025-12-18 14:25:00+00:00,477.41,478.5,477.31,478.01,108092.0
2025-12-18 14:30:00+00:00,478.16,482.325,475.79,476.37,3524866.0
2025-12-18 14:35:00+00:00,476.435,476.645,473.12,475.325,2146951.0
2025-12-18 14:40:00+00:00,475.4,479.65,473.87,478.8,2115585.0
2025-12-18 14:45:00+00:00,478.8,479.49,475.5,477.54,1976870.0
2025-12-18 14:50:00+00:00,477.49,481.22,475.7501,480.87,2109848.0
2025-12-18 14:55:00+00:00,480.87,481.25,479.2501,480.9014,1662607.0
2025-12-18 15:00:00+00:00,480.91,482.92,480.22,481.755,2045120.0
2025-12-18 15:05:00+00:00,481.755,482.62,479.52,480.22,1311376.0
2025-12-18 15:10:00+00:00,480.3,480.4099,478.22,479.3101,1222641.0
2025-12-18 15:15:00+00:00,479.32,480.78,478.1,479.38,1285616.0
2025-12-18 15:20:00+00:00,479.33,481.25,477.62,481.0,1435133.0
2025-12-18 15:25:00+00:00,481.036,483.52,480.66,483.4201,1793581.0
2025-12-18 15:30:00+00:00,483.47,485.17,483.37,484.705,1981607.0
2025-12-18 15:35:00+00:00,484.69,486.06,484.46,485.525,1583153.0
2025-12-18 15:40:00+00:00,485.59,485.81,483.9,484.8599,1268140.0
2025-12-18 15:45:00+00:00,484.86,485.22,483.6,484.46,1211552.0
2025-12-18 15:50:00+00:00,484.48,485.48,483.5,485.44,999123.0
2025-12-18 15:55:00+00:00,485.43,486.94,484.59,486.4698,1477305.0
2025-12-18 16:00:00+00:00,486.43,487.25,485.58,486.68,1330738.0
2025-12-18 16:05:00+00:00,486.69,489.48,486.54,489.13,1843211.0
2025-12-18 16:10:00+00:00,489.15,490.06,488.64,489.685,1726473.0
2025-12-18 16:15:00+00:00,489.68,490.44,489.07,489.295,1474379.0
2025-12-18 16:20:00+00:00,489.295,489.85,488.3,489.43,1367715.0
2025-12-18 16:25:00+00:00,489.41,489.445,487.83,488.18,1015559.0
2025-12-18 16:30:00+00:00,488.17,489.16,487.45,487.942,1079416.0
2025-12-18 16:35:00+00:00,487.95,489.5,487.8501,488.9506,902197.0
2025-12-18 16:40:00+00:00,488.8931,489.91,488.63,489.6943,798619.0
2025-12-18 16:45:00+00:00,489.748,489.9,488.75,489.17,755924.0
2025-12-18 16:50:00+00:00,489.1534,490.66,488.86,490.535,1211242.0
2025-12-18 16:55:00+00:00,490.5,490.86,488.8901,489.18,1422869.0
2025-12-18 17:00:00+00:00,489.16,489.24,487.73,487.9,1153158.0
2025-12-18 17:05:00+00:00,487.87,488.0377,485.63,485.773,1332869.0
2025-12-18 17:10:00+00:00,485.68,487.3,485.3301,485.945,1195398.0
2025-12-18 17:15:00+00:00,485.9225,486.96,484.57,486.655,1248160.0
2025-12-18 17:20:00+00:00,486.65,487.99,486.1201,486.41,1037296.0
2025-12-18 17:25:00+00:00,486.42,488.15,485.73,487.8399,901830.0
2025-12-18 17:30:00+00:00,487.77,488.92,487.1101,488.85,908575.0
2025-12-18 17:35:00+00:00,488.87,489.38,488.35,489.0834,861020.0
2025-12-18 17:40:00+00:00,489.11,489.57,488.67,489.23,711324.0
2025-12-18 17:45:00+00:00,489.25,489.92,488.86,489.66,673476.0
2025-12-18 17:50:00+00:00,489.641,489.641,487.9176,489.1774,739214.0
2025-12-18 17:55:00+00:00,489.14,490.04,488.44,489.38,746625.0
2025-12-18 18:00:00+00:00,489.39,489.59,487.7,487.965,592168.0
2025-12-18 18:05:00+00:00,487.965,488.46,487.77,488.38,535282.0
2025-12-18 18:10:00+00:00,488.401,489.07,488.08,488.3,542171.0
2025-12-18 18:15:00+00:00,488.29,488.4925,487.22,487.78,544114.0
2025-12-18 18:20:00+00:00,487.77,489.16,487.46,489.1,555472.0
2025-12-18 18:25:00+00:00,489.075,489.2,488.42,488.622,463959.0
2025-12-18 18:30:00+00:00,488.605,488.93,488.25,488.4,403590.0
2025-12-18 18:35:00+00:00,488.345,489.2,488.26,489.025,407131.0
2025-12-18 18:40:00+00:00,489.035,489.15,488.02,488.0701,499417.0
2025-12-18 18:45:00+00:00,488.1,488.305,487.7706,488.12,413062.0
2025-12-18 18:50:00+00:00,488.105,488.97,487.9501,488.6558,411318.0
2025-12-18 18:55:00+00:00,488.66,488.96,488.31,488.375,387375.0
2025-12-18 19:00:00+00:00,488.37,488.58,486.0269,486.09,851578.0
2025-12-18 19:05:00+00:00,486.03,487.97,485.92,487.8332,862887.0
2025-12-18 19:10:00+00:00,487.835,488.4182,486.86,487.27,648067.0
2025-12-18 19:15:00+00:00,487.27,487.3052,485.63,486.2,722617.0
2025-12-18 19:20:00+00:00,486.16,486.98,485.7,485.78,593949.0
2025-12-18 19:25:00+00:00,485.76,486.8,485.46,486.6502,634424.0
2025-12-18 19:30:00+00:00,486.6203,486.655,483.83,483.91,914631.0
2025-12-18 19:35:00+00:00,483.955,485.45,483.69,485.225,797133.0
2025-12-18 19:40:00+00:00,485.22,485.27,484.13,484.42,619959.0
2025-12-18 19:45:00+00:00,484.415,485.43,483.38,485.41,864620.0
2025-12-18 19:50:00+00:00,485.43,486.33,485.0501,485.55,840717.0
2025-12-18 19:55:00+00:00,485.55,485.58,483.76,484.11,703239.0
2025-12-18 20:00:00+00:00,484.09,486.25,483.41,486.15,856052.0
2025-12-18 20:05:00+00:00,486.17,487.41,486.16,487.02,911876.0
2025-12-18 20:10:00+00:00,487.07,487.62,486.92,487.31,606924.0
2025-12-18 20:15:00+00:00,487.3201,487.7,486.18,487.165,806573.0
2025-12-18 20:20:00+00:00,487.17,487.3,486.355,487.07,550517.0
2025-12-18 20:25:00+00:00,487.07,487.23,486.08,486.59,577697.0
2025-12-18 20:30:00+00:00,486.62,487.55,486.0982,487.3915,649366.0
2025-12-18 20:35:00+00:00,487.45,487.65,486.94,487.3,640820.0
2025-12-18 20:40:00+00:00,487.3,488.11,486.91,487.98,941440.0
2025-12-18 20:45:00+00:00,487.97,488.9,487.61,488.8187,878429.0
2025-12-18 20:50:00+00:00,488.84,488.94,486.71,487.28,1288024.0
2025-12-18 20:55:00+00:00,487.27,487.35,483.16,483.395,2660199.0
2025-12-18 21:00:00+00:00,483.37,483.73,482.12,482.37,494674.0
2025-12-18 21:05:00+00:00,482.375,483.37,481.94,482.5316,311087.0
2025-12-18 21:10:00+00:00,482.62,482.83,482.35,482.5,51657.0
2025-12-18 21:15:00+00:00,482.41,482.75,482.41,482.75,37656.0
2025-12-18 21:20:00+00:00,482.73,483.6,482.58,483.55,48130.0
2025-12-18 21:25:00+00:00,483.58,483.72,482.7501,483.0,52085.0
2025-12-18 21:30:00+00:00,482.99,483.18,482.55,482.9733,30219.0
2025-12-18 21:35:00+00:00,482.97,483.37,482.59,482.8,19895.0
2025-12-18 21:40:00+00:00,482.78,482.85,482.61,482.61,14355.0
2025-12-18 21:45:00+00:00,482.6234,482.86,482.6,482.64,15302.0
2025-12-18 21:50:00+00:00,482.67,483.37,482.5,482.6,21424.0
2025-12-18 21:55:00+00:00,482.6,482.9,482.57,482.9,13844.0
2025-12-18 22:00:00+00:00,482.91,483.5,482.9014,483.4998,16535.0
2025-12-18 22:05:00+00:00,483.5,483.69,483.15,483.452,20144.0
2025-12-18 22:10:00+00:00,483.46,483.5,483.2711,483.5,11535.0
2025-12-18 22:15:00+00:00,483.5,483.69,483.31,483.69,11192.0
2025-12-18 22:20:00+00:00,483.68,483.84,483.5,483.58,16576.0
2025-12-18 22:25:00+00:00,483.6475,484.34,483.58,484.05,27011.0
2025-12-18 22:30:00+00:00,484.0953,485.0,484.05,484.05,27350.0
2025-12-18 22:35:00+00:00,484.05,484.1168,483.5029,483.9001,17978.0
2025-12-18 22:40:00+00:00,483.87,484.44,483.85,484.32,14282.0
2025-12-18 22:45:00+00:00,484.3504,484.3964,484.2,484.35,9221.0
2025-12-18 22:50:00+00:00,484.35,484.47,484.18,484.35,6882.0
2025-12-18 22:55:00+00:00,484.3981,484.51,484.11,484.3009,11732.0
2025-12-18 23:00:00+00:00,484.37,484.4,483.83,484.17,14506.0
2025-12-18 23:05:00+00:00,484.02,484.1,483.31,483.81,23701.0
2025-12-18 23:10:00+00:00,483.81,483.81,483.56,483.8,9739.0
2025-12-18 23:15:00+00:00,483.89,483.92,483.5,483.6,6517.0
2025-12-18 23:20:00+00:00,483.7,483.7,483.2,483.31,11623.0
2025-12-18 23:25:00+00:00,483.31,483.42,483.09,483.35,25358.0
2025-12-18 23:30:00+00:00,483.11,483.92,483.11,483.39,7201.0
2025-12-18 23:35:00+00:00,483.3608,483.55,483.32,483.55,3431.0
2025-12-18 23:40:00+00:00,483.6332,483.7,483.28,483.56,12899.0
2025-12-18 23:45:00+00:00,483.61,483.8,483.59,483.8,7152.0
2025-12-18 23:50:00+00:00,483.7987,484.37,483.76,484.21,16456.0
2025-12-18 23:55:00+00:00,484.2845,484.47,484.05,484.47,16667.0
2025-12-19 00:00:00+00:00,484.469,484.51,484.1,484.31,13425.0
2025-12-19 00:05:00+00:00,484.33,484.3808,484.04,484.0788,6068.0
2025-12-19 00:10:00+00:00,484.23,484.23,484.0,484.02,26633.0
2025-12-19 00:15:00+00:00,484.0,484.18,483.8905,484.158,7521.0
2025-12-19 00:20:00+00:00,484.13,484.18,483.89,483.8905,7296.0
2025-12-19 00:25:00+00:00,483.9,484.18,483.8818,484.18,15321.0
2025-12-19 00:30:00+00:00,484.16,484.34,484.11,484.15,10935.0
2025-12-19 00:35:00+00:00,484.1513,484.44,484.11,484.34,22921.0
2025-12-19 00:40:00+00:00,484.2999,484.49,484.2999,484.3,14329.0
2025-12-19 00:45:00+00:00,484.3,484.58,484.3,484.4806,19600.0
2025-12-19 00:50:00+00:00,484.5808,484.79,484.54,484.61,18896.0
2025-12-19 00:55:00+00:00,484.6,484.75,484.4,484.7,28127.0
2025-12-19 09:00:00+00:00,487.67,487.67,486.65,487.2,13927.0
2025-12-19 09:05:00+00:00,487.3,487.59,487.2,487.5,10122.0
2025-12-19 09:10:00+00:00,487.5,487.59,487.18,487.57,5073.0
2025-12-19 09:15:00+00:00,487.48,488.26,487.17,488.26,11173.0
2025-12-19 09:20:00+00:00,488.28,488.8,488.27,488.7,12516.0
2025-12-19 09:25:00+00:00,488.76,489.2,488.7,489.14,20548.0
2025-12-19 09:30:00+00:00,489.14,489.14,488.75,488.8,8343.0
2025-12-19 09:35:00+00:00,488.87,489.18,488.75,489.13,7414.0
2025-12-19 09:40:00+00:00,489.16,489.4,489.15,489.3,9048.0
2025-12-19 09:45:00+00:00,489.3,489.9,489.11,489.26,19258.0
2025-12-19 09:50:00+00:00,489.2,489.26,489.0,489.05,11380.0
2025-12-19 09:55:00+00:00,489.04,489.06,488.8,489.06,8439.0
2025-12-19 10:00:00+00:00,489.05,489.43,488.85,489.26,9339.0
2025-12-19 10:05:00+00:00,489.24,489.24,488.8,488.8,10332.0
2025-12-19 10:10:00+00:00,488.8,489.2,488.8,489.2,4652.0
2025-12-19 10:15:00+00:00,489.19,489.58,489.15,489.47,7183.0
2025-12-19 10:20:00+00:00,489.3,489.36,489.06,489.16,4849.0
2025-12-19 10:25:00+00:00,489.13,489.19,488.88,488.91,4752.0
2025-12-19 10:30:00+00:00,488.81,489.31,488.8,488.91,20846.0
2025-12-19 10:35:00+00:00,488.84,488.84,488.54,488.61,5245.0
2025-12-19 10:40:00+00:00,488.65,488.7,488.2,488.7,5440.0
2025-12-19 10:45:00+00:00,488.65,488.65,488.34,488.41,4947.0
2025-12-19 10:50:00+00:00,488.47,488.5,488.05,488.2,7925.0
2025-12-19 10:55:00+00:00,488.16,488.46,487.99,488.41,49816.0
2025-12-19 11:00:00+00:00,488.36,488.5,488.2,488.46,3908.0
2025-12-19 11:05:00+00:00,488.4,488.44,488.0,488.02,29903.0
2025-12-19 11:10:00+00:00,488.0,488.49,487.99,488.49,12275.0
2025-12-19 11:15:00+00:00,488.49,489.57,488.49,489.0,23722.0
2025-12-19 11:20:00+00:00,488.95,489.0,488.71,488.85,5158.0
2025-12-19 11:25:00+00:00,488.86,488.88,488.71,488.71,9867.0
2025-12-19 11:30:00+00:00,488.7,488.7,488.5,488.51,7865.0
2025-12-19 11:35:00+00:00,488.5,488.66,488.4,488.66,8335.0
2025-12-19 11:40:00+00:00,488.61,488.96,488.6,488.6,5064.0
2025-12-19 11:45:00+00:00,488.72,488.75,488.11,488.3,11585.0
2025-12-19 11:50:00+00:00,488.2,488.3,488.1,488.3,3759.0
2025-12-19 11:55:00+00:00,488.28,488.28,487.99,488.09,15765.0
2025-12-19 12:00:00+00:00,488.1,488.63,488.0,488.4,21649.0
2025-12-19 12:05:00+00:00,488.44,488.52,487.8,487.8,18714.0
2025-12-19 12:10:00+00:00,487.75,488.38,487.75,488.29,6599.0
2025-12-19 12:15:00+00:00,488.24,488.33,488.0,488.02,7758.0
2025-12-19 12:20:00+00:00,488.06,488.32,488.0,488.2,4743.0
2025-12-19 12:25:00+00:00,488.18,489.47,488.11,489.35,28490.0
2025-12-19 12:30:00+00:00,489.38,489.44,488.6,488.77,15015.0
2025-12-19 12:35:00+00:00,488.7,488.7,488.41,488.55,6614.0
2025-12-19 12:40:00+00:00,488.48,489.0,488.41,488.8,19912.0
2025-12-19 12:45:00+00:00,488.7,488.84,488.7,488.8,6420.0
2025-12-19 12:50:00+00:00,488.84,488.86,488.05,488.1,24570.0
2025-12-19 12:55:00+00:00,488.1,488.1,487.28,487.28,25438.0
2025-12-19 13:00:00+00:00,487.47,489.9,486.25,487.8,441317.0
2025-12-19 13:05:00+00:00,487.84,487.86,487.55,487.83,18139.0
2025-12-19 13:10:00+00:00,487.802,487.9,487.5589,487.78,14464.0
2025-12-19 13:15:00+00:00,487.6729,487.7318,487.4,487.53,14708.0
2025-12-19 13:20:00+00:00,487.4802,487.9,487.4802,487.5509,19938.0
2025-12-19 13:25:00+00:00,487.5608,487.68,487.12,487.28,25498.0
2025-12-19 13:30:00+00:00,487.1201,487.3,486.7,487.15,42000.0
2025-12-19 13:35:00+00:00,487.24,487.6799,487.1728,487.33,33366.0
2025-12-19 13:40:00+00:00,487.3335,487.6,487.2,487.29,17231.0
2025-12-19 13:45:00+00:00,487.3,487.4677,487.1,487.43,18925.0
2025-12-19 13:50:00+00:00,487.4696,487.5,487.22,487.22,13731.0
2025-12-19 13:55:00+00:00,487.2209,487.62,487.22,487.3313,17612.0
2025-12-19 14:00:00+00:00,487.33,487.33,486.25,486.54,47859.0
2025-12-19 14:05:00+00:00,486.53,486.8,486.05,486.4,37990.0
2025-12-19 14:10:00+00:00,486.4,487.0,486.4,486.8,36367.0
2025-12-19 14:15:00+00:00,486.9,487.71,486.6701,487.6,55210.0
2025-12-19 14:20:00+00:00,487.6408,488.44,487.4,488.39,72766.0
2025-12-19 14:25:00+00:00,488.21,489.63,487.8,488.3,162856.0
2025-12-19 14:30:00+00:00,488.12,490.49,484.8,485.55,5159893.0
2025-12-19 14:35:00+00:00,485.565,486.22,483.3101,484.12,2044508.0
2025-12-19 14:40:00+00:00,484.17,485.5899,481.535,485.4868,2475858.0
2025-12-19 14:45:00+00:00,485.55,485.8,482.4,482.8025,1648156.0
2025-12-19 14:50:00+00:00,482.87,484.82,482.1,483.058,1463780.0
2025-12-19 14:55:00+00:00,483.03,485.52,482.77,484.76,1365148.0
2025-12-19 15:00:00+00:00,484.75,486.3,483.4,483.945,1395424.0
2025-12-19 15:05:00+00:00,483.91,484.88,483.04,483.4905,1060605.0
2025-12-19 15:10:00+00:00,483.46,484.8,483.14,483.5328,895870.0
2025-12-19 15:15:00+00:00,483.54,483.98,481.5701,482.185,1476970.0
2025-12-19 15:20:00+00:00,482.185,483.59,482.0,482.1,937758.0
2025-12-19 15:25:00+00:00,482.06,482.22,480.1,480.545,1645298.0
2025-12-19 15:30:00+00:00,480.53,481.35,479.721,479.925,1268943.0
2025-12-19 15:35:00+00:00,479.925,480.97,479.25,479.9825,1019826.0
2025-12-19 15:40:00+00:00,480.07,480.57,478.8,478.85,1057142.0
2025-12-19 15:45:00+00:00,478.825,479.25,477.76,477.7739,1206088.0
2025-12-19 15:50:00+00:00,477.7815,479.54,477.74,478.67,1011744.0
2025-12-19 15:55:00+00:00,478.72,479.5,478.01,478.335,861812.0
2025-12-19 16:00:00+00:00,478.335,479.02,477.75,478.45,852199.0
2025-12-19 16:05:00+00:00,478.4808,479.26,478.0,478.83,693962.0
2025-12-19 16:10:00+00:00,478.81,480.0,478.3517,479.9,910053.0
2025-12-19 16:15:00+00:00,479.8802,481.25,479.72,480.74,1123575.0
2025-12-19 16:20:00+00:00,480.7799,481.37,480.41,480.73,709268.0
2025-12-19 16:25:00+00:00,480.7501,481.72,480.1,481.455,882328.0
2025-12-19 16:30:00+00:00,481.455,481.9,480.47,480.6044,659041.0
2025-12-19 16:35:00+00:00,480.5875,480.88,478.42,478.535,978365.0
2025-12-19 16:40:00+00:00,478.55,478.83,477.2001,477.3599,1116899.0
2025-12-19 16:45:00+00:00,477.3599,477.7023,475.22,475.59,2516265.0
2025-12-19 16:50:00+00:00,475.6301,476.67,474.72,475.99,1305361.0
2025-12-19 16:55:00+00:00,476.0413,476.42,475.3301,475.46,646458.0
2025-12-19 17:00:00+00:00,475.46,476.79,475.42,476.67,714329.0
2025-12-19 17:05:00+00:00,476.66,478.02,476.5766,477.63,936118.0
2025-12-19 17:10:00+00:00,477.63,477.9399,476.87,477.8297,619811.0
2025-12-19 17:15:00+00:00,477.79,478.86,477.755,478.3661,767057.0
2025-12-19 17:20:00+00:00,478.405,479.24,478.31,479.0999,629401.0
2025-12-19 17:25:00+00:00,479.1,479.61,478.75,479.3408,636714.0
2025-12-19 17:30:00+00:00,479.345,480.4,479.0,480.0317,906263.0
2025-12-19 17:35:00+00:00,480.0475,480.47,479.42,479.6076,687398.0
2025-12-19 17:40:00+00:00,479.62,479.77,478.56,478.74,684696.0
2025-12-19 17:45:00+00:00,478.755,479.74,478.12,479.49,682661.0
2025-12-19 17:50:00+00:00,479.52,480.06,478.52,479.26,621199.0
2025-12-19 17:55:00+00:00,479.21,479.2199,478.0817,478.17,477840.0
2025-12-19 18:00:00+00:00,478.15,479.5233,477.8,479.325,711596.0
2025-12-19 18:05:00+00:00,479.3088,480.3123,479.29,479.97,564064.0
2025-12-19 18:10:00+00:00,479.98,480.96,479.69,480.9432,669798.0
2025-12-19 18:15:00+00:00,480.95,481.3,480.5,480.64,690644.0
2025-12-19 18:20:00+00:00,480.62,480.65,479.72,479.755,509577.0
2025-12-19 18:25:00+00:00,479.78,481.33,479.65,481.245,636355.0
2025-12-19 18:30:00+00:00,481.26,482.19,481.18,481.74,847279.0
2025-12-19 18:35:00+00:00,481.74,483.01,481.7,482.57,998418.0
2025-12-19 18:40:00+00:00,482.57,482.77,481.46,482.3601,780895.0
2025-12-19 18:45:00+00:00,482.4,482.55,481.7009,482.2,446446.0
2025-12-19 18:50:00+00:00,482.16,482.74,481.9401,482.07,522635.0
2025-12-19 18:55:00+00:00,482.065,482.3,481.58,481.705,461836.0
2025-12-19 19:00:00+00:00,481.68,482.9,481.6301,482.67,575624.0
2025-12-19 19:05:00+00:00,482.67,483.45,482.22,482.46,734376.0
2025-12-19 19:10:00+00:00,482.415,483.25,482.3901,483.25,427785.0
2025-12-19 19:15:00+00:00,483.235,483.4,482.6,482.855,432941.0
2025-12-19 19:20:00+00:00,482.845,483.09,482.53,483.0201,354473.0
2025-12-19 19:25:00+00:00,483.0218,483.89,482.92,483.83,637113.0
2025-12-19 19:30:00+00:00,483.8175,483.97,483.55,483.707685,452714.0
2025-12-19 19:35:00+00:00,483.71,483.89,483.18,483.26,430913.0
2025-12-19 19:40:00+00:00,483.26,483.3,482.61,482.642,528884.0
2025-12-19 19:45:00+00:00,482.65,483.118,482.22,482.46,504510.0
2025-12-19 19:50:00+00:00,482.44,482.4799,480.62,481.21,888435.0
2025-12-19 19:55:00+00:00,481.213,482.5369,481.1539,482.14,684058.0
2025-12-19 20:00:00+00:00,482.16,482.95,482.11,482.5,535196.0
2025-12-19 20:05:00+00:00,482.5112,482.75,481.76,481.8359,592284.0
2025-12-19 20:10:00+00:00,481.8288,482.49,481.77,481.77,446076.0
2025-12-19 20:15:00+00:00,481.82,482.3,481.65,482.06,480224.0
2025-12-19 20:20:00+00:00,482.05,482.63,481.71,482.345,854544.0
2025-12-19 20:25:00+00:00,482.34,482.4039,481.93,482.2,361816.0
2025-12-19 20:30:00+00:00,482.14,482.65,481.8619,482.59,483937.0
2025-12-19 20:35:00+00:00,482.5792,482.78,482.14,482.44,486372.0
2025-12-19 20:40:00+00:00,482.4595,482.51,481.35,481.75,539262.0
2025-12-19 20:45:00+00:00,481.79,482.7,481.08,482.4451,670915.0
2025-12-19 20:50:00+00:00,482.42,484.0,482.1,482.665,1476893.0
2025-12-19 20:55:00+00:00,482.688,482.688,480.56,480.91,2114635.0
2025-12-19 21:00:00+00:00,481.2,481.59,480.8,481.4481,1048206.0
2025-12-19 21:05:00+00:00,481.41,481.6,481.2,481.2097,257558.0
2025-12-19 21:10:00+00:00,481.2,481.29,480.7516,481.16,336585.0
2025-12-19 21:15:00+00:00,481.5685,481.5685,481.1,481.2338,297937.0
2025-12-19 21:20:00+00:00,481.23,482.52,481.13,482.0,54704.0
2025-12-19 21:25:00+00:00,482.15,484.75,481.2,484.56,164525.0
2025-12-19 21:30:00+00:00,484.57,485.0,483.2,484.0,122444.0
2025-12-19 21:35:00+00:00,484.0114,484.26,483.2,483.5997,52497.0
2025-12-19 21:40:00+00:00,483.6,483.69,482.49,482.5,45579.0
2025-12-19 21:45:00+00:00,482.5,483.0,482.4143,482.52,41042.0
2025-12-19 21:50:00+00:00,482.5013,482.8496,482.41,482.6,21046.0
2025-12-19 21:55:00+00:00,482.55,482.6,482.25,482.5298,31526.0
2025-12-19 22:00:00+00:00,482.45,482.58,482.45,482.54,22395.0
2025-12-19 22:05:00+00:00,482.55,482.57,482.0,482.43,2501959.0
2025-12-19 22:10:00+00:00,482.45,482.58,482.45,482.5501,17108.0
2025-12-19 22:15:00+00:00,482.56,482.86,482.5,482.5244,25556.0
2025-12-19 22:20:00+00:00,482.53,482.67,482.34,482.67,21237.0
2025-12-19 22:25:00+00:00,482.71,482.969,482.65,482.87,15102.0
2025-12-19 22:30:00+00:00,482.9,483.1,482.5701,483.1,23649.0
2025-12-19 22:35:00+00:00,483.2,483.3,482.76,482.76,12381.0
2025-12-19 22:40:00+00:00,482.8016,483.5,482.8,483.38,16298.0
2025-12-19 22:45:00+00:00,483.16,483.37,481.2,483.3,127398.0
2025-12-19 22:50:00+00:00,483.31,483.31,483.1,483.21,3727.0
2025-12-19 22:55:00+00:00,483.0229,483.16,482.8,483.0001,22590.0
2025-12-19 23:00:00+00:00,483.1001,483.15,482.7,483.0,8606.0
2025-12-19 23:05:00+00:00,482.99,483.12,482.85,483.1,20814.0
2025-12-19 23:10:00+00:00,483.0002,483.08,482.98,483.02,13055.0
2025-12-19 23:15:00+00:00,483.01,483.08,482.92,483.0,6587.0
2025-12-19 23:20:00+00:00,483.0,483.08,482.9641,483.08,6427.0
2025-12-19 23:25:00+00:00,483.08,483.24,483.08,483.2,9766.0
2025-12-19 23:30:00+00:00,483.16,483.2,483.1385,483.1801,15808.0
2025-12-19 23:35:00+00:00,483.18,483.19,483.0,483.05,11996.0
2025-12-19 23:40:00+00:00,483.05,483.1487,482.92,483.09,5779.0
2025-12-19 23:45:00+00:00,483.08,483.12,483.01,483.109,6461.0
2025-12-19 23:50:00+00:00,483.0996,483.1,483.01,483.1,7194.0
2025-12-19 23:55:00+00:00,483.1,483.1,483.0,483.09,7703.0
2025-12-20 00:00:00+00:00,483.0498,483.05,482.9,482.92,9129.0
2025-12-20 00:05:00+00:00,482.92,482.93,482.64,482.75,11144.0
2025-12-20 00:10:00+00:00,482.6701,482.75,482.63,482.63,10445.0
2025-12-20 00:15:00+00:00,482.62,482.68,482.57,482.5996,7555.0
2025-12-20 00:20:00+00:00,482.6,482.68,482.58,482.67,8786.0
2025-12-20 00:25:00+00:00,482.7,482.9,482.58,482.89,9855.0
2025-12-20 00:30:00+00:00,482.88,482.95,482.8001,482.95,9019.0
2025-12-20 00:35:00+00:00,482.94,483.0882,482.94,483.0018,12421.0
2025-12-20 00:40:00+00:00,483.0,483.15,483.0,483.15,9761.0
2025-12-20 00:45:00+00:00,483.1491,483.21,483.0549,483.0549,21958.0
2025-12-20 00:50:00+00:00,483.1594,483.1594,482.55,482.68,16361.0
2025-12-20 00:55:00+00:00,482.6799,482.97,482.5606,482.65,34919.0
2025-12-22 09:00:00+00:00,488.0,488.51,487.15,487.53,34791.0
2025-12-22 09:05:00+00:00,487.53,488.3,487.5,488.2,13379.0
2025-12-22 09:10:00+00:00,488.19,488.3,488.05,488.12,8389.0
2025-12-22 09:15:00+00:00,488.2,488.5,488.18,488.48,11949.0
2025-12-22 09:20:00+00:00,488.41,488.49,488.19,488.19,5265.0
2025-12-22 09:25:00+00:00,488.17,488.35,488.05,488.05,5884.0
2025-12-22 09:30:00+00:00,488.05,488.17,487.8,488.01,8858.0
2025-12-22 09:35:00+00:00,488.01,488.4,488.01,488.32,5015.0
2025-12-22 09:40:00+00:00,488.34,488.34,488.11,488.15,3961.0
2025-12-22 09:45:00+00:00,488.1,488.28,488.0,488.17,4836.0
2025-12-22 09:50:00+00:00,488.05,488.2,488.0,488.15,4105.0
2025-12-22 09:55:00+00:00,488.18,488.18,487.96,487.96,4811.0
2025-12-22 10:00:00+00:00,488.0,488.13,487.8,488.01,6782.0
2025-12-22 10:05:00+00:00,488.05,488.3,488.0,488.0,6725.0
2025-12-22 10:10:00+00:00,488.1,488.17,488.06,488.12,1181.0
2025-12-22 10:15:00+00:00,488.15,488.17,488.02,488.04,3644.0
2025-12-22 10:20:00+00:00,488.02,488.15,487.73,487.81,10058.0
2025-12-22 10:25:00+00:00,487.89,488.0,487.8,487.84,2052.0
2025-12-22 10:30:00+00:00,487.81,487.81,487.5,487.65,5557.0
2025-12-22 10:35:00+00:00,487.68,487.82,487.1,487.58,6286.0
2025-12-22 10:40:00+00:00,487.58,487.58,487.23,487.45,3295.0
2025-12-22 10:45:00+00:00,487.46,487.69,487.46,487.59,2809.0
2025-12-22 10:50:00+00:00,487.55,487.62,487.41,487.62,3913.0
2025-12-22 10:55:00+00:00,487.59,487.59,486.68,486.85,27499.0
2025-12-22 11:00:00+00:00,486.79,486.9,486.4,486.5,11169.0
2025-12-22 11:05:00+00:00,486.73,487.0,486.66,486.99,9341.0
2025-12-22 11:10:00+00:00,486.99,486.99,486.77,486.82,4846.0
2025-12-22 11:15:00+00:00,486.85,486.85,486.2,486.3,29080.0
2025-12-22 11:20:00+00:00,486.3,486.6,486.1,486.59,25736.0
2025-12-22 11:25:00+00:00,486.59,486.72,486.46,486.47,10729.0
2025-12-22 11:30:00+00:00,486.43,486.43,486.11,486.26,8097.0
2025-12-22 11:35:00+00:00,486.24,486.25,485.91,485.98,10814.0
2025-12-22 11:40:00+00:00,485.99,486.28,485.92,486.24,17680.0
2025-12-22 11:45:00+00:00,486.1,486.1,485.94,485.98,4299.0
2025-12-22 11:50:00+00:00,485.96,486.05,485.0,486.0,15956.0
2025-12-22 11:55:00+00:00,485.85,486.01,485.6,485.86,7163.0
2025-12-22 12:00:00+00:00,485.87,486.75,485.65,486.11,52397.0
2025-12-22 12:05:00+00:00,486.26,486.88,486.26,486.79,16802.0
2025-12-22 12:10:00+00:00,486.85,486.92,486.32,486.32,9286.0
2025-12-22 12:15:00+00:00,486.3,486.4,486.19,486.39,7315.0
2025-12-22 12:20:00+00:00,486.38,486.92,486.37,486.92,9439.0
2025-12-22 12:25:00+00:00,486.93,487.37,486.91,487.37,14869.0
2025-12-22 12:30:00+00:00,487.36,487.43,487.29,487.4,15167.0
2025-12-22 12:35:00+00:00,487.35,487.6,487.3,487.58,7991.0
2025-12-22 12:40:00+00:00,487.55,487.8,487.5,487.68,16581.0
2025-12-22 12:45:00+00:00,487.68,487.68,487.32,487.45,15131.0
2025-12-22 12:50:00+00:00,487.4,487.55,487.32,487.37,7605.0
2025-12-22 12:55:00+00:00,487.45,487.73,487.43,487.6,6977.0
2025-12-22 13:00:00+00:00,488.3,488.41,479.997,487.69,436142.0
2025-12-22 13:05:00+00:00,487.78,487.85,487.56,487.8,40661.0
2025-12-22 13:10:00+00:00,487.79,487.8,487.55,487.6,27592.0
2025-12-22 13:15:00+00:00,487.63,487.8,487.55,487.69,25154.0
2025-12-22 13:20:00+00:00,487.75,487.99,487.66,487.98,27771.0
2025-12-22 13:25:00+00:00,487.93,487.99,487.55,487.71,21910.0
2025-12-22 13:30:00+00:00,487.7,487.75,487.5,487.6,22603.0
2025-12-22 13:35:00+00:00,487.6,487.6299,487.17,487.4997,31612.0
2025-12-22 13:40:00+00:00,487.493,487.6,487.28,487.59,25899.0
2025-12-22 13:45:00+00:00,487.59,487.6,487.44,487.5,15839.0
2025-12-22 13:50:00+00:00,487.4866,487.49,487.02,487.1915,21895.0
2025-12-22 13:55:00+00:00,487.24,487.76,487.24,487.76,26913.0
2025-12-22 14:00:00+00:00,487.76,487.87,487.54,487.87,26668.0
2025-12-22 14:05:00+00:00,487.88,488.15,487.81,487.92,49117.0
2025-12-22 14:10:00+00:00,488.0,488.1,487.7,487.76,465099.0
2025-12-22 14:15:00+00:00,487.8656,487.98,487.49,487.84,38470.0
2025-12-22 14:20:00+00:00,487.8866,488.1,487.55,488.08,37939.0
2025-12-22 14:25:00+00:00,488.08,490.35,487.9607,489.8,222860.0
2025-12-22 14:30:00+00:00,489.88,496.59,487.63,494.565,5361118.0
2025-12-22 14:35:00+00:00,494.54,496.74,493.4,495.005,2885678.0
2025-12-22 14:40:00+00:00,494.97,495.37,492.83,493.89,1770156.0
2025-12-22 14:45:00+00:00,493.89,497.8,493.57,497.788,2897301.0
2025-12-22 14:50:00+00:00,497.75,498.83,496.7,496.704,2555863.0
2025-12-22 14:55:00+00:00,496.7,496.82,493.6,493.79,1920788.0
2025-12-22 15:00:00+00:00,493.76,494.47,490.65,490.7556,2170569.0
2025-12-22 15:05:00+00:00,490.695,491.33,488.66,489.345,2264202.0
2025-12-22 15:10:00+00:00,489.34,489.5,486.1,487.4,2227008.0
2025-12-22 15:15:00+00:00,487.48,488.08,486.5,487.6312,1387630.0
2025-12-22 15:20:00+00:00,487.675,491.0,487.518,490.31,1901746.0
2025-12-22 15:25:00+00:00,490.3008,490.47,487.05,487.965,1651634.0
2025-12-22 15:30:00+00:00,488.0,488.44,487.36,487.82,964054.0
2025-12-22 15:35:00+00:00,487.8,488.06,485.33,486.87,1527050.0
2025-12-22 15:40:00+00:00,486.87,489.48,486.35,489.3505,1376640.0
2025-12-22 15:45:00+00:00,489.3224,489.6,487.3,487.9652,1146728.0
2025-12-22 15:50:00+00:00,488.0,491.0,487.933,490.726,1268045.0
2025-12-22 15:55:00+00:00,490.72,492.08,490.66,491.33,1329838.0
2025-12-22 16:00:00+00:00,491.31,493.28,491.0732,492.6801,1377720.0
2025-12-22 16:05:00+00:00,492.705,492.705,490.78,491.2132,978248.0
2025-12-22 16:10:00+00:00,491.25,492.33,490.91,491.605,725898.0
2025-12-22 16:15:00+00:00,491.6442,492.16,491.4571,491.62,466510.0
2025-12-22 16:20:00+00:00,491.62,493.0,491.5862,492.4715,821018.0
2025-12-22 16:25:00+00:00,492.49,493.3,492.35,492.86,770529.0
2025-12-22 16:30:00+00:00,492.8488,492.97,491.8,492.86,709143.0
2025-12-22 16:35:00+00:00,492.8772,493.5762,492.86,492.95,845295.0
2025-12-22 16:40:00+00:00,492.94,493.66,492.86,492.98,620203.0
2025-12-22 16:45:00+00:00,492.94,493.09,492.2,492.34,607380.0
2025-12-22 16:50:00+00:00,492.3184,493.8895,492.1901,493.85,767614.0
2025-12-22 16:55:00+00:00,493.85,494.64,493.4,494.05,996380.0
2025-12-22 17:00:00+00:00,494.05,494.64,493.8,494.55,663437.0
2025-12-22 17:05:00+00:00,494.52,494.52,493.25,493.57,619402.0
2025-12-22 17:10:00+00:00,493.5,495.09,493.16,494.662,939363.0
2025-12-22 17:15:00+00:00,494.687,495.12,494.42,494.86,594220.0
2025-12-22 17:20:00+00:00,494.85,495.23,494.57,494.6733,555392.0
2025-12-22 17:25:00+00:00,494.6664,495.22,494.5,494.94,455440.0
2025-12-22 17:30:00+00:00,494.9201,495.08,493.62,494.01,561678.0
2025-12-22 17:35:00+00:00,494.0,495.0764,493.66,494.9927,599783.0
2025-12-22 17:40:00+00:00,495.0,495.6,494.62,494.8875,842237.0
2025-12-22 17:45:00+00:00,494.9,495.1,494.33,494.81,488542.0
2025-12-22 17:50:00+00:00,494.7747,495.1,494.57,494.67,409031.0
2025-12-22 17:55:00+00:00,494.665,495.33,494.3,494.98,508349.0
2025-12-22 18:00:00+00:00,494.98,495.58,494.61,494.965,553819.0
2025-12-22 18:05:00+00:00,494.965,494.965,494.35,494.53,475809.0
2025-12-22 18:10:00+00:00,494.5701,494.83,493.226,493.735,655700.0
2025-12-22 18:15:00+00:00,493.735,493.965,493.165,493.3599,565412.0
2025-12-22 18:20:00+00:00,493.355,493.7,492.8,493.27,624561.0
2025-12-22 18:25:00+00:00,493.2501,494.68,493.19,494.64,624364.0
2025-12-22 18:30:00+00:00,494.64,495.7,494.43,495.01,805489.0
2025-12-22 18:35:00+00:00,495.0,495.23,493.92,494.19,540968.0
2025-12-22 18:40:00+00:00,494.19,495.1295,494.01,495.04,542213.0
2025-12-22 18:45:00+00:00,494.98,495.28,494.82,494.9201,412981.0
2025-12-22 18:50:00+00:00,494.9344,495.2,494.4701,494.974,515275.0
2025-12-22 18:55:00+00:00,494.9908,496.29,494.85,496.1,940380.0
2025-12-22 19:00:00+00:00,496.1,496.41,495.64,495.65,825035.0
2025-12-22 19:05:00+00:00,495.63,495.78,494.0,494.175,839132.0
2025-12-22 19:10:00+00:00,494.16,494.44,493.61,493.97,644352.0
2025-12-22 19:15:00+00:00,493.97,494.45,493.39,494.308,620433.0
2025-12-22 19:20:00+00:00,494.32,495.0,493.6,493.6,696388.0
2025-12-22 19:25:00+00:00,493.601,493.76,492.87,493.08,666595.0
2025-12-22 19:30:00+00:00,493.06,493.72,492.95,493.3,527315.0
2025-12-22 19:35:00+00:00,493.28,493.5,492.92,493.31,427216.0
2025-12-22 19:40:00+00:00,493.3487,493.52,492.88,492.9,801727.0
2025-12-22 19:45:00+00:00,492.9224,493.35,492.03,492.47,627475.0
2025-12-22 19:50:00+00:00,492.46,493.4399,492.36,493.12,605626.0
2025-12-22 19:55:00+00:00,493.15,493.33,492.7501,493.11,354899.0
2025-12-22 20:00:00+00:00,493.12,493.4384,492.8901,492.915,386845.0
2025-12-22 20:05:00+00:00,492.93,493.3,491.18,491.3,669899.0
2025-12-22 20:10:00+00:00,491.31,491.59,489.61,489.76,1217702.0
2025-12-22 20:15:00+00:00,489.72,489.865,488.36,488.81,1181170.0
2025-12-22 20:20:00+00:00,488.79,489.15,488.04,488.75,778376.0
2025-12-22 20:25:00+00:00,488.745,488.85,487.5,487.53,981478.0
2025-12-22 20:30:00+00:00,487.5,488.92,487.44,488.67,786861.0
2025-12-22 20:35:00+00:00,488.67,489.1899,488.22,488.8,635224.0
2025-12-22 20:40:00+00:00,488.8228,489.55,488.75,489.335,720231.0
2025-12-22 20:45:00+00:00,489.35,489.4,488.2613,488.5379,640500.0
2025-12-22 20:50:00+00:00,488.5,489.51,487.52,489.29,951699.0
2025-12-22 20:55:00+00:00,489.32,490.16,488.44,488.77,1409212.0
2025-12-22 21:00:00+00:00,488.73,492.53,488.65,489.3,255017.0
2025-12-22 21:05:00+00:00,489.28,489.5,488.59,488.89,49778.0
2025-12-22 21:10:00+00:00,488.9,489.1,488.7804,488.85,13751.0
2025-12-22 21:15:00+00:00,488.85,488.909,488.8,488.909,11284.0
2025-12-22 21:20:00+00:00,488.909,489.05,488.88,489.05,14439.0
2025-12-22 21:25:00+00:00,489.0291,489.25,488.95,489.1723,25398.0
2025-12-22 21:30:00+00:00,489.23,489.4,489.15,489.2,14103.0
2025-12-22 21:35:00+00:00,489.19,489.5,489.08,489.3987,13618.0
2025-12-22 21:40:00+00:00,489.36,489.45,488.73,489.41,12469.0
2025-12-22 21:45:00+00:00,489.4338,489.45,489.2305,489.32,11854.0
2025-12-22 21:50:00+00:00,489.27,489.32,489.0,489.1,12473.0
2025-12-22 21:55:00+00:00,489.1,489.4,489.04,489.35,10426.0
2025-12-22 22:00:00+00:00,489.25,489.49,489.22,489.25,7337.0
2025-12-22 22:05:00+00:00,489.28,489.34,489.15,489.29,8466.0
2025-12-22 22:10:00+00:00,489.2,489.32,489.15,489.1995,8351.0
2025-12-22 22:15:00+00:00,489.1894,489.2401,489.12,489.2401,6216.0
2025-12-22 22:20:00+00:00,489.24,489.25,489.166,489.24,7183.0
2025-12-22 22:25:00+00:00,489.24,489.25,489.1601,489.23,4996.0
2025-12-22 22:30:00+00:00,489.21,489.35,489.21,489.21,6236.0
2025-12-22 22:35:00+00:00,489.3,489.35,488.73,489.32,5000.0
2025-12-22 22:40:00+00:00,489.3,489.38,489.27,489.35,4745.0
2025-12-22 22:45:00+00:00,489.35,489.5,489.35,489.5,7498.0
2025-12-22 22:50:00+00:00,489.49,489.5,489.44,489.48,6613.0
2025-12-22 22:55:00+00:00,489.49,489.65,489.48,489.58,8903.0
2025-12-22 23:00:00+00:00,489.5884,489.71,489.56,489.64,23891.0
2025-12-22 23:05:00+00:00,489.64,489.69,489.0,489.51,43001.0
2025-12-22 23:10:00+00:00,489.4,489.4,489.2511,489.2511,7737.0
2025-12-22 23:15:00+00:00,489.34,489.42,489.25,489.42,6053.0
2025-12-22 23:20:00+00:00,489.35,489.4,489.2,489.3,4377.0
2025-12-22 23:25:00+00:00,489.38,489.6,489.3,489.5999,6619.0
2025-12-22 23:30:00+00:00,489.6,489.85,489.41,489.6076,11542.0
2025-12-22 23:35:00+00:00,489.7,489.82,489.5,489.66,7855.0
2025-12-22 23:40:00+00:00,489.53,489.66,489.52,489.6496,2730.0
2025-12-22 23:45:00+00:00,489.62,489.7,489.56,489.6996,5521.0
2025-12-22 23:50:00+00:00,489.65,489.759,489.63,489.7,7031.0
2025-12-22 23:55:00+00:00,489.77,489.77,489.67,489.76,4342.0
2025-12-23 00:00:00+00:00,489.77,490.0,489.75,490.0,11858.0
2025-12-23 00:05:00+00:00,489.9858,490.0,489.9,489.99,9486.0
2025-12-23 00:10:00+00:00,490.0,490.0,489.9,489.9,5665.0
2025-12-23 00:15:00+00:00,489.97,489.99,489.84,489.9812,6561.0
2025-12-23 00:20:00+00:00,489.94,490.0,489.9,489.9983,13351.0
2025-12-23 00:25:00+00:00,489.94,490.0,489.8,489.84,12901.0
2025-12-23 00:30:00+00:00,489.81,489.8388,489.6307,489.74,9113.0
2025-12-23 00:35:00+00:00,489.74,489.8499,489.7,489.83,4989.0
2025-12-23 00:40:00+00:00,489.83,489.97,489.8,489.8411,8711.0
2025-12-23 00:45:00+00:00,489.8999,490.0,489.84,489.9113,9868.0
2025-12-23 00:50:00+00:00,489.92,490.0,489.8566,490.0,8947.0
2025-12-23 00:55:00+00:00,489.9978,490.0,489.83,489.99,20109.0
2025-12-23 09:00:00+00:00,489.19,490.0,488.74,489.02,16342.0
2025-12-23 09:05:00+00:00,489.0,489.6,489.0,489.4,8356.0
2025-12-23 09:10:00+00:00,489.43,489.89,489.22,489.22,9959.0
2025-12-23 09:15:00+00:00,489.27,489.65,489.25,489.57,6178.0
2025-12-23 09:20:00+00:00,489.63,490.5,489.5,490.5,14380.0
2025-12-23 09:25:00+00:00,490.48,490.48,490.12,490.36,5709.0
2025-12-23 09:30:00+00:00,490.26,490.7,490.23,490.36,6186.0
2025-12-23 09:35:00+00:00,490.43,490.75,490.34,490.4,5512.0
2025-12-23 09:40:00+00:00,490.4,490.4,490.26,490.26,1387.0
2025-12-23 09:45:00+00:00,490.39,490.56,490.32,490.4,5531.0
2025-12-23 09:50:00+00:00,490.4,490.42,490.02,490.02,3586.0
2025-12-23 09:55:00+00:00,490.02,490.26,490.0,490.2,6787.0
2025-12-23 10:00:00+00:00,490.28,490.4,490.28,490.28,4309.0
2025-12-23 10:05:00+00:00,490.3,490.41,490.28,490.4,6223.0
2025-12-23 10:10:00+00:00,490.45,490.5,490.38,490.4,6092.0
2025-12-23 10:15:00+00:00,490.4,490.49,490.35,490.36,5374.0
2025-12-23 10:20:00+00:00,490.36,490.55,490.35,490.55,4444.0
2025-12-23 10:25:00+00:00,490.52,490.62,490.5,490.6,3635.0
2025-12-23 10:30:00+00:00,490.55,490.64,490.45,490.55,5887.0
2025-12-23 10:35:00+00:00,490.58,490.73,490.55,490.67,3164.0
2025-12-23 10:40:00+00:00,490.63,490.63,490.5,490.5,3354.0
2025-12-23 10:45:00+00:00,490.5,490.56,490.5,490.56,4167.0
2025-12-23 10:50:00+00:00,490.52,490.69,490.47,490.53,4131.0
2025-12-23 10:55:00+00:00,490.5,490.67,490.5,490.61,1397.0
2025-12-23 11:00:00+00:00,490.6,490.7,490.5,490.5,6224.0
2025-12-23 11:05:00+00:00,490.51,490.6,490.5,490.5,3360.0
2025-12-23 11:10:00+00:00,490.52,490.6,490.5,490.5,7343.0
2025-12-23 11:15:00+00:00,490.5,490.5,490.1,490.12,4841.0
2025-12-23 11:20:00+00:00,490.11,490.24,489.0,489.65,10120.0
2025-12-23 11:25:00+00:00,489.8,490.15,489.79,489.95,5679.0
2025-12-23 11:30:00+00:00,489.9,490.0,489.79,490.0,4490.0
2025-12-23 11:35:00+00:00,489.9,490.12,489.8,489.93,5038.0
2025-12-23 11:40:00+00:00,489.85,489.85,489.71,489.75,4178.0
2025-12-23 11:45:00+00:00,489.78,489.81,489.55,489.57,2505.0
2025-12-23 11:50:00+00:00,489.56,489.74,489.5,489.5,4536.0
2025-12-23 11:55:00+00:00,489.55,489.69,489.42,489.69,4010.0
2025-12-23 12:00:00+00:00,489.67,490.28,489.6,489.81,22781.0
2025-12-23 12:05:00+00:00,490.0,490.24,490.0,490.08,5657.0
2025-12-23 12:10:00+00:00,490.1,490.33,489.79,490.21,10660.0
2025-12-23 12:15:00+00:00,490.24,490.96,490.22,490.65,13639.0
2025-12-23 12:20:00+00:00,490.66,490.81,490.36,490.42,11481.0
2025-12-23 12:25:00+00:00,490.38,490.51,490.15,490.18,18175.0
2025-12-23 12:30:00+00:00,490.19,490.46,490.15,490.4,5223.0
2025-12-23 12:35:00+00:00,490.4,490.5,490.27,490.35,3149.0
2025-12-23 12:40:00+00:00,490.25,490.36,490.2,490.2,4474.0
2025-12-23 12:45:00+00:00,490.21,490.37,490.2,490.31,4200.0
2025-12-23 12:50:00+00:00,490.34,490.37,490.26,490.32,1843.0
2025-12-23 12:55:00+00:00,490.3,490.41,490.11,490.32,3986.0
2025-12-23 13:00:00+00:00,489.5,490.96,486.6,490.03,379818.0
2025-12-23 13:05:00+00:00,490.03,490.25,489.89,490.0,21705.0
2025-12-23 13:10:00+00:00,490.01,490.09,489.88,489.92,16505.0
2025-12-23 13:15:00+00:00,489.92,489.9913,489.19,489.34,25222.0
2025-12-23 13:20:00+00:00,489.34,489.58,489.2,489.55,25600.0
2025-12-23 13:25:00+00:00,489.6,489.6,489.2,489.3,18746.0
2025-12-23 13:30:00+00:00,489.2,489.256,488.49,488.8,46125.0
2025-12-23 13:35:00+00:00,488.889,488.9166,486.75,486.79,121698.0
2025-12-23 13:40:00+00:00,486.75,487.81,486.61,487.66,86834.0
2025-12-23 13:45:00+00:00,487.6882,488.0,487.35,487.55,48989.0
2025-12-23 13:50:00+00:00,487.59,487.82,487.17,487.35,38807.0
2025-12-23 13:55:00+00:00,487.32,487.5997,486.6,486.7,60655.0
2025-12-23 14:00:00+00:00,486.7,487.2,486.5,487.2,60232.0
2025-12-23 14:05:00+00:00,487.1992,487.2,486.51,486.6612,34612.0
2025-12-23 14:10:00+00:00,486.6601,487.69,486.56,487.6312,68442.0
2025-12-23 14:15:00+00:00,487.6266,487.7499,487.15,487.3232,34488.0
2025-12-23 14:20:00+00:00,487.42,487.7551,487.12,487.698,42276.0
2025-12-23 14:25:00+00:00,487.62,489.66,487.62,489.47,153500.0
2025-12-23 14:30:00+00:00,489.395,491.97,487.59,488.46,2625043.0
2025-12-23 14:35:00+00:00,488.4,490.63,485.67,486.48,2175449.0
2025-12-23 14:40:00+00:00,486.425,488.54,485.65,488.0399,1595464.0
2025-12-23 14:45:00+00:00,488.01,489.61,486.68,489.04,1477442.0
2025-12-23 14:50:00+00:00,489.015,490.69,487.57,487.965,1620180.0
2025-12-23 14:55:00+00:00,487.86,488.67,486.86,487.53,1276345.0
2025-12-23 15:00:00+00:00,487.53,487.54,485.01,486.43,1522757.0
2025-12-23 15:05:00+00:00,486.38,487.99,486.38,487.524,983440.0
2025-12-23 15:10:00+00:00,487.54,487.98,485.96,486.57,948700.0
2025-12-23 15:15:00+00:00,486.6,487.89,486.05,487.7469,767548.0
2025-12-23 15:20:00+00:00,487.71,488.7254,486.8001,486.952,835773.0
2025-12-23 15:25:00+00:00,486.97,487.45,486.47,486.7878,510534.0
2025-12-23 15:30:00+00:00,486.83,487.96,486.1,487.815,836440.0
2025-12-23 15:35:00+00:00,487.79,488.3,487.04,487.4,516454.0
2025-12-23 15:40:00+00:00,487.4,487.64,486.5,486.88,512414.0
2025-12-23 15:45:00+00:00,486.88,487.4694,486.5,487.225,476612.0
2025-12-23 15:50:00+00:00,487.225,487.88,486.8,487.555,520089.0
2025-12-23 15:55:00+00:00,487.5899,488.48,487.12,488.054,580750.0
2025-12-23 16:00:00+00:00,488.05,488.72,487.335,488.65,646069.0
2025-12-23 16:05:00+00:00,488.63,489.35,488.17,488.25,762539.0
2025-12-23 16:10:00+00:00,488.27,488.44,487.05,487.6901,708483.0
2025-12-23 16:15:00+00:00,487.73,488.0959,487.33,487.7,421336.0
2025-12-23 16:20:00+00:00,487.7,487.93,486.9,487.1201,459724.0
2025-12-23 16:25:00+00:00,487.12,487.12,485.32,485.6592,710705.0
2025-12-23 16:30:00+00:00,485.675,486.35,484.3,484.4291,1258959.0
2025-12-23 16:35:00+00:00,484.4499,485.32,484.42,485.2008,655950.0
2025-12-23 16:40:00+00:00,485.19,486.56,485.17,486.2334,761008.0
2025-12-23 16:45:00+00:00,486.2334,486.89,486.19,486.524,494731.0
2025-12-23 16:50:00+00:00,486.53,487.02,486.05,486.165,517238.0
2025-12-23 16:55:00+00:00,486.1401,486.58,485.8,486.3,460984.0
2025-12-23 17:00:00+00:00,486.29,487.04,485.84,486.81,463690.0
2025-12-23 17:05:00+00:00,486.785,487.2,486.14,486.8201,486128.0
2025-12-23 17:10:00+00:00,486.82,486.94,485.87,486.1668,390942.0
2025-12-23 17:15:00+00:00,486.1608,486.291,485.67,485.805,321277.0
2025-12-23 17:20:00+00:00,485.815,486.0688,485.0701,485.215,397651.0
2025-12-23 17:25:00+00:00,485.215,485.85,484.856,485.762,522796.0
2025-12-23 17:30:00+00:00,485.7767,485.8,484.95,485.335,401031.0
2025-12-23 17:35:00+00:00,485.3308,485.35,484.82,485.245,342317.0
2025-12-23 17:40:00+00:00,485.26,485.52,484.65,484.735,401130.0
2025-12-23 17:45:00+00:00,484.74,485.16,484.53,484.99,364218.0
2025-12-23 17:50:00+00:00,484.99,485.02,484.15,484.58,480405.0
2025-12-23 17:55:00+00:00,484.6,484.75,483.75,484.17,813451.0
2025-12-23 18:00:00+00:00,484.154,484.66,483.35,484.63,618023.0
2025-12-23 18:05:00+00:00,484.53,485.72,484.4203,485.64,686499.0
2025-12-23 18:10:00+00:00,485.6012,486.19,485.32,485.85,656336.0
2025-12-23 18:15:00+00:00,485.87,486.01,485.0809,485.58,520091.0
2025-12-23 18:20:00+00:00,485.5999,486.01,485.39,485.4991,303884.0
2025-12-23 18:25:00+00:00,485.47,485.83,485.25,485.38,322836.0
2025-12-23 18:30:00+00:00,485.4,486.06,485.3,485.92,284592.0
2025-12-23 18:35:00+00:00,485.9146,486.03,484.16,484.21,612406.0
2025-12-23 18:40:00+00:00,484.208,484.67,484.0901,484.44,398339.0
2025-12-23 18:45:00+00:00,484.44,484.455,483.78,483.84,628435.0
2025-12-23 18:50:00+00:00,483.845,484.0,482.84,483.14,689119.0
2025-12-23 18:55:00+00:00,483.1359,483.29,482.85,483.14,662827.0
2025-12-23 19:00:00+00:00,483.1456,483.93,483.1101,483.71,552880.0
2025-12-23 19:05:00+00:00,483.705,484.0999,483.58,484.05,367472.0
2025-12-23 19:10:00+00:00,484.0332,484.25,483.38,483.395,456254.0
2025-12-23 19:15:00+00:00,483.395,484.11,483.05,484.0699,662516.0
2025-12-23 19:20:00+00:00,484.0522,484.26,483.36,483.89,504719.0
2025-12-23 19:25:00+00:00,483.86,484.1899,483.79,483.9292,349362.0
2025-12-23 19:30:00+00:00,483.925,484.1,483.48,483.905,357934.0
2025-12-23 19:35:00+00:00,483.9197,485.3288,483.7201,484.96,685751.0
2025-12-23 19:40:00+00:00,484.9732,485.23,484.12,485.17,567595.0
2025-12-23 19:45:00+00:00,485.1508,485.65,484.99,485.2926,562778.0
2025-12-23 19:50:00+00:00,485.32,486.1899,485.15,486.145,530622.0
2025-12-23 19:55:00+00:00,486.1524,486.6,485.96,486.4599,582162.0
2025-12-23 20:00:00+00:00,486.46,486.92,486.33,486.57,587699.0
2025-12-23 20:05:00+00:00,486.59,486.9,486.1435,486.55,540882.0
2025-12-23 20:10:00+00:00,486.5499,486.9,485.92,486.75,516040.0
2025-12-23 20:15:00+00:00,486.78,487.41,486.55,487.26,663531.0
2025-12-23 20:20:00+00:00,487.24,487.26,486.4,486.6583,465482.0
2025-12-23 20:25:00+00:00,486.6129,486.95,486.51,486.87,295001.0
2025-12-23 20:30:00+00:00,486.86,486.9,485.7201,485.73,432414.0
2025-12-23 20:35:00+00:00,485.745,486.29,485.4002,485.7,546616.0
2025-12-23 20:40:00+00:00,485.7,486.45,485.64,485.92,480995.0
2025-12-23 20:45:00+00:00,485.94,486.08,485.25,485.84,540449.0
2025-12-23 20:50:00+00:00,485.84,486.51,484.56,485.235,1126061.0
2025-12-23 20:55:00+00:00,485.29,486.06,485.29,485.61,1265619.0
2025-12-23 21:00:00+00:00,485.55,485.75,485.13,485.4,299660.0
2025-12-23 21:05:00+00:00,485.39,485.56,485.0,485.33,36023.0
2025-12-23 21:10:00+00:00,485.34,485.4,484.77,485.35,32476.0
2025-12-23 21:15:00+00:00,485.31,485.4,485.1,485.35,11440.0
2025-12-23 21:20:00+00:00,485.3618,485.65,485.3,485.5446,14486.0
2025-12-23 21:25:00+00:00,485.56,485.56,485.2506,485.5,8484.0
2025-12-23 21:30:00+00:00,485.48,485.8201,485.45,485.74,23874.0
2025-12-23 21:35:00+00:00,485.77,485.8,485.55,485.69,9176.0
2025-12-23 21:40:00+00:00,485.74,485.8,485.6615,485.7487,6232.0
2025-12-23 21:45:00+00:00,485.7499,485.79,485.6,485.7012,7334.0
2025-12-23 21:50:00+00:00,485.7,485.82,485.63,485.82,12816.0
2025-12-23 21:55:00+00:00,485.79,486.03,485.7402,485.95,14615.0
2025-12-23 22:00:00+00:00,486.0,486.0,485.25,485.75,15085.0
2025-12-23 22:05:00+00:00,485.75,485.75,485.52,485.6,5786.0
2025-12-23 22:10:00+00:00,485.6,485.7,485.38,485.5,4817.0
2025-12-23 22:15:00+00:00,485.43,485.65,485.37,485.46,5693.0
2025-12-23 22:20:00+00:00,485.45,485.7,485.45,485.699,5418.0
2025-12-23 22:25:00+00:00,485.6983,485.74,485.26,485.3894,14292.0
2025-12-23 22:30:00+00:00,485.3886,485.4,485.3,485.314,5614.0
2025-12-23 22:35:00+00:00,485.3001,485.39,485.07,485.08,7828.0
2025-12-23 22:40:00+00:00,485.1,485.3,485.1,485.3,8866.0
2025-12-23 22:45:00+00:00,485.25,485.39,485.25,485.39,5360.0
2025-12-23 22:50:00+00:00,485.39,485.39,485.31,485.38,8244.0
2025-12-23 22:55:00+00:00,485.3801,485.39,485.08,485.08,19720.0
2025-12-23 23:00:00+00:00,485.21,485.2136,485.08,485.17,5567.0
2025-12-23 23:05:00+00:00,485.21,485.22,485.0478,485.06,6944.0
2025-12-23 23:10:00+00:00,485.05,485.35,485.05,485.28,4965.0
2025-12-23 23:15:00+00:00,485.21,485.39,485.2,485.3782,8810.0
2025-12-23 23:20:00+00:00,485.36,485.36,485.23,485.3,5322.0
2025-12-23 23:25:00+00:00,485.32,485.38,485.32,485.37,960.0
2025-12-23 23:30:00+00:00,485.35,485.35,485.25,485.3,4259.0
2025-12-23 23:35:00+00:00,485.2708,485.4,485.2708,485.3801,2311.0
2025-12-23 23:40:00+00:00,485.38,485.39,485.25,485.31,4027.0
2025-12-23 23:45:00+00:00,485.3,485.3,485.2002,485.21,5034.0
2025-12-23 23:50:00+00:00,485.2381,485.24,485.1,485.18,19561.0
2025-12-23 23:55:00+00:00,485.18,485.2,485.11,485.11,5198.0
2025-12-24 00:00:00+00:00,485.15,485.31,485.15,485.3084,4774.0
2025-12-24 00:05:00+00:00,485.3,485.65,485.29,485.57,13445.0
2025-12-24 00:10:00+00:00,485.5156,485.65,485.51,485.57,1931.0
2025-12-24 00:15:00+00:00,485.55,485.55,485.25,485.38,4583.0
2025-12-24 00:20:00+00:00,485.25,485.466,485.25,485.427,3667.0
2025-12-24 00:25:00+00:00,485.43,485.43,485.35,485.35,5360.0
2025-12-24 00:30:00+00:00,485.3,485.35,485.26,485.2984,5656.0
2025-12-24 00:35:00+00:00,485.29,485.35,485.2,485.2001,6157.0
2025-12-24 00:40:00+00:00,485.18,485.3,485.1,485.1101,8685.0
2025-12-24 00:45:00+00:00,485.15,485.38,485.07,485.23,8313.0
2025-12-24 00:50:00+00:00,485.23,485.2787,485.1,485.2,5085.0
2025-12-24 00:55:00+00:00,485.1,485.2001,485.0,485.0297,25875.0
2025-12-24 09:00:00+00:00,486.39,486.6,486.24,486.39,6705.0
2025-12-24 09:05:00+00:00,486.36,486.52,486.18,486.37,6154.0
2025-12-24 09:10:00+00:00,486.39,486.7,486.33,486.65,5605.0
2025-12-24 09:15:00+00:00,486.74,486.8,486.5,486.5,5775.0
2025-12-24 09:20:00+00:00,486.5,486.7,486.4,486.6,4199.0
2025-12-24 09:25:00+00:00,486.59,486.6,486.49,486.49,1163.0
2025-12-24 09:30:00+00:00,486.49,486.49,486.36,486.45,2562.0
2025-12-24 09:35:00+00:00,486.45,486.55,486.45,486.45,2285.0
2025-12-24 09:40:00+00:00,486.51,486.59,486.51,486.59,1365.0
2025-12-24 09:45:00+00:00,486.51,486.56,486.51,486.56,660.0
2025-12-24 09:50:00+00:00,486.56,486.58,486.56,486.58,616.0
2025-12-24 09:55:00+00:00,486.59,486.61,486.4,486.54,3165.0
2025-12-24 10:00:00+00:00,486.45,486.45,486.05,486.05,3175.0
2025-12-24 10:05:00+00:00,486.05,486.35,486.01,486.11,3553.0
2025-12-24 10:10:00+00:00,486.21,486.29,486.21,486.29,1292.0
2025-12-24 10:15:00+00:00,486.34,486.53,486.34,486.43,3212.0
2025-12-24 10:20:00+00:00,486.5,486.5,486.49,486.49,680.0
2025-12-24 10:25:00+00:00,486.41,486.41,486.25,486.25,1563.0
2025-12-24 10:30:00+00:00,486.22,486.4,486.22,486.37,1147.0
2025-12-24 10:35:00+00:00,486.32,486.32,486.3,486.3,1034.0
2025-12-24 10:40:00+00:00,486.31,486.33,486.28,486.28,213.0
2025-12-24 10:45:00+00:00,486.23,486.23,486.06,486.11,1707.0
2025-12-24 10:50:00+00:00,486.15,486.17,486.15,486.17,369.0
2025-12-24 10:55:00+00:00,486.27,486.33,486.27,486.33,974.0
2025-12-24 11:00:00+00:00,486.27,486.3,486.22,486.22,1471.0
2025-12-24 11:05:00+00:00,486.2,486.23,486.18,486.2,1157.0
2025-12-24 11:10:00+00:00,486.24,486.29,486.15,486.15,1356.0
2025-12-24 11:15:00+00:00,486.16,486.16,486.16,486.16,356.0
2025-12-24 11:20:00+00:00,486.04,486.16,486.04,486.11,2784.0
2025-12-24 11:25:00+00:00,486.13,486.15,486.03,486.03,1399.0
2025-12-24 11:30:00+00:00,486.05,486.53,486.05,486.5,9438.0
2025-12-24 11:35:00+00:00,486.53,486.64,486.15,486.32,5388.0
2025-12-24 11:40:00+00:00,486.33,486.4,486.25,486.4,1511.0
2025-12-24 11:45:00+00:00,486.22,486.27,486.21,486.26,1859.0
2025-12-24 11:50:00+00:00,486.25,486.3,486.15,486.2,1776.0
2025-12-24 11:55:00+00:00,486.2,486.2,486.1,486.13,1667.0
2025-12-24 12:00:00+00:00,486.15,486.25,485.94,486.2,12516.0
2025-12-24 12:05:00+00:00,486.23,486.4,486.15,486.25,6048.0
2025-12-24 12:10:00+00:00,486.23,486.23,486.15,486.15,2373.0
2025-12-24 12:15:00+00:00,486.15,486.36,486.12,486.32,3534.0
2025-12-24 12:20:00+00:00,486.35,486.55,486.35,486.42,5839.0
2025-12-24 12:25:00+00:00,486.42,486.45,486.25,486.26,5778.0
2025-12-24 12:30:00+00:00,486.27,486.48,486.24,486.47,4747.0
2025-12-24 12:35:00+00:00,486.47,486.51,486.45,486.51,4060.0
2025-12-24 12:40:00+00:00,486.49,486.5,486.41,486.42,3525.0
2025-12-24 12:45:00+00:00,486.37,486.37,486.2,486.3,3963.0
2025-12-24 12:50:00+00:00,486.31,486.46,486.31,486.46,3230.0
2025-12-24 12:55:00+00:00,486.42,486.44,486.33,486.41,1821.0
2025-12-24 13:00:00+00:00,486.58,486.7304,485.18,486.33,220950.0
2025-12-24 13:05:00+00:00,486.31,486.4,486.17,486.1784,7651.0
2025-12-24 13:10:00+00:00,486.14,486.2791,486.06,486.08,9715.0
2025-12-24 13:15:00+00:00,486.08,486.45,486.0,486.3101,13720.0
2025-12-24 13:20:00+00:00,486.31,486.36,486.2,486.27,7135.0
2025-12-24 13:25:00+00:00,486.32,486.42,486.2703,486.4107,9592.0
2025-12-24 13:30:00+00:00,486.39,486.6,486.35,486.58,23115.0
2025-12-24 13:35:00+00:00,486.5399,486.69,486.45,486.68,15779.0
2025-12-24 13:40:00+00:00,486.69,486.8,486.5488,486.6786,19356.0
2025-12-24 13:45:00+00:00,486.66,487.2,486.65,487.14,34276.0
2025-12-24 13:50:00+00:00,487.1212,488.0,487.1212,487.76,79875.0
2025-12-24 13:55:00+00:00,487.77,487.92,487.5837,487.7,35714.0
2025-12-24 14:00:00+00:00,487.64,487.86,487.25,487.8,30295.0
2025-12-24 14:05:00+00:00,487.75,487.78,487.53,487.6408,25438.0
2025-12-24 14:10:00+00:00,487.69,488.34,487.69,488.11,75438.0
2025-12-24 14:15:00+00:00,488.05,488.41,488.0,488.2,48966.0
2025-12-24 14:20:00+00:00,488.2504,488.4,487.94,487.9904,44208.0
2025-12-24 14:25:00+00:00,488.0,488.6,487.7001,488.44,49119.0
2025-12-24 14:30:00+00:00,488.48,490.9,485.22,485.54,2274147.0
2025-12-24 14:35:00+00:00,485.543,485.543,481.9,482.1,2077657.0
2025-12-24 14:40:00+00:00,482.2,483.32,480.26,481.24,2015950.0
2025-12-24 14:45:00+00:00,481.26,481.95,479.75,481.425,1427538.0
2025-12-24 14:50:00+00:00,481.425,481.81,480.2,480.405,1033942.0
2025-12-24 14:55:00+00:00,480.4,481.3694,479.47,480.53,1138198.0
2025-12-24 15:00:00+00:00,480.53,481.19,480.0,480.643,906429.0
2025-12-24 15:05:00+00:00,480.6124,480.89,479.59,480.3588,949184.0
2025-12-24 15:10:00+00:00,480.385,481.27,478.88,478.984,1410799.0
2025-12-24 15:15:00+00:00,478.965,480.08,478.93,479.91,915876.0
2025-12-24 15:20:00+00:00,479.9,480.2999,478.6,478.675,981420.0
2025-12-24 15:25:00+00:00,478.685,478.8799,476.8,477.334,1519808.0
2025-12-24 15:30:00+00:00,477.334,478.4,477.1301,478.37,1145260.0
2025-12-24 15:35:00+00:00,478.35,479.39,478.2,479.18,996875.0
2025-12-24 15:40:00+00:00,479.2064,480.2999,479.1906,479.75,923658.0
2025-12-24 15:45:00+00:00,479.73,480.6447,479.26,479.82,981492.0
2025-12-24 15:50:00+00:00,479.79,480.24,479.01,479.5624,757352.0
2025-12-24 15:55:00+00:00,479.545,479.6907,478.29,478.69,826386.0
2025-12-24 16:00:00+00:00,478.7199,479.34,478.62,478.895,582928.0
2025-12-24 16:05:00+00:00,478.895,479.92,478.46,479.74,636660.0
2025-12-24 16:10:00+00:00,479.77,480.28,479.36,480.2099,640882.0
2025-12-24 16:15:00+00:00,480.15,481.19,480.04,480.91,877593.0
2025-12-24 16:20:00+00:00,480.9,481.74,480.89,481.35,835644.0
2025-12-24 16:25:00+00:00,481.3599,482.0599,481.05,481.68,744890.0
2025-12-24 16:30:00+00:00,481.6812,482.52,481.64,482.36,837469.0
2025-12-24 16:35:00+00:00,482.3713,482.62,481.87,482.225,679793.0
2025-12-24 16:40:00+00:00,482.225,482.7,481.33,481.387,718715.0
2025-12-24 16:45:00+00:00,481.4,482.78,481.14,482.7187,853972.0
2025-12-24 16:50:00+00:00,482.73,482.85,481.77,481.79,616353.0
2025-12-24 16:55:00+00:00,481.83,482.62,481.75,482.03,636384.0
2025-12-24 17:00:00+00:00,482.03,482.28,481.8,482.088,343235.0
2025-12-24 17:05:00+00:00,482.14,482.694,482.1019,482.4,439180.0
2025-12-24 17:10:00+00:00,482.39,482.93,482.11,482.2272,581481.0
2025-12-24 17:15:00+00:00,482.1878,482.3,481.57,481.7976,581814.0
2025-12-24 17:20:00+00:00,481.8,482.09,481.22,482.0143,445112.0
2025-12-24 17:25:00+00:00,482.0,482.33,481.35,481.77,515657.0
2025-12-24 17:30:00+00:00,481.7676,482.25,481.76,482.1682,353983.0
2025-12-24 17:35:00+00:00,482.14,482.49,482.03,482.1701,385612.0
2025-12-24 17:40:00+00:00,482.17,482.69,482.13,482.44,450813.0
2025-12-24 17:45:00+00:00,482.41,482.918,482.11,482.475,495677.0
2025-12-24 17:50:00+00:00,482.45,483.6,481.8,483.52,859023.0
2025-12-24 17:55:00+00:00,483.51,485.44,483.385,485.4,1813898.0
2025-12-24 18:00:00+00:00,485.5,485.5,485.34,485.4,1100141.0
2025-12-24 21:00:00+00:00,484.35,484.36,484.25,484.26,4234.0
2025-12-24 21:05:00+00:00,484.3,484.34,484.25,484.3,3945.0
2025-12-24 21:10:00+00:00,484.33,484.36,484.2,484.3,4797.0
2025-12-24 21:15:00+00:00,484.3005,484.35,484.25,484.35,2840.0
2025-12-24 21:20:00+00:00,484.3,484.36,484.25,484.2501,2788.0
2025-12-24 21:25:00+00:00,484.2519,484.3312,484.2519,484.31,1738.0
2025-12-24 21:30:00+00:00,484.31,484.36,484.31,484.34,3564.0
2025-12-24 21:35:00+00:00,484.34,484.35,484.27,484.2994,3842.0
2025-12-24 21:40:00+00:00,484.2998,484.3,484.26,484.26,2501.0
2025-12-24 21:45:00+00:00,484.2512,484.27,484.25,484.25,3524.0
2025-12-24 21:50:00+00:00,484.25,484.26,484.12,484.24,6010.0
2025-12-24 21:55:00+00:00,484.1354,484.27,484.1354,484.26,3225.0
2025-12-26 09:00:00+00:00,485.7,485.92,484.35,485.68,7170.0
2025-12-26 09:05:00+00:00,485.79,485.99,485.73,485.75,5782.0
2025-12-26 09:10:00+00:00,485.75,485.95,485.68,485.95,2664.0
2025-12-26 09:15:00+00:00,485.86,485.9,485.82,485.82,1774.0
2025-12-26 09:20:00+00:00,485.73,485.85,485.63,485.85,1515.0
2025-12-26 09:25:00+00:00,485.65,485.79,485.65,485.79,388.0
2025-12-26 09:30:00+00:00,485.74,485.74,485.61,485.63,1291.0
2025-12-26 09:35:00+00:00,485.72,485.78,485.68,485.68,961.0
2025-12-26 09:40:00+00:00,485.7,485.75,485.7,485.74,1415.0
2025-12-26 09:45:00+00:00,485.72,485.72,485.7,485.7,1199.0
2025-12-26 09:50:00+00:00,485.65,485.65,485.59,485.65,2387.0
2025-12-26 09:55:00+00:00,485.72,486.13,485.72,485.9,5028.0
2025-12-26 10:00:00+00:00,486.09,486.2,486.09,486.11,1325.0
2025-12-26 10:05:00+00:00,486.01,486.01,485.9,485.95,1781.0
2025-12-26 10:10:00+00:00,485.98,486.36,485.98,486.28,1703.0
2025-12-26 10:15:00+00:00,486.3,486.3,486.25,486.27,1132.0
2025-12-26 10:20:00+00:00,486.38,486.42,486.3,486.3,1939.0
2025-12-26 10:25:00+00:00,486.25,486.37,486.1,486.1,1474.0
2025-12-26 10:30:00+00:00,486.1,486.25,486.1,486.25,1274.0
2025-12-26 10:35:00+00:00,486.24,486.37,486.24,486.37,757.0
2025-12-26 10:40:00+00:00,486.33,486.38,486.21,486.36,1322.0
2025-12-26 10:45:00+00:00,486.15,486.15,485.93,485.93,2064.0
2025-12-26 10:55:00+00:00,486.1,486.15,486.0,486.15,1809.0
2025-12-26 11:00:00+00:00,486.13,486.2,486.1,486.11,2192.0
2025-12-26 11:05:00+00:00,486.1,486.37,486.1,486.36,1581.0
2025-12-26 11:10:00+00:00,486.3,486.37,486.3,486.33,779.0
2025-12-26 11:15:00+00:00,486.33,486.33,486.24,486.3,714.0
2025-12-26 11:20:00+00:00,486.28,486.43,486.28,486.41,3850.0
2025-12-26 11:25:00+00:00,486.44,486.49,486.34,486.46,2212.0
2025-12-26 11:30:00+00:00,486.4,486.55,486.38,486.42,3227.0
2025-12-26 11:35:00+00:00,486.54,486.57,486.47,486.57,1710.0
2025-12-26 11:40:00+00:00,486.57,486.57,486.15,486.25,9100.0
2025-12-26 11:45:00+00:00,486.29,486.29,486.1,486.14,2274.0
2025-12-26 11:50:00+00:00,486.04,486.29,486.04,486.29,2041.0
2025-12-26 11:55:00+00:00,486.39,486.44,486.33,486.33,2074.0
2025-12-26 12:00:00+00:00,486.28,486.4,486.0,486.1,11709.0
2025-12-26 12:05:00+00:00,486.2,486.22,486.06,486.07,2476.0
2025-12-26 12:10:00+00:00,486.02,486.06,485.61,485.8,15816.0
2025-12-26 12:15:00+00:00,485.85,485.93,485.63,485.63,3132.0
2025-12-26 12:20:00+00:00,485.55,485.95,485.54,485.9,4194.0
2025-12-26 12:25:00+00:00,485.93,485.93,485.56,485.56,3952.0
2025-12-26 12:30:00+00:00,485.55,485.78,485.54,485.66,3333.0
2025-12-26 12:35:00+00:00,485.65,486.2,485.65,486.2,10566.0
2025-12-26 12:40:00+00:00,486.16,486.19,485.96,486.0,2080.0
2025-12-26 12:45:00+00:00,485.95,485.95,485.75,485.8,2267.0
2025-12-26 12:50:00+00:00,485.85,485.9,485.66,485.9,1706.0
2025-12-26 12:55:00+00:00,485.84,486.0,485.75,485.88,4136.0
2025-12-26 13:00:00+00:00,486.18,486.5707,485.35,486.05,156531.0
2025-12-26 13:05:00+00:00,485.9,486.1,485.88,485.9,7768.0
2025-12-26 13:10:00+00:00,485.94,485.94,485.67,485.89,19137.0
2025-12-26 13:15:00+00:00,485.8801,485.95,485.88,485.93,7765.0
2025-12-26 13:20:00+00:00,485.9,486.1,485.8903,486.0561,8975.0
2025-12-26 13:25:00+00:00,486.0,486.01,485.41,485.42,23281.0
2025-12-26 13:30:00+00:00,485.4,485.85,485.36,485.65,13375.0
2025-12-26 13:35:00+00:00,485.65,485.85,485.56,485.798,12319.0
2025-12-26 13:40:00+00:00,485.8495,485.9499,485.75,485.8,18427.0
2025-12-26 13:45:00+00:00,485.82,485.8797,485.65,485.65,7938.0
2025-12-26 13:50:00+00:00,485.65,485.72,485.5055,485.63,15058.0
2025-12-26 13:55:00+00:00,485.66,485.8,485.59,485.79,16933.0
2025-12-26 14:00:00+00:00,485.8,485.95,485.71,485.7107,10174.0
2025-12-26 14:05:00+00:00,485.7113,485.95,485.7113,485.86,10731.0
2025-12-26 14:10:00+00:00,485.86,485.99,485.85,485.97,14726.0
2025-12-26 14:15:00+00:00,485.99,486.0,485.64,485.71,25285.0
2025-12-26 14:20:00+00:00,485.75,485.75,485.44,485.508,20743.0
2025-12-26 14:25:00+00:00,485.5,485.78,485.08,485.14,38750.0
2025-12-26 14:30:00+00:00,485.23,487.62,484.694,486.94,1817543.0
2025-12-26 14:35:00+00:00,486.84,489.09,486.52,487.2429,1791748.0
2025-12-26 14:40:00+00:00,487.23,487.2899,483.36,484.09,1684988.0
2025-12-26 14:45:00+00:00,483.995,484.9,482.98,484.0,1170935.0
2025-12-26 14:50:00+00:00,483.96,484.02,482.13,482.95,1128411.0
2025-12-26 14:55:00+00:00,482.975,483.48,481.9,482.52,1338811.0
2025-12-26 15:00:00+00:00,482.58,482.6578,480.18,481.48,1349534.0
2025-12-26 15:05:00+00:00,481.54,481.8,479.94,480.89,1328061.0
2025-12-26 15:10:00+00:00,480.89,481.13,479.09,479.09,1246648.0
2025-12-26 15:15:00+00:00,479.105,479.83,478.46,478.77,1115840.0
2025-12-26 15:20:00+00:00,478.7448,479.23,477.66,477.86,1223793.0
2025-12-26 15:25:00+00:00,477.875,478.22,476.85,477.17,1178969.0
2025-12-26 15:30:00+00:00,477.16,477.56,475.69,476.0313,1350060.0
2025-12-26 15:35:00+00:00,476.0313,476.3299,474.27,474.5225,1559825.0
2025-12-26 15:40:00+00:00,474.495,476.7,473.82,476.455,1858172.0
2025-12-26 15:45:00+00:00,476.44,478.33,476.3,478.1587,1483198.0
2025-12-26 15:50:00+00:00,478.155,478.89,477.63,478.3,1259871.0
2025-12-26 15:55:00+00:00,478.3012,478.88,477.83,478.1212,939267.0
2025-12-26 16:00:00+00:00,478.132,479.389,478.05,478.9801,856816.0
2025-12-26 16:05:00+00:00,479.0299,479.41,478.0,478.278,782582.0
2025-12-26 16:10:00+00:00,478.29,478.844,477.53,477.57,645968.0
2025-12-26 16:15:00+00:00,477.55,478.23,477.1,477.365,1436614.0
2025-12-26 16:20:00+00:00,477.38,478.56,477.22,478.3632,654477.0
2025-12-26 16:25:00+00:00,478.33,478.78,478.0,478.4799,478824.0
2025-12-26 16:30:00+00:00,478.48,478.66,477.6201,477.92,505121.0
2025-12-26 16:35:00+00:00,477.89,478.04,477.4526,477.93,398406.0
2025-12-26 16:40:00+00:00,477.95,479.17,477.91,478.445,756032.0
2025-12-26 16:45:00+00:00,478.46,478.9,478.43,478.7,347876.0
2025-12-26 16:50:00+00:00,478.685,479.2,478.52,478.91,422976.0
2025-12-26 16:55:00+00:00,478.9012,478.97,478.1401,478.26,418699.0
2025-12-26 17:00:00+00:00,478.24,478.67,478.18,478.509,315304.0
2025-12-26 17:05:00+00:00,478.52,478.66,478.05,478.08,352463.0
2025-12-26 17:10:00+00:00,478.06,478.2,476.82,477.0499,745799.0
2025-12-26 17:15:00+00:00,477.02,477.51,476.6,477.435,625442.0
2025-12-26 17:20:00+00:00,477.45,478.5,477.39,478.33,559686.0
2025-12-26 17:25:00+00:00,478.32,479.7112,478.16,479.634,759237.0
2025-12-26 17:30:00+00:00,479.61,479.96,479.2901,479.515,545307.0
2025-12-26 17:35:00+00:00,479.517,480.35,479.49,480.178,628624.0
2025-12-26 17:40:00+00:00,480.175,480.48,479.82,480.1032,616755.0
2025-12-26 17:45:00+00:00,480.09,480.2,479.58,480.06,459501.0
2025-12-26 17:50:00+00:00,479.9901,480.0999,479.57,479.932,342608.0
2025-12-26 17:55:00+00:00,479.94,480.5,479.9201,480.17,422840.0
2025-12-26 18:00:00+00:00,480.148,480.3,479.11,479.33,481661.0
2025-12-26 18:05:00+00:00,479.36,479.8582,479.3,479.36,293955.0
2025-12-26 18:10:00+00:00,479.4,479.68,479.08,479.11,342144.0
2025-12-26 18:15:00+00:00,479.08,479.61,478.8201,479.16,416990.0
2025-12-26 18:20:00+00:00,479.1465,479.18,478.42,478.79,445475.0
2025-12-26 18:25:00+00:00,478.775,479.0,478.42,478.88,342111.0
2025-12-26 18:30:00+00:00,478.86,479.1,478.25,478.5562,461550.0
2025-12-26 18:35:00+00:00,478.57,478.73,478.14,478.18,417320.0
2025-12-26 18:40:00+00:00,478.18,478.43,477.89,478.06,426252.0
2025-12-26 18:45:00+00:00,478.06,478.51,478.05,478.29,376841.0
2025-12-26 18:50:00+00:00,478.29,478.51,477.72,478.43,475907.0
2025-12-26 18:55:00+00:00,478.45,478.62,478.12,478.39,376700.0
2025-12-26 19:00:00+00:00,478.4,478.8771,478.1101,478.67,426607.0
2025-12-26 19:05:00+00:00,478.7,479.24,478.64,478.9862,441658.0
2025-12-26 19:10:00+00:00,478.9821,478.99,477.94,478.1195,442957.0
2025-12-26 19:15:00+00:00,478.11,478.52,478.06,478.41,345086.0
2025-12-26 19:20:00+00:00,478.41,478.78,478.39,478.53,313747.0
2025-12-26 19:25:00+00:00,478.5499,478.71,478.22,478.49,270701.0
2025-12-26 19:30:00+00:00,478.49,478.6704,478.06,478.315,362485.0
2025-12-26 19:35:00+00:00,478.33,478.53,477.9201,478.06,265367.0
2025-12-26 19:40:00+00:00,478.07,478.25,477.8744,477.965,215233.0
2025-12-26 19:45:00+00:00,477.97,478.19,477.75,477.86,346919.0
2025-12-26 19:50:00+00:00,477.88,478.3712,477.78,478.18,354970.0
2025-12-26 19:55:00+00:00,478.1959,478.8699,478.18,478.65,509967.0
2025-12-26 20:00:00+00:00,478.6568,478.8,478.16,478.41,370417.0
2025-12-26 20:05:00+00:00,478.3906,478.54,478.16,478.17,300706.0
2025-12-26 20:10:00+00:00,478.1601,478.37,478.0,478.06,315417.0
2025-12-26 20:15:00+00:00,478.074,478.57,478.02,478.441,365915.0
2025-12-26 20:20:00+00:00,478.4412,478.58,478.11,478.52,311139.0
2025-12-26 20:25:00+00:00,478.5,478.62,478.14,478.3599,328780.0
2025-12-26 20:30:00+00:00,478.36,478.36,477.77,477.95,489429.0
2025-12-26 20:35:00+00:00,477.97,478.22,477.86,478.0868,288607.0
2025-12-26 20:40:00+00:00,478.08,478.11,477.36,477.39,529870.0
2025-12-26 20:45:00+00:00,477.42,477.74,477.1,477.16,511341.0
2025-12-26 20:50:00+00:00,477.15,477.3799,476.0,476.1136,983280.0
2025-12-26 20:55:00+00:00,476.11,476.4,474.98,475.2,2045192.0
2025-12-26 21:00:00+00:00,475.19,475.472,474.82,474.85,334658.0
2025-12-26 21:05:00+00:00,474.86,475.11,474.85,474.9041,59910.0
2025-12-26 21:10:00+00:00,474.92,474.97,474.89,474.96,34368.0
2025-12-26 21:15:00+00:00,474.97,475.0496,474.91,474.98,33027.0
2025-12-26 21:20:00+00:00,474.98,474.99,474.94,474.95,22917.0
2025-12-26 21:25:00+00:00,474.96,474.98,474.95,474.96,14286.0
2025-12-26 21:30:00+00:00,474.96,474.99,474.95,474.97,14673.0
2025-12-26 21:35:00+00:00,474.97,475.0357,474.95,475.0,14769.0
2025-12-26 21:40:00+00:00,475.05,475.05,475.0,475.0199,19639.0
2025-12-26 21:45:00+00:00,475.01,475.02,474.97,474.97,14792.0
2025-12-26 21:50:00+00:00,474.98,474.98,474.95,474.96,12347.0
2025-12-26 21:55:00+00:00,474.97,474.98,474.95,474.9708,12966.0
2025-12-26 22:00:00+00:00,474.98,475.05,474.94,475.01,21758.0
2025-12-26 22:05:00+00:00,475.03,475.05,475.0,475.0,6330.0
2025-12-26 22:10:00+00:00,475.0,475.0013,474.8095,474.8309,11924.0
2025-12-26 22:15:00+00:00,474.85,474.97,474.82,474.93,12803.0
2025-12-26 22:20:00+00:00,474.92,474.97,474.85,474.95,16204.0
2025-12-26 22:25:00+00:00,474.97,474.97,474.77,474.77,8572.0
2025-12-26 22:30:00+00:00,474.8006,474.85,474.7,474.72,6860.0
2025-12-26 22:35:00+00:00,474.72,474.84,474.71,474.83,7553.0
2025-12-26 22:40:00+00:00,474.83,474.85,474.8,474.85,7667.0
2025-12-26 22:45:00+00:00,474.85,474.9,474.8402,474.8897,8663.0
2025-12-26 22:50:00+00:00,474.88,474.89,474.8,474.8101,9516.0
2025-12-26 22:55:00+00:00,474.83,474.85,474.81,474.81,8412.0
2025-12-26 23:00:00+00:00,474.84,474.85,474.81,474.83,4307.0
2025-12-26 23:05:00+00:00,474.81,474.85,474.81,474.84,17835.0
2025-12-26 23:10:00+00:00,474.8494,474.99,474.84,474.9899,7841.0
2025-12-26 23:15:00+00:00,474.9899,475.0,474.95,474.9638,8766.0
2025-12-26 23:20:00+00:00,474.97,474.97,474.81,474.865,5233.0
2025-12-26 23:25:00+00:00,474.86,474.87,474.74,474.74,8188.0
2025-12-26 23:30:00+00:00,474.78,474.84,474.6997,474.8197,9397.0
2025-12-26 23:35:00+00:00,474.815,474.84,474.75,474.84,5748.0
2025-12-26 23:40:00+00:00,474.8399,474.8399,474.69,474.69,10344.0
2025-12-26 23:45:00+00:00,474.6801,474.69,474.5,474.55,11338.0
2025-12-26 23:50:00+00:00,474.6,474.68,474.5,474.6158,6151.0
2025-12-26 23:55:00+00:00,474.68,474.7,474.63,474.63,5126.0
2025-12-27 00:00:00+00:00,474.62,474.64,474.5,474.58,8622.0
2025-12-27 00:05:00+00:00,474.55,474.5941,474.47,474.47,8551.0
2025-12-27 00:10:00+00:00,474.4692,474.52,474.23,474.23,13779.0
2025-12-27 00:15:00+00:00,474.22,474.28,474.01,474.1162,21378.0
2025-12-27 00:20:00+00:00,474.1,474.3,474.01,474.2,10087.0
2025-12-27 00:25:00+00:00,474.17,474.25,474.04,474.19,11821.0
2025-12-27 00:30:00+00:00,474.18,474.25,474.01,474.01,9059.0
2025-12-27 00:35:00+00:00,474.0488,474.16,474.0,474.0025,9025.0
2025-12-27 00:40:00+00:00,474.01,474.0532,474.0,474.04,14644.0
2025-12-27 00:45:00+00:00,474.0009,474.04,474.0,474.0,9585.0
2025-12-27 00:50:00+00:00,474.01,474.15,474.0,474.0998,15534.0
2025-12-27 00:55:00+00:00,474.1,474.1,473.82,473.82,28125.0
2025-12-29 09:00:00+00:00,468.89,471.77,468.89,469.73,51022.0
2025-12-29 09:05:00+00:00,469.73,469.9,468.0,469.39,36243.0
2025-12-29 09:10:00+00:00,469.4,469.4,468.32,468.39,24311.0
2025-12-29 09:15:00+00:00,468.32,469.06,468.22,468.81,11394.0
2025-12-29 09:20:00+00:00,468.92,468.97,468.48,468.54,5691.0
2025-12-29 09:25:00+00:00,468.5,468.8,468.32,468.74,7988.0
2025-12-29 09:30:00+00:00,468.75,468.79,468.2,468.2,9158.0
2025-12-29 09:35:00+00:00,468.22,468.22,468.04,468.05,7503.0
2025-12-29 09:40:00+00:00,468.1,468.11,467.5,467.57,24494.0
2025-12-29 09:45:00+00:00,467.59,467.68,467.25,467.63,13015.0
2025-12-29 09:50:00+00:00,467.7,468.01,467.6,468.0,9569.0
2025-12-29 09:55:00+00:00,468.0,468.28,468.0,468.22,6462.0
2025-12-29 10:00:00+00:00,468.28,468.5,468.2,468.5,8201.0
2025-12-29 10:05:00+00:00,468.45,468.71,468.4,468.6,9032.0
2025-12-29 10:10:00+00:00,468.6,468.65,468.3,468.3,3593.0
2025-12-29 10:15:00+00:00,468.39,468.5,468.36,468.46,4124.0
2025-12-29 10:20:00+00:00,468.39,468.8,468.39,468.65,6155.0
2025-12-29 10:25:00+00:00,468.68,468.75,468.48,468.6,4515.0
2025-12-29 10:30:00+00:00,468.57,468.6,468.35,468.45,5156.0
2025-12-29 10:35:00+00:00,468.35,468.8,468.23,468.79,6917.0
2025-12-29 10:40:00+00:00,468.8,468.87,468.31,468.31,6974.0
2025-12-29 10:45:00+00:00,468.36,468.4,468.22,468.22,4342.0
2025-12-29 10:50:00+00:00,468.24,468.27,468.19,468.22,3840.0
2025-12-29 10:55:00+00:00,468.17,468.27,468.0,468.23,7880.0
2025-12-29 11:00:00+00:00,468.18,468.33,468.13,468.21,4337.0
2025-12-29 11:05:00+00:00,468.27,468.32,468.26,468.26,2983.0
2025-12-29 11:10:00+00:00,468.22,468.25,468.12,468.16,2237.0
2025-12-29 11:15:00+00:00,468.25,468.25,468.02,468.1,9067.0
2025-12-29 11:20:00+00:00,468.08,468.09,467.77,467.78,18359.0
2025-12-29 11:25:00+00:00,467.77,467.86,467.6,467.78,6819.0
2025-12-29 11:30:00+00:00,467.87,468.1,467.87,468.01,5694.0
2025-12-29 11:35:00+00:00,468.07,468.24,468.06,468.15,5165.0
2025-12-29 11:40:00+00:00,468.17,468.36,468.05,468.33,8789.0
2025-12-29 11:45:00+00:00,468.31,468.4,468.06,468.06,7639.0
2025-12-29 11:50:00+00:00,468.08,468.35,468.08,468.3,3959.0
2025-12-29 11:55:00+00:00,468.27,468.35,468.21,468.34,2924.0
2025-12-29 12:00:00+00:00,468.4,469.73,468.21,469.5,46292.0
2025-12-29 12:05:00+00:00,469.6,469.6,469.32,469.4,10574.0
2025-12-29 12:10:00+00:00,469.44,469.44,468.99,469.25,10578.0
2025-12-29 12:15:00+00:00,469.24,469.92,469.23,469.86,13769.0
2025-12-29 12:20:00+00:00,469.75,470.68,469.7,470.65,21468.0
2025-12-29 12:25:00+00:00,470.68,470.72,470.38,470.45,12730.0
2025-12-29 12:30:00+00:00,470.5,471.02,470.35,470.35,15537.0
2025-12-29 12:35:00+00:00,470.39,470.53,470.15,470.3,7277.0
2025-12-29 12:40:00+00:00,470.3,470.84,470.3,470.6,21499.0
2025-12-29 12:45:00+00:00,470.6,470.82,470.4,470.4,15369.0
2025-12-29 12:50:00+00:00,470.3,470.3,469.9,470.2,14577.0
2025-12-29 12:55:00+00:00,470.25,470.31,469.76,469.8,9228.0
2025-12-29 13:00:00+00:00,469.01,471.04,467.27,469.7,489581.0
2025-12-29 13:05:00+00:00,469.7006,469.99,469.7006,469.87,9635.0
2025-12-29 13:10:00+00:00,469.83,469.9,469.31,469.46,15927.0
2025-12-29 13:15:00+00:00,469.4599,469.5,468.8,469.44,36106.0
2025-12-29 13:20:00+00:00,469.41,469.54,469.1,469.1,22042.0
2025-12-29 13:25:00+00:00,469.18,469.41,468.96,469.35,31572.0
2025-12-29 13:30:00+00:00,469.4,469.4,468.75,468.8,25110.0
2025-12-29 13:35:00+00:00,468.8,469.09,468.4,468.56,34081.0
2025-12-29 13:40:00+00:00,468.6,468.83,468.4501,468.52,24847.0
2025-12-29 13:45:00+00:00,468.53,468.8,468.0,468.1537,59106.0
2025-12-29 13:50:00+00:00,468.17,468.32,467.99,468.2,67924.0
2025-12-29 13:55:00+00:00,468.2085,468.41,468.08,468.15,27965.0
2025-12-29 14:00:00+00:00,468.14,468.75,468.07,468.33,35780.0
2025-12-29 14:05:00+00:00,468.3436,468.4,467.98,468.28,57035.0
2025-12-29 14:10:00+00:00,468.1,468.31,467.72,468.12,60049.0
2025-12-29 14:15:00+00:00,468.15,468.17,467.56,467.93,50738.0
2025-12-29 14:20:00+00:00,467.8,467.98,467.42,467.45,54596.0
2025-12-29 14:25:00+00:00,467.53,469.0,467.5,468.99,84023.0
2025-12-29 14:30:00+00:00,469.0,469.4,463.69,463.8488,3452331.0
2025-12-29 14:35:00+00:00,463.915,467.63,463.13,464.89,2447251.0
2025-12-29 14:40:00+00:00,464.91,466.96,464.14,465.7385,1399873.0
2025-12-29 14:45:00+00:00,465.71,468.34,464.6,465.6026,1528057.0
2025-12-29 14:50:00+00:00,465.51,466.19,463.55,464.56,1447229.0
2025-12-29 14:55:00+00:00,464.56,464.93,462.37,462.73,1535639.0
2025-12-29 15:00:00+00:00,462.75,464.1,462.07,462.1876,1351664.0
2025-12-29 15:05:00+00:00,462.19,462.56,461.32,461.88,1456981.0
2025-12-29 15:10:00+00:00,461.883,463.7384,461.72,463.73,1380738.0
2025-12-29 15:15:00+00:00,463.715,464.75,463.2533,464.09,1264780.0
2025-12-29 15:20:00+00:00,464.05,465.64,463.63,465.335,1098366.0
2025-12-29 15:25:00+00:00,465.362,466.88,464.92,466.2501,1367880.0
2025-12-29 15:30:00+00:00,466.23,467.3299,465.43,467.3088,986975.0
2025-12-29 15:35:00+00:00,467.31,467.81,466.5701,467.275,1132960.0
2025-12-29 15:40:00+00:00,467.29,467.75,466.08,466.72,871439.0
2025-12-29 15:45:00+00:00,466.81,467.25,465.88,465.96,761556.0
2025-12-29 15:50:00+00:00,465.95,466.3,465.23,466.04,782939.0
2025-12-29 15:55:00+00:00,466.005,467.15,465.8201,466.69,667676.0
2025-12-29 16:00:00+00:00,466.7192,467.33,466.3,466.49,535616.0
2025-12-29 16:05:00+00:00,466.545,467.0,466.06,466.36,453288.0
2025-12-29 16:10:00+00:00,466.38,467.75,466.17,467.35,667242.0
2025-12-29 16:15:00+00:00,467.3201,467.5,466.56,467.305,478882.0
2025-12-29 16:20:00+00:00,467.28,467.57,466.98,467.425,426793.0
2025-12-29 16:25:00+00:00,467.4215,467.72,466.71,467.63,504205.0
2025-12-29 16:30:00+00:00,467.62,468.358,467.15,468.04,737319.0
2025-12-29 16:35:00+00:00,468.0201,469.2,467.94,468.58,785455.0
2025-12-29 16:40:00+00:00,468.62,468.84,467.75,468.0548,599221.0
2025-12-29 16:45:00+00:00,468.045,468.85,468.01,468.6101,444585.0
2025-12-29 16:50:00+00:00,468.6101,468.66,468.0269,468.342,396618.0
2025-12-29 16:55:00+00:00,468.37,468.69,467.82,467.84,389861.0
2025-12-29 17:00:00+00:00,467.865,468.2212,467.5901,467.8093,469229.0
2025-12-29 17:05:00+00:00,467.8234,467.9,466.65,466.68,573447.0
2025-12-29 17:10:00+00:00,466.71,467.24,466.369,467.035,576096.0
2025-12-29 17:15:00+00:00,467.01,467.22,466.5,467.18,398471.0
2025-12-29 17:20:00+00:00,467.15,467.25,466.36,466.465,346309.0
2025-12-29 17:25:00+00:00,466.4695,466.55,465.87,466.1182,517279.0
2025-12-29 17:30:00+00:00,466.095,466.79,466.07,466.42,428763.0
2025-12-29 17:35:00+00:00,466.395,466.7199,465.9011,466.025,374244.0
2025-12-29 17:40:00+00:00,466.025,466.14,465.41,466.0099,520651.0
2025-12-29 17:45:00+00:00,465.9961,466.16,465.66,466.03,336575.0
2025-12-29 17:50:00+00:00,466.03,466.37,465.8,465.9,357457.0
2025-12-29 17:55:00+00:00,465.93,466.36,465.7,465.95,351897.0
2025-12-29 18:00:00+00:00,465.95,465.97,464.44,464.9,766706.0
2025-12-29 18:05:00+00:00,464.87,465.19,464.39,465.077,461371.0
2025-12-29 18:10:00+00:00,465.0524,465.1,463.98,464.13,551543.0
2025-12-29 18:15:00+00:00,464.1268,464.57,463.89,464.025,464141.0
2025-12-29 18:20:00+00:00,464.04,464.28,463.74,464.2232,417324.0
2025-12-29 18:25:00+00:00,464.2101,464.28,463.9,464.09,276899.0
2025-12-29 18:30:00+00:00,464.0601,464.38,463.5,463.75,472136.0
2025-12-29 18:35:00+00:00,463.762,464.29,463.67,464.01,376339.0
2025-12-29 18:40:00+00:00,464.02,464.052,462.735,463.12,695349.0
2025-12-29 18:45:00+00:00,463.14,463.14,462.6873,462.9101,536784.0
2025-12-29 18:50:00+00:00,462.915,463.35,462.75,463.0,550332.0
2025-12-29 18:55:00+00:00,462.9776,463.2,462.54,462.875,441506.0
2025-12-29 19:00:00+00:00,462.8735,463.425,462.79,462.895,431953.0
2025-12-29 19:05:00+00:00,462.895,463.25,462.5368,462.66,409425.0
2025-12-29 19:10:00+00:00,462.67,462.93,462.22,462.48,537481.0
2025-12-29 19:15:00+00:00,462.5,462.7191,461.9501,462.015,585411.0
2025-12-29 19:20:00+00:00,462.015,463.2999,462.01,463.1026,609841.0
2025-12-29 19:25:00+00:00,463.115,463.2,462.7292,463.01,434786.0
2025-12-29 19:30:00+00:00,463.03,463.6499,462.95,463.2247,495111.0
2025-12-29 19:35:00+00:00,463.23,463.31,462.092,462.58,574856.0
2025-12-29 19:40:00+00:00,462.57,462.9,462.31,462.67,401826.0
2025-12-29 19:45:00+00:00,462.69,463.33,462.69,463.195,404695.0
2025-12-29 19:50:00+00:00,463.18,463.64,462.97,463.56,409283.0
2025-12-29 19:55:00+00:00,463.53,464.35,463.53,464.055,595463.0
2025-12-29 20:00:00+00:00,464.055,464.16,463.0,464.0895,648563.0
2025-12-29 20:05:00+00:00,464.1,464.1,463.3401,463.44,414834.0
2025-12-29 20:10:00+00:00,463.41,463.8199,462.8,463.1,525900.0
2025-12-29 20:15:00+00:00,463.09,463.35,462.54,462.625,502691.0
2025-12-29 20:20:00+00:00,462.6197,463.44,462.4204,463.39,577713.0
2025-12-29 20:25:00+00:00,463.41,463.66,462.5,462.67,517212.0
2025-12-29 20:30:00+00:00,462.695,462.7499,462.11,462.25,507455.0
2025-12-29 20:35:00+00:00,462.2375,462.36,461.34,461.475,722889.0
2025-12-29 20:40:00+00:00,461.454,461.99,460.94,461.98,982216.0
2025-12-29 20:45:00+00:00,461.98,462.19,460.97,461.19,830483.0
2025-12-29 20:50:00+00:00,461.22,461.63,459.3,460.101,2042518.0
2025-12-29 20:55:00+00:00,460.16,461.3,459.0,459.62,2106161.0
2025-12-29 21:00:00+00:00,459.64,459.64,458.56,459.1,191690.0
2025-12-29 21:05:00+00:00,459.0513,459.55,459.0513,459.358,75642.0
2025-12-29 21:10:00+00:00,459.4,459.58,459.02,459.2,49961.0
2025-12-29 21:15:00+00:00,459.19,459.4,458.8,459.1,36355.0
2025-12-29 21:20:00+00:00,459.16,459.2,458.02,458.088,64033.0
2025-12-29 21:25:00+00:00,458.25,458.47,457.37,457.45,94991.0
2025-12-29 21:30:00+00:00,457.43,457.88,457.3301,457.8,51507.0
2025-12-29 21:35:00+00:00,457.78,458.582,457.52,458.47,56409.0
2025-12-29 21:40:00+00:00,458.5228,459.64,458.13,458.37,28657.0
2025-12-29 21:45:00+00:00,458.37,458.37,458.13,458.22,23968.0
2025-12-29 21:50:00+00:00,458.22,458.34,458.2,458.21,15948.0
2025-12-29 21:55:00+00:00,458.25,458.5,458.15,458.25,31574.0
2025-12-29 22:00:00+00:00,458.2999,458.5,458.2,458.36,18349.0
2025-12-29 22:05:00+00:00,458.34,458.4,458.21,458.21,15583.0
2025-12-29 22:10:00+00:00,458.21,458.24,457.7,457.84,31863.0
2025-12-29 22:15:00+00:00,457.85,457.88,457.5701,457.6599,20306.0
2025-12-29 22:20:00+00:00,457.68,457.842,457.64,457.78,20014.0
2025-12-29 22:25:00+00:00,457.79,457.95,457.72,457.9199,15056.0
2025-12-29 22:30:00+00:00,457.89,458.1,457.86,458.08,19958.0
2025-12-29 22:35:00+00:00,458.1599,458.29,458.1,458.18,12765.0
2025-12-29 22:40:00+00:00,458.18,458.27,458.14,458.16,13177.0
2025-12-29 22:45:00+00:00,458.2,458.32,458.19,458.24,37271.0
2025-12-29 22:50:00+00:00,458.24,458.3,458.18,458.18,12508.0
2025-12-29 22:55:00+00:00,458.1794,458.46,458.1716,458.3,17562.0
2025-12-29 23:00:00+00:00,458.33,458.43,458.1195,458.1501,13512.0
2025-12-29 23:05:00+00:00,458.15,458.2,458.0,458.15,20687.0
2025-12-29 23:10:00+00:00,458.15,458.15,458.0,458.05,8619.0
2025-12-29 23:15:00+00:00,458.06,458.1199,457.81,457.81,12750.0
2025-12-29 23:20:00+00:00,457.83,458.2499,457.732,458.2499,13342.0
2025-12-29 23:25:00+00:00,458.25,458.26,458.04,458.1,12662.0
2025-12-29 23:30:00+00:00,458.13,458.25,458.11,458.25,6825.0
2025-12-29 23:35:00+00:00,458.2494,458.26,458.13,458.13,7167.0
2025-12-29 23:40:00+00:00,458.1766,458.24,458.0921,458.12,9272.0
2025-12-29 23:45:00+00:00,458.12,458.18,458.0,458.17,8012.0
2025-12-29 23:50:00+00:00,458.1699,458.1699,458.0,458.01,8827.0
2025-12-29 23:55:00+00:00,458.02,458.09,458.0,458.04,11353.0
2025-12-30 00:00:00+00:00,458.01,458.11,457.95,458.11,16095.0
2025-12-30 00:05:00+00:00,458.0319,458.13,458.0319,458.07,4911.0
2025-12-30 00:10:00+00:00,458.0848,458.11,458.02,458.06,6504.0
2025-12-30 00:15:00+00:00,458.03,458.12,458.0,458.0,7213.0
2025-12-30 00:20:00+00:00,458.01,458.04,457.99,457.9917,15482.0
2025-12-30 00:25:00+00:00,458.01,458.03,457.94,457.98,11107.0
2025-12-30 00:30:00+00:00,457.9715,457.9991,457.8,457.9499,11088.0
2025-12-30 00:35:00+00:00,457.95,457.9595,457.77,457.82,10520.0
2025-12-30 00:40:00+00:00,457.7628,457.84,457.65,457.71,19310.0
2025-12-30 00:45:00+00:00,457.71,457.71,457.5,457.6301,33428.0
2025-12-30 00:50:00+00:00,457.65,457.65,457.34,457.34,26033.0
2025-12-30 00:55:00+00:00,457.35,457.51,457.2,457.2794,34789.0
2025-12-30 09:00:00+00:00,463.0,463.39,461.85,463.2,21822.0
2025-12-30 09:05:00+00:00,463.19,463.39,463.0,463.36,8915.0
2025-12-30 09:10:00+00:00,463.39,463.65,463.21,463.61,14521.0
2025-12-30 09:15:00+00:00,463.64,464.45,463.64,464.31,27122.0
2025-12-30 09:20:00+00:00,464.31,464.88,464.2,464.86,12053.0
2025-12-30 09:25:00+00:00,464.75,464.95,464.4,464.4,7362.0
2025-12-30 09:30:00+00:00,464.48,464.48,464.06,464.06,9127.0
2025-12-30 09:35:00+00:00,464.03,464.73,464.03,464.6,7753.0
2025-12-30 09:40:00+00:00,464.59,464.59,464.13,464.13,4032.0
2025-12-30 09:45:00+00:00,464.2,464.3,464.17,464.22,2779.0
2025-12-30 09:50:00+00:00,464.18,464.31,464.0,464.0,4425.0
2025-12-30 09:55:00+00:00,464.1,464.43,464.1,464.4,4766.0
2025-12-30 10:00:00+00:00,464.38,464.39,464.28,464.34,3778.0
2025-12-30 10:05:00+00:00,464.31,464.33,464.15,464.27,2514.0
2025-12-30 10:10:00+00:00,464.27,464.38,464.14,464.32,6387.0
2025-12-30 10:15:00+00:00,464.32,464.32,464.18,464.27,3180.0
2025-12-30 10:20:00+00:00,464.26,464.28,464.14,464.24,2274.0
2025-12-30 10:25:00+00:00,464.25,464.25,464.0,464.06,7346.0
2025-12-30 10:30:00+00:00,464.16,464.17,464.0,464.0,4877.0
2025-12-30 10:35:00+00:00,464.07,464.15,464.0,464.04,4617.0
2025-12-30 10:40:00+00:00,464.0,464.16,463.87,464.05,9444.0
2025-12-30 10:45:00+00:00,464.09,464.13,464.02,464.06,1628.0
2025-12-30 10:50:00+00:00,464.01,464.05,463.72,463.81,9366.0
2025-12-30 10:55:00+00:00,463.85,463.92,463.69,463.8,6105.0
2025-12-30 11:00:00+00:00,463.83,463.9,463.68,463.89,5148.0
2025-12-30 11:05:00+00:00,463.9,463.9,463.6,463.67,7661.0
2025-12-30 11:10:00+00:00,463.65,463.74,463.5,463.5,7637.0
2025-12-30 11:15:00+00:00,463.52,463.81,463.52,463.67,3554.0
2025-12-30 11:20:00+00:00,463.64,464.01,463.64,463.96,7197.0
2025-12-30 11:25:00+00:00,463.87,464.0,463.75,463.87,4208.0
2025-12-30 11:30:00+00:00,463.88,463.95,463.8,463.8,3001.0
2025-12-30 11:35:00+00:00,463.81,463.9,463.71,463.76,4930.0
2025-12-30 11:40:00+00:00,463.76,463.89,463.7,463.71,1913.0
2025-12-30 11:45:00+00:00,463.89,464.29,463.79,464.27,11249.0
2025-12-30 11:50:00+00:00,464.27,464.27,463.73,463.9,4739.0
2025-12-30 11:55:00+00:00,463.85,463.92,463.66,463.71,6218.0
2025-12-30 12:00:00+00:00,463.7,464.0,463.01,463.15,46940.0
2025-12-30 12:05:00+00:00,463.11,463.15,462.4,462.76,24369.0
2025-12-30 12:10:00+00:00,462.75,462.87,462.6,462.87,10956.0
2025-12-30 12:15:00+00:00,462.84,463.27,462.84,462.92,17725.0
2025-12-30 12:20:00+00:00,462.95,462.95,462.44,462.48,7027.0
2025-12-30 12:25:00+00:00,462.49,462.99,462.48,462.9,7138.0
2025-12-30 12:30:00+00:00,462.88,463.0,462.63,462.65,6314.0
2025-12-30 12:35:00+00:00,462.6,462.6,462.32,462.39,12083.0
2025-12-30 12:40:00+00:00,462.48,462.48,461.8,461.83,22537.0
2025-12-30 12:45:00+00:00,461.9,461.99,461.71,461.96,9138.0
2025-12-30 12:50:00+00:00,461.97,462.0,461.88,461.95,6628.0
2025-12-30 12:55:00+00:00,462.0,462.0,461.9,461.99,14425.0
2025-12-30 13:00:00+00:00,463.25,464.95,461.0,462.49,476394.0
2025-12-30 13:05:00+00:00,462.42,462.95,462.3801,462.86,27337.0
2025-12-30 13:10:00+00:00,462.88,463.5,462.75,463.14,53635.0
2025-12-30 13:15:00+00:00,463.26,463.72,463.0101,463.5209,45689.0
2025-12-30 13:20:00+00:00,463.54,463.94,463.54,463.6404,49540.0
2025-12-30 13:25:00+00:00,463.658,463.7087,463.11,463.28,42079.0
2025-12-30 13:30:00+00:00,463.27,463.3099,462.49,462.55,46304.0
2025-12-30 13:35:00+00:00,462.51,463.0,462.3,462.9,27050.0
2025-12-30 13:40:00+00:00,462.9,462.94,462.7,462.778,19834.0
2025-12-30 13:45:00+00:00,462.8,462.89,462.5,462.61,25978.0
2025-12-30 13:50:00+00:00,462.6377,462.72,462.3,462.57,18583.0
2025-12-30 13:55:00+00:00,462.55,462.96,462.55,462.96,23377.0
2025-12-30 14:00:00+00:00,462.94,462.94,462.55,462.639,14236.0
2025-12-30 14:05:00+00:00,462.6,462.99,462.55,462.87,15800.0
2025-12-30 14:10:00+00:00,462.83,463.23,462.7737,462.8584,28669.0
2025-12-30 14:15:00+00:00,462.86,463.22,462.8,463.1,71893.0
2025-12-30 14:20:00+00:00,463.11,463.19,462.48,462.54,45906.0
2025-12-30 14:25:00+00:00,462.53,462.59,461.08,461.1582,87840.0
2025-12-30 14:30:00+00:00,461.09,462.0,456.01,456.39,2591791.0
2025-12-30 14:35:00+00:00,456.445,457.3099,454.72,455.7593,1872546.0
2025-12-30 14:40:00+00:00,455.71,455.9859,453.83,455.4828,1851815.0
2025-12-30 14:45:00+00:00,455.4972,457.5001,454.23,457.5001,1720555.0
2025-12-30 14:50:00+00:00,457.5,458.59,457.1,458.31,1547333.0
2025-12-30 14:55:00+00:00,458.34,459.7,458.05,458.8999,1432983.0
2025-12-30 15:00:00+00:00,458.84,459.66,458.28,459.09,1249307.0
2025-12-30 15:05:00+00:00,459.1299,460.81,458.8,459.83,1436991.0
2025-12-30 15:10:00+00:00,459.8101,460.0413,457.91,459.2524,1275487.0
2025-12-30 15:15:00+00:00,459.315,459.64,457.66,458.9,999418.0
2025-12-30 15:20:00+00:00,458.917,461.03,458.64,460.386,1281169.0
2025-12-30 15:25:00+00:00,460.45,460.85,459.88,460.68,790889.0
2025-12-30 15:30:00+00:00,460.63,461.06,459.02,459.345,824036.0
2025-12-30 15:35:00+00:00,459.3624,460.72,459.1501,460.2999,693875.0
2025-12-30 15:40:00+00:00,460.2999,460.88,459.92,460.548,672577.0
2025-12-30 15:45:00+00:00,460.53,460.63,459.69,460.155,531116.0
2025-12-30 15:50:00+00:00,460.1508,461.19,460.1,461.16,566647.0
2025-12-30 15:55:00+00:00,461.15,461.69,461.02,461.6347,775859.0
2025-12-30 16:00:00+00:00,461.65,462.21,461.1,461.69,885857.0
2025-12-30 16:05:00+00:00,461.71,461.75,460.86,461.28,732384.0
2025-12-30 16:10:00+00:00,461.2925,461.8,461.1452,461.42,430932.0
2025-12-30 16:15:00+00:00,461.4,461.64,460.37,460.4562,544291.0
2025-12-30 16:20:00+00:00,460.4836,461.25,460.31,461.19,559221.0
2025-12-30 16:25:00+00:00,461.1626,461.2799,460.64,461.13,353977.0
2025-12-30 16:30:00+00:00,461.11,462.7,461.09,462.35,889713.0
2025-12-30 16:35:00+00:00,462.3708,462.6,461.68,461.97,584435.0
2025-12-30 16:40:00+00:00,461.965,462.6,461.66,461.84,521960.0
2025-12-30 16:45:00+00:00,461.8625,462.03,461.3501,461.4232,389981.0
2025-12-30 16:50:00+00:00,461.38,461.56,460.71,461.53,560776.0
2025-12-30 16:55:00+00:00,461.4999,462.17,461.45,461.645,609234.0
2025-12-30 17:00:00+00:00,461.6399,461.94,460.69,461.605,588664.0
2025-12-30 17:05:00+00:00,461.625,462.35,461.53,462.2199,420387.0
2025-12-30 17:10:00+00:00,462.1591,463.12,461.89,462.73,745394.0
2025-12-30 17:15:00+00:00,462.76,462.89,462.2101,462.38,480475.0
2025-12-30 17:20:00+00:00,462.36,462.43,461.71,461.71,416777.0
2025-12-30 17:25:00+00:00,461.73,462.36,461.68,462.17,373925.0
2025-12-30 17:30:00+00:00,462.15,462.28,461.79,461.97,264852.0
2025-12-30 17:35:00+00:00,461.96,462.15,461.42,461.63,338856.0
2025-12-30 17:40:00+00:00,461.61,461.7699,460.69,460.82,446428.0
2025-12-30 17:45:00+00:00,460.82,460.93,459.6942,459.8104,814306.0
2025-12-30 17:50:00+00:00,459.8295,460.38,459.7,460.23,571223.0
2025-12-30 17:55:00+00:00,460.28,460.7864,459.85,459.97,570368.0
2025-12-30 18:00:00+00:00,459.93,460.0199,458.58,458.935,876234.0
2025-12-30 18:05:00+00:00,458.95,460.19,458.9,460.1,559329.0
2025-12-30 18:10:00+00:00,460.11,460.1999,459.46,459.62,443865.0
2025-12-30 18:15:00+00:00,459.6251,460.4399,459.5,460.1253,458236.0
2025-12-30 18:20:00+00:00,460.11,460.59,459.8201,459.8993,413272.0
2025-12-30 18:25:00+00:00,459.89,460.53,459.75,460.496,356697.0
2025-12-30 18:30:00+00:00,460.47,460.74,459.92,459.995,387510.0
2025-12-30 18:35:00+00:00,459.9601,460.1,459.4201,459.5835,417810.0
2025-12-30 18:40:00+00:00,459.54,459.62,458.4,459.0,637411.0
2025-12-30 18:45:00+00:00,459.005,459.47,458.85,459.44,360518.0
2025-12-30 18:50:00+00:00,459.4101,459.49,458.24,458.6799,493850.0
2025-12-30 18:55:00+00:00,458.665,459.27,458.61,459.0399,376145.0
2025-12-30 19:00:00+00:00,459.0,459.23,458.05,458.13,466374.0
2025-12-30 19:05:00+00:00,458.11,458.62,457.88,458.41,475607.0
2025-12-30 19:10:00+00:00,458.41,458.9,458.29,458.52,393434.0
2025-12-30 19:15:00+00:00,458.499,458.69,458.09,458.36,306894.0
2025-12-30 19:20:00+00:00,458.3652,459.67,458.34,459.4374,544942.0
2025-12-30 19:25:00+00:00,459.4001,459.4599,458.5701,458.615,327024.0
2025-12-30 19:30:00+00:00,458.6,458.71,457.7101,457.93,460234.0
2025-12-30 19:35:00+00:00,457.937,457.937,457.28,457.53,567631.0
2025-12-30 19:40:00+00:00,457.548,458.019,457.28,457.782,415230.0
2025-12-30 19:45:00+00:00,457.7753,457.97,457.25,457.28,395404.0
2025-12-30 19:50:00+00:00,457.29,458.07,457.06,458.059,489912.0
2025-12-30 19:55:00+00:00,458.06,458.59,457.75,457.9039,579850.0
2025-12-30 20:00:00+00:00,457.86,458.3,457.75,457.945,357704.0
2025-12-30 20:05:00+00:00,457.96,458.05,456.9301,457.3302,609586.0
2025-12-30 20:10:00+00:00,457.32,457.42,456.2001,456.38,775535.0
2025-12-30 20:15:00+00:00,456.38,457.2,456.1,457.005,559751.0
2025-12-30 20:20:00+00:00,457.0268,457.45,456.58,457.19,507419.0
2025-12-30 20:25:00+00:00,457.19,457.24,456.1,456.12,466219.0
2025-12-30 20:30:00+00:00,456.14,456.4299,455.83,456.27,699897.0
2025-12-30 20:35:00+00:00,456.3,456.46,455.7001,455.81,548889.0
2025-12-30 20:40:00+00:00,455.8144,456.24,455.52,455.7,636443.0
2025-12-30 20:45:00+00:00,455.66,455.9575,455.45,455.78,464428.0
2025-12-30 20:50:00+00:00,455.81,456.16,454.4,454.98,1284412.0
2025-12-30 20:55:00+00:00,454.95,455.23,454.04,454.43,1449592.0
2025-12-30 21:00:00+00:00,454.43,454.75,454.01,454.35,150760.0
2025-12-30 21:05:00+00:00,454.349,454.55,454.17,454.4046,53318.0
2025-12-30 21:10:00+00:00,454.5,454.53,454.02,454.2,35008.0
2025-12-30 21:15:00+00:00,454.2,454.85,454.15,454.7,38210.0
2025-12-30 21:20:00+00:00,454.7,454.8,454.43,454.43,22470.0
2025-12-30 21:25:00+00:00,454.55,454.58,454.37,454.58,16541.0
2025-12-30 21:30:00+00:00,454.53,455.4,454.48,455.38,37432.0
2025-12-30 21:35:00+00:00,455.35,455.4,454.9,455.3385,24272.0
2025-12-30 21:40:00+00:00,455.34,455.48,455.2,455.3607,19725.0
2025-12-30 21:45:00+00:00,455.36,455.4,455.11,455.22,11857.0
2025-12-30 21:50:00+00:00,455.16,455.4,455.16,455.35,11716.0
2025-12-30 21:55:00+00:00,455.3401,455.45,455.26,455.35,8409.0
2025-12-30 22:00:00+00:00,455.4,455.4,455.0,455.0,22097.0
2025-12-30 22:05:00+00:00,455.17,455.25,455.0,455.05,12146.0
2025-12-30 22:10:00+00:00,455.08,455.39,455.0,455.33,14528.0
2025-12-30 22:15:00+00:00,455.22,455.23,454.75,455.0,25018.0
2025-12-30 22:20:00+00:00,455.1,455.15,455.01,455.11,3975.0
2025-12-30 22:25:00+00:00,455.1,455.17,455.05,455.17,10683.0
2025-12-30 22:30:00+00:00,455.18,455.39,455.16,455.35,17818.0
2025-12-30 22:35:00+00:00,455.38,455.4,455.17,455.3,12354.0
2025-12-30 22:40:00+00:00,455.3,455.4,455.27,455.32,7748.0
2025-12-30 22:45:00+00:00,455.35,455.4,455.31,455.31,7780.0
2025-12-30 22:50:00+00:00,455.31,455.47,455.3,455.42,11521.0
2025-12-30 22:55:00+00:00,455.45,455.66,455.17,455.2,26775.0
2025-12-30 23:00:00+00:00,455.3,455.5,455.22,455.41,7110.0
2025-12-30 23:05:00+00:00,455.4,455.66,455.39,455.63,11301.0
2025-12-30 23:10:00+00:00,455.61,455.61,455.11,455.1999,13641.0
2025-12-30 23:15:00+00:00,455.2,455.45,455.11,455.36,14297.0
2025-12-30 23:20:00+00:00,455.39,455.45,455.25,455.39,9495.0
2025-12-30 23:25:00+00:00,455.36,455.44,455.25,455.27,10036.0
2025-12-30 23:30:00+00:00,455.18,455.3,455.01,455.2,5947.0
2025-12-30 23:35:00+00:00,455.2,455.23,455.0,455.19,11365.0
2025-12-30 23:40:00+00:00,455.14,455.21,455.04,455.15,7649.0
2025-12-30 23:45:00+00:00,455.14,455.24,455.06,455.14,10034.0
2025-12-30 23:50:00+00:00,455.06,455.06,455.01,455.01,11859.0
2025-12-30 23:55:00+00:00,455.04,455.25,455.0297,455.25,17061.0
2025-12-31 00:00:00+00:00,455.2,455.2412,455.05,455.0997,7873.0
2025-12-31 00:05:00+00:00,455.0937,455.1,455.01,455.03,12663.0
2025-12-31 00:10:00+00:00,455.04,455.04,454.8,454.82,59857.0
2025-12-31 00:15:00+00:00,454.81,454.99,454.7,454.7,10311.0
2025-12-31 00:20:00+00:00,454.7,454.75,454.6,454.69,13519.0
2025-12-31 00:25:00+00:00,454.6484,454.69,454.53,454.58,7619.0
2025-12-31 00:30:00+00:00,454.6,454.85,454.5,454.52,26616.0
2025-12-31 00:35:00+00:00,454.56,454.7,454.5,454.58,15014.0
2025-12-31 00:40:00+00:00,454.5,454.51,454.21,454.21,20395.0
2025-12-31 00:45:00+00:00,454.24,454.42,454.2,454.2,9686.0
2025-12-31 00:50:00+00:00,454.2,454.245,454.0,454.15,23895.0
2025-12-31 00:55:00+00:00,454.06,454.2,454.0,454.0475,40361.0
2025-12-31 09:00:00+00:00,452.86,454.0,452.52,453.3,16055.0
2025-12-31 09:05:00+00:00,453.17,453.29,452.98,453.01,5530.0
2025-12-31 09:10:00+00:00,453.13,453.15,452.99,452.99,1734.0
2025-12-31 09:15:00+00:00,452.99,453.33,452.99,453.33,2399.0
2025-12-31 09:20:00+00:00,453.46,453.6,453.25,453.58,4398.0
2025-12-31 09:25:00+00:00,453.35,453.41,453.18,453.4,1681.0
2025-12-31 09:30:00+00:00,453.31,453.5,453.3,453.3,1371.0
2025-12-31 09:35:00+00:00,453.42,453.43,453.42,453.43,160.0
2025-12-31 09:40:00+00:00,453.45,453.46,453.39,453.39,2339.0
2025-12-31 09:45:00+00:00,453.4,453.4,453.13,453.14,2123.0
2025-12-31 09:50:00+00:00,453.19,453.2,453.19,453.2,502.0
2025-12-31 09:55:00+00:00,453.21,453.26,453.2,453.26,1962.0
2025-12-31 10:00:00+00:00,453.22,453.22,453.15,453.22,742.0
2025-12-31 10:05:00+00:00,453.19,453.39,453.19,453.27,2664.0
2025-12-31 10:10:00+00:00,453.28,453.3,453.19,453.3,1037.0
2025-12-31 10:15:00+00:00,453.1,453.1,453.1,453.1,410.0
2025-12-31 10:20:00+00:00,453.1,453.14,453.07,453.11,1563.0
2025-12-31 10:25:00+00:00,453.12,453.21,453.03,453.21,2619.0
2025-12-31 10:30:00+00:00,453.3,453.48,453.17,453.17,2442.0
2025-12-31 10:35:00+00:00,453.22,453.28,453.19,453.19,912.0
2025-12-31 10:40:00+00:00,453.3,453.3,453.18,453.18,1970.0
2025-12-31 10:45:00+00:00,453.32,453.34,453.15,453.15,1728.0
2025-12-31 10:50:00+00:00,453.19,453.4,453.19,453.35,2188.0
2025-12-31 10:55:00+00:00,453.3,453.4,453.26,453.4,1982.0
2025-12-31 11:00:00+00:00,453.44,453.66,453.43,453.66,3550.0
2025-12-31 11:05:00+00:00,453.66,453.83,453.65,453.83,2355.0
2025-12-31 11:10:00+00:00,453.84,453.99,453.8,453.81,3936.0
2025-12-31 11:15:00+00:00,453.84,454.2,453.79,453.9,7028.0
2025-12-31 11:20:00+00:00,454.2,454.2,454.09,454.12,862.0
2025-12-31 11:25:00+00:00,454.16,454.29,454.02,454.06,5687.0
2025-12-31 11:30:00+00:00,454.1,454.23,454.05,454.19,1932.0
2025-12-31 11:35:00+00:00,454.14,454.5,454.14,454.48,3590.0
2025-12-31 11:40:00+00:00,454.31,454.4,454.3,454.31,2566.0
2025-12-31 11:45:00+00:00,454.28,454.45,454.25,454.32,2924.0
2025-12-31 11:50:00+00:00,454.3,454.33,454.1,454.12,6450.0
2025-12-31 11:55:00+00:00,454.12,454.25,454.07,454.12,3361.0
2025-12-31 12:00:00+00:00,454.11,454.18,453.55,453.75,16117.0
2025-12-31 12:05:00+00:00,453.85,454.33,453.85,454.25,6113.0
2025-12-31 12:10:00+00:00,454.2,454.39,454.17,454.37,3252.0
2025-12-31 12:15:00+00:00,454.4,455.43,454.4,455.1,19447.0
2025-12-31 12:20:00+00:00,455.22,455.46,455.17,455.46,10172.0
2025-12-31 12:25:00+00:00,455.43,455.82,455.43,455.56,13006.0
2025-12-31 12:30:00+00:00,455.51,455.87,455.41,455.87,3832.0
2025-12-31 12:35:00+00:00,455.9,456.78,455.9,456.78,25418.0
2025-12-31 12:40:00+00:00,456.76,456.77,456.2,456.45,13550.0
2025-12-31 12:45:00+00:00,456.42,456.45,456.1,456.39,10090.0
2025-12-31 12:50:00+00:00,456.36,456.4,456.08,456.18,6398.0
2025-12-31 12:55:00+00:00,456.16,456.45,456.15,456.33,5079.0
2025-12-31 13:00:00+00:00,454.05,456.78,452.15,456.01,333366.0
2025-12-31 13:05:00+00:00,456.01,456.0128,455.51,455.57,27427.0
2025-12-31 13:10:00+00:00,455.5308,456.12,455.5308,456.0,18762.0
2025-12-31 13:15:00+00:00,456.04,456.18,455.94,456.15,18070.0
2025-12-31 13:20:00+00:00,456.1688,456.6092,456.14,456.22,22570.0
2025-12-31 13:25:00+00:00,456.29,456.4,456.22,456.35,13684.0
2025-12-31 13:30:00+00:00,456.39,456.67,456.35,456.57,21156.0
2025-12-31 13:35:00+00:00,456.6,457.0,456.54,456.54,28096.0
2025-12-31 13:40:00+00:00,456.6036,457.5,456.5,457.46,42356.0
2025-12-31 13:45:00+00:00,457.4,457.44,456.55,457.0,38930.0
2025-12-31 13:50:00+00:00,457.016,458.16,457.0,457.8,58866.0
2025-12-31 13:55:00+00:00,457.88,458.34,457.4,457.6891,85027.0
2025-12-31 14:00:00+00:00,457.7,458.22,457.6039,457.99,43498.0
2025-12-31 14:05:00+00:00,458.0,458.36,457.8,457.8508,41560.0
2025-12-31 14:10:00+00:00,457.85,457.86,456.92,456.95,47973.0
2025-12-31 14:15:00+00:00,456.95,457.5699,456.95,457.33,35929.0
2025-12-31 14:20:00+00:00,457.34,457.3687,456.73,457.07,31321.0
2025-12-31 14:25:00+00:00,457.0,457.2,455.94,456.0204,57789.0
2025-12-31 14:30:00+00:00,456.1,456.55,452.62,455.0704,1958695.0
2025-12-31 14:35:00+00:00,455.03,456.5,453.7306,454.2475,1459023.0
2025-12-31 14:40:00+00:00,454.24,455.67,453.78,454.4901,1066204.0
2025-12-31 14:45:00+00:00,454.56,454.99,453.37,454.895,990439.0
2025-12-31 14:50:00+00:00,454.9199,455.3799,454.11,454.895,814801.0
2025-12-31 14:55:00+00:00,454.8847,455.3094,453.85,454.4676,801975.0
2025-12-31 15:00:00+00:00,454.38,455.23,454.3,454.73,597860.0
2025-12-31 15:05:00+00:00,454.69,455.0,453.35,453.59,707727.0
2025-12-31 15:10:00+00:00,453.605,454.02,452.3,453.41,1022879.0
2025-12-31 15:15:00+00:00,453.4799,454.63,453.13,453.47,818061.0
2025-12-31 15:20:00+00:00,453.47,454.12,453.2,453.82,522736.0
2025-12-31 15:25:00+00:00,453.7501,454.94,453.72,454.57,723503.0
2025-12-31 15:30:00+00:00,454.57,455.19,454.2001,454.9188,608297.0
2025-12-31 15:35:00+00:00,454.92,455.24,454.27,454.3,556107.0
2025-12-31 15:40:00+00:00,454.36,454.9,453.61,454.76,517717.0
2025-12-31 15:45:00+00:00,454.77,455.14,454.3,455.02,501614.0
2025-12-31 15:50:00+00:00,454.94,455.16,454.29,454.435,419555.0
2025-12-31 15:55:00+00:00,454.4,454.4399,453.68,454.0,467686.0
2025-12-31 16:00:00+00:00,453.95,454.1699,453.56,453.97,398979.0
2025-12-31 16:05:00+00:00,453.91,454.05,453.2901,453.4299,384627.0
2025-12-31 16:10:00+00:00,453.4,454.45,453.35,454.2275,586248.0
2025-12-31 16:15:00+00:00,454.24,454.27,453.48,454.0,368531.0
2025-12-31 16:20:00+00:00,454.015,454.18,453.56,453.68,274876.0
2025-12-31 16:25:00+00:00,453.665,453.905,453.2601,453.815,356223.0
2025-12-31 16:30:00+00:00,453.83,453.85,452.57,452.93,523418.0
2025-12-31 16:35:00+00:00,452.915,453.62,452.72,453.51,503914.0
2025-12-31 16:40:00+00:00,453.5053,453.5668,453.05,453.25,278741.0
2025-12-31 16:45:00+00:00,453.225,453.28,452.66,453.0986,340791.0
2025-12-31 16:50:00+00:00,453.09,453.88,452.9088,453.6684,491166.0
2025-12-31 16:55:00+00:00,453.6528,454.2499,453.6,454.0401,525715.0
2025-12-31 17:00:00+00:00,454.05,454.1025,453.6,453.8,345538.0
2025-12-31 17:05:00+00:00,453.78,454.0,453.37,453.51,346582.0
2025-12-31 17:10:00+00:00,453.52,453.58,453.155,453.5,284231.0
2025-12-31 17:15:00+00:00,453.515,454.15,453.37,454.11,363943.0
2025-12-31 17:20:00+00:00,454.11,454.2,453.6801,453.925,304482.0
2025-12-31 17:25:00+00:00,453.925,454.62,453.75,454.618,431234.0
2025-12-31 17:30:00+00:00,454.64,455.84,454.6001,455.63,888753.0
2025-12-31 17:35:00+00:00,455.6412,455.824,454.62,454.795,713587.0
2025-12-31 17:40:00+00:00,454.7915,455.13,454.64,454.745,393615.0
2025-12-31 17:45:00+00:00,454.745,454.875,454.21,454.415,428566.0
2025-12-31 17:50:00+00:00,454.415,454.44,453.26,453.3799,632370.0
2025-12-31 17:55:00+00:00,453.38,453.75,453.3,453.56,323396.0
2025-12-31 18:00:00+00:00,453.61,454.0,453.5,453.84,278743.0
2025-12-31 18:05:00+00:00,453.84,454.42,453.43,454.265,421023.0
2025-12-31 18:10:00+00:00,454.2707,455.35,454.23,454.75,646878.0
2025-12-31 18:15:00+00:00,454.75,454.8707,454.41,454.545,331546.0
2025-12-31 18:20:00+00:00,454.53,454.9999,454.51,454.755,284533.0
2025-12-31 18:25:00+00:00,454.7305,455.09,454.3,454.855,355597.0
2025-12-31 18:30:00+00:00,454.85,455.08,454.47,454.998,358467.0
2025-12-31 18:35:00+00:00,454.988,455.06,454.13,454.455,338242.0
2025-12-31 18:40:00+00:00,454.46,454.91,454.37,454.6489,243461.0
2025-12-31 18:45:00+00:00,454.62,454.89,454.5301,454.55,1292475.0
2025-12-31 18:50:00+00:00,454.565,454.865,454.26,454.636,236273.0
2025-12-31 18:55:00+00:00,454.63,454.67,453.72,453.8201,329340.0
2025-12-31 19:00:00+00:00,453.83,453.98,453.5,453.82,381890.0
2025-12-31 19:05:00+00:00,453.81,453.88,453.44,453.8342,260933.0
2025-12-31 19:10:00+00:00,453.81,453.96,453.6575,453.8701,211157.0
2025-12-31 19:15:00+00:00,453.9,453.9,453.3836,453.804,263156.0
2025-12-31 19:20:00+00:00,453.81,453.83,452.9,453.2,398635.0
2025-12-31 19:25:00+00:00,453.22,453.35,452.65,453.265,416510.0
2025-12-31 19:30:00+00:00,453.28,453.38,451.85,452.02,579520.0
2025-12-31 19:35:00+00:00,452.06,452.684,451.75,451.788,504703.0
2025-12-31 19:40:00+00:00,451.81,452.61,451.76,452.4667,404866.0
2025-12-31 19:45:00+00:00,452.4942,452.5199,451.68,451.85,437498.0
2025-12-31 19:50:00+00:00,451.835,452.38,451.5801,451.745,480777.0
2025-12-31 19:55:00+00:00,451.775,451.88,451.2401,451.8,529477.0
2025-12-31 20:00:00+00:00,451.77,451.88,450.62,450.685,700446.0
2025-12-31 20:05:00+00:00,450.666,451.0338,449.7,449.985,1236647.0
2025-12-31 20:10:00+00:00,449.96,450.4749,449.6502,450.4,644113.0
2025-12-31 20:15:00+00:00,450.34,451.0574,450.26,450.38,540394.0
2025-12-31 20:20:00+00:00,450.35,450.37,449.5,450.1875,701475.0
2025-12-31 20:25:00+00:00,450.2,450.25,449.44,449.51,563993.0
2025-12-31 20:30:00+00:00,449.5399,450.17,449.3,449.63,597141.0
2025-12-31 20:35:00+00:00,449.65,450.4099,449.59,450.22,588946.0
2025-12-31 20:40:00+00:00,450.22,450.65,449.8126,450.6,530016.0
2025-12-31 20:45:00+00:00,450.61,450.9299,450.34,450.38,616162.0
2025-12-31 20:50:00+00:00,450.35,450.43,449.65,450.115,915624.0
2025-12-31 20:55:00+00:00,450.11,450.8984,449.44,449.55,1805763.0
2025-12-31 21:00:00+00:00,449.72,453.0833,449.54,450.18,138004.0
2025-12-31 21:05:00+00:00,450.19,450.28,449.7001,449.99,46230.0
2025-12-31 21:10:00+00:00,449.9885,450.18,449.86,450.12,20191.0
2025-12-31 21:15:00+00:00,450.09,450.1127,449.82,449.86,26456.0
2025-12-31 21:20:00+00:00,449.87,449.91,449.65,449.8437,29084.0
2025-12-31 21:25:00+00:00,449.8499,449.9834,449.72,449.89,8479.0
2025-12-31 21:30:00+00:00,449.9,449.99,449.81,449.9012,12921.0
2025-12-31 21:35:00+00:00,449.9012,450.0,449.9,449.9203,8273.0
2025-12-31 21:40:00+00:00,449.99,450.2,449.9618,450.1507,16099.0
2025-12-31 21:45:00+00:00,450.19,450.33,450.0,450.0,14581.0
2025-12-31 21:50:00+00:00,450.1468,450.15,450.0,450.13,7851.0
2025-12-31 21:55:00+00:00,450.1,450.134,449.9,450.0,13470.0
2025-12-31 22:00:00+00:00,449.95,450.0741,449.92,450.0,7205.0
2025-12-31 22:05:00+00:00,450.0,450.11,449.9999,450.01,4965.0
2025-12-31 22:10:00+00:00,450.05,450.12,449.86,449.88,23529.0
2025-12-31 22:15:00+00:00,449.88,449.9899,449.8,449.84,6601.0
2025-12-31 22:20:00+00:00,449.82,449.84,449.77,449.84,7659.0
2025-12-31 22:25:00+00:00,449.84,449.84,449.61,449.72,11957.0
2025-12-31 22:30:00+00:00,449.7181,449.72,449.62,449.68,5046.0
2025-12-31 22:35:00+00:00,449.6793,449.68,449.57,449.57,11416.0
2025-12-31 22:40:00+00:00,449.55,449.68,449.47,449.6499,9893.0
2025-12-31 22:45:00+00:00,449.65,449.68,449.6158,449.6799,12549.0
2025-12-31 22:50:00+00:00,449.67,449.72,449.66,449.69,13729.0
2025-12-31 22:55:00+00:00,449.7,449.89,449.68,449.88,7216.0
2025-12-31 23:00:00+00:00,449.8506,449.8564,449.66,449.8,5205.0
2025-12-31 23:05:00+00:00,449.77,449.77,449.6604,449.75,3714.0
2025-12-31 23:10:00+00:00,449.71,449.77,449.66,449.7,5655.0
2025-12-31 23:15:00+00:00,449.73,449.75,449.7,449.72,3346.0
2025-12-31 23:20:00+00:00,449.73,449.8,449.7,449.8,9924.0
2025-12-31 23:25:00+00:00,449.8,449.8,449.75,449.8,6667.0
2025-12-31 23:30:00+00:00,449.79,449.8,449.78,449.7999,3393.0
2025-12-31 23:35:00+00:00,449.7702,449.8,449.77,449.8,5041.0
2025-12-31 23:40:00+00:00,449.799,449.8,449.7201,449.77,5456.0
2025-12-31 23:45:00+00:00,449.79,449.8,449.75,449.78,3662.0
2025-12-31 23:50:00+00:00,449.75,449.7999,449.68,449.75,9513.0
2025-12-31 23:55:00+00:00,449.7014,449.8,449.7014,449.8,6688.0
2026-01-01 00:00:00+00:00,449.79,449.79,449.73,449.73,5555.0
2026-01-01 00:05:00+00:00,449.73,449.75,449.6704,449.6704,10351.0
2026-01-01 00:10:00+00:00,449.72,449.72,449.44,449.44,12465.0
2026-01-01 00:15:00+00:00,449.44,449.48,449.2,449.308,15854.0
2026-01-01 00:20:00+00:00,449.31,449.35,449.25,449.339,5045.0
2026-01-01 00:25:00+00:00,449.4,449.43,449.37,449.43,5625.0
2026-01-01 00:30:00+00:00,449.4368,449.5,449.4368,449.48,4177.0
2026-01-01 00:35:00+00:00,449.4414,449.49,449.43,449.4629,6216.0
2026-01-01 00:40:00+00:00,449.4579,449.4579,449.3,449.3,7895.0
2026-01-01 00:45:00+00:00,449.3004,449.46,449.3,449.46,7818.0
2026-01-01 00:50:00+00:00,449.4498,449.4668,449.35,449.4501,10845.0
2026-01-01 00:55:00+00:00,449.45,449.66,449.35,449.58,32409.0
