Datetime,Open,High,Low,Close,Volume
2025-11-03 09:00:00+00:00,456.02,458.0,456.02,457.74,52719.0
2025-11-03 09:05:00+00:00,457.99,458.09,456.83,457.79,31997.0
2025-11-03 09:10:00+00:00,457.79,458.25,457.2,457.72,22396.0
2025-11-03 09:15:00+00:00,457.65,458.46,457.54,458.46,28100.0
2025-11-03 09:20:00+00:00,458.44,459.33,457.7,459.32,37220.0
2025-11-03 09:25:00+00:00,459.2,459.2,458.46,458.85,16438.0
2025-11-03 09:30:00+00:00,458.89,459.0,458.07,458.37,13238.0
2025-11-03 09:35:00+00:00,458.24,458.43,458.01,458.21,8005.0
2025-11-03 09:40:00+00:00,458.25,458.34,457.9,458.18,6237.0
2025-11-03 09:45:00+00:00,458.04,458.1,457.62,457.72,8444.0
2025-11-03 09:50:00+00:00,457.75,458.1,457.68,457.98,11375.0
2025-11-03 09:55:00+00:00,457.96,458.01,457.78,457.89,4256.0
2025-11-03 10:00:00+00:00,457.85,458.0,457.76,457.9,5575.0
2025-11-03 10:05:00+00:00,458.01,458.14,457.97,458.12,18689.0
2025-11-03 10:10:00+00:00,458.0,458.56,458.0,458.05,18712.0
2025-11-03 10:15:00+00:00,458.37,458.37,457.9,458.09,7659.0
2025-11-03 10:20:00+00:00,458.15,458.46,457.92,458.3,13317.0
2025-11-03 10:25:00+00:00,458.32,458.32,458.0,458.16,2626.0
2025-11-03 10:30:00+00:00,458.1,458.3,458.1,458.29,3970.0
2025-11-03 10:35:00+00:00,458.22,458.37,458.0,458.1,5824.0
2025-11-03 10:40:00+00:00,458.15,458.45,458.01,458.23,3626.0
2025-11-03 10:45:00+00:00,458.34,458.44,458.0,458.24,4783.0
2025-11-03 10:50:00+00:00,458.19,458.55,458.19,458.37,3609.0
2025-11-03 10:55:00+00:00,458.25,458.39,458.0,458.11,4779.0
2025-11-03 11:00:00+00:00,458.12,458.24,457.7,457.7,11720.0
2025-11-03 11:05:00+00:00,457.96,458.04,457.68,458.0,6713.0
2025-11-03 11:10:00+00:00,457.99,458.35,457.99,458.22,3193.0
2025-11-03 11:15:00+00:00,458.21,458.38,457.84,458.04,11130.0
2025-11-03 11:20:00+00:00,458.03,458.25,458.03,458.18,3435.0
2025-11-03 11:25:00+00:00,458.11,458.28,458.0,458.28,6659.0
2025-11-03 11:30:00+00:00,458.18,458.28,458.05,458.25,5030.0
2025-11-03 11:35:00+00:00,458.25,458.95,458.25,458.89,13711.0
2025-11-03 11:40:00+00:00,458.86,459.0,458.52,458.99,14887.0
2025-11-03 11:45:00+00:00,458.88,459.0,458.58,458.58,4141.0
2025-11-03 11:50:00+00:00,458.6,458.61,458.3,458.41,11363.0
2025-11-03 11:55:00+00:00,458.5,459.07,458.5,458.66,17274.0
2025-11-03 12:00:00+00:00,458.6,459.46,458.25,459.25,51546.0
2025-11-03 12:05:00+00:00,459.3,459.77,459.25,459.65,21909.0
2025-11-03 12:10:00+00:00,459.65,459.9,459.64,459.75,19747.0
2025-11-03 12:15:00+00:00,459.6,459.6,459.0,459.42,11747.0
2025-11-03 12:20:00+00:00,459.43,459.43,458.7,458.88,17187.0
2025-11-03 12:25:00+00:00,459.0,459.01,458.8,458.8,6398.0
2025-11-03 12:30:00+00:00,458.9,459.03,458.2,458.24,22477.0
2025-11-03 12:35:00+00:00,458.31,458.5,458.12,458.4,15599.0
2025-11-03 12:40:00+00:00,458.44,458.44,458.26,458.3,8033.0
2025-11-03 12:45:00+00:00,458.26,458.5,458.23,458.5,7341.0
2025-11-03 12:50:00+00:00,458.47,458.5,456.6,456.6,54123.0
2025-11-03 12:55:00+00:00,456.62,457.3,456.61,457.22,19243.0
2025-11-03 13:00:00+00:00,459.01,459.8998,455.63,456.2206,450413.0
2025-11-03 13:05:00+00:00,456.3,456.3,455.2,455.81,65034.0
2025-11-03 13:10:00+00:00,455.94,456.0,454.8,455.02,57132.0
2025-11-03 13:15:00+00:00,454.7837,455.86,454.77,455.66,52786.0
2025-11-03 13:20:00+00:00,455.7,455.9392,454.94,454.94,46864.0
2025-11-03 13:25:00+00:00,454.92,455.25,454.6547,455.07,40422.0
2025-11-03 13:30:00+00:00,455.01,456.14,455.01,455.86,54378.0
2025-11-03 13:35:00+00:00,456.0,456.25,455.63,455.6307,41153.0
2025-11-03 13:40:00+00:00,455.68,456.0,455.6,455.62,26825.0
2025-11-03 13:45:00+00:00,455.73,456.1174,455.7,455.79,27010.0
2025-11-03 13:50:00+00:00,455.75,455.85,455.3,455.44,34739.0
2025-11-03 13:55:00+00:00,455.4,455.8,455.2443,455.8,26784.0
2025-11-03 14:00:00+00:00,455.75,456.2,454.95,455.24,56974.0
2025-11-03 14:05:00+00:00,455.1604,455.48,453.8125,454.2563,95336.0
2025-11-03 14:10:00+00:00,454.38,454.8,453.95,454.7,54144.0
2025-11-03 14:15:00+00:00,454.63,454.78,454.2004,454.69,32753.0
2025-11-03 14:20:00+00:00,454.67,454.9,454.3,454.55,35076.0
2025-11-03 14:25:00+00:00,454.69,456.0,454.02,456.0,86042.0
2025-11-03 14:30:00+00:00,455.99,457.33,453.8,456.204,2104013.0
2025-11-03 14:35:00+00:00,456.1077,464.3099,455.804,463.3,3304392.0
2025-11-03 14:40:00+00:00,463.3336,464.51,461.28,463.715,2275693.0
2025-11-03 14:45:00+00:00,463.66,468.87,463.62,468.0518,3355254.0
2025-11-03 14:50:00+00:00,468.0651,471.52,467.28,470.3941,3586531.0
2025-11-03 14:55:00+00:00,470.31,473.65,469.1,473.49,2841151.0
2025-11-03 15:00:00+00:00,473.52,474.07,469.5,471.1,2702885.0
2025-11-03 15:05:00+00:00,471.18,472.66,470.02,471.775,1609034.0
2025-11-03 15:10:00+00:00,471.73,472.31,469.79,471.605,1374377.0
2025-11-03 15:15:00+00:00,471.46,471.57,468.5101,469.851,1668875.0
2025-11-03 15:20:00+00:00,469.85,470.0,467.709,469.36,1258401.0
2025-11-03 15:25:00+00:00,469.4,469.538,467.02,469.01,1624002.0
2025-11-03 15:30:00+00:00,469.07,469.15,467.5401,468.0923,1008556.0
2025-11-03 15:35:00+00:00,468.15,471.64,466.7,471.5,1959811.0
2025-11-03 15:40:00+00:00,471.4822,472.63,470.43,472.1738,1541943.0
2025-11-03 15:45:00+00:00,472.175,473.17,470.54,471.03,1325041.0
2025-11-03 15:50:00+00:00,471.04,471.96,469.69,469.9169,899095.0
2025-11-03 15:55:00+00:00,469.96,471.98,469.72,470.8,953982.0
2025-11-03 16:00:00+00:00,470.86,471.02,468.63,469.44,922700.0
2025-11-03 16:05:00+00:00,469.34,469.9,468.3,468.9107,713793.0
2025-11-03 16:10:00+00:00,468.895,470.5,468.79,469.8699,783174.0
2025-11-03 16:15:00+00:00,469.77,471.19,468.49,470.68,823280.0
2025-11-03 16:20:00+00:00,470.64,471.5,469.7,471.1045,838224.0
2025-11-03 16:25:00+00:00,471.13,471.44,468.86,468.925,782044.0
2025-11-03 16:30:00+00:00,468.95,469.19,467.7301,468.5882,997429.0
2025-11-03 16:35:00+00:00,468.545,468.7,467.0,468.0621,1037642.0
2025-11-03 16:40:00+00:00,468.015,469.2,467.71,468.39,886554.0
2025-11-03 16:45:00+00:00,468.38,469.63,465.3,466.1599,1302925.0
2025-11-03 16:50:00+00:00,466.16,466.54,465.35,466.25,818906.0
2025-11-03 16:55:00+00:00,466.2631,467.3737,465.76,466.8786,700172.0
2025-11-03 17:00:00+00:00,466.846,468.3,466.24,467.76,704137.0
2025-11-03 17:05:00+00:00,467.79,468.88,467.785,468.8377,613128.0
2025-11-03 17:10:00+00:00,468.79,469.85,468.17,469.2,723114.0
2025-11-03 17:15:00+00:00,469.225,469.94,468.72,468.82,687770.0
2025-11-03 17:20:00+00:00,468.7401,469.35,467.7,468.04,643915.0
2025-11-03 17:25:00+00:00,468.04,468.36,466.88,467.1172,1043694.0
2025-11-03 17:30:00+00:00,467.11,467.9599,466.7588,467.91,582446.0
2025-11-03 17:35:00+00:00,467.908,468.9399,467.5,468.8224,664768.0
2025-11-03 17:40:00+00:00,468.8,469.28,468.16,468.26,551142.0
2025-11-03 17:45:00+00:00,468.3372,469.53,468.2101,469.14,507235.0
2025-11-03 17:50:00+00:00,469.1172,469.48,468.53,469.2699,383422.0
2025-11-03 17:55:00+00:00,469.247,470.28,468.8,469.07,800785.0
2025-11-03 18:00:00+00:00,469.05,469.4799,468.05,468.715,550816.0
2025-11-03 18:05:00+00:00,468.68,469.7,468.5,469.56,551047.0
2025-11-03 18:10:00+00:00,469.586,470.7899,469.35,469.5,717254.0
2025-11-03 18:15:00+00:00,469.4928,469.5,468.51,469.03,472103.0
2025-11-03 18:20:00+00:00,469.01,469.27,468.34,469.08,435495.0
2025-11-03 18:25:00+00:00,469.1,469.4799,468.29,468.3064,398593.0
2025-11-03 18:30:00+00:00,468.31,468.77,467.62,467.9996,482301.0
2025-11-03 18:35:00+00:00,467.9201,469.0,467.63,468.65,398955.0
2025-11-03 18:40:00+00:00,468.6258,468.85,468.03,468.48,695257.0
2025-11-03 18:45:00+00:00,468.53,468.66,467.89,468.01,292752.0
2025-11-03 18:50:00+00:00,467.989,468.86,467.5,468.11,381175.0
2025-11-03 18:55:00+00:00,468.15,468.25,467.2,467.48,402964.0
2025-11-03 19:00:00+00:00,467.43,467.77,465.8,466.15,867595.0
2025-11-03 19:05:00+00:00,466.1,466.9,464.64,465.8122,1103359.0
2025-11-03 19:10:00+00:00,465.815,466.5,465.06,466.165,601501.0
2025-11-03 19:15:00+00:00,466.155,467.49,466.1,466.665,636318.0
2025-11-03 19:20:00+00:00,466.69,467.23,465.7301,466.135,531234.0
2025-11-03 19:25:00+00:00,466.1351,466.91,465.8,465.909,429988.0
2025-11-03 19:30:00+00:00,465.915,467.2,465.7801,467.15,474116.0
2025-11-03 19:35:00+00:00,467.14,467.37,466.46,466.8012,413320.0
2025-11-03 19:40:00+00:00,466.825,466.9,465.41,466.4275,579266.0
2025-11-03 19:45:00+00:00,466.44,468.63,466.3201,467.59,1045473.0
2025-11-03 19:50:00+00:00,467.56,469.5,467.35,469.2744,915070.0
2025-11-03 19:55:00+00:00,469.311,469.81,468.85,469.23,687456.0
2025-11-03 20:00:00+00:00,469.245,469.61,468.85,469.27,510052.0
2025-11-03 20:05:00+00:00,469.285,469.4099,468.35,469.14,550358.0
2025-11-03 20:10:00+00:00,469.13,470.18,468.7,468.9599,734051.0
2025-11-03 20:15:00+00:00,468.9436,470.7212,468.33,470.12,974399.0
2025-11-03 20:20:00+00:00,470.09,470.39,468.79,469.2853,723949.0
2025-11-03 20:25:00+00:00,469.27,469.76,469.01,469.32,507499.0
2025-11-03 20:30:00+00:00,469.35,470.2788,469.17,469.85,709793.0
2025-11-03 20:35:00+00:00,469.81,470.09,469.12,469.4599,520240.0
2025-11-03 20:40:00+00:00,469.41,469.95,468.41,468.6815,827026.0
2025-11-03 20:45:00+00:00,468.675,469.73,468.23,469.56,835812.0
2025-11-03 20:50:00+00:00,469.7,469.8,468.22,469.035,958015.0
2025-11-03 20:55:00+00:00,469.01,469.3,468.23,468.36,1611978.0
2025-11-03 21:00:00+00:00,468.37,468.42,467.77,468.25,204506.0
2025-11-03 21:05:00+00:00,468.24,468.78,468.22,468.31,52774.0
2025-11-03 21:10:00+00:00,468.32,468.32,467.38,467.6001,69741.0
2025-11-03 21:15:00+00:00,467.7,467.7645,467.0,467.3,30596.0
2025-11-03 21:20:00+00:00,467.39,468.37,467.02,467.25,27931.0
2025-11-03 21:25:00+00:00,467.27,467.53,467.2504,467.4,35788.0
2025-11-03 21:30:00+00:00,467.4,468.28,467.4,468.2,39221.0
2025-11-03 21:35:00+00:00,468.21,468.36,468.0,468.0,15712.0
2025-11-03 21:40:00+00:00,468.0,468.0,467.71,467.9001,8245.0
2025-11-03 21:45:00+00:00,467.9026,468.25,467.86,468.11,17148.0
2025-11-03 21:50:00+00:00,468.2,468.46,467.88,468.39,15941.0
2025-11-03 21:55:00+00:00,468.44,468.44,468.22,468.22,11329.0
2025-11-03 22:00:00+00:00,468.25,468.37,468.2,468.36,22601.0
2025-11-03 22:05:00+00:00,468.39,468.39,468.2,468.2,8850.0
2025-11-03 22:10:00+00:00,468.16,468.18,467.99,468.0,12750.0
2025-11-03 22:15:00+00:00,467.9,468.0074,467.8,467.88,10902.0
2025-11-03 22:20:00+00:00,467.89,467.89,467.7,467.7,6546.0
2025-11-03 22:25:00+00:00,467.77,467.78,467.5,467.7769,6073.0
2025-11-03 22:30:00+00:00,467.7,467.9,467.7,467.7,7272.0
2025-11-03 22:35:00+00:00,467.7,467.85,467.7,467.8,6103.0
2025-11-03 22:40:00+00:00,467.7994,467.85,467.79,467.8237,3700.0
2025-11-03 22:45:00+00:00,467.85,467.95,467.68,467.7,5510.0
2025-11-03 22:50:00+00:00,467.6,467.79,467.5,467.52,6880.0
2025-11-03 22:55:00+00:00,467.54,467.7,467.45,467.45,10160.0
2025-11-03 23:00:00+00:00,467.4994,467.69,467.41,467.53,10479.0
2025-11-03 23:05:00+00:00,467.55,467.69,467.5,467.55,9304.0
2025-11-03 23:10:00+00:00,467.52,467.62,467.51,467.609,6640.0
2025-11-03 23:15:00+00:00,467.6003,467.72,467.59,467.6899,11597.0
2025-11-03 23:20:00+00:00,467.6397,467.69,467.52,467.55,6402.0
2025-11-03 23:25:00+00:00,467.58,467.62,467.52,467.62,7197.0
2025-11-03 23:30:00+00:00,467.61,467.61,467.52,467.52,4683.0
2025-11-03 23:35:00+00:00,467.52,467.55,467.52,467.53,6202.0
2025-11-03 23:40:00+00:00,467.52,467.55,467.25,467.28,19673.0
2025-11-03 23:45:00+00:00,467.37,467.4,467.25,467.3001,6392.0
2025-11-03 23:50:00+00:00,467.33,467.33,467.0,467.11,12854.0
2025-11-03 23:55:00+00:00,467.21,467.2899,467.0,467.1,12801.0
2025-11-04 00:00:00+00:00,467.1,467.25,467.0,467.1484,17551.0
2025-11-04 00:05:00+00:00,467.02,467.02,466.75,466.8,10663.0
2025-11-04 00:10:00+00:00,466.75,467.2,466.74,466.9,7331.0
2025-11-04 00:15:00+00:00,466.9,466.95,466.24,466.5,14866.0
2025-11-04 00:20:00+00:00,466.24,466.42,465.75,466.0,35951.0
2025-11-04 00:25:00+00:00,466.0,466.0,464.5,464.65,58070.0
2025-11-04 00:30:00+00:00,464.74,465.28,464.69,465.2,31982.0
2025-11-04 00:35:00+00:00,465.15,465.65,465.04,465.45,18644.0
2025-11-04 00:40:00+00:00,465.45,465.61,465.25,465.49,12538.0
2025-11-04 00:45:00+00:00,465.45,465.68,465.37,465.6,11974.0
2025-11-04 00:50:00+00:00,465.61,465.61,465.2575,465.3,11985.0
2025-11-04 00:55:00+00:00,465.25,465.45,465.2,465.3988,19002.0
2025-11-04 09:00:00+00:00,458.68,459.68,457.56,458.39,52804.0
2025-11-04 09:05:00+00:00,458.39,458.68,457.34,457.45,39252.0
2025-11-04 09:10:00+00:00,457.43,458.6,457.34,457.7,29326.0
2025-11-04 09:15:00+00:00,457.7,457.88,457.48,457.79,23086.0
2025-11-04 09:20:00+00:00,457.73,457.73,456.74,456.91,32308.0
2025-11-04 09:25:00+00:00,456.87,456.91,456.01,456.25,52129.0
2025-11-04 09:30:00+00:00,456.21,457.0,455.67,456.51,41614.0
2025-11-04 09:35:00+00:00,456.55,457.35,456.41,457.25,27059.0
2025-11-04 09:40:00+00:00,457.29,457.5,456.72,456.85,16410.0
2025-11-04 09:45:00+00:00,456.82,457.06,455.7,456.63,26580.0
2025-11-04 09:50:00+00:00,456.78,456.79,455.3,455.33,27822.0
2025-11-04 09:55:00+00:00,455.3,455.8,455.3,455.36,16807.0
2025-11-04 10:00:00+00:00,455.44,455.72,454.86,454.86,51142.0
2025-11-04 10:05:00+00:00,454.81,455.86,454.66,455.85,31232.0
2025-11-04 10:10:00+00:00,455.85,456.78,455.85,456.12,27847.0
2025-11-04 10:15:00+00:00,456.3,456.78,456.2,456.68,21137.0
2025-11-04 10:20:00+00:00,456.78,456.99,456.62,456.67,13306.0
2025-11-04 10:25:00+00:00,456.62,457.15,456.4,457.0,13738.0
2025-11-04 10:30:00+00:00,456.9,457.48,456.81,457.24,18814.0
2025-11-04 10:35:00+00:00,457.32,457.32,456.75,457.16,17278.0
2025-11-04 10:40:00+00:00,457.17,457.48,456.95,457.25,9476.0
2025-11-04 10:45:00+00:00,457.34,457.39,456.98,457.19,9191.0
2025-11-04 10:50:00+00:00,457.19,457.3,456.6,456.6,12035.0
2025-11-04 10:55:00+00:00,456.57,456.9,456.41,456.7,13744.0
2025-11-04 11:00:00+00:00,456.78,457.7,456.71,457.06,21618.0
2025-11-04 11:05:00+00:00,457.05,457.08,456.55,456.58,8974.0
2025-11-04 11:10:00+00:00,456.58,456.7,456.39,456.6,10015.0
2025-11-04 11:15:00+00:00,456.75,457.16,456.75,456.91,10052.0
2025-11-04 11:20:00+00:00,456.87,457.16,456.8,457.05,7934.0
2025-11-04 11:25:00+00:00,457.06,457.2,456.91,457.1,10050.0
2025-11-04 11:30:00+00:00,457.07,457.7,457.01,457.2,20793.0
2025-11-04 11:35:00+00:00,457.2,457.62,456.95,457.62,10732.0
2025-11-04 11:40:00+00:00,457.59,457.72,457.39,457.56,17005.0
2025-11-04 11:45:00+00:00,457.57,457.69,457.0,457.34,21473.0
2025-11-04 11:50:00+00:00,457.31,457.45,457.11,457.27,7562.0
2025-11-04 11:55:00+00:00,457.19,457.48,457.03,457.29,11469.0
2025-11-04 12:00:00+00:00,457.41,457.55,456.21,456.55,82205.0
2025-11-04 12:05:00+00:00,456.63,456.88,455.99,456.2,38681.0
2025-11-04 12:10:00+00:00,456.2,456.7,455.95,456.56,27920.0
2025-11-04 12:15:00+00:00,456.66,457.4,456.66,457.09,17838.0
2025-11-04 12:20:00+00:00,457.03,457.33,456.59,456.59,23844.0
2025-11-04 12:25:00+00:00,456.67,457.13,456.65,456.85,12724.0
2025-11-04 12:30:00+00:00,456.75,457.0,456.25,456.25,25821.0
2025-11-04 12:35:00+00:00,456.19,456.35,455.75,455.75,37831.0
2025-11-04 12:40:00+00:00,455.78,456.3,455.71,455.75,24232.0
2025-11-04 12:45:00+00:00,455.75,456.15,455.49,455.9,31236.0
2025-11-04 12:50:00+00:00,455.96,456.34,455.84,456.16,19540.0
2025-11-04 12:55:00+00:00,456.16,456.35,455.55,455.7,20537.0
2025-11-04 13:00:00+00:00,457.55,465.1,454.7,456.3,1191183.0
2025-11-04 13:05:00+00:00,456.39,456.75,455.89,456.08,58587.0
2025-11-04 13:10:00+00:00,456.08,456.6599,456.0201,456.45,41793.0
2025-11-04 13:15:00+00:00,456.35,456.46,455.7,455.7,42105.0
2025-11-04 13:20:00+00:00,455.7992,456.1,455.4,455.4799,62574.0
2025-11-04 13:25:00+00:00,455.36,455.9,454.55,455.28,109343.0
2025-11-04 13:30:00+00:00,455.25,455.47,454.44,454.8117,88636.0
2025-11-04 13:35:00+00:00,454.8,458.12,452.41,453.43,240333.0
2025-11-04 13:40:00+00:00,453.3,454.2,453.0,453.8723,91252.0
2025-11-04 13:45:00+00:00,453.72,453.8755,453.01,453.28,77126.0
2025-11-04 13:50:00+00:00,453.2799,454.6799,452.9542,454.4,85454.0
2025-11-04 13:55:00+00:00,454.33,454.33,453.6,453.96,50852.0
2025-11-04 14:00:00+00:00,453.97,454.1,453.18,453.4702,67291.0
2025-11-04 14:05:00+00:00,453.48,454.21,453.3,453.64,51190.0
2025-11-04 14:10:00+00:00,453.64,454.4,453.64,454.16,47878.0
2025-11-04 14:15:00+00:00,454.01,455.26,454.01,455.15,75057.0
2025-11-04 14:20:00+00:00,455.15,455.3,454.6,454.9879,92812.0
2025-11-04 14:25:00+00:00,455.0,455.2,454.0,454.49,66102.0
2025-11-04 14:30:00+00:00,454.46,455.3299,448.79,449.45,4187225.0
2025-11-04 14:35:00+00:00,449.36,451.5,447.69,451.27,2920391.0
2025-11-04 14:40:00+00:00,451.29,453.09,450.44,452.93,2126432.0
2025-11-04 14:45:00+00:00,452.92,453.67,451.21,453.07,1650139.0
2025-11-04 14:50:00+00:00,453.07,457.01,452.8528,456.75,2193855.0
2025-11-04 14:55:00+00:00,456.7892,457.66,455.13,457.335,1816565.0
2025-11-04 15:00:00+00:00,457.34,458.42,457.0,457.605,1564058.0
2025-11-04 15:05:00+00:00,457.605,458.0,455.02,456.05,1118268.0
2025-11-04 15:10:00+00:00,456.008,459.56,455.8,458.9158,1442114.0
2025-11-04 15:15:00+00:00,458.9,460.22,458.1,459.235,1379701.0
2025-11-04 15:20:00+00:00,459.235,459.4399,458.59,458.8445,599914.0
2025-11-04 15:25:00+00:00,458.82,459.87,458.02,458.0931,728063.0
2025-11-04 15:30:00+00:00,458.125,458.42,457.318,458.1887,719487.0
2025-11-04 15:35:00+00:00,458.2449,458.98,457.36,457.7901,624269.0
2025-11-04 15:40:00+00:00,457.795,458.47,456.45,456.52,881653.0
2025-11-04 15:45:00+00:00,456.52,456.828,455.28,455.8795,803836.0
2025-11-04 15:50:00+00:00,455.88,456.12,453.68,454.0695,1141356.0
2025-11-04 15:55:00+00:00,454.01,454.29,453.14,453.6943,1017881.0
2025-11-04 16:00:00+00:00,453.685,455.61,453.65,454.7125,967841.0
2025-11-04 16:05:00+00:00,454.71,454.83,452.34,452.82,938890.0
2025-11-04 16:10:00+00:00,452.79,452.8734,451.69,452.54,755795.0
2025-11-04 16:15:00+00:00,452.52,452.7588,451.28,451.5495,881639.0
2025-11-04 16:20:00+00:00,451.51,452.34,451.22,451.495,659285.0
2025-11-04 16:25:00+00:00,451.495,453.14,451.0501,452.8,889429.0
2025-11-04 16:30:00+00:00,452.8,453.7796,452.4,453.4,825381.0
2025-11-04 16:35:00+00:00,453.38,454.51,453.2105,454.36,673789.0
2025-11-04 16:40:00+00:00,454.38,454.6594,453.23,453.4301,615988.0
2025-11-04 16:45:00+00:00,453.44,453.8472,451.68,451.79,682782.0
2025-11-04 16:50:00+00:00,451.81,452.45,451.3301,452.3201,610111.0
2025-11-04 16:55:00+00:00,452.38,452.8,451.325,452.73,583714.0
2025-11-04 17:00:00+00:00,452.7145,452.98,451.85,452.03,439137.0
2025-11-04 17:05:00+00:00,452.01,452.35,451.44,451.48,406840.0
2025-11-04 17:10:00+00:00,451.47,451.93,450.685,451.0091,742168.0
2025-11-04 17:15:00+00:00,451.0,451.5,448.76,448.815,1357862.0
2025-11-04 17:20:00+00:00,448.83,451.66,448.1,451.5,1287710.0
2025-11-04 17:25:00+00:00,451.5,452.03,450.55,450.78,793276.0
2025-11-04 17:30:00+00:00,450.8,451.34,449.8,450.275,593240.0
2025-11-04 17:35:00+00:00,450.275,450.8599,449.68,450.275,534706.0
2025-11-04 17:40:00+00:00,450.23,450.2301,448.75,449.44,681085.0
2025-11-04 17:45:00+00:00,449.4175,450.9599,449.4023,450.47,645630.0
2025-11-04 17:50:00+00:00,450.47,451.2857,450.0,450.155,595419.0
2025-11-04 17:55:00+00:00,450.12,450.63,449.6,450.51,466080.0
2025-11-04 18:00:00+00:00,450.46,451.14,449.7301,449.94,475445.0
2025-11-04 18:05:00+00:00,449.94,450.3974,448.81,449.29,700938.0
2025-11-04 18:10:00+00:00,449.2806,449.762,448.71,449.39,818447.0
2025-11-04 18:15:00+00:00,449.4199,449.68,446.49,446.93,1156170.0
2025-11-04 18:20:00+00:00,446.9,448.69,446.48,448.2117,1578759.0
2025-11-04 18:25:00+00:00,448.15,448.5,446.37,447.6,735488.0
2025-11-04 18:30:00+00:00,447.58,448.2197,446.95,447.26,639915.0
2025-11-04 18:35:00+00:00,447.2346,447.4,446.47,446.71,592497.0
2025-11-04 18:40:00+00:00,446.71,448.4399,446.341,448.33,780864.0
2025-11-04 18:45:00+00:00,448.335,449.11,447.88,448.36,670870.0
2025-11-04 18:50:00+00:00,448.3939,451.21,448.3939,451.135,999602.0
2025-11-04 18:55:00+00:00,451.1343,451.54,450.23,450.27,842879.0
2025-11-04 19:00:00+00:00,450.28,450.97,449.85,450.6,592501.0
2025-11-04 19:05:00+00:00,450.6527,450.71,449.0,449.235,591895.0
2025-11-04 19:10:00+00:00,449.215,449.31,448.145,448.3292,634782.0
2025-11-04 19:15:00+00:00,448.29,448.87,448.06,448.4405,528829.0
2025-11-04 19:20:00+00:00,448.4899,450.37,448.27,450.23,712413.0
2025-11-04 19:25:00+00:00,450.1975,450.55,448.95,449.33,623985.0
2025-11-04 19:30:00+00:00,449.28,449.43,447.92,448.5678,595000.0
2025-11-04 19:35:00+00:00,448.574,448.58,446.94,447.135,679767.0
2025-11-04 19:40:00+00:00,447.135,447.37,446.011,446.19,801995.0
2025-11-04 19:45:00+00:00,446.16,446.74,443.93,444.0595,1522358.0
2025-11-04 19:50:00+00:00,444.03,445.5,443.86,444.59,1034623.0
2025-11-04 19:55:00+00:00,444.59,446.5,444.56,446.42,824671.0
2025-11-04 20:00:00+00:00,446.41,447.87,446.06,446.455,840243.0
2025-11-04 20:05:00+00:00,446.4237,447.33,446.03,446.765,671674.0
2025-11-04 20:10:00+00:00,446.75,448.1,446.13,447.38,1417562.0
2025-11-04 20:15:00+00:00,447.39,447.91,447.01,447.68,630346.0
2025-11-04 20:20:00+00:00,447.68,447.859,446.61,447.7,601129.0
2025-11-04 20:25:00+00:00,447.72,448.85,447.7,448.5,651000.0
2025-11-04 20:30:00+00:00,448.52,448.77,447.7,447.7605,647740.0
2025-11-04 20:35:00+00:00,447.79,448.63,447.4701,447.5599,645194.0
2025-11-04 20:40:00+00:00,447.57,448.8476,447.1875,448.5501,790645.0
2025-11-04 20:45:00+00:00,448.5764,449.4617,447.35,447.44,1032171.0
2025-11-04 20:50:00+00:00,447.4699,447.88,445.96,446.345,1293278.0
2025-11-04 20:55:00+00:00,446.33,446.36,443.6,444.23,2953637.0
2025-11-04 21:00:00+00:00,444.23,445.3,442.6,442.6503,306721.0
2025-11-04 21:05:00+00:00,442.7194,444.26,442.3,442.37,142316.0
2025-11-04 21:10:00+00:00,442.3112,444.26,442.0,442.33,91858.0
2025-11-04 21:15:00+00:00,442.36,443.42,442.1,443.42,73973.0
2025-11-04 21:20:00+00:00,443.4,443.42,442.2,442.33,41700.0
2025-11-04 21:25:00+00:00,442.31,442.96,442.26,442.73,57751.0
2025-11-04 21:30:00+00:00,442.8,444.26,442.2513,442.4999,49676.0
2025-11-04 21:35:00+00:00,442.45,442.5,442.0,442.05,49669.0
2025-11-04 21:40:00+00:00,442.12,443.1,442.07,443.0,56052.0
2025-11-04 21:45:00+00:00,443.01,443.05,442.46,442.75,39590.0
2025-11-04 21:50:00+00:00,442.68,444.33,442.56,444.3125,58740.0
2025-11-04 21:55:00+00:00,444.33,444.39,443.5,443.83,33544.0
2025-11-04 22:00:00+00:00,443.8,444.3,443.8,444.0,36556.0
2025-11-04 22:05:00+00:00,443.9316,444.49,443.9,444.4,32419.0
2025-11-04 22:10:00+00:00,444.4,444.4881,444.11,444.25,27902.0
2025-11-04 22:15:00+00:00,444.16,444.37,443.81,444.19,22153.0
2025-11-04 22:20:00+00:00,444.1,444.37,444.06,444.2,14864.0
2025-11-04 22:25:00+00:00,444.28,444.39,444.19,444.26,15757.0
2025-11-04 22:30:00+00:00,444.31,444.31,443.55,443.78,21539.0
2025-11-04 22:35:00+00:00,443.8999,443.8999,443.5,443.61,12806.0
2025-11-04 22:40:00+00:00,443.6496,443.69,443.23,443.44,20025.0
2025-11-04 22:45:00+00:00,443.4,443.66,443.21,443.5695,10907.0
2025-11-04 22:50:00+00:00,443.64,443.6831,443.3612,443.5968,10178.0
2025-11-04 22:55:00+00:00,443.56,443.84,443.3,443.4951,15199.0
2025-11-04 23:00:00+00:00,443.49,444.0,443.4,443.55,17674.0
2025-11-04 23:05:00+00:00,443.7,444.0,442.68,442.94,19163.0
2025-11-04 23:10:00+00:00,443.0,443.09,442.7191,442.77,17483.0
2025-11-04 23:15:00+00:00,442.85,443.12,442.65,443.0,18230.0
2025-11-04 23:20:00+00:00,442.91,442.98,442.66,442.88,20392.0
2025-11-04 23:25:00+00:00,442.83,442.9,442.5,442.59,15350.0
2025-11-04 23:30:00+00:00,442.55,442.7175,442.1,442.16,37499.0
2025-11-04 23:35:00+00:00,442.24,442.3,441.69,441.99,60303.0
2025-11-04 23:40:00+00:00,441.8217,442.0,441.66,441.99,24705.0
2025-11-04 23:45:00+00:00,441.95,441.96,441.56,441.61,19044.0
2025-11-04 23:50:00+00:00,441.56,441.79,441.43,441.77,18010.0
2025-11-04 23:55:00+00:00,441.77,442.35,441.7,441.91,33403.0
2025-11-05 00:00:00+00:00,441.86,442.22,441.1,441.27,24124.0
2025-11-05 00:05:00+00:00,441.18,441.5,441.0,441.25,24531.0
2025-11-05 00:10:00+00:00,441.15,441.5,441.15,441.5,18278.0
2025-11-05 00:15:00+00:00,441.5,441.8111,441.32,441.58,11430.0
2025-11-05 00:20:00+00:00,441.557,441.75,441.31,441.5992,13757.0
2025-11-05 00:25:00+00:00,441.43,441.435,440.91,441.08,34750.0
2025-11-05 00:30:00+00:00,441.0935,441.0935,440.55,440.7,25824.0
2025-11-05 00:35:00+00:00,440.65,440.94,440.5,440.5,19975.0
2025-11-05 00:40:00+00:00,440.5,440.53,440.0,440.0006,44684.0
2025-11-05 00:45:00+00:00,440.01,441.0,439.88,440.3,91324.0
2025-11-05 00:50:00+00:00,440.2797,440.39,439.8,440.06,45988.0
2025-11-05 00:55:00+00:00,440.0,440.1399,439.4903,439.4903,38687.0
2025-11-05 09:00:00+00:00,446.56,448.84,445.34,448.0,55511.0
2025-11-05 09:05:00+00:00,447.9,449.01,447.88,448.02,36180.0
2025-11-05 09:10:00+00:00,448.05,448.54,447.42,447.42,16024.0
2025-11-05 09:15:00+00:00,447.51,448.35,447.47,447.58,13409.0
2025-11-05 09:20:00+00:00,447.53,448.1,447.01,447.98,16205.0
2025-11-05 09:25:00+00:00,447.98,448.08,447.7,448.0,8751.0
2025-11-05 09:30:00+00:00,447.79,447.89,446.7,446.7,20311.0
2025-11-05 09:35:00+00:00,446.8,446.8,446.08,446.26,19137.0
2025-11-05 09:40:00+00:00,446.26,446.7,446.0,446.7,11258.0
2025-11-05 09:45:00+00:00,446.43,447.2,446.22,447.15,8330.0
2025-11-05 09:50:00+00:00,447.15,447.31,446.43,447.29,7940.0
2025-11-05 09:55:00+00:00,447.24,447.4,446.84,447.03,5069.0
2025-11-05 10:00:00+00:00,447.0,447.5,446.81,447.4,7527.0
2025-11-05 10:05:00+00:00,447.3,448.6,447.24,448.19,15094.0
2025-11-05 10:10:00+00:00,447.79,448.19,447.47,447.55,5920.0
2025-11-05 10:15:00+00:00,447.56,448.72,447.5,448.43,14671.0
2025-11-05 10:20:00+00:00,448.36,448.99,447.83,448.05,22971.0
2025-11-05 10:25:00+00:00,448.11,448.28,447.46,447.61,8047.0
2025-11-05 10:30:00+00:00,447.61,447.98,447.46,447.9,11395.0
2025-11-05 10:35:00+00:00,447.87,448.19,447.4,447.78,13963.0
2025-11-05 10:40:00+00:00,447.78,447.79,447.12,447.5,10166.0
2025-11-05 10:45:00+00:00,447.5,447.87,447.15,447.8,6230.0
2025-11-05 10:50:00+00:00,447.61,447.89,446.13,446.13,17326.0
2025-11-05 10:55:00+00:00,446.1,446.64,445.9,445.9,37437.0
2025-11-05 11:00:00+00:00,445.9,446.83,445.85,446.51,15384.0
2025-11-05 11:05:00+00:00,446.55,446.81,446.04,446.25,24851.0
2025-11-05 11:10:00+00:00,446.25,446.95,446.09,446.5,11064.0
2025-11-05 11:15:00+00:00,446.43,447.21,446.24,447.0,12684.0
2025-11-05 11:20:00+00:00,447.02,447.17,446.76,446.88,10650.0
2025-11-05 11:25:00+00:00,447.08,447.23,446.44,446.64,8009.0
2025-11-05 11:30:00+00:00,446.66,446.77,446.45,446.69,7158.0
2025-11-05 11:35:00+00:00,446.46,446.49,446.0,446.49,13343.0
2025-11-05 11:40:00+00:00,446.39,447.25,446.39,447.2,12536.0
2025-11-05 11:45:00+00:00,447.02,447.21,446.91,446.91,8091.0
2025-11-05 11:50:00+00:00,446.99,447.12,446.6,446.69,7115.0
2025-11-05 11:55:00+00:00,446.65,446.97,446.39,446.6,6655.0
2025-11-05 12:00:00+00:00,446.59,447.2,446.31,447.05,41086.0
2025-11-05 12:05:00+00:00,447.18,448.1,447.14,448.09,32532.0
2025-11-05 12:10:00+00:00,447.99,447.99,447.25,447.65,14798.0
2025-11-05 12:15:00+00:00,447.72,449.0,447.71,449.0,23713.0
2025-11-05 12:20:00+00:00,449.1,449.3,448.89,449.14,27434.0
2025-11-05 12:25:00+00:00,449.12,449.9,448.96,449.9,42053.0
2025-11-05 12:30:00+00:00,449.9,449.99,449.48,449.81,36857.0
2025-11-05 12:35:00+00:00,449.8,449.9,449.7,449.9,20030.0
2025-11-05 12:40:00+00:00,449.89,450.62,449.89,450.2,56248.0
2025-11-05 12:45:00+00:00,450.18,450.18,449.28,449.42,34054.0
2025-11-05 12:50:00+00:00,449.31,450.08,449.3,449.99,18294.0
2025-11-05 12:55:00+00:00,449.88,450.59,449.88,450.15,21945.0
2025-11-05 13:00:00+00:00,446.56,450.649,444.33,447.19,1503042.0
2025-11-05 13:05:00+00:00,447.03,450.1,444.0,449.64,299788.0
2025-11-05 13:10:00+00:00,449.63,449.85,449.3,449.75,29800.0
2025-11-05 13:15:00+00:00,449.7281,449.99,449.42,449.5125,30762.0
2025-11-05 13:20:00+00:00,449.58,449.58,448.9,449.43,53834.0
2025-11-05 13:25:00+00:00,449.43,450.1,449.3687,450.0989,38544.0
2025-11-05 13:30:00+00:00,450.1,450.1,449.45,449.6,52559.0
2025-11-05 13:35:00+00:00,449.5598,450.4985,449.42,450.27,44880.0
2025-11-05 13:40:00+00:00,450.28,451.15,450.0334,451.15,81009.0
2025-11-05 13:45:00+00:00,451.1561,451.38,450.8,451.1,85642.0
2025-11-05 13:50:00+00:00,451.15,451.74,450.9,451.19,87370.0
2025-11-05 13:55:00+00:00,451.28,451.55,451.1844,451.54,49610.0
2025-11-05 14:00:00+00:00,451.41,451.52,450.85,450.85,67392.0
2025-11-05 14:05:00+00:00,450.85,451.3,450.72,451.26,44225.0
2025-11-05 14:10:00+00:00,451.2511,451.46,450.63,450.63,61807.0
2025-11-05 14:15:00+00:00,450.66,450.67,450.25,450.41,48673.0
2025-11-05 14:20:00+00:00,450.48,450.75,450.3,450.69,36665.0
2025-11-05 14:25:00+00:00,450.65,452.1,450.0,452.06,140447.0
2025-11-05 14:30:00+00:00,452.05,455.41,447.0628,447.7464,3291089.0
2025-11-05 14:35:00+00:00,447.76,448.4399,445.324,446.7549,2243044.0
2025-11-05 14:40:00+00:00,446.73,447.6,444.3,445.0,1592557.0
2025-11-05 14:45:00+00:00,444.9401,448.42,444.6,447.399,1668774.0
2025-11-05 14:50:00+00:00,447.39,448.2,445.72,446.29,1351996.0
2025-11-05 14:55:00+00:00,446.31,448.4,446.285,447.53,1304272.0
2025-11-05 15:00:00+00:00,447.45,447.85,441.79,442.4287,2200893.0
2025-11-05 15:05:00+00:00,442.4,444.8,442.3601,443.61,1508666.0
2025-11-05 15:10:00+00:00,443.5201,445.74,442.77,444.67,1311537.0
2025-11-05 15:15:00+00:00,444.775,445.34,442.961,443.02,1116851.0
2025-11-05 15:20:00+00:00,443.03,444.71,440.71,444.37,1583821.0
2025-11-05 15:25:00+00:00,444.36,446.4888,441.96,442.545,1150032.0
2025-11-05 15:30:00+00:00,442.5,444.5,442.46,442.58,754048.0
2025-11-05 15:35:00+00:00,442.6599,444.16,442.25,443.725,656943.0
2025-11-05 15:40:00+00:00,443.69,445.18,442.81,443.325,763498.0
2025-11-05 15:45:00+00:00,443.4,447.17,443.35,445.6,1164300.0
2025-11-05 15:50:00+00:00,445.57,447.07,445.15,446.9495,759145.0
2025-11-05 15:55:00+00:00,446.94,447.77,445.91,446.7701,744830.0
2025-11-05 16:00:00+00:00,446.8133,447.34,445.81,447.2404,624333.0
2025-11-05 16:05:00+00:00,447.19,447.95,446.6203,447.405,665471.0
2025-11-05 16:10:00+00:00,447.405,447.6,446.37,446.991,634536.0
2025-11-05 16:15:00+00:00,447.0,447.5699,446.02,446.94,614790.0
2025-11-05 16:20:00+00:00,446.88,450.29,446.62,449.96,1161257.0
2025-11-05 16:25:00+00:00,449.966,451.5,449.83,450.89,1000933.0
2025-11-05 16:30:00+00:00,450.9399,453.1,450.78,452.2,1212476.0
2025-11-05 16:35:00+00:00,452.215,452.93,451.16,451.56,849839.0
2025-11-05 16:40:00+00:00,451.6,452.06,451.0601,451.71,634824.0
2025-11-05 16:45:00+00:00,451.8,452.27,450.9,451.39,606449.0
2025-11-05 16:50:00+00:00,451.39,452.76,451.23,452.42,648390.0
2025-11-05 16:55:00+00:00,452.4,452.44,450.8,451.22,578800.0
2025-11-05 17:00:00+00:00,451.3,452.25,450.06,450.2858,707714.0
2025-11-05 17:05:00+00:00,450.3159,451.95,450.29,450.985,546408.0
2025-11-05 17:10:00+00:00,450.9406,452.44,450.32,452.1756,533399.0
2025-11-05 17:15:00+00:00,452.15,453.33,451.72,452.611,696960.0
2025-11-05 17:20:00+00:00,452.5567,453.29,452.41,452.485,833852.0
2025-11-05 17:25:00+00:00,452.485,453.0099,452.22,452.61,330979.0
2025-11-05 17:30:00+00:00,452.64,453.6799,452.3,453.12,511891.0
2025-11-05 17:35:00+00:00,453.11,453.34,452.7,452.91,271478.0
2025-11-05 17:40:00+00:00,452.9478,453.91,452.3,453.9,448628.0
2025-11-05 17:45:00+00:00,453.88,454.07,452.86,453.98,612526.0
2025-11-05 17:50:00+00:00,453.99,454.48,453.6,454.021,550780.0
2025-11-05 17:55:00+00:00,454.02,454.2,453.62,453.775,340284.0
2025-11-05 18:00:00+00:00,453.745,454.57,453.685,454.295,430080.0
2025-11-05 18:05:00+00:00,454.3031,455.12,454.17,454.58,633742.0
2025-11-05 18:10:00+00:00,454.57,455.58,454.51,455.4506,684683.0
2025-11-05 18:15:00+00:00,455.45,457.23,455.2401,457.0601,1001795.0
2025-11-05 18:20:00+00:00,457.08,458.2,456.82,458.06,1011663.0
2025-11-05 18:25:00+00:00,458.04,458.1796,456.52,457.9576,841039.0
2025-11-05 18:30:00+00:00,457.9735,458.1136,457.12,457.19,638944.0
2025-11-05 18:35:00+00:00,457.18,459.69,457.1,459.59,996480.0
2025-11-05 18:40:00+00:00,459.56,460.52,458.8,459.34,1031826.0
2025-11-05 18:45:00+00:00,459.4,460.07,459.1,459.785,595803.0
2025-11-05 18:50:00+00:00,459.746,462.08,459.711,462.005,1214046.0
2025-11-05 18:55:00+00:00,462.005,464.77,461.79,463.885,1769662.0
2025-11-05 19:00:00+00:00,463.86,464.55,462.52,462.785,1345362.0
2025-11-05 19:05:00+00:00,462.785,463.37,460.95,461.5201,1070858.0
2025-11-05 19:10:00+00:00,461.6,462.38,460.73,461.0684,815412.0
2025-11-05 19:15:00+00:00,461.045,461.8121,460.53,461.705,759602.0
2025-11-05 19:20:00+00:00,461.7251,462.84,461.42,462.7053,838971.0
2025-11-05 19:25:00+00:00,462.6975,463.02,461.89,462.0354,576251.0
2025-11-05 19:30:00+00:00,462.0,462.94,461.91,462.605,511387.0
2025-11-05 19:35:00+00:00,462.58,464.1,462.4137,464.0185,786803.0
2025-11-05 19:40:00+00:00,463.99,464.55,463.2,463.2315,1029184.0
2025-11-05 19:45:00+00:00,463.2062,463.7,462.6401,463.67,660859.0
2025-11-05 19:50:00+00:00,463.675,466.3299,463.61,465.81,1510062.0
2025-11-05 19:55:00+00:00,465.8,466.16,465.16,465.69,860653.0
2025-11-05 20:00:00+00:00,465.7055,466.13,464.83,464.9,775282.0
2025-11-05 20:05:00+00:00,464.915,465.31,463.8,464.1238,894693.0
2025-11-05 20:10:00+00:00,464.11,465.28,463.9728,464.9272,635706.0
2025-11-05 20:15:00+00:00,464.88,465.7399,463.63,463.9306,876502.0
2025-11-05 20:20:00+00:00,463.9,464.03,461.8186,462.3,917721.0
2025-11-05 20:25:00+00:00,462.3,462.35,460.83,461.63,1070865.0
2025-11-05 20:30:00+00:00,461.6201,462.37,461.08,461.895,798221.0
2025-11-05 20:35:00+00:00,461.89,462.13,460.27,461.5167,1034255.0
2025-11-05 20:40:00+00:00,461.5699,462.77,460.25,460.975,1277419.0
2025-11-05 20:45:00+00:00,460.9516,461.88,459.6401,460.705,1143644.0
2025-11-05 20:50:00+00:00,460.74,462.3,460.64,461.76,1086641.0
2025-11-05 20:55:00+00:00,461.7,462.5499,461.19,462.25,2389516.0
2025-11-05 21:00:00+00:00,462.07,462.25,461.14,462.25,296914.0
2025-11-05 21:05:00+00:00,462.25,462.78,461.7695,462.05,77119.0
2025-11-05 21:10:00+00:00,462.05,462.14,461.02,461.02,69532.0
2025-11-05 21:15:00+00:00,461.02,462.0941,461.0,462.0,66065.0
2025-11-05 21:20:00+00:00,462.0,462.49,462.0,462.48,50472.0
2025-11-05 21:25:00+00:00,462.46,462.46,461.57,461.77,27699.0
2025-11-05 21:30:00+00:00,461.77,461.77,461.6,461.65,19556.0
2025-11-05 21:35:00+00:00,461.64,461.7,461.55,461.55,15409.0
2025-11-05 21:40:00+00:00,461.56,461.6,461.55,461.56,23338.0
2025-11-05 21:45:00+00:00,461.56,461.8118,461.55,461.55,18797.0
2025-11-05 21:50:00+00:00,461.55,462.0,461.3,461.99,35371.0
2025-11-05 21:55:00+00:00,461.65,462.25,461.65,462.07,17056.0
2025-11-05 22:00:00+00:00,462.0832,462.3,462.0,462.1085,23599.0
2025-11-05 22:05:00+00:00,462.0701,462.44,462.0701,462.29,15144.0
2025-11-05 22:10:00+00:00,462.2216,462.29,461.8,461.82,19212.0
2025-11-05 22:15:00+00:00,461.81,461.88,461.6,461.66,12238.0
2025-11-05 22:20:00+00:00,461.61,461.61,461.3,461.3,17694.0
2025-11-05 22:25:00+00:00,461.3008,461.39,461.23,461.24,13200.0
2025-11-05 22:30:00+00:00,461.25,461.3,461.15,461.26,20537.0
2025-11-05 22:35:00+00:00,461.26,461.27,461.01,461.14,15764.0
2025-11-05 22:40:00+00:00,461.15,461.15,460.53,460.6799,18797.0
2025-11-05 22:45:00+00:00,460.75,460.9,460.68,460.77,12447.0
2025-11-05 22:50:00+00:00,460.78,460.78,460.02,460.27,24808.0
2025-11-05 22:55:00+00:00,460.25,460.869,460.2,460.869,21515.0
2025-11-05 23:00:00+00:00,460.87,461.0,460.22,460.4,15662.0
2025-11-05 23:05:00+00:00,460.4,460.58,460.12,460.58,16609.0
2025-11-05 23:10:00+00:00,460.739,461.0,460.5,460.864,11646.0
2025-11-05 23:15:00+00:00,460.9,461.35,460.79,461.247,19256.0
2025-11-05 23:20:00+00:00,461.25,461.3303,460.6501,460.81,14205.0
2025-11-05 23:25:00+00:00,460.73,461.16,460.6,460.91,9957.0
2025-11-05 23:30:00+00:00,460.93,461.14,460.8,461.11,5966.0
2025-11-05 23:35:00+00:00,461.09,461.33,460.9006,461.33,9940.0
2025-11-05 23:40:00+00:00,461.4,461.89,461.3,461.89,15395.0
2025-11-05 23:45:00+00:00,461.86,461.97,461.49,461.49,12539.0
2025-11-05 23:50:00+00:00,461.59,461.68,461.35,461.56,6608.0
2025-11-05 23:55:00+00:00,461.47,461.8,461.45,461.8,8128.0
2025-11-06 00:00:00+00:00,461.8,461.9,461.42,461.42,15556.0
2025-11-06 00:05:00+00:00,461.44,461.4894,460.9,461.0,16166.0
2025-11-06 00:10:00+00:00,460.91,461.05,460.56,460.77,20123.0
2025-11-06 00:15:00+00:00,460.73,461.0,460.6008,460.76,8727.0
2025-11-06 00:20:00+00:00,460.79,460.79,460.3664,460.41,14444.0
2025-11-06 00:25:00+00:00,460.4305,460.6,460.34,460.34,14750.0
2025-11-06 00:30:00+00:00,460.341,460.7,460.341,460.5,7480.0
2025-11-06 00:35:00+00:00,460.45,460.75,460.41,460.64,7933.0
2025-11-06 00:40:00+00:00,460.74,460.76,460.4,460.4012,11091.0
2025-11-06 00:45:00+00:00,460.41,460.5,460.34,460.38,8479.0
2025-11-06 00:50:00+00:00,460.36,460.45,460.35,460.3505,12994.0
2025-11-06 00:55:00+00:00,460.37,460.45,460.34,460.3401,32969.0
2025-11-06 09:00:00+00:00,460.15,461.4,460.15,461.2,14491.0
2025-11-06 09:05:00+00:00,461.11,461.3,460.8,461.28,13210.0
2025-11-06 09:10:00+00:00,461.15,461.48,461.0,461.22,10116.0
2025-11-06 09:15:00+00:00,461.38,462.41,461.32,462.41,23932.0
2025-11-06 09:20:00+00:00,462.43,463.0,462.37,462.91,30236.0
2025-11-06 09:25:00+00:00,462.88,463.79,462.88,463.4,29085.0
2025-11-06 09:30:00+00:00,463.3,463.75,463.19,463.2,10916.0
2025-11-06 09:35:00+00:00,463.2,463.46,462.27,463.46,27611.0
2025-11-06 09:40:00+00:00,463.48,463.5,463.0,463.45,11503.0
2025-11-06 09:45:00+00:00,463.38,463.5,463.2,463.4,7574.0
2025-11-06 09:50:00+00:00,463.32,463.6,463.15,463.35,12396.0
2025-11-06 09:55:00+00:00,463.35,463.58,463.35,463.47,8247.0
2025-11-06 10:00:00+00:00,463.45,463.82,463.36,463.7,12367.0
2025-11-06 10:05:00+00:00,463.9,463.99,463.53,463.79,12237.0
2025-11-06 10:10:00+00:00,463.8,464.33,463.6,464.01,13630.0
2025-11-06 10:15:00+00:00,464.13,464.75,464.0,464.71,11949.0
2025-11-06 10:20:00+00:00,464.66,464.75,464.25,464.5,20072.0
2025-11-06 10:25:00+00:00,464.42,465.43,464.42,465.12,33718.0
2025-11-06 10:30:00+00:00,465.01,465.11,464.59,464.75,14929.0
2025-11-06 10:35:00+00:00,464.67,464.89,464.4,464.4,10043.0
2025-11-06 10:40:00+00:00,464.34,464.55,464.3,464.52,15138.0
2025-11-06 10:45:00+00:00,464.57,464.57,464.0,464.15,16671.0
2025-11-06 10:50:00+00:00,464.26,464.6,464.21,464.47,5017.0
2025-11-06 10:55:00+00:00,464.39,464.67,464.3,464.3,8550.0
2025-11-06 11:00:00+00:00,464.38,464.99,464.38,464.51,8543.0
2025-11-06 11:05:00+00:00,464.59,464.8,464.1,464.32,8359.0
2025-11-06 11:10:00+00:00,464.17,464.3,463.71,464.03,8627.0
2025-11-06 11:15:00+00:00,464.23,464.8,464.23,464.8,7247.0
2025-11-06 11:20:00+00:00,464.83,464.96,464.35,464.69,8731.0
2025-11-06 11:25:00+00:00,464.6,464.81,464.46,464.77,6962.0
2025-11-06 11:30:00+00:00,464.9,465.0,464.41,464.48,14424.0
2025-11-06 11:35:00+00:00,464.46,464.65,464.25,464.36,10797.0
2025-11-06 11:40:00+00:00,464.29,464.62,464.13,464.17,6294.0
2025-11-06 11:45:00+00:00,464.1,464.27,463.7,463.8,14844.0
2025-11-06 11:50:00+00:00,464.0,464.46,463.8,464.46,9366.0
2025-11-06 11:55:00+00:00,464.14,464.14,463.51,463.82,14655.0
2025-11-06 12:00:00+00:00,463.61,464.5,463.32,464.29,32270.0
2025-11-06 12:05:00+00:00,464.29,464.96,464.29,464.48,22772.0
2025-11-06 12:10:00+00:00,464.5,464.6,464.23,464.23,9252.0
2025-11-06 12:15:00+00:00,464.22,464.44,464.01,464.01,10632.0
2025-11-06 12:20:00+00:00,464.11,464.55,464.09,464.37,13086.0
2025-11-06 12:25:00+00:00,464.3,464.71,464.3,464.69,15585.0
2025-11-06 12:30:00+00:00,464.69,464.92,464.41,464.92,15370.0
2025-11-06 12:35:00+00:00,464.96,464.98,464.36,464.74,23178.0
2025-11-06 12:40:00+00:00,464.8,465.2,464.39,464.45,29538.0
2025-11-06 12:45:00+00:00,464.36,464.62,464.26,464.55,6876.0
2025-11-06 12:50:00+00:00,464.5,464.5,464.1,464.16,7820.0
2025-11-06 12:55:00+00:00,464.15,464.4,464.0,464.3,12904.0
2025-11-06 13:00:00+00:00,463.78,465.39,459.28,464.1,496684.0
2025-11-06 13:05:00+00:00,464.0081,464.2,463.94,464.04,21290.0
2025-11-06 13:10:00+00:00,464.1,464.46,464.0,464.33,17644.0
2025-11-06 13:15:00+00:00,464.33,464.37,463.7,463.8,27356.0
2025-11-06 13:20:00+00:00,464.0,464.1999,463.7,464.0,58343.0
2025-11-06 13:25:00+00:00,464.0,464.35,463.9,464.34,20807.0
2025-11-06 13:30:00+00:00,464.35,464.4,464.0,464.05,22035.0
2025-11-06 13:35:00+00:00,464.08,464.35,464.0434,464.1,23926.0
2025-11-06 13:40:00+00:00,464.03,464.1,463.75,463.9003,28730.0
2025-11-06 13:45:00+00:00,463.92,463.96,462.7074,462.71,44638.0
2025-11-06 13:50:00+00:00,462.72,463.19,462.07,462.58,43237.0
2025-11-06 13:55:00+00:00,462.5,462.69,461.44,461.48,68824.0
2025-11-06 14:00:00+00:00,461.5,462.3,461.0,461.01,64257.0
2025-11-06 14:05:00+00:00,461.0008,461.01,460.16,460.3228,98121.0
2025-11-06 14:10:00+00:00,460.31,462.0,460.16,461.94,80180.0
2025-11-06 14:15:00+00:00,461.9848,462.29,461.34,461.5,59535.0
2025-11-06 14:20:00+00:00,461.41,461.8899,461.05,461.05,38752.0
2025-11-06 14:25:00+00:00,461.1,463.0,461.04,461.99,76244.0
2025-11-06 14:30:00+00:00,461.96,462.3,457.85,461.29,2687359.0
2025-11-06 14:35:00+00:00,461.315,464.6,458.899,461.5528,2270186.0
2025-11-06 14:40:00+00:00,461.52,464.39,459.57,463.97,2193975.0
2025-11-06 14:45:00+00:00,464.0589,467.45,462.12,462.4198,2714118.0
2025-11-06 14:50:00+00:00,462.3739,463.19,459.38,459.91,1930050.0
2025-11-06 14:55:00+00:00,459.91,460.62,457.77,459.5443,1584654.0
2025-11-06 15:00:00+00:00,459.5,459.55,454.25,456.28,2575015.0
2025-11-06 15:05:00+00:00,456.29,457.825,453.81,454.0668,1682684.0
2025-11-06 15:10:00+00:00,454.055,456.34,451.731,451.76,1872370.0
2025-11-06 15:15:00+00:00,451.73,454.22,450.93,451.68,1518807.0
2025-11-06 15:20:00+00:00,451.64,456.06,451.64,454.6454,1488008.0
2025-11-06 15:25:00+00:00,454.71,455.5299,451.36,451.55,1252023.0
2025-11-06 15:30:00+00:00,451.55,452.26,448.96,449.44,1641676.0
2025-11-06 15:35:00+00:00,449.4138,450.18,447.55,448.5982,1270532.0
2025-11-06 15:40:00+00:00,448.555,449.6799,445.91,446.5017,1439835.0
2025-11-06 15:45:00+00:00,446.515,448.47,445.59,446.935,1092983.0
2025-11-06 15:50:00+00:00,446.98,448.05,444.8,446.715,1438429.0
2025-11-06 15:55:00+00:00,446.68,446.83,442.85,443.36,1580169.0
2025-11-06 16:00:00+00:00,443.37,444.95,442.852,444.91,1330056.0
2025-11-06 16:05:00+00:00,444.9,445.4003,442.69,444.33,1209072.0
2025-11-06 16:10:00+00:00,444.18,444.5755,443.04,444.3413,882410.0
2025-11-06 16:15:00+00:00,444.335,445.15,441.39,442.45,1318985.0
2025-11-06 16:20:00+00:00,442.45,443.23,440.27,440.81,1380821.0
2025-11-06 16:25:00+00:00,440.77,441.27,437.64,441.115,2326934.0
2025-11-06 16:30:00+00:00,441.09,442.8499,440.9623,441.065,1296620.0
2025-11-06 16:35:00+00:00,441.11,441.11,437.7,437.8663,1534547.0
2025-11-06 16:40:00+00:00,437.92,440.03,436.84,439.495,1623729.0
2025-11-06 16:45:00+00:00,439.43,440.22,437.8504,438.09,1011599.0
2025-11-06 16:50:00+00:00,438.11,441.35,437.7,440.62,1213830.0
2025-11-06 16:55:00+00:00,440.62,440.75,435.09,437.6,1544413.0
2025-11-06 17:00:00+00:00,437.63,441.72,437.6,441.11,1415415.0
2025-11-06 17:05:00+00:00,441.06,443.15,440.7,443.08,1259769.0
2025-11-06 17:10:00+00:00,443.06,443.96,440.53,441.24,1354360.0
2025-11-06 17:15:00+00:00,441.1468,441.87,440.32,441.09,781833.0
2025-11-06 17:20:00+00:00,441.02,441.09,439.01,439.375,839619.0
2025-11-06 17:25:00+00:00,439.3745,440.63,438.88,439.9988,767721.0
2025-11-06 17:30:00+00:00,439.97,442.52,439.5307,441.4031,808129.0
2025-11-06 17:35:00+00:00,441.4436,443.67,441.4436,442.62,882181.0
2025-11-06 17:40:00+00:00,442.58,444.2334,441.8,443.225,841745.0
2025-11-06 17:45:00+00:00,443.225,445.16,443.07,444.42,1047080.0
2025-11-06 17:50:00+00:00,444.37,445.4,443.9,445.23,849326.0
2025-11-06 17:55:00+00:00,445.2241,446.35,444.8301,445.62,907955.0
2025-11-06 18:00:00+00:00,445.56,446.14,443.4001,443.63,846383.0
2025-11-06 18:05:00+00:00,443.64,443.73,441.84,441.865,916504.0
2025-11-06 18:10:00+00:00,441.89,444.1,441.63,443.91,771122.0
2025-11-06 18:15:00+00:00,443.94,444.93,443.58,444.2437,620185.0
2025-11-06 18:20:00+00:00,444.3,446.7399,444.0,446.55,708986.0
2025-11-06 18:25:00+00:00,446.524,447.74,446.3,446.83,922486.0
2025-11-06 18:30:00+00:00,446.82,447.76,446.3,447.21,755189.0
2025-11-06 18:35:00+00:00,447.18,448.74,447.01,448.39,1102705.0
2025-11-06 18:40:00+00:00,448.4,448.96,447.39,448.42,795396.0
2025-11-06 18:45:00+00:00,448.4218,448.77,446.695,448.5797,952300.0
2025-11-06 18:50:00+00:00,448.57,449.35,447.95,449.134,846447.0
2025-11-06 18:55:00+00:00,449.09,449.17,447.5,448.2399,1455682.0
2025-11-06 19:00:00+00:00,448.17,449.07,446.85,448.835,799278.0
2025-11-06 19:05:00+00:00,448.86,450.21,447.7714,448.5992,1174059.0
2025-11-06 19:10:00+00:00,448.545,449.9399,448.545,449.71,684581.0
2025-11-06 19:15:00+00:00,449.69,449.99,446.76,448.0,1076705.0
2025-11-06 19:20:00+00:00,448.01,449.7,447.54,448.85,771567.0
2025-11-06 19:25:00+00:00,448.859,451.25,448.821,451.1799,1099239.0
2025-11-06 19:30:00+00:00,451.09,451.1999,449.71,450.43,769433.0
2025-11-06 19:35:00+00:00,450.405,451.43,449.5506,450.4,893910.0
2025-11-06 19:40:00+00:00,450.4,451.46,449.5695,450.95,1291743.0
2025-11-06 19:45:00+00:00,450.9986,451.19,448.19,449.3609,874971.0
2025-11-06 19:50:00+00:00,449.355,449.64,447.62,447.915,749351.0
2025-11-06 19:55:00+00:00,447.9463,449.15,447.7,449.02,801412.0
2025-11-06 20:00:00+00:00,449.02,449.75,447.73,449.23,690567.0
2025-11-06 20:05:00+00:00,449.19,450.78,448.73,449.5791,831191.0
2025-11-06 20:10:00+00:00,449.48,450.37,448.39,449.07,589768.0
2025-11-06 20:15:00+00:00,449.06,449.22,446.88,447.8475,766852.0
2025-11-06 20:20:00+00:00,447.88,449.15,446.6701,449.08,770673.0
2025-11-06 20:25:00+00:00,449.045,449.92,448.59,449.1001,869294.0
2025-11-06 20:30:00+00:00,449.11,449.22,447.54,448.87,890433.0
2025-11-06 20:35:00+00:00,448.8601,449.86,447.48,447.65,752328.0
2025-11-06 20:40:00+00:00,447.71,448.32,446.11,447.04,1179335.0
2025-11-06 20:45:00+00:00,447.1,447.37,444.185,444.63,1474187.0
2025-11-06 20:50:00+00:00,444.71,446.62,444.44,445.0376,1208960.0
2025-11-06 20:55:00+00:00,445.01,447.29,444.86,446.11,2151401.0
2025-11-06 21:00:00+00:00,445.91,446.31,445.68,445.98,282316.0
2025-11-06 21:05:00+00:00,445.9988,446.462,445.8,445.8802,76223.0
2025-11-06 21:10:00+00:00,445.87,450.96,445.2,450.2,247402.0
2025-11-06 21:15:00+00:00,450.04,451.34,447.8,450.65,202625.0
2025-11-06 21:20:00+00:00,450.41,453.0,450.36,451.82,230954.0
2025-11-06 21:25:00+00:00,451.999,452.8,449.0,450.0,181485.0
2025-11-06 21:30:00+00:00,449.96,450.49,446.38,449.5,120358.0
2025-11-06 21:35:00+00:00,449.5,449.5,448.0,448.25,74591.0
2025-11-06 21:40:00+00:00,448.5,449.4,448.26,448.9,35928.0
2025-11-06 21:45:00+00:00,448.8,449.12,448.5,448.65,35814.0
2025-11-06 21:50:00+00:00,448.5,455.31,440.0,454.63,711439.0
2025-11-06 21:55:00+00:00,454.5687,461.1,450.2,456.61,1218440.0
2025-11-06 22:00:00+00:00,456.5,458.18,453.03,453.96,537469.0
2025-11-06 22:05:00+00:00,453.61,454.8,447.02,449.1,481389.0
2025-11-06 22:10:00+00:00,449.52,451.0,444.5001,445.6,370589.0
2025-11-06 22:15:00+00:00,445.57,449.5,445.05,448.98,292277.0
2025-11-06 22:20:00+00:00,448.98,449.31,446.06,447.9499,151124.0
2025-11-06 22:25:00+00:00,447.95,450.0,447.0,449.03,163508.0
2025-11-06 22:30:00+00:00,449.58,449.77,447.0,448.0,107566.0
2025-11-06 22:35:00+00:00,448.0,448.7,446.5887,446.6814,110082.0
2025-11-06 22:40:00+00:00,446.72,447.6,445.32,447.28,155732.0
2025-11-06 22:45:00+00:00,447.3,447.44,444.02,444.87,177887.0
2025-11-06 22:50:00+00:00,444.85,445.55,442.0,442.79,223836.0
2025-11-06 22:55:00+00:00,442.7507,444.75,442.0,444.42,119140.0
2025-11-06 23:00:00+00:00,444.42,446.5,444.2,445.0,152296.0
2025-11-06 23:05:00+00:00,444.97,445.2,443.0,443.76,79412.0
2025-11-06 23:10:00+00:00,443.36,445.0,442.22,444.8,106586.0
2025-11-06 23:15:00+00:00,444.6822,444.7752,443.5,444.66,41370.0
2025-11-06 23:20:00+00:00,444.57,447.29,444.5,446.5,104729.0
2025-11-06 23:25:00+00:00,446.5,447.5,445.33,447.1,62334.0
2025-11-06 23:30:00+00:00,447.1271,447.42,446.0,446.06,46561.0
2025-11-06 23:35:00+00:00,446.05,446.3515,444.71,445.7322,53572.0
2025-11-06 23:40:00+00:00,445.95,447.75,445.46,447.0,70741.0
2025-11-06 23:45:00+00:00,447.05,447.7,446.716,447.17,61050.0
2025-11-06 23:50:00+00:00,447.0,447.68,446.01,447.3,42010.0
2025-11-06 23:55:00+00:00,447.47,447.69,446.6,446.74,48166.0
2025-11-07 00:00:00+00:00,446.88,447.37,446.56,447.2492,28553.0
2025-11-07 00:05:00+00:00,447.24,447.85,446.87,447.85,31209.0
2025-11-07 00:10:00+00:00,447.72,448.77,447.5098,448.67,84562.0
2025-11-07 00:15:00+00:00,448.66,448.77,448.11,448.4,50906.0
2025-11-07 00:20:00+00:00,448.39,449.25,448.172,448.63,76047.0
2025-11-07 00:25:00+00:00,448.62,449.45,448.21,449.14,54289.0
2025-11-07 00:30:00+00:00,449.14,449.5,449.06,449.3,44226.0
2025-11-07 00:35:00+00:00,449.3,450.0,449.3,449.88,75491.0
2025-11-07 00:40:00+00:00,449.89,451.89,449.7,451.75,109211.0
2025-11-07 00:45:00+00:00,451.78,453.21,451.74,453.02,138411.0
2025-11-07 00:50:00+00:00,453.12,454.85,452.9,454.03,151469.0
2025-11-07 00:55:00+00:00,454.02,454.24,452.26,452.9,141089.0
2025-11-07 09:00:00+00:00,453.99,455.7,452.35,454.0,62250.0
2025-11-07 09:05:00+00:00,454.08,455.5,453.81,455.5,38540.0
2025-11-07 09:10:00+00:00,455.5,456.2,454.93,455.96,50368.0
2025-11-07 09:15:00+00:00,456.02,456.34,455.29,455.69,24587.0
2025-11-07 09:20:00+00:00,455.7,455.7,454.37,454.61,27039.0
2025-11-07 09:25:00+00:00,454.61,454.9,453.53,453.9,19390.0
2025-11-07 09:30:00+00:00,453.9,454.5,453.76,454.19,9911.0
2025-11-07 09:35:00+00:00,454.05,454.08,452.7,452.94,21076.0
2025-11-07 09:40:00+00:00,452.82,452.82,450.51,451.03,40251.0
2025-11-07 09:45:00+00:00,451.03,451.77,450.34,451.21,19439.0
2025-11-07 09:50:00+00:00,451.25,451.47,450.48,450.96,16993.0
2025-11-07 09:55:00+00:00,451.16,451.21,450.04,450.12,16798.0
2025-11-07 10:00:00+00:00,450.1,450.6,449.49,450.6,37240.0
2025-11-07 10:05:00+00:00,450.7,450.75,450.2,450.38,9308.0
2025-11-07 10:10:00+00:00,450.36,450.36,448.33,448.39,23136.0
2025-11-07 10:15:00+00:00,448.38,448.91,447.89,447.89,31829.0
2025-11-07 10:20:00+00:00,448.0,449.25,448.0,448.25,17154.0
2025-11-07 10:25:00+00:00,448.1,449.73,448.0,449.64,22395.0
2025-11-07 10:30:00+00:00,449.64,450.0,449.45,449.8,13017.0
2025-11-07 10:35:00+00:00,449.98,450.4,449.64,450.14,21300.0
2025-11-07 10:40:00+00:00,450.2,450.33,449.34,449.43,9773.0
2025-11-07 10:45:00+00:00,449.35,449.39,448.94,449.39,8735.0
2025-11-07 10:50:00+00:00,449.55,450.05,449.55,449.95,11649.0
2025-11-07 10:55:00+00:00,449.9,450.0,449.13,449.41,8980.0
2025-11-07 11:00:00+00:00,449.36,449.36,448.49,448.52,10555.0
2025-11-07 11:05:00+00:00,448.56,448.74,447.7,447.7,17471.0
2025-11-07 11:10:00+00:00,447.75,447.94,446.69,446.69,26154.0
2025-11-07 11:15:00+00:00,446.63,447.21,446.0,447.2,39369.0
2025-11-07 11:20:00+00:00,447.2,448.55,447.2,447.68,36367.0
2025-11-07 11:25:00+00:00,447.73,447.74,446.03,446.03,34351.0
2025-11-07 11:30:00+00:00,446.08,446.08,443.79,444.47,86029.0
2025-11-07 11:35:00+00:00,444.47,445.89,444.23,445.65,43352.0
2025-11-07 11:40:00+00:00,445.75,446.63,445.53,446.5,29376.0
2025-11-07 11:45:00+00:00,446.37,447.39,445.86,447.31,22862.0
2025-11-07 11:50:00+00:00,447.38,448.0,446.9,447.8,49407.0
2025-11-07 11:55:00+00:00,447.9,448.08,447.1,447.78,40077.0
2025-11-07 12:00:00+00:00,447.75,448.63,445.59,447.2,84758.0
2025-11-07 12:05:00+00:00,447.49,448.31,447.33,448.04,32773.0
2025-11-07 12:10:00+00:00,448.15,449.0,447.9,447.98,36108.0
2025-11-07 12:15:00+00:00,447.9,448.5,446.7,447.2,42254.0
2025-11-07 12:20:00+00:00,447.3,447.3,446.06,446.7,28952.0
2025-11-07 12:25:00+00:00,446.7,447.1,446.08,446.74,23255.0
2025-11-07 12:30:00+00:00,446.62,446.65,445.35,445.65,32443.0
2025-11-07 12:35:00+00:00,445.41,445.41,443.97,444.44,62450.0
2025-11-07 12:40:00+00:00,444.39,445.06,443.7,443.85,39941.0
2025-11-07 12:45:00+00:00,443.85,444.42,442.8,442.88,59967.0
2025-11-07 12:50:00+00:00,442.87,443.11,441.4,441.6,116413.0
2025-11-07 12:55:00+00:00,441.61,443.74,441.25,443.6,84926.0
2025-11-07 13:00:00+00:00,445.81,456.25,441.23,442.69,1095765.0
2025-11-07 13:05:00+00:00,442.77,444.0,442.57,443.0,100300.0
2025-11-07 13:10:00+00:00,443.0,443.8,442.57,443.0,66976.0
2025-11-07 13:15:00+00:00,443.07,443.33,441.23,442.5,119163.0
2025-11-07 13:20:00+00:00,442.47,443.32,441.4982,441.64,105806.0
2025-11-07 13:25:00+00:00,441.64,442.12,440.01,441.34,156174.0
2025-11-07 13:30:00+00:00,441.32,442.8,441.11,441.53,112103.0
2025-11-07 13:35:00+00:00,441.619,441.68,440.15,441.46,141375.0
2025-11-07 13:40:00+00:00,441.19,441.19,438.6,439.12,212572.0
2025-11-07 13:45:00+00:00,439.15,440.99,438.6707,440.62,150656.0
2025-11-07 13:50:00+00:00,440.66,441.67,440.5,441.5016,113127.0
2025-11-07 13:55:00+00:00,441.64,441.7,440.98,441.3999,81267.0
2025-11-07 14:00:00+00:00,441.35,441.35,440.06,441.0,106721.0
2025-11-07 14:05:00+00:00,440.8626,440.96,440.0,440.05,99909.0
2025-11-07 14:10:00+00:00,440.0045,440.5,439.55,440.24,132810.0
2025-11-07 14:15:00+00:00,440.21,440.24,439.01,439.01,107517.0
2025-11-07 14:20:00+00:00,439.0103,439.5,437.95,437.98,180451.0
2025-11-07 14:25:00+00:00,437.96,439.77,437.8,437.92,191034.0
2025-11-07 14:30:00+00:00,437.92,438.02,427.55,429.8172,5148704.0
2025-11-07 14:35:00+00:00,429.8499,431.62,424.48,426.01,4082169.0
2025-11-07 14:40:00+00:00,426.04,431.52,424.8,428.885,3052469.0
2025-11-07 14:45:00+00:00,428.852,429.89,425.33,426.59,2162219.0
2025-11-07 14:50:00+00:00,426.54,429.58,423.4,429.1764,2990800.0
2025-11-07 14:55:00+00:00,429.11,432.53,428.87,431.94,2340898.0
2025-11-07 15:00:00+00:00,431.77,432.13,428.68,429.905,1815392.0
2025-11-07 15:05:00+00:00,429.8914,431.5,427.8,431.45,1563298.0
2025-11-07 15:10:00+00:00,431.5,435.07,430.7,434.96,2229644.0
2025-11-07 15:15:00+00:00,434.9101,439.36,433.12,433.75,1549745.0
2025-11-07 15:20:00+00:00,433.73,435.52,432.7852,433.1382,1250133.0
2025-11-07 15:25:00+00:00,433.02,436.04,432.63,434.225,1336884.0
2025-11-07 15:30:00+00:00,434.225,434.86,430.915,431.75,1163699.0
2025-11-07 15:35:00+00:00,431.715,433.89,429.8,430.13,1281846.0
2025-11-07 15:40:00+00:00,430.0631,431.29,429.1,429.49,1067113.0
2025-11-07 15:45:00+00:00,429.47,430.05,427.67,428.645,1362390.0
2025-11-07 15:50:00+00:00,428.65,430.13,428.36,429.37,914498.0
2025-11-07 15:55:00+00:00,429.37,429.93,426.94,429.0096,1217805.0
2025-11-07 16:00:00+00:00,429.0568,431.1963,428.62,428.935,1596164.0
2025-11-07 16:05:00+00:00,428.935,429.89,428.1,428.27,735363.0
2025-11-07 16:10:00+00:00,428.2541,429.18,426.29,427.78,1388082.0
2025-11-07 16:15:00+00:00,427.785,429.3,427.3598,429.1322,951595.0
2025-11-07 16:20:00+00:00,429.14,429.91,428.03,428.39,892261.0
2025-11-07 16:25:00+00:00,428.36,428.48,426.62,428.24,1033255.0
2025-11-07 16:30:00+00:00,428.19,428.78,427.25,428.5301,697746.0
2025-11-07 16:35:00+00:00,428.58,428.6,425.44,426.09,996146.0
2025-11-07 16:40:00+00:00,426.0501,427.47,424.79,427.3188,1447685.0
2025-11-07 16:45:00+00:00,427.31,427.35,424.66,424.8502,960453.0
2025-11-07 16:50:00+00:00,424.8543,425.88,423.05,423.16,1385887.0
2025-11-07 16:55:00+00:00,423.12,424.36,421.88,424.0678,1606872.0
2025-11-07 17:00:00+00:00,424.05,424.98,423.8,424.33,955272.0
2025-11-07 17:05:00+00:00,424.36,425.2,423.35,424.696,1205504.0
2025-11-07 17:10:00+00:00,424.67,426.55,424.0,426.225,1000361.0
2025-11-07 17:15:00+00:00,426.2,427.81,425.84,426.71,981620.0
2025-11-07 17:20:00+00:00,426.74,428.88,426.17,428.28,978222.0
2025-11-07 17:25:00+00:00,428.26,429.28,427.6,428.7435,990538.0
2025-11-07 17:30:00+00:00,428.755,429.43,428.39,428.6,746465.0
2025-11-07 17:35:00+00:00,428.7173,429.4,426.801,427.87,856475.0
2025-11-07 17:40:00+00:00,427.9,428.02,425.8,426.093,684428.0
2025-11-07 17:45:00+00:00,426.1228,426.56,424.44,425.05,791692.0
2025-11-07 17:50:00+00:00,425.045,426.37,424.755,425.92,780621.0
2025-11-07 17:55:00+00:00,425.9287,427.655,425.78,426.882,762425.0
2025-11-07 18:00:00+00:00,426.895,428.0,426.82,427.4299,634950.0
2025-11-07 18:05:00+00:00,427.36,428.2,426.52,427.9899,555849.0
2025-11-07 18:10:00+00:00,427.935,428.53,427.61,428.075,583648.0
2025-11-07 18:15:00+00:00,428.075,428.665,427.32,428.4,606660.0
2025-11-07 18:20:00+00:00,428.35,428.85,427.9,428.025,471546.0
2025-11-07 18:25:00+00:00,428.0,429.89,428.0,429.8076,740472.0
2025-11-07 18:30:00+00:00,429.8099,431.07,429.52,430.19,835169.0
2025-11-07 18:35:00+00:00,430.22,431.4,429.1,431.055,815482.0
2025-11-07 18:40:00+00:00,431.04,431.92,431.0,431.13,732342.0
2025-11-07 18:45:00+00:00,431.1687,431.69,429.55,429.68,658616.0
2025-11-07 18:50:00+00:00,429.69,430.7583,429.53,430.7583,560515.0
2025-11-07 18:55:00+00:00,430.75,433.26,430.6201,432.4493,1114077.0
2025-11-07 19:00:00+00:00,432.52,433.51,431.94,432.91,844634.0
2025-11-07 19:05:00+00:00,432.88,433.89,432.33,433.305,739090.0
2025-11-07 19:10:00+00:00,433.33,433.76,432.97,433.585,496066.0
2025-11-07 19:15:00+00:00,433.58,433.72,431.35,431.515,672902.0
2025-11-07 19:20:00+00:00,431.5599,432.74,431.43,432.6395,532560.0
2025-11-07 19:25:00+00:00,432.62,432.66,431.6,432.43,756621.0
2025-11-07 19:30:00+00:00,432.44,433.48,432.33,432.6901,753915.0
2025-11-07 19:35:00+00:00,432.7,435.0895,432.49,434.6983,1055919.0
2025-11-07 19:40:00+00:00,434.71,437.37,434.71,436.2262,1427710.0
2025-11-07 19:45:00+00:00,436.23,437.19,435.67,436.8028,1147631.0
2025-11-07 19:50:00+00:00,436.84,437.03,434.8,436.4118,894290.0
2025-11-07 19:55:00+00:00,436.395,437.45,435.75,437.353,797467.0
2025-11-07 20:00:00+00:00,437.31,437.6,435.95,436.7699,801579.0
2025-11-07 20:05:00+00:00,436.83,436.85,434.201,435.02,955953.0
2025-11-07 20:10:00+00:00,435.02,436.48,434.96,436.45,701813.0
2025-11-07 20:15:00+00:00,436.43,436.75,433.72,434.43,976245.0
2025-11-07 20:20:00+00:00,434.4806,434.56,432.36,432.57,1041952.0
2025-11-07 20:25:00+00:00,432.57,432.6,431.011,431.0766,1065486.0
2025-11-07 20:30:00+00:00,431.16,432.14,430.61,430.925,934165.0
2025-11-07 20:35:00+00:00,430.9665,432.065,430.7,431.8001,880961.0
2025-11-07 20:40:00+00:00,431.8431,432.35,430.691,431.697,1191138.0
2025-11-07 20:45:00+00:00,431.76,432.2,429.37,429.39,1088125.0
2025-11-07 20:50:00+00:00,429.5,430.57,428.18,428.2318,1513365.0
2025-11-07 20:55:00+00:00,428.19,430.3399,428.13,429.38,2429928.0
2025-11-07 21:00:00+00:00,429.52,430.25,429.31,430.02,384226.0
2025-11-07 21:05:00+00:00,430.02,430.22,429.52,430.2,75897.0
2025-11-07 21:10:00+00:00,430.2,430.22,429.52,430.1,39430.0
2025-11-07 21:15:00+00:00,430.2,430.8,429.7,430.07,72848.0
2025-11-07 21:20:00+00:00,430.2,430.65,429.9999,430.4999,26544.0
2025-11-07 21:25:00+00:00,430.55,430.6,430.0146,430.16,33566.0
2025-11-07 21:30:00+00:00,430.15,430.18,430.0,430.11,28482.0
2025-11-07 21:35:00+00:00,430.1755,430.32,430.12,430.2,35065.0
2025-11-07 21:40:00+00:00,430.17,430.44,430.08,430.3,25835.0
2025-11-07 21:45:00+00:00,430.4391,430.78,430.22,430.27,36579.0
2025-11-07 21:50:00+00:00,430.4,430.4,429.7,430.21,36500.0
2025-11-07 21:55:00+00:00,430.21,430.6,429.9,429.9,35196.0
2025-11-07 22:00:00+00:00,429.98,430.12,429.91,430.09,22443.0
2025-11-07 22:05:00+00:00,430.08,430.3,429.81,430.2712,33835.0
2025-11-07 22:10:00+00:00,430.26,430.62,430.23,430.4,22870.0
2025-11-07 22:15:00+00:00,430.5,430.5,430.0801,430.15,23580.0
2025-11-07 22:20:00+00:00,430.11,430.23,430.04,430.1493,26675.0
2025-11-07 22:25:00+00:00,430.1,430.18,429.98,430.08,19780.0
2025-11-07 22:30:00+00:00,430.12,430.2,430.0,430.2,21602.0
2025-11-07 22:35:00+00:00,430.15,430.25,430.09,430.2492,15798.0
2025-11-07 22:40:00+00:00,430.25,430.43,430.18,430.43,15459.0
2025-11-07 22:45:00+00:00,430.43,430.57,430.3,430.35,19141.0
2025-11-07 22:50:00+00:00,430.3401,430.49,430.22,430.49,8382.0
2025-11-07 22:55:00+00:00,430.4894,430.97,430.4894,430.6,19606.0
2025-11-07 23:00:00+00:00,430.6,431.43,430.55,431.43,19093.0
2025-11-07 23:05:00+00:00,431.43,431.49,431.021,431.4536,20105.0
2025-11-07 23:10:00+00:00,431.49,431.96,431.49,431.7301,29790.0
2025-11-07 23:15:00+00:00,431.75,431.96,431.65,431.75,14649.0
2025-11-07 23:20:00+00:00,431.75,431.9,431.6252,431.83,14561.0
2025-11-07 23:25:00+00:00,431.86,432.07,431.75,432.04,31319.0
2025-11-07 23:30:00+00:00,432.0,432.06,431.9,431.96,19168.0
2025-11-07 23:35:00+00:00,432.0,432.0,431.88,431.95,19519.0
2025-11-07 23:40:00+00:00,431.95,432.0,431.72,431.8599,26064.0
2025-11-07 23:45:00+00:00,431.86,431.98,431.8,431.88,7310.0
2025-11-07 23:50:00+00:00,431.9201,432.5,431.88,432.48,23036.0
2025-11-07 23:55:00+00:00,432.4799,432.8,432.2269,432.8,18852.0
2025-11-08 00:00:00+00:00,432.7499,432.9,432.33,432.4,15512.0
2025-11-08 00:05:00+00:00,432.33,432.6794,432.1,432.15,13881.0
2025-11-08 00:10:00+00:00,432.0506,432.4699,431.87,432.0646,20953.0
2025-11-08 00:15:00+00:00,432.1799,432.2,431.88,432.1,12293.0
2025-11-08 00:20:00+00:00,432.1,432.1,431.9,432.0,10341.0
2025-11-08 00:25:00+00:00,432.0,432.2,431.96,431.98,13147.0
2025-11-08 00:30:00+00:00,432.0,432.4954,431.96,432.2,11263.0
2025-11-08 00:35:00+00:00,432.17,432.4481,432.17,432.2301,6208.0
2025-11-08 00:40:00+00:00,432.2,432.2,431.85,432.0,12163.0
2025-11-08 00:45:00+00:00,432.0,432.2405,431.6,432.0,21640.0
2025-11-08 00:50:00+00:00,432.0699,432.0699,431.75,432.0,30719.0
2025-11-08 00:55:00+00:00,432.0009,432.2,431.99,432.05,28893.0
2025-11-10 09:00:00+00:00,441.0,441.9,439.12,441.88,62572.0
2025-11-10 09:05:00+00:00,441.85,441.91,441.18,441.51,25351.0
2025-11-10 09:10:00+00:00,441.52,441.67,440.78,440.9,24766.0
2025-11-10 09:15:00+00:00,440.8,441.1,440.61,440.8,17100.0
2025-11-10 09:20:00+00:00,440.93,441.07,440.16,440.16,18208.0
2025-11-10 09:25:00+00:00,440.16,440.61,439.76,439.76,20341.0
2025-11-10 09:30:00+00:00,439.76,440.41,439.76,440.24,16398.0
2025-11-10 09:35:00+00:00,440.15,440.36,439.88,440.32,10926.0
2025-11-10 09:40:00+00:00,440.36,440.82,440.18,440.32,11234.0
2025-11-10 09:45:00+00:00,440.41,441.2,440.41,441.19,11930.0
2025-11-10 09:50:00+00:00,441.18,441.29,440.91,440.93,7841.0
2025-11-10 09:55:00+00:00,440.88,441.0,440.5,441.0,9254.0
2025-11-10 10:00:00+00:00,441.01,441.04,440.74,440.94,6740.0
2025-11-10 10:05:00+00:00,440.99,441.04,440.57,440.62,10312.0
2025-11-10 10:10:00+00:00,440.67,440.8,440.3,440.6,20224.0
2025-11-10 10:15:00+00:00,440.61,440.68,440.5,440.54,5430.0
2025-11-10 10:20:00+00:00,440.57,440.65,440.3,440.63,5051.0
2025-11-10 10:25:00+00:00,440.51,440.52,440.26,440.3,7727.0
2025-11-10 10:30:00+00:00,440.41,440.65,440.36,440.63,7017.0
2025-11-10 10:35:00+00:00,440.6,440.64,440.35,440.45,5549.0
2025-11-10 10:40:00+00:00,440.4,440.64,440.19,440.19,9899.0
2025-11-10 10:45:00+00:00,440.15,440.3,440.03,440.03,9622.0
2025-11-10 10:50:00+00:00,440.11,440.11,439.7,439.89,13599.0
2025-11-10 10:55:00+00:00,439.8,439.8,439.44,439.6,12810.0
2025-11-10 11:00:00+00:00,439.5,439.6,439.12,439.3,13553.0
2025-11-10 11:05:00+00:00,439.29,439.29,437.75,438.39,56632.0
2025-11-10 11:10:00+00:00,438.31,438.72,438.26,438.4,19144.0
2025-11-10 11:15:00+00:00,438.4,438.89,437.92,438.09,14249.0
2025-11-10 11:20:00+00:00,438.11,438.33,437.88,438.28,12189.0
2025-11-10 11:25:00+00:00,438.3,438.94,438.17,438.4,9947.0
2025-11-10 11:30:00+00:00,438.44,438.78,438.27,438.6,7972.0
2025-11-10 11:35:00+00:00,438.56,439.19,438.53,438.82,10477.0
2025-11-10 11:40:00+00:00,438.97,439.0,438.05,438.3,11784.0
2025-11-10 11:45:00+00:00,438.45,439.51,438.45,438.96,41404.0
2025-11-10 11:50:00+00:00,438.99,439.5,438.94,439.5,10426.0
2025-11-10 11:55:00+00:00,439.55,439.55,438.49,438.71,22170.0
2025-11-10 12:00:00+00:00,438.68,439.45,438.3,439.09,43305.0
2025-11-10 12:05:00+00:00,439.08,439.34,438.42,438.67,32338.0
2025-11-10 12:10:00+00:00,438.64,439.35,438.64,439.2,16735.0
2025-11-10 12:15:00+00:00,439.21,439.35,438.9,439.1,18357.0
2025-11-10 12:20:00+00:00,439.0,439.26,438.9,439.26,7938.0
2025-11-10 12:25:00+00:00,439.23,439.34,438.75,439.03,25603.0
2025-11-10 12:30:00+00:00,439.03,439.5,438.93,439.21,11909.0
2025-11-10 12:35:00+00:00,439.18,439.75,439.09,439.12,20362.0
2025-11-10 12:40:00+00:00,439.15,439.21,438.4,439.0,17680.0
2025-11-10 12:45:00+00:00,439.0,439.4,438.78,438.85,11139.0
2025-11-10 12:50:00+00:00,438.85,439.44,438.85,439.44,7638.0
2025-11-10 12:55:00+00:00,439.42,439.72,439.3,439.55,23980.0
2025-11-10 13:00:00+00:00,438.5,441.86,437.79,439.8,666006.0
2025-11-10 13:05:00+00:00,439.79,440.25,439.5141,440.13,53647.0
2025-11-10 13:10:00+00:00,440.05,440.18,439.17,439.3919,43978.0
2025-11-10 13:15:00+00:00,439.4,439.6,438.8,439.0,25828.0
2025-11-10 13:20:00+00:00,438.96,439.2,438.89,439.16,31679.0
2025-11-10 13:25:00+00:00,439.09,439.21,438.88,439.19,28285.0
2025-11-10 13:30:00+00:00,439.16,439.5,438.85,438.88,32990.0
2025-11-10 13:35:00+00:00,438.93,439.2718,438.6138,439.0,48277.0
2025-11-10 13:40:00+00:00,439.05,439.05,438.5,438.63,30148.0
2025-11-10 13:45:00+00:00,438.61,438.7,438.0708,438.5417,32531.0
2025-11-10 13:50:00+00:00,438.551,438.9,438.551,438.89,24428.0
2025-11-10 13:55:00+00:00,438.77,438.9975,438.52,438.86,22867.0
2025-11-10 14:00:00+00:00,438.76,438.86,438.1502,438.2,34175.0
2025-11-10 14:05:00+00:00,438.19,438.51,437.89,438.51,55313.0
2025-11-10 14:10:00+00:00,438.55,438.7,437.7,437.79,50071.0
2025-11-10 14:15:00+00:00,437.7,437.841,437.26,437.6,70691.0
2025-11-10 14:20:00+00:00,437.5989,438.49,437.5371,438.1998,51280.0
2025-11-10 14:25:00+00:00,438.19,439.85,438.19,439.6,125376.0
2025-11-10 14:30:00+00:00,439.6,443.38,435.5,436.655,3539036.0
2025-11-10 14:35:00+00:00,436.62,437.4,433.36,434.93,2336444.0
2025-11-10 14:40:00+00:00,434.8725,438.62,434.69,438.305,2174676.0
2025-11-10 14:45:00+00:00,438.35,438.96,435.36,436.9899,1593192.0
2025-11-10 14:50:00+00:00,436.99,437.36,434.95,436.55,1261299.0
2025-11-10 14:55:00+00:00,436.52,439.5,435.25,439.45,1360837.0
2025-11-10 15:00:00+00:00,439.42,442.0,438.63,440.66,1912636.0
2025-11-10 15:05:00+00:00,440.69,442.61,440.32,442.13,1413109.0
2025-11-10 15:10:00+00:00,442.12,444.3,440.54,440.7827,1924250.0
2025-11-10 15:15:00+00:00,440.73,442.5,440.3,440.9445,1139241.0
2025-11-10 15:20:00+00:00,440.955,443.25,440.83,442.96,1052488.0
2025-11-10 15:25:00+00:00,442.91,445.3499,442.8,444.8,1752501.0
2025-11-10 15:30:00+00:00,444.75,446.12,443.6901,445.83,1489160.0
2025-11-10 15:35:00+00:00,445.83,446.37,444.12,444.705,1225168.0
2025-11-10 15:40:00+00:00,444.705,446.6,444.66,446.12,1144187.0
2025-11-10 15:45:00+00:00,446.14,446.88,445.301,445.42,974309.0
2025-11-10 15:50:00+00:00,445.4857,445.75,442.6,444.1486,1332110.0
2025-11-10 15:55:00+00:00,444.17,446.33,443.57,444.08,992068.0
2025-11-10 16:00:00+00:00,444.153,445.7397,442.23,445.3335,1014222.0
2025-11-10 16:05:00+00:00,445.4085,448.3,443.73,448.06,1342393.0
2025-11-10 16:10:00+00:00,448.01,449.24,447.42,447.51,1196624.0
2025-11-10 16:15:00+00:00,447.46,449.6715,447.21,449.58,1009617.0
2025-11-10 16:20:00+00:00,449.56,449.56,446.14,446.88,1105735.0
2025-11-10 16:25:00+00:00,446.85,447.5,446.45,446.88,675592.0
2025-11-10 16:30:00+00:00,446.85,447.86,445.36,445.91,997648.0
2025-11-10 16:35:00+00:00,445.8582,446.36,444.91,445.97,723422.0
2025-11-10 16:40:00+00:00,446.04,446.98,444.96,446.625,878883.0
2025-11-10 16:45:00+00:00,446.57,446.6788,444.7,445.4,637248.0
2025-11-10 16:50:00+00:00,445.4,446.21,444.32,444.51,583991.0
2025-11-10 16:55:00+00:00,444.507,446.75,444.5,446.5572,725366.0
2025-11-10 17:00:00+00:00,446.538,448.48,446.0,448.08,832600.0
2025-11-10 17:05:00+00:00,448.05,449.43,447.65,447.955,930877.0
2025-11-10 17:10:00+00:00,447.9595,448.48,447.11,447.356,621001.0
2025-11-10 17:15:00+00:00,447.43,448.73,447.08,447.882,592137.0
2025-11-10 17:20:00+00:00,447.845,448.31,446.68,446.99,513751.0
2025-11-10 17:25:00+00:00,447.01,447.28,446.18,446.21,613719.0
2025-11-10 17:30:00+00:00,446.23,447.06,446.07,446.97,492323.0
2025-11-10 17:35:00+00:00,446.98,447.73,446.51,447.664,544629.0
2025-11-10 17:40:00+00:00,447.7,448.58,446.91,446.9735,639430.0
2025-11-10 17:45:00+00:00,446.95,447.57,446.8501,447.27,339796.0
2025-11-10 17:50:00+00:00,447.3,448.0393,447.097,447.21,438537.0
2025-11-10 17:55:00+00:00,447.245,448.54,446.88,448.194,527345.0
2025-11-10 18:00:00+00:00,448.181,448.7,447.3,447.63,525384.0
2025-11-10 18:05:00+00:00,447.67,448.0,447.05,447.1615,375606.0
2025-11-10 18:10:00+00:00,447.17,447.52,446.3,446.5431,381554.0
2025-11-10 18:15:00+00:00,446.58,447.2,445.97,446.8199,501411.0
2025-11-10 18:20:00+00:00,446.795,446.795,446.0,446.305,399008.0
2025-11-10 18:25:00+00:00,446.28,446.6799,444.45,444.56,706719.0
2025-11-10 18:30:00+00:00,444.5822,445.93,444.53,445.58,617611.0
2025-11-10 18:35:00+00:00,445.56,446.44,445.35,445.5,522041.0
2025-11-10 18:40:00+00:00,445.48,446.96,445.36,446.54,525593.0
2025-11-10 18:45:00+00:00,446.5207,447.7,446.21,446.905,644863.0
2025-11-10 18:50:00+00:00,446.885,447.4299,444.01,444.235,711115.0
2025-11-10 18:55:00+00:00,444.21,444.25,442.39,442.6297,1051877.0
2025-11-10 19:00:00+00:00,442.62,443.76,442.08,443.555,911227.0
2025-11-10 19:05:00+00:00,443.6,445.58,443.41,445.345,827559.0
2025-11-10 19:10:00+00:00,445.31,445.8,444.87,445.58,562955.0
2025-11-10 19:15:00+00:00,445.5301,446.45,445.2401,445.74,489432.0
2025-11-10 19:20:00+00:00,445.718349,446.81,445.65,446.5901,536329.0
2025-11-10 19:25:00+00:00,446.62,447.17,446.35,446.47,622680.0
2025-11-10 19:30:00+00:00,446.51,446.96,445.41,445.61,591289.0
2025-11-10 19:35:00+00:00,445.595,445.988,445.01,445.7101,446448.0
2025-11-10 19:40:00+00:00,445.7,447.1505,445.0453,446.49,655077.0
2025-11-10 19:45:00+00:00,446.515,446.6542,446.11,446.36,353391.0
2025-11-10 19:50:00+00:00,446.3755,446.44,445.62,446.1935,383454.0
2025-11-10 19:55:00+00:00,446.185,446.54,445.61,445.76,433332.0
2025-11-10 20:00:00+00:00,445.705,446.63,445.65,446.4305,407225.0
2025-11-10 20:05:00+00:00,446.41,446.6,445.65,446.02,437894.0
2025-11-10 20:10:00+00:00,446.0213,446.47,445.65,446.0,383531.0
2025-11-10 20:15:00+00:00,446.0,446.02,444.3,445.1113,685461.0
2025-11-10 20:20:00+00:00,445.1103,445.18,443.77,445.04,614496.0
2025-11-10 20:25:00+00:00,445.04,445.86,444.5,444.6105,633212.0
2025-11-10 20:30:00+00:00,444.59,444.62,443.55,444.5555,683624.0
2025-11-10 20:35:00+00:00,444.52,445.4,444.05,445.14,682501.0
2025-11-10 20:40:00+00:00,445.12,445.6,444.87,445.4,550671.0
2025-11-10 20:45:00+00:00,445.392,445.76,444.91,445.2175,1142784.0
2025-11-10 20:50:00+00:00,445.21,446.05,444.58,445.61,851574.0
2025-11-10 20:55:00+00:00,445.59,445.62,444.47,445.26,1700175.0
2025-11-10 21:00:00+00:00,445.3199,445.35,444.5,445.03,141798.0
2025-11-10 21:05:00+00:00,444.9014,445.23,444.54,444.69,42362.0
2025-11-10 21:10:00+00:00,444.729,444.74,444.4401,444.6001,23835.0
2025-11-10 21:15:00+00:00,444.6487,444.65,444.15,444.15,32868.0
2025-11-10 21:20:00+00:00,444.18,444.46,444.14,444.4599,21154.0
2025-11-10 21:25:00+00:00,444.46,445.04,444.43,444.95,39043.0
2025-11-10 21:30:00+00:00,444.9,444.95,444.41,444.6501,10903.0
2025-11-10 21:35:00+00:00,444.65,444.85,444.5,444.63,18328.0
2025-11-10 21:40:00+00:00,444.76,445.23,444.6,444.8,22310.0
2025-11-10 21:45:00+00:00,444.8,445.05,444.8,444.9,10471.0
2025-11-10 21:50:00+00:00,444.85,444.9599,444.5,444.63,10885.0
2025-11-10 21:55:00+00:00,444.6,444.8737,444.5,444.52,9224.0
2025-11-10 22:00:00+00:00,444.52,446.89,444.25,444.4,101115.0
2025-11-10 22:05:00+00:00,444.4,444.75,444.1912,444.65,14070.0
2025-11-10 22:10:00+00:00,444.6897,444.7,444.12,444.12,9267.0
2025-11-10 22:15:00+00:00,444.19,444.25,444.03,444.1,15109.0
2025-11-10 22:20:00+00:00,444.13,444.13,443.6,443.67,22997.0
2025-11-10 22:25:00+00:00,443.62,444.0,443.55,443.89,17744.0
2025-11-10 22:30:00+00:00,443.96,443.97,443.69,443.94,8424.0
2025-11-10 22:35:00+00:00,443.88,444.0,443.69,444.0,6709.0
2025-11-10 22:40:00+00:00,443.9994,444.28,443.8,444.28,10700.0
2025-11-10 22:45:00+00:00,444.3,445.57,444.0799,445.57,25708.0
2025-11-10 22:50:00+00:00,445.5684,445.84,444.73,445.169,21582.0
2025-11-10 22:55:00+00:00,445.1,445.15,444.75,444.77,8622.0
2025-11-10 23:00:00+00:00,444.7318,444.87,444.59,444.7,5620.0
2025-11-10 23:05:00+00:00,444.6511,444.891,444.26,444.35,7430.0
2025-11-10 23:10:00+00:00,444.35,444.829,444.35,444.829,3833.0
2025-11-10 23:15:00+00:00,444.86,445.16,444.5501,445.0,7963.0
2025-11-10 23:20:00+00:00,444.8502,445.0,444.65,444.75,5276.0
2025-11-10 23:25:00+00:00,444.76,444.9995,444.658,444.9102,4723.0
2025-11-10 23:30:00+00:00,444.8956,445.08,444.8,444.89,4101.0
2025-11-10 23:35:00+00:00,444.89,444.89,444.65,444.65,5693.0
2025-11-10 23:40:00+00:00,444.69,444.71,444.6,444.69,4922.0
2025-11-10 23:45:00+00:00,444.553,444.99,444.5501,444.92,9028.0
2025-11-10 23:50:00+00:00,444.89,445.08,444.7,444.78,10928.0
2025-11-10 23:55:00+00:00,444.72,444.93,444.6,444.81,6056.0
2025-11-11 00:00:00+00:00,444.81,445.16,444.73,445.12,12945.0
2025-11-11 00:05:00+00:00,445.12,445.12,444.73,444.75,7384.0
2025-11-11 00:10:00+00:00,444.85,444.8682,444.6,444.73,5085.0
2025-11-11 00:15:00+00:00,444.78,444.9,444.61,444.79,6206.0
2025-11-11 00:20:00+00:00,444.85,444.89,444.64,444.8,5457.0
2025-11-11 00:25:00+00:00,444.64,444.7,444.6,444.6791,9881.0
2025-11-11 00:30:00+00:00,444.68,444.7,444.51,444.64,9624.0
2025-11-11 00:35:00+00:00,444.64,444.9,444.6216,444.8,7011.0
2025-11-11 00:40:00+00:00,444.8001,444.9,444.78,444.83,5254.0
2025-11-11 00:45:00+00:00,444.87,444.9,444.5,444.66,6860.0
2025-11-11 00:50:00+00:00,444.62,444.78,444.44,444.46,11361.0
2025-11-11 00:55:00+00:00,444.43,444.6,444.3182,444.4,20468.0
2025-11-11 09:00:00+00:00,441.89,442.84,441.66,442.55,35333.0
2025-11-11 09:05:00+00:00,442.58,442.99,442.4,442.87,14576.0
2025-11-11 09:10:00+00:00,442.8,442.8,442.28,442.44,5124.0
2025-11-11 09:15:00+00:00,442.38,442.48,442.07,442.1,6052.0
2025-11-11 09:20:00+00:00,442.05,442.32,442.0,442.0,2972.0
2025-11-11 09:25:00+00:00,442.01,442.3,441.8,442.3,7526.0
2025-11-11 09:30:00+00:00,442.3,442.38,442.1,442.15,8102.0
2025-11-11 09:35:00+00:00,442.18,442.18,441.46,441.46,13769.0
2025-11-11 09:40:00+00:00,441.48,441.69,441.33,441.66,6647.0
2025-11-11 09:45:00+00:00,441.62,442.04,441.6,442.04,4798.0
2025-11-11 09:50:00+00:00,442.04,442.15,441.51,441.67,3743.0
2025-11-11 09:55:00+00:00,441.71,441.74,441.4,441.53,5413.0
2025-11-11 10:00:00+00:00,441.47,441.54,441.35,441.54,6747.0
2025-11-11 10:05:00+00:00,441.56,441.87,441.56,441.62,3171.0
2025-11-11 10:10:00+00:00,441.68,441.89,441.51,441.8,4242.0
2025-11-11 10:15:00+00:00,441.72,441.86,441.59,441.79,4564.0
2025-11-11 10:20:00+00:00,441.79,442.3,441.79,442.18,7563.0
2025-11-11 10:25:00+00:00,442.1,442.1,441.88,441.98,2308.0
2025-11-11 10:30:00+00:00,442.0,442.5,441.9,442.0,11506.0
2025-11-11 10:35:00+00:00,442.0,442.7,441.99,442.7,5567.0
2025-11-11 10:40:00+00:00,442.65,442.76,442.26,442.26,4953.0
2025-11-11 10:45:00+00:00,442.2,442.49,442.18,442.31,3818.0
2025-11-11 10:50:00+00:00,442.31,442.58,442.25,442.3,5551.0
2025-11-11 10:55:00+00:00,442.33,442.41,442.24,442.31,4066.0
2025-11-11 11:00:00+00:00,442.43,442.67,442.2,442.52,5023.0
2025-11-11 11:05:00+00:00,442.59,442.79,442.58,442.74,5121.0
2025-11-11 11:10:00+00:00,442.63,442.86,442.61,442.77,3813.0
2025-11-11 11:15:00+00:00,442.64,442.75,442.53,442.61,3408.0
2025-11-11 11:20:00+00:00,442.61,442.84,442.61,442.8,1760.0
2025-11-11 11:25:00+00:00,442.72,442.89,442.72,442.89,2559.0
2025-11-11 11:30:00+00:00,442.87,442.94,442.44,442.44,5043.0
2025-11-11 11:35:00+00:00,442.49,442.51,442.16,442.44,3811.0
2025-11-11 11:40:00+00:00,442.4,442.5,442.31,442.5,2019.0
2025-11-11 11:45:00+00:00,442.5,442.5,442.39,442.4,1988.0
2025-11-11 11:50:00+00:00,442.39,442.39,441.9,441.9,6447.0
2025-11-11 11:55:00+00:00,441.94,442.33,441.94,442.29,3736.0
2025-11-11 12:00:00+00:00,442.4,442.77,442.25,442.7,14512.0
2025-11-11 12:05:00+00:00,442.8,442.85,442.04,442.38,12503.0
2025-11-11 12:10:00+00:00,442.45,442.58,442.02,442.1,10164.0
2025-11-11 12:15:00+00:00,442.18,442.44,442.0,442.42,12995.0
2025-11-11 12:20:00+00:00,442.46,442.5,442.12,442.3,4116.0
2025-11-11 12:25:00+00:00,442.24,442.4,442.0,442.12,8198.0
2025-11-11 12:30:00+00:00,442.13,442.18,441.71,441.85,6580.0
2025-11-11 12:35:00+00:00,441.8,441.85,441.4,441.4,15565.0
2025-11-11 12:40:00+00:00,441.46,441.89,441.16,441.89,15623.0
2025-11-11 12:45:00+00:00,442.0,442.1,441.4,441.4,8691.0
2025-11-11 12:50:00+00:00,441.58,442.0,441.58,442.0,6171.0
2025-11-11 12:55:00+00:00,441.87,441.87,441.6,441.6,4194.0
2025-11-11 13:00:00+00:00,442.7,443.0,440.76,441.25,403611.0
2025-11-11 13:05:00+00:00,441.25,441.7,441.02,441.7,34982.0
2025-11-11 13:10:00+00:00,441.66,441.7,441.3,441.51,15151.0
2025-11-11 13:15:00+00:00,441.48,441.6128,441.15,441.21,82916.0
2025-11-11 13:20:00+00:00,441.23,441.33,441.03,441.0381,15034.0
2025-11-11 13:25:00+00:00,441.03,441.06,440.5,440.8,76909.0
2025-11-11 13:30:00+00:00,440.8018,441.5,440.73,441.4318,37281.0
2025-11-11 13:35:00+00:00,441.48,441.5,441.2,441.35,20559.0
2025-11-11 13:40:00+00:00,441.35,441.4344,440.85,441.09,16672.0
2025-11-11 13:45:00+00:00,441.09,441.18,440.9,440.931,14952.0
2025-11-11 13:50:00+00:00,440.9301,441.08,440.65,440.65,16551.0
2025-11-11 13:55:00+00:00,440.6986,440.87,440.6,440.65,24460.0
2025-11-11 14:00:00+00:00,440.75,440.85,440.36,440.41,49833.0
2025-11-11 14:05:00+00:00,440.42,440.6,440.15,440.2004,45650.0
2025-11-11 14:10:00+00:00,440.2,440.3,440.0,440.3,45926.0
2025-11-11 14:15:00+00:00,440.21,441.0,440.13,440.9,35352.0
2025-11-11 14:20:00+00:00,440.9,440.9,440.25,440.6086,43968.0
2025-11-11 14:25:00+00:00,440.31,440.45,439.26,439.5,91197.0
2025-11-11 14:30:00+00:00,439.4,441.56,437.1,440.265,2223703.0
2025-11-11 14:35:00+00:00,440.3179,442.49,440.1,441.96,1301121.0
2025-11-11 14:40:00+00:00,441.94,442.45,439.2001,439.39,1401803.0
2025-11-11 14:45:00+00:00,439.31,439.97,437.68,438.45,1445265.0
2025-11-11 14:50:00+00:00,438.418,439.0,436.83,438.73,1517671.0
2025-11-11 14:55:00+00:00,438.71,439.989,438.38,438.8721,1139129.0
2025-11-11 15:00:00+00:00,438.8468,439.5,437.7008,437.862081,880517.0
2025-11-11 15:05:00+00:00,437.885,438.29,435.95,437.6,1436759.0
2025-11-11 15:10:00+00:00,437.69,438.26,436.73,437.28,859864.0
2025-11-11 15:15:00+00:00,437.2301,437.38,435.6,436.0427,942898.0
2025-11-11 15:20:00+00:00,436.025,437.73,435.7,436.5678,929716.0
2025-11-11 15:25:00+00:00,436.55,437.15,434.82,435.2665,1174319.0
2025-11-11 15:30:00+00:00,435.32,435.4599,434.35,434.575,946427.0
2025-11-11 15:35:00+00:00,434.61,435.58,433.77,435.185,1198828.0
2025-11-11 15:40:00+00:00,435.1901,435.5,434.36,434.705,751488.0
2025-11-11 15:45:00+00:00,434.6609,434.9928,433.5,434.295,847776.0
2025-11-11 15:50:00+00:00,434.3252,434.3299,432.91,433.2999,927940.0
2025-11-11 15:55:00+00:00,433.29,434.12,432.74,433.42,919076.0
2025-11-11 16:00:00+00:00,433.4499,434.4,433.15,433.5601,830464.0
2025-11-11 16:05:00+00:00,433.62,434.66,433.5,434.03,747614.0
2025-11-11 16:10:00+00:00,434.03,434.84,433.69,434.5258,682767.0
2025-11-11 16:15:00+00:00,434.5599,436.2,434.327,435.87,968025.0
2025-11-11 16:20:00+00:00,435.84,436.4,435.45,435.93,791038.0
2025-11-11 16:25:00+00:00,435.985,436.17,433.27,433.37,1010769.0
2025-11-11 16:30:00+00:00,433.35,433.6499,432.36,433.27,1081913.0
2025-11-11 16:35:00+00:00,433.29,433.85,432.82,433.1575,667269.0
2025-11-11 16:40:00+00:00,433.155,434.0,432.7,433.6215,647290.0
2025-11-11 16:45:00+00:00,433.65,434.46,433.31,434.2167,588911.0
2025-11-11 16:50:00+00:00,434.2,434.42,433.62,433.99,421822.0
2025-11-11 16:55:00+00:00,433.97,434.16,432.88,433.06,526863.0
2025-11-11 17:00:00+00:00,433.1,433.82,432.81,433.59,591518.0
2025-11-11 17:05:00+00:00,433.59,434.4999,433.585,434.185,674076.0
2025-11-11 17:10:00+00:00,434.21,434.3796,433.36,434.025,453282.0
2025-11-11 17:15:00+00:00,434.02,435.42,434.0101,434.97,718392.0
2025-11-11 17:20:00+00:00,434.98,435.25,434.38,434.72,442934.0
2025-11-11 17:25:00+00:00,434.72,434.76,433.45,433.9207,569351.0
2025-11-11 17:30:00+00:00,433.97,434.4375,433.8,434.32,347083.0
2025-11-11 17:35:00+00:00,434.33,434.68,433.72,434.25,434861.0
2025-11-11 17:40:00+00:00,434.23,434.67,433.95,434.6318,369307.0
2025-11-11 17:45:00+00:00,434.63,434.66,433.71,433.84,484431.0
2025-11-11 17:50:00+00:00,433.8522,435.11,433.23,434.885,639994.0
2025-11-11 17:55:00+00:00,434.92,435.8,434.76,435.22,524989.0
2025-11-11 18:00:00+00:00,435.2,436.6,435.16,436.44,718655.0
2025-11-11 18:05:00+00:00,436.428,436.71,435.16,435.16,589003.0
2025-11-11 18:10:00+00:00,435.23,435.81,434.94,435.19,469509.0
2025-11-11 18:15:00+00:00,435.23,435.87,434.52,435.7005,519656.0
2025-11-11 18:20:00+00:00,435.735,436.55,435.6127,436.08,545374.0
2025-11-11 18:25:00+00:00,436.0476,436.25,435.05,435.8301,496182.0
2025-11-11 18:30:00+00:00,435.86,436.31,434.85,435.1305,483013.0
2025-11-11 18:35:00+00:00,435.15,435.34,434.0822,435.32,459726.0
2025-11-11 18:40:00+00:00,435.3201,435.68,435.0,435.48,408706.0
2025-11-11 18:45:00+00:00,435.48,436.14,435.48,435.935,387939.0
2025-11-11 18:50:00+00:00,435.9305,436.56,435.57,435.91,444738.0
2025-11-11 18:55:00+00:00,435.96,437.03,435.89,437.03,586444.0
2025-11-11 19:00:00+00:00,437.03,437.19,435.65,437.1,639091.0
2025-11-11 19:05:00+00:00,437.16,437.37,436.5,436.74,460204.0
2025-11-11 19:10:00+00:00,436.735,437.1799,436.13,436.8602,366479.0
2025-11-11 19:15:00+00:00,436.835,437.21,436.53,436.635,349531.0
2025-11-11 19:20:00+00:00,436.6351,436.9799,436.34,436.7199,323726.0
2025-11-11 19:25:00+00:00,436.64,437.72,436.43,437.3995,588344.0
2025-11-11 19:30:00+00:00,437.39,437.85,437.1732,437.31,490187.0
2025-11-11 19:35:00+00:00,437.335,437.58,436.8,437.08,407729.0
2025-11-11 19:40:00+00:00,437.09,437.49,436.82,437.1588,347704.0
2025-11-11 19:45:00+00:00,437.17,437.5487,436.9,437.325,444281.0
2025-11-11 19:50:00+00:00,437.3602,437.55,437.05,437.2486,313701.0
2025-11-11 19:55:00+00:00,437.235,437.3999,436.05,436.23,446068.0
2025-11-11 20:00:00+00:00,436.23,437.25,436.0,436.98,621478.0
2025-11-11 20:05:00+00:00,437.02,437.3,436.4313,436.74,377399.0
2025-11-11 20:10:00+00:00,436.7128,437.44,436.71,437.1,391304.0
2025-11-11 20:15:00+00:00,437.0801,437.37,436.47,436.96,412203.0
2025-11-11 20:20:00+00:00,436.98,437.12,436.37,436.76,397501.0
2025-11-11 20:25:00+00:00,436.76,437.08,436.4601,436.98,481544.0
2025-11-11 20:30:00+00:00,436.97,437.16,436.41,437.0696,472948.0
2025-11-11 20:35:00+00:00,437.05,438.02,436.99,437.77,691134.0
2025-11-11 20:40:00+00:00,437.76,438.0392,437.42,437.862,573905.0
2025-11-11 20:45:00+00:00,437.8632,438.29,437.51,437.92,616925.0
2025-11-11 20:50:00+00:00,437.93,439.73,437.85,439.7103,911906.0
2025-11-11 20:55:00+00:00,439.71,440.46,439.39,439.4,1808724.0
2025-11-11 21:00:00+00:00,439.4096,440.34,439.37,440.0,220794.0
2025-11-11 21:05:00+00:00,439.88,440.01,439.62,439.8495,38017.0
2025-11-11 21:10:00+00:00,439.85,439.85,439.55,439.69,23129.0
2025-11-11 21:15:00+00:00,439.6886,439.75,439.51,439.5773,18610.0
2025-11-11 21:20:00+00:00,439.5606,439.71,439.2,439.32,27588.0
2025-11-11 21:25:00+00:00,439.27,439.27,438.65,438.8,41584.0
2025-11-11 21:30:00+00:00,438.8,439.62,438.54,438.8,20729.0
2025-11-11 21:35:00+00:00,438.9766,439.62,438.2593,438.38,20184.0
2025-11-11 21:40:00+00:00,438.3,438.9,438.3,438.7,14411.0
2025-11-11 21:45:00+00:00,438.7907,438.8,438.55,438.68,4872.0
2025-11-11 21:50:00+00:00,438.6,438.79,438.55,438.6874,4760.0
2025-11-11 21:55:00+00:00,438.8,438.8,438.6206,438.8,6517.0
2025-11-11 22:00:00+00:00,438.79,438.96,438.7,438.75,6852.0
2025-11-11 22:05:00+00:00,438.83,439.28,438.8014,439.09,5498.0
2025-11-11 22:10:00+00:00,439.09,439.15,438.9,439.0,9318.0
2025-11-11 22:15:00+00:00,438.99,439.2,438.951,439.0682,8199.0
2025-11-11 22:20:00+00:00,439.11,439.14,439.05,439.0999,5586.0
2025-11-11 22:25:00+00:00,439.08,439.09,438.9,439.06,4523.0
2025-11-11 22:30:00+00:00,439.07,439.07,438.9,438.98,3572.0
2025-11-11 22:35:00+00:00,438.99,439.0394,438.9,438.9,3969.0
2025-11-11 22:40:00+00:00,438.88,439.62,438.65,438.74,7507.0
2025-11-11 22:45:00+00:00,438.8804,438.99,438.75,438.95,4473.0
2025-11-11 22:50:00+00:00,438.98,439.08,438.82,439.0411,6223.0
2025-11-11 22:55:00+00:00,439.06,439.14,438.9181,438.96,6785.0
2025-11-11 23:00:00+00:00,438.91,439.01,438.8916,438.98,4013.0
2025-11-11 23:05:00+00:00,438.89,438.89,438.5,438.5,10127.0
2025-11-11 23:10:00+00:00,438.501,438.79,438.35,438.4104,11782.0
2025-11-11 23:15:00+00:00,438.7,438.93,438.7,438.78,6147.0
2025-11-11 23:20:00+00:00,438.78,438.97,438.7009,438.81,10248.0
2025-11-11 23:25:00+00:00,438.8,438.8,438.5505,438.73,5152.0
2025-11-11 23:30:00+00:00,438.66,438.76,438.66,438.74,4121.0
2025-11-11 23:35:00+00:00,438.75,438.76,438.68,438.74,6911.0
2025-11-11 23:40:00+00:00,438.7,438.8,438.66,438.72,5727.0
2025-11-11 23:45:00+00:00,438.8199,438.9,438.7,438.8563,3563.0
2025-11-11 23:50:00+00:00,438.85,438.85,438.7,438.7,1948.0
2025-11-11 23:55:00+00:00,438.75,438.85,438.6817,438.71,2687.0
2025-11-12 00:00:00+00:00,438.81,438.9,438.6102,438.78,3445.0
2025-11-12 00:05:00+00:00,438.7527,438.8688,438.7,438.85,4604.0
2025-11-12 00:10:00+00:00,438.7699,438.9,438.7501,438.7745,5609.0
2025-11-12 00:15:00+00:00,438.82,439.1,438.77,439.01,9025.0
2025-11-12 00:20:00+00:00,438.9899,439.17,438.96,439.17,11418.0
2025-11-12 00:25:00+00:00,439.17,439.22,439.06,439.15,15475.0
2025-11-12 00:30:00+00:00,439.19,439.2,439.06,439.18,9505.0
2025-11-12 00:35:00+00:00,439.1807,439.2,439.1081,439.11,6334.0
2025-11-12 00:40:00+00:00,439.12,439.19,439.1,439.19,2198.0
2025-11-12 00:45:00+00:00,439.11,439.19,439.05,439.06,9551.0
2025-11-12 00:50:00+00:00,439.1081,439.3,439.1003,439.2875,13443.0
2025-11-12 00:55:00+00:00,439.25,439.28,438.6,439.0363,15912.0
2025-11-12 09:00:00+00:00,441.47,441.47,439.34,441.38,48222.0
2025-11-12 09:05:00+00:00,441.31,441.6,440.85,440.89,9817.0
2025-11-12 09:10:00+00:00,440.9,440.92,440.18,440.56,10088.0
2025-11-12 09:15:00+00:00,440.61,441.0,440.5,440.96,6410.0
2025-11-12 09:20:00+00:00,441.02,441.24,440.8,441.1,6490.0
2025-11-12 09:25:00+00:00,441.09,441.1,440.94,440.98,3880.0
2025-11-12 09:30:00+00:00,440.95,441.1,440.88,441.0,3836.0
2025-11-12 09:35:00+00:00,441.1,441.1,441.04,441.1,4912.0
2025-11-12 09:40:00+00:00,441.1,441.6,441.1,441.6,5127.0
2025-11-12 09:45:00+00:00,441.58,441.6,441.35,441.35,5610.0
2025-11-12 09:50:00+00:00,441.29,441.4,441.29,441.4,3663.0
2025-11-12 09:55:00+00:00,441.37,441.77,441.37,441.61,4850.0
2025-11-12 10:00:00+00:00,441.59,441.8,441.59,441.79,5385.0
2025-11-12 10:05:00+00:00,441.76,441.76,441.41,441.61,3204.0
2025-11-12 10:10:00+00:00,441.55,441.69,441.53,441.53,2141.0
2025-11-12 10:15:00+00:00,441.48,441.72,441.48,441.7,2227.0
2025-11-12 10:20:00+00:00,441.7,441.74,441.26,441.26,6641.0
2025-11-12 10:25:00+00:00,441.25,441.25,441.01,441.15,3194.0
2025-11-12 10:30:00+00:00,441.3,441.31,441.16,441.16,3226.0
2025-11-12 10:35:00+00:00,441.19,441.32,441.19,441.21,4759.0
2025-11-12 10:40:00+00:00,441.2,441.5,441.2,441.49,2770.0
2025-11-12 10:45:00+00:00,441.53,441.53,441.4,441.41,4579.0
2025-11-12 10:50:00+00:00,441.41,441.45,441.36,441.36,798.0
2025-11-12 10:55:00+00:00,441.31,441.43,441.3,441.43,4391.0
2025-11-12 11:00:00+00:00,441.34,441.36,441.14,441.14,5272.0
2025-11-12 11:05:00+00:00,441.2,441.4,441.2,441.4,1412.0
2025-11-12 11:10:00+00:00,441.42,441.51,441.36,441.36,4739.0
2025-11-12 11:15:00+00:00,441.25,441.45,441.19,441.45,3612.0
2025-11-12 11:20:00+00:00,441.26,441.26,441.02,441.02,4172.0
2025-11-12 11:25:00+00:00,441.02,441.06,440.5,440.5,8175.0
2025-11-12 11:30:00+00:00,440.58,440.8,440.46,440.79,4064.0
2025-11-12 11:35:00+00:00,440.71,440.96,440.69,440.69,2374.0
2025-11-12 11:40:00+00:00,440.52,440.71,440.52,440.71,2123.0
2025-11-12 11:45:00+00:00,440.68,440.93,440.6,440.6,3693.0
2025-11-12 11:50:00+00:00,440.5,440.51,440.26,440.32,4976.0
2025-11-12 11:55:00+00:00,440.21,440.21,439.7,439.9,13690.0
2025-11-12 12:00:00+00:00,440.0,440.99,440.0,440.88,25093.0
2025-11-12 12:05:00+00:00,440.91,441.82,440.9,441.35,27460.0
2025-11-12 12:10:00+00:00,441.35,441.55,441.2,441.25,7211.0
2025-11-12 12:15:00+00:00,441.42,441.48,440.99,441.47,9737.0
2025-11-12 12:20:00+00:00,441.45,441.51,441.13,441.13,9549.0
2025-11-12 12:25:00+00:00,441.2,441.39,441.1,441.35,2690.0
2025-11-12 12:30:00+00:00,441.35,441.6,441.34,441.5,4879.0
2025-11-12 12:35:00+00:00,441.53,441.55,441.35,441.39,6107.0
2025-11-12 12:40:00+00:00,441.4,441.41,440.97,440.98,11169.0
2025-11-12 12:45:00+00:00,440.97,441.45,440.97,441.4,8071.0
2025-11-12 12:50:00+00:00,441.42,441.51,441.38,441.49,5002.0
2025-11-12 12:55:00+00:00,441.55,441.73,441.44,441.68,12990.0
2025-11-12 13:00:00+00:00,441.1,441.82,439.17,441.8,316752.0
2025-11-12 13:05:00+00:00,441.81,442.87,441.7573,442.4,92298.0
2025-11-12 13:10:00+00:00,442.5,442.77,442.3,442.6,24374.0
2025-11-12 13:15:00+00:00,442.6,442.6795,442.3,442.4392,21568.0
2025-11-12 13:20:00+00:00,442.34,442.4441,442.0,442.08,21086.0
2025-11-12 13:25:00+00:00,442.2,442.41,442.08,442.1117,19847.0
2025-11-12 13:30:00+00:00,442.11,442.37,442.0001,442.15,27120.0
2025-11-12 13:35:00+00:00,442.17,442.6599,442.17,442.5,20823.0
2025-11-12 13:40:00+00:00,442.42,442.55,442.33,442.4214,16374.0
2025-11-12 13:45:00+00:00,442.45,442.5166,442.0,442.25,47726.0
2025-11-12 13:50:00+00:00,442.25,442.25,442.15,442.1955,11667.0
2025-11-12 13:55:00+00:00,442.2,442.25,439.62,442.09,13201.0
2025-11-12 14:00:00+00:00,442.09,442.1,441.68,441.8013,19916.0
2025-11-12 14:05:00+00:00,441.805,441.87,441.61,441.87,24038.0
2025-11-12 14:10:00+00:00,441.816,442.16,441.816,441.96,25157.0
2025-11-12 14:15:00+00:00,441.99,442.42,441.92,442.29,23974.0
2025-11-12 14:20:00+00:00,442.29,442.36,442.01,442.1,18941.0
2025-11-12 14:25:00+00:00,442.12,442.8997,442.12,442.2,56988.0
2025-11-12 14:30:00+00:00,442.15,442.329,437.15,438.7698,1881851.0
2025-11-12 14:35:00+00:00,438.85,441.432,437.5402,438.4686,1555902.0
2025-11-12 14:40:00+00:00,438.389,439.0,436.92,438.429,1160483.0
2025-11-12 14:45:00+00:00,438.375,438.9,435.4,435.58,1351642.0
2025-11-12 14:50:00+00:00,435.57,436.61,434.51,434.645,1269776.0
2025-11-12 14:55:00+00:00,434.63,434.82,432.66,433.8422,1549415.0
2025-11-12 15:00:00+00:00,433.84,435.65,433.69,435.08,1073419.0
2025-11-12 15:05:00+00:00,435.08,435.76,433.53,435.6351,880884.0
2025-11-12 15:10:00+00:00,435.66,435.69,432.5,432.881,938683.0
2025-11-12 15:15:00+00:00,432.89,432.94,430.9,432.13,1453170.0
2025-11-12 15:20:00+00:00,432.13,433.37,431.89,432.5044,882134.0
2025-11-12 15:25:00+00:00,432.4845,434.08,431.7701,433.4432,789765.0
2025-11-12 15:30:00+00:00,433.42,433.6599,432.06,432.145,937770.0
2025-11-12 15:35:00+00:00,432.19,432.775,429.76,431.0892,1411251.0
2025-11-12 15:40:00+00:00,431.01,431.55,429.13,430.282,1193555.0
2025-11-12 15:45:00+00:00,430.3075,430.9893,429.2,429.565,854166.0
2025-11-12 15:50:00+00:00,429.565,430.0,427.89,428.7217,1226780.0
2025-11-12 15:55:00+00:00,428.7365,430.15,428.52,430.0513,860085.0
2025-11-12 16:00:00+00:00,430.08,430.88,429.24,429.775,838270.0
2025-11-12 16:05:00+00:00,429.8092,430.22,429.21,429.8801,597472.0
2025-11-12 16:10:00+00:00,429.91,429.95,427.43,427.965,1109483.0
2025-11-12 16:15:00+00:00,428.02,429.88,428.0,429.85,758734.0
2025-11-12 16:20:00+00:00,429.9,430.03,428.8701,429.2087,576290.0
2025-11-12 16:25:00+00:00,429.21,430.4,428.7201,430.173,620953.0
2025-11-12 16:30:00+00:00,430.08,431.93,429.73,430.91,1087146.0
2025-11-12 16:35:00+00:00,430.955,431.69,430.01,430.14,546357.0
2025-11-12 16:40:00+00:00,430.19,430.51,428.65,428.85,645166.0
2025-11-12 16:45:00+00:00,428.8636,429.29,426.56,427.015,1293700.0
2025-11-12 16:50:00+00:00,427.0344,428.7654,426.965,427.895,753609.0
2025-11-12 16:55:00+00:00,427.8276,429.46,427.8276,428.62,569699.0
2025-11-12 17:00:00+00:00,428.67,429.69,428.36,429.65,448178.0
2025-11-12 17:05:00+00:00,429.6205,430.59,429.43,429.88,555956.0
2025-11-12 17:10:00+00:00,429.89,430.65,429.32,430.595,444067.0
2025-11-12 17:15:00+00:00,430.58,430.95,429.45,430.0,492859.0
2025-11-12 17:20:00+00:00,430.0113,430.769,429.64,430.4445,356285.0
2025-11-12 17:25:00+00:00,430.46,430.6,429.88,430.37,326114.0
2025-11-12 17:30:00+00:00,430.33,430.9409,430.31,430.5805,432920.0
2025-11-12 17:35:00+00:00,430.58,432.17,430.56,432.0437,639683.0
2025-11-12 17:40:00+00:00,432.0,432.34,431.32,431.42,572404.0
2025-11-12 17:45:00+00:00,431.43,431.76,429.96,430.3835,491026.0
2025-11-12 17:50:00+00:00,430.33,430.98,429.53,430.55,508180.0
2025-11-12 17:55:00+00:00,430.6299,431.76,430.21,431.5199,397985.0
2025-11-12 18:00:00+00:00,431.53,431.79,431.2154,431.61,304228.0
2025-11-12 18:05:00+00:00,431.6,431.9,430.8,430.915,394730.0
2025-11-12 18:10:00+00:00,430.915,431.5,430.43,431.0399,337791.0
2025-11-12 18:15:00+00:00,431.0094,432.04,430.96,431.8085,502472.0
2025-11-12 18:20:00+00:00,431.85,431.88,431.03,431.6772,328598.0
2025-11-12 18:25:00+00:00,431.67,432.19,431.22,431.4293,378426.0
2025-11-12 18:30:00+00:00,431.37,431.58,430.5,430.57,367521.0
2025-11-12 18:35:00+00:00,430.63,431.2,430.4,430.7906,369441.0
2025-11-12 18:40:00+00:00,430.79,431.38,430.46,430.5,359484.0
2025-11-12 18:45:00+00:00,430.57,430.889,429.92,430.1,450769.0
2025-11-12 18:50:00+00:00,430.1251,431.58,430.1209,431.47,409615.0
2025-11-12 18:55:00+00:00,431.49,431.7996,431.32,431.62,362528.0
2025-11-12 19:00:00+00:00,431.6,431.89,431.07,431.25,326524.0
2025-11-12 19:05:00+00:00,431.22,431.75,430.73,431.68,364710.0
2025-11-12 19:10:00+00:00,431.65,431.79,430.7,430.875,300116.0
2025-11-12 19:15:00+00:00,430.88,430.8999,430.21,430.58,370926.0
2025-11-12 19:20:00+00:00,430.55,430.89,430.0,430.175,384989.0
2025-11-12 19:25:00+00:00,430.2082,430.91,429.665,430.425,437309.0
2025-11-12 19:30:00+00:00,430.425,430.6,429.04,429.7854,527675.0
2025-11-12 19:35:00+00:00,429.8599,430.33,429.58,430.0,337391.0
2025-11-12 19:40:00+00:00,429.98,430.04,429.34,429.48,328804.0
2025-11-12 19:45:00+00:00,429.49,429.79,429.1001,429.2593,361447.0
2025-11-12 19:50:00+00:00,429.215,430.45,429.0,430.415,464158.0
2025-11-12 19:55:00+00:00,430.41,431.27,429.95,430.145,513801.0
2025-11-12 20:00:00+00:00,430.15,430.53,429.0,430.38,556630.0
2025-11-12 20:05:00+00:00,430.39,430.5199,429.6,430.11,365807.0
2025-11-12 20:10:00+00:00,430.07,430.1393,429.19,429.535,389145.0
2025-11-12 20:15:00+00:00,429.5581,430.25,429.23,430.15,345520.0
2025-11-12 20:20:00+00:00,430.18,430.9299,429.89,430.83,383170.0
2025-11-12 20:25:00+00:00,430.84,431.33,430.66,431.24,724184.0
2025-11-12 20:30:00+00:00,431.25,432.16,431.05,432.07,575156.0
2025-11-12 20:35:00+00:00,432.0401,432.75,431.44,431.69,798962.0
2025-11-12 20:40:00+00:00,431.675,432.06,431.39,431.675,425178.0
2025-11-12 20:45:00+00:00,431.66,431.93,431.17,431.85,1016519.0
2025-11-12 20:50:00+00:00,431.88,432.52,430.65,431.13,836985.0
2025-11-12 20:55:00+00:00,431.16,431.23,430.06,430.57,1475608.0
2025-11-12 21:00:00+00:00,430.6,430.85,430.55,430.7,93332.0
2025-11-12 21:05:00+00:00,430.6982,430.88,430.04,430.5201,44941.0
2025-11-12 21:10:00+00:00,430.5296,430.6,430.17,430.4,40824.0
2025-11-12 21:15:00+00:00,430.44,430.44,429.85,429.9,22314.0
2025-11-12 21:20:00+00:00,429.85,429.9,429.5546,429.7703,37434.0
2025-11-12 21:25:00+00:00,429.8774,430.25,429.79,430.07,10659.0
2025-11-12 21:30:00+00:00,430.11,430.8,430.07,430.6,12658.0
2025-11-12 21:35:00+00:00,430.37,430.46,430.1,430.1,9114.0
2025-11-12 21:40:00+00:00,430.1,430.5,430.07,430.16,9226.0
2025-11-12 21:45:00+00:00,430.45,430.45,430.0407,430.1,10265.0
2025-11-12 21:50:00+00:00,430.1,430.4,430.09,430.15,6560.0
2025-11-12 21:55:00+00:00,430.12,430.3,430.12,430.12,7802.0
2025-11-12 22:00:00+00:00,430.25,430.37,430.25,430.3,4746.0
2025-11-12 22:05:00+00:00,430.3,430.45,430.3,430.4,9516.0
2025-11-12 22:10:00+00:00,430.4,430.4393,430.1,430.11,7730.0
2025-11-12 22:15:00+00:00,430.11,430.16,430.01,430.09,8130.0
2025-11-12 22:20:00+00:00,430.09,430.3,430.03,430.3,13913.0
2025-11-12 22:25:00+00:00,430.3,430.3,430.1,430.28,6977.0
2025-11-12 22:30:00+00:00,430.2,430.5,430.1876,430.5,9218.0
2025-11-12 22:35:00+00:00,430.5,430.591,430.39,430.57,6207.0
2025-11-12 22:40:00+00:00,430.45,430.45,430.3,430.35,5295.0
2025-11-12 22:45:00+00:00,430.331,430.35,430.09,430.16,7287.0
2025-11-12 22:50:00+00:00,430.17,430.21,430.138,430.1501,2799.0
2025-11-12 22:55:00+00:00,430.15,430.2,430.1,430.16,7101.0
2025-11-12 23:00:00+00:00,430.17,430.17,429.15,429.15,26049.0
2025-11-12 23:05:00+00:00,429.16,429.4859,428.7517,429.03,26977.0
2025-11-12 23:10:00+00:00,429.17,429.48,429.17,429.361,13096.0
2025-11-12 23:15:00+00:00,429.48,429.6599,429.35,429.5,12115.0
2025-11-12 23:20:00+00:00,429.46,429.46,429.02,429.25,13427.0
2025-11-12 23:25:00+00:00,429.11,429.41,429.02,429.171,19790.0
2025-11-12 23:30:00+00:00,429.17,429.62,428.8,428.92,20280.0
2025-11-12 23:35:00+00:00,428.9,428.9264,428.06,428.4,24877.0
2025-11-12 23:40:00+00:00,428.281,428.4,428.01,428.31,24623.0
2025-11-12 23:45:00+00:00,428.16,428.29,427.82,427.99,31952.0
2025-11-12 23:50:00+00:00,427.9896,428.0,427.7,427.85,24147.0
2025-11-12 23:55:00+00:00,427.84,428.3,427.6,428.2,29876.0
2025-11-13 00:00:00+00:00,428.2,428.94,428.2,428.615,25733.0
2025-11-13 00:05:00+00:00,428.79,429.32,428.5,429.3008,19781.0
2025-11-13 00:10:00+00:00,429.3,429.42,428.95,429.15,12126.0
2025-11-13 00:15:00+00:00,429.18,429.2992,428.99,429.12,17344.0
2025-11-13 00:20:00+00:00,429.14,429.21,428.98,428.98,8130.0
2025-11-13 00:25:00+00:00,429.15,429.15,428.81,428.9,6163.0
2025-11-13 00:30:00+00:00,428.86,429.0262,428.708,428.87,12434.0
2025-11-13 00:35:00+00:00,428.9,429.31,428.9,429.29,14223.0
2025-11-13 00:40:00+00:00,429.27,429.3988,429.0101,429.2563,14395.0
2025-11-13 00:45:00+00:00,429.26,429.384,428.9,428.9,15000.0
2025-11-13 00:50:00+00:00,428.98,429.0,428.57,428.8,19262.0
2025-11-13 00:55:00+00:00,428.72,428.9864,428.5,428.7,23581.0
2025-11-13 09:00:00+00:00,432.0,432.0,431.22,431.43,17935.0
2025-11-13 09:05:00+00:00,431.35,431.5,430.5,430.6,14392.0
2025-11-13 09:10:00+00:00,430.6,430.6,429.73,430.0,21518.0
2025-11-13 09:15:00+00:00,430.0,430.0,429.17,429.5,10234.0
2025-11-13 09:20:00+00:00,429.32,429.48,428.25,428.66,14311.0
2025-11-13 09:25:00+00:00,428.76,429.03,428.5,428.88,12010.0
2025-11-13 09:30:00+00:00,428.92,428.97,428.48,428.5,10579.0
2025-11-13 09:35:00+00:00,428.45,428.5,427.2,427.64,44533.0
2025-11-13 09:40:00+00:00,427.64,428.0,427.39,428.0,14887.0
2025-11-13 09:45:00+00:00,427.96,428.25,427.94,427.98,16336.0
2025-11-13 09:50:00+00:00,427.96,428.2,427.9,427.91,10318.0
2025-11-13 09:55:00+00:00,427.91,428.0,427.79,427.99,6297.0
2025-11-13 10:00:00+00:00,427.98,428.13,427.8,428.12,9798.0
2025-11-13 10:05:00+00:00,428.12,428.37,427.7,428.37,12227.0
2025-11-13 10:10:00+00:00,428.4,428.7,428.4,428.6,8657.0
2025-11-13 10:15:00+00:00,428.5,429.2,428.5,429.02,8744.0
2025-11-13 10:20:00+00:00,429.19,429.48,428.94,429.25,4937.0
2025-11-13 10:25:00+00:00,429.2,429.22,428.77,428.79,5948.0
2025-11-13 10:30:00+00:00,428.88,429.21,428.88,429.21,1637.0
2025-11-13 10:35:00+00:00,429.3,429.95,429.3,429.93,7282.0
2025-11-13 10:40:00+00:00,429.95,429.95,429.43,429.6,4143.0
2025-11-13 10:45:00+00:00,429.53,429.55,429.04,429.46,5622.0
2025-11-13 10:50:00+00:00,429.42,429.55,429.41,429.48,6194.0
2025-11-13 10:55:00+00:00,429.48,429.48,429.19,429.19,2105.0
2025-11-13 11:00:00+00:00,429.19,429.5,429.19,429.5,1691.0
2025-11-13 11:05:00+00:00,429.57,429.85,429.57,429.7,2393.0
2025-11-13 11:10:00+00:00,429.6,429.7,429.51,429.68,3747.0
2025-11-13 11:15:00+00:00,429.7,429.7,429.0,429.0,3680.0
2025-11-13 11:20:00+00:00,429.16,429.37,429.0,429.2,5706.0
2025-11-13 11:25:00+00:00,429.32,429.32,428.37,428.39,7149.0
2025-11-13 11:30:00+00:00,428.39,428.85,428.0,428.44,6595.0
2025-11-13 11:35:00+00:00,428.36,428.68,428.02,428.43,10612.0
2025-11-13 11:40:00+00:00,428.3,428.4,428.0,428.2,13509.0
2025-11-13 11:45:00+00:00,428.2,428.2,427.54,428.05,11509.0
2025-11-13 11:50:00+00:00,428.07,428.3,427.8,428.21,12826.0
2025-11-13 11:55:00+00:00,428.1,428.35,427.85,428.35,13236.0
2025-11-13 12:00:00+00:00,428.35,428.46,426.76,427.0,42019.0
2025-11-13 12:05:00+00:00,427.08,427.08,426.0,426.11,31803.0
2025-11-13 12:10:00+00:00,426.17,426.7,426.0,426.17,18979.0
2025-11-13 12:15:00+00:00,426.19,426.58,426.17,426.5,9548.0
2025-11-13 12:20:00+00:00,426.54,426.54,425.67,426.4,32001.0
2025-11-13 12:25:00+00:00,426.28,427.17,426.2,427.17,22229.0
2025-11-13 12:30:00+00:00,427.04,427.25,426.97,427.11,11142.0
2025-11-13 12:35:00+00:00,427.03,427.38,426.74,427.3,15863.0
2025-11-13 12:40:00+00:00,427.35,427.37,427.0,427.3,10750.0
2025-11-13 12:45:00+00:00,427.3,427.37,427.04,427.09,7478.0
2025-11-13 12:50:00+00:00,427.18,427.25,427.05,427.17,4963.0
2025-11-13 12:55:00+00:00,427.17,427.22,426.36,426.9,17913.0
2025-11-13 13:00:00+00:00,431.8,432.46,425.62,426.8504,392436.0
2025-11-13 13:05:00+00:00,426.7016,427.1,426.54,426.84,21793.0
2025-11-13 13:10:00+00:00,426.85,426.9,426.46,426.74,20320.0
2025-11-13 13:15:00+00:00,426.87,426.87,426.19,426.3,27937.0
2025-11-13 13:20:00+00:00,426.22,426.3,425.53,425.9,78512.0
2025-11-13 13:25:00+00:00,425.87,425.95,425.5,425.9,85142.0
2025-11-13 13:30:00+00:00,425.89,426.48,425.04,425.68,87381.0
2025-11-13 13:35:00+00:00,425.889,425.9,425.02,425.13,62063.0
2025-11-13 13:40:00+00:00,425.1304,425.382,424.69,424.72,94790.0
2025-11-13 13:45:00+00:00,424.69,425.65,424.69,425.5414,49653.0
2025-11-13 13:50:00+00:00,425.54,425.7,425.0,425.35,41946.0
2025-11-13 13:55:00+00:00,425.44,425.44,424.1,424.1519,100876.0
2025-11-13 14:00:00+00:00,424.2372,424.7,423.6,423.62,99393.0
2025-11-13 14:05:00+00:00,423.63,424.0998,423.18,423.26,111036.0
2025-11-13 14:10:00+00:00,423.23,423.9,422.88,423.5,130922.0
2025-11-13 14:15:00+00:00,423.5,424.4194,423.46,423.91,82443.0
2025-11-13 14:20:00+00:00,423.8994,424.28,423.71,424.08,38941.0
2025-11-13 14:25:00+00:00,424.1,424.1,423.0,423.11,62262.0
2025-11-13 14:30:00+00:00,423.13,424.5,420.59,423.475,2943888.0
2025-11-13 14:35:00+00:00,423.44,423.54,418.8601,420.0701,2688001.0
2025-11-13 14:40:00+00:00,420.05,421.51,418.11,418.65,1814799.0
2025-11-13 14:45:00+00:00,418.65,419.85,417.24,417.75,2018355.0
2025-11-13 14:50:00+00:00,417.73,419.09,416.78,416.91,1839787.0
2025-11-13 14:55:00+00:00,416.96,417.24,414.39,414.58,2495215.0
2025-11-13 15:00:00+00:00,414.58,414.93,411.7,412.17,2651368.0
2025-11-13 15:05:00+00:00,412.25,415.37,411.33,415.1,2385014.0
2025-11-13 15:10:00+00:00,415.13,416.05,414.0,415.11,1603795.0
2025-11-13 15:15:00+00:00,415.08,415.88,412.88,413.064,1511231.0
2025-11-13 15:20:00+00:00,413.07,413.41,409.5,411.2699,2397557.0
2025-11-13 15:25:00+00:00,411.23,411.23,408.56,410.3456,2174943.0
2025-11-13 15:30:00+00:00,410.39,410.87,407.83,407.9445,1647585.0
2025-11-13 15:35:00+00:00,407.94,409.46,407.33,408.76,1554774.0
2025-11-13 15:40:00+00:00,408.715,409.45,405.87,406.1865,1693832.0
2025-11-13 15:45:00+00:00,406.17,406.6,404.76,406.5518,2136620.0
2025-11-13 15:50:00+00:00,406.6,407.77,405.69,406.235,1521666.0
2025-11-13 15:55:00+00:00,406.26,408.12,405.51,407.8599,1507748.0
2025-11-13 16:00:00+00:00,407.82,408.54,405.71,406.585,1183624.0
2025-11-13 16:05:00+00:00,406.6013,407.29,405.09,407.075,1266132.0
2025-11-13 16:10:00+00:00,407.1,407.19,405.73,407.09,1000540.0
2025-11-13 16:15:00+00:00,407.1,407.5,404.13,405.33,1668272.0
2025-11-13 16:20:00+00:00,405.32,406.69,404.86,405.15,1280823.0
2025-11-13 16:25:00+00:00,405.13,407.12,404.63,407.11,1179678.0
2025-11-13 16:30:00+00:00,407.09,407.66,406.01,407.27,993331.0
2025-11-13 16:35:00+00:00,407.23,407.9,404.63,404.71,1341522.0
2025-11-13 16:40:00+00:00,404.6601,404.95,403.23,403.8301,1402065.0
2025-11-13 16:45:00+00:00,403.84,404.8799,403.02,404.7684,1084315.0
2025-11-13 16:50:00+00:00,404.72,404.9199,402.4208,402.6301,1424305.0
2025-11-13 16:55:00+00:00,402.63,402.69,400.88,401.78,1820860.0
2025-11-13 17:00:00+00:00,401.8,403.12,401.5,403.1,1405658.0
2025-11-13 17:05:00+00:00,403.12,403.83,401.5,401.74,1271793.0
2025-11-13 17:10:00+00:00,401.74,402.26,400.5601,401.405,1338858.0
2025-11-13 17:15:00+00:00,401.43,402.88,401.33,401.4402,1048047.0
2025-11-13 17:20:00+00:00,401.48,404.18,401.37,403.25,1140416.0
2025-11-13 17:25:00+00:00,403.2907,404.18,402.83,403.54,945570.0
2025-11-13 17:30:00+00:00,403.53,404.58,403.0,403.425,943499.0
2025-11-13 17:35:00+00:00,403.425,403.5717,401.95,403.0744,821922.0
2025-11-13 17:40:00+00:00,403.11,403.1525,401.06,401.16,918811.0
2025-11-13 17:45:00+00:00,401.16,401.31,398.66,400.1,2616451.0
2025-11-13 17:50:00+00:00,400.085,402.14,399.63,401.53,1990837.0
2025-11-13 17:55:00+00:00,401.5,401.61,400.26,400.8,823399.0
2025-11-13 18:00:00+00:00,400.82,401.65,399.1,399.375,1003158.0
2025-11-13 18:05:00+00:00,399.4,400.475,397.91,398.47,1464800.0
2025-11-13 18:10:00+00:00,398.45,400.5999,398.15,400.36,1083304.0
2025-11-13 18:15:00+00:00,400.33,400.78,398.62,399.23,856422.0
2025-11-13 18:20:00+00:00,399.26,399.74,398.23,399.03,954922.0
2025-11-13 18:25:00+00:00,399.035,399.13,397.6001,398.345,1107142.0
2025-11-13 18:30:00+00:00,398.34,398.5292,397.47,397.98,911007.0
2025-11-13 18:35:00+00:00,398.0,398.3,396.9,397.32,1224719.0
2025-11-13 18:40:00+00:00,397.32,398.525,396.34,398.465,1301815.0
2025-11-13 18:45:00+00:00,398.5,399.1899,397.52,397.58,1072171.0
2025-11-13 18:50:00+00:00,397.56,398.2,396.59,397.87,1049983.0
2025-11-13 18:55:00+00:00,397.87,398.95,397.585,398.8746,915065.0
2025-11-13 19:00:00+00:00,398.84,399.29,396.92,397.94,1510189.0
2025-11-13 19:05:00+00:00,397.93,398.76,396.74,397.29,883626.0
2025-11-13 19:10:00+00:00,397.29,398.08,396.92,397.235,779455.0
2025-11-13 19:15:00+00:00,397.24,398.79,396.97,397.92,772024.0
2025-11-13 19:20:00+00:00,397.925,400.2,397.8715,400.05,1049312.0
2025-11-13 19:25:00+00:00,400.078,402.94,400.03,402.6925,1846368.0
2025-11-13 19:30:00+00:00,402.63,403.35,401.13,403.055,1490582.0
2025-11-13 19:35:00+00:00,403.02,403.57,401.45,402.6601,1273027.0
2025-11-13 19:40:00+00:00,402.66,402.93,401.62,401.9099,852772.0
2025-11-13 19:45:00+00:00,401.8651,402.33,399.89,400.68,1055899.0
2025-11-13 19:50:00+00:00,400.69,401.5,399.19,399.37,989027.0
2025-11-13 19:55:00+00:00,399.385,400.6899,398.27,400.28,1142170.0
2025-11-13 20:00:00+00:00,400.25,401.75,400.05,400.9,966803.0
2025-11-13 20:05:00+00:00,400.97,402.1,400.02,402.03,978232.0
2025-11-13 20:10:00+00:00,402.05,402.87,401.3669,401.74,1049945.0
2025-11-13 20:15:00+00:00,401.7653,402.1,400.61,401.4968,879194.0
2025-11-13 20:20:00+00:00,401.48,402.29,400.0,401.6856,969846.0
2025-11-13 20:25:00+00:00,401.673,402.53,400.86,402.21,906408.0
2025-11-13 20:30:00+00:00,402.22,402.85,401.91,402.49,946905.0
2025-11-13 20:35:00+00:00,402.49,404.03,402.44,403.52,1346250.0
2025-11-13 20:40:00+00:00,403.54,404.33,402.5,402.91,1265449.0
2025-11-13 20:45:00+00:00,402.91,403.78,402.13,402.1773,995631.0
2025-11-13 20:50:00+00:00,402.16,403.69,399.31,399.4101,1573084.0
2025-11-13 20:55:00+00:00,399.42,402.57,399.4,401.94,2465812.0
2025-11-13 21:00:00+00:00,401.8982,402.35,400.95,400.95,339543.0
2025-11-13 21:05:00+00:00,401.0,402.84,400.88,402.83,159867.0
2025-11-13 21:10:00+00:00,402.76,403.0,401.99,402.86,64484.0
2025-11-13 21:15:00+00:00,402.86,403.6,402.66,403.3,84595.0
2025-11-13 21:20:00+00:00,403.26,403.42,402.42,402.5101,48225.0
2025-11-13 21:25:00+00:00,402.53,402.85,402.28,402.45,35914.0
2025-11-13 21:30:00+00:00,402.46,402.7,402.1,402.35,36705.0
2025-11-13 21:35:00+00:00,402.3,402.4593,401.75,401.75,41851.0
2025-11-13 21:40:00+00:00,401.85,401.95,401.39,401.61,38087.0
2025-11-13 21:45:00+00:00,401.52,401.8,401.0,401.3,50282.0
2025-11-13 21:50:00+00:00,401.33,401.42,400.6355,400.71,34595.0
2025-11-13 21:55:00+00:00,400.78,400.89,400.09,400.51,59519.0
2025-11-13 22:00:00+00:00,400.49,400.8244,400.161,400.161,35652.0
2025-11-13 22:05:00+00:00,400.2,400.61,400.09,400.101,32498.0
2025-11-13 22:10:00+00:00,400.2,400.26,399.69,399.95,67186.0
2025-11-13 22:15:00+00:00,401.99,401.99,399.55,399.57,36937.0
2025-11-13 22:20:00+00:00,399.65,399.81,399.26,399.77,38701.0
2025-11-13 22:25:00+00:00,399.85,400.2,399.6,399.9272,39313.0
2025-11-13 22:30:00+00:00,400.0,401.06,399.9,400.69,43983.0
2025-11-13 22:35:00+00:00,400.5,400.98,400.48,400.82,31666.0
2025-11-13 22:40:00+00:00,400.7534,401.11,400.7,400.98,22583.0
2025-11-13 22:45:00+00:00,401.06,401.07,400.71,400.71,18052.0
2025-11-13 22:50:00+00:00,400.81,400.87,400.6,400.79,21171.0
2025-11-13 22:55:00+00:00,400.79,401.07,400.72,400.9999,26560.0
2025-11-13 23:00:00+00:00,401.04,402.35,401.0,402.0,53201.0
2025-11-13 23:05:00+00:00,401.99,402.5,401.5,402.04,45593.0
2025-11-13 23:10:00+00:00,402.0007,402.1482,401.62,401.8,23072.0
2025-11-13 23:15:00+00:00,401.84,402.0,401.65,401.92,21264.0
2025-11-13 23:20:00+00:00,401.9,402.19,401.78,402.0,24228.0
2025-11-13 23:25:00+00:00,401.8564,402.25,401.8564,402.1585,18900.0
2025-11-13 23:30:00+00:00,402.16,403.0,402.12,402.61,41073.0
2025-11-13 23:35:00+00:00,402.53,402.69,402.24,402.4,15281.0
2025-11-13 23:40:00+00:00,402.4007,402.89,402.39,402.68,24065.0
2025-11-13 23:45:00+00:00,402.66,402.85,402.37,402.38,21539.0
2025-11-13 23:50:00+00:00,402.38,402.57,402.15,402.2,24527.0
2025-11-13 23:55:00+00:00,402.2,402.35,402.0,402.1078,21023.0
2025-11-14 00:00:00+00:00,402.24,402.3,401.84,401.9,15094.0
2025-11-14 00:05:00+00:00,401.98,402.0,401.45,401.59,27168.0
2025-11-14 00:10:00+00:00,401.5,402.16,401.5,401.8,24396.0
2025-11-14 00:15:00+00:00,401.78,401.96,401.5602,401.76,18317.0
2025-11-14 00:20:00+00:00,401.7999,402.0,401.63,401.94,12052.0
2025-11-14 00:25:00+00:00,402.0,402.14,401.85,401.94,14707.0
2025-11-14 00:30:00+00:00,401.9,401.95,401.43,401.67,21522.0
2025-11-14 00:35:00+00:00,401.587,401.88,401.587,401.7,19031.0
2025-11-14 00:40:00+00:00,401.69,401.8497,401.4,401.53,14028.0
2025-11-14 00:45:00+00:00,401.5305,401.81,401.3675,401.5,19443.0
2025-11-14 00:50:00+00:00,401.575,401.64,400.8,401.0,35196.0
2025-11-14 00:55:00+00:00,401.0,401.06,400.2,400.4,43081.0
2025-11-14 09:00:00+00:00,393.6,395.99,393.6,395.4,78532.0
2025-11-14 09:05:00+00:00,395.5,395.5,393.9,393.9,72512.0
2025-11-14 09:10:00+00:00,393.94,394.01,392.5,392.72,56976.0
2025-11-14 09:15:00+00:00,392.74,393.0,390.93,391.2,104413.0
2025-11-14 09:20:00+00:00,391.12,391.6,390.37,391.1,80655.0
2025-11-14 09:25:00+00:00,391.11,391.11,389.0,390.08,115607.0
2025-11-14 09:30:00+00:00,390.18,390.56,389.21,389.29,78710.0
2025-11-14 09:35:00+00:00,389.3,390.98,389.14,390.88,73333.0
2025-11-14 09:40:00+00:00,390.88,391.1,390.33,390.91,28341.0
2025-11-14 09:45:00+00:00,390.91,390.96,389.71,389.84,44496.0
2025-11-14 09:50:00+00:00,389.93,390.95,389.85,390.64,27624.0
2025-11-14 09:55:00+00:00,390.56,390.62,390.18,390.4,18188.0
2025-11-14 10:00:00+00:00,390.29,391.05,389.5,390.75,55379.0
2025-11-14 10:05:00+00:00,390.74,392.2,390.74,392.2,39072.0
2025-11-14 10:10:00+00:00,392.23,392.38,391.68,391.7,37192.0
2025-11-14 10:15:00+00:00,391.7,391.92,391.34,391.45,17579.0
2025-11-14 10:20:00+00:00,391.48,392.25,391.36,391.77,17895.0
2025-11-14 10:25:00+00:00,391.73,392.28,391.73,392.28,17690.0
2025-11-14 10:30:00+00:00,392.29,392.5,392.17,392.5,14675.0
2025-11-14 10:35:00+00:00,392.5,392.64,392.0,392.15,17323.0
2025-11-14 10:40:00+00:00,392.09,392.2,391.64,392.17,17779.0
2025-11-14 10:45:00+00:00,392.08,392.08,391.49,391.5,13788.0
2025-11-14 10:50:00+00:00,391.54,391.8,391.2,391.2,16671.0
2025-11-14 10:55:00+00:00,391.18,391.4,390.82,391.36,25945.0
2025-11-14 11:00:00+00:00,391.35,391.39,390.1,390.1,23352.0
2025-11-14 11:05:00+00:00,390.08,390.11,389.0,389.41,74988.0
2025-11-14 11:10:00+00:00,389.43,389.5,388.11,388.4,71987.0
2025-11-14 11:15:00+00:00,388.41,388.88,387.24,387.25,83670.0
2025-11-14 11:20:00+00:00,387.32,388.49,387.11,388.49,79344.0
2025-11-14 11:25:00+00:00,388.5,388.82,387.74,387.93,45628.0
2025-11-14 11:30:00+00:00,387.96,388.48,387.61,388.0,47719.0
2025-11-14 11:35:00+00:00,387.97,388.09,386.2,386.67,86862.0
2025-11-14 11:40:00+00:00,386.7,387.35,386.49,386.81,59223.0
2025-11-14 11:45:00+00:00,386.73,387.31,385.61,387.27,111374.0
2025-11-14 11:50:00+00:00,387.31,387.43,386.29,387.07,81860.0
2025-11-14 11:55:00+00:00,387.12,387.86,386.9,387.81,65282.0
2025-11-14 12:00:00+00:00,387.85,388.48,386.27,386.79,174909.0
2025-11-14 12:05:00+00:00,386.6,386.84,384.8,384.8,169227.0
2025-11-14 12:10:00+00:00,384.82,385.86,384.35,385.01,102194.0
2025-11-14 12:15:00+00:00,385.01,385.2,383.41,383.61,118173.0
2025-11-14 12:20:00+00:00,383.63,384.0,382.26,382.72,198301.0
2025-11-14 12:25:00+00:00,382.8,384.89,382.51,384.47,150806.0
2025-11-14 12:30:00+00:00,384.37,384.55,382.97,383.84,90331.0
2025-11-14 12:35:00+00:00,383.8,384.42,381.66,382.11,133732.0
2025-11-14 12:40:00+00:00,382.0,383.65,381.8,382.4,152593.0
2025-11-14 12:45:00+00:00,382.44,383.38,381.07,383.06,175077.0
2025-11-14 12:50:00+00:00,383.1,383.56,382.94,383.2,113536.0
2025-11-14 12:55:00+00:00,383.13,383.87,382.94,383.34,83864.0
2025-11-14 13:00:00+00:00,383.38,396.9,381.06,385.49,2619623.0
2025-11-14 13:05:00+00:00,385.42,386.01,384.35,384.69,198987.0
2025-11-14 13:10:00+00:00,384.6,385.51,383.95,385.03,163261.0
2025-11-14 13:15:00+00:00,385.01,385.1,384.36,384.4727,92591.0
2025-11-14 13:20:00+00:00,384.41,384.63,383.2685,383.8519,140338.0
2025-11-14 13:25:00+00:00,383.9,384.6,383.76,384.22,91214.0
2025-11-14 13:30:00+00:00,384.18,385.18,383.7,383.95,149037.0
2025-11-14 13:35:00+00:00,383.85,384.0,381.88,382.105,212904.0
2025-11-14 13:40:00+00:00,382.1,382.62,380.9703,381.8802,254284.0
2025-11-14 13:45:00+00:00,381.91,383.49,381.7,383.46,202917.0
2025-11-14 13:50:00+00:00,383.44,383.7,382.8,383.27,189527.0
2025-11-14 13:55:00+00:00,383.2713,383.54,382.88,383.24,174192.0
2025-11-14 14:00:00+00:00,383.15,384.59,382.44,384.2498,153882.0
2025-11-14 14:05:00+00:00,384.1072,385.27,384.1,385.23,219375.0
2025-11-14 14:10:00+00:00,385.27,385.28,384.69,384.95,98868.0
2025-11-14 14:15:00+00:00,384.95,385.57,384.63,385.3911,202031.0
2025-11-14 14:20:00+00:00,385.31,385.58,384.68,385.0,117750.0
2025-11-14 14:25:00+00:00,384.97,401.99,384.3,386.33,321929.0
2025-11-14 14:30:00+00:00,386.3,391.105,382.78,386.814,5989766.0
2025-11-14 14:35:00+00:00,386.845,393.96,386.68,392.74,3532693.0
2025-11-14 14:40:00+00:00,392.68,394.0,389.7201,391.0,2469203.0
2025-11-14 14:45:00+00:00,390.99,396.37,390.93,395.9,2565494.0
2025-11-14 14:50:00+00:00,395.9,397.08,393.53,396.03,2195759.0
2025-11-14 14:55:00+00:00,396.028,398.7,395.461,398.085,1938515.0
2025-11-14 15:00:00+00:00,398.13,398.58,393.75,394.365,2052948.0
2025-11-14 15:05:00+00:00,394.3,396.0,392.6601,395.1162,1706925.0
2025-11-14 15:10:00+00:00,395.02,396.68,391.14,392.2823,1820622.0
2025-11-14 15:15:00+00:00,392.35,395.75,392.1101,394.39,1429751.0
2025-11-14 15:20:00+00:00,394.42,397.6,394.35,397.2674,1505440.0
2025-11-14 15:25:00+00:00,397.21,400.58,395.6,399.88,2136643.0
2025-11-14 15:30:00+00:00,400.0099,400.94,398.22,399.39,1655187.0
2025-11-14 15:35:00+00:00,399.455,402.2,399.12,401.755,1933665.0
2025-11-14 15:40:00+00:00,401.755,403.58,400.97,403.0,1596138.0
2025-11-14 15:45:00+00:00,403.02,405.13,402.68,404.65,2150687.0
2025-11-14 15:50:00+00:00,404.695,405.85,403.2,404.0,1808193.0
2025-11-14 15:55:00+00:00,403.955,405.3,402.3701,405.2899,1313106.0
2025-11-14 16:00:00+00:00,405.29,406.21,403.0,403.26,1392388.0
2025-11-14 16:05:00+00:00,403.28,404.04,401.56,404.03,1175668.0
2025-11-14 16:10:00+00:00,404.03,404.9,403.27,403.84,932281.0
2025-11-14 16:15:00+00:00,403.855,405.99,403.8002,405.765,1052089.0
2025-11-14 16:20:00+00:00,405.74,407.66,405.16,407.4915,1520734.0
2025-11-14 16:25:00+00:00,407.57,410.32,407.28,408.37,2278331.0
2025-11-14 16:30:00+00:00,408.38,409.73,408.33,408.7484,1218647.0
2025-11-14 16:35:00+00:00,408.79,409.909,408.56,409.63,1075703.0
2025-11-14 16:40:00+00:00,409.64,412.19,408.24,408.88,2146873.0
2025-11-14 16:45:00+00:00,408.86,410.01,407.29,409.9,1348835.0
2025-11-14 16:50:00+00:00,409.915,410.68,409.26,409.6551,1085434.0
2025-11-14 16:55:00+00:00,409.6528,410.62,408.8706,409.0695,912161.0
2025-11-14 17:00:00+00:00,409.08,409.56,408.53,409.25,728914.0
2025-11-14 17:05:00+00:00,409.23,409.3,406.89,408.5,960046.0
2025-11-14 17:10:00+00:00,408.49,410.2899,408.49,409.86,985813.0
2025-11-14 17:15:00+00:00,409.86,410.0,408.5,409.315,574273.0
2025-11-14 17:20:00+00:00,409.315,409.47,408.5,408.97,453567.0
2025-11-14 17:25:00+00:00,408.93,409.0556,407.7,408.8099,687627.0
2025-11-14 17:30:00+00:00,408.81,408.86,407.5,407.8001,509826.0
2025-11-14 17:35:00+00:00,407.86,410.49,407.62,410.49,860028.0
2025-11-14 17:40:00+00:00,410.4225,410.48,408.9,409.5057,634246.0
2025-11-14 17:45:00+00:00,409.5001,410.0,408.06,408.1395,599702.0
2025-11-14 17:50:00+00:00,408.1642,409.19,406.55,409.148,887933.0
2025-11-14 17:55:00+00:00,409.15,409.4065,408.45,409.045,518344.0
2025-11-14 18:00:00+00:00,409.05,409.6,407.71,408.225,695247.0
2025-11-14 18:05:00+00:00,408.23,409.04,407.2,408.86,1109701.0
2025-11-14 18:10:00+00:00,408.82,410.59,408.44,410.15,991163.0
2025-11-14 18:15:00+00:00,410.11,410.23,408.11,408.526,1006643.0
2025-11-14 18:20:00+00:00,408.595,408.63,405.83,406.245,1182261.0
2025-11-14 18:25:00+00:00,406.25,406.64,404.87,405.93,1153543.0
2025-11-14 18:30:00+00:00,405.89,406.8773,405.23,405.65,1150321.0
2025-11-14 18:35:00+00:00,405.635,406.24,404.53,405.65,910463.0
2025-11-14 18:40:00+00:00,405.66,406.06,404.6878,405.2389,707712.0
2025-11-14 18:45:00+00:00,405.285,406.01,404.96,405.59,563455.0
2025-11-14 18:50:00+00:00,405.59,408.44,405.59,408.215,987320.0
2025-11-14 18:55:00+00:00,408.24,408.49,407.01,407.2601,585086.0
2025-11-14 19:00:00+00:00,407.265,407.6713,405.8465,406.035,519613.0
2025-11-14 19:05:00+00:00,406.0,406.69,405.3,406.475,986139.0
2025-11-14 19:10:00+00:00,406.48,407.68,406.33,407.4144,531281.0
2025-11-14 19:15:00+00:00,407.41,408.08,407.1101,407.5499,519584.0
2025-11-14 19:20:00+00:00,407.52,409.35,407.52,409.045,759142.0
2025-11-14 19:25:00+00:00,409.06,409.13,407.8964,408.52,557630.0
2025-11-14 19:30:00+00:00,408.49,409.13,407.55,408.0272,566680.0
2025-11-14 19:35:00+00:00,408.1,408.48,407.8,408.3,389459.0
2025-11-14 19:40:00+00:00,408.33,408.8799,407.8,408.4422,464229.0
2025-11-14 19:45:00+00:00,408.46,409.05,408.2228,408.54,548574.0
2025-11-14 19:50:00+00:00,408.49,409.49,408.3364,408.7715,520354.0
2025-11-14 19:55:00+00:00,408.78,410.43,408.4801,409.65,871633.0
2025-11-14 20:00:00+00:00,409.72,410.3,409.07,409.79,690600.0
2025-11-14 20:05:00+00:00,409.8113,409.97,408.55,408.8169,547631.0
2025-11-14 20:10:00+00:00,408.835,409.44,407.75,407.895,637699.0
2025-11-14 20:15:00+00:00,407.8701,408.35,406.69,407.02,794011.0
2025-11-14 20:20:00+00:00,407.0613,407.37,405.89,406.85,802512.0
2025-11-14 20:25:00+00:00,406.82,406.98,406.1,406.72,653339.0
2025-11-14 20:30:00+00:00,406.66,407.0,405.88,406.63,723823.0
2025-11-14 20:35:00+00:00,406.64,407.07,405.2,406.235,786648.0
2025-11-14 20:40:00+00:00,406.225,406.33,404.53,405.045,1006999.0
2025-11-14 20:45:00+00:00,405.0701,405.8608,403.53,403.59,986534.0
2025-11-14 20:50:00+00:00,403.62,405.0,403.54,404.538,1172222.0
2025-11-14 20:55:00+00:00,404.55,404.92,403.85,404.32,1641555.0
2025-11-14 21:00:00+00:00,404.35,404.5,403.2,403.65,222036.0
2025-11-14 21:05:00+00:00,403.6507,404.35,403.65,404.3,52509.0
2025-11-14 21:10:00+00:00,404.3,404.3695,404.1,404.2996,29979.0
2025-11-14 21:15:00+00:00,404.28,404.68,404.2,404.68,37825.0
2025-11-14 21:20:00+00:00,404.6015,405.81,404.6,405.4,69496.0
2025-11-14 21:25:00+00:00,405.49,405.68,404.8,404.93,38998.0
2025-11-14 21:30:00+00:00,404.96,404.9878,404.45,404.45,33200.0
2025-11-14 21:35:00+00:00,404.36,404.65,404.25,404.33,22992.0
2025-11-14 21:40:00+00:00,404.44,404.45,404.25,404.3,19259.0
2025-11-14 21:45:00+00:00,404.29,404.5,404.26,404.5,16566.0
2025-11-14 21:50:00+00:00,404.38,404.5,404.08,404.1,25943.0
2025-11-14 21:55:00+00:00,404.05,404.15,403.78,403.87,21078.0
2025-11-14 22:00:00+00:00,403.83,404.2,403.64,404.03,33470.0
2025-11-14 22:05:00+00:00,404.1,404.1,403.65,403.6747,19225.0
2025-11-14 22:10:00+00:00,403.7,403.78,403.595,403.78,18458.0
2025-11-14 22:15:00+00:00,403.78,404.05,403.7015,404.05,10479.0
2025-11-14 22:20:00+00:00,404.02,404.14,403.94,404.0,12850.0
2025-11-14 22:25:00+00:00,404.0,404.27,403.94,404.02,21240.0
2025-11-14 22:30:00+00:00,404.05,404.1101,403.85,403.9499,8209.0
2025-11-14 22:35:00+00:00,403.9486,403.9486,403.75,403.82,11693.0
2025-11-14 22:40:00+00:00,403.82,403.98,403.75,403.965,9274.0
2025-11-14 22:45:00+00:00,403.96,404.01,403.63,404.0,13979.0
2025-11-14 22:50:00+00:00,404.0225,404.2,404.0,404.12,10642.0
2025-11-14 22:55:00+00:00,404.12,404.3,404.03,404.2,9865.0
2025-11-14 23:00:00+00:00,404.2,404.29,404.0135,404.0325,8655.0
2025-11-14 23:05:00+00:00,404.1184,404.2,403.95,403.9575,9953.0
2025-11-14 23:10:00+00:00,403.91,404.1797,403.9,404.13,10507.0
2025-11-14 23:15:00+00:00,404.0799,404.24,404.01,404.24,8362.0
2025-11-14 23:20:00+00:00,404.17,404.49,404.0,404.35,10860.0
2025-11-14 23:25:00+00:00,404.35,404.54,404.32,404.44,8898.0
2025-11-14 23:30:00+00:00,404.44,404.7385,404.4,404.7385,14060.0
2025-11-14 23:35:00+00:00,404.68,404.68,404.35,404.5,11056.0
2025-11-14 23:40:00+00:00,404.5,404.6786,404.31,404.31,9081.0
2025-11-14 23:45:00+00:00,404.31,404.6429,404.2718,404.6429,7490.0
2025-11-14 23:50:00+00:00,404.65,404.65,404.45,404.625,6173.0
2025-11-14 23:55:00+00:00,404.6,404.7,404.55,404.61,7078.0
2025-11-15 00:00:00+00:00,404.67,404.9,404.6,404.89,11238.0
2025-11-15 00:05:00+00:00,404.9,405.0,404.89,405.0,14482.0
2025-11-15 00:10:00+00:00,405.0,405.0,404.85,404.9,9981.0
2025-11-15 00:15:00+00:00,404.89,404.95,404.83,404.9,4613.0
2025-11-15 00:20:00+00:00,404.9299,404.9299,404.8006,404.9,7947.0
2025-11-15 00:25:00+00:00,404.9,404.9,404.875,404.89,5858.0
2025-11-15 00:30:00+00:00,404.9,405.4,404.9,405.35,22615.0
2025-11-15 00:35:00+00:00,405.36,405.66,405.21,405.6009,17049.0
2025-11-15 00:40:00+00:00,405.6,405.63,405.3198,405.55,14465.0
2025-11-15 00:45:00+00:00,405.54,405.6,405.4,405.59,16644.0
2025-11-15 00:50:00+00:00,405.59,405.68,405.5,405.68,13761.0
2025-11-15 00:55:00+00:00,405.66,405.68,405.1833,405.45,36299.0
2025-11-17 09:00:00+00:00,409.25,409.86,407.64,409.13,49822.0
2025-11-17 09:05:00+00:00,409.01,409.5,408.95,409.35,17630.0
2025-11-17 09:10:00+00:00,409.36,409.5,408.84,408.87,15223.0
2025-11-17 09:15:00+00:00,408.84,409.0,408.05,408.05,21690.0
2025-11-17 09:20:00+00:00,408.04,408.14,407.5,407.63,21493.0
2025-11-17 09:25:00+00:00,407.55,408.05,407.38,407.77,12555.0
2025-11-17 09:30:00+00:00,407.8,408.1,407.44,407.55,12466.0
2025-11-17 09:35:00+00:00,407.47,407.47,407.0,407.43,11987.0
2025-11-17 09:40:00+00:00,407.39,407.95,407.39,407.95,7038.0
2025-11-17 09:45:00+00:00,407.95,408.0,407.79,407.97,5108.0
2025-11-17 09:50:00+00:00,407.88,408.0,407.56,407.56,3883.0
2025-11-17 09:55:00+00:00,407.66,407.7,407.52,407.55,3429.0
2025-11-17 10:00:00+00:00,407.5,407.62,407.45,407.51,4735.0
2025-11-17 10:05:00+00:00,407.45,407.62,407.4,407.51,4059.0
2025-11-17 10:10:00+00:00,407.53,407.98,407.42,407.98,7979.0
2025-11-17 10:15:00+00:00,407.94,407.95,407.01,407.01,5456.0
2025-11-17 10:20:00+00:00,407.01,407.01,406.31,406.61,12507.0
2025-11-17 10:25:00+00:00,406.61,406.87,405.81,406.0,10058.0
2025-11-17 10:30:00+00:00,406.06,406.06,405.51,405.76,13273.0
2025-11-17 10:35:00+00:00,406.0,406.46,405.97,406.16,5436.0
2025-11-17 10:40:00+00:00,406.16,406.21,405.25,405.31,8356.0
2025-11-17 10:45:00+00:00,405.41,405.73,405.24,405.3,8355.0
2025-11-17 10:50:00+00:00,405.34,405.5,404.7,404.96,21217.0
2025-11-17 10:55:00+00:00,404.98,404.98,404.0,404.01,24447.0
2025-11-17 11:00:00+00:00,404.08,404.1,402.44,402.47,32320.0
2025-11-17 11:05:00+00:00,402.4,402.57,401.44,401.8,36675.0
2025-11-17 11:10:00+00:00,401.75,403.0,400.49,402.97,37931.0
2025-11-17 11:15:00+00:00,402.97,403.02,401.91,402.3,24288.0
2025-11-17 11:20:00+00:00,402.22,402.3,401.3,401.97,16875.0
2025-11-17 11:25:00+00:00,402.0,403.22,401.86,402.62,16613.0
2025-11-17 11:30:00+00:00,402.73,404.15,402.62,403.83,19740.0
2025-11-17 11:35:00+00:00,404.0,404.35,403.71,403.99,16807.0
2025-11-17 11:40:00+00:00,404.1,404.1,402.95,403.0,18015.0
2025-11-17 11:45:00+00:00,403.05,403.05,402.08,402.18,18234.0
2025-11-17 11:50:00+00:00,402.16,403.25,402.16,403.21,11644.0
2025-11-17 11:55:00+00:00,403.5,403.73,402.78,403.72,13659.0
2025-11-17 12:00:00+00:00,403.59,403.83,401.6,401.78,45649.0
2025-11-17 12:05:00+00:00,401.85,402.27,400.63,401.08,35358.0
2025-11-17 12:10:00+00:00,400.85,401.25,400.4,400.83,19338.0
2025-11-17 12:15:00+00:00,400.92,401.64,400.92,401.5,16994.0
2025-11-17 12:20:00+00:00,401.49,401.55,400.79,401.3,14497.0
2025-11-17 12:25:00+00:00,401.36,401.59,400.7,400.75,14389.0
2025-11-17 12:30:00+00:00,400.6,401.62,400.32,401.44,27119.0
2025-11-17 12:35:00+00:00,401.45,401.67,400.9,401.25,17716.0
2025-11-17 12:40:00+00:00,401.21,401.67,400.9,401.62,17140.0
2025-11-17 12:45:00+00:00,401.45,401.6,400.47,401.5,21998.0
2025-11-17 12:50:00+00:00,401.29,401.35,400.86,400.9,8725.0
2025-11-17 12:55:00+00:00,400.96,401.6,400.66,401.56,25138.0
2025-11-17 13:00:00+00:00,401.5,409.8,400.27,401.2997,737363.0
2025-11-17 13:05:00+00:00,401.21,401.3998,400.55,400.8691,51760.0
2025-11-17 13:10:00+00:00,400.71,400.71,399.41,399.7,113055.0
2025-11-17 13:15:00+00:00,399.69,400.35,399.6004,399.99,50234.0
2025-11-17 13:20:00+00:00,399.99,400.5,399.85,400.3,41399.0
2025-11-17 13:25:00+00:00,400.29,400.706,400.1,400.5,24021.0
2025-11-17 13:30:00+00:00,400.43,400.5,399.39,399.45,59714.0
2025-11-17 13:35:00+00:00,399.54,399.6636,398.5,398.6589,77753.0
2025-11-17 13:40:00+00:00,398.649,398.65,397.31,397.4075,112549.0
2025-11-17 13:45:00+00:00,397.4,398.745,397.4,398.32,67544.0
2025-11-17 13:50:00+00:00,398.28,398.5,397.5,398.04,73162.0
2025-11-17 13:55:00+00:00,398.04,399.0,398.01,398.68,68879.0
2025-11-17 14:00:00+00:00,398.6,398.6,397.65,398.03,53055.0
2025-11-17 14:05:00+00:00,398.0,398.1,397.6,397.63,38645.0
2025-11-17 14:10:00+00:00,397.71,398.0,397.44,397.8301,46818.0
2025-11-17 14:15:00+00:00,397.75,398.9,397.75,398.73,625879.0
2025-11-17 14:20:00+00:00,398.73,399.8997,398.7,399.07,67433.0
2025-11-17 14:25:00+00:00,399.04,399.5,398.0,398.85,63998.0
2025-11-17 14:30:00+00:00,398.74,405.99,398.74,405.0,2726230.0
2025-11-17 14:35:00+00:00,405.0,407.77,404.995,406.82,1949167.0
2025-11-17 14:40:00+00:00,406.82,409.405,405.7609,408.9527,1938230.0
2025-11-17 14:45:00+00:00,408.9499,413.68,408.42,413.515,2447521.0
2025-11-17 14:50:00+00:00,413.5092,416.26,413.18,416.21,2542548.0
2025-11-17 14:55:00+00:00,416.21,416.85,414.31,416.6108,2436234.0
2025-11-17 15:00:00+00:00,416.65,417.59,414.05,414.62,2150579.0
2025-11-17 15:05:00+00:00,414.58,416.2,411.45,412.7857,2293143.0
2025-11-17 15:10:00+00:00,412.7144,414.77,412.1,413.5351,1601277.0
2025-11-17 15:15:00+00:00,413.5117,414.1999,411.05,411.77,1196048.0
2025-11-17 15:20:00+00:00,411.705,416.0,411.21,414.75,1769646.0
2025-11-17 15:25:00+00:00,414.74,416.2916,413.2909,415.7499,1183658.0
2025-11-17 15:30:00+00:00,415.66,417.42,414.19,416.0,1604731.0
2025-11-17 15:35:00+00:00,416.0,417.23,414.21,414.685,1234591.0
2025-11-17 15:40:00+00:00,414.65,416.5,413.96,416.134,1047941.0
2025-11-17 15:45:00+00:00,416.11,417.31,415.34,416.355,1164241.0
2025-11-17 15:50:00+00:00,416.42,417.94,415.03,415.972,1288151.0
2025-11-17 15:55:00+00:00,415.99,417.0,415.37,416.6,866908.0
2025-11-17 16:00:00+00:00,416.59,417.575,415.18,415.705,1045484.0
2025-11-17 16:05:00+00:00,415.73,415.85,412.82,413.9599,1226760.0
2025-11-17 16:10:00+00:00,413.93,415.85,413.5,414.82,1061850.0
2025-11-17 16:15:00+00:00,414.75,415.3127,413.56,414.445,797969.0
2025-11-17 16:20:00+00:00,414.41,416.41,413.72,416.3389,903045.0
2025-11-17 16:25:00+00:00,416.24,418.83,415.419,418.75,1529199.0
2025-11-17 16:30:00+00:00,418.73,420.6335,418.45,419.69,1869964.0
2025-11-17 16:35:00+00:00,419.67,420.65,419.0,420.08,1210268.0
2025-11-17 16:40:00+00:00,420.0601,421.14,420.06,420.42,988583.0
2025-11-17 16:45:00+00:00,420.4106,421.22,419.91,420.665,868842.0
2025-11-17 16:50:00+00:00,420.73,421.82,420.73,421.6625,1002649.0
2025-11-17 16:55:00+00:00,421.63,423.47,420.94,423.43,1667969.0
2025-11-17 17:00:00+00:00,423.43,423.6899,422.3606,422.905,1122650.0
2025-11-17 17:05:00+00:00,422.95,423.96,422.66,423.525,1083787.0
2025-11-17 17:10:00+00:00,423.525,423.67,420.9017,421.12,1333091.0
2025-11-17 17:15:00+00:00,421.1,421.515,419.93,420.515,998596.0
2025-11-17 17:20:00+00:00,420.515,420.55,419.42,419.74,883628.0
2025-11-17 17:25:00+00:00,419.76,420.12,418.89,419.56,853723.0
2025-11-17 17:30:00+00:00,419.63,419.85,418.34,419.36,836558.0
2025-11-17 17:35:00+00:00,419.34,419.6879,417.47,417.67,998037.0
2025-11-17 17:40:00+00:00,417.7,417.77,416.21,416.69,1132239.0
2025-11-17 17:45:00+00:00,416.691,416.73,415.22,416.1,1045132.0
2025-11-17 17:50:00+00:00,416.09,416.251,414.2,414.495,1075137.0
2025-11-17 17:55:00+00:00,414.51,414.88,413.64,413.7811,814288.0
2025-11-17 18:00:00+00:00,413.72,413.9274,412.52,413.17,1235982.0
2025-11-17 18:05:00+00:00,413.2,414.19,411.72,412.5201,1404597.0
2025-11-17 18:10:00+00:00,412.5,413.56,411.69,412.2201,1006993.0
2025-11-17 18:15:00+00:00,412.26,412.7197,411.24,411.93,1011411.0
2025-11-17 18:20:00+00:00,411.955,412.69,411.6,412.39,808862.0
2025-11-17 18:25:00+00:00,412.41,413.76,412.0,412.32,1472230.0
2025-11-17 18:30:00+00:00,412.3,412.55,410.83,410.9899,879453.0
2025-11-17 18:35:00+00:00,410.98,411.8191,410.64,411.3499,791112.0
2025-11-17 18:40:00+00:00,411.31,412.51,410.27,412.24,995048.0
2025-11-17 18:45:00+00:00,412.23,413.82,411.93,412.9544,999409.0
2025-11-17 18:50:00+00:00,412.91,413.33,410.8,411.1855,897168.0
2025-11-17 18:55:00+00:00,411.16,411.22,408.33,409.07,1377569.0
2025-11-17 19:00:00+00:00,409.09,409.64,407.27,408.43,1161255.0
2025-11-17 19:05:00+00:00,408.435,409.96,407.82,409.225,1032534.0
2025-11-17 19:10:00+00:00,409.19,409.72,408.39,409.155,874940.0
2025-11-17 19:15:00+00:00,409.2,409.3,407.25,408.0645,924035.0
2025-11-17 19:20:00+00:00,408.0701,408.78,407.31,407.6356,709571.0
2025-11-17 19:25:00+00:00,407.58,408.9728,406.84,408.91,1016677.0
2025-11-17 19:30:00+00:00,408.89,409.55,406.93,407.61,911288.0
2025-11-17 19:35:00+00:00,407.61,407.9,405.55,405.695,805854.0
2025-11-17 19:40:00+00:00,405.7185,406.7099,405.61,406.57,893467.0
2025-11-17 19:45:00+00:00,406.57,407.16,405.85,406.96,675360.0
2025-11-17 19:50:00+00:00,406.955,407.26,405.61,406.4222,763899.0
2025-11-17 19:55:00+00:00,406.42,406.86,405.66,405.9352,788200.0
2025-11-17 20:00:00+00:00,405.88,406.6,404.81,405.8999,1004986.0
2025-11-17 20:05:00+00:00,405.84,407.59,405.71,407.27,1181249.0
2025-11-17 20:10:00+00:00,407.27,408.3,405.72,405.7595,1065508.0
2025-11-17 20:15:00+00:00,405.79,407.7,405.56,406.14,874919.0
2025-11-17 20:20:00+00:00,406.15,407.8,405.97,407.41,723259.0
2025-11-17 20:25:00+00:00,407.35,407.6399,406.4,406.8,678302.0
2025-11-17 20:30:00+00:00,406.84,407.63,405.61,406.1964,952991.0
2025-11-17 20:35:00+00:00,406.185,407.0,405.45,405.6,874669.0
2025-11-17 20:40:00+00:00,405.63,406.3042,404.93,406.1525,1021894.0
2025-11-17 20:45:00+00:00,406.11,408.59,405.94,408.212,1228516.0
2025-11-17 20:50:00+00:00,408.23,409.18,407.71,408.57,1211228.0
2025-11-17 20:55:00+00:00,408.54,409.8,408.32,408.91,1817480.0
2025-11-17 21:00:00+00:00,408.92,410.0,408.55,409.33,338120.0
2025-11-17 21:05:00+00:00,409.2999,409.44,408.92,409.2199,61099.0
2025-11-17 21:10:00+00:00,409.22,409.99,409.22,409.8625,49642.0
2025-11-17 21:15:00+00:00,409.8514,409.88,409.1,409.335,47250.0
2025-11-17 21:20:00+00:00,409.41,409.41,408.75,409.1165,44583.0
2025-11-17 21:25:00+00:00,409.25,409.3698,408.89,409.13,24534.0
2025-11-17 21:30:00+00:00,409.15,409.25,408.7733,409.0,16112.0
2025-11-17 21:35:00+00:00,409.05,409.05,408.2,408.6,27101.0
2025-11-17 21:40:00+00:00,408.46,408.7,407.75,408.34,18933.0
2025-11-17 21:45:00+00:00,408.34,408.65,408.25,408.65,14382.0
2025-11-17 21:50:00+00:00,408.3,409.3,408.3,409.2,21675.0
2025-11-17 21:55:00+00:00,409.15,409.8,408.87,409.02,26824.0
2025-11-17 22:00:00+00:00,409.02,409.3,408.5501,408.93,26538.0
2025-11-17 22:05:00+00:00,409.099,409.1,408.8,409.1,5270.0
2025-11-17 22:10:00+00:00,409.0584,409.77,408.9,409.3,14505.0
2025-11-17 22:15:00+00:00,409.3515,409.3515,408.81,409.0,13538.0
2025-11-17 22:20:00+00:00,409.0,409.26,409.0,409.2,7813.0
2025-11-17 22:25:00+00:00,409.23,409.3192,409.1,409.2,12129.0
2025-11-17 22:30:00+00:00,409.02,409.501,408.92,409.3,12651.0
2025-11-17 22:35:00+00:00,409.3,409.43,409.1011,409.23,9032.0
2025-11-17 22:40:00+00:00,409.2,409.5,409.1,409.47,11763.0
2025-11-17 22:45:00+00:00,409.45,409.68,409.21,409.51,26136.0
2025-11-17 22:50:00+00:00,409.521,409.6215,409.27,409.39,8852.0
2025-11-17 22:55:00+00:00,409.25,409.57,409.23,409.4783,6661.0
2025-11-17 23:00:00+00:00,409.5,411.39,409.45,411.3,61815.0
2025-11-17 23:05:00+00:00,411.2625,411.88,411.01,411.02,53979.0
2025-11-17 23:10:00+00:00,411.04,411.25,410.6,410.84,28372.0
2025-11-17 23:15:00+00:00,410.76,410.97,410.0,410.32,31613.0
2025-11-17 23:20:00+00:00,410.3,411.0,410.21,410.98,23892.0
2025-11-17 23:25:00+00:00,410.95,411.0,410.5,410.7,13978.0
2025-11-17 23:30:00+00:00,410.65,410.98,410.31,410.95,14990.0
2025-11-17 23:35:00+00:00,410.98,411.47,410.95,411.41,19958.0
2025-11-17 23:40:00+00:00,411.49,411.7,411.2,411.29,18587.0
2025-11-17 23:45:00+00:00,411.261,411.6,411.2,411.59,19945.0
2025-11-17 23:50:00+00:00,411.6,411.65,411.21,411.33,14057.0
2025-11-17 23:55:00+00:00,411.33,411.7304,411.33,411.5,15423.0
2025-11-18 00:00:00+00:00,411.5,411.97,411.3,411.6,21308.0
2025-11-18 00:05:00+00:00,411.65,411.69,411.4019,411.41,9583.0
2025-11-18 00:10:00+00:00,411.42,411.5,410.82,411.12,20286.0
2025-11-18 00:15:00+00:00,411.1597,411.16,410.3,410.64,21195.0
2025-11-18 00:20:00+00:00,410.6,410.88,410.55,410.6,11210.0
2025-11-18 00:25:00+00:00,410.6,410.8,409.7,409.81,38549.0
2025-11-18 00:30:00+00:00,409.839,410.26,409.09,409.3899,34254.0
2025-11-18 00:35:00+00:00,409.25,409.7,408.77,408.8106,35404.0
2025-11-18 00:40:00+00:00,408.83,409.5,408.78,408.9,35687.0
2025-11-18 00:45:00+00:00,408.9,410.07,408.81,409.71,24544.0
2025-11-18 00:50:00+00:00,409.69,410.2,409.55,409.94,20287.0
2025-11-18 00:55:00+00:00,409.74,410.13,409.61,410.13,27930.0
2025-11-18 09:00:00+00:00,408.27,408.72,406.39,406.4,52235.0
2025-11-18 09:05:00+00:00,406.49,407.95,406.4,407.39,35532.0
2025-11-18 09:10:00+00:00,407.45,408.18,407.2,407.84,16209.0
2025-11-18 09:15:00+00:00,407.92,409.54,407.87,409.0,16064.0
2025-11-18 09:20:00+00:00,409.02,409.02,407.85,408.27,11426.0
2025-11-18 09:25:00+00:00,408.1,408.14,407.65,408.14,7186.0
2025-11-18 09:30:00+00:00,408.0,408.26,407.38,407.97,6441.0
2025-11-18 09:35:00+00:00,407.56,407.56,406.91,407.37,8293.0
2025-11-18 09:40:00+00:00,407.0,407.33,406.66,407.33,7368.0
2025-11-18 09:45:00+00:00,407.3,407.57,407.05,407.23,4839.0
2025-11-18 09:50:00+00:00,407.22,408.3,407.22,408.29,3460.0
2025-11-18 09:55:00+00:00,407.97,408.55,407.97,408.29,3217.0
2025-11-18 10:00:00+00:00,408.4,408.4,408.0,408.01,3317.0
2025-11-18 10:05:00+00:00,408.2,408.38,407.93,407.93,3785.0
2025-11-18 10:10:00+00:00,407.84,407.98,407.23,407.41,4875.0
2025-11-18 10:15:00+00:00,407.23,407.9,407.2,407.74,6234.0
2025-11-18 10:20:00+00:00,407.69,407.7,407.39,407.49,2946.0
2025-11-18 10:25:00+00:00,407.55,407.69,407.5,407.57,1809.0
2025-11-18 10:30:00+00:00,407.76,408.2,407.76,407.9,6200.0
2025-11-18 10:35:00+00:00,407.73,407.82,407.2,407.2,4756.0
2025-11-18 10:40:00+00:00,407.2,407.3,407.0,407.18,5692.0
2025-11-18 10:45:00+00:00,407.23,407.35,407.12,407.21,2703.0
2025-11-18 10:50:00+00:00,407.17,407.42,407.12,407.42,4694.0
2025-11-18 10:55:00+00:00,407.43,407.78,407.43,407.75,6357.0
2025-11-18 11:00:00+00:00,407.63,408.03,407.48,408.0,3130.0
2025-11-18 11:05:00+00:00,408.1,408.1,407.4,407.6,3913.0
2025-11-18 11:10:00+00:00,407.49,407.58,406.89,406.9,8505.0
2025-11-18 11:15:00+00:00,406.94,407.23,406.87,407.15,4416.0
2025-11-18 11:20:00+00:00,407.0,407.43,406.98,407.43,5207.0
2025-11-18 11:25:00+00:00,407.42,407.43,407.05,407.2,2169.0
2025-11-18 11:30:00+00:00,407.03,407.04,405.93,406.45,13566.0
2025-11-18 11:35:00+00:00,406.25,406.27,405.52,405.82,8459.0
2025-11-18 11:40:00+00:00,405.89,406.58,405.83,406.38,5045.0
2025-11-18 11:45:00+00:00,406.15,406.5,405.99,406.21,6123.0
2025-11-18 11:50:00+00:00,406.15,406.4,406.09,406.39,3648.0
2025-11-18 11:55:00+00:00,406.39,406.67,406.36,406.65,10905.0
2025-11-18 12:00:00+00:00,406.64,406.67,405.1,405.74,36758.0
2025-11-18 12:05:00+00:00,405.7,406.7,405.35,405.91,28938.0
2025-11-18 12:10:00+00:00,405.99,406.04,405.08,405.08,27092.0
2025-11-18 12:15:00+00:00,405.27,406.74,405.27,406.38,16646.0
2025-11-18 12:20:00+00:00,406.3,406.61,405.94,405.99,8422.0
2025-11-18 12:25:00+00:00,405.95,406.01,405.51,405.68,9801.0
2025-11-18 12:30:00+00:00,405.62,406.32,405.62,406.32,10616.0
2025-11-18 12:35:00+00:00,406.14,406.94,406.12,406.47,14379.0
2025-11-18 12:40:00+00:00,406.5,406.69,406.0,406.27,11836.0
2025-11-18 12:45:00+00:00,406.3,406.3,405.66,405.85,10591.0
2025-11-18 12:50:00+00:00,405.82,405.9,405.4,405.66,10347.0
2025-11-18 12:55:00+00:00,405.7,405.85,405.0,405.78,51091.0
2025-11-18 13:00:00+00:00,406.27,409.95,402.3,406.35,609489.0
2025-11-18 13:05:00+00:00,406.19,406.25,405.56,406.0,18641.0
2025-11-18 13:10:00+00:00,406.0,406.1,405.5058,405.85,18983.0
2025-11-18 13:15:00+00:00,405.8,406.34,405.4,405.71,28552.0
2025-11-18 13:20:00+00:00,405.71,405.71,405.08,405.2,23374.0
2025-11-18 13:25:00+00:00,405.2,405.35,405.0,405.35,34727.0
2025-11-18 13:30:00+00:00,405.2138,406.11,405.14,405.5,30290.0
2025-11-18 13:35:00+00:00,405.38,405.5,404.67,405.2,69303.0
2025-11-18 13:40:00+00:00,405.3,405.769,405.06,405.2,22741.0
2025-11-18 13:45:00+00:00,405.2,405.25,404.58,404.76,40476.0
2025-11-18 13:50:00+00:00,404.9,405.0,404.1,404.85,60796.0
2025-11-18 13:55:00+00:00,404.9,405.69,404.696,405.35,386903.0
2025-11-18 14:00:00+00:00,405.39,406.0,405.2,405.5999,29028.0
2025-11-18 14:05:00+00:00,405.48,406.0,405.38,405.98,22597.0
2025-11-18 14:10:00+00:00,405.9,405.98,405.2,405.89,23020.0
2025-11-18 14:15:00+00:00,405.94,407.98,405.75,407.4,104985.0
2025-11-18 14:20:00+00:00,407.43,407.45,406.8512,407.3,58219.0
2025-11-18 14:25:00+00:00,407.2,407.5144,405.15,405.29,95955.0
2025-11-18 14:30:00+00:00,405.38,408.9,403.2001,403.655,2897562.0
2025-11-18 14:35:00+00:00,403.675,407.32,402.6,404.266,2069557.0
2025-11-18 14:40:00+00:00,404.2,405.13,400.36,400.48,2022318.0
2025-11-18 14:45:00+00:00,400.4362,403.55,398.8,398.87,2781397.0
2025-11-18 14:50:00+00:00,398.93,400.31,397.4179,398.46,2008610.0
2025-11-18 14:55:00+00:00,398.4118,399.91,396.3,396.39,1818177.0
2025-11-18 15:00:00+00:00,396.3927,397.36,393.71,394.67,2337916.0
2025-11-18 15:05:00+00:00,394.5991,398.87,394.13,397.8413,1885670.0
2025-11-18 15:10:00+00:00,397.78,398.73,395.02,397.77,1591306.0
2025-11-18 15:15:00+00:00,397.76,397.99,395.47,397.455,1044847.0
2025-11-18 15:20:00+00:00,397.455,400.2,397.08,398.215,1559221.0
2025-11-18 15:25:00+00:00,398.23,398.7999,396.27,396.72,1072481.0
2025-11-18 15:30:00+00:00,396.7113,397.89,394.9,395.48,1102467.0
2025-11-18 15:35:00+00:00,395.4923,397.14,394.61,397.08,1025668.0
2025-11-18 15:40:00+00:00,397.14,398.56,396.5801,397.745,1082357.0
2025-11-18 15:45:00+00:00,397.71,398.62,397.1454,397.2,645469.0
2025-11-18 15:50:00+00:00,397.18,398.59,396.04,398.2786,873139.0
2025-11-18 15:55:00+00:00,398.2871,399.58,398.02,398.6,1009015.0
2025-11-18 16:00:00+00:00,398.65,399.07,396.76,398.9366,958255.0
2025-11-18 16:05:00+00:00,398.94,402.18,398.32,402.12,1448713.0
2025-11-18 16:10:00+00:00,402.12,403.5,401.58,402.1526,1366981.0
2025-11-18 16:15:00+00:00,402.12,402.7,400.68,401.99,1175913.0
2025-11-18 16:20:00+00:00,401.9825,403.25,401.25,402.7421,904151.0
2025-11-18 16:25:00+00:00,402.74,405.2699,402.52,404.1237,1337735.0
2025-11-18 16:30:00+00:00,404.055,405.0899,403.6,403.7,1010622.0
2025-11-18 16:35:00+00:00,403.76,404.85,403.2,403.3319,887020.0
2025-11-18 16:40:00+00:00,403.25,404.2326,402.25,403.31,844888.0
2025-11-18 16:45:00+00:00,403.34,404.4599,402.38,403.54,1071621.0
2025-11-18 16:50:00+00:00,403.58,404.74,403.27,404.275,626191.0
2025-11-18 16:55:00+00:00,404.32,405.55,404.27,404.89,776999.0
2025-11-18 17:00:00+00:00,404.85,405.85,404.37,404.8444,689842.0
2025-11-18 17:05:00+00:00,404.79,405.08,403.26,403.7831,640848.0
2025-11-18 17:10:00+00:00,403.71,405.12,403.42,403.53,629106.0
2025-11-18 17:15:00+00:00,403.53,404.2899,402.75,403.59,566854.0
2025-11-18 17:20:00+00:00,403.68,404.47,402.7,402.93,562834.0
2025-11-18 17:25:00+00:00,402.97,403.59,401.44,402.09,661128.0
2025-11-18 17:30:00+00:00,402.08,402.65,401.26,402.545,529822.0
2025-11-18 17:35:00+00:00,402.51,405.53,402.15,405.471,766865.0
2025-11-18 17:40:00+00:00,405.52,408.52,405.508328,407.65,1391922.0
2025-11-18 17:45:00+00:00,407.7,408.6,406.52,408.08,1072109.0
2025-11-18 17:50:00+00:00,408.09,408.1499,406.75,407.55,754461.0
2025-11-18 17:55:00+00:00,407.5,408.17,406.0,406.92,814057.0
2025-11-18 18:00:00+00:00,406.8987,407.59,405.64,406.065,650024.0
2025-11-18 18:05:00+00:00,406.02,407.39,405.8,406.18,618136.0
2025-11-18 18:10:00+00:00,406.18,406.8499,405.52,405.6,551625.0
2025-11-18 18:15:00+00:00,405.66,405.9599,404.7,405.68,695175.0
2025-11-18 18:20:00+00:00,405.6795,405.74,404.53,405.0,634325.0
2025-11-18 18:25:00+00:00,405.04,405.3999,403.93,404.1036,593307.0
2025-11-18 18:30:00+00:00,404.07,405.9805,404.07,405.9199,550765.0
2025-11-18 18:35:00+00:00,405.8768,406.06,404.0152,405.085,608787.0
2025-11-18 18:40:00+00:00,405.14,406.4,404.3,405.06,614619.0
2025-11-18 18:45:00+00:00,405.05,405.5,404.2,405.215,483487.0
2025-11-18 18:50:00+00:00,405.25,406.22,404.8,405.4268,428163.0
2025-11-18 18:55:00+00:00,405.38,405.38,402.12,402.615,835337.0
2025-11-18 19:00:00+00:00,402.67,404.1,402.01,402.245,832790.0
2025-11-18 19:05:00+00:00,402.27,403.91,402.0326,403.83,622823.0
2025-11-18 19:10:00+00:00,403.775,404.33,403.0,403.73,616940.0
2025-11-18 19:15:00+00:00,403.8,404.42,402.86,404.38,540805.0
2025-11-18 19:20:00+00:00,404.3725,404.8295,402.9,403.242,546205.0
2025-11-18 19:25:00+00:00,403.3093,403.47,402.5,402.87,446625.0
2025-11-18 19:30:00+00:00,402.89,403.372,402.16,402.8697,499505.0
2025-11-18 19:35:00+00:00,402.87,405.95,402.75,405.8,714579.0
2025-11-18 19:40:00+00:00,405.795,406.6,404.24,404.62,811539.0
2025-11-18 19:45:00+00:00,404.625,406.3,404.264,405.6359,588991.0
2025-11-18 19:50:00+00:00,405.59,405.8888,403.61,403.71,562892.0
2025-11-18 19:55:00+00:00,403.67,405.75,403.0,405.6406,608919.0
2025-11-18 20:00:00+00:00,405.66,405.86,404.58,404.6885,508140.0
2025-11-18 20:05:00+00:00,404.63,405.07,404.1,404.56,476058.0
2025-11-18 20:10:00+00:00,404.44,404.8,403.56,404.1872,503653.0
2025-11-18 20:15:00+00:00,404.14,404.83,403.2,403.555,489552.0
2025-11-18 20:20:00+00:00,403.56,404.15,402.42,402.67,547133.0
2025-11-18 20:25:00+00:00,402.65,402.73,400.79,402.13,1004023.0
2025-11-18 20:30:00+00:00,402.15,402.5599,401.37,401.974,657970.0
2025-11-18 20:35:00+00:00,402.0,403.4972,401.88,403.08,679033.0
2025-11-18 20:40:00+00:00,403.085,403.1434,401.91,402.03,578617.0
2025-11-18 20:45:00+00:00,402.035,402.51,401.19,401.325,712745.0
2025-11-18 20:50:00+00:00,401.41,402.88,401.31,402.125,968852.0
2025-11-18 20:55:00+00:00,402.09,402.72,401.0,401.26,1552087.0
2025-11-18 21:00:00+00:00,401.25,401.48,400.01,400.38,378815.0
2025-11-18 21:05:00+00:00,400.38,401.25,400.2,400.73,38885.0
2025-11-18 21:10:00+00:00,400.73,400.87,400.2,400.525,40787.0
2025-11-18 21:15:00+00:00,400.5,400.5,399.3101,399.86,57132.0
2025-11-18 21:20:00+00:00,399.78,400.0,399.47,399.4801,32537.0
2025-11-18 21:25:00+00:00,399.5,400.65,399.45,399.7,42291.0
2025-11-18 21:30:00+00:00,399.63,400.0,398.8,399.0,46725.0
2025-11-18 21:35:00+00:00,399.24,399.98,399.15,399.85,23054.0
2025-11-18 21:40:00+00:00,399.76,400.27,399.6,400.1625,30910.0
2025-11-18 21:45:00+00:00,400.13,400.3,399.8724,400.12,17296.0
2025-11-18 21:50:00+00:00,400.12,400.99,399.85,400.87,32117.0
2025-11-18 21:55:00+00:00,400.8,400.83,399.88,400.18,28756.0
2025-11-18 22:00:00+00:00,400.21,400.5,400.11,400.15,9601.0
2025-11-18 22:05:00+00:00,400.1768,400.48,400.08,400.19,10232.0
2025-11-18 22:10:00+00:00,400.1,400.2998,400.0779,400.14,6748.0
2025-11-18 22:15:00+00:00,400.1354,400.5,399.6,400.3,28527.0
2025-11-18 22:20:00+00:00,400.41,400.69,400.05,400.5003,15471.0
2025-11-18 22:25:00+00:00,400.5,400.6,400.23,400.5,5374.0
2025-11-18 22:30:00+00:00,400.345,400.51,400.2,400.26,8402.0
2025-11-18 22:35:00+00:00,400.2112,400.34,400.1001,400.2825,6938.0
2025-11-18 22:40:00+00:00,400.25,400.4,400.1,400.1,8365.0
2025-11-18 22:45:00+00:00,400.1,400.25,399.97,400.21,11891.0
2025-11-18 22:50:00+00:00,400.12,400.1675,399.7,399.99,15916.0
2025-11-18 22:55:00+00:00,399.9,399.9,399.76,399.8,13697.0
2025-11-18 23:00:00+00:00,399.85,400.42,399.8006,400.21,25935.0
2025-11-18 23:05:00+00:00,400.34,401.2,400.34,400.3858,48521.0
2025-11-18 23:10:00+00:00,400.38,400.82,400.2,400.7,7855.0
2025-11-18 23:15:00+00:00,400.66,401.09,400.622,400.65,17183.0
2025-11-18 23:20:00+00:00,400.8,401.38,400.65,401.25,17776.0
2025-11-18 23:25:00+00:00,401.2198,401.33,400.95,401.0165,16126.0
2025-11-18 23:30:00+00:00,401.2,401.48,400.75,400.83,17727.0
2025-11-18 23:35:00+00:00,400.89,400.9,400.21,400.44,8461.0
2025-11-18 23:40:00+00:00,400.3,400.89,400.2,400.56,19059.0
2025-11-18 23:45:00+00:00,400.46,400.69,400.2,400.34,5802.0
2025-11-18 23:50:00+00:00,400.4,400.5938,400.3,400.34,10155.0
2025-11-18 23:55:00+00:00,400.38,400.5,399.9,400.0,17059.0
2025-11-19 00:00:00+00:00,400.3492,400.3492,399.52,399.53,10366.0
2025-11-19 00:05:00+00:00,399.53,399.54,399.12,399.3,13650.0
2025-11-19 00:10:00+00:00,399.29,399.5,398.79,399.18,35059.0
2025-11-19 00:15:00+00:00,399.3,399.4,398.26,398.28,24564.0
2025-11-19 00:20:00+00:00,398.33,398.98,398.3,398.52,12276.0
2025-11-19 00:25:00+00:00,398.6,398.84,398.39,398.6,12077.0
2025-11-19 00:30:00+00:00,398.69,399.4,398.3,399.001,14140.0
2025-11-19 00:35:00+00:00,399.2325,399.2325,398.3,398.65,16194.0
2025-11-19 00:40:00+00:00,398.65,399.25,398.52,399.0,40169.0
2025-11-19 00:45:00+00:00,399.0,399.13,398.6056,398.72,12781.0
2025-11-19 00:50:00+00:00,398.79,399.0,398.7,398.81,12172.0
2025-11-19 00:55:00+00:00,398.83,398.83,398.25,398.38,35998.0
2025-11-19 09:00:00+00:00,400.91,401.65,400.2,400.22,18640.0
2025-11-19 09:05:00+00:00,400.31,400.9,400.01,400.82,8887.0
2025-11-19 09:10:00+00:00,400.72,401.3,400.72,401.3,6346.0
2025-11-19 09:15:00+00:00,401.4,401.4,400.9,401.19,7758.0
2025-11-19 09:20:00+00:00,401.11,401.24,401.05,401.24,2215.0
2025-11-19 09:25:00+00:00,401.22,401.64,401.22,401.36,3701.0
2025-11-19 09:30:00+00:00,401.34,402.16,401.34,401.78,8687.0
2025-11-19 09:35:00+00:00,401.8,401.99,401.68,401.92,4501.0
2025-11-19 09:40:00+00:00,402.06,402.75,402.06,402.73,7623.0
2025-11-19 09:45:00+00:00,402.69,403.19,402.69,402.81,15301.0
2025-11-19 09:50:00+00:00,402.96,403.4,402.95,403.38,11505.0
2025-11-19 09:55:00+00:00,403.38,403.83,403.31,403.65,15114.0
2025-11-19 10:00:00+00:00,403.74,403.85,403.32,403.6,7502.0
2025-11-19 10:05:00+00:00,403.69,403.74,403.12,403.16,9521.0
2025-11-19 10:10:00+00:00,403.16,403.16,402.81,403.11,5219.0
2025-11-19 10:15:00+00:00,403.17,403.44,403.17,403.35,1726.0
2025-11-19 10:20:00+00:00,403.54,403.6,403.42,403.6,5550.0
2025-11-19 10:25:00+00:00,403.54,403.6,403.34,403.53,5142.0
2025-11-19 10:30:00+00:00,403.53,403.53,402.96,403.2,5786.0
2025-11-19 10:35:00+00:00,403.34,403.52,403.18,403.43,3682.0
2025-11-19 10:40:00+00:00,403.32,403.6,403.32,403.6,3824.0
2025-11-19 10:45:00+00:00,403.6,403.94,403.4,403.4,4537.0
2025-11-19 10:50:00+00:00,403.58,404.22,403.54,404.22,9001.0
2025-11-19 10:55:00+00:00,404.07,404.5,404.07,404.31,5592.0
2025-11-19 11:00:00+00:00,404.47,405.0,404.45,404.67,9981.0
2025-11-19 11:05:00+00:00,404.6,404.6,404.28,404.37,5228.0
2025-11-19 11:10:00+00:00,404.5,405.09,404.5,404.85,11653.0
2025-11-19 11:15:00+00:00,404.84,405.12,404.84,405.1,7624.0
2025-11-19 11:20:00+00:00,405.12,405.12,404.57,404.57,5962.0
2025-11-19 11:25:00+00:00,404.69,404.79,404.34,404.34,4942.0
2025-11-19 11:30:00+00:00,404.29,404.37,404.06,404.25,5969.0
2025-11-19 11:35:00+00:00,404.49,404.51,404.14,404.32,2507.0
2025-11-19 11:40:00+00:00,404.37,404.79,404.3,404.61,8900.0
2025-11-19 11:45:00+00:00,404.62,405.1,404.52,404.86,9073.0
2025-11-19 11:50:00+00:00,404.89,404.98,404.07,404.1,17868.0
2025-11-19 11:55:00+00:00,404.09,404.3,403.7,403.7,11618.0
2025-11-19 12:00:00+00:00,403.74,404.39,403.44,403.56,36145.0
2025-11-19 12:05:00+00:00,403.55,404.18,403.55,404.18,13504.0
2025-11-19 12:10:00+00:00,404.0,404.38,403.63,404.38,9012.0
2025-11-19 12:15:00+00:00,404.33,404.99,403.92,404.73,21081.0
2025-11-19 12:20:00+00:00,404.61,405.29,404.48,405.21,22079.0
2025-11-19 12:25:00+00:00,405.14,405.4,404.69,405.4,13512.0
2025-11-19 12:30:00+00:00,405.37,406.22,405.35,406.13,23581.0
2025-11-19 12:35:00+00:00,406.1,406.69,405.9,406.5,26383.0
2025-11-19 12:40:00+00:00,406.41,406.5,406.0,406.36,14816.0
2025-11-19 12:45:00+00:00,406.33,406.6,406.08,406.28,16446.0
2025-11-19 12:50:00+00:00,406.35,406.71,406.07,406.08,16333.0
2025-11-19 12:55:00+00:00,406.0,406.37,405.84,405.89,14350.0
2025-11-19 13:00:00+00:00,400.77,406.7482,398.14,405.54,508655.0
2025-11-19 13:05:00+00:00,405.54,405.55,405.0,405.49,23190.0
2025-11-19 13:10:00+00:00,405.441,405.46,404.91,405.34,37967.0
2025-11-19 13:15:00+00:00,405.3,407.46,405.2,407.08,94578.0
2025-11-19 13:20:00+00:00,407.08,407.0995,405.93,406.04,36386.0
2025-11-19 13:25:00+00:00,406.18,406.38,406.0,406.3,29578.0
2025-11-19 13:30:00+00:00,406.29,406.62,405.7,405.9,40584.0
2025-11-19 13:35:00+00:00,406.0,406.0,405.52,405.52,17144.0
2025-11-19 13:40:00+00:00,405.58,405.85,405.3305,405.59,17027.0
2025-11-19 13:45:00+00:00,405.65,406.2,405.6178,405.9162,20907.0
2025-11-19 13:50:00+00:00,405.89,405.91,405.5,405.67,22539.0
2025-11-19 13:55:00+00:00,405.66,405.83,405.19,405.24,30487.0
2025-11-19 14:00:00+00:00,405.19,407.0,405.1,406.3506,70461.0
2025-11-19 14:05:00+00:00,406.41,406.49,404.9,404.92,35673.0
2025-11-19 14:10:00+00:00,404.95,405.46,404.8,404.89,39740.0
2025-11-19 14:15:00+00:00,404.83,405.22,404.83,405.0782,30849.0
2025-11-19 14:20:00+00:00,405.001,405.74,405.0,405.44,24336.0
2025-11-19 14:25:00+00:00,405.59,406.88,404.86,406.28,79348.0
2025-11-19 14:30:00+00:00,406.18,406.53,403.11,403.5785,1981652.0
2025-11-19 14:35:00+00:00,403.4,405.11,402.5,405.02,1555820.0
2025-11-19 14:40:00+00:00,405.02,405.22,401.21,401.45,1503350.0
2025-11-19 14:45:00+00:00,401.435,404.55,400.4016,404.475741,1711366.0
2025-11-19 14:50:00+00:00,404.33,406.48,402.77,405.4201,1605794.0
2025-11-19 14:55:00+00:00,405.5,408.43,405.13,408.205,1601242.0
2025-11-19 15:00:00+00:00,408.25,411.78,407.6,410.545,2318219.0
2025-11-19 15:05:00+00:00,410.87,410.94,408.26,408.9064,1523825.0
2025-11-19 15:10:00+00:00,408.9199,411.1299,407.4201,409.93,1723791.0
2025-11-19 15:15:00+00:00,409.9,411.4,409.0,410.38,1187789.0
2025-11-19 15:20:00+00:00,410.39,411.16,409.05,411.05,939304.0
2025-11-19 15:25:00+00:00,411.03,411.3,409.5135,410.965,998323.0
2025-11-19 15:30:00+00:00,410.965,411.3,409.6001,410.0,1043619.0
2025-11-19 15:35:00+00:00,410.06,410.21,407.89,408.04,1106985.0
2025-11-19 15:40:00+00:00,408.08,408.87,407.6,408.1364,935496.0
2025-11-19 15:45:00+00:00,408.05,408.0599,406.61,406.96,958551.0
2025-11-19 15:50:00+00:00,406.9,407.13,405.03,405.62,1306890.0
2025-11-19 15:55:00+00:00,405.645,405.645,403.59,404.88,1342012.0
2025-11-19 16:00:00+00:00,404.88,405.49,404.25,405.19,1014965.0
2025-11-19 16:05:00+00:00,405.126,405.75,403.91,404.8,1026780.0
2025-11-19 16:10:00+00:00,404.76,406.45,404.45,406.0669,890118.0
2025-11-19 16:15:00+00:00,406.03,407.3,406.0006,406.8646,948408.0
2025-11-19 16:20:00+00:00,406.9579,407.89,406.5,406.875,926422.0
2025-11-19 16:25:00+00:00,406.8969,409.29,405.95,408.9241,1152027.0
2025-11-19 16:30:00+00:00,408.925,409.4808,407.5,408.22,848402.0
2025-11-19 16:35:00+00:00,408.21,408.2299,406.08,406.315,862917.0
2025-11-19 16:40:00+00:00,406.24,406.3,404.6763,405.14,878057.0
2025-11-19 16:45:00+00:00,405.12,405.79,404.5601,405.2267,703249.0
2025-11-19 16:50:00+00:00,405.17,406.29,404.6398,406.22,601028.0
2025-11-19 16:55:00+00:00,406.25,406.383,404.95,405.87,607643.0
2025-11-19 17:00:00+00:00,405.8801,406.07,403.11,403.1301,792213.0
2025-11-19 17:05:00+00:00,403.11,403.77,402.62,403.0474,828028.0
2025-11-19 17:10:00+00:00,403.0,403.17,402.06,402.29,569198.0
2025-11-19 17:15:00+00:00,402.32,403.2701,401.9,402.03,785007.0
2025-11-19 17:20:00+00:00,402.1,403.4899,401.58,402.69,621621.0
2025-11-19 17:25:00+00:00,402.72,403.47,401.81,403.0,634275.0
2025-11-19 17:30:00+00:00,402.92,402.98,400.63,400.97,770736.0
2025-11-19 17:35:00+00:00,400.97,401.03,398.5,399.41,1247085.0
2025-11-19 17:40:00+00:00,399.38,403.3499,399.06,402.93,1131158.0
2025-11-19 17:45:00+00:00,402.89,404.42,402.05,402.7929,1073993.0
2025-11-19 17:50:00+00:00,402.71,404.01,402.51,402.96,563130.0
2025-11-19 17:55:00+00:00,402.9517,403.54,402.2,402.92,561623.0
2025-11-19 18:00:00+00:00,402.905,403.7,402.58,403.38,430655.0
2025-11-19 18:05:00+00:00,403.345,403.63,401.63,402.8252,540881.0
2025-11-19 18:10:00+00:00,402.86,403.85,402.2101,403.4,492769.0
2025-11-19 18:15:00+00:00,403.39,403.77,401.25,401.875,527973.0
2025-11-19 18:20:00+00:00,401.8283,402.66,401.43,401.98,405113.0
2025-11-19 18:25:00+00:00,401.955,402.2934,400.1201,400.2351,562655.0
2025-11-19 18:30:00+00:00,400.21,400.82,399.86,400.605,543058.0
2025-11-19 18:35:00+00:00,400.5601,403.58,400.37,402.4,724352.0
2025-11-19 18:40:00+00:00,402.41,402.554,401.1117,401.41,432551.0
2025-11-19 18:45:00+00:00,401.405,402.0,400.9,401.12,419078.0
2025-11-19 18:50:00+00:00,401.17,402.89,401.17,402.63,489288.0
2025-11-19 18:55:00+00:00,402.6278,403.3099,402.372,402.99,427641.0
2025-11-19 19:00:00+00:00,402.97,403.29,401.2,401.72,508305.0
2025-11-19 19:05:00+00:00,401.69,402.25,400.91,401.6001,463746.0
2025-11-19 19:10:00+00:00,401.6,402.35,401.17,402.005,396321.0
2025-11-19 19:15:00+00:00,402.01,402.3299,401.12,402.0887,419652.0
2025-11-19 19:20:00+00:00,402.06,402.35,401.31,401.3552,317056.0
2025-11-19 19:25:00+00:00,401.35,401.41,400.43,400.725,447571.0
2025-11-19 19:30:00+00:00,400.6926,401.49,400.17,400.91,456850.0
2025-11-19 19:35:00+00:00,400.95,401.5494,400.5601,400.61,439253.0
2025-11-19 19:40:00+00:00,400.605,401.17,400.36,400.9719,325401.0
2025-11-19 19:45:00+00:00,400.95,401.59,400.58,401.115,398741.0
2025-11-19 19:50:00+00:00,401.12,403.2893,401.07,403.205,661180.0
2025-11-19 19:55:00+00:00,403.21,403.83,401.64,402.1912,702046.0
2025-11-19 20:00:00+00:00,402.18,402.83,401.2301,401.97,479281.0
2025-11-19 20:05:00+00:00,401.9893,402.75,401.87,402.1951,355215.0
2025-11-19 20:10:00+00:00,402.23,403.28,401.83,402.58,518791.0
2025-11-19 20:15:00+00:00,402.61,405.27,402.58,404.96,885484.0
2025-11-19 20:20:00+00:00,404.94,406.01,403.91,404.465,965167.0
2025-11-19 20:25:00+00:00,404.455,405.08,403.7,404.6065,659933.0
2025-11-19 20:30:00+00:00,404.58,404.89,403.51,403.89,482308.0
2025-11-19 20:35:00+00:00,403.87,405.5399,403.75,404.2,686440.0
2025-11-19 20:40:00+00:00,404.22,404.3899,403.22,404.1005,528928.0
2025-11-19 20:45:00+00:00,404.11,404.17,401.95,402.0,703569.0
2025-11-19 20:50:00+00:00,401.99,403.96,401.72,403.83,813310.0
2025-11-19 20:55:00+00:00,403.87,404.74,403.11,404.09,1377780.0
2025-11-19 21:00:00+00:00,404.06,404.32,403.7,404.1493,173524.0
2025-11-19 21:05:00+00:00,404.01,404.33,404.01,404.32,32980.0
2025-11-19 21:10:00+00:00,404.33,404.4,403.63,404.04,19435.0
2025-11-19 21:15:00+00:00,404.1,404.29,404.044,404.29,34356.0
2025-11-19 21:20:00+00:00,404.29,408.46,404.14,406.53,212699.0
2025-11-19 21:25:00+00:00,406.68,407.1,405.3,406.2,77900.0
2025-11-19 21:30:00+00:00,406.3,407.5,406.17,406.9,67173.0
2025-11-19 21:35:00+00:00,407.05,407.55,406.51,406.51,58188.0
2025-11-19 21:40:00+00:00,406.63,407.88,406.21,407.867,48542.0
2025-11-19 21:45:00+00:00,407.75,408.75,403.99,408.0,98741.0
2025-11-19 21:50:00+00:00,408.0,408.54,407.6401,408.3001,38984.0
2025-11-19 21:55:00+00:00,408.33,408.58,403.99,408.18,44110.0
2025-11-19 22:00:00+00:00,408.12,408.35,407.67,408.0,29104.0
2025-11-19 22:05:00+00:00,408.02,408.74,403.99,408.63,33985.0
2025-11-19 22:10:00+00:00,408.7,409.45,408.7,409.43,76964.0
2025-11-19 22:15:00+00:00,409.31,409.98,407.8,407.8,73172.0
2025-11-19 22:20:00+00:00,407.8,408.65,407.8,408.4791,30653.0
2025-11-19 22:25:00+00:00,408.33,408.4,408.0,408.2,37165.0
2025-11-19 22:30:00+00:00,408.17,408.34,408.0,408.25,25015.0
2025-11-19 22:35:00+00:00,408.26,408.35,407.12,407.56,46094.0
2025-11-19 22:40:00+00:00,407.77,407.84,407.0,407.125,48974.0
2025-11-19 22:45:00+00:00,407.2,407.4999,406.75,407.4999,37216.0
2025-11-19 22:50:00+00:00,407.46,407.87,407.2998,407.49,20205.0
2025-11-19 22:55:00+00:00,407.5,407.7,407.4,407.5652,11192.0
2025-11-19 23:00:00+00:00,407.8148,408.86,407.6,408.85,27851.0
2025-11-19 23:05:00+00:00,408.85,409.22,408.21,409.15,30999.0
2025-11-19 23:10:00+00:00,409.0,410.0,409.0,409.9,104992.0
2025-11-19 23:15:00+00:00,409.94,410.2,409.15,409.4,37275.0
2025-11-19 23:20:00+00:00,409.4004,409.99,409.14,409.9,29587.0
2025-11-19 23:25:00+00:00,409.9,409.95,409.35,409.35,21051.0
2025-11-19 23:30:00+00:00,409.25,409.95,409.25,409.8,18626.0
2025-11-19 23:35:00+00:00,409.78,410.4,409.62,410.39,38711.0
2025-11-19 23:40:00+00:00,410.4,410.6,410.04,410.3,31298.0
2025-11-19 23:45:00+00:00,410.26,411.29,410.26,411.1,63875.0
2025-11-19 23:50:00+00:00,410.84,411.08,410.7,410.8,21925.0
2025-11-19 23:55:00+00:00,410.65,411.11,410.6,410.97,20760.0
2025-11-20 00:00:00+00:00,411.15,411.4,410.94,411.1497,29083.0
2025-11-20 00:05:00+00:00,411.0,411.1,410.69,410.81,16799.0
2025-11-20 00:10:00+00:00,410.71,411.11,410.69,410.88,18241.0
2025-11-20 00:15:00+00:00,410.88,411.15,410.85,411.14,14612.0
2025-11-20 00:20:00+00:00,411.16,411.2,410.83,410.83,17692.0
2025-11-20 00:25:00+00:00,410.88,410.99,410.701,410.88,17714.0
2025-11-20 00:30:00+00:00,410.85,410.9379,410.66,410.75,14833.0
2025-11-20 00:35:00+00:00,410.79,410.95,410.65,410.75,8062.0
2025-11-20 00:40:00+00:00,410.7504,411.14,410.7502,410.8999,11071.0
2025-11-20 00:45:00+00:00,410.96,410.97,410.3,410.79,17555.0
2025-11-20 00:50:00+00:00,410.79,410.79,410.15,410.15,19625.0
2025-11-20 00:55:00+00:00,410.16,410.5,409.76,410.5,27264.0
2025-11-20 09:00:00+00:00,412.2,412.8,411.35,412.0,31960.0
2025-11-20 09:05:00+00:00,412.0,412.16,411.48,411.88,20677.0
2025-11-20 09:10:00+00:00,411.82,411.88,411.0,411.66,17008.0
2025-11-20 09:15:00+00:00,411.41,411.54,410.83,410.98,11891.0
2025-11-20 09:20:00+00:00,411.18,411.49,411.12,411.24,4479.0
2025-11-20 09:25:00+00:00,411.31,411.55,410.67,410.67,9466.0
2025-11-20 09:30:00+00:00,410.63,410.8,410.49,410.71,9372.0
2025-11-20 09:35:00+00:00,410.73,411.1,410.38,410.5,8079.0
2025-11-20 09:40:00+00:00,410.55,410.55,410.12,410.12,4828.0
2025-11-20 09:45:00+00:00,410.02,410.02,409.0,409.48,26295.0
2025-11-20 09:50:00+00:00,409.43,410.0,409.43,409.93,9925.0
2025-11-20 09:55:00+00:00,409.89,409.96,409.8,409.8,3131.0
2025-11-20 10:00:00+00:00,409.84,409.84,409.4,409.42,2877.0
2025-11-20 10:05:00+00:00,409.45,409.5,409.1,409.13,11020.0
2025-11-20 10:10:00+00:00,409.2,409.5,409.04,409.1,7809.0
2025-11-20 10:15:00+00:00,409.15,410.38,409.15,410.38,8804.0
2025-11-20 10:20:00+00:00,410.29,410.63,409.64,409.64,9011.0
2025-11-20 10:25:00+00:00,409.7,409.8,409.56,409.8,1686.0
2025-11-20 10:30:00+00:00,409.83,410.43,409.83,410.2,10829.0
2025-11-20 10:35:00+00:00,410.15,410.15,409.98,410.0,2818.0
2025-11-20 10:40:00+00:00,410.38,410.38,409.91,410.2,2828.0
2025-11-20 10:45:00+00:00,410.16,410.39,410.16,410.39,2282.0
2025-11-20 10:50:00+00:00,410.5,411.37,410.4,411.37,18690.0
2025-11-20 10:55:00+00:00,411.39,411.76,411.3,411.38,15372.0
2025-11-20 11:00:00+00:00,411.44,411.44,410.64,410.79,7749.0
2025-11-20 11:05:00+00:00,410.64,411.22,410.35,411.0,9348.0
2025-11-20 11:10:00+00:00,411.11,411.29,410.93,411.15,6449.0
2025-11-20 11:15:00+00:00,411.25,411.25,410.85,411.03,4639.0
2025-11-20 11:20:00+00:00,411.04,411.11,410.79,410.95,5520.0
2025-11-20 11:25:00+00:00,410.92,411.07,410.55,410.82,8158.0
2025-11-20 11:30:00+00:00,410.82,411.13,410.82,411.13,2575.0
2025-11-20 11:35:00+00:00,411.17,411.26,411.12,411.21,4453.0
2025-11-20 11:40:00+00:00,411.13,411.2,410.98,411.1,5209.0
2025-11-20 11:45:00+00:00,411.08,411.09,410.31,410.31,9542.0
2025-11-20 11:50:00+00:00,410.34,410.72,410.3,410.56,8812.0
2025-11-20 11:55:00+00:00,410.5,410.69,410.4,410.61,4324.0
2025-11-20 12:00:00+00:00,410.52,411.41,410.49,411.16,24114.0
2025-11-20 12:05:00+00:00,411.16,411.4,411.0,411.4,10953.0
2025-11-20 12:10:00+00:00,411.4,411.88,411.38,411.63,29952.0
2025-11-20 12:15:00+00:00,411.7,413.17,411.45,412.58,43999.0
2025-11-20 12:20:00+00:00,412.62,412.98,412.2,412.59,29713.0
2025-11-20 12:25:00+00:00,412.56,412.7,412.43,412.5,9901.0
2025-11-20 12:30:00+00:00,412.53,413.16,412.53,412.7,13556.0
2025-11-20 12:35:00+00:00,412.68,413.0,412.5,412.7,21237.0
2025-11-20 12:40:00+00:00,412.61,412.8,412.59,412.64,12686.0
2025-11-20 12:45:00+00:00,412.75,413.16,412.64,412.9,17444.0
2025-11-20 12:50:00+00:00,412.92,413.17,412.81,412.81,15255.0
2025-11-20 12:55:00+00:00,412.9,413.09,412.71,413.06,13762.0
2025-11-20 13:00:00+00:00,411.9,413.64,409.03,413.33,495151.0
2025-11-20 13:05:00+00:00,413.3,413.88,413.2209,413.5068,82435.0
2025-11-20 13:10:00+00:00,413.5,413.88,413.48,413.7,31953.0
2025-11-20 13:15:00+00:00,413.6923,413.6923,413.28,413.31,33545.0
2025-11-20 13:20:00+00:00,413.4,413.5,413.0,413.34,34202.0
2025-11-20 13:25:00+00:00,413.29,413.4,412.76,413.35,35979.0
2025-11-20 13:30:00+00:00,413.25,414.78,413.0,413.02,157102.0
2025-11-20 13:35:00+00:00,413.06,413.65,412.54,412.66,71918.0
2025-11-20 13:40:00+00:00,412.55,413.29,412.0,412.9,44338.0
2025-11-20 13:45:00+00:00,412.83,413.4,412.75,413.4,35491.0
2025-11-20 13:50:00+00:00,413.3983,413.6,413.2,413.55,47089.0
2025-11-20 13:55:00+00:00,413.5,413.59,412.75,413.0,38433.0
2025-11-20 14:00:00+00:00,412.89,413.6,412.8603,413.25,29642.0
2025-11-20 14:05:00+00:00,413.2,413.45,412.5,412.8485,50979.0
2025-11-20 14:10:00+00:00,412.76,412.95,412.4,412.91,37253.0
2025-11-20 14:15:00+00:00,412.9,413.63,412.745,413.38,46759.0
2025-11-20 14:20:00+00:00,413.32,413.53,413.0051,413.27,24873.0
2025-11-20 14:25:00+00:00,413.3,415.3,413.3,414.83,149722.0
2025-11-20 14:30:00+00:00,414.63,420.24,414.63,419.17,3823764.0
2025-11-20 14:35:00+00:00,419.1689,421.14,417.9301,420.84,2397773.0
2025-11-20 14:40:00+00:00,420.85,423.15,418.5,422.6389,2418049.0
2025-11-20 14:45:00+00:00,422.63,424.57,421.9,422.77,2834317.0
2025-11-20 14:50:00+00:00,422.73,424.49,422.3,424.14,1787218.0
2025-11-20 14:55:00+00:00,424.1,425.78,423.59,425.728,2108352.0
2025-11-20 15:00:00+00:00,425.78,427.43,425.28,426.8999,2306048.0
2025-11-20 15:05:00+00:00,426.9,426.92,423.41,424.545,2190044.0
2025-11-20 15:10:00+00:00,424.545,424.77,423.1,423.91,1431855.0
2025-11-20 15:15:00+00:00,423.99,426.14,422.67,424.11,1747930.0
2025-11-20 15:20:00+00:00,424.15,426.2399,423.6289,426.05,1265513.0
2025-11-20 15:25:00+00:00,426.1,428.1494,425.48,427.8082,1875088.0
2025-11-20 15:30:00+00:00,427.8688,428.94,426.8,427.475,1674136.0
2025-11-20 15:35:00+00:00,427.51,428.2399,426.64,426.84,1048176.0
2025-11-20 15:40:00+00:00,426.8325,427.74,426.0,427.4,1023776.0
2025-11-20 15:45:00+00:00,427.43,428.11,425.35,425.65,1095054.0
2025-11-20 15:50:00+00:00,425.6725,426.74,425.03,425.0901,1002250.0
2025-11-20 15:55:00+00:00,425.0962,425.6,423.47,423.63,1236397.0
2025-11-20 16:00:00+00:00,423.66,424.14,421.38,421.75,1808089.0
2025-11-20 16:05:00+00:00,421.78,422.77,421.03,421.2201,1315930.0
2025-11-20 16:10:00+00:00,421.2864,421.55,419.49,419.6263,1578032.0
2025-11-20 16:15:00+00:00,419.635,421.06,418.01,418.73,1883872.0
2025-11-20 16:20:00+00:00,418.765,420.17,417.12,418.47,1500146.0
2025-11-20 16:25:00+00:00,418.4796,421.39,417.86,418.3124,1630327.0
2025-11-20 16:30:00+00:00,418.31,419.11,417.0001,417.4736,1390531.0
2025-11-20 16:35:00+00:00,417.435,417.6,414.65,415.73,1801750.0
2025-11-20 16:40:00+00:00,415.71,416.0791,413.62,414.29,1376108.0
2025-11-20 16:45:00+00:00,414.357,416.955,413.8196,415.76,1254519.0
2025-11-20 16:50:00+00:00,415.72,417.2,411.16,411.725,1518096.0
2025-11-20 16:55:00+00:00,411.75,411.96,407.4101,408.76,2217228.0
2025-11-20 17:00:00+00:00,408.77,411.208,408.24,409.755,1568055.0
2025-11-20 17:05:00+00:00,409.7,409.95,406.2401,407.07,1338594.0
2025-11-20 17:10:00+00:00,407.0246,407.3899,404.2301,406.07,1808236.0
2025-11-20 17:15:00+00:00,406.0,406.1899,402.92,403.7426,1429497.0
2025-11-20 17:20:00+00:00,403.66,405.8,401.56,403.815,1579866.0
2025-11-20 17:25:00+00:00,403.76,405.2099,402.14,404.195,2247119.0
2025-11-20 17:30:00+00:00,404.12,405.77,401.02,401.41,1537800.0
2025-11-20 17:35:00+00:00,401.425,403.16,398.48,402.77,1843172.0
2025-11-20 17:40:00+00:00,402.75,403.39,400.45,400.45,989805.0
2025-11-20 17:45:00+00:00,400.46,401.82,399.55,400.8516,1070317.0
2025-11-20 17:50:00+00:00,400.86,404.08,400.65,402.3713,1313695.0
2025-11-20 17:55:00+00:00,402.37,405.3,402.11,404.115,1178747.0
2025-11-20 18:00:00+00:00,404.115,404.24,402.32,403.54,1111226.0
2025-11-20 18:05:00+00:00,403.54,406.17,403.13,406.0312,1231617.0
2025-11-20 18:10:00+00:00,406.0,408.14,405.13,407.781,1346516.0
2025-11-20 18:15:00+00:00,407.9,408.16,403.4501,404.94,1471176.0
2025-11-20 18:20:00+00:00,404.87,406.5199,403.8901,404.39,936464.0
2025-11-20 18:25:00+00:00,404.4,405.66,403.75,405.19,671361.0
2025-11-20 18:30:00+00:00,405.19,405.8,402.75,404.285,894036.0
2025-11-20 18:35:00+00:00,404.28,404.4,401.68,402.17,701131.0
2025-11-20 18:40:00+00:00,402.14,402.63,401.1,401.7924,701460.0
2025-11-20 18:45:00+00:00,401.8,402.25,400.4,400.63,849906.0
2025-11-20 18:50:00+00:00,400.632,400.74,397.59,398.605,1331700.0
2025-11-20 18:55:00+00:00,398.56,400.7322,397.83,399.7374,1022945.0
2025-11-20 19:00:00+00:00,399.7,400.07,397.71,398.3224,837920.0
2025-11-20 19:05:00+00:00,398.325,399.6,397.39,399.38,850467.0
2025-11-20 19:10:00+00:00,399.35,400.33,398.68,399.9568,799475.0
2025-11-20 19:15:00+00:00,399.925,401.32,398.92,400.32,823930.0
2025-11-20 19:20:00+00:00,400.2401,401.78,399.7665,399.925,710032.0
2025-11-20 19:25:00+00:00,399.8897,403.15,399.7588,402.36,835678.0
2025-11-20 19:30:00+00:00,402.34,402.36,399.61,400.035,738676.0
2025-11-20 19:35:00+00:00,400.0495,401.33,400.0495,400.66,558425.0
2025-11-20 19:40:00+00:00,400.6,401.33,399.52,401.19,1036647.0
2025-11-20 19:45:00+00:00,401.12,401.4498,399.8,400.5,499850.0
2025-11-20 19:50:00+00:00,400.61,402.97,400.55,402.73,724652.0
2025-11-20 19:55:00+00:00,402.69,404.5799,402.33,404.3884,995611.0
2025-11-20 20:00:00+00:00,404.32,404.32,401.1,401.81,899751.0
2025-11-20 20:05:00+00:00,401.73,403.3259,401.4,402.1114,579151.0
2025-11-20 20:10:00+00:00,402.18,402.49,400.62,401.45,641567.0
2025-11-20 20:15:00+00:00,401.4787,402.2999,401.13,401.28,535393.0
2025-11-20 20:20:00+00:00,401.2,402.08,398.9,399.09,870181.0
2025-11-20 20:25:00+00:00,399.1,400.0,398.04,399.74,915218.0
2025-11-20 20:30:00+00:00,399.78,400.63,399.18,399.67,777718.0
2025-11-20 20:35:00+00:00,399.6701,400.12,397.96,398.445,903378.0
2025-11-20 20:40:00+00:00,398.44,399.3999,397.62,398.87,1013702.0
2025-11-20 20:45:00+00:00,398.83,399.3678,397.01,397.21,1101141.0
2025-11-20 20:50:00+00:00,397.2155,399.65,397.0,397.305,1107781.0
2025-11-20 20:55:00+00:00,397.36,398.2483,394.74,395.08,3071762.0
2025-11-20 21:00:00+00:00,395.09,396.0,392.0,393.8089,517835.0
2025-11-20 21:05:00+00:00,393.875,395.23,392.8,393.7625,131341.0
2025-11-20 21:10:00+00:00,393.8,394.05,393.3,393.6,67196.0
2025-11-20 21:15:00+00:00,393.55,393.72,393.2,393.4,49416.0
2025-11-20 21:20:00+00:00,393.4,393.49,391.521,392.5003,116558.0
2025-11-20 21:25:00+00:00,392.55,394.0,392.55,393.37,55165.0
2025-11-20 21:30:00+00:00,393.47,394.65,393.46,394.11,60781.0
2025-11-20 21:35:00+00:00,394.18,395.23,392.54,392.67,49642.0
2025-11-20 21:40:00+00:00,392.63,392.9999,392.22,392.6,37162.0
2025-11-20 21:45:00+00:00,392.62,393.89,392.62,393.89,57585.0
2025-11-20 21:50:00+00:00,393.54,393.95,393.06,393.3,27572.0
2025-11-20 21:55:00+00:00,393.22,393.6985,392.93,392.98,24717.0
2025-11-20 22:00:00+00:00,392.88,393.01,392.5,392.785,34324.0
2025-11-20 22:05:00+00:00,392.79,392.8,392.38,392.5392,35740.0
2025-11-20 22:10:00+00:00,392.54,392.83,392.19,392.23,38219.0
2025-11-20 22:15:00+00:00,392.24,392.53,392.06,392.38,29017.0
2025-11-20 22:20:00+00:00,392.37,392.45,391.56,391.72,44521.0
2025-11-20 22:25:00+00:00,391.74,391.78,390.81,391.01,57522.0
2025-11-20 22:30:00+00:00,390.97,391.93,390.22,391.48,75939.0
2025-11-20 22:35:00+00:00,391.46,392.0,391.02,391.35,34231.0
2025-11-20 22:40:00+00:00,391.35,392.16,390.59,392.1,61272.0
2025-11-20 22:45:00+00:00,392.1,392.85,391.8474,392.77,41752.0
2025-11-20 22:50:00+00:00,392.8,393.79,392.5,393.7476,48234.0
2025-11-20 22:55:00+00:00,393.7499,393.75,393.18,393.64,31991.0
2025-11-20 23:00:00+00:00,393.65,395.28,392.78,393.89,83003.0
2025-11-20 23:05:00+00:00,393.89,394.5,393.2093,394.26,70485.0
2025-11-20 23:10:00+00:00,394.26,394.7,393.3922,394.0,85716.0
2025-11-20 23:15:00+00:00,394.1882,395.75,393.7999,395.75,50118.0
2025-11-20 23:20:00+00:00,395.5916,397.26,395.35,397.1588,67412.0
2025-11-20 23:25:00+00:00,397.15,399.0,396.77,398.33,83039.0
2025-11-20 23:30:00+00:00,398.28,398.75,397.41,398.69,44715.0
2025-11-20 23:35:00+00:00,398.69,398.72,396.22,396.45,40377.0
2025-11-20 23:40:00+00:00,396.25,398.13,396.24,397.99,36971.0
2025-11-20 23:45:00+00:00,397.8,399.0,397.563,398.5,56943.0
2025-11-20 23:50:00+00:00,398.5,398.87,397.94,398.25,35371.0
2025-11-20 23:55:00+00:00,398.2791,398.6923,397.5,397.5901,31662.0
2025-11-21 00:00:00+00:00,397.59,398.18,397.2,397.55,18811.0
2025-11-21 00:05:00+00:00,397.45,398.5,397.43,398.26,26622.0
2025-11-21 00:10:00+00:00,398.26,398.48,397.8,398.0,21517.0
2025-11-21 00:15:00+00:00,397.95,398.69,397.84,398.65,22923.0
2025-11-21 00:20:00+00:00,398.65,398.9,398.49,398.84,19809.0
2025-11-21 00:25:00+00:00,398.79,398.9,398.3,398.3001,18038.0
2025-11-21 00:30:00+00:00,398.2,398.65,398.0,398.26,14865.0
2025-11-21 00:35:00+00:00,398.31,398.3999,397.68,398.0,27843.0
2025-11-21 00:40:00+00:00,398.03,398.13,397.6,397.6,19969.0
2025-11-21 00:45:00+00:00,397.6509,397.66,397.3,397.38,14886.0
2025-11-21 00:50:00+00:00,397.45,398.3,397.45,397.62,25709.0
2025-11-21 00:55:00+00:00,397.65,397.97,397.29,397.6,37129.0
2025-11-21 09:00:00+00:00,398.5,401.26,398.5,400.0,49910.0
2025-11-21 09:05:00+00:00,400.19,400.8,400.09,400.26,14576.0
2025-11-21 09:10:00+00:00,400.24,400.24,398.94,399.4,20930.0
2025-11-21 09:15:00+00:00,399.26,399.26,398.17,398.42,14838.0
2025-11-21 09:20:00+00:00,398.23,398.28,397.43,397.91,16875.0
2025-11-21 09:25:00+00:00,397.7,397.7,396.38,397.21,26067.0
2025-11-21 09:30:00+00:00,397.2,397.94,397.01,397.73,13072.0
2025-11-21 09:35:00+00:00,397.58,397.7,396.31,396.59,23193.0
2025-11-21 09:40:00+00:00,396.63,396.69,395.57,395.78,18855.0
2025-11-21 09:45:00+00:00,395.65,396.79,395.49,396.5,13878.0
2025-11-21 09:50:00+00:00,396.33,396.49,395.37,395.8,12953.0
2025-11-21 09:55:00+00:00,395.75,395.93,395.3,395.51,10870.0
2025-11-21 10:00:00+00:00,395.46,395.51,393.9,394.09,64672.0
2025-11-21 10:05:00+00:00,394.07,395.2,393.98,394.79,30453.0
2025-11-21 10:10:00+00:00,394.82,396.31,394.82,394.94,32797.0
2025-11-21 10:15:00+00:00,395.0,395.0,393.15,393.48,30649.0
2025-11-21 10:20:00+00:00,393.56,394.5,393.2,394.5,37728.0
2025-11-21 10:25:00+00:00,394.5,394.81,392.9,393.43,34786.0
2025-11-21 10:30:00+00:00,393.45,395.7,393.45,395.7,33149.0
2025-11-21 10:35:00+00:00,395.55,397.34,395.55,397.28,26503.0
2025-11-21 10:40:00+00:00,397.3,397.61,396.21,396.25,22773.0
2025-11-21 10:45:00+00:00,396.21,396.88,396.21,396.85,10899.0
2025-11-21 10:50:00+00:00,396.85,398.32,396.85,398.02,22542.0
2025-11-21 10:55:00+00:00,398.07,398.31,397.77,398.1,15407.0
2025-11-21 11:00:00+00:00,398.19,398.22,396.94,397.02,18958.0
2025-11-21 11:05:00+00:00,396.86,399.0,396.75,398.9,15546.0
2025-11-21 11:10:00+00:00,398.91,399.2,398.7,398.91,17323.0
2025-11-21 11:15:00+00:00,398.97,399.0,398.0,398.68,16716.0
2025-11-21 11:20:00+00:00,398.7,398.8,398.14,398.43,6867.0
2025-11-21 11:25:00+00:00,398.27,398.28,397.55,397.74,8900.0
2025-11-21 11:30:00+00:00,397.91,398.25,397.51,398.06,10471.0
2025-11-21 11:35:00+00:00,398.08,398.38,397.33,397.51,8191.0
2025-11-21 11:40:00+00:00,397.67,397.85,396.62,397.16,12128.0
2025-11-21 11:45:00+00:00,397.13,397.14,396.27,396.3,12193.0
2025-11-21 11:50:00+00:00,396.25,396.32,395.3,395.71,22087.0
2025-11-21 11:55:00+00:00,395.76,396.34,395.6,396.1,24439.0
2025-11-21 12:00:00+00:00,396.21,396.49,394.56,394.56,72678.0
2025-11-21 12:05:00+00:00,394.55,394.97,393.8,393.82,32601.0
2025-11-21 12:10:00+00:00,393.9,394.69,393.0,394.34,31606.0
2025-11-21 12:15:00+00:00,394.49,395.03,393.7,394.24,24012.0
2025-11-21 12:20:00+00:00,394.3,394.3,392.93,393.34,23114.0
2025-11-21 12:25:00+00:00,393.5,394.0,393.25,393.33,15175.0
2025-11-21 12:30:00+00:00,393.37,397.0,393.37,396.46,81532.0
2025-11-21 12:35:00+00:00,396.6,398.1,396.3,397.94,54319.0
2025-11-21 12:40:00+00:00,397.8,397.91,396.01,397.4,28641.0
2025-11-21 12:45:00+00:00,397.4,399.0,397.33,398.82,49863.0
2025-11-21 12:50:00+00:00,398.7,399.65,398.35,399.51,55048.0
2025-11-21 12:55:00+00:00,399.45,399.6,397.93,398.46,37657.0
2025-11-21 13:00:00+00:00,395.2,401.2,392.9,397.51,886319.0
2025-11-21 13:05:00+00:00,397.52,398.71,397.2664,398.38,42377.0
2025-11-21 13:10:00+00:00,398.63,400.49,398.48,400.3184,100001.0
2025-11-21 13:15:00+00:00,400.25,402.09,400.1,401.39,144791.0
2025-11-21 13:20:00+00:00,401.31,402.09,400.55,400.55,106310.0
2025-11-21 13:25:00+00:00,400.52,400.67,399.5,399.75,83527.0
2025-11-21 13:30:00+00:00,399.8,401.15,399.7501,400.7482,54063.0
2025-11-21 13:35:00+00:00,400.7865,401.91,400.75,401.0,95705.0
2025-11-21 13:40:00+00:00,401.36,401.7,400.9,401.15,59524.0
2025-11-21 13:45:00+00:00,401.32,401.64,400.1,400.1837,69659.0
2025-11-21 13:50:00+00:00,400.255,401.3,400.22,401.1,47380.0
2025-11-21 13:55:00+00:00,401.11,401.2,400.4,400.83,37447.0
2025-11-21 14:00:00+00:00,400.93,401.09,400.0,400.0,49430.0
2025-11-21 14:05:00+00:00,400.0,401.57,399.6,401.2613,62847.0
2025-11-21 14:10:00+00:00,401.23,402.08,401.1,401.49,58033.0
2025-11-21 14:15:00+00:00,401.43,401.5,400.75,401.0002,45021.0
2025-11-21 14:20:00+00:00,401.0,401.05,400.2,400.68,35053.0
2025-11-21 14:25:00+00:00,400.75,402.5,400.4505,402.38,74443.0
2025-11-21 14:30:00+00:00,402.32,402.8,397.0,400.381,2966690.0
2025-11-21 14:35:00+00:00,400.29,402.4,398.0,399.195,1944719.0
2025-11-21 14:40:00+00:00,399.2436,401.5,398.01,398.11,1579016.0
2025-11-21 14:45:00+00:00,398.01,399.0,395.08,397.435,1976763.0
2025-11-21 14:50:00+00:00,397.445,401.85,396.59,400.095,1833695.0
2025-11-21 14:55:00+00:00,400.1,400.12,394.74,395.1601,2039106.0
2025-11-21 15:00:00+00:00,395.18,397.54,393.7,396.2818,1806703.0
2025-11-21 15:05:00+00:00,396.38,398.37,395.17,396.74,1474156.0
2025-11-21 15:10:00+00:00,396.74,396.74,393.17,394.67,1280346.0
2025-11-21 15:15:00+00:00,394.67,395.59,391.8,393.17,1596820.0
2025-11-21 15:20:00+00:00,393.23,393.41,388.8595,392.78,2393986.0
2025-11-21 15:25:00+00:00,392.87,393.67,387.79,388.2063,1752153.0
2025-11-21 15:30:00+00:00,388.21,390.14,386.732,386.855,1734510.0
2025-11-21 15:35:00+00:00,386.835,387.07,384.6,385.59,2061319.0
2025-11-21 15:40:00+00:00,385.56,388.86,384.24,387.5231,1789305.0
2025-11-21 15:45:00+00:00,387.5851,390.2391,386.21,389.72,1687844.0
2025-11-21 15:50:00+00:00,389.675,390.1,386.5,388.96,1115384.0
2025-11-21 15:55:00+00:00,389.06,389.06,385.5109,385.83,1045166.0
2025-11-21 16:00:00+00:00,385.66,386.7,383.76,385.015,1189124.0
2025-11-21 16:05:00+00:00,385.0125,386.6,383.9,386.39,1096964.0
2025-11-21 16:10:00+00:00,386.45,388.09,386.26,387.3,945814.0
2025-11-21 16:15:00+00:00,387.335,388.95,385.03,385.511,1112477.0
2025-11-21 16:20:00+00:00,385.56,389.64,385.2,389.47,1024657.0
2025-11-21 16:25:00+00:00,389.465,391.51,388.91,391.3801,1075308.0
2025-11-21 16:30:00+00:00,391.46,392.4099,389.7482,391.348,1283982.0
2025-11-21 16:35:00+00:00,391.36,394.08,391.22,392.2724,1350377.0
2025-11-21 16:40:00+00:00,392.32,394.51,392.24,393.915,1343776.0
2025-11-21 16:45:00+00:00,393.915,395.77,393.22,394.62,1361704.0
2025-11-21 16:50:00+00:00,394.63,397.18,393.84,396.3851,1350409.0
2025-11-21 16:55:00+00:00,396.385,399.4,396.36,398.79,1554129.0
2025-11-21 17:00:00+00:00,398.78,399.9,397.42,399.6643,1498159.0
2025-11-21 17:05:00+00:00,399.645,400.15,398.5,399.73,1612454.0
2025-11-21 17:10:00+00:00,399.71,400.38,398.54,399.235,988500.0
2025-11-21 17:15:00+00:00,399.235,400.57,397.87,398.8997,1146173.0
2025-11-21 17:20:00+00:00,398.81,401.08,398.37,400.935,1160950.0
2025-11-21 17:25:00+00:00,400.89,401.21,399.44,400.39,1059790.0
2025-11-21 17:30:00+00:00,400.39,402.25,400.15,401.42,1016523.0
2025-11-21 17:35:00+00:00,401.42,401.76,400.05,400.88,795759.0
2025-11-21 17:40:00+00:00,400.89,401.12,399.61,400.87,722173.0
2025-11-21 17:45:00+00:00,400.865,401.2399,399.73,400.72,829655.0
2025-11-21 17:50:00+00:00,400.76,400.78,398.32,399.235,922818.0
2025-11-21 17:55:00+00:00,399.24,400.0999,397.91,398.95,886889.0
2025-11-21 18:00:00+00:00,398.98,399.55,396.4,396.53,917401.0
2025-11-21 18:05:00+00:00,396.49,397.49,395.45,396.1,943762.0
2025-11-21 18:10:00+00:00,396.055,396.7,394.8506,395.71,875679.0
2025-11-21 18:15:00+00:00,395.685,396.04,394.598,395.44,819121.0
2025-11-21 18:20:00+00:00,395.47,396.35,394.62,394.7,2373611.0
2025-11-21 18:25:00+00:00,394.73,395.38,393.1702,394.64,870497.0
2025-11-21 18:30:00+00:00,394.64,397.0,394.38,396.13,976117.0
2025-11-21 18:35:00+00:00,396.14,398.19,395.92,398.11,973357.0
2025-11-21 18:40:00+00:00,398.1,398.33,396.4,398.185,727306.0
2025-11-21 18:45:00+00:00,398.2,401.89,398.02,401.16,1312342.0
2025-11-21 18:50:00+00:00,401.2,402.32,399.33,399.71,1320211.0
2025-11-21 18:55:00+00:00,399.69,400.8297,398.45,399.3485,952671.0
2025-11-21 19:00:00+00:00,399.37,399.96,398.74,399.835,579492.0
2025-11-21 19:05:00+00:00,399.8999,400.9899,399.2,400.69,822837.0
2025-11-21 19:10:00+00:00,400.7444,401.0838,400.03,400.6,641033.0
2025-11-21 19:15:00+00:00,400.69,401.26,400.09,400.255,605831.0
2025-11-21 19:20:00+00:00,400.21,401.67,400.13,401.375,650767.0
2025-11-21 19:25:00+00:00,401.42,401.81,400.72,401.7,685158.0
2025-11-21 19:30:00+00:00,401.74,402.02,399.54,399.76,999329.0
2025-11-21 19:35:00+00:00,399.83,400.4,399.6801,400.02,532895.0
2025-11-21 19:40:00+00:00,400.02,400.4,398.09,398.47,687719.0
2025-11-21 19:45:00+00:00,398.49,398.9,397.5,398.155,685961.0
2025-11-21 19:50:00+00:00,398.11,398.6799,396.2,397.035,602917.0
2025-11-21 19:55:00+00:00,397.046,397.65,396.25,397.31,611246.0
2025-11-21 20:00:00+00:00,397.275,398.43,396.71,397.105,689369.0
2025-11-21 20:05:00+00:00,397.105,397.85,396.67,397.7381,508353.0
2025-11-21 20:10:00+00:00,397.8,398.65,397.35,397.9237,568821.0
2025-11-21 20:15:00+00:00,397.9,398.78,397.57,398.56,474237.0
2025-11-21 20:20:00+00:00,398.51,398.73,396.46,396.9997,773487.0
2025-11-21 20:25:00+00:00,396.97,397.315,395.71,395.7905,721836.0
2025-11-21 20:30:00+00:00,395.76,396.69,394.782,396.125,958799.0
2025-11-21 20:35:00+00:00,396.16,397.6,395.56,395.755,1012353.0
2025-11-21 20:40:00+00:00,395.7285,395.8765,394.65,395.018,729756.0
2025-11-21 20:45:00+00:00,395.03,396.26,394.74,394.87,800579.0
2025-11-21 20:50:00+00:00,394.8,395.25,392.16,392.26,1324613.0
2025-11-21 20:55:00+00:00,392.29,392.44,390.55,391.2,3147153.0
2025-11-21 21:00:00+00:00,391.1,391.1,389.6,390.7261,479010.0
2025-11-21 21:05:00+00:00,390.69,391.11,390.5,391.0,100483.0
2025-11-21 21:10:00+00:00,391.0,391.39,391.0,391.21,49060.0
2025-11-21 21:15:00+00:00,391.15,391.59,391.1,391.45,37219.0
2025-11-21 21:20:00+00:00,391.48,391.98,391.09,391.79,46060.0
2025-11-21 21:25:00+00:00,391.78,392.14,391.09,392.0974,38225.0
2025-11-21 21:30:00+00:00,392.03,392.8,391.95,392.6999,54352.0
2025-11-21 21:35:00+00:00,392.7,392.8797,392.4508,392.65,32450.0
2025-11-21 21:40:00+00:00,392.58,393.7,392.58,393.45,66243.0
2025-11-21 21:45:00+00:00,393.55,393.61,392.36,392.9199,42699.0
2025-11-21 21:50:00+00:00,393.0,393.22,392.9525,393.02,26862.0
2025-11-21 21:55:00+00:00,392.92,393.63,392.92,393.41,31927.0
2025-11-21 22:00:00+00:00,393.4,393.5,393.2,393.3,9612.0
2025-11-21 22:05:00+00:00,393.4,393.68,392.8,392.82,33513.0
2025-11-21 22:10:00+00:00,392.83,392.96,392.6308,392.86,17449.0
2025-11-21 22:15:00+00:00,392.88,392.88,392.32,392.41,22621.0
2025-11-21 22:20:00+00:00,392.4,392.94,392.4,392.88,8795.0
2025-11-21 22:25:00+00:00,392.98,393.18,392.85,392.92,11528.0
2025-11-21 22:30:00+00:00,393.0,393.25,392.8,393.0,11967.0
2025-11-21 22:35:00+00:00,393.0,393.15,392.8001,393.06,8868.0
2025-11-21 22:40:00+00:00,393.12,393.6,393.12,393.5,14876.0
2025-11-21 22:45:00+00:00,393.5,393.6,393.15,393.2305,9726.0
2025-11-21 22:50:00+00:00,393.2,393.38,393.2,393.3785,6898.0
2025-11-21 22:55:00+00:00,393.3,393.42,393.15,393.3,13127.0
2025-11-21 23:00:00+00:00,393.3,393.4,393.0,393.08,16512.0
2025-11-21 23:05:00+00:00,393.15,393.2,393.01,393.2,7694.0
2025-11-21 23:10:00+00:00,393.26,393.3,393.13,393.29,7868.0
2025-11-21 23:15:00+00:00,393.3,393.3499,393.1,393.2898,7033.0
2025-11-21 23:20:00+00:00,393.29,393.5,393.23,393.4865,10079.0
2025-11-21 23:25:00+00:00,393.5,393.54,393.35,393.54,12613.0
2025-11-21 23:30:00+00:00,393.55,393.89,393.55,393.75,9984.0
2025-11-21 23:35:00+00:00,393.6663,394.0,393.6663,393.81,10613.0
2025-11-21 23:40:00+00:00,393.8105,394.2,393.81,394.1,9756.0
2025-11-21 23:45:00+00:00,394.11,394.5,394.11,394.29,14699.0
2025-11-21 23:50:00+00:00,394.33,394.35,394.0,394.16,12663.0
2025-11-21 23:55:00+00:00,394.1383,394.14,393.7108,393.9992,12839.0
2025-11-22 00:00:00+00:00,394.0,394.26,393.9,393.91,3825.0
2025-11-22 00:05:00+00:00,393.95,394.0,393.86,393.9999,8445.0
2025-11-22 00:10:00+00:00,394.01,394.15,393.9,394.01,9516.0
2025-11-22 00:15:00+00:00,394.01,394.07,393.88,393.93,9466.0
2025-11-22 00:20:00+00:00,393.9399,393.9399,393.55,393.74,12554.0
2025-11-22 00:25:00+00:00,393.7872,393.8,393.27,393.3,25819.0
2025-11-22 00:30:00+00:00,393.44,393.571,393.32,393.41,9361.0
2025-11-22 00:35:00+00:00,393.35,393.7,393.3408,393.51,11124.0
2025-11-22 00:40:00+00:00,393.51,393.5788,393.31,393.3903,12498.0
2025-11-22 00:45:00+00:00,393.39,393.8499,393.35,393.72,13139.0
2025-11-22 00:50:00+00:00,393.5596,393.75,393.5,393.605,17072.0
2025-11-22 00:55:00+00:00,393.6213,394.0,393.62,393.83,27414.0
2025-11-24 09:00:00+00:00,398.74,399.7,396.23,399.16,35400.0
2025-11-24 09:05:00+00:00,399.35,399.48,398.6,398.64,11498.0
2025-11-24 09:10:00+00:00,398.6,398.7,398.03,398.25,15617.0
2025-11-24 09:15:00+00:00,398.36,398.89,397.53,398.09,22640.0
2025-11-24 09:20:00+00:00,398.21,398.23,397.51,397.52,16443.0
2025-11-24 09:25:00+00:00,397.56,397.56,396.0,396.24,45831.0
2025-11-24 09:30:00+00:00,396.34,397.8,396.22,397.17,18518.0
2025-11-24 09:35:00+00:00,397.17,397.78,397.03,397.03,7288.0
2025-11-24 09:40:00+00:00,397.0,397.4,396.64,397.23,11345.0
2025-11-24 09:45:00+00:00,397.35,398.2,397.35,398.01,13477.0
2025-11-24 09:50:00+00:00,398.0,398.74,397.78,398.59,13187.0
2025-11-24 09:55:00+00:00,398.41,398.5,398.11,398.31,7627.0
2025-11-24 10:00:00+00:00,398.29,398.69,398.0,398.6,11327.0
2025-11-24 10:05:00+00:00,398.53,398.53,397.99,397.99,3961.0
2025-11-24 10:10:00+00:00,398.03,398.03,397.2,397.58,6617.0
2025-11-24 10:15:00+00:00,397.38,398.15,397.38,398.0,18610.0
2025-11-24 10:20:00+00:00,397.89,398.3,397.07,397.21,15168.0
2025-11-24 10:25:00+00:00,397.33,397.45,397.02,397.43,4146.0
2025-11-24 10:30:00+00:00,397.24,397.42,396.8,397.0,16499.0
2025-11-24 10:35:00+00:00,396.83,397.7,396.83,397.46,10332.0
2025-11-24 10:40:00+00:00,397.64,397.95,397.6,397.89,4249.0
2025-11-24 10:45:00+00:00,397.89,398.08,397.66,398.01,3693.0
2025-11-24 10:50:00+00:00,397.9,398.09,397.66,397.69,4338.0
2025-11-24 10:55:00+00:00,397.8,398.05,397.59,397.65,3498.0
2025-11-24 11:00:00+00:00,397.7,398.35,397.68,398.32,6568.0
2025-11-24 11:05:00+00:00,398.24,398.24,397.67,397.75,13794.0
2025-11-24 11:10:00+00:00,397.87,398.19,397.75,397.94,7296.0
2025-11-24 11:15:00+00:00,397.87,398.2,397.87,398.2,4340.0
2025-11-24 11:20:00+00:00,398.19,398.23,397.95,398.12,4723.0
2025-11-24 11:25:00+00:00,398.19,398.19,397.95,398.14,4272.0
2025-11-24 11:30:00+00:00,398.19,398.31,397.74,397.74,3924.0
2025-11-24 11:35:00+00:00,397.84,398.0,397.59,397.73,6710.0
2025-11-24 11:40:00+00:00,397.9,398.17,397.7,398.15,3226.0
2025-11-24 11:45:00+00:00,397.93,398.07,397.84,398.07,2032.0
2025-11-24 11:50:00+00:00,398.0,398.53,397.9,398.51,9902.0
2025-11-24 11:55:00+00:00,398.41,398.61,398.19,398.4,9286.0
2025-11-24 12:00:00+00:00,398.39,398.5,397.9,397.92,31680.0
2025-11-24 12:05:00+00:00,398.0,398.38,397.9,397.9,13469.0
2025-11-24 12:10:00+00:00,398.02,398.02,397.43,397.56,13726.0
2025-11-24 12:15:00+00:00,397.71,397.8,397.19,397.21,12715.0
2025-11-24 12:20:00+00:00,397.25,397.65,397.21,397.59,8468.0
2025-11-24 12:25:00+00:00,397.64,398.42,397.64,398.16,15191.0
2025-11-24 12:30:00+00:00,398.15,399.37,398.11,398.99,57107.0
2025-11-24 12:35:00+00:00,398.96,399.38,398.8,399.22,21958.0
2025-11-24 12:40:00+00:00,399.24,399.5,398.79,398.81,20613.0
2025-11-24 12:45:00+00:00,398.88,399.5,398.88,399.44,15544.0
2025-11-24 12:50:00+00:00,399.48,399.63,399.19,399.6,18815.0
2025-11-24 12:55:00+00:00,399.63,399.7,399.38,399.5,14622.0
2025-11-24 13:00:00+00:00,399.47,399.75,396.0023,399.7,490150.0
2025-11-24 13:05:00+00:00,399.71,399.81,399.07,399.62,43489.0
2025-11-24 13:10:00+00:00,399.62,399.94,399.59,399.88,56228.0
2025-11-24 13:15:00+00:00,399.94,399.96,399.55,399.75,25812.0
2025-11-24 13:20:00+00:00,399.75,399.76,399.35,399.75,36535.0
2025-11-24 13:25:00+00:00,399.75,399.9,399.57,399.73,25308.0
2025-11-24 13:30:00+00:00,399.78,400.08,399.3,399.3,44565.0
2025-11-24 13:35:00+00:00,399.34,399.45,398.93,399.2,26815.0
2025-11-24 13:40:00+00:00,399.25,399.6,399.0,399.05,24855.0
2025-11-24 13:45:00+00:00,399.1993,399.25,398.5,398.8976,28033.0
2025-11-24 13:50:00+00:00,398.9398,399.24,398.76,398.82,36697.0
2025-11-24 13:55:00+00:00,398.8995,399.01,398.5899,398.85,30321.0
2025-11-24 14:00:00+00:00,398.85,399.76,398.84,399.62,57475.0
2025-11-24 14:05:00+00:00,399.5687,400.35,399.4416,400.2197,67720.0
2025-11-24 14:10:00+00:00,400.31,400.83,400.08,400.5,83899.0
2025-11-24 14:15:00+00:00,400.55,400.81,400.03,400.27,53226.0
2025-11-24 14:20:00+00:00,400.2029,400.6,400.0,400.29,41582.0
2025-11-24 14:25:00+00:00,400.3,402.8,400.21,402.16,180325.0
2025-11-24 14:30:00+00:00,402.17,409.76,401.09,409.39,4523613.0
2025-11-24 14:35:00+00:00,409.39,411.2799,408.2161,409.16,2869982.0
2025-11-24 14:40:00+00:00,409.1771,410.34,406.88,408.16,2473524.0
2025-11-24 14:45:00+00:00,408.07,409.58,407.25,407.63,1568348.0
2025-11-24 14:50:00+00:00,407.62,411.7,405.86,409.99,2653459.0
2025-11-24 14:55:00+00:00,409.95,412.11,409.4872,411.7897,2024251.0
2025-11-24 15:00:00+00:00,411.8,414.5,411.4601,412.9531,2217009.0
2025-11-24 15:05:00+00:00,412.94,414.56,412.65,413.88,1566630.0
2025-11-24 15:10:00+00:00,413.91,416.16,412.27,415.7862,2224283.0
2025-11-24 15:15:00+00:00,415.79,416.2,413.72,413.96,1424838.0
2025-11-24 15:20:00+00:00,414.0,414.8828,412.6001,414.7672,1418071.0
2025-11-24 15:25:00+00:00,414.72,416.25,413.51,414.69,1602294.0
2025-11-24 15:30:00+00:00,414.665,416.82,414.1,416.6115,1296210.0
2025-11-24 15:35:00+00:00,416.65,416.94,414.9,416.4999,1280138.0
2025-11-24 15:40:00+00:00,416.5,417.39,416.0,416.62,1151171.0
2025-11-24 15:45:00+00:00,416.68,417.03,415.17,415.45,1043400.0
2025-11-24 15:50:00+00:00,415.46,415.85,414.65,414.6805,949958.0
2025-11-24 15:55:00+00:00,414.65,415.28,413.9,414.86,1128281.0
2025-11-24 16:00:00+00:00,414.85,417.27,414.6,416.09,1134630.0
2025-11-24 16:05:00+00:00,416.08,417.2299,415.49,417.205,831134.0
2025-11-24 16:10:00+00:00,417.2,419.5,416.61,419.39,1676289.0
2025-11-24 16:15:00+00:00,419.3869,419.55,418.25,418.28,1202808.0
2025-11-24 16:20:00+00:00,418.28,419.19,417.66,418.7493,1173903.0
2025-11-24 16:25:00+00:00,418.785,419.69,417.4,417.5601,1254983.0
2025-11-24 16:30:00+00:00,417.56,418.2999,416.7,417.2445,946648.0
2025-11-24 16:35:00+00:00,417.21,417.87,416.6901,417.4049,740571.0
2025-11-24 16:40:00+00:00,417.41,418.8,417.18,418.3599,855326.0
2025-11-24 16:45:00+00:00,418.3,419.29,418.19,418.965,813532.0
2025-11-24 16:50:00+00:00,418.955,420.37,418.64,419.94,1538715.0
2025-11-24 16:55:00+00:00,419.97,420.0399,418.51,418.9661,970189.0
2025-11-24 17:00:00+00:00,418.97,420.2,418.54,418.87,838034.0
2025-11-24 17:05:00+00:00,418.93,419.3,418.14,418.345,657020.0
2025-11-24 17:10:00+00:00,418.331,418.71,417.94,418.11,555355.0
2025-11-24 17:15:00+00:00,418.08,419.0,417.88,418.4701,938882.0
2025-11-24 17:20:00+00:00,418.5,419.05,418.33,418.58,465876.0
2025-11-24 17:25:00+00:00,418.5814,419.73,418.34,418.945,624117.0
2025-11-24 17:30:00+00:00,418.9,419.3641,418.71,418.86,445788.0
2025-11-24 17:35:00+00:00,418.8678,419.73,418.565,419.73,594092.0
2025-11-24 17:40:00+00:00,419.67,420.49,419.37,419.6855,747065.0
2025-11-24 17:45:00+00:00,419.65,420.18,419.2,419.5715,893831.0
2025-11-24 17:50:00+00:00,419.58,419.83,418.85,419.3762,457055.0
2025-11-24 17:55:00+00:00,419.33,419.38,418.53,419.0585,510925.0
2025-11-24 18:00:00+00:00,419.02,419.8362,419.0,419.1301,494965.0
2025-11-24 18:05:00+00:00,419.145,419.96,419.09,419.28,483131.0
2025-11-24 18:10:00+00:00,419.3,419.75,419.09,419.3,428031.0
2025-11-24 18:15:00+00:00,419.3,419.55,418.16,418.5893,688957.0
2025-11-24 18:20:00+00:00,418.59,418.79,418.01,418.6,504660.0
2025-11-24 18:25:00+00:00,418.58,419.05,418.32,418.6,467056.0
2025-11-24 18:30:00+00:00,418.61,419.42,418.1,418.94,564825.0
2025-11-24 18:35:00+00:00,418.94,419.48,418.75,419.19,465577.0
2025-11-24 18:40:00+00:00,419.1738,419.5,418.81,419.2489,431926.0
2025-11-24 18:45:00+00:00,419.2182,419.65,419.02,419.3401,434875.0
2025-11-24 18:50:00+00:00,419.3636,419.56,418.7149,419.2564,432675.0
2025-11-24 18:55:00+00:00,419.255,419.68,418.64,419.4169,469762.0
2025-11-24 19:00:00+00:00,419.42,420.25,419.06,419.77,769380.0
2025-11-24 19:05:00+00:00,419.7836,420.95,419.6,420.47,936626.0
2025-11-24 19:10:00+00:00,420.445,421.72,420.2301,421.06,1257190.0
2025-11-24 19:15:00+00:00,421.0942,421.22,420.305,420.525,604565.0
2025-11-24 19:20:00+00:00,420.51,420.67,419.67,420.27,609958.0
2025-11-24 19:25:00+00:00,420.26,420.26,419.1,419.25,574053.0
2025-11-24 19:30:00+00:00,419.3,419.5,418.02,418.23,783825.0
2025-11-24 19:35:00+00:00,418.26,418.68,417.5,418.36,901418.0
2025-11-24 19:40:00+00:00,418.4,418.63,417.41,417.49,575243.0
2025-11-24 19:45:00+00:00,417.495,417.85,417.13,417.5,571339.0
2025-11-24 19:50:00+00:00,417.5,418.33,416.92,417.34,715330.0
2025-11-24 19:55:00+00:00,417.28,417.79,416.89,417.54,850869.0
2025-11-24 20:00:00+00:00,417.56,418.9,417.22,418.715,889014.0
2025-11-24 20:05:00+00:00,418.7117,419.23,418.04,418.21,798060.0
2025-11-24 20:10:00+00:00,418.18,418.44,417.35,417.82,713605.0
2025-11-24 20:15:00+00:00,417.8171,418.2,417.24,417.9588,582421.0
2025-11-24 20:20:00+00:00,417.89,418.25,416.95,417.2466,847097.0
2025-11-24 20:25:00+00:00,417.24,417.2799,416.0,417.06,1066127.0
2025-11-24 20:30:00+00:00,417.02,418.49,416.85,417.785,876951.0
2025-11-24 20:35:00+00:00,417.7976,418.71,417.6,418.26,735169.0
2025-11-24 20:40:00+00:00,418.2564,418.44,417.79,418.06,619528.0
2025-11-24 20:45:00+00:00,418.05,418.96,417.76,418.76,1090726.0
2025-11-24 20:50:00+00:00,418.7,421.45,418.65,419.31,2133128.0
2025-11-24 20:55:00+00:00,419.31,419.37,416.65,417.52,2542964.0
2025-11-24 21:00:00+00:00,417.5905,418.4,417.18,417.62,1138699.0
2025-11-24 21:05:00+00:00,417.7,418.44,417.55,418.25,266779.0
2025-11-24 21:10:00+00:00,418.25,418.49,418.0,418.1,146134.0
2025-11-24 21:15:00+00:00,418.1,418.44,417.9,418.29,25729.0
2025-11-24 21:20:00+00:00,418.29,418.44,418.15,418.35,17186.0
2025-11-24 21:25:00+00:00,418.32,418.5,417.78,418.1,22959.0
2025-11-24 21:30:00+00:00,418.11,418.35,418.11,418.31,15554.0
2025-11-24 21:35:00+00:00,418.31,418.65,418.22,418.33,18123.0
2025-11-24 21:40:00+00:00,418.35,418.47,418.28,418.3394,10838.0
2025-11-24 21:45:00+00:00,418.39,418.5787,417.78,418.5787,12734.0
2025-11-24 21:50:00+00:00,418.58,418.7,418.4512,418.62,13621.0
2025-11-24 21:55:00+00:00,418.51,418.69,418.33,418.54,10669.0
2025-11-24 22:00:00+00:00,418.52,418.7,418.3901,418.7,11091.0
2025-11-24 22:05:00+00:00,418.7,418.7,418.62,418.62,8755.0
2025-11-24 22:10:00+00:00,418.65,419.74,418.65,419.21,35844.0
2025-11-24 22:15:00+00:00,419.3,419.6,419.02,419.5,29104.0
2025-11-24 22:20:00+00:00,419.502,420.0,419.5,419.99,47193.0
2025-11-24 22:25:00+00:00,420.0,420.0,419.7,419.74,24482.0
2025-11-24 22:30:00+00:00,419.74,419.9,419.74,419.8,18909.0
2025-11-24 22:35:00+00:00,419.8,420.1,419.77,420.05,17844.0
2025-11-24 22:40:00+00:00,420.05,420.15,419.7614,419.8075,15817.0
2025-11-24 22:45:00+00:00,419.8,419.9,419.7,419.8025,12274.0
2025-11-24 22:50:00+00:00,419.86,419.94,419.8,419.8301,9051.0
2025-11-24 22:55:00+00:00,419.83,419.83,419.3,419.51,21689.0
2025-11-24 23:00:00+00:00,419.51,419.51,419.12,419.3,14283.0
2025-11-24 23:05:00+00:00,419.3,419.35,418.65,418.87,38609.0
2025-11-24 23:10:00+00:00,418.8354,418.8354,418.33,418.5,21025.0
2025-11-24 23:15:00+00:00,418.65,418.89,418.36,418.69,8283.0
2025-11-24 23:20:00+00:00,418.6675,419.0,418.5,418.8481,17058.0
2025-11-24 23:25:00+00:00,418.85,419.0,418.58,418.7,9935.0
2025-11-24 23:30:00+00:00,418.7001,418.74,418.36,418.3601,8506.0
2025-11-24 23:35:00+00:00,418.35,418.65,418.01,418.642,18200.0
2025-11-24 23:40:00+00:00,418.65,418.74,418.51,418.6182,6994.0
2025-11-24 23:45:00+00:00,418.6,419.18,418.5,419.105,11953.0
2025-11-24 23:50:00+00:00,419.1,419.25,419.0,419.2,6052.0
2025-11-24 23:55:00+00:00,419.15,419.2218,418.8,418.85,7764.0
2025-11-25 00:00:00+00:00,418.83,418.84,418.1989,418.1989,14254.0
2025-11-25 00:05:00+00:00,418.1999,418.5,417.95,417.95,23537.0
2025-11-25 00:10:00+00:00,417.95,418.2065,417.8,418.1,11874.0
2025-11-25 00:15:00+00:00,418.09,418.14,417.89,418.06,12640.0
2025-11-25 00:20:00+00:00,418.11,418.5,418.11,418.33,7361.0
2025-11-25 00:25:00+00:00,418.25,418.3454,418.14,418.29,4256.0
2025-11-25 00:30:00+00:00,418.31,418.45,418.3009,418.4012,4618.0
2025-11-25 00:35:00+00:00,418.45,418.45,418.3501,418.3696,5495.0
2025-11-25 00:40:00+00:00,418.35,418.4293,418.151,418.269,6516.0
2025-11-25 00:45:00+00:00,418.12,418.39,418.12,418.389,8557.0
2025-11-25 00:50:00+00:00,418.33,418.75,418.25,418.7192,10400.0
2025-11-25 00:55:00+00:00,418.7,418.9999,418.6601,418.7772,23768.0
2025-11-25 09:00:00+00:00,415.22,417.85,414.51,415.17,42033.0
2025-11-25 09:05:00+00:00,415.2,415.46,414.79,414.87,19874.0
2025-11-25 09:10:00+00:00,414.88,414.99,413.44,413.51,42179.0
2025-11-25 09:15:00+00:00,413.52,413.81,412.72,413.06,30239.0
2025-11-25 09:20:00+00:00,413.0,413.23,412.45,412.76,32895.0
2025-11-25 09:25:00+00:00,412.69,412.71,412.0,412.55,21041.0
2025-11-25 09:30:00+00:00,412.59,413.28,412.59,413.19,26104.0
2025-11-25 09:35:00+00:00,413.23,413.79,413.16,413.74,11150.0
2025-11-25 09:40:00+00:00,413.68,414.3,413.49,414.06,27086.0
2025-11-25 09:45:00+00:00,414.07,414.16,413.67,413.76,12353.0
2025-11-25 09:50:00+00:00,413.87,414.3,413.87,414.14,8000.0
2025-11-25 09:55:00+00:00,414.29,414.38,414.0,414.03,10536.0
2025-11-25 10:00:00+00:00,414.09,414.49,413.79,414.36,12495.0
2025-11-25 10:05:00+00:00,414.43,414.43,413.98,414.3,11212.0
2025-11-25 10:10:00+00:00,414.36,415.0,414.36,414.61,21195.0
2025-11-25 10:15:00+00:00,414.82,414.82,414.12,414.4,7832.0
2025-11-25 10:20:00+00:00,414.35,414.48,414.23,414.35,4789.0
2025-11-25 10:25:00+00:00,414.34,414.35,413.98,414.35,6619.0
2025-11-25 10:30:00+00:00,414.32,414.33,413.77,414.18,9218.0
2025-11-25 10:35:00+00:00,414.12,414.56,414.09,414.47,10583.0
2025-11-25 10:40:00+00:00,414.51,414.75,414.46,414.46,8153.0
2025-11-25 10:45:00+00:00,414.49,414.67,414.37,414.66,3648.0
2025-11-25 10:50:00+00:00,414.7,414.83,414.42,414.78,5732.0
2025-11-25 10:55:00+00:00,414.76,415.24,414.73,415.24,9768.0
2025-11-25 11:00:00+00:00,415.25,415.8,415.25,415.74,12521.0
2025-11-25 11:05:00+00:00,415.7,416.72,415.7,416.64,16652.0
2025-11-25 11:10:00+00:00,416.61,416.88,416.12,416.68,17100.0
2025-11-25 11:15:00+00:00,416.65,416.65,415.78,415.83,12368.0
2025-11-25 11:20:00+00:00,415.8,415.9,415.5,415.72,7940.0
2025-11-25 11:25:00+00:00,415.67,415.87,415.46,415.87,5852.0
2025-11-25 11:30:00+00:00,415.59,415.59,414.28,414.28,19972.0
2025-11-25 11:35:00+00:00,414.28,414.99,414.28,414.59,10439.0
2025-11-25 11:40:00+00:00,414.64,415.5,414.64,415.4,8882.0
2025-11-25 11:45:00+00:00,415.4,415.4,414.91,414.92,6004.0
2025-11-25 11:50:00+00:00,414.91,415.17,414.79,415.0,5671.0
2025-11-25 11:55:00+00:00,415.06,415.51,414.93,415.44,7586.0
2025-11-25 12:00:00+00:00,415.47,416.66,414.83,416.24,36483.0
2025-11-25 12:05:00+00:00,416.28,416.9,416.16,416.9,15641.0
2025-11-25 12:10:00+00:00,416.9,417.53,416.71,416.88,23786.0
2025-11-25 12:15:00+00:00,416.95,417.11,416.85,416.9,10009.0
2025-11-25 12:20:00+00:00,416.81,417.2,416.74,417.2,22705.0
2025-11-25 12:25:00+00:00,417.21,417.9,417.08,417.79,22106.0
2025-11-25 12:30:00+00:00,417.66,417.9,417.14,417.14,16102.0
2025-11-25 12:35:00+00:00,417.14,417.38,416.98,417.34,15425.0
2025-11-25 12:40:00+00:00,417.34,418.72,417.0,418.49,35970.0
2025-11-25 12:45:00+00:00,418.36,418.65,417.99,418.2,26386.0
2025-11-25 12:50:00+00:00,418.13,418.65,418.13,418.6,8403.0
2025-11-25 12:55:00+00:00,418.64,418.9,418.5,418.73,15536.0
2025-11-25 13:00:00+00:00,418.65,419.8,412.0,418.14,564993.0
2025-11-25 13:05:00+00:00,418.17,418.35,417.0233,417.5,40961.0
2025-11-25 13:10:00+00:00,417.31,417.8,417.06,417.41,32768.0
2025-11-25 13:15:00+00:00,417.4,418.5,417.12,418.5,34629.0
2025-11-25 13:20:00+00:00,418.4,418.89,418.2601,418.6,42539.0
2025-11-25 13:25:00+00:00,418.63,418.63,417.26,417.7,64076.0
2025-11-25 13:30:00+00:00,417.81,418.4757,416.65,416.65,69977.0
2025-11-25 13:35:00+00:00,416.62,417.78,415.9,415.96,97192.0
2025-11-25 13:40:00+00:00,416.0,416.0,414.9,415.0626,84718.0
2025-11-25 13:45:00+00:00,415.0337,416.55,415.0,416.43,75446.0
2025-11-25 13:50:00+00:00,416.5,416.58,415.55,415.84,44758.0
2025-11-25 13:55:00+00:00,415.8016,416.0,414.67,415.33,59473.0
2025-11-25 14:00:00+00:00,415.45,415.75,414.8,415.02,35494.0
2025-11-25 14:05:00+00:00,415.0,415.2,414.8,415.0,42622.0
2025-11-25 14:10:00+00:00,415.11,415.73,415.0294,415.5,39734.0
2025-11-25 14:15:00+00:00,415.5256,415.91,415.44,415.7592,36740.0
2025-11-25 14:20:00+00:00,415.772,415.8,415.07,415.4501,37234.0
2025-11-25 14:25:00+00:00,415.47,416.71,414.34,414.55,82607.0
2025-11-25 14:30:00+00:00,414.42,415.19,411.1,413.51,2832514.0
2025-11-25 14:35:00+00:00,413.51,415.07,412.62,413.82,1660342.0
2025-11-25 14:40:00+00:00,413.76,413.76,410.0775,410.64,1844164.0
2025-11-25 14:45:00+00:00,410.635,410.81,407.4001,407.8198,2215965.0
2025-11-25 14:50:00+00:00,407.8199,412.36,407.29,411.6951,2239229.0
2025-11-25 14:55:00+00:00,411.77,413.48,410.46,412.3699,1630260.0
2025-11-25 15:00:00+00:00,412.27,412.34,408.07,408.7375,1448900.0
2025-11-25 15:05:00+00:00,408.79,411.1564,408.12,410.399,1327761.0
2025-11-25 15:10:00+00:00,410.33,411.5769,409.01,409.9,1161643.0
2025-11-25 15:15:00+00:00,409.9,410.13,408.46,410.05,1013812.0
2025-11-25 15:20:00+00:00,409.96,410.5,406.25,407.06,1544522.0
2025-11-25 15:25:00+00:00,407.02,408.6,405.95,408.5185,1384237.0
2025-11-25 15:30:00+00:00,408.47,409.65,408.21,409.03,1070606.0
2025-11-25 15:35:00+00:00,409.01,409.49,408.0503,409.0793,854000.0
2025-11-25 15:40:00+00:00,409.0864,409.97,408.16,409.925,783169.0
2025-11-25 15:45:00+00:00,409.96,412.2,409.87,410.95,1387896.0
2025-11-25 15:50:00+00:00,410.9,411.21,409.53,409.765,742929.0
2025-11-25 15:55:00+00:00,409.79,411.5999,409.24,411.0588,852400.0
2025-11-25 16:00:00+00:00,411.031,411.96,410.4,411.1701,621921.0
2025-11-25 16:05:00+00:00,411.22,411.5799,410.05,410.36,645874.0
2025-11-25 16:10:00+00:00,410.38,410.49,408.75,408.88,845292.0
2025-11-25 16:15:00+00:00,408.84,410.94,408.5101,410.3851,725612.0
2025-11-25 16:20:00+00:00,410.38,412.0,410.2487,411.557,753994.0
2025-11-25 16:25:00+00:00,411.53,412.665,410.64,412.4752,770338.0
2025-11-25 16:30:00+00:00,412.495,413.33,412.4,412.77,802434.0
2025-11-25 16:35:00+00:00,412.79,413.72,412.54,413.14,1976195.0
2025-11-25 16:40:00+00:00,413.135,414.88,412.99,414.65,937640.0
2025-11-25 16:45:00+00:00,414.64,415.1,413.7301,413.86,969830.0
2025-11-25 16:50:00+00:00,413.895,415.38,413.8714,415.04,706954.0
2025-11-25 16:55:00+00:00,415.0899,415.2,414.05,414.24,625162.0
2025-11-25 17:00:00+00:00,414.22,416.825,414.1901,416.715,1080396.0
2025-11-25 17:05:00+00:00,416.73,417.7499,416.7299,417.625,1018954.0
2025-11-25 17:10:00+00:00,417.65,418.54,417.32,417.78,902764.0
2025-11-25 17:15:00+00:00,417.87,418.5,417.17,418.13,801531.0
2025-11-25 17:20:00+00:00,418.139,418.89,417.58,418.73,703711.0
2025-11-25 17:25:00+00:00,418.74,419.13,417.73,418.42,747980.0
2025-11-25 17:30:00+00:00,418.401,419.85,418.2137,419.735,823393.0
2025-11-25 17:35:00+00:00,419.7001,420.48,419.5,420.15,988428.0
2025-11-25 17:40:00+00:00,420.17,420.35,418.88,419.5088,882376.0
2025-11-25 17:45:00+00:00,419.5272,420.23,418.6,418.95,681093.0
2025-11-25 17:50:00+00:00,418.98,419.26,418.41,418.68,442245.0
2025-11-25 17:55:00+00:00,418.685,418.92,417.2101,417.51,640051.0
2025-11-25 18:00:00+00:00,417.535,419.0,417.43,418.975,560399.0
2025-11-25 18:05:00+00:00,419.0,419.62,418.6,419.4051,562976.0
2025-11-25 18:10:00+00:00,419.41,419.6,418.21,418.5,503598.0
2025-11-25 18:15:00+00:00,418.47,418.8599,418.12,418.5847,417083.0
2025-11-25 18:20:00+00:00,418.49,418.74,417.66,418.46,563682.0
2025-11-25 18:25:00+00:00,418.4677,418.63,418.11,418.62,324119.0
2025-11-25 18:30:00+00:00,418.63,418.97,418.15,418.41,379762.0
2025-11-25 18:35:00+00:00,418.45,418.61,417.92,418.38,366730.0
2025-11-25 18:40:00+00:00,418.35,418.83,418.0001,418.3775,356158.0
2025-11-25 18:45:00+00:00,418.38,418.68,418.0201,418.06,401358.0
2025-11-25 18:50:00+00:00,418.02,418.515,417.76,417.83,486994.0
2025-11-25 18:55:00+00:00,417.8,417.86,416.41,417.06,767449.0
2025-11-25 19:00:00+00:00,417.0759,417.39,416.0,416.475,608253.0
2025-11-25 19:05:00+00:00,416.45,416.92,415.8585,416.28,551452.0
2025-11-25 19:10:00+00:00,416.3123,416.87,416.02,416.5825,428453.0
2025-11-25 19:15:00+00:00,416.545,416.85,415.52,415.92,481684.0
2025-11-25 19:20:00+00:00,415.93,417.08,415.68,416.9198,522567.0
2025-11-25 19:25:00+00:00,416.86,417.2,416.6,416.9701,408077.0
2025-11-25 19:30:00+00:00,416.973,417.27,416.1801,416.295,408777.0
2025-11-25 19:35:00+00:00,416.31,416.36,415.3,415.355,585341.0
2025-11-25 19:40:00+00:00,415.35,415.41,414.67,415.365,747396.0
2025-11-25 19:45:00+00:00,415.36,415.639,414.61,415.125,450019.0
2025-11-25 19:50:00+00:00,415.12,416.7328,415.06,416.7119,535635.0
2025-11-25 19:55:00+00:00,416.69,417.54,416.32,417.34,609521.0
2025-11-25 20:00:00+00:00,417.34,418.46,417.32,417.647,788388.0
2025-11-25 20:05:00+00:00,417.64,418.21,417.1485,417.38,582547.0
2025-11-25 20:10:00+00:00,417.4,417.53,416.8,417.03,405460.0
2025-11-25 20:15:00+00:00,417.053,417.46,416.585,417.07,451417.0
2025-11-25 20:20:00+00:00,417.055,417.35,416.75,417.2001,377329.0
2025-11-25 20:25:00+00:00,417.16,418.07,416.94,417.5301,520876.0
2025-11-25 20:30:00+00:00,417.58,418.65,417.47,418.33,652259.0
2025-11-25 20:35:00+00:00,418.33,418.89,418.03,418.42,629559.0
2025-11-25 20:40:00+00:00,418.42,418.64,417.7,417.865,484248.0
2025-11-25 20:45:00+00:00,417.87,418.77,417.81,418.59,543161.0
2025-11-25 20:50:00+00:00,418.62,420.16,418.52,419.46,1151658.0
2025-11-25 20:55:00+00:00,419.44,419.95,419.22,419.31,1784807.0
2025-11-25 21:00:00+00:00,419.4,419.55,419.11,419.2999,697530.0
2025-11-25 21:05:00+00:00,419.25,419.4,418.9,419.12,39467.0
2025-11-25 21:10:00+00:00,419.12,419.12,418.5662,418.78,37908.0
2025-11-25 21:15:00+00:00,418.78,419.15,418.78,419.09,23436.0
2025-11-25 21:20:00+00:00,419.14,419.19,418.771,418.9,26627.0
2025-11-25 21:25:00+00:00,418.9016,418.98,418.54,418.6,13410.0
2025-11-25 21:30:00+00:00,418.61,418.7,418.35,418.45,23970.0
2025-11-25 21:35:00+00:00,418.41,418.4725,418.29,418.4,15847.0
2025-11-25 21:40:00+00:00,418.4,418.6,418.4,418.56,6575.0
2025-11-25 21:45:00+00:00,418.5,418.8899,418.5,418.74,11140.0
2025-11-25 21:50:00+00:00,418.709,419.0,418.58,418.9999,14237.0
2025-11-25 21:55:00+00:00,418.949,419.4,418.78,418.8,9454.0
2025-11-25 22:00:00+00:00,418.9,418.95,418.75,418.8,5153.0
2025-11-25 22:05:00+00:00,418.75,418.8,418.5,418.56,6301.0
2025-11-25 22:10:00+00:00,418.7,418.93,418.5501,418.85,4466.0
2025-11-25 22:15:00+00:00,418.8487,418.85,418.75,418.75,6926.0
2025-11-25 22:20:00+00:00,418.7499,418.85,418.4,418.57,8072.0
2025-11-25 22:25:00+00:00,418.4,418.8786,418.31,418.81,13418.0
2025-11-25 22:30:00+00:00,418.82,418.92,418.74,418.8,13771.0
2025-11-25 22:35:00+00:00,418.75,419.0,418.7,418.95,9168.0
2025-11-25 22:40:00+00:00,418.8,419.0,418.65,418.66,7873.0
2025-11-25 22:45:00+00:00,418.65,418.88,418.6499,418.7,7493.0
2025-11-25 22:50:00+00:00,418.7,418.75,418.61,418.61,4637.0
2025-11-25 22:55:00+00:00,418.65,418.76,418.6108,418.7312,5526.0
2025-11-25 23:00:00+00:00,418.67,418.8,418.6,418.7,10699.0
2025-11-25 23:05:00+00:00,418.71,419.01,418.71,418.88,12982.0
2025-11-25 23:10:00+00:00,418.87,418.93,418.85,418.9,2660.0
2025-11-25 23:15:00+00:00,418.9,418.9,418.7,418.7,5118.0
2025-11-25 23:20:00+00:00,418.6501,418.74,418.51,418.56,3735.0
2025-11-25 23:25:00+00:00,418.55,418.6,418.38,418.6,11822.0
2025-11-25 23:30:00+00:00,418.5982,418.5982,418.45,418.45,4772.0
2025-11-25 23:35:00+00:00,418.45,418.5,418.4,418.49,3285.0
2025-11-25 23:40:00+00:00,418.5,418.6,418.4703,418.48,2536.0
2025-11-25 23:45:00+00:00,418.48,418.5,418.45,418.4501,3477.0
2025-11-25 23:50:00+00:00,418.5,418.5,418.3,418.35,14935.0
2025-11-25 23:55:00+00:00,418.3,418.7,418.3,418.6,15855.0
2025-11-26 00:00:00+00:00,418.55,418.67,418.4,418.55,3773.0
2025-11-26 00:05:00+00:00,418.51,418.55,418.3205,418.52,14018.0
2025-11-26 00:10:00+00:00,418.52,418.66,418.4603,418.4603,8733.0
2025-11-26 00:15:00+00:00,418.54,418.8,418.54,418.75,3750.0
2025-11-26 00:20:00+00:00,418.76,418.97,418.701,418.8627,11034.0
2025-11-26 00:25:00+00:00,418.95,418.97,418.88,418.9501,9322.0
2025-11-26 00:30:00+00:00,418.9508,418.97,418.8324,418.97,7093.0
2025-11-26 00:35:00+00:00,418.9405,419.1,418.94,419.09,11459.0
2025-11-26 00:40:00+00:00,419.1,419.15,418.99,419.09,8916.0
2025-11-26 00:45:00+00:00,419.0,419.2997,419.0,419.2298,13755.0
2025-11-26 00:50:00+00:00,419.18,419.3,419.11,419.22,11690.0
2025-11-26 00:55:00+00:00,419.22,419.255,419.0,419.1,19572.0
2025-11-26 09:00:00+00:00,421.85,422.97,420.65,422.4,32925.0
2025-11-26 09:05:00+00:00,422.6,422.6,422.0,422.15,13041.0
2025-11-26 09:10:00+00:00,422.15,422.36,422.15,422.24,3358.0
2025-11-26 09:15:00+00:00,422.18,422.4,422.08,422.15,4578.0
2025-11-26 09:20:00+00:00,422.19,422.23,421.8,421.81,16031.0
2025-11-26 09:25:00+00:00,421.8,421.94,421.54,421.58,6520.0
2025-11-26 09:30:00+00:00,421.61,421.94,421.58,421.67,6864.0
2025-11-26 09:35:00+00:00,421.71,421.88,421.66,421.81,5581.0
2025-11-26 09:40:00+00:00,421.74,422.02,421.66,422.02,6199.0
2025-11-26 09:45:00+00:00,421.99,422.27,421.88,421.9,5491.0
2025-11-26 09:50:00+00:00,421.85,421.91,421.75,421.75,6713.0
2025-11-26 09:55:00+00:00,421.79,421.79,421.6,421.73,6332.0
2025-11-26 10:00:00+00:00,421.68,421.8,421.6,421.78,2448.0
2025-11-26 10:05:00+00:00,421.8,422.19,421.8,422.19,1664.0
2025-11-26 10:10:00+00:00,422.18,422.3,421.99,422.3,9205.0
2025-11-26 10:15:00+00:00,422.2,422.32,422.2,422.22,2344.0
2025-11-26 10:20:00+00:00,422.27,422.8,422.19,422.68,8268.0
2025-11-26 10:25:00+00:00,422.68,422.68,422.4,422.59,6078.0
2025-11-26 10:30:00+00:00,422.59,422.8,422.47,422.8,5970.0
2025-11-26 10:35:00+00:00,422.76,422.86,422.69,422.84,3575.0
2025-11-26 10:40:00+00:00,422.88,423.29,422.88,423.08,15964.0
2025-11-26 10:45:00+00:00,423.15,423.15,422.9,423.04,5993.0
2025-11-26 10:50:00+00:00,423.1,423.29,423.05,423.28,8256.0
2025-11-26 10:55:00+00:00,423.3,423.6,423.27,423.52,18619.0
2025-11-26 11:00:00+00:00,423.49,424.43,423.49,424.36,20374.0
2025-11-26 11:05:00+00:00,424.42,424.67,424.07,424.22,19385.0
2025-11-26 11:10:00+00:00,424.05,424.14,423.7,423.93,5045.0
2025-11-26 11:15:00+00:00,423.79,424.06,423.78,424.05,3155.0
2025-11-26 11:20:00+00:00,424.01,424.92,423.93,424.88,11724.0
2025-11-26 11:25:00+00:00,424.93,425.23,424.53,425.1,35334.0
2025-11-26 11:30:00+00:00,425.18,425.24,424.8,425.22,22012.0
2025-11-26 11:35:00+00:00,425.25,425.35,424.48,424.65,16578.0
2025-11-26 11:40:00+00:00,424.6,425.09,424.6,425.09,6646.0
2025-11-26 11:45:00+00:00,425.09,425.48,424.98,425.0,9305.0
2025-11-26 11:50:00+00:00,425.04,425.05,424.7,424.7,8316.0
2025-11-26 11:55:00+00:00,424.78,424.78,424.23,424.32,11158.0
2025-11-26 12:00:00+00:00,424.27,424.88,423.55,424.5,50025.0
2025-11-26 12:05:00+00:00,424.45,424.78,423.55,423.55,21430.0
2025-11-26 12:10:00+00:00,423.6,424.2,423.48,423.91,15413.0
2025-11-26 12:15:00+00:00,423.8,424.38,423.54,423.85,15583.0
2025-11-26 12:20:00+00:00,423.9,424.1,423.38,423.83,15107.0
2025-11-26 12:25:00+00:00,423.9,424.25,423.75,424.25,17935.0
2025-11-26 12:30:00+00:00,424.21,424.5,423.99,424.1,9747.0
2025-11-26 12:35:00+00:00,424.15,424.35,423.98,424.15,9980.0
2025-11-26 12:40:00+00:00,424.12,424.86,424.1,424.7,20439.0
2025-11-26 12:45:00+00:00,424.68,425.4,424.64,425.4,34951.0
2025-11-26 12:50:00+00:00,425.4,425.6,425.1,425.4,21019.0
2025-11-26 12:55:00+00:00,425.5,425.75,425.45,425.59,20317.0
2025-11-26 13:00:00+00:00,424.77,425.735,421.52,425.0,478400.0
2025-11-26 13:05:00+00:00,425.0,425.44,424.93,425.01,55814.0
2025-11-26 13:10:00+00:00,425.0,425.24,424.94,425.04,17051.0
2025-11-26 13:15:00+00:00,425.2,425.2,424.9,425.05,19736.0
2025-11-26 13:20:00+00:00,425.1,425.35,424.6692,425.08,41660.0
2025-11-26 13:25:00+00:00,425.1,425.3,424.83,425.0,21706.0
2025-11-26 13:30:00+00:00,424.83,424.96,424.24,424.71,37565.0
2025-11-26 13:35:00+00:00,424.74,425.2,424.59,424.65,33642.0
2025-11-26 13:40:00+00:00,424.7,425.18,424.58,424.92,41287.0
2025-11-26 13:45:00+00:00,424.9325,424.97,424.23,424.56,28065.0
2025-11-26 13:50:00+00:00,424.6893,424.92,424.61,424.89,17258.0
2025-11-26 13:55:00+00:00,424.8026,425.17,424.6,425.17,38344.0
2025-11-26 14:00:00+00:00,425.17,425.2,424.33,424.51,51252.0
2025-11-26 14:05:00+00:00,424.6,424.64,424.06,424.2,48816.0
2025-11-26 14:10:00+00:00,424.19,424.73,424.17,424.4,26157.0
2025-11-26 14:15:00+00:00,424.411,424.411,423.9,424.05,39317.0
2025-11-26 14:20:00+00:00,424.02,424.97,423.96,424.37,58954.0
2025-11-26 14:25:00+00:00,424.38,425.0,423.96,424.14,62036.0
2025-11-26 14:30:00+00:00,423.95,425.52,421.07,421.5315,2263528.0
2025-11-26 14:35:00+00:00,421.455,421.86,418.22,419.85,2228960.0
2025-11-26 14:40:00+00:00,419.8888,421.525,418.83,421.5,1786154.0
2025-11-26 14:45:00+00:00,421.4837,423.33,421.4,422.25,1887407.0
2025-11-26 14:50:00+00:00,422.29,423.22,420.0101,420.1013,1258591.0
2025-11-26 14:55:00+00:00,420.06,420.7799,417.0684,417.455,1763641.0
2025-11-26 15:00:00+00:00,417.43,419.63,416.89,418.5355,1398529.0
2025-11-26 15:05:00+00:00,418.5265,419.55,417.01,419.03,1310874.0
2025-11-26 15:10:00+00:00,419.03,419.09,417.54,418.0001,814381.0
2025-11-26 15:15:00+00:00,418.0,419.08,417.59,418.62,759157.0
2025-11-26 15:20:00+00:00,418.65,418.95,417.74,418.1501,666988.0
2025-11-26 15:25:00+00:00,418.1,420.18,417.85,419.5372,985216.0
2025-11-26 15:30:00+00:00,419.5504,420.65,419.5,420.48,829069.0
2025-11-26 15:35:00+00:00,420.4799,421.31,420.11,420.3884,974092.0
2025-11-26 15:40:00+00:00,420.4,420.54,417.9,418.1191,939847.0
2025-11-26 15:45:00+00:00,418.12,418.84,417.5,418.38,989371.0
2025-11-26 15:50:00+00:00,418.35,418.85,417.66,418.6224,639366.0
2025-11-26 15:55:00+00:00,418.645,419.7008,418.26,419.29,686739.0
2025-11-26 16:00:00+00:00,419.275,419.62,418.7,419.34,492691.0
2025-11-26 16:05:00+00:00,419.3825,419.88,419.32,419.53,478183.0
2025-11-26 16:10:00+00:00,419.58,419.64,418.9,419.0984,434084.0
2025-11-26 16:15:00+00:00,419.1316,420.0745,419.07,420.025,524292.0
2025-11-26 16:20:00+00:00,420.02,421.0199,419.98,420.51,686398.0
2025-11-26 16:25:00+00:00,420.52,420.8,419.06,419.18,587183.0
2025-11-26 16:30:00+00:00,419.24,419.9999,418.235,419.96,743592.0
2025-11-26 16:35:00+00:00,419.955,420.61,419.6501,420.17,575995.0
2025-11-26 16:40:00+00:00,420.14,420.64,419.845,420.0329,448550.0
2025-11-26 16:45:00+00:00,420.06,420.2243,419.1,419.6349,784416.0
2025-11-26 16:50:00+00:00,419.64,419.9,419.08,419.9,418143.0
2025-11-26 16:55:00+00:00,419.86,420.81,419.84,420.66,624806.0
2025-11-26 17:00:00+00:00,420.639,421.46,420.639,421.02,665846.0
2025-11-26 17:05:00+00:00,421.05,421.85,420.7,420.93,624187.0
2025-11-26 17:10:00+00:00,421.01,421.5799,420.8,421.07,516350.0
2025-11-26 17:15:00+00:00,421.03,421.05,419.52,419.8488,515495.0
2025-11-26 17:20:00+00:00,419.85,420.63,419.61,420.475,465943.0
2025-11-26 17:25:00+00:00,420.4511,420.86,420.16,420.78,360409.0
2025-11-26 17:30:00+00:00,420.82,421.5,420.78,421.0301,410542.0
2025-11-26 17:35:00+00:00,421.055,421.1651,420.24,420.8795,353428.0
2025-11-26 17:40:00+00:00,420.94,421.73,420.82,421.72,428095.0
2025-11-26 17:45:00+00:00,421.72,422.1893,421.59,421.79,621397.0
2025-11-26 17:50:00+00:00,421.84,422.94,421.63,422.78,655629.0
2025-11-26 17:55:00+00:00,422.7786,423.04,422.33,422.48,630106.0
2025-11-26 18:00:00+00:00,422.476,423.73,422.44,423.4405,694606.0
2025-11-26 18:05:00+00:00,423.475,423.6,421.28,422.16,761970.0
2025-11-26 18:10:00+00:00,422.2299,423.25,421.42,422.9401,701610.0
2025-11-26 18:15:00+00:00,422.95,423.23,422.42,422.855,425840.0
2025-11-26 18:20:00+00:00,422.88,423.685,422.12,423.5,546647.0
2025-11-26 18:25:00+00:00,423.46,424.09,423.26,423.53,611678.0
2025-11-26 18:30:00+00:00,423.51,423.97,423.0381,423.16,421786.0
2025-11-26 18:35:00+00:00,423.17,423.41,422.76,422.945,418999.0
2025-11-26 18:40:00+00:00,422.95,423.24,422.33,422.35,420470.0
2025-11-26 18:45:00+00:00,422.3315,423.27,422.25,423.1134,438103.0
2025-11-26 18:50:00+00:00,423.12,423.49,422.55,422.85,370745.0
2025-11-26 18:55:00+00:00,422.84,423.37,422.02,423.1922,530808.0
2025-11-26 19:00:00+00:00,423.18,423.82,423.01,423.1542,516300.0
2025-11-26 19:05:00+00:00,423.16,424.56,423.0801,424.475,842106.0
2025-11-26 19:10:00+00:00,424.49,424.75,424.02,424.6301,558447.0
2025-11-26 19:15:00+00:00,424.65,425.2,424.43,425.12,677617.0
2025-11-26 19:20:00+00:00,425.13,425.84,425.13,425.265,814293.0
2025-11-26 19:25:00+00:00,425.2659,426.4099,425.09,426.3115,886909.0
2025-11-26 19:30:00+00:00,426.31,426.42,425.31,425.325,810063.0
2025-11-26 19:35:00+00:00,425.31,425.3278,424.61,424.88,718530.0
2025-11-26 19:40:00+00:00,424.9095,425.78,424.29,424.3852,664617.0
2025-11-26 19:45:00+00:00,424.382,424.8,424.03,424.1707,410121.0
2025-11-26 19:50:00+00:00,424.181,424.44,423.4,423.795,578313.0
2025-11-26 19:55:00+00:00,423.795,424.23,423.32,424.23,568075.0
2025-11-26 20:00:00+00:00,424.23,424.84,424.04,424.36,529774.0
2025-11-26 20:05:00+00:00,424.35,424.44,423.84,424.375,674123.0
2025-11-26 20:10:00+00:00,424.385,425.4299,424.3784,425.1999,614499.0
2025-11-26 20:15:00+00:00,425.1664,425.2374,424.7,424.9,449139.0
2025-11-26 20:20:00+00:00,424.97,425.33,424.9,425.036,387136.0
2025-11-26 20:25:00+00:00,425.01,425.26,424.9,425.13,369092.0
2025-11-26 20:30:00+00:00,425.125,425.227,424.56,424.87,481576.0
2025-11-26 20:35:00+00:00,424.85,425.0399,424.18,424.5624,474954.0
2025-11-26 20:40:00+00:00,424.57,424.84,424.0,424.72,468216.0
2025-11-26 20:45:00+00:00,424.73,425.48,424.6035,425.335,681841.0
2025-11-26 20:50:00+00:00,425.3499,426.28,425.03,426.2368,1023898.0
2025-11-26 20:55:00+00:00,426.28,426.94,425.73,426.5,2066023.0
2025-11-26 21:00:00+00:00,426.49,427.75,426.26,427.5,411253.0
2025-11-26 21:05:00+00:00,427.35,427.62,426.58,426.6555,79525.0
2025-11-26 21:10:00+00:00,426.77,426.7994,426.35,426.45,34897.0
2025-11-26 21:15:00+00:00,426.48,426.6,426.35,426.49,27632.0
2025-11-26 21:20:00+00:00,426.43,426.56,426.0386,426.11,32822.0
2025-11-26 21:25:00+00:00,426.3,426.6,426.15,426.5,13663.0
2025-11-26 21:30:00+00:00,426.45,426.5,426.25,426.45,11560.0
2025-11-26 21:35:00+00:00,426.42,426.87,426.41,426.8494,15464.0
2025-11-26 21:40:00+00:00,426.8483,426.99,426.54,426.649,105585.0
2025-11-26 21:45:00+00:00,426.6,426.84,426.6,426.7,10446.0
2025-11-26 21:50:00+00:00,426.7,426.7,426.4,426.58,12998.0
2025-11-26 21:55:00+00:00,426.51,426.7689,426.5,426.62,12417.0
2025-11-26 22:00:00+00:00,426.7,426.7,426.51,426.5101,9678.0
2025-11-26 22:05:00+00:00,426.57,426.68,426.55,426.55,7938.0
2025-11-26 22:10:00+00:00,426.57,426.6209,426.54,426.56,6298.0
2025-11-26 22:15:00+00:00,426.5999,426.6,426.3,426.36,14771.0
2025-11-26 22:20:00+00:00,426.36,426.39,426.3,426.32,7173.0
2025-11-26 22:25:00+00:00,426.34,426.38,426.16,426.16,17824.0
2025-11-26 22:30:00+00:00,426.3,426.38,426.13,426.25,19376.0
2025-11-26 22:35:00+00:00,426.25,426.3,426.15,426.21,9740.0
2025-11-26 22:40:00+00:00,426.2019,426.2933,426.2,426.2501,6589.0
2025-11-26 22:45:00+00:00,426.29,426.3,426.12,426.15,7559.0
2025-11-26 22:50:00+00:00,426.19,426.3,426.1,426.15,6001.0
2025-11-26 22:55:00+00:00,426.15,426.2,426.06,426.06,12227.0
2025-11-26 23:00:00+00:00,426.1,426.3,426.06,426.06,7584.0
2025-11-26 23:05:00+00:00,426.06,426.27,426.04,426.1814,8621.0
2025-11-26 23:10:00+00:00,426.22,426.38,426.0,426.2,13461.0
2025-11-26 23:15:00+00:00,426.03,426.1,426.0,426.1,12819.0
2025-11-26 23:20:00+00:00,426.1,426.18,425.9,426.03,13511.0
2025-11-26 23:25:00+00:00,425.89,426.09,425.89,426.03,4168.0
2025-11-26 23:30:00+00:00,426.06,426.14,426.0,426.05,7001.0
2025-11-26 23:35:00+00:00,426.08,426.21,426.05,426.2,4601.0
2025-11-26 23:40:00+00:00,426.1815,426.3,426.02,426.08,6605.0
2025-11-26 23:45:00+00:00,426.1,426.1,426.0,426.09,7680.0
2025-11-26 23:50:00+00:00,426.0788,426.32,426.05,426.32,10646.0
2025-11-26 23:55:00+00:00,426.33,426.33,426.14,426.14,5880.0
2025-11-27 00:00:00+00:00,426.15,426.21,426.1,426.18,4045.0
2025-11-27 00:05:00+00:00,426.09,426.16,426.05,426.05,5855.0
2025-11-27 00:10:00+00:00,426.07,426.18,426.05,426.0925,3414.0
2025-11-27 00:15:00+00:00,426.07,426.16,426.05,426.1,2535.0
2025-11-27 00:20:00+00:00,426.0918,426.15,426.05,426.05,5550.0
2025-11-27 00:25:00+00:00,426.07,426.2,426.06,426.17,4727.0
2025-11-27 00:30:00+00:00,426.2,426.2,426.1,426.126,9098.0
2025-11-27 00:35:00+00:00,426.11,426.33,426.09,426.32,9364.0
2025-11-27 00:40:00+00:00,426.32,426.32,426.18,426.2916,3503.0
2025-11-27 00:45:00+00:00,426.33,426.38,426.25,426.36,12410.0
2025-11-27 00:50:00+00:00,426.34,426.38,426.32,426.35,7087.0
2025-11-27 00:55:00+00:00,426.35,426.6,426.35,426.57,18274.0
2025-11-28 09:00:00+00:00,427.3,427.88,427.17,427.88,14943.0
2025-11-28 09:05:00+00:00,427.85,428.43,427.77,428.27,16388.0
2025-11-28 09:10:00+00:00,428.33,428.34,427.34,427.5,6849.0
2025-11-28 09:15:00+00:00,427.62,427.69,427.4,427.56,5184.0
2025-11-28 09:20:00+00:00,427.56,428.0,427.41,427.67,8213.0
2025-11-28 09:25:00+00:00,427.66,428.2,427.66,428.18,3375.0
2025-11-28 09:30:00+00:00,428.15,428.15,427.62,427.95,7512.0
2025-11-28 09:35:00+00:00,427.95,428.05,427.62,427.87,7662.0
2025-11-28 09:40:00+00:00,427.8,427.96,427.5,427.76,6779.0
2025-11-28 09:45:00+00:00,427.68,427.74,427.5,427.5,5019.0
2025-11-28 09:50:00+00:00,427.58,427.75,427.54,427.75,4199.0
2025-11-28 09:55:00+00:00,427.95,428.03,427.78,427.85,7529.0
2025-11-28 10:00:00+00:00,427.8,427.8,427.8,427.8,1148.0
2025-11-28 10:05:00+00:00,427.85,427.9,427.8,427.88,4920.0
2025-11-28 10:10:00+00:00,427.87,427.93,427.86,427.9,1873.0
2025-11-28 10:15:00+00:00,427.91,428.09,427.91,427.99,7817.0
2025-11-28 10:20:00+00:00,427.9,427.99,427.9,427.93,1381.0
2025-11-28 10:25:00+00:00,427.96,428.07,427.96,428.06,2840.0
2025-11-28 10:30:00+00:00,428.02,428.12,427.98,428.06,2348.0
2025-11-28 10:35:00+00:00,428.04,428.13,428.04,428.08,1978.0
2025-11-28 10:40:00+00:00,428.1,428.41,428.09,428.41,10896.0
2025-11-28 10:45:00+00:00,428.39,428.41,428.28,428.29,3125.0
2025-11-28 10:50:00+00:00,428.31,428.31,428.2,428.23,4917.0
2025-11-28 10:55:00+00:00,428.28,428.69,428.26,428.55,14461.0
2025-11-28 11:00:00+00:00,428.57,428.66,428.36,428.43,6084.0
2025-11-28 11:05:00+00:00,428.43,428.75,428.43,428.75,5890.0
2025-11-28 11:10:00+00:00,428.71,428.8,428.49,428.5,7398.0
2025-11-28 11:15:00+00:00,428.5,428.64,428.44,428.58,8500.0
2025-11-28 11:20:00+00:00,428.6,428.62,428.35,428.35,9802.0
2025-11-28 11:25:00+00:00,428.37,428.44,428.3,428.3,4188.0
2025-11-28 11:30:00+00:00,428.3,428.42,428.25,428.35,3521.0
2025-11-28 11:35:00+00:00,428.37,428.49,428.34,428.48,1854.0
2025-11-28 11:40:00+00:00,428.44,428.46,428.25,428.27,3362.0
2025-11-28 11:45:00+00:00,428.35,428.37,428.32,428.35,2750.0
2025-11-28 11:50:00+00:00,428.37,428.4,428.25,428.25,5140.0
2025-11-28 11:55:00+00:00,428.32,428.35,428.22,428.28,8234.0
2025-11-28 12:00:00+00:00,428.28,428.67,428.13,428.61,21986.0
2025-11-28 12:05:00+00:00,428.67,429.5,428.67,429.09,40054.0
2025-11-28 12:10:00+00:00,429.09,429.36,428.9,429.2,12100.0
2025-11-28 12:15:00+00:00,429.2,429.6,429.2,429.56,11203.0
2025-11-28 12:20:00+00:00,429.579,429.58,428.83,428.9,14002.0
2025-11-28 12:25:00+00:00,428.92,429.45,428.92,429.17,11760.0
2025-11-28 12:30:00+00:00,429.15,429.24,428.92,429.04,15813.0
2025-11-28 12:35:00+00:00,429.08,429.21,429.08,429.13,4898.0
2025-11-28 12:40:00+00:00,429.16,429.32,429.13,429.2,11825.0
2025-11-28 12:45:00+00:00,429.12,429.13,428.88,428.93,10631.0
2025-11-28 12:50:00+00:00,428.93,429.03,428.78,428.94,8504.0
2025-11-28 12:55:00+00:00,428.94,428.99,428.9,428.93,3474.0
2025-11-28 13:00:00+00:00,428.41,429.63,427.1,428.86,278436.0
2025-11-28 13:05:00+00:00,428.87,429.0,428.67,428.92,20072.0
2025-11-28 13:10:00+00:00,428.94,429.15,428.8,428.8,16235.0
2025-11-28 13:15:00+00:00,428.75,428.889,428.37,428.42,20498.0
2025-11-28 13:20:00+00:00,428.4,428.73,428.35,428.6576,20052.0
2025-11-28 13:25:00+00:00,428.69,428.79,428.56,428.61,11827.0
2025-11-28 13:30:00+00:00,428.56,428.8,428.33,428.76,24050.0
2025-11-28 13:35:00+00:00,428.75,428.9085,428.66,428.76,18756.0
2025-11-28 13:40:00+00:00,428.76,428.85,428.4618,428.4618,20272.0
2025-11-28 13:45:00+00:00,428.45,428.6299,428.13,428.15,21934.0
2025-11-28 13:50:00+00:00,428.14,428.44,428.05,428.06,27233.0
2025-11-28 13:55:00+00:00,428.06,428.2339,427.83,427.85,28433.0
2025-11-28 14:00:00+00:00,427.85,428.2163,427.84,428.21,22026.0
2025-11-28 14:05:00+00:00,428.04,428.21,427.37,427.6,42906.0
2025-11-28 14:10:00+00:00,427.65,427.7,427.3,427.31,31405.0
2025-11-28 14:15:00+00:00,427.31,427.45,426.6389,426.98,53894.0
2025-11-28 14:20:00+00:00,427.1,427.174,426.0,426.26,56454.0
2025-11-28 14:25:00+00:00,426.2,426.8,425.34,426.45,75421.0
2025-11-28 14:30:00+00:00,426.59,432.69,426.41,432.08,2659610.0
2025-11-28 14:35:00+00:00,432.08,432.93,430.97,431.9,1466172.0
2025-11-28 14:40:00+00:00,431.89,432.46,428.1,428.68,1580412.0
2025-11-28 14:45:00+00:00,428.67,430.4,428.25,430.02,1120405.0
2025-11-28 14:50:00+00:00,430.0031,430.78,428.68,429.565,996422.0
2025-11-28 14:55:00+00:00,429.565,429.65,428.5303,429.0974,744148.0
2025-11-28 15:00:00+00:00,429.1,429.47,427.59,427.8048,882546.0
2025-11-28 15:05:00+00:00,427.82,428.33,427.35,427.4987,1242603.0
2025-11-28 15:10:00+00:00,427.47,428.27,426.6815,427.65,908063.0
2025-11-28 15:15:00+00:00,427.62,428.772,427.08,428.72,779114.0
2025-11-28 15:20:00+00:00,428.715,429.08,427.27,427.475,782233.0
2025-11-28 15:25:00+00:00,427.47,427.62,426.2,427.38,820018.0
2025-11-28 15:30:00+00:00,427.4195,427.88,426.8,427.6,656124.0
2025-11-28 15:35:00+00:00,427.63,428.56,427.55,427.85,701440.0
2025-11-28 15:40:00+00:00,427.85,428.39,427.75,428.2,480760.0
2025-11-28 15:45:00+00:00,428.1804,429.74,427.85,429.685,689184.0
2025-11-28 15:50:00+00:00,429.66,430.255,429.53,430.25,1177078.0
2025-11-28 15:55:00+00:00,430.25,430.4315,429.53,430.18,672209.0
2025-11-28 16:00:00+00:00,430.18,430.28,429.604,430.2475,577699.0
2025-11-28 16:05:00+00:00,430.22,431.4718,429.81,431.4718,963447.0
2025-11-28 16:10:00+00:00,431.46,431.72,430.8301,431.63,686827.0
2025-11-28 16:15:00+00:00,431.63,432.39,431.4,431.9488,898316.0
2025-11-28 16:20:00+00:00,431.93,432.04,430.08,430.47,835206.0
2025-11-28 16:25:00+00:00,430.465,430.665,429.03,429.16,881918.0
2025-11-28 16:30:00+00:00,429.191,430.0,428.45,429.68,763037.0
2025-11-28 16:35:00+00:00,429.705,430.34,429.44,430.13,525358.0
2025-11-28 16:40:00+00:00,430.15,430.28,428.6,429.51,636049.0
2025-11-28 16:45:00+00:00,429.52,429.57,428.85,428.9678,406045.0
2025-11-28 16:50:00+00:00,428.96,429.2,428.67,428.9629,404655.0
2025-11-28 16:55:00+00:00,428.97,429.53,428.76,429.34,367560.0
2025-11-28 17:00:00+00:00,429.36,429.38,428.88,429.125,366375.0
2025-11-28 17:05:00+00:00,429.15,429.52,428.9715,429.14,388190.0
2025-11-28 17:10:00+00:00,429.145,429.8,429.13,429.58,362928.0
2025-11-28 17:15:00+00:00,429.5736,429.9,429.38,429.515,393851.0
2025-11-28 17:20:00+00:00,429.5274,429.99,429.21,429.72,444400.0
2025-11-28 17:25:00+00:00,429.7263,430.15,429.6138,429.7199,431434.0
2025-11-28 17:30:00+00:00,429.69,429.705,428.25,428.87,797003.0
2025-11-28 17:35:00+00:00,428.89,429.5,428.8,429.0941,500238.0
2025-11-28 17:40:00+00:00,429.0959,429.4,428.72,428.82,418372.0
2025-11-28 17:45:00+00:00,428.83,429.6,428.7,429.535,454242.0
2025-11-28 17:50:00+00:00,429.55,430.56,429.52,430.21,817180.0
2025-11-28 17:55:00+00:00,430.15,430.25,429.5,430.18,1030047.0
2025-11-28 18:00:00+00:00,430.2,430.2,430.1,430.17,1593121.0
2025-11-28 21:00:00+00:00,430.1,430.2,430.02,430.2,8450.0
2025-11-28 21:05:00+00:00,430.2,430.39,430.2,430.2691,5722.0
2025-11-28 21:10:00+00:00,430.27,430.27,430.2,430.2,3175.0
2025-11-28 21:15:00+00:00,430.22,430.22,430.2,430.2,4481.0
2025-11-28 21:20:00+00:00,430.21,430.21,430.14,430.15,1270.0
2025-11-28 21:25:00+00:00,430.15,430.2133,430.15,430.2133,1441.0
2025-11-28 21:30:00+00:00,430.21,430.4,430.2,430.26,3585.0
2025-11-28 21:35:00+00:00,430.27,430.29,430.26,430.26,835.0
2025-11-28 21:40:00+00:00,430.26,430.27,430.1952,430.27,4371.0
2025-11-28 21:45:00+00:00,430.2,430.27,430.2,430.25,688.0
2025-11-28 21:50:00+00:00,430.23,430.3,430.1,430.1599,4728.0
2025-11-28 21:55:00+00:00,430.16,430.3,430.1221,430.2,7217.0
2025-12-01 09:00:00+00:00,425.33,427.13,424.99,425.19,25456.0
2025-12-01 09:05:00+00:00,425.22,425.96,425.22,425.91,12005.0
2025-12-01 09:10:00+00:00,425.95,426.07,425.2,425.2,10724.0
2025-12-01 09:15:00+00:00,425.3,425.67,425.21,425.35,7240.0
2025-12-01 09:20:00+00:00,425.35,425.8,425.3,425.71,12724.0
2025-12-01 09:25:00+00:00,425.72,425.76,425.6,425.6,4161.0
2025-12-01 09:30:00+00:00,425.61,425.66,425.5,425.5,6580.0
2025-12-01 09:35:00+00:00,425.57,425.69,425.25,425.33,13782.0
2025-12-01 09:40:00+00:00,425.29,425.39,425.25,425.39,5298.0
2025-12-01 09:45:00+00:00,425.39,425.55,425.0,425.26,17180.0
2025-12-01 09:50:00+00:00,425.2,425.28,425.0,425.21,4055.0
2025-12-01 09:55:00+00:00,425.1,425.44,425.0,425.4,16663.0
2025-12-01 10:00:00+00:00,425.37,425.61,425.37,425.45,8305.0
2025-12-01 10:05:00+00:00,425.47,425.8,425.47,425.58,4000.0
2025-12-01 10:10:00+00:00,425.58,425.66,425.42,425.42,2721.0
2025-12-01 10:15:00+00:00,425.5,425.5,425.17,425.33,1690.0
2025-12-01 10:20:00+00:00,425.4,425.5,425.38,425.41,1722.0
2025-12-01 10:25:00+00:00,425.49,425.74,425.47,425.5,4546.0
2025-12-01 10:30:00+00:00,425.53,425.65,425.41,425.53,4379.0
2025-12-01 10:35:00+00:00,425.53,425.57,425.4,425.4,3348.0
2025-12-01 10:40:00+00:00,425.4,425.8,425.33,425.72,3378.0
2025-12-01 10:45:00+00:00,425.45,425.61,425.45,425.6,1425.0
2025-12-01 10:50:00+00:00,425.4,425.52,425.34,425.52,4640.0
2025-12-01 10:55:00+00:00,425.52,425.62,425.4,425.4,3938.0
2025-12-01 11:00:00+00:00,425.36,425.4,425.24,425.28,3917.0
2025-12-01 11:05:00+00:00,425.25,425.25,424.85,424.98,15102.0
2025-12-01 11:10:00+00:00,424.99,425.45,424.96,425.29,6356.0
2025-12-01 11:15:00+00:00,425.2,425.21,424.95,425.06,4255.0
2025-12-01 11:20:00+00:00,424.98,425.13,424.8,424.82,3297.0
2025-12-01 11:25:00+00:00,424.78,424.85,424.62,424.62,7215.0
2025-12-01 11:30:00+00:00,424.6,424.7,424.01,424.41,13329.0
2025-12-01 11:35:00+00:00,424.33,424.48,424.23,424.25,7980.0
2025-12-01 11:40:00+00:00,424.35,424.38,423.95,424.38,13301.0
2025-12-01 11:45:00+00:00,424.39,424.72,424.39,424.45,4460.0
2025-12-01 11:50:00+00:00,424.43,425.0,424.43,424.71,8626.0
2025-12-01 11:55:00+00:00,424.9,424.9,424.73,424.89,3110.0
2025-12-01 12:00:00+00:00,424.85,425.34,424.47,424.47,23647.0
2025-12-01 12:05:00+00:00,424.41,424.62,423.7,424.11,24593.0
2025-12-01 12:10:00+00:00,424.16,424.44,423.77,424.15,12771.0
2025-12-01 12:15:00+00:00,424.06,424.88,424.0,424.88,13874.0
2025-12-01 12:20:00+00:00,424.76,425.22,424.49,425.15,29005.0
2025-12-01 12:25:00+00:00,425.06,425.07,424.79,424.82,9818.0
2025-12-01 12:30:00+00:00,424.85,424.85,424.44,424.54,11994.0
2025-12-01 12:35:00+00:00,424.59,424.68,424.3,424.61,5429.0
2025-12-01 12:40:00+00:00,424.59,424.59,424.14,424.14,4112.0
2025-12-01 12:45:00+00:00,424.14,424.37,423.7,423.8,16982.0
2025-12-01 12:50:00+00:00,423.74,424.26,423.56,423.99,12688.0
2025-12-01 12:55:00+00:00,423.89,424.03,423.6,424.03,8870.0
2025-12-01 13:00:00+00:00,424.89,430.17,421.63,424.0436,466971.0
2025-12-01 13:05:00+00:00,423.88,424.35,423.55,424.22,41671.0
2025-12-01 13:10:00+00:00,424.25,424.25,423.88,424.0,15113.0
2025-12-01 13:15:00+00:00,423.88,424.2,423.59,423.781,22760.0
2025-12-01 13:20:00+00:00,423.85,424.2,423.27,424.0,43641.0
2025-12-01 13:25:00+00:00,423.9761,424.27,423.9,423.93,27118.0
2025-12-01 13:30:00+00:00,424.0,424.02,423.76,423.97,23506.0
2025-12-01 13:35:00+00:00,424.0,424.24,423.84,423.9,24073.0
2025-12-01 13:40:00+00:00,423.8571,424.27,423.75,424.0,33041.0
2025-12-01 13:45:00+00:00,423.89,424.21,423.8307,424.1496,15503.0
2025-12-01 13:50:00+00:00,424.08,424.1665,423.84,424.0302,24981.0
2025-12-01 13:55:00+00:00,424.16,424.75,424.07,424.6,23733.0
2025-12-01 14:00:00+00:00,424.63,424.7,424.22,424.39,19332.0
2025-12-01 14:05:00+00:00,424.41,424.9,424.41,424.7,21795.0
2025-12-01 14:10:00+00:00,424.74,425.36,424.74,425.1054,53898.0
2025-12-01 14:15:00+00:00,425.2,425.25,424.55,424.82,34799.0
2025-12-01 14:20:00+00:00,424.8492,425.04,424.57,424.6,32181.0
2025-12-01 14:25:00+00:00,424.7,425.55,424.5,425.39,31016.0
2025-12-01 14:30:00+00:00,425.32,429.39,425.29,428.895,2648463.0
2025-12-01 14:35:00+00:00,428.895,431.46,427.4007,427.4132,2017828.0
2025-12-01 14:40:00+00:00,427.44,428.12,426.06,426.9125,1277149.0
2025-12-01 14:45:00+00:00,426.93,428.347,425.85,426.425,1477690.0
2025-12-01 14:50:00+00:00,426.385,428.66,426.28,428.6495,1039678.0
2025-12-01 14:55:00+00:00,428.63,429.5,428.29,429.0485,1046124.0
2025-12-01 15:00:00+00:00,429.05,430.22,428.12,428.39,1241382.0
2025-12-01 15:05:00+00:00,428.34,430.9,427.85,430.57,1141302.0
2025-12-01 15:10:00+00:00,430.57,433.6599,430.16,431.025,2048641.0
2025-12-01 15:15:00+00:00,431.0,432.1,430.08,431.355,1169612.0
2025-12-01 15:20:00+00:00,431.35,431.4107,429.41,429.5141,765926.0
2025-12-01 15:25:00+00:00,429.545,429.6395,428.17,428.3,830609.0
2025-12-01 15:30:00+00:00,428.35,428.57,426.33,426.75,1152175.0
2025-12-01 15:35:00+00:00,426.75,428.0,426.31,427.9715,1002063.0
2025-12-01 15:40:00+00:00,428.0,428.25,426.34,426.94,743038.0
2025-12-01 15:45:00+00:00,426.91,427.46,426.36,427.13,612443.0
2025-12-01 15:50:00+00:00,427.1872,428.9,427.11,428.7788,821984.0
2025-12-01 15:55:00+00:00,428.7975,429.7,428.61,429.5,814819.0
2025-12-01 16:00:00+00:00,429.51,429.64,428.72,428.795,437637.0
2025-12-01 16:05:00+00:00,428.795,428.88,426.89,427.3455,806655.0
2025-12-01 16:10:00+00:00,427.334,427.55,426.22,426.965,692299.0
2025-12-01 16:15:00+00:00,426.94,426.9503,425.8,426.1347,758460.0
2025-12-01 16:20:00+00:00,426.15,427.2,426.11,426.94,506979.0
2025-12-01 16:25:00+00:00,426.97,427.56,426.85,427.1299,431937.0
2025-12-01 16:30:00+00:00,427.09,427.43,426.81,427.215,320382.0
2025-12-01 16:35:00+00:00,427.24,427.32,426.62,427.035,359407.0
2025-12-01 16:40:00+00:00,427.035,427.91,426.71,427.605,471021.0
2025-12-01 16:45:00+00:00,427.5817,428.44,427.44,428.155,497233.0
2025-12-01 16:50:00+00:00,428.16,428.25,427.55,427.6845,381035.0
2025-12-01 16:55:00+00:00,427.675,428.11,427.39,428.05,339041.0
2025-12-01 17:00:00+00:00,428.04,428.55,427.76,428.5015,430448.0
2025-12-01 17:05:00+00:00,428.55,429.56,428.5,428.8913,709414.0
2025-12-01 17:10:00+00:00,428.89,429.17,428.15,428.27,513525.0
2025-12-01 17:15:00+00:00,428.25,428.2699,427.45,427.5774,484253.0
2025-12-01 17:20:00+00:00,427.5645,428.2,427.33,428.1734,375140.0
2025-12-01 17:25:00+00:00,428.19,429.2,428.06,429.1465,489715.0
2025-12-01 17:30:00+00:00,429.13,429.47,428.79,429.4401,467102.0
2025-12-01 17:35:00+00:00,429.43,430.4,429.39,429.7635,789055.0
2025-12-01 17:40:00+00:00,429.7,430.68,429.69,430.6593,554349.0
2025-12-01 17:45:00+00:00,430.63,431.11,430.37,430.3775,618826.0
2025-12-01 17:50:00+00:00,430.3795,430.39,429.17,429.25,609353.0
2025-12-01 17:55:00+00:00,429.23,429.42,428.89,429.29,448751.0
2025-12-01 18:00:00+00:00,429.2889,430.12,429.14,429.95,478082.0
2025-12-01 18:05:00+00:00,429.93,430.03,429.45,429.82,322355.0
2025-12-01 18:10:00+00:00,429.79,430.33,429.5,429.955,307451.0
2025-12-01 18:15:00+00:00,429.93,429.9992,429.05,429.146816,368121.0
2025-12-01 18:20:00+00:00,429.16,429.249,428.91,429.2095,282494.0
2025-12-01 18:25:00+00:00,429.22,429.5325,429.1601,429.28,270290.0
2025-12-01 18:30:00+00:00,429.315,429.38,429.086,429.14,199899.0
2025-12-01 18:35:00+00:00,429.13,429.28,428.73,428.8,252650.0
2025-12-01 18:40:00+00:00,428.82,428.82,428.06,428.26,425453.0
2025-12-01 18:45:00+00:00,428.26,428.54,427.75,427.865,367178.0
2025-12-01 18:50:00+00:00,427.865,428.18,427.75,427.86,388387.0
2025-12-01 18:55:00+00:00,427.86,428.81,427.7701,428.48,487096.0
2025-12-01 19:00:00+00:00,428.49,428.6177,427.73,427.775,549503.0
2025-12-01 19:05:00+00:00,427.75,427.77,427.11,427.33,488001.0
2025-12-01 19:10:00+00:00,427.34,427.82,427.01,427.76,463521.0
2025-12-01 19:15:00+00:00,427.7335,427.8,427.22,427.76,363114.0
2025-12-01 19:20:00+00:00,427.76,427.97,427.3,427.69,451887.0
2025-12-01 19:25:00+00:00,427.683,428.25,427.4,427.8482,389218.0
2025-12-01 19:30:00+00:00,427.86,427.86,426.47,427.2399,615796.0
2025-12-01 19:35:00+00:00,427.24,427.66,426.81,427.36,506019.0
2025-12-01 19:40:00+00:00,427.38,427.41,426.55,426.7,354100.0
2025-12-01 19:45:00+00:00,426.6925,427.09,426.49,426.6299,367729.0
2025-12-01 19:50:00+00:00,426.63,427.2,426.31,426.85,467066.0
2025-12-01 19:55:00+00:00,426.82,426.9445,426.45,426.5225,337866.0
2025-12-01 20:00:00+00:00,426.52,427.1,426.34,427.0405,396857.0
2025-12-01 20:05:00+00:00,427.0201,427.59,426.93,427.3,462681.0
2025-12-01 20:10:00+00:00,427.28,428.1,427.24,427.994,518046.0
2025-12-01 20:15:00+00:00,427.994,428.0,427.5,427.78,355449.0
2025-12-01 20:20:00+00:00,427.786,428.6,427.7,428.36,557466.0
2025-12-01 20:25:00+00:00,428.37,428.88,428.23,428.8,448675.0
2025-12-01 20:30:00+00:00,428.84,429.39,428.54,428.97,702299.0
2025-12-01 20:35:00+00:00,428.99,429.7,428.943141,429.625,698501.0
2025-12-01 20:40:00+00:00,429.65,429.72,428.95,429.31,576508.0
2025-12-01 20:45:00+00:00,429.3,429.56,428.67,429.361,574391.0
2025-12-01 20:50:00+00:00,429.37,429.72,428.948,429.65,718899.0
2025-12-01 20:55:00+00:00,429.62,430.3,429.3101,430.26,1613941.0
2025-12-01 21:00:00+00:00,430.14,430.99,430.02,430.62,198122.0
2025-12-01 21:05:00+00:00,430.7,430.7,430.14,430.3363,68873.0
2025-12-01 21:10:00+00:00,430.5,430.59,430.14,430.4825,21009.0
2025-12-01 21:15:00+00:00,430.47,430.53,430.18,430.4,18786.0
2025-12-01 21:20:00+00:00,430.4403,430.5865,430.14,430.41,16778.0
2025-12-01 21:25:00+00:00,430.439,430.57,430.26,430.26,15183.0
2025-12-01 21:30:00+00:00,430.26,430.49,430.14,430.3801,10168.0
2025-12-01 21:35:00+00:00,430.38,430.38,430.01,430.06,30142.0
2025-12-01 21:40:00+00:00,430.0514,430.06,429.5,429.55,41765.0
2025-12-01 21:45:00+00:00,429.66,429.8099,429.51,429.8099,13302.0
2025-12-01 21:50:00+00:00,429.7803,429.9,429.6716,429.77,7185.0
2025-12-01 21:55:00+00:00,429.8,429.8,429.42,429.42,23542.0
2025-12-01 22:00:00+00:00,429.41,429.5,429.35,429.45,12006.0
2025-12-01 22:05:00+00:00,429.45,429.66,429.43,429.43,10805.0
2025-12-01 22:10:00+00:00,429.4205,429.7095,429.4205,429.44,7638.0
2025-12-01 22:15:00+00:00,429.6,429.62,429.42,429.5,8588.0
2025-12-01 22:20:00+00:00,429.52,429.5735,429.5,429.56,4860.0
2025-12-01 22:25:00+00:00,429.5,429.62,429.5,429.6,4699.0
2025-12-01 22:30:00+00:00,429.61,429.68,429.57,429.68,7459.0
2025-12-01 22:35:00+00:00,429.69,429.75,429.69,429.7201,4053.0
2025-12-01 22:40:00+00:00,429.7275,429.96,429.72,429.82,5325.0
2025-12-01 22:45:00+00:00,429.95,430.11,429.85,429.85,5553.0
2025-12-01 22:50:00+00:00,429.8375,430.0,429.8375,430.0,8200.0
2025-12-01 22:55:00+00:00,430.14,430.21,429.89,429.95,6485.0
2025-12-01 23:00:00+00:00,429.95,430.14,429.83,430.08,5909.0
2025-12-01 23:05:00+00:00,430.08,430.1463,429.48,429.5,9044.0
2025-12-01 23:10:00+00:00,429.5,429.55,429.3118,429.55,9667.0
2025-12-01 23:15:00+00:00,429.6,429.9,429.52,429.75,5220.0
2025-12-01 23:20:00+00:00,429.6028,429.9139,429.6,429.75,7293.0
2025-12-01 23:25:00+00:00,429.651,429.74,429.6,429.65,6750.0
2025-12-01 23:30:00+00:00,429.64,429.65,429.4,429.5843,5557.0
2025-12-01 23:35:00+00:00,429.49,429.61,429.4,429.46,7686.0
2025-12-01 23:40:00+00:00,429.5,429.5,429.3811,429.48,3814.0
2025-12-01 23:45:00+00:00,429.47,429.5,429.3,429.44,6186.0
2025-12-01 23:50:00+00:00,429.44,429.49,429.38,429.47,2845.0
2025-12-01 23:55:00+00:00,429.4575,429.47,429.3,429.35,3292.0
2025-12-02 00:00:00+00:00,429.35,429.35,429.0006,429.05,11008.0
2025-12-02 00:05:00+00:00,429.06,429.06,428.8989,428.8989,18546.0
2025-12-02 00:10:00+00:00,428.95,429.4,428.91,429.1,9401.0
2025-12-02 00:15:00+00:00,429.0704,429.13,429.0688,429.13,3419.0
2025-12-02 00:20:00+00:00,429.12,429.12,429.05,429.05,2830.0
2025-12-02 00:25:00+00:00,429.074,429.1,428.95,428.95,9470.0
2025-12-02 00:30:00+00:00,428.93,429.18,428.93,429.1,6175.0
2025-12-02 00:35:00+00:00,429.08,429.2,429.0,429.12,2922.0
2025-12-02 00:40:00+00:00,429.15,429.17,429.0602,429.12,4973.0
2025-12-02 00:45:00+00:00,429.132,429.15,429.0,429.02,6107.0
2025-12-02 00:50:00+00:00,429.0003,429.05,428.89,428.89,10836.0
2025-12-02 00:55:00+00:00,428.9,428.91,428.55,428.6,20616.0
