Datetime,Open,High,Low,Close,Volume
2025-11-03 09:00:00+00:00,203.99,204.35,203.5,203.85,129412.0
2025-11-03 09:05:00+00:00,203.87,204.53,203.87,204.53,89568.0
2025-11-03 09:10:00+00:00,204.5,204.59,204.28,204.58,56641.0
2025-11-03 09:15:00+00:00,204.58,204.69,204.44,204.52,54880.0
2025-11-03 09:20:00+00:00,204.47,204.64,204.34,204.64,28917.0
2025-11-03 09:25:00+00:00,204.66,204.7,204.63,204.63,21633.0
2025-11-03 09:30:00+00:00,204.64,205.03,204.64,204.89,56513.0
2025-11-03 09:35:00+00:00,204.93,205.28,204.85,205.14,58638.0
2025-11-03 09:40:00+00:00,205.19,205.79,205.17,205.71,111480.0
2025-11-03 09:45:00+00:00,205.7,205.8,205.12,205.3,87426.0
2025-11-03 09:50:00+00:00,205.27,205.58,205.1,205.47,73146.0
2025-11-03 09:55:00+00:00,205.44,205.54,205.27,205.48,39114.0
2025-11-03 10:00:00+00:00,205.46,205.53,205.23,205.3,25198.0
2025-11-03 10:05:00+00:00,205.35,205.39,205.27,205.27,10469.0
2025-11-03 10:10:00+00:00,205.34,205.38,205.09,205.25,43549.0
2025-11-03 10:15:00+00:00,205.25,205.39,205.24,205.25,34158.0
2025-11-03 10:20:00+00:00,205.27,205.44,205.27,205.33,17500.0
2025-11-03 10:25:00+00:00,205.38,205.38,205.12,205.24,34348.0
2025-11-03 10:30:00+00:00,205.2,205.2,204.95,205.04,37716.0
2025-11-03 10:35:00+00:00,205.05,205.18,205.02,205.18,11908.0
2025-11-03 10:40:00+00:00,205.23,205.37,205.2,205.21,15720.0
2025-11-03 10:45:00+00:00,205.25,205.37,205.11,205.32,28932.0
2025-11-03 10:50:00+00:00,205.2,205.35,205.2,205.28,15193.0
2025-11-03 10:55:00+00:00,205.31,205.35,205.14,205.15,25397.0
2025-11-03 11:00:00+00:00,205.18,205.8,205.18,205.71,171019.0
2025-11-03 11:05:00+00:00,205.7,206.1,205.7,206.09,158072.0
2025-11-03 11:10:00+00:00,206.1,206.25,205.95,206.05,57747.0
2025-11-03 11:15:00+00:00,206.08,206.31,206.07,206.23,45619.0
2025-11-03 11:20:00+00:00,206.25,206.35,205.85,206.0,54183.0
2025-11-03 11:25:00+00:00,205.94,206.0,205.75,205.96,35616.0
2025-11-03 11:30:00+00:00,206.0,206.08,205.92,206.08,28617.0
2025-11-03 11:35:00+00:00,206.1,206.18,205.9,205.91,37320.0
2025-11-03 11:40:00+00:00,205.95,206.01,205.72,206.0,26290.0
2025-11-03 11:45:00+00:00,205.97,206.05,205.9,206.05,17941.0
2025-11-03 11:50:00+00:00,206.05,206.09,205.85,205.85,41120.0
2025-11-03 11:55:00+00:00,205.85,205.87,205.67,205.73,44844.0
2025-11-03 12:00:00+00:00,205.7,206.27,205.61,206.15,365769.0
2025-11-03 12:05:00+00:00,206.1,206.82,206.1,206.8,170801.0
2025-11-03 12:10:00+00:00,206.81,206.89,206.68,206.77,84892.0
2025-11-03 12:15:00+00:00,206.79,206.9,206.42,206.52,75670.0
2025-11-03 12:20:00+00:00,206.53,206.53,206.37,206.48,26143.0
2025-11-03 12:25:00+00:00,206.46,206.46,206.2,206.36,36345.0
2025-11-03 12:30:00+00:00,206.35,206.77,206.35,206.68,49551.0
2025-11-03 12:35:00+00:00,206.73,206.76,206.351,206.46,28291.0
2025-11-03 12:40:00+00:00,206.47,206.55,206.44,206.481,20827.0
2025-11-03 12:45:00+00:00,206.48,206.52,206.32,206.4,40520.0
2025-11-03 12:50:00+00:00,206.39,206.4,206.2,206.33,58255.0
2025-11-03 12:55:00+00:00,206.32,206.42,206.28,206.4,52618.0
2025-11-03 13:00:00+00:00,205.74,206.89,203.1,206.0,1141231.0
2025-11-03 13:05:00+00:00,206.0,206.1,205.92,206.0,118828.0
2025-11-03 13:10:00+00:00,205.98,206.43,205.9,206.42,142151.0
2025-11-03 13:15:00+00:00,206.4,206.43,206.2694,206.3681,89155.0
2025-11-03 13:20:00+00:00,206.37,206.57,206.2373,206.43,110547.0
2025-11-03 13:25:00+00:00,206.4,206.48,206.22,206.3,64505.0
2025-11-03 13:30:00+00:00,206.311,206.69,206.31,206.67,124954.0
2025-11-03 13:35:00+00:00,206.68,206.74,206.5,206.6009,104275.0
2025-11-03 13:40:00+00:00,206.63,206.94,206.6,206.9,166815.0
2025-11-03 13:45:00+00:00,206.9,206.99,206.85,206.9187,226813.0
2025-11-03 13:50:00+00:00,206.9013,206.92,206.71,206.92,133386.0
2025-11-03 13:55:00+00:00,206.9194,206.95,206.8,206.9,115739.0
2025-11-03 14:00:00+00:00,206.8701,208.55,206.8701,208.21,1410216.0
2025-11-03 14:05:00+00:00,208.15,208.55,207.54,207.6401,458243.0
2025-11-03 14:10:00+00:00,207.64,207.75,207.4,207.414,257702.0
2025-11-03 14:15:00+00:00,207.44,207.55,207.3049,207.53,174004.0
2025-11-03 14:20:00+00:00,207.52,207.5297,207.3,207.4437,126409.0
2025-11-03 14:25:00+00:00,207.42,208.1,207.29,208.09,277695.0
2025-11-03 14:30:00+00:00,208.08,209.45,207.55,208.4212,9763661.0
2025-11-03 14:35:00+00:00,208.445,208.47,207.28,207.9551,4634555.0
2025-11-03 14:40:00+00:00,207.9684,208.85,207.88,208.1325,3195141.0
2025-11-03 14:45:00+00:00,208.1177,208.41,207.6001,207.695,2603974.0
2025-11-03 14:50:00+00:00,207.675,208.26,207.1,207.81,2689449.0
2025-11-03 14:55:00+00:00,207.82,208.15,207.48,207.61,1864512.0
2025-11-03 15:00:00+00:00,207.64,207.7399,207.1,207.3999,2062323.0
2025-11-03 15:05:00+00:00,207.39,207.74,206.8,207.57,2853747.0
2025-11-03 15:10:00+00:00,207.59,208.39,207.56,208.0732,2445233.0
2025-11-03 15:15:00+00:00,208.07,208.36,207.485,207.907,2326648.0
2025-11-03 15:20:00+00:00,207.895,208.44,207.635,208.25,1708641.0
2025-11-03 15:25:00+00:00,208.23,208.24,207.49,207.795,2114105.0
2025-11-03 15:30:00+00:00,207.795,207.89,207.5201,207.6351,1571280.0
2025-11-03 15:35:00+00:00,207.6222,207.96,207.515,207.7001,1848135.0
2025-11-03 15:40:00+00:00,207.718,208.28,207.695,208.05,1867855.0
2025-11-03 15:45:00+00:00,208.04,208.12,207.03,207.5299,1893707.0
2025-11-03 15:50:00+00:00,207.52,207.97,207.51,207.7173,1247429.0
2025-11-03 15:55:00+00:00,207.73,208.21,207.7,208.0818,1313542.0
2025-11-03 16:00:00+00:00,208.0999,208.13,207.7901,207.99,938461.0
2025-11-03 16:05:00+00:00,207.98,208.13,207.8301,208.0299,946124.0
2025-11-03 16:10:00+00:00,208.03,208.52,207.9559,208.433,2074859.0
2025-11-03 16:15:00+00:00,208.435,208.54,208.1,208.375,1120440.0
2025-11-03 16:20:00+00:00,208.37,208.4558,207.99,208.0959,1154421.0
2025-11-03 16:25:00+00:00,208.09,208.13,207.728,207.915,1210008.0
2025-11-03 16:30:00+00:00,207.915,208.2,207.7,208.0861,1018738.0
2025-11-03 16:35:00+00:00,208.09,208.5,208.02,208.2801,1143813.0
2025-11-03 16:40:00+00:00,208.2899,208.52,208.0518,208.1039,1034145.0
2025-11-03 16:45:00+00:00,208.1041,208.235,207.81,207.93,1244290.0
2025-11-03 16:50:00+00:00,207.94,208.63,207.89,208.525,1707555.0
2025-11-03 16:55:00+00:00,208.53,209.51,208.51,209.1769,3407931.0
2025-11-03 17:00:00+00:00,209.17,209.23,208.82,208.91,1556839.0
2025-11-03 17:05:00+00:00,208.9,209.12,208.77,209.07,1167496.0
2025-11-03 17:10:00+00:00,209.0654,209.24,208.935,209.14,1053387.0
2025-11-03 17:15:00+00:00,209.14,209.53,209.105,209.5197,2383880.0
2025-11-03 17:20:00+00:00,209.53,209.89,209.495,209.59,2271123.0
2025-11-03 17:25:00+00:00,209.5999,209.64,209.06,209.42,1728222.0
2025-11-03 17:30:00+00:00,209.42,210.16,209.39,210.15,3639190.0
2025-11-03 17:35:00+00:00,210.1594,210.3299,209.95,210.0099,2573182.0
2025-11-03 17:40:00+00:00,210.01,210.25,209.825,210.0,1613931.0
2025-11-03 17:45:00+00:00,210.0,210.12,209.88,209.8899,1149788.0
2025-11-03 17:50:00+00:00,209.89,210.225,209.86,210.2198,1244351.0
2025-11-03 17:55:00+00:00,210.215,210.5595,210.2,210.455,1804913.0
2025-11-03 18:00:00+00:00,210.455,210.99,210.41,210.985,2003691.0
2025-11-03 18:05:00+00:00,210.9801,211.335,210.92,211.065,2818192.0
2025-11-03 18:10:00+00:00,211.07,211.1599,210.9,211.0001,1770493.0
2025-11-03 18:15:00+00:00,211.0099,211.13,210.94,211.02,1314585.0
2025-11-03 18:20:00+00:00,211.015,211.2,210.93,211.1401,1531068.0
2025-11-03 18:25:00+00:00,211.14,211.32,210.9,210.9599,1990279.0
2025-11-03 18:30:00+00:00,210.955,211.055,210.55,210.565,1670635.0
2025-11-03 18:35:00+00:00,210.565,210.67,210.4,210.46,1488927.0
2025-11-03 18:40:00+00:00,210.4595,210.61,210.24,210.245,1763833.0
2025-11-03 18:45:00+00:00,210.25,210.2699,209.95,210.035,1507062.0
2025-11-03 18:50:00+00:00,210.04,210.04,209.33,209.62,2423109.0
2025-11-03 18:55:00+00:00,209.61,209.735,209.415,209.42,1490566.0
2025-11-03 19:00:00+00:00,209.41,209.56,208.35,208.66,2809081.0
2025-11-03 19:05:00+00:00,208.67,209.05,208.62,208.76,2445301.0
2025-11-03 19:10:00+00:00,208.74,209.145,208.68,208.88,1593937.0
2025-11-03 19:15:00+00:00,208.88,208.9,208.1201,208.208,1917844.0
2025-11-03 19:20:00+00:00,208.21,208.31,207.85,207.98,2096854.0
2025-11-03 19:25:00+00:00,207.985,207.985,207.5,207.705,1959204.0
2025-11-03 19:30:00+00:00,207.69,208.1351,207.28,207.5601,2577164.0
2025-11-03 19:35:00+00:00,207.56,207.76,207.4,207.405,1650733.0
2025-11-03 19:40:00+00:00,207.405,207.9768,206.9241,207.48,2549894.0
2025-11-03 19:45:00+00:00,207.475,207.94,207.42,207.5033,1642841.0
2025-11-03 19:50:00+00:00,207.5094,208.09,207.49,208.04,1717081.0
2025-11-03 19:55:00+00:00,208.035,208.38,207.96,208.2445,2088269.0
2025-11-03 20:00:00+00:00,208.25,208.43,208.11,208.1341,1074579.0
2025-11-03 20:05:00+00:00,208.11,208.23,207.92,207.975,1092972.0
2025-11-03 20:10:00+00:00,207.975,207.975,205.56,207.55,1437357.0
2025-11-03 20:15:00+00:00,207.56,207.79,207.47,207.5735,1230131.0
2025-11-03 20:20:00+00:00,207.575,207.79,207.11,207.1123,1378755.0
2025-11-03 20:25:00+00:00,207.12,207.22,206.83,207.0799,1583478.0
2025-11-03 20:30:00+00:00,207.08,207.15,206.62,206.67,1636021.0
2025-11-03 20:35:00+00:00,206.6611,206.94,206.33,206.9399,1845863.0
2025-11-03 20:40:00+00:00,206.94,207.28,206.91,207.27,1520733.0
2025-11-03 20:45:00+00:00,207.2793,207.32,206.77,207.015,1503504.0
2025-11-03 20:50:00+00:00,207.02,207.48,206.65,207.166,2459872.0
2025-11-03 20:55:00+00:00,207.16,207.17,206.5001,207.02,4969288.0
2025-11-03 21:00:00+00:00,206.88,207.15,206.88,207.12,1154639.0
2025-11-03 21:05:00+00:00,207.14,207.3,206.9,207.28,206383.0
2025-11-03 21:10:00+00:00,207.3,207.57,207.05,207.21,148051.0
2025-11-03 21:15:00+00:00,207.22,207.25,206.9,206.98,87415.0
2025-11-03 21:20:00+00:00,206.92,207.22,206.92,207.11,56812.0
2025-11-03 21:25:00+00:00,207.15,207.32,207.1,207.24,42226.0
2025-11-03 21:30:00+00:00,207.31,207.31,207.1,207.13,45172.0
2025-11-03 21:35:00+00:00,207.13,208.3849,207.0902,207.24,38771.0
2025-11-03 21:40:00+00:00,207.24,207.38,207.21,207.3139,47826.0
2025-11-03 21:45:00+00:00,207.33,207.45,207.3,207.37,55457.0
2025-11-03 21:50:00+00:00,207.37,207.5,207.37,207.46,66621.0
2025-11-03 21:55:00+00:00,207.46,207.46,207.25,207.31,73852.0
2025-11-03 22:00:00+00:00,207.2301,207.4,207.2301,207.355,21073.0
2025-11-03 22:05:00+00:00,207.39,207.4,207.29,207.39,25278.0
2025-11-03 22:10:00+00:00,207.3325,207.4,207.33,207.36,11006.0
2025-11-03 22:15:00+00:00,207.4,207.4887,207.37,207.4381,18322.0
2025-11-03 22:20:00+00:00,207.43,207.5,207.4,207.43,31230.0
2025-11-03 22:25:00+00:00,207.4297,207.43,207.31,207.32,27371.0
2025-11-03 22:30:00+00:00,207.42,207.42,207.29,207.3099,14258.0
2025-11-03 22:35:00+00:00,207.3003,207.33,207.27,207.31,23976.0
2025-11-03 22:40:00+00:00,207.29,207.31,207.23,207.2611,14046.0
2025-11-03 22:45:00+00:00,207.29,207.31,207.25,207.2513,18051.0
2025-11-03 22:50:00+00:00,207.2513,207.3,207.25,207.2798,19142.0
2025-11-03 22:55:00+00:00,207.27,207.29,207.19,207.2,26282.0
2025-11-03 23:00:00+00:00,207.16,207.16,207.05,207.0503,23984.0
2025-11-03 23:05:00+00:00,207.06,207.11,207.0,207.0,44866.0
2025-11-03 23:10:00+00:00,207.0,207.09,206.88,207.03,25925.0
2025-11-03 23:15:00+00:00,207.04,207.09,207.0,207.07,21452.0
2025-11-03 23:20:00+00:00,207.08,207.08,207.02,207.07,21082.0
2025-11-03 23:25:00+00:00,207.08,207.2,207.07,207.18,29467.0
2025-11-03 23:30:00+00:00,207.15,207.29,207.15,207.29,30992.0
2025-11-03 23:35:00+00:00,207.25,207.3002,207.12,207.13,17465.0
2025-11-03 23:40:00+00:00,207.11,207.2,207.1,207.12,9975.0
2025-11-03 23:45:00+00:00,207.11,207.2,207.0806,207.18,6994.0
2025-11-03 23:50:00+00:00,207.18,207.2,207.141,207.15,9319.0
2025-11-03 23:55:00+00:00,207.1499,207.23,207.1401,207.22,10019.0
2025-11-04 00:00:00+00:00,207.23,207.23,207.15,207.1981,21308.0
2025-11-04 00:05:00+00:00,207.19,207.2,207.09,207.0901,18041.0
2025-11-04 00:10:00+00:00,207.0901,207.1474,207.09,207.1,16364.0
2025-11-04 00:15:00+00:00,207.1,207.11,206.88,206.88,46336.0
2025-11-04 00:20:00+00:00,206.9789,206.9789,206.62,206.7004,53549.0
2025-11-04 00:25:00+00:00,206.7014,206.7392,206.49,206.5,89099.0
2025-11-04 00:30:00+00:00,206.5,206.6,206.38,206.38,36643.0
2025-11-04 00:35:00+00:00,206.3609,206.5,206.31,206.4,38986.0
2025-11-04 00:40:00+00:00,206.36,206.5,206.33,206.42,24562.0
2025-11-04 00:45:00+00:00,206.4145,206.6,206.4,206.55,37227.0
2025-11-04 00:50:00+00:00,206.52,206.5399,206.3999,206.4,42674.0
2025-11-04 00:55:00+00:00,206.4,206.65,206.4,206.6,44737.0
2025-11-04 09:00:00+00:00,204.05,205.02,203.82,203.88,79592.0
2025-11-04 09:05:00+00:00,203.84,203.9,203.16,203.3,85926.0
2025-11-04 09:10:00+00:00,203.31,203.84,203.31,203.47,33348.0
2025-11-04 09:15:00+00:00,203.5,203.57,203.3,203.42,31505.0
2025-11-04 09:20:00+00:00,203.35,203.39,202.88,202.9,62691.0
2025-11-04 09:25:00+00:00,202.88,203.3,202.8,203.15,46592.0
2025-11-04 09:30:00+00:00,203.18,203.52,203.04,203.19,40825.0
2025-11-04 09:35:00+00:00,203.19,203.26,202.8,203.1,46687.0
2025-11-04 09:40:00+00:00,203.08,203.45,202.8,202.8,53040.0
2025-11-04 09:45:00+00:00,202.8,202.97,202.6,202.77,81085.0
2025-11-04 09:50:00+00:00,202.79,202.94,202.46,202.47,55186.0
2025-11-04 09:55:00+00:00,202.47,202.76,202.21,202.3,82072.0
2025-11-04 10:00:00+00:00,202.22,202.23,201.5,201.51,200586.0
2025-11-04 10:05:00+00:00,201.52,201.96,201.44,201.76,95752.0
2025-11-04 10:10:00+00:00,201.79,202.09,201.79,201.9,43948.0
2025-11-04 10:15:00+00:00,201.91,202.28,201.84,202.25,50436.0
2025-11-04 10:20:00+00:00,202.27,202.6,202.26,202.41,43151.0
2025-11-04 10:25:00+00:00,202.39,202.46,202.1,202.46,35080.0
2025-11-04 10:30:00+00:00,202.45,202.95,202.4,202.91,79802.0
2025-11-04 10:35:00+00:00,202.92,203.01,202.65,203.0,53508.0
2025-11-04 10:40:00+00:00,202.97,203.03,202.81,202.96,50547.0
2025-11-04 10:45:00+00:00,202.95,203.1,202.85,203.04,31359.0
2025-11-04 10:50:00+00:00,203.06,203.09,202.63,202.68,48244.0
2025-11-04 10:55:00+00:00,202.65,202.72,202.6,202.66,38647.0
2025-11-04 11:00:00+00:00,202.63,202.91,202.6,202.87,25057.0
2025-11-04 11:05:00+00:00,202.91,202.97,202.63,202.7,20375.0
2025-11-04 11:10:00+00:00,202.69,202.7,202.45,202.7,28798.0
2025-11-04 11:15:00+00:00,202.75,202.9,202.7,202.7,25230.0
2025-11-04 11:20:00+00:00,202.72,203.14,202.6,203.14,29091.0
2025-11-04 11:25:00+00:00,203.12,203.24,203.01,203.09,28342.0
2025-11-04 11:30:00+00:00,203.06,203.33,203.01,203.08,36162.0
2025-11-04 11:35:00+00:00,203.08,203.12,202.84,203.12,35614.0
2025-11-04 11:40:00+00:00,203.1,203.22,202.9,203.09,46009.0
2025-11-04 11:45:00+00:00,203.11,203.16,202.95,203.15,43363.0
2025-11-04 11:50:00+00:00,203.14,203.3,203.1,203.19,48666.0
2025-11-04 11:55:00+00:00,203.18,203.31,203.13,203.16,54678.0
2025-11-04 12:00:00+00:00,203.23,203.34,202.68,202.8,267046.0
2025-11-04 12:05:00+00:00,202.81,203.03,202.71,202.73,75484.0
2025-11-04 12:10:00+00:00,202.75,202.82,202.27,202.65,138711.0
2025-11-04 12:15:00+00:00,202.61,203.07,202.61,203.07,107251.0
2025-11-04 12:20:00+00:00,203.08,203.1,202.89,202.97,56955.0
2025-11-04 12:25:00+00:00,202.95,203.42,202.89,203.4,45871.0
2025-11-04 12:30:00+00:00,203.37,203.54,203.21,203.21,67054.0
2025-11-04 12:35:00+00:00,203.2,203.33,202.75,202.81,96520.0
2025-11-04 12:40:00+00:00,202.85,203.07,202.85,202.92,46023.0
2025-11-04 12:45:00+00:00,202.91,203.07,202.74,203.0,43403.0
2025-11-04 12:50:00+00:00,203.0,203.17,202.97,203.09,41348.0
2025-11-04 12:55:00+00:00,203.08,203.1,202.65,202.8,50743.0
2025-11-04 13:00:00+00:00,203.01,205.76,201.44,203.17,1913154.0
2025-11-04 13:05:00+00:00,203.1301,203.15,202.83,202.9096,106405.0
2025-11-04 13:10:00+00:00,202.9098,202.97,202.75,202.84,257130.0
2025-11-04 13:15:00+00:00,202.82,202.98,202.64,202.66,141523.0
2025-11-04 13:20:00+00:00,202.6581,203.08,202.38,202.4,203942.0
2025-11-04 13:25:00+00:00,202.38,202.4,201.96,201.99,259307.0
2025-11-04 13:30:00+00:00,201.99,202.38,201.92,202.07,163362.0
2025-11-04 13:35:00+00:00,202.02,202.2,201.84,202.1994,258630.0
2025-11-04 13:40:00+00:00,202.2,202.5,202.0533,202.19,193227.0
2025-11-04 13:45:00+00:00,202.2,202.46,202.0,202.28,144860.0
2025-11-04 13:50:00+00:00,202.27,202.7,202.23,202.5501,115267.0
2025-11-04 13:55:00+00:00,202.55,202.75,202.3,202.4,115477.0
2025-11-04 14:00:00+00:00,202.44,202.55,202.0,202.24,187196.0
2025-11-04 14:05:00+00:00,202.23,202.32,202.1168,202.14,111644.0
2025-11-04 14:10:00+00:00,202.11,202.72,202.04,202.47,282616.0
2025-11-04 14:15:00+00:00,202.5,202.9,202.47,202.82,110447.0
2025-11-04 14:20:00+00:00,202.78,202.81,202.48,202.77,98890.0
2025-11-04 14:25:00+00:00,202.75,203.25,202.11,202.99,262002.0
2025-11-04 14:30:00+00:00,203.0,203.1,200.9,201.22,8552914.0
2025-11-04 14:35:00+00:00,201.215,202.04,200.9,201.38,4258019.0
2025-11-04 14:40:00+00:00,201.3722,202.7305,201.24,202.4,3552726.0
2025-11-04 14:45:00+00:00,202.38,203.075,202.24,202.9401,2790264.0
2025-11-04 14:50:00+00:00,202.94,203.9699,202.6228,203.855,3337163.0
2025-11-04 14:55:00+00:00,203.855,203.96,203.25,203.8,2620590.0
2025-11-04 15:00:00+00:00,203.8,203.8599,203.03,203.3815,2101608.0
2025-11-04 15:05:00+00:00,203.39,203.49,202.3,202.49,2637748.0
2025-11-04 15:10:00+00:00,202.4854,202.75,202.2,202.45,2563504.0
2025-11-04 15:15:00+00:00,202.45,202.94,202.02,202.8299,2096056.0
2025-11-04 15:20:00+00:00,202.81,202.88,202.12,202.3201,1741641.0
2025-11-04 15:25:00+00:00,202.33,202.52,201.645,201.6595,2645530.0
2025-11-04 15:30:00+00:00,201.645,201.7899,201.18,201.56,2490486.0
2025-11-04 15:35:00+00:00,201.55,202.24,201.4441,202.01,2536259.0
2025-11-04 15:40:00+00:00,202.01,202.4,201.8635,202.31,1945610.0
2025-11-04 15:45:00+00:00,202.31,202.36,201.8107,201.925,1496236.0
2025-11-04 15:50:00+00:00,201.92,202.3,201.43,201.69,2089080.0
2025-11-04 15:55:00+00:00,201.68,201.72,201.155,201.6299,2028962.0
2025-11-04 16:00:00+00:00,201.625,201.935,201.365,201.79,1938780.0
2025-11-04 16:05:00+00:00,201.78,201.99,201.395,201.4801,1493713.0
2025-11-04 16:10:00+00:00,201.49,201.58,201.04,201.55,2060898.0
2025-11-04 16:15:00+00:00,201.54,201.66,201.11,201.13,1660368.0
2025-11-04 16:20:00+00:00,201.125,201.38,200.9241,201.32,2412930.0
2025-11-04 16:25:00+00:00,201.3,201.93,201.03,201.85,1841875.0
2025-11-04 16:30:00+00:00,201.85,201.905,201.64,201.8,1386944.0
2025-11-04 16:35:00+00:00,201.79,202.175,201.73,202.085,1631987.0
2025-11-04 16:40:00+00:00,202.0761,202.3,201.86,201.995,1241417.0
2025-11-04 16:45:00+00:00,201.98,202.05,201.57,201.6099,1343610.0
2025-11-04 16:50:00+00:00,201.61,201.73,201.38,201.73,1362343.0
2025-11-04 16:55:00+00:00,201.73,201.74,201.04,201.5,1516533.0
2025-11-04 17:00:00+00:00,201.49,201.55,201.03,201.315,1126090.0
2025-11-04 17:05:00+00:00,201.31,201.318,200.51,200.83,2343246.0
2025-11-04 17:10:00+00:00,200.82,201.03,200.61,200.73,1666314.0
2025-11-04 17:15:00+00:00,200.75,200.8699,199.9,199.945,4231810.0
2025-11-04 17:20:00+00:00,199.945,200.66,199.8,200.595,2210439.0
2025-11-04 17:25:00+00:00,200.595,201.02,200.45,200.975,1664959.0
2025-11-04 17:30:00+00:00,200.97,201.13,200.75,200.82,1433934.0
2025-11-04 17:35:00+00:00,200.8098,201.22,200.72,200.75,1460619.0
2025-11-04 17:40:00+00:00,200.76,200.77,200.26,200.6339,1355922.0
2025-11-04 17:45:00+00:00,200.635,201.215,200.635,200.975,1281940.0
2025-11-04 17:50:00+00:00,200.97,201.24,200.5,200.53,1216774.0
2025-11-04 17:55:00+00:00,200.53,200.6999,200.4,200.625,1060807.0
2025-11-04 18:00:00+00:00,200.62,200.77,200.28,200.4,1821421.0
2025-11-04 18:05:00+00:00,200.395,200.55,200.2,200.36,873050.0
2025-11-04 18:10:00+00:00,200.3658,200.455,200.03,200.37,1064940.0
2025-11-04 18:15:00+00:00,200.36,200.48,199.8401,199.95,1512919.0
2025-11-04 18:20:00+00:00,199.95,200.57,199.95,200.365,1250716.0
2025-11-04 18:25:00+00:00,200.37,200.44,199.8,199.8251,1397067.0
2025-11-04 18:30:00+00:00,199.825,200.19,199.5,199.835,2029593.0
2025-11-04 18:35:00+00:00,199.83,199.9,199.215,199.275,1477725.0
2025-11-04 18:40:00+00:00,199.28,200.03,199.2001,199.9959,1917946.0
2025-11-04 18:45:00+00:00,200.0,200.16,199.83,200.045,1451043.0
2025-11-04 18:50:00+00:00,200.045,200.85,200.04,200.705,1658187.0
2025-11-04 18:55:00+00:00,200.705,200.78,200.24,200.37,1435163.0
2025-11-04 19:00:00+00:00,200.36,200.76,200.32,200.51,1262152.0
2025-11-04 19:05:00+00:00,200.52,200.54,199.83,199.9,1442288.0
2025-11-04 19:10:00+00:00,199.895,200.33,199.8207,199.985,1299115.0
2025-11-04 19:15:00+00:00,199.98,200.2599,199.8815,200.025,1041804.0
2025-11-04 19:20:00+00:00,200.03,200.26,199.88,200.235,1343581.0
2025-11-04 19:25:00+00:00,200.235,200.39,200.095,200.19,1057314.0
2025-11-04 19:30:00+00:00,200.18,200.23,199.76,200.037,1233213.0
2025-11-04 19:35:00+00:00,200.03,200.05,199.01,199.01,1970030.0
2025-11-04 19:40:00+00:00,199.01,199.23,198.75,198.99,2432011.0
2025-11-04 19:45:00+00:00,198.985,199.24,198.63,198.67,1637270.0
2025-11-04 19:50:00+00:00,198.6701,199.08,198.58,198.94,1707252.0
2025-11-04 19:55:00+00:00,198.95,199.33,198.77,199.065,1619428.0
2025-11-04 20:00:00+00:00,199.0799,199.26,198.91,199.08,1095969.0
2025-11-04 20:05:00+00:00,199.08,199.52,199.06,199.39,1428720.0
2025-11-04 20:10:00+00:00,199.39,199.84,199.23,199.79,1384501.0
2025-11-04 20:15:00+00:00,199.79,199.96,199.58,199.635,1518466.0
2025-11-04 20:20:00+00:00,199.63,199.675,199.23,199.5801,1537809.0
2025-11-04 20:25:00+00:00,199.59,199.94,199.3501,199.885,1377642.0
2025-11-04 20:30:00+00:00,199.89,199.91,199.39,199.66,1245774.0
2025-11-04 20:35:00+00:00,199.67,199.955,199.5548,199.58,1559771.0
2025-11-04 20:40:00+00:00,199.575,200.02,199.435,199.95,2046589.0
2025-11-04 20:45:00+00:00,199.9455,200.26,199.74,199.85,2042365.0
2025-11-04 20:50:00+00:00,199.86,199.95,198.5,198.53,3391010.0
2025-11-04 20:55:00+00:00,198.5254,199.03,197.93,198.71,9454276.0
2025-11-04 21:00:00+00:00,198.71,200.0,198.69,199.16,1239077.0
2025-11-04 21:05:00+00:00,199.15,199.35,197.8,197.82,338855.0
2025-11-04 21:10:00+00:00,197.82,198.69,197.3015,197.4,494457.0
2025-11-04 21:15:00+00:00,197.38,198.852092,196.73,197.7999,566235.0
2025-11-04 21:20:00+00:00,197.79,198.1,197.3301,197.51,205385.0
2025-11-04 21:25:00+00:00,197.51,198.1,197.1,197.58,253011.0
2025-11-04 21:30:00+00:00,197.58,197.79,196.5145,196.82,199477.0
2025-11-04 21:35:00+00:00,196.796,197.2,196.49,197.1,182850.0
2025-11-04 21:40:00+00:00,197.07,197.55,196.96,197.55,111623.0
2025-11-04 21:45:00+00:00,197.5795,198.68,197.46,198.28,196383.0
2025-11-04 21:50:00+00:00,198.32,198.5,198.0,198.1,87568.0
2025-11-04 21:55:00+00:00,198.001,198.23,197.93,197.9306,67878.0
2025-11-04 22:00:00+00:00,197.93,198.3,197.91,198.09,42958.0
2025-11-04 22:05:00+00:00,198.1,198.6001,198.0,198.6001,71238.0
2025-11-04 22:10:00+00:00,198.64,198.69,198.2,198.2142,97428.0
2025-11-04 22:15:00+00:00,198.25,198.2895,197.8175,198.1,80634.0
2025-11-04 22:20:00+00:00,198.1,198.5,198.0,198.17,82693.0
2025-11-04 22:25:00+00:00,198.19,198.3387,197.72,197.8928,58141.0
2025-11-04 22:30:00+00:00,197.81,197.9,197.31,197.31,70584.0
2025-11-04 22:35:00+00:00,197.32,197.65,197.32,197.32,55699.0
2025-11-04 22:40:00+00:00,197.3532,197.4,197.02,197.37,96630.0
2025-11-04 22:45:00+00:00,197.28,197.37,196.8582,197.1286,87177.0
2025-11-04 22:50:00+00:00,197.08,197.25,197.04,197.1955,51608.0
2025-11-04 22:55:00+00:00,197.1361,197.21,196.98,197.0,46790.0
2025-11-04 23:00:00+00:00,196.97,197.5,196.97,197.15,74450.0
2025-11-04 23:05:00+00:00,197.15,197.2441,196.9,196.9121,59205.0
2025-11-04 23:10:00+00:00,196.9064,196.99,196.6,196.72,67765.0
2025-11-04 23:15:00+00:00,196.8361,196.8361,196.25,196.25,126194.0
2025-11-04 23:20:00+00:00,196.25,196.5,196.19,196.28,89035.0
2025-11-04 23:25:00+00:00,196.2111,196.4363,196.18,196.3999,92979.0
2025-11-04 23:30:00+00:00,196.35,196.44,196.01,196.01,120044.0
2025-11-04 23:35:00+00:00,196.01,196.09,195.38,195.65,270475.0
2025-11-04 23:40:00+00:00,195.61,195.75,195.4,195.75,121253.0
2025-11-04 23:45:00+00:00,195.75,196.05,195.59,195.9,124492.0
2025-11-04 23:50:00+00:00,195.93,196.0,195.84,195.92,74897.0
2025-11-04 23:55:00+00:00,195.93,195.98,195.88,195.93,63935.0
2025-11-05 00:00:00+00:00,195.92,195.93,195.5,195.6683,99635.0
2025-11-05 00:05:00+00:00,195.67,195.67,195.35,195.53,92322.0
2025-11-05 00:10:00+00:00,195.5,195.66,195.43,195.65,57097.0
2025-11-05 00:15:00+00:00,195.66,195.86,195.5963,195.84,61039.0
2025-11-05 00:20:00+00:00,195.83,195.9255,195.7055,195.76,42462.0
2025-11-05 00:25:00+00:00,195.7245,195.825,195.46,195.69,66899.0
2025-11-05 00:30:00+00:00,195.6899,195.69,195.38,195.48,46511.0
2025-11-05 00:35:00+00:00,195.49,195.49,195.13,195.17,84747.0
2025-11-05 00:40:00+00:00,195.18,195.35,195.1145,195.18,63506.0
2025-11-05 00:45:00+00:00,195.15,195.17,195.0,195.01,143908.0
2025-11-05 00:50:00+00:00,195.0,195.14,195.0,195.05,125931.0
2025-11-05 00:55:00+00:00,195.1,195.1,195.0,195.0,125711.0
2025-11-05 09:00:00+00:00,197.09,198.4,196.59,197.56,93098.0
2025-11-05 09:05:00+00:00,197.51,198.4,197.5,198.33,77990.0
2025-11-05 09:10:00+00:00,198.39,198.4,197.79,197.89,115061.0
2025-11-05 09:15:00+00:00,197.86,197.95,197.7,197.73,39667.0
2025-11-05 09:20:00+00:00,197.7,197.81,197.5,197.59,52439.0
2025-11-05 09:25:00+00:00,197.58,197.71,197.47,197.66,21315.0
2025-11-05 09:30:00+00:00,197.66,197.66,196.71,197.0,47301.0
2025-11-05 09:35:00+00:00,197.04,197.22,196.91,197.0,58800.0
2025-11-05 09:40:00+00:00,196.96,197.35,196.91,197.28,35970.0
2025-11-05 09:45:00+00:00,197.21,197.3,197.01,197.3,29279.0
2025-11-05 09:50:00+00:00,197.28,197.5,197.28,197.36,29964.0
2025-11-05 09:55:00+00:00,197.4,197.47,197.3,197.37,21461.0
2025-11-05 10:00:00+00:00,197.33,197.42,196.8,197.41,60412.0
2025-11-05 10:05:00+00:00,197.37,197.5,197.23,197.35,26017.0
2025-11-05 10:10:00+00:00,197.39,197.5,197.18,197.49,17748.0
2025-11-05 10:15:00+00:00,197.49,197.55,197.16,197.16,17995.0
2025-11-05 10:20:00+00:00,197.31,197.44,197.22,197.3,9096.0
2025-11-05 10:25:00+00:00,197.34,197.36,197.13,197.25,17563.0
2025-11-05 10:30:00+00:00,197.24,197.27,197.15,197.17,21360.0
2025-11-05 10:35:00+00:00,197.19,197.3,197.1,197.1,25296.0
2025-11-05 10:40:00+00:00,197.07,197.25,197.0,197.09,24787.0
2025-11-05 10:45:00+00:00,197.17,197.19,196.75,196.94,38933.0
2025-11-05 10:50:00+00:00,196.95,196.95,196.09,196.16,85887.0
2025-11-05 10:55:00+00:00,196.17,196.2,195.93,195.93,83552.0
2025-11-05 11:00:00+00:00,195.91,196.06,195.55,195.96,97164.0
2025-11-05 11:05:00+00:00,195.97,196.02,195.72,195.85,45882.0
2025-11-05 11:10:00+00:00,195.76,196.3,195.75,196.18,57013.0
2025-11-05 11:15:00+00:00,196.19,196.58,196.14,196.45,52525.0
2025-11-05 11:20:00+00:00,196.45,196.5,196.34,196.34,14954.0
2025-11-05 11:25:00+00:00,196.32,196.38,196.0,196.09,28648.0
2025-11-05 11:30:00+00:00,196.08,196.26,196.04,196.05,27318.0
2025-11-05 11:35:00+00:00,196.06,196.39,196.06,196.25,17418.0
2025-11-05 11:40:00+00:00,196.31,196.49,196.2,196.4,21355.0
2025-11-05 11:45:00+00:00,196.37,196.54,196.29,196.3,25581.0
2025-11-05 11:50:00+00:00,196.27,196.41,196.22,196.35,16389.0
2025-11-05 11:55:00+00:00,196.38,196.5,196.38,196.41,19449.0
2025-11-05 12:00:00+00:00,196.47,196.47,196.0,196.42,90656.0
2025-11-05 12:05:00+00:00,196.4,196.72,196.2,196.62,47375.0
2025-11-05 12:10:00+00:00,196.64,196.87,196.6,196.86,49734.0
2025-11-05 12:15:00+00:00,196.86,197.19,196.86,197.15,63161.0
2025-11-05 12:20:00+00:00,197.18,197.39,197.05,197.38,58428.0
2025-11-05 12:25:00+00:00,197.38,197.39,197.1,197.2,39824.0
2025-11-05 12:30:00+00:00,197.15,197.37,197.11,197.31,35742.0
2025-11-05 12:35:00+00:00,197.34,197.8,197.3,197.8,72425.0
2025-11-05 12:40:00+00:00,197.84,197.98,197.74,197.8,51509.0
2025-11-05 12:45:00+00:00,197.8,197.8,197.51,197.6,43747.0
2025-11-05 12:50:00+00:00,197.64,197.87,197.51,197.56,28811.0
2025-11-05 12:55:00+00:00,197.57,197.83,197.48,197.7,36739.0
2025-11-05 13:00:00+00:00,197.76,199.17,195.58,197.95,1541840.0
2025-11-05 13:05:00+00:00,197.91,197.95,197.4,197.5,66692.0
2025-11-05 13:10:00+00:00,197.53,197.69,197.4101,197.69,28976.0
2025-11-05 13:15:00+00:00,197.66,197.95,197.65,197.93,79262.0
2025-11-05 13:20:00+00:00,197.83,198.1,197.6708,198.04,106743.0
2025-11-05 13:25:00+00:00,198.03,198.7,198.0,198.6702,170777.0
2025-11-05 13:30:00+00:00,198.67,199.0,198.62,198.84,235722.0
2025-11-05 13:35:00+00:00,198.85,199.62,198.8,199.45,284525.0
2025-11-05 13:40:00+00:00,199.451,199.95,199.3603,199.95,280874.0
2025-11-05 13:45:00+00:00,199.95,199.96,199.63,199.89,267017.0
2025-11-05 13:50:00+00:00,199.86,199.94,199.65,199.89,138597.0
2025-11-05 13:55:00+00:00,199.8813,199.98,199.64,199.6848,185622.0
2025-11-05 14:00:00+00:00,199.6699,199.67,199.35,199.53,140852.0
2025-11-05 14:05:00+00:00,199.53,199.99,199.46,199.9876,165117.0
2025-11-05 14:10:00+00:00,199.95,199.98,199.62,199.6624,154139.0
2025-11-05 14:15:00+00:00,199.66,199.72,199.4411,199.6,161561.0
2025-11-05 14:20:00+00:00,199.5981,199.65,199.48,199.5999,87930.0
2025-11-05 14:25:00+00:00,199.48,199.49,198.67,198.73,406686.0
2025-11-05 14:30:00+00:00,198.77,199.39,197.62,197.7,6811237.0
2025-11-05 14:35:00+00:00,197.7,198.495,196.98,198.18,3499786.0
2025-11-05 14:40:00+00:00,198.17,199.07,197.935,198.79,2740119.0
2025-11-05 14:45:00+00:00,198.8,200.1,198.7,199.73,3842220.0
2025-11-05 14:50:00+00:00,199.73,200.28,199.52,200.1798,2802542.0
2025-11-05 14:55:00+00:00,200.16,200.34,199.46,200.01,2758454.0
2025-11-05 15:00:00+00:00,199.99,200.52,199.6,199.76,2889049.0
2025-11-05 15:05:00+00:00,199.75,201.02,199.745,200.0593,3329390.0
2025-11-05 15:10:00+00:00,200.055,200.0699,199.5,199.6199,2127508.0
2025-11-05 15:15:00+00:00,199.64,200.34,199.35,200.1148,1987372.0
2025-11-05 15:20:00+00:00,200.12,200.41,199.69,200.2259,1889329.0
2025-11-05 15:25:00+00:00,200.225,201.0,199.89,200.63,2267268.0
2025-11-05 15:30:00+00:00,200.63,201.07,200.35,200.67,1990917.0
2025-11-05 15:35:00+00:00,200.66,200.975,200.34,200.5854,1280935.0
2025-11-05 15:40:00+00:00,200.585,201.17,200.56,201.06,1757754.0
2025-11-05 15:45:00+00:00,201.07,201.921,201.03,201.67,2523058.0
2025-11-05 15:50:00+00:00,201.66,202.05,201.41,201.93,1908713.0
2025-11-05 15:55:00+00:00,201.93,202.79,201.72,202.55,2946644.0
2025-11-05 16:00:00+00:00,202.56,202.92,202.2,202.69,2377806.0
2025-11-05 16:05:00+00:00,202.67,202.87,202.28,202.455,1556253.0
2025-11-05 16:10:00+00:00,202.46,202.4678,201.8,201.875,1683833.0
2025-11-05 16:15:00+00:00,201.92,202.1499,201.6,201.9,1705955.0
2025-11-05 16:20:00+00:00,201.885,202.269,201.65,202.22,1435072.0
2025-11-05 16:25:00+00:00,202.22,202.45,202.08,202.34,1436799.0
2025-11-05 16:30:00+00:00,202.3401,202.4,201.8,201.875,1299959.0
2025-11-05 16:35:00+00:00,201.875,201.89,201.31,201.4997,1223278.0
2025-11-05 16:40:00+00:00,201.5,202.16,201.49,202.14,1239855.0
2025-11-05 16:45:00+00:00,202.14,202.355,202.0301,202.13,1079472.0
2025-11-05 16:50:00+00:00,202.1299,202.15,201.77,202.12,1169966.0
2025-11-05 16:55:00+00:00,202.12,202.3199,201.81,202.02,967970.0
2025-11-05 17:00:00+00:00,202.02,202.08,201.51,201.545,1148722.0
2025-11-05 17:05:00+00:00,201.55,201.91,201.44,201.55,1122378.0
2025-11-05 17:10:00+00:00,201.55,201.685,201.265,201.575,1022515.0
2025-11-05 17:15:00+00:00,201.58,201.59,201.14,201.3535,1170373.0
2025-11-05 17:20:00+00:00,201.36,201.65,201.3,201.395,956977.0
2025-11-05 17:25:00+00:00,201.3999,201.52,201.25,201.27,1133827.0
2025-11-05 17:30:00+00:00,201.275,201.4899,200.96,201.12,1291704.0
2025-11-05 17:35:00+00:00,201.11,201.8,201.11,201.645,1094280.0
2025-11-05 17:40:00+00:00,201.635,201.67,201.5001,201.67,601279.0
2025-11-05 17:45:00+00:00,201.66,201.7,201.23,201.32,818742.0
2025-11-05 17:50:00+00:00,201.315,201.36,201.05,201.09,694841.0
2025-11-05 17:55:00+00:00,201.1,201.2499,201.02,201.18,769573.0
2025-11-05 18:00:00+00:00,201.18,201.245,200.93,201.0,907780.0
2025-11-05 18:05:00+00:00,200.9901,201.03,200.8,201.015,787914.0
2025-11-05 18:10:00+00:00,201.015,201.04,200.71,200.715,749066.0
2025-11-05 18:15:00+00:00,200.71,201.12,200.68,200.9,842946.0
2025-11-05 18:20:00+00:00,200.8901,201.1999,200.8801,201.0603,874939.0
2025-11-05 18:25:00+00:00,201.065,201.07,200.9,200.95,676128.0
2025-11-05 18:30:00+00:00,200.955,201.16,200.82,201.125,1097887.0
2025-11-05 18:35:00+00:00,201.13,201.47,201.045,201.3402,914903.0
2025-11-05 18:40:00+00:00,201.345,201.53,201.16,201.465,968926.0
2025-11-05 18:45:00+00:00,201.47,201.83,201.38,201.68,1083813.0
2025-11-05 18:50:00+00:00,201.675,202.275,201.67,201.9801,1754854.0
2025-11-05 18:55:00+00:00,201.9741,201.99,201.66,201.7,696741.0
2025-11-05 19:00:00+00:00,201.6901,201.6967,201.0801,201.21,1011038.0
2025-11-05 19:05:00+00:00,201.215,201.3,201.0228,201.1342,817774.0
2025-11-05 19:10:00+00:00,201.125,201.32,201.01,201.28,991988.0
2025-11-05 19:15:00+00:00,201.28,201.42,201.1723,201.185,871760.0
2025-11-05 19:20:00+00:00,201.185,201.4199,201.095,201.245,832265.0
2025-11-05 19:25:00+00:00,201.245,201.28,200.92,201.035,884349.0
2025-11-05 19:30:00+00:00,201.04,201.17,200.87,201.15,804627.0
2025-11-05 19:35:00+00:00,201.145,201.34,201.09,201.33,751115.0
2025-11-05 19:40:00+00:00,201.34,201.36,201.2,201.28,698887.0
2025-11-05 19:45:00+00:00,201.285,201.36,201.2,201.2215,529721.0
2025-11-05 19:50:00+00:00,201.2251,201.52,201.22,201.465,812065.0
2025-11-05 19:55:00+00:00,201.46,201.53,201.32,201.3301,682805.0
2025-11-05 20:00:00+00:00,201.33,201.47,200.61,200.64,1513100.0
2025-11-05 20:05:00+00:00,200.645,200.71,199.835,200.21,2268101.0
2025-11-05 20:10:00+00:00,200.2054,200.65,200.09,200.635,1098840.0
2025-11-05 20:15:00+00:00,200.6316,200.66,199.8101,199.84,1420636.0
2025-11-05 20:20:00+00:00,199.83,199.91,199.15,199.39,2222117.0
2025-11-05 20:25:00+00:00,199.38,199.75,199.27,199.5301,1371255.0
2025-11-05 20:30:00+00:00,199.53,199.535,198.77,198.955,2138653.0
2025-11-05 20:35:00+00:00,198.955,198.98,198.4,198.48,2058199.0
2025-11-05 20:40:00+00:00,198.48,199.02,198.135,198.135,2283079.0
2025-11-05 20:45:00+00:00,198.14,198.47,197.87,197.9099,3096285.0
2025-11-05 20:50:00+00:00,197.9,197.93,196.03,196.08,6999178.0
2025-11-05 20:55:00+00:00,196.07,196.11,194.65,195.15,13968380.0
2025-11-05 21:00:00+00:00,195.15,195.38,194.3,195.12,1623314.0
2025-11-05 21:05:00+00:00,195.12,195.25,194.47,194.51,621024.0
2025-11-05 21:10:00+00:00,194.52,194.6,193.95,194.5694,499345.0
2025-11-05 21:15:00+00:00,194.56,195.7,194.5,195.68,448197.0
2025-11-05 21:20:00+00:00,195.68,195.99,195.3,195.97,348711.0
2025-11-05 21:25:00+00:00,195.9799,196.0,195.48,195.5891,244351.0
2025-11-05 21:30:00+00:00,195.45,195.85,195.29,195.75,128458.0
2025-11-05 21:35:00+00:00,195.74,196.1,195.7132,196.06,191767.0
2025-11-05 21:40:00+00:00,196.07,196.35,196.05,196.34,209092.0
2025-11-05 21:45:00+00:00,196.35,196.35,196.0,196.16,142435.0
2025-11-05 21:50:00+00:00,196.17,196.19,195.7132,195.72,109492.0
2025-11-05 21:55:00+00:00,195.72,195.99,195.67,195.94,84581.0
2025-11-05 22:00:00+00:00,195.88,196.11,195.88,196.05,82699.0
2025-11-05 22:05:00+00:00,196.04,196.23,196.0,196.1499,62048.0
2025-11-05 22:10:00+00:00,196.11,196.29,196.09,196.23,69554.0
2025-11-05 22:15:00+00:00,196.1501,196.45,196.15,196.42,80123.0
2025-11-05 22:20:00+00:00,196.42,196.45,196.1332,196.18,86068.0
2025-11-05 22:25:00+00:00,196.15,196.42,196.15,196.35,35662.0
2025-11-05 22:30:00+00:00,196.32,196.32,196.12,196.17,32646.0
2025-11-05 22:35:00+00:00,196.18,196.35,196.17,196.29,37880.0
2025-11-05 22:40:00+00:00,196.29,196.35,196.2149,196.345,29439.0
2025-11-05 22:45:00+00:00,196.3493,196.7,196.3,196.64,127373.0
2025-11-05 22:50:00+00:00,196.6392,196.84,196.58,196.8,71100.0
2025-11-05 22:55:00+00:00,196.78,197.26,196.7336,197.16,147827.0
2025-11-05 23:00:00+00:00,197.2,197.2,196.6,196.7675,94252.0
2025-11-05 23:05:00+00:00,196.77,197.0,196.52,196.9,45528.0
2025-11-05 23:10:00+00:00,196.8593,197.1,196.8401,197.0,46311.0
2025-11-05 23:15:00+00:00,197.0296,197.0296,196.75,196.75,31151.0
2025-11-05 23:20:00+00:00,196.8,196.88,196.62,196.71,34525.0
2025-11-05 23:25:00+00:00,196.73,196.85,196.6,196.6791,32619.0
2025-11-05 23:30:00+00:00,196.6606,196.75,196.52,196.68,33454.0
2025-11-05 23:35:00+00:00,196.68,196.8,196.63,196.8,38274.0
2025-11-05 23:40:00+00:00,196.85,197.28,196.85,197.28,82879.0
2025-11-05 23:45:00+00:00,197.27,197.27,197.06,197.1839,54339.0
2025-11-05 23:50:00+00:00,197.18,197.34,197.15,197.2,57202.0
2025-11-05 23:55:00+00:00,197.3094,197.35,197.2,197.35,46416.0
2025-11-06 00:00:00+00:00,197.35,197.38,197.12,197.29,63568.0
2025-11-06 00:05:00+00:00,197.2899,197.2899,197.08,197.2,30991.0
2025-11-06 00:10:00+00:00,197.1995,197.2,196.8,196.91,38862.0
2025-11-06 00:15:00+00:00,196.95,197.03,196.84,197.0,28744.0
2025-11-06 00:20:00+00:00,196.99,197.0,196.54,196.54,46712.0
2025-11-06 00:25:00+00:00,196.527,196.53,196.11,196.28,103289.0
2025-11-06 00:30:00+00:00,196.28,196.5,196.1701,196.32,41015.0
2025-11-06 00:35:00+00:00,196.3,196.7,196.26,196.7,44254.0
2025-11-06 00:40:00+00:00,196.6987,196.7,196.28,196.3499,58191.0
2025-11-06 00:45:00+00:00,196.4,196.4999,196.34,196.39,29505.0
2025-11-06 00:50:00+00:00,196.38,196.5,196.29,196.3568,35801.0
2025-11-06 00:55:00+00:00,196.36,196.49,196.13,196.3,118325.0
2025-11-06 09:00:00+00:00,196.94,197.43,196.92,197.25,83373.0
2025-11-06 09:05:00+00:00,197.22,197.4,197.14,197.35,75543.0
2025-11-06 09:10:00+00:00,197.39,197.67,197.37,197.54,41056.0
2025-11-06 09:15:00+00:00,197.62,197.96,197.42,197.71,69592.0
2025-11-06 09:20:00+00:00,197.72,197.72,197.45,197.65,27578.0
2025-11-06 09:25:00+00:00,197.64,197.68,197.48,197.54,27289.0
2025-11-06 09:30:00+00:00,197.54,197.75,197.5,197.59,23344.0
2025-11-06 09:35:00+00:00,197.61,197.61,197.35,197.41,32057.0
2025-11-06 09:40:00+00:00,197.45,197.49,197.11,197.41,33918.0
2025-11-06 09:45:00+00:00,197.42,197.55,197.42,197.42,15071.0
2025-11-06 09:50:00+00:00,197.5,197.7,197.49,197.65,17517.0
2025-11-06 09:55:00+00:00,197.6,197.66,197.39,197.5,34192.0
2025-11-06 10:00:00+00:00,197.52,197.63,197.46,197.58,39887.0
2025-11-06 10:05:00+00:00,197.59,197.59,197.36,197.38,24906.0
2025-11-06 10:10:00+00:00,197.42,197.66,197.42,197.66,15511.0
2025-11-06 10:15:00+00:00,197.68,197.87,197.59,197.83,19419.0
2025-11-06 10:20:00+00:00,197.84,197.94,197.76,197.8,23270.0
2025-11-06 10:25:00+00:00,197.83,198.22,197.83,198.1,49697.0
2025-11-06 10:30:00+00:00,198.1,198.3,198.05,198.28,35382.0
2025-11-06 10:35:00+00:00,198.2,198.25,197.88,197.94,40342.0
2025-11-06 10:40:00+00:00,197.89,198.11,197.8,198.09,22752.0
2025-11-06 10:45:00+00:00,198.0,198.15,197.75,197.9,46036.0
2025-11-06 10:50:00+00:00,197.84,198.09,197.8,197.99,32909.0
2025-11-06 10:55:00+00:00,198.07,198.15,197.87,197.87,38386.0
2025-11-06 11:00:00+00:00,197.85,198.1,197.83,198.02,28134.0
2025-11-06 11:05:00+00:00,198.05,198.08,197.92,197.99,27267.0
2025-11-06 11:10:00+00:00,197.96,198.03,197.85,197.93,29271.0
2025-11-06 11:15:00+00:00,197.92,197.97,197.85,197.94,11311.0
2025-11-06 11:20:00+00:00,198.0,198.3,197.9,198.03,49964.0
2025-11-06 11:25:00+00:00,198.0,198.32,197.96,198.32,40000.0
2025-11-06 11:30:00+00:00,198.24,198.33,198.04,198.17,25792.0
2025-11-06 11:35:00+00:00,198.25,198.32,198.16,198.22,20682.0
2025-11-06 11:40:00+00:00,198.22,198.28,198.01,198.14,23214.0
2025-11-06 11:45:00+00:00,198.11,198.3,198.09,198.15,21558.0
2025-11-06 11:50:00+00:00,198.18,198.18,198.05,198.05,8789.0
2025-11-06 11:55:00+00:00,198.04,198.32,197.94,198.08,67195.0
2025-11-06 12:00:00+00:00,198.0,198.5,197.93,198.25,135394.0
2025-11-06 12:05:00+00:00,198.25,198.54,198.25,198.34,56592.0
2025-11-06 12:10:00+00:00,198.31,198.5,198.17,198.19,32976.0
2025-11-06 12:15:00+00:00,198.2,198.36,198.08,198.35,38761.0
2025-11-06 12:20:00+00:00,198.37,198.41,198.25,198.33,34061.0
2025-11-06 12:25:00+00:00,198.31,198.31,198.14,198.23,28082.0
2025-11-06 12:30:00+00:00,198.25,198.35,198.18,198.35,35682.0
2025-11-06 12:35:00+00:00,198.43,198.45,198.3,198.31,48039.0
2025-11-06 12:40:00+00:00,198.34,198.44,198.25,198.311,36057.0
2025-11-06 12:45:00+00:00,198.31,198.35,198.03,198.12,33878.0
2025-11-06 12:50:00+00:00,198.14,198.17,198.05,198.05,26079.0
2025-11-06 12:55:00+00:00,198.05,198.05,197.84,197.92,68670.0
2025-11-06 13:00:00+00:00,197.78,198.52,196.25,197.99,1074093.0
2025-11-06 13:05:00+00:00,197.99,197.99,197.4,197.98,183052.0
2025-11-06 13:10:00+00:00,197.98,198.02,197.88,197.91,73139.0
2025-11-06 13:15:00+00:00,197.88,197.97,197.58,197.72,88611.0
2025-11-06 13:20:00+00:00,197.7,197.97,197.66,197.84,415993.0
2025-11-06 13:25:00+00:00,197.87,197.88,197.65,197.7,60370.0
2025-11-06 13:30:00+00:00,197.71,197.7437,197.31,197.3955,132069.0
2025-11-06 13:35:00+00:00,197.36,197.451,197.07,197.35,163202.0
2025-11-06 13:40:00+00:00,197.33,197.5571,197.27,197.3925,105577.0
2025-11-06 13:45:00+00:00,197.4,197.41,197.04,197.1,133866.0
2025-11-06 13:50:00+00:00,197.12,197.38,195.21,197.18,112836.0
2025-11-06 13:55:00+00:00,197.2,197.22,196.7,196.71,231702.0
2025-11-06 14:00:00+00:00,196.72,196.93,196.45,196.5099,224448.0
2025-11-06 14:05:00+00:00,196.48,196.59,196.0,196.0636,303506.0
2025-11-06 14:10:00+00:00,196.08,196.5,196.06,196.4,166441.0
2025-11-06 14:15:00+00:00,196.42,196.5,196.12,196.4413,168875.0
2025-11-06 14:20:00+00:00,196.45,196.51,196.14,196.27,200565.0
2025-11-06 14:25:00+00:00,196.31,197.11,196.3,196.48,341668.0
2025-11-06 14:30:00+00:00,196.42,197.62,195.22,196.9275,7436900.0
2025-11-06 14:35:00+00:00,196.925,197.21,195.95,196.625,3251090.0
2025-11-06 14:40:00+00:00,196.62,197.0199,195.04,195.18,3425401.0
2025-11-06 14:45:00+00:00,195.17,196.425,194.98,195.6,3677865.0
2025-11-06 14:50:00+00:00,195.6,196.06,193.8101,194.27,4313225.0
2025-11-06 14:55:00+00:00,194.27,194.37,193.165,193.6159,3702231.0
2025-11-06 15:00:00+00:00,193.61,193.66,192.01,192.66,5015437.0
2025-11-06 15:05:00+00:00,192.635,193.53,192.535,193.05,3056718.0
2025-11-06 15:10:00+00:00,193.045,193.68,192.5301,192.58,2609379.0
2025-11-06 15:15:00+00:00,192.6,193.57,192.24,193.09,2595038.0
2025-11-06 15:20:00+00:00,193.128,193.75,193.11,193.345,2213885.0
2025-11-06 15:25:00+00:00,193.32,193.48,192.93,193.065,1713434.0
2025-11-06 15:30:00+00:00,193.0782,193.31,191.7748,192.04,3026642.0
2025-11-06 15:35:00+00:00,192.04,192.05,190.41,190.86,4923055.0
2025-11-06 15:40:00+00:00,190.86,191.5,190.32,190.47,3433293.0
2025-11-06 15:45:00+00:00,190.47,191.0,189.0,190.465,5611902.0
2025-11-06 15:50:00+00:00,190.43,191.131,190.23,191.055,2897337.0
2025-11-06 15:55:00+00:00,191.05,191.49,189.9,190.36,3070252.0
2025-11-06 16:00:00+00:00,190.36,191.05,189.97,190.81,2803234.0
2025-11-06 16:05:00+00:00,190.8,191.44,190.4208,190.755,2168812.0
2025-11-06 16:10:00+00:00,190.75,191.18,190.42,191.025,1741306.0
2025-11-06 16:15:00+00:00,191.025,191.19,190.385,190.48,1974235.0
2025-11-06 16:20:00+00:00,190.48,190.8918,190.04,190.435,1755433.0
2025-11-06 16:25:00+00:00,190.43,190.74,189.88,190.7,2472489.0
2025-11-06 16:30:00+00:00,190.685,190.75,190.0,190.015,1698876.0
2025-11-06 16:35:00+00:00,190.01,190.0217,188.47,188.55,4329582.0
2025-11-06 16:40:00+00:00,188.53,188.88,187.94,188.28,4133861.0
2025-11-06 16:45:00+00:00,188.281,188.7,188.16,188.54,2363134.0
2025-11-06 16:50:00+00:00,188.545,189.3,188.4,189.18,2951482.0
2025-11-06 16:55:00+00:00,189.15,189.23,188.3,189.01,2334178.0
2025-11-06 17:00:00+00:00,189.02,189.76,188.88,189.24,2600948.0
2025-11-06 17:05:00+00:00,189.24,189.5,188.4582,188.92,2216861.0
2025-11-06 17:10:00+00:00,188.91,189.18,188.29,188.305,1793504.0
2025-11-06 17:15:00+00:00,188.305,188.61,187.96,188.3706,2321919.0
2025-11-06 17:20:00+00:00,188.37,188.37,186.88,187.12,3707894.0
2025-11-06 17:25:00+00:00,187.13,187.22,186.38,186.82,2838248.0
2025-11-06 17:30:00+00:00,186.81,187.7591,186.57,187.2,2919372.0
2025-11-06 17:35:00+00:00,187.205,187.53,186.845,186.875,1771008.0
2025-11-06 17:40:00+00:00,186.87,188.01,186.84,187.93,1867700.0
2025-11-06 17:45:00+00:00,187.92,188.91,187.89,188.82,2690347.0
2025-11-06 17:50:00+00:00,188.83,189.4641,188.805,189.45,2486300.0
2025-11-06 17:55:00+00:00,189.4302,189.685,188.881,189.1701,2237207.0
2025-11-06 18:00:00+00:00,189.17,189.575,188.57,188.7,2040783.0
2025-11-06 18:05:00+00:00,188.7,188.92,188.0,188.09,1839054.0
2025-11-06 18:10:00+00:00,188.085,188.425,187.85,188.38,1466943.0
2025-11-06 18:15:00+00:00,188.35,188.575,187.9201,188.21,1432844.0
2025-11-06 18:20:00+00:00,188.21,189.1899,188.1282,189.125,2198293.0
2025-11-06 18:25:00+00:00,189.1362,189.4779,188.995,189.21,1453922.0
2025-11-06 18:30:00+00:00,189.2,189.63,189.19,189.63,1434729.0
2025-11-06 18:35:00+00:00,189.63,189.97,189.46,189.7476,1674917.0
2025-11-06 18:40:00+00:00,189.75,189.8699,189.34,189.42,1430731.0
2025-11-06 18:45:00+00:00,189.43,189.475,188.94,189.21,1363428.0
2025-11-06 18:50:00+00:00,189.22,189.5418,188.725,188.94,1603891.0
2025-11-06 18:55:00+00:00,188.94,188.9698,188.3352,188.758,1376206.0
2025-11-06 19:00:00+00:00,188.76,189.15,188.5,189.1399,1677909.0
2025-11-06 19:05:00+00:00,189.14,189.8,189.1145,189.495,1619777.0
2025-11-06 19:10:00+00:00,189.5,189.8,189.5,189.57,1172989.0
2025-11-06 19:15:00+00:00,189.58,189.63,188.78,189.23,1312757.0
2025-11-06 19:20:00+00:00,189.2294,189.26,188.61,189.26,1585549.0
2025-11-06 19:25:00+00:00,189.27,190.6,189.27,190.5,3070824.0
2025-11-06 19:30:00+00:00,190.49,190.69,190.0401,190.15,1903885.0
2025-11-06 19:35:00+00:00,190.15,190.4899,189.91,189.975,1474979.0
2025-11-06 19:40:00+00:00,189.98,190.285,189.56,190.21,1416464.0
2025-11-06 19:45:00+00:00,190.21,190.2289,189.5451,189.66,1212803.0
2025-11-06 19:50:00+00:00,189.65,189.89,189.285,189.66,1342821.0
2025-11-06 19:55:00+00:00,189.65,190.5695,189.595,190.39,1876933.0
2025-11-06 20:00:00+00:00,190.37,190.5094,189.81,190.26,1352404.0
2025-11-06 20:05:00+00:00,190.27,190.4,189.94,190.15,1125181.0
2025-11-06 20:10:00+00:00,190.14,190.34,189.61,189.84,1157964.0
2025-11-06 20:15:00+00:00,189.86,190.2951,189.3336,190.21,1221948.0
2025-11-06 20:20:00+00:00,190.21,190.44,190.1082,190.28,1077289.0
2025-11-06 20:25:00+00:00,190.285,190.485,189.72,189.82,1455437.0
2025-11-06 20:30:00+00:00,189.815,189.98,188.91,189.8065,2382842.0
2025-11-06 20:35:00+00:00,189.81,189.905,189.05,189.09,1619139.0
2025-11-06 20:40:00+00:00,189.08,189.23,188.08,188.3,2648361.0
2025-11-06 20:45:00+00:00,188.31,188.58,187.93,187.98,2647065.0
2025-11-06 20:50:00+00:00,187.99,188.335,187.2601,187.31,3953975.0
2025-11-06 20:55:00+00:00,187.32,188.2,187.07,188.17,8361870.0
2025-11-06 21:00:00+00:00,188.08,188.43,187.96,188.3,907882.0
2025-11-06 21:05:00+00:00,188.33,188.55,188.28,188.28,133971.0
2025-11-06 21:10:00+00:00,188.25,188.63,188.08,188.49,151112.0
2025-11-06 21:15:00+00:00,188.55,188.55,188.3,188.5,67365.0
2025-11-06 21:20:00+00:00,188.4999,188.62,188.42,188.56,47989.0
2025-11-06 21:25:00+00:00,188.52,188.56,188.08,188.33,51074.0
2025-11-06 21:30:00+00:00,188.31,188.58,188.25,188.52,50827.0
2025-11-06 21:35:00+00:00,188.56,188.65,188.4481,188.5,385021.0
2025-11-06 21:40:00+00:00,188.53,189.07,188.5,188.92,106040.0
2025-11-06 21:45:00+00:00,188.95,189.0238,188.85,188.94,59441.0
2025-11-06 21:50:00+00:00,188.917,189.06,188.8,189.0387,70688.0
2025-11-06 21:55:00+00:00,189.01,189.31,188.96,189.25,88392.0
2025-11-06 22:00:00+00:00,189.25,189.33,189.0,189.05,64053.0
2025-11-06 22:05:00+00:00,189.03,189.09,188.72,188.8,84513.0
2025-11-06 22:10:00+00:00,188.8,189.05,188.8,188.8227,43379.0
2025-11-06 22:15:00+00:00,188.8204,188.925,188.79,188.8,34682.0
2025-11-06 22:20:00+00:00,188.83,188.87,188.56,188.7883,43338.0
2025-11-06 22:25:00+00:00,188.74,188.88,188.74,188.87,34827.0
2025-11-06 22:30:00+00:00,188.83,188.95,188.74,188.75,32521.0
2025-11-06 22:35:00+00:00,188.7,188.75,188.5763,188.63,26024.0
2025-11-06 22:40:00+00:00,188.63,188.73,188.6,188.73,33696.0
2025-11-06 22:45:00+00:00,188.73,188.75,188.63,188.63,18587.0
2025-11-06 22:50:00+00:00,188.6937,188.7,188.53,188.53,38542.0
2025-11-06 22:55:00+00:00,188.5475,188.58,188.5,188.5234,43714.0
2025-11-06 23:00:00+00:00,188.55,188.58,188.48,188.52,41172.0
2025-11-06 23:05:00+00:00,188.51,188.72,188.5,188.6886,47817.0
2025-11-06 23:10:00+00:00,188.6,188.62,188.5,188.57,21271.0
2025-11-06 23:15:00+00:00,188.55,188.73,188.5,188.73,34935.0
2025-11-06 23:20:00+00:00,188.69,188.86,188.65,188.824,28949.0
2025-11-06 23:25:00+00:00,188.83,188.94,188.75,188.94,31267.0
2025-11-06 23:30:00+00:00,188.89,188.89,188.72,188.72,23803.0
2025-11-06 23:35:00+00:00,188.75,188.75,188.61,188.72,18864.0
2025-11-06 23:40:00+00:00,188.7,189.01,188.68,189.01,31498.0
2025-11-06 23:45:00+00:00,189.05,189.05,188.95,188.95,20991.0
2025-11-06 23:50:00+00:00,188.9,189.0,188.9,188.99,23689.0
2025-11-06 23:55:00+00:00,188.93,188.98,188.9003,188.9697,17237.0
2025-11-07 00:00:00+00:00,188.9503,188.97,188.7,188.97,30340.0
2025-11-07 00:05:00+00:00,188.97,189.2,188.94,189.1,43978.0
2025-11-07 00:10:00+00:00,189.01,189.18,188.9,189.1398,21251.0
2025-11-07 00:15:00+00:00,189.1,189.12,188.76,188.83,23939.0
2025-11-07 00:20:00+00:00,188.88,189.06,188.83,189.02,20607.0
2025-11-07 00:25:00+00:00,189.05,189.06,188.96,189.02,25184.0
2025-11-07 00:30:00+00:00,189.0464,189.35,189.0464,189.35,49591.0
2025-11-07 00:35:00+00:00,189.35,189.81,189.33,189.8,71230.0
2025-11-07 00:40:00+00:00,189.79,189.89,189.68,189.68,67130.0
2025-11-07 00:45:00+00:00,189.67,189.84,189.65,189.81,66258.0
2025-11-07 00:50:00+00:00,189.8109,189.8109,189.7,189.7402,32690.0
2025-11-07 00:55:00+00:00,189.7494,189.76,189.5,189.6792,60680.0
2025-11-07 09:00:00+00:00,189.39,189.39,188.81,188.85,58916.0
2025-11-07 09:05:00+00:00,188.85,188.95,188.6,188.88,26234.0
2025-11-07 09:10:00+00:00,188.88,189.45,188.88,189.44,34334.0
2025-11-07 09:15:00+00:00,189.42,189.42,189.26,189.3,10783.0
2025-11-07 09:20:00+00:00,189.38,189.42,189.05,189.16,43888.0
2025-11-07 09:25:00+00:00,189.13,189.19,188.79,188.91,28344.0
2025-11-07 09:30:00+00:00,188.95,189.22,188.7,188.7,37041.0
2025-11-07 09:35:00+00:00,188.69,188.95,188.55,188.65,46780.0
2025-11-07 09:40:00+00:00,188.58,188.63,188.3,188.49,46133.0
2025-11-07 09:45:00+00:00,188.47,188.71,188.36,188.49,37718.0
2025-11-07 09:50:00+00:00,188.55,188.67,188.12,188.3,35005.0
2025-11-07 09:55:00+00:00,188.32,188.46,188.3,188.45,10739.0
2025-11-07 10:00:00+00:00,188.37,188.54,188.24,188.53,28328.0
2025-11-07 10:05:00+00:00,188.55,188.55,188.37,188.38,5957.0
2025-11-07 10:10:00+00:00,188.4,188.43,187.91,187.91,43681.0
2025-11-07 10:15:00+00:00,187.88,188.18,187.71,187.71,31025.0
2025-11-07 10:20:00+00:00,187.64,187.82,187.2,187.23,54782.0
2025-11-07 10:25:00+00:00,187.29,187.53,187.2,187.41,55975.0
2025-11-07 10:30:00+00:00,187.45,187.56,187.36,187.41,28851.0
2025-11-07 10:35:00+00:00,187.47,187.82,187.44,187.6,30971.0
2025-11-07 10:40:00+00:00,187.68,187.7,187.38,187.47,21649.0
2025-11-07 10:45:00+00:00,187.4,187.55,187.19,187.22,24337.0
2025-11-07 10:50:00+00:00,187.18,187.39,186.91,187.31,46491.0
2025-11-07 10:55:00+00:00,187.21,187.3,187.16,187.16,14187.0
2025-11-07 11:00:00+00:00,187.17,187.17,186.5,186.5,50023.0
2025-11-07 11:05:00+00:00,186.67,186.85,186.26,186.3,41422.0
2025-11-07 11:10:00+00:00,186.25,186.86,186.2,186.36,64272.0
2025-11-07 11:15:00+00:00,186.36,186.36,185.7,186.07,96576.0
2025-11-07 11:20:00+00:00,186.14,186.46,186.08,186.12,47412.0
2025-11-07 11:25:00+00:00,186.08,186.16,185.53,186.1,97038.0
2025-11-07 11:30:00+00:00,186.09,186.09,185.47,185.53,86390.0
2025-11-07 11:35:00+00:00,185.57,185.85,185.51,185.65,112752.0
2025-11-07 11:40:00+00:00,185.69,186.2,185.65,186.12,80609.0
2025-11-07 11:45:00+00:00,186.19,186.39,186.11,186.31,48796.0
2025-11-07 11:50:00+00:00,186.35,186.79,186.29,186.51,82288.0
2025-11-07 11:55:00+00:00,186.6,186.79,186.54,186.72,66566.0
2025-11-07 12:00:00+00:00,186.79,186.87,186.31,186.45,132406.0
2025-11-07 12:05:00+00:00,186.48,186.8,186.48,186.72,42258.0
2025-11-07 12:10:00+00:00,186.76,186.98,186.68,186.7,59311.0
2025-11-07 12:15:00+00:00,186.75,186.93,186.35,186.63,81308.0
2025-11-07 12:20:00+00:00,186.65,186.76,186.44,186.75,78485.0
2025-11-07 12:25:00+00:00,186.71,186.76,186.5,186.62,53870.0
2025-11-07 12:30:00+00:00,186.61,186.64,186.24,186.25,77833.0
2025-11-07 12:35:00+00:00,186.24,186.25,185.95,185.95,94004.0
2025-11-07 12:40:00+00:00,185.93,186.1,185.22,185.31,89629.0
2025-11-07 12:45:00+00:00,185.3,185.54,185.03,185.1,144323.0
2025-11-07 12:50:00+00:00,185.12,185.3,185.06,185.15,112398.0
2025-11-07 12:55:00+00:00,185.15,185.72,185.08,185.66,131929.0
2025-11-07 13:00:00+00:00,185.66,189.67,185.0339,185.615,1412899.0
2025-11-07 13:05:00+00:00,185.67,186.1,185.59,185.6005,140872.0
2025-11-07 13:10:00+00:00,185.59,185.76,185.25,185.54,139683.0
2025-11-07 13:15:00+00:00,185.5399,185.78,185.5,185.7025,93808.0
2025-11-07 13:20:00+00:00,185.74,186.0,185.4,185.44,111958.0
2025-11-07 13:25:00+00:00,185.42,185.4751,185.01,185.09,174533.0
2025-11-07 13:30:00+00:00,185.11,185.4474,185.01,185.2,144834.0
2025-11-07 13:35:00+00:00,185.22,185.49,185.08,185.22,250819.0
2025-11-07 13:40:00+00:00,185.24,185.25,184.58,184.69,419117.0
2025-11-07 13:45:00+00:00,184.7,185.4,184.61,185.1999,936652.0
2025-11-07 13:50:00+00:00,185.21,185.5,185.043,185.4,216798.0
2025-11-07 13:55:00+00:00,185.4,185.45,184.9,184.92,101432.0
2025-11-07 14:00:00+00:00,184.92,185.25,184.78,184.79,202648.0
2025-11-07 14:05:00+00:00,184.7508,184.99,184.5,184.94,154947.0
2025-11-07 14:10:00+00:00,184.9197,185.13,184.87,185.03,182799.0
2025-11-07 14:15:00+00:00,185.03,185.06,184.61,184.6301,148949.0
2025-11-07 14:20:00+00:00,184.64,184.91,184.56,184.8,175708.0
2025-11-07 14:25:00+00:00,184.79,185.0,184.68,184.9,199965.0
2025-11-07 14:30:00+00:00,184.9,185.7,183.63,184.71,9724305.0
2025-11-07 14:35:00+00:00,184.71,184.93,182.09,182.22,7309515.0
2025-11-07 14:40:00+00:00,182.249,183.61,182.14,183.2,5389203.0
2025-11-07 14:45:00+00:00,183.21,184.13,182.78,182.911,4862241.0
2025-11-07 14:50:00+00:00,182.92,184.18,182.59,183.695,4017214.0
2025-11-07 14:55:00+00:00,183.678,184.0,182.8,183.11,3083843.0
2025-11-07 15:00:00+00:00,183.085,183.14,181.8,182.09,4589671.0
2025-11-07 15:05:00+00:00,182.1,183.22,181.76,183.17,3586818.0
2025-11-07 15:10:00+00:00,183.1699,183.61,182.83,183.08,2849079.0
2025-11-07 15:15:00+00:00,183.09,183.56,182.55,182.88,2929993.0
2025-11-07 15:20:00+00:00,182.9099,183.69,182.63,182.71,2786675.0
2025-11-07 15:25:00+00:00,182.72,183.46,182.21,182.428,2833674.0
2025-11-07 15:30:00+00:00,182.4347,182.82,181.95,182.03,2988447.0
2025-11-07 15:35:00+00:00,182.03,182.37,181.6,181.85,4154064.0
2025-11-07 15:40:00+00:00,181.8498,182.22,181.04,181.25,3515238.0
2025-11-07 15:45:00+00:00,181.26,181.5555,180.73,181.1822,4206706.0
2025-11-07 15:50:00+00:00,181.18,181.64,180.75,181.0,2967743.0
2025-11-07 15:55:00+00:00,181.02,181.03,180.49,180.5003,2766872.0
2025-11-07 16:00:00+00:00,180.51,180.985,179.6501,180.34,5711446.0
2025-11-07 16:05:00+00:00,180.34,180.47,179.4101,179.48,4371744.0
2025-11-07 16:10:00+00:00,179.48,179.73,178.91,179.38,5551250.0
2025-11-07 16:15:00+00:00,179.38,180.54,179.1601,180.5199,4338132.0
2025-11-07 16:20:00+00:00,180.51,180.895,180.31,180.47,3276477.0
2025-11-07 16:25:00+00:00,180.48,180.75,179.91,180.1122,2895270.0
2025-11-07 16:30:00+00:00,180.1,180.94,180.06,180.865,2118806.0
2025-11-07 16:35:00+00:00,180.88,180.9618,179.7,180.065,2484228.0
2025-11-07 16:40:00+00:00,180.07,180.75,179.79,180.735,2236731.0
2025-11-07 16:45:00+00:00,180.74,180.76,179.87,180.29,1666389.0
2025-11-07 16:50:00+00:00,180.28,180.8,180.0302,180.38,2072109.0
2025-11-07 16:55:00+00:00,180.385,180.4999,179.84,180.26,1923274.0
2025-11-07 17:00:00+00:00,180.25,180.68,180.22,180.38,1626378.0
2025-11-07 17:05:00+00:00,180.395,180.75,179.98,180.53,2115582.0
2025-11-07 17:10:00+00:00,180.535,181.43,180.39,181.3091,2831272.0
2025-11-07 17:15:00+00:00,181.293,181.695,181.215,181.46,2362944.0
2025-11-07 17:20:00+00:00,181.47,182.17,181.32,181.99,2381455.0
2025-11-07 17:25:00+00:00,181.99,182.615,181.95,182.06,2837852.0
2025-11-07 17:30:00+00:00,182.05,182.95,182.0,182.58,2478479.0
2025-11-07 17:35:00+00:00,182.58,182.77,182.02,182.21,2024792.0
2025-11-07 17:40:00+00:00,182.215,182.5265,181.86,182.435,1637420.0
2025-11-07 17:45:00+00:00,182.441,182.71,181.57,181.6715,1970757.0
2025-11-07 17:50:00+00:00,181.68,182.4325,181.51,182.391,1809545.0
2025-11-07 17:55:00+00:00,182.39,182.89,182.35,182.875,1754660.0
2025-11-07 18:00:00+00:00,182.885,183.0417,182.5701,182.934,1713581.0
2025-11-07 18:05:00+00:00,182.9201,183.49,182.68,183.4,4073642.0
2025-11-07 18:10:00+00:00,183.4,183.77,183.3201,183.72,2178329.0
2025-11-07 18:15:00+00:00,183.7299,183.87,183.25,183.7009,1874682.0
2025-11-07 18:20:00+00:00,183.71,184.205,183.58,184.0741,2210873.0
2025-11-07 18:25:00+00:00,184.08,184.5,184.06,184.44,2492167.0
2025-11-07 18:30:00+00:00,184.44,184.84,184.26,184.3,2404171.0
2025-11-07 18:35:00+00:00,184.2901,185.05,184.15,185.0151,2285257.0
2025-11-07 18:40:00+00:00,185.01,185.1599,184.6061,184.6399,2222669.0
2025-11-07 18:45:00+00:00,184.635,184.8,184.07,184.11,1930988.0
2025-11-07 18:50:00+00:00,184.115,184.23,183.6702,184.19,2340332.0
2025-11-07 18:55:00+00:00,184.19,184.83,184.0809,184.48,1941687.0
2025-11-07 19:00:00+00:00,184.47,185.095,184.15,184.885,2092176.0
2025-11-07 19:05:00+00:00,184.885,185.275,184.73,185.085,2769351.0
2025-11-07 19:10:00+00:00,185.09,185.34,184.735,185.09,1991300.0
2025-11-07 19:15:00+00:00,185.09,185.28,184.71,184.7799,1738466.0
2025-11-07 19:20:00+00:00,184.79,185.48,184.79,185.445,1964277.0
2025-11-07 19:25:00+00:00,185.44,185.465,184.83,184.985,2052256.0
2025-11-07 19:30:00+00:00,184.99,185.78,184.94,185.68,5508494.0
2025-11-07 19:35:00+00:00,185.685,186.08,185.471,186.05,2275711.0
2025-11-07 19:40:00+00:00,186.055,186.86,185.97,186.5904,3233248.0
2025-11-07 19:45:00+00:00,186.6,186.78,186.16,186.4807,2505364.0
2025-11-07 19:50:00+00:00,186.485,187.114,186.29,187.1,2209964.0
2025-11-07 19:55:00+00:00,187.0949,187.15,186.36,187.1,2146376.0
2025-11-07 20:00:00+00:00,187.08,187.47,186.69,187.2,2242195.0
2025-11-07 20:05:00+00:00,187.21,187.28,186.63,187.24,2361234.0
2025-11-07 20:10:00+00:00,187.24,187.47,187.08,187.3212,1795979.0
2025-11-07 20:15:00+00:00,187.3399,187.45,186.29,186.57,2281904.0
2025-11-07 20:20:00+00:00,186.58,186.67,185.87,185.93,2733276.0
2025-11-07 20:25:00+00:00,185.9299,186.5999,185.64,186.135,2576681.0
2025-11-07 20:30:00+00:00,186.135,187.045,186.13,186.725,2158922.0
2025-11-07 20:35:00+00:00,186.73,187.2,186.67,187.155,2327301.0
2025-11-07 20:40:00+00:00,187.15,187.46,186.7401,187.39,2271758.0
2025-11-07 20:45:00+00:00,187.39,187.39,186.445,186.48,2438171.0
2025-11-07 20:50:00+00:00,186.49,187.45,186.46,187.2099,3082302.0
2025-11-07 20:55:00+00:00,187.19,188.32,187.04,188.26,7169240.0
2025-11-07 21:00:00+00:00,188.15,188.8,188.15,188.77,1476472.0
2025-11-07 21:05:00+00:00,188.7413,189.17,188.15,189.16,361656.0
2025-11-07 21:10:00+00:00,189.16,189.26,188.15,189.06,267363.0
2025-11-07 21:15:00+00:00,189.06,189.46,189.06,189.31,172307.0
2025-11-07 21:20:00+00:00,189.31,189.6,189.23,189.5,195615.0
2025-11-07 21:25:00+00:00,189.5,189.53,189.32,189.41,135916.0
2025-11-07 21:30:00+00:00,189.52,189.52,189.4,189.45,68436.0
2025-11-07 21:35:00+00:00,189.42,189.75,189.42,189.74,118663.0
2025-11-07 21:40:00+00:00,189.73,189.8,189.63,189.7,134122.0
2025-11-07 21:45:00+00:00,189.69,189.77,189.66,189.7,66717.0
2025-11-07 21:50:00+00:00,189.69,189.74,189.61,189.69,86079.0
2025-11-07 21:55:00+00:00,189.7,189.94,189.69,189.8964,120154.0
2025-11-07 22:00:00+00:00,189.86,189.9,189.7,189.75,89277.0
2025-11-07 22:05:00+00:00,189.78,189.81,189.66,189.72,61219.0
2025-11-07 22:10:00+00:00,189.74,189.82,189.69,189.7001,78734.0
2025-11-07 22:15:00+00:00,189.73,189.75,189.65,189.65,59213.0
2025-11-07 22:20:00+00:00,189.64,189.64,189.51,189.55,61677.0
2025-11-07 22:25:00+00:00,189.5603,189.6,189.5,189.5566,51819.0
2025-11-07 22:30:00+00:00,189.54,189.58,189.51,189.58,48289.0
2025-11-07 22:35:00+00:00,189.55,189.55,189.4636,189.49,49789.0
2025-11-07 22:40:00+00:00,189.49,189.6,189.46,189.6,48726.0
2025-11-07 22:45:00+00:00,189.6,189.73,189.59,189.69,39711.0
2025-11-07 22:50:00+00:00,189.71,189.79,189.68,189.7896,37068.0
2025-11-07 22:55:00+00:00,189.7705,189.7999,189.68,189.78,29670.0
2025-11-07 23:00:00+00:00,189.78,189.81,189.73,189.79,31271.0
2025-11-07 23:05:00+00:00,189.7991,189.83,189.73,189.73,28457.0
2025-11-07 23:10:00+00:00,189.73,189.8,189.7,189.7997,31539.0
2025-11-07 23:15:00+00:00,189.79,189.84,189.7595,189.7595,30435.0
2025-11-07 23:20:00+00:00,189.7629,189.8,189.76,189.8,26101.0
2025-11-07 23:25:00+00:00,189.7903,189.8498,189.78,189.8201,43184.0
2025-11-07 23:30:00+00:00,189.84,189.89,189.82,189.87,30344.0
2025-11-07 23:35:00+00:00,189.87,189.89,189.82,189.87,37890.0
2025-11-07 23:40:00+00:00,189.87,189.93,189.8699,189.89,37597.0
2025-11-07 23:45:00+00:00,189.89,189.99,189.89,189.99,24186.0
2025-11-07 23:50:00+00:00,189.98,190.0,189.96,189.9999,46075.0
2025-11-07 23:55:00+00:00,189.9901,190.0,189.9512,189.985,42207.0
2025-11-08 00:00:00+00:00,189.99,190.0,189.98,190.0,26137.0
2025-11-08 00:05:00+00:00,189.99,190.07,189.94,189.9808,37482.0
2025-11-08 00:10:00+00:00,189.98,190.0,189.96,190.0,29021.0
2025-11-08 00:15:00+00:00,189.99,190.06,189.97,190.06,20442.0
2025-11-08 00:20:00+00:00,190.06,190.15,190.05,190.13,34434.0
2025-11-08 00:25:00+00:00,190.11,190.13,190.02,190.12,16393.0
2025-11-08 00:30:00+00:00,190.1298,190.15,190.12,190.1402,16065.0
2025-11-08 00:35:00+00:00,190.15,190.15,190.08,190.12,27984.0
2025-11-08 00:40:00+00:00,190.1202,190.14,190.11,190.11,26709.0
2025-11-08 00:45:00+00:00,190.1297,190.13,190.08,190.09,18242.0
2025-11-08 00:50:00+00:00,190.1,190.12,190.01,190.06,76940.0
2025-11-08 00:55:00+00:00,190.07,190.2,190.05,190.2,83986.0
2025-11-10 09:00:00+00:00,192.85,194.3,192.85,194.0,158034.0
2025-11-10 09:05:00+00:00,194.01,194.28,194.0,194.24,78217.0
2025-11-10 09:10:00+00:00,194.23,194.49,194.08,194.15,84770.0
2025-11-10 09:15:00+00:00,194.14,194.45,194.08,194.4,49811.0
2025-11-10 09:20:00+00:00,194.4,194.44,193.86,194.09,97471.0
2025-11-10 09:25:00+00:00,194.2,194.29,193.89,194.1,39826.0
2025-11-10 09:30:00+00:00,194.05,194.2,193.99,194.05,30678.0
2025-11-10 09:35:00+00:00,194.07,194.2,193.98,194.04,43900.0
2025-11-10 09:40:00+00:00,194.15,194.3,194.04,194.3,35106.0
2025-11-10 09:45:00+00:00,194.2,194.48,194.13,194.48,24501.0
2025-11-10 09:50:00+00:00,194.49,194.69,194.4,194.55,54906.0
2025-11-10 09:55:00+00:00,194.57,194.85,194.49,194.71,56875.0
2025-11-10 10:00:00+00:00,194.78,194.88,194.54,194.7,45148.0
2025-11-10 10:05:00+00:00,194.72,194.72,194.49,194.62,72970.0
2025-11-10 10:10:00+00:00,194.62,194.74,194.57,194.6,20019.0
2025-11-10 10:15:00+00:00,194.58,194.88,194.56,194.81,35932.0
2025-11-10 10:20:00+00:00,194.83,194.9,194.69,194.71,35468.0
2025-11-10 10:25:00+00:00,194.7,194.7,194.47,194.53,49008.0
2025-11-10 10:30:00+00:00,194.6,194.82,194.6,194.77,22195.0
2025-11-10 10:35:00+00:00,194.73,194.85,194.67,194.85,27988.0
2025-11-10 10:40:00+00:00,194.81,194.83,194.64,194.68,24054.0
2025-11-10 10:45:00+00:00,194.69,194.84,194.5,194.5,34635.0
2025-11-10 10:50:00+00:00,194.5,194.5,193.81,194.29,68287.0
2025-11-10 10:55:00+00:00,194.34,194.5,194.22,194.43,27189.0
2025-11-10 11:00:00+00:00,194.44,194.55,194.0,194.22,49696.0
2025-11-10 11:05:00+00:00,194.34,194.34,194.01,194.13,30053.0
2025-11-10 11:10:00+00:00,194.19,194.39,193.97,193.99,44021.0
2025-11-10 11:15:00+00:00,194.03,194.16,193.84,193.85,45750.0
2025-11-10 11:20:00+00:00,193.87,194.21,193.87,193.97,40194.0
2025-11-10 11:25:00+00:00,193.93,194.14,193.91,194.05,18211.0
2025-11-10 11:30:00+00:00,194.0,194.1,193.96,194.05,31347.0
2025-11-10 11:35:00+00:00,194.01,194.3,194.0,194.3,28150.0
2025-11-10 11:40:00+00:00,194.31,194.35,194.21,194.25,17153.0
2025-11-10 11:45:00+00:00,194.27,194.33,194.15,194.15,30046.0
2025-11-10 11:50:00+00:00,194.17,194.19,194.08,194.11,20799.0
2025-11-10 11:55:00+00:00,194.12,194.14,193.94,194.12,36699.0
2025-11-10 12:00:00+00:00,194.14,194.35,193.92,194.07,167103.0
2025-11-10 12:05:00+00:00,194.07,194.09,193.9,193.91,68478.0
2025-11-10 12:10:00+00:00,193.97,194.01,193.91,194.0,58867.0
2025-11-10 12:15:00+00:00,194.0,194.01,193.94,194.0,49936.0
2025-11-10 12:20:00+00:00,194.0,194.03,193.87,193.93,64238.0
2025-11-10 12:25:00+00:00,193.93,194.01,193.84,193.98,49953.0
2025-11-10 12:30:00+00:00,193.97,194.01,193.9,193.96,48216.0
2025-11-10 12:35:00+00:00,193.96,194.01,193.76,193.81,67847.0
2025-11-10 12:40:00+00:00,193.89,194.01,193.78,193.96,54288.0
2025-11-10 12:45:00+00:00,193.93,194.01,193.9,194.0,39364.0
2025-11-10 12:50:00+00:00,193.98,194.1,193.98,194.09,57396.0
2025-11-10 12:55:00+00:00,194.1,194.1,194.0,194.005,34239.0
2025-11-10 13:00:00+00:00,194.21,194.9,193.11,193.98,1541766.0
2025-11-10 13:05:00+00:00,194.0,194.05,193.95,194.03,95939.0
2025-11-10 13:10:00+00:00,194.03,194.03,193.7,193.9,105396.0
2025-11-10 13:15:00+00:00,193.8536,193.93,193.73,193.74,97726.0
2025-11-10 13:20:00+00:00,193.74,194.01,193.6981,193.99,133773.0
2025-11-10 13:25:00+00:00,193.96,194.32,193.96,194.31,118621.0
2025-11-10 13:30:00+00:00,194.3,194.5496,194.25,194.53,164988.0
2025-11-10 13:35:00+00:00,194.53,194.83,194.51,194.73,218599.0
2025-11-10 13:40:00+00:00,194.7,194.7495,194.3,194.45,172642.0
2025-11-10 13:45:00+00:00,194.43,194.55,194.36,194.54,116287.0
2025-11-10 13:50:00+00:00,194.53,194.67,194.5,194.51,88697.0
2025-11-10 13:55:00+00:00,194.51,194.55,194.4,194.4,82079.0
2025-11-10 14:00:00+00:00,194.4,194.6,194.26,194.5173,122311.0
2025-11-10 14:05:00+00:00,194.51,194.54,194.25,194.45,95537.0
2025-11-10 14:10:00+00:00,194.47,194.64,194.33,194.5499,146263.0
2025-11-10 14:15:00+00:00,194.52,194.58,194.36,194.44,114846.0
2025-11-10 14:20:00+00:00,194.44,194.5,194.39,194.39,643024.0
2025-11-10 14:25:00+00:00,194.44,195.23,194.43,195.08,612801.0
2025-11-10 14:30:00+00:00,195.11,195.435,194.07,194.3332,10049839.0
2025-11-10 14:35:00+00:00,194.33,195.235,194.3248,194.62,4239923.0
2025-11-10 14:40:00+00:00,194.6389,195.41,194.5,194.875,4293722.0
2025-11-10 14:45:00+00:00,194.87,195.24,194.4298,194.4501,3323293.0
2025-11-10 14:50:00+00:00,194.46,194.46,193.92,194.415,3404942.0
2025-11-10 14:55:00+00:00,194.42,195.61,194.059,195.025,3581483.0
2025-11-10 15:00:00+00:00,195.015,195.5695,194.75,195.2896,2953306.0
2025-11-10 15:05:00+00:00,195.2999,195.74,195.13,195.34,2528094.0
2025-11-10 15:10:00+00:00,195.35,195.65,195.17,195.48,2130009.0
2025-11-10 15:15:00+00:00,195.49,196.3,195.37,195.7448,3470292.0
2025-11-10 15:20:00+00:00,195.75,196.5293,195.6585,196.4799,2681533.0
2025-11-10 15:25:00+00:00,196.475,197.05,196.46,196.62,3491456.0
2025-11-10 15:30:00+00:00,196.62,197.1595,196.43,197.145,2737382.0
2025-11-10 15:35:00+00:00,197.145,197.67,196.98,197.3092,3529300.0
2025-11-10 15:40:00+00:00,197.31,197.39,196.16,196.205,2959610.0
2025-11-10 15:45:00+00:00,196.2007,196.43,195.76,196.04,2460510.0
2025-11-10 15:50:00+00:00,196.04,196.0618,194.99,195.335,3346008.0
2025-11-10 15:55:00+00:00,195.33,195.3699,194.495,194.61,2404115.0
2025-11-10 16:00:00+00:00,194.62,195.045,194.21,194.8592,3152527.0
2025-11-10 16:05:00+00:00,194.85,195.29,194.51,194.715,2846740.0
2025-11-10 16:10:00+00:00,194.715,195.06,194.45,194.5699,1811451.0
2025-11-10 16:15:00+00:00,194.57,195.05,194.48,194.7993,1700185.0
2025-11-10 16:20:00+00:00,194.79,195.08,194.25,194.505,2021084.0
2025-11-10 16:25:00+00:00,194.52,194.67,194.03,194.1218,1323481.0
2025-11-10 16:30:00+00:00,194.12,194.73,194.11,194.25,1649633.0
2025-11-10 16:35:00+00:00,194.26,194.45,193.83,194.02,2064066.0
2025-11-10 16:40:00+00:00,194.0512,194.29,193.79,194.095,1691169.0
2025-11-10 16:45:00+00:00,194.085,194.77,193.85,194.7,1518492.0
2025-11-10 16:50:00+00:00,194.7065,194.95,194.23,194.61,1453419.0
2025-11-10 16:55:00+00:00,194.6052,195.16,194.52,195.055,1504219.0
2025-11-10 17:00:00+00:00,195.05,195.8,194.94,195.65,1652779.0
2025-11-10 17:05:00+00:00,195.65,196.0799,195.38,195.4385,2087107.0
2025-11-10 17:10:00+00:00,195.43,195.8,195.29,195.34,1491282.0
2025-11-10 17:15:00+00:00,195.34,195.71,195.2,195.4241,1100343.0
2025-11-10 17:20:00+00:00,195.445,195.73,195.42,195.5502,951470.0
2025-11-10 17:25:00+00:00,195.55,196.12,195.51,195.8656,1084489.0
2025-11-10 17:30:00+00:00,195.885,196.28,195.8601,196.075,1001325.0
2025-11-10 17:35:00+00:00,196.08,196.21,195.945,196.035,1007150.0
2025-11-10 17:40:00+00:00,196.04,196.565,196.0,196.28,1354961.0
2025-11-10 17:45:00+00:00,196.29,196.52,196.16,196.24,953957.0
2025-11-10 17:50:00+00:00,196.245,196.58,196.21,196.57,875566.0
2025-11-10 17:55:00+00:00,196.57,196.91,196.51,196.59,1486603.0
2025-11-10 18:00:00+00:00,196.58,196.945,196.58,196.63,1077614.0
2025-11-10 18:05:00+00:00,196.6349,197.07,196.629,197.07,1500148.0
2025-11-10 18:10:00+00:00,197.07,197.23,196.99,197.1801,1079574.0
2025-11-10 18:15:00+00:00,197.17,197.269,196.82,196.8299,1218241.0
2025-11-10 18:20:00+00:00,196.84,197.0901,196.8201,196.925,1030873.0
2025-11-10 18:25:00+00:00,196.92,196.97,196.63,196.7118,979471.0
2025-11-10 18:30:00+00:00,196.725,197.21,196.725,197.125,1165295.0
2025-11-10 18:35:00+00:00,197.1282,197.35,197.1,197.24,956488.0
2025-11-10 18:40:00+00:00,197.25,197.49,197.12,197.4701,1101699.0
2025-11-10 18:45:00+00:00,197.48,197.87,197.48,197.8493,2212643.0
2025-11-10 18:50:00+00:00,197.85,197.88,197.39,197.4176,1355284.0
2025-11-10 18:55:00+00:00,197.41,197.485,196.96,196.9812,1493672.0
2025-11-10 19:00:00+00:00,196.98,197.25,196.585,196.9688,2018311.0
2025-11-10 19:05:00+00:00,196.9615,197.52,196.93,197.4948,1453760.0
2025-11-10 19:10:00+00:00,197.49,197.77,197.405,197.6737,1353060.0
2025-11-10 19:15:00+00:00,197.673,197.75,197.53,197.6599,1027653.0
2025-11-10 19:20:00+00:00,197.6582,197.67,197.32,197.53,877298.0
2025-11-10 19:25:00+00:00,197.5252,198.08,197.52,197.92,1799537.0
2025-11-10 19:30:00+00:00,197.92,198.0,197.69,197.7582,1213025.0
2025-11-10 19:35:00+00:00,197.755,198.29,197.685,198.105,1683929.0
2025-11-10 19:40:00+00:00,198.105,198.12,197.77,197.7718,1217747.0
2025-11-10 19:45:00+00:00,197.7799,198.07,197.75,197.855,1135874.0
2025-11-10 19:50:00+00:00,197.8593,198.19,197.77,198.065,1296689.0
2025-11-10 19:55:00+00:00,198.0651,198.33,198.05,198.195,1424084.0
2025-11-10 20:00:00+00:00,198.195,198.6359,198.1401,198.4299,1930112.0
2025-11-10 20:05:00+00:00,198.42,198.54,198.2,198.2016,1621809.0
2025-11-10 20:10:00+00:00,198.2099,198.76,197.96,198.5842,2109695.0
2025-11-10 20:15:00+00:00,198.585,198.77,198.28,198.51,1690030.0
2025-11-10 20:20:00+00:00,198.505,198.73,198.47,198.65,1615488.0
2025-11-10 20:25:00+00:00,198.65,198.92,198.59,198.75,1872597.0
2025-11-10 20:30:00+00:00,198.735,198.96,198.63,198.9305,1809748.0
2025-11-10 20:35:00+00:00,198.935,199.41,198.89,199.355,3521398.0
2025-11-10 20:40:00+00:00,199.355,199.65,199.23,199.605,2744292.0
2025-11-10 20:45:00+00:00,199.6,199.94,199.48,199.83,3095844.0
2025-11-10 20:50:00+00:00,199.83,199.865,199.21,199.54,4145063.0
2025-11-10 20:55:00+00:00,199.56,199.59,198.6,199.03,6204214.0
2025-11-10 21:00:00+00:00,199.05,199.5383,198.9,199.5,1018730.0
2025-11-10 21:05:00+00:00,199.4205,199.49,199.05,199.4327,160541.0
2025-11-10 21:10:00+00:00,199.39,199.49,199.02,199.44,180780.0
2025-11-10 21:15:00+00:00,199.45,199.49,199.25,199.34,67424.0
2025-11-10 21:20:00+00:00,199.3,199.4,199.3,199.35,51494.0
2025-11-10 21:25:00+00:00,199.36,199.48,199.3206,199.3353,69598.0
2025-11-10 21:30:00+00:00,199.3336,199.37,199.23,199.2881,79130.0
2025-11-10 21:35:00+00:00,199.29,199.48,199.25,199.45,49849.0
2025-11-10 21:40:00+00:00,199.4424,199.5296,199.4424,199.48,53780.0
2025-11-10 21:45:00+00:00,199.49,199.52,199.3,199.3,75800.0
2025-11-10 21:50:00+00:00,199.34,199.38,199.22,199.2801,69087.0
2025-11-10 21:55:00+00:00,199.26,199.45,199.1,199.3301,67390.0
2025-11-10 22:00:00+00:00,199.35,199.35,199.25,199.25,23283.0
2025-11-10 22:05:00+00:00,199.2503,199.42,199.2502,199.37,37619.0
2025-11-10 22:10:00+00:00,199.37,199.44,199.1,199.11,68672.0
2025-11-10 22:15:00+00:00,199.0907,199.24,199.09,199.16,39497.0
2025-11-10 22:20:00+00:00,199.18,199.35,199.15,199.31,24491.0
2025-11-10 22:25:00+00:00,199.3,199.59,199.12,199.55,67259.0
2025-11-10 22:30:00+00:00,199.47,199.47,199.12,199.14,45829.0
2025-11-10 22:35:00+00:00,199.18,199.18,199.01,199.1659,65217.0
2025-11-10 22:40:00+00:00,199.17,199.24,199.13,199.21,27450.0
2025-11-10 22:45:00+00:00,199.21,199.4,199.21,199.3999,26002.0
2025-11-10 22:50:00+00:00,199.37,199.41,199.05,199.3464,23779.0
2025-11-10 22:55:00+00:00,199.3464,199.35,199.22,199.2205,17382.0
2025-11-10 23:00:00+00:00,199.24,199.25,199.1,199.11,24989.0
2025-11-10 23:05:00+00:00,199.1,199.1372,199.05,199.11,27993.0
2025-11-10 23:10:00+00:00,199.1299,199.26,199.1299,199.2121,12822.0
2025-11-10 23:15:00+00:00,199.23,199.3355,199.23,199.29,20705.0
2025-11-10 23:20:00+00:00,199.25,199.3369,199.21,199.3,12073.0
2025-11-10 23:25:00+00:00,199.3,199.34,199.25,199.34,18122.0
2025-11-10 23:30:00+00:00,199.34,199.45,199.31,199.36,32857.0
2025-11-10 23:35:00+00:00,199.4,199.44,199.25,199.3,21818.0
2025-11-10 23:40:00+00:00,199.26,199.36,199.26,199.35,10246.0
2025-11-10 23:45:00+00:00,199.35,199.48,199.3215,199.44,20920.0
2025-11-10 23:50:00+00:00,199.45,199.45,199.35,199.4001,24977.0
2025-11-10 23:55:00+00:00,199.44,199.55,199.39,199.53,25690.0
2025-11-11 00:00:00+00:00,199.5464,199.7634,199.48,199.74,59477.0
2025-11-11 00:05:00+00:00,199.74,199.8,199.68,199.76,41052.0
2025-11-11 00:10:00+00:00,199.76,199.98,199.68,199.96,83484.0
2025-11-11 00:15:00+00:00,199.98,200.0,199.89,199.92,59012.0
2025-11-11 00:20:00+00:00,199.9595,200.0,199.9,199.989,48135.0
2025-11-11 00:25:00+00:00,199.988,200.05,199.97,200.03,131487.0
2025-11-11 00:30:00+00:00,200.03,200.05,199.7,199.87,74895.0
2025-11-11 00:35:00+00:00,199.8509,199.98,199.83,199.95,36495.0
2025-11-11 00:40:00+00:00,199.95,199.98,199.91,199.98,33903.0
2025-11-11 00:45:00+00:00,199.9801,199.9897,199.9,199.91,36600.0
2025-11-11 00:50:00+00:00,199.91,199.95,199.86,199.9238,72153.0
2025-11-11 00:55:00+00:00,199.9495,200.0,199.86,199.9903,92203.0
2025-11-11 09:00:00+00:00,198.6,198.91,197.9,198.4,67861.0
2025-11-11 09:05:00+00:00,198.4,198.74,198.4,198.5,22985.0
2025-11-11 09:10:00+00:00,198.45,198.45,198.14,198.2,18968.0
2025-11-11 09:15:00+00:00,198.18,198.4,198.12,198.35,20896.0
2025-11-11 09:20:00+00:00,198.39,198.39,197.96,197.96,57766.0
2025-11-11 09:25:00+00:00,197.96,198.05,197.66,197.82,72183.0
2025-11-11 09:30:00+00:00,197.89,197.92,197.52,197.53,46530.0
2025-11-11 09:35:00+00:00,197.52,197.68,197.13,197.23,76340.0
2025-11-11 09:40:00+00:00,197.19,197.25,196.79,197.03,75759.0
2025-11-11 09:45:00+00:00,197.03,197.14,196.78,196.85,150070.0
2025-11-11 09:50:00+00:00,196.87,197.05,196.41,196.63,64279.0
2025-11-11 09:55:00+00:00,196.59,196.59,196.13,196.25,118594.0
2025-11-11 10:00:00+00:00,196.25,196.5,196.1,196.41,71920.0
2025-11-11 10:05:00+00:00,196.4,196.55,196.31,196.34,42972.0
2025-11-11 10:10:00+00:00,196.39,196.52,196.2,196.5,47824.0
2025-11-11 10:15:00+00:00,196.46,196.46,196.13,196.25,34640.0
2025-11-11 10:20:00+00:00,196.25,196.45,196.25,196.3,33005.0
2025-11-11 10:25:00+00:00,196.4,196.51,196.33,196.5,43340.0
2025-11-11 10:30:00+00:00,196.5,196.55,196.01,196.04,46005.0
2025-11-11 10:35:00+00:00,196.01,196.11,195.54,195.54,99246.0
2025-11-11 10:40:00+00:00,195.59,195.95,195.48,195.84,48025.0
2025-11-11 10:45:00+00:00,195.79,195.87,195.39,195.46,86049.0
2025-11-11 10:50:00+00:00,195.45,195.8,195.38,195.8,61683.0
2025-11-11 10:55:00+00:00,195.8,195.85,195.55,195.64,29421.0
2025-11-11 11:00:00+00:00,195.64,195.88,195.55,195.75,57078.0
2025-11-11 11:05:00+00:00,195.8,195.8,195.54,195.7,47427.0
2025-11-11 11:10:00+00:00,195.71,196.06,195.71,196.06,62947.0
2025-11-11 11:15:00+00:00,196.05,196.35,196.03,196.13,61965.0
2025-11-11 11:20:00+00:00,196.17,196.3,196.05,196.29,35318.0
2025-11-11 11:25:00+00:00,196.29,196.29,196.07,196.27,20900.0
2025-11-11 11:30:00+00:00,196.25,196.25,196.02,196.02,46296.0
2025-11-11 11:35:00+00:00,196.02,196.26,195.91,196.26,54194.0
2025-11-11 11:40:00+00:00,196.23,196.23,196.06,196.14,18611.0
2025-11-11 11:45:00+00:00,196.12,196.23,196.06,196.15,40808.0
2025-11-11 11:50:00+00:00,196.12,196.14,195.84,195.96,57270.0
2025-11-11 11:55:00+00:00,196.0,196.22,195.98,196.21,43023.0
2025-11-11 12:00:00+00:00,196.22,196.45,195.87,195.9,215889.0
2025-11-11 12:05:00+00:00,195.9,196.11,195.69,196.08,66705.0
2025-11-11 12:10:00+00:00,196.08,196.23,195.95,195.99,70743.0
2025-11-11 12:15:00+00:00,196.0,196.15,195.8,195.88,70375.0
2025-11-11 12:20:00+00:00,195.93,195.95,195.68,195.75,60994.0
2025-11-11 12:25:00+00:00,195.8,195.85,195.67,195.75,44265.0
2025-11-11 12:30:00+00:00,195.73,195.8,195.64,195.72,51865.0
2025-11-11 12:35:00+00:00,195.7,195.7,194.84,194.9,223488.0
2025-11-11 12:40:00+00:00,194.929,195.0,194.66,194.97,148788.0
2025-11-11 12:45:00+00:00,194.99,195.18,194.73,195.09,104835.0
2025-11-11 12:50:00+00:00,195.08,195.27,195.04,195.14,58948.0
2025-11-11 12:55:00+00:00,195.14,195.25,194.95,195.24,53724.0
2025-11-11 13:00:00+00:00,196.25,199.35,194.6201,195.6013,2105117.0
2025-11-11 13:05:00+00:00,195.61,195.8,195.4,195.8,138301.0
2025-11-11 13:10:00+00:00,195.81,195.81,195.5,195.7215,117861.0
2025-11-11 13:15:00+00:00,195.7192,195.77,195.55,195.62,608062.0
2025-11-11 13:20:00+00:00,195.5995,195.709,195.3,195.43,111648.0
2025-11-11 13:25:00+00:00,195.4015,195.4396,195.0,195.09,160158.0
2025-11-11 13:30:00+00:00,195.15,195.49,195.1218,195.465,128684.0
2025-11-11 13:35:00+00:00,195.4862,195.6,195.36,195.5596,109304.0
2025-11-11 13:40:00+00:00,195.52,195.5499,195.2345,195.37,108018.0
2025-11-11 13:45:00+00:00,195.36,195.59,195.34,195.44,94213.0
2025-11-11 13:50:00+00:00,195.44,195.46,195.11,195.1661,98590.0
2025-11-11 13:55:00+00:00,195.15,195.44,195.04,195.44,91279.0
2025-11-11 14:00:00+00:00,195.4399,195.57,195.0,195.15,152237.0
2025-11-11 14:05:00+00:00,195.15,195.15,194.89,195.0,209712.0
2025-11-11 14:10:00+00:00,195.0,195.0495,194.86,194.9799,167433.0
2025-11-11 14:15:00+00:00,194.98,195.25,194.8101,195.2299,208879.0
2025-11-11 14:20:00+00:00,195.2,195.5,195.1301,195.3901,144627.0
2025-11-11 14:25:00+00:00,195.39,195.9,195.0,195.13,304556.0
2025-11-11 14:30:00+00:00,195.155,195.42,194.1807,194.71,7239370.0
2025-11-11 14:35:00+00:00,194.72,195.05,194.05,194.83,3938754.0
2025-11-11 14:40:00+00:00,194.82,194.83,193.7,193.905,4490633.0
2025-11-11 14:45:00+00:00,193.87,194.4,193.22,193.32,4449503.0
2025-11-11 14:50:00+00:00,193.33,193.34,192.561,192.93,4357793.0
2025-11-11 14:55:00+00:00,192.95,193.84,192.685,193.55,4140072.0
2025-11-11 15:00:00+00:00,193.56,193.87,193.31,193.3282,2507297.0
2025-11-11 15:05:00+00:00,193.32,193.495,192.2714,193.12,3687051.0
2025-11-11 15:10:00+00:00,193.11,193.56,192.88,193.16,2050573.0
2025-11-11 15:15:00+00:00,193.1525,193.33,192.39,192.4799,2446402.0
2025-11-11 15:20:00+00:00,192.48,193.098,192.29,192.9555,2222052.0
2025-11-11 15:25:00+00:00,192.955,193.07,192.09,192.53,2277580.0
2025-11-11 15:30:00+00:00,192.54,192.74,191.87,192.13,3272164.0
2025-11-11 15:35:00+00:00,192.13,192.28,191.78,192.1251,2871810.0
2025-11-11 15:40:00+00:00,192.13,193.0199,192.1,192.925,2434209.0
2025-11-11 15:45:00+00:00,192.92,192.975,192.18,192.4982,1960167.0
2025-11-11 15:50:00+00:00,192.49,192.54,191.585,191.809,2608208.0
2025-11-11 15:55:00+00:00,191.805,192.39,191.56,192.2851,1884892.0
2025-11-11 16:00:00+00:00,192.29,192.63,192.05,192.18,1683355.0
2025-11-11 16:05:00+00:00,192.19,192.57,192.15,192.2898,1460090.0
2025-11-11 16:10:00+00:00,192.29,192.89,192.28,192.3801,1650293.0
2025-11-11 16:15:00+00:00,192.4,193.015,192.31,192.975,1664582.0
2025-11-11 16:20:00+00:00,192.97,193.2899,192.81,193.14,1855007.0
2025-11-11 16:25:00+00:00,193.14,193.21,192.29,192.375,1774242.0
2025-11-11 16:30:00+00:00,192.38,192.39,191.92,192.165,1797974.0
2025-11-11 16:35:00+00:00,192.165,192.49,192.0,192.175,1479187.0
2025-11-11 16:40:00+00:00,192.18,192.46,192.03,192.14,1266814.0
2025-11-11 16:45:00+00:00,192.13,192.3,191.87,192.125,1368733.0
2025-11-11 16:50:00+00:00,192.13,192.15,191.68,191.7951,1446015.0
2025-11-11 16:55:00+00:00,191.785,191.81,191.3,191.4533,2135501.0
2025-11-11 17:00:00+00:00,191.4551,192.1399,191.4307,192.13,1705508.0
2025-11-11 17:05:00+00:00,192.14,192.8499,192.14,192.8399,2311847.0
2025-11-11 17:10:00+00:00,192.84,192.94,192.7,192.8,1456656.0
2025-11-11 17:15:00+00:00,192.795,192.98,192.58,192.87,1933218.0
2025-11-11 17:20:00+00:00,192.86,193.22,192.74,192.7951,1865721.0
2025-11-11 17:25:00+00:00,192.795,192.8158,192.14,192.42,1604892.0
2025-11-11 17:30:00+00:00,192.415,192.46,192.275,192.4341,911278.0
2025-11-11 17:35:00+00:00,192.43,192.89,192.31,192.79,1306633.0
2025-11-11 17:40:00+00:00,192.8,192.915,192.5001,192.7498,1157078.0
2025-11-11 17:45:00+00:00,192.7499,192.97,192.555,192.83,1200724.0
2025-11-11 17:50:00+00:00,192.83,193.665,192.71,193.4702,2100211.0
2025-11-11 17:55:00+00:00,193.485,193.8,193.37,193.38,1449004.0
2025-11-11 18:00:00+00:00,193.375,193.64,193.195,193.47,1379592.0
2025-11-11 18:05:00+00:00,193.4641,193.665,193.19,193.2,1239513.0
2025-11-11 18:10:00+00:00,193.21,193.69,193.205,193.4459,1110734.0
2025-11-11 18:15:00+00:00,193.4451,193.73,193.4,193.6201,1078212.0
2025-11-11 18:20:00+00:00,193.64,193.88,193.16,193.6541,1830304.0
2025-11-11 18:25:00+00:00,193.6572,193.97,193.08,193.66,2050882.0
2025-11-11 18:30:00+00:00,193.66,193.96,193.56,193.69,1142912.0
2025-11-11 18:35:00+00:00,193.695,193.735,193.135,193.55,1717333.0
2025-11-11 18:40:00+00:00,193.565,194.125,193.525,194.1099,1861423.0
2025-11-11 18:45:00+00:00,194.11,194.51,194.03,194.435,1787911.0
2025-11-11 18:50:00+00:00,194.4301,194.56,194.22,194.32,1390598.0
2025-11-11 18:55:00+00:00,194.32,194.63,194.25,194.46,1381317.0
2025-11-11 19:00:00+00:00,194.46,194.46,194.02,194.375,1456321.0
2025-11-11 19:05:00+00:00,194.375,194.4,193.99,194.0599,1240601.0
2025-11-11 19:10:00+00:00,194.055,194.125,193.805,194.03,1246966.0
2025-11-11 19:15:00+00:00,194.03,194.2,193.7001,193.735,1290680.0
2025-11-11 19:20:00+00:00,193.735,193.97,193.6342,193.925,1091383.0
2025-11-11 19:25:00+00:00,193.92,194.09,193.82,193.9751,913808.0
2025-11-11 19:30:00+00:00,193.9798,194.2,193.91,193.94,1018241.0
2025-11-11 19:35:00+00:00,193.93,194.005,193.72,193.78,1244226.0
2025-11-11 19:40:00+00:00,193.775,194.015,193.6801,193.715,977142.0
2025-11-11 19:45:00+00:00,193.7146,194.08,193.56,193.94,1191622.0
2025-11-11 19:50:00+00:00,193.93,193.955,193.7501,193.905,833778.0
2025-11-11 19:55:00+00:00,193.91,194.12,193.8441,193.875,1183833.0
2025-11-11 20:00:00+00:00,193.875,194.05,193.76,193.955,917018.0
2025-11-11 20:05:00+00:00,193.955,194.07,193.8601,193.905,866359.0
2025-11-11 20:10:00+00:00,193.91,194.31,193.895,194.095,1128024.0
2025-11-11 20:15:00+00:00,194.095,194.1203,193.79,193.88,982602.0
2025-11-11 20:20:00+00:00,193.86,194.15,193.8398,193.975,1014078.0
2025-11-11 20:25:00+00:00,193.975,194.34,193.94,194.105,1170190.0
2025-11-11 20:30:00+00:00,194.105,194.3,193.92,194.21,1243394.0
2025-11-11 20:35:00+00:00,194.21,194.23,193.92,194.0699,1225741.0
2025-11-11 20:40:00+00:00,194.06,194.11,193.76,194.005,1201638.0
2025-11-11 20:45:00+00:00,194.01,194.08,193.31,193.345,2131456.0
2025-11-11 20:50:00+00:00,193.35,193.5,193.03,193.18,2785180.0
2025-11-11 20:55:00+00:00,193.18,193.28,192.7,193.24,6604480.0
2025-11-11 21:00:00+00:00,193.27,193.3199,192.9,193.23,860238.0
2025-11-11 21:05:00+00:00,193.225,193.7,193.16,193.48,136505.0
2025-11-11 21:10:00+00:00,193.49,194.02,193.16,193.8703,337570.0
2025-11-11 21:15:00+00:00,193.93,194.25,193.85,194.0,157200.0
2025-11-11 21:20:00+00:00,194.0008,194.19,193.9489,194.11,127198.0
2025-11-11 21:25:00+00:00,194.1001,194.13,193.88,194.0136,61705.0
2025-11-11 21:30:00+00:00,194.04,194.04,193.16,193.911,51932.0
2025-11-11 21:35:00+00:00,193.94,193.95,193.81,193.81,30557.0
2025-11-11 21:40:00+00:00,193.81,193.9,193.73,193.7536,36892.0
2025-11-11 21:45:00+00:00,193.72,193.85,193.71,193.82,40001.0
2025-11-11 21:50:00+00:00,193.81,194.0,193.75,193.8,49998.0
2025-11-11 21:55:00+00:00,193.8,193.8,193.1,193.2491,120309.0
2025-11-11 22:00:00+00:00,193.21,193.25,193.01,193.0891,110978.0
2025-11-11 22:05:00+00:00,193.02,193.2999,193.01,193.29,47344.0
2025-11-11 22:10:00+00:00,193.29,193.2973,193.06,193.1206,38530.0
2025-11-11 22:15:00+00:00,193.14,193.42,193.12,193.3804,31878.0
2025-11-11 22:20:00+00:00,193.38,193.45,193.28,193.44,33753.0
2025-11-11 22:25:00+00:00,193.48,193.65,193.4409,193.52,37841.0
2025-11-11 22:30:00+00:00,193.47,193.535,193.4,193.47,19389.0
2025-11-11 22:35:00+00:00,193.47,193.65,193.44,193.5103,28348.0
2025-11-11 22:40:00+00:00,193.56,193.77,193.16,193.7,27356.0
2025-11-11 22:45:00+00:00,193.68,194.0,193.68,193.98,83442.0
2025-11-11 22:50:00+00:00,194.04,194.1,193.97,194.04,34208.0
2025-11-11 22:55:00+00:00,194.0403,194.09,194.0,194.0398,39113.0
2025-11-11 23:00:00+00:00,194.02,194.1299,193.85,194.0207,67839.0
2025-11-11 23:05:00+00:00,194.03,194.0597,193.86,193.97,28825.0
2025-11-11 23:10:00+00:00,193.93,193.97,193.6,193.72,58990.0
2025-11-11 23:15:00+00:00,193.74,193.96,193.74,193.96,31671.0
2025-11-11 23:20:00+00:00,193.9573,194.08,193.95,194.0001,49879.0
2025-11-11 23:25:00+00:00,194.01,194.11,193.95,194.02,29702.0
2025-11-11 23:30:00+00:00,194.07,194.07,193.83,193.94,18508.0
2025-11-11 23:35:00+00:00,193.95,194.0,193.9,193.99,25422.0
2025-11-11 23:40:00+00:00,193.98,193.99,193.84,193.98,26516.0
2025-11-11 23:45:00+00:00,193.97,194.0,193.94,193.99,12789.0
2025-11-11 23:50:00+00:00,193.99,194.04,193.95,193.9709,29281.0
2025-11-11 23:55:00+00:00,193.98,194.0,193.92,193.92,22581.0
2025-11-12 00:00:00+00:00,193.9,194.05,193.9,194.03,22582.0
2025-11-12 00:05:00+00:00,194.05,194.06,193.93,193.97,29460.0
2025-11-12 00:10:00+00:00,193.97,194.0,193.95,193.9587,9248.0
2025-11-12 00:15:00+00:00,193.97,194.0299,193.92,194.0018,20279.0
2025-11-12 00:20:00+00:00,194.0,194.01,193.94,193.9545,18769.0
2025-11-12 00:25:00+00:00,193.98,194.05,193.98,194.03,23225.0
2025-11-12 00:30:00+00:00,194.04,194.05,194.0,194.02,14678.0
2025-11-12 00:35:00+00:00,194.0,194.06,193.9997,194.0599,29477.0
2025-11-12 00:40:00+00:00,194.05,194.15,194.05,194.14,33019.0
2025-11-12 00:45:00+00:00,194.16,194.1685,194.09,194.14,27951.0
2025-11-12 00:50:00+00:00,194.1399,194.24,194.08,194.0808,48271.0
2025-11-12 00:55:00+00:00,194.0805,194.15,194.0,194.0,67834.0
2025-11-12 09:00:00+00:00,195.74,195.8,195.3,195.8,67730.0
2025-11-12 09:05:00+00:00,195.8,196.13,195.75,196.0,103274.0
2025-11-12 09:10:00+00:00,196.0,196.08,195.97,196.05,25772.0
2025-11-12 09:15:00+00:00,196.05,196.17,196.02,196.1,33534.0
2025-11-12 09:20:00+00:00,196.11,196.14,195.99,196.05,23248.0
2025-11-12 09:25:00+00:00,196.07,196.07,195.96,196.07,26897.0
2025-11-12 09:30:00+00:00,196.02,196.08,195.98,196.02,14475.0
2025-11-12 09:35:00+00:00,196.01,196.11,196.0,196.1,12367.0
2025-11-12 09:40:00+00:00,196.13,196.29,196.12,196.22,23641.0
2025-11-12 09:45:00+00:00,196.25,196.3,196.16,196.24,21650.0
2025-11-12 09:50:00+00:00,196.25,196.32,196.22,196.29,15127.0
2025-11-12 09:55:00+00:00,196.24,196.37,196.18,196.2,19307.0
2025-11-12 10:00:00+00:00,196.18,196.27,196.1,196.21,23537.0
2025-11-12 10:05:00+00:00,196.16,196.33,196.11,196.33,16540.0
2025-11-12 10:10:00+00:00,196.35,196.39,196.19,196.29,27924.0
2025-11-12 10:15:00+00:00,196.27,196.28,196.1,196.2,14972.0
2025-11-12 10:20:00+00:00,196.2,196.2,196.0,196.09,26467.0
2025-11-12 10:25:00+00:00,196.03,196.12,196.0,196.02,14130.0
2025-11-12 10:30:00+00:00,196.06,196.1,195.95,195.95,22811.0
2025-11-12 10:35:00+00:00,195.93,196.05,195.64,195.68,27332.0
2025-11-12 10:40:00+00:00,195.7,195.75,195.51,195.64,28761.0
2025-11-12 10:45:00+00:00,195.71,196.05,195.7,196.05,27181.0
2025-11-12 10:50:00+00:00,196.03,196.05,195.94,195.96,22196.0
2025-11-12 10:55:00+00:00,195.98,196.0,195.7,195.94,17368.0
2025-11-12 11:00:00+00:00,196.0,196.1,195.89,195.97,15757.0
2025-11-12 11:05:00+00:00,195.99,196.14,195.99,195.99,16489.0
2025-11-12 11:10:00+00:00,195.98,196.0,195.86,195.86,15285.0
2025-11-12 11:15:00+00:00,195.9,195.92,195.74,195.8,12998.0
2025-11-12 11:20:00+00:00,195.83,195.86,195.77,195.78,8750.0
2025-11-12 11:25:00+00:00,195.81,195.87,195.5,195.5,38524.0
2025-11-12 11:30:00+00:00,195.5,195.58,195.16,195.41,60298.0
2025-11-12 11:35:00+00:00,195.45,195.51,195.2,195.34,35546.0
2025-11-12 11:40:00+00:00,195.3,195.34,195.03,195.27,57507.0
2025-11-12 11:45:00+00:00,195.18,195.24,195.03,195.05,18757.0
2025-11-12 11:50:00+00:00,195.03,195.18,194.92,194.94,26902.0
2025-11-12 11:55:00+00:00,194.94,195.07,194.81,195.01,31172.0
2025-11-12 12:00:00+00:00,195.01,195.34,194.88,195.33,82834.0
2025-11-12 12:05:00+00:00,195.31,197.15,195.31,195.61,401443.0
2025-11-12 12:10:00+00:00,195.6,195.8,195.54,195.73,49458.0
2025-11-12 12:15:00+00:00,195.79,195.85,195.65,195.7,33915.0
2025-11-12 12:20:00+00:00,195.77,195.84,195.55,195.73,48868.0
2025-11-12 12:25:00+00:00,195.72,196.15,195.72,196.15,60634.0
2025-11-12 12:30:00+00:00,196.16,196.2,196.02,196.12,45082.0
2025-11-12 12:35:00+00:00,196.15,196.15,195.95,195.96,33519.0
2025-11-12 12:40:00+00:00,195.93,195.93,195.74,195.8,42170.0
2025-11-12 12:45:00+00:00,195.8,195.96,195.72,195.95,27537.0
2025-11-12 12:50:00+00:00,195.93,196.24,195.93,196.16,60172.0
2025-11-12 12:55:00+00:00,196.15,196.18,196.07,196.15,27052.0
2025-11-12 13:00:00+00:00,195.16,196.39,194.52,196.07,1079174.0
2025-11-12 13:05:00+00:00,196.0433,196.34,196.04,196.3093,89943.0
2025-11-12 13:10:00+00:00,196.3,196.35,195.85,195.97,132153.0
2025-11-12 13:15:00+00:00,195.9501,196.05,195.81,195.87,98729.0
2025-11-12 13:20:00+00:00,195.85,195.8962,195.55,195.79,161464.0
2025-11-12 13:25:00+00:00,195.8,195.92,195.7,195.78,110298.0
2025-11-12 13:30:00+00:00,195.73,195.82,195.57,195.82,72374.0
2025-11-12 13:35:00+00:00,195.85,196.08,195.83,195.88,94642.0
2025-11-12 13:40:00+00:00,195.88,195.91,195.72,195.74,47394.0
2025-11-12 13:45:00+00:00,195.72,195.87,195.7,195.8,76687.0
2025-11-12 13:50:00+00:00,195.8,195.95,195.78,195.7999,60160.0
2025-11-12 13:55:00+00:00,195.825,195.825,193.16,195.72,61409.0
2025-11-12 14:00:00+00:00,195.74,195.7555,195.48,195.53,120725.0
2025-11-12 14:05:00+00:00,195.53,195.57,195.37,195.5608,110218.0
2025-11-12 14:10:00+00:00,195.56,195.84,195.49,195.66,116424.0
2025-11-12 14:15:00+00:00,195.66,195.8,195.65,195.76,47110.0
2025-11-12 14:20:00+00:00,195.77,195.9,195.66,195.68,82171.0
2025-11-12 14:25:00+00:00,195.66,195.9383,193.16,195.73,96665.0
2025-11-12 14:30:00+00:00,195.72,195.89,194.035,194.4199,4947724.0
2025-11-12 14:35:00+00:00,194.41,194.7699,193.58,193.6399,3465052.0
2025-11-12 14:40:00+00:00,193.63,193.83,192.76,192.96,3942079.0
2025-11-12 14:45:00+00:00,192.97,193.2858,191.9042,192.03,3618820.0
2025-11-12 14:50:00+00:00,192.0375,192.4858,191.8,191.9899,3270398.0
2025-11-12 14:55:00+00:00,191.98,192.86,191.5901,192.71,3195938.0
2025-11-12 15:00:00+00:00,192.715,193.28,192.61,193.13,3107248.0
2025-11-12 15:05:00+00:00,193.13,193.98,192.74,193.705,3103463.0
2025-11-12 15:10:00+00:00,193.705,193.96,192.03,192.19,3834794.0
2025-11-12 15:15:00+00:00,192.22,192.35,191.6901,191.83,2784726.0
2025-11-12 15:20:00+00:00,191.8301,192.56,191.64,191.9294,2375087.0
2025-11-12 15:25:00+00:00,191.9335,192.74,191.74,192.69,2148231.0
2025-11-12 15:30:00+00:00,192.69,192.98,191.9652,192.005,2249499.0
2025-11-12 15:35:00+00:00,192.01,192.205,191.74,192.1,2223096.0
2025-11-12 15:40:00+00:00,192.0999,192.635,192.085,192.54,1724664.0
2025-11-12 15:45:00+00:00,192.56,192.88,192.0,192.2494,1739181.0
2025-11-12 15:50:00+00:00,192.2494,192.37,191.82,192.275,1671561.0
2025-11-12 15:55:00+00:00,192.29,192.79,191.93,192.43,2286797.0
2025-11-12 16:00:00+00:00,192.44,192.88,192.1,192.355,1728928.0
2025-11-12 16:05:00+00:00,192.355,192.78,192.16,192.5299,1336633.0
2025-11-12 16:10:00+00:00,192.54,192.6082,191.45,191.92,2805499.0
2025-11-12 16:15:00+00:00,191.91,192.56,191.91,192.365,1701460.0
2025-11-12 16:20:00+00:00,192.37,192.53,192.07,192.1701,1113321.0
2025-11-12 16:25:00+00:00,192.19,193.1471,192.1,193.085,1807769.0
2025-11-12 16:30:00+00:00,193.08,193.51,192.84,193.218,2211887.0
2025-11-12 16:35:00+00:00,193.22,193.56,193.08,193.18,1450800.0
2025-11-12 16:40:00+00:00,193.19,193.3,192.6,192.645,1470493.0
2025-11-12 16:45:00+00:00,192.66,192.85,191.66,191.92,2115861.0
2025-11-12 16:50:00+00:00,191.9101,192.45,191.78,191.84,1797664.0
2025-11-12 16:55:00+00:00,191.8385,192.33,191.74,192.045,1376866.0
2025-11-12 17:00:00+00:00,192.045,192.18,191.83,192.091,1004095.0
2025-11-12 17:05:00+00:00,192.1,192.6,192.0582,192.145,1218471.0
2025-11-12 17:10:00+00:00,192.16,192.34,191.95,192.22,1078428.0
2025-11-12 17:15:00+00:00,192.205,192.37,191.83,191.86,1141700.0
2025-11-12 17:20:00+00:00,191.85,192.23,191.7,192.18,1375136.0
2025-11-12 17:25:00+00:00,192.185,192.34,191.9301,192.05,2087767.0
2025-11-12 17:30:00+00:00,192.04,192.415,192.02,192.33,925055.0
2025-11-12 17:35:00+00:00,192.3255,192.81,192.27,192.739,1533807.0
2025-11-12 17:40:00+00:00,192.7265,193.115,192.53,192.575,1884640.0
2025-11-12 17:45:00+00:00,192.6,192.6,191.85,191.9616,1648281.0
2025-11-12 17:50:00+00:00,191.95,192.2181,191.76,192.13,1214492.0
2025-11-12 17:55:00+00:00,192.1259,192.6223,191.93,192.51,1285496.0
2025-11-12 18:00:00+00:00,192.54,192.85,192.52,192.804,1032272.0
2025-11-12 18:05:00+00:00,192.81,192.83,192.4,192.42,1041390.0
2025-11-12 18:10:00+00:00,192.44,192.585,192.24,192.5701,873949.0
2025-11-12 18:15:00+00:00,192.58,192.96,192.56,192.885,1998120.0
2025-11-12 18:20:00+00:00,192.88,192.88,192.473,192.6601,835987.0
2025-11-12 18:25:00+00:00,192.6611,192.95,192.4,192.63,1221110.0
2025-11-12 18:30:00+00:00,192.62,192.86,192.505,192.75,871031.0
2025-11-12 18:35:00+00:00,192.76,193.12,192.73,192.9642,1808810.0
2025-11-12 18:40:00+00:00,192.96,193.2659,192.85,192.865,1274634.0
2025-11-12 18:45:00+00:00,192.88,192.895,192.41,192.475,1529787.0
2025-11-12 18:50:00+00:00,192.4818,192.68,192.33,192.5442,769337.0
2025-11-12 18:55:00+00:00,192.55,192.655,192.23,192.36,816585.0
2025-11-12 19:00:00+00:00,192.35,192.505,192.12,192.23,903807.0
2025-11-12 19:05:00+00:00,192.22,192.515,192.1404,192.515,730289.0
2025-11-12 19:10:00+00:00,192.52,192.64,192.215,192.27,979288.0
2025-11-12 19:15:00+00:00,192.26,192.4199,192.1,192.34,828525.0
2025-11-12 19:20:00+00:00,192.33,192.51,192.17,192.29,749978.0
2025-11-12 19:25:00+00:00,192.29,192.52,192.02,192.1299,905227.0
2025-11-12 19:30:00+00:00,192.13,192.1799,191.77,192.0501,1359005.0
2025-11-12 19:35:00+00:00,192.05,192.28,191.91,192.145,836830.0
2025-11-12 19:40:00+00:00,192.14,192.42,192.08,192.18,822731.0
2025-11-12 19:45:00+00:00,192.185,192.32,192.1,192.15,622369.0
2025-11-12 19:50:00+00:00,192.1542,192.48,192.085,192.335,821815.0
2025-11-12 19:55:00+00:00,192.34,192.34,191.83,192.025,1219254.0
2025-11-12 20:00:00+00:00,192.025,192.065,191.13,191.4584,2186448.0
2025-11-12 20:05:00+00:00,191.46,191.66,191.13,191.58,1572010.0
2025-11-12 20:10:00+00:00,191.57,191.64,191.4,191.57,1060111.0
2025-11-12 20:15:00+00:00,191.56,192.0,191.36,192.0,1375271.0
2025-11-12 20:20:00+00:00,191.995,192.29,191.78,192.115,1258477.0
2025-11-12 20:25:00+00:00,192.115,192.465,192.085,192.4,1406661.0
2025-11-12 20:30:00+00:00,192.405,192.87,192.3207,192.86,1631854.0
2025-11-12 20:35:00+00:00,192.8561,192.9599,192.485,192.595,1640536.0
2025-11-12 20:40:00+00:00,192.6099,192.79,192.545,192.76,1043211.0
2025-11-12 20:45:00+00:00,192.77,192.8,192.54,192.715,1283123.0
2025-11-12 20:50:00+00:00,192.73,193.34,192.73,193.2,2621274.0
2025-11-12 20:55:00+00:00,193.22,193.98,193.21,193.85,5303417.0
2025-11-12 21:00:00+00:00,193.8,194.0,193.52,193.9,1075805.0
2025-11-12 21:05:00+00:00,193.9298,193.98,193.8,193.97,350785.0
2025-11-12 21:10:00+00:00,193.96,193.99,193.7301,193.79,133424.0
2025-11-12 21:15:00+00:00,193.73,194.0,193.64,193.71,101189.0
2025-11-12 21:20:00+00:00,193.6984,193.7,193.48,193.59,148119.0
2025-11-12 21:25:00+00:00,193.56,193.68,193.51,193.54,38394.0
2025-11-12 21:30:00+00:00,193.54,193.6,193.51,193.58,28569.0
2025-11-12 21:35:00+00:00,193.55,193.55,193.51,193.5425,27107.0
2025-11-12 21:40:00+00:00,193.52,193.65,193.5,193.5666,62155.0
2025-11-12 21:45:00+00:00,193.6,193.61,193.41,193.4218,37363.0
2025-11-12 21:50:00+00:00,193.44,193.4854,193.25,193.36,38050.0
2025-11-12 21:55:00+00:00,193.33,193.47,193.3,193.3302,29008.0
2025-11-12 22:00:00+00:00,193.37,193.41,193.3103,193.37,15072.0
2025-11-12 22:05:00+00:00,193.3699,193.54,193.32,193.41,39596.0
2025-11-12 22:10:00+00:00,193.4,193.45,193.4,193.43,20875.0
2025-11-12 22:15:00+00:00,193.43,193.46,193.26,193.31,25108.0
2025-11-12 22:20:00+00:00,193.34,193.3828,193.2642,193.3101,17907.0
2025-11-12 22:25:00+00:00,193.31,193.42,193.26,193.39,16809.0
2025-11-12 22:30:00+00:00,193.4289,193.4289,193.26,193.39,19892.0
2025-11-12 22:35:00+00:00,193.37,193.41,193.31,193.34,13795.0
2025-11-12 22:40:00+00:00,193.35,193.39,193.31,193.37,18804.0
2025-11-12 22:45:00+00:00,193.3799,193.41,193.31,193.35,22144.0
2025-11-12 22:50:00+00:00,193.37,193.38,193.26,193.26,20591.0
2025-11-12 22:55:00+00:00,193.26,193.29,193.23,193.2472,19505.0
2025-11-12 23:00:00+00:00,193.25,193.26,192.56,192.56,58415.0
2025-11-12 23:05:00+00:00,192.53,192.79,192.37,192.65,36365.0
2025-11-12 23:10:00+00:00,192.72,192.78,192.6,192.7455,38011.0
2025-11-12 23:15:00+00:00,192.7119,192.82,192.7,192.74,21365.0
2025-11-12 23:20:00+00:00,192.7181,192.77,192.4,192.5616,26059.0
2025-11-12 23:25:00+00:00,192.6,192.68,192.56,192.68,19766.0
2025-11-12 23:30:00+00:00,192.6831,192.74,192.39,192.39,36489.0
2025-11-12 23:35:00+00:00,192.41,192.5,192.25,192.33,35923.0
2025-11-12 23:40:00+00:00,192.3,192.36,192.0,192.1,70190.0
2025-11-12 23:45:00+00:00,192.0,192.13,191.91,191.91,72213.0
2025-11-12 23:50:00+00:00,191.94,192.09,191.9,191.9497,62616.0
2025-11-12 23:55:00+00:00,191.95,192.35,191.94,192.2519,35901.0
2025-11-13 00:00:00+00:00,192.3,192.45,192.3,192.4194,18822.0
2025-11-13 00:05:00+00:00,192.41,192.7,192.3299,192.7,40630.0
2025-11-13 00:10:00+00:00,192.71,192.74,192.45,192.51,36677.0
2025-11-13 00:15:00+00:00,192.55,192.65,192.5075,192.54,16223.0
2025-11-13 00:20:00+00:00,192.52,192.6,192.45,192.482,23616.0
2025-11-13 00:25:00+00:00,192.46,192.46,192.3,192.3306,10827.0
2025-11-13 00:30:00+00:00,192.36,192.39,192.34,192.3675,21561.0
2025-11-13 00:35:00+00:00,192.37,192.449,192.26,192.27,23833.0
2025-11-13 00:40:00+00:00,192.26,192.35,192.26,192.35,20145.0
2025-11-13 00:45:00+00:00,192.35,192.38,192.31,192.36,21879.0
2025-11-13 00:50:00+00:00,192.34,192.36,192.12,192.2,49597.0
2025-11-13 00:55:00+00:00,192.21,192.24,191.98,191.98,73421.0
2025-11-13 09:00:00+00:00,193.49,194.0,192.6,192.91,62667.0
2025-11-13 09:05:00+00:00,192.89,192.93,192.38,192.58,43329.0
2025-11-13 09:10:00+00:00,192.57,192.6,192.12,192.28,46563.0
2025-11-13 09:15:00+00:00,192.25,192.3,192.06,192.19,39129.0
2025-11-13 09:20:00+00:00,192.19,192.25,191.88,192.06,38190.0
2025-11-13 09:25:00+00:00,192.01,192.02,191.78,191.8,24987.0
2025-11-13 09:30:00+00:00,191.87,192.24,191.82,192.18,39426.0
2025-11-13 09:35:00+00:00,192.16,192.3,191.9,192.17,41380.0
2025-11-13 09:40:00+00:00,192.2,192.58,192.08,192.47,39880.0
2025-11-13 09:45:00+00:00,192.49,192.57,192.37,192.52,20928.0
2025-11-13 09:50:00+00:00,192.52,192.52,192.34,192.43,13337.0
2025-11-13 09:55:00+00:00,192.39,192.42,192.26,192.33,13126.0
2025-11-13 10:00:00+00:00,192.33,192.49,192.33,192.39,9669.0
2025-11-13 10:05:00+00:00,192.44,192.63,192.43,192.57,20270.0
2025-11-13 10:10:00+00:00,192.63,192.71,192.38,192.53,12126.0
2025-11-13 10:15:00+00:00,192.46,192.54,192.35,192.54,7090.0
2025-11-13 10:20:00+00:00,192.52,192.68,192.5,192.64,9662.0
2025-11-13 10:25:00+00:00,192.67,192.7,192.56,192.63,9642.0
2025-11-13 10:30:00+00:00,192.63,192.85,192.54,192.8,14120.0
2025-11-13 10:35:00+00:00,192.83,193.19,192.83,193.19,51705.0
2025-11-13 10:40:00+00:00,193.12,193.17,192.89,192.99,27379.0
2025-11-13 10:45:00+00:00,192.9,192.91,192.72,192.89,8136.0
2025-11-13 10:50:00+00:00,192.87,192.87,192.8,192.87,4000.0
2025-11-13 10:55:00+00:00,192.79,192.83,192.69,192.74,5389.0
2025-11-13 11:00:00+00:00,192.74,193.0,192.7,192.92,10898.0
2025-11-13 11:05:00+00:00,192.91,193.03,192.81,192.93,9833.0
2025-11-13 11:10:00+00:00,192.92,193.13,192.91,193.06,13514.0
2025-11-13 11:15:00+00:00,193.1,193.12,192.77,192.92,13807.0
2025-11-13 11:20:00+00:00,192.84,192.88,192.56,192.66,11066.0
2025-11-13 11:25:00+00:00,192.69,192.8,192.58,192.67,13592.0
2025-11-13 11:30:00+00:00,192.66,192.66,192.43,192.48,19194.0
2025-11-13 11:35:00+00:00,192.47,192.62,192.4,192.52,12779.0
2025-11-13 11:40:00+00:00,192.57,192.66,192.52,192.61,13884.0
2025-11-13 11:45:00+00:00,192.68,192.71,192.46,192.56,13118.0
2025-11-13 11:50:00+00:00,192.56,192.66,192.41,192.45,15614.0
2025-11-13 11:55:00+00:00,192.41,192.59,192.3,192.59,35056.0
2025-11-13 12:00:00+00:00,192.59,192.67,192.28,192.43,58608.0
2025-11-13 12:05:00+00:00,192.43,192.43,192.15,192.3,29152.0
2025-11-13 12:10:00+00:00,192.35,192.48,192.34,192.38,20343.0
2025-11-13 12:15:00+00:00,192.37,192.5,192.35,192.45,12615.0
2025-11-13 12:20:00+00:00,192.43,192.6,192.3,192.46,22070.0
2025-11-13 12:25:00+00:00,192.45,192.51,192.35,192.48,22939.0
2025-11-13 12:30:00+00:00,192.5,192.6,192.42,192.59,10840.0
2025-11-13 12:35:00+00:00,192.6,192.76,192.54,192.69,16819.0
2025-11-13 12:40:00+00:00,192.69,192.7,192.6,192.68,9614.0
2025-11-13 12:45:00+00:00,192.71,192.8,192.7,192.76,20810.0
2025-11-13 12:50:00+00:00,192.73,192.75,192.61,192.61,19981.0
2025-11-13 12:55:00+00:00,192.65,192.65,192.38,192.4,38358.0
2025-11-13 13:00:00+00:00,192.4,194.1,191.82,192.28,701347.0
2025-11-13 13:05:00+00:00,192.28,192.44,192.28,192.41,25743.0
2025-11-13 13:10:00+00:00,192.425,192.44,192.3,192.4201,30447.0
2025-11-13 13:15:00+00:00,192.47,192.62,192.41,192.49,32196.0
2025-11-13 13:20:00+00:00,192.4846,192.4846,192.23,192.3775,50866.0
2025-11-13 13:25:00+00:00,192.4,192.45,192.34,192.34,29750.0
2025-11-13 13:30:00+00:00,192.32,192.38,191.6702,191.74,140540.0
2025-11-13 13:35:00+00:00,191.78,191.98,191.6,191.7,91403.0
2025-11-13 13:40:00+00:00,191.7,191.81,191.42,191.44,157978.0
2025-11-13 13:45:00+00:00,191.45,191.6,191.4,191.5908,97952.0
2025-11-13 13:50:00+00:00,191.59,191.6,191.38,191.49,103999.0
2025-11-13 13:55:00+00:00,191.49,191.53,191.0118,191.0118,173186.0
2025-11-13 14:00:00+00:00,191.01,191.15,190.7,190.89,283815.0
2025-11-13 14:05:00+00:00,190.84,190.97,190.26,190.32,240447.0
2025-11-13 14:10:00+00:00,190.33,190.7,190.29,190.5025,164684.0
2025-11-13 14:15:00+00:00,190.51,190.94,190.51,190.7,154048.0
2025-11-13 14:20:00+00:00,190.7,190.86,190.62,190.8,128725.0
2025-11-13 14:25:00+00:00,190.83,191.09,190.51,190.97,216338.0
2025-11-13 14:30:00+00:00,191.05,191.44,189.3,189.609,6239745.0
2025-11-13 14:35:00+00:00,189.62,189.7799,188.33,188.4317,4945639.0
2025-11-13 14:40:00+00:00,188.43,188.46,186.95,187.08,5349690.0
2025-11-13 14:45:00+00:00,187.09,188.2799,187.09,187.9201,3990013.0
2025-11-13 14:50:00+00:00,187.92,188.8599,187.9,188.1401,3996507.0
2025-11-13 14:55:00+00:00,188.18,188.98,188.05,188.2199,2812959.0
2025-11-13 15:00:00+00:00,188.23,188.69,187.545,187.8,3231778.0
2025-11-13 15:05:00+00:00,187.81,189.355,187.565,189.1299,3239634.0
2025-11-13 15:10:00+00:00,189.127,189.8,188.78,189.6499,3014640.0
2025-11-13 15:15:00+00:00,189.64,189.915,188.875,188.94,3033849.0
2025-11-13 15:20:00+00:00,188.945,189.04,187.98,188.47,2714871.0
2025-11-13 15:25:00+00:00,188.445,188.67,187.92,188.0961,2025313.0
2025-11-13 15:30:00+00:00,188.1,188.14,187.22,187.285,2540025.0
2025-11-13 15:35:00+00:00,187.29,187.59,186.95,187.425,2842528.0
2025-11-13 15:40:00+00:00,187.42,187.75,187.09,187.2,1959667.0
2025-11-13 15:45:00+00:00,187.19,187.24,185.9001,186.14,4102642.0
2025-11-13 15:50:00+00:00,186.145,186.5,185.86,185.96,2810193.0
2025-11-13 15:55:00+00:00,185.97,186.6,185.79,186.598,2892020.0
2025-11-13 16:00:00+00:00,186.59,187.0225,186.1,186.14,2474267.0
2025-11-13 16:05:00+00:00,186.15,186.29,185.475,186.2136,3100806.0
2025-11-13 16:10:00+00:00,186.21,186.25,185.64,186.2,2385189.0
2025-11-13 16:15:00+00:00,186.19,186.42,185.38,185.785,2418999.0
2025-11-13 16:20:00+00:00,185.79,186.47,185.61,185.785,2236377.0
2025-11-13 16:25:00+00:00,185.79,186.4598,185.7101,186.29,2413435.0
2025-11-13 16:30:00+00:00,186.295,186.55,186.02,186.45,1918558.0
2025-11-13 16:35:00+00:00,186.44,186.59,185.56,185.63,2310785.0
2025-11-13 16:40:00+00:00,185.65,185.86,185.4,185.825,1795160.0
2025-11-13 16:45:00+00:00,185.82,186.34,185.73,186.265,1707700.0
2025-11-13 16:50:00+00:00,186.26,186.486,185.79,186.0,1742714.0
2025-11-13 16:55:00+00:00,186.0,186.02,185.35,185.68,2187566.0
2025-11-13 17:00:00+00:00,185.65,186.26,185.61,186.25,1922941.0
2025-11-13 17:05:00+00:00,186.25,186.4051,185.735,185.855,1589310.0
2025-11-13 17:10:00+00:00,185.86,186.065,185.62,185.855,1436165.0
2025-11-13 17:15:00+00:00,185.86,186.55,185.855,186.305,1624651.0
2025-11-13 17:20:00+00:00,186.315,187.0,186.25,186.8345,1827348.0
2025-11-13 17:25:00+00:00,186.84,187.17,186.55,186.9299,1712909.0
2025-11-13 17:30:00+00:00,186.92,187.23,186.87,187.1007,1560526.0
2025-11-13 17:35:00+00:00,187.11,187.185,186.73,187.115,1437121.0
2025-11-13 17:40:00+00:00,187.1382,187.2001,186.44,186.5398,1449669.0
2025-11-13 17:45:00+00:00,186.515,186.561,185.9,186.15,1809945.0
2025-11-13 17:50:00+00:00,186.13,186.28,185.92,185.97,1273912.0
2025-11-13 17:55:00+00:00,185.9751,186.0,185.55,185.6509,1429264.0
2025-11-13 18:00:00+00:00,185.65,186.05,185.58,185.825,1048078.0
2025-11-13 18:05:00+00:00,185.83,186.1355,185.51,185.68,1267423.0
2025-11-13 18:10:00+00:00,185.67,186.09,185.43,185.96,1512567.0
2025-11-13 18:15:00+00:00,185.96,186.11,185.29,185.3801,1525662.0
2025-11-13 18:20:00+00:00,185.39,185.61,184.88,185.3101,2813958.0
2025-11-13 18:25:00+00:00,185.31,185.32,184.565,184.865,1919807.0
2025-11-13 18:30:00+00:00,184.86,185.09,184.57,184.69,1708735.0
2025-11-13 18:35:00+00:00,184.7,184.77,183.99,184.23,2538021.0
2025-11-13 18:40:00+00:00,184.24,184.62,183.85,184.52,2356246.0
2025-11-13 18:45:00+00:00,184.505,184.76,184.27,184.44,1860010.0
2025-11-13 18:50:00+00:00,184.45,184.55,184.11,184.25,1816429.0
2025-11-13 18:55:00+00:00,184.26,184.83,184.19,184.76,1653059.0
2025-11-13 19:00:00+00:00,184.76,184.94,183.96,184.245,2066521.0
2025-11-13 19:05:00+00:00,184.24,184.75,184.13,184.595,1863176.0
2025-11-13 19:10:00+00:00,184.598,184.8,184.21,184.345,1321011.0
2025-11-13 19:15:00+00:00,184.35,184.6451,184.17,184.416,1749459.0
2025-11-13 19:20:00+00:00,184.42,185.34,184.42,185.335,2095915.0
2025-11-13 19:25:00+00:00,185.33,186.045,185.31,186.01,2472289.0
2025-11-13 19:30:00+00:00,186.0,186.265,185.53,186.12,2367404.0
2025-11-13 19:35:00+00:00,186.11,186.4867,185.9,186.4,2401490.0
2025-11-13 19:40:00+00:00,186.395,186.395,185.795,186.13,1655308.0
2025-11-13 19:45:00+00:00,186.12,186.32,185.53,185.78,1609594.0
2025-11-13 19:50:00+00:00,185.8,186.11,185.45,185.4751,1418427.0
2025-11-13 19:55:00+00:00,185.475,185.79,185.01,185.63,1612380.0
2025-11-13 20:00:00+00:00,185.64,185.94,185.5,185.56,1427066.0
2025-11-13 20:05:00+00:00,185.57,185.85,185.17,185.76,1537971.0
2025-11-13 20:10:00+00:00,185.765,185.99,185.53,185.83,1357321.0
2025-11-13 20:15:00+00:00,185.8165,186.02,185.22,185.46,1738721.0
2025-11-13 20:20:00+00:00,185.46,185.8387,185.21,185.8,1531046.0
2025-11-13 20:25:00+00:00,185.805,185.96,185.3,185.95,1767068.0
2025-11-13 20:30:00+00:00,185.96,186.481,185.9299,186.405,2318788.0
2025-11-13 20:35:00+00:00,186.4,186.9561,186.33,186.8401,2440812.0
2025-11-13 20:40:00+00:00,186.845,187.02,186.55,186.83,2426839.0
2025-11-13 20:45:00+00:00,186.84,187.2,186.48,186.49,2448210.0
2025-11-13 20:50:00+00:00,186.48,186.8649,185.72,185.83,3248337.0
2025-11-13 20:55:00+00:00,185.83,187.0,185.8201,186.9637,5954430.0
2025-11-13 21:00:00+00:00,186.94,187.43,186.85,187.1565,1144834.0
2025-11-13 21:05:00+00:00,187.14,187.5,186.86,187.38,165248.0
2025-11-13 21:10:00+00:00,187.41,187.45,186.86,187.05,125711.0
2025-11-13 21:15:00+00:00,187.06,187.38,186.86,187.33,132628.0
2025-11-13 21:20:00+00:00,187.35,187.45,187.0702,187.1,114339.0
2025-11-13 21:25:00+00:00,187.09,187.24,187.05,187.12,45204.0
2025-11-13 21:30:00+00:00,187.12,187.1936,186.8,186.92,64875.0
2025-11-13 21:35:00+00:00,186.8862,187.11,186.8,186.96,51685.0
2025-11-13 21:40:00+00:00,186.9187,186.9187,186.58,186.66,60226.0
2025-11-13 21:45:00+00:00,186.66,186.79,186.25,186.525,125232.0
2025-11-13 21:50:00+00:00,186.55,186.65,186.0081,186.04,109013.0
2025-11-13 21:55:00+00:00,186.07,186.1,185.8,186.0,74410.0
2025-11-13 22:00:00+00:00,185.91,186.0,185.73,185.9992,59093.0
2025-11-13 22:05:00+00:00,186.0,186.2,185.99,186.13,45871.0
2025-11-13 22:10:00+00:00,186.11,186.14,185.95,186.02,41654.0
2025-11-13 22:15:00+00:00,186.86,186.86,186.0,186.03,24304.0
2025-11-13 22:20:00+00:00,186.02,186.25,186.0,186.19,40983.0
2025-11-13 22:25:00+00:00,186.15,186.24,186.05,186.12,24372.0
2025-11-13 22:30:00+00:00,186.1089,186.19,186.01,186.06,30684.0
2025-11-13 22:35:00+00:00,186.05,186.2201,186.01,186.18,37621.0
2025-11-13 22:40:00+00:00,186.18,186.25,186.11,186.1905,35673.0
2025-11-13 22:45:00+00:00,186.22,186.28,186.1,186.21,31313.0
2025-11-13 22:50:00+00:00,186.21,186.3598,186.2,186.2903,35176.0
2025-11-13 22:55:00+00:00,186.29,186.42,186.29,186.37,27763.0
2025-11-13 23:00:00+00:00,186.39,186.97,186.39,186.8964,67207.0
2025-11-13 23:05:00+00:00,186.86,187.15,186.7625,186.88,61270.0
2025-11-13 23:10:00+00:00,186.92,186.92,186.61,186.69,38100.0
2025-11-13 23:15:00+00:00,186.67,186.8852,186.6508,186.86,26289.0
2025-11-13 23:20:00+00:00,186.8555,186.99,186.81,186.9032,25863.0
2025-11-13 23:25:00+00:00,186.92,187.05,186.8999,186.99,31318.0
2025-11-13 23:30:00+00:00,187.0109,187.15,186.97,186.97,44450.0
2025-11-13 23:35:00+00:00,186.99,187.09,186.87,186.92,25050.0
2025-11-13 23:40:00+00:00,186.9002,187.02,186.9002,187.0125,22336.0
2025-11-13 23:45:00+00:00,187.0194,187.0488,186.65,186.65,36700.0
2025-11-13 23:50:00+00:00,186.66,186.82,186.61,186.7,25608.0
2025-11-13 23:55:00+00:00,186.72,186.77,186.61,186.61,24322.0
2025-11-14 00:00:00+00:00,186.63,186.83,186.63,186.79,18791.0
2025-11-14 00:05:00+00:00,186.76,186.8,186.4,186.5,36886.0
2025-11-14 00:10:00+00:00,186.5001,186.675,186.45,186.6,26805.0
2025-11-14 00:15:00+00:00,186.6,186.6901,186.53,186.6407,16567.0
2025-11-14 00:20:00+00:00,186.66,186.7993,186.63,186.75,16717.0
2025-11-14 00:25:00+00:00,186.77,186.8882,186.75,186.86,29218.0
2025-11-14 00:30:00+00:00,186.86,186.86,186.69,186.82,29437.0
2025-11-14 00:35:00+00:00,186.81,186.82,186.58,186.585,34664.0
2025-11-14 00:40:00+00:00,186.5999,186.6,186.45,186.54,26197.0
2025-11-14 00:45:00+00:00,186.57,186.5828,186.29,186.29,26903.0
2025-11-14 00:50:00+00:00,186.3,186.42,186.03,186.0607,57310.0
2025-11-14 00:55:00+00:00,186.061,186.1,185.91,185.92,89178.0
2025-11-14 09:00:00+00:00,184.5,185.19,184.5,184.91,78487.0
2025-11-14 09:05:00+00:00,184.93,185.0,184.57,184.8,35145.0
2025-11-14 09:10:00+00:00,184.79,184.79,184.2,184.47,43350.0
2025-11-14 09:15:00+00:00,184.45,184.6,184.43,184.43,26053.0
2025-11-14 09:20:00+00:00,184.39,184.53,184.3,184.53,33400.0
2025-11-14 09:25:00+00:00,184.44,184.5,183.91,184.04,61555.0
2025-11-14 09:30:00+00:00,184.07,184.18,183.78,183.8,49496.0
2025-11-14 09:35:00+00:00,183.85,184.1,183.81,184.03,52733.0
2025-11-14 09:40:00+00:00,184.02,184.32,183.93,184.3,28967.0
2025-11-14 09:45:00+00:00,184.3,184.3,183.85,183.95,37537.0
2025-11-14 09:50:00+00:00,183.93,184.29,183.86,184.29,25519.0
2025-11-14 09:55:00+00:00,184.22,184.37,184.15,184.23,22867.0
2025-11-14 10:00:00+00:00,184.14,184.61,184.06,184.4,39569.0
2025-11-14 10:05:00+00:00,184.37,185.0,184.37,184.64,40943.0
2025-11-14 10:10:00+00:00,184.7,184.9,184.5,184.5,39270.0
2025-11-14 10:15:00+00:00,184.58,184.6,184.4,184.45,18694.0
2025-11-14 10:20:00+00:00,184.45,184.74,184.44,184.47,32311.0
2025-11-14 10:25:00+00:00,184.45,184.62,184.41,184.62,11970.0
2025-11-14 10:30:00+00:00,184.6,184.9,184.6,184.77,18109.0
2025-11-14 10:35:00+00:00,184.79,184.96,184.7,184.7,31143.0
2025-11-14 10:40:00+00:00,184.74,184.74,184.5,184.7,21246.0
2025-11-14 10:45:00+00:00,184.68,184.68,184.55,184.62,9547.0
2025-11-14 10:50:00+00:00,184.72,184.87,184.3,184.4,39442.0
2025-11-14 10:55:00+00:00,184.38,184.55,184.26,184.55,23378.0
2025-11-14 11:00:00+00:00,184.46,184.58,184.22,184.34,37635.0
2025-11-14 11:05:00+00:00,184.3,184.3,183.88,183.92,39517.0
2025-11-14 11:10:00+00:00,183.87,183.89,183.21,183.26,102918.0
2025-11-14 11:15:00+00:00,183.25,183.38,182.7,182.75,190970.0
2025-11-14 11:20:00+00:00,182.7,182.88,182.52,182.85,201221.0
2025-11-14 11:25:00+00:00,182.86,183.1,182.74,182.92,88026.0
2025-11-14 11:30:00+00:00,182.91,183.03,182.71,182.89,53274.0
2025-11-14 11:35:00+00:00,182.9,182.94,182.2,182.25,97058.0
2025-11-14 11:40:00+00:00,182.29,182.58,182.29,182.4,76020.0
2025-11-14 11:45:00+00:00,182.4,182.7,182.04,182.4,101334.0
2025-11-14 11:50:00+00:00,182.4,182.61,182.1,182.33,113802.0
2025-11-14 11:55:00+00:00,182.4,182.89,182.36,182.88,106877.0
2025-11-14 12:00:00+00:00,182.89,182.95,181.29,181.35,379485.0
2025-11-14 12:05:00+00:00,181.33,181.48,180.73,180.8,287235.0
2025-11-14 12:10:00+00:00,180.77,181.26,180.72,180.72,172257.0
2025-11-14 12:15:00+00:00,180.75,181.33,180.73,180.95,177376.0
2025-11-14 12:20:00+00:00,180.92,181.28,180.68,181.02,184295.0
2025-11-14 12:25:00+00:00,180.98,181.31,180.96,181.14,118496.0
2025-11-14 12:30:00+00:00,181.12,181.22,180.77,180.93,107826.0
2025-11-14 12:35:00+00:00,180.96,181.0,180.42,180.45,138184.0
2025-11-14 12:40:00+00:00,180.45,180.86,180.4,180.86,180053.0
2025-11-14 12:45:00+00:00,180.79,180.86,180.45,180.56,213761.0
2025-11-14 12:50:00+00:00,180.52,181.11,180.51,180.93,134707.0
2025-11-14 12:55:00+00:00,180.85,180.97,180.56,180.91,88767.0
2025-11-14 13:00:00+00:00,184.8,186.27,180.4,181.48,2456206.0
2025-11-14 13:05:00+00:00,181.47,181.49,181.13,181.39,222467.0
2025-11-14 13:10:00+00:00,181.35,181.7193,181.14,181.71,247166.0
2025-11-14 13:15:00+00:00,181.72,181.72,181.15,181.15,146544.0
2025-11-14 13:20:00+00:00,181.14,181.3,180.59,180.95,248993.0
2025-11-14 13:25:00+00:00,180.945,181.6,180.945,181.3825,205675.0
2025-11-14 13:30:00+00:00,181.38,181.45,180.86,180.95,183799.0
2025-11-14 13:35:00+00:00,180.99,181.15,180.81,181.0275,163524.0
2025-11-14 13:40:00+00:00,181.0098,181.0098,180.68,180.88,205173.0
2025-11-14 13:45:00+00:00,180.84,181.7,180.75,181.7,257133.0
2025-11-14 13:50:00+00:00,181.66,181.76,181.5109,181.65,212404.0
2025-11-14 13:55:00+00:00,181.65,181.65,181.1601,181.29,148152.0
2025-11-14 14:00:00+00:00,181.28,182.15,181.21,182.0,185994.0
2025-11-14 14:05:00+00:00,182.01,182.05,181.7,181.77,191944.0
2025-11-14 14:10:00+00:00,181.79,182.07,181.75,181.9082,260755.0
2025-11-14 14:15:00+00:00,181.9092,182.4,181.8611,182.38,202935.0
2025-11-14 14:20:00+00:00,182.35,182.73,182.1545,182.65,300996.0
2025-11-14 14:25:00+00:00,182.5,186.86,181.7,182.93,455357.0
2025-11-14 14:30:00+00:00,182.86,183.15,180.58,181.7325,9845109.0
2025-11-14 14:35:00+00:00,181.74,184.44,181.59,184.32,5439061.0
2025-11-14 14:40:00+00:00,184.32,186.15,183.96,186.08,5081052.0
2025-11-14 14:45:00+00:00,186.07,187.2235,185.67,186.7482,6307809.0
2025-11-14 14:50:00+00:00,186.75,187.68,185.79,187.14,5450871.0
2025-11-14 14:55:00+00:00,187.1301,187.82,186.7851,186.97,4014974.0
2025-11-14 15:00:00+00:00,186.96,187.18,186.19,186.53,3388272.0
2025-11-14 15:05:00+00:00,186.5445,187.53,186.37,186.86,2356958.0
2025-11-14 15:10:00+00:00,186.84,187.38,185.47,186.055298,3254944.0
2025-11-14 15:15:00+00:00,186.0142,186.94,185.93,186.027,2719498.0
2025-11-14 15:20:00+00:00,186.0,186.3699,185.5,185.92,2054221.0
2025-11-14 15:25:00+00:00,185.911,187.45,185.6,186.9644,2617355.0
2025-11-14 15:30:00+00:00,186.965,187.66,186.85,187.32,2388662.0
2025-11-14 15:35:00+00:00,187.32,188.2999,187.01,188.12,2450978.0
2025-11-14 15:40:00+00:00,188.11,188.24,187.7,188.1446,2166882.0
2025-11-14 15:45:00+00:00,188.12,189.5269,187.87,188.8444,3877315.0
2025-11-14 15:50:00+00:00,188.85,189.1099,188.03,188.3046,2355029.0
2025-11-14 15:55:00+00:00,188.3,188.6,187.75,188.58,2007037.0
2025-11-14 16:00:00+00:00,188.58,188.7489,187.82,187.9865,1686648.0
2025-11-14 16:05:00+00:00,187.98,188.23,187.55,188.191,1455095.0
2025-11-14 16:10:00+00:00,188.19,188.53,187.95,188.26,1536669.0
2025-11-14 16:15:00+00:00,188.27,189.22,188.27,189.15,1847666.0
2025-11-14 16:20:00+00:00,189.14,190.01,188.92,189.86,2509057.0
2025-11-14 16:25:00+00:00,189.86,190.57,189.839,189.9798,2866769.0
2025-11-14 16:30:00+00:00,189.97,190.14,189.77,189.93,1978755.0
2025-11-14 16:35:00+00:00,189.93,190.6818,189.82,190.28,2149304.0
2025-11-14 16:40:00+00:00,190.29,190.42,189.61,189.6458,1643202.0
2025-11-14 16:45:00+00:00,189.65,189.87,189.34,189.81,1789467.0
2025-11-14 16:50:00+00:00,189.8,190.09,189.79,190.04,1345658.0
2025-11-14 16:55:00+00:00,190.0445,190.4294,189.8447,190.01,1482315.0
2025-11-14 17:00:00+00:00,190.0,190.065,189.64,189.9,1133608.0
2025-11-14 17:05:00+00:00,189.89,190.06,189.58,189.88,1090159.0
2025-11-14 17:10:00+00:00,189.87,190.4,189.86,190.14,1487398.0
2025-11-14 17:15:00+00:00,190.13,190.18,189.83,190.01,946948.0
2025-11-14 17:20:00+00:00,190.02,190.14,189.85,189.95,906700.0
2025-11-14 17:25:00+00:00,189.9552,190.16,189.7,190.035,1223244.0
2025-11-14 17:30:00+00:00,190.025,190.05,189.6,189.7134,1017217.0
2025-11-14 17:35:00+00:00,189.71,190.28,189.71,190.1482,1197989.0
2025-11-14 17:40:00+00:00,190.1465,190.18,189.61,189.75,936879.0
2025-11-14 17:45:00+00:00,189.745,190.005,189.17,189.18,2494546.0
2025-11-14 17:50:00+00:00,189.18,189.6699,188.84,189.3309,1738642.0
2025-11-14 17:55:00+00:00,189.35,189.46,189.09,189.42,1010618.0
2025-11-14 18:00:00+00:00,189.41,189.51,188.6601,188.8601,1366999.0
2025-11-14 18:05:00+00:00,188.85,189.24,188.63,189.195,1246606.0
2025-11-14 18:10:00+00:00,189.2,189.82,188.91,189.6001,1533068.0
2025-11-14 18:15:00+00:00,189.62,189.68,188.86,189.17,1290785.0
2025-11-14 18:20:00+00:00,189.18,189.2,188.72,189.02,963024.0
2025-11-14 18:25:00+00:00,189.03,189.27,188.84,189.2,1028198.0
2025-11-14 18:30:00+00:00,189.19,189.585,189.08,189.49,1121117.0
2025-11-14 18:35:00+00:00,189.485,189.58,188.76,188.85,1020217.0
2025-11-14 18:40:00+00:00,188.85,188.96,188.4,188.55,1365567.0
2025-11-14 18:45:00+00:00,188.55,188.78,188.41,188.7,1051202.0
2025-11-14 18:50:00+00:00,188.71,189.81,188.68,189.745,1563242.0
2025-11-14 18:55:00+00:00,189.75,189.78,189.28,189.49,1267576.0
2025-11-14 19:00:00+00:00,189.48,189.5697,188.9182,189.0,1711510.0
2025-11-14 19:05:00+00:00,188.995,189.098,188.57,188.8942,1161116.0
2025-11-14 19:10:00+00:00,188.895,189.2102,188.7499,189.1745,1013705.0
2025-11-14 19:15:00+00:00,189.17,189.53,189.14,189.28,891311.0
2025-11-14 19:20:00+00:00,189.29,190.01,189.29,189.9198,1597134.0
2025-11-14 19:25:00+00:00,189.92,190.02,189.62,189.96,1104297.0
2025-11-14 19:30:00+00:00,189.98,190.1745,189.83,190.08,1256299.0
2025-11-14 19:35:00+00:00,190.1,190.25,189.89,190.1682,1101975.0
2025-11-14 19:40:00+00:00,190.17,190.315,190.02,190.1878,1117113.0
2025-11-14 19:45:00+00:00,190.21,190.77,190.17,190.575,1802429.0
2025-11-14 19:50:00+00:00,190.57,191.01,190.4316,190.825,1782540.0
2025-11-14 19:55:00+00:00,190.82,190.945,190.495,190.73,1406837.0
2025-11-14 20:00:00+00:00,190.73,190.95,190.39,190.71,1331510.0
2025-11-14 20:05:00+00:00,190.71,190.74,190.0,190.1499,1351829.0
2025-11-14 20:10:00+00:00,190.145,190.3693,190.06,190.265,989118.0
2025-11-14 20:15:00+00:00,190.265,190.39,189.9242,190.0399,1224895.0
2025-11-14 20:20:00+00:00,190.04,190.12,189.75,190.0699,1408870.0
2025-11-14 20:25:00+00:00,190.06,190.19,189.9,190.1,1193976.0
2025-11-14 20:30:00+00:00,190.1,190.46,189.85,190.24,1432605.0
2025-11-14 20:35:00+00:00,190.24,190.365,189.78,189.89,1423744.0
2025-11-14 20:40:00+00:00,189.885,189.91,189.5,189.67,1609476.0
2025-11-14 20:45:00+00:00,189.67,190.07,189.36,189.39,1981841.0
2025-11-14 20:50:00+00:00,189.39,190.32,189.39,189.89,3058446.0
2025-11-14 20:55:00+00:00,189.9,190.325,189.89,190.28,4469963.0
2025-11-14 21:00:00+00:00,190.17,190.41,189.9,190.05,3547465.0
2025-11-14 21:05:00+00:00,190.0484,190.17,189.9,190.01,188558.0
2025-11-14 21:10:00+00:00,190.01,190.2,190.0,190.2,125017.0
2025-11-14 21:15:00+00:00,190.19,190.41,190.1703,190.4,145681.0
2025-11-14 21:20:00+00:00,190.38,190.4,190.2136,190.2136,83486.0
2025-11-14 21:25:00+00:00,190.25,190.3,190.17,190.26,35139.0
2025-11-14 21:30:00+00:00,190.28,190.28,190.13,190.14,30027.0
2025-11-14 21:35:00+00:00,190.16,190.19,190.07,190.1,47903.0
2025-11-14 21:40:00+00:00,190.08,190.23,190.03,190.16,45021.0
2025-11-14 21:45:00+00:00,190.12,190.16,190.0011,190.13,89580.0
2025-11-14 21:50:00+00:00,190.14,190.19,189.97,189.97,290700.0
2025-11-14 21:55:00+00:00,189.96,190.05,189.8,189.99,96591.0
2025-11-14 22:00:00+00:00,189.98,190.0,189.92,189.9902,21466.0
2025-11-14 22:05:00+00:00,189.99,190.0,189.92,190.0,38867.0
2025-11-14 22:10:00+00:00,190.0,190.1,189.9704,190.06,36654.0
2025-11-14 22:15:00+00:00,190.04,190.049,189.98,190.031,19926.0
2025-11-14 22:20:00+00:00,190.0401,190.07,190.0,190.05,18455.0
2025-11-14 22:25:00+00:00,190.03,190.1,190.03,190.07,11662.0
2025-11-14 22:30:00+00:00,190.06,190.06,190.0,190.0,14052.0
2025-11-14 22:35:00+00:00,190.03,190.1,190.02,190.09,11093.0
2025-11-14 22:40:00+00:00,190.07,190.1,190.06,190.08,15283.0
2025-11-14 22:45:00+00:00,190.0897,190.09,190.01,190.0735,20813.0
2025-11-14 22:50:00+00:00,190.08,190.25,190.08,190.2325,33227.0
2025-11-14 22:55:00+00:00,190.25,190.3199,190.22,190.3199,22611.0
2025-11-14 23:00:00+00:00,190.31,190.31,190.1903,190.2027,24082.0
2025-11-14 23:05:00+00:00,190.21,190.25,190.14,190.16,20290.0
2025-11-14 23:10:00+00:00,190.14,190.25,190.11,190.24,15362.0
2025-11-14 23:15:00+00:00,190.2473,190.2791,190.16,190.26,14541.0
2025-11-14 23:20:00+00:00,190.28,190.65,190.2,190.57,61805.0
2025-11-14 23:25:00+00:00,190.2838,190.66,190.2838,190.5708,33787.0
2025-11-14 23:30:00+00:00,190.61,190.75,190.53,190.53,31874.0
2025-11-14 23:35:00+00:00,190.53,190.64,190.53,190.64,13792.0
2025-11-14 23:40:00+00:00,190.65,190.75,190.61,190.7,21786.0
2025-11-14 23:45:00+00:00,190.74,190.75,190.71,190.7299,16111.0
2025-11-14 23:50:00+00:00,190.73,190.8,190.73,190.74,21256.0
2025-11-14 23:55:00+00:00,190.76,190.85,190.72,190.85,18700.0
2025-11-15 00:00:00+00:00,190.85,190.87,190.8496,190.8501,27185.0
2025-11-15 00:05:00+00:00,190.86,190.94,190.85,190.91,21589.0
2025-11-15 00:10:00+00:00,190.9102,190.93,190.9,190.9299,16087.0
2025-11-15 00:15:00+00:00,190.93,190.98,190.93,190.97,27380.0
2025-11-15 00:20:00+00:00,190.96,190.9697,190.9151,190.93,21997.0
2025-11-15 00:25:00+00:00,190.94,190.97,190.93,190.95,21331.0
2025-11-15 00:30:00+00:00,190.94,190.96,190.92,190.96,12656.0
2025-11-15 00:35:00+00:00,190.95,190.97,190.9,190.9017,18787.0
2025-11-15 00:40:00+00:00,190.9,190.97,190.85,190.96,28731.0
2025-11-15 00:45:00+00:00,190.94,191.0,190.9019,191.0,25568.0
2025-11-15 00:50:00+00:00,190.99,191.0,190.9309,190.9499,35763.0
2025-11-15 00:55:00+00:00,190.95,191.07,190.93,191.06,80125.0
2025-11-17 09:00:00+00:00,192.16,192.33,191.5,191.77,77182.0
2025-11-17 09:05:00+00:00,191.77,192.05,191.74,192.05,40129.0
2025-11-17 09:10:00+00:00,192.05,192.12,191.81,191.85,35394.0
2025-11-17 09:15:00+00:00,191.8,191.92,191.71,191.75,22976.0
2025-11-17 09:20:00+00:00,191.76,191.82,191.68,191.78,31544.0
2025-11-17 09:25:00+00:00,191.72,191.89,191.7,191.85,18178.0
2025-11-17 09:30:00+00:00,191.86,191.86,191.49,191.49,22308.0
2025-11-17 09:35:00+00:00,191.49,191.5,191.3,191.4,44728.0
2025-11-17 09:40:00+00:00,191.47,191.72,191.47,191.67,47256.0
2025-11-17 09:45:00+00:00,191.65,191.68,191.54,191.56,28602.0
2025-11-17 09:50:00+00:00,191.59,191.59,191.12,191.19,34958.0
2025-11-17 09:55:00+00:00,191.195,191.27,191.08,191.15,28370.0
2025-11-17 10:00:00+00:00,191.15,191.15,190.75,191.0,52664.0
2025-11-17 10:05:00+00:00,191.0,191.16,190.95,191.0,28747.0
2025-11-17 10:10:00+00:00,191.0,191.23,190.95,190.97,31839.0
2025-11-17 10:15:00+00:00,191.0,191.0,190.33,190.42,50596.0
2025-11-17 10:20:00+00:00,190.33,190.55,190.13,190.37,48087.0
2025-11-17 10:25:00+00:00,190.4,190.59,190.1,190.13,35533.0
2025-11-17 10:30:00+00:00,190.13,190.2,189.81,190.0,62427.0
2025-11-17 10:35:00+00:00,190.04,190.37,190.03,190.11,45026.0
2025-11-17 10:40:00+00:00,190.04,190.04,189.25,189.35,54071.0
2025-11-17 10:45:00+00:00,189.32,189.75,189.15,189.2,65084.0
2025-11-17 10:50:00+00:00,189.2,189.2,188.56,189.19,103273.0
2025-11-17 10:55:00+00:00,189.21,189.48,189.15,189.48,39085.0
2025-11-17 11:00:00+00:00,189.39,189.39,189.1,189.22,34887.0
2025-11-17 11:05:00+00:00,189.11,189.23,188.7,189.16,61381.0
2025-11-17 11:10:00+00:00,189.14,189.56,188.98,189.56,47930.0
2025-11-17 11:15:00+00:00,189.63,189.7,189.42,189.66,53248.0
2025-11-17 11:20:00+00:00,189.66,189.68,189.1,189.3,42493.0
2025-11-17 11:25:00+00:00,189.27,189.46,189.12,189.37,26887.0
2025-11-17 11:30:00+00:00,189.33,189.88,189.3,189.79,45871.0
2025-11-17 11:35:00+00:00,189.77,189.83,189.54,189.54,29603.0
2025-11-17 11:40:00+00:00,189.58,189.59,189.42,189.49,22930.0
2025-11-17 11:45:00+00:00,189.5,189.56,189.26,189.26,32044.0
2025-11-17 11:50:00+00:00,189.25,189.63,189.24,189.51,33596.0
2025-11-17 11:55:00+00:00,189.5,189.5,189.19,189.4,58274.0
2025-11-17 12:00:00+00:00,189.4,189.6,188.5,188.54,193200.0
2025-11-17 12:05:00+00:00,188.52,188.95,188.5,188.92,85300.0
2025-11-17 12:10:00+00:00,188.9,188.99,188.38,188.53,91067.0
2025-11-17 12:15:00+00:00,188.68,188.71,188.24,188.43,62548.0
2025-11-17 12:20:00+00:00,188.43,188.58,187.93,188.25,116690.0
2025-11-17 12:25:00+00:00,188.29,188.4,188.04,188.08,54355.0
2025-11-17 12:30:00+00:00,188.07,188.49,187.8,188.3,75008.0
2025-11-17 12:35:00+00:00,188.3,188.38,188.0,188.1,61603.0
2025-11-17 12:40:00+00:00,188.05,188.15,187.8,188.01,59489.0
2025-11-17 12:45:00+00:00,188.02,188.19,187.73,188.04,77205.0
2025-11-17 12:50:00+00:00,188.04,188.05,187.75,187.75,64100.0
2025-11-17 12:55:00+00:00,187.75,188.23,187.69,188.1,84486.0
2025-11-17 13:00:00+00:00,189.46,192.44,187.46,187.621,1708965.0
2025-11-17 13:05:00+00:00,187.62,187.93,187.47,187.47,118090.0
2025-11-17 13:10:00+00:00,187.47,187.48,186.73,187.0455,250199.0
2025-11-17 13:15:00+00:00,187.03,187.59,187.02,187.3641,190880.0
2025-11-17 13:20:00+00:00,187.3501,187.36,187.07,187.15,161425.0
2025-11-17 13:25:00+00:00,187.15,187.56,187.1,187.1855,140521.0
2025-11-17 13:30:00+00:00,187.12,187.3,186.9,187.011,162554.0
2025-11-17 13:35:00+00:00,187.02,187.19,186.91,187.08,110464.0
2025-11-17 13:40:00+00:00,187.08,187.14,186.55,186.62,235470.0
2025-11-17 13:45:00+00:00,186.64,187.01,186.63,186.82,141094.0
2025-11-17 13:50:00+00:00,186.79,187.2898,186.6414,187.23,198373.0
2025-11-17 13:55:00+00:00,187.23,187.76,187.22,187.71,185224.0
2025-11-17 14:00:00+00:00,187.66,187.68,187.28,187.4,211941.0
2025-11-17 14:05:00+00:00,187.41,187.5,187.12,187.2902,123310.0
2025-11-17 14:10:00+00:00,187.33,187.34,186.94,186.95,149050.0
2025-11-17 14:15:00+00:00,186.99,187.18,186.9078,186.9575,232892.0
2025-11-17 14:20:00+00:00,186.95,187.42,186.9,187.16,166988.0
2025-11-17 14:25:00+00:00,187.18,187.22,185.32,185.962,536812.0
2025-11-17 14:30:00+00:00,185.965,187.095,184.92,186.83,8434091.0
2025-11-17 14:35:00+00:00,186.83,188.32,186.78,187.75,4403656.0
2025-11-17 14:40:00+00:00,187.7369,188.16,187.12,187.43,3131723.0
2025-11-17 14:45:00+00:00,187.43,188.67,187.39,188.52,3053873.0
2025-11-17 14:50:00+00:00,188.55,189.0,188.28,188.35,2743866.0
2025-11-17 14:55:00+00:00,188.37,188.7699,187.81,188.0922,2376096.0
2025-11-17 15:00:00+00:00,188.085,188.4782,186.91,187.21,2902332.0
2025-11-17 15:05:00+00:00,187.23,187.615,186.4,186.62,2901608.0
2025-11-17 15:10:00+00:00,186.62,187.45,186.482,187.2401,2413182.0
2025-11-17 15:15:00+00:00,187.27,187.45,186.15,186.32,1983887.0
2025-11-17 15:20:00+00:00,186.33,187.5675,186.2,187.16,2464594.0
2025-11-17 15:25:00+00:00,187.15,187.72,186.86,187.55,1824250.0
2025-11-17 15:30:00+00:00,187.55,187.79,186.81,187.195,1859369.0
2025-11-17 15:35:00+00:00,187.19,187.4,186.89,186.9801,1139071.0
2025-11-17 15:40:00+00:00,186.99,187.83,186.61,187.81,1743745.0
2025-11-17 15:45:00+00:00,187.81,187.89,187.15,187.383,1565674.0
2025-11-17 15:50:00+00:00,187.415,187.66,187.04,187.5096,1359464.0
2025-11-17 15:55:00+00:00,187.51,187.6999,186.92,187.22,1487453.0
2025-11-17 16:00:00+00:00,187.23,187.44,186.42,186.8001,1761201.0
2025-11-17 16:05:00+00:00,186.79,187.03,186.025,186.27,2002495.0
2025-11-17 16:10:00+00:00,186.26,186.64,186.14,186.37,2190533.0
2025-11-17 16:15:00+00:00,186.36,186.4,186.02,186.15,1519056.0
2025-11-17 16:20:00+00:00,186.15,186.3697,185.74,186.26,2098188.0
2025-11-17 16:25:00+00:00,186.25,187.22,186.02,187.2,2167713.0
2025-11-17 16:30:00+00:00,187.2,187.59,186.5,187.41,1906104.0
2025-11-17 16:35:00+00:00,187.42,187.72,187.05,187.6601,1722346.0
2025-11-17 16:40:00+00:00,187.66,188.11,187.59,187.73,1835421.0
2025-11-17 16:45:00+00:00,187.75,188.0,187.5,187.77,1502020.0
2025-11-17 16:50:00+00:00,187.79,188.09,187.4798,187.5459,1763541.0
2025-11-17 16:55:00+00:00,187.54,188.3,187.3399,188.21,1872973.0
2025-11-17 17:00:00+00:00,188.21,188.24,187.63,187.71,1624946.0
2025-11-17 17:05:00+00:00,187.73,188.0697,187.63,187.975,972781.0
2025-11-17 17:10:00+00:00,187.975,188.0299,187.51,187.73,980873.0
2025-11-17 17:15:00+00:00,187.73,187.735,187.11,187.37,1109571.0
2025-11-17 17:20:00+00:00,187.38,187.67,187.06,187.55,1178835.0
2025-11-17 17:25:00+00:00,187.58,187.69,187.3201,187.58,1499448.0
2025-11-17 17:30:00+00:00,187.59,187.7899,187.47,187.72,718488.0
2025-11-17 17:35:00+00:00,187.72,187.92,187.33,187.3801,1035245.0
2025-11-17 17:40:00+00:00,187.39,187.4499,187.14,187.22,1067355.0
2025-11-17 17:45:00+00:00,187.23,187.47,186.885,187.37,1417302.0
2025-11-17 17:50:00+00:00,187.36,187.4199,186.8,186.87,1282461.0
2025-11-17 17:55:00+00:00,186.88,187.035,186.51,186.55,1130944.0
2025-11-17 18:00:00+00:00,186.57,186.62,186.26,186.44,1331644.0
2025-11-17 18:05:00+00:00,186.44,186.61,186.26,186.49,1000619.0
2025-11-17 18:10:00+00:00,186.46,186.88,186.35,186.7699,1229093.0
2025-11-17 18:15:00+00:00,186.77,187.29,186.64,187.2599,1536310.0
2025-11-17 18:20:00+00:00,187.26,187.34,186.7554,186.88,1239965.0
2025-11-17 18:25:00+00:00,186.883,187.0,186.47,186.73,1007968.0
2025-11-17 18:30:00+00:00,186.73,186.765,186.55,186.69,694032.0
2025-11-17 18:35:00+00:00,186.7,187.0,186.595,186.9,847262.0
2025-11-17 18:40:00+00:00,186.9102,187.0702,186.675,187.03,841224.0
2025-11-17 18:45:00+00:00,187.03,187.55,187.01,187.18,1312689.0
2025-11-17 18:50:00+00:00,187.19,187.33,186.6603,186.69,1092875.0
2025-11-17 18:55:00+00:00,186.6945,186.6945,185.58,185.825,2130353.0
2025-11-17 19:00:00+00:00,185.81,185.94,185.14,185.46,1787611.0
2025-11-17 19:05:00+00:00,185.45,185.8,185.3101,185.76,1467719.0
2025-11-17 19:10:00+00:00,185.755,185.97,185.42,185.51,1376188.0
2025-11-17 19:15:00+00:00,185.54,185.63,184.88,185.215,2141050.0
2025-11-17 19:20:00+00:00,185.24,185.38,185.1,185.2158,1293245.0
2025-11-17 19:25:00+00:00,185.21,185.36,184.9,185.33,1601671.0
2025-11-17 19:30:00+00:00,185.33,185.64,184.84,185.0359,1496074.0
2025-11-17 19:35:00+00:00,185.0418,185.26,184.52,184.57,1612020.0
2025-11-17 19:40:00+00:00,184.59,185.02,184.4201,185.005,1529800.0
2025-11-17 19:45:00+00:00,184.99,185.16,184.69,185.145,1184348.0
2025-11-17 19:50:00+00:00,185.14,185.35,184.86,184.985,1212373.0
2025-11-17 19:55:00+00:00,185.0,185.03,184.6001,184.71,1195668.0
2025-11-17 20:00:00+00:00,184.7,184.85,184.32,184.595,1506132.0
2025-11-17 20:05:00+00:00,184.59,184.95,184.4,184.6176,1755773.0
2025-11-17 20:10:00+00:00,184.61,185.16,184.51,184.57,1817713.0
2025-11-17 20:15:00+00:00,184.58,185.17,184.45,184.705,1696732.0
2025-11-17 20:20:00+00:00,184.7,185.06,184.66,184.965,1529897.0
2025-11-17 20:25:00+00:00,184.96,185.08,184.69,184.935,1743770.0
2025-11-17 20:30:00+00:00,184.94,185.25,184.54,184.9399,1713417.0
2025-11-17 20:35:00+00:00,184.935,185.29,184.66,184.7208,1622867.0
2025-11-17 20:40:00+00:00,184.72,185.165,184.6801,185.14,1584122.0
2025-11-17 20:45:00+00:00,185.14,185.77,185.09,185.7,2400630.0
2025-11-17 20:50:00+00:00,185.71,186.49,185.71,185.87,3381137.0
2025-11-17 20:55:00+00:00,185.88,186.8,185.84,186.59,5544905.0
2025-11-17 21:00:00+00:00,186.66,187.1,186.57,186.82,1551575.0
2025-11-17 21:05:00+00:00,186.8004,186.9,186.6,186.9,209496.0
2025-11-17 21:10:00+00:00,186.9,187.1878,186.88,187.1,151359.0
2025-11-17 21:15:00+00:00,187.09,187.14,186.98,187.1,63618.0
2025-11-17 21:20:00+00:00,187.1,187.12,186.8,186.85,87183.0
2025-11-17 21:25:00+00:00,186.82,186.88,186.69,186.77,53940.0
2025-11-17 21:30:00+00:00,186.75,186.82,186.69,186.76,35337.0
2025-11-17 21:35:00+00:00,186.75,186.77,186.5501,186.56,66266.0
2025-11-17 21:40:00+00:00,186.53,186.55,186.24,186.52,66119.0
2025-11-17 21:45:00+00:00,186.51,186.6494,186.41,186.5,39643.0
2025-11-17 21:50:00+00:00,186.51,186.6,186.48,186.6,258121.0
2025-11-17 21:55:00+00:00,186.6,186.75,186.54,186.55,1574351.0
2025-11-17 22:00:00+00:00,186.58,186.69,186.54,186.56,29182.0
2025-11-17 22:05:00+00:00,186.5658,186.62,186.51,186.54,24421.0
2025-11-17 22:10:00+00:00,186.54,186.67,186.54,186.6375,19891.0
2025-11-17 22:15:00+00:00,186.64,186.65,186.41,186.42,23459.0
2025-11-17 22:20:00+00:00,186.4104,186.4399,186.28,186.43,22147.0
2025-11-17 22:25:00+00:00,186.43,186.83,186.4,186.43,33803.0
2025-11-17 22:30:00+00:00,186.45,186.6,186.4,186.44,15076.0
2025-11-17 22:35:00+00:00,186.43,186.43,186.23,186.35,24879.0
2025-11-17 22:40:00+00:00,186.29,186.4154,186.28,186.35,12617.0
2025-11-17 22:45:00+00:00,186.34,186.3512,186.13,186.14,21050.0
2025-11-17 22:50:00+00:00,186.17,186.17,186.01,186.09,28842.0
2025-11-17 22:55:00+00:00,186.0329,186.12,186.0109,186.12,29023.0
2025-11-17 23:00:00+00:00,186.13,186.58,186.13,186.49,49721.0
2025-11-17 23:05:00+00:00,186.55,186.72,186.4,186.45,45796.0
2025-11-17 23:10:00+00:00,186.4697,186.54,186.4,186.48,13442.0
2025-11-17 23:15:00+00:00,186.4,186.4654,186.15,186.16,31491.0
2025-11-17 23:20:00+00:00,186.1008,186.42,186.1008,186.33,28838.0
2025-11-17 23:25:00+00:00,186.38,186.45,186.2,186.35,21182.0
2025-11-17 23:30:00+00:00,186.3,186.35,186.25,186.33,15460.0
2025-11-17 23:35:00+00:00,186.33,186.37,186.26,186.35,12788.0
2025-11-17 23:40:00+00:00,186.39,186.47,186.01,186.0881,41906.0
2025-11-17 23:45:00+00:00,186.0899,186.14,186.01,186.07,26913.0
2025-11-17 23:50:00+00:00,186.08,186.14,186.02,186.02,17890.0
2025-11-17 23:55:00+00:00,186.04,186.18,186.04,186.1422,16163.0
2025-11-18 00:00:00+00:00,186.1016,186.3287,186.1,186.125,19723.0
2025-11-18 00:05:00+00:00,186.15,186.16,186.0506,186.16,18750.0
2025-11-18 00:10:00+00:00,186.16,186.17,185.92,185.99,47841.0
2025-11-18 00:15:00+00:00,186.0,186.0,185.32,185.45,76778.0
2025-11-18 00:20:00+00:00,185.46,185.8324,185.4,185.62,30515.0
2025-11-18 00:25:00+00:00,185.6,185.7,185.2,185.29,33305.0
2025-11-18 00:30:00+00:00,185.32,185.4257,185.1,185.1,48271.0
2025-11-18 00:35:00+00:00,185.1225,185.24,185.0,185.19,57181.0
2025-11-18 00:40:00+00:00,185.17,185.2,184.911,184.93,60501.0
2025-11-18 00:45:00+00:00,184.95,185.4,184.9417,185.2196,72634.0
2025-11-18 00:50:00+00:00,185.15,185.42,185.12,185.27,53709.0
2025-11-18 00:55:00+00:00,185.2501,185.3299,185.0,185.3299,75906.0
2025-11-18 09:00:00+00:00,185.3,185.61,185.0,185.11,46546.0
2025-11-18 09:05:00+00:00,185.12,185.18,184.89,185.03,29556.0
2025-11-18 09:10:00+00:00,185.05,185.3,184.87,185.3,20228.0
2025-11-18 09:15:00+00:00,185.32,185.82,185.32,185.74,28574.0
2025-11-18 09:20:00+00:00,185.59,185.59,185.08,185.22,22840.0
2025-11-18 09:25:00+00:00,185.16,185.32,185.13,185.23,11536.0
2025-11-18 09:30:00+00:00,185.21,185.41,185.13,185.25,17312.0
2025-11-18 09:35:00+00:00,185.21,185.21,184.78,184.79,27334.0
2025-11-18 09:40:00+00:00,184.7,184.91,184.52,184.88,30099.0
2025-11-18 09:45:00+00:00,185.0,185.02,184.78,184.85,13185.0
2025-11-18 09:50:00+00:00,184.89,185.24,184.89,185.12,19469.0
2025-11-18 09:55:00+00:00,185.21,185.43,185.15,185.24,17658.0
2025-11-18 10:00:00+00:00,185.22,185.32,184.92,185.11,34136.0
2025-11-18 10:05:00+00:00,185.09,185.16,184.8,184.86,18221.0
2025-11-18 10:10:00+00:00,184.83,184.9,184.74,184.79,20952.0
2025-11-18 10:15:00+00:00,184.77,184.96,184.71,184.93,8982.0
2025-11-18 10:20:00+00:00,184.82,184.89,184.7,184.76,12905.0
2025-11-18 10:25:00+00:00,184.8,184.87,184.65,184.66,12559.0
2025-11-18 10:30:00+00:00,184.74,184.95,184.74,184.88,14298.0
2025-11-18 10:35:00+00:00,184.7,184.76,184.6,184.61,10151.0
2025-11-18 10:40:00+00:00,184.61,184.77,184.51,184.66,25106.0
2025-11-18 10:45:00+00:00,184.62,184.66,184.45,184.59,18801.0
2025-11-18 10:50:00+00:00,184.56,184.91,184.53,184.88,21645.0
2025-11-18 10:55:00+00:00,184.94,185.18,184.93,185.11,29535.0
2025-11-18 11:00:00+00:00,185.05,185.21,184.91,185.0,34286.0
2025-11-18 11:05:00+00:00,185.0,185.06,184.69,184.88,26607.0
2025-11-18 11:10:00+00:00,184.82,184.87,184.59,184.64,33294.0
2025-11-18 11:15:00+00:00,184.7,184.77,184.48,184.57,30997.0
2025-11-18 11:20:00+00:00,184.5,184.83,184.48,184.83,28323.0
2025-11-18 11:25:00+00:00,184.8,184.8,184.56,184.65,13959.0
2025-11-18 11:30:00+00:00,184.62,184.65,184.34,184.48,15467.0
2025-11-18 11:35:00+00:00,184.37,184.38,183.9,183.98,60623.0
2025-11-18 11:40:00+00:00,183.95,184.31,183.88,184.24,29851.0
2025-11-18 11:45:00+00:00,184.23,184.86,184.12,184.75,98632.0
2025-11-18 11:50:00+00:00,184.75,184.94,184.71,184.91,52743.0
2025-11-18 11:55:00+00:00,184.94,185.13,184.94,185.02,35674.0
2025-11-18 12:00:00+00:00,185.0,185.28,184.58,184.73,159746.0
2025-11-18 12:05:00+00:00,184.74,185.29,184.69,185.01,62163.0
2025-11-18 12:10:00+00:00,185.05,185.08,184.35,184.43,60045.0
2025-11-18 12:15:00+00:00,184.44,184.97,184.44,184.96,87838.0
2025-11-18 12:20:00+00:00,184.92,185.0,184.63,184.64,22851.0
2025-11-18 12:25:00+00:00,184.63,184.68,184.35,184.43,35459.0
2025-11-18 12:30:00+00:00,184.41,184.64,184.3,184.48,37049.0
2025-11-18 12:35:00+00:00,184.48,184.78,184.46,184.66,32973.0
2025-11-18 12:40:00+00:00,184.67,184.72,184.41,184.46,38340.0
2025-11-18 12:45:00+00:00,184.45,184.48,184.16,184.43,47799.0
2025-11-18 12:50:00+00:00,184.48,184.48,184.14,184.22,38109.0
2025-11-18 12:55:00+00:00,184.25,184.47,184.01,184.39,182350.0
2025-11-18 13:00:00+00:00,185.06,186.17,182.45,184.8949,1414786.0
2025-11-18 13:05:00+00:00,184.94,184.95,184.5,184.78,93095.0
2025-11-18 13:10:00+00:00,184.8,184.95,184.71,184.85,67058.0
2025-11-18 13:15:00+00:00,184.83,185.0581,184.57,184.7,85547.0
2025-11-18 13:20:00+00:00,184.68,184.68,184.3,184.41,103382.0
2025-11-18 13:25:00+00:00,184.45,184.66,184.4062,184.4745,99843.0
2025-11-18 13:30:00+00:00,184.45,185.0,184.44,184.89,115309.0
2025-11-18 13:35:00+00:00,184.74,184.8,184.3,184.6,86467.0
2025-11-18 13:40:00+00:00,184.63,184.81,184.28,184.33,89486.0
2025-11-18 13:45:00+00:00,184.31,184.59,184.31,184.3514,62241.0
2025-11-18 13:50:00+00:00,184.36,184.63,184.21,184.61,93897.0
2025-11-18 13:55:00+00:00,184.65,184.65,183.91,184.0,1514333.0
2025-11-18 14:00:00+00:00,183.95,184.19,183.77,183.83,175041.0
2025-11-18 14:05:00+00:00,183.84,184.36,183.81,184.13,167200.0
2025-11-18 14:10:00+00:00,184.09,184.17,183.9,184.04,119941.0
2025-11-18 14:15:00+00:00,184.1,184.14,183.82,183.82,122385.0
2025-11-18 14:20:00+00:00,183.8267,183.91,183.66,183.83,130172.0
2025-11-18 14:25:00+00:00,183.85,183.86,183.01,183.32,318151.0
2025-11-18 14:30:00+00:00,183.375,184.27,182.56,183.44,8268261.0
2025-11-18 14:35:00+00:00,183.445,184.21,183.127,183.6936,3569093.0
2025-11-18 14:40:00+00:00,183.65,184.01,181.9301,182.0195,5092398.0
2025-11-18 14:45:00+00:00,182.015,182.9318,181.195,181.74,4958544.0
2025-11-18 14:50:00+00:00,181.7441,181.9875,180.85,181.0812,4726447.0
2025-11-18 14:55:00+00:00,181.07,181.285,180.13,180.425,5503922.0
2025-11-18 15:00:00+00:00,180.39,180.99,179.65,179.86,7070965.0
2025-11-18 15:05:00+00:00,179.86,181.29,179.7,181.15,5344986.0
2025-11-18 15:10:00+00:00,181.14,181.23,180.075,180.97,4113348.0
2025-11-18 15:15:00+00:00,180.95,181.31,180.35,181.2765,3391561.0
2025-11-18 15:20:00+00:00,181.28,182.535,181.2301,181.9436,5084860.0
2025-11-18 15:25:00+00:00,181.96,182.67,181.72,181.85,2915016.0
2025-11-18 15:30:00+00:00,181.86,182.34,181.2601,181.5,2839299.0
2025-11-18 15:35:00+00:00,181.52,181.5729,180.78,181.34,2739934.0
2025-11-18 15:40:00+00:00,181.33,181.88,180.94,181.16,2296859.0
2025-11-18 15:45:00+00:00,181.14,181.32,180.8508,181.075,1765280.0
2025-11-18 15:50:00+00:00,181.07,181.4999,180.64,181.42,2289738.0
2025-11-18 15:55:00+00:00,181.43,181.81,181.0,181.1,1961885.0
2025-11-18 16:00:00+00:00,181.1,181.255,180.1701,180.77,2723072.0
2025-11-18 16:05:00+00:00,180.7793,181.7305,180.36,181.665,2376338.0
2025-11-18 16:10:00+00:00,181.67,182.36,181.61,181.98,3046059.0
2025-11-18 16:15:00+00:00,181.98,182.0999,181.3,181.95,2410416.0
2025-11-18 16:20:00+00:00,181.95,182.6,181.85,182.29,2508464.0
2025-11-18 16:25:00+00:00,182.3,183.08,182.2394,182.89,2640431.0
2025-11-18 16:30:00+00:00,182.9,183.38,182.8,183.01,2774855.0
2025-11-18 16:35:00+00:00,183.02,183.635,182.86,182.9502,2416055.0
2025-11-18 16:40:00+00:00,182.96,183.31,182.67,183.28,2141420.0
2025-11-18 16:45:00+00:00,183.27,183.475,182.72,183.12,2025895.0
2025-11-18 16:50:00+00:00,183.12,183.405,182.81,183.36,1747060.0
2025-11-18 16:55:00+00:00,183.36,183.52,182.96,183.1201,1824721.0
2025-11-18 17:00:00+00:00,183.12,183.71,183.05,183.3047,1853015.0
2025-11-18 17:05:00+00:00,183.31,183.365,182.6401,182.84,1486108.0
2025-11-18 17:10:00+00:00,182.82,183.16,182.31,182.315,1394450.0
2025-11-18 17:15:00+00:00,182.32,182.59,181.99,182.23,1779541.0
2025-11-18 17:20:00+00:00,182.23,182.805,182.23,182.315,1539642.0
2025-11-18 17:25:00+00:00,182.34,182.54,181.4345,181.58,1765582.0
2025-11-18 17:30:00+00:00,181.57,182.1,181.4,182.075,1693683.0
2025-11-18 17:35:00+00:00,182.0799,182.94,182.0001,182.8801,1722429.0
2025-11-18 17:40:00+00:00,182.89,184.08,182.89,183.968,2468077.0
2025-11-18 17:45:00+00:00,183.97,184.31,183.48,184.185,2070426.0
2025-11-18 17:50:00+00:00,184.18,184.29,183.73,184.17,1521630.0
2025-11-18 17:55:00+00:00,184.15,184.8,183.8,184.295,1839344.0
2025-11-18 18:00:00+00:00,184.3,184.46,183.79,184.0401,1414323.0
2025-11-18 18:05:00+00:00,184.03,184.36,183.647,183.75,1456289.0
2025-11-18 18:10:00+00:00,183.74,184.191,183.67,183.785,1235999.0
2025-11-18 18:15:00+00:00,183.79,184.0199,183.5432,183.9406,1398670.0
2025-11-18 18:20:00+00:00,183.965,183.97,183.45,183.9,1304301.0
2025-11-18 18:25:00+00:00,183.9,184.12,183.5,183.62,1260414.0
2025-11-18 18:30:00+00:00,183.63,184.48,183.63,184.3,1298294.0
2025-11-18 18:35:00+00:00,184.29,184.45,183.47,183.91,1567703.0
2025-11-18 18:40:00+00:00,183.92,184.45,183.67,183.78,1478102.0
2025-11-18 18:45:00+00:00,183.8,184.29,183.72,184.265,1104173.0
2025-11-18 18:50:00+00:00,184.27,184.5,184.0651,184.2002,1059443.0
2025-11-18 18:55:00+00:00,184.19,184.205,183.13,183.48,1783351.0
2025-11-18 19:00:00+00:00,183.47,184.05,183.3235,183.3836,1479034.0
2025-11-18 19:05:00+00:00,183.395,183.94,183.36,183.88,1008150.0
2025-11-18 19:10:00+00:00,183.88,184.35,183.7301,184.215,1396441.0
2025-11-18 19:15:00+00:00,184.21,184.29,183.68,184.195,1145859.0
2025-11-18 19:20:00+00:00,184.19,184.26,183.34,183.52,1241344.0
2025-11-18 19:25:00+00:00,183.515,183.59,183.22,183.45,1096884.0
2025-11-18 19:30:00+00:00,183.4699,183.62,183.015,183.25,1353891.0
2025-11-18 19:35:00+00:00,183.26,184.22,183.18,184.21,1516000.0
2025-11-18 19:40:00+00:00,184.21,184.65,183.69,183.82,2399185.0
2025-11-18 19:45:00+00:00,183.82,184.395,183.73,184.105,1185006.0
2025-11-18 19:50:00+00:00,184.1,184.23,183.58,183.635,1195559.0
2025-11-18 19:55:00+00:00,183.62,184.0453,183.4001,184.005,1278248.0
2025-11-18 20:00:00+00:00,184.01,184.22,183.52,183.5682,1263107.0
2025-11-18 20:05:00+00:00,183.5601,183.6279,183.1298,183.2699,1250943.0
2025-11-18 20:10:00+00:00,183.2699,183.4901,183.07,183.271,1154396.0
2025-11-18 20:15:00+00:00,183.265,183.75,183.15,183.28,1250239.0
2025-11-18 20:20:00+00:00,183.29,183.64,182.83,182.93,1386921.0
2025-11-18 20:25:00+00:00,182.92,182.94,182.4,182.91,1932556.0
2025-11-18 20:30:00+00:00,182.9,183.1,182.265,182.3499,2070471.0
2025-11-18 20:35:00+00:00,182.35,182.72,182.19,182.465,1863312.0
2025-11-18 20:40:00+00:00,182.4601,182.59,182.25,182.375,1445224.0
2025-11-18 20:45:00+00:00,182.37,182.62,182.09,182.095,1798989.0
2025-11-18 20:50:00+00:00,182.11,182.8,181.99,182.12,3754888.0
2025-11-18 20:55:00+00:00,182.08,182.14,181.06,181.37,8588465.0
2025-11-18 21:00:00+00:00,181.36,182.342,181.0,181.23,1205358.0
2025-11-18 21:05:00+00:00,181.23,181.29,181.11,181.21,168274.0
2025-11-18 21:10:00+00:00,181.23,181.36,181.15,181.2126,117904.0
2025-11-18 21:15:00+00:00,181.22,181.22,180.87,180.9,185500.0
2025-11-18 21:20:00+00:00,180.9775,181.36,180.52,180.74,220857.0
2025-11-18 21:25:00+00:00,180.75,181.1,180.66,181.07,106015.0
2025-11-18 21:30:00+00:00,181.07,181.09,180.75,180.89,58517.0
2025-11-18 21:35:00+00:00,180.89,181.07,180.8599,180.94,65266.0
2025-11-18 21:40:00+00:00,180.9501,181.06,180.86,180.95,68066.0
2025-11-18 21:45:00+00:00,180.91,181.0,180.87,180.93,42617.0
2025-11-18 21:50:00+00:00,180.93,181.09,180.9,181.05,76659.0
2025-11-18 21:55:00+00:00,181.02,181.5,180.9,181.17,119691.0
2025-11-18 22:00:00+00:00,181.12,181.17,180.83,180.94,74722.0
2025-11-18 22:05:00+00:00,180.89,180.93,180.83,180.8652,29216.0
2025-11-18 22:10:00+00:00,180.83,180.89,180.77,180.8,53658.0
2025-11-18 22:15:00+00:00,180.78,180.82,180.66,180.78,65716.0
2025-11-18 22:20:00+00:00,180.79,180.87,180.75,180.8699,41013.0
2025-11-18 22:25:00+00:00,180.869,180.96,180.8533,180.89,42882.0
2025-11-18 22:30:00+00:00,180.9,180.9048,180.81,180.85,28457.0
2025-11-18 22:35:00+00:00,180.87,180.88,180.82,180.8601,26740.0
2025-11-18 22:40:00+00:00,180.87,180.88,180.84,180.87,36800.0
2025-11-18 22:45:00+00:00,180.88,180.88,180.81,180.868,39392.0
2025-11-18 22:50:00+00:00,180.8302,180.88,180.82,180.87,32665.0
2025-11-18 22:55:00+00:00,180.851,180.88,180.8,180.8501,34442.0
2025-11-18 23:00:00+00:00,180.85,181.29,180.85,181.2,109787.0
2025-11-18 23:05:00+00:00,181.25,181.34,181.0001,181.0244,62439.0
2025-11-18 23:10:00+00:00,181.02,181.15,180.97,181.08,42957.0
2025-11-18 23:15:00+00:00,181.1,181.37,181.1,181.23,72026.0
2025-11-18 23:20:00+00:00,181.2209,181.49,181.17,181.4,64604.0
2025-11-18 23:25:00+00:00,181.37,181.45,181.3,181.45,53650.0
2025-11-18 23:30:00+00:00,181.44,181.5,181.3,181.3,63413.0
2025-11-18 23:35:00+00:00,181.3,181.33,181.11,181.12,31060.0
2025-11-18 23:40:00+00:00,181.12,181.2461,181.12,181.19,32525.0
2025-11-18 23:45:00+00:00,181.19,181.3,181.0696,181.0696,62985.0
2025-11-18 23:50:00+00:00,181.065,181.2,181.06,181.08,26136.0
2025-11-18 23:55:00+00:00,181.11,181.19,181.08,181.15,20510.0
2025-11-19 00:00:00+00:00,181.13,181.2,180.9715,180.99,40002.0
2025-11-19 00:05:00+00:00,181.0198,181.0493,180.88,180.889,47592.0
2025-11-19 00:10:00+00:00,180.85,180.93,180.79,180.87,46382.0
2025-11-19 00:15:00+00:00,180.8166,180.8791,180.65,180.75,49977.0
2025-11-19 00:20:00+00:00,180.7,180.8702,180.6978,180.82,40184.0
2025-11-19 00:25:00+00:00,180.8391,180.95,180.75,180.78,26986.0
2025-11-19 00:30:00+00:00,180.7622,180.9,180.7622,180.84,25599.0
2025-11-19 00:35:00+00:00,180.83,180.85,180.75,180.76,47380.0
2025-11-19 00:40:00+00:00,180.8,180.9,180.75,180.9,86940.0
2025-11-19 00:45:00+00:00,180.8601,180.95,180.77,180.8198,36022.0
2025-11-19 00:50:00+00:00,180.8005,181.0,180.8,180.8875,50389.0
2025-11-19 00:55:00+00:00,180.9,180.9,180.65,180.7197,140684.0
2025-11-19 09:00:00+00:00,181.52,182.3,181.38,181.49,82158.0
2025-11-19 09:05:00+00:00,181.5,181.78,181.2,181.78,58043.0
2025-11-19 09:10:00+00:00,181.74,182.2,181.6,182.02,48651.0
2025-11-19 09:15:00+00:00,182.02,182.05,181.92,182.0,29030.0
2025-11-19 09:20:00+00:00,182.05,182.05,181.8,181.8,37383.0
2025-11-19 09:25:00+00:00,181.8,181.99,181.77,181.89,17136.0
2025-11-19 09:30:00+00:00,181.84,182.12,181.83,181.83,46632.0
2025-11-19 09:35:00+00:00,181.84,182.0,181.61,181.85,44506.0
2025-11-19 09:40:00+00:00,181.85,182.02,181.72,182.0,17336.0
2025-11-19 09:45:00+00:00,181.92,182.02,181.82,181.87,37960.0
2025-11-19 09:50:00+00:00,181.87,182.17,181.87,182.13,29537.0
2025-11-19 09:55:00+00:00,182.2,182.41,182.13,182.37,25915.0
2025-11-19 10:00:00+00:00,182.44,182.44,182.2,182.31,18952.0
2025-11-19 10:05:00+00:00,182.31,182.33,182.06,182.06,44897.0
2025-11-19 10:10:00+00:00,182.08,182.26,182.0,182.24,24358.0
2025-11-19 10:15:00+00:00,182.26,182.39,182.08,182.25,34208.0
2025-11-19 10:20:00+00:00,182.33,182.67,182.24,182.62,33005.0
2025-11-19 10:25:00+00:00,182.61,182.66,182.4,182.56,30857.0
2025-11-19 10:30:00+00:00,182.54,182.64,182.38,182.45,38396.0
2025-11-19 10:35:00+00:00,182.48,182.57,182.35,182.5,23377.0
2025-11-19 10:40:00+00:00,182.44,182.55,182.33,182.43,30674.0
2025-11-19 10:45:00+00:00,182.42,182.7,182.42,182.66,31991.0
2025-11-19 10:50:00+00:00,182.65,182.9,182.56,182.82,55292.0
2025-11-19 10:55:00+00:00,182.83,182.87,182.8,182.83,51144.0
2025-11-19 11:00:00+00:00,182.8,182.91,182.62,182.66,60143.0
2025-11-19 11:05:00+00:00,182.62,182.78,182.6,182.63,62204.0
2025-11-19 11:10:00+00:00,182.65,182.85,182.61,182.69,59676.0
2025-11-19 11:15:00+00:00,182.64,182.86,182.62,182.85,23231.0
2025-11-19 11:20:00+00:00,182.81,183.0,182.65,182.65,43747.0
2025-11-19 11:25:00+00:00,182.68,182.95,182.68,182.9,46084.0
2025-11-19 11:30:00+00:00,182.86,182.93,182.72,182.81,44508.0
2025-11-19 11:35:00+00:00,182.85,182.93,182.81,182.91,29540.0
2025-11-19 11:40:00+00:00,182.92,183.23,182.9,183.23,70465.0
2025-11-19 11:45:00+00:00,183.24,183.67,183.21,183.62,102690.0
2025-11-19 11:50:00+00:00,183.64,183.77,183.4,183.43,72373.0
2025-11-19 11:55:00+00:00,183.42,183.45,183.26,183.28,62343.0
2025-11-19 12:00:00+00:00,183.26,183.7,183.17,183.4,215328.0
2025-11-19 12:05:00+00:00,183.43,183.54,183.31,183.45,74171.0
2025-11-19 12:10:00+00:00,183.45,183.94,183.35,183.93,87405.0
2025-11-19 12:15:00+00:00,183.91,184.01,183.73,183.819,132826.0
2025-11-19 12:20:00+00:00,183.78,184.46,183.78,184.27,160578.0
2025-11-19 12:25:00+00:00,184.3,184.38,183.96,184.37,87746.0
2025-11-19 12:30:00+00:00,184.38,184.66,184.25,184.56,121830.0
2025-11-19 12:35:00+00:00,184.56,184.81,184.5,184.64,110479.0
2025-11-19 12:40:00+00:00,184.62,184.65,184.4,184.59,92013.0
2025-11-19 12:45:00+00:00,184.56,184.62,184.44,184.5,50515.0
2025-11-19 12:50:00+00:00,184.48,184.5,184.29,184.39,83279.0
2025-11-19 12:55:00+00:00,184.4,184.4,184.19,184.19,77325.0
2025-11-19 13:00:00+00:00,183.54,184.83,180.88,184.08,1944997.0
2025-11-19 13:05:00+00:00,184.1,184.4,184.0,184.37,185725.0
2025-11-19 13:10:00+00:00,184.37,184.37,183.92,184.11,203842.0
2025-11-19 13:15:00+00:00,184.1,184.37,184.05,184.3,166357.0
2025-11-19 13:20:00+00:00,184.29,184.41,184.14,184.29,178063.0
2025-11-19 13:25:00+00:00,184.3,184.85,184.3,184.76,224865.0
2025-11-19 13:30:00+00:00,184.7303,184.8,184.45,184.46,199957.0
2025-11-19 13:35:00+00:00,184.46,184.48,184.25,184.37,159551.0
2025-11-19 13:40:00+00:00,184.39,184.58,184.25,184.54,236922.0
2025-11-19 13:45:00+00:00,184.53,184.81,184.52,184.63,160656.0
2025-11-19 13:50:00+00:00,184.6383,184.76,184.48,184.73,160695.0
2025-11-19 13:55:00+00:00,184.7,184.74,184.49,184.66,157346.0
2025-11-19 14:00:00+00:00,184.66,184.86,184.49,184.54,297516.0
2025-11-19 14:05:00+00:00,184.55,184.56,184.25,184.2825,249688.0
2025-11-19 14:10:00+00:00,184.29,184.5,184.2,184.29,222601.0
2025-11-19 14:15:00+00:00,184.31,184.4,184.1489,184.2,171475.0
2025-11-19 14:20:00+00:00,184.2,184.4989,184.2,184.41,179612.0
2025-11-19 14:25:00+00:00,184.38,184.85,183.85,184.75,436474.0
2025-11-19 14:30:00+00:00,184.79,185.0,183.28,183.8755,8283083.0
2025-11-19 14:35:00+00:00,183.84,185.25,183.795,184.985,4988891.0
2025-11-19 14:40:00+00:00,184.99,185.9899,184.899,185.73,4239661.0
2025-11-19 14:45:00+00:00,185.73,186.15,185.32,186.045,4073091.0
2025-11-19 14:50:00+00:00,186.04,187.085,185.875,187.06,3915357.0
2025-11-19 14:55:00+00:00,187.06,187.6951,186.785,187.58,3853698.0
2025-11-19 15:00:00+00:00,187.6,187.6417,186.8316,187.0299,2977702.0
2025-11-19 15:05:00+00:00,187.02,187.49,186.67,186.765,2757744.0
2025-11-19 15:10:00+00:00,186.76,187.24,186.42,187.09,2542225.0
2025-11-19 15:15:00+00:00,187.09,187.81,187.06,187.415,3018432.0
2025-11-19 15:20:00+00:00,187.44,187.57,186.9701,187.4432,2362173.0
2025-11-19 15:25:00+00:00,187.45,187.8,187.13,187.63,2056910.0
2025-11-19 15:30:00+00:00,187.6359,187.855,187.21,187.4501,2239985.0
2025-11-19 15:35:00+00:00,187.4804,187.72,186.86,186.932,1971991.0
2025-11-19 15:40:00+00:00,186.92,187.5,186.81,187.27,2032610.0
2025-11-19 15:45:00+00:00,187.28,187.28,186.6,186.6665,2228993.0
2025-11-19 15:50:00+00:00,186.64,186.71,186.01,186.23,2346383.0
2025-11-19 15:55:00+00:00,186.23,186.23,185.5,185.86,2660428.0
2025-11-19 16:00:00+00:00,185.87,186.3,185.72,186.215,2374603.0
2025-11-19 16:05:00+00:00,186.2182,186.4748,185.615,185.96,2296154.0
2025-11-19 16:10:00+00:00,185.96,186.01,185.46,185.705,1815696.0
2025-11-19 16:15:00+00:00,185.7,185.95,185.32,185.78,2067369.0
2025-11-19 16:20:00+00:00,185.78,186.38,185.2682,185.32,2453246.0
2025-11-19 16:25:00+00:00,185.315,185.7,184.87,185.39,2764847.0
2025-11-19 16:30:00+00:00,185.38,185.46,185.0,185.175,1831897.0
2025-11-19 16:35:00+00:00,185.17,185.25,184.67,185.1387,1778768.0
2025-11-19 16:40:00+00:00,185.12,185.38,184.69,185.18,1605401.0
2025-11-19 16:45:00+00:00,185.17,185.49,184.95,185.1001,1500332.0
2025-11-19 16:50:00+00:00,185.105,185.16,184.6201,184.92,1639270.0
2025-11-19 16:55:00+00:00,184.92,185.22,184.5989,185.145,1541266.0
2025-11-19 17:00:00+00:00,185.14,185.21,184.03,184.145,2052796.0
2025-11-19 17:05:00+00:00,184.135,184.575,183.97,184.385,1900560.0
2025-11-19 17:10:00+00:00,184.385,184.48,184.0445,184.18,1695027.0
2025-11-19 17:15:00+00:00,184.19,184.45,184.02,184.165,1390208.0
2025-11-19 17:20:00+00:00,184.18,184.69,184.09,184.37,1472844.0
2025-11-19 17:25:00+00:00,184.38,184.58,183.89,184.39,1772424.0
2025-11-19 17:30:00+00:00,184.3849,184.44,183.65,183.735,1482452.0
2025-11-19 17:35:00+00:00,183.74,183.745,182.8301,183.1606,2427555.0
2025-11-19 17:40:00+00:00,183.15,184.54,183.06,184.085,2781409.0
2025-11-19 17:45:00+00:00,184.0712,184.28,183.5679,184.105,1536501.0
2025-11-19 17:50:00+00:00,184.1,184.81,184.03,184.65,1886637.0
2025-11-19 17:55:00+00:00,184.66,184.8998,184.53,184.81,1526740.0
2025-11-19 18:00:00+00:00,184.8,185.21,184.71,185.13,1838072.0
2025-11-19 18:05:00+00:00,185.13,185.26,184.4601,185.11,2075230.0
2025-11-19 18:10:00+00:00,185.11,185.6,184.82,185.2251,1637231.0
2025-11-19 18:15:00+00:00,185.24,185.3551,184.36,184.61,1772601.0
2025-11-19 18:20:00+00:00,184.6,185.03,184.57,184.895,1487121.0
2025-11-19 18:25:00+00:00,184.9,185.045,184.21,184.26,1306442.0
2025-11-19 18:30:00+00:00,184.25,184.8599,184.12,184.69,1333035.0
2025-11-19 18:35:00+00:00,184.7,185.9,184.6365,185.4199,2357826.0
2025-11-19 18:40:00+00:00,185.41,185.475,184.73,184.945,1545112.0
2025-11-19 18:45:00+00:00,184.94,184.9515,184.53,184.65,1091561.0
2025-11-19 18:50:00+00:00,184.66,185.325,184.6312,185.24,1318328.0
2025-11-19 18:55:00+00:00,185.255,185.59,185.16,185.425,1467934.0
2025-11-19 19:00:00+00:00,185.42,185.54,184.84,184.97,1371820.0
2025-11-19 19:05:00+00:00,184.99,185.09,184.56,184.8964,1477562.0
2025-11-19 19:10:00+00:00,184.88,185.38,184.725,185.323,1616072.0
2025-11-19 19:15:00+00:00,185.31,185.425,184.87,185.1201,1312348.0
2025-11-19 19:20:00+00:00,185.12,185.205,184.8199,184.9851,1145652.0
2025-11-19 19:25:00+00:00,184.9799,184.98,184.4342,184.63,1406677.0
2025-11-19 19:30:00+00:00,184.63,184.9,184.4,184.56,1414464.0
2025-11-19 19:35:00+00:00,184.56,184.77,184.36,184.45,1315160.0
2025-11-19 19:40:00+00:00,184.45,185.03,184.39,185.01,1648396.0
2025-11-19 19:45:00+00:00,185.01,185.245,184.83,185.16,1565935.0
2025-11-19 19:50:00+00:00,185.16,185.95,185.13,185.835,1991790.0
2025-11-19 19:55:00+00:00,185.8358,186.105,185.22,185.4323,2164953.0
2025-11-19 20:00:00+00:00,185.41,185.9,185.37,185.785,1675762.0
2025-11-19 20:05:00+00:00,185.785,185.91,185.56,185.6302,1308818.0
2025-11-19 20:10:00+00:00,185.64,186.12,185.6,186.0358,1644601.0
2025-11-19 20:15:00+00:00,186.04,187.04,185.98,186.88,2826933.0
2025-11-19 20:20:00+00:00,186.88,187.06,186.27,186.57,2468220.0
2025-11-19 20:25:00+00:00,186.55,186.91,186.44,186.705,2022991.0
2025-11-19 20:30:00+00:00,186.715,186.9,186.51,186.7656,2015797.0
2025-11-19 20:35:00+00:00,186.77,187.3459,186.49,186.805,3236587.0
2025-11-19 20:40:00+00:00,186.83,186.89,186.35,186.765,2386470.0
2025-11-19 20:45:00+00:00,186.77,186.82,185.88,185.89,2784175.0
2025-11-19 20:50:00+00:00,185.89,186.71,185.75,186.215,3857330.0
2025-11-19 20:55:00+00:00,186.21,187.2,186.06,186.775,7196309.0
2025-11-19 21:00:00+00:00,186.52,187.5,186.03,186.72,1723322.0
2025-11-19 21:05:00+00:00,186.605,186.99,185.7171,186.91,416504.0
2025-11-19 21:10:00+00:00,186.95,187.39,186.8618,187.28,547825.0
2025-11-19 21:15:00+00:00,187.2,187.29,186.1518,186.7599,492327.0
2025-11-19 21:20:00+00:00,186.76,195.83,186.71,191.53,8030960.0
2025-11-19 21:25:00+00:00,191.06,192.34,190.0,191.7487,3356308.0
2025-11-19 21:30:00+00:00,191.67,194.2795,191.12,193.53,3141990.0
2025-11-19 21:35:00+00:00,193.5,193.72,192.36,192.71,1543035.0
2025-11-19 21:40:00+00:00,192.6304,194.79,192.6304,194.6912,2379735.0
2025-11-19 21:45:00+00:00,194.7,194.83,193.38,194.14,1333159.0
2025-11-19 21:50:00+00:00,194.0001,194.14,193.49,193.7522,683672.0
2025-11-19 21:55:00+00:00,193.8,195.0,193.73,194.7,1149507.0
2025-11-19 22:00:00+00:00,194.59,196.7498,193.82,196.7,2381742.0
2025-11-19 22:05:00+00:00,196.67,197.59,186.52,197.45,2197620.0
2025-11-19 22:10:00+00:00,197.48,198.6,197.4505,197.74,2331248.0
2025-11-19 22:15:00+00:00,197.73,198.1,195.68,196.03,1642479.0
2025-11-19 22:20:00+00:00,196.01,197.75,196.01,197.4075,1546590.0
2025-11-19 22:25:00+00:00,197.4257,197.4257,195.68,195.7799,872551.0
2025-11-19 22:30:00+00:00,195.78,197.15,195.6,196.23,956548.0
2025-11-19 22:35:00+00:00,196.3471,196.37,194.22,194.63,1072604.0
2025-11-19 22:40:00+00:00,194.64,194.74,193.42,193.5999,1248455.0
2025-11-19 22:45:00+00:00,193.59,194.2822,193.16,194.24,1022003.0
2025-11-19 22:50:00+00:00,194.24,195.34,194.0,194.51,861746.0
2025-11-19 22:55:00+00:00,194.5,194.91,194.25,194.3,454282.0
2025-11-19 23:00:00+00:00,194.4555,194.8,194.3002,194.62,309672.0
2025-11-19 23:05:00+00:00,194.65,196.01,194.61,195.94,716427.0
2025-11-19 23:10:00+00:00,195.8725,196.99,195.8,196.4,698556.0
2025-11-19 23:15:00+00:00,196.41,196.49,195.48,195.72,394561.0
2025-11-19 23:20:00+00:00,195.715,196.2,195.23,195.57,391045.0
2025-11-19 23:25:00+00:00,195.5903,195.88,195.45,195.48,202056.0
2025-11-19 23:30:00+00:00,195.5,196.18,195.481,196.02,285295.0
2025-11-19 23:35:00+00:00,196.03,196.36,196.0,196.25,261617.0
2025-11-19 23:40:00+00:00,196.21,196.25,195.83,196.2,187099.0
2025-11-19 23:45:00+00:00,196.21,196.3863,196.1806,196.27,154285.0
2025-11-19 23:50:00+00:00,196.23,196.29,196.02,196.25,132524.0
2025-11-19 23:55:00+00:00,196.26,196.5,196.15,196.2,180377.0
2025-11-20 00:00:00+00:00,196.16,196.25,195.81,195.8981,203001.0
2025-11-20 00:05:00+00:00,195.89,196.0917,195.69,195.69,144822.0
2025-11-20 00:10:00+00:00,195.69,195.95,195.69,195.95,126049.0
2025-11-20 00:15:00+00:00,195.95,196.09,195.88,196.0,182706.0
2025-11-20 00:20:00+00:00,196.02,196.15,195.9,196.06,138293.0
2025-11-20 00:25:00+00:00,196.0541,196.5,196.0,196.4,241116.0
2025-11-20 00:30:00+00:00,196.43,196.83,196.39,196.83,258298.0
2025-11-20 00:35:00+00:00,196.8399,196.85,196.65,196.745,189858.0
2025-11-20 00:40:00+00:00,196.71,197.0,196.51,196.51,192860.0
2025-11-20 00:45:00+00:00,196.55,196.55,196.0521,196.38,197198.0
2025-11-20 00:50:00+00:00,196.3993,196.3993,195.88,195.9209,207288.0
2025-11-20 00:55:00+00:00,195.94,196.0,195.8203,195.9997,280771.0
2025-11-20 09:00:00+00:00,196.06,198.0,196.06,196.73,161046.0
2025-11-20 09:05:00+00:00,196.72,196.92,196.5,196.68,141841.0
2025-11-20 09:10:00+00:00,196.64,196.86,196.26,196.8,139739.0
2025-11-20 09:15:00+00:00,196.82,197.11,196.73,196.85,87366.0
2025-11-20 09:20:00+00:00,196.91,196.99,196.79,196.95,75178.0
2025-11-20 09:25:00+00:00,196.95,197.09,196.89,196.92,65344.0
2025-11-20 09:30:00+00:00,196.92,197.2,196.65,197.0,116953.0
2025-11-20 09:35:00+00:00,197.0,197.15,196.7,196.79,128574.0
2025-11-20 09:40:00+00:00,196.93,196.93,196.5,196.52,69883.0
2025-11-20 09:45:00+00:00,196.53,196.54,195.7,196.02,217380.0
2025-11-20 09:50:00+00:00,196.0,196.5,195.84,196.26,100889.0
2025-11-20 09:55:00+00:00,196.33,196.34,195.8,195.93,83433.0
2025-11-20 10:00:00+00:00,195.95,196.0,195.68,195.73,84378.0
2025-11-20 10:05:00+00:00,195.76,195.76,194.5,194.77,261047.0
2025-11-20 10:10:00+00:00,194.81,195.29,194.81,194.97,136364.0
2025-11-20 10:15:00+00:00,195.04,195.31,194.98,195.3,96200.0
2025-11-20 10:20:00+00:00,195.3,195.7,195.26,195.48,108686.0
2025-11-20 10:25:00+00:00,195.47,195.7,195.4,195.63,39561.0
2025-11-20 10:30:00+00:00,195.64,195.95,195.5,195.61,101381.0
2025-11-20 10:35:00+00:00,195.64,195.7,195.54,195.59,45699.0
2025-11-20 10:40:00+00:00,195.59,195.73,195.21,195.7,95882.0
2025-11-20 10:45:00+00:00,195.74,196.03,195.62,195.98,133190.0
2025-11-20 10:50:00+00:00,195.98,196.0,195.6,195.81,59047.0
2025-11-20 10:55:00+00:00,195.8,196.3,195.72,196.0,98377.0
2025-11-20 11:00:00+00:00,196.02,196.2,195.64,195.7,61024.0
2025-11-20 11:05:00+00:00,195.62,195.71,195.45,195.68,48106.0
2025-11-20 11:10:00+00:00,195.76,195.95,195.68,195.76,29743.0
2025-11-20 11:15:00+00:00,195.78,195.78,195.31,195.38,37080.0
2025-11-20 11:20:00+00:00,195.4,195.4,195.1,195.16,83897.0
2025-11-20 11:25:00+00:00,195.22,195.22,194.83,195.16,89358.0
2025-11-20 11:30:00+00:00,195.11,195.61,195.1,195.61,68020.0
2025-11-20 11:35:00+00:00,195.61,195.86,195.5,195.86,55944.0
2025-11-20 11:40:00+00:00,195.8,196.1,195.7,195.99,82242.0
2025-11-20 11:45:00+00:00,195.99,196.1,195.52,195.53,38506.0
2025-11-20 11:50:00+00:00,195.57,195.67,195.31,195.49,59608.0
2025-11-20 11:55:00+00:00,195.45,195.86,195.37,195.73,65843.0
2025-11-20 12:00:00+00:00,195.76,196.0,195.36,195.64,284145.0
2025-11-20 12:05:00+00:00,195.62,195.85,195.5,195.54,125683.0
2025-11-20 12:10:00+00:00,195.55,195.59,195.13,195.25,100690.0
2025-11-20 12:15:00+00:00,195.26,195.6,195.21,195.5,104895.0
2025-11-20 12:20:00+00:00,195.5,195.78,195.4,195.46,98700.0
2025-11-20 12:25:00+00:00,195.42,195.6,195.36,195.52,62448.0
2025-11-20 12:30:00+00:00,195.5,195.73,195.49,195.59,68161.0
2025-11-20 12:35:00+00:00,195.64,195.87,195.38,195.87,83580.0
2025-11-20 12:40:00+00:00,195.87,195.93,195.38,195.48,130834.0
2025-11-20 12:45:00+00:00,195.5,195.93,195.45,195.54,128694.0
2025-11-20 12:50:00+00:00,195.59,195.74,195.51,195.65,56449.0
2025-11-20 12:55:00+00:00,195.64,195.92,195.57,195.91,85069.0
2025-11-20 13:00:00+00:00,195.93,198.49,194.6,195.6,2604381.0
2025-11-20 13:05:00+00:00,195.56,196.67,195.56,196.44,546835.0
2025-11-20 13:10:00+00:00,196.4,196.65,196.24,196.65,210780.0
2025-11-20 13:15:00+00:00,196.6275,196.65,196.0701,196.25,296716.0
2025-11-20 13:20:00+00:00,196.2506,196.38,195.55,195.9,346961.0
2025-11-20 13:25:00+00:00,195.92,196.1,195.64,196.06,226820.0
2025-11-20 13:30:00+00:00,196.0,197.1852,195.94,196.28,747181.0
2025-11-20 13:35:00+00:00,196.36,196.4,195.32,195.48,837544.0
2025-11-20 13:40:00+00:00,195.49,196.0,195.25,195.6102,643011.0
2025-11-20 13:45:00+00:00,195.62,196.16,195.5604,196.0297,229584.0
2025-11-20 13:50:00+00:00,196.0,196.3,195.9,196.09,259254.0
2025-11-20 13:55:00+00:00,196.06,196.1,195.61,196.01,286048.0
2025-11-20 14:00:00+00:00,196.01,196.7,195.92,196.3484,383082.0
2025-11-20 14:05:00+00:00,196.34,196.5,196.08,196.25,238862.0
2025-11-20 14:10:00+00:00,196.25,196.49,195.98,196.08,425083.0
2025-11-20 14:15:00+00:00,196.0508,196.27,196.0,196.14,205663.0
2025-11-20 14:20:00+00:00,196.13,196.18,195.5,195.585,489050.0
2025-11-20 14:25:00+00:00,195.61,196.55,195.55,196.0,614861.0
2025-11-20 14:30:00+00:00,195.95,196.0,192.29,192.8,20055217.0
2025-11-20 14:35:00+00:00,192.82,194.4,192.79,193.44,8485267.0
2025-11-20 14:40:00+00:00,193.46,194.6,192.98,194.22,6383744.0
2025-11-20 14:45:00+00:00,194.21,195.0,192.83,194.14,6923655.0
2025-11-20 14:50:00+00:00,194.15,195.83,194.055,195.65,6240653.0
2025-11-20 14:55:00+00:00,195.6636,195.95,194.79,195.29,4716349.0
2025-11-20 15:00:00+00:00,195.29,195.59,194.38,194.9859,4066983.0
2025-11-20 15:05:00+00:00,194.94,195.0651,193.55,193.98,4433163.0
2025-11-20 15:10:00+00:00,193.99,194.27,192.95,193.24,4580062.0
2025-11-20 15:15:00+00:00,193.24,194.0882,192.79,194.0882,4154834.0
2025-11-20 15:20:00+00:00,194.085,194.39,193.75,194.045,3059844.0
2025-11-20 15:25:00+00:00,194.03,194.19,193.4707,193.92,2830030.0
2025-11-20 15:30:00+00:00,193.92,194.24,193.73,194.0043,2407549.0
2025-11-20 15:35:00+00:00,194.0083,194.65,193.9,194.06,2824842.0
2025-11-20 15:40:00+00:00,194.0501,194.13,193.5,193.8094,2786911.0
2025-11-20 15:45:00+00:00,193.8395,193.96,193.14,193.27,2531675.0
2025-11-20 15:50:00+00:00,193.28,193.32,192.59,192.69,2965940.0
2025-11-20 15:55:00+00:00,192.6901,192.85,192.01,192.3572,4976757.0
2025-11-20 16:00:00+00:00,192.36,192.38,191.36,191.3945,4389582.0
2025-11-20 16:05:00+00:00,191.39,191.59,190.67,190.75,4253411.0
2025-11-20 16:10:00+00:00,190.73,190.84,189.75,189.83,5031026.0
2025-11-20 16:15:00+00:00,189.845,190.09,188.65,189.265998,5947043.0
2025-11-20 16:20:00+00:00,189.2,189.96,188.49,189.335,4207971.0
2025-11-20 16:25:00+00:00,189.32,190.38,189.11,189.75,4583402.0
2025-11-20 16:30:00+00:00,189.7301,189.9499,188.76,188.895,3438395.0
2025-11-20 16:35:00+00:00,188.9284,188.95,187.11,187.92,5698914.0
2025-11-20 16:40:00+00:00,187.9,187.94,186.66,187.1,5221429.0
2025-11-20 16:45:00+00:00,187.1,188.3395,186.41,187.75,4927657.0
2025-11-20 16:50:00+00:00,187.77,188.28,185.4,185.72,5910051.0
2025-11-20 16:55:00+00:00,185.74,186.105,184.41,185.2635,6589946.0
2025-11-20 17:00:00+00:00,185.24,186.842,184.83,186.117,4945694.0
2025-11-20 17:05:00+00:00,186.11,186.23,184.23,185.16,4617862.0
2025-11-20 17:10:00+00:00,185.1599,185.29,183.38,184.135,5302378.0
2025-11-20 17:15:00+00:00,184.12,184.35,182.95,183.6,4443842.0
2025-11-20 17:20:00+00:00,183.59,184.45,182.35,183.48,4979417.0
2025-11-20 17:25:00+00:00,183.43,184.1699,182.8152,183.6852,4349076.0
2025-11-20 17:30:00+00:00,183.6853,184.41,182.78,183.03,3708967.0
2025-11-20 17:35:00+00:00,183.05,183.6,181.72,183.5249,4456128.0
2025-11-20 17:40:00+00:00,183.52,183.81,182.61,183.01,2820844.0
2025-11-20 17:45:00+00:00,183.0,183.35,182.01,182.51,2993591.0
2025-11-20 17:50:00+00:00,182.53,183.77,182.44,183.0793,2810257.0
2025-11-20 17:55:00+00:00,183.03,184.16,183.0,183.7002,3116733.0
2025-11-20 18:00:00+00:00,183.71,184.63,183.284,184.455,3275518.0
2025-11-20 18:05:00+00:00,184.46,185.0694,184.13,184.77,3390275.0
2025-11-20 18:10:00+00:00,184.7701,185.89,184.42,185.7,3731142.0
2025-11-20 18:15:00+00:00,185.73,185.82,184.22,184.868,3438017.0
2025-11-20 18:20:00+00:00,184.84,185.08,184.16,184.33,2270975.0
2025-11-20 18:25:00+00:00,184.33,184.9,184.21,184.52,1874686.0
2025-11-20 18:30:00+00:00,184.5,184.87,183.51,184.11,2886485.0
2025-11-20 18:35:00+00:00,184.0801,184.18,182.99,183.115,2139091.0
2025-11-20 18:40:00+00:00,183.1,183.36,182.72,182.95,2185718.0
2025-11-20 18:45:00+00:00,182.945,183.1,182.51,182.7201,1904029.0
2025-11-20 18:50:00+00:00,182.735,182.76,181.82,181.92,2698210.0
2025-11-20 18:55:00+00:00,181.91,182.65,181.5,182.2,2941378.0
2025-11-20 19:00:00+00:00,182.18,182.5,181.34,181.51,2597638.0
2025-11-20 19:05:00+00:00,181.515,181.805,180.94,181.73,2992631.0
2025-11-20 19:10:00+00:00,181.73,182.33,181.32,181.73,2864638.0
2025-11-20 19:15:00+00:00,181.73,182.2501,181.4,181.809,2106445.0
2025-11-20 19:20:00+00:00,181.815,182.221,181.672,181.73,1868584.0
2025-11-20 19:25:00+00:00,181.7,183.4,181.66,182.72,2847538.0
2025-11-20 19:30:00+00:00,182.71,182.715,181.37,181.795,2630471.0
2025-11-20 19:35:00+00:00,181.8,182.35,181.57,181.87,2031544.0
2025-11-20 19:40:00+00:00,181.885,182.59,181.72,182.4799,2006551.0
2025-11-20 19:45:00+00:00,182.47,182.72,181.91,182.16,1596176.0
2025-11-20 19:50:00+00:00,182.2,183.1,182.12,182.87,2071034.0
2025-11-20 19:55:00+00:00,182.89,183.75,182.7,183.6104,2764373.0
2025-11-20 20:00:00+00:00,183.615,183.69,182.0591,182.2964,2694883.0
2025-11-20 20:05:00+00:00,182.3,183.0295,182.22,182.57,1982124.0
2025-11-20 20:10:00+00:00,182.57,182.62,182.01,182.51,1806446.0
2025-11-20 20:15:00+00:00,182.51,182.841,182.18,182.1835,1912382.0
2025-11-20 20:20:00+00:00,182.18,182.89,181.83,181.9,2268864.0
2025-11-20 20:25:00+00:00,181.914,182.46,181.69,182.38,2106562.0
2025-11-20 20:30:00+00:00,182.385,182.53,181.95,181.95,2047319.0
2025-11-20 20:35:00+00:00,181.935,182.1,180.65,181.01,3867880.0
2025-11-20 20:40:00+00:00,181.0,181.36,180.55,180.91,3519858.0
2025-11-20 20:45:00+00:00,180.905,181.05,179.85,179.881,5825579.0
2025-11-20 20:50:00+00:00,179.9,181.19,179.87,180.67,5044812.0
2025-11-20 20:55:00+00:00,180.66,182.99,180.43,180.91,7066885.0
2025-11-20 21:00:00+00:00,180.89,181.0,180.47,180.82,1034858.0
2025-11-20 21:05:00+00:00,180.8203,185.697,180.61,181.33,366504.0
2025-11-20 21:10:00+00:00,181.32,181.5,181.1,181.2,179663.0
2025-11-20 21:15:00+00:00,181.2,181.2,180.8,181.08,175741.0
2025-11-20 21:20:00+00:00,181.11,181.11,180.67,180.91,146403.0
2025-11-20 21:25:00+00:00,180.95,181.0,180.82,180.8801,107936.0
2025-11-20 21:30:00+00:00,180.8809,180.95,180.5801,180.59,94875.0
2025-11-20 21:35:00+00:00,180.57,180.64,179.5,179.5,466302.0
2025-11-20 21:40:00+00:00,179.55,179.89,179.21,179.21,291407.0
2025-11-20 21:45:00+00:00,179.21,179.85,179.17,179.8,224849.0
2025-11-20 21:50:00+00:00,179.83,180.18,179.8,180.0593,209423.0
2025-11-20 21:55:00+00:00,180.06,180.16,179.56,179.9157,122968.0
2025-11-20 22:00:00+00:00,179.87,180.09,179.81,179.9767,84101.0
2025-11-20 22:05:00+00:00,179.97,180.0999,179.71,179.72,106636.0
2025-11-20 22:10:00+00:00,179.72,179.73,179.01,179.02,228683.0
2025-11-20 22:15:00+00:00,179.0209,179.24,178.8,178.81,344596.0
2025-11-20 22:20:00+00:00,178.83,178.85,178.41,178.54,329983.0
2025-11-20 22:25:00+00:00,178.52,178.74,178.44,178.72,208260.0
2025-11-20 22:30:00+00:00,178.72,178.78,178.5,178.7011,194621.0
2025-11-20 22:35:00+00:00,178.7,179.14,178.7,178.9196,242779.0
2025-11-20 22:40:00+00:00,178.92,178.92,178.48,178.8262,163860.0
2025-11-20 22:45:00+00:00,178.8502,178.86,178.73,178.79,111671.0
2025-11-20 22:50:00+00:00,178.7895,178.87,178.57,178.6509,122663.0
2025-11-20 22:55:00+00:00,178.6501,179.0,178.6,178.9703,185634.0
2025-11-20 23:00:00+00:00,179.0,179.46,178.7555,179.1344,230346.0
2025-11-20 23:05:00+00:00,179.2137,179.2865,178.82,178.83,125156.0
2025-11-20 23:10:00+00:00,178.82,179.0868,178.63,179.0301,127566.0
2025-11-20 23:15:00+00:00,179.01,179.6828,178.92,179.6,112288.0
2025-11-20 23:20:00+00:00,179.65,179.82,179.54,179.78,151769.0
2025-11-20 23:25:00+00:00,179.78,180.2,179.55,180.2,152132.0
2025-11-20 23:30:00+00:00,180.17,180.8491,179.91,180.67,218468.0
2025-11-20 23:35:00+00:00,180.6602,180.7596,180.23,180.49,158645.0
2025-11-20 23:40:00+00:00,180.46,180.67,180.43,180.64,90564.0
2025-11-20 23:45:00+00:00,180.64,180.95,180.6,180.64,185072.0
2025-11-20 23:50:00+00:00,180.64,180.71,180.5425,180.67,89901.0
2025-11-20 23:55:00+00:00,180.7,180.94,180.6,180.64,78956.0
2025-11-21 00:00:00+00:00,180.6422,180.7469,180.15,180.21,112726.0
2025-11-21 00:05:00+00:00,180.24,180.79,180.2,180.78,89866.0
2025-11-21 00:10:00+00:00,180.78,180.8,180.64,180.67,95791.0
2025-11-21 00:15:00+00:00,180.7356,181.0,180.66,180.95,105423.0
2025-11-21 00:20:00+00:00,180.95,181.29,180.95,181.26,152225.0
2025-11-21 00:25:00+00:00,181.2587,181.3,181.1365,181.1365,80152.0
2025-11-21 00:30:00+00:00,181.12,181.25,181.04,181.15,72833.0
2025-11-21 00:35:00+00:00,181.1984,181.29,181.15,181.26,69718.0
2025-11-21 00:40:00+00:00,181.2699,181.28,181.09,181.21,64404.0
2025-11-21 00:45:00+00:00,181.21,181.21,180.8221,180.9,109321.0
2025-11-21 00:50:00+00:00,180.9,181.05,180.85,181.0,82229.0
2025-11-21 00:55:00+00:00,181.0,181.2697,181.0,181.1,123542.0
2025-11-21 09:00:00+00:00,181.02,181.9,180.18,180.64,129308.0
2025-11-21 09:05:00+00:00,180.64,180.95,180.6,180.73,64593.0
2025-11-21 09:10:00+00:00,180.7,180.79,180.28,180.29,120372.0
2025-11-21 09:15:00+00:00,180.29,180.35,179.5,179.69,103099.0
2025-11-21 09:20:00+00:00,179.6,179.69,179.25,179.25,71242.0
2025-11-21 09:25:00+00:00,179.21,179.21,178.45,178.93,147602.0
2025-11-21 09:30:00+00:00,178.92,179.06,178.63,178.85,80439.0
2025-11-21 09:35:00+00:00,178.86,178.86,177.5,177.63,226115.0
2025-11-21 09:40:00+00:00,177.63,177.66,176.61,176.87,299545.0
2025-11-21 09:45:00+00:00,176.87,177.3,176.65,177.07,244995.0
2025-11-21 09:50:00+00:00,177.08,177.11,176.0,176.55,208590.0
2025-11-21 09:55:00+00:00,176.55,176.61,175.81,176.02,183579.0
2025-11-21 10:00:00+00:00,175.99,176.02,174.69,174.69,403974.0
2025-11-21 10:05:00+00:00,174.7,175.6,174.43,175.47,366780.0
2025-11-21 10:10:00+00:00,175.47,176.19,175.39,175.97,183966.0
2025-11-21 10:15:00+00:00,175.97,176.04,175.3,175.82,132170.0
2025-11-21 10:20:00+00:00,175.82,175.98,175.57,175.64,127223.0
2025-11-21 10:25:00+00:00,175.73,175.76,175.35,175.35,127454.0
2025-11-21 10:30:00+00:00,175.38,177.14,175.34,176.96,228676.0
2025-11-21 10:35:00+00:00,176.93,177.53,176.9,177.45,145674.0
2025-11-21 10:40:00+00:00,177.48,177.71,176.72,176.82,134802.0
2025-11-21 10:45:00+00:00,176.81,177.59,176.81,177.5,86215.0
2025-11-21 10:50:00+00:00,177.47,177.86,177.41,177.5,110274.0
2025-11-21 10:55:00+00:00,177.5,177.85,177.37,177.6,99376.0
2025-11-21 11:00:00+00:00,177.62,178.0,177.28,177.37,106591.0
2025-11-21 11:05:00+00:00,177.39,178.25,177.18,178.1,125406.0
2025-11-21 11:10:00+00:00,178.14,178.68,178.07,178.55,126030.0
2025-11-21 11:15:00+00:00,178.64,178.77,178.07,178.15,116252.0
2025-11-21 11:20:00+00:00,178.15,178.54,177.9,178.19,76550.0
2025-11-21 11:25:00+00:00,178.17,178.29,177.4,177.44,97286.0
2025-11-21 11:30:00+00:00,177.44,177.51,177.02,177.02,128850.0
2025-11-21 11:35:00+00:00,177.09,177.5,177.09,177.3,59271.0
2025-11-21 11:40:00+00:00,177.31,177.5,177.07,177.5,62777.0
2025-11-21 11:45:00+00:00,177.48,177.49,176.91,176.92,58228.0
2025-11-21 11:50:00+00:00,176.93,177.12,176.88,177.12,75999.0
2025-11-21 11:55:00+00:00,177.11,177.47,176.94,177.45,73930.0
2025-11-21 12:00:00+00:00,177.47,177.89,177.09,177.43,243868.0
2025-11-21 12:05:00+00:00,177.49,177.63,177.09,177.25,149964.0
2025-11-21 12:10:00+00:00,177.22,177.4,176.64,177.31,213860.0
2025-11-21 12:15:00+00:00,177.25,177.5,176.92,177.1,71068.0
2025-11-21 12:20:00+00:00,177.17,177.17,176.1,176.25,153683.0
2025-11-21 12:25:00+00:00,176.24,176.59,176.22,176.3,89165.0
2025-11-21 12:30:00+00:00,176.35,178.44,176.35,178.25,402068.0
2025-11-21 12:35:00+00:00,178.24,179.48,178.02,179.13,248609.0
2025-11-21 12:40:00+00:00,179.11,179.32,178.52,179.3,199739.0
2025-11-21 12:45:00+00:00,179.32,180.29,179.17,180.24,346113.0
2025-11-21 12:50:00+00:00,180.24,180.99,179.76,180.99,317747.0
2025-11-21 12:55:00+00:00,180.96,180.96,180.04,180.27,217149.0
2025-11-21 13:00:00+00:00,177.33,181.9,174.48,179.9688,3684014.0
2025-11-21 13:05:00+00:00,179.93,180.5525,179.81,180.36,227340.0
2025-11-21 13:10:00+00:00,180.4,181.75,180.3259,181.67,461763.0
2025-11-21 13:15:00+00:00,181.67,182.23,181.52,182.07,610125.0
2025-11-21 13:20:00+00:00,182.05,182.7,181.86,181.95,593215.0
2025-11-21 13:25:00+00:00,181.98,182.1,181.26,181.49,450781.0
2025-11-21 13:30:00+00:00,181.5,182.1,181.45,181.93,227669.0
2025-11-21 13:35:00+00:00,181.9685,182.82,181.9305,182.25,367310.0
2025-11-21 13:40:00+00:00,182.2592,182.8,181.9,182.0707,326952.0
2025-11-21 13:45:00+00:00,182.07,182.55,181.78,181.91,296130.0
2025-11-21 13:50:00+00:00,181.9106,182.7,181.81,182.42,245335.0
2025-11-21 13:55:00+00:00,182.4,182.45,181.62,182.01,249509.0
2025-11-21 14:00:00+00:00,182.0,182.21,181.43,181.8,330011.0
2025-11-21 14:05:00+00:00,181.8587,182.57,181.52,182.3702,361326.0
2025-11-21 14:10:00+00:00,182.3708,182.39,181.96,182.06,211898.0
2025-11-21 14:15:00+00:00,182.04,182.1,181.3621,181.45,245454.0
2025-11-21 14:20:00+00:00,181.46,181.97,181.4,181.898,217280.0
2025-11-21 14:25:00+00:00,181.9,182.1,180.95,181.27,349110.0
2025-11-21 14:30:00+00:00,181.235,182.3,178.63,178.88,15352148.0
2025-11-21 14:35:00+00:00,178.8847,179.05,176.72,177.59,10149730.0
2025-11-21 14:40:00+00:00,177.595,179.69,177.54,178.3,7190567.0
2025-11-21 14:45:00+00:00,178.33,178.6,177.17,178.14,5085896.0
2025-11-21 14:50:00+00:00,178.1425,180.7,178.07,180.4436,5603725.0
2025-11-21 14:55:00+00:00,180.43,180.61,178.37,178.585,4211568.0
2025-11-21 15:00:00+00:00,178.65,179.3,177.59,178.62,4478054.0
2025-11-21 15:05:00+00:00,178.64,179.86,178.3,178.84,4140470.0
2025-11-21 15:10:00+00:00,178.85,178.85,177.28,177.73,4830894.0
2025-11-21 15:15:00+00:00,177.73,178.05,176.21,177.7289,5585893.0
2025-11-21 15:20:00+00:00,177.716,177.9,176.34,177.6,4698236.0
2025-11-21 15:25:00+00:00,177.63,178.29,175.48,175.79,6198826.0
2025-11-21 15:30:00+00:00,175.81,176.35,174.35,174.83,8254143.0
2025-11-21 15:35:00+00:00,174.8,175.15,172.93,173.2,11527555.0
2025-11-21 15:40:00+00:00,173.29,175.43,173.01,175.145,6378331.0
2025-11-21 15:45:00+00:00,175.16,175.91,174.5617,175.695,4907374.0
2025-11-21 15:50:00+00:00,175.665,175.79,174.03,174.9094,3940791.0
2025-11-21 15:55:00+00:00,174.89,175.48,174.46,175.26,4457652.0
2025-11-21 16:00:00+00:00,175.24,176.0399,174.9611,175.55,3669140.0
2025-11-21 16:05:00+00:00,175.54,176.78,174.66,176.68,3980737.0
2025-11-21 16:10:00+00:00,176.78,177.298,176.42,177.0313,4802894.0
2025-11-21 16:15:00+00:00,177.0529,177.5,176.08,176.3706,3398562.0
2025-11-21 16:20:00+00:00,176.385,178.43,176.205,178.2,4239884.0
2025-11-21 16:25:00+00:00,178.22,178.94,178.01,178.86,3770483.0
2025-11-21 16:30:00+00:00,178.8547,180.03,178.8,179.56,5520088.0
2025-11-21 16:35:00+00:00,179.57,180.32,179.53,179.78,4068519.0
2025-11-21 16:40:00+00:00,179.8,180.21,178.9,179.665,3232490.0
2025-11-21 16:45:00+00:00,179.66,180.4034,179.09,179.6,3224830.0
2025-11-21 16:50:00+00:00,179.595,180.29,179.18,179.94,2662860.0
2025-11-21 16:55:00+00:00,179.94,181.3,179.9399,181.12,4431124.0
2025-11-21 17:00:00+00:00,181.12,181.2,179.8245,180.87,3475177.0
2025-11-21 17:05:00+00:00,180.865,181.41,180.18,181.135,2668162.0
2025-11-21 17:10:00+00:00,181.135,181.1599,180.26,180.33,2725814.0
2025-11-21 17:15:00+00:00,180.3201,180.4483,179.705,179.99,3133293.0
2025-11-21 17:20:00+00:00,179.975,181.1265,179.87,180.97,2820191.0
2025-11-21 17:25:00+00:00,180.97,181.35,180.6,181.07,3402615.0
2025-11-21 17:30:00+00:00,181.08,181.7,180.92,181.48,2645046.0
2025-11-21 17:35:00+00:00,181.49,181.955,181.08,181.2704,2607754.0
2025-11-21 17:40:00+00:00,181.2901,181.44,180.83,181.43,1701571.0
2025-11-21 17:45:00+00:00,181.43,181.69,180.97,181.43,1807898.0
2025-11-21 17:50:00+00:00,181.42,181.43,180.84,181.256,1918927.0
2025-11-21 17:55:00+00:00,181.27,181.57,180.62,180.78,1688200.0
2025-11-21 18:00:00+00:00,180.76,180.91,179.54,179.58,2812408.0
2025-11-21 18:05:00+00:00,179.58,180.11,179.5,179.9,2150683.0
2025-11-21 18:10:00+00:00,179.91,179.91,179.07,179.115,2015315.0
2025-11-21 18:15:00+00:00,179.115,179.13,178.61,178.975,2502445.0
2025-11-21 18:20:00+00:00,178.955,179.675,178.85,179.0,1961442.0
2025-11-21 18:25:00+00:00,178.99,179.39,178.81,179.3499,1779520.0
2025-11-21 18:30:00+00:00,179.33,180.31,179.13,179.93,2248601.0
2025-11-21 18:35:00+00:00,179.94,180.43,179.83,180.4145,1451123.0
2025-11-21 18:40:00+00:00,180.4,180.7335,179.95,180.7335,1586221.0
2025-11-21 18:45:00+00:00,180.735,184.19,180.405,183.72,7806415.0
2025-11-21 18:50:00+00:00,183.71,184.29,182.3,182.495,5814005.0
2025-11-21 18:55:00+00:00,182.48,183.4,182.13,182.88,3565200.0
2025-11-21 19:00:00+00:00,182.89,184.05,182.82,183.85,3962711.0
2025-11-21 19:05:00+00:00,183.86,184.07,183.21,183.3399,2966114.0
2025-11-21 19:10:00+00:00,183.31,183.61,182.51,182.8799,3219107.0
2025-11-21 19:15:00+00:00,182.86,183.1,182.42,182.86,2115732.0
2025-11-21 19:20:00+00:00,182.84,183.91,182.67,183.8455,2957288.0
2025-11-21 19:25:00+00:00,183.845,184.56,183.73,184.19,3773083.0
2025-11-21 19:30:00+00:00,184.1935,184.455,182.7995,182.86,2967551.0
2025-11-21 19:35:00+00:00,182.87,183.275,182.71,182.94,2595128.0
2025-11-21 19:40:00+00:00,182.9493,183.26,182.23,182.38,3762249.0
2025-11-21 19:45:00+00:00,182.4,182.43,181.58,181.93,2710208.0
2025-11-21 19:50:00+00:00,181.93,182.05,180.73,181.1599,2831332.0
2025-11-21 19:55:00+00:00,181.14,181.44,180.7501,181.2,2114147.0
2025-11-21 20:00:00+00:00,181.19,181.54,180.99,181.13,1956143.0
2025-11-21 20:05:00+00:00,181.11,181.25,180.74,181.03,2460283.0
2025-11-21 20:10:00+00:00,181.03,181.69,180.86,181.47,2018317.0
2025-11-21 20:15:00+00:00,181.46,181.99,181.305,181.835,1961240.0
2025-11-21 20:20:00+00:00,181.84,181.91,180.96,181.115,2118163.0
2025-11-21 20:25:00+00:00,181.1,181.41,180.35,180.39,3148562.0
2025-11-21 20:30:00+00:00,180.38,180.47,179.81,180.32,3686161.0
2025-11-21 20:35:00+00:00,180.33,180.91,180.0,180.055,2673717.0
2025-11-21 20:40:00+00:00,180.06,180.1719,179.71,179.91,2750349.0
2025-11-21 20:45:00+00:00,179.92,180.34,179.835,179.99,3147926.0
2025-11-21 20:50:00+00:00,179.95,180.31,179.02,179.14,3945480.0
2025-11-21 20:55:00+00:00,179.14,179.26,178.06,178.94,7606248.0
2025-11-21 21:00:00+00:00,178.88,179.27,178.45,179.17,4353412.0
2025-11-21 21:05:00+00:00,179.18,179.2483,178.88,178.91,483717.0
2025-11-21 21:10:00+00:00,179.09,179.1,178.88,179.0,121980.0
2025-11-21 21:15:00+00:00,178.99,179.0,178.8901,178.9599,80150.0
2025-11-21 21:20:00+00:00,178.98,179.0,178.88,178.94,169427.0
2025-11-21 21:25:00+00:00,178.94,179.0,178.88,178.99,121700.0
2025-11-21 21:30:00+00:00,178.95,179.65,178.94,179.65,167708.0
2025-11-21 21:35:00+00:00,179.65,179.92,179.55,179.85,190833.0
2025-11-21 21:40:00+00:00,179.8503,180.1625,179.85,180.06,239557.0
2025-11-21 21:45:00+00:00,180.1,180.11,179.79,179.97,130409.0
2025-11-21 21:50:00+00:00,179.97,180.3552,179.96,180.19,155427.0
2025-11-21 21:55:00+00:00,180.24,180.32,180.04,180.15,112535.0
2025-11-21 22:00:00+00:00,180.15,180.15,180.0,180.0013,47968.0
2025-11-21 22:05:00+00:00,180.0,180.07,179.93,180.005,47564.0
2025-11-21 22:10:00+00:00,179.98,179.98,179.65,179.65,86412.0
2025-11-21 22:15:00+00:00,179.68,179.79,179.56,179.73,63629.0
2025-11-21 22:20:00+00:00,179.724,179.92,179.724,179.91,38624.0
2025-11-21 22:25:00+00:00,179.91,179.96,179.78,179.88,44418.0
2025-11-21 22:30:00+00:00,179.82,180.1,179.7801,180.1,42278.0
2025-11-21 22:35:00+00:00,180.081,180.1998,179.9502,179.9502,46020.0
2025-11-21 22:40:00+00:00,179.97,180.0689,179.9,179.92,25884.0
2025-11-21 22:45:00+00:00,179.95,179.95,179.78,179.9089,32361.0
2025-11-21 22:50:00+00:00,179.85,179.99,179.84,179.9,22157.0
2025-11-21 22:55:00+00:00,179.94,180.1,179.94,180.1,32945.0
2025-11-21 23:00:00+00:00,180.11,180.18,180.0,180.0,37515.0
2025-11-21 23:05:00+00:00,180.01,180.03,180.0,180.0,20171.0
2025-11-21 23:10:00+00:00,180.01,180.1,180.0099,180.07,19294.0
2025-11-21 23:15:00+00:00,180.0507,180.17,180.01,180.17,43992.0
2025-11-21 23:20:00+00:00,180.18,180.2398,180.13,180.2299,36442.0
2025-11-21 23:25:00+00:00,180.155,180.23,180.15,180.2,12245.0
2025-11-21 23:30:00+00:00,180.2001,180.23,180.15,180.22,17872.0
2025-11-21 23:35:00+00:00,180.23,180.34,180.2201,180.32,32574.0
2025-11-21 23:40:00+00:00,180.33,180.47,180.3201,180.47,40072.0
2025-11-21 23:45:00+00:00,180.48,180.49,180.36,180.3913,48428.0
2025-11-21 23:50:00+00:00,180.39,180.4,180.34,180.345,27975.0
2025-11-21 23:55:00+00:00,180.3001,180.33,180.22,180.22,28287.0
2025-11-22 00:00:00+00:00,180.26,180.26,180.16,180.21,41834.0
2025-11-22 00:05:00+00:00,180.2,180.2706,180.18,180.2,16785.0
2025-11-22 00:10:00+00:00,180.2,180.2,180.1,180.185,38967.0
2025-11-22 00:15:00+00:00,180.17,180.3,180.1,180.29,37030.0
2025-11-22 00:20:00+00:00,180.28,180.3827,180.15,180.15,28049.0
2025-11-22 00:25:00+00:00,180.22,180.3,180.17,180.25,19829.0
2025-11-22 00:30:00+00:00,180.29,180.35,180.25,180.32,21946.0
2025-11-22 00:35:00+00:00,180.33,180.35,180.3,180.34,31746.0
2025-11-22 00:40:00+00:00,180.34,180.34,180.0,180.1,75220.0
2025-11-22 00:45:00+00:00,180.09,180.22,180.09,180.13,22604.0
2025-11-22 00:50:00+00:00,180.16,180.16,180.0,180.02,67645.0
2025-11-22 00:55:00+00:00,180.0308,180.1,180.0,180.05,63419.0
2025-11-24 09:00:00+00:00,181.25,181.5,180.59,181.19,91978.0
2025-11-24 09:05:00+00:00,181.25,181.51,181.24,181.24,54677.0
2025-11-24 09:10:00+00:00,181.22,181.22,180.9,181.0,33578.0
2025-11-24 09:15:00+00:00,181.04,181.17,180.47,180.47,44283.0
2025-11-24 09:20:00+00:00,180.46,180.5,180.05,180.12,54511.0
2025-11-24 09:25:00+00:00,180.11,180.11,179.23,179.23,159294.0
2025-11-24 09:30:00+00:00,179.23,179.92,179.23,179.55,61458.0
2025-11-24 09:35:00+00:00,179.6,180.2,179.5,179.77,47475.0
2025-11-24 09:40:00+00:00,179.77,179.91,179.42,179.91,44439.0
2025-11-24 09:45:00+00:00,179.92,180.1,179.87,180.08,19212.0
2025-11-24 09:50:00+00:00,180.04,180.08,179.75,180.03,19513.0
2025-11-24 09:55:00+00:00,180.0,180.11,179.94,179.94,14490.0
2025-11-24 10:00:00+00:00,179.94,180.09,179.75,180.0,26540.0
2025-11-24 10:05:00+00:00,179.93,179.95,179.74,179.74,16106.0
2025-11-24 10:10:00+00:00,179.74,179.82,179.42,179.53,40096.0
2025-11-24 10:15:00+00:00,179.5,179.64,179.37,179.51,30200.0
2025-11-24 10:20:00+00:00,179.6,179.73,179.37,179.37,26797.0
2025-11-24 10:25:00+00:00,179.35,179.36,179.03,179.03,41902.0
2025-11-24 10:30:00+00:00,179.01,179.16,178.78,178.88,97908.0
2025-11-24 10:35:00+00:00,178.82,179.53,178.8,179.5,48439.0
2025-11-24 10:40:00+00:00,179.5,179.65,179.49,179.56,18470.0
2025-11-24 10:45:00+00:00,179.53,179.68,179.51,179.57,10485.0
2025-11-24 10:50:00+00:00,179.52,179.68,179.49,179.5,16583.0
2025-11-24 10:55:00+00:00,179.49,179.85,179.49,179.54,25026.0
2025-11-24 11:00:00+00:00,179.6,179.64,179.51,179.57,10931.0
2025-11-24 11:05:00+00:00,179.51,179.63,179.49,179.55,25941.0
2025-11-24 11:10:00+00:00,179.62,179.68,179.48,179.5,15500.0
2025-11-24 11:15:00+00:00,179.5,179.72,179.5,179.61,20273.0
2025-11-24 11:20:00+00:00,179.64,179.7,179.5,179.52,16875.0
2025-11-24 11:25:00+00:00,179.49,179.56,179.49,179.54,29560.0
2025-11-24 11:30:00+00:00,179.57,179.65,179.49,179.51,23940.0
2025-11-24 11:35:00+00:00,179.5,179.55,179.35,179.43,22892.0
2025-11-24 11:40:00+00:00,179.4,179.48,179.02,179.44,35160.0
2025-11-24 11:45:00+00:00,179.41,179.5,179.3,179.5,19967.0
2025-11-24 11:50:00+00:00,179.48,179.68,179.48,179.58,52795.0
2025-11-24 11:55:00+00:00,179.58,179.77,179.58,179.7,24493.0
2025-11-24 12:00:00+00:00,179.71,179.94,179.5,179.81,101628.0
2025-11-24 12:05:00+00:00,179.85,180.0,179.79,179.88,49327.0
2025-11-24 12:10:00+00:00,179.88,179.88,179.55,179.69,53279.0
2025-11-24 12:15:00+00:00,179.7,179.85,179.5,179.57,41499.0
2025-11-24 12:20:00+00:00,179.54,179.92,179.54,179.88,37534.0
2025-11-24 12:25:00+00:00,179.9,180.22,179.9,180.11,60522.0
2025-11-24 12:30:00+00:00,180.18,180.28,179.97,180.07,50987.0
2025-11-24 12:35:00+00:00,180.05,180.11,179.89,179.99,51331.0
2025-11-24 12:40:00+00:00,179.98,179.98,179.71,179.79,42130.0
2025-11-24 12:45:00+00:00,179.77,180.04,179.77,179.97,47461.0
2025-11-24 12:50:00+00:00,179.95,180.08,179.88,180.02,31506.0
2025-11-24 12:55:00+00:00,180.07,180.08,179.95,179.999,54560.0
2025-11-24 13:00:00+00:00,179.7,181.5,178.7903,179.89,1203411.0
2025-11-24 13:05:00+00:00,179.87,180.25,179.87,180.16,159595.0
2025-11-24 13:10:00+00:00,180.16,180.29,180.1,180.17,112199.0
2025-11-24 13:15:00+00:00,180.18,180.19,179.75,180.0,167352.0
2025-11-24 13:20:00+00:00,180.0,180.0,179.79,179.9267,88227.0
2025-11-24 13:25:00+00:00,179.92,180.08,179.92,180.01,107343.0
2025-11-24 13:30:00+00:00,180.01,180.16,179.71,179.71,158343.0
2025-11-24 13:35:00+00:00,179.74,180.0999,179.72,180.04,119701.0
2025-11-24 13:40:00+00:00,180.05,180.25,179.97,180.0306,100419.0
2025-11-24 13:45:00+00:00,180.03,180.14,178.88,179.96,137779.0
2025-11-24 13:50:00+00:00,179.96,180.01,179.77,179.8,89307.0
2025-11-24 13:55:00+00:00,179.8006,179.84,179.49,179.56,183719.0
2025-11-24 14:00:00+00:00,179.55,179.87,179.49,179.69,136444.0
2025-11-24 14:05:00+00:00,179.68,179.75,179.5,179.64,109927.0
2025-11-24 14:10:00+00:00,179.66,179.93,179.6409,179.8498,117613.0
2025-11-24 14:15:00+00:00,179.82,180.06,179.55,179.66,187534.0
2025-11-24 14:20:00+00:00,179.62,179.65,179.36,179.43,150298.0
2025-11-24 14:25:00+00:00,179.44,179.86,179.25,179.4,232241.0
2025-11-24 14:30:00+00:00,179.49,179.88,178.09,179.7551,7456162.0
2025-11-24 14:35:00+00:00,179.77,180.87,178.9,178.99,6400801.0
2025-11-24 14:40:00+00:00,179.0,179.5599,177.95,178.27,5958329.0
2025-11-24 14:45:00+00:00,178.26,178.7702,176.84,176.86,5053757.0
2025-11-24 14:50:00+00:00,176.87,178.4,176.48,177.68,5256091.0
2025-11-24 14:55:00+00:00,177.68,178.22,177.25,178.1075,3550629.0
2025-11-24 15:00:00+00:00,178.04,179.62,177.86,179.2822,4862354.0
2025-11-24 15:05:00+00:00,179.3,180.0,178.41,178.51,4237359.0
2025-11-24 15:10:00+00:00,178.51,178.83,177.64,178.49,3420808.0
2025-11-24 15:15:00+00:00,178.5,179.169,177.98,178.16,3082875.0
2025-11-24 15:20:00+00:00,178.2,178.84,178.0,178.19,2285933.0
2025-11-24 15:25:00+00:00,178.18,178.2993,177.7,178.0,2735215.0
2025-11-24 15:30:00+00:00,178.01,178.46,177.68,178.4139,2149044.0
2025-11-24 15:35:00+00:00,178.42,179.07,178.167,178.9241,2315089.0
2025-11-24 15:40:00+00:00,178.93,179.45,178.56,179.33,2513296.0
2025-11-24 15:45:00+00:00,179.34,179.65,178.77,178.92,2515453.0
2025-11-24 15:50:00+00:00,178.93,179.27,178.695,178.8282,2154014.0
2025-11-24 15:55:00+00:00,178.81,178.915,178.415,178.65,1852083.0
2025-11-24 16:00:00+00:00,178.66,179.425,178.605,179.335,2105016.0
2025-11-24 16:05:00+00:00,179.3389,180.47,179.24,180.45,3521064.0
2025-11-24 16:10:00+00:00,180.4597,181.55,180.229,181.487,4491953.0
2025-11-24 16:15:00+00:00,181.49,181.63,180.995,181.5,3169719.0
2025-11-24 16:20:00+00:00,181.4999,182.13,181.49,181.9699,3425783.0
2025-11-24 16:25:00+00:00,181.97,182.32,181.575,182.09,2900070.0
2025-11-24 16:30:00+00:00,182.06,182.2899,181.61,182.095,2517671.0
2025-11-24 16:35:00+00:00,182.09,182.13,181.66,181.895,1948016.0
2025-11-24 16:40:00+00:00,181.91,182.83,181.83,182.73,2610805.0
2025-11-24 16:45:00+00:00,182.73,183.13,182.57,182.63,2743120.0
2025-11-24 16:50:00+00:00,182.63,182.94,182.36,182.745,1943168.0
2025-11-24 16:55:00+00:00,182.75,182.755,182.0601,182.15,1628313.0
2025-11-24 17:00:00+00:00,182.17,182.42,181.99,182.38,1770719.0
2025-11-24 17:05:00+00:00,182.38,182.45,182.075,182.13,1478979.0
2025-11-24 17:10:00+00:00,182.12,182.42,181.98,182.1761,1447237.0
2025-11-24 17:15:00+00:00,182.17,182.5,181.98,182.225,1857596.0
2025-11-24 17:20:00+00:00,182.1928,182.4799,182.05,182.435,1289037.0
2025-11-24 17:25:00+00:00,182.4359,182.74,182.31,182.47,1591525.0
2025-11-24 17:30:00+00:00,182.465,182.67,182.45,182.51,1168890.0
2025-11-24 17:35:00+00:00,182.5101,183.17,182.43,183.13,2048080.0
2025-11-24 17:40:00+00:00,183.13,183.37,182.96,183.095,2259801.0
2025-11-24 17:45:00+00:00,183.1,183.33,182.81,183.015,1329289.0
2025-11-24 17:50:00+00:00,183.02,183.13,182.82,182.845,1136660.0
2025-11-24 17:55:00+00:00,182.85,182.86,182.39,182.465,1334050.0
2025-11-24 18:00:00+00:00,182.46,182.85,182.46,182.78,990445.0
2025-11-24 18:05:00+00:00,182.7882,182.8265,182.39,182.67,1404725.0
2025-11-24 18:10:00+00:00,182.67,182.77,182.52,182.6701,878023.0
2025-11-24 18:15:00+00:00,182.67,182.7434,182.14,182.475,1216183.0
2025-11-24 18:20:00+00:00,182.48,182.68,182.3,182.39,1039617.0
2025-11-24 18:25:00+00:00,182.3918,182.405,181.835,182.1,1578920.0
2025-11-24 18:30:00+00:00,182.095,182.47,181.875,182.19,1433769.0
2025-11-24 18:35:00+00:00,182.155,182.18,181.66,181.92,1384275.0
2025-11-24 18:40:00+00:00,181.92,182.005,181.395,181.64,1588157.0
2025-11-24 18:45:00+00:00,181.62,181.87,181.28,181.81,1501778.0
2025-11-24 18:50:00+00:00,181.81,182.15,181.775,182.135,1415588.0
2025-11-24 18:55:00+00:00,182.135,182.31,181.93,182.1099,1402511.0
2025-11-24 19:00:00+00:00,182.08,182.54,182.0,182.4399,1711939.0
2025-11-24 19:05:00+00:00,182.43,182.56,182.25,182.2882,1246647.0
2025-11-24 19:10:00+00:00,182.285,182.31,182.07,182.1107,1044636.0
2025-11-24 19:15:00+00:00,182.115,182.305,182.0,182.193,1414920.0
2025-11-24 19:20:00+00:00,182.195,182.24,182.015,182.1526,845514.0
2025-11-24 19:25:00+00:00,182.1539,182.18,181.77,181.87,1222382.0
2025-11-24 19:30:00+00:00,181.8762,181.94,181.43,181.56,1444032.0
2025-11-24 19:35:00+00:00,181.565,181.8499,181.249,181.735,1740015.0
2025-11-24 19:40:00+00:00,181.73,181.74,181.41,181.54,1142513.0
2025-11-24 19:45:00+00:00,181.53,181.56,181.24,181.355,1135529.0
2025-11-24 19:50:00+00:00,181.3699,181.5059,181.084,181.2782,1344840.0
2025-11-24 19:55:00+00:00,181.285,181.73,181.275,181.53,1560279.0
2025-11-24 20:00:00+00:00,181.54,182.12,181.5283,182.06,1663707.0
2025-11-24 20:05:00+00:00,182.07,182.12,181.84,181.965,1361828.0
2025-11-24 20:10:00+00:00,181.955,182.16,181.83,181.99,1811406.0
2025-11-24 20:15:00+00:00,181.995,182.48,181.92,182.18,1772346.0
2025-11-24 20:20:00+00:00,182.185,182.185,181.71,181.725,1627176.0
2025-11-24 20:25:00+00:00,181.72,181.7597,181.57,181.67,1268412.0
2025-11-24 20:30:00+00:00,181.66,181.675,181.22,181.25,1837572.0
2025-11-24 20:35:00+00:00,181.255,181.71,181.21,181.495,1681097.0
2025-11-24 20:40:00+00:00,181.49,181.565,181.275,181.445,1672389.0
2025-11-24 20:45:00+00:00,181.44,181.53,181.29,181.44,1755170.0
2025-11-24 20:50:00+00:00,181.43,182.8399,181.24,182.79,4552262.0
2025-11-24 20:55:00+00:00,182.79,183.5,182.08,182.55,11289390.0
2025-11-24 21:00:00+00:00,182.56,183.06,182.37,183.0,6262293.0
2025-11-24 21:05:00+00:00,182.99,183.0989,182.55,182.75,1349681.0
2025-11-24 21:10:00+00:00,182.7,182.81,182.6,182.6,584195.0
2025-11-24 21:15:00+00:00,182.61,182.7,182.55,182.59,14195945.0
2025-11-24 21:20:00+00:00,182.56,182.66,182.4,182.4386,96327.0
2025-11-24 21:25:00+00:00,182.5188,182.55,182.2921,182.37,84258.0
2025-11-24 21:30:00+00:00,182.38,182.5,182.32,182.341,42876.0
2025-11-24 21:35:00+00:00,182.39,182.4,182.05,182.09,79353.0
2025-11-24 21:40:00+00:00,182.08,182.1,181.99,182.0325,85878.0
2025-11-24 21:45:00+00:00,182.01,182.05,181.88,181.96,105128.0
2025-11-24 21:50:00+00:00,181.98,182.05,181.95,182.02,29030.0
2025-11-24 21:55:00+00:00,182.03,182.05,181.9,181.9,62306.0
2025-11-24 22:00:00+00:00,181.91,181.92,181.69,181.69,119405.0
2025-11-24 22:05:00+00:00,181.7,181.8,181.65,181.75,98031.0
2025-11-24 22:10:00+00:00,181.7787,181.93,181.74,181.904,61353.0
2025-11-24 22:15:00+00:00,181.9,182.345,181.9,182.18,114740.0
2025-11-24 22:20:00+00:00,182.2,182.35,182.01,182.25,32055.0
2025-11-24 22:25:00+00:00,182.1707,182.2496,181.83,181.92,45132.0
2025-11-24 22:30:00+00:00,181.9,182.12,181.88,182.01,69796.0
2025-11-24 22:35:00+00:00,181.97,182.15,181.93,182.15,434403.0
2025-11-24 22:40:00+00:00,182.15,182.3,181.95,181.98,85592.0
2025-11-24 22:45:00+00:00,182.0,182.09,180.5,180.82,244403.0
2025-11-24 22:50:00+00:00,180.82,181.29,180.01,180.1,289840.0
2025-11-24 22:55:00+00:00,180.1,180.14,178.75,179.57,618417.0
2025-11-24 23:00:00+00:00,179.61,180.1,179.11,179.11,189862.0
2025-11-24 23:05:00+00:00,179.271,179.271,177.83,177.93,599729.0
2025-11-24 23:10:00+00:00,177.9,178.94,177.71,178.72,498582.0
2025-11-24 23:15:00+00:00,178.745,178.99,178.2,178.79,209163.0
2025-11-24 23:20:00+00:00,178.7913,178.96,178.5,178.5,211420.0
2025-11-24 23:25:00+00:00,178.58,178.85,178.5,178.839,143319.0
2025-11-24 23:30:00+00:00,178.8293,179.2,178.8,179.059,271362.0
2025-11-24 23:35:00+00:00,179.0,179.13,178.761,178.8,131832.0
2025-11-24 23:40:00+00:00,178.81,179.19,178.8075,179.19,113523.0
2025-11-24 23:45:00+00:00,179.18,179.69,179.16,179.68,179144.0
2025-11-24 23:50:00+00:00,179.68,180.2,179.6201,180.07,221856.0
2025-11-24 23:55:00+00:00,180.06,180.1293,179.7044,179.8544,173139.0
2025-11-25 00:00:00+00:00,179.78,179.85,179.2654,179.28,111642.0
2025-11-25 00:05:00+00:00,179.28,179.44,179.2,179.26,89193.0
2025-11-25 00:10:00+00:00,179.265,179.3,179.06,179.18,92606.0
2025-11-25 00:15:00+00:00,179.18,179.28,179.15,179.25,53490.0
2025-11-25 00:20:00+00:00,179.2,179.36,179.12,179.23,78660.0
2025-11-25 00:25:00+00:00,179.2554,179.3,179.2,179.25,70537.0
2025-11-25 00:30:00+00:00,179.25,179.55,179.25,179.5001,72737.0
2025-11-25 00:35:00+00:00,179.54,179.7,179.44,179.6225,68058.0
2025-11-25 00:40:00+00:00,179.6004,179.62,179.27,179.4566,65506.0
2025-11-25 00:45:00+00:00,179.45,179.75,179.45,179.6213,99261.0
2025-11-25 00:50:00+00:00,179.58,179.79,179.53,179.7299,94154.0
2025-11-25 00:55:00+00:00,179.73,179.84,179.62,179.81,122266.0
2025-11-25 09:00:00+00:00,178.5,178.95,178.0,178.31,148390.0
2025-11-25 09:05:00+00:00,178.26,178.4,177.42,177.64,138021.0
2025-11-25 09:10:00+00:00,177.66,177.66,176.93,177.38,141636.0
2025-11-25 09:15:00+00:00,177.4,177.6,177.0,177.18,72962.0
2025-11-25 09:20:00+00:00,177.16,177.18,176.6,176.67,128943.0
2025-11-25 09:25:00+00:00,176.66,176.66,176.05,176.2,188596.0
2025-11-25 09:30:00+00:00,176.2,176.28,175.72,175.85,223834.0
2025-11-25 09:35:00+00:00,175.83,176.02,175.79,175.97,116154.0
2025-11-25 09:40:00+00:00,175.98,176.56,175.93,176.2,149669.0
2025-11-25 09:45:00+00:00,176.24,176.57,176.1,176.52,68414.0
2025-11-25 09:50:00+00:00,176.56,176.89,176.56,176.75,62305.0
2025-11-25 09:55:00+00:00,176.71,176.71,176.3,176.7,70112.0
2025-11-25 10:00:00+00:00,176.7,176.84,176.4,176.49,65241.0
2025-11-25 10:05:00+00:00,176.45,176.71,176.1,176.3,104067.0
2025-11-25 10:10:00+00:00,176.26,176.69,176.15,176.23,96505.0
2025-11-25 10:15:00+00:00,176.28,176.38,175.88,176.04,80469.0
2025-11-25 10:20:00+00:00,176.02,176.33,175.92,176.02,86171.0
2025-11-25 10:25:00+00:00,176.07,176.07,175.73,175.97,93542.0
2025-11-25 10:30:00+00:00,176.0,176.0,175.52,175.82,81544.0
2025-11-25 10:35:00+00:00,175.82,175.82,175.42,175.52,101803.0
2025-11-25 10:40:00+00:00,175.52,175.65,175.14,175.21,123099.0
2025-11-25 10:45:00+00:00,175.23,175.39,174.44,174.61,277361.0
2025-11-25 10:50:00+00:00,174.625,175.15,174.16,175.15,231351.0
2025-11-25 10:55:00+00:00,175.12,175.26,174.8,175.17,131856.0
2025-11-25 11:00:00+00:00,175.24,175.68,175.2,175.68,112613.0
2025-11-25 11:05:00+00:00,175.68,176.09,175.5,176.09,92643.0
2025-11-25 11:10:00+00:00,176.07,176.26,175.75,176.23,88436.0
2025-11-25 11:15:00+00:00,176.27,176.28,175.62,175.75,76739.0
2025-11-25 11:20:00+00:00,175.77,176.23,175.73,176.23,45708.0
2025-11-25 11:25:00+00:00,176.2,176.2,175.62,175.74,58228.0
2025-11-25 11:30:00+00:00,175.74,175.74,175.16,175.16,90997.0
2025-11-25 11:35:00+00:00,175.17,175.31,174.43,174.81,256671.0
2025-11-25 11:40:00+00:00,174.81,174.87,174.53,174.76,108856.0
2025-11-25 11:45:00+00:00,174.8,175.14,174.75,175.05,95893.0
2025-11-25 11:50:00+00:00,175.11,175.45,174.97,175.42,85529.0
2025-11-25 11:55:00+00:00,175.4,175.48,175.23,175.47,59888.0
2025-11-25 12:00:00+00:00,175.5,176.34,175.3,176.27,323625.0
2025-11-25 12:05:00+00:00,176.27,176.75,176.26,176.75,215860.0
2025-11-25 12:10:00+00:00,176.77,176.819,176.37,176.48,196845.0
2025-11-25 12:15:00+00:00,176.46,176.77,176.18,176.18,148207.0
2025-11-25 12:20:00+00:00,176.2,176.42,176.13,176.2,130357.0
2025-11-25 12:25:00+00:00,176.2,176.27,176.0,176.14,181358.0
2025-11-25 12:30:00+00:00,176.12,176.15,175.83,175.84,154030.0
2025-11-25 12:35:00+00:00,175.84,176.05,175.79,175.9,103623.0
2025-11-25 12:40:00+00:00,175.891,176.52,175.61,176.1,259727.0
2025-11-25 12:45:00+00:00,176.01,176.06,175.22,175.22,237839.0
2025-11-25 12:50:00+00:00,175.21,175.5,175.2,175.42,159103.0
2025-11-25 12:55:00+00:00,175.43,175.73,175.3,175.45,141458.0
2025-11-25 13:00:00+00:00,175.3,179.1,174.25,175.32,3182330.0
2025-11-25 13:05:00+00:00,175.33,175.5,174.99,175.01,623316.0
2025-11-25 13:10:00+00:00,175.015,175.3,174.46,174.52,643388.0
2025-11-25 13:15:00+00:00,174.57,175.0,174.5,174.95,420918.0
2025-11-25 13:20:00+00:00,174.95,175.26,174.72,174.76,374792.0
2025-11-25 13:25:00+00:00,174.73,175.1,174.56,174.99,366362.0
2025-11-25 13:30:00+00:00,174.99,175.11,174.56,174.65,356948.0
2025-11-25 13:35:00+00:00,174.66,174.75,174.18,174.18,614072.0
2025-11-25 13:40:00+00:00,174.21,174.21,173.75,173.9799,886895.0
2025-11-25 13:45:00+00:00,173.96,174.01,173.78,173.8,413727.0
2025-11-25 13:50:00+00:00,173.77,174.3106,173.67,174.2675,444937.0
2025-11-25 13:55:00+00:00,174.26,174.31,173.86,173.9998,306714.0
2025-11-25 14:00:00+00:00,174.0,174.48,174.0,174.19,306629.0
2025-11-25 14:05:00+00:00,174.18,174.64,174.14,174.64,385638.0
2025-11-25 14:10:00+00:00,174.63,174.95,174.5,174.7,346319.0
2025-11-25 14:15:00+00:00,174.69,174.88,174.65,174.8398,244278.0
2025-11-25 14:20:00+00:00,174.8256,174.88,174.41,174.75,307786.0
2025-11-25 14:25:00+00:00,174.77,175.18,174.49,174.96,577936.0
2025-11-25 14:30:00+00:00,174.91,175.0,172.9,173.99,15192154.0
2025-11-25 14:35:00+00:00,173.97,174.0,172.71,172.74,9489268.0
2025-11-25 14:40:00+00:00,172.72,172.8,171.39,171.655,9989206.0
2025-11-25 14:45:00+00:00,171.65,171.71,170.51,170.675,10224786.0
2025-11-25 14:50:00+00:00,170.675,172.53,170.4,172.4801,8947360.0
2025-11-25 14:55:00+00:00,172.49,173.0999,171.94,172.32,5808441.0
2025-11-25 15:00:00+00:00,172.33,172.3999,169.65,169.8996,11962569.0
2025-11-25 15:05:00+00:00,169.8999,171.25,169.55,171.06,6004466.0
2025-11-25 15:10:00+00:00,171.06,171.34,170.2701,170.7891,4901464.0
2025-11-25 15:15:00+00:00,170.79,171.31,170.48,171.28,4266606.0
2025-11-25 15:20:00+00:00,171.28,171.61,170.12,170.215,5029957.0
2025-11-25 15:25:00+00:00,170.21,171.09,169.95,171.075,4546917.0
2025-11-25 15:30:00+00:00,171.07,171.97,171.0282,171.71,4602147.0
2025-11-25 15:35:00+00:00,171.715,172.0,171.19,171.86,4220879.0
2025-11-25 15:40:00+00:00,171.86,172.42,171.645,172.415,4336540.0
2025-11-25 15:45:00+00:00,172.43,173.01,172.23,172.535,5273206.0
2025-11-25 15:50:00+00:00,172.52,172.77,171.85,172.645,3681577.0
2025-11-25 15:55:00+00:00,172.645,173.08,172.245104,172.5699,3466707.0
2025-11-25 16:00:00+00:00,172.56,172.56,171.95,172.5,3096329.0
2025-11-25 16:05:00+00:00,172.52,172.68,172.0,172.3,2721753.0
2025-11-25 16:10:00+00:00,172.3,172.995,172.3,172.58,2886031.0
2025-11-25 16:15:00+00:00,172.5751,173.38,172.42,173.291,3228551.0
2025-11-25 16:20:00+00:00,173.295,174.53,173.27,173.93,4911555.0
2025-11-25 16:25:00+00:00,173.915,174.88,173.9,174.7238,3997641.0
2025-11-25 16:30:00+00:00,174.72,175.08,174.61,175.042,4030611.0
2025-11-25 16:35:00+00:00,175.0518,175.15,174.26,174.75,3187863.0
2025-11-25 16:40:00+00:00,174.78,175.29,174.7221,175.055,2722309.0
2025-11-25 16:45:00+00:00,175.0565,175.09,174.1301,174.2399,2808407.0
2025-11-25 16:50:00+00:00,174.235,175.09,174.235,174.9192,2477843.0
2025-11-25 16:55:00+00:00,174.92,175.22,174.665,174.71,2182738.0
2025-11-25 17:00:00+00:00,174.7,175.02,174.49,174.94,2196836.0
2025-11-25 17:05:00+00:00,174.935,175.0,174.64,174.73,1454919.0
2025-11-25 17:10:00+00:00,174.74,175.09,174.575,174.6399,1914839.0
2025-11-25 17:15:00+00:00,174.64,174.99,174.38,174.96,1831357.0
2025-11-25 17:20:00+00:00,174.97,175.99,174.97,175.905,3297291.0
2025-11-25 17:25:00+00:00,175.905,175.95,175.49,175.535,2149623.0
2025-11-25 17:30:00+00:00,175.53,176.145,175.495,176.1059,2367349.0
2025-11-25 17:35:00+00:00,176.11,176.48,176.05,176.06,2541986.0
2025-11-25 17:40:00+00:00,176.07,176.265,175.93,176.04,1779840.0
2025-11-25 17:45:00+00:00,176.032,176.23,175.835,176.1647,1573221.0
2025-11-25 17:50:00+00:00,176.17,176.18,175.64,175.725,1592423.0
2025-11-25 17:55:00+00:00,175.73,175.9548,175.07,175.23,2089460.0
2025-11-25 18:00:00+00:00,175.23,175.78,175.2,175.67,1861319.0
2025-11-25 18:05:00+00:00,175.675,176.01,175.61,176.0,1934101.0
2025-11-25 18:10:00+00:00,175.9999,176.1199,175.82,175.875,1726983.0
2025-11-25 18:15:00+00:00,175.863251,175.98,175.7,175.955,1300462.0
2025-11-25 18:20:00+00:00,175.94,176.2,175.735,176.085,1641753.0
2025-11-25 18:25:00+00:00,176.08,176.232,175.96,176.205,1109582.0
2025-11-25 18:30:00+00:00,176.205,176.43,176.205,176.2704,1819532.0
2025-11-25 18:35:00+00:00,176.27,176.3,175.87,176.11,2259954.0
2025-11-25 18:40:00+00:00,176.105,176.405,176.0,176.365,1261962.0
2025-11-25 18:45:00+00:00,176.365,176.84,176.3601,176.595,2204558.0
2025-11-25 18:50:00+00:00,176.59,176.8,176.55,176.605,1304256.0
2025-11-25 18:55:00+00:00,176.6,176.6,176.02,176.05,1785227.0
2025-11-25 19:00:00+00:00,176.05,176.2799,175.59,175.71,2126560.0
2025-11-25 19:05:00+00:00,175.71,175.8275,175.35,175.405,1829321.0
2025-11-25 19:10:00+00:00,175.3999,175.58,175.03,175.085,1980584.0
2025-11-25 19:15:00+00:00,175.085,175.16,174.355,174.5047,2750328.0
2025-11-25 19:20:00+00:00,174.5085,174.87,174.34,174.81,2217826.0
2025-11-25 19:25:00+00:00,174.815,175.02,174.7,174.775,1654562.0
2025-11-25 19:30:00+00:00,174.78,174.87,174.26,174.35,2165151.0
2025-11-25 19:35:00+00:00,174.34,174.4299,173.91,173.945,2685112.0
2025-11-25 19:40:00+00:00,173.95,174.3,173.62,174.29,2715045.0
2025-11-25 19:45:00+00:00,174.28,174.415,174.07,174.1633,1903437.0
2025-11-25 19:50:00+00:00,174.1698,174.58,174.16,174.555,2171340.0
2025-11-25 19:55:00+00:00,174.555,175.18,174.51,175.1741,2042225.0
2025-11-25 20:00:00+00:00,175.18,176.26,175.17,176.19,3820836.0
2025-11-25 20:05:00+00:00,176.185,176.695,176.03,176.565,2831508.0
2025-11-25 20:10:00+00:00,176.565,176.6499,176.16,176.165,2417806.0
2025-11-25 20:15:00+00:00,176.16,176.36,175.985,176.315,2209007.0
2025-11-25 20:20:00+00:00,176.311,176.6683,176.29,176.5,2458403.0
2025-11-25 20:25:00+00:00,176.5082,176.97,176.36,176.8417,2717910.0
2025-11-25 20:30:00+00:00,176.845,177.31,176.71,177.275,3029898.0
2025-11-25 20:35:00+00:00,177.2755,177.53,177.07,177.32,3102089.0
2025-11-25 20:40:00+00:00,177.33,177.61,176.81,177.335,3273848.0
2025-11-25 20:45:00+00:00,177.34,177.65,177.2,177.6036,4174665.0
2025-11-25 20:50:00+00:00,177.61,178.16,177.51,177.86,4409801.0
2025-11-25 20:55:00+00:00,177.85,177.995,177.7501,177.79,4970204.0
2025-11-25 21:00:00+00:00,177.8,177.88,177.27,177.37,2641028.0
2025-11-25 21:05:00+00:00,177.36,177.82,177.26,177.26,3281736.0
2025-11-25 21:10:00+00:00,177.27,177.3,176.84,176.84,172036.0
2025-11-25 21:15:00+00:00,176.85,177.1599,176.85,177.09,141351.0
2025-11-25 21:20:00+00:00,177.0997,177.1,176.82,176.86,107187.0
2025-11-25 21:25:00+00:00,176.87,176.9497,176.75,176.7501,98567.0
2025-11-25 21:30:00+00:00,176.72,176.8599,176.57,176.7352,99754.0
2025-11-25 21:35:00+00:00,176.78,176.78,176.2967,176.5445,110040.0
2025-11-25 21:40:00+00:00,176.56,176.6,176.38,176.4008,99151.0
2025-11-25 21:45:00+00:00,176.42,176.7,176.3933,176.61,62576.0
2025-11-25 21:50:00+00:00,176.64,176.75,176.51,176.7,58426.0
2025-11-25 21:55:00+00:00,176.7075,177.82,176.69,176.75,72867.0
2025-11-25 22:00:00+00:00,176.73,176.83,176.69,176.75,1028547.0
2025-11-25 22:05:00+00:00,176.73,176.73,176.59,176.59,51506.0
2025-11-25 22:10:00+00:00,176.55,176.89,176.5,176.89,70304.0
2025-11-25 22:15:00+00:00,176.89,177.09,176.7,177.0503,87104.0
2025-11-25 22:20:00+00:00,177.0506,177.15,177.0,177.15,65987.0
2025-11-25 22:25:00+00:00,177.07,177.7,177.07,177.49,174875.0
2025-11-25 22:30:00+00:00,177.5204,177.6,177.3,177.4727,87081.0
2025-11-25 22:35:00+00:00,177.47,177.66,177.41,177.5201,67743.0
2025-11-25 22:40:00+00:00,177.5373,177.56,177.2614,177.2614,46017.0
2025-11-25 22:45:00+00:00,177.2809,177.42,177.1905,177.24,42609.0
2025-11-25 22:50:00+00:00,177.2224,177.36,177.18,177.3,43726.0
2025-11-25 22:55:00+00:00,177.284,177.305,177.24,177.3,33865.0
2025-11-25 23:00:00+00:00,177.31,177.32,177.1,177.21,54182.0
2025-11-25 23:05:00+00:00,177.21,177.37,177.1921,177.1921,37988.0
2025-11-25 23:10:00+00:00,177.19,177.19,177.13,177.156,27453.0
2025-11-25 23:15:00+00:00,177.13,177.1599,176.8294,176.83,56369.0
2025-11-25 23:20:00+00:00,176.85,176.95,176.82,176.94,35542.0
2025-11-25 23:25:00+00:00,176.94,176.99,176.89,176.94,44144.0
2025-11-25 23:30:00+00:00,176.92,176.94,176.84,176.84,19208.0
2025-11-25 23:35:00+00:00,176.84,176.8699,176.68,176.8,42808.0
2025-11-25 23:40:00+00:00,176.84,176.9,176.75,176.9,36049.0
2025-11-25 23:45:00+00:00,176.8802,177.009,176.85,176.86,36893.0
2025-11-25 23:50:00+00:00,176.86,176.8799,176.67,176.7954,37906.0
2025-11-25 23:55:00+00:00,176.771,176.91,176.75,176.9,35243.0
2025-11-26 00:00:00+00:00,176.91,176.94,176.82,176.82,34596.0
2025-11-26 00:05:00+00:00,176.82,176.84,176.714,176.81,35686.0
2025-11-26 00:10:00+00:00,176.83,176.9,176.8,176.84,58050.0
2025-11-26 00:15:00+00:00,176.82,176.9,176.82,176.8554,23123.0
2025-11-26 00:20:00+00:00,176.8665,176.94,176.85,176.94,30209.0
2025-11-26 00:25:00+00:00,176.95,176.98,176.8575,176.91,35981.0
2025-11-26 00:30:00+00:00,176.91,177.0,176.905,176.9999,38067.0
2025-11-26 00:35:00+00:00,177.0,177.0,176.88,176.92,32861.0
2025-11-26 00:40:00+00:00,176.93,176.99,176.904,176.9601,30342.0
2025-11-26 00:45:00+00:00,176.95,176.97,176.91,176.92,26605.0
2025-11-26 00:50:00+00:00,176.95,177.05,176.92,176.99,82553.0
2025-11-26 00:55:00+00:00,177.0,177.03,176.84,176.89,81122.0
2025-11-26 09:00:00+00:00,177.0,177.3,176.5,176.62,88675.0
2025-11-26 09:05:00+00:00,176.69,176.92,176.62,176.64,47885.0
2025-11-26 09:10:00+00:00,176.68,176.81,176.52,176.53,26777.0
2025-11-26 09:15:00+00:00,176.5,176.5,176.2,176.2,43449.0
2025-11-26 09:20:00+00:00,176.17,176.19,175.0,175.23,143882.0
2025-11-26 09:25:00+00:00,175.19,175.64,174.51,174.8,118896.0
2025-11-26 09:30:00+00:00,174.86,175.29,174.86,175.15,51160.0
2025-11-26 09:35:00+00:00,175.17,175.66,175.15,175.6,41376.0
2025-11-26 09:40:00+00:00,175.59,175.6,175.38,175.38,32467.0
2025-11-26 09:45:00+00:00,175.38,175.55,175.23,175.29,37242.0
2025-11-26 09:50:00+00:00,175.34,175.5,175.26,175.4,21507.0
2025-11-26 09:55:00+00:00,175.44,175.5,175.4,175.4,25475.0
2025-11-26 10:00:00+00:00,175.4,175.55,175.35,175.55,24656.0
2025-11-26 10:05:00+00:00,175.55,175.8,175.55,175.64,45598.0
2025-11-26 10:10:00+00:00,175.64,175.65,175.45,175.54,27878.0
2025-11-26 10:15:00+00:00,175.54,175.69,175.45,175.69,39798.0
2025-11-26 10:20:00+00:00,175.68,175.75,175.63,175.69,35745.0
2025-11-26 10:25:00+00:00,175.75,175.85,175.64,175.64,31940.0
2025-11-26 10:30:00+00:00,175.63,175.68,175.5,175.68,32099.0
2025-11-26 10:35:00+00:00,175.67,176.15,175.5,176.15,66952.0
2025-11-26 10:40:00+00:00,176.18,176.6,176.18,176.55,49309.0
2025-11-26 10:45:00+00:00,176.55,176.99,176.33,176.96,58652.0
2025-11-26 10:50:00+00:00,176.95,177.13,176.93,177.09,31524.0
2025-11-26 10:55:00+00:00,177.01,177.1,176.92,176.98,27581.0
2025-11-26 11:00:00+00:00,176.9,176.94,176.7,176.83,35159.0
2025-11-26 11:05:00+00:00,176.86,177.0,176.65,176.78,43648.0
2025-11-26 11:10:00+00:00,176.8,176.81,176.64,176.66,29480.0
2025-11-26 11:15:00+00:00,176.69,176.8,176.51,176.75,16664.0
2025-11-26 11:20:00+00:00,176.7,177.1,176.65,177.09,40552.0
2025-11-26 11:25:00+00:00,177.11,177.41,176.93,176.94,37793.0
2025-11-26 11:30:00+00:00,176.99,177.14,176.75,176.87,29962.0
2025-11-26 11:35:00+00:00,176.8,176.98,176.72,176.9,17035.0
2025-11-26 11:40:00+00:00,176.9,177.07,176.87,177.07,23645.0
2025-11-26 11:45:00+00:00,177.07,177.21,176.84,176.95,36437.0
2025-11-26 11:50:00+00:00,176.99,176.99,176.69,176.71,18624.0
2025-11-26 11:55:00+00:00,176.7,176.89,176.7,176.85,27257.0
2025-11-26 12:00:00+00:00,176.89,176.95,175.89,176.12,219289.0
2025-11-26 12:05:00+00:00,176.15,176.45,176.0,176.07,65898.0
2025-11-26 12:10:00+00:00,176.05,176.22,175.8,175.84,89859.0
2025-11-26 12:15:00+00:00,175.84,176.0,175.45,175.91,130292.0
2025-11-26 12:20:00+00:00,175.95,176.38,175.95,176.2,74193.0
2025-11-26 12:25:00+00:00,176.249,176.55,176.15,176.51,51257.0
2025-11-26 12:30:00+00:00,176.5,176.5,176.2,176.2,36063.0
2025-11-26 12:35:00+00:00,176.2,176.82,176.17,176.81,68616.0
2025-11-26 12:40:00+00:00,176.85,177.15,176.74,176.87,81367.0
2025-11-26 12:45:00+00:00,176.91,177.26,176.91,177.16,80866.0
2025-11-26 12:50:00+00:00,177.19,177.3,177.0,177.18,66478.0
2025-11-26 12:55:00+00:00,177.2,177.25,177.04,177.06,53836.0
2025-11-26 13:00:00+00:00,176.76,178.5,174.5297,177.33,2061987.0
2025-11-26 13:05:00+00:00,177.28,177.94,177.28,177.78,253934.0
2025-11-26 13:10:00+00:00,177.78,178.23,177.75,178.12,261626.0
2025-11-26 13:15:00+00:00,178.13,178.5492,178.1,178.5287,251685.0
2025-11-26 13:20:00+00:00,178.53,178.69,178.2853,178.47,210078.0
2025-11-26 13:25:00+00:00,178.48,178.62,178.07,178.17,259250.0
2025-11-26 13:30:00+00:00,178.17,178.6933,178.11,178.55,246031.0
2025-11-26 13:35:00+00:00,178.58,179.157,178.5707,179.03,397575.0
2025-11-26 13:40:00+00:00,179.03,179.88,178.93,179.88,529021.0
2025-11-26 13:45:00+00:00,179.89,181.18,179.88,181.18,1065456.0
2025-11-26 13:50:00+00:00,181.1605,181.59,180.98,181.22,727183.0
2025-11-26 13:55:00+00:00,181.2297,181.75,181.15,181.4,532476.0
2025-11-26 14:00:00+00:00,181.39,181.4,180.81,180.9102,458951.0
2025-11-26 14:05:00+00:00,180.92,181.14,180.69,180.98,417726.0
2025-11-26 14:10:00+00:00,180.98,181.35,180.89,181.1,396724.0
2025-11-26 14:15:00+00:00,181.11,181.15,180.81,180.9686,258443.0
2025-11-26 14:20:00+00:00,180.94,181.3,180.9,181.19,301329.0
2025-11-26 14:25:00+00:00,181.19,181.88,180.77,181.75,565917.0
2025-11-26 14:30:00+00:00,181.63,182.91,180.91,182.09,10972004.0
2025-11-26 14:35:00+00:00,182.0895,182.72,181.12,181.45,5958608.0
2025-11-26 14:40:00+00:00,181.455,181.62,180.52,181.39,4523723.0
2025-11-26 14:45:00+00:00,181.38,181.95,180.19,180.7901,4094628.0
2025-11-26 14:50:00+00:00,180.795,180.92,179.93,179.955,3515161.0
2025-11-26 14:55:00+00:00,179.97,179.98,178.41,178.73,4676225.0
2025-11-26 15:00:00+00:00,178.7,179.665,178.24,179.4617,4364156.0
2025-11-26 15:05:00+00:00,179.4699,180.38,179.065,180.0,3459189.0
2025-11-26 15:10:00+00:00,180.014,180.35,179.5,179.56,3010248.0
2025-11-26 15:15:00+00:00,179.5645,179.7418,179.11,179.69,2830502.0
2025-11-26 15:20:00+00:00,179.7,179.77,179.13,179.24,2258246.0
2025-11-26 15:25:00+00:00,179.25,180.17,179.16,179.585,2263050.0
2025-11-26 15:30:00+00:00,179.585,180.51,179.585,180.34,2044286.0
2025-11-26 15:35:00+00:00,180.34,180.49,179.98,180.4101,1797107.0
2025-11-26 15:40:00+00:00,180.42,180.64,179.94,180.32,2239482.0
2025-11-26 15:45:00+00:00,180.31,180.335,179.736,180.19,1975967.0
2025-11-26 15:50:00+00:00,180.1841,180.45,179.99,180.36,1370331.0
2025-11-26 15:55:00+00:00,180.36,180.76,180.06,180.6601,1884395.0
2025-11-26 16:00:00+00:00,180.665,180.88,180.43,180.865,2068579.0
2025-11-26 16:05:00+00:00,180.865,181.02,180.65,180.7244,1734175.0
2025-11-26 16:10:00+00:00,180.725,180.79,179.97,180.0582,1910031.0
2025-11-26 16:15:00+00:00,180.06,180.426,180.0101,180.345,1508165.0
2025-11-26 16:20:00+00:00,180.3517,180.8799,180.35,180.8358,1426710.0
2025-11-26 16:25:00+00:00,180.84,181.11,180.68,180.91,1766363.0
2025-11-26 16:30:00+00:00,180.92,181.35,180.79,181.23,1600996.0
2025-11-26 16:35:00+00:00,181.23,181.57,181.23,181.465,1759681.0
2025-11-26 16:40:00+00:00,181.465,181.73,181.32,181.44,1708191.0
2025-11-26 16:45:00+00:00,181.45,181.5199,181.03,181.115,1538440.0
2025-11-26 16:50:00+00:00,181.12,181.38,180.92,181.0899,1597709.0
2025-11-26 16:55:00+00:00,181.09,181.29,180.74,180.8688,1340750.0
2025-11-26 17:00:00+00:00,180.87,180.97,180.35,180.45,1645557.0
2025-11-26 17:05:00+00:00,180.46,180.67,180.125,180.265,1843073.0
2025-11-26 17:10:00+00:00,180.27,180.55,180.24,180.42,1537171.0
2025-11-26 17:15:00+00:00,180.42,180.73,180.2301,180.445,1228160.0
2025-11-26 17:20:00+00:00,180.435,180.89,180.41,180.76,1239399.0
2025-11-26 17:25:00+00:00,180.75,180.9199,180.6301,180.78,1081939.0
2025-11-26 17:30:00+00:00,180.7803,180.95,180.61,180.92,1242736.0
2025-11-26 17:35:00+00:00,180.93,181.06,180.88,181.03,1399435.0
2025-11-26 17:40:00+00:00,181.03,181.455,181.025,181.3701,1642025.0
2025-11-26 17:45:00+00:00,181.36,181.5,181.07,181.0899,1371375.0
2025-11-26 17:50:00+00:00,181.08,181.2862,181.0001,181.105,953271.0
2025-11-26 17:55:00+00:00,181.105,181.29,180.92,181.01,1152936.0
2025-11-26 18:00:00+00:00,181.01,181.23,180.975,181.01,907595.0
2025-11-26 18:05:00+00:00,181.0299,181.16,180.39,180.775,1494355.0
2025-11-26 18:10:00+00:00,180.78,181.05,180.72,180.82,1285244.0
2025-11-26 18:15:00+00:00,180.82,180.8899,180.54,180.64,1110134.0
2025-11-26 18:20:00+00:00,180.645,180.89,180.45,180.61,1235804.0
2025-11-26 18:25:00+00:00,180.61,180.96,180.55,180.81,1051103.0
2025-11-26 18:30:00+00:00,180.81,180.845,180.13,180.13,1343217.0
2025-11-26 18:35:00+00:00,180.13,180.49,180.11,180.37,1122558.0
2025-11-26 18:40:00+00:00,180.39,180.39,179.7937,179.8558,2180104.0
2025-11-26 18:45:00+00:00,179.86,180.34,179.85,180.33,1301979.0
2025-11-26 18:50:00+00:00,180.312,180.501,180.227,180.3083,1032905.0
2025-11-26 18:55:00+00:00,180.2802,180.52,180.09,180.4701,1054885.0
2025-11-26 19:00:00+00:00,180.4803,180.78,180.31,180.315,1297367.0
2025-11-26 19:05:00+00:00,180.31,180.43,180.165,180.2045,933982.0
2025-11-26 19:10:00+00:00,180.205,180.49,180.01,180.41,1162618.0
2025-11-26 19:15:00+00:00,180.41,180.52,180.33,180.45,735759.0
2025-11-26 19:20:00+00:00,180.44,180.54,180.29,180.46,838422.0
2025-11-26 19:25:00+00:00,180.4541,180.65,180.42,180.55,688686.0
2025-11-26 19:30:00+00:00,180.55,180.76,180.3089,180.3089,2720502.0
2025-11-26 19:35:00+00:00,180.3,180.33,180.0,180.23,1196764.0
2025-11-26 19:40:00+00:00,180.226,181.0,180.13,180.34,993446.0
2025-11-26 19:45:00+00:00,180.335,180.49,180.03,180.035,908748.0
2025-11-26 19:50:00+00:00,180.03,180.21,179.93,180.055,1238439.0
2025-11-26 19:55:00+00:00,180.05,180.2498,179.95,180.2255,931662.0
2025-11-26 20:00:00+00:00,180.23,180.46,180.14,180.4201,1068847.0
2025-11-26 20:05:00+00:00,180.415,180.4299,180.11,180.385,1057500.0
2025-11-26 20:10:00+00:00,180.39,180.68,180.3724,180.645,1577953.0
2025-11-26 20:15:00+00:00,180.635,180.6853,180.42,180.46,1327093.0
2025-11-26 20:20:00+00:00,180.45,180.66,180.35,180.4901,1590351.0
2025-11-26 20:25:00+00:00,180.4955,180.67,180.41,180.51,1187815.0
2025-11-26 20:30:00+00:00,180.505,180.75,180.44,180.68,1374088.0
2025-11-26 20:35:00+00:00,180.685,180.685,180.2801,180.39,1179509.0
2025-11-26 20:40:00+00:00,180.39,180.415,180.125,180.225,1269055.0
2025-11-26 20:45:00+00:00,180.23,180.48,180.15,180.205,1600733.0
2025-11-26 20:50:00+00:00,180.2,180.6,179.875,180.24,3255796.0
2025-11-26 20:55:00+00:00,180.25,180.47,180.05,180.175,4221179.0
2025-11-26 21:00:00+00:00,180.14,180.3471,179.81,179.9509,761892.0
2025-11-26 21:05:00+00:00,179.9799,180.26,179.95,180.05,110426.0
2025-11-26 21:10:00+00:00,180.09,180.26,180.0,180.0,619603.0
2025-11-26 21:15:00+00:00,180.04,180.08,179.83,179.8473,97510.0
2025-11-26 21:20:00+00:00,179.845,180.0,179.8,179.8909,63475.0
2025-11-26 21:25:00+00:00,179.92,179.97,179.74,179.7403,47027.0
2025-11-26 21:30:00+00:00,179.75,179.8,179.68,179.72,56403.0
2025-11-26 21:35:00+00:00,179.72,179.8,179.7,179.7998,35640.0
2025-11-26 21:40:00+00:00,179.76,179.7984,179.62,179.6675,409251.0
2025-11-26 21:45:00+00:00,179.6801,179.6801,179.6,179.6215,42604.0
2025-11-26 21:50:00+00:00,179.62,179.81,179.62,179.8,38044.0
2025-11-26 21:55:00+00:00,179.7601,179.8007,179.69,179.7,25167.0
2025-11-26 22:00:00+00:00,179.7519,179.76,179.695,179.75,27727.0
2025-11-26 22:05:00+00:00,179.77,179.78,179.61,179.75,29337.0
2025-11-26 22:10:00+00:00,179.7596,179.76,179.6,179.63,45873.0
2025-11-26 22:15:00+00:00,179.63,179.69,179.51,179.61,38917.0
2025-11-26 22:20:00+00:00,179.5875,179.62,179.56,179.6,30197.0
2025-11-26 22:25:00+00:00,179.62,179.65,179.5299,179.53,25828.0
2025-11-26 22:30:00+00:00,179.55,179.7,179.5,179.555,35600.0
2025-11-26 22:35:00+00:00,179.5727,179.64,179.55,179.6099,26848.0
2025-11-26 22:40:00+00:00,179.6,179.65,179.59,179.62,14203.0
2025-11-26 22:45:00+00:00,179.62,179.76,179.6192,179.72,28431.0
2025-11-26 22:50:00+00:00,179.75,179.75,179.6399,179.7238,20975.0
2025-11-26 22:55:00+00:00,179.75,179.8644,179.745,179.835,30192.0
2025-11-26 23:00:00+00:00,179.85,179.9,179.8,179.8,36745.0
2025-11-26 23:05:00+00:00,179.8004,179.84,179.7,179.8,19175.0
2025-11-26 23:10:00+00:00,179.8,179.85,179.7775,179.78,26936.0
2025-11-26 23:15:00+00:00,179.7933,179.85,179.75,179.85,26943.0
2025-11-26 23:20:00+00:00,179.8019,179.95,179.8,179.95,31125.0
2025-11-26 23:25:00+00:00,179.95,179.98,179.81,179.81,33024.0
2025-11-26 23:30:00+00:00,179.8889,179.94,179.8305,179.8305,13502.0
2025-11-26 23:35:00+00:00,179.84,179.9,179.84,179.87,17333.0
2025-11-26 23:40:00+00:00,179.87,179.87,179.73,179.77,56961.0
2025-11-26 23:45:00+00:00,179.7695,179.87,179.76,179.81,13469.0
2025-11-26 23:50:00+00:00,179.81,179.81,179.74,179.78,20362.0
2025-11-26 23:55:00+00:00,179.75,179.78,179.65,179.707,26230.0
2025-11-27 00:00:00+00:00,179.65,179.72,179.6,179.68,28878.0
2025-11-27 00:05:00+00:00,179.65,179.67,179.6,179.62,21974.0
2025-11-27 00:10:00+00:00,179.63,179.69,179.61,179.69,23941.0
2025-11-27 00:15:00+00:00,179.69,179.69,179.64,179.66,19539.0
2025-11-27 00:20:00+00:00,179.66,179.68,179.51,179.51,48570.0
2025-11-27 00:25:00+00:00,179.511,179.5473,179.5,179.52,29740.0
2025-11-27 00:30:00+00:00,179.51,179.6,179.51,179.6,18109.0
2025-11-27 00:35:00+00:00,179.58,179.59,179.51,179.5695,17295.0
2025-11-27 00:40:00+00:00,179.55,179.58,179.47,179.5099,51495.0
2025-11-27 00:45:00+00:00,179.51,179.57,179.5,179.53,36181.0
2025-11-27 00:50:00+00:00,179.5113,179.52,179.45,179.4701,48317.0
2025-11-27 00:55:00+00:00,179.46,179.53,179.37,179.5,79584.0
2025-11-28 09:00:00+00:00,180.8,180.8,180.06,180.17,70791.0
2025-11-28 09:05:00+00:00,180.22,180.45,180.22,180.36,12120.0
2025-11-28 09:10:00+00:00,180.36,180.36,180.02,180.07,26814.0
2025-11-28 09:15:00+00:00,180.1,180.16,180.07,180.08,9745.0
2025-11-28 09:20:00+00:00,180.11,180.12,179.8,179.9,40584.0
2025-11-28 09:25:00+00:00,179.85,180.02,179.85,180.02,12969.0
2025-11-28 09:30:00+00:00,180.04,180.06,179.96,179.97,14356.0
2025-11-28 09:35:00+00:00,179.95,180.09,179.8,180.06,34555.0
2025-11-28 09:40:00+00:00,180.05,180.2,180.05,180.1,11927.0
2025-11-28 09:45:00+00:00,180.11,180.15,180.07,180.14,6370.0
2025-11-28 09:50:00+00:00,180.13,180.16,180.08,180.14,10878.0
2025-11-28 09:55:00+00:00,180.14,180.25,180.14,180.25,17524.0
2025-11-28 10:00:00+00:00,180.25,180.29,180.17,180.23,6843.0
2025-11-28 10:05:00+00:00,180.25,180.32,180.22,180.32,8256.0
2025-11-28 10:10:00+00:00,180.32,180.49,180.31,180.48,13930.0
2025-11-28 10:15:00+00:00,180.48,180.5,180.4,180.4,10344.0
2025-11-28 10:20:00+00:00,180.4,180.48,180.37,180.47,8658.0
2025-11-28 10:25:00+00:00,180.42,180.44,180.4,180.42,7152.0
2025-11-28 10:30:00+00:00,180.41,180.42,180.34,180.42,3733.0
2025-11-28 10:35:00+00:00,180.4,180.41,180.33,180.37,5697.0
2025-11-28 10:40:00+00:00,180.37,180.47,180.35,180.47,8755.0
2025-11-28 10:45:00+00:00,180.5,180.5,180.43,180.44,2293.0
2025-11-28 10:50:00+00:00,180.4,180.5,180.4,180.5,6137.0
2025-11-28 10:55:00+00:00,180.55,180.67,180.54,180.66,12949.0
2025-11-28 11:00:00+00:00,180.65,180.76,180.65,180.72,11868.0
2025-11-28 11:05:00+00:00,180.7,180.7,180.61,180.66,5553.0
2025-11-28 11:10:00+00:00,180.66,180.7,180.6,180.63,6086.0
2025-11-28 11:15:00+00:00,180.67,180.72,180.67,180.71,3932.0
2025-11-28 11:20:00+00:00,180.7,180.7,180.47,180.48,7921.0
2025-11-28 11:25:00+00:00,180.49,180.49,180.35,180.35,8937.0
2025-11-28 11:30:00+00:00,180.35,180.53,180.35,180.5,9235.0
2025-11-28 11:35:00+00:00,180.53,180.62,180.53,180.58,7338.0
2025-11-28 11:40:00+00:00,180.57,180.58,180.51,180.52,7706.0
2025-11-28 11:45:00+00:00,180.51,180.51,180.47,180.47,3149.0
2025-11-28 11:50:00+00:00,180.46,180.6,180.46,180.52,15582.0
2025-11-28 11:55:00+00:00,180.51,180.65,180.51,180.64,21029.0
2025-11-28 12:00:00+00:00,180.63,180.95,180.58,180.95,59131.0
2025-11-28 12:05:00+00:00,180.93,180.97,180.86,180.93,26066.0
2025-11-28 12:10:00+00:00,180.93,180.94,180.839,180.89,25484.0
2025-11-28 12:15:00+00:00,180.9,180.99,180.89,180.99,28251.0
2025-11-28 12:20:00+00:00,180.98,180.98,180.91,180.91,14296.0
2025-11-28 12:25:00+00:00,180.92,181.0,180.92,181.0,26258.0
2025-11-28 12:30:00+00:00,180.99,180.99,180.82,180.85,17999.0
2025-11-28 12:35:00+00:00,180.85,180.95,180.82,180.87,12159.0
2025-11-28 12:40:00+00:00,180.87,180.91,180.79,180.82,12701.0
2025-11-28 12:45:00+00:00,180.83,180.91,180.81,180.85,14180.0
2025-11-28 12:50:00+00:00,180.84,180.9,180.81,180.81,7113.0
2025-11-28 12:55:00+00:00,180.791,180.92,180.791,180.91,12089.0
2025-11-28 13:00:00+00:00,180.93,181.0,179.8,180.61,724532.0
2025-11-28 13:05:00+00:00,180.62,180.78,180.6,180.72,45600.0
2025-11-28 13:10:00+00:00,180.73,180.7575,180.6,180.6067,35313.0
2025-11-28 13:15:00+00:00,180.63,180.65,180.5,180.5,65345.0
2025-11-28 13:20:00+00:00,180.46,180.6,180.44,180.56,51017.0
2025-11-28 13:25:00+00:00,180.53,180.65,180.5,180.63,66815.0
2025-11-28 13:30:00+00:00,180.6,180.64,180.25,180.25,135676.0
2025-11-28 13:35:00+00:00,180.25,180.32,179.9,180.05,202641.0
2025-11-28 13:40:00+00:00,180.0426,180.25,180.04,180.21,86228.0
2025-11-28 13:45:00+00:00,180.2,180.21,179.9411,179.95,63042.0
2025-11-28 13:50:00+00:00,179.94,179.99,179.76,179.78,115384.0
2025-11-28 13:55:00+00:00,179.78,179.95,179.64,179.9396,123770.0
2025-11-28 14:00:00+00:00,179.9,180.0,179.9,179.9794,111275.0
2025-11-28 14:05:00+00:00,179.98,179.99,179.87,179.9,82846.0
2025-11-28 14:10:00+00:00,179.9,179.9,179.48,179.52,175583.0
2025-11-28 14:15:00+00:00,179.52,179.6525,179.47,179.6,108587.0
2025-11-28 14:20:00+00:00,179.57,179.7,179.3,179.39,146044.0
2025-11-28 14:25:00+00:00,179.44,180.0,178.88,179.0,317280.0
2025-11-28 14:30:00+00:00,179.01,179.29,178.31,179.24,5634835.0
2025-11-28 14:35:00+00:00,179.25,179.27,177.77,177.8392,4282942.0
2025-11-28 14:40:00+00:00,177.83,178.36,176.97,177.945,4342625.0
2025-11-28 14:45:00+00:00,177.92,178.8625,177.82,178.67,3333602.0
2025-11-28 14:50:00+00:00,178.6678,178.69,177.885,178.11,2864713.0
2025-11-28 14:55:00+00:00,178.1,178.5689,177.88,177.985,2516319.0
2025-11-28 15:00:00+00:00,177.99,178.25,177.88,177.9282,2013081.0
2025-11-28 15:05:00+00:00,177.925,178.0,177.56,177.77,2441586.0
2025-11-28 15:10:00+00:00,177.754,178.16,177.47,178.09,2741076.0
2025-11-28 15:15:00+00:00,178.0992,178.21,177.82,177.86,1855354.0
2025-11-28 15:20:00+00:00,177.87,177.92,177.28,177.305,2956960.0
2025-11-28 15:25:00+00:00,177.305,177.47,176.97,177.29,2941300.0
2025-11-28 15:30:00+00:00,177.24,177.73,176.93,177.68,2793206.0
2025-11-28 15:35:00+00:00,177.69,177.87,177.2,177.3816,2631328.0
2025-11-28 15:40:00+00:00,177.38,177.7,177.3144,177.4977,1763616.0
2025-11-28 15:45:00+00:00,177.495,178.05,177.45,177.995,2201833.0
2025-11-28 15:50:00+00:00,177.9953,178.08,177.89,177.95,2213309.0
2025-11-28 15:55:00+00:00,177.9411,178.0299,177.64,177.97,1919060.0
2025-11-28 16:00:00+00:00,177.975,178.01,177.75,177.8359,1379729.0
2025-11-28 16:05:00+00:00,177.8394,178.01,177.6494,177.955,1513225.0
2025-11-28 16:10:00+00:00,177.95,177.96,177.445,177.5518,1943822.0
2025-11-28 16:15:00+00:00,177.55,177.73,177.51,177.535,1294665.0
2025-11-28 16:20:00+00:00,177.54,177.54,177.09,177.1601,2159532.0
2025-11-28 16:25:00+00:00,177.1699,177.21,176.75,177.0814,5543514.0
2025-11-28 16:30:00+00:00,177.085,177.15,176.8,176.9285,1818803.0
2025-11-28 16:35:00+00:00,176.93,177.26,176.91,177.025,2735075.0
2025-11-28 16:40:00+00:00,177.025,177.07,176.5314,176.985,2268986.0
2025-11-28 16:45:00+00:00,176.985,177.19,176.9412,177.065,1451362.0
2025-11-28 16:50:00+00:00,177.06,177.21,176.96,177.12,1316300.0
2025-11-28 16:55:00+00:00,177.1185,177.18,176.88,176.95,1427702.0
2025-11-28 17:00:00+00:00,176.94,177.03,176.682,176.92,1547108.0
2025-11-28 17:05:00+00:00,176.93,177.28,176.8702,177.195,1856286.0
2025-11-28 17:10:00+00:00,177.1915,177.31,177.0,177.07,1553529.0
2025-11-28 17:15:00+00:00,177.065,177.21,176.87,177.0683,1425690.0
2025-11-28 17:20:00+00:00,177.0659,177.3,177.01,177.23,1190586.0
2025-11-28 17:25:00+00:00,177.235,177.34,177.1175,177.1342,1253532.0
2025-11-28 17:30:00+00:00,177.1335,177.26,176.9341,177.14,1328931.0
2025-11-28 17:35:00+00:00,177.13,177.2,176.92,176.94,1413087.0
2025-11-28 17:40:00+00:00,176.9301,177.04,176.72,176.75,1687006.0
2025-11-28 17:45:00+00:00,176.76,176.83,176.67,176.75,1699439.0
2025-11-28 17:50:00+00:00,176.7601,177.17,176.5,176.68,3147148.0
2025-11-28 17:55:00+00:00,176.68,177.0,176.55,176.99,5222524.0
2025-11-28 18:00:00+00:00,177.0,177.0,176.93,176.98,10382336.0
2025-11-28 21:00:00+00:00,176.63,176.79,176.56,176.68,47777.0
2025-11-28 21:05:00+00:00,176.68,176.7501,176.61,176.61,30050.0
2025-11-28 21:10:00+00:00,176.62,176.6994,176.58,176.68,31151.0
2025-11-28 21:15:00+00:00,176.67,176.76,176.65,176.7598,19338.0
2025-11-28 21:20:00+00:00,176.75,176.76,176.7,176.7499,19764.0
2025-11-28 21:25:00+00:00,176.74,176.7565,176.74,176.7425,16666.0
2025-11-28 21:30:00+00:00,176.75,176.75,176.71,176.74,17078.0
2025-11-28 21:35:00+00:00,176.72,176.75,176.72,176.75,18036.0
2025-11-28 21:40:00+00:00,176.74,176.7825,176.74,176.7825,22110.0
2025-11-28 21:45:00+00:00,176.79,176.79,176.68,176.78,38560.0
2025-11-28 21:50:00+00:00,176.75,176.78,176.69,176.71,19324.0
2025-11-28 21:55:00+00:00,176.71,176.8,176.62,176.63,41902.0
2025-12-01 09:00:00+00:00,175.65,176.4,175.05,175.15,82827.0
2025-12-01 09:05:00+00:00,175.15,175.6,175.15,175.51,41143.0
2025-12-01 09:10:00+00:00,175.55,175.59,175.22,175.32,25040.0
2025-12-01 09:15:00+00:00,175.33,175.41,175.17,175.17,24855.0
2025-12-01 09:20:00+00:00,175.15,175.38,175.11,175.37,18893.0
2025-12-01 09:25:00+00:00,175.4,175.49,175.23,175.25,22781.0
2025-12-01 09:30:00+00:00,175.31,175.32,175.2,175.25,13364.0
2025-12-01 09:35:00+00:00,175.22,175.25,175.0,175.25,44434.0
2025-12-01 09:40:00+00:00,175.26,175.26,175.13,175.19,17597.0
2025-12-01 09:45:00+00:00,175.24,175.28,175.0,175.07,30901.0
2025-12-01 09:50:00+00:00,175.11,175.11,174.85,174.91,41133.0
2025-12-01 09:55:00+00:00,174.89,175.09,174.81,175.06,28180.0
2025-12-01 10:00:00+00:00,175.07,175.28,175.07,175.26,32271.0
2025-12-01 10:05:00+00:00,175.27,175.27,175.12,175.17,22063.0
2025-12-01 10:10:00+00:00,175.18,175.27,175.16,175.2,20411.0
2025-12-01 10:15:00+00:00,175.22,175.32,175.22,175.28,10872.0
2025-12-01 10:20:00+00:00,175.3,175.37,175.0,175.18,35951.0
2025-12-01 10:25:00+00:00,175.22,175.32,175.22,175.26,13837.0
2025-12-01 10:30:00+00:00,175.25,175.5,175.2,175.46,21362.0
2025-12-01 10:35:00+00:00,175.46,175.77,175.45,175.75,23507.0
2025-12-01 10:40:00+00:00,175.77,175.81,175.55,175.71,18906.0
2025-12-01 10:45:00+00:00,175.71,175.74,175.6,175.68,5716.0
2025-12-01 10:50:00+00:00,175.67,175.85,175.55,175.78,36615.0
2025-12-01 10:55:00+00:00,175.81,175.9,175.6,175.7,39394.0
2025-12-01 11:00:00+00:00,175.69,175.7,175.53,175.53,15047.0
2025-12-01 11:05:00+00:00,175.52,175.52,175.28,175.34,12102.0
2025-12-01 11:10:00+00:00,175.34,175.52,175.3,175.48,16123.0
2025-12-01 11:15:00+00:00,175.46,175.48,175.37,175.39,16023.0
2025-12-01 11:20:00+00:00,175.4,175.49,175.37,175.49,7052.0
2025-12-01 11:25:00+00:00,175.41,175.41,175.33,175.37,9268.0
2025-12-01 11:30:00+00:00,175.37,175.42,175.32,175.4,11350.0
2025-12-01 11:35:00+00:00,175.38,175.46,175.25,175.32,45349.0
2025-12-01 11:40:00+00:00,175.33,175.34,175.08,175.14,37652.0
2025-12-01 11:45:00+00:00,175.19,175.19,174.93,175.12,78576.0
2025-12-01 11:50:00+00:00,175.16,175.37,175.15,175.3,12738.0
2025-12-01 11:55:00+00:00,175.27,175.29,175.15,175.19,21462.0
2025-12-01 12:00:00+00:00,175.18,175.47,175.0,175.03,111534.0
2025-12-01 12:05:00+00:00,175.04,175.11,174.67,174.69,117215.0
2025-12-01 12:10:00+00:00,174.68,174.69,174.42,174.62,98921.0
2025-12-01 12:15:00+00:00,174.59,174.65,173.5,173.99,331607.0
2025-12-01 12:20:00+00:00,174.0,174.04,173.58,173.61,103994.0
2025-12-01 12:25:00+00:00,173.6,173.66,173.24,173.53,203645.0
2025-12-01 12:30:00+00:00,173.52,173.85,173.33,173.84,82277.0
2025-12-01 12:35:00+00:00,173.84,174.13,173.8,174.03,80160.0
2025-12-01 12:40:00+00:00,174.03,174.05,173.62,173.82,82635.0
2025-12-01 12:45:00+00:00,173.8,173.9,173.5,173.52,66532.0
2025-12-01 12:50:00+00:00,173.52,173.75,173.35,173.67,92554.0
2025-12-01 12:55:00+00:00,173.68,173.68,173.34,173.38,72704.0
2025-12-01 13:00:00+00:00,173.4,177.0,173.2203,173.58,2086807.0
2025-12-01 13:05:00+00:00,173.6,174.13,173.5602,174.09,205872.0
2025-12-01 13:10:00+00:00,174.1,174.19,173.9203,174.0453,146201.0
2025-12-01 13:15:00+00:00,174.05,174.16,173.86,174.16,128516.0
2025-12-01 13:20:00+00:00,174.17,174.58,174.02,174.44,172523.0
2025-12-01 13:25:00+00:00,174.4,174.78,174.4,174.4533,133461.0
2025-12-01 13:30:00+00:00,174.43,174.6999,174.33,174.6,102671.0
2025-12-01 13:35:00+00:00,174.6,174.71,174.4,174.6675,126283.0
2025-12-01 13:40:00+00:00,174.6625,174.97,174.65,174.95,167472.0
2025-12-01 13:45:00+00:00,174.9581,175.25,174.81,175.22,338787.0
2025-12-01 13:50:00+00:00,175.21,175.21,174.78,174.85,163684.0
2025-12-01 13:55:00+00:00,174.8242,175.1,174.7,174.97,127398.0
2025-12-01 14:00:00+00:00,174.98,175.1,174.82,174.92,164254.0
2025-12-01 14:05:00+00:00,174.94,175.12,174.84,175.04,151416.0
2025-12-01 14:10:00+00:00,175.0411,175.4,174.43,175.37,198017.0
2025-12-01 14:15:00+00:00,175.36,175.36,175.02,175.02,108087.0
2025-12-01 14:20:00+00:00,175.02,175.16,174.9,174.93,133202.0
2025-12-01 14:25:00+00:00,174.93,175.0823,174.7,174.76,155910.0
2025-12-01 14:30:00+00:00,174.76,175.95,173.68,175.865,8749020.0
2025-12-01 14:35:00+00:00,175.87,176.675,175.725,175.975,4837970.0
2025-12-01 14:40:00+00:00,175.975,177.37,175.95,177.27,5270144.0
2025-12-01 14:45:00+00:00,177.28,178.69,177.2501,177.95,5829819.0
2025-12-01 14:50:00+00:00,177.945,178.33,177.42,178.31,3785153.0
2025-12-01 14:55:00+00:00,178.32,178.38,177.71,178.1465,2893866.0
2025-12-01 15:00:00+00:00,178.13,178.35,177.57,178.32,2466804.0
2025-12-01 15:05:00+00:00,178.31,179.15,178.14,178.8777,4227688.0
2025-12-01 15:10:00+00:00,178.835,179.075,178.18,178.21,2780187.0
2025-12-01 15:15:00+00:00,178.215,179.02,178.07,178.7701,2748863.0
2025-12-01 15:20:00+00:00,178.77,178.98,178.54,178.615,1863084.0
2025-12-01 15:25:00+00:00,178.5904,179.07,178.38,178.86,2660413.0
2025-12-01 15:30:00+00:00,178.86,179.03,178.385,178.465,2158932.0
2025-12-01 15:35:00+00:00,178.465,179.8201,178.22,179.82,4128184.0
2025-12-01 15:40:00+00:00,179.82,180.01,179.31,179.675,3194019.0
2025-12-01 15:45:00+00:00,179.67,179.81,179.26,179.3301,1847097.0
2025-12-01 15:50:00+00:00,179.33,179.72,179.24,179.5702,1827324.0
2025-12-01 15:55:00+00:00,179.58,179.69,179.4,179.415,1558531.0
2025-12-01 16:00:00+00:00,179.42,179.5199,179.21,179.24,1623696.0
2025-12-01 16:05:00+00:00,179.23,179.29,178.73,179.07,2080754.0
2025-12-01 16:10:00+00:00,179.07,179.09,178.66,178.69,1529764.0
2025-12-01 16:15:00+00:00,178.68,178.78,178.4,178.67,2021710.0
2025-12-01 16:20:00+00:00,178.6682,179.13,178.6667,178.995,1524873.0
2025-12-01 16:25:00+00:00,179.0,179.25,178.86,178.96,1376553.0
2025-12-01 16:30:00+00:00,178.94,179.19,178.83,178.97,1228868.0
2025-12-01 16:35:00+00:00,178.97,179.195,178.8403,178.99,1315481.0
2025-12-01 16:40:00+00:00,178.98,179.3,178.87,179.2201,1430741.0
2025-12-01 16:45:00+00:00,179.23,179.78,179.1701,179.77,2062836.0
2025-12-01 16:50:00+00:00,179.77,179.85,179.51,179.58,1535093.0
2025-12-01 16:55:00+00:00,179.58,179.75,179.42,179.635,1611058.0
2025-12-01 17:00:00+00:00,179.6348,180.0,179.5901,179.8501,1826384.0
2025-12-01 17:05:00+00:00,179.855,180.0,179.624,179.7501,1842662.0
2025-12-01 17:10:00+00:00,179.75,180.05,179.63,179.855,1402804.0
2025-12-01 17:15:00+00:00,179.86,180.02,179.52,179.86,1389081.0
2025-12-01 17:20:00+00:00,179.84,180.08,179.7001,179.8026,1442703.0
2025-12-01 17:25:00+00:00,179.81,179.9,179.7,179.835,926559.0
2025-12-01 17:30:00+00:00,179.835,179.95,179.65,179.81,1148103.0
2025-12-01 17:35:00+00:00,179.805,180.07,179.75,179.805,1098099.0
2025-12-01 17:40:00+00:00,179.805,180.08,179.75,180.0082,1164875.0
2025-12-01 17:45:00+00:00,180.0092,180.3,179.98,180.0099,1588233.0
2025-12-01 17:50:00+00:00,180.01,180.02,179.675,179.755,1362219.0
2025-12-01 17:55:00+00:00,179.76,179.7799,179.335,179.395,1317007.0
2025-12-01 18:00:00+00:00,179.4,179.6299,179.34,179.3851,1240862.0
2025-12-01 18:05:00+00:00,179.385,179.51,179.17,179.205,1395032.0
2025-12-01 18:10:00+00:00,179.21,179.57,179.2001,179.485,1313946.0
2025-12-01 18:15:00+00:00,179.49,179.6199,179.28,179.545,1124384.0
2025-12-01 18:20:00+00:00,179.5441,179.59,179.35,179.55,862042.0
2025-12-01 18:25:00+00:00,179.5516,179.6,179.3801,179.405,845280.0
2025-12-01 18:30:00+00:00,179.41,179.675,179.38,179.665,868918.0
2025-12-01 18:35:00+00:00,179.665,179.84,179.55,179.635,1075563.0
2025-12-01 18:40:00+00:00,179.63,179.68,179.5,179.575,928638.0
2025-12-01 18:45:00+00:00,179.58,179.73,179.54,179.5501,899931.0
2025-12-01 18:50:00+00:00,179.5501,179.6782,179.54,179.64,775801.0
2025-12-01 18:55:00+00:00,179.63,179.9854,179.6,179.93,1123072.0
2025-12-01 19:00:00+00:00,179.93,179.95,179.59,179.605,1776092.0
2025-12-01 19:05:00+00:00,179.6041,179.625,179.42,179.5011,975446.0
2025-12-01 19:10:00+00:00,179.505,179.52,179.24,179.385,973145.0
2025-12-01 19:15:00+00:00,179.38,179.49,179.055,179.225,1204336.0
2025-12-01 19:20:00+00:00,179.23,179.368,178.88,179.01,1348089.0
2025-12-01 19:25:00+00:00,179.02,179.135,178.86,179.09,1127677.0
2025-12-01 19:30:00+00:00,179.09,179.11,178.6249,179.095,1883859.0
2025-12-01 19:35:00+00:00,179.1,179.47,179.09,179.47,1599194.0
2025-12-01 19:40:00+00:00,179.47,179.485,179.085,179.1199,1056204.0
2025-12-01 19:45:00+00:00,179.11,179.23,178.92,179.0041,1857316.0
2025-12-01 19:50:00+00:00,179.005,179.22,178.95,179.13,934977.0
2025-12-01 19:55:00+00:00,179.13,179.175,178.86,178.91,979145.0
2025-12-01 20:00:00+00:00,178.905,179.11,178.8,179.0401,1101638.0
2025-12-01 20:05:00+00:00,179.05,179.2,178.99,179.12,917802.0
2025-12-01 20:10:00+00:00,179.125,179.48,179.125,179.36,1341543.0
2025-12-01 20:15:00+00:00,179.35,179.4299,179.11,179.22,1100821.0
2025-12-01 20:20:00+00:00,179.22,179.36,179.18,179.24,1543017.0
2025-12-01 20:25:00+00:00,179.24,179.39,179.2,179.3799,883878.0
2025-12-01 20:30:00+00:00,179.38,179.45,179.22,179.37,3906982.0
2025-12-01 20:35:00+00:00,179.37,179.7999,179.37,179.765,1667017.0
2025-12-01 20:40:00+00:00,179.77,179.8455,179.58,179.7161,1475381.0
2025-12-01 20:45:00+00:00,179.715,179.75,179.285,179.56,1542315.0
2025-12-01 20:50:00+00:00,179.59,179.76,179.27,179.52,2320396.0
2025-12-01 20:55:00+00:00,179.49,180.02,179.32,179.93,5640947.0
2025-12-01 21:00:00+00:00,179.92,180.15,179.8,180.13,4105517.0
2025-12-01 21:05:00+00:00,180.1202,180.35,179.92,180.35,332524.0
2025-12-01 21:10:00+00:00,180.32,180.7,179.92,180.32,252857.0
2025-12-01 21:15:00+00:00,180.37,180.43,180.33,180.34,78894.0
2025-12-01 21:20:00+00:00,180.37,180.37,179.92,180.32,100482.0
2025-12-01 21:25:00+00:00,180.32,180.39,180.17,180.34,72107.0
2025-12-01 21:30:00+00:00,180.36,180.36,180.13,180.1301,39448.0
2025-12-01 21:35:00+00:00,180.1303,180.2,180.04,180.11,41422.0
2025-12-01 21:40:00+00:00,180.0973,180.0973,179.9102,179.94,65069.0
2025-12-01 21:45:00+00:00,179.97,180.03,179.94,180.03,30532.0
2025-12-01 21:50:00+00:00,180.02,180.14,180.02,180.07,22030.0
2025-12-01 21:55:00+00:00,180.09,180.11,179.89,179.9,40735.0
2025-12-01 22:00:00+00:00,179.88,179.91,179.8,179.8899,29375.0
2025-12-01 22:05:00+00:00,179.88,179.88,179.76,179.76,18697.0
2025-12-01 22:10:00+00:00,179.75,179.85,179.73,179.8067,2815410.0
2025-12-01 22:15:00+00:00,179.81,179.84,179.8,179.84,15340.0
2025-12-01 22:20:00+00:00,179.84,179.96,179.8399,179.86,23121.0
2025-12-01 22:25:00+00:00,179.88,179.94,179.85,179.9,13618.0
2025-12-01 22:30:00+00:00,179.85,179.86,179.75,179.85,31375.0
2025-12-01 22:35:00+00:00,179.81,179.85,179.81,179.83,18759.0
2025-12-01 22:40:00+00:00,179.8201,179.88,179.75,179.8,41697.0
2025-12-01 22:45:00+00:00,179.79,179.89,179.77,179.86,15823.0
2025-12-01 22:50:00+00:00,179.83,179.95,179.83,179.9383,16748.0
2025-12-01 22:55:00+00:00,179.89,179.98,179.87,179.95,17869.0
2025-12-01 23:00:00+00:00,179.96,179.99,179.89,179.9,23396.0
2025-12-01 23:05:00+00:00,179.91,179.95,179.641,179.641,45950.0
2025-12-01 23:10:00+00:00,179.6599,179.81,179.6599,179.77,31013.0
2025-12-01 23:15:00+00:00,179.75,179.8,179.75,179.8,9735.0
2025-12-01 23:20:00+00:00,179.7927,179.87,179.7927,179.87,10437.0
2025-12-01 23:25:00+00:00,179.87,179.97,179.87,179.95,20089.0
2025-12-01 23:30:00+00:00,179.95,179.95,179.82,179.87,12323.0
2025-12-01 23:35:00+00:00,179.88,179.88,179.82,179.82,9971.0
2025-12-01 23:40:00+00:00,179.82,179.82,179.8,179.8007,26296.0
2025-12-01 23:45:00+00:00,179.8,179.85,179.77,179.78,12962.0
2025-12-01 23:50:00+00:00,179.76,179.79,179.7501,179.775,13870.0
2025-12-01 23:55:00+00:00,179.78,179.79,179.76,179.7646,15042.0
2025-12-02 00:00:00+00:00,179.76,179.77,179.67,179.69,33963.0
2025-12-02 00:05:00+00:00,179.6996,179.7219,179.64,179.7,19465.0
2025-12-02 00:10:00+00:00,179.7,179.74,179.66,179.7399,21207.0
2025-12-02 00:15:00+00:00,179.75,179.8,179.74,179.7605,21738.0
2025-12-02 00:20:00+00:00,179.78,179.8,179.75,179.774,16859.0
2025-12-02 00:25:00+00:00,179.78,179.8,179.76,179.78,6812.0
2025-12-02 00:30:00+00:00,179.7992,179.7999,179.75,179.77,8395.0
2025-12-02 00:35:00+00:00,179.78,179.78,179.75,179.77,8947.0
2025-12-02 00:40:00+00:00,179.76,179.78,179.75,179.75,11264.0
2025-12-02 00:45:00+00:00,179.76,179.83,179.76,179.83,29370.0
2025-12-02 00:50:00+00:00,179.829,179.83,179.8,179.81,14596.0
2025-12-02 00:55:00+00:00,179.82,179.85,179.7,179.7,38733.0
