ts,Volume,vw,Open,Close,High,Low,t,n
2026-05-01 08:00:00+00:00,4896.161804,720.3635,720.36,719.89,720.6498,719.75,1777622400000,571
2026-05-01 08:01:00+00:00,15509.085693,720.5443,720.13,720.59,720.92,719.89,1777622460000,515
2026-05-01 08:02:00+00:00,18339.008334,720.2616,720.67,719.77,720.77,719.77,1777622520000,481
2026-05-01 08:03:00+00:00,597.004209,719.7906,719.78,719.77,719.78,719.77,1777622580000,26
2026-05-01 08:05:00+00:00,340.140006,720.1815,719.88,719.89,719.89,719.88,1777622700000,11
2026-05-01 08:06:00+00:00,663.003986,719.8844,719.9,719.8,719.9,719.8,1777622760000,17
2026-05-01 08:07:00+00:00,414.008125,719.9611,719.92,719.885,719.92,719.885,1777622820000,21
2026-05-01 08:08:00+00:00,194.004195,719.852,719.86,719.83,719.86,719.83,1777622880000,8
2026-05-01 08:09:00+00:00,4703.001389,719.8601,719.86,719.86,719.86,719.86,1777622940000,24
2026-05-01 08:10:00+00:00,2155.058875,719.8204,719.82,719.77,719.82,719.76,1777623000000,30
2026-05-01 08:11:00+00:00,1232.016723,719.9065,719.86,719.94,719.96,719.85,1777623060000,27
2026-05-01 08:12:00+00:00,495.646983,720.9509,719.99,720.0,720.03,719.98,1777623120000,15
2026-05-01 08:13:00+00:00,433.008416,720.0872,720.08,720.08,720.08,720.08,1777623180000,17
2026-05-01 08:14:00+00:00,340.162349,720.3064,719.98,719.92,719.98,719.92,1777623240000,11
2026-05-01 08:15:00+00:00,64.566766,726.3973,720.02,720.02,720.02,720.02,1777623300000,9
2026-05-01 08:16:00+00:00,338.448713,720.9996,720.04,720.04,720.04,720.04,1777623360000,9
2026-05-01 08:17:00+00:00,319.7072,721.6872,720.08,720.09,720.09,720.08,1777623420000,13
2026-05-01 08:18:00+00:00,361.944439,721.9589,720.09,720.09,720.09,720.09,1777623480000,18
2026-05-01 08:19:00+00:00,80.316652,722.856,720.01,720.01,720.01,720.01,1777623540000,16
2026-05-01 08:20:00+00:00,147.119881,720.5657,720.01,719.95,720.01,719.95,1777623600000,10
2026-05-01 08:21:00+00:00,461.909084,721.4219,720.01,720.0,720.01,720.0,1777623660000,15
2026-05-01 08:22:00+00:00,201.194643,720.6396,719.95,719.95,719.95,719.95,1777623720000,10
2026-05-01 08:23:00+00:00,699.725282,720.6635,719.9,719.92,719.95,719.9,1777623780000,24
2026-05-01 08:24:00+00:00,77.184189,721.6625,719.95,719.95,719.95,719.95,1777623840000,4
2026-05-01 08:26:00+00:00,288.57114,721.479,720.05,720.05,720.05,720.05,1777623960000,11
2026-05-01 08:28:00+00:00,144.35707,721.8458,720.06,720.06,720.06,720.06,1777624080000,15
2026-05-01 08:30:00+00:00,1224.526473,720.2945,720.0,719.9,720.0,719.9,1777624200000,19
2026-05-01 08:31:00+00:00,248.079603,720.1503,719.92,719.92,719.92,719.92,1777624260000,22
2026-05-01 08:32:00+00:00,140.081783,720.3044,719.91,719.91,719.91,719.91,1777624320000,18
2026-05-01 08:34:00+00:00,85.951444,728.0251,719.97,719.97,719.97,719.97,1777624440000,12
2026-05-01 08:36:00+00:00,310.621504,721.3047,719.84,719.88,719.88,719.84,1777624560000,22
2026-05-01 08:38:00+00:00,78.263777,722.2657,719.83,719.83,719.83,719.83,1777624680000,9
2026-05-01 08:40:00+00:00,79.047684,720.2369,719.82,719.82,719.82,719.82,1777624800000,11
2026-05-01 08:43:00+00:00,224.009431,719.7613,719.7,719.75,719.77,719.7,1777624980000,18
2026-05-01 08:44:00+00:00,290.572228,721.1859,719.76,719.75,719.78,719.75,1777625040000,27
2026-05-01 08:45:00+00:00,279.536792,721.1649,719.79,719.79,719.79,719.79,1777625100000,17
2026-05-01 08:46:00+00:00,159.007932,719.7881,719.76,719.74,719.76,719.74,1777625160000,12
2026-05-01 08:47:00+00:00,363.015237,719.8029,719.78,719.76,719.79,719.76,1777625220000,36
2026-05-01 08:48:00+00:00,497.668713,720.593,719.67,719.62,719.67,719.61,1777625280000,31
2026-05-01 08:49:00+00:00,180.856093,723.0677,719.62,719.62,719.62,719.62,1777625340000,14
2026-05-01 08:50:00+00:00,349.174979,720.1209,719.77,719.77,719.77,719.73,1777625400000,11
2026-05-01 08:51:00+00:00,740.0,719.7882,719.75,719.8,719.8,719.75,1777625460000,27
2026-05-01 08:52:00+00:00,92.309982,722.2019,719.77,719.77,719.77,719.77,1777625520000,19
2026-05-01 08:53:00+00:00,158.501547,722.0845,719.81,719.81,719.81,719.81,1777625580000,19
2026-05-01 08:54:00+00:00,970.752529,720.4219,719.87,719.85,719.87,719.85,1777625640000,29
2026-05-01 08:55:00+00:00,118.050946,720.1299,719.82,719.82,719.82,719.82,1777625700000,27
2026-05-01 08:56:00+00:00,55.139752,721.6707,719.84,719.84,719.84,719.84,1777625760000,6
2026-05-01 08:57:00+00:00,258.004921,719.8251,719.8,719.81,719.81,719.8,1777625820000,20
2026-05-01 08:59:00+00:00,157.071417,720.2008,719.88,719.88,719.88,719.88,1777625940000,24
2026-05-01 09:02:00+00:00,120.302432,721.5891,719.79,719.79,719.79,719.79,1777626120000,27
2026-05-01 09:03:00+00:00,424.497394,720.4717,719.63,719.55,719.63,719.55,1777626180000,42
2026-05-01 09:04:00+00:00,350.033807,719.6262,719.56,719.56,719.56,719.56,1777626240000,26
2026-05-01 09:05:00+00:00,299.271437,720.2223,719.56,719.61,719.61,719.56,1777626300000,27
2026-05-01 09:06:00+00:00,870.759236,720.3215,719.71,719.65,719.71,719.65,1777626360000,29
2026-05-01 09:07:00+00:00,352.170101,720.0268,719.68,719.66,719.69,719.66,1777626420000,15
2026-05-01 09:08:00+00:00,56.824073,730.2722,719.68,719.68,719.68,719.68,1777626480000,10
2026-05-01 09:09:00+00:00,68.055486,720.2885,719.7,719.7,719.7,719.7,1777626540000,6
2026-05-01 09:10:00+00:00,93.297139,721.9638,719.66,719.66,719.66,719.66,1777626600000,13
2026-05-01 09:11:00+00:00,74.745665,726.8941,719.64,719.64,719.64,719.64,1777626660000,11
2026-05-01 09:12:00+00:00,948.55459,720.1341,719.69,719.73,719.74,719.69,1777626720000,24
2026-05-01 09:14:00+00:00,159.675152,722.7962,719.74,719.74,719.74,719.74,1777626840000,10
2026-05-01 09:15:00+00:00,120.008237,719.8284,719.77,719.79,719.79,719.77,1777626900000,8
2026-05-01 09:16:00+00:00,275.0,719.8056,719.81,719.81,719.81,719.81,1777626960000,8
2026-05-01 09:17:00+00:00,133.751277,723.8497,719.7615,719.7615,719.7615,719.7615,1777627020000,16
2026-05-01 09:19:00+00:00,307.0,719.7948,719.8,719.8,719.8,719.8,1777627140000,7
2026-05-01 09:22:00+00:00,586.871928,721.0446,719.9483,720.0,720.0,719.9483,1777627320000,33
2026-05-01 09:23:00+00:00,1642.822673,720.4103,720.03,720.02,720.07,720.02,1777627380000,30
2026-05-01 09:24:00+00:00,85.831585,727.0873,720.04,720.04,720.04,720.04,1777627440000,8
2026-05-01 09:25:00+00:00,623.004193,720.0798,720.07,720.1,720.1,720.07,1777627500000,8
2026-05-01 09:26:00+00:00,140.803648,724.1382,720.0,720.005,720.005,720.0,1777627560000,17
2026-05-01 09:27:00+00:00,391.204222,720.3172,719.95,719.92,719.95,719.92,1777627620000,12
2026-05-01 09:29:00+00:00,215.715838,722.4255,720.03,720.03,720.03,720.03,1777627740000,12
2026-05-01 09:30:00+00:00,66.326882,723.4948,719.92,719.92,719.92,719.92,1777627800000,18
2026-05-01 09:32:00+00:00,303.191766,720.4,719.94,719.94,719.94,719.94,1777627920000,21
2026-05-01 09:34:00+00:00,267.7087,721.8572,719.95,719.95,719.95,719.95,1777628040000,16
2026-05-01 09:36:00+00:00,160.004194,720.06,720.05,720.05,720.05,720.05,1777628160000,7
2026-05-01 09:39:00+00:00,874.004235,720.1478,720.16,720.14,720.16,720.14,1777628340000,14
2026-05-01 09:40:00+00:00,225.083254,720.3732,720.11,720.11,720.11,720.11,1777628400000,11
2026-05-01 09:42:00+00:00,100.216712,721.7306,720.17,720.17,720.17,720.17,1777628520000,4
2026-05-01 09:43:00+00:00,307.111702,720.4018,720.16,720.13,720.16,720.13,1777628580000,8
2026-05-01 09:45:00+00:00,90.013093,720.2054,720.11,720.11,720.11,720.11,1777628700000,6
2026-05-01 09:47:00+00:00,197.0,720.0596,720.06,720.06,720.06,720.06,1777628820000,6
2026-05-01 09:49:00+00:00,935.0,720.0977,720.105,720.09,720.11,720.08,1777628940000,22
2026-05-01 09:51:00+00:00,655.042864,720.2101,720.17,720.17,720.17,720.17,1777629060000,19
2026-05-01 09:52:00+00:00,97.0,720.1814,720.19,720.19,720.19,720.19,1777629120000,4
2026-05-01 09:53:00+00:00,289.076225,720.39,720.2,720.2,720.2,720.2,1777629180000,14
2026-05-01 09:54:00+00:00,621.052094,720.2272,720.24,720.11,720.24,720.11,1777629240000,20
2026-05-01 09:55:00+00:00,551.0,720.11,720.11,720.11,720.11,720.11,1777629300000,8
2026-05-01 09:56:00+00:00,42.004151,720.2988,720.23,720.23,720.23,720.23,1777629360000,4
2026-05-01 09:57:00+00:00,933.0,720.1644,720.15,720.1615,720.1857,720.15,1777629420000,10
2026-05-01 09:58:00+00:00,337.012398,720.1789,720.15,720.16,720.16,720.135,1777629480000,16
2026-05-01 10:00:00+00:00,150.378033,722.0156,720.2,720.21,720.21,720.2,1777629600000,8
2026-05-01 10:02:00+00:00,179.220497,721.0346,720.14,720.15,720.15,720.14,1777629720000,8
2026-05-01 10:04:00+00:00,104.0,720.1414,720.15,720.15,720.15,720.15,1777629840000,5
2026-05-01 10:05:00+00:00,598.0027,720.1327,720.13,720.13,720.13,720.13,1777629900000,5
2026-05-01 10:06:00+00:00,391.001862,720.1109,720.13,720.09,720.13,720.09,1777629960000,11
2026-05-01 10:08:00+00:00,550.0,720.0636,720.06,720.08,720.08,720.06,1777630080000,3
2026-05-01 10:10:00+00:00,285.0,720.03,720.02,720.04,720.04,720.02,1777630200000,10
2026-05-01 10:11:00+00:00,352.069783,720.185,720.04,720.04,720.05,720.04,1777630260000,7
2026-05-01 10:13:00+00:00,645.0,720.0164,720.02,720.01,720.02,720.01,1777630380000,20
2026-05-01 10:14:00+00:00,186.008331,720.1095,720.06,720.05,720.06,720.05,1777630440000,9
2026-05-01 10:15:00+00:00,624.045872,720.2372,720.19,720.16,720.19,720.16,1777630500000,15
2026-05-01 10:17:00+00:00,280.066382,720.4379,720.24,720.29,720.29,720.24,1777630620000,14
2026-05-01 10:18:00+00:00,124.0,720.2706,720.28,720.28,720.28,720.28,1777630680000,3
2026-05-01 10:19:00+00:00,84.01305,720.3642,720.26,720.26,720.26,720.26,1777630740000,5
2026-05-01 10:21:00+00:00,259.042699,720.3373,720.23,720.22,720.23,720.22,1777630860000,12
2026-05-01 10:24:00+00:00,200.004165,720.2293,720.24,720.19,720.24,720.19,1777631040000,9
2026-05-01 10:25:00+00:00,390.320816,720.7288,720.17,720.12,720.17,720.12,1777631100000,12
2026-05-01 10:26:00+00:00,81.0,720.1296,720.13,720.13,720.13,720.13,1777631160000,4
2026-05-01 10:28:00+00:00,200.007914,720.2185,720.19,720.19,720.19,720.19,1777631280000,7
2026-05-01 10:29:00+00:00,157.004193,720.1637,720.15,720.14,720.15,720.14,1777631340000,7
2026-05-01 10:31:00+00:00,398.005595,720.158,720.16,720.12,720.16,720.12,1777631460000,12
2026-05-01 10:35:00+00:00,249.934911,722.7211,720.04,720.0,720.04,720.0,1777631700000,49
2026-05-01 10:36:00+00:00,554.584693,720.7783,720.02,720.02,720.02,720.02,1777631760000,58
2026-05-01 10:37:00+00:00,339.434126,720.8737,719.95,719.95,719.95,719.95,1777631820000,42
2026-05-01 10:38:00+00:00,637.982838,721.0417,719.93,719.93,719.93,719.93,1777631880000,46
2026-05-01 10:39:00+00:00,1853.443447,719.9877,719.93,719.77,719.93,719.77,1777631940000,80
2026-05-01 10:40:00+00:00,304.747729,721.5435,719.79,719.78,719.79,719.72,1777632000000,37
2026-05-01 10:41:00+00:00,295.920558,722.0563,719.82,719.78,719.82,719.78,1777632060000,44
2026-05-01 10:42:00+00:00,143.726045,723.5078,719.855,719.855,719.855,719.855,1777632120000,18
2026-05-01 10:43:00+00:00,466.979464,721.3618,719.87,719.87,719.87,719.83,1777632180000,25
2026-05-01 10:44:00+00:00,209.56971,721.8369,719.85,719.9,719.9,719.85,1777632240000,15
2026-05-01 10:45:00+00:00,90.221391,721.6697,719.9,719.9,719.9,719.9,1777632300000,12
2026-05-01 10:46:00+00:00,51.782688,730.9188,719.87,719.87,719.87,719.87,1777632360000,4
2026-05-01 10:48:00+00:00,140.789529,724.0436,719.985,719.985,719.985,719.985,1777632480000,25
2026-05-01 10:49:00+00:00,194.222019,720.8469,720.03,720.04,720.04,720.03,1777632540000,21
2026-05-01 10:50:00+00:00,322.958418,722.1492,720.01,720.01,720.01,720.0,1777632600000,11
2026-05-01 10:51:00+00:00,283.914916,722.3561,720.06,720.06,720.06,720.06,1777632660000,38
2026-05-01 10:53:00+00:00,87.677272,725.6437,720.05,720.05,720.05,720.05,1777632780000,11
2026-05-01 10:54:00+00:00,174.356065,721.5127,720.04,720.04,720.04,720.04,1777632840000,19
2026-05-01 10:56:00+00:00,121.733455,724.5668,720.21,720.21,720.21,720.21,1777632960000,13
2026-05-01 10:57:00+00:00,227.772188,722.6777,720.23,720.23,720.23,720.23,1777633020000,15
2026-05-01 10:58:00+00:00,662.261017,720.4737,720.21,720.19,720.21,720.17,1777633080000,36
2026-05-01 10:59:00+00:00,271.031946,720.3323,720.26,720.22,720.26,720.22,1777633140000,8
2026-05-01 11:00:00+00:00,1958.226554,720.3345,720.24,720.2935,720.2935,720.24,1777633200000,56
2026-05-01 11:01:00+00:00,2435.64042,720.4074,720.29,720.17,720.29,720.17,1777633260000,55
2026-05-01 11:02:00+00:00,1556.892501,720.5588,720.16,720.1425,720.16,720.14,1777633320000,33
2026-05-01 11:03:00+00:00,2608.488283,720.3933,720.27,720.25,720.27,720.2311,1777633380000,33
2026-05-01 11:04:00+00:00,593.079959,720.2384,720.16,720.13,720.16,720.1,1777633440000,25
2026-05-01 11:05:00+00:00,992.120867,720.1074,720.1,720.0,720.1,719.99,1777633500000,63
2026-05-01 11:06:00+00:00,138.38113,721.9992,720.01,720.01,720.01,720.01,1777633560000,22
2026-05-01 11:07:00+00:00,2367.786331,720.1574,719.9104,719.95,719.95,719.9,1777633620000,43
2026-05-01 11:08:00+00:00,844.748139,720.5653,719.9486,719.9087,719.96,719.9087,1777633680000,34
2026-05-01 11:09:00+00:00,232.371695,721.0757,719.91,719.91,719.92,719.91,1777633740000,24
2026-05-01 11:10:00+00:00,1139.862872,720.385,719.9,719.86,719.9,719.82,1777633800000,41
2026-05-01 11:11:00+00:00,956.940347,720.5404,719.86,719.8,719.8661,719.8,1777633860000,31
2026-05-01 11:12:00+00:00,1538.283405,719.9372,719.78,719.79,719.84,719.7503,1777633920000,27
2026-05-01 11:13:00+00:00,1392.873766,720.2817,719.82,719.8548,719.86,719.815,1777633980000,37
2026-05-01 11:14:00+00:00,619.56342,720.492,719.84,719.8004,719.86,719.8004,1777634040000,23
2026-05-01 11:15:00+00:00,2299.355267,719.9578,719.89,719.8686,719.89,719.82,1777634100000,40
2026-05-01 11:16:00+00:00,629.480918,720.4686,719.9,719.99,719.99,719.8999,1777634160000,33
2026-05-01 11:17:00+00:00,2725.406913,720.2083,720.0348,720.2,720.2,720.0,1777634220000,63
2026-05-01 11:18:00+00:00,809.171348,720.3387,720.189,720.2096,720.2096,720.189,1777634280000,38
2026-05-01 11:19:00+00:00,1380.328112,720.3625,720.18,720.14,720.24,720.14,1777634340000,44
2026-05-01 11:20:00+00:00,643.691965,720.9812,720.14,720.24,720.24,720.14,1777634400000,27
2026-05-01 11:21:00+00:00,766.421798,720.6544,720.26,720.21,720.275,720.21,1777634460000,50
2026-05-01 11:22:00+00:00,494.316575,720.6055,720.16,720.15,720.16,720.14,1777634520000,35
2026-05-01 11:23:00+00:00,408.206327,720.5098,720.13,720.22,720.22,720.11,1777634580000,28
2026-05-01 11:24:00+00:00,412.470871,721.0033,720.2,720.1642,720.2,720.1642,1777634640000,31
2026-05-01 11:25:00+00:00,637.100675,720.2721,720.17,720.2005,720.23,720.13,1777634700000,46
2026-05-01 11:26:00+00:00,2469.723295,720.479,720.26,720.3,720.3,720.2599,1777634760000,36
2026-05-01 11:27:00+00:00,569.644604,721.1041,720.3026,720.3,720.3026,720.28,1777634820000,34
2026-05-01 11:28:00+00:00,1455.672274,720.533,720.2,720.19,720.2,720.19,1777634880000,48
2026-05-01 11:30:00+00:00,1547.977839,720.6052,720.11,720.2001,720.2001,720.1,1777635000000,52
2026-05-01 11:31:00+00:00,1087.412355,720.4061,720.2002,720.07,720.21,720.07,1777635060000,33
2026-05-01 11:32:00+00:00,3577.824724,720.2472,720.08,720.0665,720.13,720.01,1777635120000,70
2026-05-01 11:33:00+00:00,298.706249,721.8409,720.11,720.15,720.15,720.11,1777635180000,27
2026-05-01 11:34:00+00:00,448.362145,720.701,720.14,720.12,720.14,720.1008,1777635240000,36
2026-05-01 11:35:00+00:00,878.464563,720.4804,720.16,720.1,720.169,720.1,1777635300000,82
2026-05-01 11:36:00+00:00,1394.280817,720.3166,720.1,720.19,720.2,720.1,1777635360000,71
2026-05-01 11:37:00+00:00,1387.506061,720.3634,720.13,720.1015,720.13,720.1015,1777635420000,60
2026-05-01 11:38:00+00:00,1573.883729,720.5297,720.151,720.0939,720.151,720.091,1777635480000,33
2026-05-01 11:39:00+00:00,528.856444,721.265,720.08,720.0905,720.13,720.08,1777635540000,31
2026-05-01 11:40:00+00:00,421.16078,720.4081,720.11,720.14,720.15,720.11,1777635600000,38
2026-05-01 11:41:00+00:00,830.454165,720.5627,720.11,720.1,720.19,720.1,1777635660000,42
2026-05-01 11:42:00+00:00,1211.691621,720.4149,720.08,719.9839,720.08,719.97,1777635720000,56
2026-05-01 11:43:00+00:00,1229.898401,720.5647,720.01,720.0735,720.0735,719.98,1777635780000,32
2026-05-01 11:44:00+00:00,186.576715,722.3068,720.09,720.09,720.09,720.02,1777635840000,29
2026-05-01 11:45:00+00:00,4288.651704,720.2311,720.11,720.17,720.1787,720.1,1777635900000,75
2026-05-01 11:46:00+00:00,3198.020101,720.1503,720.19,720.1139,720.21,720.1139,1777635960000,52
2026-05-01 11:47:00+00:00,5655.39738,720.1783,720.13,720.16,720.16,720.08,1777636020000,110
2026-05-01 11:48:00+00:00,1869.24677,720.3155,720.17,720.17,720.26,720.17,1777636080000,67
2026-05-01 11:49:00+00:00,3777.148057,720.2655,720.19,720.2516,720.34,720.14,1777636140000,86
2026-05-01 11:50:00+00:00,1136.63098,720.6505,720.25,720.281,720.281,720.2358,1777636200000,37
2026-05-01 11:51:00+00:00,499.875,721.6295,720.34,720.36,720.4,720.34,1777636260000,31
2026-05-01 11:52:00+00:00,298.703051,722.0632,720.4009,720.3731,720.4009,720.3731,1777636320000,33
2026-05-01 11:53:00+00:00,418.567129,721.2636,720.26,720.27,720.305,720.26,1777636380000,28
2026-05-01 11:55:00+00:00,6459.201904,720.3499,720.28,720.33,720.33,720.27,1777636500000,49
2026-05-01 11:56:00+00:00,1432.947705,720.8044,720.3309,720.3098,720.335,720.3098,1777636560000,37
2026-05-01 11:57:00+00:00,1296.509995,720.576,720.31,720.28,720.3201,720.28,1777636620000,33
2026-05-01 11:58:00+00:00,588.65608,721.2158,720.37,720.46,720.46,720.37,1777636680000,21
2026-05-01 11:59:00+00:00,1293.981054,721.0097,720.4,720.4403,720.49,720.39,1777636740000,65
2026-05-01 12:00:00+00:00,6308.714748,720.6557,720.55,720.6301,720.6301,720.55,1777636800000,111
2026-05-01 12:01:00+00:00,13542.062124,720.6601,720.63,720.59,720.7,720.571,1777636860000,187
2026-05-01 12:02:00+00:00,2081.57874,720.8117,720.58,720.5935,720.63,720.55,1777636920000,50
2026-05-01 12:03:00+00:00,1392.951052,721.0581,720.58,720.56,720.6,720.56,1777636980000,39
2026-05-01 12:04:00+00:00,878.948146,721.3785,720.605,720.62,720.62,720.58,1777637040000,45
2026-05-01 12:05:00+00:00,1232.703199,721.0669,720.67,720.63,720.68,720.62,1777637100000,62
2026-05-01 12:06:00+00:00,630.578942,721.2744,720.63,720.57,720.63,720.57,1777637160000,39
2026-05-01 12:07:00+00:00,3500.26909,720.573,720.62,720.35,720.64,720.32,1777637220000,85
2026-05-01 12:08:00+00:00,2155.904961,720.7116,720.47,720.3,720.49,720.3,1777637280000,59
2026-05-01 12:09:00+00:00,196.638063,722.6898,720.37,720.32,720.37,720.32,1777637340000,17
2026-05-01 12:10:00+00:00,3549.806633,720.4359,720.29,720.34,720.34,720.26,1777637400000,56
2026-05-01 12:11:00+00:00,675.474528,720.8978,720.41,720.32,720.4748,720.32,1777637460000,42
2026-05-01 12:12:00+00:00,39215.858592,720.7412,720.32,720.71,720.96,720.32,1777637520000,638
2026-05-01 12:13:00+00:00,28050.683398,721.0587,720.8,721.185,721.3,720.77,1777637580000,356
2026-05-01 12:14:00+00:00,36924.97596,721.5445,721.12,721.54,721.99,721.12,1777637640000,614
2026-05-01 12:15:00+00:00,22342.149129,721.4466,721.4,721.32,721.51,721.24,1777637700000,235
2026-05-01 12:16:00+00:00,5586.555465,721.3623,721.41,721.12,721.5,721.11,1777637760000,134
2026-05-01 12:17:00+00:00,3517.173847,721.2772,721.11,721.25,721.35,721.11,1777637820000,92
2026-05-01 12:18:00+00:00,3868.177813,721.3584,721.33,721.41,721.41,721.27,1777637880000,73
2026-05-01 12:19:00+00:00,8379.251895,721.3961,721.38,721.46,721.46,721.3,1777637940000,107
2026-05-01 12:20:00+00:00,4585.348907,721.3871,721.39,721.15,721.41,721.15,1777638000000,81
2026-05-01 12:21:00+00:00,4031.910287,721.3825,721.17,721.4499,721.5,721.15,1777638060000,102
2026-05-01 12:22:00+00:00,23119.647543,721.4364,721.44,721.38,721.47,721.38,1777638120000,156
2026-05-01 12:23:00+00:00,5727.953477,721.6089,721.39,721.67,721.67,721.38,1777638180000,124
2026-05-01 12:24:00+00:00,3408.489526,721.6841,721.65,721.5689,721.65,721.5305,1777638240000,91
2026-05-01 12:25:00+00:00,2768.507895,721.6854,721.5096,721.54,721.61,721.48,1777638300000,61
2026-05-01 12:26:00+00:00,5714.73865,721.6,721.51,721.48,721.59,721.48,1777638360000,112
2026-05-01 12:27:00+00:00,1135.757657,721.9319,721.48,721.41,721.481,721.37,1777638420000,49
2026-05-01 12:28:00+00:00,599.67326,722.2838,721.46,721.47,721.491,721.45,1777638480000,44
2026-05-01 12:29:00+00:00,1193.869899,722.0215,721.4745,721.48,721.5,721.4745,1777638540000,35
2026-05-01 12:30:00+00:00,1550.314638,721.4825,721.4,721.32,721.41,721.27,1777638600000,65
2026-05-01 12:31:00+00:00,5536.488084,721.3988,721.26,721.27,721.38,721.25,1777638660000,101
2026-05-01 12:32:00+00:00,8829.372896,721.2067,721.25,721.21,721.29,721.15,1777638720000,189
2026-05-01 12:33:00+00:00,829.227287,721.4355,721.22,721.28,721.28,721.2,1777638780000,44
2026-05-01 12:34:00+00:00,5844.245776,721.283,721.2653,721.26,721.29,721.25,1777638840000,68
2026-05-01 12:35:00+00:00,20622.719132,721.273,721.24,721.25,721.3,721.24,1777638900000,129
2026-05-01 12:36:00+00:00,16717.071789,721.2282,721.2,721.25,721.25,721.18,1777638960000,117
2026-05-01 12:37:00+00:00,6540.026494,721.2028,721.21,721.21,721.23,721.18,1777639020000,105
2026-05-01 12:38:00+00:00,11779.994523,721.2611,721.2,721.15,721.21,721.15,1777639080000,87
2026-05-01 12:39:00+00:00,5843.797204,721.1882,721.12,721.199,721.199,721.02,1777639140000,93
2026-05-01 12:40:00+00:00,2823.727629,721.341,721.18,721.15,721.18,721.13,1777639200000,61
2026-05-01 12:41:00+00:00,37366.198618,720.9866,721.11,720.71,721.13,720.71,1777639260000,356
2026-05-01 12:42:00+00:00,12856.858785,720.7798,720.72,720.79,720.84,720.68,1777639320000,119
2026-05-01 12:43:00+00:00,6754.541798,720.8601,720.84,720.71,720.85,720.71,1777639380000,123
2026-05-01 12:44:00+00:00,4269.125107,720.7841,720.71,720.67,720.82,720.67,1777639440000,85
2026-05-01 12:45:00+00:00,8888.822707,720.8171,720.68,720.81,720.82,720.65,1777639500000,150
2026-05-01 12:46:00+00:00,1715.805064,720.9712,720.83,720.63,720.83,720.6,1777639560000,69
2026-05-01 12:47:00+00:00,1223.562735,721.0326,720.7,720.72,720.75,720.7,1777639620000,39
2026-05-01 12:48:00+00:00,1622.641002,720.9698,720.6857,720.67,720.72,720.67,1777639680000,49
2026-05-01 12:49:00+00:00,430.519626,721.5654,720.69,720.69,720.69,720.69,1777639740000,34
2026-05-01 12:50:00+00:00,1020.850411,721.2881,720.7,720.69,720.74,720.67,1777639800000,53
2026-05-01 12:51:00+00:00,900.962621,721.5505,720.76,720.8,720.8,720.76,1777639860000,57
2026-05-01 12:52:00+00:00,3898.605779,720.9531,720.82,720.8,720.86,720.8,1777639920000,76
2026-05-01 12:53:00+00:00,2185.581793,720.988,720.8,720.795,720.81,720.76,1777639980000,40
2026-05-01 12:54:00+00:00,2814.679318,720.9447,720.76,720.801,720.82,720.76,1777640040000,68
2026-05-01 12:55:00+00:00,2823.010347,720.834,720.81,720.82,720.86,720.81,1777640100000,74
2026-05-01 12:56:00+00:00,9184.822641,720.8682,720.84,720.79,720.8475,720.77,1777640160000,132
2026-05-01 12:57:00+00:00,1708.035256,720.8163,720.79,720.8199,720.82,720.79,1777640220000,38
2026-05-01 12:58:00+00:00,901.110502,720.8368,720.72,720.79,720.79,720.7,1777640280000,39
2026-05-01 12:59:00+00:00,1644.681822,721.0384,720.75,720.7,720.75,720.7,1777640340000,55
2026-05-01 13:00:00+00:00,5552.545048,720.7038,720.65,720.71,720.74,720.61,1777640400000,96
2026-05-01 13:01:00+00:00,362.559482,721.8961,720.8,720.8,720.8,720.8,1777640460000,47
2026-05-01 13:02:00+00:00,1501.593412,721.0994,720.82,720.81,720.85,720.79,1777640520000,68
2026-05-01 13:03:00+00:00,813.152137,720.9601,720.8,720.83,720.84,720.8,1777640580000,52
2026-05-01 13:04:00+00:00,1982.839927,721.164,720.85,720.82,720.9,720.82,1777640640000,92
2026-05-01 13:05:00+00:00,2714.477572,720.9986,720.82,720.89,720.93,720.81,1777640700000,79
2026-05-01 13:06:00+00:00,2945.813779,721.1172,720.88,720.95,720.95,720.87,1777640760000,103
2026-05-01 13:07:00+00:00,5625.008261,721.1125,720.99,721.2,721.23,720.99,1777640820000,138
2026-05-01 13:08:00+00:00,6448.837689,721.3067,721.21,721.181,721.27,721.14,1777640880000,159
2026-05-01 13:09:00+00:00,4574.783194,721.3742,721.22,721.22,721.31,721.22,1777640940000,109
2026-05-01 13:10:00+00:00,2752.566964,721.3373,721.22,721.2748,721.2748,721.14,1777641000000,93
2026-05-01 13:11:00+00:00,3293.991487,721.5018,721.24,721.32,721.34,721.22,1777641060000,97
2026-05-01 13:12:00+00:00,4785.268324,721.2905,721.33,721.18,721.37,721.16,1777641120000,112
2026-05-01 13:13:00+00:00,12013.518538,721.0745,721.17,721.05,721.1995,721.01,1777641180000,184
2026-05-01 13:14:00+00:00,3573.120118,721.0276,721.06,721.01,721.09,720.97,1777641240000,88
2026-05-01 13:15:00+00:00,2572.968131,721.2476,721.0,720.94,721.06,720.94,1777641300000,74
2026-05-01 13:16:00+00:00,1662.456375,721.1528,720.94,720.97,720.99,720.94,1777641360000,53
2026-05-01 13:17:00+00:00,1904.361437,721.1621,720.96,721.13,721.13,720.94,1777641420000,177
2026-05-01 13:18:00+00:00,3267.216579,721.1729,721.13,721.13,721.18,721.11,1777641480000,99
2026-05-01 13:19:00+00:00,1285.966697,721.6335,721.1,721.09,721.13,721.05,1777641540000,59
2026-05-01 13:20:00+00:00,3323.453585,721.2659,721.09,721.31,721.31,721.09,1777641600000,111
2026-05-01 13:21:00+00:00,4104.780956,721.4171,721.32,721.24,721.32,721.24,1777641660000,72
2026-05-01 13:22:00+00:00,2321.816408,721.4932,721.22,721.25,721.29,721.21,1777641720000,55
2026-05-01 13:23:00+00:00,3766.254589,721.3369,721.28,721.23,721.33,721.22,1777641780000,79
2026-05-01 13:24:00+00:00,3120.516072,721.3636,721.25,721.24,721.28,721.21,1777641840000,71
2026-05-01 13:25:00+00:00,38010.500623,721.1742,721.2,721.05,721.35,721.02,1777641900000,584
2026-05-01 13:26:00+00:00,10106.385507,721.0338,721.0,721.05,721.05,720.94,1777641960000,121
2026-05-01 13:27:00+00:00,12120.168304,721.0924,721.06,721.13,721.13,721.0,1777642020000,193
2026-05-01 13:28:00+00:00,16469.763243,721.2304,721.13,721.19,721.27,721.13,1777642080000,301
2026-05-01 13:29:00+00:00,11529.142053,721.0948,721.11,721.25,721.25,721.0,1777642140000,163
2026-05-01 13:30:00+00:00,614364.519131,721.0872,721.25,721.19,721.41,720.74,1777642200000,13459
2026-05-01 13:31:00+00:00,294483.362793,721.4618,721.23,721.55,721.73,720.96,1777642260000,3332
2026-05-01 13:32:00+00:00,317828.692146,721.7541,721.55,721.93,721.96,721.52,1777642320000,3897
2026-05-01 13:33:00+00:00,180195.720488,721.9975,721.93,722.17,722.21,721.83,1777642380000,2968
2026-05-01 13:34:00+00:00,145624.217025,722.2125,722.21,722.32,722.36,722.07,1777642440000,2525
2026-05-01 13:35:00+00:00,171653.8285,722.4072,722.34,722.5093,722.52,722.31,1777642500000,2902
2026-05-01 13:36:00+00:00,156045.067585,722.3582,722.51,722.42,722.51,722.26,1777642560000,2325
2026-05-01 13:37:00+00:00,174184.571685,722.4572,722.48,722.46,722.61,722.3001,1777642620000,2715
2026-05-01 13:38:00+00:00,141847.177824,722.2435,722.45,722.27,722.45,722.12,1777642680000,2256
2026-05-01 13:39:00+00:00,88463.313903,722.217,722.28,722.11,722.33,722.08,1777642740000,1877
2026-05-01 13:40:00+00:00,219931.008555,722.1929,722.12,722.44,722.45,722.0,1777642800000,3339
2026-05-01 13:41:00+00:00,130009.014321,722.4266,722.445,722.49,722.62,722.28,1777642860000,1828
2026-05-01 13:42:00+00:00,163311.73088,722.3296,722.49,722.3599,722.5171,722.1001,1777642920000,2301
2026-05-01 13:43:00+00:00,159278.835109,722.2358,722.33,722.2399,722.33,722.12,1777642980000,1836
2026-05-01 13:44:00+00:00,101443.419437,722.3602,722.202,722.52,722.54,722.2,1777643040000,1513
2026-05-01 13:45:00+00:00,91254.486239,722.284,722.49,722.2,722.54,722.11,1777643100000,1706
2026-05-01 13:46:00+00:00,98591.507426,722.0673,722.16,721.999,722.19,721.94,1777643160000,1721
2026-05-01 13:47:00+00:00,116993.150841,722.0515,721.985,722.0204,722.19,721.9401,1777643220000,1354
2026-05-01 13:48:00+00:00,92188.265194,722.2078,722.03,722.19,722.36,722.0,1777643280000,1404
2026-05-01 13:49:00+00:00,60361.394644,722.2035,722.18,722.18,722.31,722.06,1777643340000,1160
2026-05-01 13:50:00+00:00,189127.32518,722.2551,722.21,722.65,722.67,721.87,1777643400000,3081
2026-05-01 13:51:00+00:00,78039.126685,722.4796,722.63,722.425,722.64,722.34,1777643460000,1436
2026-05-01 13:52:00+00:00,86333.040112,722.4002,722.4201,722.43,722.56,722.225,1777643520000,1700
2026-05-01 13:53:00+00:00,70057.887368,722.4074,722.41,722.465,722.49,722.3,1777643580000,1138
2026-05-01 13:54:00+00:00,186990.005794,722.6467,722.48,722.56,722.91,722.4284,1777643640000,2958
2026-05-01 13:55:00+00:00,401756.829019,723.2569,722.6,723.32,723.95,722.6,1777643700000,5737
2026-05-01 13:56:00+00:00,211623.950642,723.4032,723.3,723.515,723.61,723.25,1777643760000,2420
2026-05-01 13:57:00+00:00,118167.396769,723.6011,723.51,723.58,723.75,723.48,1777643820000,1750
2026-05-01 13:58:00+00:00,138168.012191,723.6685,723.6,723.805,723.86,723.45,1777643880000,1977
2026-05-01 13:59:00+00:00,130813.061875,723.9154,723.81,724.175,724.24,723.7,1777643940000,2133
2026-05-01 14:00:00+00:00,192083.806898,724.1842,724.19,724.26,724.43,723.95,1777644000000,2610
2026-05-01 14:01:00+00:00,113846.023943,724.3857,724.28,724.42,724.52,724.22,1777644060000,1614
2026-05-01 14:02:00+00:00,119345.255741,724.4436,724.44,724.39,724.56,724.27,1777644120000,1724
2026-05-01 14:03:00+00:00,60043.177475,724.5293,724.43,724.59,724.65,724.36,1777644180000,1182
2026-05-01 14:04:00+00:00,155112.381218,724.408,724.62,724.354,724.62,724.29,1777644240000,2227
2026-05-01 14:05:00+00:00,151159.855474,724.0753,724.36,724.06,724.38,723.77,1777644300000,2461
2026-05-01 14:06:00+00:00,67035.547101,724.1579,724.07,724.2399,724.2799,724.05,1777644360000,1533
2026-05-01 14:07:00+00:00,131168.900874,724.1903,724.22,724.09,724.3,724.0,1777644420000,1442
2026-05-01 14:08:00+00:00,63046.978268,724.019,724.08,724.06,724.11,723.924,1777644480000,1289
2026-05-01 14:09:00+00:00,62673.818875,724.1119,724.0699,724.0523,724.22,724.035,1777644540000,1459
2026-05-01 14:10:00+00:00,98073.591743,724.1599,724.06,724.1,724.27,724.04,1777644600000,1440
2026-05-01 14:11:00+00:00,108132.967643,724.0614,724.1,724.15,724.21,723.93,1777644660000,1716
2026-05-01 14:12:00+00:00,114644.413908,724.2917,724.16,724.49,724.55,724.09,1777644720000,1994
2026-05-01 14:13:00+00:00,76436.734781,724.539,724.47,724.54,724.66,724.435,1777644780000,1510
2026-05-01 14:14:00+00:00,59633.801924,724.501,724.55,724.45,724.62,724.36,1777644840000,1393
2026-05-01 14:15:00+00:00,112025.521545,724.4308,724.45,724.23,724.58,724.21,1777644900000,1903
2026-05-01 14:16:00+00:00,113352.362782,724.4912,724.23,724.44,724.65,724.18,1777644960000,1986
2026-05-01 14:17:00+00:00,304762.387353,719.5787,724.44,724.445,724.58,724.41,1777645020000,1440
2026-05-01 14:18:00+00:00,90400.343951,724.3811,724.43,724.23,724.475,724.215,1777645080000,1599
2026-05-01 14:19:00+00:00,43937.026221,724.4128,724.23,724.46,724.54,724.23,1777645140000,1272
2026-05-01 14:20:00+00:00,59753.015095,724.5864,724.48,724.57,724.67,724.48,1777645200000,1383
2026-05-01 14:21:00+00:00,80828.825913,724.6733,724.54,724.72,724.77,724.54,1777645260000,1582
2026-05-01 14:22:00+00:00,111435.717649,724.7854,724.71,724.78,724.87,724.685,1777645320000,1880
2026-05-01 14:23:00+00:00,94719.037344,724.6873,724.785,724.65,724.81,724.55,1777645380000,1769
2026-05-01 14:24:00+00:00,74469.750223,724.7324,724.66,724.585,724.8,724.57,1777645440000,1649
2026-05-01 14:25:00+00:00,96799.394341,724.4917,724.585,724.465,724.59,724.41,1777645500000,1995
2026-05-01 14:26:00+00:00,82181.594533,724.4615,724.4682,724.47,724.554,724.35,1777645560000,2060
2026-05-01 14:27:00+00:00,61220.736818,724.5254,724.47,724.54,724.6,724.415,1777645620000,1589
2026-05-01 14:28:00+00:00,36492.279358,724.4794,724.54,724.39,724.56,724.3502,1777645680000,1159
2026-05-01 14:29:00+00:00,100671.377667,724.2948,724.39,724.2588,724.43,724.18,1777645740000,1811
2026-05-01 14:30:00+00:00,147533.759897,724.0463,724.27,723.88,724.27,723.81,1777645800000,2497
2026-05-01 14:31:00+00:00,191272.217399,723.7822,723.87,723.8199,723.88,723.68,1777645860000,2776
2026-05-01 14:32:00+00:00,155857.32196,723.7269,723.82,723.57,724.0,723.56,1777645920000,2888
2026-05-01 14:33:00+00:00,120442.892982,723.716,723.565,723.7975,723.91,723.55,1777645980000,2274
2026-05-01 14:34:00+00:00,199800.748152,723.4075,723.79,723.29,723.79,723.11,1777646040000,2735
2026-05-01 14:35:00+00:00,136526.912416,723.272,723.29,723.1499,723.37,723.135,1777646100000,2359
2026-05-01 14:36:00+00:00,157881.787636,722.848,723.12,722.75,723.16,722.62,1777646160000,2764
2026-05-01 14:37:00+00:00,154716.427155,722.6438,722.75,722.39,722.92,722.3,1777646220000,2806
2026-05-01 14:38:00+00:00,146821.464996,722.5214,722.4,722.75,722.77,722.3686,1777646280000,2244
2026-05-01 14:39:00+00:00,245915.043474,722.8719,722.78,722.85,723.04,722.57,1777646340000,2771
2026-05-01 14:40:00+00:00,142471.074982,722.679,722.845,722.6999,722.9,722.488,1777646400000,1908
2026-05-01 14:41:00+00:00,112971.776217,722.6545,722.67,722.58,722.735,722.47,1777646460000,2009
2026-05-01 14:42:00+00:00,117239.438381,722.7234,722.6,722.77,722.8699,722.49,1777646520000,2044
2026-05-01 14:43:00+00:00,96106.803007,723.0351,722.7875,723.2001,723.21,722.77,1777646580000,1634
2026-05-01 14:44:00+00:00,125260.623569,722.9884,723.22,722.96,723.3,722.9,1777646640000,1640
2026-05-01 14:45:00+00:00,104090.157467,722.9196,722.9101,723.105,723.1099,722.835,1777646700000,1594
2026-05-01 14:46:00+00:00,78737.798401,723.2135,723.12,723.14,723.29,723.1,1777646760000,1701
2026-05-01 14:47:00+00:00,48580.132773,723.2129,723.13,723.05,723.39,723.01,1777646820000,1309
2026-05-01 14:48:00+00:00,43999.516069,723.113,723.049,723.23,723.28,722.94,1777646880000,1185
2026-05-01 14:49:00+00:00,38927.633086,723.2147,723.24,723.16,723.28,723.115,1777646940000,1153
2026-05-01 14:50:00+00:00,91380.742674,722.8442,723.14,722.86,723.1499,722.6661,1777647000000,1775
2026-05-01 14:51:00+00:00,55748.930068,722.9447,722.87,723.2499,723.27,722.79,1777647060000,1274
2026-05-01 14:52:00+00:00,31419.586172,723.1536,723.22,723.1,723.29,723.01,1777647120000,1174
2026-05-01 14:53:00+00:00,44140.16727,723.0827,723.1,723.03,723.17,723.0,1777647180000,1168
2026-05-01 14:54:00+00:00,37633.598487,723.0648,723.04,722.87,723.2,722.85,1777647240000,1207
2026-05-01 14:55:00+00:00,68351.015482,723.0132,722.87,723.0614,723.09,722.82,1777647300000,1526
2026-05-01 14:56:00+00:00,44705.109364,723.1034,723.0691,723.04,723.18,723.02,1777647360000,1274
2026-05-01 14:57:00+00:00,37204.57578,723.0741,723.045,723.04,723.12,722.9801,1777647420000,1088
2026-05-01 14:58:00+00:00,34477.905286,722.9453,723.025,722.9001,723.04,722.82,1777647480000,1154
2026-05-01 14:59:00+00:00,36375.969897,723.0006,722.89,722.72,723.0745,722.72,1777647540000,1102
2026-05-01 15:00:00+00:00,115659.349855,722.5905,722.73,722.67,722.7786,722.46,1777647600000,2039
2026-05-01 15:01:00+00:00,116997.722925,722.4182,722.645,722.48,722.65,722.21,1777647660000,2115
2026-05-01 15:02:00+00:00,123631.855153,722.208,722.49,722.36,722.53,722.04,1777647720000,1688
2026-05-01 15:03:00+00:00,49933.928285,722.4377,722.36,722.4401,722.5487,722.32,1777647780000,1115
2026-05-01 15:04:00+00:00,75769.587777,722.3248,722.435,722.33,722.53,722.15,1777647840000,1418
2026-05-01 15:05:00+00:00,69472.534711,722.3491,722.37,722.51,722.5496,722.16,1777647900000,1464
2026-05-01 15:06:00+00:00,99986.546336,722.5644,722.52,722.38,722.62,722.25,1777647960000,1178
2026-05-01 15:07:00+00:00,52153.664016,722.3396,722.38,722.22,722.45,722.2,1777648020000,1122
2026-05-01 15:08:00+00:00,22637.899099,722.4,722.25,722.43,722.48,722.2,1777648080000,1025
2026-05-01 15:09:00+00:00,41980.018607,722.5197,722.47,722.62,722.66,722.37,1777648140000,1154
2026-05-01 15:10:00+00:00,52110.553226,722.4894,722.61,722.39,722.69,722.36,1777648200000,1268
2026-05-01 15:11:00+00:00,30578.259516,722.5654,722.3693,722.62,722.67,722.36,1777648260000,1248
2026-05-01 15:12:00+00:00,41322.092396,722.7615,722.64,722.86,722.91,722.62,1777648320000,1254
2026-05-01 15:13:00+00:00,130586.812022,722.8432,722.84,722.98,723.015,722.73,1777648380000,2245
2026-05-01 15:14:00+00:00,34241.207895,722.8934,722.96,722.995,723.0,722.79,1777648440000,1063
2026-05-01 15:15:00+00:00,53839.64038,723.1069,723.0,723.0,723.18,722.96,1777648500000,1317
2026-05-01 15:16:00+00:00,36193.189547,723.04,723.02,722.885,723.17,722.85,1777648560000,1090
2026-05-01 15:17:00+00:00,31086.531018,722.9834,722.8999,723.0206,723.07,722.85,1777648620000,1013
2026-05-01 15:18:00+00:00,38295.097909,722.9874,723.04,722.93,723.1,722.9,1777648680000,1012
2026-05-01 15:19:00+00:00,30696.716892,722.973,722.93,722.995,723.03,722.79,1777648740000,1022
2026-05-01 15:20:00+00:00,51530.000561,723.1439,723.0,723.13,723.23,723.0,1777648800000,1507
2026-05-01 15:21:00+00:00,33322.513566,723.1414,723.13,723.23,723.23,723.05,1777648860000,981
2026-05-01 15:22:00+00:00,26833.842646,723.1973,723.21,723.16,723.28,723.06,1777648920000,961
2026-05-01 15:23:00+00:00,42984.814353,723.2866,723.17,723.29,723.34,723.15,1777648980000,1184
2026-05-01 15:24:00+00:00,37195.272842,723.3041,723.3,723.28,723.37,723.195,1777649040000,990
2026-05-01 15:25:00+00:00,102367.101102,723.3108,723.29,723.24,723.38,723.22,1777649100000,1474
2026-05-01 15:26:00+00:00,40660.012475,723.2288,723.24,723.245,723.31,723.11,1777649160000,1250
2026-05-01 15:27:00+00:00,30313.367834,723.2414,723.25,723.2207,723.28,723.142,1777649220000,1068
2026-05-01 15:28:00+00:00,68874.664384,723.1069,723.24,723.05,723.24,722.99,1777649280000,1545
2026-05-01 15:29:00+00:00,35396.342703,723.2338,723.06,723.29,723.32,723.06,1777649340000,1181
2026-05-01 15:30:00+00:00,59613.187556,723.3681,723.295,723.34,723.44,723.28,1777649400000,1444
2026-05-01 15:31:00+00:00,109074.357185,723.4129,723.355,723.33,723.51,723.33,1777649460000,1706
2026-05-01 15:32:00+00:00,52390.949349,723.3018,723.32,723.39,723.39,723.23,1777649520000,1130
2026-05-01 15:33:00+00:00,47918.554017,723.4045,723.39,723.23,723.45,723.23,1777649580000,1167
2026-05-01 15:34:00+00:00,45330.862378,723.2875,723.23,723.26,723.37,723.17,1777649640000,1061
2026-05-01 15:35:00+00:00,19546.905285,723.2799,723.2577,723.27,723.32,723.2,1777649700000,888
2026-05-01 15:36:00+00:00,32938.438094,723.3356,723.25,723.4,723.42,723.24,1777649760000,971
2026-05-01 15:37:00+00:00,134524.38041,723.7439,723.4,723.86,724.06,723.38,1777649820000,2495
2026-05-01 15:38:00+00:00,41331.615363,723.8559,723.87,723.79,723.92,723.76,1777649880000,1092
2026-05-01 15:39:00+00:00,29046.353112,723.8518,723.8,723.79,723.94,723.76,1777649940000,872
2026-05-01 15:40:00+00:00,41632.223918,723.8975,723.7701,723.87,723.96,723.7701,1777650000000,1053
2026-05-01 15:41:00+00:00,74295.069853,723.8667,723.88,723.89,723.94,723.8,1777650060000,1288
2026-05-01 15:42:00+00:00,404543.215974,723.9108,723.9,723.92,723.99,723.87,1777650120000,1162
2026-05-01 15:43:00+00:00,102339.316485,723.9887,723.92,723.99,724.03,723.9142,1777650180000,1500
2026-05-01 15:44:00+00:00,27760.500599,724.0309,723.98,724.01,724.05,723.97,1777650240000,964
2026-05-01 15:45:00+00:00,50493.466208,724.0561,724.005,723.99,724.1,723.99,1777650300000,1178
2026-05-01 15:46:00+00:00,43149.304705,724.1519,723.99,724.19,724.22,723.99,1777650360000,986
2026-05-01 15:47:00+00:00,69206.170995,724.2525,724.1899,724.3,724.3,724.1899,1777650420000,1265
2026-05-01 15:48:00+00:00,63803.783773,724.3039,724.27,724.27,724.35,724.2401,1777650480000,1249
2026-05-01 15:49:00+00:00,99689.206766,724.307,724.29,724.29,724.35,724.22,1777650540000,1445
2026-05-01 15:50:00+00:00,553378.710277,723.3279,724.3,723.43,724.38,722.71,1777650600000,9075
2026-05-01 15:51:00+00:00,165887.748242,723.4191,723.43,723.56,723.59,723.08,1777650660000,2803
2026-05-01 15:52:00+00:00,84926.107774,723.4129,723.55,723.51,723.59,723.19,1777650720000,1745
2026-05-01 15:53:00+00:00,155590.688224,723.3141,723.5,723.32,723.5,723.235,1777650780000,1937
2026-05-01 15:54:00+00:00,54753.45963,723.4304,723.345,723.4801,723.52,723.31,1777650840000,1237
2026-05-01 15:55:00+00:00,54543.073342,723.5533,723.5,723.65,723.7,723.43,1777650900000,1367
2026-05-01 15:56:00+00:00,82436.704131,723.6574,723.65,723.68,723.7,723.59,1777650960000,1448
2026-05-01 15:57:00+00:00,53147.214273,723.556,723.69,723.32,723.76,723.31,1777651020000,1262
2026-05-01 15:58:00+00:00,57193.550909,723.3221,723.31,723.39,723.41,723.26,1777651080000,1203
2026-05-01 15:59:00+00:00,42054.052095,723.4092,723.39,723.385,723.48,723.33,1777651140000,1019
2026-05-01 16:00:00+00:00,48106.836028,723.4744,723.36,723.38,723.57,723.31,1777651200000,1118
2026-05-01 16:01:00+00:00,37043.34421,723.4683,723.39,723.47,723.54,723.38,1777651260000,1004
2026-05-01 16:02:00+00:00,38494.234357,723.502,723.46,723.4,723.61,723.4,1777651320000,1088
2026-05-01 16:03:00+00:00,39586.802548,723.3968,723.405,723.33,723.43,723.32,1777651380000,1096
2026-05-01 16:04:00+00:00,46959.441342,723.3633,723.32,723.36,723.465,723.28,1777651440000,1232
2026-05-01 16:05:00+00:00,75476.380576,723.277,723.355,723.16,723.43,723.16,1777651500000,1578
2026-05-01 16:06:00+00:00,85185.470756,723.1215,723.14,723.12,723.21,723.01,1777651560000,1722
2026-05-01 16:07:00+00:00,183952.613726,722.9537,723.135,722.87,723.18,722.82,1777651620000,2077
2026-05-01 16:08:00+00:00,69568.229538,722.8427,722.875,722.76,722.94,722.73,1777651680000,1431
2026-05-01 16:09:00+00:00,164246.908447,722.612,722.76,722.54,722.78,722.47,1777651740000,2063
2026-05-01 16:10:00+00:00,83835.795652,722.4686,722.53,722.445,722.55,722.38,1777651800000,1844
2026-05-01 16:11:00+00:00,90526.657019,722.6018,722.44,722.57,722.66,722.41,1777651860000,1613
2026-05-01 16:12:00+00:00,74475.672357,722.6742,722.59,722.635,722.7207,722.5701,1777651920000,1468
2026-05-01 16:13:00+00:00,53731.5147,722.6952,722.625,722.66,722.76,722.61,1777651980000,1176
2026-05-01 16:14:00+00:00,75454.153679,722.5529,722.67,722.5,722.67,722.49,1777652040000,1679
2026-05-01 16:15:00+00:00,90153.917145,722.5534,722.49,722.62,722.66,722.47,1777652100000,1524
2026-05-01 16:16:00+00:00,71537.811195,722.7317,722.64,722.82,722.85,722.64,1777652160000,1470
2026-05-01 16:17:00+00:00,69616.842335,722.922,722.83,722.95,723.0,722.83,1777652220000,1451
2026-05-01 16:18:00+00:00,65856.602955,722.9428,722.945,722.775,723.04,722.775,1777652280000,1142
2026-05-01 16:19:00+00:00,68794.603862,722.8805,722.78,723.01,723.02,722.78,1777652340000,1154
2026-05-01 16:20:00+00:00,47998.316468,723.0089,723.01,722.925,723.08,722.925,1777652400000,955
2026-05-01 16:21:00+00:00,49857.791842,723.0246,722.95,723.035,723.12,722.88,1777652460000,948
2026-05-01 16:22:00+00:00,58204.195665,723.0598,723.035,723.14,723.16,723.01,1777652520000,947
2026-05-01 16:23:00+00:00,215496.708895,722.526,723.13,722.4,723.17,722.04,1777652580000,3576
2026-05-01 16:24:00+00:00,126955.422522,722.5103,722.38,722.54,722.75,722.27,1777652640000,2029
2026-05-01 16:25:00+00:00,174337.774323,722.1115,722.55,722.095,722.6,721.87,1777652700000,2364
2026-05-01 16:26:00+00:00,136123.951655,722.1802,722.09,722.185,722.28,722.04,1777652760000,1900
2026-05-01 16:27:00+00:00,118170.870218,722.2999,722.18,722.29,722.41,722.14,1777652820000,1465
2026-05-01 16:28:00+00:00,76355.985234,722.3,722.26,722.48,722.48,722.2,1777652880000,1155
2026-05-01 16:29:00+00:00,71403.153924,722.3497,722.48,722.14,722.48,722.13,1777652940000,1306
2026-05-01 16:30:00+00:00,100054.027715,722.1806,722.1201,722.17,722.26,722.04,1777653000000,1381
2026-05-01 16:31:00+00:00,62540.797924,722.0582,722.14,722.2411,722.25,721.95,1777653060000,1170
2026-05-01 16:32:00+00:00,98078.345621,722.0973,722.23,722.185,722.23,722.03,1777653120000,1236
2026-05-01 16:33:00+00:00,103271.086877,721.8424,722.13,721.81,722.17,721.63,1777653180000,1777
2026-05-01 16:34:00+00:00,81017.661119,721.8698,721.81,722.03,722.08,721.65,1777653240000,1268
2026-05-01 16:35:00+00:00,50799.521605,722.0727,722.01,722.08,722.16,721.95,1777653300000,861
2026-05-01 16:36:00+00:00,40534.147203,721.9895,722.09,722.015,722.09,721.91,1777653360000,731
2026-05-01 16:37:00+00:00,44121.814356,722.0023,721.99,721.99,722.16,721.81,1777653420000,825
2026-05-01 16:38:00+00:00,40267.504767,722.0548,722.04,722.03,722.13,721.98,1777653480000,790
2026-05-01 16:39:00+00:00,93427.418853,722.158,722.02,722.27,722.34,722.0,1777653540000,1234
2026-05-01 16:40:00+00:00,36087.875673,722.1469,722.23,721.99,722.32,721.95,1777653600000,820
2026-05-01 16:41:00+00:00,42196.784091,722.0871,722.0,722.15,722.1699,721.99,1777653660000,709
2026-05-01 16:42:00+00:00,37857.108527,722.0242,722.15,721.91,722.17,721.9,1777653720000,709
2026-05-01 16:43:00+00:00,83045.927474,721.9291,721.905,721.98,721.98,721.83,1777653780000,849
2026-05-01 16:44:00+00:00,39189.819173,721.8489,721.97,721.69,721.98,721.69,1777653840000,1004
2026-05-01 16:45:00+00:00,92469.433885,721.727,721.68,721.88,721.9099,721.55,1777653900000,1684
2026-05-01 16:46:00+00:00,56290.188845,721.7756,721.89,721.75,721.91,721.69,1777653960000,779
2026-05-01 16:47:00+00:00,50944.784549,721.6168,721.74,721.801,721.801,721.49,1777654020000,1099
2026-05-01 16:48:00+00:00,48466.479409,721.6658,721.8,721.5799,721.86,721.54,1777654080000,915
2026-05-01 16:49:00+00:00,38555.586997,721.6473,721.55,721.69,721.7,721.55,1777654140000,747
2026-05-01 16:50:00+00:00,48418.46001,721.641,721.695,721.7749,721.8,721.5581,1777654200000,811
2026-05-01 16:51:00+00:00,57337.764323,721.8672,721.79,721.85,721.9,721.78,1777654260000,1043
2026-05-01 16:52:00+00:00,45581.360549,721.7815,721.88,721.7399,721.88,721.66,1777654320000,750
2026-05-01 16:53:00+00:00,48994.090489,721.828,721.74,721.9097,721.98,721.7,1777654380000,885
2026-05-01 16:54:00+00:00,59162.685126,722.1108,721.9,722.15,722.18,721.9,1777654440000,1085
2026-05-01 16:55:00+00:00,42550.681768,722.2537,722.16,722.2536,722.31,722.155,1777654500000,851
2026-05-01 16:56:00+00:00,67459.192381,722.2034,722.26,722.1014,722.335,722.095,1777654560000,1126
2026-05-01 16:57:00+00:00,43986.01452,722.1759,722.1,722.15,722.23,722.075,1777654620000,705
2026-05-01 16:58:00+00:00,55163.342103,722.2303,722.15,722.28,722.36,722.12,1777654680000,958
2026-05-01 16:59:00+00:00,53395.691322,722.0974,722.28,721.89,722.28,721.87,1777654740000,945
2026-05-01 17:00:00+00:00,49127.152779,722.0248,721.89,722.08,722.11,721.86,1777654800000,846
2026-05-01 17:01:00+00:00,85852.345512,722.2036,722.12,722.29,722.31,722.09,1777654860000,1300
2026-05-01 17:02:00+00:00,82993.831297,722.3215,722.29,722.46,722.46,722.19,1777654920000,1432
2026-05-01 17:03:00+00:00,424538.093257,722.2545,722.45,722.22,722.45,722.16,1777654980000,1121
2026-05-01 17:04:00+00:00,98406.40604,722.184,722.2,722.15,722.26,722.07,1777655040000,1301
2026-05-01 17:05:00+00:00,40711.796085,722.2442,722.1599,722.28,722.29,722.1599,1777655100000,750
2026-05-01 17:06:00+00:00,77096.558082,722.3264,722.29,722.32,722.36,722.265,1777655160000,1311
2026-05-01 17:07:00+00:00,37414.941904,722.3215,722.31,722.26,722.38,722.2002,1777655220000,682
2026-05-01 17:08:00+00:00,29615.95696,722.2527,722.2501,722.19,722.31,722.14,1777655280000,607
2026-05-01 17:09:00+00:00,160551.224387,719.3331,722.17,722.21,722.24,722.11,1777655340000,672
2026-05-01 17:10:00+00:00,36110.969206,722.2871,722.1903,722.3062,722.31,722.1903,1777655400000,764
2026-05-01 17:11:00+00:00,107977.293468,722.3166,722.29,722.3,722.39,722.27,1777655460000,693
2026-05-01 17:12:00+00:00,45588.268635,722.2912,722.31,722.33,722.33,722.23,1777655520000,976
2026-05-01 17:13:00+00:00,36583.158463,722.3054,722.325,722.299,722.34,722.25,1777655580000,779
2026-05-01 17:14:00+00:00,57140.559701,722.4266,722.29,722.5099,722.54,722.28,1777655640000,1201
2026-05-01 17:15:00+00:00,68967.796487,722.5468,722.5,722.559,722.61,722.47,1777655700000,1190
2026-05-01 17:16:00+00:00,58983.693468,722.5896,722.57,722.58,722.62,722.53,1777655760000,1206
2026-05-01 17:17:00+00:00,46590.460556,722.481,722.57,722.45,722.585,722.31,1777655820000,977
2026-05-01 17:18:00+00:00,42829.172669,722.604,722.46,722.65,722.67,722.44,1777655880000,818
2026-05-01 17:19:00+00:00,36919.181038,722.671,722.66,722.68,722.72,722.62,1777655940000,641
2026-05-01 17:20:00+00:00,39527.795633,722.7611,722.69,722.68,722.82,722.66,1777656000000,866
2026-05-01 17:21:00+00:00,45429.759145,722.8101,722.66,722.84,722.88,722.64,1777656060000,960
2026-05-01 17:22:00+00:00,33123.196799,722.8754,722.84,722.86,722.92,722.81,1777656120000,855
2026-05-01 17:23:00+00:00,53525.629707,722.8352,722.87,722.81,722.87,722.762,1777656180000,943
2026-05-01 17:24:00+00:00,52920.036729,722.8149,722.81,722.76,722.88,722.732,1777656240000,886
2026-05-01 17:25:00+00:00,38473.970314,722.8025,722.77,722.765,722.82,722.73,1777656300000,796
2026-05-01 17:26:00+00:00,66903.585574,722.8542,722.77,722.77,722.91,722.735,1777656360000,1029
2026-05-01 17:27:00+00:00,40242.832341,722.8286,722.76,722.83,722.86,722.72,1777656420000,862
2026-05-01 17:28:00+00:00,31697.359553,722.9117,722.855,722.92,722.93,722.855,1777656480000,746
2026-05-01 17:29:00+00:00,38713.624727,722.9538,722.92,722.98,722.98,722.9,1777656540000,798
2026-05-01 17:30:00+00:00,54745.498463,723.0063,722.96,722.98,723.06,722.94,1777656600000,1339
2026-05-01 17:31:00+00:00,50798.751873,723.0248,722.97,723.0,723.07,722.92,1777656660000,1367
2026-05-01 17:32:00+00:00,58649.841472,723.0546,723.0,723.0425,723.1,722.99,1777656720000,1194
2026-05-01 17:33:00+00:00,43502.974937,723.0477,723.02,723.04,723.07,722.985,1777656780000,1107
2026-05-01 17:34:00+00:00,30314.914205,723.0623,723.049,722.96,723.09,722.96,1777656840000,988
2026-05-01 17:35:00+00:00,37229.974161,722.9601,722.96,722.9,722.98,722.88,1777656900000,958
2026-05-01 17:36:00+00:00,52375.709231,722.8309,722.89,722.83,722.93,722.71,1777656960000,1053
2026-05-01 17:37:00+00:00,103627.518947,722.6985,722.84,722.77,722.84,722.65,1777657020000,1163
2026-05-01 17:38:00+00:00,24714.250557,722.7431,722.77,722.66,722.84,722.62,1777657080000,690
2026-05-01 17:39:00+00:00,41050.816121,722.7951,722.66,722.81,722.85,722.645,1777657140000,865
2026-05-01 17:40:00+00:00,47695.306336,722.9505,722.82,722.91,723.0,722.82,1777657200000,1035
2026-05-01 17:41:00+00:00,49847.311593,722.9453,722.895,722.96,722.99,722.88,1777657260000,679
2026-05-01 17:42:00+00:00,29494.926486,723.0233,722.97,722.93,723.0434,722.93,1777657320000,651
2026-05-01 17:43:00+00:00,36769.503955,722.9123,722.95,722.91,722.95,722.84,1777657380000,761
2026-05-01 17:44:00+00:00,33067.883944,722.9183,722.92,722.91,722.95,722.85,1777657440000,706
2026-05-01 17:45:00+00:00,33816.12107,722.8973,722.9,722.92,722.94,722.85,1777657500000,766
2026-05-01 17:46:00+00:00,27823.696017,722.9512,722.91,722.95,722.98,722.87,1777657560000,963
2026-05-01 17:47:00+00:00,41732.539251,722.9219,722.93,722.84,722.98,722.84,1777657620000,962
2026-05-01 17:48:00+00:00,46335.449152,722.8539,722.83,722.87,722.89,722.8075,1777657680000,793
2026-05-01 17:49:00+00:00,38359.019924,722.8663,722.87,722.84,722.91,722.8,1777657740000,750
2026-05-01 17:50:00+00:00,38182.904737,722.9013,722.87,722.89,722.91,722.85,1777657800000,870
2026-05-01 17:51:00+00:00,26844.073476,722.805,722.89,722.79,722.89,722.76,1777657860000,679
2026-05-01 17:52:00+00:00,36218.309759,722.8574,722.79,722.84,722.93,722.79,1777657920000,741
2026-05-01 17:53:00+00:00,199361.667208,723.0851,722.84,723.04,723.22,722.81,1777657980000,2945
2026-05-01 17:54:00+00:00,56354.908783,723.088,723.04,722.98,723.14,722.97,1777658040000,838
2026-05-01 17:55:00+00:00,45363.669992,723.0565,722.98,723.05,723.1,722.95,1777658100000,931
2026-05-01 17:56:00+00:00,36700.96913,723.0203,722.995,722.95,723.045,722.94,1777658160000,856
2026-05-01 17:57:00+00:00,50093.196069,722.9778,722.94,722.96,723.02,722.93,1777658220000,1158
2026-05-01 17:58:00+00:00,52989.14255,722.9754,722.95,722.91,723.01,722.91,1777658280000,909
2026-05-01 17:59:00+00:00,38956.620802,722.8838,722.91,722.8,722.94,722.78,1777658340000,750
2026-05-01 18:00:00+00:00,52630.217759,722.8853,722.79,722.839,722.92,722.78,1777658400000,1024
2026-05-01 18:01:00+00:00,49295.389254,722.8057,722.81,722.78,722.865,722.73,1777658460000,1008
2026-05-01 18:02:00+00:00,55769.968597,722.6651,722.75,722.55,722.77,722.5,1777658520000,1147
2026-05-01 18:03:00+00:00,25781.501035,722.6123,722.54,722.57,722.65,722.53,1777658580000,735
2026-05-01 18:04:00+00:00,37513.966434,722.5493,722.59,722.4828,722.61,722.46,1777658640000,864
2026-05-01 18:05:00+00:00,92793.352686,722.3824,722.5,722.3001,722.5,722.23,1777658700000,1341
2026-05-01 18:06:00+00:00,47823.317012,722.2584,722.31,722.33,722.39,722.16,1777658760000,1067
2026-05-01 18:07:00+00:00,74393.830926,722.3189,722.3304,722.33,722.4,722.25,1777658820000,951
2026-05-01 18:08:00+00:00,32207.716489,722.3815,722.32,722.43,722.46,722.3,1777658880000,1784
2026-05-01 18:09:00+00:00,39710.032642,722.4747,722.435,722.455,722.56,722.41,1777658940000,1986
2026-05-01 18:10:00+00:00,41876.509812,722.3995,722.45,722.39,722.51,722.31,1777659000000,2174
2026-05-01 18:11:00+00:00,91310.389068,722.4264,722.39,722.27,722.39,722.27,1777659060000,5658
2026-05-01 18:12:00+00:00,48516.489251,722.279,722.275,722.27,722.33,722.19,1777659120000,3906
2026-05-01 18:13:00+00:00,38363.028011,722.1811,722.25,722.15,722.25,722.15,1777659180000,941
2026-05-01 18:14:00+00:00,81094.726439,722.0082,722.15,721.82,722.17,721.7578,1777659240000,1615
2026-05-01 18:15:00+00:00,72890.2761,721.8631,721.81,721.78,721.95,721.76,1777659300000,2341
2026-05-01 18:16:00+00:00,76626.993289,721.621,721.7699,721.52,721.77,721.5,1777659360000,2979
2026-05-01 18:17:00+00:00,79569.472509,721.6764,721.51,721.79,721.81,721.51,1777659420000,1228
2026-05-01 18:18:00+00:00,502575.306831,722.1541,721.7899,721.805,721.86,721.77,1777659480000,1055
2026-05-01 18:19:00+00:00,58755.352392,721.8998,721.81,721.84,721.98,721.805,1777659540000,1113
2026-05-01 18:20:00+00:00,34296.511272,721.805,721.82,721.77,721.89,721.74,1777659600000,680
2026-05-01 18:21:00+00:00,37754.454807,721.8302,721.78,721.81,721.89,721.74,1777659660000,842
2026-05-01 18:22:00+00:00,52818.710276,721.9703,721.81,721.9,722.06,721.81,1777659720000,962
2026-05-01 18:23:00+00:00,56025.60384,721.9764,721.91,721.96,722.0,721.91,1777659780000,888
2026-05-01 18:24:00+00:00,56553.488864,722.0275,721.965,722.08,722.09,721.94,1777659840000,1110
2026-05-01 18:25:00+00:00,63736.937676,721.9646,722.05,721.92,722.09,721.87,1777659900000,1007
2026-05-01 18:26:00+00:00,62719.37589,721.9612,721.9,721.89,722.02,721.89,1777659960000,1067
2026-05-01 18:27:00+00:00,25604.915403,721.9397,721.89,721.985,721.99,721.88,1777660020000,577
2026-05-01 18:28:00+00:00,32238.20683,722.0684,721.99,722.01,722.16,721.98,1777660080000,751
2026-05-01 18:29:00+00:00,84341.053016,722.0225,722.0,722.18,722.24,721.91,1777660140000,1583
2026-05-01 18:30:00+00:00,57218.817749,722.078,722.14,721.96,722.2,721.93,1777660200000,1326
2026-05-01 18:31:00+00:00,142818.554248,721.9459,721.96,721.815,722.14,721.78,1777660260000,2447
2026-05-01 18:32:00+00:00,61974.93657,721.8306,721.81,721.85,721.89,721.74,1777660320000,894
2026-05-01 18:33:00+00:00,70019.321397,721.6897,721.8499,721.62,721.85,721.58,1777660380000,1249
2026-05-01 18:34:00+00:00,57313.346034,721.6088,721.59,721.58,721.68,721.55,1777660440000,1067
2026-05-01 18:35:00+00:00,71807.668386,721.3873,721.57,721.4,721.57,721.25,1777660500000,1256
2026-05-01 18:36:00+00:00,86877.200168,721.4146,721.4099,721.511,721.54,721.321,1777660560000,1445
2026-05-01 18:37:00+00:00,54546.662766,721.4251,721.53,721.295,721.6,721.28,1777660620000,1291
2026-05-01 18:38:00+00:00,53146.216372,721.3641,721.2901,721.36,721.425,721.28,1777660680000,957
2026-05-01 18:39:00+00:00,36604.007224,721.3865,721.3501,721.35,721.49,721.33,1777660740000,813
2026-05-01 18:40:00+00:00,58227.122435,721.3669,721.35,721.35,721.41,721.32,1777660800000,945
2026-05-01 18:41:00+00:00,50521.730519,721.3592,721.345,721.34,721.435,721.3,1777660860000,1070
2026-05-01 18:42:00+00:00,52581.221785,721.3687,721.3296,721.3875,721.44,721.285,1777660920000,995
2026-05-01 18:43:00+00:00,47501.21332,721.2939,721.37,721.19,721.46,721.19,1777660980000,1011
2026-05-01 18:44:00+00:00,50791.24429,721.1902,721.18,721.22,721.23,721.11,1777661040000,906
2026-05-01 18:45:00+00:00,55353.769709,721.1459,721.2101,721.08,721.27,721.04,1777661100000,977
2026-05-01 18:46:00+00:00,169497.773643,720.9164,721.0799,721.11,721.11,720.78,1777661160000,2151
2026-05-01 18:47:00+00:00,77047.191366,721.2109,721.11,721.13,721.31,721.1,1777661220000,1312
2026-05-01 18:48:00+00:00,64143.27518,721.1049,721.13,721.02,721.17,721.02,1777661280000,764
2026-05-01 18:49:00+00:00,128316.655278,721.0352,721.01,721.115,721.2,720.96,1777661340000,1587
2026-05-01 18:50:00+00:00,63970.080293,721.1292,721.12,721.24,721.24,721.06,1777661400000,755
2026-05-01 18:51:00+00:00,60189.748542,721.2396,721.25,721.13,721.32,721.1001,1777661460000,1096
2026-05-01 18:52:00+00:00,42936.246714,721.0246,721.13,721.0,721.13,720.98,1777661520000,898
2026-05-01 18:53:00+00:00,41547.805946,721.0922,721.0,721.07,721.16,720.98,1777661580000,944
2026-05-01 18:54:00+00:00,61203.402041,721.0632,721.08,721.05,721.09,720.99,1777661640000,778
2026-05-01 18:55:00+00:00,63882.224082,721.149,721.07,721.2599,721.26,721.05,1777661700000,1250
2026-05-01 18:56:00+00:00,63415.094348,721.191,721.26,721.0999,721.3,721.06,1777661760000,1338
2026-05-01 18:57:00+00:00,68068.111017,721.0995,721.1,721.02,721.15,721.0,1777661820000,1158
2026-05-01 18:58:00+00:00,48797.948621,721.0897,721.0,721.05,721.13,721.0,1777661880000,1002
2026-05-01 18:59:00+00:00,81079.797125,721.1394,721.08,721.17,721.22,721.08,1777661940000,1267
2026-05-01 19:00:00+00:00,83010.022779,721.144,721.17,721.15,721.19,721.09,1777662000000,1213
2026-05-01 19:01:00+00:00,74661.485969,721.3518,721.17,721.41,721.44,721.15,1777662060000,1611
2026-05-01 19:02:00+00:00,103614.286884,721.5098,721.4003,721.5099,721.58,721.3901,1777662120000,1678
2026-05-01 19:03:00+00:00,46801.952302,721.4998,721.505,721.46,721.56,721.39,1777662180000,1084
2026-05-01 19:04:00+00:00,65304.138105,721.3969,721.455,721.415,721.48,721.3,1777662240000,1215
2026-05-01 19:05:00+00:00,138429.827288,721.5417,721.415,721.5701,721.6,721.4,1777662300000,2282
2026-05-01 19:06:00+00:00,70179.022552,721.5783,721.58,721.61,721.64,721.515,1777662360000,1349
2026-05-01 19:07:00+00:00,39527.300185,721.6161,721.61,721.57,721.66,721.5501,1777662420000,873
2026-05-01 19:08:00+00:00,58359.82042,721.6241,721.55,721.6,721.73,721.48,1777662480000,1180
2026-05-01 19:09:00+00:00,67790.408189,721.7136,721.6,721.785,721.79,721.5999,1777662540000,886
2026-05-01 19:10:00+00:00,54895.07919,721.7255,721.7799,721.72,721.79,721.65,1777662600000,1030
2026-05-01 19:11:00+00:00,63772.200257,721.8698,721.72,721.9,721.99,721.72,1777662660000,1274
2026-05-01 19:12:00+00:00,119341.371115,721.9227,721.92,721.91,721.98,721.86,1777662720000,1464
2026-05-01 19:13:00+00:00,47851.780796,721.9964,721.91,721.93,722.03,721.91,1777662780000,946
2026-05-01 19:14:00+00:00,44295.859734,722.0567,721.96,722.055,722.115,721.96,1777662840000,924
2026-05-01 19:15:00+00:00,82470.364001,722.1142,722.04,722.1,722.19,722.01,1777662900000,1346
2026-05-01 19:16:00+00:00,72130.740219,722.094,722.1,722.07,722.2,722.0,1777662960000,1306
2026-05-01 19:17:00+00:00,65696.58233,722.1193,722.08,722.16,722.16,722.07,1777663020000,1214
2026-05-01 19:18:00+00:00,131766.611542,722.2171,722.17,722.28,722.29,722.12,1777663080000,1554
2026-05-01 19:19:00+00:00,85149.577367,722.2042,722.27,722.18,722.28,722.16,1777663140000,1266
2026-05-01 19:20:00+00:00,71972.737485,722.1273,722.2,722.14,722.2,722.06,1777663200000,1257
2026-05-01 19:21:00+00:00,73972.222303,722.1796,722.14,722.2,722.21,722.12,1777663260000,1154
2026-05-01 19:22:00+00:00,45811.778852,722.2105,722.18,722.11,722.23,722.11,1777663320000,917
2026-05-01 19:23:00+00:00,62339.511712,722.2219,722.115,722.22,722.27,722.11,1777663380000,1020
2026-05-01 19:24:00+00:00,50650.24607,722.2415,722.19,722.25,722.279,722.19,1777663440000,878
2026-05-01 19:25:00+00:00,193660.711469,719.8716,722.24,722.43,722.45,722.24,1777663500000,1282
2026-05-01 19:26:00+00:00,100211.082064,722.5014,722.45,722.545,722.56,722.43,1777663560000,1444
2026-05-01 19:27:00+00:00,78931.298274,722.5109,722.54,722.46,722.56,722.44,1777663620000,1194
2026-05-01 19:28:00+00:00,58322.840838,722.5394,722.46,722.52,722.59,722.4399,1777663680000,1260
2026-05-01 19:29:00+00:00,74662.698752,722.5163,722.52,722.42,722.58,722.41,1777663740000,1338
2026-05-01 19:30:00+00:00,107013.302154,722.3884,722.43,722.31,722.5,722.26,1777663800000,2018
2026-05-01 19:31:00+00:00,137983.475461,722.1517,722.3,722.05,722.3,722.03,1777663860000,1929
2026-05-01 19:32:00+00:00,98577.570259,722.0959,722.05,722.135,722.15,722.02,1777663920000,2004
2026-05-01 19:33:00+00:00,66803.561225,722.191,722.14,722.22,722.24,722.12,1777663980000,1376
2026-05-01 19:34:00+00:00,55504.244262,722.3005,722.21,722.25,722.38,722.21,1777664040000,1174
2026-05-01 19:35:00+00:00,58282.531581,722.2384,722.24,722.14,722.3,722.11,1777664100000,1216
2026-05-01 19:36:00+00:00,50193.167012,722.1415,722.14,722.13,722.2,722.075,1777664160000,1087
2026-05-01 19:37:00+00:00,68897.326382,722.107,722.13,722.12,722.15,722.05,1777664220000,1394
2026-05-01 19:38:00+00:00,56124.19912,722.1696,722.11,722.22,722.23,722.075,1777664280000,1272
2026-05-01 19:39:00+00:00,86385.979589,722.3116,722.23,722.32,722.38,722.23,1777664340000,1432
2026-05-01 19:40:00+00:00,141559.51133,722.2944,722.32,722.36,722.41,722.3,1777664400000,1698
2026-05-01 19:41:00+00:00,92667.394784,722.247,722.35,722.18,722.36,722.18,1777664460000,1319
2026-05-01 19:42:00+00:00,97038.193931,722.1431,722.18,722.04,722.19,722.04,1777664520000,1189
2026-05-01 19:43:00+00:00,253614.727844,720.3322,722.05,722.165,722.19,722.0,1777664580000,1615
2026-05-01 19:44:00+00:00,56458.031839,722.1403,722.16,722.135,722.205,722.1,1777664640000,1134
2026-05-01 19:45:00+00:00,122224.29674,722.0815,722.135,722.03,722.17,722.02,1777664700000,1830
2026-05-01 19:46:00+00:00,93342.748578,722.0115,722.04,722.0,722.05,721.93,1777664760000,1389
2026-05-01 19:47:00+00:00,94396.996836,721.9456,722.0,721.8891,722.0,721.88,1777664820000,1677
2026-05-01 19:48:00+00:00,131381.623343,721.9143,721.89,721.87,721.98,721.86,1777664880000,1988
2026-05-01 19:49:00+00:00,157894.926024,721.9281,721.88,721.9875,721.9875,721.84,1777664940000,2209
2026-05-01 19:50:00+00:00,275243.983705,721.8757,721.9787,721.63,722.14,721.62,1777665000000,3805
2026-05-01 19:51:00+00:00,206796.315593,721.6012,721.62,721.54,721.7,721.5,1777665060000,3085
2026-05-01 19:52:00+00:00,336271.642974,720.3309,721.54,721.2,721.57,721.16,1777665120000,2991
2026-05-01 19:53:00+00:00,171594.845568,721.3335,721.19,721.43,721.47,721.19,1777665180000,2883
2026-05-01 19:54:00+00:00,242665.907386,721.4218,721.43,721.29,721.58,721.29,1777665240000,3963
2026-05-01 19:55:00+00:00,339207.20752,721.2147,721.29,721.08,721.32,721.03,1777665300000,4644
2026-05-01 19:56:00+00:00,314203.56128,720.1158,721.07,721.18,721.28,721.06,1777665360000,3224
2026-05-01 19:57:00+00:00,187345.993,721.1121,721.18,721.124,721.21,721.04,1777665420000,3004
2026-05-01 19:58:00+00:00,432715.841932,721.0303,721.13,720.99,721.1499,720.93,1777665480000,5392
2026-05-01 19:59:00+00:00,1143171.467376,720.4568,721.0,720.67,721.08,720.47,1777665540000,8975
2026-05-01 20:00:00+00:00,153445.726811,720.6087,720.59,720.61,720.69,720.52,1777665600000,602
2026-05-01 20:01:00+00:00,166607.445151,720.5674,720.6197,720.56,720.67,720.48,1777665660000,505
2026-05-01 20:02:00+00:00,18196.099795,720.624,720.6,720.6,720.66,720.56,1777665720000,161
2026-05-01 20:03:00+00:00,103480.018203,720.5407,720.61,720.42,720.65,720.42,1777665780000,329
2026-05-01 20:04:00+00:00,13635.748723,720.5052,720.44,720.42,720.55,720.41,1777665840000,134
2026-05-01 20:05:00+00:00,45892.620947,720.3033,720.4298,720.29,720.44,720.0,1777665900000,409
2026-05-01 20:06:00+00:00,38228.306912,720.2133,720.2726,720.2292,720.2726,720.15,1777665960000,278
2026-05-01 20:07:00+00:00,10381.603411,720.2317,720.2,720.23,720.25,720.15,1777666020000,114
2026-05-01 20:08:00+00:00,328282.910264,720.643,720.25,720.2502,720.3894,720.23,1777666080000,254
2026-05-01 20:09:00+00:00,27165.55128,720.5997,720.27,720.39,720.41,720.27,1777666140000,80
2026-05-01 20:10:00+00:00,10500.671413,720.4732,720.4,720.39,720.48,720.36,1777666200000,95
2026-05-01 20:11:00+00:00,2194272.460494,720.6599,720.4,720.25,720.4,720.25,1777666260000,76
2026-05-01 20:12:00+00:00,15807.657745,720.3248,720.24,720.37,720.39,720.24,1777666320000,122
2026-05-01 20:13:00+00:00,16905.48727,720.367,720.38,720.318,720.39,720.2739,1777666380000,130
2026-05-01 20:14:00+00:00,16837.734308,720.3953,720.32,720.38,720.42,720.3,1777666440000,110
2026-05-01 20:15:00+00:00,103207.814765,722.05,720.3,720.18,720.3,720.18,1777666500000,110
2026-05-01 20:16:00+00:00,41520.737439,720.1009,720.179,720.15,720.18,720.02,1777666560000,340
2026-05-01 20:17:00+00:00,5204.93574,720.2559,720.15,720.09,720.16,720.07,1777666620000,79
2026-05-01 20:18:00+00:00,3270.99147,720.2568,720.07,720.05,720.07,720.03,1777666680000,43
2026-05-01 20:19:00+00:00,10005.493074,720.0144,720.06,719.94,720.07,719.93,1777666740000,203
2026-05-01 20:20:00+00:00,13174.514706,719.8364,719.94,719.76,720.0,719.7,1777666800000,177
2026-05-01 20:21:00+00:00,34046.547406,719.7511,719.76,719.8297,719.84,719.69,1777666860000,205
2026-05-01 20:22:00+00:00,6442.994592,719.9399,719.8267,719.87,719.87,719.8,1777666920000,77
2026-05-01 20:23:00+00:00,15579.377842,719.9175,719.9,719.9,719.931,719.87,1777666980000,147
2026-05-01 20:24:00+00:00,9563.643952,718.8897,719.9174,719.9,719.93,719.9,1777667040000,40
2026-05-01 20:25:00+00:00,5304.284223,719.9775,719.87,719.95,719.98,719.87,1777667100000,94
2026-05-01 20:26:00+00:00,19391.991107,719.9916,719.96,719.92,720.0,719.9,1777667160000,200
2026-05-01 20:27:00+00:00,8163.92441,719.9801,719.94,719.8786,719.96,719.85,1777667220000,109
2026-05-01 20:28:00+00:00,3335.666278,720.0216,719.8636,719.89,719.9,719.83,1777667280000,57
2026-05-01 20:29:00+00:00,4959.60438,719.9708,719.9,719.86,719.9,719.86,1777667340000,82
2026-05-01 20:30:00+00:00,6326.515162,719.8853,719.85,719.82,719.85,719.81,1777667400000,107
2026-05-01 20:31:00+00:00,15188.748228,719.7998,719.82,719.772,719.83,719.74,1777667460000,183
2026-05-01 20:32:00+00:00,34735.493995,719.8131,719.78,719.83,719.85,719.78,1777667520000,291
2026-05-01 20:33:00+00:00,4420.784694,719.9568,719.85,719.8,719.87,719.8,1777667580000,74
2026-05-01 20:34:00+00:00,31508.012615,719.7231,719.79,719.61,719.79,719.61,1777667640000,403
2026-05-01 20:35:00+00:00,17380.479482,719.6841,719.6275,719.73,719.74,719.62,1777667700000,109
2026-05-01 20:36:00+00:00,11942.256557,719.7454,719.73,719.73,719.75,719.7,1777667760000,79
2026-05-01 20:37:00+00:00,22390.288951,719.7406,719.74,719.7,719.76,719.7,1777667820000,199
2026-05-01 20:38:00+00:00,7413.431967,719.6576,719.73,719.62,719.73,719.52,1777667880000,133
2026-05-01 20:39:00+00:00,7547.775567,719.7294,719.65,719.61,719.68,719.61,1777667940000,73
2026-05-01 20:40:00+00:00,13875.526445,719.6081,719.63,719.58,719.63,719.52,1777668000000,122
2026-05-01 20:41:00+00:00,10982.11316,719.5986,719.56,719.6299,719.63,719.51,1777668060000,108
2026-05-01 20:42:00+00:00,4124.870958,719.7524,719.62,719.61,719.63,719.58,1777668120000,55
2026-05-01 20:43:00+00:00,5976.576465,719.6768,719.61,719.63,719.63,719.58,1777668180000,66
2026-05-01 20:44:00+00:00,4418.733285,719.7558,719.62,719.65,719.66,719.62,1777668240000,60
2026-05-01 20:45:00+00:00,3846.367904,719.7673,719.62,719.71,719.73,719.62,1777668300000,56
2026-05-01 20:46:00+00:00,5049.749553,719.8803,719.71,719.82,719.84,719.71,1777668360000,64
2026-05-01 20:47:00+00:00,7315.788479,719.8867,719.81,719.82,719.83,719.77,1777668420000,69
2026-05-01 20:48:00+00:00,12836.33575,719.8531,719.83,719.87,719.89,719.82,1777668480000,93
2026-05-01 20:49:00+00:00,3958.801313,719.9697,719.87,719.79,719.87,719.76,1777668540000,41
2026-05-01 20:50:00+00:00,2342.150296,719.8621,719.8116,719.81,719.85,719.79,1777668600000,37
2026-05-01 20:51:00+00:00,1420.865552,720.2838,719.8,719.86,719.874,719.8,1777668660000,35
2026-05-01 20:52:00+00:00,14903.229327,719.7658,719.85,719.73,719.85,719.73,1777668720000,72
2026-05-01 20:53:00+00:00,2581.904448,720.005,719.76,719.74,719.76,719.74,1777668780000,46
2026-05-01 20:54:00+00:00,8002.357427,719.7538,719.7404,719.68,719.8,719.68,1777668840000,58
2026-05-01 20:55:00+00:00,3428.319326,719.7138,719.68,719.6617,719.68,719.61,1777668900000,49
2026-05-01 20:56:00+00:00,2972.062437,719.7242,719.69,719.74,719.74,719.67,1777668960000,33
2026-05-01 20:57:00+00:00,90640.608962,719.6054,719.78,719.48,719.78,718.97,1777669020000,521
2026-05-01 20:58:00+00:00,14608.517102,719.5698,719.51,719.74,719.7673,719.45,1777669080000,118
2026-05-01 20:59:00+00:00,7112.609128,719.7674,719.72,719.74,719.75,719.6,1777669140000,67
2026-05-01 21:00:00+00:00,1567.63514,720.0975,719.73,719.85,719.86,719.73,1777669200000,31
2026-05-01 21:01:00+00:00,2956.277176,719.9243,719.88,719.85,719.88,719.8,1777669260000,51
2026-05-01 21:02:00+00:00,3567.254251,719.9006,719.84,719.86,719.87,719.8,1777669320000,35
2026-05-01 21:03:00+00:00,2774.210921,719.8958,719.85,719.82,719.85,719.82,1777669380000,44
2026-05-01 21:04:00+00:00,1902.019879,719.8292,719.8326,719.83,719.8326,719.81,1777669440000,18
2026-05-01 21:05:00+00:00,3819.927217,720.0403,719.81,719.88,719.88,719.81,1777669500000,39
2026-05-01 21:06:00+00:00,6157.46139,719.9829,719.9,719.94,719.94,719.9,1777669560000,69
2026-05-01 21:07:00+00:00,1574.402081,720.15,719.94,719.98,719.98,719.94,1777669620000,43
2026-05-01 21:08:00+00:00,1007.463928,720.3041,719.96,719.99,719.99,719.96,1777669680000,31
2026-05-01 21:09:00+00:00,1369.246569,720.1299,720.0,720.013,720.013,719.99,1777669740000,36
2026-05-01 21:10:00+00:00,7990.863723,720.0832,720.0,720.0,720.03,720.0,1777669800000,37
2026-05-01 21:11:00+00:00,123.349212,722.0571,720.02,720.02,720.02,720.02,1777669860000,14
2026-05-01 21:13:00+00:00,2436.140563,720.0702,720.03,720.02,720.03,720.02,1777669980000,22
2026-05-01 21:14:00+00:00,998.409103,720.3226,720.02,720.02,720.0297,720.02,1777670040000,23
2026-05-01 21:15:00+00:00,2340.104743,720.0497,720.02,720.03,720.03,720.0,1777670100000,28
2026-05-01 21:16:00+00:00,294.071647,720.1841,720.0004,720.01,720.01,720.0004,1777670160000,15
2026-05-01 21:17:00+00:00,406.935319,721.6685,720.01,720.01,720.01,720.01,1777670220000,22
2026-05-01 21:18:00+00:00,1286.03611,720.0232,720.01,720.02,720.02,720.0,1777670280000,7
2026-05-01 21:19:00+00:00,1375.434449,720.2372,720.0199,720.0,720.0199,720.0,1777670340000,36
2026-05-01 21:20:00+00:00,2925.470148,720.0967,719.99,719.97,719.99,719.97,1777670400000,32
2026-05-01 21:21:00+00:00,2498.042592,719.9976,719.98,720.0,720.001,719.98,1777670460000,28
2026-05-01 21:22:00+00:00,3513.459327,720.1071,720.0,720.05,720.05,719.99,1777670520000,28
2026-05-01 21:23:00+00:00,1349.576718,720.3181,720.037,720.0,720.05,720.0,1777670580000,28
2026-05-01 21:24:00+00:00,745.313995,720.3016,720.0,720.0,720.0,719.99,1777670640000,17
2026-05-01 21:25:00+00:00,1494.50631,720.2339,719.99,719.99,720.0,719.98,1777670700000,21
2026-05-01 21:26:00+00:00,770.877104,720.8102,719.99,719.99,719.99,719.99,1777670760000,9
2026-05-01 21:27:00+00:00,660.244355,720.2572,719.99,719.99,719.99,719.99,1777670820000,11
2026-05-01 21:28:00+00:00,658.382271,720.4099,720.0,719.99,720.0,719.99,1777670880000,15
2026-05-01 21:29:00+00:00,2130.521251,720.3949,720.0,720.07,720.07,720.0,1777670940000,29
2026-05-01 21:30:00+00:00,414.916927,721.661,720.0684,720.07,720.07,720.0455,1777671000000,18
2026-05-01 21:31:00+00:00,3034.084428,720.0224,720.01,720.0,720.01,720.0,1777671060000,55
2026-05-01 21:32:00+00:00,844.435641,709.9304,720.01,720.0624,720.0624,720.01,1777671120000,23
2026-05-01 21:33:00+00:00,1026.160544,720.1246,720.01,720.01,720.01,720.01,1777671180000,14
2026-05-01 21:34:00+00:00,2423.988831,720.294,720.0,720.0,720.0,720.0,1777671240000,15
2026-05-01 21:35:00+00:00,371.62405,721.2907,720.05,720.09,720.09,720.05,1777671300000,30
2026-05-01 21:36:00+00:00,2677.39336,720.2525,720.12,720.11,720.17,720.11,1777671360000,41
2026-05-01 21:37:00+00:00,710.221835,720.3817,720.2,720.14,720.2,720.14,1777671420000,17
2026-05-01 21:38:00+00:00,1439.24698,720.2619,720.13,720.17,720.17,720.13,1777671480000,23
2026-05-01 21:40:00+00:00,127.790437,724.5966,720.1011,720.1011,720.1011,720.1011,1777671600000,14
2026-05-01 21:41:00+00:00,1753.631533,720.366,720.1199,720.1,720.13,720.1,1777671660000,20
2026-05-01 21:42:00+00:00,309.096579,720.3547,720.13,720.1299,720.13,720.1299,1777671720000,16
2026-05-01 21:43:00+00:00,1749.806962,720.4339,720.11,720.1,720.11,720.1,1777671780000,20
2026-05-01 21:44:00+00:00,407.038589,720.1786,720.1001,720.13,720.13,720.1001,1777671840000,9
2026-05-01 21:45:00+00:00,1930.463139,720.2925,720.13,720.1,720.14,720.1,1777671900000,19
2026-05-01 21:46:00+00:00,1334.780498,720.5114,720.1,720.09,720.1,720.08,1777671960000,26
2026-05-01 21:48:00+00:00,120.168958,721.1308,720.1121,720.1121,720.1121,720.1121,1777672080000,15
2026-05-01 21:49:00+00:00,1720.255436,720.2828,720.13,720.2,720.2,720.13,1777672140000,37
2026-05-01 21:50:00+00:00,1706.974825,720.6273,720.21,720.21,720.22,720.21,1777672200000,18
2026-05-01 21:52:00+00:00,347.126354,720.4604,720.19,720.2,720.2,720.19,1777672320000,12
2026-05-01 21:53:00+00:00,1314.594229,720.5251,720.22,720.1905,720.23,720.1905,1777672380000,24
2026-05-01 21:54:00+00:00,915.400081,720.5373,720.23,720.2,720.24,720.2,1777672440000,22
2026-05-01 21:55:00+00:00,3451.716319,720.3706,720.24,720.21,720.24,720.2,1777672500000,28
2026-05-01 21:56:00+00:00,1447.919277,720.6975,720.2393,720.24,720.24,720.2393,1777672560000,24
2026-05-01 21:57:00+00:00,174.112641,720.6997,720.2313,720.2387,720.2387,720.2313,1777672620000,13
2026-05-01 21:58:00+00:00,1382.400564,720.4466,720.24,720.23,720.24,720.23,1777672680000,15
2026-05-01 22:00:00+00:00,1133.274762,720.3456,720.24,720.15,720.24,720.15,1777672800000,28
2026-05-01 22:01:00+00:00,55.116796,721.714,720.18,720.18,720.18,720.18,1777672860000,9
2026-05-01 22:03:00+00:00,262.427034,721.3663,720.19,720.2,720.2,720.19,1777672980000,15
2026-05-01 22:05:00+00:00,251.368023,721.1965,720.16,720.11,720.16,720.11,1777673100000,13
2026-05-01 22:07:00+00:00,207.591992,722.1703,720.11,720.11,720.11,720.11,1777673220000,13
2026-05-01 22:08:00+00:00,906.759892,720.7138,720.11,720.1,720.11,720.1,1777673280000,20
2026-05-01 22:09:00+00:00,138.040862,720.3086,720.1,720.1,720.1,720.1,1777673340000,12
2026-05-01 22:10:00+00:00,647.479863,720.6121,720.11,720.1,720.11,720.06,1777673400000,21
2026-05-01 22:11:00+00:00,202.065365,720.3164,720.1,720.06,720.1,720.06,1777673460000,9
2026-05-01 22:12:00+00:00,471.591366,721.004,720.1,720.1,720.1,720.1,1777673520000,11
2026-05-01 22:13:00+00:00,195071.382164,720.6512,720.65,720.65,720.65,720.65,1777673580000,12
2026-05-01 22:14:00+00:00,219.833259,722.8182,720.08,720.08,720.08,720.08,1777673640000,20
2026-05-01 22:15:00+00:00,129.011761,720.1357,720.07,720.07,720.07,720.07,1777673700000,7
2026-05-01 22:16:00+00:00,218.181714,720.6695,720.07,720.07,720.07,720.07,1777673760000,9
2026-05-01 22:17:00+00:00,168.316631,721.4368,720.0861,720.07,720.0861,720.07,1777673820000,7
2026-05-01 22:18:00+00:00,236.126861,720.4572,720.07,720.07,720.07,720.07,1777673880000,14
2026-05-01 22:19:00+00:00,1499.145814,720.1541,720.09,720.07,720.09,720.07,1777673940000,17
2026-05-01 22:20:00+00:00,942.493585,720.4794,720.11,720.1,720.11,720.1,1777674000000,18
2026-05-01 22:21:00+00:00,931.057206,720.1542,720.11,720.11,720.11,720.11,1777674060000,12
2026-05-01 22:22:00+00:00,2777.682653,720.2895,720.11,720.1182,720.18,720.11,1777674120000,18
2026-05-01 22:23:00+00:00,179.399672,721.7286,720.12,720.12,720.12,720.12,1777674180000,14
2026-05-01 22:25:00+00:00,832.634862,720.7247,720.17,720.24,720.24,720.15,1777674300000,59
2026-05-01 22:26:00+00:00,276.90421,722.5823,720.24,720.23,720.24,720.23,1777674360000,24
2026-05-01 22:27:00+00:00,218.12672,720.5482,720.13,720.12,720.13,720.12,1777674420000,8
2026-05-01 22:32:00+00:00,300.366521,721.1078,720.23,720.2235,720.23,720.2235,1777674720000,15
2026-05-01 22:33:00+00:00,7188.24823,720.0843,720.21,720.0,720.21,719.99,1777674780000,124
2026-05-01 22:35:00+00:00,178.418424,721.7338,720.04,720.04,720.04,720.04,1777674900000,8
2026-05-01 22:36:00+00:00,443.333357,720.6399,720.24,720.03,720.24,720.03,1777674960000,15
2026-05-01 22:39:00+00:00,174.978525,724.1927,720.13,720.13,720.13,720.13,1777675140000,12
2026-05-01 22:40:00+00:00,63.054302,720.7348,720.1,720.1,720.1,720.1,1777675200000,13
2026-05-01 22:41:00+00:00,136.412969,722.2633,720.03,720.03,720.03,720.03,1777675260000,11
2026-05-01 22:44:00+00:00,191.222378,720.9118,720.07,720.07,720.07,720.07,1777675440000,6
2026-05-01 22:47:00+00:00,167.802024,723.5615,720.1,720.11,720.11,720.1,1777675620000,17
2026-05-01 22:48:00+00:00,95.700789,725.3888,720.056,720.056,720.056,720.056,1777675680000,14
2026-05-01 22:49:00+00:00,239.402777,721.3573,720.056,720.18,720.18,720.056,1777675740000,18
2026-05-01 22:50:00+00:00,132.178442,721.1311,720.165,720.12,720.165,720.12,1777675800000,7
2026-05-01 22:53:00+00:00,366.063368,720.3391,720.22,720.17,720.24,720.17,1777675980000,29
2026-05-01 22:54:00+00:00,331.152736,720.5249,720.18,720.17,720.22,720.17,1777676040000,12
2026-05-01 22:55:00+00:00,59.799453,729.9876,720.23,720.23,720.23,720.23,1777676100000,8
2026-05-01 22:56:00+00:00,211.35046,721.4206,720.2,720.2335,720.2335,720.2,1777676160000,11
2026-05-01 22:57:00+00:00,167.416545,722.029,720.23,720.24,720.24,720.23,1777676220000,8
2026-05-01 22:58:00+00:00,1035.732395,720.7475,720.24,720.2,720.24,720.2,1777676280000,13
2026-05-01 22:59:00+00:00,315.244366,720.7579,720.2336,720.19,720.2336,720.19,1777676340000,13
2026-05-01 23:00:00+00:00,275.512821,721.5375,720.1805,720.2,720.2,720.1805,1777676400000,14
2026-05-01 23:02:00+00:00,114.187895,721.3871,720.19,720.19,720.19,720.19,1777676520000,18
2026-05-01 23:03:00+00:00,300.190295,720.6397,720.19,720.18,720.19,720.18,1777676580000,10
2026-05-01 23:05:00+00:00,687.515545,720.747,720.21,720.18,720.21,720.18,1777676700000,11
2026-05-01 23:08:00+00:00,81.99038,729.0132,720.21,720.21,720.21,720.21,1777676880000,11
2026-05-01 23:13:00+00:00,62.117943,721.5655,720.2,720.2,720.2,720.2,1777677180000,8
2026-05-01 23:14:00+00:00,220.628092,722.2485,720.19,720.19,720.19,720.19,1777677240000,12
2026-05-01 23:16:00+00:00,55.835125,731.1326,720.1974,720.1974,720.1974,720.1974,1777677360000,9
2026-05-01 23:17:00+00:00,254.299475,721.0491,720.2,720.2,720.2,720.2,1777677420000,5
2026-05-01 23:18:00+00:00,181.807377,723.3738,720.16,720.16,720.16,720.16,1777677480000,19
2026-05-01 23:19:00+00:00,374.486008,721.0784,720.15,720.14,720.15,720.14,1777677540000,10
2026-05-01 23:20:00+00:00,175.383353,721.7329,720.19,720.19,720.19,720.19,1777677600000,22
2026-05-01 23:21:00+00:00,153.28543,721.4747,720.11,720.11,720.11,720.11,1777677660000,16
2026-05-01 23:22:00+00:00,283.822231,722.2233,720.16,720.11,720.16,720.11,1777677720000,20
2026-05-01 23:27:00+00:00,767.138564,720.2058,720.1,720.05,720.1,720.05,1777678020000,23
2026-05-01 23:28:00+00:00,613.041459,720.1037,720.09,720.05,720.09,720.05,1777678080000,10
2026-05-01 23:29:00+00:00,318.189069,720.4794,720.05,720.05,720.05,720.05,1777678140000,10
2026-05-01 23:30:00+00:00,495.229646,720.4546,720.14,720.15,720.15,720.1,1777678200000,12
2026-05-01 23:31:00+00:00,498.508502,720.8353,720.1,720.1,720.1,720.1,1777678260000,6
2026-05-01 23:34:00+00:00,546.145817,720.2556,720.06,720.06,720.06,720.06,1777678440000,10
2026-05-01 23:35:00+00:00,925.124035,720.1579,720.06,720.06,720.06,720.06,1777678500000,6
2026-05-01 23:37:00+00:00,458.380311,720.6979,720.1,720.1,720.1,720.1,1777678620000,14
2026-05-01 23:40:00+00:00,169.815162,723.6284,720.1582,720.1582,720.1582,720.1582,1777678800000,16
2026-05-01 23:41:00+00:00,501.664519,721.0089,720.05,720.05,720.05,720.05,1777678860000,13
2026-05-01 23:43:00+00:00,123.160984,721.0919,720.1527,720.1527,720.1527,720.1527,1777678980000,11
2026-05-01 23:44:00+00:00,167.112449,720.628,720.16,720.16,720.16,720.16,1777679040000,10
2026-05-01 23:45:00+00:00,1063.334073,720.2888,720.14,720.0501,720.14,720.0501,1777679100000,20
2026-05-01 23:46:00+00:00,66.948643,730.4899,720.14,720.14,720.14,720.14,1777679160000,12
2026-05-01 23:48:00+00:00,313.355507,720.9176,720.11,720.09,720.11,720.09,1777679280000,13
2026-05-01 23:49:00+00:00,1630.717696,720.3699,720.09,720.013,720.1,720.0,1777679340000,35
2026-05-01 23:50:00+00:00,6208.075442,720.0141,720.02,720.1392,720.1392,719.99,1777679400000,71
2026-05-01 23:51:00+00:00,280.14906,720.4885,720.08,720.1392,720.1392,720.08,1777679460000,9
2026-05-01 23:53:00+00:00,100.449897,723.2525,720.008,720.008,720.008,720.008,1777679580000,10
2026-05-01 23:54:00+00:00,91.522915,724.2518,720.13,720.13,720.13,720.13,1777679640000,13
2026-05-01 23:55:00+00:00,1250.146862,720.1144,720.075,720.01,720.09,720.01,1777679700000,29
2026-05-01 23:56:00+00:00,1874.333927,720.1777,720.05,720.01,720.05,720.01,1777679760000,22
2026-05-01 23:57:00+00:00,598.576575,720.7753,720.14,720.03,720.14,720.03,1777679820000,31
2026-05-01 23:58:00+00:00,569.029246,720.1246,720.085,720.0243,720.1405,720.0243,1777679880000,12
2026-05-01 23:59:00+00:00,1035.418199,720.3267,720.1198,720.0,720.1198,720.0,1777679940000,26
2026-05-04 08:00:00+00:00,10274.567248,720.7032,721.8,721.3,721.9813,720.34,1777881600000,1051
2026-05-04 08:01:00+00:00,16805.01824,721.8092,722.0,721.4,722.0,721.32,1777881660000,150
2026-05-04 08:02:00+00:00,604.208784,721.6276,721.47,721.37,721.47,721.37,1777881720000,46
2026-05-04 08:03:00+00:00,17382.024727,721.7408,721.18,721.32,722.34,720.96,1777881780000,852
2026-05-04 08:04:00+00:00,17765.342037,721.5136,721.48,720.92,722.33,720.92,1777881840000,420
2026-05-04 08:06:00+00:00,473.3147,721.1424,720.74,720.54,720.74,720.54,1777881960000,52
2026-05-04 08:07:00+00:00,762.065176,720.8368,720.65,720.88,720.89,720.65,1777882020000,55
2026-05-04 08:08:00+00:00,1104.02763,721.1669,720.8,722.21,722.21,720.71,1777882080000,54
2026-05-04 08:09:00+00:00,1390.158646,721.671,721.9,721.0,722.06,720.85,1777882140000,73
2026-05-04 08:10:00+00:00,1109.018076,721.0075,721.0,721.01,721.03,720.97,1777882200000,30
2026-05-04 08:11:00+00:00,600.032894,720.9838,721.0,720.92,721.0,720.9,1777882260000,41
2026-05-04 08:12:00+00:00,989.215461,721.0323,720.9,720.9,720.9,720.87,1777882320000,33
2026-05-04 08:13:00+00:00,351.862525,722.6385,720.8702,720.88,720.88,720.86,1777882380000,19
2026-05-04 08:14:00+00:00,1307.055378,721.0061,720.95,720.99,720.99,720.95,1777882440000,28
2026-05-04 08:15:00+00:00,78.003758,720.9583,720.84,720.84,720.84,720.84,1777882500000,7
2026-05-04 08:16:00+00:00,663.232332,721.0921,720.81,720.85,720.85,720.81,1777882560000,44
2026-05-04 08:17:00+00:00,226.008338,720.8361,720.83,720.798,720.83,720.798,1777882620000,16
2026-05-04 08:18:00+00:00,551.012472,720.7107,720.71,720.72,720.72,720.69,1777882680000,31
2026-05-04 08:19:00+00:00,251.022139,720.7908,720.75,720.7,720.75,720.7,1777882740000,23
2026-05-04 08:20:00+00:00,95.029277,721.0485,720.84,720.84,720.84,720.84,1777882800000,19
2026-05-04 08:21:00+00:00,196.522951,722.8563,720.93,720.93,720.93,720.93,1777882860000,23
2026-05-04 08:24:00+00:00,438.020883,721.059,721.01,720.99,721.04,720.99,1777883040000,30
2026-05-04 08:25:00+00:00,108.018677,721.238,721.16,721.16,721.16,721.16,1777883100000,17
2026-05-04 08:26:00+00:00,336.016717,721.2284,721.2,721.15,721.23,721.15,1777883160000,20
2026-05-04 08:27:00+00:00,309.036547,721.2333,721.1386,721.1375,721.155,721.1375,1777883220000,15
2026-05-04 08:28:00+00:00,146.600963,724.1662,721.1819,721.22,721.22,721.1819,1777883280000,14
2026-05-04 08:29:00+00:00,108.022829,721.4534,721.3,721.3,721.3,721.3,1777883340000,13
2026-05-04 08:30:00+00:00,1192.181746,721.5155,721.4,721.43,721.4367,721.4,1777883400000,24
2026-05-04 08:31:00+00:00,1148.017796,721.3963,721.32,721.39,721.39,721.32,1777883460000,25
2026-05-04 08:33:00+00:00,186.018881,721.2512,721.2,721.155,721.2,721.12,1777883580000,21
2026-05-04 08:34:00+00:00,66.028069,721.4652,721.15,721.15,721.15,721.15,1777883640000,19
2026-05-04 08:36:00+00:00,113.06047,721.742,721.35,721.37,721.37,721.35,1777883760000,15
2026-05-04 08:37:00+00:00,84.002079,721.3698,721.35,721.35,721.35,721.35,1777883820000,6
2026-05-04 08:39:00+00:00,1768.006293,721.3621,721.35,721.35,721.39,721.35,1777883940000,33
2026-05-04 08:44:00+00:00,1451.011561,721.3345,721.29,721.31,721.36,721.29,1777884240000,32
2026-05-04 08:45:00+00:00,885.004172,721.3503,721.34,721.36,721.36,721.34,1777884300000,18
2026-05-04 08:46:00+00:00,158.012544,721.3346,721.27,721.29,721.29,721.27,1777884360000,9
2026-05-04 08:47:00+00:00,63.044246,721.8671,721.36,721.36,721.36,721.36,1777884420000,11
2026-05-04 08:48:00+00:00,645.161363,721.4824,721.27,721.35,721.35,721.24,1777884480000,28
2026-05-04 08:49:00+00:00,156.006335,721.3929,721.37,721.36,721.37,721.36,1777884540000,7
2026-05-04 08:50:00+00:00,80.025779,721.5449,721.31,721.31,721.31,721.31,1777884600000,7
2026-05-04 08:52:00+00:00,412.058678,721.2784,721.17,721.17,721.18,721.17,1777884720000,25
2026-05-04 08:54:00+00:00,581.016617,721.3739,721.38,721.32,721.38,721.32,1777884840000,31
2026-05-04 08:55:00+00:00,640.010339,721.4189,721.38,721.42,721.44,721.38,1777884900000,28
2026-05-04 08:56:00+00:00,842.028331,721.401,721.38,721.41,721.41,721.37,1777884960000,31
2026-05-04 08:57:00+00:00,202.045683,721.5964,721.48,721.48,721.48,721.48,1777885020000,18
2026-05-04 08:59:00+00:00,1081.035149,721.3054,721.27,721.21,721.31,721.21,1777885140000,41
2026-05-04 09:01:00+00:00,393.167298,721.4678,721.14,721.24,721.24,721.14,1777885260000,24
2026-05-04 09:02:00+00:00,804.033929,721.4087,721.32,721.39,721.4,721.32,1777885320000,33
2026-05-04 09:04:00+00:00,377.115352,721.6724,721.41,721.49,721.49,721.41,1777885440000,16
2026-05-04 09:07:00+00:00,63.308318,724.9475,721.42,721.42,721.42,721.42,1777885620000,8
2026-05-04 09:08:00+00:00,192.133597,721.9161,721.42,721.41,721.42,721.41,1777885680000,13
2026-05-04 09:09:00+00:00,1334.070067,721.4783,721.4,721.3791,721.45,721.3791,1777885740000,17
2026-05-04 09:10:00+00:00,125.010476,721.5998,721.54,721.54,721.54,721.54,1777885800000,8
2026-05-04 09:11:00+00:00,111.972982,727.8728,721.57,721.57,721.57,721.57,1777885860000,9
2026-05-04 09:12:00+00:00,53.002078,721.5994,721.58,721.58,721.58,721.58,1777885920000,4
2026-05-04 09:13:00+00:00,214.009989,721.6168,721.58,721.61,721.61,721.5581,1777885980000,13
2026-05-04 09:14:00+00:00,243.006082,721.6738,721.68,721.61,721.68,721.61,1777886040000,11
2026-05-04 09:15:00+00:00,259.004101,721.6139,721.6,721.6,721.6,721.6,1777886100000,17
2026-05-04 09:17:00+00:00,107.006138,721.6014,721.56,721.56,721.56,721.56,1777886220000,5
2026-05-04 09:23:00+00:00,80.080725,722.2075,721.49,721.49,721.49,721.49,1777886580000,11
2026-05-04 09:27:00+00:00,824.004144,721.4742,721.48,721.45,721.48,721.45,1777886820000,18
2026-05-04 09:30:00+00:00,98.002092,721.5381,721.53,721.53,721.53,721.53,1777887000000,8
2026-05-04 09:31:00+00:00,71.006083,721.6518,721.59,721.59,721.59,721.59,1777887060000,4
2026-05-04 09:34:00+00:00,50.094211,722.9097,721.55,721.55,721.55,721.55,1777887240000,8
2026-05-04 09:35:00+00:00,121.175938,722.6653,721.63,721.63,721.63,721.63,1777887300000,8
2026-05-04 09:39:00+00:00,820.05067,721.8044,721.75,721.77,721.77,721.75,1777887540000,11
2026-05-04 09:41:00+00:00,62.5023,727.5542,721.71,721.71,721.71,721.71,1777887660000,5
2026-05-04 09:42:00+00:00,44.003948,721.765,721.7,721.7,721.7,721.7,1777887720000,5
2026-05-04 09:44:00+00:00,171.083008,722.022,721.65,721.69,721.69,721.65,1777887840000,16
2026-05-04 09:45:00+00:00,212.36737,722.882,721.64,721.65,721.65,721.6,1777887900000,12
2026-05-04 09:46:00+00:00,2092.047626,721.665,721.65,721.63,721.65,721.63,1777887960000,24
2026-05-04 09:48:00+00:00,79.036124,721.9696,721.64,721.64,721.64,721.64,1777888080000,6
2026-05-04 09:49:00+00:00,169.00205,721.6505,721.64,721.64,721.64,721.64,1777888140000,5
2026-05-04 09:50:00+00:00,112.006192,721.7297,721.69,721.69,721.69,721.69,1777888200000,11
2026-05-04 09:51:00+00:00,84.102459,722.5694,721.69,721.69,721.69,721.69,1777888260000,8
2026-05-04 09:54:00+00:00,96.470728,725.2556,721.75,721.75,721.75,721.75,1777888440000,6
2026-05-04 09:56:00+00:00,386.648798,722.9163,721.76,721.68,721.76,721.68,1777888560000,17
2026-05-04 09:57:00+00:00,4228.493822,721.7498,721.73,721.62,721.74,721.58,1777888620000,82
2026-05-04 09:58:00+00:00,416.058248,721.6003,721.53,721.41,721.53,721.41,1777888680000,32
2026-05-04 09:59:00+00:00,84.021676,721.6661,721.4843,721.4843,721.4843,721.4843,1777888740000,8
2026-05-04 10:00:00+00:00,232.080271,721.6046,721.359,721.33,721.359,721.33,1777888800000,32
2026-05-04 10:01:00+00:00,290.058585,721.5978,721.48,721.49,721.49,721.48,1777888860000,32
2026-05-04 10:02:00+00:00,8766.806318,720.6787,721.2,720.37,721.2,720.36,1777888920000,246
2026-05-04 10:03:00+00:00,111992.238129,719.5033,720.48,719.29,720.48,719.14,1777888980000,1793
2026-05-04 10:04:00+00:00,61478.170576,718.664,719.06,719.12,719.24,718.15,1777889040000,797
2026-05-04 10:05:00+00:00,38939.381895,718.4363,719.07,718.0,719.07,717.84,1777889100000,573
2026-05-04 10:06:00+00:00,15273.181785,717.6985,717.79,717.36,717.89,717.33,1777889160000,272
2026-05-04 10:07:00+00:00,18335.074902,717.0612,717.27,717.15,717.45,716.81,1777889220000,374
2026-05-04 10:08:00+00:00,20108.525436,716.9351,717.34,717.0,717.34,716.59,1777889280000,361
2026-05-04 10:09:00+00:00,25673.154516,717.1458,716.99,717.49,717.64,716.89,1777889340000,317
2026-05-04 10:10:00+00:00,22442.22445,717.7387,717.49,717.99,718.09,717.42,1777889400000,341
2026-05-04 10:11:00+00:00,20224.605849,717.6868,717.86,717.19,717.88,717.19,1777889460000,313
2026-05-04 10:12:00+00:00,22447.239736,716.8746,717.07,717.0,717.09,716.51,1777889520000,303
2026-05-04 10:13:00+00:00,9223.538453,717.2145,717.03,716.96,717.47,716.96,1777889580000,185
2026-05-04 10:14:00+00:00,15656.16903,717.0953,716.9148,717.27,717.3,716.59,1777889640000,304
2026-05-04 10:15:00+00:00,50571.175246,716.988,717.4,717.07,717.49,716.62,1777889700000,626
2026-05-04 10:16:00+00:00,43967.338982,717.0689,717.18,717.39,717.39,716.82,1777889760000,527
2026-05-04 10:17:00+00:00,14311.141473,717.0706,717.33,717.16,717.39,716.86,1777889820000,248
2026-05-04 10:18:00+00:00,56481.384541,717.3379,717.27,717.0,717.8,716.49,1777889880000,779
2026-05-04 10:19:00+00:00,24121.096247,716.7984,716.99,716.82,717.0,716.47,1777889940000,355
2026-05-04 10:20:00+00:00,8234.252944,717.0535,716.78,716.98,717.17,716.71,1777890000000,170
2026-05-04 10:21:00+00:00,14630.118022,716.6867,716.87,716.65,717.01,716.46,1777890060000,259
2026-05-04 10:22:00+00:00,9697.069774,716.6907,716.65,717.07,717.07,716.46,1777890120000,147
2026-05-04 10:23:00+00:00,26569.089085,717.153,717.02,717.3,717.3,716.92,1777890180000,325
2026-05-04 10:24:00+00:00,5014.054929,717.5072,717.46,717.57,717.59,717.32,1777890240000,111
2026-05-04 10:25:00+00:00,4360.350198,717.9315,717.63,717.99,718.0,717.63,1777890300000,94
2026-05-04 10:26:00+00:00,14495.146675,718.0734,718.04,718.45,718.45,717.94,1777890360000,256
2026-05-04 10:27:00+00:00,14028.077568,718.3267,718.5,718.21,718.6,718.16,1777890420000,218
2026-05-04 10:28:00+00:00,11148.755683,718.2001,718.11,718.28,718.29,718.02,1777890480000,162
2026-05-04 10:29:00+00:00,23789.052234,718.4311,718.26,718.25,718.64,718.2,1777890540000,269
2026-05-04 10:30:00+00:00,7034.128003,718.3957,718.34,718.58,718.7,718.22,1777890600000,125
2026-05-04 10:31:00+00:00,13390.092966,718.3105,718.38,718.55,718.55,718.18,1777890660000,217
2026-05-04 10:32:00+00:00,113358.864823,719.6962,718.76,719.35,720.79,718.74,1777890720000,1603
2026-05-04 10:33:00+00:00,19500.089176,719.5862,719.33,719.58,719.71,719.18,1777890780000,314
2026-05-04 10:34:00+00:00,15083.42522,719.6074,719.53,719.62,719.8,719.44,1777890840000,213
2026-05-04 10:35:00+00:00,3429.115034,719.8231,719.76,719.88,719.89,719.75,1777890900000,72
2026-05-04 10:36:00+00:00,4273.148768,719.8628,719.7,719.87,719.91,719.7,1777890960000,78
2026-05-04 10:37:00+00:00,2656.131619,719.6598,719.65,719.5,719.88,719.5,1777891020000,80
2026-05-04 10:38:00+00:00,3509.786345,719.5145,719.46,719.34,719.47,719.23,1777891080000,73
2026-05-04 10:39:00+00:00,5479.120827,719.7581,719.4,719.65,719.9,719.4,1777891140000,94
2026-05-04 10:40:00+00:00,3361.081392,719.8083,719.8,719.79,719.88,719.77,1777891200000,71
2026-05-04 10:41:00+00:00,5170.431438,719.9825,719.8,719.9788,720.065,719.8,1777891260000,92
2026-05-04 10:42:00+00:00,2318.042263,719.7399,719.95,719.62,719.95,719.55,1777891320000,48
2026-05-04 10:43:00+00:00,634.070463,720.0219,719.96,719.89,720.0,719.89,1777891380000,43
2026-05-04 10:44:00+00:00,808.329397,720.2801,719.96,719.92,720.02,719.92,1777891440000,40
2026-05-04 10:45:00+00:00,343.042943,719.9414,719.79,719.9,719.9,719.79,1777891500000,40
2026-05-04 10:46:00+00:00,2784.034751,719.8043,719.81,719.96,719.96,719.67,1777891560000,47
2026-05-04 10:47:00+00:00,2382.047428,719.9391,719.94,719.91,720.0,719.89,1777891620000,40
2026-05-04 10:48:00+00:00,1221.420444,720.2353,719.82,720.14,720.21,719.82,1777891680000,57
2026-05-04 10:49:00+00:00,2627.038735,720.1195,720.18,720.0491,720.21,720.04,1777891740000,42
2026-05-04 10:50:00+00:00,807.117028,720.2165,720.1,720.08,720.12,720.08,1777891800000,32
2026-05-04 10:51:00+00:00,6471.107334,720.0434,720.05,719.9284,720.14,719.9284,1777891860000,67
2026-05-04 10:52:00+00:00,347.033355,720.0092,719.94,719.9,719.95,719.9,1777891920000,27
2026-05-04 10:53:00+00:00,1105.034553,719.8655,719.83,719.81,719.85,719.81,1777891980000,31
2026-05-04 10:54:00+00:00,308.028237,719.7277,719.6346,719.6346,719.6346,719.6346,1777892040000,24
2026-05-04 10:55:00+00:00,1729.018874,719.8594,719.8,719.78,719.87,719.78,1777892100000,30
2026-05-04 10:56:00+00:00,10140.018987,719.7881,719.85,719.71,719.85,719.71,1777892160000,77
2026-05-04 10:57:00+00:00,212.00839,719.7505,719.7,719.75,719.75,719.7,1777892220000,11
2026-05-04 10:58:00+00:00,1920.006265,719.7144,719.68,719.72,719.75,719.67,1777892280000,50
2026-05-04 10:59:00+00:00,1336.02799,719.6741,719.7,719.68,719.7,719.63,1777892340000,43
2026-05-04 11:00:00+00:00,6040.629924,719.9291,719.69,719.95,719.95,719.68,1777892400000,142
2026-05-04 11:01:00+00:00,13783.474083,720.1551,720.0,720.0,720.35,719.97,1777892460000,212
2026-05-04 11:02:00+00:00,6045.592344,720.1487,720.05,719.84,720.3,719.8,1777892520000,173
2026-05-04 11:03:00+00:00,11047.731109,719.8388,719.9,719.88,719.91,719.58,1777892580000,228
2026-05-04 11:04:00+00:00,9862.789462,719.6686,719.8522,719.62,719.93,719.5,1777892640000,187
2026-05-04 11:05:00+00:00,21674.568483,719.6784,719.58,719.61,719.77,719.53,1777892700000,254
2026-05-04 11:06:00+00:00,5556.570487,719.7512,719.6,719.72,719.77,719.59,1777892760000,116
2026-05-04 11:07:00+00:00,1375.047511,719.7577,719.72,719.8,719.8011,719.72,1777892820000,35
2026-05-04 11:08:00+00:00,818.100477,719.7258,719.624,719.628,719.651,719.62,1777892880000,30
2026-05-04 11:09:00+00:00,3154.555797,719.9229,719.7,719.869,719.9,719.69,1777892940000,65
2026-05-04 11:10:00+00:00,700.517362,720.4517,719.947,719.95,719.9669,719.87,1777893000000,46
2026-05-04 11:11:00+00:00,1544.015298,719.9277,720.035,719.81,720.0529,719.76,1777893060000,68
2026-05-04 11:12:00+00:00,988.644262,720.3542,719.89,719.89,719.91,719.8535,1777893120000,40
2026-05-04 11:13:00+00:00,430.193564,720.1323,719.89,719.72,719.94,719.72,1777893180000,37
2026-05-04 11:14:00+00:00,4968.739691,720.0986,719.78,719.96,720.17,719.78,1777893240000,112
2026-05-04 11:15:00+00:00,2219.594554,720.2382,719.96,720.0001,720.14,719.93,1777893300000,85
2026-05-04 11:16:00+00:00,283.70383,721.7663,720.03,719.9992,720.03,719.94,1777893360000,35
2026-05-04 11:17:00+00:00,3623.561933,720.2422,719.97,720.1909,720.2,719.959,1777893420000,63
2026-05-04 11:18:00+00:00,762.741255,720.8213,720.05,720.15,720.1622,720.05,1777893480000,48
2026-05-04 11:19:00+00:00,591.838543,721.0523,720.0545,719.99,720.07,719.97,1777893540000,32
2026-05-04 11:20:00+00:00,10461.311823,719.973,720.021,720.06,720.06,719.94,1777893600000,62
2026-05-04 11:22:00+00:00,242.17873,720.4682,719.9289,719.9391,719.9391,719.9289,1777893720000,27
2026-05-04 11:23:00+00:00,654.482569,720.4218,719.9682,719.8391,719.9682,719.8141,1777893780000,29
2026-05-04 11:24:00+00:00,5188.190019,719.9857,719.94,719.94,719.971,719.94,1777893840000,40
2026-05-04 11:25:00+00:00,1642.67598,719.9803,719.78,719.6,719.78,719.6,1777893900000,65
2026-05-04 11:26:00+00:00,600.186792,719.8708,719.63,719.67,719.7,719.59,1777893960000,46
2026-05-04 11:27:00+00:00,453.95661,721.1657,719.66,719.64,719.66,719.64,1777894020000,40
2026-05-04 11:28:00+00:00,1036.390005,719.9847,719.7099,719.75,719.75,719.67,1777894080000,51
2026-05-04 11:29:00+00:00,1235.660177,720.0933,719.7325,719.65,719.7325,719.65,1777894140000,49
2026-05-04 11:30:00+00:00,12905.271678,719.5803,719.6,719.53,719.62,719.53,1777894200000,259
2026-05-04 11:31:00+00:00,3566.526267,719.5734,719.5,719.48,719.53,719.45,1777894260000,86
2026-05-04 11:32:00+00:00,3272.930389,719.8135,719.58,719.57,719.68,719.5,1777894320000,96
2026-05-04 11:33:00+00:00,5236.272222,719.5363,719.5,719.46,719.5,719.46,1777894380000,52
2026-05-04 11:34:00+00:00,1279.754675,719.9069,719.46,719.45,719.51,719.45,1777894440000,43
2026-05-04 11:35:00+00:00,1520.289408,719.6133,719.5,719.5,719.62,719.37,1777894500000,139
2026-05-04 11:36:00+00:00,184.811682,722.7264,719.54,719.55,719.55,719.54,1777894560000,62
2026-05-04 11:37:00+00:00,2384.863695,719.9216,719.47,719.77,719.8,719.47,1777894620000,113
2026-05-04 11:38:00+00:00,464.428651,720.3961,719.72,719.7,719.75,719.7,1777894680000,37
2026-05-04 11:39:00+00:00,59108.613745,719.0838,719.62,719.01,719.63,718.67,1777894740000,907
2026-05-04 11:40:00+00:00,12024.91565,719.2097,719.08,719.3,719.3,719.04,1777894800000,242
2026-05-04 11:41:00+00:00,1014.803391,719.8643,719.27,719.38,719.38,719.2,1777894860000,51
2026-05-04 11:42:00+00:00,8623.639004,719.5563,719.4,719.57,719.63,719.36,1777894920000,155
2026-05-04 11:43:00+00:00,1350.047152,719.6494,719.63,719.71,719.71,719.59,1777894980000,70
2026-05-04 11:44:00+00:00,753.16745,719.602,719.55,719.3,719.58,719.25,1777895040000,52
2026-05-04 11:45:00+00:00,163.27298,720.5034,719.29,719.29,719.29,719.29,1777895100000,26
2026-05-04 11:46:00+00:00,1655.462216,719.3262,719.17,719.08,719.19,719.01,1777895160000,84
2026-05-04 11:47:00+00:00,1877.749933,719.4075,719.08,719.2,719.2,719.0,1777895220000,87
2026-05-04 11:48:00+00:00,1526.554286,719.5975,719.25,719.2818,719.36,719.25,1777895280000,57
2026-05-04 11:49:00+00:00,2724.367248,719.2516,719.14,719.1,719.17,719.09,1777895340000,48
2026-05-04 11:50:00+00:00,8531.899234,719.3239,719.0625,719.49,719.49,719.0625,1777895400000,184
2026-05-04 11:51:00+00:00,2080.192394,719.549,719.47,719.4596,719.49,719.4596,1777895460000,49
2026-05-04 11:52:00+00:00,2510.850475,719.5918,719.351,719.28,719.38,719.28,1777895520000,67
2026-05-04 11:53:00+00:00,1474.695534,719.8121,719.3,719.6,719.6,719.3,1777895580000,83
2026-05-04 11:54:00+00:00,596.030872,719.5658,719.43,719.63,719.63,719.43,1777895640000,51
2026-05-04 11:55:00+00:00,3218.771396,719.8208,719.65,719.55,719.69,719.55,1777895700000,70
2026-05-04 11:56:00+00:00,769.36622,719.9402,719.52,719.64,719.65,719.501,1777895760000,39
2026-05-04 11:57:00+00:00,291.900093,721.9335,719.691,719.71,719.71,719.691,1777895820000,40
2026-05-04 11:58:00+00:00,1045.008278,719.7367,719.75,719.67,719.8,719.67,1777895880000,50
2026-05-04 11:59:00+00:00,6809.984701,719.7355,719.65,719.55,719.66,719.55,1777895940000,119
2026-05-04 12:00:00+00:00,936.636318,720.1958,719.56,719.75,719.77,719.56,1777896000000,52
2026-05-04 12:01:00+00:00,2856.130486,719.8404,719.71,719.75,719.82,719.71,1777896060000,54
2026-05-04 12:02:00+00:00,4234.771145,720.0918,719.79,719.9,720.0,719.79,1777896120000,115
2026-05-04 12:03:00+00:00,1686.521543,720.0308,719.9294,719.73,719.9294,719.73,1777896180000,77
2026-05-04 12:04:00+00:00,2046.647456,720.1349,719.78,719.9,719.95,719.78,1777896240000,71
2026-05-04 12:05:00+00:00,1074.275818,720.1135,719.96,719.88,719.9811,719.88,1777896300000,48
2026-05-04 12:06:00+00:00,1018.054801,719.9087,719.99,719.87,719.99,719.83,1777896360000,40
2026-05-04 12:07:00+00:00,2928.38677,720.0693,719.9,719.97,719.98,719.9,1777896420000,88
2026-05-04 12:08:00+00:00,512.72191,720.8893,719.85,719.91,719.91,719.85,1777896480000,47
2026-05-04 12:09:00+00:00,2401.20615,719.9131,719.86,719.8,719.91,719.78,1777896540000,63
2026-05-04 12:10:00+00:00,241.54225,721.4912,719.86,719.8752,719.8752,719.86,1777896600000,29
2026-05-04 12:11:00+00:00,12744.365821,719.998,719.93,719.94,720.01,719.93,1777896660000,107
2026-05-04 12:12:00+00:00,9378.998617,720.1162,719.94,720.04,720.1,719.94,1777896720000,122
2026-05-04 12:13:00+00:00,2555.882475,720.3207,720.08,719.97,720.13,719.97,1777896780000,62
2026-05-04 12:14:00+00:00,1110.279164,720.0757,719.97,719.85,719.99,719.85,1777896840000,61
2026-05-04 12:15:00+00:00,4606.685266,719.8037,719.83,719.72,719.8429,719.56,1777896900000,125
2026-05-04 12:16:00+00:00,6690.936657,720.2308,719.73,720.2111,720.34,719.72,1777896960000,208
2026-05-04 12:17:00+00:00,21329.272005,720.1233,720.2,720.14,720.27,719.95,1777897020000,206
2026-05-04 12:18:00+00:00,10473.281669,720.472,720.24,720.3,720.57,720.24,1777897080000,188
2026-05-04 12:19:00+00:00,11695.273156,720.254,720.27,720.42,720.42,720.1,1777897140000,163
2026-05-04 12:20:00+00:00,1594.322971,720.496,720.31,720.31,720.43,720.28,1777897200000,73
2026-05-04 12:21:00+00:00,3958.338412,720.462,720.33,720.19,720.49,720.19,1777897260000,120
2026-05-04 12:22:00+00:00,2186.276912,720.2295,720.22,720.12,720.22,720.08,1777897320000,78
2026-05-04 12:23:00+00:00,2910.669205,720.333,720.14,720.14,720.2095,720.11,1777897380000,55
2026-05-04 12:24:00+00:00,2605.536175,720.3514,720.21,720.2,720.25,720.16,1777897440000,67
2026-05-04 12:25:00+00:00,14464.740071,720.1513,720.19,720.1,720.28,720.04,1777897500000,183
2026-05-04 12:26:00+00:00,4285.96287,720.3203,720.13,720.21,720.23,720.06,1777897560000,149
2026-05-04 12:27:00+00:00,3456.403034,720.346,720.18,720.26,720.33,720.18,1777897620000,95
2026-05-04 12:28:00+00:00,2505.408549,720.4276,720.28,720.3,720.35,720.25,1777897680000,63
2026-05-04 12:29:00+00:00,3611.475009,720.302,720.2965,720.21,720.3,720.16,1777897740000,84
2026-05-04 12:30:00+00:00,7369.592255,720.1788,720.14,720.1,720.15,720.05,1777897800000,121
2026-05-04 12:31:00+00:00,4294.41176,720.0871,720.04,719.98,720.12,719.96,1777897860000,117
2026-05-04 12:32:00+00:00,2583.51695,720.0883,719.96,719.9,719.96,719.9,1777897920000,64
2026-05-04 12:33:00+00:00,880.589306,720.402,719.9002,720.0,720.0,719.9,1777897980000,44
2026-05-04 12:34:00+00:00,475.702608,721.0744,720.0,720.0135,720.0135,720.0,1777898040000,39
2026-05-04 12:35:00+00:00,1716.723214,720.3027,720.0,719.96,720.01,719.96,1777898100000,34
2026-05-04 12:36:00+00:00,3478.529877,719.9521,719.88,719.85,719.88,719.77,1777898160000,86
2026-05-04 12:37:00+00:00,5726.08605,720.0417,720.0,720.01,720.1,720.0,1777898220000,112
2026-05-04 12:38:00+00:00,14324.514303,720.222,720.01,720.2,720.3,720.01,1777898280000,237
2026-05-04 12:39:00+00:00,7758.711004,720.3393,720.22,720.28,720.31,720.22,1777898340000,78
2026-05-04 12:40:00+00:00,4476.0366,720.3762,720.3,720.3,720.41,720.29,1777898400000,110
2026-05-04 12:41:00+00:00,4400.939809,720.3351,720.27,720.25,720.3,720.14,1777898460000,99
2026-05-04 12:42:00+00:00,1020.043936,720.1784,720.26,720.05,720.3,720.05,1777898520000,70
2026-05-04 12:43:00+00:00,771.602266,720.6657,720.02,720.16,720.17,720.02,1777898580000,56
2026-05-04 12:44:00+00:00,597.864437,721.2495,720.17,720.22,720.25,720.17,1777898640000,51
2026-05-04 12:45:00+00:00,1665.20005,720.256,720.17,720.2,720.22,720.13,1777898700000,43
2026-05-04 12:46:00+00:00,479.729492,721.2759,720.2,720.16,720.2,720.16,1777898760000,38
2026-05-04 12:47:00+00:00,773.753348,720.895,720.17,720.17,720.22,720.15,1777898820000,52
2026-05-04 12:48:00+00:00,970.738434,720.8023,720.16,720.29,720.3,720.16,1777898880000,50
2026-05-04 12:49:00+00:00,1490.500509,720.4846,720.21,720.2,720.271,720.18,1777898940000,55
2026-05-04 12:50:00+00:00,3519.410078,720.2606,720.17,720.29,720.29,720.12,1777899000000,85
2026-05-04 12:51:00+00:00,6397.213639,720.3484,720.3,720.24,720.36,720.24,1777899060000,68
2026-05-04 12:52:00+00:00,1277.695195,720.7239,720.26,720.3089,720.39,720.25,1777899120000,46
2026-05-04 12:53:00+00:00,6866.613679,720.3526,720.3,720.15,720.31,720.15,1777899180000,86
2026-05-04 12:54:00+00:00,4481.970576,720.2901,720.12,720.19,720.19,720.1,1777899240000,115
2026-05-04 12:55:00+00:00,1460.280434,720.3509,720.2,720.271,720.271,720.16,1777899300000,56
2026-05-04 12:56:00+00:00,1188.96239,720.8426,720.23,720.27,720.29,720.22,1777899360000,51
2026-05-04 12:57:00+00:00,1583.050235,720.262,720.19,720.3,720.3,720.18,1777899420000,60
2026-05-04 12:58:00+00:00,1332.035615,720.3529,720.37,720.29,720.37,720.29,1777899480000,51
2026-05-04 12:59:00+00:00,33647.709464,719.9897,720.32,719.95,720.35,719.66,1777899540000,363
2026-05-04 13:00:00+00:00,60000.295014,719.3925,719.76,719.41,719.76,718.84,1777899600000,715
2026-05-04 13:01:00+00:00,146746.546976,719.2468,719.45,719.57,719.63,718.93,1777899660000,1044
2026-05-04 13:02:00+00:00,33351.8541,719.5577,719.62,719.44,719.78,719.44,1777899720000,396
2026-05-04 13:03:00+00:00,10445.765707,719.514,719.45,719.3952,719.63,719.33,1777899780000,229
2026-05-04 13:04:00+00:00,17218.511807,719.6393,719.38,719.75,719.91,719.15,1777899840000,327
2026-05-04 13:05:00+00:00,2952.374343,719.8093,719.71,719.62,719.79,719.54,1777899900000,107
2026-05-04 13:06:00+00:00,12181.255993,719.9438,719.66,719.9,720.08,719.66,1777899960000,237
2026-05-04 13:07:00+00:00,956.921354,720.5131,719.83,719.8,719.84,719.78,1777900020000,88
2026-05-04 13:08:00+00:00,806.278167,720.0702,719.9,719.9,719.9,719.75,1777900080000,53
2026-05-04 13:09:00+00:00,14664.34388,719.9874,719.9013,720.12,720.18,719.76,1777900140000,219
2026-05-04 13:10:00+00:00,45100.582528,720.3229,720.1478,719.91,720.61,719.78,1777900200000,486
2026-05-04 13:11:00+00:00,5074.597695,720.0438,719.92,719.91,720.15,719.85,1777900260000,137
2026-05-04 13:12:00+00:00,3363.723611,720.011,719.87,719.7828,719.91,719.7828,1777900320000,71
2026-05-04 13:13:00+00:00,2297.808737,720.0988,719.7915,719.91,719.91,719.7915,1777900380000,79
2026-05-04 13:14:00+00:00,2170.636869,720.1321,719.88,719.94,720.0248,719.88,1777900440000,85
2026-05-04 13:15:00+00:00,5169.035655,719.9176,719.891,719.92,719.98,719.81,1777900500000,83
2026-05-04 13:16:00+00:00,10059.582616,719.8535,719.86,719.76,719.89,719.71,1777900560000,148
2026-05-04 13:17:00+00:00,7557.868288,720.035,719.83,720.08,720.08,719.82,1777900620000,134
2026-05-04 13:18:00+00:00,5864.388025,720.0373,720.03,719.97,720.04,719.95,1777900680000,261
2026-05-04 13:19:00+00:00,5842.515208,719.9883,719.93,719.83,720.01,719.83,1777900740000,110
2026-05-04 13:20:00+00:00,1293.876037,720.331,719.82,719.85,719.87,719.82,1777900800000,47
2026-05-04 13:21:00+00:00,2650.434652,719.8652,719.83,719.7001,719.86,719.7001,1777900860000,90
2026-05-04 13:22:00+00:00,1266.222002,719.8422,719.69,719.77,719.8,719.66,1777900920000,63
2026-05-04 13:23:00+00:00,917.961342,720.5751,719.78,719.85,719.87,719.77,1777900980000,50
2026-05-04 13:24:00+00:00,2128.372905,720.0127,719.8111,719.93,719.96,719.8111,1777901040000,59
2026-05-04 13:25:00+00:00,3888.757619,720.1222,719.98,720.04,720.05,719.93,1777901100000,90
2026-05-04 13:26:00+00:00,2029.897429,720.2334,720.05,719.9,720.05,719.895,1777901160000,62
2026-05-04 13:27:00+00:00,3525.07555,719.9947,719.88,719.95,720.06,719.88,1777901220000,94
2026-05-04 13:28:00+00:00,7415.082716,719.9551,719.99,719.93,720.0,719.86,1777901280000,146
2026-05-04 13:29:00+00:00,26805.105171,720.0306,719.93,720.07,720.1601,719.93,1777901340000,243
2026-05-04 13:30:00+00:00,597264.684354,719.9823,720.07,719.72,720.24,719.66,1777901400000,18455
2026-05-04 13:31:00+00:00,439331.177077,719.6295,719.74,719.72,719.84,719.25,1777901460000,6367
2026-05-04 13:32:00+00:00,184613.543104,719.6889,719.745,719.94,719.95,719.47,1777901520000,3647
2026-05-04 13:33:00+00:00,140453.621913,719.9349,719.9309,719.85,720.07,719.81,1777901580000,2825
2026-05-04 13:34:00+00:00,136491.915474,719.8726,719.84,719.91,720.04,719.76,1777901640000,2384
2026-05-04 13:35:00+00:00,121813.23226,719.7556,719.91,719.825,719.92,719.6,1777901700000,2311
2026-05-04 13:36:00+00:00,91777.078513,720.0242,719.8,720.09,720.21,719.78,1777901760000,1815
2026-05-04 13:37:00+00:00,135739.298961,719.7944,720.1,719.71,720.19,719.54,1777901820000,2441
2026-05-04 13:38:00+00:00,91038.133812,719.6075,719.71,719.63,719.8099,719.46,1777901880000,1762
2026-05-04 13:39:00+00:00,113399.708897,719.7608,719.61,719.84,719.97,719.5101,1777901940000,2120
2026-05-04 13:40:00+00:00,93893.245196,719.7412,719.84,719.77,719.84,719.62,1777902000000,1944
2026-05-04 13:41:00+00:00,90028.27749,719.9775,719.81,720.03,720.15,719.7538,1777902060000,2269
2026-05-04 13:42:00+00:00,300013.977881,720.1208,720.03,720.1,720.31,719.97,1777902120000,4100
2026-05-04 13:43:00+00:00,91550.998616,720.1033,720.11,720.12,720.22,719.98,1777902180000,1926
2026-05-04 13:44:00+00:00,71284.065934,720.0741,720.13,719.95,720.24,719.91,1777902240000,1430
2026-05-04 13:45:00+00:00,110207.934677,720.0688,719.95,720.29,720.32,719.85,1777902300000,2152
2026-05-04 13:46:00+00:00,116389.359548,720.3375,720.28,720.29,720.48,720.2,1777902360000,2440
2026-05-04 13:47:00+00:00,108443.149576,720.4499,720.3,720.39,720.54,720.265,1777902420000,2188
2026-05-04 13:48:00+00:00,81512.979345,720.4717,720.39,720.38,720.575,720.31,1777902480000,1592
2026-05-04 13:49:00+00:00,89397.723417,720.5305,720.37,720.41,720.66,720.32,1777902540000,1740
2026-05-04 13:50:00+00:00,101099.147027,720.3866,720.4001,720.53,720.55,720.2201,1777902600000,1868
2026-05-04 13:51:00+00:00,123695.768805,720.5641,720.54,720.56,720.64,720.47,1777902660000,1748
2026-05-04 13:52:00+00:00,213070.909513,720.6422,720.56,720.46,720.6499,720.43,1777902720000,1725
2026-05-04 13:53:00+00:00,94890.755502,720.272,720.445,720.53,720.55,720.11,1777902780000,1638
2026-05-04 13:54:00+00:00,43509.809061,720.4884,720.53,720.45,720.575,720.42,1777902840000,1123
2026-05-04 13:55:00+00:00,77279.44377,720.3171,720.46,720.36,720.4699,720.11,1777902900000,1430
2026-05-04 13:56:00+00:00,60199.344172,720.4486,720.37,720.42,720.54,720.365,1777902960000,1443
2026-05-04 13:57:00+00:00,74126.951731,720.5454,720.43,720.495,720.66,720.41,1777903020000,1491
2026-05-04 13:58:00+00:00,68099.801661,720.6166,720.5,720.605,720.71,720.47,1777903080000,1333
2026-05-04 13:59:00+00:00,68023.517957,720.6636,720.6096,720.7602,720.8,720.59,1777903140000,1412
2026-05-04 14:00:00+00:00,72055.895709,720.6311,720.77,720.53,720.81,720.4531,1777903200000,1723
2026-05-04 14:01:00+00:00,207934.633904,720.6102,720.52,720.41,720.57,720.38,1777903260000,1533
2026-05-04 14:02:00+00:00,67467.253864,720.4149,720.4,720.47,720.54,720.28,1777903320000,1366
2026-05-04 14:03:00+00:00,36177.682946,720.4916,720.4899,720.42,720.58,720.42,1777903380000,843
2026-05-04 14:04:00+00:00,36320.230407,720.3471,720.42,720.3067,720.43,720.28,1777903440000,843
2026-05-04 14:05:00+00:00,40603.546884,720.3312,720.28,720.43,720.465,720.16,1777903500000,1045
2026-05-04 14:06:00+00:00,23747.137637,720.3791,720.41,720.36,720.44,720.3,1777903560000,770
2026-05-04 14:07:00+00:00,59578.097392,720.5251,720.365,720.58,720.65,720.35,1777903620000,1280
2026-05-04 14:08:00+00:00,398143.423534,720.2819,720.59,720.2822,720.68,719.865,1777903680000,5363
2026-05-04 14:09:00+00:00,65170.619414,720.1206,720.29,720.06,720.3868,719.88,1777903740000,1452
2026-05-04 14:10:00+00:00,56466.389091,720.2193,720.08,720.4,720.4,719.99,1777903800000,1344
2026-05-04 14:11:00+00:00,57322.596076,720.5095,720.39,720.6563,720.72,720.32,1777903860000,1443
2026-05-04 14:12:00+00:00,110685.847547,720.9526,720.645,721.085,721.18,720.6212,1777903920000,2259
2026-05-04 14:13:00+00:00,163134.201828,721.1146,721.09,721.05,721.21,721.0009,1777903980000,2752
2026-05-04 14:14:00+00:00,105165.845542,721.0683,721.04,720.99,721.2,720.92,1777904040000,2192
2026-05-04 14:15:00+00:00,86060.708953,721.0369,720.98,721.06,721.1764,720.88,1777904100000,2031
2026-05-04 14:16:00+00:00,96763.989845,721.1456,721.07,721.2,721.24,721.02,1777904160000,2021
2026-05-04 14:17:00+00:00,139357.56835,721.1787,721.2,721.17,721.29,721.09,1777904220000,1678
2026-05-04 14:18:00+00:00,62435.496519,721.1824,721.19,721.345,721.345,721.02,1777904280000,1588
2026-05-04 14:19:00+00:00,89118.645156,721.3407,721.34,721.42,721.43,721.23,1777904340000,1892
2026-05-04 14:20:00+00:00,107988.784263,721.4843,721.4099,721.41,721.57,721.37,1777904400000,1974
2026-05-04 14:21:00+00:00,51161.384334,721.5123,721.44,721.5801,721.6,721.41,1777904460000,1406
2026-05-04 14:22:00+00:00,126317.397966,721.6256,721.58,721.61,721.719,721.55,1777904520000,2182
2026-05-04 14:23:00+00:00,69059.765142,721.4941,721.6,721.37,721.6,721.34,1777904580000,1592
2026-05-04 14:24:00+00:00,53593.371904,721.3634,721.36,721.36,721.4101,721.27,1777904640000,1229
2026-05-04 14:25:00+00:00,54666.811215,721.2636,721.33,721.45,721.49,721.26,1777904700000,1175
2026-05-04 14:26:00+00:00,61732.25894,721.4823,721.45,721.51,721.55,721.39,1777904760000,1501
2026-05-04 14:27:00+00:00,44363.063836,721.4889,721.52,721.4499,721.58,721.39,1777904820000,1296
2026-05-04 14:28:00+00:00,73141.340595,721.3731,721.43,721.405,721.48,721.27,1777904880000,1778
2026-05-04 14:29:00+00:00,113667.704195,721.2768,721.41,721.24,721.45,721.09,1777904940000,2271
2026-05-04 14:30:00+00:00,144524.44693,721.4679,721.22,721.54,721.55,721.14,1777905000000,2504
2026-05-04 14:31:00+00:00,50822.311631,721.5805,721.55,721.68,721.71,721.48,1777905060000,1558
2026-05-04 14:32:00+00:00,47198.159654,721.706,721.68,721.7499,721.83,721.59,1777905120000,1540
2026-05-04 14:33:00+00:00,93197.162949,721.7754,721.75,721.755,721.89,721.67,1777905180000,1769
2026-05-04 14:34:00+00:00,113932.141771,721.7233,721.77,721.61,721.85,721.5772,1777905240000,2270
2026-05-04 14:35:00+00:00,47049.900247,721.6705,721.61,721.71,721.72,721.56,1777905300000,1406
2026-05-04 14:36:00+00:00,51180.091915,721.5986,721.73,721.64,721.73,721.51,1777905360000,1368
2026-05-04 14:37:00+00:00,44593.867383,721.6649,721.63,721.78,721.8,721.55,1777905420000,1478
2026-05-04 14:38:00+00:00,82643.599455,721.8751,721.77,721.97,721.97,721.77,1777905480000,2086
2026-05-04 14:39:00+00:00,117362.081974,721.8415,721.97,721.79,721.98,721.74,1777905540000,2092
2026-05-04 14:40:00+00:00,54517.424942,721.9127,721.79,721.99,722.0,721.79,1777905600000,1731
2026-05-04 14:41:00+00:00,80699.997098,722.0077,721.98,721.985,722.05,721.94,1777905660000,1756
2026-05-04 14:42:00+00:00,38891.796553,722.0434,721.99,722.04,722.08,721.98,1777905720000,1372
2026-05-04 14:43:00+00:00,51222.11556,722.0304,722.02,722.01,722.09,721.95,1777905780000,1469
2026-05-04 14:44:00+00:00,56719.265318,721.9655,722.01,721.9052,722.03,721.87,1777905840000,1594
2026-05-04 14:45:00+00:00,65461.307614,722.0018,721.91,722.04,722.06,721.91,1777905900000,1767
2026-05-04 14:46:00+00:00,85467.751193,721.8754,722.04,721.85,722.075,721.75,1777905960000,2171
2026-05-04 14:47:00+00:00,135907.278136,721.8947,721.85,721.98,721.995,721.83,1777906020000,2936
2026-05-04 14:48:00+00:00,55197.874362,721.8668,721.98,721.83,721.98,721.79,1777906080000,1789
2026-05-04 14:49:00+00:00,49271.687109,721.7895,721.83,721.76,721.86,721.69,1777906140000,1641
2026-05-04 14:50:00+00:00,66879.103175,721.8281,721.77,721.84,721.89,721.7601,1777906200000,1823
2026-05-04 14:51:00+00:00,82943.384304,721.8672,721.83,721.8901,721.96,721.8,1777906260000,1724
2026-05-04 14:52:00+00:00,61170.183684,721.9885,721.91,722.01,722.05,721.9,1777906320000,1492
2026-05-04 14:53:00+00:00,63874.593792,722.0039,722.01,721.9435,722.12,721.87,1777906380000,1449
2026-05-04 14:54:00+00:00,64197.386813,721.876,721.945,721.935,721.95,721.78,1777906440000,1473
2026-05-04 14:55:00+00:00,48638.213763,721.9706,721.94,721.89,722.035,721.89,1777906500000,1314
2026-05-04 14:56:00+00:00,200872.146666,721.6008,721.895,721.59,721.95,721.33,1777906560000,3602
2026-05-04 14:57:00+00:00,108538.026147,721.3684,721.6,721.29,721.6,721.13,1777906620000,2283
2026-05-04 14:58:00+00:00,68995.600047,721.3101,721.3,721.24,721.44,721.165,1777906680000,1620
2026-05-04 14:59:00+00:00,345475.527659,720.9451,721.24,720.91,721.4,720.7604,1777906740000,3537
2026-05-04 15:00:00+00:00,341982.145471,720.6445,720.92,721.17,721.17,720.25,1777906800000,5569
2026-05-04 15:01:00+00:00,222713.739645,721.1688,721.19,721.24,721.56,721.04,1777906860000,3471
2026-05-04 15:02:00+00:00,68709.69177,721.2526,721.24,721.2,721.45,721.14,1777906920000,1634
2026-05-04 15:03:00+00:00,54067.184085,721.0933,721.2398,720.9846,721.27,720.9799,1777906980000,1491
2026-05-04 15:04:00+00:00,94696.056743,721.0105,720.98,720.96,721.13,720.9,1777907040000,2121
2026-05-04 15:05:00+00:00,58318.903981,720.9011,720.94,721.1256,721.14,720.79,1777907100000,1532
2026-05-04 15:06:00+00:00,60776.867905,720.9331,721.11,720.9601,721.14,720.83,1777907160000,1409
2026-05-04 15:07:00+00:00,74326.671976,720.9312,720.96,720.82,721.095,720.78,1777907220000,1697
2026-05-04 15:08:00+00:00,78732.413883,720.7435,720.82,720.6401,720.84,720.62,1777907280000,1960
2026-05-04 15:09:00+00:00,123334.685103,720.6653,720.64,720.78,720.95,720.45,1777907340000,2068
2026-05-04 15:10:00+00:00,88071.747951,720.8052,720.79,720.81,720.89,720.71,1777907400000,1849
2026-05-04 15:11:00+00:00,52223.881034,720.6883,720.81,720.59,720.87,720.54,1777907460000,1441
2026-05-04 15:12:00+00:00,82487.428058,720.5077,720.59,720.42,720.62,720.4,1777907520000,1650
2026-05-04 15:13:00+00:00,118594.075864,720.2533,720.38,720.29,720.42,720.1266,1777907580000,2216
2026-05-04 15:14:00+00:00,336151.972888,720.1679,720.32,720.25,720.37,720.0,1777907640000,2798
2026-05-04 15:15:00+00:00,218223.379999,720.3502,720.245,720.3899,720.51,720.09,1777907700000,3138
2026-05-04 15:16:00+00:00,55708.98693,720.3338,720.41,720.35,720.43,720.21,1777907760000,1345
2026-05-04 15:17:00+00:00,103299.234888,720.0186,720.35,719.97,720.353,719.84,1777907820000,2193
2026-05-04 15:18:00+00:00,139773.644575,719.7927,719.96,719.6699,719.97,719.66,1777907880000,2276
2026-05-04 15:19:00+00:00,361162.787675,719.0779,719.67,718.77,719.79,718.54,1777907940000,5567
2026-05-04 15:20:00+00:00,450266.386271,718.5909,718.77,718.53,718.87,718.34,1777908000000,5920
2026-05-04 15:21:00+00:00,506232.116269,717.8939,718.53,717.59,718.56,717.54,1777908060000,6673
2026-05-04 15:22:00+00:00,460932.656807,717.9269,717.59,718.21,718.38,717.45,1777908120000,5739
2026-05-04 15:23:00+00:00,385853.133073,717.9864,718.24,717.94,718.37,717.74,1777908180000,5320
2026-05-04 15:24:00+00:00,272857.199338,717.7662,717.9,717.68,717.98,717.57,1777908240000,3902
2026-05-04 15:25:00+00:00,234159.603285,717.8491,717.71,717.81,718.1,717.65,1777908300000,3245
2026-05-04 15:26:00+00:00,464000.062208,718.233,717.81,718.5,718.7,717.55,1777908360000,5781
2026-05-04 15:27:00+00:00,208395.279043,718.4423,718.51,718.69,718.72,718.23,1777908420000,3526
2026-05-04 15:28:00+00:00,152716.74778,718.628,718.7,718.44,718.76,718.36,1777908480000,2654
2026-05-04 15:29:00+00:00,120003.446958,718.4225,718.45,718.44,718.58,718.27,1777908540000,2093
2026-05-04 15:30:00+00:00,325754.468002,718.3424,718.45,718.24,718.545,718.05,1777908600000,5523
2026-05-04 15:31:00+00:00,95811.743316,718.098,718.23,718.02,718.28,717.98,1777908660000,2068
2026-05-04 15:32:00+00:00,130544.036649,717.7844,718.03,717.6,718.07,717.49,1777908720000,2794
2026-05-04 15:33:00+00:00,811941.504515,717.6562,717.6,718.085,718.11,717.58,1777908780000,3311
2026-05-04 15:34:00+00:00,78764.095221,718.1536,718.1,718.08,718.29,717.91,1777908840000,1781
2026-05-04 15:35:00+00:00,145093.489602,717.6311,718.07,717.6,718.0897,717.42,1777908900000,2807
2026-05-04 15:36:00+00:00,179183.2637,717.6846,717.61,717.85,718.09,717.35,1777908960000,2827
2026-05-04 15:37:00+00:00,92135.539608,717.8992,717.822,718.0,718.14,717.64,1777909020000,1727
2026-05-04 15:38:00+00:00,292427.422029,718.2641,718.03,718.1293,718.74,717.92,1777909080000,3884
2026-05-04 15:39:00+00:00,121337.993741,718.0962,718.15,717.8301,718.34,717.8,1777909140000,2172
2026-05-04 15:40:00+00:00,173743.955446,717.5226,717.86,717.52,717.87,717.28,1777909200000,2640
2026-05-04 15:41:00+00:00,149737.371178,717.7821,717.51,717.93,718.03,717.45,1777909260000,2771
2026-05-04 15:42:00+00:00,56183.961619,717.9178,717.96,718.04,718.07,717.75,1777909320000,1510
2026-05-04 15:43:00+00:00,39259.831836,717.8817,718.04,718.0,718.065,717.73,1777909380000,1260
2026-05-04 15:44:00+00:00,76183.64161,718.2556,718.02,718.315,718.44,717.96,1777909440000,1672
2026-05-04 15:45:00+00:00,74373.053384,718.1652,718.3,718.0099,718.32,717.97,1777909500000,1649
2026-05-04 15:46:00+00:00,35016.308152,718.059,717.99,718.03,718.26,717.89,1777909560000,1135
2026-05-04 15:47:00+00:00,64359.747096,718.0159,718.05,717.81,718.12,717.77,1777909620000,1454
2026-05-04 15:48:00+00:00,87894.549454,717.8621,717.79,717.68,718.015,717.6506,1777909680000,1900
2026-05-04 15:49:00+00:00,114984.210873,717.6278,717.68,717.6,717.82,717.47,1777909740000,2361
2026-05-04 15:50:00+00:00,64571.129312,717.6198,717.6,717.575,717.72,717.51,1777909800000,1570
2026-05-04 15:51:00+00:00,125442.644055,717.3085,717.59,717.23,717.62,717.1301,1777909860000,2386
2026-05-04 15:52:00+00:00,354924.797717,717.5566,717.23,717.465,718.34,716.98,1777909920000,5309
2026-05-04 15:53:00+00:00,183063.903445,717.7913,717.49,717.81,718.15,717.445,1777909980000,3213
2026-05-04 15:54:00+00:00,105717.203418,718.0375,717.81,718.04,718.17,717.79,1777910040000,1747
2026-05-04 15:55:00+00:00,238976.296777,718.1896,718.04,717.9188,718.31,717.8602,1777910100000,3058
2026-05-04 15:56:00+00:00,71197.478592,717.9822,717.9499,717.9383,718.1,717.8,1777910160000,1393
2026-05-04 15:57:00+00:00,133165.981452,717.9529,717.93,717.7,718.18,717.7,1777910220000,1805
2026-05-04 15:58:00+00:00,82765.355862,717.7088,717.7,717.88,717.9,717.65,1777910280000,1338
2026-05-04 15:59:00+00:00,101060.124616,717.6872,717.89,717.5898,718.06,717.42,1777910340000,1922
2026-05-04 16:00:00+00:00,68815.603854,717.5894,717.59,717.62,717.76,717.47,1777910400000,1414
2026-05-04 16:01:00+00:00,58208.806873,717.2909,717.68,717.21,717.72,717.06,1777910460000,1363
2026-05-04 16:02:00+00:00,77106.196756,717.1616,717.23,717.32,717.39,716.94,1777910520000,1798
2026-05-04 16:03:00+00:00,49857.991549,717.182,717.295,717.1401,717.3,717.06,1777910580000,1126
2026-05-04 16:04:00+00:00,46729.779533,717.1533,717.13,717.26,717.28,717.05,1777910640000,1155
2026-05-04 16:05:00+00:00,95583.806722,717.0163,717.25,717.12,717.315,716.76,1777910700000,1810
2026-05-04 16:06:00+00:00,44132.650472,717.1442,717.155,717.0,717.27,716.95,1777910760000,1216
2026-05-04 16:07:00+00:00,294140.287142,716.5044,716.99,715.91,717.2,715.88,1777910820000,4788
2026-05-04 16:08:00+00:00,505720.108455,715.5988,715.92,715.79,716.09,714.99,1777910880000,7647
2026-05-04 16:09:00+00:00,318307.29726,715.8516,715.78,716.12,716.16,715.42,1777910940000,4384
2026-05-04 16:10:00+00:00,200166.965604,715.7724,716.07,715.77,716.075,715.51,1777911000000,2677
2026-05-04 16:11:00+00:00,97686.835161,716.1374,715.79,716.4,716.42,715.78,1777911060000,2256
2026-05-04 16:12:00+00:00,72005.526767,716.3922,716.42,716.52,716.56,716.22,1777911120000,1751
2026-05-04 16:13:00+00:00,84422.044197,716.2588,716.5343,716.27,716.54,716.1,1777911180000,1525
2026-05-04 16:14:00+00:00,87634.594815,716.0868,716.2999,715.94,716.2999,715.939,1777911240000,1895
2026-05-04 16:15:00+00:00,76375.953589,715.9192,715.93,715.8399,716.1064,715.77,1777911300000,1840
2026-05-04 16:16:00+00:00,171117.471194,715.8549,715.83,716.07,716.35,715.5,1777911360000,3070
2026-05-04 16:17:00+00:00,422628.371938,716.4907,716.11,716.42,716.92,715.83,1777911420000,5975
2026-05-04 16:18:00+00:00,202531.347982,716.6225,716.42,716.99,717.02,716.34,1777911480000,3160
2026-05-04 16:19:00+00:00,276801.875933,717.1751,716.98,717.19,717.66,716.81,1777911540000,4842
2026-05-04 16:20:00+00:00,116070.671452,717.2315,717.21,717.29,717.359,716.95,1777911600000,2296
2026-05-04 16:21:00+00:00,159019.620932,717.5006,717.33,717.4099,717.74,717.25,1777911660000,2998
2026-05-04 16:22:00+00:00,159751.262192,717.6452,717.4,717.64,717.81,717.4,1777911720000,3455
2026-05-04 16:23:00+00:00,229814.209541,719.2962,717.63,717.5,717.84,717.3512,1777911780000,2002
2026-05-04 16:24:00+00:00,94899.768366,717.5542,717.5,717.44,717.68,717.32,1777911840000,1727
2026-05-04 16:25:00+00:00,105337.497356,717.6052,717.46,717.47,717.717,717.41,1777911900000,1717
2026-05-04 16:26:00+00:00,78996.392697,717.67,717.5,717.5,717.87,717.44,1777911960000,1746
2026-05-04 16:27:00+00:00,82356.937516,717.2086,717.49,717.04,717.51,717.0,1777912020000,1588
2026-05-04 16:28:00+00:00,69058.01342,716.9884,717.02,717.0291,717.08,716.86,1777912080000,1196
2026-05-04 16:29:00+00:00,49599.619943,717.0769,717.0,717.0,717.18,716.96,1777912140000,977
2026-05-04 16:30:00+00:00,101071.922886,717.0693,716.99,717.3,717.31,716.82,1777912200000,1680
2026-05-04 16:31:00+00:00,55608.254326,717.3519,717.2999,717.3793,717.44,717.24,1777912260000,1108
2026-05-04 16:32:00+00:00,40187.875062,717.269,717.36,717.125,717.4,717.11,1777912320000,773
2026-05-04 16:33:00+00:00,27943.597751,717.3143,717.14,717.389,717.43,717.06,1777912380000,701
2026-05-04 16:34:00+00:00,57731.1853,717.5139,717.4,717.56,717.67,717.35,1777912440000,1186
2026-05-04 16:35:00+00:00,33132.059809,717.3741,717.56,717.215,717.6299,717.2,1777912500000,825
2026-05-04 16:36:00+00:00,31534.038431,717.2717,717.23,717.41,717.44,717.19,1777912560000,726
2026-05-04 16:37:00+00:00,23837.811873,717.1563,717.38,717.225,717.39,716.99,1777912620000,741
2026-05-04 16:38:00+00:00,248255.251897,716.8871,717.25,717.12,717.25,716.61,1777912680000,4325
2026-05-04 16:39:00+00:00,47662.00185,716.9498,717.14,716.83,717.14,716.82,1777912740000,1007
2026-05-04 16:40:00+00:00,46033.994124,717.07,716.83,717.005,717.2799,716.82,1777912800000,1090
2026-05-04 16:41:00+00:00,58413.752186,716.9601,717.02,717.05,717.07,716.82,1777912860000,994
2026-05-04 16:42:00+00:00,37694.076767,717.0593,717.06,716.96,717.2,716.9,1777912920000,1026
2026-05-04 16:43:00+00:00,38943.938484,717.1492,716.98,717.27,717.295,716.95,1777912980000,946
2026-05-04 16:44:00+00:00,96218.709049,717.0747,717.27,716.92,717.2701,716.91,1777913040000,822
2026-05-04 16:45:00+00:00,40716.150957,716.9216,716.89,717.015,717.04,716.83,1777913100000,857
2026-05-04 16:46:00+00:00,47257.333898,716.8612,717.07,716.815,717.08,716.72,1777913160000,1023
2026-05-04 16:47:00+00:00,96615.189069,716.7477,716.8,716.8,716.87,716.655,1777913220000,1231
2026-05-04 16:48:00+00:00,43930.464299,716.8116,716.79,716.755,716.9,716.73,1777913280000,903
2026-05-04 16:49:00+00:00,34002.716981,716.7765,716.78,716.92,716.93,716.7,1777913340000,925
2026-05-04 16:50:00+00:00,66075.873049,716.7714,716.9,716.825,717.0,716.6007,1777913400000,1274
2026-05-04 16:51:00+00:00,74381.661101,716.5863,716.86,716.64,716.86,716.4,1777913460000,1389
2026-05-04 16:52:00+00:00,115488.560491,716.5453,716.657,716.6,716.98,716.3,1777913520000,2081
2026-05-04 16:53:00+00:00,44899.792287,716.6079,716.62,716.525,716.77,716.46,1777913580000,855
2026-05-04 16:54:00+00:00,42646.48225,716.5362,716.559,716.65,716.65,716.47,1777913640000,978
2026-05-04 16:55:00+00:00,42749.473241,716.7126,716.64,716.63,716.87,716.53,1777913700000,906
2026-05-04 16:56:00+00:00,21233.489774,716.6256,716.635,716.5614,716.71,716.4902,1777913760000,671
2026-05-04 16:57:00+00:00,45148.747066,716.5971,716.49,716.59,716.65,716.45,1777913820000,963
2026-05-04 16:58:00+00:00,44598.74789,716.5255,716.59,716.49,716.63,716.45,1777913880000,850
2026-05-04 16:59:00+00:00,34124.730351,716.6039,716.49,716.55,716.67,716.49,1777913940000,739
2026-05-04 17:00:00+00:00,71968.229967,716.6487,716.54,716.711,716.8,716.48,1777914000000,1272
2026-05-04 17:01:00+00:00,113560.211148,716.8641,716.72,716.96,717.14,716.54,1777914060000,2035
2026-05-04 17:02:00+00:00,68275.959922,716.9613,716.9,716.96,717.1288,716.74,1777914120000,1291
2026-05-04 17:03:00+00:00,67325.101261,717.0505,716.9399,717.02,717.24,716.9,1777914180000,1071
2026-05-04 17:04:00+00:00,58516.363791,717.0497,717.01,717.08,717.24,716.9101,1777914240000,1028
2026-05-04 17:05:00+00:00,67575.961359,717.2566,717.1,717.19,717.35,717.03,1777914300000,1150
2026-05-04 17:06:00+00:00,90754.988958,717.3878,717.22,717.29,717.53,717.21,1777914360000,1519
2026-05-04 17:07:00+00:00,46208.262018,717.3993,717.28,717.38,717.52,717.25,1777914420000,993
2026-05-04 17:08:00+00:00,33403.726847,717.3699,717.38,717.28,717.52,717.1701,1777914480000,832
2026-05-04 17:09:00+00:00,39979.604334,717.3307,717.29,717.43,717.44,717.19,1777914540000,801
2026-05-04 17:10:00+00:00,61666.85819,717.5136,717.45,717.53,717.56,717.39,1777914600000,999
2026-05-04 17:11:00+00:00,64850.508975,717.4244,717.52,717.37,717.64,717.28,1777914660000,1163
2026-05-04 17:12:00+00:00,48694.198106,717.3841,717.39,717.32,717.43,717.295,1777914720000,850
2026-05-04 17:13:00+00:00,29829.827212,717.3399,717.31,717.4,717.46,717.18,1777914780000,902
2026-05-04 17:14:00+00:00,53396.006404,717.4584,717.38,717.47,717.5399,717.37,1777914840000,1111
2026-05-04 17:15:00+00:00,33941.415027,717.432,717.45,717.4,717.48,717.36,1777914900000,697
2026-05-04 17:16:00+00:00,22400.432759,717.4091,717.4,717.45,717.48,717.35,1777914960000,604
2026-05-04 17:17:00+00:00,308531.23724,717.7642,717.4888,717.92,718.3,717.2,1777915020000,5088
2026-05-04 17:18:00+00:00,124336.30614,718.2631,717.91,718.26,718.49,717.91,1777915080000,2023
2026-05-04 17:19:00+00:00,57815.77966,718.2974,718.24,718.265,718.42,718.18,1777915140000,1005
2026-05-04 17:20:00+00:00,165549.264413,718.3494,718.27,718.165,718.48,718.13,1777915200000,2059
2026-05-04 17:21:00+00:00,30781.340502,718.3001,718.19,718.4,718.4,718.09,1777915260000,764
2026-05-04 17:22:00+00:00,91652.453427,718.449,718.4,718.375,718.52,718.31,1777915320000,1578
2026-05-04 17:23:00+00:00,42926.273042,718.5012,718.39,718.51,718.58,718.38,1777915380000,1173
2026-05-04 17:24:00+00:00,47466.488732,718.5512,718.53,718.46,718.64,718.42,1777915440000,926
2026-05-04 17:25:00+00:00,29136.61121,718.5,718.48,718.39,718.56,718.38,1777915500000,784
2026-05-04 17:26:00+00:00,56262.278935,718.3497,718.37,718.22,718.45,718.22,1777915560000,1074
2026-05-04 17:27:00+00:00,38983.832888,718.3964,718.22,718.4975,718.51,718.2,1777915620000,863
2026-05-04 17:28:00+00:00,53277.509612,718.513,718.49,718.56,718.57,718.4301,1777915680000,932
2026-05-04 17:29:00+00:00,42515.769111,718.5371,718.56,718.57,718.6,718.46,1777915740000,968
2026-05-04 17:30:00+00:00,47827.86388,718.4853,718.56,718.51,718.58,718.39,1777915800000,1188
2026-05-04 17:31:00+00:00,28521.511487,718.5389,718.52,718.55,718.59,718.47,1777915860000,914
2026-05-04 17:32:00+00:00,34640.749981,718.5496,718.53,718.465,718.61,718.46,1777915920000,990
2026-05-04 17:33:00+00:00,69851.158637,718.4977,718.46,718.37,718.57,718.33,1777915980000,1431
2026-05-04 17:34:00+00:00,75127.844733,718.2506,718.375,718.15,718.42,718.1201,1777916040000,1600
2026-05-04 17:35:00+00:00,95775.257155,717.9811,718.15,717.8,718.17,717.78,1777916100000,1913
2026-05-04 17:36:00+00:00,76092.844001,717.8763,717.8,717.91,718.02,717.7,1777916160000,1870
2026-05-04 17:37:00+00:00,56987.860476,717.8164,717.9,717.76,717.91,717.6,1777916220000,1175
2026-05-04 17:38:00+00:00,59649.091771,717.8483,717.79,717.92,717.92,717.775,1777916280000,965
2026-05-04 17:39:00+00:00,40641.024798,718.0003,717.915,718.1,718.1,717.915,1777916340000,832
2026-05-04 17:40:00+00:00,45094.204569,718.0032,718.11,718.04,718.11,717.86,1777916400000,1009
2026-05-04 17:41:00+00:00,36697.932866,717.9814,718.05,717.93,718.07,717.87,1777916460000,855
2026-05-04 17:42:00+00:00,61437.688338,718.1333,717.93,718.21,718.27,717.92,1777916520000,1046
2026-05-04 17:43:00+00:00,33616.916955,718.2583,718.2,718.26,718.28,718.2,1777916580000,751
2026-05-04 17:44:00+00:00,31694.636945,718.255,718.25,718.21,718.32,718.18,1777916640000,692
2026-05-04 17:45:00+00:00,39944.675136,718.1842,718.22,718.11,718.25,718.09,1777916700000,799
2026-05-04 17:46:00+00:00,31984.629948,718.2333,718.12,718.25,718.28,718.11,1777916760000,686
2026-05-04 17:47:00+00:00,34846.804431,718.2478,718.23,718.24,718.28,718.13,1777916820000,702
2026-05-04 17:48:00+00:00,37153.350332,718.2231,718.25,718.25,718.28,718.14,1777916880000,781
2026-05-04 17:49:00+00:00,48026.322163,718.2925,718.23,718.3,718.35,718.23,1777916940000,879
2026-05-04 17:50:00+00:00,57526.931576,718.3716,718.28,718.38,718.415,718.27,1777917000000,961
2026-05-04 17:51:00+00:00,58867.259206,718.441,718.39,718.52,718.54,718.36,1777917060000,1055
2026-05-04 17:52:00+00:00,55265.696046,718.5905,718.53,718.62,718.63,718.505,1777917120000,1069
2026-05-04 17:53:00+00:00,83834.121306,718.4105,718.62,718.38,718.62,718.3,1777917180000,1194
2026-05-04 17:54:00+00:00,35442.163825,718.3968,718.375,718.37,718.42,718.3582,1777917240000,744
2026-05-04 17:55:00+00:00,31062.992675,718.5009,718.37,718.48,718.53,718.37,1777917300000,716
2026-05-04 17:56:00+00:00,31466.012279,718.4746,718.49,718.4301,718.51,718.42,1777917360000,553
2026-05-04 17:57:00+00:00,51476.186648,718.5334,718.44,718.55,718.6,718.43,1777917420000,801
2026-05-04 17:58:00+00:00,42250.329484,718.5129,718.55,718.45,718.56,718.43,1777917480000,771
2026-05-04 17:59:00+00:00,40299.297259,718.4258,718.44,718.3301,718.51,718.33,1777917540000,774
2026-05-04 18:00:00+00:00,27194.083428,718.3887,718.33,718.39,718.44,718.29,1777917600000,797
2026-05-04 18:01:00+00:00,41834.258585,718.4329,718.39,718.49,718.49,718.37,1777917660000,1018
2026-05-04 18:02:00+00:00,60075.232044,718.5256,718.48,718.61,718.62,718.4101,1777917720000,1263
2026-05-04 18:03:00+00:00,83154.197192,718.7339,718.61,718.75,718.83,718.61,1777917780000,1499
2026-05-04 18:04:00+00:00,64871.795174,718.8767,718.76,718.8925,718.93,718.76,1777917840000,1445
2026-05-04 18:05:00+00:00,143830.683103,718.909,718.9,718.98,718.99,718.81,1777917900000,2180
2026-05-04 18:06:00+00:00,102619.405401,718.9417,718.98,718.85,718.995,718.83,1777917960000,1599
2026-05-04 18:07:00+00:00,144949.778078,718.794,718.86,718.61,718.87,718.54,1777918020000,1601
2026-05-04 18:08:00+00:00,68077.401125,718.7051,718.62,718.76,718.81,718.57,1777918080000,1172
2026-05-04 18:09:00+00:00,88162.318717,718.7271,718.78,718.71,718.785,718.6501,1777918140000,1051
2026-05-04 18:10:00+00:00,46487.018313,718.697,718.7,718.72,718.75,718.65,1777918200000,852
2026-05-04 18:11:00+00:00,50970.835962,718.7284,718.715,718.67,718.77,718.66,1777918260000,763
2026-05-04 18:12:00+00:00,58524.004535,718.6934,718.68,718.645,718.78,718.59,1777918320000,7910
2026-05-04 18:13:00+00:00,54027.72086,718.6229,718.6375,718.55,718.7,718.53,1777918380000,1807
2026-05-04 18:14:00+00:00,41568.324123,718.5009,718.56,718.45,718.6,718.44,1777918440000,926
2026-05-04 18:15:00+00:00,59836.19895,718.3814,718.46,718.32,718.49,718.26,1777918500000,1105
2026-05-04 18:16:00+00:00,35635.483224,718.36,718.32,718.41,718.41,718.275,1777918560000,755
2026-05-04 18:17:00+00:00,140382.201832,718.4207,718.4,718.3,718.41,718.23,1777918620000,882
2026-05-04 18:18:00+00:00,65842.553713,718.2644,718.32,718.23,718.36,718.2,1777918680000,975
2026-05-04 18:19:00+00:00,68584.646203,718.238,718.23,718.25,718.27,718.17,1777918740000,929
2026-05-04 18:20:00+00:00,33218.481344,718.2106,718.24,718.2,718.28,718.0975,1777918800000,766
2026-05-04 18:21:00+00:00,64776.202571,718.1275,718.21,718.14,718.23,718.05,1777918860000,1104
2026-05-04 18:22:00+00:00,70355.851695,718.0332,718.16,717.955,718.18,717.955,1777918920000,1392
2026-05-04 18:23:00+00:00,90447.264073,717.8018,717.955,717.77,718.02,717.55,1777918980000,1447
2026-05-04 18:24:00+00:00,64392.14546,717.7121,717.78,717.7,717.79,717.63,1777919040000,980
2026-05-04 18:25:00+00:00,106725.100044,717.8807,717.67,717.57,717.7,717.519,1777919100000,1030
2026-05-04 18:26:00+00:00,65459.695077,717.5552,717.56,717.45,717.67,717.42,1777919160000,1148
2026-05-04 18:27:00+00:00,96266.868123,717.34,717.46,717.32,717.46,717.17,1777919220000,1535
2026-05-04 18:28:00+00:00,113921.159448,717.5217,717.31,717.64,717.66,717.31,1777919280000,1613
2026-05-04 18:29:00+00:00,75633.731434,717.7289,717.64,717.76,717.83,717.63,1777919340000,1056
2026-05-04 18:30:00+00:00,93164.725099,717.659,717.76,717.59,717.87,717.5,1777919400000,1339
2026-05-04 18:31:00+00:00,58411.260986,717.5338,717.585,717.545,717.65,717.44,1777919460000,998
2026-05-04 18:32:00+00:00,68832.490275,717.5434,717.54,717.59,717.62,717.46,1777919520000,1033
2026-05-04 18:33:00+00:00,111212.398053,717.6696,717.6,717.62,717.74,717.56,1777919580000,1547
2026-05-04 18:34:00+00:00,32205.427767,717.6486,717.61,717.6399,717.69,717.58,1777919640000,681
2026-05-04 18:35:00+00:00,55682.156551,717.4927,717.61,717.42,717.61,717.39,1777919700000,1072
2026-05-04 18:36:00+00:00,35274.388817,717.4456,717.42,717.3735,717.51,717.3735,1777919760000,745
2026-05-04 18:37:00+00:00,62319.539456,717.3555,717.39,717.395,717.42,717.28,1777919820000,888
2026-05-04 18:38:00+00:00,36773.536552,717.371,717.395,717.3639,717.4295,717.3,1777919880000,731
2026-05-04 18:39:00+00:00,58929.499741,717.5011,717.35,717.53,717.56,717.34,1777919940000,904
2026-05-04 18:40:00+00:00,36889.842902,717.501,717.52,717.56,717.57,717.4,1777920000000,741
2026-05-04 18:41:00+00:00,56839.346969,717.4598,717.57,717.447,717.59,717.4,1777920060000,812
2026-05-04 18:42:00+00:00,33954.316281,717.4423,717.46,717.4,717.47,717.37,1777920120000,530
2026-05-04 18:43:00+00:00,68114.077713,717.2394,717.4,717.2099,717.4,717.17,1777920180000,1190
2026-05-04 18:44:00+00:00,47331.625815,717.1305,717.2,717.07,717.24,717.03,1777920240000,972
2026-05-04 18:45:00+00:00,67166.65816,716.9587,717.07,717.0,717.07,716.83,1777920300000,1356
2026-05-04 18:46:00+00:00,66105.78856,717.0387,717.0,717.135,717.1599,716.86,1777920360000,1170
2026-05-04 18:47:00+00:00,60320.670368,717.2552,717.14,717.33,717.35,717.13,1777920420000,1017
2026-05-04 18:48:00+00:00,38376.449029,717.2778,717.32,717.31,717.3429,717.205,1777920480000,772
2026-05-04 18:49:00+00:00,77337.330412,717.3508,717.32,717.48,717.49,717.27,1777920540000,1121
2026-05-04 18:50:00+00:00,39104.431852,717.4796,717.49,717.38,717.56,717.3709,1777920600000,845
2026-05-04 18:51:00+00:00,65032.434107,717.462,717.42,717.57,717.58,717.35,1777920660000,1198
2026-05-04 18:52:00+00:00,154627.808041,717.2714,717.58,717.27,717.59,716.95,1777920720000,2684
2026-05-04 18:53:00+00:00,46392.371911,717.2412,717.275,717.14,717.33,717.12,1777920780000,870
2026-05-04 18:54:00+00:00,32564.611406,717.144,717.145,717.14,717.2099,717.05,1777920840000,911
2026-05-04 18:55:00+00:00,34040.697872,717.2735,717.12,717.38,717.4,717.08,1777920900000,884
2026-05-04 18:56:00+00:00,90733.419071,717.4359,717.41,717.5,717.5,717.34,1777920960000,1357
2026-05-04 18:57:00+00:00,42478.366707,717.5116,717.52,717.585,717.59,717.4299,1777921020000,873
2026-05-04 18:58:00+00:00,97241.527489,717.5217,717.57,717.51,717.59,717.46,1777921080000,1429
2026-05-04 18:59:00+00:00,142056.725041,717.5198,717.53,717.47,717.6,717.4,1777921140000,1714
2026-05-04 19:00:00+00:00,63938.240615,717.4742,717.48,717.4401,717.55,717.4101,1777921200000,1170
2026-05-04 19:01:00+00:00,44362.223271,717.3722,717.44,717.3855,717.4431,717.31,1777921260000,1083
2026-05-04 19:02:00+00:00,616484.294782,717.4386,717.365,717.22,717.4,717.22,1777921320000,1195
2026-05-04 19:03:00+00:00,110903.86371,717.2974,717.215,717.4,717.41,717.13,1777921380000,1497
2026-05-04 19:04:00+00:00,107978.971888,717.4481,717.41,717.37,717.52,717.35,1777921440000,1695
2026-05-04 19:05:00+00:00,127183.549915,717.439,717.36,717.78,717.79,717.29,1777921500000,1928
2026-05-04 19:06:00+00:00,399283.544549,717.9025,717.77,717.73,718.22,717.62,1777921560000,5335
2026-05-04 19:07:00+00:00,260102.046263,717.8768,717.78,717.88,718.1,717.64,1777921620000,3531
2026-05-04 19:08:00+00:00,97860.416841,718.0326,717.89,717.995,718.14,717.85,1777921680000,1481
2026-05-04 19:09:00+00:00,73666.932651,718.0023,718.0,717.91,718.11,717.91,1777921740000,961
2026-05-04 19:10:00+00:00,97882.370014,717.8392,717.9,717.87,717.954,717.78,1777921800000,1378
2026-05-04 19:11:00+00:00,118663.970436,717.8878,717.86,717.845,718.02,717.8,1777921860000,1901
2026-05-04 19:12:00+00:00,85415.318792,717.8791,717.82,717.965,717.98,717.82,1777921920000,1208
2026-05-04 19:13:00+00:00,49228.37776,717.9508,717.97,717.96,717.98,717.9,1777921980000,897
2026-05-04 19:14:00+00:00,52672.481648,717.9664,717.975,718.04,718.05,717.92,1777922040000,887
2026-05-04 19:15:00+00:00,50971.142349,718.0098,718.04,717.93,718.11,717.92,1777922100000,1105
2026-05-04 19:16:00+00:00,49856.889071,718.1252,717.93,718.1,718.19,717.93,1777922160000,1037
2026-05-04 19:17:00+00:00,76170.693301,718.1401,718.11,718.07,718.19,718.05,1777922220000,1135
2026-05-04 19:18:00+00:00,205579.10482,719.6844,718.08,718.1,718.11,718.03,1777922280000,1132
2026-05-04 19:19:00+00:00,60706.563462,718.0134,718.07,717.9499,718.1,717.91,1777922340000,1053
2026-05-04 19:20:00+00:00,92670.625999,717.8982,717.93,717.92,717.99,717.8,1777922400000,1471
2026-05-04 19:21:00+00:00,168291.902256,717.7363,717.93,717.965,717.98,717.89,1777922460000,915
2026-05-04 19:22:00+00:00,67763.577698,717.8575,717.97,717.77,717.99,717.74,1777922520000,1144
2026-05-04 19:23:00+00:00,81085.335284,717.8601,717.75,717.915,717.92,717.71,1777922580000,1290
2026-05-04 19:24:00+00:00,47095.590359,717.8995,717.91,717.92,717.97,717.85,1777922640000,857
2026-05-04 19:25:00+00:00,118810.956665,717.7567,717.93,717.75,718.0,717.43,1777922700000,1916
2026-05-04 19:26:00+00:00,270637.159264,717.6983,717.755,717.75,717.81,717.58,1777922760000,2949
2026-05-04 19:27:00+00:00,76033.24673,717.7733,717.74,717.695,717.89,717.67,1777922820000,1130
2026-05-04 19:28:00+00:00,161014.339895,717.8529,717.68,717.96,718.01,717.65,1777922880000,1774
2026-05-04 19:29:00+00:00,146204.252222,717.8908,717.955,717.74,718.05,717.72,1777922940000,1916
2026-05-04 19:30:00+00:00,90437.127922,717.8088,717.75,717.8,717.89,717.74,1777923000000,1358
2026-05-04 19:31:00+00:00,149124.920515,717.8887,717.82,718.01,718.01,717.77,1777923060000,1811
2026-05-04 19:32:00+00:00,83614.377785,717.9248,718.0,717.945,718.02,717.84,1777923120000,1149
2026-05-04 19:33:00+00:00,84535.761448,717.936,717.93,718.01,718.04,717.93,1777923180000,1117
2026-05-04 19:34:00+00:00,79724.845858,718.0205,718.0,718.005,718.08,717.94,1777923240000,1249
2026-05-04 19:35:00+00:00,94516.138408,718.0508,717.995,718.1,718.11,717.965,1777923300000,1654
2026-05-04 19:36:00+00:00,93488.963108,718.1163,718.1,718.05,718.16,718.04,1777923360000,1501
2026-05-04 19:37:00+00:00,111151.803472,718.1216,718.07,718.205,718.22,718.05,1777923420000,1747
2026-05-04 19:38:00+00:00,84535.307011,718.1952,718.2,718.07,718.26,718.07,1777923480000,1287
2026-05-04 19:39:00+00:00,101531.077853,718.0305,718.07,717.98,718.09,717.94,1777923540000,1309
2026-05-04 19:40:00+00:00,203754.370343,717.9079,717.99,717.86,718.06,717.81,1777923600000,2413
2026-05-04 19:41:00+00:00,81254.973577,717.8688,717.87,717.77,717.93,717.75,1777923660000,1162
2026-05-04 19:42:00+00:00,153757.734456,717.7752,717.76,717.87,717.88,717.71,1777923720000,2381
2026-05-04 19:43:00+00:00,78255.266002,717.8181,717.87,717.77,717.87,717.75,1777923780000,1277
2026-05-04 19:44:00+00:00,121793.580449,717.7797,717.765,717.75,717.829,717.67,1777923840000,1791
2026-05-04 19:45:00+00:00,132944.092783,717.6817,717.74,717.67,717.78,717.61,1777923900000,1922
2026-05-04 19:46:00+00:00,126724.929942,717.7076,717.665,717.76,717.81,717.6,1777923960000,2031
2026-05-04 19:47:00+00:00,144437.858283,717.9697,717.76,718.08,718.09,717.76,1777924020000,2229
2026-05-04 19:48:00+00:00,107126.797025,718.0835,718.08,718.03,718.15,717.99,1777924080000,1787
2026-05-04 19:49:00+00:00,167291.43534,718.1019,718.04,718.14,718.2,718.0,1777924140000,2407
2026-05-04 19:50:00+00:00,693527.493313,718.2649,718.14,717.54,718.15,717.5,1777924200000,5482
2026-05-04 19:51:00+00:00,287566.77718,717.5577,717.54,717.65,717.67,717.47,1777924260000,2956
2026-05-04 19:52:00+00:00,229541.434311,717.5486,717.66,717.47,717.685,717.42,1777924320000,2936
2026-05-04 19:53:00+00:00,223397.008473,717.4955,717.49,717.5,717.58,717.4,1777924380000,2650
2026-05-04 19:54:00+00:00,243888.49323,717.4467,717.52,717.52,717.55,717.35,1777924440000,2878
2026-05-04 19:55:00+00:00,322217.007947,717.4964,717.54,717.56,717.73,717.37,1777924500000,3943
2026-05-04 19:56:00+00:00,253863.300704,717.5494,717.55,717.62,717.63,717.49,1777924560000,3053
2026-05-04 19:57:00+00:00,390069.986633,718.657,717.63,717.715,717.735,717.6,1777924620000,3504
2026-05-04 19:58:00+00:00,424060.570616,717.7641,717.72,717.86,717.86,717.6211,1777924680000,4661
2026-05-04 19:59:00+00:00,1744400.779951,718.9243,717.84,718.07,718.1,717.71,1777924740000,10158
2026-05-04 20:00:00+00:00,378416.168551,719.766,718.07,717.73,718.08,717.7,1777924800000,458
2026-05-04 20:01:00+00:00,310907.625186,720.1349,717.73,717.66,717.74,717.6,1777924860000,255
2026-05-04 20:02:00+00:00,282882.40086,720.3695,717.64,717.53,717.64,717.53,1777924920000,137
2026-05-04 20:03:00+00:00,14630.900572,717.6459,717.57,717.64,717.6695,717.54,1777924980000,111
2026-05-04 20:04:00+00:00,275678.310709,720.4459,717.66,717.56,717.7,717.56,1777925040000,169
2026-05-04 20:05:00+00:00,521977.658727,717.7729,717.6,717.55,717.77,717.53,1777925100000,205
2026-05-04 20:06:00+00:00,316167.627055,720.105,717.55,717.47,717.8562,717.47,1777925160000,120
2026-05-04 20:07:00+00:00,9179.086327,717.4989,717.5,717.49,717.53,717.45,1777925220000,77
2026-05-04 20:08:00+00:00,12301.006654,717.4707,717.45,717.49,717.52,717.45,1777925280000,121
2026-05-04 20:09:00+00:00,312407.41028,717.7622,717.47,717.41,717.7763,717.38,1777925340000,130
2026-05-04 20:10:00+00:00,17022.699124,717.4061,717.39,717.3713,717.41,717.37,1777925400000,155
2026-05-04 20:11:00+00:00,29255.081448,717.361,717.37,717.43,717.43,717.28,1777925460000,205
2026-05-04 20:12:00+00:00,11479.018547,717.3926,717.43,717.4,717.43,717.35,1777925520000,85
2026-05-04 20:13:00+00:00,773709.239557,717.7567,717.4,717.49,718.01,717.39,1777925580000,576
2026-05-04 20:14:00+00:00,19253.931158,717.6075,717.5,717.59,717.62,717.5,1777925640000,164
2026-05-04 20:15:00+00:00,10364.763632,717.574,717.52,717.53,717.55,717.5,1777925700000,83
2026-05-04 20:16:00+00:00,5719.155093,717.5814,717.55,717.6,717.6,717.55,1777925760000,65
2026-05-04 20:17:00+00:00,5288.621947,717.696,717.6,717.57,717.64,717.57,1777925820000,59
2026-05-04 20:18:00+00:00,4549.084323,717.4935,717.54,717.42,717.54,717.42,1777925880000,79
2026-05-04 20:19:00+00:00,7836.687126,717.4634,717.4298,717.35,717.43,717.35,1777925940000,77
2026-05-04 20:20:00+00:00,1998.039232,717.3791,717.3504,717.36,717.38,717.34,1777926000000,62
2026-05-04 20:21:00+00:00,6028.128708,717.3432,717.34,717.3761,717.3761,717.31,1777926060000,72
2026-05-04 20:22:00+00:00,45223.282167,717.4605,717.38,717.47,717.54,717.34,1777926120000,246
2026-05-04 20:23:00+00:00,2776.697838,717.6463,717.4823,717.48,717.49,717.43,1777926180000,52
2026-05-04 20:24:00+00:00,6284.448631,717.5284,717.49,717.52,717.52,717.46,1777926240000,40
2026-05-04 20:25:00+00:00,3397.592954,717.6325,717.519,717.57,717.5707,717.48,1777926300000,56
2026-05-04 20:26:00+00:00,30932.652039,717.7013,717.57,717.68,717.75,717.57,1777926360000,263
2026-05-04 20:27:00+00:00,2054.333629,717.8286,717.7,717.71,717.73,717.6999,1777926420000,23
2026-05-04 20:28:00+00:00,7384.816032,717.7983,717.73,717.7925,717.8,717.66,1777926480000,82
2026-05-04 20:29:00+00:00,5628.031151,717.8189,717.81,717.85,717.85,717.8,1777926540000,64
2026-05-04 20:30:00+00:00,6172.421767,717.886,717.79,717.88,717.88,717.79,1777926600000,53
2026-05-04 20:31:00+00:00,6665.654115,717.9489,717.8535,717.88,717.88,717.8535,1777926660000,71
2026-05-04 20:32:00+00:00,2030.179837,717.9237,717.88,717.86,717.88,717.84,1777926720000,30
2026-05-04 20:33:00+00:00,1495.537281,718.0844,717.83,717.81,717.85,717.81,1777926780000,46
2026-05-04 20:34:00+00:00,3978.310097,717.8219,717.8,717.74,717.81,717.7209,1777926840000,74
2026-05-04 20:35:00+00:00,961.440684,717.9967,717.7301,717.6687,717.7301,717.63,1777926900000,51
2026-05-04 20:36:00+00:00,582.678171,718.4753,717.63,717.63,717.6585,717.63,1777926960000,25
2026-05-04 20:37:00+00:00,503.838711,718.8199,717.62,717.64,717.64,717.6,1777927020000,35
2026-05-04 20:38:00+00:00,20070.671248,717.6522,717.62,717.59,717.75,717.58,1777927080000,179
2026-05-04 20:39:00+00:00,42101.390893,717.554,717.57,717.54,717.58,717.53,1777927140000,214
2026-05-04 20:40:00+00:00,8752.735393,717.8033,717.59,717.58,717.6,717.58,1777927200000,29
2026-05-04 20:41:00+00:00,745.037223,717.6134,717.5897,717.58,717.6,717.58,1777927260000,27
2026-05-04 20:42:00+00:00,311.394753,718.4545,717.5493,717.5435,717.55,717.5435,1777927320000,24
2026-05-04 20:43:00+00:00,462.953181,719.0305,717.55,717.55,717.55,717.55,1777927380000,16
2026-05-04 20:44:00+00:00,21075.186208,717.4628,717.55,717.41,717.55,717.4,1777927440000,147
2026-05-04 20:45:00+00:00,2439.035566,717.4107,717.43,717.41,717.43,717.36,1777927500000,47
2026-05-04 20:46:00+00:00,1476.91803,717.8539,717.4,717.45,717.45,717.37,1777927560000,44
2026-05-04 20:47:00+00:00,3442.875283,717.6628,717.45,717.5,717.5,717.45,1777927620000,50
2026-05-04 20:48:00+00:00,3271.412815,717.6222,717.54,717.55,717.55,717.52,1777927680000,57
2026-05-04 20:49:00+00:00,2255.671256,717.8876,717.5493,717.48,718.01,717.48,1777927740000,32
2026-05-04 20:50:00+00:00,1947.140849,717.5526,717.5,717.5,717.5052,717.5,1777927800000,27
2026-05-04 20:51:00+00:00,1052.158071,717.6018,717.489,717.5,717.51,717.48,1777927860000,28
2026-05-04 20:52:00+00:00,14293.845554,718.0427,717.5,717.54,718.01,717.5,1777927920000,15
2026-05-04 20:53:00+00:00,2849.080177,717.5613,717.54,717.53,717.54,717.53,1777927980000,27
2026-05-04 20:54:00+00:00,513.9063,718.7673,717.5,717.5,717.5,717.5,1777928040000,22
2026-05-04 20:55:00+00:00,227.409682,718.8161,717.5107,717.5107,717.5107,717.5107,1777928100000,24
2026-05-04 20:56:00+00:00,80.088715,718.3582,717.57,717.57,717.57,717.57,1777928160000,16
2026-05-04 20:58:00+00:00,1889.040888,717.5663,717.57,717.55,717.57,717.5435,1777928280000,30
2026-05-04 20:59:00+00:00,523.05656,717.6438,717.57,717.56,717.57,717.56,1777928340000,15
2026-05-04 21:00:00+00:00,609.334862,718.0233,717.59,717.6844,717.6844,717.59,1777928400000,24
2026-05-04 21:01:00+00:00,109.612573,721.6131,717.573,717.573,717.573,717.573,1777928460000,10
2026-05-04 21:02:00+00:00,286.632822,719.2317,717.5729,717.69,717.69,717.5729,1777928520000,15
2026-05-04 21:03:00+00:00,228.723878,719.9691,717.68,717.7,717.7,717.68,1777928580000,13
2026-05-04 21:04:00+00:00,442.152907,717.9174,717.6615,717.6665,717.6665,717.6615,1777928640000,15
2026-05-04 21:05:00+00:00,809.453742,718.064,717.6601,717.6601,717.6601,717.6601,1777928700000,19
2026-05-04 21:06:00+00:00,133.847672,722.2713,717.6957,717.6957,717.6957,717.6957,1777928760000,17
2026-05-04 21:08:00+00:00,1637.328986,717.9128,717.75,717.78,717.8,717.72,1777928880000,58
2026-05-04 21:09:00+00:00,1122.124162,717.8676,717.78,717.77,717.8,717.77,1777928940000,21
2026-05-04 21:10:00+00:00,851.14127,717.8938,717.77,717.72,717.78,717.72,1777929000000,16
2026-05-04 21:11:00+00:00,4987.843044,717.904,717.77,717.8,717.8,717.71,1777929060000,61
2026-05-04 21:12:00+00:00,8498.663786,717.8472,717.78,717.8,717.86,717.78,1777929120000,57
2026-05-04 21:13:00+00:00,1907.700963,718.0294,717.76,717.7988,717.7988,717.64,1777929180000,42
2026-05-04 21:15:00+00:00,199.198259,718.4184,717.6112,717.7318,717.7318,717.6112,1777929300000,21
2026-05-04 21:17:00+00:00,2047.508823,717.9153,717.74,717.736,717.75,717.712,1777929420000,25
2026-05-04 21:18:00+00:00,139.596934,720.7837,717.76,717.6607,717.76,717.6607,1777929480000,19
2026-05-04 21:19:00+00:00,107.739016,722.7141,717.76,717.76,717.76,717.76,1777929540000,14
2026-05-04 21:21:00+00:00,516.562346,718.4921,717.67,717.71,717.71,717.67,1777929660000,20
2026-05-04 21:22:00+00:00,933.445296,718.0293,717.66,717.7,717.7,717.66,1777929720000,32
2026-05-04 21:23:00+00:00,297.908818,719.8815,717.68,717.68,717.68,717.68,1777929780000,16
2026-05-04 21:24:00+00:00,312.633965,719.1756,717.69,717.72,717.72,717.69,1777929840000,18
2026-05-04 21:25:00+00:00,475.43228,718.3731,717.6982,717.75,717.75,717.6982,1777929900000,19
2026-05-04 21:26:00+00:00,748.108029,717.8354,717.7474,717.69,717.7474,717.69,1777929960000,14
2026-05-04 21:27:00+00:00,506.501052,718.4587,717.75,717.75,717.75,717.75,1777930020000,9
2026-05-04 21:28:00+00:00,451.282997,718.1363,717.7383,717.66,717.7383,717.66,1777930080000,14
2026-05-04 21:29:00+00:00,248.194323,718.3136,717.75,717.78,717.78,717.75,1777930140000,14
2026-05-04 21:30:00+00:00,194.361775,719.0709,717.71,717.78,717.78,717.71,1777930200000,15
2026-05-04 21:33:00+00:00,2003.064527,717.706,717.71,717.7165,717.7165,717.65,1777930380000,31
2026-05-04 21:34:00+00:00,460.813931,718.9294,717.65,717.65,717.65,717.65,1777930440000,22
2026-05-04 21:35:00+00:00,2670.353988,717.7369,717.65,717.65,717.65,717.63,1777930500000,36
2026-05-04 21:37:00+00:00,1168.3216,717.9238,717.74,717.63,717.74,717.63,1777930620000,28
2026-05-04 21:40:00+00:00,144.296362,719.2013,717.727,717.727,717.727,717.727,1777930800000,11
2026-05-04 21:41:00+00:00,195.364942,719.0467,717.73,717.73,717.73,717.73,1777930860000,12
2026-05-04 21:42:00+00:00,141.057741,717.983,717.68,717.68,717.68,717.68,1777930920000,25
2026-05-04 21:44:00+00:00,478.314391,718.1847,717.72,717.71,717.72,717.71,1777931040000,17
2026-05-04 21:46:00+00:00,62.91476,728.302,717.72,717.72,717.72,717.72,1777931160000,11
2026-05-04 21:47:00+00:00,870.318686,717.9277,717.66,717.66,717.68,717.66,1777931220000,16
2026-05-04 21:49:00+00:00,2284.048638,717.7391,717.72,717.7796,717.7796,717.72,1777931340000,26
2026-05-04 21:50:00+00:00,1772.250803,717.878,717.77,717.7798,717.78,717.77,1777931400000,30
2026-05-04 21:51:00+00:00,290.013931,717.8048,717.77,717.77,717.77,717.77,1777931460000,7
2026-05-04 21:57:00+00:00,333.768522,719.4356,717.76,717.8,717.8,717.76,1777931820000,22
2026-05-04 21:58:00+00:00,167.76204,721.1595,717.89,717.89,717.89,717.89,1777931880000,16
2026-05-04 21:59:00+00:00,629.396035,718.2962,717.88,717.8,717.95,717.8,1777931940000,27
2026-05-04 22:00:00+00:00,5275.581599,718.1308,717.96,718.15,718.15,717.96,1777932000000,102
2026-05-04 22:01:00+00:00,5905.195134,718.3398,718.13,718.37,718.46,718.13,1777932060000,119
2026-05-04 22:02:00+00:00,7939.634479,718.2428,718.37,718.09,718.37,718.09,1777932120000,97
2026-05-04 22:03:00+00:00,4482.43228,715.7049,718.05,718.05,718.14,718.04,1777932180000,38
2026-05-04 22:04:00+00:00,9431.599556,718.1283,718.06,718.09,718.1,718.01,1777932240000,68
2026-05-04 22:05:00+00:00,1044.165011,718.3604,718.19,718.2,718.24,718.19,1777932300000,47
2026-05-04 22:06:00+00:00,1176.440837,718.3591,718.1199,718.05,718.1199,718.05,1777932360000,38
2026-05-04 22:08:00+00:00,841.571459,718.6769,718.15,718.2,718.2,718.15,1777932480000,31
2026-05-04 22:09:00+00:00,557.268059,718.5712,718.23,718.22,718.23,718.22,1777932540000,26
2026-05-04 22:10:00+00:00,239.576809,719.9119,718.18,718.18,718.18,718.18,1777932600000,20
2026-05-04 22:11:00+00:00,125.733147,722.4254,718.22,718.22,718.22,718.22,1777932660000,25
2026-05-04 22:12:00+00:00,259.222337,718.886,718.26,718.29,718.29,718.26,1777932720000,22
2026-05-04 22:14:00+00:00,164.793567,721.7062,718.26,718.26,718.26,718.26,1777932840000,20
2026-05-04 22:15:00+00:00,725.09163,718.3227,718.23,718.23,718.23,718.23,1777932900000,22
2026-05-04 22:16:00+00:00,171.501273,720.3474,718.24,718.25,718.25,718.24,1777932960000,16
2026-05-04 22:17:00+00:00,4426.137164,718.2524,718.23,718.23,718.2387,718.23,1777933020000,27
2026-05-04 22:18:00+00:00,805.477752,718.6508,718.23,718.23,718.23,718.22,1777933080000,15
2026-05-04 22:19:00+00:00,354.607866,719.4496,718.19,718.22,718.22,718.19,1777933140000,15
2026-05-04 22:20:00+00:00,55.164559,720.3382,718.19,718.19,718.19,718.19,1777933200000,9
2026-05-04 22:21:00+00:00,60.210995,720.7555,718.23,718.23,718.23,718.23,1777933260000,12
2026-05-04 22:22:00+00:00,1112.418679,718.5115,718.23,718.25,718.25,718.23,1777933320000,22
2026-05-04 22:23:00+00:00,10105.735252,718.2432,718.22,718.2,718.22,718.19,1777933380000,45
2026-05-04 22:25:00+00:00,242.710881,720.3676,718.24,718.27,718.27,718.24,1777933500000,17
2026-05-04 22:26:00+00:00,222.636512,720.3439,718.28,718.29,718.29,718.28,1777933560000,18
2026-05-04 22:27:00+00:00,1211.273616,718.4783,718.29,718.32,718.32,718.29,1777933620000,32
2026-05-04 22:28:00+00:00,135.098446,718.8576,718.34,718.341,718.341,718.34,1777933680000,14
2026-05-04 22:29:00+00:00,170.414061,720.0875,718.32,718.3547,718.3547,718.32,1777933740000,15
2026-05-04 22:31:00+00:00,311.155837,718.6241,718.23,718.27,718.27,718.23,1777933860000,20
2026-05-04 22:32:00+00:00,1051.170608,718.3553,718.26,718.1944,718.27,718.1944,1777933920000,20
2026-05-04 22:33:00+00:00,134.227028,719.4548,718.24,718.2322,718.24,718.2322,1777933980000,15
2026-05-04 22:35:00+00:00,88.071469,718.8122,718.23,718.23,718.23,718.23,1777934100000,10
2026-05-04 22:36:00+00:00,189.749636,721.0953,718.23,718.25,718.25,718.23,1777934160000,23
2026-05-04 22:38:00+00:00,776.269531,718.4088,718.131,718.13,718.18,718.13,1777934280000,27
2026-05-04 22:39:00+00:00,205.254149,719.0419,718.1404,718.144,718.16,718.1404,1777934340000,10
2026-05-04 22:40:00+00:00,185.570278,720.3839,718.17,718.17,718.17,718.17,1777934400000,9
2026-05-04 22:41:00+00:00,958.344504,718.3888,718.13,718.1325,718.1325,718.13,1777934460000,21
2026-05-04 22:43:00+00:00,115.334527,720.1906,718.1,718.1,718.1,718.1,1777934580000,14
2026-05-04 22:44:00+00:00,2239.593721,718.2455,718.09,718.01,718.09,718.01,1777934640000,44
2026-05-04 22:45:00+00:00,2316.374469,718.0706,718.01,717.95,718.01,717.92,1777934700000,56
2026-05-04 22:46:00+00:00,174.105782,718.3775,717.95,717.95,717.95,717.95,1777934760000,16
2026-05-04 22:47:00+00:00,347.592845,719.144,717.9105,717.911,717.93,717.9105,1777934820000,14
2026-05-04 22:48:00+00:00,412.860012,719.4082,717.93,717.9025,717.93,717.901,1777934880000,32
2026-05-04 22:49:00+00:00,245.201173,718.4751,717.89,717.89,717.89,717.89,1777934940000,16
2026-05-04 22:50:00+00:00,822.150874,717.8975,717.8,717.77,717.8,717.72,1777935000000,42
2026-05-04 22:52:00+00:00,998.5269,718.1189,717.76,717.73,717.76,717.73,1777935120000,20
2026-05-04 22:53:00+00:00,1285.23775,717.781,717.7171,717.63,717.7171,717.63,1777935180000,51
2026-05-04 22:54:00+00:00,222.841087,720.3986,717.67,717.67,717.67,717.67,1777935240000,17
2026-05-04 22:55:00+00:00,96.3029,720.0157,717.75,717.75,717.75,717.75,1777935300000,14
2026-05-04 22:56:00+00:00,222.211584,718.4729,717.79,717.79,717.79,717.79,1777935360000,10
2026-05-04 22:57:00+00:00,1031.064057,717.7905,717.75,717.71,717.75,717.71,1777935420000,21
2026-05-04 22:59:00+00:00,194.083689,718.0694,717.76,717.76,717.76,717.76,1777935540000,11
2026-05-04 23:00:00+00:00,1314.054391,717.7521,717.75,717.71,717.75,717.67,1777935600000,27
2026-05-04 23:04:00+00:00,97.282305,719.8403,717.7373,717.7373,717.7373,717.7373,1777935840000,15
2026-05-04 23:05:00+00:00,70.771781,725.6519,717.74,717.74,717.74,717.74,1777935900000,17
2026-05-04 23:07:00+00:00,56.569008,725.0724,717.78,717.78,717.78,717.78,1777936020000,11
2026-05-04 23:10:00+00:00,490.653379,718.7189,717.7848,717.75,717.7848,717.75,1777936200000,11
2026-05-04 23:11:00+00:00,535.130375,717.8839,717.72,717.67,717.72,717.67,1777936260000,17
2026-05-04 23:12:00+00:00,2129.106019,717.681,717.65,717.74,717.74,717.58,1777936320000,58
2026-05-04 23:13:00+00:00,381.931065,719.6784,717.94,717.94,717.94,717.94,1777936380000,32
2026-05-04 23:14:00+00:00,145.516173,720.4273,717.87,717.87,717.87,717.87,1777936440000,13
2026-05-04 23:15:00+00:00,258.440934,719.1538,717.89,717.95,717.95,717.89,1777936500000,16
2026-05-04 23:18:00+00:00,117.423881,720.4877,717.89,717.89,717.89,717.89,1777936680000,9
2026-05-04 23:19:00+00:00,256.464442,719.1035,717.8,717.79,717.8,717.79,1777936740000,26
2026-05-04 23:20:00+00:00,569.014492,717.8583,717.84,717.87,717.87,717.83,1777936800000,15
2026-05-04 23:22:00+00:00,181.802321,721.078,717.9,717.9092,717.9092,717.9,1777936920000,12
2026-05-04 23:25:00+00:00,504.804514,718.9318,717.81,717.75,717.81,717.75,1777937100000,17
2026-05-04 23:26:00+00:00,279.332207,718.6147,717.76,717.76,717.76,717.76,1777937160000,11
2026-05-04 23:27:00+00:00,809.432179,718.1641,717.7808,717.78,717.7808,717.78,1777937220000,12
2026-05-04 23:29:00+00:00,101.826344,723.7332,717.86,717.86,717.86,717.86,1777937340000,10
2026-05-04 23:30:00+00:00,378.359677,718.4898,717.83,717.8,717.8397,717.8,1777937400000,38
2026-05-04 23:33:00+00:00,138.108676,718.4066,717.86,717.86,717.86,717.86,1777937580000,15
2026-05-04 23:34:00+00:00,501.678468,718.7321,717.76,717.76,717.76,717.76,1777937640000,8
2026-05-04 23:35:00+00:00,55.371968,722.6167,717.76,717.76,717.76,717.76,1777937700000,10
2026-05-04 23:37:00+00:00,69.413328,722.1151,717.8152,717.8152,717.8152,717.8152,1777937820000,19
2026-05-04 23:38:00+00:00,1005.503523,718.1772,717.81,717.85,717.85,717.81,1777937880000,20
2026-05-04 23:40:00+00:00,361.305952,718.4189,717.81,717.81,717.81,717.81,1777938000000,10
2026-05-04 23:42:00+00:00,3988.812743,717.9545,717.81,717.74,717.81,717.74,1777938120000,19
2026-05-04 23:44:00+00:00,605.601296,718.4024,717.68,717.69,717.69,717.68,1777938240000,26
2026-05-04 23:45:00+00:00,142.274737,719.0926,717.71,717.69,717.71,717.69,1777938300000,25
2026-05-04 23:46:00+00:00,196.51506,719.6386,717.74,717.74,717.74,717.74,1777938360000,19
2026-05-04 23:47:00+00:00,213.275841,718.6678,717.77,717.77,717.77,717.77,1777938420000,19
2026-05-04 23:48:00+00:00,383.024075,717.8061,717.76,717.76,717.76,717.76,1777938480000,6
2026-05-04 23:49:00+00:00,210.50777,719.4731,717.73,717.74,717.74,717.73,1777938540000,16
2026-05-04 23:50:00+00:00,313.764698,719.4664,717.75,717.68,717.75,717.68,1777938600000,29
2026-05-04 23:51:00+00:00,343.213708,718.0501,717.65,717.57,717.65,717.57,1777938660000,50
2026-05-04 23:52:00+00:00,5116.410439,717.6751,717.61,717.63,717.63,717.61,1777938720000,35
2026-05-04 23:53:00+00:00,5074.15046,717.6703,717.65,717.58,717.65,717.58,1777938780000,12
2026-05-04 23:54:00+00:00,172.608017,720.1842,717.65,717.65,717.65,717.65,1777938840000,13
2026-05-04 23:55:00+00:00,5804.431722,717.7282,717.67,717.75,717.75,717.67,1777938900000,31
2026-05-04 23:56:00+00:00,273.010081,717.8166,717.82,717.76,717.82,717.76,1777938960000,28
2026-05-04 23:57:00+00:00,194.023875,717.9066,717.82,717.82,717.82,717.82,1777939020000,16
2026-05-04 23:59:00+00:00,1009.0,717.7779,717.78,717.7622,717.8,717.75,1777939140000,11
2026-05-05 08:00:00+00:00,1353.869985,720.0018,719.89,719.8,719.89,718.6913,1777968000000,802
2026-05-05 08:01:00+00:00,47030.008332,719.9287,720.7,719.69,720.7,718.82,1777968060000,972
2026-05-05 08:02:00+00:00,1632.009908,719.9573,719.99,719.95,719.99,719.95,1777968120000,30
2026-05-05 08:03:00+00:00,1997.00418,720.0031,720.0,720.01,720.01,720.0,1777968180000,29
2026-05-05 08:04:00+00:00,544.004234,720.0491,720.0,720.05,720.06,720.0,1777968240000,19
2026-05-05 08:05:00+00:00,142.021003,720.197,720.16,720.16,720.16,720.16,1777968300000,19
2026-05-05 08:06:00+00:00,604.01416,720.2022,720.15,720.21,720.21,720.15,1777968360000,11
2026-05-05 08:07:00+00:00,1163.426311,720.2243,720.2,720.2,720.21,719.48,1777968420000,43
2026-05-05 08:08:00+00:00,364.006302,720.2731,720.25,720.25,720.25,720.25,1777968480000,16
2026-05-05 08:09:00+00:00,228.016699,720.3479,720.33,720.28,720.33,720.28,1777968540000,15
2026-05-05 08:10:00+00:00,274.01263,720.3148,720.25,720.32,720.32,720.25,1777968600000,16
2026-05-05 08:11:00+00:00,461.008383,720.4385,720.45,720.41,720.45,720.39,1777968660000,17
2026-05-05 08:12:00+00:00,12817.02414,720.6,720.5,720.62,720.68,720.5,1777968720000,167
2026-05-05 08:13:00+00:00,296.012514,720.6589,720.58,720.64,720.64,720.58,1777968780000,18
2026-05-05 08:14:00+00:00,2057.012486,720.6732,720.6658,720.65,720.7,720.616,1777968840000,28
2026-05-05 08:15:00+00:00,115.777785,725.4648,720.6,720.59,720.6,720.59,1777968900000,10
2026-05-05 08:16:00+00:00,340.010391,720.6166,720.6048,720.56,720.65,720.56,1777968960000,15
2026-05-05 08:18:00+00:00,343.208819,720.9136,720.43,720.49,720.5,720.43,1777969080000,22
2026-05-05 08:19:00+00:00,397.008186,720.5678,720.59,720.52,720.59,720.52,1777969140000,21
2026-05-05 08:20:00+00:00,239.021886,720.6164,720.54,720.58,720.58,720.54,1777969200000,15
2026-05-05 08:22:00+00:00,1300.016356,720.6451,720.6367,720.6172,720.66,720.5869,1777969320000,27
2026-05-05 08:23:00+00:00,436.010641,720.5284,720.52,720.5118,720.52,720.5,1777969380000,13
2026-05-05 08:24:00+00:00,365.009435,720.5837,720.58,720.56,720.58,720.56,1777969440000,16
2026-05-05 08:25:00+00:00,2825.221004,720.7129,720.59,720.72,720.72,720.59,1777969500000,63
2026-05-05 08:26:00+00:00,382.012402,720.6917,720.72,720.64,720.72,720.64,1777969560000,21
2026-05-05 08:27:00+00:00,2017.097641,720.7528,720.62,720.69,720.75,720.62,1777969620000,49
2026-05-05 08:28:00+00:00,2161.524586,720.8634,720.69,720.69,720.69,720.66,1777969680000,34
2026-05-05 08:29:00+00:00,834.054543,720.7392,720.69,720.73,720.73,720.69,1777969740000,36
2026-05-05 08:30:00+00:00,200.323266,721.6255,720.47,720.47,720.47,720.46,1777969800000,21
2026-05-05 08:31:00+00:00,227.023549,720.6345,720.56,720.56,720.56,720.56,1777969860000,9
2026-05-05 08:32:00+00:00,783.153916,720.7586,720.61,720.63,720.63,720.61,1777969920000,33
2026-05-05 08:33:00+00:00,1264.014611,720.5617,720.55,720.52,720.57,720.52,1777969980000,35
2026-05-05 08:34:00+00:00,1663.006285,720.5313,720.5,720.54,720.57,720.5,1777970040000,27
2026-05-05 08:35:00+00:00,726.025813,720.5903,720.57,720.56,720.57,720.56,1777970100000,32
2026-05-05 08:36:00+00:00,311.009836,720.6288,720.65,720.6023,720.65,720.598,1777970160000,16
2026-05-05 08:38:00+00:00,290.004176,720.6458,720.6144,720.65,720.65,720.6144,1777970280000,12
2026-05-05 08:39:00+00:00,887.032091,720.6037,720.58,720.58,720.58,720.58,1777970340000,28
2026-05-05 08:40:00+00:00,460.025788,720.5477,720.51,720.5,720.51,720.5,1777970400000,28
2026-05-05 08:41:00+00:00,1020.014707,720.5043,720.43,720.61,720.61,720.42,1777970460000,25
2026-05-05 08:42:00+00:00,549.038231,720.6347,720.57,720.59,720.59,720.57,1777970520000,23
2026-05-05 08:43:00+00:00,1002.004162,720.5977,720.56,720.6,720.62,720.56,1777970580000,16
2026-05-05 08:44:00+00:00,873.006243,720.5716,720.5174,720.57,720.58,720.5174,1777970640000,14
2026-05-05 08:45:00+00:00,4178.041039,720.6047,720.59,720.4894,720.695,720.467,1777970700000,76
2026-05-05 08:48:00+00:00,127.114949,721.1627,720.51,720.51,720.51,720.51,1777970880000,8
2026-05-05 08:49:00+00:00,222.058271,720.7064,720.52,720.5,720.53,720.5,1777970940000,18
2026-05-05 08:50:00+00:00,827.012667,720.6119,720.62,720.54,720.63,720.54,1777971000000,23
2026-05-05 08:51:00+00:00,315.148625,720.8897,720.53,720.56,720.57,720.53,1777971060000,15
2026-05-05 08:52:00+00:00,341.002095,720.5981,720.5871,720.5871,720.61,720.5722,1777971120000,9
2026-05-05 08:53:00+00:00,295.363322,721.4532,720.59,720.53,720.59,720.53,1777971180000,15
2026-05-05 08:54:00+00:00,651.075401,720.632,720.54,720.55,720.55,720.54,1777971240000,17
2026-05-05 08:55:00+00:00,280.028114,720.6053,720.54,720.55,720.56,720.54,1777971300000,22
2026-05-05 08:56:00+00:00,98.058751,720.9589,720.53,720.53,720.53,720.53,1777971360000,9
2026-05-05 08:57:00+00:00,101.010448,720.6171,720.55,720.54,720.55,720.54,1777971420000,11
2026-05-05 08:58:00+00:00,880.416911,720.8674,720.5,720.61,720.61,720.5,1777971480000,36
2026-05-05 09:02:00+00:00,131.01678,720.4946,720.39,720.41,720.41,720.39,1777971720000,13
2026-05-05 09:04:00+00:00,79.010451,720.4167,720.33,720.33,720.33,720.33,1777971840000,7
2026-05-05 09:05:00+00:00,324.14579,720.5906,720.26,720.27,720.31,720.26,1777971900000,17
2026-05-05 09:06:00+00:00,1966.064522,720.145,720.11,720.22,720.22,720.11,1777971960000,36
2026-05-05 09:07:00+00:00,529.013339,720.2363,720.2,720.22,720.22,720.2,1777972020000,18
2026-05-05 09:08:00+00:00,254.137484,720.7797,720.3539,720.4,720.4,720.3539,1777972080000,13
2026-05-05 09:09:00+00:00,1022.029062,720.4886,720.44,720.47,720.5,720.44,1777972140000,31
2026-05-05 09:10:00+00:00,1633.016553,720.4581,720.45,720.44,720.48,720.43,1777972200000,41
2026-05-05 09:12:00+00:00,1086.012349,720.5296,720.5,720.61,720.61,720.5,1777972320000,30
2026-05-05 09:13:00+00:00,65.01042,720.6442,720.52,720.52,720.52,720.52,1777972380000,17
2026-05-05 09:14:00+00:00,87.239701,722.3883,720.4,720.4,720.4,720.4,1777972440000,19
2026-05-05 09:15:00+00:00,346.00748,720.3924,720.36,720.47,720.47,720.36,1777972500000,13
2026-05-05 09:16:00+00:00,171.015212,720.4608,720.4243,720.4243,720.4243,720.4243,1777972560000,14
2026-05-05 09:17:00+00:00,51.023976,720.7086,720.37,720.37,720.37,720.37,1777972620000,10
2026-05-05 09:20:00+00:00,101.010424,720.2743,720.2,720.2,720.2,720.2,1777972800000,8
2026-05-05 09:22:00+00:00,515.037729,720.2805,720.22,720.22,720.23,720.22,1777972920000,17
2026-05-05 09:24:00+00:00,341.006288,720.4109,720.4,720.4,720.4,720.4,1777973040000,10
2026-05-05 09:26:00+00:00,263.000138,720.4609,720.4548,720.45,720.475,720.45,1777973160000,9
2026-05-05 09:27:00+00:00,509.002054,720.4375,720.43,720.44,720.44,720.43,1777973220000,15
2026-05-05 09:28:00+00:00,123.433668,723.0045,720.47,720.47,720.47,720.47,1777973280000,7
2026-05-05 09:30:00+00:00,455.02732,720.6598,720.58,720.6472,720.71,720.58,1777973400000,30
2026-05-05 09:31:00+00:00,561.01838,720.7449,720.69,720.72,720.75,720.69,1777973460000,17
2026-05-05 09:32:00+00:00,233.006313,720.6604,720.6268,720.65,720.65,720.6268,1777973520000,14
2026-05-05 09:34:00+00:00,1050.011972,720.6483,720.62,720.65,720.655,720.62,1777973640000,37
2026-05-05 09:35:00+00:00,423.09493,720.6165,720.58,720.44,720.58,720.44,1777973700000,15
2026-05-05 09:36:00+00:00,300.030199,720.5396,720.49,720.45,720.49,720.45,1777973760000,18
2026-05-05 09:38:00+00:00,324.035997,720.5397,720.46,720.46,720.46,720.46,1777973880000,16
2026-05-05 09:39:00+00:00,761.018869,720.5307,720.5,720.52,720.52,720.5,1777973940000,24
2026-05-05 09:40:00+00:00,112.04685,720.8757,720.58,720.58,720.58,720.58,1777974000000,11
2026-05-05 09:42:00+00:00,72.895683,729.5986,720.64,720.64,720.64,720.64,1777974120000,8
2026-05-05 09:43:00+00:00,598.0,720.6116,720.62,720.61,720.62,720.61,1777974180000,7
2026-05-05 09:44:00+00:00,158.012861,720.6566,720.58,720.63,720.63,720.58,1777974240000,6
2026-05-05 09:45:00+00:00,157.225072,721.6641,720.61,720.61,720.61,720.61,1777974300000,14
2026-05-05 09:46:00+00:00,1013.101299,720.8245,720.69,720.75,720.76,720.69,1777974360000,32
2026-05-05 09:47:00+00:00,3678.005839,720.846,720.8,720.85,720.85,720.796,1777974420000,51
2026-05-05 09:48:00+00:00,540.088073,720.9606,720.82,720.86,720.86,720.82,1777974480000,33
2026-05-05 09:49:00+00:00,64.017867,720.8627,720.66,720.66,720.66,720.66,1777974540000,7
2026-05-05 09:51:00+00:00,543.00934,720.5601,720.49,720.58,720.58,720.49,1777974660000,13
2026-05-05 09:52:00+00:00,209.053682,720.7016,720.52,720.52,720.52,720.52,1777974720000,12
2026-05-05 09:53:00+00:00,303.146068,720.9447,720.59,720.6,720.61,720.59,1777974780000,18
2026-05-05 09:54:00+00:00,979.348083,720.7897,720.53,720.5,720.58,720.5,1777974840000,21
2026-05-05 09:55:00+00:00,345.013836,720.5451,720.52,720.51,720.52,720.51,1777974900000,13
2026-05-05 09:57:00+00:00,108.007658,720.6015,720.56,720.56,720.56,720.56,1777975020000,10
2026-05-05 09:58:00+00:00,72.002067,720.5563,720.54,720.54,720.54,720.54,1777975080000,5
2026-05-05 10:00:00+00:00,563.0,720.6441,720.64,720.65,720.65,720.64,1777975200000,17
2026-05-05 10:01:00+00:00,552.0,720.6098,720.61,720.61,720.61,720.61,1777975260000,25
2026-05-05 10:03:00+00:00,514.00401,720.5549,720.56,720.53,720.56,720.53,1777975380000,11
2026-05-05 10:04:00+00:00,448.00419,720.54,720.5331,720.5331,720.5331,720.5331,1777975440000,7
2026-05-05 10:05:00+00:00,269.556734,722.0055,720.51,720.51,720.51,720.51,1777975500000,15
2026-05-05 10:06:00+00:00,864.024037,720.5172,720.46,720.55,720.55,720.46,1777975560000,22
2026-05-05 10:07:00+00:00,1018.008103,720.5652,720.56,720.56,720.56,720.56,1777975620000,6
2026-05-05 10:08:00+00:00,607.008201,720.5346,720.52,720.5,720.54,720.5,1777975680000,15
2026-05-05 10:09:00+00:00,733.248929,720.7234,720.5,720.42,720.5,720.42,1777975740000,19
2026-05-05 10:10:00+00:00,138.004218,720.442,720.42,720.42,720.42,720.42,1777975800000,8
2026-05-05 10:11:00+00:00,135.01038,720.5235,720.45,720.45,720.45,720.45,1777975860000,10
2026-05-05 10:12:00+00:00,588.008227,720.5594,720.55,720.55,720.55,720.55,1777975920000,14
2026-05-05 10:13:00+00:00,392.596849,721.7451,720.58,720.7,720.7,720.58,1777975980000,39
2026-05-05 10:14:00+00:00,673.041665,720.7075,720.7,720.65,720.7,720.65,1777976040000,25
2026-05-05 10:15:00+00:00,127.077008,721.0094,720.59,720.56,720.59,720.56,1777976100000,10
2026-05-05 10:19:00+00:00,224.043315,720.6529,720.55,720.5,720.55,720.5,1777976340000,10
2026-05-05 10:20:00+00:00,1608.017097,720.606,720.6,720.58,720.6,720.57,1777976400000,13
2026-05-05 10:21:00+00:00,534.213295,720.9438,720.65,720.66,720.66,720.65,1777976460000,20
2026-05-05 10:22:00+00:00,277.040616,720.7442,720.63,720.64,720.64,720.63,1777976520000,6
2026-05-05 10:24:00+00:00,100.025016,720.8103,720.63,720.63,720.63,720.63,1777976640000,7
2026-05-05 10:25:00+00:00,103.801786,726.1643,720.56,720.56,720.56,720.55,1777976700000,8
2026-05-05 10:27:00+00:00,2106.388035,720.8257,720.69,720.7,720.7,720.69,1777976820000,32
2026-05-05 10:28:00+00:00,296.019951,720.7021,720.66,720.65,720.66,720.65,1777976880000,7
2026-05-05 10:29:00+00:00,856.531209,721.0978,720.66,720.65,720.66,720.65,1777976940000,8
2026-05-05 10:30:00+00:00,1121.026794,720.7291,720.7,720.7,720.74,720.7,1777977000000,26
2026-05-05 10:31:00+00:00,521.008282,720.6988,720.7,720.7,720.7,720.65,1777977060000,10
2026-05-05 10:32:00+00:00,432.010518,720.6727,720.65,720.65,720.65,720.65,1777977120000,7
2026-05-05 10:33:00+00:00,907.006257,720.6899,720.65,720.7,720.7,720.65,1777977180000,14
2026-05-05 10:34:00+00:00,16256.272096,720.977,720.72,720.97,721.2,720.72,1777977240000,258
2026-05-05 10:35:00+00:00,5581.029301,721.0353,720.95,720.9,721.12,720.9,1777977300000,67
2026-05-05 10:36:00+00:00,995.010526,720.8644,720.92,720.77,720.92,720.77,1777977360000,20
2026-05-05 10:37:00+00:00,457.026861,720.851,720.78,720.86,720.86,720.78,1777977420000,22
2026-05-05 10:38:00+00:00,1077.004216,720.8191,720.82,720.8,720.82,720.8,1777977480000,20
2026-05-05 10:39:00+00:00,3654.017671,720.7586,720.8127,720.66,720.8413,720.66,1777977540000,58
2026-05-05 10:40:00+00:00,2553.031952,720.6239,720.7,720.6,720.7,720.58,1777977600000,50
2026-05-05 10:41:00+00:00,1636.022863,720.6909,720.7,720.64,720.76,720.63,1777977660000,45
2026-05-05 10:42:00+00:00,345.004148,720.6614,720.64,720.66,720.66,720.64,1777977720000,13
2026-05-05 10:43:00+00:00,12674.258079,720.6388,720.6,720.42,720.73,720.42,1777977780000,243
2026-05-05 10:44:00+00:00,1169.0,720.4364,720.45,720.44,720.45,720.43,1777977840000,17
2026-05-05 10:45:00+00:00,976.090348,720.4831,720.44,720.44,720.44,720.4,1777977900000,40
2026-05-05 10:48:00+00:00,131.511251,723.3608,720.55,720.55,720.55,720.55,1777978080000,10
2026-05-05 10:49:00+00:00,186.002234,720.5901,720.58,720.59,720.59,720.579,1777978140000,8
2026-05-05 10:51:00+00:00,105.005994,720.5797,720.54,720.54,720.54,720.54,1777978260000,5
2026-05-05 10:52:00+00:00,242.043785,720.6259,720.5,720.47,720.5,720.47,1777978320000,11
2026-05-05 10:57:00+00:00,211.008477,720.6545,720.6,720.65,720.65,720.6,1777978620000,14
2026-05-05 10:58:00+00:00,321.006257,720.6534,720.659,720.58,720.66,720.58,1777978680000,10
2026-05-05 10:59:00+00:00,148.009158,720.6313,720.58,720.58,720.58,720.58,1777978740000,12
2026-05-05 11:00:00+00:00,10758.232545,720.5059,720.61,720.1717,720.73,720.1717,1777978800000,306
2026-05-05 11:01:00+00:00,6154.137906,720.1745,720.24,720.12,720.28,720.06,1777978860000,100
2026-05-05 11:02:00+00:00,1082.122818,720.2903,720.11,720.2,720.25,720.11,1777978920000,34
2026-05-05 11:03:00+00:00,3763.292319,720.1721,720.12,720.01,720.18,720.0,1777978980000,96
2026-05-05 11:04:00+00:00,750.988169,721.0326,720.13,720.06,720.13,720.06,1777979040000,41
2026-05-05 11:05:00+00:00,2815.068368,720.0948,720.05,720.16,720.16,720.02,1777979100000,41
2026-05-05 11:06:00+00:00,1875.581548,720.3314,720.14,720.13,720.14,720.09,1777979160000,35
2026-05-05 11:07:00+00:00,1578.399204,720.3335,720.091,720.19,720.19,720.091,1777979220000,41
2026-05-05 11:08:00+00:00,1867.427126,720.3162,720.18,720.12,720.19,720.11,1777979280000,37
2026-05-05 11:09:00+00:00,609.349227,720.6074,720.1299,720.2,720.2,720.1299,1777979340000,12
2026-05-05 11:10:00+00:00,248.453555,721.4784,720.14,720.16,720.16,720.14,1777979400000,33
2026-05-05 11:11:00+00:00,424.734448,721.4785,720.24,720.25,720.25,720.24,1777979460000,27
2026-05-05 11:12:00+00:00,427.819227,721.6088,720.26,720.21,720.26,720.21,1777979520000,22
2026-05-05 11:13:00+00:00,1261.354476,720.3449,720.14,720.15,720.15,720.14,1777979580000,27
2026-05-05 11:14:00+00:00,909.405699,720.5134,720.18,720.21,720.21,720.18,1777979640000,34
2026-05-05 11:15:00+00:00,323.208975,720.6146,720.15,720.15,720.15,720.15,1777979700000,23
2026-05-05 11:16:00+00:00,9539.789103,720.1048,720.1565,720.1,720.25,720.0,1777979760000,159
2026-05-05 11:17:00+00:00,511.70492,721.0676,720.04,720.12,720.14,720.04,1777979820000,36
2026-05-05 11:18:00+00:00,2359.636678,720.2086,720.08,719.96,720.08,719.96,1777979880000,53
2026-05-05 11:19:00+00:00,831.031453,720.0479,720.02,720.02,720.05,720.01,1777979940000,25
2026-05-05 11:20:00+00:00,4666.564959,720.1915,720.07,720.1,720.15,720.06,1777980000000,64
2026-05-05 11:21:00+00:00,4184.143289,720.2218,720.18,720.185,720.2,720.18,1777980060000,68
2026-05-05 11:22:00+00:00,550.9927,721.5635,720.25,720.29,720.29,720.25,1777980120000,23
2026-05-05 11:23:00+00:00,10738.03082,720.3251,720.24,720.35,720.35,720.24,1777980180000,167
2026-05-05 11:24:00+00:00,553.485593,720.9658,720.32,720.35,720.35,720.32,1777980240000,16
2026-05-05 11:25:00+00:00,761.146521,720.5337,720.38,720.4,720.4,720.38,1777980300000,24
2026-05-05 11:26:00+00:00,13185.119445,720.4876,720.42,720.46,720.51,720.42,1777980360000,141
2026-05-05 11:27:00+00:00,637.703062,721.2626,720.42,720.5083,720.5083,720.4,1777980420000,28
2026-05-05 11:28:00+00:00,8717.583042,720.6808,720.48,720.6,720.75,720.48,1777980480000,125
2026-05-05 11:29:00+00:00,3563.118997,720.6751,720.66,720.6,720.69,720.56,1777980540000,61
2026-05-05 11:30:00+00:00,1396.393156,720.7755,720.5706,720.58,720.59,720.53,1777980600000,42
2026-05-05 11:31:00+00:00,1895.558483,720.869,720.6,720.7,720.7225,720.6,1777980660000,50
2026-05-05 11:32:00+00:00,2415.969607,721.0685,720.74,720.8201,720.85,720.65,1777980720000,67
2026-05-05 11:33:00+00:00,1119.617569,721.0321,720.74,720.6,720.74,720.6,1777980780000,35
2026-05-05 11:34:00+00:00,986.11104,720.807,720.665,720.77,720.77,720.665,1777980840000,29
2026-05-05 11:35:00+00:00,1760.11626,720.8231,720.75,720.85,720.85,720.74,1777980900000,57
2026-05-05 11:36:00+00:00,1713.371085,720.9926,720.8367,720.8756,720.8756,720.7765,1777980960000,56
2026-05-05 11:37:00+00:00,160.220627,721.6711,720.84,720.84,720.84,720.84,1777981020000,45
2026-05-05 11:38:00+00:00,1463.507039,721.0294,720.7874,720.82,720.8394,720.78,1777981080000,36
2026-05-05 11:39:00+00:00,451.316257,721.3222,720.82,720.81,720.83,720.81,1777981140000,20
2026-05-05 11:40:00+00:00,1544.078368,720.9277,720.89,720.87,720.9048,720.86,1777981200000,34
2026-05-05 11:41:00+00:00,1193.245556,721.0104,720.83,720.87,720.88,720.83,1777981260000,30
2026-05-05 11:42:00+00:00,576.356546,721.3533,720.9,720.88,720.93,720.88,1777981320000,33
2026-05-05 11:43:00+00:00,458.306821,721.3111,720.79,720.84,720.88,720.79,1777981380000,29
2026-05-05 11:44:00+00:00,1583.350653,721.0329,720.86,720.88,720.9,720.86,1777981440000,28
2026-05-05 11:45:00+00:00,401.08054,721.0025,720.88,720.85,720.89,720.85,1777981500000,25
2026-05-05 11:46:00+00:00,835.003224,720.8926,720.81,720.9,720.95,720.81,1777981560000,33
2026-05-05 11:47:00+00:00,8555.947919,721.0646,720.89,720.9411,721.01,720.89,1777981620000,144
2026-05-05 11:48:00+00:00,5474.560228,721.0478,720.96,720.93,720.99,720.9239,1777981680000,57
2026-05-05 11:49:00+00:00,588.116385,721.0556,720.9165,720.98,720.98,720.86,1777981740000,35
2026-05-05 11:50:00+00:00,221.074378,721.0906,720.87,720.84,720.87,720.81,1777981800000,35
2026-05-05 11:51:00+00:00,16004.462125,721.0051,720.8,720.88,721.1,720.8,1777981860000,217
2026-05-05 11:52:00+00:00,329.235941,721.3799,720.87,720.86,720.87,720.86,1777981920000,20
2026-05-05 11:53:00+00:00,5852.816755,720.9609,720.88,720.82,720.89,720.82,1777981980000,111
2026-05-05 11:54:00+00:00,12202.19696,720.7591,720.84,720.85,720.87,720.7,1777982040000,104
2026-05-05 11:55:00+00:00,28190.337579,720.8617,720.85,720.879,720.92,720.85,1777982100000,144
2026-05-05 11:56:00+00:00,186.158285,721.5097,720.88,720.9,720.91,720.88,1777982160000,14
2026-05-05 11:57:00+00:00,753.5811,721.4724,720.92,720.89,720.92,720.89,1777982220000,33
2026-05-05 11:58:00+00:00,452.878984,722.3782,720.96,720.98,720.99,720.96,1777982280000,30
2026-05-05 11:59:00+00:00,2988.313531,721.015,720.91,720.94,720.9403,720.91,1777982340000,81
2026-05-05 12:00:00+00:00,526.324315,721.2931,720.87,720.82,720.87,720.82,1777982400000,40
2026-05-05 12:01:00+00:00,130.618248,724.2173,720.79,720.79,720.79,720.79,1777982460000,27
2026-05-05 12:02:00+00:00,5685.272154,720.7886,720.721,720.82,720.82,720.721,1777982520000,47
2026-05-05 12:03:00+00:00,2215.170776,720.8624,720.81,720.81,720.8261,720.78,1777982580000,32
2026-05-05 12:04:00+00:00,1421.508891,721.0345,720.72,720.84,720.84,720.72,1777982640000,34
2026-05-05 12:05:00+00:00,711.458104,721.2703,720.81,720.9,720.9,720.74,1777982700000,32
2026-05-05 12:06:00+00:00,20439.714168,721.2476,720.82,721.1564,721.37,720.82,1777982760000,269
2026-05-05 12:07:00+00:00,11555.650367,721.2313,721.14,721.11,721.27,721.09,1777982820000,154
2026-05-05 12:08:00+00:00,11634.624622,721.2281,721.11,721.22,721.39,721.07,1777982880000,157
2026-05-05 12:09:00+00:00,7191.025905,721.2821,721.19,721.2309,721.3,721.19,1777982940000,47
2026-05-05 12:10:00+00:00,14261.675765,721.4131,721.26,721.29,721.51,721.26,1777983000000,236
2026-05-05 12:11:00+00:00,7745.681176,721.5532,721.34,721.5194,721.6783,721.34,1777983060000,134
2026-05-05 12:12:00+00:00,5390.876586,721.6515,721.535,721.5,721.5969,721.47,1777983120000,93
2026-05-05 12:13:00+00:00,10217.8182,721.6101,721.53,721.42,721.57,721.42,1777983180000,130
2026-05-05 12:14:00+00:00,7371.115037,721.6364,721.5,721.74,721.74,721.5,1777983240000,136
2026-05-05 12:15:00+00:00,11640.008553,721.8501,721.61,721.86,721.95,721.61,1777983300000,211
2026-05-05 12:16:00+00:00,988.60822,722.2135,721.81,721.65,721.84,721.65,1777983360000,51
2026-05-05 12:17:00+00:00,7740.20587,721.6538,721.62,721.6,721.79,721.6,1777983420000,120
2026-05-05 12:18:00+00:00,1745.723618,721.8398,721.58,721.55,721.6,721.52,1777983480000,57
2026-05-05 12:19:00+00:00,1861.321368,721.6553,721.56,721.46,721.6,721.46,1777983540000,54
2026-05-05 12:20:00+00:00,1120.290392,721.6293,721.47,721.49,721.5,721.3704,1777983600000,40
2026-05-05 12:21:00+00:00,3265.682032,721.67,721.41,721.6,721.7,721.4,1777983660000,84
2026-05-05 12:22:00+00:00,808.472976,721.9864,721.68,721.51,721.68,721.5,1777983720000,48
2026-05-05 12:23:00+00:00,1148.870912,722.1151,721.56,721.57,721.58,721.54,1777983780000,39
2026-05-05 12:24:00+00:00,1075.813591,722.0865,721.52,721.56,721.56,721.48,1777983840000,42
2026-05-05 12:25:00+00:00,2303.330427,721.7066,721.5478,721.57,721.65,721.5478,1777983900000,52
2026-05-05 12:26:00+00:00,13055.012578,721.6846,721.56,721.66,721.75,721.541,1777983960000,190
2026-05-05 12:27:00+00:00,1661.465722,721.8576,721.73,721.66,721.73,721.61,1777984020000,44
2026-05-05 12:28:00+00:00,10889.352596,721.7243,721.68,721.61,721.71,721.58,1777984080000,90
2026-05-05 12:29:00+00:00,2111.692852,721.7459,721.55,721.5602,721.6,721.51,1777984140000,58
2026-05-05 12:30:00+00:00,4884.555894,721.682,721.6,721.49,721.69,721.49,1777984200000,95
2026-05-05 12:31:00+00:00,1966.851501,721.8983,721.56,721.58,721.65,721.54,1777984260000,57
2026-05-05 12:32:00+00:00,2270.768544,721.7504,721.5,721.47,721.54,721.47,1777984320000,63
2026-05-05 12:33:00+00:00,2568.073096,721.4915,721.46,721.5,721.51,721.41,1777984380000,67
2026-05-05 12:34:00+00:00,1182.218083,721.6262,721.45,721.51,721.56,721.45,1777984440000,43
2026-05-05 12:35:00+00:00,2603.795312,721.6712,721.51,721.45,721.52,721.4,1777984500000,92
2026-05-05 12:36:00+00:00,14614.304315,721.5623,721.45,721.37,721.66,721.37,1777984560000,207
2026-05-05 12:37:00+00:00,11806.652493,721.4688,721.35,721.33,721.47,721.33,1777984620000,142
2026-05-05 12:38:00+00:00,2062.381537,721.4674,721.32,721.3152,721.39,721.31,1777984680000,65
2026-05-05 12:39:00+00:00,3040.292231,721.3885,721.35,721.31,721.35,721.31,1777984740000,58
2026-05-05 12:40:00+00:00,2402.284405,721.3605,721.29,721.25,721.33,721.23,1777984800000,89
2026-05-05 12:41:00+00:00,2097.252738,721.3391,721.21,721.27,721.27,721.2,1777984860000,54
2026-05-05 12:42:00+00:00,1948.40088,721.4284,721.24,721.34,721.34,721.2,1777984920000,56
2026-05-05 12:43:00+00:00,1465.279673,721.5257,721.319,721.3702,721.4,721.319,1777984980000,56
2026-05-05 12:44:00+00:00,1849.810271,721.6172,721.38,721.2535,721.38,721.24,1777985040000,85
2026-05-05 12:45:00+00:00,4219.585557,721.3482,721.25,721.21,721.3028,721.21,1777985100000,107
2026-05-05 12:46:00+00:00,1665.465067,721.5038,721.25,721.26,721.3305,721.25,1777985160000,53
2026-05-05 12:47:00+00:00,8981.990478,721.3312,721.26,721.2575,721.29,721.23,1777985220000,133
2026-05-05 12:48:00+00:00,12689.349196,721.2139,721.299,721.21,721.3,721.1,1777985280000,178
2026-05-05 12:49:00+00:00,1638.49219,721.405,721.21,721.1704,721.22,721.17,1777985340000,60
2026-05-05 12:50:00+00:00,7161.446957,721.2378,721.16,721.22,721.22,721.16,1777985400000,65
2026-05-05 12:51:00+00:00,9419.102382,721.2355,721.22,721.26,721.26,721.1804,1777985460000,87
2026-05-05 12:52:00+00:00,3196.09713,721.2967,721.27,721.2587,721.3,721.2587,1777985520000,51
2026-05-05 12:53:00+00:00,1983.478809,721.3888,721.24,721.25,721.25,721.18,1777985580000,61
2026-05-05 12:54:00+00:00,1713.754646,721.5658,721.25,721.25,721.25,721.22,1777985640000,53
2026-05-05 12:55:00+00:00,2183.60437,721.5067,721.285,721.33,721.335,721.28,1777985700000,52
2026-05-05 12:56:00+00:00,10881.72087,721.4042,721.33,721.35,721.365,721.32,1777985760000,100
2026-05-05 12:57:00+00:00,1475.813689,721.7589,721.35,721.3065,721.38,721.3065,1777985820000,49
2026-05-05 12:58:00+00:00,1458.914675,721.7694,721.33,721.27,721.36,721.27,1777985880000,54
2026-05-05 12:59:00+00:00,929.355361,721.546,721.261,721.3,721.3,721.26,1777985940000,39
2026-05-05 13:00:00+00:00,11586.858796,721.331,721.26,721.22,721.3,721.22,1777986000000,207
2026-05-05 13:01:00+00:00,1625.276636,721.4096,721.26,721.2375,721.34,721.2375,1777986060000,64
2026-05-05 13:02:00+00:00,3205.369251,721.364,721.24,721.3,721.3,721.24,1777986120000,85
2026-05-05 13:03:00+00:00,3772.382073,721.4348,721.32,721.4,721.4,721.32,1777986180000,89
2026-05-05 13:04:00+00:00,4806.87371,721.606,721.42,721.5035,721.53,721.42,1777986240000,99
2026-05-05 13:05:00+00:00,742.232817,721.7444,721.51,721.52,721.52,721.51,1777986300000,26
2026-05-05 13:06:00+00:00,3984.445651,721.6297,721.56,721.56,721.58,721.51,1777986360000,83
2026-05-05 13:07:00+00:00,2661.006498,721.5775,721.58,721.57,721.604,721.5403,1777986420000,70
2026-05-05 13:08:00+00:00,14263.625756,721.7778,721.64,721.79,721.8,721.6,1777986480000,161
2026-05-05 13:09:00+00:00,7012.227667,721.8704,721.79,721.72,721.93,721.72,1777986540000,130
2026-05-05 13:10:00+00:00,5233.341751,721.8163,721.75,721.77,721.8235,721.725,1777986600000,92
2026-05-05 13:11:00+00:00,4062.565695,721.8599,721.77,721.6752,721.8,721.6752,1777986660000,129
2026-05-05 13:12:00+00:00,7020.112207,721.7197,721.66,721.69,721.72,721.62,1777986720000,75
2026-05-05 13:13:00+00:00,8473.171762,721.6988,721.68,721.67,721.7,721.62,1777986780000,108
2026-05-05 13:14:00+00:00,1369.043888,721.6534,721.61,721.64,721.65,721.61,1777986840000,68
2026-05-05 13:15:00+00:00,3768.521173,721.7874,721.67,721.57,721.73,721.57,1777986900000,96
2026-05-05 13:16:00+00:00,2049.149956,721.6251,721.59,721.53,721.62,721.53,1777986960000,67
2026-05-05 13:17:00+00:00,2595.470416,721.6835,721.55,721.55,721.58,721.54,1777987020000,58
2026-05-05 13:18:00+00:00,2285.115209,721.5734,721.55,721.47,721.59,721.47,1777987080000,70
2026-05-05 13:19:00+00:00,16919.821531,721.5694,721.51,721.49,721.55,721.45,1777987140000,152
2026-05-05 13:20:00+00:00,1027.739302,722.0134,721.49,721.505,721.52,721.46,1777987200000,42
2026-05-05 13:21:00+00:00,1908.51213,721.6359,721.49,721.46,721.49,721.41,1777987260000,53
2026-05-05 13:22:00+00:00,8412.122432,721.4031,721.44,721.3605,721.44,721.35,1777987320000,133
2026-05-05 13:23:00+00:00,451.789041,722.6808,721.45,721.41,721.45,721.41,1777987380000,44
2026-05-05 13:24:00+00:00,1601.560022,721.6019,721.41,721.31,721.41,721.31,1777987440000,60
2026-05-05 13:25:00+00:00,9078.800772,721.5404,721.4,721.57,721.64,721.39,1777987500000,157
2026-05-05 13:26:00+00:00,2674.179123,721.6761,721.55,721.65,721.67,721.55,1777987560000,91
2026-05-05 13:27:00+00:00,13174.968563,721.7524,721.66,721.75,721.8,721.66,1777987620000,196
2026-05-05 13:28:00+00:00,84438.878612,721.704,721.75,721.82,721.89,721.47,1777987680000,1410
2026-05-05 13:29:00+00:00,2555.383525,721.8602,721.78,721.75,721.8,721.69,1777987740000,79
2026-05-05 13:30:00+00:00,547683.454345,721.8774,721.77,721.81,722.13,721.64,1777987800000,11846
2026-05-05 13:31:00+00:00,245701.460286,721.6772,721.85,721.78,721.85,721.4898,1777987860000,3236
2026-05-05 13:32:00+00:00,168532.687618,721.8109,721.78,721.869,721.91,721.7,1777987920000,2619
2026-05-05 13:33:00+00:00,216049.60897,722.0334,721.87,722.16,722.1668,721.85,1777987980000,3324
2026-05-05 13:34:00+00:00,141916.228118,722.1939,722.17,722.29,722.3,722.06,1777988040000,2311
2026-05-05 13:35:00+00:00,146915.817668,722.2752,722.3,722.37,722.38,722.13,1777988100000,2482
2026-05-05 13:36:00+00:00,125839.949663,722.3692,722.35,722.29,722.48,722.26,1777988160000,2000
2026-05-05 13:37:00+00:00,106868.519479,722.1583,722.3,722.135,722.31,722.04,1777988220000,1970
2026-05-05 13:38:00+00:00,84398.448735,722.0118,722.14,721.95,722.143,721.9,1777988280000,1687
2026-05-05 13:39:00+00:00,106259.754231,722.0652,721.96,722.06,722.18,721.94,1777988340000,1942
2026-05-05 13:40:00+00:00,78659.602207,722.1189,722.03,722.19,722.21,722.025,1777988400000,1852
2026-05-05 13:41:00+00:00,134371.003544,722.3199,722.19,722.39,722.4,722.19,1777988460000,2024
2026-05-05 13:42:00+00:00,108513.473079,722.2775,722.39,722.13,722.39,722.06,1777988520000,2153
2026-05-05 13:43:00+00:00,149466.684318,721.924,722.135,721.84,722.19,721.75,1777988580000,2147
2026-05-05 13:44:00+00:00,64982.195978,721.9986,721.86,722.23,722.23,721.82,1777988640000,1324
2026-05-05 13:45:00+00:00,90411.567542,722.3456,722.21,722.51,722.54,722.19,1777988700000,1885
2026-05-05 13:46:00+00:00,83357.805065,722.5186,722.46,722.52,722.56,722.43,1777988760000,1520
2026-05-05 13:47:00+00:00,103951.859746,722.4741,722.52,722.45,722.62,722.32,1777988820000,1969
2026-05-05 13:48:00+00:00,76178.85176,722.3932,722.45,722.44,722.479,722.31,1777988880000,1406
2026-05-05 13:49:00+00:00,79830.978519,722.2604,722.44,722.16,722.47,722.095,1777988940000,1652
2026-05-05 13:50:00+00:00,221111.673826,722.5364,722.16,722.71,722.72,722.15,1777989000000,3531
2026-05-05 13:51:00+00:00,134502.006084,722.7058,722.7,722.745,722.79,722.58,1777989060000,2128
2026-05-05 13:52:00+00:00,138298.997945,722.671,722.74,722.61,722.75,722.57,1777989120000,2238
2026-05-05 13:53:00+00:00,142560.387953,722.6041,722.61,722.5729,722.69,722.53,1777989180000,2212
2026-05-05 13:54:00+00:00,101417.011629,722.4685,722.5791,722.37,722.62,722.29,1777989240000,1596
2026-05-05 13:55:00+00:00,75226.332363,722.4132,722.3599,722.44,722.515,722.29,1777989300000,1388
2026-05-05 13:56:00+00:00,74632.300353,722.4713,722.44,722.525,722.54,722.4,1777989360000,1228
2026-05-05 13:57:00+00:00,89297.03608,722.4715,722.51,722.39,722.55,722.38,1777989420000,1325
2026-05-05 13:58:00+00:00,46196.031503,722.4239,722.39,722.45,722.5,722.37,1777989480000,964
2026-05-05 13:59:00+00:00,44591.93137,722.4612,722.44,722.53,722.54,722.38,1777989540000,1035
2026-05-05 14:00:00+00:00,461773.542764,722.3782,722.6,722.47,722.64,722.14,1777989600000,1930
2026-05-05 14:01:00+00:00,133958.364633,722.6491,722.43,722.7799,722.78,722.42,1777989660000,1267
2026-05-05 14:02:00+00:00,85686.586919,722.669,722.77,722.55,722.785,722.52,1777989720000,1574
2026-05-05 14:03:00+00:00,52616.45921,722.6642,722.56,722.66,722.735,722.55,1777989780000,926
2026-05-05 14:04:00+00:00,43930.578354,722.7149,722.68,722.75,722.7699,722.65,1777989840000,868
2026-05-05 14:05:00+00:00,60537.416628,722.7156,722.77,722.645,722.785,722.63,1777989900000,995
2026-05-05 14:06:00+00:00,80146.613193,722.8485,722.64,722.8483,722.93,722.64,1777989960000,1378
2026-05-05 14:07:00+00:00,56982.238264,722.911,722.83,722.94,722.978,722.81,1777990020000,1171
2026-05-05 14:08:00+00:00,90132.823103,723.0348,722.94,723.01,723.16,722.86,1777990080000,1800
2026-05-05 14:09:00+00:00,93534.749661,723.0595,723.01,723.1837,723.2187,722.97,1777990140000,1350
2026-05-05 14:10:00+00:00,88847.897818,723.2512,723.18,723.14,723.39,723.0723,1777990200000,1628
2026-05-05 14:11:00+00:00,151427.118168,723.112,723.14,723.2,723.2,723.03,1777990260000,1633
2026-05-05 14:12:00+00:00,57129.471927,723.1314,723.22,723.08,723.23,723.065,1777990320000,1213
2026-05-05 14:13:00+00:00,237746.35961,722.6783,723.07,722.63,723.14,722.3,1777990380000,3751
2026-05-05 14:14:00+00:00,177668.351066,722.3408,722.6,722.315,722.66,722.16,1777990440000,2880
2026-05-05 14:15:00+00:00,113868.431615,722.1628,722.31,722.2709,722.34,722.02,1777990500000,2199
2026-05-05 14:16:00+00:00,131236.13767,722.2061,722.27,722.39,722.47,722.03,1777990560000,1961
2026-05-05 14:17:00+00:00,65301.098057,722.4831,722.39,722.64,722.68,722.275,1777990620000,1595
2026-05-05 14:18:00+00:00,282587.822813,722.214,722.67,722.06,722.75,721.79,1777990680000,4619
2026-05-05 14:19:00+00:00,72810.249024,722.1338,722.06,722.145,722.27,721.98,1777990740000,1653
2026-05-05 14:20:00+00:00,78247.584261,722.1583,722.13,722.14,722.27,722.01,1777990800000,1626
2026-05-05 14:21:00+00:00,58528.471517,722.2181,722.14,722.24,722.29,722.12,1777990860000,1509
2026-05-05 14:22:00+00:00,168957.903413,722.5434,722.26,722.85,722.95,722.24,1777990920000,3034
2026-05-05 14:23:00+00:00,99587.73389,722.8677,722.85,722.87,723.01,722.77,1777990980000,2073
2026-05-05 14:24:00+00:00,81219.495795,723.0761,722.88,723.18,723.25,722.86,1777991040000,1833
2026-05-05 14:25:00+00:00,156505.806009,723.4546,723.17,723.36,723.67,723.14,1777991100000,2921
2026-05-05 14:26:00+00:00,90960.278539,723.3443,723.39,723.22,723.45,723.21,1777991160000,1771
2026-05-05 14:27:00+00:00,52579.815588,723.2507,723.21,723.15,723.32,723.12,1777991220000,1491
2026-05-05 14:28:00+00:00,50776.294976,723.2665,723.15,723.35,723.4,723.1,1777991280000,1238
2026-05-05 14:29:00+00:00,34261.497188,723.363,723.36,723.29,723.43,723.27,1777991340000,1129
2026-05-05 14:30:00+00:00,65181.614253,723.2709,723.298,723.1701,723.39,723.17,1777991400000,1548
2026-05-05 14:31:00+00:00,74541.222929,723.0544,723.17,722.97,723.175,722.93,1777991460000,1888
2026-05-05 14:32:00+00:00,60893.566835,722.9775,722.96,723.02,723.05,722.86,1777991520000,1577
2026-05-05 14:33:00+00:00,129407.656232,722.9536,723.01,722.87,723.06,722.84,1777991580000,2020
2026-05-05 14:34:00+00:00,72526.445026,723.0112,722.89,723.02,723.08,722.87,1777991640000,1328
2026-05-05 14:35:00+00:00,59359.121126,723.0367,723.02,722.995,723.09,722.94,1777991700000,1586
2026-05-05 14:36:00+00:00,71881.2554,723.014,723.0,722.97,723.14,722.89,1777991760000,1640
2026-05-05 14:37:00+00:00,112204.40664,722.7628,722.97,722.77,722.97,722.68,1777991820000,2152
2026-05-05 14:38:00+00:00,146337.274143,722.6478,722.79,722.67,722.81,722.56,1777991880000,2477
2026-05-05 14:39:00+00:00,26110.727617,722.6954,722.675,722.675,722.73,722.62,1777991940000,1065
2026-05-05 14:40:00+00:00,33117.545424,722.7064,722.675,722.725,722.76,722.62,1777992000000,1097
2026-05-05 14:41:00+00:00,117005.515662,722.9209,722.72,722.94,723.01,722.72,1777992060000,2151
2026-05-05 14:42:00+00:00,68107.706868,723.0253,722.94,722.99,723.08,722.94,1777992120000,1444
2026-05-05 14:43:00+00:00,109042.464011,723.0066,722.98,723.035,723.09,722.9,1777992180000,2145
2026-05-05 14:44:00+00:00,91064.825578,722.8243,723.03,722.7,723.03,722.67,1777992240000,1748
2026-05-05 14:45:00+00:00,69820.282365,722.6333,722.72,722.64,722.72,722.58,1777992300000,1525
2026-05-05 14:46:00+00:00,101468.766473,722.6417,722.64,722.6,722.82,722.52,1777992360000,1969
2026-05-05 14:47:00+00:00,150440.906719,722.5853,722.58,722.44,722.715,722.38,1777992420000,2206
2026-05-05 14:48:00+00:00,100109.566707,722.6935,722.44,722.81,722.87,722.44,1777992480000,1736
2026-05-05 14:49:00+00:00,39614.668358,722.8186,722.81,722.72,722.9,722.6901,1777992540000,1216
2026-05-05 14:50:00+00:00,52055.043132,722.6437,722.7025,722.63,722.72,722.58,1777992600000,1356
2026-05-05 14:51:00+00:00,40897.457103,722.5896,722.625,722.6,722.67,722.51,1777992660000,1236
2026-05-05 14:52:00+00:00,47222.759345,722.7023,722.6,722.81,722.8192,722.565,1777992720000,1274
2026-05-05 14:53:00+00:00,45623.115812,722.7691,722.78,722.795,722.86,722.68,1777992780000,1379
2026-05-05 14:54:00+00:00,33845.565433,722.8072,722.8,722.9399,722.95,722.71,1777992840000,1261
2026-05-05 14:55:00+00:00,68502.346021,723.0549,722.96,722.975,723.11,722.95,1777992900000,1485
2026-05-05 14:56:00+00:00,41965.721203,723.0308,722.98,723.05,723.08,722.92,1777992960000,1221
2026-05-05 14:57:00+00:00,42180.100485,722.9806,723.05,722.99,723.07,722.89,1777993020000,1218
2026-05-05 14:58:00+00:00,33924.780978,722.9763,722.9801,722.965,722.99,722.92,1777993080000,1013
2026-05-05 14:59:00+00:00,58814.93675,723.0887,722.96,723.14,723.18,722.96,1777993140000,1390
2026-05-05 15:00:00+00:00,45860.125761,723.1544,723.15,723.06,723.2499,723.03,1777993200000,1403
2026-05-05 15:01:00+00:00,67478.889942,723.1744,723.06,723.21,723.23,723.06,1777993260000,1324
2026-05-05 15:02:00+00:00,43311.198758,723.2011,723.21,723.22,723.23,723.1401,1777993320000,950
2026-05-05 15:03:00+00:00,58612.080801,723.267,723.22,723.34,723.37,723.18,1777993380000,1207
2026-05-05 15:04:00+00:00,58473.943244,723.4106,723.34,723.5,723.53,723.32,1777993440000,1347
2026-05-05 15:05:00+00:00,66478.403465,723.4979,723.5,723.5,723.55,723.42,1777993500000,1347
2026-05-05 15:06:00+00:00,129278.997827,723.536,723.52,723.5811,723.63,723.43,1777993560000,1502
2026-05-05 15:07:00+00:00,1042266.330395,723.4352,723.58,723.51,723.649,723.4462,1777993620000,1147
2026-05-05 15:08:00+00:00,51760.790858,723.3945,723.5,723.34,723.52,723.3,1777993680000,1114
2026-05-05 15:09:00+00:00,28796.830026,723.3954,723.32,723.32,723.42,723.3,1777993740000,982
2026-05-05 15:10:00+00:00,33243.296851,723.357,723.33,723.35,723.415,723.31,1777993800000,984
2026-05-05 15:11:00+00:00,46503.163278,723.4043,723.36,723.4,723.47,723.3276,1777993860000,1154
2026-05-05 15:12:00+00:00,44623.54199,723.5441,723.41,723.57,723.6,723.4,1777993920000,1144
2026-05-05 15:13:00+00:00,50221.106785,723.5736,723.565,723.4846,723.6414,723.455,1777993980000,1120
2026-05-05 15:14:00+00:00,33767.937448,723.5419,723.46,723.55,723.58,723.41,1777994040000,1213
2026-05-05 15:15:00+00:00,41688.246485,723.5988,723.55,723.568,723.65,723.5,1777994100000,1176
2026-05-05 15:16:00+00:00,28463.550662,723.5338,723.565,723.45,723.58,723.44,1777994160000,1069
2026-05-05 15:17:00+00:00,35119.24896,723.4629,723.44,723.4201,723.53,723.41,1777994220000,1412
2026-05-05 15:18:00+00:00,37237.939498,723.4797,723.42,723.495,723.52,723.41,1777994280000,1093
2026-05-05 15:19:00+00:00,36652.855322,723.4673,723.5,723.375,723.55,723.34,1777994340000,1112
2026-05-05 15:20:00+00:00,52320.718642,723.3026,723.37,723.27,723.42,723.22,1777994400000,1151
2026-05-05 15:21:00+00:00,30671.440894,723.3722,723.27,723.45,723.45,723.25,1777994460000,994
2026-05-05 15:22:00+00:00,24529.318086,723.4341,723.45,723.4,723.5,723.34,1777994520000,985
2026-05-05 15:23:00+00:00,21087.075716,723.3499,723.4,723.33,723.44,723.25,1777994580000,891
2026-05-05 15:24:00+00:00,105555.258216,723.2479,723.34,723.17,723.34,723.14,1777994640000,1500
2026-05-05 15:25:00+00:00,63640.393831,723.1556,723.14,723.19,723.22,723.11,1777994700000,1136
2026-05-05 15:26:00+00:00,26533.467529,723.3398,723.19,723.38,723.47,723.18,1777994760000,1008
2026-05-05 15:27:00+00:00,32873.298655,723.3622,723.385,723.305,723.39,723.3,1777994820000,936
2026-05-05 15:28:00+00:00,40916.564292,723.3278,723.3089,723.26,723.38,723.26,1777994880000,971
2026-05-05 15:29:00+00:00,224045.497518,723.1933,723.25,723.48,723.48,723.21,1777994940000,1154
2026-05-05 15:30:00+00:00,49597.435463,723.453,723.49,723.355,723.54,723.35,1777995000000,1205
2026-05-05 15:31:00+00:00,48457.341233,723.338,723.37,723.33,723.38,723.285,1777995060000,1034
2026-05-05 15:32:00+00:00,37332.454788,723.222,723.33,723.07,723.335,723.06,1777995120000,1032
2026-05-05 15:33:00+00:00,60134.516233,723.0466,723.07,722.93,723.156,722.91,1777995180000,1270
2026-05-05 15:34:00+00:00,40067.697267,722.9915,722.96,722.97,722.99,722.94,1777995240000,1049
2026-05-05 15:35:00+00:00,76569.22294,723.0955,722.97,723.16,723.21,722.96,1777995300000,1537
2026-05-05 15:36:00+00:00,68694.141362,723.1331,723.13,723.18,723.18,723.095,1777995360000,1304
2026-05-05 15:37:00+00:00,42425.804943,723.1602,723.1774,723.13,723.23,723.07,1777995420000,1003
2026-05-05 15:38:00+00:00,31908.843402,723.1668,723.125,723.14,723.19,723.11,1777995480000,990
2026-05-05 15:39:00+00:00,32746.687821,723.1069,723.14,723.13,723.19,723.01,1777995540000,1130
2026-05-05 15:40:00+00:00,17163.765192,723.1142,723.12,723.05,723.1697,723.04,1777995600000,831
2026-05-05 15:41:00+00:00,26952.513134,723.0859,723.0461,723.07,723.12,723.03,1777995660000,867
2026-05-05 15:42:00+00:00,19719.482349,723.1021,723.055,723.05,723.1699,723.02,1777995720000,829
2026-05-05 15:43:00+00:00,28615.53653,723.04,723.04,723.02,723.07,722.96,1777995780000,939
2026-05-05 15:44:00+00:00,36102.985739,723.1282,723.02,723.12,723.17,723.02,1777995840000,1063
2026-05-05 15:45:00+00:00,48359.903515,723.2421,723.135,723.28,723.32,723.11,1777995900000,1167
2026-05-05 15:46:00+00:00,44583.647787,723.3354,723.28,723.4,723.42,723.28,1777995960000,1103
2026-05-05 15:47:00+00:00,25589.183557,723.365,723.39,723.2899,723.42,723.2899,1777996020000,942
2026-05-05 15:48:00+00:00,28440.915104,723.3061,723.285,723.27,723.32,723.25,1777996080000,808
2026-05-05 15:49:00+00:00,35567.178856,723.2995,723.26,723.325,723.34,723.21,1777996140000,918
2026-05-05 15:50:00+00:00,36395.82296,723.3572,723.32,723.3799,723.4,723.31,1777996200000,900
2026-05-05 15:51:00+00:00,36842.58765,723.3953,723.37,723.355,723.42,723.33,1777996260000,1006
2026-05-05 15:52:00+00:00,26517.286906,723.3117,723.35,723.33,723.37,723.26,1777996320000,917
2026-05-05 15:53:00+00:00,25980.666252,723.3351,723.34,723.25,723.35,723.24,1777996380000,844
2026-05-05 15:54:00+00:00,43137.015189,723.2233,723.25,723.245,723.29,723.17,1777996440000,1076
2026-05-05 15:55:00+00:00,40642.399544,723.1866,723.24,723.1206,723.25,723.11,1777996500000,1033
2026-05-05 15:56:00+00:00,30325.258488,723.1736,723.14,723.12,723.22,723.12,1777996560000,891
2026-05-05 15:57:00+00:00,20866.798422,723.1035,723.12,723.08,723.14,723.02,1777996620000,876
2026-05-05 15:58:00+00:00,34240.346906,723.0455,723.08,723.05,723.1,722.97,1777996680000,1161
2026-05-05 15:59:00+00:00,30649.123569,723.0499,723.055,723.04,723.09,723.0001,1777996740000,1105
2026-05-05 16:00:00+00:00,30977.897151,723.1159,723.04,723.1,723.15,723.04,1777996800000,1049
2026-05-05 16:01:00+00:00,40249.135218,723.071,723.1,723.18,723.19,722.96,1777996860000,1054
2026-05-05 16:02:00+00:00,30557.924932,723.2759,723.1891,723.35,723.39,723.14,1777996920000,981
2026-05-05 16:03:00+00:00,32855.25617,723.3368,723.36,723.25,723.36,723.24,1777996980000,920
2026-05-05 16:04:00+00:00,22397.555014,723.2882,723.26,723.32,723.35,723.2,1777997040000,887
2026-05-05 16:05:00+00:00,31877.211467,723.442,723.31,723.48,723.48,723.31,1777997100000,950
2026-05-05 16:06:00+00:00,42724.914358,723.519,723.48,723.4709,723.53,723.45,1777997160000,1082
2026-05-05 16:07:00+00:00,38365.831711,723.4986,723.47,723.535,723.54,723.41,1777997220000,920
2026-05-05 16:08:00+00:00,35058.981939,723.5354,723.53,723.5,723.55,723.49,1777997280000,967
2026-05-05 16:09:00+00:00,37905.809249,723.5373,723.51,723.5,723.56,723.48,1777997340000,1014
2026-05-05 16:10:00+00:00,23553.534024,723.5401,723.5,723.57,723.57,723.48,1777997400000,882
2026-05-05 16:11:00+00:00,24191.18433,723.55,723.57,723.51,723.57,723.51,1777997460000,831
2026-05-05 16:12:00+00:00,19264.138164,723.5371,723.5,723.535,723.56,723.495,1777997520000,777
2026-05-05 16:13:00+00:00,49803.527617,723.5608,723.54,723.5327,723.58,723.51,1777997580000,787
2026-05-05 16:14:00+00:00,21516.637833,723.5632,723.55,723.505,723.59,723.5,1777997640000,815
2026-05-05 16:15:00+00:00,25036.581701,723.539,723.505,723.53,723.56,723.47,1777997700000,898
2026-05-05 16:16:00+00:00,22495.757806,723.5972,723.54,723.595,723.61,723.52,1777997760000,659
2026-05-05 16:17:00+00:00,36608.971446,723.5563,723.6,723.4,723.62,723.39,1777997820000,812
2026-05-05 16:18:00+00:00,15898.351858,723.4589,723.4001,723.5,723.5,723.4001,1777997880000,450
2026-05-05 16:19:00+00:00,44710.303061,723.5506,723.51,723.59,723.59,723.48,1777997940000,473
2026-05-05 16:20:00+00:00,140072.748971,723.6852,723.59,723.8,723.81,723.56,1777998000000,1481
2026-05-05 16:21:00+00:00,53103.167023,723.7996,723.81,723.75,723.87,723.735,1777998060000,911
2026-05-05 16:22:00+00:00,62603.063761,723.7165,723.76,723.7401,723.78,723.71,1777998120000,940
2026-05-05 16:23:00+00:00,36055.712904,723.7315,723.74,723.7,723.76,723.68,1777998180000,668
2026-05-05 16:24:00+00:00,21030.051914,723.7146,723.7,723.7,723.75,723.67,1777998240000,491
2026-05-05 16:25:00+00:00,19026.060427,723.7307,723.7,723.72,723.769,723.7,1777998300000,466
2026-05-05 16:26:00+00:00,28516.109409,723.7412,723.72,723.76,723.79,723.64,1777998360000,573
2026-05-05 16:27:00+00:00,61065.536228,723.4657,723.76,723.33,723.76,723.3,1777998420000,1136
2026-05-05 16:28:00+00:00,122644.251423,723.3387,723.3,723.56,723.56,723.04,1777998480000,1457
2026-05-05 16:29:00+00:00,22395.187238,723.5357,723.52,723.58,723.59,723.49,1777998540000,625
2026-05-05 16:30:00+00:00,25212.139041,723.5474,723.56,723.55,723.6,723.51,1777998600000,596
2026-05-05 16:31:00+00:00,50070.118116,723.4604,723.57,723.48,723.57,723.4,1777998660000,781
2026-05-05 16:32:00+00:00,52742.33406,723.474,723.4799,723.53,723.56,723.42,1777998720000,948
2026-05-05 16:33:00+00:00,27607.78285,723.5133,723.538,723.47,723.55,723.455,1777998780000,623
2026-05-05 16:34:00+00:00,63097.2152,723.4429,723.49,723.5,723.5,723.37,1777998840000,957
2026-05-05 16:35:00+00:00,65003.878049,723.502,723.48,723.55,723.6,723.42,1777998900000,1058
2026-05-05 16:36:00+00:00,29305.083721,723.6294,723.53,723.645,723.69,723.53,1777998960000,544
2026-05-05 16:37:00+00:00,16169.147835,723.6249,723.645,723.63,723.6493,723.59,1777999020000,379
2026-05-05 16:38:00+00:00,30929.41824,723.6279,723.63,723.57,723.665,723.52,1777999080000,508
2026-05-05 16:39:00+00:00,27109.755259,723.4915,723.54,723.42,723.54,723.42,1777999140000,553
2026-05-05 16:40:00+00:00,31588.373866,723.4034,723.42,723.3,723.45,723.3,1777999200000,671
2026-05-05 16:41:00+00:00,46246.886501,723.3905,723.2999,723.47,723.49,723.295,1777999260000,621
2026-05-05 16:42:00+00:00,32330.72261,723.4867,723.465,723.43,723.51,723.43,1777999320000,705
2026-05-05 16:43:00+00:00,21235.63521,723.353,723.43,723.35,723.43,723.27,1777999380000,556
2026-05-05 16:44:00+00:00,37855.538903,723.3663,723.3599,723.4399,723.44,723.32,1777999440000,626
2026-05-05 16:45:00+00:00,21311.55318,723.4799,723.42,723.53,723.54,723.35,1777999500000,549
2026-05-05 16:46:00+00:00,24363.088495,723.553,723.52,723.62,723.65,723.4775,1777999560000,491
2026-05-05 16:47:00+00:00,38635.515913,723.7056,723.62,723.725,723.74,723.62,1777999620000,626
2026-05-05 16:48:00+00:00,44832.093004,723.6921,723.73,723.64,723.73,723.62,1777999680000,694
2026-05-05 16:49:00+00:00,21525.394785,723.6454,723.65,723.61,723.69,723.6,1777999740000,450
2026-05-05 16:50:00+00:00,20671.885124,723.6604,723.61,723.614,723.67,723.6,1777999800000,517
2026-05-05 16:51:00+00:00,18541.650622,723.6032,723.63,723.595,723.64,723.54,1777999860000,477
2026-05-05 16:52:00+00:00,64468.026166,723.5829,723.6,723.575,723.62,723.56,1777999920000,718
2026-05-05 16:53:00+00:00,50606.301083,723.5473,723.57,723.52,723.59,723.47,1777999980000,787
2026-05-05 16:54:00+00:00,13513.100132,723.554,723.52,723.535,723.57,723.52,1778000040000,397
2026-05-05 16:55:00+00:00,35103.617372,723.593,723.53,723.655,723.67,723.49,1778000100000,572
2026-05-05 16:56:00+00:00,23567.234532,723.625,723.655,723.615,723.67,723.57,1778000160000,473
2026-05-05 16:57:00+00:00,26949.474978,723.6401,723.6168,723.59,723.66,723.57,1778000220000,477
2026-05-05 16:58:00+00:00,21486.821759,723.5862,723.595,723.51,723.61,723.505,1778000280000,415
2026-05-05 16:59:00+00:00,22460.14055,723.503,723.51,723.47,723.53,723.44,1778000340000,572
2026-05-05 17:00:00+00:00,22454.274226,723.4148,723.47,723.45,723.475,723.34,1778000400000,587
2026-05-05 17:01:00+00:00,15866.683989,723.5071,723.45,723.445,723.5,723.44,1778000460000,432
2026-05-05 17:02:00+00:00,36781.331903,723.4158,723.44,723.44,723.49,723.3782,1778000520000,661
2026-05-05 17:03:00+00:00,19368.188871,723.5096,723.44,723.53,723.53,723.44,1778000580000,447
2026-05-05 17:04:00+00:00,19431.352801,723.5474,723.54,723.49,723.58,723.49,1778000640000,475
2026-05-05 17:05:00+00:00,20918.459719,723.5053,723.49,723.5294,723.53,723.47,1778000700000,466
2026-05-05 17:06:00+00:00,31924.742049,723.523,723.54,723.47,723.545,723.46,1778000760000,557
2026-05-05 17:07:00+00:00,31112.368814,723.4371,723.46,723.36,723.48,723.35,1778000820000,651
2026-05-05 17:08:00+00:00,25873.179954,723.3435,723.35,723.28,723.39,723.27,1778000880000,615
2026-05-05 17:09:00+00:00,56228.15658,723.211,723.28,723.23,723.28,723.12,1778000940000,900
2026-05-05 17:10:00+00:00,27184.425006,723.2171,723.23,723.2399,723.26,723.13,1778001000000,592
2026-05-05 17:11:00+00:00,31149.738542,723.2593,723.22,723.29,723.3,723.19,1778001060000,663
2026-05-05 17:12:00+00:00,25895.107634,723.3256,723.29,723.3,723.36,723.28,1778001120000,663
2026-05-05 17:13:00+00:00,27990.252139,723.3205,723.3,723.24,723.362,723.24,1778001180000,595
2026-05-05 17:14:00+00:00,35728.864555,723.2901,723.245,723.27,723.32,723.23,1778001240000,822
2026-05-05 17:15:00+00:00,32389.703222,723.3788,723.28,723.41,723.42,723.28,1778001300000,702
2026-05-05 17:16:00+00:00,37498.214657,723.4036,723.4,723.43,723.47,723.35,1778001360000,765
2026-05-05 17:17:00+00:00,63832.017875,723.4096,723.43,723.42,723.44,723.38,1778001420000,892
2026-05-05 17:18:00+00:00,74753.440198,723.5128,723.425,723.47,723.64,723.41,1778001480000,1157
2026-05-05 17:19:00+00:00,25615.829906,723.5163,723.49,723.57,723.58,723.44,1778001540000,636
2026-05-05 17:20:00+00:00,53666.598508,723.571,723.58,723.58,723.65,723.46,1778001600000,943
2026-05-05 17:21:00+00:00,67063.907932,723.6274,723.6,723.6,723.67,723.56,1778001660000,941
2026-05-05 17:22:00+00:00,48563.279535,723.6226,723.6,723.59,723.68,723.56,1778001720000,753
2026-05-05 17:23:00+00:00,44659.965455,723.5879,723.6,723.51,723.62,723.5,1778001780000,801
2026-05-05 17:24:00+00:00,33991.362492,723.5513,723.515,723.575,723.59,723.5134,1778001840000,651
2026-05-05 17:25:00+00:00,35329.623416,723.6228,723.575,723.64,723.65,723.56,1778001900000,723
2026-05-05 17:26:00+00:00,38012.553835,723.6933,723.66,723.7701,723.79,723.61,1778001960000,708
2026-05-05 17:27:00+00:00,33726.259414,723.7675,723.78,723.77,723.79,723.73,1778002020000,844
2026-05-05 17:28:00+00:00,36464.622587,723.7668,723.775,723.77,723.79,723.71,1778002080000,650
2026-05-05 17:29:00+00:00,24737.307385,723.7975,723.76,723.855,723.86,723.72,1778002140000,641
2026-05-05 17:30:00+00:00,100525.759028,723.9258,723.86,723.895,723.975,723.85,1778002200000,1619
2026-05-05 17:31:00+00:00,43354.71091,723.8438,723.895,723.78,723.9,723.77,1778002260000,1111
2026-05-05 17:32:00+00:00,34193.375817,723.7892,723.775,723.8,723.87,723.72,1778002320000,1030
2026-05-05 17:33:00+00:00,20246.436929,723.8087,723.8,723.8167,723.84,723.74,1778002380000,683
2026-05-05 17:34:00+00:00,20774.667496,723.8099,723.81,723.79,723.83,723.75,1778002440000,712
2026-05-05 17:35:00+00:00,32696.944761,723.8471,723.8,723.84,723.86,723.772,1778002500000,755
2026-05-05 17:36:00+00:00,53994.362481,723.9453,723.845,723.9993,724.0,723.845,1778002560000,1124
2026-05-05 17:37:00+00:00,28704.571109,723.9705,723.998,723.915,724.0107,723.8901,1778002620000,654
2026-05-05 17:38:00+00:00,24977.668869,723.8983,723.91,723.87,723.91,723.85,1778002680000,624
2026-05-05 17:39:00+00:00,24639.247099,723.8428,723.86,723.815,723.86,723.8,1778002740000,591
2026-05-05 17:40:00+00:00,87436.893434,723.8343,723.82,723.83,723.87,723.78,1778002800000,1215
2026-05-05 17:41:00+00:00,172826.863879,723.8895,723.83,723.9,723.93,723.82,1778002860000,510
2026-05-05 17:42:00+00:00,49706.166412,723.9055,723.91,723.925,723.94,723.89,1778002920000,743
2026-05-05 17:43:00+00:00,28721.747287,723.9408,723.93,723.92,723.95,723.89,1778002980000,564
2026-05-05 17:44:00+00:00,30502.77379,723.9012,723.91,723.86,723.93,723.84,1778003040000,595
2026-05-05 17:45:00+00:00,39718.929244,723.925,723.86,723.9,723.93,723.86,1778003100000,660
2026-05-05 17:46:00+00:00,20606.991486,723.9409,723.9,723.91,723.94,723.88,1778003160000,537
2026-05-05 17:47:00+00:00,22629.599103,723.9121,723.9,723.92,723.94,723.855,1778003220000,515
2026-05-05 17:48:00+00:00,50039.182031,723.9224,723.91,723.93,723.94,723.88,1778003280000,726
2026-05-05 17:49:00+00:00,35945.147739,723.9286,723.93,723.9,723.95,723.88,1778003340000,699
2026-05-05 17:50:00+00:00,53400.694802,723.9509,723.88,723.945,723.99,723.87,1778003400000,964
2026-05-05 17:51:00+00:00,175493.715931,724.0494,723.95,724.08,724.1,723.94,1778003460000,5898
2026-05-05 17:52:00+00:00,139825.218926,724.1137,724.09,724.15,724.19,724.08,1778003520000,1428
2026-05-05 17:53:00+00:00,53624.763883,724.1797,724.16,724.14,724.19,724.13,1778003580000,809
2026-05-05 17:54:00+00:00,36980.411102,724.1048,724.1425,724.09,724.15,724.06,1778003640000,745
2026-05-05 17:55:00+00:00,43388.769173,724.1513,724.09,724.13,724.22,724.06,1778003700000,747
2026-05-05 17:56:00+00:00,25923.53413,724.1292,724.1101,724.1292,724.15,724.07,1778003760000,529
2026-05-05 17:57:00+00:00,41570.942324,724.1209,724.13,724.09,724.1401,724.05,1778003820000,730
2026-05-05 17:58:00+00:00,30417.708262,724.0909,724.08,724.0301,724.11,724.02,1778003880000,693
2026-05-05 17:59:00+00:00,41373.192463,724.0235,724.045,724.01,724.06,724.0,1778003940000,703
2026-05-05 18:00:00+00:00,55645.346064,724.0831,724.01,724.09,724.13,724.0,1778004000000,946
2026-05-05 18:01:00+00:00,34739.546996,724.087,724.08,724.09,724.1,724.05,1778004060000,728
2026-05-05 18:02:00+00:00,26114.46371,724.1646,724.1,724.17,724.18,724.095,1778004120000,592
2026-05-05 18:03:00+00:00,62566.355404,724.1451,724.16,724.14,724.18,724.105,1778004180000,958
2026-05-05 18:04:00+00:00,48543.962568,724.144,724.13,724.17,724.185,724.09,1778004240000,781
2026-05-05 18:05:00+00:00,50839.932708,724.1882,724.1794,724.13,724.21,724.13,1778004300000,1203
2026-05-05 18:06:00+00:00,47764.464742,724.1802,724.15,724.19,724.2,724.15,1778004360000,800
2026-05-05 18:07:00+00:00,76739.055773,724.2685,724.18,724.2501,724.34,724.16,1778004420000,1223
2026-05-05 18:08:00+00:00,58443.18742,724.3012,724.26,724.29,724.36,724.25,1778004480000,1046
2026-05-05 18:09:00+00:00,36949.036999,724.2752,724.3,724.24,724.3,724.24,1778004540000,1077
2026-05-05 18:10:00+00:00,77044.352027,724.3335,724.245,724.32,724.35,724.23,1778004600000,1883
2026-05-05 18:11:00+00:00,28754.132981,724.3838,724.315,724.4,724.44,724.31,1778004660000,901
2026-05-05 18:12:00+00:00,58883.309019,724.5151,724.39,724.55,724.6,724.38,1778004720000,894
2026-05-05 18:13:00+00:00,76063.523001,724.5347,724.56,724.5601,724.58,724.48,1778004780000,935
2026-05-05 18:14:00+00:00,40622.992358,724.5956,724.5607,724.62,724.66,724.5,1778004840000,732
2026-05-05 18:15:00+00:00,31638.933976,724.676,724.625,724.56,724.7,724.56,1778004900000,711
2026-05-05 18:16:00+00:00,171856.423458,719.5866,724.56,724.529,724.56,724.5,1778004960000,774
2026-05-05 18:17:00+00:00,27971.77723,724.5394,724.515,724.52,724.55,724.4701,1778005020000,552
2026-05-05 18:18:00+00:00,32261.469467,724.5375,724.53,724.52,724.56,724.49,1778005080000,632
2026-05-05 18:19:00+00:00,25290.440364,724.532,724.52,724.49,724.56,724.48,1778005140000,628
2026-05-05 18:20:00+00:00,48174.941805,724.5108,724.49,724.52,724.535,724.47,1778005200000,795
2026-05-05 18:21:00+00:00,91815.376597,724.5617,724.51,724.65,724.65,724.51,1778005260000,1413
2026-05-05 18:22:00+00:00,30916.842536,724.6326,724.64,724.62,724.64,724.58,1778005320000,630
2026-05-05 18:23:00+00:00,41687.33689,724.5774,724.62,724.57,724.6499,724.52,1778005380000,623
2026-05-05 18:24:00+00:00,20534.862011,724.5605,724.57,724.5,724.58,724.48,1778005440000,597
2026-05-05 18:25:00+00:00,26406.197586,724.4836,724.51,724.51,724.52,724.43,1778005500000,723
2026-05-05 18:26:00+00:00,21886.936932,724.5346,724.49,724.4928,724.53,724.46,1778005560000,509
2026-05-05 18:27:00+00:00,22151.289068,724.5648,724.48,724.57,724.59,724.48,1778005620000,511
2026-05-05 18:28:00+00:00,31004.531772,724.6033,724.57,724.51,724.64,724.505,1778005680000,660
2026-05-05 18:29:00+00:00,23635.01113,724.5036,724.52,724.475,724.55,724.47,1778005740000,570
2026-05-05 18:30:00+00:00,60261.619231,724.4999,724.475,724.47,724.52,724.45,1778005800000,792
2026-05-05 18:31:00+00:00,39923.717044,724.4759,724.485,724.43,724.49,724.42,1778005860000,672
2026-05-05 18:32:00+00:00,51012.883209,724.4278,724.43,724.37,724.45,724.36,1778005920000,882
2026-05-05 18:33:00+00:00,94244.42577,724.3603,724.36,724.38,724.39,724.325,1778005980000,901
2026-05-05 18:34:00+00:00,29088.457159,724.3385,724.385,724.27,724.39,724.26,1778006040000,675
2026-05-05 18:35:00+00:00,38880.058748,724.2966,724.26,724.34,724.37,724.24,1778006100000,686
2026-05-05 18:36:00+00:00,18274.001997,724.3579,724.34,724.37,724.39,724.32,1778006160000,451
2026-05-05 18:37:00+00:00,40855.68412,724.396,724.365,724.4,724.41,724.34,1778006220000,586
2026-05-05 18:38:00+00:00,38614.863477,724.3434,724.38,724.275,724.38,724.27,1778006280000,622
2026-05-05 18:39:00+00:00,24766.142888,724.1836,724.275,724.135,724.28,724.12,1778006340000,675
2026-05-05 18:40:00+00:00,29607.00886,724.1699,724.14,724.17,724.21,724.1,1778006400000,694
2026-05-05 18:41:00+00:00,52246.729081,724.2014,724.17,724.1999,724.229,724.14,1778006460000,623
2026-05-05 18:42:00+00:00,26634.465963,724.2747,724.2,724.28,724.3,724.2,1778006520000,579
2026-05-05 18:43:00+00:00,28915.791599,724.2894,724.29,724.25,724.31,724.23,1778006580000,621
2026-05-05 18:44:00+00:00,28667.310737,724.2695,724.26,724.26,724.29,724.24,1778006640000,464
2026-05-05 18:45:00+00:00,38581.767583,724.295,724.255,724.3,724.35,724.24,1778006700000,644
2026-05-05 18:46:00+00:00,38124.792065,724.3319,724.31,724.34,724.35,724.29,1778006760000,719
2026-05-05 18:47:00+00:00,44815.912936,724.3882,724.34,724.42,724.43,724.33,1778006820000,675
2026-05-05 18:48:00+00:00,37111.301669,724.4239,724.42,724.39,724.46,724.37,1778006880000,651
2026-05-05 18:49:00+00:00,34973.127841,724.3933,724.38,724.4,724.42,724.35,1778006940000,604
2026-05-05 18:50:00+00:00,24754.320025,724.4198,724.4,724.4,724.45,724.39,1778007000000,522
2026-05-05 18:51:00+00:00,37917.107205,724.4072,724.4064,724.34,724.46,724.32,1778007060000,688
2026-05-05 18:52:00+00:00,64467.457998,724.2454,724.33,724.21,724.35,724.195,1778007120000,888
2026-05-05 18:53:00+00:00,52900.792091,724.1951,724.23,724.18,724.24,724.12,1778007180000,908
2026-05-05 18:54:00+00:00,31267.47415,724.2351,724.185,724.28,724.31,724.16,1778007240000,701
2026-05-05 18:55:00+00:00,25825.741789,724.3234,724.28,724.26,724.36,724.23,1778007300000,662
2026-05-05 18:56:00+00:00,41232.814043,724.3038,724.23,724.31,724.34,724.23,1778007360000,856
2026-05-05 18:57:00+00:00,50824.845053,724.3376,724.31,724.3,724.36,724.27,1778007420000,841
2026-05-05 18:58:00+00:00,26934.320762,724.3293,724.3,724.32,724.36,724.295,1778007480000,682
2026-05-05 18:59:00+00:00,43419.797801,724.3348,724.33,724.32,724.36,724.29,1778007540000,768
2026-05-05 19:00:00+00:00,23972.221459,724.3295,724.33,724.315,724.34,724.31,1778007600000,619
2026-05-05 19:01:00+00:00,38998.04372,724.3916,724.31,724.43,724.44,724.31,1778007660000,840
2026-05-05 19:02:00+00:00,30539.107607,724.4197,724.43,724.401,724.4499,724.39,1778007720000,849
2026-05-05 19:03:00+00:00,42872.188623,724.4397,724.41,724.47,724.47,724.4,1778007780000,927
2026-05-05 19:04:00+00:00,40664.584671,724.4746,724.47,724.49,724.49,724.43,1778007840000,826
2026-05-05 19:05:00+00:00,48063.765972,724.5576,724.48,724.56,724.59,724.47,1778007900000,988
2026-05-05 19:06:00+00:00,34307.066982,724.5982,724.56,724.63,724.65,724.56,1778007960000,783
2026-05-05 19:07:00+00:00,43996.601509,724.6352,724.625,724.655,724.68,724.6,1778008020000,734
2026-05-05 19:08:00+00:00,79107.857689,724.6191,724.67,724.57,724.68,724.56,1778008080000,1072
2026-05-05 19:09:00+00:00,67143.372469,724.6591,724.57,724.72,724.73,724.57,1778008140000,891
2026-05-05 19:10:00+00:00,62425.239209,724.7726,724.73,724.9,724.9,724.7,1778008200000,1257
2026-05-05 19:11:00+00:00,135480.124163,724.8818,724.88,724.85,724.975,724.805,1778008260000,1646
2026-05-05 19:12:00+00:00,86263.254513,724.8491,724.85,724.872,724.89,724.8,1778008320000,1192
2026-05-05 19:13:00+00:00,183517.691567,724.9274,724.89,724.87,724.95,724.855,1778008380000,1553
2026-05-05 19:14:00+00:00,92654.275026,724.8382,724.86,724.75,724.88,724.75,1778008440000,1247
2026-05-05 19:15:00+00:00,99189.019728,724.6926,724.77,724.65,724.77,724.57,1778008500000,1335
2026-05-05 19:16:00+00:00,81187.062558,724.6813,724.65,724.72,724.74,724.63,1778008560000,1160
2026-05-05 19:17:00+00:00,50417.425552,724.7893,724.74,724.785,724.845,724.71,1778008620000,945
2026-05-05 19:18:00+00:00,73917.8542,724.8216,724.79,724.845,724.86,724.77,1778008680000,993
2026-05-05 19:19:00+00:00,53381.348015,724.8534,724.84,724.88,724.88,724.8201,1778008740000,1037
2026-05-05 19:20:00+00:00,94190.052711,724.8325,724.89,724.8,724.91,724.79,1778008800000,1519
2026-05-05 19:21:00+00:00,92865.22121,724.8035,724.8,724.82,724.86,724.71,1778008860000,1345
2026-05-05 19:22:00+00:00,82110.436388,724.8912,724.81,724.91,724.94,724.81,1778008920000,1143
2026-05-05 19:23:00+00:00,58706.213338,724.9254,724.93,724.93,724.94,724.89,1778008980000,950
2026-05-05 19:24:00+00:00,75222.655071,724.9354,724.92,724.94,724.96,724.88,1778009040000,1181
2026-05-05 19:25:00+00:00,96245.822917,725.0007,724.945,724.99,725.04,724.94,1778009100000,2066
2026-05-05 19:26:00+00:00,68137.657263,724.9409,725.0099,724.88,725.03,724.86,1778009160000,1286
2026-05-05 19:27:00+00:00,60945.081031,724.8263,724.875,724.82,724.875,724.79,1778009220000,1013
2026-05-05 19:28:00+00:00,63697.718148,724.8447,724.82,724.765,724.88,724.765,1778009280000,1073
2026-05-05 19:29:00+00:00,112963.356285,724.7885,724.77,724.72,724.84,724.72,1778009340000,1344
2026-05-05 19:30:00+00:00,139144.072186,724.6947,724.72,724.745,724.75,724.63,1778009400000,2058
2026-05-05 19:31:00+00:00,87282.473686,724.7838,724.74,724.82,724.82,724.735,1778009460000,1396
2026-05-05 19:32:00+00:00,113834.535169,724.823,724.81,724.75,724.87,724.75,1778009520000,1698
2026-05-05 19:33:00+00:00,74455.946119,724.7463,724.745,724.725,724.76,724.71,1778009580000,1228
2026-05-05 19:34:00+00:00,108983.027778,724.6724,724.725,724.675,724.73,724.62,1778009640000,1851
2026-05-05 19:35:00+00:00,329601.801694,724.5191,724.675,724.46,724.69,724.42,1778009700000,3315
2026-05-05 19:36:00+00:00,194516.263688,720.1732,724.48,724.58,724.62,724.47,1778009760000,1423
2026-05-05 19:37:00+00:00,58023.28772,724.6126,724.58,724.62,724.65,724.55,1778009820000,1079
2026-05-05 19:38:00+00:00,73978.675717,724.7029,724.62,724.82,724.82,724.6,1778009880000,1089
2026-05-05 19:39:00+00:00,42402.692712,724.7549,724.8,724.76,724.8,724.69,1778009940000,1037
2026-05-05 19:40:00+00:00,90602.326734,724.7636,724.77,724.775,724.79,724.7099,1778010000000,1112
2026-05-05 19:41:00+00:00,69813.012624,724.691,724.77,724.695,724.785,724.65,1778010060000,1257
2026-05-05 19:42:00+00:00,118420.513957,724.6086,724.69,724.6,724.7,724.57,1778010120000,1767
2026-05-05 19:43:00+00:00,65515.378574,724.6583,724.5899,724.66,724.69,724.5899,1778010180000,1312
2026-05-05 19:44:00+00:00,90198.582399,724.7056,724.675,724.7499,724.78,724.63,1778010240000,1550
2026-05-05 19:45:00+00:00,151715.255656,724.717,724.74,724.7501,724.765,724.65,1778010300000,1792
2026-05-05 19:46:00+00:00,73029.914636,724.7184,724.75,724.62,724.77,724.62,1778010360000,1447
2026-05-05 19:47:00+00:00,97556.203104,724.5827,724.625,724.65,724.65,724.53,1778010420000,1676
2026-05-05 19:48:00+00:00,115492.711886,724.622,724.655,724.53,724.665,724.52,1778010480000,1792
2026-05-05 19:49:00+00:00,215397.270297,724.4748,724.52,724.4799,724.54,724.41,1778010540000,2744
2026-05-05 19:50:00+00:00,515586.737564,724.0672,724.46,723.89,724.46,723.84,1778010600000,5578
2026-05-05 19:51:00+00:00,395607.943172,723.7958,723.89,723.76,723.93,723.62,1778010660000,3883
2026-05-05 19:52:00+00:00,192640.314766,723.7644,723.765,723.75,723.89,723.69,1778010720000,3149
2026-05-05 19:53:00+00:00,241950.896832,723.7487,723.75,723.735,723.81,723.67,1778010780000,3644
2026-05-05 19:54:00+00:00,269948.185595,723.6583,723.74,723.7,723.76,723.53,1778010840000,3874
2026-05-05 19:55:00+00:00,597607.58414,721.0936,723.68,723.47,723.72,723.34,1778010900000,4501
2026-05-05 19:56:00+00:00,388410.697864,721.5629,723.47,723.4,723.51,723.27,1778010960000,3678
2026-05-05 19:57:00+00:00,426991.623156,723.446,723.4,723.58,723.61,723.31,1778011020000,4649
2026-05-05 19:58:00+00:00,628777.864428,722.4854,723.58,723.76,723.76,723.52,1778011080000,6260
2026-05-05 19:59:00+00:00,999801.120674,722.9897,723.76,723.74,723.83,723.63,1778011140000,10229
2026-05-05 20:00:00+00:00,229414.35212,723.7455,723.7,723.76,723.85,723.61,1778011200000,715
2026-05-05 20:01:00+00:00,100110.059656,723.7933,723.75,723.87,723.87,723.1,1778011260000,272
2026-05-05 20:02:00+00:00,20856.725635,723.9146,723.87,723.93,723.93,723.84,1778011320000,139
2026-05-05 20:03:00+00:00,297888.342115,718.7209,723.95,723.87,723.95,723.78,1778011380000,241
2026-05-05 20:04:00+00:00,15319.433121,723.9163,723.87,723.91,723.95,723.85,1778011440000,135
2026-05-05 20:05:00+00:00,32073.944445,723.9904,723.9479,723.9,724.0,723.88,1778011500000,156
2026-05-05 20:06:00+00:00,422402.901303,723.634,723.9,723.83,723.9,723.83,1778011560000,81
2026-05-05 20:07:00+00:00,13010.541018,723.8519,723.82,723.79,723.86,723.78,1778011620000,134
2026-05-05 20:08:00+00:00,501268.16,723.6207,723.74,723.82,723.88,723.74,1778011680000,46
2026-05-05 20:09:00+00:00,5541.748562,723.9348,723.84,723.82,723.85,723.79,1778011740000,54
2026-05-05 20:10:00+00:00,12305.683756,723.9278,723.86,723.88,723.91,723.82,1778011800000,129
2026-05-05 20:11:00+00:00,1148764.81013,723.6264,723.89,723.9796,723.98,723.89,1778011860000,105
2026-05-05 20:12:00+00:00,13419.055487,723.9639,723.95,723.9687,723.99,723.93,1778011920000,132
2026-05-05 20:13:00+00:00,137084.259539,718.29,723.96,724.06,724.06,723.96,1778011980000,79
2026-05-05 20:14:00+00:00,8812.985778,724.0967,724.07,723.99,724.07,723.97,1778012040000,171
2026-05-05 20:15:00+00:00,128264.982536,723.7469,724.02,723.89,724.1,723.5,1778012100000,741
2026-05-05 20:16:00+00:00,56133.89132,723.7451,723.81,723.86,723.86,723.55,1778012160000,466
2026-05-05 20:17:00+00:00,9229.902438,724.169,723.89,724.0925,724.18,723.89,1778012220000,123
2026-05-05 20:18:00+00:00,8623.176355,724.2736,724.13,724.17,724.34,724.13,1778012280000,117
2026-05-05 20:19:00+00:00,41806.703312,724.2536,724.2,724.37,724.55,724.18,1778012340000,138
2026-05-05 20:20:00+00:00,32281.75444,724.3826,724.4,724.42,724.48,724.27,1778012400000,194
2026-05-05 20:21:00+00:00,3048.995505,724.5572,724.42,724.37,724.42,724.3,1778012460000,62
2026-05-05 20:22:00+00:00,2548.323154,724.4462,724.35,724.35,724.38,724.32,1778012520000,72
2026-05-05 20:23:00+00:00,7460.882908,724.6028,724.43,724.62,724.63,724.43,1778012580000,139
2026-05-05 20:24:00+00:00,37511.061951,724.748,724.56,724.7505,724.82,724.56,1778012640000,179
2026-05-05 20:25:00+00:00,38584.756407,725.0427,724.8,725.13,725.19,724.8,1778012700000,308
2026-05-05 20:26:00+00:00,31591.781067,725.1629,725.14,725.1,725.26,725.051,1778012760000,151
2026-05-05 20:27:00+00:00,32545.594288,725.2523,725.11,725.279,725.3602,725.07,1778012820000,216
2026-05-05 20:28:00+00:00,19303.858418,725.386,725.27,725.36,725.39,725.23,1778012880000,173
2026-05-05 20:29:00+00:00,133281.805589,718.1998,725.34,725.24,725.3735,725.24,1778012940000,130
2026-05-05 20:30:00+00:00,28391.768942,725.0016,725.18,724.96,725.18,724.9,1778013000000,172
2026-05-05 20:31:00+00:00,9448.150348,724.9588,724.95,724.96,724.98,724.92,1778013060000,76
2026-05-05 20:32:00+00:00,25136.221639,724.8983,724.9886,724.92,724.9886,724.77,1778013120000,140
2026-05-05 20:33:00+00:00,4307.182599,725.0732,724.95,725.0587,725.08,724.95,1778013180000,62
2026-05-05 20:34:00+00:00,15586.553133,725.0247,725.0687,724.94,725.0687,724.92,1778013240000,107
2026-05-05 20:35:00+00:00,6188.889848,724.9998,724.92,724.87,724.92,724.86,1778013300000,66
2026-05-05 20:36:00+00:00,1238.729486,725.3248,724.81,724.93,724.97,724.81,1778013360000,33
2026-05-05 20:37:00+00:00,3790.574041,725.0929,724.95,724.94,725.04,724.94,1778013420000,85
2026-05-05 20:38:00+00:00,3880.60555,725.0368,724.92,724.86,724.97,724.86,1778013480000,53
2026-05-05 20:39:00+00:00,22970.883439,724.8665,724.89,724.78,724.89,724.78,1778013540000,118
2026-05-05 20:40:00+00:00,9601.318323,724.7729,724.78,724.65,724.78,724.65,1778013600000,69
2026-05-05 20:41:00+00:00,4728.239385,724.6578,724.6,724.58,724.65,724.57,1778013660000,62
2026-05-05 20:42:00+00:00,128649.697073,717.9319,724.64,724.7395,724.74,724.64,1778013720000,80
2026-05-05 20:43:00+00:00,828.952475,725.5412,724.74,724.67,724.74,724.67,1778013780000,40
2026-05-05 20:44:00+00:00,1936.030936,724.6053,724.64,724.55,724.64,724.55,1778013840000,41
2026-05-05 20:45:00+00:00,5773.15885,724.5459,724.55,724.51,724.58,724.48,1778013900000,91
2026-05-05 20:46:00+00:00,985.334703,724.7178,724.51,724.43,724.51,724.43,1778013960000,44
2026-05-05 20:47:00+00:00,11742.388765,724.4288,724.41,724.36,724.44,724.35,1778014020000,87
2026-05-05 20:48:00+00:00,9227.283783,724.39,724.37,724.4,724.4,724.32,1778014080000,83
2026-05-05 20:49:00+00:00,2225.835787,724.6339,724.4031,724.38,724.4031,724.33,1778014140000,66
2026-05-05 20:50:00+00:00,457.28648,724.8055,724.35,724.35,724.36,724.35,1778014200000,23
2026-05-05 20:51:00+00:00,891.112178,724.5011,724.35,724.45,724.45,724.35,1778014260000,32
2026-05-05 20:52:00+00:00,3088.7935,724.6306,724.45,724.4,724.47,724.4,1778014320000,52
2026-05-05 20:53:00+00:00,1253.285734,724.5629,724.4309,724.43,724.4309,724.39,1778014380000,32
2026-05-05 20:54:00+00:00,1653.313345,724.5761,724.44,724.43,724.47,724.42,1778014440000,60
2026-05-05 20:55:00+00:00,5307.347056,724.5383,724.39,724.52,724.58,724.37,1778014500000,51
2026-05-05 20:56:00+00:00,1508.110275,724.5633,724.5026,724.5474,724.5474,724.5,1778014560000,22
2026-05-05 20:57:00+00:00,1945.71587,724.8839,724.5,724.67,724.72,724.48,1778014620000,51
2026-05-05 20:58:00+00:00,3020.201277,724.6944,724.67,724.5978,724.67,724.5978,1778014680000,56
2026-05-05 20:59:00+00:00,2351.428371,724.7257,724.62,724.59,724.63,724.59,1778014740000,31
2026-05-05 21:01:00+00:00,445.084187,724.7249,724.57,724.6,724.6,724.57,1778014860000,15
2026-05-05 21:02:00+00:00,1786.981771,725.0663,724.61,724.7,724.71,724.61,1778014920000,46
2026-05-05 21:03:00+00:00,9802.866061,724.8018,724.71,724.8,724.8487,724.7,1778014980000,52
2026-05-05 21:04:00+00:00,378.463253,725.6848,724.8,724.79,724.84,724.79,1778015040000,17
2026-05-05 21:05:00+00:00,93.434742,728.1617,724.75,724.75,724.75,724.75,1778015100000,13
2026-05-05 21:06:00+00:00,948.822889,725.4433,724.81,724.85,724.85,724.81,1778015160000,22
2026-05-05 21:08:00+00:00,4378.881962,725.0028,724.83,724.83,724.88,724.83,1778015280000,30
2026-05-05 21:09:00+00:00,13831.098387,724.8567,724.86,724.86,724.86,724.8499,1778015340000,46
2026-05-05 21:10:00+00:00,691335.799314,723.7717,724.9439,724.96,724.96,724.9439,1778015400000,28
2026-05-05 21:11:00+00:00,1629.704383,725.2385,724.85,725.03,725.03,724.84,1778015460000,50
2026-05-05 21:12:00+00:00,1933.458484,725.1312,724.98,724.99,724.99,724.87,1778015520000,43
2026-05-05 21:14:00+00:00,7204.612943,725.0564,724.93,725.0,725.0,724.93,1778015640000,37
2026-05-05 21:15:00+00:00,2687.822048,725.2065,725.0,724.9648,725.02,724.9,1778015700000,39
2026-05-05 21:16:00+00:00,1005.633823,725.3837,724.94,724.88,724.94,724.88,1778015760000,29
2026-05-05 21:17:00+00:00,203.579221,727.0079,724.94,724.94,724.94,724.94,1778015820000,11
2026-05-05 21:18:00+00:00,1176.37341,725.2169,724.98,724.99,724.99,724.98,1778015880000,20
2026-05-05 21:19:00+00:00,716.878032,725.8881,724.99,725.0001,725.0001,724.99,1778015940000,18
2026-05-05 21:20:00+00:00,1437.33669,725.1583,725.0023,724.93,725.0023,724.93,1778016000000,27
2026-05-05 21:21:00+00:00,1153.037302,724.9887,724.9385,724.96,725.01,724.9385,1778016060000,27
2026-05-05 21:22:00+00:00,427.852001,726.442,725.02,725.0275,725.0275,724.96,1778016120000,23
2026-05-05 21:23:00+00:00,428.407678,725.6847,724.99,725.0,725.0,724.99,1778016180000,12
2026-05-05 21:24:00+00:00,942.850522,725.6378,725.0,724.9503,725.0,724.9503,1778016240000,19
2026-05-05 21:26:00+00:00,53.298589,729.0468,724.96,724.96,724.96,724.96,1778016360000,9
2026-05-05 21:27:00+00:00,1736.270117,725.0446,724.96,724.88,724.96,724.88,1778016420000,35
2026-05-05 21:28:00+00:00,1301.015835,724.9154,724.88,724.98,724.98,724.88,1778016480000,23
2026-05-05 21:29:00+00:00,188.813292,728.0498,724.92,724.92,724.92,724.92,1778016540000,23
2026-05-05 21:34:00+00:00,1230.499692,725.1469,724.88,724.8879,724.8879,724.84,1778016840000,16
2026-05-05 21:35:00+00:00,296.806869,726.8389,724.87,724.8404,724.87,724.8404,1778016900000,16
2026-05-05 21:36:00+00:00,624.531108,725.4578,724.84,724.84,724.84,724.84,1778016960000,22
2026-05-05 21:37:00+00:00,487.323574,725.2781,724.8,724.79,724.8,724.79,1778017020000,27
2026-05-05 21:38:00+00:00,946.26746,724.9514,724.75,724.75,724.75,724.71,1778017080000,29
2026-05-05 21:39:00+00:00,80.389553,728.2695,724.75,724.75,724.75,724.75,1778017140000,17
2026-05-05 21:40:00+00:00,450.873764,726.1263,724.72,724.73,724.73,724.72,1778017200000,18
2026-05-05 21:41:00+00:00,500.199493,725.0222,724.74,724.73,724.74,724.73,1778017260000,9
2026-05-05 21:42:00+00:00,130.653102,728.3709,724.73,724.73,724.73,724.73,1778017320000,17
2026-05-05 21:43:00+00:00,1043.259971,724.9225,724.74,724.75,724.75,724.73,1778017380000,26
2026-05-05 21:44:00+00:00,558.092263,724.9048,724.79,724.79,724.79,724.79,1778017440000,13
2026-05-05 21:45:00+00:00,2774.426274,724.9487,724.79,724.76,724.93,724.76,1778017500000,75
2026-05-05 21:46:00+00:00,1533.486669,725.0621,724.75,724.78,724.92,724.75,1778017560000,66
2026-05-05 21:47:00+00:00,1096.081598,724.8645,724.78,724.79,724.89,724.78,1778017620000,37
2026-05-05 21:48:00+00:00,404.401794,725.5026,724.79,724.78,724.79,724.78,1778017680000,23
2026-05-05 21:49:00+00:00,504.36077,725.2147,724.74,724.66,724.74,724.64,1778017740000,28
2026-05-05 21:50:00+00:00,154.161048,725.4368,724.67,724.67,724.67,724.67,1778017800000,11
2026-05-05 21:51:00+00:00,1059.94926,725.4527,724.69,724.78,724.84,724.68,1778017860000,32
2026-05-05 21:52:00+00:00,712.626516,725.3775,724.77,724.65,724.78,724.64,1778017920000,26
2026-05-05 21:53:00+00:00,411.74434,726.0429,724.64,724.64,724.64,724.64,1778017980000,47
2026-05-05 21:54:00+00:00,1643.767626,725.1247,724.68,724.81,724.81,724.68,1778018040000,61
2026-05-05 21:55:00+00:00,4783.28118,724.8746,724.84,724.78,724.88,724.78,1778018100000,18
2026-05-05 21:56:00+00:00,56.60621,732.701,724.858,724.858,724.858,724.858,1778018160000,11
2026-05-05 21:57:00+00:00,701.064409,724.8928,724.75,724.8639,724.8639,724.75,1778018220000,26
2026-05-05 21:58:00+00:00,3215.608185,725.022,724.87,724.9,724.9,724.87,1778018280000,52
2026-05-05 21:59:00+00:00,299.558106,726.2021,724.83,724.84,724.84,724.83,1778018340000,23
2026-05-05 22:00:00+00:00,18324.457519,724.7226,724.92,724.57,725.02,724.47,1778018400000,264
2026-05-05 22:01:00+00:00,4558.901022,724.6886,724.54,724.66,724.67,724.53,1778018460000,88
2026-05-05 22:02:00+00:00,4234.359043,724.6884,724.66,724.6686,724.69,724.6,1778018520000,76
2026-05-05 22:03:00+00:00,2735.432101,724.7758,724.64,724.66,724.69,724.64,1778018580000,52
2026-05-05 22:04:00+00:00,1187.875246,725.1792,724.61,724.58,724.66,724.58,1778018640000,28
2026-05-05 22:05:00+00:00,738.299236,724.9619,724.67,724.69,724.7116,724.61,1778018700000,25
2026-05-05 22:06:00+00:00,963.15055,724.7892,724.76,724.63,724.76,724.63,1778018760000,37
2026-05-05 22:07:00+00:00,1515.062593,724.6945,724.68,724.66,724.68,724.6158,1778018820000,32
2026-05-05 22:09:00+00:00,3452.254412,724.7382,724.69,724.69,724.7,724.68,1778018940000,51
2026-05-05 22:10:00+00:00,1456.327575,724.7999,724.67,724.63,724.7,724.62,1778019000000,24
2026-05-05 22:11:00+00:00,326.06809,724.7378,724.54,724.54,724.54,724.54,1778019060000,33
2026-05-05 22:12:00+00:00,291.464399,725.6867,724.52,724.52,724.52,724.52,1778019120000,20
2026-05-05 22:13:00+00:00,168.614127,727.1525,724.5,724.5,724.5,724.5,1778019180000,33
2026-05-05 22:14:00+00:00,86.786615,731.175,724.5561,724.5561,724.5561,724.5561,1778019240000,7
2026-05-05 22:15:00+00:00,420.018848,724.4761,724.51,724.4,724.51,724.4,1778019300000,38
2026-05-05 22:16:00+00:00,144.916921,729.0394,724.4237,724.4237,724.4237,724.4237,1778019360000,9
2026-05-05 22:17:00+00:00,2311.094479,724.4821,724.45,724.46,724.46,724.45,1778019420000,61
2026-05-05 22:18:00+00:00,644.336969,724.8778,724.5,724.5,724.5,724.5,1778019480000,18
2026-05-05 22:19:00+00:00,160.253312,725.6399,724.48,724.5,724.5,724.48,1778019540000,10
2026-05-05 22:20:00+00:00,746.497646,725.01,724.45,724.58,724.58,724.45,1778019600000,28
2026-05-05 22:22:00+00:00,1372.575705,724.8635,724.54,724.61,724.61,724.53,1778019720000,39
2026-05-05 22:23:00+00:00,2091.447657,724.7079,724.56,724.57,724.57,724.55,1778019780000,21
2026-05-05 22:24:00+00:00,191.837499,727.8095,724.6596,724.6596,724.6596,724.6596,1778019840000,25
2026-05-05 22:25:00+00:00,601.768751,725.5716,724.6844,724.6248,724.6844,724.604,1778019900000,19
2026-05-05 22:26:00+00:00,841.248791,724.8007,724.6144,724.58,724.63,724.58,1778019960000,33
2026-05-05 22:27:00+00:00,1490.014059,724.5877,724.63,724.5717,724.63,724.5717,1778020020000,20
2026-05-05 22:28:00+00:00,1154.882849,725.1695,724.6,724.64,724.64,724.6,1778020080000,47
2026-05-05 22:29:00+00:00,197.093999,724.9766,724.63,724.63,724.63,724.63,1778020140000,13
2026-05-05 22:30:00+00:00,554.534433,725.3673,724.68,724.7204,724.7204,724.64,1778020200000,23
2026-05-05 22:31:00+00:00,601.107817,724.8776,724.74,724.75,724.75,724.74,1778020260000,26
2026-05-05 22:32:00+00:00,1155.062198,724.8107,724.76,724.7375,724.78,724.7375,1778020320000,30
2026-05-05 22:33:00+00:00,152.839511,728.7616,724.75,724.75,724.75,724.75,1778020380000,11
2026-05-05 22:34:00+00:00,209.299015,725.7623,724.73,724.7,724.73,724.7,1778020440000,11
2026-05-05 22:35:00+00:00,369.596798,725.9076,724.7,724.78,724.78,724.7,1778020500000,23
2026-05-05 22:36:00+00:00,145.88674,729.203,724.7799,724.7799,724.7799,724.7799,1778020560000,21
2026-05-05 22:37:00+00:00,240.021382,724.8891,724.82,724.82,724.82,724.82,1778020620000,30
2026-05-05 22:38:00+00:00,395.080326,725.0194,724.82,724.86,724.89,724.82,1778020680000,26
2026-05-05 22:39:00+00:00,1557.049926,724.9332,724.905,724.91,724.9285,724.905,1778020740000,31
2026-05-05 22:40:00+00:00,1888.517987,725.163,724.94,724.961,724.99,724.94,1778020800000,37
2026-05-05 22:41:00+00:00,464.52381,725.7886,725.0,724.89,725.0,724.89,1778020860000,32
2026-05-05 22:42:00+00:00,575.421231,725.4487,724.92,724.911,724.92,724.911,1778020920000,21
2026-05-05 22:43:00+00:00,489.532988,725.722,724.94,724.91,724.94,724.91,1778020980000,14
2026-05-05 22:44:00+00:00,219.05246,725.0891,724.911,724.9125,724.9125,724.911,1778021040000,18
2026-05-05 22:45:00+00:00,1274.201282,725.1059,724.93,725.0,725.0,724.93,1778021100000,27
2026-05-05 22:46:00+00:00,177.722583,727.9125,724.98,724.92,724.98,724.92,1778021160000,17
2026-05-05 22:47:00+00:00,162.40532,726.7431,724.93,724.93,724.93,724.93,1778021220000,14
2026-05-05 22:48:00+00:00,48.30881,729.5688,724.9,724.9,724.9,724.9,1778021280000,13
2026-05-05 22:49:00+00:00,214.102365,725.263,724.92,724.91,724.92,724.91,1778021340000,15
2026-05-05 22:50:00+00:00,1528.613991,725.2769,724.96,724.96,725.0,724.96,1778021400000,33
2026-05-05 22:51:00+00:00,185.219803,725.8253,724.97,724.96,724.97,724.96,1778021460000,10
2026-05-05 22:52:00+00:00,129387.482195,725.8924,725.0,726.5882,727.07,724.9999,1778021520000,1186
2026-05-05 22:53:00+00:00,13513.814358,726.2579,726.74,725.78,726.76,725.75,1778021580000,258
2026-05-05 22:54:00+00:00,4002.911698,726.121,725.74,726.25,726.25,725.66,1778021640000,126
2026-05-05 22:55:00+00:00,12369.733061,726.6636,726.43,726.84,726.84,726.37,1778021700000,185
2026-05-05 22:56:00+00:00,8884.203761,726.7538,726.85,726.71,726.85,726.6515,1778021760000,156
2026-05-05 22:57:00+00:00,2904.844875,726.8993,726.7581,726.53,726.79,726.46,1778021820000,98
2026-05-05 22:58:00+00:00,5547.403499,726.7044,726.7,726.5217,726.7,726.51,1778021880000,45
2026-05-05 22:59:00+00:00,924.181763,726.7033,726.56,726.69,726.71,726.45,1778021940000,70
2026-05-05 23:00:00+00:00,345.252169,727.2566,726.68,726.7589,726.7589,726.68,1778022000000,44
2026-05-05 23:01:00+00:00,846.19474,726.6125,726.42,726.5,726.5,726.39,1778022060000,60
2026-05-05 23:02:00+00:00,1914.546779,726.6032,726.5,726.27,726.5576,726.27,1778022120000,51
2026-05-05 23:03:00+00:00,1143.255384,726.5731,726.3,726.45,726.45,726.3,1778022180000,39
2026-05-05 23:04:00+00:00,323.078855,726.622,726.38,726.5711,726.5711,726.38,1778022240000,30
2026-05-05 23:05:00+00:00,548.084637,726.655,726.63,726.403,726.64,726.403,1778022300000,52
2026-05-05 23:06:00+00:00,6989.867078,726.4934,726.49,726.46,726.49,726.39,1778022360000,72
2026-05-05 23:07:00+00:00,950.440812,726.7597,726.41,726.47,726.47,726.4,1778022420000,38
2026-05-05 23:08:00+00:00,607.844825,727.4809,726.47,726.47,726.47,726.47,1778022480000,30
2026-05-05 23:09:00+00:00,2576.692642,726.6652,726.46,726.5,726.5,726.46,1778022540000,42
2026-05-05 23:10:00+00:00,1257.582597,727.0277,726.58,726.78,726.78,726.58,1778022600000,37
2026-05-05 23:11:00+00:00,751.059776,726.749,726.67,726.68,726.76,726.67,1778022660000,23
2026-05-05 23:12:00+00:00,1770.354795,726.9104,726.65,726.82,726.82,726.65,1778022720000,48
2026-05-05 23:13:00+00:00,291.130616,727.1725,726.88,726.825,726.88,726.825,1778022780000,23
2026-05-05 23:14:00+00:00,1834.114171,726.9304,726.85,726.9,726.9,726.8459,1778022840000,36
2026-05-05 23:15:00+00:00,2451.236667,726.8832,726.92,726.8,726.92,726.77,1778022900000,69
2026-05-05 23:16:00+00:00,493.215902,727.1093,726.79,726.73,726.82,726.73,1778022960000,22
2026-05-05 23:17:00+00:00,5535.224301,726.7602,726.75,726.68,726.76,726.68,1778023020000,40
2026-05-05 23:18:00+00:00,1342.131441,726.841,726.7,726.8,726.8,726.7,1778023080000,30
2026-05-05 23:19:00+00:00,5608.023075,726.7182,726.8,726.67,726.8,726.67,1778023140000,70
2026-05-05 23:20:00+00:00,5679.065321,726.7399,726.7253,726.73,726.75,726.7253,1778023200000,30
2026-05-05 23:21:00+00:00,502.461687,727.3613,726.7,726.7,726.7,726.6691,1778023260000,25
2026-05-05 23:22:00+00:00,163.024339,726.9234,726.86,726.86,726.86,726.86,1778023320000,35
2026-05-05 23:23:00+00:00,471.365663,727.0903,726.5,726.5,726.5,726.5,1778023380000,40
2026-05-05 23:24:00+00:00,711.025179,726.529,726.518,726.5,726.518,726.48,1778023440000,23
2026-05-05 23:25:00+00:00,3197.598879,726.6015,726.46,726.5,726.5,726.45,1778023500000,58
2026-05-05 23:26:00+00:00,1330.736823,726.8269,726.43,726.429,726.46,726.41,1778023560000,38
2026-05-05 23:27:00+00:00,1537.068783,726.4225,726.37,726.4,726.4,726.37,1778023620000,23
2026-05-05 23:28:00+00:00,5473.592329,726.4714,726.4,726.4,726.4022,726.37,1778023680000,50
2026-05-05 23:30:00+00:00,751.736619,727.1099,726.4198,726.48,726.48,726.37,1778023800000,34
2026-05-05 23:31:00+00:00,643.336803,726.8566,726.48,726.47,726.5,726.47,1778023860000,24
2026-05-05 23:32:00+00:00,1154.038909,726.5509,726.49,726.53,726.63,726.47,1778023920000,42
2026-05-05 23:33:00+00:00,1348.250312,726.698,726.55,726.58,726.62,726.54,1778023980000,36
2026-05-05 23:34:00+00:00,1181.225824,726.7015,726.54,726.55,726.58,726.54,1778024040000,32
2026-05-05 23:35:00+00:00,1144.520474,726.889,726.56,726.53,726.6,726.53,1778024100000,35
2026-05-05 23:36:00+00:00,289.831752,728.6416,726.54,726.5665,726.5665,726.54,1778024160000,27
2026-05-05 23:37:00+00:00,1945.379801,726.7244,726.6,726.54,726.61,726.54,1778024220000,50
2026-05-05 23:38:00+00:00,404.801242,728.0294,726.55,726.6,726.6,726.55,1778024280000,10
2026-05-05 23:39:00+00:00,505.92169,727.8022,726.47,726.5022,726.5022,726.43,1778024340000,29
2026-05-05 23:40:00+00:00,322.152431,726.8089,726.4891,726.4699,726.4891,726.4699,1778024400000,16
2026-05-05 23:41:00+00:00,595.456731,727.0811,726.4908,726.52,726.5505,726.4908,1778024460000,28
2026-05-05 23:42:00+00:00,112.48084,729.6691,726.551,726.551,726.551,726.551,1778024520000,16
2026-05-05 23:43:00+00:00,334.146437,726.8723,726.54,726.54,726.58,726.54,1778024580000,14
2026-05-05 23:44:00+00:00,666.349162,726.8801,726.49,726.48,726.5,726.48,1778024640000,40
2026-05-05 23:45:00+00:00,3717.10157,726.4167,726.38,726.47,726.47,726.37,1778024700000,49
2026-05-05 23:46:00+00:00,249.155332,726.8991,726.44,726.45,726.45,726.44,1778024760000,14
2026-05-05 23:47:00+00:00,892.305158,726.7286,726.45,726.51,726.51,726.431,1778024820000,25
2026-05-05 23:48:00+00:00,615.9853,727.6252,726.457,726.45,726.457,726.45,1778024880000,19
2026-05-05 23:49:00+00:00,202.399082,727.989,726.58,726.52,726.58,726.52,1778024940000,13
2026-05-05 23:50:00+00:00,169.497202,728.6205,726.48,726.48,726.48,726.48,1778025000000,21
2026-05-05 23:51:00+00:00,179.755328,729.5583,726.47,726.47,726.47,726.47,1778025060000,23
2026-05-05 23:52:00+00:00,87.708801,732.347,726.4,726.4,726.4,726.4,1778025120000,30
2026-05-05 23:53:00+00:00,591.304625,726.7961,726.42,726.42,726.42,726.42,1778025180000,12
2026-05-05 23:54:00+00:00,4131.80629,726.5664,726.41,726.47,726.47,726.38,1778025240000,32
2026-05-05 23:55:00+00:00,977.673285,726.8717,726.42,726.3917,726.42,726.34,1778025300000,38
2026-05-05 23:56:00+00:00,1702.428759,726.6106,726.4003,726.5,726.5,726.4003,1778025360000,19
2026-05-05 23:57:00+00:00,2954.144408,726.4829,726.45,726.44,726.46,726.44,1778025420000,43
2026-05-05 23:58:00+00:00,1508.636273,726.7295,726.44,726.44,726.44,726.41,1778025480000,29
2026-05-05 23:59:00+00:00,1080.611953,726.8461,726.42,726.46,726.46,726.4,1778025540000,30
2026-05-06 08:00:00+00:00,7993.324537,725.4027,725.16,726.21,726.31,725.16,1778054400000,741
2026-05-06 08:01:00+00:00,7659.024757,726.0108,725.9,725.88,726.35,725.85,1778054460000,227
2026-05-06 08:02:00+00:00,33314.009307,726.1074,725.87,726.11,726.54,725.64,1778054520000,931
2026-05-06 08:03:00+00:00,698.024733,726.0395,726.02,725.99,726.02,725.98,1778054580000,29
2026-05-06 08:04:00+00:00,397.751246,727.3808,726.0,725.99,726.03,725.99,1778054640000,17
2026-05-06 08:05:00+00:00,574.312216,726.4016,725.97,726.02,726.05,725.97,1778054700000,25
2026-05-06 08:06:00+00:00,693.018535,726.0568,726.03,726.11,726.13,726.0,1778054760000,20
2026-05-06 08:07:00+00:00,723.010312,726.1685,726.08,726.19,726.2,726.08,1778054820000,35
2026-05-06 08:08:00+00:00,6467.008233,725.9626,725.94,725.99,726.21,725.65,1778054880000,62
2026-05-06 08:09:00+00:00,3736.025483,726.1366,726.2,726.08,726.2,726.04,1778054940000,70
2026-05-06 08:10:00+00:00,1704.054753,726.1483,726.06,726.11,726.26,726.05,1778055000000,46
2026-05-06 08:11:00+00:00,411.020019,726.0473,726.07,726.07,726.07,725.9541,1778055060000,24
2026-05-06 08:12:00+00:00,564.037644,726.0326,726.03,725.95,726.03,725.95,1778055120000,26
2026-05-06 08:13:00+00:00,81.073613,726.5953,725.89,725.89,725.89,725.89,1778055180000,21
2026-05-06 08:14:00+00:00,1082.013531,726.0673,726.03,726.0,726.07,726.0,1778055240000,17
2026-05-06 08:15:00+00:00,422.17313,726.1989,725.94,725.87,725.94,725.87,1778055300000,28
2026-05-06 08:16:00+00:00,69.038071,726.2614,725.86,725.86,725.86,725.86,1778055360000,9
2026-05-06 08:17:00+00:00,387.013918,725.9671,725.96,726.02,726.02,725.8935,1778055420000,17
2026-05-06 08:18:00+00:00,490.419658,726.5628,725.98,725.88,725.98,725.88,1778055480000,21
2026-05-06 08:19:00+00:00,426.009944,725.8649,725.85,725.86,725.86,725.84,1778055540000,17
2026-05-06 08:20:00+00:00,1207.206215,725.8682,725.8,725.75,725.8,725.7,1778055600000,48
2026-05-06 08:21:00+00:00,128.639684,729.3204,725.69,725.69,725.69,725.69,1778055660000,8
2026-05-06 08:22:00+00:00,354.189002,726.0969,725.71,725.69,725.71,725.69,1778055720000,14
2026-05-06 08:23:00+00:00,2096.141378,725.749,725.7,725.7,725.7,725.7,1778055780000,18
2026-05-06 08:24:00+00:00,346.008113,725.8117,725.78,725.83,725.83,725.77,1778055840000,14
2026-05-06 08:25:00+00:00,228.553982,727.5759,725.8,725.84,725.84,725.8,1778055900000,20
2026-05-06 08:26:00+00:00,136.009311,725.8782,725.83,725.83,725.83,725.83,1778055960000,14
2026-05-06 08:27:00+00:00,546.015733,725.8636,725.83,725.86,725.86,725.83,1778056020000,15
2026-05-06 08:28:00+00:00,263.011612,725.8499,725.87,725.8,725.87,725.8,1778056080000,11
2026-05-06 08:29:00+00:00,709.268082,726.1158,725.86,725.82,725.86,725.82,1778056140000,12
2026-05-06 08:30:00+00:00,227.045309,725.9675,725.82,725.82,725.82,725.82,1778056200000,12
2026-05-06 08:31:00+00:00,195.008196,725.9081,725.85,725.89,725.89,725.85,1778056260000,15
2026-05-06 08:32:00+00:00,270.032851,725.8673,725.76,725.8,725.8,725.76,1778056320000,23
2026-05-06 08:33:00+00:00,225.068439,726.1237,725.84,725.94,725.95,725.84,1778056380000,16
2026-05-06 08:34:00+00:00,1501.012395,725.9768,725.96,725.93,725.99,725.93,1778056440000,27
2026-05-06 08:35:00+00:00,802.184542,726.1918,725.9448,726.01,726.05,725.9448,1778056500000,26
2026-05-06 08:36:00+00:00,709.018577,725.9844,725.95,726.07,726.07,725.92,1778056560000,21
2026-05-06 08:37:00+00:00,216.006209,726.1172,726.1,726.09,726.1,726.09,1778056620000,14
2026-05-06 08:38:00+00:00,2580.010287,726.0147,726.05,726.07,726.07,726.0,1778056680000,32
2026-05-06 08:39:00+00:00,203.002052,726.0251,726.01,726.0,726.04,726.0,1778056740000,5
2026-05-06 08:41:00+00:00,253.00413,726.0575,726.03,726.06,726.06,726.03,1778056860000,13
2026-05-06 08:42:00+00:00,128.004144,726.1688,726.15,726.14,726.15,726.14,1778056920000,8
2026-05-06 08:43:00+00:00,652.004116,726.1548,726.16,726.15,726.19,726.14,1778056980000,12
2026-05-06 08:44:00+00:00,89.006169,726.1674,726.12,726.12,726.12,726.12,1778057040000,8
2026-05-06 08:45:00+00:00,177.012362,726.1992,726.12,726.17,726.17,726.12,1778057100000,16
2026-05-06 08:46:00+00:00,1915.923611,726.629,726.26,726.35,726.36,726.26,1778057160000,33
2026-05-06 08:47:00+00:00,470.050983,726.3068,726.24,726.24,726.24,726.21,1778057220000,19
2026-05-06 08:48:00+00:00,167.54,728.5612,726.22,726.22,726.22,726.22,1778057280000,5
2026-05-06 08:49:00+00:00,539.006209,726.2784,726.22,726.29,726.29,726.22,1778057340000,12
2026-05-06 08:50:00+00:00,45284.49943,726.8701,726.46,727.73,727.91,726.46,1778057400000,774
2026-05-06 08:51:00+00:00,3106.1402,727.7434,727.58,727.43,727.97,727.39,1778057460000,136
2026-05-06 08:52:00+00:00,4426.141195,728.0579,727.33,728.21,728.28,727.33,1778057520000,188
2026-05-06 08:53:00+00:00,6443.342362,728.15,728.13,727.98,728.34,727.98,1778057580000,113
2026-05-06 08:54:00+00:00,4484.13309,728.5717,728.19,728.65,728.72,728.19,1778057640000,131
2026-05-06 08:55:00+00:00,3518.517744,729.0846,728.42,729.24,729.31,728.42,1778057700000,156
2026-05-06 08:56:00+00:00,15958.470126,728.9962,729.09,728.89,729.29,728.83,1778057760000,189
2026-05-06 08:57:00+00:00,3787.087523,728.8329,728.9,728.68,729.0,728.68,1778057820000,125
2026-05-06 08:58:00+00:00,3612.052777,728.6516,728.69,728.62,728.84,728.61,1778057880000,65
2026-05-06 08:59:00+00:00,308.029483,728.7594,728.71,728.74,728.74,728.71,1778057940000,39
2026-05-06 09:00:00+00:00,1431.952131,729.2079,728.56,728.64,729.01,728.56,1778058000000,102
2026-05-06 09:01:00+00:00,4492.057122,728.4936,728.56,728.38,728.57,728.36,1778058060000,95
2026-05-06 09:02:00+00:00,4873.055498,728.1639,728.31,728.08,728.31,728.0,1778058120000,93
2026-05-06 09:03:00+00:00,1070.085139,727.9398,728.05,727.65,728.05,727.65,1778058180000,60
2026-05-06 09:04:00+00:00,6901.985937,727.7895,727.65,727.71,727.82,727.61,1778058240000,94
2026-05-06 09:05:00+00:00,301.069843,727.8263,727.58,727.7,727.77,727.58,1778058300000,61
2026-05-06 09:06:00+00:00,895.525549,727.9838,727.51,727.63,727.63,727.49,1778058360000,42
2026-05-06 09:07:00+00:00,495.025926,727.6809,727.66,727.65,727.66,727.58,1778058420000,28
2026-05-06 09:08:00+00:00,648.025459,727.6995,727.68,727.65,727.69,727.65,1778058480000,27
2026-05-06 09:09:00+00:00,557.045598,727.6828,727.66,727.58,727.66,727.58,1778058540000,40
2026-05-06 09:10:00+00:00,310.044321,727.7515,727.48,727.715,727.715,727.48,1778058600000,35
2026-05-06 09:11:00+00:00,133.409296,729.9677,727.75,727.75,727.75,727.75,1778058660000,22
2026-05-06 09:12:00+00:00,1106.309225,728.0709,727.73,727.9,728.04,727.71,1778058720000,55
2026-05-06 09:13:00+00:00,280.173632,728.4074,727.9,728.0,728.0,727.9,1778058780000,34
2026-05-06 09:14:00+00:00,236.153388,728.4783,727.93,728.01,728.02,727.93,1778058840000,18
2026-05-06 09:15:00+00:00,3563.139625,728.2133,728.09,728.28,728.28,728.08,1778058900000,46
2026-05-06 09:16:00+00:00,1015.031857,728.3522,728.29,728.42,728.42,728.29,1778058960000,48
2026-05-06 09:17:00+00:00,867.108199,728.5618,728.41,728.53,728.54,728.41,1778059020000,39
2026-05-06 09:18:00+00:00,4383.026323,728.5092,728.5,728.52,728.54,728.47,1778059080000,64
2026-05-06 09:19:00+00:00,1384.076021,728.5897,728.43,728.57,728.6,728.43,1778059140000,32
2026-05-06 09:20:00+00:00,3570.052611,728.5339,728.5,728.43,728.73,728.43,1778059200000,81
2026-05-06 09:21:00+00:00,2295.0922,728.4727,728.6,728.5,728.6,728.38,1778059260000,85
2026-05-06 09:22:00+00:00,2715.044506,728.4175,728.46,728.38,728.53,728.38,1778059320000,44
2026-05-06 09:23:00+00:00,1593.026353,728.4175,728.33,728.44,728.44,728.33,1778059380000,38
2026-05-06 09:24:00+00:00,331.582874,729.5644,728.32,728.28,728.32,728.24,1778059440000,23
2026-05-06 09:25:00+00:00,2867.712451,728.4772,728.31,728.22,728.31,728.22,1778059500000,28
2026-05-06 09:26:00+00:00,1537.023199,728.2864,728.28,728.24,728.3,728.24,1778059560000,26
2026-05-06 09:27:00+00:00,227.02866,728.4126,728.3,728.3,728.3,728.3,1778059620000,31
2026-05-06 09:28:00+00:00,443.043845,728.5059,728.48,728.43,728.48,728.43,1778059680000,23
2026-05-06 09:30:00+00:00,1694.062339,728.4134,728.35,728.39,728.39,728.35,1778059800000,33
2026-05-06 09:31:00+00:00,677.02435,728.3169,728.29,728.29,728.29,728.29,1778059860000,20
2026-05-06 09:32:00+00:00,11321.493764,728.8486,728.33,728.85,728.95,728.33,1778059920000,213
2026-05-06 09:33:00+00:00,616.681381,729.792,728.97,728.97,729.01,728.97,1778059980000,51
2026-05-06 09:34:00+00:00,456.028659,729.1444,729.1,729.08,729.11,729.08,1778060040000,24
2026-05-06 09:35:00+00:00,273.059751,729.1821,729.05,728.98,729.05,728.98,1778060100000,34
2026-05-06 09:36:00+00:00,4879.063217,729.0452,728.95,729.03,729.1,728.95,1778060160000,103
2026-05-06 09:37:00+00:00,2166.084714,729.0459,729.0,729.01,729.04,729.0,1778060220000,40
2026-05-06 09:38:00+00:00,4467.046193,728.9402,728.92,728.88,729.0,728.87,1778060280000,84
2026-05-06 09:39:00+00:00,326.021572,729.0601,728.96,729.08,729.09,728.96,1778060340000,22
2026-05-06 09:40:00+00:00,919.172102,729.2466,729.17,729.17,729.18,729.08,1778060400000,44
2026-05-06 09:41:00+00:00,1544.014082,729.1232,729.16,729.11,729.17,729.09,1778060460000,28
2026-05-06 09:42:00+00:00,369.035679,729.1202,729.1,728.93,729.14,728.93,1778060520000,27
2026-05-06 09:43:00+00:00,184.036773,729.296,729.13,729.13,729.13,729.13,1778060580000,30
2026-05-06 09:44:00+00:00,2218.045296,729.1702,729.11,729.17,729.25,729.1,1778060640000,61
2026-05-06 09:45:00+00:00,1072.386349,729.2053,729.02,728.9,729.03,728.88,1778060700000,52
2026-05-06 09:46:00+00:00,508.305437,729.304,728.91,728.76,728.91,728.76,1778060760000,33
2026-05-06 09:47:00+00:00,1989.00786,728.8551,728.84,728.83,728.88,728.83,1778060820000,37
2026-05-06 09:48:00+00:00,371.256233,729.3824,728.89,728.85,728.89,728.85,1778060880000,20
2026-05-06 09:49:00+00:00,613.503035,729.5501,728.97,728.96,728.99,728.95,1778060940000,27
2026-05-06 09:50:00+00:00,566.05282,728.8923,728.82,728.8,728.82,728.79,1778061000000,42
2026-05-06 09:52:00+00:00,1658.208165,729.1725,729.06,729.15,729.15,729.03,1778061120000,53
2026-05-06 09:53:00+00:00,1331.008186,729.1093,729.0843,729.15,729.15,729.055,1778061180000,32
2026-05-06 09:54:00+00:00,509.014314,729.1471,729.07,729.17,729.18,729.07,1778061240000,25
2026-05-06 09:55:00+00:00,1139.686101,729.7186,729.26,729.29,729.3,729.22,1778061300000,48
2026-05-06 09:56:00+00:00,385.018383,729.2998,729.26,729.24,729.26,729.24,1778061360000,34
2026-05-06 09:57:00+00:00,288.791533,731.3691,729.36,729.36,729.37,729.36,1778061420000,27
2026-05-06 09:58:00+00:00,971.912449,729.9895,729.34,729.28,729.34,729.24,1778061480000,36
2026-05-06 09:59:00+00:00,1359.02413,729.289,729.32,729.3,729.34,729.24,1778061540000,35
2026-05-06 10:00:00+00:00,23875.090983,729.4175,729.3479,729.39,729.54,729.22,1778061600000,228
2026-05-06 10:01:00+00:00,1199.028328,729.533,729.47,729.6,729.61,729.44,1778061660000,48
2026-05-06 10:02:00+00:00,2139.762926,729.9861,729.76,729.64,729.8,729.57,1778061720000,93
2026-05-06 10:03:00+00:00,1112.412075,729.7996,729.54,729.53,729.57,729.46,1778061780000,41
2026-05-06 10:04:00+00:00,340.028502,729.5631,729.43,729.57,729.57,729.43,1778061840000,38
2026-05-06 10:05:00+00:00,753.974369,730.4218,729.5,729.42,729.51,729.42,1778061900000,28
2026-05-06 10:06:00+00:00,598.043829,729.4858,729.4606,729.44,729.4644,729.38,1778061960000,24
2026-05-06 10:07:00+00:00,814.555728,729.9345,729.44,729.44,729.46,729.43,1778062020000,30
2026-05-06 10:08:00+00:00,704.214793,729.5659,729.44,729.16,729.49,729.16,1778062080000,44
2026-05-06 10:09:00+00:00,670.145621,729.3573,729.15,729.28,729.28,729.15,1778062140000,28
2026-05-06 10:10:00+00:00,348.561632,730.5013,729.3,729.34,729.34,729.3,1778062200000,25
2026-05-06 10:11:00+00:00,212.013926,729.42,729.39,729.39,729.39,729.39,1778062260000,21
2026-05-06 10:12:00+00:00,1121.016368,729.3054,729.25,729.3,729.3,729.25,1778062320000,24
2026-05-06 10:13:00+00:00,286.087207,729.5278,729.31,729.34,729.34,729.28,1778062380000,15
2026-05-06 10:14:00+00:00,391.014969,729.3486,729.3,729.32,729.34,729.2677,1778062440000,26
2026-05-06 10:15:00+00:00,1104.101409,729.4433,729.3,729.43,729.43,729.3,1778062500000,34
2026-05-06 10:16:00+00:00,1475.822928,729.9092,729.48,729.56,729.56,729.48,1778062560000,55
2026-05-06 10:17:00+00:00,273.564153,731.114,729.63,729.62,729.63,729.62,1778062620000,27
2026-05-06 10:18:00+00:00,4179.078836,729.7095,729.71,729.71,729.72,729.6,1778062680000,87
2026-05-06 10:19:00+00:00,513.016644,729.8318,729.8,729.9,729.9,729.73,1778062740000,25
2026-05-06 10:20:00+00:00,1560.038735,729.9544,729.86,729.93,730.0,729.86,1778062800000,91
2026-05-06 10:21:00+00:00,1267.026957,729.8389,729.9,729.7997,729.93,729.77,1778062860000,49
2026-05-06 10:22:00+00:00,995.057638,729.985,729.76,729.98,729.98,729.76,1778062920000,28
2026-05-06 10:23:00+00:00,2339.011381,729.8786,729.94,729.86,729.94,729.82,1778062980000,33
2026-05-06 10:24:00+00:00,2503.011834,729.8316,729.83,729.85,729.86,729.8,1778063040000,48
2026-05-06 10:25:00+00:00,5665.062219,729.7961,729.76,729.86,729.9,729.73,1778063100000,61
2026-05-06 10:26:00+00:00,3334.056801,730.0361,730.0,730.0,730.04,730.0,1778063160000,119
2026-05-06 10:27:00+00:00,3516.060092,730.0474,729.99,729.94,730.09,729.91,1778063220000,67
2026-05-06 10:28:00+00:00,3949.020258,729.8864,729.91,729.8703,729.93,729.82,1778063280000,69
2026-05-06 10:29:00+00:00,4132.603559,730.1964,729.92,730.15,730.23,729.92,1778063340000,80
2026-05-06 10:30:00+00:00,2186.779891,730.5036,730.12,730.21,730.34,730.12,1778063400000,77
2026-05-06 10:31:00+00:00,3224.065914,730.2442,730.24,730.2,730.29,730.2,1778063460000,57
2026-05-06 10:32:00+00:00,2534.218904,730.2199,730.18,730.09,730.18,730.09,1778063520000,38
2026-05-06 10:33:00+00:00,2836.409859,730.3299,730.11,730.36,730.36,730.11,1778063580000,69
2026-05-06 10:34:00+00:00,11280.220768,730.4349,730.36,730.39,730.5,730.29,1778063640000,131
2026-05-06 10:35:00+00:00,2986.762681,730.6023,730.41,730.34,730.44,730.32,1778063700000,56
2026-05-06 10:36:00+00:00,2129.313015,730.3798,730.34,730.21,730.36,730.21,1778063760000,59
2026-05-06 10:37:00+00:00,1296.401036,730.4309,730.19,730.25,730.25,730.1504,1778063820000,35
2026-05-06 10:38:00+00:00,405.15938,730.4813,730.21,730.1896,730.22,730.1896,1778063880000,18
2026-05-06 10:39:00+00:00,1831.290718,730.4153,730.16,730.34,730.34,730.16,1778063940000,36
2026-05-06 10:40:00+00:00,9930.03376,730.4021,730.38,730.48,730.52,730.37,1778064000000,154
2026-05-06 10:41:00+00:00,6664.034185,730.6042,730.51,730.56,730.64,730.51,1778064060000,100
2026-05-06 10:42:00+00:00,3856.050389,730.5858,730.5,730.64,730.72,730.48,1778064120000,91
2026-05-06 10:43:00+00:00,3023.680099,730.9477,730.65,730.71,730.83,730.6403,1778064180000,86
2026-05-06 10:44:00+00:00,6800.028523,730.8077,730.77,730.8,730.86,730.75,1778064240000,85
2026-05-06 10:45:00+00:00,26242.018344,730.924,730.8,730.99,730.99,730.8,1778064300000,278
2026-05-06 10:46:00+00:00,4816.523897,731.0593,730.96,730.89,731.0,730.89,1778064360000,88
2026-05-06 10:47:00+00:00,3251.013844,730.7907,730.81,730.86,730.86,730.76,1778064420000,59
2026-05-06 10:48:00+00:00,7088.033308,730.954,730.85,731.0,731.0,730.85,1778064480000,140
2026-05-06 10:49:00+00:00,12241.255172,730.4333,730.8,730.49,730.8,730.24,1778064540000,169
2026-05-06 10:50:00+00:00,3119.064233,730.6862,730.5,730.92,731.03,730.5,1778064600000,81
2026-05-06 10:51:00+00:00,1878.081154,730.7394,730.89,730.58,730.89,730.58,1778064660000,56
2026-05-06 10:52:00+00:00,155.165889,731.5664,730.85,730.85,730.85,730.85,1778064720000,27
2026-05-06 10:53:00+00:00,23123.054997,731.118,730.74,731.07,731.5,730.74,1778064780000,271
2026-05-06 10:54:00+00:00,8900.066838,731.2168,731.24,731.11,731.35,730.95,1778064840000,139
2026-05-06 10:55:00+00:00,2081.087358,731.2761,731.3,731.1921,731.3,731.15,1778064900000,72
2026-05-06 10:56:00+00:00,8913.095526,731.0262,731.155,730.8,731.31,730.72,1778064960000,162
2026-05-06 10:57:00+00:00,23379.756148,730.9855,730.9,731.15,731.17,730.81,1778065020000,226
2026-05-06 10:58:00+00:00,546.018216,731.0637,731.11,731.0,731.11,731.0,1778065080000,73
2026-05-06 10:59:00+00:00,3763.053257,730.9497,730.94,730.8385,731.01,730.8185,1778065140000,80
2026-05-06 11:00:00+00:00,9066.665545,730.9009,730.82,731.06,731.15,730.68,1778065200000,305
2026-05-06 11:01:00+00:00,5020.775622,731.2752,731.1,731.43,731.48,731.0,1778065260000,154
2026-05-06 11:02:00+00:00,6201.977835,731.2932,731.35,731.13,731.41,731.0,1778065320000,126
2026-05-06 11:03:00+00:00,5869.502075,731.1741,731.06,731.0711,731.2,731.05,1778065380000,113
2026-05-06 11:04:00+00:00,18816.403859,731.2525,731.16,731.2097,731.7,731.06,1778065440000,265
2026-05-06 11:05:00+00:00,7291.007981,731.1923,731.17,731.42,731.42,731.16,1778065500000,110
2026-05-06 11:06:00+00:00,6054.809744,731.5872,731.389,731.43,731.55,731.35,1778065560000,119
2026-05-06 11:07:00+00:00,4108.926482,731.5773,731.4,731.2957,731.53,731.2948,1778065620000,114
2026-05-06 11:08:00+00:00,3516.478066,731.4617,731.26,731.44,731.45,731.26,1778065680000,91
2026-05-06 11:09:00+00:00,5635.102851,731.4714,731.44,731.37,731.52,731.37,1778065740000,101
2026-05-06 11:10:00+00:00,9507.808732,731.6137,731.4,731.51,731.63,731.4,1778065800000,127
2026-05-06 11:11:00+00:00,23309.522391,731.5584,731.53,731.465,731.62,731.34,1778065860000,277
2026-05-06 11:12:00+00:00,28765.530093,731.4233,731.46,731.09,731.5,731.04,1778065920000,301
2026-05-06 11:13:00+00:00,14386.521073,731.1293,731.12,731.24,731.3,731.0,1778065980000,180
2026-05-06 11:14:00+00:00,3285.343919,731.3134,731.2,731.19,731.33,731.17,1778066040000,96
2026-05-06 11:15:00+00:00,1937.632779,731.5084,731.21,731.3,731.35,731.2,1778066100000,89
2026-05-06 11:16:00+00:00,7978.2431,731.3898,731.3126,731.38,731.48,731.31,1778066160000,108
2026-05-06 11:17:00+00:00,2839.436554,731.5127,731.33,731.42,731.4575,731.32,1778066220000,67
2026-05-06 11:18:00+00:00,2464.695872,731.552,731.4008,731.24,731.48,731.24,1778066280000,88
2026-05-06 11:19:00+00:00,25644.316394,731.3267,731.21,731.24,731.44,731.18,1778066340000,234
2026-05-06 11:20:00+00:00,14544.340953,731.1889,731.18,731.13,731.24,731.12,1778066400000,205
2026-05-06 11:21:00+00:00,6982.056156,731.0315,731.06,731.02,731.09,730.99,1778066460000,111
2026-05-06 11:22:00+00:00,4317.590005,731.1042,730.97,731.0074,731.06,730.97,1778066520000,158
2026-05-06 11:23:00+00:00,4329.485487,731.0191,731.04,730.87,731.05,730.8491,1778066580000,123
2026-05-06 11:24:00+00:00,2728.632967,731.0908,730.92,730.9,730.98,730.84,1778066640000,82
2026-05-06 11:25:00+00:00,5086.978121,731.1309,730.98,730.93,731.02,730.93,1778066700000,116
2026-05-06 11:26:00+00:00,2075.553481,731.1232,730.94,730.91,730.9562,730.89,1778066760000,65
2026-05-06 11:27:00+00:00,15847.009594,730.8187,730.92,730.88,730.97,730.79,1778066820000,247
2026-05-06 11:28:00+00:00,2546.500111,730.9253,730.84,730.72,730.8483,730.72,1778066880000,84
2026-05-06 11:29:00+00:00,16768.078862,730.7503,730.7482,730.77,730.85,730.73,1778066940000,175
2026-05-06 11:30:00+00:00,4888.801276,730.8423,730.75,730.59,730.815,730.59,1778067000000,115
2026-05-06 11:31:00+00:00,1861.143961,730.6529,730.57,730.65,730.66,730.56,1778067060000,72
2026-05-06 11:32:00+00:00,13402.43756,730.5123,730.59,730.45,730.59,730.45,1778067120000,177
2026-05-06 11:33:00+00:00,5864.159203,730.6072,730.46,730.52,730.64,730.45,1778067180000,103
2026-05-06 11:34:00+00:00,3742.260713,730.5378,730.44,730.6,730.6,730.431,1778067240000,74
2026-05-06 11:35:00+00:00,1726.361688,730.8264,730.64,730.78,730.78,730.62,1778067300000,70
2026-05-06 11:36:00+00:00,10168.71017,730.8977,730.79,730.85,730.88,730.76,1778067360000,102
2026-05-06 11:37:00+00:00,9783.492258,730.9481,730.8539,730.96,731.02,730.84,1778067420000,145
2026-05-06 11:38:00+00:00,4179.169192,731.054,731.01,730.96,731.09,730.96,1778067480000,102
2026-05-06 11:39:00+00:00,508.923716,732.3934,731.0105,731.069,731.1,731.0105,1778067540000,46
2026-05-06 11:40:00+00:00,2207.647889,731.2036,731.06,730.94,731.09,730.86,1778067600000,87
2026-05-06 11:41:00+00:00,30677.243646,730.5813,730.87,730.87,730.99,730.29,1778067660000,387
2026-05-06 11:42:00+00:00,10505.018115,730.6845,730.82,730.6,730.83,730.57,1778067720000,201
2026-05-06 11:43:00+00:00,12940.896959,730.3768,730.51,730.34,730.51,730.19,1778067780000,217
2026-05-06 11:44:00+00:00,7752.23156,730.1886,730.25,730.1,730.26,730.1,1778067840000,165
2026-05-06 11:45:00+00:00,11583.326155,730.007,730.09,730.0905,730.14,729.85,1778067900000,243
2026-05-06 11:46:00+00:00,8467.246464,729.9249,730.1,729.9,730.15,729.82,1778067960000,118
2026-05-06 11:47:00+00:00,10826.268023,729.9945,730.09,730.15,730.15,729.77,1778068020000,232
2026-05-06 11:48:00+00:00,4965.776865,730.021,730.12,729.74,730.21,729.7,1778068080000,142
2026-05-06 11:49:00+00:00,3610.167784,729.7793,729.8,729.77,729.86,729.7,1778068140000,88
2026-05-06 11:50:00+00:00,4239.171344,729.8363,729.93,729.85,729.93,729.67,1778068200000,123
2026-05-06 11:51:00+00:00,4773.19834,730.0089,729.85,730.09,730.13,729.8312,1778068260000,111
2026-05-06 11:52:00+00:00,4410.432795,730.1452,730.06,730.11,730.165,729.98,1778068320000,102
2026-05-06 11:53:00+00:00,4944.709649,730.2079,730.18,730.23,730.23,729.95,1778068380000,90
2026-05-06 11:54:00+00:00,805.129378,730.3138,730.185,730.2489,730.2489,730.1567,1778068440000,43
2026-05-06 11:55:00+00:00,778.049972,730.2279,730.175,730.17,730.2,730.17,1778068500000,35
2026-05-06 11:56:00+00:00,3713.352407,730.0687,730.175,729.91,730.1756,729.91,1778068560000,87
2026-05-06 11:57:00+00:00,11867.027049,729.8856,729.925,729.97,730.03,729.76,1778068620000,158
2026-05-06 11:58:00+00:00,22266.717947,729.9965,729.97,729.81,730.07,729.81,1778068680000,218
2026-05-06 11:59:00+00:00,2858.006053,729.8316,729.79,729.86,729.905,729.67,1778068740000,110
2026-05-06 12:00:00+00:00,6974.819662,729.916,729.89,729.93,729.95,729.73,1778068800000,130
2026-05-06 12:01:00+00:00,5230.547861,729.8334,729.91,729.5543,729.94,729.5543,1778068860000,117
2026-05-06 12:02:00+00:00,7260.810348,729.6799,729.55,729.63,729.63,729.4606,1778068920000,90
2026-05-06 12:03:00+00:00,20169.493401,729.388,729.52,729.25,729.53,729.11,1778068980000,271
2026-05-06 12:04:00+00:00,8035.914979,729.3401,729.28,729.3,729.34,729.2,1778069040000,149
2026-05-06 12:05:00+00:00,3201.134978,729.3451,729.42,729.33,729.42,729.2,1778069100000,92
2026-05-06 12:06:00+00:00,25092.669832,729.2728,729.3,729.11,729.5,728.78,1778069160000,356
2026-05-06 12:07:00+00:00,4656.276239,729.103,728.99,729.34,729.34,728.97,1778069220000,91
2026-05-06 12:08:00+00:00,7201.36139,729.3238,729.24,729.34,729.35,729.16,1778069280000,101
2026-05-06 12:09:00+00:00,3192.56531,729.4081,729.42,729.15,729.42,729.13,1778069340000,86
2026-05-06 12:10:00+00:00,5147.850543,729.3937,729.13,729.38,729.39,729.13,1778069400000,130
2026-05-06 12:11:00+00:00,11758.989525,729.5524,729.4,729.6,729.63,729.4,1778069460000,165
2026-05-06 12:12:00+00:00,16468.420475,729.5577,729.5,729.35,729.65,729.35,1778069520000,222
2026-05-06 12:13:00+00:00,11303.869336,729.1684,729.34,729.25,729.35,729.03,1778069580000,161
2026-05-06 12:14:00+00:00,63928.697833,728.8047,729.32,728.4,729.43,728.15,1778069640000,665
2026-05-06 12:15:00+00:00,88265.587944,728.3004,728.32,728.74,728.92,727.7,1778069700000,903
2026-05-06 12:16:00+00:00,8348.627107,728.7127,728.8,728.71,728.89,728.495,1778069760000,169
2026-05-06 12:17:00+00:00,13092.456021,728.5954,728.73,728.67,728.73,728.27,1778069820000,181
2026-05-06 12:18:00+00:00,8385.402226,728.5234,728.58,728.46,728.75,728.37,1778069880000,145
2026-05-06 12:19:00+00:00,25356.236521,728.3781,728.37,728.9,728.9,728.13,1778069940000,289
2026-05-06 12:20:00+00:00,48132.702153,729.0806,728.83,729.15,729.29,728.83,1778070000000,451
2026-05-06 12:21:00+00:00,26784.471097,729.3186,729.28,729.27,729.38,729.2,1778070060000,224
2026-05-06 12:22:00+00:00,15204.346676,729.3825,729.3,729.39,729.57,729.25,1778070120000,178
2026-05-06 12:23:00+00:00,16293.580806,729.3356,729.29,729.32,729.51,729.25,1778070180000,125
2026-05-06 12:24:00+00:00,11916.804577,729.5325,729.46,729.46,729.54,729.41,1778070240000,65
2026-05-06 12:25:00+00:00,5932.804565,729.6233,729.48,729.56,729.56,729.48,1778070300000,98
2026-05-06 12:26:00+00:00,6316.527262,729.4934,729.46,729.54,729.5565,729.37,1778070360000,127
2026-05-06 12:27:00+00:00,31198.192329,729.5776,729.51,729.43,729.6,729.43,1778070420000,275
2026-05-06 12:28:00+00:00,4004.541417,729.4784,729.36,729.39,729.47,729.32,1778070480000,86
2026-05-06 12:29:00+00:00,21107.920815,729.5213,729.37,729.44,729.5,729.37,1778070540000,198
2026-05-06 12:30:00+00:00,7294.012574,729.4601,729.42,729.42,729.5,729.36,1778070600000,111
2026-05-06 12:31:00+00:00,1245.404511,729.5933,729.25,729.44,729.459,729.25,1778070660000,50
2026-05-06 12:32:00+00:00,11037.506713,729.3941,729.47,729.19,729.48,729.19,1778070720000,154
2026-05-06 12:33:00+00:00,3061.203904,729.1386,729.22,729.01,729.22,729.01,1778070780000,81
2026-05-06 12:34:00+00:00,9349.959387,729.2166,729.07,729.19,729.3,729.0,1778070840000,159
2026-05-06 12:35:00+00:00,31214.346822,729.1512,729.22,729.21,729.22,729.06,1778070900000,267
2026-05-06 12:36:00+00:00,1217.365112,729.5677,729.34,729.38,729.38,729.34,1778070960000,54
2026-05-06 12:37:00+00:00,4412.282443,729.1776,729.09,729.17,729.17,729.07,1778071020000,104
2026-05-06 12:38:00+00:00,9965.012153,729.1904,729.17,729.14,729.24,729.14,1778071080000,75
2026-05-06 12:39:00+00:00,2228.420278,729.4583,729.2012,729.35,729.4,729.2012,1778071140000,75
2026-05-06 12:40:00+00:00,5535.879827,729.3297,729.35,729.17,729.35,729.17,1778071200000,66
2026-05-06 12:41:00+00:00,3553.557637,729.2021,729.17,729.05,729.17,729.011,1778071260000,84
2026-05-06 12:42:00+00:00,1154.334599,729.3885,729.03,729.23,729.3025,729.03,1778071320000,82
2026-05-06 12:43:00+00:00,2722.703778,729.2243,729.17,729.05,729.17,729.0,1778071380000,85
2026-05-06 12:44:00+00:00,5288.963489,729.1904,729.07,729.08,729.12,729.0,1778071440000,102
2026-05-06 12:45:00+00:00,18738.997917,729.0539,729.09,729.15,729.17,728.97,1778071500000,131
2026-05-06 12:46:00+00:00,1409.78239,729.4992,729.13,729.04,729.19,729.04,1778071560000,53
2026-05-06 12:47:00+00:00,5541.103061,729.0728,729.22,729.32,729.37,729.22,1778071620000,119
2026-05-06 12:48:00+00:00,3592.576092,729.2491,729.25,728.89,729.25,728.89,1778071680000,113
2026-05-06 12:49:00+00:00,922.279158,729.1606,728.97,728.98,728.9932,728.9,1778071740000,65
2026-05-06 12:50:00+00:00,2163.600439,729.1509,728.9539,728.93,729.05,728.91,1778071800000,88
2026-05-06 12:51:00+00:00,3207.784872,729.2027,728.93,729.07,729.12,728.89,1778071860000,69
2026-05-06 12:52:00+00:00,3081.532967,729.216,729.12,729.06,729.13,729.0,1778071920000,69
2026-05-06 12:53:00+00:00,1997.018706,729.0091,729.09,728.98,729.1,728.96,1778071980000,62
2026-05-06 12:54:00+00:00,4139.83465,728.9884,728.96,728.68,728.99,728.67,1778072040000,139
2026-05-06 12:55:00+00:00,4526.413925,728.7062,728.65,728.76,728.77,728.6,1778072100000,121
2026-05-06 12:56:00+00:00,1420.445811,728.9891,728.76,728.8075,728.8075,728.7,1778072160000,55
2026-05-06 12:57:00+00:00,2392.77932,729.0612,728.73,728.85,728.9,728.73,1778072220000,92
2026-05-06 12:58:00+00:00,7006.824334,728.9955,728.85,729.06,729.08,728.85,1778072280000,103
2026-05-06 12:59:00+00:00,3097.04285,728.9855,729.08,728.97,729.08,728.9,1778072340000,79
2026-05-06 13:00:00+00:00,16907.122216,728.7544,728.96,728.68,728.96,728.51,1778072400000,177
2026-05-06 13:01:00+00:00,13452.171362,728.754,728.66,728.79,728.79,728.66,1778072460000,127
2026-05-06 13:02:00+00:00,2084.516537,729.0483,728.82,728.95,728.96,728.76,1778072520000,95
2026-05-06 13:03:00+00:00,2240.699863,729.1923,728.97,729.0,729.0,728.93,1778072580000,84
2026-05-06 13:04:00+00:00,18615.503586,728.635,729.04,728.55,729.04,728.31,1778072640000,288
2026-05-06 13:05:00+00:00,13256.148129,728.62,728.58,728.7,728.74,728.45,1778072700000,198
2026-05-06 13:06:00+00:00,18040.585836,728.424,728.68,728.36,728.68,728.28,1778072760000,259
2026-05-06 13:07:00+00:00,15124.699711,728.3374,728.44,728.26,728.54,728.19,1778072820000,201
2026-05-06 13:08:00+00:00,13991.548604,728.131,728.23,728.26,728.34,727.98,1778072880000,274
2026-05-06 13:09:00+00:00,24136.94748,728.217,728.231,728.24,728.33,728.03,1778072940000,278
2026-05-06 13:10:00+00:00,7388.787434,728.3827,728.25,728.36,728.36,728.13,1778073000000,164
2026-05-06 13:11:00+00:00,2928.076256,728.4327,728.41,728.48,728.54,728.31,1778073060000,141
2026-05-06 13:12:00+00:00,3674.939767,728.6954,728.47,728.55,728.65,728.4,1778073120000,107
2026-05-06 13:13:00+00:00,14187.961272,728.3393,728.55,728.45,728.55,728.24,1778073180000,207
2026-05-06 13:14:00+00:00,8607.582121,728.5674,728.37,728.53,728.6,728.36,1778073240000,156
2026-05-06 13:15:00+00:00,5173.657448,728.8137,728.58,728.8,728.8,728.58,1778073300000,123
2026-05-06 13:16:00+00:00,8050.126084,728.7711,728.82,728.78,728.84,728.7,1778073360000,132
2026-05-06 13:17:00+00:00,2018.510885,728.9564,728.73,728.76,728.83,728.73,1778073420000,87
2026-05-06 13:18:00+00:00,3260.082837,728.5641,728.73,728.36,728.74,728.36,1778073480000,144
2026-05-06 13:19:00+00:00,14457.221358,728.3639,728.35,728.38,728.48,728.23,1778073540000,148
2026-05-06 13:20:00+00:00,21954.828758,728.2442,728.35,728.37,728.37,728.14,1778073600000,268
2026-05-06 13:21:00+00:00,15243.846252,728.4041,728.36,728.51,728.51,728.21,1778073660000,226
2026-05-06 13:22:00+00:00,7184.262114,728.3977,728.4713,728.41,728.4713,728.31,1778073720000,142
2026-05-06 13:23:00+00:00,5261.692399,728.626,728.48,728.5,728.57,728.47,1778073780000,108
2026-05-06 13:24:00+00:00,14028.793562,728.4614,728.52,728.35,728.55,728.2,1778073840000,256
2026-05-06 13:25:00+00:00,23102.004781,728.4131,728.37,728.43,728.5,728.3,1778073900000,259
2026-05-06 13:26:00+00:00,2578.858668,728.5955,728.4,728.26,728.45,728.26,1778073960000,92
2026-05-06 13:27:00+00:00,44607.763791,728.2865,728.31,728.18,728.41,728.14,1778074020000,518
2026-05-06 13:28:00+00:00,35600.288454,728.1223,728.11,728.19,728.25,727.98,1778074080000,490
2026-05-06 13:29:00+00:00,47957.090948,728.1903,728.18,728.16,728.33,728.0703,1778074140000,327
2026-05-06 13:30:00+00:00,570230.738542,728.1023,728.16,728.08,728.4,727.82,1778074200000,8411
2026-05-06 13:31:00+00:00,296566.357677,728.278,728.08,728.56,728.59,727.85,1778074260000,3776
2026-05-06 13:32:00+00:00,161254.548985,728.7884,728.56,728.95,728.99,728.46,1778074320000,2402
2026-05-06 13:33:00+00:00,129307.331955,728.9204,728.96,728.88,729.03,728.78,1778074380000,2540
2026-05-06 13:34:00+00:00,130497.401338,729.0271,728.88,729.1301,729.18,728.86,1778074440000,2126
2026-05-06 13:35:00+00:00,187567.474944,729.2025,729.16,729.15,729.37,728.995,1778074500000,2909
2026-05-06 13:36:00+00:00,151010.668857,729.3745,729.17,729.4201,729.51,729.125,1778074560000,2520
2026-05-06 13:37:00+00:00,90747.699744,729.3292,729.42,729.13,729.55,729.11,1778074620000,1974
2026-05-06 13:38:00+00:00,69458.284807,729.1737,729.12,729.16,729.32,729.05,1778074680000,1590
2026-05-06 13:39:00+00:00,78256.838225,729.1064,729.175,729.08,729.22,729.0,1778074740000,1760
2026-05-06 13:40:00+00:00,156108.239236,729.0479,729.08,729.02,729.145,728.93,1778074800000,2618
2026-05-06 13:41:00+00:00,114101.220664,728.9978,729.02,729.0,729.12,728.87,1778074860000,2002
2026-05-06 13:42:00+00:00,125298.367084,729.0397,729.03,728.92,729.19,728.91,1778074920000,1653
2026-05-06 13:43:00+00:00,110441.605395,728.9877,728.91,729.208,729.22,728.8123,1778074980000,1936
2026-05-06 13:44:00+00:00,86701.100304,729.1485,729.2,729.13,729.26,729.01,1778075040000,1767
2026-05-06 13:45:00+00:00,140768.359457,729.1526,729.17,729.0399,729.31,728.91,1778075100000,2386
2026-05-06 13:46:00+00:00,83217.139643,729.1069,729.02,729.12,729.21,728.9809,1778075160000,1395
2026-05-06 13:47:00+00:00,139204.31795,729.2121,729.115,729.4,729.41,729.06,1778075220000,2017
2026-05-06 13:48:00+00:00,82287.151018,729.3347,729.41,729.15,729.51,729.1,1778075280000,1503
2026-05-06 13:49:00+00:00,82405.241061,729.0857,729.11,729.0795,729.21,728.98,1778075340000,1422
2026-05-06 13:50:00+00:00,209223.020946,728.7288,729.075,728.45,729.1,728.36,1778075400000,3370
2026-05-06 13:51:00+00:00,123769.279961,728.694,728.45,728.8,728.83,728.323,1778075460000,1967
2026-05-06 13:52:00+00:00,69347.48901,729.0175,728.82,729.1,729.17,728.8,1778075520000,1565
2026-05-06 13:53:00+00:00,71405.617684,729.1912,729.1,729.36,729.3699,729.03,1778075580000,1410
2026-05-06 13:54:00+00:00,176335.519616,729.6007,729.36,729.66,729.74,729.36,1778075640000,2444
2026-05-06 13:55:00+00:00,93857.559731,729.67,729.65,729.59,729.74,729.56,1778075700000,1718
2026-05-06 13:56:00+00:00,82824.141506,729.3869,729.58,729.405,729.61,729.15,1778075760000,1447
2026-05-06 13:57:00+00:00,68848.820612,729.5885,729.4004,729.65,729.73,729.37,1778075820000,1387
2026-05-06 13:58:00+00:00,66118.585595,729.6773,729.65,729.615,729.76,729.596,1778075880000,1294
2026-05-06 13:59:00+00:00,102201.655774,729.6917,729.615,729.65,729.8,729.57,1778075940000,1901
2026-05-06 14:00:00+00:00,125677.405649,729.7848,729.67,729.83,729.99,729.62,1778076000000,1986
2026-05-06 14:01:00+00:00,87110.007768,729.8565,729.82,729.93,729.97,729.641,1778076060000,1562
2026-05-06 14:02:00+00:00,71086.435324,729.7242,729.89,729.5,729.91,729.48,1778076120000,1531
2026-05-06 14:03:00+00:00,58274.96974,729.5614,729.485,729.54,729.63,729.43,1778076180000,1286
2026-05-06 14:04:00+00:00,76081.745859,729.5116,729.54,729.395,729.65,729.34,1778076240000,1280
2026-05-06 14:05:00+00:00,49717.02119,729.5082,729.38,729.57,729.66,729.36,1778076300000,1165
2026-05-06 14:06:00+00:00,120765.719335,729.2652,729.57,728.885,729.67,728.86,1778076360000,2050
2026-05-06 14:07:00+00:00,209701.727769,729.127,728.92,729.36,729.39,728.71,1778076420000,2655
2026-05-06 14:08:00+00:00,102028.21258,729.4075,729.38,729.5,729.58,729.26,1778076480000,1709
2026-05-06 14:09:00+00:00,84604.095514,729.6666,729.52,729.75,729.81,729.46,1778076540000,1565
2026-05-06 14:10:00+00:00,164907.665427,729.8709,729.76,729.93,730.02,729.72,1778076600000,2689
2026-05-06 14:11:00+00:00,70390.537985,729.8817,729.92,730.02,730.025,729.77,1778076660000,1332
2026-05-06 14:12:00+00:00,216618.916577,730.0922,730.05,729.99,730.23,729.93,1778076720000,2658
2026-05-06 14:13:00+00:00,133932.304854,730.0716,730.01,730.0101,730.17,729.93,1778076780000,2030
2026-05-06 14:14:00+00:00,111260.262283,730.0186,730.035,730.08,730.17,729.89,1778076840000,1861
2026-05-06 14:15:00+00:00,59724.515874,730.1224,730.09,730.12,730.21,730.03,1778076900000,1545
2026-05-06 14:16:00+00:00,88137.50351,730.1807,730.11,730.12,730.26,730.05,1778076960000,1947
2026-05-06 14:17:00+00:00,156901.449559,729.9572,730.12,729.93,730.21,729.71,1778077020000,2983
2026-05-06 14:18:00+00:00,93742.334318,729.7847,729.925,729.73,730.005,729.57,1778077080000,2010
2026-05-06 14:19:00+00:00,84282.273239,729.8091,729.74,729.74,729.9727,729.68,1778077140000,1819
2026-05-06 14:20:00+00:00,294245.906671,729.3994,729.76,729.8107,729.92,729.7,1778077200000,1520
2026-05-06 14:21:00+00:00,52984.742159,730.0418,729.86,730.09,730.17,729.81,1778077260000,1328
2026-05-06 14:22:00+00:00,56981.36583,730.0872,730.1,730.025,730.21,729.95,1778077320000,1426
2026-05-06 14:23:00+00:00,68793.217733,730.0428,730.02,730.24,730.24,729.83,1778077380000,1680
2026-05-06 14:24:00+00:00,98034.597143,730.1902,730.25,730.25,730.29,729.95,1778077440000,1567
2026-05-06 14:25:00+00:00,75085.395715,730.3592,730.26,730.45,730.49,730.21,1778077500000,1868
2026-05-06 14:26:00+00:00,82594.464634,730.5072,730.43,730.42,730.61,730.35,1778077560000,1765
2026-05-06 14:27:00+00:00,64297.461038,730.5473,730.41,730.54,730.67,730.4,1778077620000,1482
2026-05-06 14:28:00+00:00,60424.681655,730.5926,730.537,730.63,730.64,730.5,1778077680000,1372
2026-05-06 14:29:00+00:00,169063.302992,730.3389,730.63,730.02,730.68,730.01,1778077740000,2596
2026-05-06 14:30:00+00:00,164842.230202,730.1709,730.04,730.34,730.34,730.01,1778077800000,2196
2026-05-06 14:31:00+00:00,83735.199433,730.3371,730.32,730.48,730.49,730.25,1778077860000,1732
2026-05-06 14:32:00+00:00,91009.311029,730.6514,730.49,730.75,730.82,730.48,1778077920000,1833
2026-05-06 14:33:00+00:00,76403.131979,730.8544,730.75,730.87,730.955,730.73,1778077980000,1752
2026-05-06 14:34:00+00:00,82211.319953,730.9362,730.8501,730.96,730.99,730.85,1778078040000,1622
2026-05-06 14:35:00+00:00,105266.207147,731.0135,730.9601,731.07,731.09,730.915,1778078100000,2103
2026-05-06 14:36:00+00:00,123448.041411,731.0992,731.06,731.1451,731.19,730.99,1778078160000,2195
2026-05-06 14:37:00+00:00,115403.096555,731.0953,731.14,731.09,731.2,731.03,1778078220000,1874
2026-05-06 14:38:00+00:00,70683.042841,731.1409,731.08,731.27,731.32,731.07,1778078280000,1688
2026-05-06 14:39:00+00:00,71123.951216,731.2373,731.26,731.24,731.31,731.16,1778078340000,1727
2026-05-06 14:40:00+00:00,94167.225131,731.3899,731.24,731.49,731.5,731.24,1778078400000,1949
2026-05-06 14:41:00+00:00,119427.688594,731.5427,731.485,731.51,731.71,731.4,1778078460000,2246
2026-05-06 14:42:00+00:00,184097.314982,731.5619,731.52,731.76,731.7919,731.38,1778078520000,3060
2026-05-06 14:43:00+00:00,144934.60095,731.7117,731.72,731.58,731.91,731.49,1778078580000,2421
2026-05-06 14:44:00+00:00,86314.468584,731.6721,731.61,731.86,731.87,731.45,1778078640000,1896
2026-05-06 14:45:00+00:00,162852.779535,731.9056,731.84,731.77,732.02,731.73,1778078700000,2396
2026-05-06 14:46:00+00:00,74557.452933,731.6917,731.79,731.63,731.79,731.62,1778078760000,1613
2026-05-06 14:47:00+00:00,70255.303746,731.699,731.63,731.65,731.78,731.6,1778078820000,1639
2026-05-06 14:48:00+00:00,87753.739878,731.6335,731.67,731.54,731.72,731.53,1778078880000,2023
2026-05-06 14:49:00+00:00,60861.363664,731.6313,731.5401,731.79,731.79,731.5,1778078940000,1593
2026-05-06 14:50:00+00:00,69958.954695,731.8119,731.79,731.785,731.855,731.74,1778079000000,1533
2026-05-06 14:51:00+00:00,40005.240975,731.8153,731.78,731.8,731.87,731.75,1778079060000,1341
2026-05-06 14:52:00+00:00,63245.020347,731.7772,731.8,731.74,731.89,731.67,1778079120000,1650
2026-05-06 14:53:00+00:00,203067.304649,732.3181,731.78,731.86,732.56,731.71,1778079180000,1802
2026-05-06 14:54:00+00:00,65156.030739,731.8726,731.855,731.94,731.97,731.82,1778079240000,1513
2026-05-06 14:55:00+00:00,71809.252281,732.0095,731.93,732.0799,732.1,731.93,1778079300000,1744
2026-05-06 14:56:00+00:00,71537.15203,732.056,732.1,731.96,732.2,731.92,1778079360000,1856
2026-05-06 14:57:00+00:00,124334.915444,732.0349,731.96,732.04,732.1013,731.94,1778079420000,1759
2026-05-06 14:58:00+00:00,90943.343087,732.0246,732.04,731.9683,732.08,731.9401,1778079480000,2037
2026-05-06 14:59:00+00:00,107082.964757,732.037,731.95,732.1501,732.1749,731.93,1778079540000,2267
2026-05-06 15:00:00+00:00,109133.599244,732.1955,732.16,732.27,732.27,732.12,1778079600000,1944
2026-05-06 15:01:00+00:00,110677.004684,732.3618,732.265,732.3799,732.48,732.2399,1778079660000,2271
2026-05-06 15:02:00+00:00,67081.105324,732.2592,732.37,732.23,732.37,732.18,1778079720000,1456
2026-05-06 15:03:00+00:00,137562.109308,732.1825,732.23,732.21,732.28,732.07,1778079780000,1898
2026-05-06 15:04:00+00:00,50778.614919,732.2732,732.21,732.32,732.32,732.18,1778079840000,1221
2026-05-06 15:05:00+00:00,45553.242194,732.3693,732.345,732.395,732.415,732.32,1778079900000,1242
2026-05-06 15:06:00+00:00,52567.190868,732.4045,732.4,732.36,732.49,732.355,1778079960000,1312
2026-05-06 15:07:00+00:00,76719.197305,732.3139,732.3601,732.2803,732.37,732.24,1778080020000,1644
2026-05-06 15:08:00+00:00,91854.464707,732.1212,732.295,731.96,732.34,731.905,1778080080000,1785
2026-05-06 15:09:00+00:00,166435.271641,731.8752,731.965,731.86,731.97,731.79,1778080140000,1978
2026-05-06 15:10:00+00:00,116905.989449,731.9885,731.85,731.97,732.07,731.83,1778080200000,1718
2026-05-06 15:11:00+00:00,68161.009871,732.0971,731.965,732.125,732.21,731.93,1778080260000,1582
2026-05-06 15:12:00+00:00,69295.164768,731.9152,732.125,731.74,732.13,731.73,1778080320000,1610
2026-05-06 15:13:00+00:00,91927.065125,731.5933,731.75,731.54,731.805,731.38,1778080380000,1954
2026-05-06 15:14:00+00:00,62718.457725,731.5901,731.53,731.7426,731.7599,731.48,1778080440000,1383
2026-05-06 15:15:00+00:00,47616.682091,731.7215,731.74,731.71,731.82,731.62,1778080500000,1208
2026-05-06 15:16:00+00:00,67608.865655,731.6791,731.705,731.8,731.85,731.55,1778080560000,1545
2026-05-06 15:17:00+00:00,62394.245669,731.8859,731.79,732.02,732.03,731.76,1778080620000,1370
2026-05-06 15:18:00+00:00,259374.763153,727.9171,732.01,732.0199,732.06,731.88,1778080680000,1730
2026-05-06 15:19:00+00:00,107216.178833,732.0517,732.0001,732.19,732.22,732.0001,1778080740000,1294
2026-05-06 15:20:00+00:00,152455.987967,731.9879,732.22,732.23,732.28,732.15,1778080800000,1452
2026-05-06 15:21:00+00:00,71704.747212,732.3265,732.23,732.36,732.37,732.23,1778080860000,1442
2026-05-06 15:22:00+00:00,72068.205269,732.3041,732.36,732.22,732.36,732.22,1778080920000,1351
2026-05-06 15:23:00+00:00,76664.025249,731.4408,732.22,732.26,732.295,732.14,1778080980000,1264
2026-05-06 15:24:00+00:00,55992.234192,732.2439,732.26,732.235,732.3,732.18,1778081040000,1334
2026-05-06 15:25:00+00:00,59112.893452,732.2559,732.24,732.3,732.31,732.17,1778081100000,1390
2026-05-06 15:26:00+00:00,57030.973873,732.2495,732.29,732.19,732.31,732.17,1778081160000,1347
2026-05-06 15:27:00+00:00,60860.177915,732.1707,732.17,732.215,732.25,732.07,1778081220000,1557
2026-05-06 15:28:00+00:00,84307.304849,732.1632,732.23,732.17,732.23,732.11,1778081280000,1444
2026-05-06 15:29:00+00:00,50336.279518,732.0759,732.16,732.05,732.16,732.0,1778081340000,1396
2026-05-06 15:30:00+00:00,63266.804655,732.0589,732.05,731.995,732.1415,731.97,1778081400000,1513
2026-05-06 15:31:00+00:00,23165.437369,732.0854,732.01,732.025,732.11,732.01,1778081460000,1012
2026-05-06 15:32:00+00:00,54257.143804,732.0626,732.025,732.0,732.14,731.9315,1778081520000,1407
2026-05-06 15:33:00+00:00,244975.542594,731.8887,731.995,731.95,732.0,731.8,1778081580000,3059
2026-05-06 15:34:00+00:00,36636.245542,732.0173,731.96,731.97,732.0991,731.9546,1778081640000,1178
2026-05-06 15:35:00+00:00,42090.504632,731.9387,731.955,731.89,732.03,731.83,1778081700000,1233
2026-05-06 15:36:00+00:00,63134.525765,731.8996,731.8999,731.905,731.96,731.83,1778081760000,1317
2026-05-06 15:37:00+00:00,57376.145295,731.781,731.92,731.69,731.92,731.67,1778081820000,1442
2026-05-06 15:38:00+00:00,37275.185774,731.7159,731.69,731.605,731.86,731.605,1778081880000,1175
2026-05-06 15:39:00+00:00,70691.072026,731.5153,731.6,731.475,731.6,731.4592,1778081940000,1579
2026-05-06 15:40:00+00:00,59804.524328,731.5646,731.47,731.57,731.66,731.47,1778082000000,1315
2026-05-06 15:41:00+00:00,51772.241633,731.5738,731.58,731.51,731.65,731.51,1778082060000,1184
2026-05-06 15:42:00+00:00,64622.472463,731.4708,731.515,731.49,731.55,731.4001,1778082120000,1483
2026-05-06 15:43:00+00:00,79538.911965,731.2307,731.5,731.07,731.51,731.07,1778082180000,1738
2026-05-06 15:44:00+00:00,249084.830787,731.2463,731.07,731.33,731.71,730.94,1778082240000,3887
2026-05-06 15:45:00+00:00,88182.820888,731.3157,731.33,731.3706,731.495,731.15,1778082300000,1917
2026-05-06 15:46:00+00:00,69923.318187,731.4606,731.37,731.505,731.5596,731.36,1778082360000,1245
2026-05-06 15:47:00+00:00,48721.214103,731.4955,731.5,731.53,731.6,731.4,1778082420000,1335
2026-05-06 15:48:00+00:00,44138.454625,731.6234,731.51,731.62,731.74,731.51,1778082480000,1084
2026-05-06 15:49:00+00:00,31319.161091,731.5849,731.6,731.5499,731.64,731.51,1778082540000,979
2026-05-06 15:50:00+00:00,49428.893669,731.5389,731.5599,731.47,731.65,731.44,1778082600000,1188
2026-05-06 15:51:00+00:00,48981.493264,731.4684,731.49,731.45,731.555,731.41,1778082660000,1192
2026-05-06 15:52:00+00:00,42569.318876,731.4251,731.45,731.445,731.49,731.38,1778082720000,1095
2026-05-06 15:53:00+00:00,44463.963167,731.5518,731.44,731.59,731.67,731.42,1778082780000,1202
2026-05-06 15:54:00+00:00,35273.260698,731.7248,731.6,731.77,731.78,731.6,1778082840000,1065
2026-05-06 15:55:00+00:00,47480.072888,731.8359,731.755,731.795,731.89,731.755,1778082900000,1226
2026-05-06 15:56:00+00:00,46746.906593,731.8109,731.795,731.83,731.835,731.73,1778082960000,1144
2026-05-06 15:57:00+00:00,71420.684115,731.8173,731.84,731.7,731.92,731.665,1778083020000,1489
2026-05-06 15:58:00+00:00,38583.357148,731.665,731.69,731.74,731.7491,731.61,1778083080000,1148
2026-05-06 15:59:00+00:00,33804.961394,731.6899,731.7299,731.64,731.7299,731.62,1778083140000,1033
2026-05-06 16:00:00+00:00,67269.622106,731.6106,731.63,731.4808,731.68,731.48,1778083200000,1394
2026-05-06 16:01:00+00:00,44864.653534,731.6218,731.5,731.66,731.7396,731.49,1778083260000,1142
2026-05-06 16:02:00+00:00,34087.829679,731.7646,731.67,731.82,731.84,731.67,1778083320000,1147
2026-05-06 16:03:00+00:00,47816.703027,731.8506,731.84,731.855,731.88,731.76,1778083380000,1179
2026-05-06 16:04:00+00:00,26456.809009,731.8658,731.85,731.8,731.9,731.7901,1778083440000,1024
2026-05-06 16:05:00+00:00,40511.081019,731.9117,731.815,731.92,731.96,731.815,1778083500000,1110
2026-05-06 16:06:00+00:00,35328.725579,731.8323,731.9101,731.74,731.915,731.73,1778083560000,985
2026-05-06 16:07:00+00:00,11989.529745,731.8074,731.76,731.79,731.82,731.7301,1778083620000,708
2026-05-06 16:08:00+00:00,39354.662121,731.7143,731.79,731.67,731.83,731.62,1778083680000,1009
2026-05-06 16:09:00+00:00,44007.978228,731.6332,731.67,731.63,731.67,731.57,1778083740000,1061
2026-05-06 16:10:00+00:00,58708.495268,731.7658,731.64,731.77,731.82,731.59,1778083800000,1161
2026-05-06 16:11:00+00:00,30789.777036,731.8988,731.78,731.89,731.955,731.78,1778083860000,1052
2026-05-06 16:12:00+00:00,279394.2883,731.8052,731.865,731.85,731.9,731.82,1778083920000,830
2026-05-06 16:13:00+00:00,29860.75865,731.8935,731.845,731.925,731.94,731.8001,1778083980000,991
2026-05-06 16:14:00+00:00,34815.039615,731.9327,731.93,731.915,731.98,731.88,1778084040000,1009
2026-05-06 16:15:00+00:00,40287.33725,731.9148,731.915,731.965,731.97,731.865,1778084100000,1085
2026-05-06 16:16:00+00:00,44084.345801,731.9597,731.97,731.911,731.995,731.89,1778084160000,1263
2026-05-06 16:17:00+00:00,78610.258854,731.894,731.91,731.92,731.965,731.87,1778084220000,949
2026-05-06 16:18:00+00:00,60309.992424,731.9249,731.92,731.9,731.97,731.81,1778084280000,1145
2026-05-06 16:19:00+00:00,37537.371962,731.9005,731.9,731.84,731.94,731.83,1778084340000,719
2026-05-06 16:20:00+00:00,45589.554,731.855,731.8318,731.79,731.91,731.76,1778084400000,950
2026-05-06 16:21:00+00:00,27093.428958,731.8816,731.79,731.925,731.925,731.78,1778084460000,621
2026-05-06 16:22:00+00:00,33736.943468,731.9253,731.93,731.91,731.94,731.87,1778084520000,720
2026-05-06 16:23:00+00:00,19059.393504,731.8953,731.905,731.82,731.92,731.82,1778084580000,576
2026-05-06 16:24:00+00:00,44382.520934,731.8534,731.83,731.86,731.9,731.81,1778084640000,709
2026-05-06 16:25:00+00:00,51535.64412,731.9927,731.86,732.02,732.05,731.86,1778084700000,1092
2026-05-06 16:26:00+00:00,33367.472511,731.9741,732.015,731.8693,732.035,731.85,1778084760000,811
2026-05-06 16:27:00+00:00,20419.687878,731.8577,731.86,731.885,731.895,731.78,1778084820000,666
2026-05-06 16:28:00+00:00,20444.438117,731.8834,731.885,731.785,731.9195,731.785,1778084880000,636
2026-05-06 16:29:00+00:00,22547.090177,731.7765,731.8,731.77,731.82,731.73,1778084940000,701
2026-05-06 16:30:00+00:00,45161.585638,731.7675,731.7701,731.72,731.83,731.69,1778085000000,827
2026-05-06 16:31:00+00:00,13602.119889,731.808,731.73,731.8,731.84,731.72,1778085060000,557
2026-05-06 16:32:00+00:00,22165.107756,731.7701,731.795,731.75,731.8,731.73,1778085120000,655
2026-05-06 16:33:00+00:00,41018.539428,731.7324,731.75,731.77,731.77,731.68,1778085180000,744
2026-05-06 16:34:00+00:00,34953.230194,731.7491,731.765,731.76,731.81,731.65,1778085240000,722
2026-05-06 16:35:00+00:00,38023.113879,731.6937,731.74,731.63,731.7604,731.63,1778085300000,826
2026-05-06 16:36:00+00:00,39390.707435,731.5703,731.63,731.64,731.64,731.48,1778085360000,940
2026-05-06 16:37:00+00:00,24586.422177,731.6622,731.62,731.64,731.76,731.6,1778085420000,704
2026-05-06 16:38:00+00:00,18966.303383,731.6098,731.63,731.64,731.64,731.55,1778085480000,486
2026-05-06 16:39:00+00:00,27147.166954,731.6815,731.64,731.6701,731.72,731.64,1778085540000,544
2026-05-06 16:40:00+00:00,45038.853707,731.6128,731.67,731.555,731.68,731.54,1778085600000,860
2026-05-06 16:41:00+00:00,23841.829677,731.6627,731.56,731.69,731.7,731.56,1778085660000,528
2026-05-06 16:42:00+00:00,29763.645745,731.7132,731.68,731.73,731.74,731.65,1778085720000,671
2026-05-06 16:43:00+00:00,45077.637793,731.7503,731.72,731.66,731.82,731.66,1778085780000,954
2026-05-06 16:44:00+00:00,26721.897017,731.6762,731.665,731.595,731.695,731.58,1778085840000,741
2026-05-06 16:45:00+00:00,30810.832776,731.5763,731.6,731.5,731.6248,731.47,1778085900000,777
2026-05-06 16:46:00+00:00,43873.063955,731.4387,731.5,731.38,731.5,731.38,1778085960000,921
2026-05-06 16:47:00+00:00,73637.467347,731.2801,731.375,731.22,731.375,731.17,1778086020000,1073
2026-05-06 16:48:00+00:00,73914.113661,731.3253,731.23,731.375,731.4,731.2004,1778086080000,1283
2026-05-06 16:49:00+00:00,52762.264616,731.363,731.37,731.34,731.4,731.31,1778086140000,806
2026-05-06 16:50:00+00:00,47801.784498,731.3561,731.335,731.33,731.4,731.305,1778086200000,1029
2026-05-06 16:51:00+00:00,36694.96989,731.2272,731.33,731.11,731.34,731.11,1778086260000,813
2026-05-06 16:52:00+00:00,94845.480951,730.9736,731.11,731.02,731.11,730.85,1778086320000,1365
2026-05-06 16:53:00+00:00,40923.417474,731.1023,731.02,731.165,731.195,730.98,1778086380000,770
2026-05-06 16:54:00+00:00,70263.171843,731.1033,731.17,730.8813,731.2,730.8813,1778086440000,1010
2026-05-06 16:55:00+00:00,36190.157975,730.9552,730.89,731.02,731.05,730.84,1778086500000,757
2026-05-06 16:56:00+00:00,31436.152976,731.1025,731.05,731.18,731.18,731.04,1778086560000,742
2026-05-06 16:57:00+00:00,97479.064221,731.0748,731.19,730.89,731.25,730.75,1778086620000,1829
2026-05-06 16:58:00+00:00,95940.05354,730.7731,730.87,731.0,731.01,730.5289,1778086680000,1688
2026-05-06 16:59:00+00:00,44171.929217,730.998,730.99,730.985,731.04,730.89,1778086740000,948
2026-05-06 17:00:00+00:00,79842.092119,730.8774,730.99,730.74,731.01,730.66,1778086800000,1364
2026-05-06 17:01:00+00:00,39724.501661,730.8353,730.75,730.85,730.92,730.73,1778086860000,757
2026-05-06 17:02:00+00:00,185981.88208,725.9788,730.84,730.98,731.05,730.82,1778086920000,890
2026-05-06 17:03:00+00:00,61656.755309,731.077,731.0,731.165,731.19,730.96,1778086980000,919
2026-05-06 17:04:00+00:00,39520.092206,731.2021,731.17,731.25,731.25,731.1,1778087040000,717
2026-05-06 17:05:00+00:00,59426.295268,731.2485,731.25,731.33,731.33,731.1901,1778087100000,923
2026-05-06 17:06:00+00:00,92247.190427,731.3025,731.33,731.29,731.35,731.21,1778087160000,1127
2026-05-06 17:07:00+00:00,54020.453637,731.3792,731.27,731.46,731.47,731.25,1778087220000,968
2026-05-06 17:08:00+00:00,76518.145502,731.5293,731.47,731.52,731.62,731.44,1778087280000,1142
2026-05-06 17:09:00+00:00,26640.299985,731.5074,731.51,731.47,731.55,731.45,1778087340000,689
2026-05-06 17:10:00+00:00,66772.96965,731.6562,731.47,731.66,731.73,731.47,1778087400000,1286
2026-05-06 17:11:00+00:00,138484.688966,731.6501,731.68,731.54,731.75,731.53,1778087460000,792
2026-05-06 17:12:00+00:00,34004.841385,731.5768,731.52,731.61,731.64,731.51,1778087520000,669
2026-05-06 17:13:00+00:00,38988.457739,731.5547,731.6,731.58,731.62,731.48,1778087580000,811
2026-05-06 17:14:00+00:00,46886.259452,731.5995,731.59,731.535,731.66,731.52,1778087640000,823
2026-05-06 17:15:00+00:00,48381.605415,731.5895,731.54,731.53,731.66,731.5,1778087700000,877
2026-05-06 17:16:00+00:00,40811.986015,731.4936,731.55,731.43,731.58,731.4,1778087760000,1101
2026-05-06 17:17:00+00:00,38369.350069,731.4824,731.45,731.47,731.54,731.39,1778087820000,928
2026-05-06 17:18:00+00:00,35651.209144,731.5259,731.46,731.58,731.58,731.46,1778087880000,823
2026-05-06 17:19:00+00:00,31891.612455,731.6202,731.58,731.58,731.64,731.56,1778087940000,764
2026-05-06 17:20:00+00:00,35562.837164,731.6051,731.59,731.61,731.65,731.54,1778088000000,761
2026-05-06 17:21:00+00:00,36726.092251,731.6642,731.61,731.74,731.75,731.595,1778088060000,810
2026-05-06 17:22:00+00:00,33955.068082,731.7199,731.74,731.7101,731.76,731.65,1778088120000,739
2026-05-06 17:23:00+00:00,38407.547967,731.7596,731.725,731.78,731.81,731.69,1778088180000,784
2026-05-06 17:24:00+00:00,37049.088668,731.6809,731.78,731.66,731.79,731.6,1778088240000,817
2026-05-06 17:25:00+00:00,34095.099102,731.5991,731.66,731.58,731.66,731.54,1778088300000,673
2026-05-06 17:26:00+00:00,53510.196568,731.5673,731.585,731.55,731.62,731.5,1778088360000,898
2026-05-06 17:27:00+00:00,21710.566112,731.6125,731.54,731.65,731.65,731.52,1778088420000,624
2026-05-06 17:28:00+00:00,30093.40651,731.6983,731.65,731.67,731.74,731.63,1778088480000,692
2026-05-06 17:29:00+00:00,26299.202911,731.6839,731.65,731.68,731.72,731.635,1778088540000,774
2026-05-06 17:30:00+00:00,65814.691836,731.7435,731.68,731.74,731.8,731.65,1778088600000,1214
2026-05-06 17:31:00+00:00,31656.557676,731.8305,731.7515,731.83,731.88,731.734,1778088660000,966
2026-05-06 17:32:00+00:00,25529.159122,731.8608,731.83,731.88,731.89,731.8,1778088720000,866
2026-05-06 17:33:00+00:00,21268.803078,731.8738,731.87,731.8211,731.89,731.79,1778088780000,661
2026-05-06 17:34:00+00:00,159741.620227,725.3423,731.8399,731.75,731.84,731.75,1778088840000,636
2026-05-06 17:35:00+00:00,44226.714247,731.733,731.74,731.8,731.83,731.64,1778088900000,840
2026-05-06 17:36:00+00:00,33486.07877,731.8517,731.79,731.8499,731.9,731.79,1778088960000,668
2026-05-06 17:37:00+00:00,41783.632088,731.8699,731.85,731.85,731.89,731.83,1778089020000,805
2026-05-06 17:38:00+00:00,157733.941545,731.8231,731.85,731.75,731.86,731.725,1778089080000,982
2026-05-06 17:39:00+00:00,43043.207674,731.7182,731.75,731.66,731.76,731.65,1778089140000,844
2026-05-06 17:40:00+00:00,76139.142013,731.6012,731.65,731.62,731.66,731.545,1778089200000,1110
2026-05-06 17:41:00+00:00,185697.009725,731.8031,731.61,731.66,731.66,731.6,1778089260000,713
2026-05-06 17:42:00+00:00,35293.857494,731.7248,731.66,731.68,731.76,731.66,1778089320000,670
2026-05-06 17:43:00+00:00,31894.393286,731.7643,731.68,731.78,731.805,731.68,1778089380000,677
2026-05-06 17:44:00+00:00,37805.863395,731.8612,731.79,731.88,731.9,731.79,1778089440000,739
2026-05-06 17:45:00+00:00,27906.360105,731.9244,731.89,731.9,731.94,731.89,1778089500000,683
2026-05-06 17:46:00+00:00,34687.558539,731.8816,731.89,731.859,731.92,731.835,1778089560000,655
2026-05-06 17:47:00+00:00,34972.699095,731.9042,731.84,731.88,731.96,731.82,1778089620000,662
2026-05-06 17:48:00+00:00,49158.174908,731.9511,731.89,731.9,732.0,731.88,1778089680000,3205
2026-05-06 17:49:00+00:00,35329.707416,731.9155,731.9099,731.87,731.94,731.87,1778089740000,2737
2026-05-06 17:50:00+00:00,29931.353738,731.8475,731.87,731.81,731.8899,731.8,1778089800000,591
2026-05-06 17:51:00+00:00,41899.018966,731.8619,731.83,731.905,731.92,731.81,1778089860000,730
2026-05-06 17:52:00+00:00,44822.788668,731.9797,731.91,732.01,732.03,731.89,1778089920000,845
2026-05-06 17:53:00+00:00,74247.821516,732.0224,732.0,731.995,732.05,731.965,1778089980000,919
2026-05-06 17:54:00+00:00,69575.451761,732.015,731.995,731.98,732.04,731.97,1778090040000,794
2026-05-06 17:55:00+00:00,59512.076218,731.9816,731.975,731.96,732.02,731.94,1778090100000,686
2026-05-06 17:56:00+00:00,53287.980159,732.0334,731.965,732.045,732.06,731.965,1778090160000,714
2026-05-06 17:57:00+00:00,57754.497045,732.0782,732.045,732.0501,732.1,732.04,1778090220000,766
2026-05-06 17:58:00+00:00,46146.679983,732.068,732.06,732.07,732.0898,732.01,1778090280000,701
2026-05-06 17:59:00+00:00,34051.852711,732.1182,732.06,732.125,732.13,732.05,1778090340000,707
2026-05-06 18:00:00+00:00,59813.210983,732.1803,732.13,732.17,732.21,732.13,1778090400000,1031
2026-05-06 18:01:00+00:00,79744.163153,732.2297,732.18,732.26,732.29,732.165,1778090460000,1143
2026-05-06 18:02:00+00:00,84340.506719,732.2026,732.26,732.06,732.28,732.03,1778090520000,1212
2026-05-06 18:03:00+00:00,88834.640252,732.1267,732.07,732.18,732.18,732.04,1778090580000,1102
2026-05-06 18:04:00+00:00,41345.998675,732.2099,732.155,732.2,732.23,732.155,1778090640000,691
2026-05-06 18:05:00+00:00,53872.638419,732.3035,732.2,732.33,732.4,732.19,1778090700000,983
2026-05-06 18:06:00+00:00,170021.083371,725.8803,732.33,732.41,732.43,732.33,1778090760000,1039
2026-05-06 18:07:00+00:00,44016.37413,732.3932,732.415,732.37,732.45,732.32,1778090820000,818
2026-05-06 18:08:00+00:00,69490.631486,732.4389,732.38,732.41,732.46,732.38,1778090880000,1071
2026-05-06 18:09:00+00:00,76110.808958,732.4846,732.41,732.505,732.53,732.4,1778090940000,1198
2026-05-06 18:10:00+00:00,60716.883104,732.5129,732.51,732.54,732.58,732.41,1778091000000,1179
2026-05-06 18:11:00+00:00,54782.33589,732.5175,732.51,732.47,732.56,732.45,1778091060000,944
2026-05-06 18:12:00+00:00,42046.293152,732.4345,732.47,732.4,732.5001,732.33,1778091120000,771
2026-05-06 18:13:00+00:00,35573.42245,732.4274,732.39,732.44,732.47,732.32,1778091180000,746
2026-05-06 18:14:00+00:00,39965.857777,732.4991,732.435,732.5,732.54,732.41,1778091240000,799
2026-05-06 18:15:00+00:00,77374.038654,732.6781,732.49,732.7,732.74,732.49,1778091300000,1232
2026-05-06 18:16:00+00:00,64965.944968,732.7836,732.71,732.87,732.89,732.6701,1778091360000,1154
2026-05-06 18:17:00+00:00,54024.54551,732.9534,732.87,732.98,733.0,732.84,1778091420000,1151
2026-05-06 18:18:00+00:00,66659.413549,732.9754,732.975,732.985,733.02,732.91,1778091480000,1144
2026-05-06 18:19:00+00:00,51747.088533,732.937,732.985,732.885,733.01,732.87,1778091540000,991
2026-05-06 18:20:00+00:00,116850.66148,732.9374,732.89,732.9,732.99,732.8701,1778091600000,1212
2026-05-06 18:21:00+00:00,125768.268789,732.9696,732.9,733.02,733.05,732.88,1778091660000,1422
2026-05-06 18:22:00+00:00,49513.723047,733.0502,733.03,733.055,733.08,732.9701,1778091720000,859
2026-05-06 18:23:00+00:00,64558.175369,733.1024,733.06,733.1407,733.17,733.01,1778091780000,1013
2026-05-06 18:24:00+00:00,35336.970516,733.1505,733.15,733.07,733.18,733.0601,1778091840000,818
2026-05-06 18:25:00+00:00,68903.76346,733.0272,733.06,733.08,733.0999,732.97,1778091900000,958
2026-05-06 18:26:00+00:00,51817.572348,733.0418,733.07,733.04,733.09,732.99,1778091960000,809
2026-05-06 18:27:00+00:00,44264.577016,733.0822,733.04,733.01,733.14,733.01,1778092020000,776
2026-05-06 18:28:00+00:00,110771.175405,733.0935,733.04,733.09,733.11,733.04,1778092080000,1198
2026-05-06 18:29:00+00:00,51785.01521,733.0613,733.08,733.045,733.1,733.0199,1778092140000,790
2026-05-06 18:30:00+00:00,92651.593513,733.083,733.04,733.1,733.13,732.99,1778092200000,1174
2026-05-06 18:31:00+00:00,54009.453225,733.0425,733.09,732.975,733.105,732.975,1778092260000,1037
2026-05-06 18:32:00+00:00,85486.321992,732.928,732.975,732.94,732.985,732.87,1778092320000,1138
2026-05-06 18:33:00+00:00,69147.364821,733.0076,732.93,733.06,733.06,732.915,1778092380000,841
2026-05-06 18:34:00+00:00,237242.693711,728.059,733.04,733.19,733.2,733.03,1778092440000,1236
2026-05-06 18:35:00+00:00,88392.058576,733.3419,733.21,733.38,733.46,733.2,1778092500000,1231
2026-05-06 18:36:00+00:00,71878.936811,733.3995,733.38,733.38,733.43,733.34,1778092560000,900
2026-05-06 18:37:00+00:00,162217.254909,725.7848,733.36,733.3801,733.395,733.31,1778092620000,687
2026-05-06 18:38:00+00:00,80948.730105,733.27,733.39,733.22,733.39,733.2,1778092680000,1080
2026-05-06 18:39:00+00:00,83778.352142,733.1531,733.22,733.195,733.23,733.1,1778092740000,1137
2026-05-06 18:40:00+00:00,43307.956507,733.1834,733.2,733.13,733.21,733.12,1778092800000,908
2026-05-06 18:41:00+00:00,40761.590813,733.1459,733.13,733.11,733.18,733.08,1778092860000,842
2026-05-06 18:42:00+00:00,39531.298126,733.1074,733.12,733.08,733.1698,733.04,1778092920000,942
2026-05-06 18:43:00+00:00,191715.621793,726.869,733.09,733.15,733.17,733.04,1778092980000,801
2026-05-06 18:44:00+00:00,186609.367736,726.7071,733.15,733.02,733.1883,733.02,1778093040000,1091
2026-05-06 18:45:00+00:00,64431.930909,733.0703,733.04,733.07,733.16,732.98,1778093100000,1134
2026-05-06 18:46:00+00:00,77050.190965,733.0579,733.07,732.98,733.125,732.97,1778093160000,1065
2026-05-06 18:47:00+00:00,197810.548397,727.0004,732.99,732.85,733.02,732.85,1778093220000,1017
2026-05-06 18:48:00+00:00,59024.534696,732.8726,732.86,732.81,732.86,732.76,1778093280000,1048
2026-05-06 18:49:00+00:00,51306.655603,732.9076,732.82,732.87,732.95,732.79,1778093340000,1099
2026-05-06 18:50:00+00:00,41582.687464,732.7986,732.865,732.7253,732.88,732.72,1778093400000,1006
2026-05-06 18:51:00+00:00,80968.527015,732.8065,732.73,732.8401,732.85,732.73,1778093460000,1041
2026-05-06 18:52:00+00:00,85986.863205,732.8952,732.85,732.87,732.95,732.82,1778093520000,1167
2026-05-06 18:53:00+00:00,217914.898873,727.5488,732.87,733.005,733.02,732.87,1778093580000,1198
2026-05-06 18:54:00+00:00,56722.377842,733.0543,733.005,733.05,733.11,733.0,1778093640000,939
2026-05-06 18:55:00+00:00,99642.483632,733.0478,733.05,733.005,733.09,732.99,1778093700000,1196
2026-05-06 18:56:00+00:00,241529.695428,728.1073,733.01,733.0962,733.12,732.97,1778093760000,1330
2026-05-06 18:57:00+00:00,49209.318186,733.0849,733.09,733.075,733.12,733.04,1778093820000,1008
2026-05-06 18:58:00+00:00,147936.001029,733.059,733.07,733.0551,733.12,733.01,1778093880000,1517
2026-05-06 18:59:00+00:00,49063.855089,733.0543,733.06,732.96,733.12,732.96,1778093940000,1029
2026-05-06 19:00:00+00:00,166377.079213,733.047,732.953,733.1099,733.13,732.93,1778094000000,2056
2026-05-06 19:01:00+00:00,98173.080523,733.1081,733.1,733.24,733.28,733.04,1778094060000,1465
2026-05-06 19:02:00+00:00,89926.921363,733.3174,733.26,733.33,733.35,733.25,1778094120000,1392
2026-05-06 19:03:00+00:00,125815.922781,733.3737,733.31,733.38,733.41,733.305,1778094180000,1363
2026-05-06 19:04:00+00:00,1095812.896564,733.1662,733.38,733.34,733.48,733.32,1778094240000,1306
2026-05-06 19:05:00+00:00,101027.607197,733.3474,733.33,733.39,733.42,733.26,1778094300000,1490
2026-05-06 19:06:00+00:00,286579.54307,729.0943,733.39,733.53,733.55,733.31,1778094360000,1940
2026-05-06 19:07:00+00:00,297822.945602,729.3998,733.52,733.665,733.73,733.5,1778094420000,2072
2026-05-06 19:08:00+00:00,58973.113453,733.5922,733.665,733.6,733.67,733.55,1778094480000,1057
2026-05-06 19:09:00+00:00,196908.74852,727.1919,733.6099,733.525,733.62,733.5,1778094540000,1150
2026-05-06 19:10:00+00:00,43052.460651,733.6084,733.52,733.6,733.6534,733.52,1778094600000,1240
2026-05-06 19:11:00+00:00,93806.399364,733.659,733.602,733.65,733.72,733.58,1778094660000,1404
2026-05-06 19:12:00+00:00,90863.506458,733.7258,733.65,733.72,733.8,733.6254,1778094720000,1480
2026-05-06 19:13:00+00:00,104436.78103,733.6858,733.73,733.71,733.8,733.69,1778094780000,1179
2026-05-06 19:14:00+00:00,62273.219519,733.7618,733.72,733.76,733.8,733.71,1778094840000,1139
2026-05-06 19:15:00+00:00,168627.075021,733.6665,733.76,733.61,733.79,733.6,1778094900000,1904
2026-05-06 19:16:00+00:00,97911.658569,733.6715,733.61,733.78,733.78,733.59,1778094960000,1623
2026-05-06 19:17:00+00:00,133116.202442,733.7745,733.77,733.79,733.8,733.74,1778095020000,1767
2026-05-06 19:18:00+00:00,143976.272522,733.7656,733.79,733.83,733.84,733.68,1778095080000,1858
2026-05-06 19:19:00+00:00,189992.638082,727.0365,733.84,733.78,733.84,733.72,1778095140000,1234
2026-05-06 19:20:00+00:00,76223.944706,733.7991,733.78,733.79,733.8691,733.71,1778095200000,1456
2026-05-06 19:21:00+00:00,139910.330082,733.9135,733.79,733.9,733.99,733.79,1778095260000,1675
2026-05-06 19:22:00+00:00,111534.384549,733.9123,733.91,733.895,733.94,733.88,1778095320000,1390
2026-05-06 19:23:00+00:00,207229.60746,733.9105,733.9,733.91,733.95,733.84,1778095380000,2165
2026-05-06 19:24:00+00:00,189032.873583,733.9403,733.91,733.8601,733.99,733.8601,1778095440000,1969
2026-05-06 19:25:00+00:00,165188.351881,733.8347,733.865,733.795,733.8951,733.79,1778095500000,1702
2026-05-06 19:26:00+00:00,122712.062044,733.7091,733.795,733.7,733.81,733.64,1778095560000,1863
2026-05-06 19:27:00+00:00,225576.49463,733.7816,733.69,733.88,733.885,733.66,1778095620000,1446
2026-05-06 19:28:00+00:00,90063.327236,733.8918,733.8899,733.855,733.94,733.82,1778095680000,1566
2026-05-06 19:29:00+00:00,97567.028123,733.9087,733.85,733.86,733.96,733.78,1778095740000,1605
2026-05-06 19:30:00+00:00,131064.993241,733.7138,733.85,733.73,733.87,733.63,1778095800000,2017
2026-05-06 19:31:00+00:00,79610.451992,733.7282,733.72,733.78,733.79,733.67,1778095860000,1648
2026-05-06 19:32:00+00:00,223757.794575,733.7483,733.78,733.69,733.84,733.67,1778095920000,2432
2026-05-06 19:33:00+00:00,209613.697705,733.6315,733.68,733.64,733.71,733.55,1778095980000,2110
2026-05-06 19:34:00+00:00,130291.537914,733.6635,733.635,733.625,733.71,733.61,1778096040000,1796
2026-05-06 19:35:00+00:00,107116.310996,733.6677,733.62,733.7,733.73,733.6,1778096100000,1715
2026-05-06 19:36:00+00:00,88195.92475,733.6952,733.7,733.645,733.75,733.63,1778096160000,1485
2026-05-06 19:37:00+00:00,100519.519394,733.6934,733.65,733.81,733.82,733.64,1778096220000,1602
2026-05-06 19:38:00+00:00,82616.618921,733.9366,733.82,733.975,734.0,733.813,1778096280000,1537
2026-05-06 19:39:00+00:00,186407.752376,733.9395,733.98,733.97,733.99,733.85,1778096340000,2039
2026-05-06 19:40:00+00:00,167698.59535,733.9478,733.97,733.89,734.0,733.84,1778096400000,2563
2026-05-06 19:41:00+00:00,135851.69758,733.8487,733.885,733.84,733.91,733.8,1778096460000,1847
2026-05-06 19:42:00+00:00,330215.027313,733.5431,733.84,733.76,733.91,733.74,1778096520000,2144
2026-05-06 19:43:00+00:00,123022.839147,733.7512,733.75,733.72,733.78,733.7,1778096580000,1991
2026-05-06 19:44:00+00:00,157079.975357,733.7367,733.73,733.675,733.8,733.66,1778096640000,2429
2026-05-06 19:45:00+00:00,348054.171561,730.0985,733.67,733.94,733.95,733.59,1778096700000,3187
2026-05-06 19:46:00+00:00,170831.142525,733.9063,733.95,733.85,733.99,733.83,1778096760000,2374
2026-05-06 19:47:00+00:00,249914.329443,733.8587,733.85,733.88,733.9,733.81,1778096820000,2210
2026-05-06 19:48:00+00:00,474954.717967,733.7434,733.9,733.69,733.94,733.65,1778096880000,6324
2026-05-06 19:49:00+00:00,164948.279763,733.6651,733.695,733.7,733.74,733.59,1778096940000,2360
2026-05-06 19:50:00+00:00,387274.836859,734.2456,733.7,734.46,734.5,733.65,1778097000000,6521
2026-05-06 19:51:00+00:00,279686.696486,734.4309,734.48,734.33,734.5289,734.28,1778097060000,4912
2026-05-06 19:52:00+00:00,216095.327602,734.3316,734.32,734.24,734.42,734.23,1778097120000,4518
2026-05-06 19:53:00+00:00,374064.750322,734.4401,734.23,734.47,734.51,734.19,1778097180000,5103
2026-05-06 19:54:00+00:00,395591.399197,734.4785,734.45,734.45,734.57,734.41,1778097240000,5509
2026-05-06 19:55:00+00:00,707620.23993,730.619,734.44,734.55,734.59,734.4,1778097300000,6898
2026-05-06 19:56:00+00:00,339805.343218,734.4984,734.55,734.46,734.58,734.44,1778097360000,4976
2026-05-06 19:57:00+00:00,389796.786558,734.3671,734.46,734.29,734.49,734.25,1778097420000,5201
2026-05-06 19:58:00+00:00,450819.498046,734.3153,734.28,734.28,734.4,734.24,1778097480000,6195
2026-05-06 19:59:00+00:00,2248171.002274,732.3696,734.28,733.79,734.475,733.76,1778097540000,14914
2026-05-06 20:00:00+00:00,371318.432397,730.434,733.79,733.65,734.17,733.56,1778097600000,897
2026-05-06 20:01:00+00:00,335383.335738,729.9599,733.65,733.87,733.93,733.55,1778097660000,714
2026-05-06 20:02:00+00:00,71141.702751,733.9936,733.93,733.99,734.1,733.91,1778097720000,353
2026-05-06 20:03:00+00:00,20911.083116,733.9358,734.02,733.91,734.04,733.899,1778097780000,165
2026-05-06 20:04:00+00:00,350323.288672,733.8642,733.9,733.91,733.93,733.81,1778097840000,322
2026-05-06 20:05:00+00:00,31729.500871,734.0768,733.901,734.02,734.1,733.901,1778097900000,180
2026-05-06 20:06:00+00:00,97745.373763,734.1127,733.99,734.05,734.1465,733.99,1778097960000,178
2026-05-06 20:07:00+00:00,340122.627583,729.655,734.02,734.18,734.19,734.02,1778098020000,134
2026-05-06 20:08:00+00:00,424224.229769,734.1227,734.15,733.88,734.17,733.88,1778098080000,413
2026-05-06 20:09:00+00:00,116581.893032,733.9145,733.88,733.97,734.0,733.87,1778098140000,427
2026-05-06 20:10:00+00:00,52426.098693,733.8958,733.92,733.86,734.0,733.81,1778098200000,370
2026-05-06 20:11:00+00:00,3505481.084901,734.1572,733.87,733.74,733.87,733.739,1778098260000,446
2026-05-06 20:12:00+00:00,182388.252529,726.7426,733.71,733.83,734.068,733.62,1778098320000,291
2026-05-06 20:13:00+00:00,7193.299711,734.1737,733.95,734.25,734.25,733.95,1778098380000,132
2026-05-06 20:14:00+00:00,30179.927745,734.4533,734.28,734.44,734.57,734.28,1778098440000,245
2026-05-06 20:15:00+00:00,19930.914103,734.4893,734.5,734.429,734.5,734.41,1778098500000,132
2026-05-06 20:16:00+00:00,633341.255166,734.173,734.3787,734.28,734.46,734.22,1778098560000,242
2026-05-06 20:17:00+00:00,14068.255069,734.2395,734.27,734.25,734.2795,734.22,1778098620000,72
2026-05-06 20:18:00+00:00,56259.982827,734.2671,734.29,734.28,734.36,734.23,1778098680000,263
2026-05-06 20:19:00+00:00,363614.997973,734.1771,734.3,734.2,734.3,734.2,1778098740000,119
2026-05-06 20:20:00+00:00,5629.534468,734.3657,734.2199,734.31,734.32,734.2199,1778098800000,76
2026-05-06 20:21:00+00:00,3440.847623,734.4794,734.25,734.31,734.31,734.24,1778098860000,64
2026-05-06 20:22:00+00:00,5870.546767,734.396,734.33,734.34,734.37,734.3,1778098920000,54
2026-05-06 20:23:00+00:00,2200.708346,734.4805,734.31,734.2,734.31,734.18,1778098980000,51
2026-05-06 20:24:00+00:00,5174.362668,734.1509,734.2,734.09,734.2,734.0299,1778099040000,90
2026-05-06 20:25:00+00:00,7027.672436,734.0912,734.1,734.16,734.19,733.83,1778099100000,59
2026-05-06 20:26:00+00:00,73256.058959,734.2609,734.16,734.31,734.31,734.16,1778099160000,368
2026-05-06 20:27:00+00:00,28609.109529,734.3478,734.3,734.34,734.4,734.3,1778099220000,198
2026-05-06 20:28:00+00:00,7127.117686,734.3898,734.35,734.35,734.39,734.35,1778099280000,45
2026-05-06 20:29:00+00:00,12192.35002,734.3383,734.33,734.29,734.35,734.27,1778099340000,78
2026-05-06 20:30:00+00:00,7956.265542,734.2568,734.3048,734.2,734.3048,734.2,1778099400000,54
2026-05-06 20:31:00+00:00,8846.47629,734.0738,734.12,734.01,734.1261,734.01,1778099460000,98
2026-05-06 20:32:00+00:00,2110.400765,734.127,734.01,733.98,734.01,733.94,1778099520000,49
2026-05-06 20:33:00+00:00,19610.143008,733.8884,733.97,733.89,733.97,733.82,1778099580000,152
2026-05-06 20:34:00+00:00,2865.023572,733.8612,733.9012,733.85,733.9013,733.82,1778099640000,59
2026-05-06 20:35:00+00:00,3216.342552,733.9024,733.85,733.86,733.86,733.8,1778099700000,81
2026-05-06 20:36:00+00:00,1330.651081,734.253,733.83,733.9,733.95,733.83,1778099760000,53
2026-05-06 20:37:00+00:00,874.762849,734.5316,733.87,733.9422,733.9422,733.83,1778099820000,38
2026-05-06 20:38:00+00:00,1206.190156,733.9671,733.88,733.8,733.9,733.8,1778099880000,60
2026-05-06 20:39:00+00:00,3253.697315,733.939,733.8,733.77,733.8,733.77,1778099940000,68
2026-05-06 20:40:00+00:00,2901.710598,733.9917,733.78,733.8,733.83,733.78,1778100000000,55
2026-05-06 20:41:00+00:00,2857.751515,733.9856,733.82,733.78,733.82,733.77,1778100060000,68
2026-05-06 20:42:00+00:00,2232.831803,734.1025,733.77,733.8,733.8635,733.76,1778100120000,62
2026-05-06 20:43:00+00:00,1045.890753,734.4243,733.82,733.79,733.82,733.77,1778100180000,39
2026-05-06 20:44:00+00:00,505.336233,734.326,733.83,733.82,733.85,733.82,1778100240000,37
2026-05-06 20:45:00+00:00,6212.493763,733.8105,733.7752,733.7003,733.7752,733.7,1778100300000,78
2026-05-06 20:46:00+00:00,5566.152212,733.6795,733.71,733.7197,733.7197,733.62,1778100360000,78
2026-05-06 20:47:00+00:00,5320.816882,733.7271,733.72,733.6,733.72,733.6,1778100420000,80
2026-05-06 20:48:00+00:00,2440.973894,733.8941,733.61,733.59,733.64,733.59,1778100480000,49
2026-05-06 20:49:00+00:00,1060.308154,733.8331,733.63,733.65,733.65,733.6,1778100540000,42
2026-05-06 20:50:00+00:00,10648.884923,733.7086,733.61,733.59,733.65,733.59,1778100600000,36
2026-05-06 20:51:00+00:00,7892.414361,733.5991,733.59,733.55,733.6,733.55,1778100660000,78
2026-05-06 20:52:00+00:00,6818.05236,733.5476,733.56,733.53,733.56,733.5003,1778100720000,107
2026-05-06 20:53:00+00:00,915.105574,733.6654,733.5,733.65,733.6523,733.5,1778100780000,53
2026-05-06 20:54:00+00:00,305.315045,734.3334,733.57,733.57,733.57,733.57,1778100840000,26
2026-05-06 20:55:00+00:00,1919.316325,733.669,733.58,733.53,733.58,733.53,1778100900000,52
2026-05-06 20:56:00+00:00,11656.323051,733.5793,733.54,733.5944,733.62,733.53,1778100960000,96
2026-05-06 20:57:00+00:00,234.555851,735.3668,733.5564,733.669,733.669,733.5564,1778101020000,22
2026-05-06 20:58:00+00:00,4726.386006,733.6419,733.63,733.57,733.63,733.57,1778101080000,48
2026-05-06 20:59:00+00:00,940.33481,733.9828,733.62,733.76,733.76,733.62,1778101140000,51
2026-05-06 21:00:00+00:00,92.837025,740.4115,733.7249,733.7249,733.7249,733.7249,1778101200000,19
2026-05-06 21:01:00+00:00,9297.253057,733.6693,733.72,733.6,733.72,733.56,1778101260000,95
2026-05-06 21:02:00+00:00,1239.434848,734.025,733.82,733.7,733.88,733.7,1778101320000,49
2026-05-06 21:03:00+00:00,2174.224878,733.8672,733.9,733.7,733.9,733.69,1778101380000,30
2026-05-06 21:04:00+00:00,4376.387565,733.8603,733.7,733.86,733.9,733.69,1778101440000,68
2026-05-06 21:05:00+00:00,329.157788,734.1275,733.81,733.75,733.81,733.75,1778101500000,30
2026-05-06 21:06:00+00:00,1528.327665,733.9522,733.75,733.81,733.81,733.75,1778101560000,24
2026-05-06 21:07:00+00:00,8289.186035,733.7869,733.81,733.9,733.9,733.7,1778101620000,119
2026-05-06 21:08:00+00:00,10508.786625,733.8858,733.85,733.85,733.85,733.83,1778101680000,36
2026-05-06 21:11:00+00:00,1018.258022,733.9478,733.83,733.73,733.83,733.73,1778101860000,45
2026-05-06 21:12:00+00:00,4405.276078,733.7959,733.75,733.75,733.75,733.7495,1778101920000,30
2026-05-06 21:13:00+00:00,255.770462,735.9503,733.73,733.73,733.73,733.73,1778101980000,18
2026-05-06 21:14:00+00:00,29098.161091,733.8306,733.75,733.73,733.75,733.73,1778102040000,27
2026-05-06 21:15:00+00:00,5043.082383,733.7131,733.71,733.7,733.71,733.7,1778102100000,26
2026-05-06 21:16:00+00:00,1606.478231,733.9188,733.7,733.7,733.7,733.69,1778102160000,25
2026-05-06 21:17:00+00:00,84.196783,735.4434,733.7378,733.7378,733.7378,733.7378,1778102220000,15
2026-05-06 21:18:00+00:00,2029.202637,733.8025,733.74,733.72,733.74,733.72,1778102280000,28
2026-05-06 21:21:00+00:00,239.906206,736.5089,733.72,733.7394,733.7394,733.72,1778102460000,23
2026-05-06 21:22:00+00:00,2057.213493,733.7867,733.71,733.7,733.75,733.7,1778102520000,47
2026-05-06 21:23:00+00:00,413.993835,735.4658,733.73,733.69,733.73,733.68,1778102580000,35
2026-05-06 21:24:00+00:00,1316.756357,734.0834,733.68,733.6501,733.68,733.65,1778102640000,29
2026-05-06 21:25:00+00:00,203.915218,736.9987,733.65,733.7,733.7,733.65,1778102700000,19
2026-05-06 21:26:00+00:00,435.549202,734.5939,733.6981,733.6501,733.7,733.65,1778102760000,23
2026-05-06 21:27:00+00:00,175.81549,737.0973,733.69,733.66,733.69,733.66,1778102820000,15
2026-05-06 21:28:00+00:00,11387.57051,733.5692,733.65,733.51,733.65,733.5,1778102880000,88
2026-05-06 21:29:00+00:00,10079.292043,733.5151,733.52,733.47,733.52,733.45,1778102940000,91
2026-05-06 21:30:00+00:00,4141.034737,733.474,733.4983,733.42,733.58,733.4,1778103000000,48
2026-05-06 21:31:00+00:00,971.730992,733.9651,733.42,733.4,733.42,733.4,1778103060000,39
2026-05-06 21:32:00+00:00,1136.743805,733.9056,733.41,733.4,733.47,733.4,1778103120000,37
2026-05-06 21:33:00+00:00,2868.09565,733.3748,733.4,733.31,733.4,733.3,1778103180000,80
2026-05-06 21:34:00+00:00,1386.158277,733.4167,733.3152,733.33,733.35,733.31,1778103240000,24
2026-05-06 21:35:00+00:00,4411.641361,733.4118,733.31,733.32,733.32,733.3,1778103300000,59
2026-05-06 21:36:00+00:00,1687.095414,733.3591,733.33,733.33,733.33,733.3,1778103360000,42
2026-05-06 21:38:00+00:00,623.75616,734.2093,733.33,733.33,733.33,733.33,1778103480000,26
2026-05-06 21:39:00+00:00,583.128256,733.4057,733.3,733.23,733.3,733.23,1778103540000,54
2026-05-06 21:40:00+00:00,313.050162,733.3827,733.25,733.21,733.31,733.21,1778103600000,22
2026-05-06 21:42:00+00:00,504.896385,734.5022,733.2,733.2,733.2,733.2,1778103720000,72
2026-05-06 21:43:00+00:00,1044.102483,733.1518,733.1,733.0391,733.1,733.0391,1778103780000,95
2026-05-06 21:44:00+00:00,148.576926,735.9259,733.06,733.06,733.06,733.06,1778103840000,26
2026-05-06 21:45:00+00:00,793.099083,733.1905,733.07,733.05,733.1805,733.05,1778103900000,73
2026-05-06 21:46:00+00:00,1850.23175,733.1653,733.13,733.06,733.13,733.05,1778103960000,41
2026-05-06 21:47:00+00:00,1763.386566,733.5095,733.3,733.391,733.49,733.2305,1778104020000,53
2026-05-06 21:48:00+00:00,226.583793,735.1846,733.25,733.25,733.25,733.25,1778104080000,25
2026-05-06 21:49:00+00:00,1395.563583,733.4501,733.15,733.08,733.15,733.08,1778104140000,71
2026-05-06 21:50:00+00:00,734.411148,733.5737,733.137,733.24,733.24,733.137,1778104200000,23
2026-05-06 21:51:00+00:00,1141.975546,733.7742,733.16,733.11,733.17,733.11,1778104260000,58
2026-05-06 21:52:00+00:00,8237.013661,733.0609,733.08,733.04,733.11,733.01,1778104320000,67
2026-05-06 21:53:00+00:00,2417.371669,733.1219,733.036,733.0,733.04,733.0,1778104380000,83
2026-05-06 21:54:00+00:00,435.268148,733.4548,733.0,733.0,733.0,733.0,1778104440000,27
2026-05-06 21:55:00+00:00,10941.23546,733.1099,733.17,733.1,733.21,733.04,1778104500000,59
2026-05-06 21:56:00+00:00,19620.010174,733.5962,733.07,733.07,733.07,733.0,1778104560000,46
2026-05-06 21:57:00+00:00,3178.52633,733.174,733.07,733.05,733.09,733.05,1778104620000,57
2026-05-06 21:58:00+00:00,2241.7224,733.2513,733.05,733.07,733.07,732.97,1778104680000,41
2026-05-06 21:59:00+00:00,4403.02654,733.1204,733.07,733.12,733.2497,733.07,1778104740000,59
2026-05-06 22:00:00+00:00,19252.977112,733.217,733.07,733.15,733.29,732.98,1778104800000,190
2026-05-06 22:01:00+00:00,1683.576902,733.3333,733.13,733.09,733.13,733.02,1778104860000,66
2026-05-06 22:02:00+00:00,10489.460891,733.6784,733.1596,733.3896,733.3896,733.1596,1778104920000,58
2026-05-06 22:03:00+00:00,5213.798579,733.4168,733.321,733.25,733.37,733.25,1778104980000,59
2026-05-06 22:04:00+00:00,2459.845812,733.4,733.19,733.16,733.19,733.11,1778105040000,58
2026-05-06 22:05:00+00:00,3967.750102,733.156,733.05,733.0,733.05,733.0,1778105100000,69
2026-05-06 22:06:00+00:00,1401.08216,733.1225,733.17,733.01,733.17,733.01,1778105160000,33
2026-05-06 22:07:00+00:00,3743.309862,733.2855,732.97,732.97,732.99,732.88,1778105220000,63
2026-05-06 22:08:00+00:00,718.722613,733.788,733.05,733.05,733.05,733.05,1778105280000,25
2026-05-06 22:09:00+00:00,1325.039781,733.1359,733.06,733.1,733.1174,733.06,1778105340000,21
2026-05-06 22:10:00+00:00,311.232198,733.5594,733.05,732.99,733.05,732.99,1778105400000,27
2026-05-06 22:11:00+00:00,789.640572,733.7154,733.11,733.12,733.15,733.11,1778105460000,39
2026-05-06 22:12:00+00:00,476.266058,733.4853,733.1,733.0491,733.1,733.0491,1778105520000,17
2026-05-06 22:13:00+00:00,126.490469,735.9742,733.12,733.12,733.12,733.12,1778105580000,24
2026-05-06 22:14:00+00:00,156.786902,736.7733,733.08,733.08,733.08,733.08,1778105640000,18
2026-05-06 22:15:00+00:00,311.681665,734.6353,733.03,733.0155,733.03,733.0155,1778105700000,17
2026-05-06 22:18:00+00:00,115.741723,737.8927,733.17,733.17,733.17,733.17,1778105880000,12
2026-05-06 22:19:00+00:00,11382.053312,733.2248,733.17,733.25,733.25,733.17,1778105940000,56
2026-05-06 22:20:00+00:00,473.66483,734.2895,733.26,733.2599,733.26,733.2599,1778106000000,22
2026-05-06 22:21:00+00:00,910.349057,733.4788,733.24,733.16,733.24,733.16,1778106060000,18
2026-05-06 22:22:00+00:00,5196.844128,733.1848,733.07,732.95,733.08,732.95,1778106120000,46
2026-05-06 22:23:00+00:00,498.18603,733.2226,732.96,732.97,732.97,732.92,1778106180000,22
2026-05-06 22:24:00+00:00,393.219127,733.4216,733.0,733.0135,733.02,733.0,1778106240000,11
2026-05-06 22:26:00+00:00,192.107405,733.2887,732.8995,732.8995,732.8995,732.8995,1778106360000,27
2026-05-06 22:27:00+00:00,2194.184753,732.9123,732.84,732.8948,732.9181,732.81,1778106420000,29
2026-05-06 22:28:00+00:00,1115.212968,732.9462,732.8682,732.7852,732.8682,732.7852,1778106480000,39
2026-05-06 22:29:00+00:00,1186.772558,733.2297,732.7795,732.74,732.7795,732.74,1778106540000,35
2026-05-06 22:30:00+00:00,829.348454,733.0605,732.7139,732.7565,732.77,732.7139,1778106600000,18
2026-05-06 22:31:00+00:00,2543.567059,732.9628,732.8,732.83,732.83,732.79,1778106660000,45
2026-05-06 22:32:00+00:00,689.367678,733.2618,732.84,732.8834,732.8834,732.84,1778106720000,26
2026-05-06 22:33:00+00:00,230.302429,733.8303,732.8514,732.9041,732.9041,732.8514,1778106780000,18
2026-05-06 22:34:00+00:00,1985.281295,733.0386,732.89,732.9394,732.95,732.89,1778106840000,36
2026-05-06 22:35:00+00:00,352.261672,733.5131,732.97,732.98,732.98,732.95,1778106900000,16
2026-05-06 22:36:00+00:00,2324.233004,733.0134,732.94,732.96,732.9638,732.91,1778106960000,12
2026-05-06 22:38:00+00:00,154.641583,735.9951,732.94,732.9421,732.9421,732.94,1778107080000,12
2026-05-06 22:39:00+00:00,330.769858,734.6011,732.92,732.85,732.92,732.85,1778107140000,32
2026-05-06 22:40:00+00:00,272.535487,734.3034,732.87,732.8365,732.87,732.8365,1778107200000,22
2026-05-06 22:41:00+00:00,259.25846,733.6462,732.89,732.9487,732.9487,732.89,1778107260000,14
2026-05-06 22:42:00+00:00,182.587526,735.2882,732.9091,732.9,732.9091,732.9,1778107320000,19
2026-05-06 22:43:00+00:00,1050.610353,733.3465,732.92,732.92,732.92,732.92,1778107380000,23
2026-05-06 22:44:00+00:00,180.099502,733.3621,732.9525,732.98,732.98,732.93,1778107440000,9
2026-05-06 22:45:00+00:00,303.2612,733.5478,732.93,732.9112,732.93,732.9112,1778107500000,12
2026-05-06 22:46:00+00:00,647.736104,733.7627,732.9336,732.91,732.9336,732.91,1778107560000,18
2026-05-06 22:47:00+00:00,83.45818,736.9644,732.92,732.92,732.92,732.92,1778107620000,18
2026-05-06 22:48:00+00:00,293.123734,733.2466,732.9325,732.95,732.95,732.9325,1778107680000,18
2026-05-06 22:49:00+00:00,80.41246,736.6961,732.91,732.91,732.91,732.91,1778107740000,13
2026-05-06 22:50:00+00:00,398.200656,733.3117,732.9577,732.95,732.96,732.91,1778107800000,24
2026-05-06 22:51:00+00:00,1129.53301,733.2981,732.95,732.93,732.9599,732.92,1778107860000,14
2026-05-06 22:52:00+00:00,525.746847,733.9816,732.9065,732.91,732.97,732.9065,1778107920000,29
2026-05-06 22:54:00+00:00,231.929318,735.8622,732.92,732.92,732.92,732.92,1778108040000,19
2026-05-06 22:55:00+00:00,240.366605,734.0118,732.91,732.9,732.91,732.9,1778108100000,24
2026-05-06 22:56:00+00:00,1651.146765,732.909,732.85,732.83,732.85,732.82,1778108160000,46
2026-05-06 22:58:00+00:00,270.554018,734.3395,732.83,732.84,732.84,732.83,1778108280000,13
2026-05-06 22:59:00+00:00,3509.068211,732.8749,732.88,732.86,732.88,732.82,1778108340000,37
2026-05-06 23:00:00+00:00,195.215431,733.6287,732.81,732.82,732.82,732.81,1778108400000,12
2026-05-06 23:01:00+00:00,304.317896,733.6133,732.8448,732.833,732.85,732.833,1778108460000,14
2026-05-06 23:02:00+00:00,1254.514124,733.2159,732.87,732.96,732.99,732.87,1778108520000,32
2026-05-06 23:03:00+00:00,458.912698,734.4044,732.9165,732.91,732.96,732.91,1778108580000,26
2026-05-06 23:05:00+00:00,156.066075,733.2365,732.93,732.93,732.93,732.93,1778108700000,17
2026-05-06 23:06:00+00:00,3185.206122,732.9166,732.9195,732.88,732.9195,732.86,1778108760000,36
2026-05-06 23:09:00+00:00,396.304266,733.5201,732.9465,733.0,733.0,732.9465,1778108940000,27
2026-05-06 23:10:00+00:00,1039.719572,733.5678,733.01,733.12,733.12,732.97,1778109000000,34
2026-05-06 23:11:00+00:00,1061.102061,733.1695,733.13,733.09,733.13,733.08,1778109060000,26
2026-05-06 23:12:00+00:00,297.084514,733.3206,733.12,733.1106,733.12,733.1106,1778109120000,10
2026-05-06 23:13:00+00:00,612.14699,733.2815,733.1,733.08,733.15,733.08,1778109180000,28
2026-05-06 23:14:00+00:00,327.557148,734.2912,733.07,733.02,733.07,733.02,1778109240000,20
2026-05-06 23:15:00+00:00,125.447003,735.64,733.01,733.01,733.01,733.01,1778109300000,17
2026-05-06 23:16:00+00:00,1540.78312,733.3348,732.97,732.96,732.97,732.96,1778109360000,18
2026-05-06 23:17:00+00:00,287.16203,733.3646,732.95,732.95,732.95,732.95,1778109420000,16
2026-05-06 23:18:00+00:00,793.254118,733.2151,732.9705,733.0,733.0,732.9705,1778109480000,23
2026-05-06 23:19:00+00:00,533.062142,733.2158,733.08,733.1475,733.149,733.08,1778109540000,14
2026-05-06 23:22:00+00:00,122.032292,733.3515,733.1535,733.1535,733.1535,733.1535,1778109720000,18
2026-05-06 23:23:00+00:00,1005.777662,733.7204,733.17,733.15,733.17,733.15,1778109780000,17
2026-05-06 23:24:00+00:00,309.262347,733.732,733.12,733.108,733.12,733.108,1778109840000,24
2026-05-06 23:25:00+00:00,874.459997,733.4281,733.1,733.04,733.1,733.02,1778109900000,20
2026-05-06 23:26:00+00:00,885.329316,733.2919,733.04,732.99,733.0485,732.99,1778109960000,18
2026-05-06 23:27:00+00:00,1014.341446,733.1815,732.93,732.93,732.93,732.93,1778110020000,30
2026-05-06 23:28:00+00:00,955.428508,733.2971,732.97,732.97,732.97,732.96,1778110080000,27
2026-05-06 23:29:00+00:00,278.16392,733.3799,732.95,732.94,732.95,732.94,1778110140000,11
2026-05-06 23:31:00+00:00,305.23121,733.4848,732.9808,732.89,732.9808,732.89,1778110260000,25
2026-05-06 23:32:00+00:00,1014.291802,733.0997,732.91,732.98,732.98,732.84,1778110320000,30
2026-05-06 23:33:00+00:00,584.756786,733.9466,733.0,733.0,733.0,733.0,1778110380000,19
2026-05-06 23:34:00+00:00,332.138991,733.2212,732.93,732.9035,732.93,732.9035,1778110440000,14
2026-05-06 23:35:00+00:00,132.316156,734.7104,732.9561,732.9561,732.9561,732.9561,1778110500000,8
2026-05-06 23:36:00+00:00,362.233787,733.4424,732.9794,732.9113,732.9794,732.9113,1778110560000,8
2026-05-06 23:37:00+00:00,229.33307,733.9916,732.91,732.95,732.95,732.91,1778110620000,20
2026-05-06 23:38:00+00:00,52.719569,743.0925,732.95,732.95,732.95,732.95,1778110680000,10
2026-05-06 23:39:00+00:00,1341.338141,733.088,732.9,732.91,732.91,732.89,1778110740000,35
2026-05-06 23:40:00+00:00,484.472348,733.6023,732.8578,732.8944,732.94,732.8578,1778110800000,12
2026-05-06 23:41:00+00:00,125.663813,736.8041,732.9,732.9,732.9,732.9,1778110860000,21
2026-05-06 23:42:00+00:00,449.287886,733.4693,733.01,733.03,733.03,733.0,1778110920000,19
2026-05-06 23:43:00+00:00,817.615381,733.5418,733.0,733.0,733.0,732.94,1778110980000,27
2026-05-06 23:44:00+00:00,274.1382,733.3783,733.01,733.02,733.02,733.01,1778111040000,14
2026-05-06 23:45:00+00:00,1115.875771,733.6954,733.066,733.16,733.2,733.066,1778111100000,37
2026-05-06 23:46:00+00:00,162.21872,734.1649,733.13,733.23,733.23,733.13,1778111160000,21
2026-05-06 23:47:00+00:00,451.734872,734.3685,733.24,733.1301,733.24,733.1301,1778111220000,24
2026-05-06 23:48:00+00:00,1714.72866,733.3402,733.139,732.9125,733.139,732.9125,1778111280000,58
2026-05-06 23:49:00+00:00,214.06822,733.1421,732.91,732.9,732.9197,732.9,1778111340000,11
2026-05-06 23:50:00+00:00,2952.399167,732.9425,732.9,732.85,732.9034,732.82,1778111400000,42
2026-05-06 23:51:00+00:00,198.332624,734.1254,732.84,732.95,732.95,732.84,1778111460000,14
2026-05-06 23:52:00+00:00,209.535257,734.7833,732.89,732.9,732.92,732.89,1778111520000,24
2026-05-06 23:53:00+00:00,253.240681,733.6685,732.999,732.999,732.999,732.999,1778111580000,18
2026-05-06 23:54:00+00:00,765.026107,733.0223,732.9909,733.07,733.07,732.9899,1778111640000,17
2026-05-06 23:55:00+00:00,165.284087,734.2963,733.04,733.04,733.04,733.04,1778111700000,15
2026-05-06 23:56:00+00:00,199.509499,734.9691,733.12,733.04,733.12,733.04,1778111760000,17
2026-05-06 23:57:00+00:00,636.021727,733.1265,733.12,733.1,733.12,733.1,1778111820000,13
2026-05-06 23:58:00+00:00,528.664064,733.922,733.0,733.0,733.0,733.0,1778111880000,15
2026-05-06 23:59:00+00:00,634.23476,733.2693,733.0,733.0,733.0,732.99,1778111940000,24
2026-05-07 08:00:00+00:00,5664.18139,734.7493,734.3,735.38,735.6725,734.3,1778140800000,944
2026-05-07 08:01:00+00:00,33261.015606,734.7343,735.38,735.83,736.0,734.0,1778140860000,1052
2026-05-07 08:02:00+00:00,9894.007911,735.5202,735.81,735.15,736.13,735.07,1778140920000,265
2026-05-07 08:03:00+00:00,1639.031675,735.8089,735.73,735.89,735.9,735.73,1778140980000,61
2026-05-07 08:04:00+00:00,2651.092117,735.9294,735.93,735.93,735.95,735.89,1778141040000,35
2026-05-07 08:05:00+00:00,876.009496,735.8759,735.9,735.76,735.9,735.76,1778141100000,24
2026-05-07 08:06:00+00:00,816.005489,735.748,735.77,735.73,735.77,735.73,1778141160000,19
2026-05-07 08:07:00+00:00,3420.065936,734.7916,735.64,735.59,735.75,734.23,1778141220000,111
2026-05-07 08:08:00+00:00,5489.045938,735.5665,735.55,735.47,735.59,735.47,1778141280000,71
2026-05-07 08:09:00+00:00,184.016368,735.5476,735.41,735.5,735.51,735.41,1778141340000,15
2026-05-07 08:10:00+00:00,293.031255,735.374,735.27,735.2,735.27,735.2,1778141400000,39
2026-05-07 08:11:00+00:00,268.048079,735.4826,735.36,735.37,735.37,735.36,1778141460000,38
2026-05-07 08:12:00+00:00,724.020704,735.2114,735.18,735.18,735.22,735.15,1778141520000,28
2026-05-07 08:13:00+00:00,191.013842,735.2961,735.26,735.22,735.26,735.22,1778141580000,15
2026-05-07 08:14:00+00:00,5216.059971,735.2423,735.26,735.29,735.31,735.23,1778141640000,53
2026-05-07 08:15:00+00:00,107.387237,737.7704,735.07,735.07,735.07,735.07,1778141700000,26
2026-05-07 08:16:00+00:00,457.014728,735.12,735.07,735.11,735.16,735.05,1778141760000,18
2026-05-07 08:17:00+00:00,201.011859,735.1886,735.15,735.15,735.15,735.15,1778141820000,17
2026-05-07 08:18:00+00:00,1700.079471,734.9609,735.08,734.87,735.08,734.86,1778141880000,62
2026-05-07 08:19:00+00:00,747.060834,734.9622,734.82,735.07,735.12,734.8,1778141940000,56
2026-05-07 08:20:00+00:00,284.033015,735.1511,735.08,735.13,735.13,735.0,1778142000000,30
2026-05-07 08:21:00+00:00,243.01364,735.1664,735.18,735.03,735.18,735.03,1778142060000,16
2026-05-07 08:22:00+00:00,922.029607,735.1903,735.1,735.1559,735.18,735.1,1778142120000,14
2026-05-07 08:23:00+00:00,88.069352,735.5982,735.03,735.03,735.03,735.03,1778142180000,15
2026-05-07 08:24:00+00:00,173.204039,735.9796,735.11,735.11,735.11,735.11,1778142240000,9
2026-05-07 08:25:00+00:00,14047.743841,734.6636,734.83,734.62,734.83,734.5,1778142300000,262
2026-05-07 08:26:00+00:00,2786.051179,734.8144,734.85,734.8,734.85,734.78,1778142360000,41
2026-05-07 08:27:00+00:00,870.026136,734.8574,734.73,734.84,734.84,734.73,1778142420000,26
2026-05-07 08:28:00+00:00,1619.019848,734.964,734.94,734.94,735.03,734.92,1778142480000,45
2026-05-07 08:29:00+00:00,3836.01865,734.914,734.92,734.9,734.92,734.89,1778142540000,48
2026-05-07 08:30:00+00:00,8651.019806,735.0194,735.02,734.9,735.02,734.9,1778142600000,56
2026-05-07 08:31:00+00:00,10812.025762,735.001,734.91,735.09,735.09,734.9,1778142660000,67
2026-05-07 08:32:00+00:00,91.005821,735.0819,735.04,735.04,735.04,735.04,1778142720000,9
2026-05-07 08:33:00+00:00,165.663984,737.8527,734.92,734.88,734.92,734.88,1778142780000,15
2026-05-07 08:35:00+00:00,842.028081,734.8247,734.76,734.83,734.84,734.76,1778142900000,34
2026-05-07 08:36:00+00:00,139.017765,735.0293,734.93,734.93,734.93,734.93,1778142960000,14
2026-05-07 08:38:00+00:00,6337.030184,734.9469,735.06,734.9,735.06,734.9,1778143080000,63
2026-05-07 08:39:00+00:00,915.008067,734.9358,734.93,734.93,734.93,734.93,1778143140000,19
2026-05-07 08:42:00+00:00,160.0,734.8028,734.8,734.8,734.8,734.8,1778143320000,5
2026-05-07 08:44:00+00:00,277.002027,734.7457,734.75,734.75,734.76,734.7,1778143440000,6
2026-05-07 08:45:00+00:00,498.036236,734.7986,734.75,734.68,734.8,734.68,1778143500000,31
2026-05-07 08:46:00+00:00,1807.011799,734.6178,734.68,734.66,734.71,734.59,1778143560000,42
2026-05-07 08:48:00+00:00,326.013403,734.6852,734.69,734.6,734.69,734.6,1778143680000,19
2026-05-07 08:49:00+00:00,272.041621,734.7219,734.63,734.55,734.63,734.55,1778143740000,21
2026-05-07 08:50:00+00:00,178.009974,734.7086,734.65,734.69,734.69,734.65,1778143800000,12
2026-05-07 08:51:00+00:00,175.039458,734.8267,734.62,734.73,734.73,734.62,1778143860000,12
2026-05-07 08:52:00+00:00,423.043688,734.8927,734.77,734.84,734.84,734.77,1778143920000,21
2026-05-07 08:53:00+00:00,95.102571,735.7266,734.92,734.92,734.92,734.92,1778143980000,15
2026-05-07 08:54:00+00:00,102.006094,735.0019,734.96,734.96,734.96,734.96,1778144040000,6
2026-05-07 08:55:00+00:00,288.117045,735.1342,734.82,734.84,734.84,734.82,1778144100000,14
2026-05-07 08:56:00+00:00,313.023663,734.8094,734.81,734.67,734.82,734.67,1778144160000,23
2026-05-07 08:57:00+00:00,375.009376,734.6858,734.74,734.64,734.74,734.63,1778144220000,15
2026-05-07 08:58:00+00:00,78.039276,735.0069,734.64,734.64,734.64,734.64,1778144280000,13
2026-05-07 08:59:00+00:00,491.755133,735.7576,734.6,734.6235,734.7,734.6,1778144340000,19
2026-05-07 09:00:00+00:00,1096.096101,734.6069,734.57,734.53,734.57,734.53,1778144400000,40
2026-05-07 09:01:00+00:00,323.049703,734.7649,734.62,734.66,734.67,734.62,1778144460000,24
2026-05-07 09:02:00+00:00,362.022892,734.5972,734.54,734.54,734.54,734.54,1778144520000,25
2026-05-07 09:03:00+00:00,445.064632,734.5322,734.41,734.44,734.44,734.41,1778144580000,24
2026-05-07 09:04:00+00:00,221.017029,734.5532,734.48,734.52,734.52,734.48,1778144640000,12
2026-05-07 09:05:00+00:00,228.013707,734.5536,734.53,734.51,734.53,734.51,1778144700000,17
2026-05-07 09:06:00+00:00,1077.0542,734.4293,734.44,734.44,734.46,734.33,1778144760000,45
2026-05-07 09:07:00+00:00,534.014592,734.5383,734.44,734.53,734.53,734.44,1778144820000,23
2026-05-07 09:08:00+00:00,376.324123,735.2243,734.62,734.6,734.63,734.56,1778144880000,24
2026-05-07 09:09:00+00:00,155.0,734.5628,734.56,734.57,734.57,734.56,1778144940000,7
2026-05-07 09:10:00+00:00,5109.221365,734.5821,734.55,734.55,734.55,734.55,1778145000000,37
2026-05-07 09:12:00+00:00,1031.011869,734.62,734.61,734.61,734.61,734.61,1778145120000,10
2026-05-07 09:14:00+00:00,292.111907,734.8195,734.53,734.53,734.53,734.53,1778145240000,20
2026-05-07 09:15:00+00:00,242.017269,734.7492,734.69,734.71,734.71,734.69,1778145300000,17
2026-05-07 09:16:00+00:00,167.020493,734.7806,734.66,734.66,734.66,734.66,1778145360000,22
2026-05-07 09:17:00+00:00,208.015784,734.8074,734.75,734.75,734.75,734.75,1778145420000,15
2026-05-07 09:18:00+00:00,702.021568,734.7697,734.74,734.75,734.75,734.74,1778145480000,15
2026-05-07 09:19:00+00:00,657.043332,734.9679,734.86,734.99,734.99,734.86,1778145540000,29
2026-05-07 09:20:00+00:00,4172.009943,734.9433,734.93,734.96,734.96,734.92,1778145600000,65
2026-05-07 09:21:00+00:00,1112.018772,735.0099,734.98,734.97,735.01,734.96,1778145660000,31
2026-05-07 09:22:00+00:00,519.362753,735.4951,734.98,734.98,734.98,734.98,1778145720000,23
2026-05-07 09:23:00+00:00,251.00721,735.01,735.02,734.97,735.02,734.97,1778145780000,13
2026-05-07 09:24:00+00:00,145.022141,734.9346,734.8,734.81,734.81,734.8,1778145840000,25
2026-05-07 09:25:00+00:00,207.328264,735.8946,734.73,734.73,734.73,734.73,1778145900000,14
2026-05-07 09:26:00+00:00,1098.811206,735.2566,734.75,734.71,734.75,734.71,1778145960000,18
2026-05-07 09:27:00+00:00,248.251125,735.4621,734.71,734.71,734.71,734.71,1778146020000,13
2026-05-07 09:28:00+00:00,77.008351,734.802,734.73,734.73,734.73,734.73,1778146080000,8
2026-05-07 09:29:00+00:00,1335.007103,734.6933,734.68,734.77,734.77,734.68,1778146140000,16
2026-05-07 09:30:00+00:00,2240.003932,734.6996,734.7,734.68,734.7,734.68,1778146200000,12
2026-05-07 09:31:00+00:00,125.68605,738.878,734.85,734.85,734.86,734.85,1778146260000,29
2026-05-07 09:32:00+00:00,200.596106,736.9299,734.74,734.74,734.74,734.74,1778146320000,4
2026-05-07 09:33:00+00:00,1815.028175,734.7488,734.74,734.73,734.75,734.73,1778146380000,27
2026-05-07 09:34:00+00:00,1040.051906,734.7706,734.73,734.73,734.73,734.73,1778146440000,13
2026-05-07 09:36:00+00:00,71.006136,734.9052,734.85,734.85,734.85,734.85,1778146560000,8
2026-05-07 09:39:00+00:00,1019.013689,734.6989,734.68,734.7,734.7,734.68,1778146740000,21
2026-05-07 09:41:00+00:00,1535.010177,734.7572,734.77,734.72,734.77,734.71,1778146860000,19
2026-05-07 09:42:00+00:00,494.001987,734.7477,734.73,734.75,734.75,734.73,1778146920000,9
2026-05-07 09:43:00+00:00,1035.090516,734.8838,734.82,734.82,734.82,734.82,1778146980000,16
2026-05-07 09:44:00+00:00,72.373337,738.571,734.77,734.77,734.77,734.77,1778147040000,19
2026-05-07 09:45:00+00:00,107.159977,735.8058,734.71,734.71,734.71,734.71,1778147100000,7
2026-05-07 09:47:00+00:00,129.004,734.8828,734.86,734.86,734.86,734.86,1778147220000,4
2026-05-07 09:48:00+00:00,531.011645,734.9079,734.89,734.89,734.89,734.89,1778147280000,17
2026-05-07 09:49:00+00:00,2648.009576,735.008,735.0,734.99,735.03,734.98,1778147340000,34
2026-05-07 09:50:00+00:00,171.207939,735.7948,734.94,734.88,734.94,734.88,1778147400000,29
2026-05-07 09:51:00+00:00,233.021568,734.7506,734.68,734.68,734.68,734.68,1778147460000,19
2026-05-07 09:52:00+00:00,1904.03015,734.449,734.6,734.36,734.6,734.36,1778147520000,68
2026-05-07 09:53:00+00:00,2000.061689,734.4477,734.43,734.41,734.43,734.41,1778147580000,11
2026-05-07 09:55:00+00:00,554.006058,734.3886,734.39,734.39,734.39,734.39,1778147700000,14
2026-05-07 09:56:00+00:00,543.002029,734.33,734.32,734.35,734.35,734.32,1778147760000,13
2026-05-07 09:58:00+00:00,198.005909,734.4316,734.42,734.42,734.42,734.41,1778147880000,12
2026-05-07 09:59:00+00:00,262.002015,734.449,734.44,734.43,734.44,734.43,1778147940000,11
2026-05-07 10:02:00+00:00,361.250195,734.9952,734.5,734.45,734.51,734.45,1778148120000,23
2026-05-07 10:04:00+00:00,911.325971,734.551,734.37,734.25,734.37,734.25,1778148240000,41
2026-05-07 10:05:00+00:00,642.949865,735.3418,734.26,734.26,734.26,734.22,1778148300000,12
2026-05-07 10:06:00+00:00,278.025025,734.375,734.33,734.23,734.33,734.23,1778148360000,14
2026-05-07 10:07:00+00:00,672.002042,734.233,734.23,734.23,734.23,734.23,1778148420000,9
2026-05-07 10:08:00+00:00,196.028093,734.3662,734.25,734.25,734.25,734.25,1778148480000,15
2026-05-07 10:09:00+00:00,396.019057,734.3609,734.32,734.33,734.33,734.32,1778148540000,16
2026-05-07 10:10:00+00:00,1086.013589,734.2341,734.26,734.22,734.26,734.22,1778148600000,22
2026-05-07 10:11:00+00:00,1403.727137,734.5077,734.15,734.21,734.21,734.08,1778148660000,50
2026-05-07 10:12:00+00:00,255.019185,734.3702,734.29,734.31,734.31,734.26,1778148720000,21
2026-05-07 10:13:00+00:00,2134.004084,734.4172,734.4,734.42,734.42,734.39,1778148780000,16
2026-05-07 10:14:00+00:00,205.006071,734.4898,734.44,734.48,734.49,734.44,1778148840000,11
2026-05-07 10:15:00+00:00,1168.015492,734.3683,734.41,734.35,734.41,734.35,1778148900000,16
2026-05-07 10:17:00+00:00,206.252028,735.2993,734.4,734.4,734.4,734.4,1778149020000,8
2026-05-07 10:19:00+00:00,396.510179,735.3312,734.36,734.41,734.41,734.36,1778149140000,19
2026-05-07 10:21:00+00:00,312.012142,734.5307,734.465,734.525,734.54,734.465,1778149260000,21
2026-05-07 10:22:00+00:00,2928.016154,734.6686,734.62,734.71,734.71,734.62,1778149320000,45
2026-05-07 10:23:00+00:00,611.0192,734.7549,734.73,734.71,734.76,734.71,1778149380000,26
2026-05-07 10:24:00+00:00,2053.0,734.7258,734.71,734.75,734.75,734.71,1778149440000,30
2026-05-07 10:25:00+00:00,276.41306,735.7969,734.68,734.69,734.69,734.68,1778149500000,17
2026-05-07 10:26:00+00:00,283.714855,736.5611,734.72,734.7,734.72,734.69,1778149560000,15
2026-05-07 10:28:00+00:00,193.161559,735.1997,734.62,734.62,734.62,734.62,1778149680000,28
2026-05-07 10:30:00+00:00,167.037269,734.7268,734.56,734.56,734.56,734.56,1778149800000,16
2026-05-07 10:31:00+00:00,2360.238855,734.6054,734.7,734.67,734.7,734.42,1778149860000,67
2026-05-07 10:32:00+00:00,627.153681,734.8646,734.67,734.7,734.7,734.67,1778149920000,20
2026-05-07 10:34:00+00:00,145.01463,734.7149,734.67,734.63,734.67,734.63,1778150040000,13
2026-05-07 10:36:00+00:00,251.029484,734.648,734.53,734.53,734.53,734.53,1778150160000,22
2026-05-07 10:37:00+00:00,385.006397,734.6728,734.6029,734.66,734.68,734.6029,1778150220000,15
2026-05-07 10:38:00+00:00,273.006069,734.7144,734.69,734.7,734.7,734.69,1778150280000,16
2026-05-07 10:39:00+00:00,147.021733,734.8932,734.78,734.79,734.79,734.78,1778150340000,9
2026-05-07 10:40:00+00:00,308.149678,735.1897,734.86,734.8,734.86,734.79,1778150400000,18
2026-05-07 10:42:00+00:00,180.150616,735.4313,734.79,734.86,734.86,734.79,1778150520000,15
2026-05-07 10:44:00+00:00,393.011087,734.8908,734.85,734.9,734.9,734.84,1778150640000,17
2026-05-07 10:45:00+00:00,1205.124415,734.9747,734.93,734.9,734.93,734.87,1778150700000,23
2026-05-07 10:46:00+00:00,1070.082421,734.962,734.94,734.9,734.94,734.9,1778150760000,22
2026-05-07 10:47:00+00:00,497.006027,734.8868,734.89,734.9,734.9,734.83,1778150820000,16
2026-05-07 10:49:00+00:00,250.007974,734.9,734.88,734.88,734.88,734.88,1778150940000,14
2026-05-07 10:50:00+00:00,242.028491,734.9105,734.84,734.813,734.84,734.813,1778151000000,15
2026-05-07 10:51:00+00:00,141.006,734.8669,734.82,734.85,734.85,734.82,1778151060000,9
2026-05-07 10:52:00+00:00,173.178953,735.6025,734.85,734.825,734.85,734.825,1778151120000,11
2026-05-07 10:54:00+00:00,61.005987,734.8014,734.7242,734.7242,734.7242,734.7242,1778151240000,10
2026-05-07 10:56:00+00:00,2053.316097,734.8779,734.72,734.73,734.84,734.63,1778151360000,34
2026-05-07 10:57:00+00:00,1619.003701,734.719,734.7,734.7,734.73,734.7,1778151420000,18
2026-05-07 10:59:00+00:00,242.01139,734.7414,734.72,734.62,734.74,734.62,1778151540000,15
2026-05-07 11:00:00+00:00,11403.728433,734.8244,734.68,734.8094,734.92,734.62,1778151600000,267
2026-05-07 11:01:00+00:00,811.151211,734.8883,734.78,734.75,734.78,734.73,1778151660000,46
2026-05-07 11:02:00+00:00,6715.473543,734.8834,734.79,734.89,734.92,734.76,1778151720000,97
2026-05-07 11:03:00+00:00,1133.770384,735.4048,734.9,734.91,734.94,734.87,1778151780000,32
2026-05-07 11:04:00+00:00,3005.086568,734.9137,734.87,734.82,734.93,734.82,1778151840000,44
2026-05-07 11:05:00+00:00,2177.013712,734.9179,734.96,734.94,734.97,734.9,1778151900000,36
2026-05-07 11:06:00+00:00,1217.579843,735.3343,734.98,734.9892,735.0,734.97,1778151960000,46
2026-05-07 11:07:00+00:00,1373.609453,735.153,734.9,734.75,734.92,734.75,1778152020000,55
2026-05-07 11:08:00+00:00,1097.217188,734.9245,734.75,734.79,734.82,734.75,1778152080000,28
2026-05-07 11:09:00+00:00,1352.573568,735.1308,734.84,734.87,734.87,734.79,1778152140000,47
2026-05-07 11:10:00+00:00,869.550414,735.3529,734.87,734.9,734.9,734.86,1778152200000,28
2026-05-07 11:11:00+00:00,750.084947,735.0006,734.93,734.86,734.9492,734.86,1778152260000,28
2026-05-07 11:12:00+00:00,1105.52566,735.1636,734.85,734.78,734.85,734.77,1778152320000,30
2026-05-07 11:13:00+00:00,1410.37657,734.9865,734.8,734.82,734.82,734.77,1778152380000,40
2026-05-07 11:14:00+00:00,2025.518407,734.9889,734.77,734.8,734.84,734.77,1778152440000,41
2026-05-07 11:15:00+00:00,926.325651,735.0026,734.75,734.78,734.78,734.71,1778152500000,30
2026-05-07 11:16:00+00:00,2184.680078,734.9184,734.72,734.71,734.74,734.68,1778152560000,32
2026-05-07 11:17:00+00:00,1999.516435,734.7549,734.66,734.5,734.66,734.5,1778152620000,63
2026-05-07 11:18:00+00:00,586.69243,735.3857,734.5397,734.5065,734.5397,734.5065,1778152680000,29
2026-05-07 11:19:00+00:00,3203.307062,734.652,734.51,734.55,734.63,734.47,1778152740000,49
2026-05-07 11:20:00+00:00,2899.414689,734.6248,734.52,734.56,734.56,734.51,1778152800000,51
2026-05-07 11:21:00+00:00,468.194757,734.8106,734.52,734.49,734.52,734.49,1778152860000,20
2026-05-07 11:22:00+00:00,519.208601,734.8337,734.56,734.53,734.56,734.5,1778152920000,36
2026-05-07 11:23:00+00:00,94.625471,739.4652,734.57,734.57,734.57,734.57,1778152980000,13
2026-05-07 11:24:00+00:00,567.458834,735.3076,734.7,734.73,734.73,734.7,1778153040000,26
2026-05-07 11:25:00+00:00,697.31748,734.8651,734.61,734.56,734.61,734.49,1778153100000,51
2026-05-07 11:26:00+00:00,1839.071175,734.6153,734.6261,734.54,734.6261,734.54,1778153160000,28
2026-05-07 11:27:00+00:00,819.088801,734.6367,734.55,734.6,734.6,734.54,1778153220000,26
2026-05-07 11:28:00+00:00,1344.550485,734.8922,734.59,734.5999,734.6,734.579,1778153280000,32
2026-05-07 11:29:00+00:00,1227.972602,735.0745,734.51,734.47,734.53,734.46,1778153340000,40
2026-05-07 11:30:00+00:00,1048.230118,734.5948,734.47,734.45,734.47,734.4,1778153400000,39
2026-05-07 11:31:00+00:00,7288.815107,734.6327,734.47,734.5578,734.6,734.46,1778153460000,131
2026-05-07 11:32:00+00:00,791.589084,735.1613,734.62,734.62,734.63,734.56,1778153520000,38
2026-05-07 11:33:00+00:00,5320.211974,734.6805,734.58,734.54,734.68,734.54,1778153580000,82
2026-05-07 11:34:00+00:00,973.512041,735.0221,734.64,734.66,734.66,734.59,1778153640000,30
2026-05-07 11:35:00+00:00,302.068678,734.8716,734.7,734.7113,734.76,734.7,1778153700000,51
2026-05-07 11:36:00+00:00,315.229509,735.2638,734.759,734.76,734.78,734.759,1778153760000,54
2026-05-07 11:37:00+00:00,772.878697,735.6431,734.76,734.81,734.83,734.76,1778153820000,45
2026-05-07 11:38:00+00:00,1057.145563,734.9606,734.82,734.88,734.89,734.82,1778153880000,52
2026-05-07 11:39:00+00:00,1245.38376,735.1315,734.89,734.859,734.94,734.859,1778153940000,49
2026-05-07 11:40:00+00:00,842.952782,735.6758,734.83,734.8899,734.89,734.82,1778154000000,28
2026-05-07 11:41:00+00:00,290.201123,735.3799,734.87,734.87,734.87,734.87,1778154060000,30
2026-05-07 11:42:00+00:00,151.232105,736.0221,734.89,734.89,734.89,734.89,1778154120000,11
2026-05-07 11:43:00+00:00,1320.427065,735.1363,734.9,734.9,734.9,734.9,1778154180000,19
2026-05-07 11:44:00+00:00,2118.180532,734.9021,734.9044,734.74,734.95,734.74,1778154240000,73
2026-05-07 11:45:00+00:00,754.255678,734.9996,734.7305,734.79,734.79,734.7305,1778154300000,33
2026-05-07 11:46:00+00:00,288.253727,735.3969,734.78,734.74,734.78,734.73,1778154360000,24
2026-05-07 11:47:00+00:00,1403.35528,734.9395,734.75,734.7,734.77,734.68,1778154420000,35
2026-05-07 11:48:00+00:00,721.292769,734.8606,734.61,734.53,734.61,734.51,1778154480000,41
2026-05-07 11:49:00+00:00,2458.11514,734.5795,734.54,734.52,734.5682,734.52,1778154540000,37
2026-05-07 11:50:00+00:00,597.801115,735.5548,734.5848,734.5739,734.5848,734.568,1778154600000,24
2026-05-07 11:51:00+00:00,333.009881,734.589,734.53,734.62,734.62,734.53,1778154660000,21
2026-05-07 11:52:00+00:00,1930.088669,734.7683,734.65,734.68,734.77,734.65,1778154720000,43
2026-05-07 11:53:00+00:00,173.47087,736.7526,734.75,734.75,734.75,734.75,1778154780000,17
2026-05-07 11:54:00+00:00,2924.137996,734.8259,734.79,734.78,734.82,734.78,1778154840000,29
2026-05-07 11:55:00+00:00,198.107816,735.2236,734.81,734.81,734.81,734.81,1778154900000,24
2026-05-07 11:56:00+00:00,1244.164229,734.9673,734.86,734.8822,734.9,734.84,1778154960000,44
2026-05-07 11:57:00+00:00,461.063617,734.9747,734.82,734.92,734.92,734.82,1778155020000,29
2026-05-07 11:58:00+00:00,3656.374056,734.9844,734.85,734.93,734.93,734.85,1778155080000,44
2026-05-07 11:59:00+00:00,2076.234312,734.8795,734.82,734.7875,734.82,734.7499,1778155140000,42
2026-05-07 12:00:00+00:00,11114.678704,734.6986,734.78,734.6905,734.79,734.61,1778155200000,92
2026-05-07 12:01:00+00:00,1409.202628,734.8404,734.74,734.7393,734.75,734.7011,1778155260000,25
2026-05-07 12:02:00+00:00,570.307242,735.1239,734.77,734.72,734.77,734.71,1778155320000,42
2026-05-07 12:03:00+00:00,2441.557304,734.8671,734.685,734.7,734.7,734.685,1778155380000,30
2026-05-07 12:04:00+00:00,1676.40996,735.0245,734.81,734.79,734.88,734.79,1778155440000,60
2026-05-07 12:05:00+00:00,7552.572711,734.8526,734.85,734.8361,734.85,734.73,1778155500000,71
2026-05-07 12:06:00+00:00,815.5247,735.3109,734.8384,734.86,734.87,734.82,1778155560000,24
2026-05-07 12:07:00+00:00,1267.991522,735.5104,734.89,734.989,734.989,734.89,1778155620000,51
2026-05-07 12:08:00+00:00,10655.173966,735.011,735.0,734.99,735.04,734.95,1778155680000,125
2026-05-07 12:09:00+00:00,3037.093477,735.0574,735.02,735.05,735.08,735.019,1778155740000,54
2026-05-07 12:10:00+00:00,8002.236605,735.1997,735.06,735.18,735.229,735.06,1778155800000,148
2026-05-07 12:11:00+00:00,1126.729211,735.6948,735.09,735.27,735.27,735.09,1778155860000,43
2026-05-07 12:12:00+00:00,2136.598127,735.4568,735.2312,735.2582,735.27,735.18,1778155920000,63
2026-05-07 12:13:00+00:00,13244.376974,735.3371,735.25,735.19,735.4,735.19,1778155980000,180
2026-05-07 12:14:00+00:00,4710.620287,735.2853,735.18,735.27,735.27,735.16,1778156040000,79
2026-05-07 12:15:00+00:00,1759.872531,735.5562,735.26,735.2,735.26,735.16,1778156100000,52
2026-05-07 12:16:00+00:00,363.025021,735.2868,735.18,735.2322,735.25,735.18,1778156160000,25
2026-05-07 12:17:00+00:00,1073.48434,735.5271,735.25,735.1,735.25,735.1,1778156220000,46
2026-05-07 12:18:00+00:00,411.176774,735.4383,735.12,735.12,735.12,735.12,1778156280000,28
2026-05-07 12:19:00+00:00,634.303186,735.3884,735.09,735.06,735.09,735.02,1778156340000,37
2026-05-07 12:20:00+00:00,1334.925575,735.5872,735.04,735.07,735.1,735.04,1778156400000,52
2026-05-07 12:21:00+00:00,1073.453535,735.4318,735.15,735.14,735.18,735.1,1778156460000,52
2026-05-07 12:22:00+00:00,2744.210187,735.0498,735.01,734.9,735.05,734.9,1778156520000,79
2026-05-07 12:23:00+00:00,1394.011255,734.8677,734.9,734.9154,734.9154,734.83,1778156580000,47
2026-05-07 12:24:00+00:00,9293.01973,734.8037,734.82,734.885,734.885,734.78,1778156640000,119
2026-05-07 12:25:00+00:00,272.058787,735.0948,734.92,734.97,734.97,734.9152,1778156700000,28
2026-05-07 12:26:00+00:00,13313.457521,735.0392,734.91,735.1,735.1,734.91,1778156760000,157
2026-05-07 12:27:00+00:00,2137.325144,735.2204,735.07,735.15,735.15,735.051,1778156820000,58
2026-05-07 12:28:00+00:00,726.922224,736.0102,735.13,735.05,735.13,735.05,1778156880000,34
2026-05-07 12:29:00+00:00,533.955602,736.4078,735.09,735.1,735.1,735.05,1778156940000,31
2026-05-07 12:30:00+00:00,1569.336851,735.2324,735.0404,735.06,735.1,735.0404,1778157000000,57
2026-05-07 12:31:00+00:00,6227.278429,735.0956,735.0404,735.07,735.15,735.04,1778157060000,87
2026-05-07 12:32:00+00:00,1169.364086,735.3157,735.1,735.05,735.1335,735.05,1778157120000,50
2026-05-07 12:33:00+00:00,614.027745,735.0567,735.1,735.21,735.21,735.1,1778157180000,49
2026-05-07 12:34:00+00:00,1485.183642,735.3587,735.25,735.25,735.29,735.2452,1778157240000,43
2026-05-07 12:35:00+00:00,2539.631524,735.4662,735.29,735.2635,735.3061,735.26,1778157300000,54
2026-05-07 12:36:00+00:00,2843.081294,735.2635,735.27,735.2,735.29,735.2,1778157360000,64
2026-05-07 12:37:00+00:00,1334.911775,735.7763,735.24,735.31,735.31,735.24,1778157420000,37
2026-05-07 12:38:00+00:00,1024.842958,735.9146,735.29,735.35,735.35,735.2719,1778157480000,37
2026-05-07 12:39:00+00:00,1476.397978,735.5366,735.39,735.3342,735.39,735.3,1778157540000,57
2026-05-07 12:40:00+00:00,4100.939695,735.3763,735.23,735.2,735.2483,735.18,1778157600000,85
2026-05-07 12:41:00+00:00,859.975103,736.0383,735.15,735.25,735.25,735.15,1778157660000,47
2026-05-07 12:42:00+00:00,1277.023947,735.347,735.33,735.35,735.35,735.32,1778157720000,34
2026-05-07 12:43:00+00:00,11099.844382,735.4381,735.37,735.39,735.4,735.305,1778157780000,119
2026-05-07 12:44:00+00:00,1537.216795,735.4139,735.39,735.3,735.39,735.3,1778157840000,29
2026-05-07 12:45:00+00:00,747.026217,735.3553,735.32,735.36,735.36,735.32,1778157900000,27
2026-05-07 12:46:00+00:00,994.131931,735.4503,735.33,735.36,735.37,735.33,1778157960000,41
2026-05-07 12:47:00+00:00,5461.484077,735.3666,735.32,735.22,735.34,735.2,1778158020000,95
2026-05-07 12:48:00+00:00,537.027477,735.2738,735.2301,735.2301,735.2301,735.2301,1778158080000,28
2026-05-07 12:49:00+00:00,593.004405,735.2781,735.23,735.35,735.35,735.23,1778158140000,49
2026-05-07 12:50:00+00:00,3934.451326,735.29,735.3604,735.12,735.3604,735.12,1778158200000,102
2026-05-07 12:51:00+00:00,3331.798224,735.3173,735.1052,735.14,735.17,735.1,1778158260000,76
2026-05-07 12:52:00+00:00,2349.766306,735.4084,735.18,735.1943,735.1943,735.12,1778158320000,44
2026-05-07 12:53:00+00:00,1687.590082,735.486,735.21,735.26,735.26,735.209,1778158380000,57
2026-05-07 12:54:00+00:00,2465.942104,735.4234,735.24,735.09,735.24,735.08,1778158440000,59
2026-05-07 12:55:00+00:00,3749.839616,735.2743,735.16,735.063,735.16,735.063,1778158500000,70
2026-05-07 12:56:00+00:00,15457.256202,735.0972,735.14,735.06,735.14,735.05,1778158560000,201
2026-05-07 12:57:00+00:00,10541.121155,735.007,735.08,735.07,735.1,734.94,1778158620000,177
2026-05-07 12:58:00+00:00,2495.950606,735.5353,735.2,735.27,735.28,735.2,1778158680000,58
2026-05-07 12:59:00+00:00,1247.665303,735.6576,735.27,735.25,735.27,735.25,1778158740000,42
2026-05-07 13:00:00+00:00,7007.197621,735.0956,735.28,735.01,735.28,734.95,1778158800000,148
2026-05-07 13:01:00+00:00,13242.987047,735.0962,735.03,734.98,735.08,734.98,1778158860000,158
2026-05-07 13:02:00+00:00,13843.506178,734.9375,734.98,734.95,734.98,734.84,1778158920000,213
2026-05-07 13:03:00+00:00,3272.868139,735.0739,734.91,734.94,734.94,734.81,1778158980000,75
2026-05-07 13:04:00+00:00,1767.754245,735.2239,734.95,734.98,734.98,734.85,1778159040000,49
2026-05-07 13:05:00+00:00,8240.63446,734.9598,734.9835,734.91,734.99,734.81,1778159100000,142
2026-05-07 13:06:00+00:00,2634.974993,735.1112,734.94,734.79,734.94,734.75,1778159160000,121
2026-05-07 13:07:00+00:00,3379.16773,734.8011,734.75,734.8,734.8,734.75,1778159220000,65
2026-05-07 13:08:00+00:00,2133.542582,734.9708,734.75,734.79,734.84,734.74,1778159280000,83
2026-05-07 13:09:00+00:00,1440.492424,735.1128,734.79,734.84,734.9,734.79,1778159340000,62
2026-05-07 13:10:00+00:00,2852.896601,735.0067,734.8,734.82,734.84,734.71,1778159400000,107
2026-05-07 13:11:00+00:00,1847.15126,734.9411,734.81,734.92,734.93,734.81,1778159460000,68
2026-05-07 13:12:00+00:00,2640.06011,734.9265,734.93,734.91,734.94,734.85,1778159520000,82
2026-05-07 13:13:00+00:00,3246.193783,734.8973,734.9,734.84,734.91,734.82,1778159580000,81
2026-05-07 13:14:00+00:00,3356.637149,734.9541,734.83,734.85,734.85,734.74,1778159640000,94
2026-05-07 13:15:00+00:00,1703.729997,735.2301,734.86,734.92,734.93,734.86,1778159700000,56
2026-05-07 13:16:00+00:00,3956.435979,735.0758,734.97,734.9552,735.05,734.9552,1778159760000,100
2026-05-07 13:17:00+00:00,7082.481605,735.177,735.0,735.12,735.16,735.0,1778159820000,120
2026-05-07 13:18:00+00:00,3926.179618,735.1794,735.14,735.2431,735.2431,735.1,1778159880000,100
2026-05-07 13:19:00+00:00,26142.88223,735.3246,735.2573,735.2675,735.33,735.25,1778159940000,142
2026-05-07 13:20:00+00:00,1096.226167,735.3699,735.2801,735.2,735.2801,735.15,1778160000000,62
2026-05-07 13:21:00+00:00,1677.890435,735.5584,735.2,735.14,735.2,735.14,1778160060000,74
2026-05-07 13:22:00+00:00,3191.733488,735.31,735.13,735.1652,735.18,735.09,1778160120000,85
2026-05-07 13:23:00+00:00,497.472333,735.867,735.161,735.16,735.18,735.16,1778160180000,36
2026-05-07 13:24:00+00:00,2265.901204,735.4471,735.16,735.14,735.16,735.13,1778160240000,73
2026-05-07 13:25:00+00:00,3318.686039,735.2443,735.13,735.07,735.14,735.06,1778160300000,67
2026-05-07 13:26:00+00:00,2729.910839,735.3007,735.1,735.06,735.1,735.04,1778160360000,62
2026-05-07 13:27:00+00:00,13959.748505,735.1292,735.13,734.99,735.15,734.97,1778160420000,179
2026-05-07 13:28:00+00:00,11751.11626,734.9459,734.97,734.89,734.98,734.89,1778160480000,137
2026-05-07 13:29:00+00:00,17268.454946,735.0359,734.895,735.08,735.11,734.8801,1778160540000,128
2026-05-07 13:30:00+00:00,438852.89843,735.0265,735.05,734.9,735.13,734.83,1778160600000,7703
2026-05-07 13:31:00+00:00,175962.733198,734.7878,734.89,734.6901,734.92,734.63,1778160660000,2699
2026-05-07 13:32:00+00:00,108629.400081,734.6304,734.695,734.5901,734.7499,734.55,1778160720000,2189
2026-05-07 13:33:00+00:00,143432.973979,734.5769,734.6,734.605,734.66,734.48,1778160780000,2897
2026-05-07 13:34:00+00:00,90673.577572,734.5912,734.6,734.5399,734.65,734.47,1778160840000,1830
2026-05-07 13:35:00+00:00,146442.523126,734.4427,734.53,734.4498,734.59,734.32,1778160900000,2639
2026-05-07 13:36:00+00:00,152191.920697,734.373,734.45,734.41,734.48,734.26,1778160960000,2412
2026-05-07 13:37:00+00:00,103711.936311,734.3939,734.42,734.425,734.47,734.29,1778161020000,1809
2026-05-07 13:38:00+00:00,128083.623683,734.4627,734.43,734.56,734.59,734.32,1778161080000,1927
2026-05-07 13:39:00+00:00,93284.318069,734.5312,734.57,734.5,734.65,734.4,1778161140000,1623
2026-05-07 13:40:00+00:00,158790.742507,734.4389,734.52,734.37,734.585,734.33,1778161200000,2264
2026-05-07 13:41:00+00:00,103517.545781,734.3539,734.38,734.29,734.5,734.17,1778161260000,1929
2026-05-07 13:42:00+00:00,127568.388342,734.2862,734.29,734.22,734.37,734.22,1778161320000,2473
2026-05-07 13:43:00+00:00,136188.061004,734.2552,734.23,734.34,734.365,734.165,1778161380000,2018
2026-05-07 13:44:00+00:00,111144.219645,734.3438,734.35,734.23,734.49,734.16,1778161440000,1726
2026-05-07 13:45:00+00:00,153669.473428,734.2204,734.22,733.92,734.42,733.91,1778161500000,2463
2026-05-07 13:46:00+00:00,128571.988546,734.0795,733.93,734.125,734.3,733.87,1778161560000,2071
2026-05-07 13:47:00+00:00,189738.384533,733.9,734.12,733.74,734.22,733.66,1778161620000,2606
2026-05-07 13:48:00+00:00,135825.343839,733.8815,733.74,733.92,734.0,733.68,1778161680000,2081
2026-05-07 13:49:00+00:00,197117.614411,733.803,733.92,733.65,734.0,733.58,1778161740000,2996
2026-05-07 13:50:00+00:00,140933.631197,733.729,733.67,733.9,733.9,733.61,1778161800000,2336
2026-05-07 13:51:00+00:00,207708.389296,733.7115,733.89,733.62,733.89,733.55,1778161860000,2764
2026-05-07 13:52:00+00:00,78287.230901,733.7417,733.63,733.845,733.845,733.5734,1778161920000,1641
2026-05-07 13:53:00+00:00,100622.886378,733.8532,733.85,733.78,733.98,733.695,1778161980000,1934
2026-05-07 13:54:00+00:00,105632.812373,733.9215,733.7975,734.025,734.0301,733.77,1778162040000,1803
2026-05-07 13:55:00+00:00,126495.184976,734.1065,734.0221,734.15,734.216,734.0221,1778162100000,1908
2026-05-07 13:56:00+00:00,95036.084453,734.2012,734.15,734.195,734.305,734.07,1778162160000,1628
2026-05-07 13:57:00+00:00,56442.42585,734.2436,734.23,734.16,734.3,734.12,1778162220000,1285
2026-05-07 13:58:00+00:00,78351.904474,733.9302,734.14,733.79,734.19,733.7,1778162280000,1693
2026-05-07 13:59:00+00:00,106936.810825,733.8462,733.79,733.94,733.96,733.71,1778162340000,1468
2026-05-07 14:00:00+00:00,95229.352504,733.9969,733.93,734.07,734.11,733.88,1778162400000,1670
2026-05-07 14:01:00+00:00,90026.14035,734.1169,734.07,734.22,734.23,734.0425,1778162460000,1600
2026-05-07 14:02:00+00:00,139863.120763,734.2071,734.23,734.27,734.295,734.13,1778162520000,1871
2026-05-07 14:03:00+00:00,87751.971595,734.2647,734.26,734.3709,734.3819,734.1,1778162580000,1561
2026-05-07 14:04:00+00:00,124240.720295,734.4527,734.3899,734.5301,734.59,734.33,1778162640000,1832
2026-05-07 14:05:00+00:00,154601.137979,734.5345,734.53,734.63,734.67,734.36,1778162700000,2099
2026-05-07 14:06:00+00:00,137041.785573,734.7467,734.64,734.7501,734.85,734.63,1778162760000,1813
2026-05-07 14:07:00+00:00,124692.689461,734.8241,734.75,734.89,734.9,734.71,1778162820000,1566
2026-05-07 14:08:00+00:00,126671.446768,734.8216,734.895,734.76,734.895,734.68,1778162880000,1674
2026-05-07 14:09:00+00:00,83644.65028,734.7132,734.77,734.69,734.85,734.54,1778162940000,1454
2026-05-07 14:10:00+00:00,78183.791697,734.6484,734.71,734.73,734.7651,734.5,1778163000000,1444
2026-05-07 14:11:00+00:00,100178.202058,734.685,734.72,734.64,734.7899,734.6,1778163060000,1591
2026-05-07 14:12:00+00:00,75564.453718,734.745,734.65,734.7,734.83,734.645,1778163120000,1804
2026-05-07 14:13:00+00:00,85212.387093,734.6695,734.7,734.61,734.75,734.56,1778163180000,1878
2026-05-07 14:14:00+00:00,73047.266781,734.5785,734.63,734.52,734.69,734.49,1778163240000,1556
2026-05-07 14:15:00+00:00,217091.192067,734.4489,734.52,734.17,734.76,734.08,1778163300000,3459
2026-05-07 14:16:00+00:00,245190.645781,734.4081,734.17,734.55,734.72,734.1222,1778163360000,3834
2026-05-07 14:17:00+00:00,66913.756008,734.4927,734.5601,734.47,734.59,734.35,1778163420000,1914
2026-05-07 14:18:00+00:00,55144.755375,734.5258,734.46,734.61,734.67,734.4,1778163480000,1615
2026-05-07 14:19:00+00:00,65219.577717,734.57,734.6,734.56,734.61,734.51,1778163540000,1736
2026-05-07 14:20:00+00:00,58604.588556,734.6984,734.57,734.79,734.79,734.57,1778163600000,1596
2026-05-07 14:21:00+00:00,83439.635581,734.8831,734.79,734.86,734.97,734.79,1778163660000,1840
2026-05-07 14:22:00+00:00,123652.551413,734.9605,734.855,734.89,735.08,734.85,1778163720000,2568
2026-05-07 14:23:00+00:00,94302.379873,734.6478,734.9,734.595,734.9,734.5,1778163780000,2142
2026-05-07 14:24:00+00:00,63685.756401,734.632,734.6,734.59,734.75,734.55,1778163840000,1430
2026-05-07 14:25:00+00:00,47711.869347,734.7756,734.61,734.87,734.88,734.6,1778163900000,1298
2026-05-07 14:26:00+00:00,63161.506873,734.8432,734.86,734.84,734.9,734.755,1778163960000,1405
2026-05-07 14:27:00+00:00,68690.261429,734.7941,734.84,734.72,734.87,734.68,1778164020000,1729
2026-05-07 14:28:00+00:00,39885.009243,734.8018,734.72,734.82,734.87,734.71,1778164080000,1068
2026-05-07 14:29:00+00:00,66944.31197,734.7606,734.83,734.55,734.87,734.525,1778164140000,1643
2026-05-07 14:30:00+00:00,83319.357182,734.6694,734.63,734.6284,734.72,734.6,1778164200000,1536
2026-05-07 14:31:00+00:00,65822.228516,734.6156,734.63,734.745,734.78,734.45,1778164260000,1511
2026-05-07 14:32:00+00:00,63480.859802,734.6847,734.74,734.67,734.7467,734.57,1778164320000,1461
2026-05-07 14:33:00+00:00,71998.963855,734.7668,734.67,734.83,734.84,734.64,1778164380000,1594
2026-05-07 14:34:00+00:00,57414.842705,734.7783,734.83,734.77,734.85,734.69,1778164440000,1457
2026-05-07 14:35:00+00:00,81640.6797,734.771,734.77,734.58,734.91,734.56,1778164500000,1694
2026-05-07 14:36:00+00:00,85051.907171,734.8008,734.59,734.78,734.88,734.59,1778164560000,1453
2026-05-07 14:37:00+00:00,52786.689961,734.8888,734.81,734.9399,734.97,734.75,1778164620000,1278
2026-05-07 14:38:00+00:00,73204.150142,734.9545,734.94,734.95,734.98,734.91,1778164680000,1405
2026-05-07 14:39:00+00:00,121463.643807,735.0479,734.95,735.18,735.21,734.91,1778164740000,2065
2026-05-07 14:40:00+00:00,136742.988149,735.2118,735.19,735.22,735.295,735.13,1778164800000,2049
2026-05-07 14:41:00+00:00,76832.268888,735.2187,735.25,735.12,735.35,735.04,1778164860000,1672
2026-05-07 14:42:00+00:00,53900.049438,735.1859,735.125,735.17,735.24,735.085,1778164920000,1301
2026-05-07 14:43:00+00:00,49411.224458,735.1823,735.17,735.16,735.21,735.12,1778164980000,1284
2026-05-07 14:44:00+00:00,130083.378172,735.1552,735.17,735.15,735.23,735.11,1778165040000,2208
2026-05-07 14:45:00+00:00,64984.396113,735.3316,735.171,735.415,735.46,735.171,1778165100000,1614
2026-05-07 14:46:00+00:00,109919.101269,735.4961,735.41,735.5,735.54,735.4,1778165160000,1807
2026-05-07 14:47:00+00:00,73596.67701,735.4938,735.5089,735.5,735.56,735.435,1778165220000,1367
2026-05-07 14:48:00+00:00,101582.22593,735.1881,735.49,735.24,735.5201,734.96,1778165280000,1971
2026-05-07 14:49:00+00:00,112742.498198,735.1686,735.245,735.22,735.28,735.11,1778165340000,1714
2026-05-07 14:50:00+00:00,52986.764479,735.2631,735.25,735.25,735.33,735.16,1778165400000,1346
2026-05-07 14:51:00+00:00,46570.462708,735.3344,735.25,735.42,735.47,735.21,1778165460000,1321
2026-05-07 14:52:00+00:00,52189.431748,735.48,735.435,735.49,735.53,735.39,1778165520000,1376
2026-05-07 14:53:00+00:00,63397.642588,735.5599,735.5,735.54,735.61,735.5,1778165580000,1493
2026-05-07 14:54:00+00:00,68194.977697,735.6549,735.547,735.71,735.74,735.53,1778165640000,1623
2026-05-07 14:55:00+00:00,114702.505071,735.879,735.73,735.95,736.0,735.725,1778165700000,2406
2026-05-07 14:56:00+00:00,161181.878061,735.9407,735.95,735.975,736.03,735.86,1778165760000,2414
2026-05-07 14:57:00+00:00,55553.556766,735.9107,735.97,735.87,735.97,735.85,1778165820000,1380
2026-05-07 14:58:00+00:00,71834.383848,735.883,735.86,735.94,735.95,735.83,1778165880000,1398
2026-05-07 14:59:00+00:00,87008.057776,736.0443,735.94,736.08,736.11,735.92,1778165940000,1652
2026-05-07 15:00:00+00:00,84214.190306,736.0542,736.09,735.94,736.13,735.94,1778166000000,1726
2026-05-07 15:01:00+00:00,81790.747927,735.8668,735.94,735.83,736.0,735.7,1778166060000,1732
2026-05-07 15:02:00+00:00,44733.555716,735.9392,735.84,735.86,735.99,735.84,1778166120000,1167
2026-05-07 15:03:00+00:00,53027.053047,735.9193,735.85,735.84,735.97,735.83,1778166180000,1370
2026-05-07 15:04:00+00:00,42025.684151,735.7974,735.835,735.83,735.8599,735.72,1778166240000,1258
2026-05-07 15:05:00+00:00,140498.203559,735.6785,735.83,735.47,735.84,735.46,1778166300000,2361
2026-05-07 15:06:00+00:00,201010.957445,735.3351,735.489,735.29,735.6099,735.2,1778166360000,1928
2026-05-07 15:07:00+00:00,69415.082036,735.4742,735.29,735.52,735.55,735.29,1778166420000,1341
2026-05-07 15:08:00+00:00,70158.593098,735.6137,735.51,735.62,735.67,735.49,1778166480000,1358
2026-05-07 15:09:00+00:00,55977.207237,735.6307,735.62,735.64,735.68,735.58,1778166540000,1361
2026-05-07 15:10:00+00:00,51750.387204,735.7131,735.6401,735.66,735.7799,735.63,1778166600000,1311
2026-05-07 15:11:00+00:00,72956.204413,735.5678,735.6599,735.51,735.72,735.41,1778166660000,1597
2026-05-07 15:12:00+00:00,75806.130006,735.3941,735.45,735.45,735.79,735.26,1778166720000,1618
2026-05-07 15:13:00+00:00,52208.577557,735.3814,735.46,735.27,735.49,735.25,1778166780000,1209
2026-05-07 15:14:00+00:00,41202.675251,735.3366,735.28,735.3,735.41,735.25,1778166840000,1135
2026-05-07 15:15:00+00:00,43741.856047,735.3495,735.3,735.29,735.44,735.25,1778166900000,1131
2026-05-07 15:16:00+00:00,39949.166144,735.3939,735.31,735.47,735.5,735.305,1778166960000,1120
2026-05-07 15:17:00+00:00,89414.379346,735.5094,735.48,735.53,735.6,735.45,1778167020000,1358
2026-05-07 15:18:00+00:00,39270.941877,735.4538,735.52,735.41,735.53,735.33,1778167080000,1088
2026-05-07 15:19:00+00:00,36435.826108,735.3923,735.39,735.38,735.43,735.33,1778167140000,1016
2026-05-07 15:20:00+00:00,56542.827257,735.4573,735.39,735.37,735.57,735.35,1778167200000,1216
2026-05-07 15:21:00+00:00,58591.594444,735.2359,735.34,735.17,735.34,735.11,1778167260000,1376
2026-05-07 15:22:00+00:00,59134.334303,735.2011,735.16,735.31,735.31,735.1,1778167320000,1318
2026-05-07 15:23:00+00:00,96855.011248,735.3293,735.34,735.4999,735.5191,735.08,1778167380000,1617
2026-05-07 15:24:00+00:00,130163.431972,735.2214,735.5,735.099,735.55,734.98,1778167440000,2278
2026-05-07 15:25:00+00:00,2104862.88042,735.4896,735.08,735.09,735.24,735.04,1778167500000,1473
2026-05-07 15:26:00+00:00,153726.377228,734.6966,735.1001,734.57,735.18,734.3,1778167560000,2527
2026-05-07 15:27:00+00:00,102821.552705,734.703,734.57,734.76,734.8899,734.54,1778167620000,1758
2026-05-07 15:28:00+00:00,93120.109879,734.6233,734.76,734.72,734.77,734.5,1778167680000,1804
2026-05-07 15:29:00+00:00,50552.982818,734.7271,734.7499,734.9088,734.9088,734.56,1778167740000,1364
2026-05-07 15:30:00+00:00,98942.792007,735.0693,734.91,735.17,735.24,734.85,1778167800000,1748
2026-05-07 15:31:00+00:00,81712.163593,735.1643,735.16,735.26,735.3,735.05,1778167860000,1569
2026-05-07 15:32:00+00:00,73431.002921,735.3582,735.24,735.42,735.45,735.24,1778167920000,1455
2026-05-07 15:33:00+00:00,62365.089988,735.4729,735.44,735.48,735.54,735.4,1778167980000,1376
2026-05-07 15:34:00+00:00,117389.679599,735.4876,735.46,735.53,735.62,735.45,1778168040000,1377
2026-05-07 15:35:00+00:00,73528.626996,735.4077,735.53,735.31,735.53,735.31,1778168100000,1529
2026-05-07 15:36:00+00:00,51135.250909,735.3308,735.31,735.37,735.41,735.25,1778168160000,1354
2026-05-07 15:37:00+00:00,41329.784858,735.4222,735.36,735.47,735.53,735.3,1778168220000,1200
2026-05-07 15:38:00+00:00,172419.87217,734.5291,735.49,735.3512,735.58,735.3512,1778168280000,1133
2026-05-07 15:39:00+00:00,43872.784839,735.3407,735.35,735.2301,735.39,735.23,1778168340000,1099
2026-05-07 15:40:00+00:00,57183.927105,735.2451,735.24,735.14,735.36,735.1,1778168400000,1270
2026-05-07 15:41:00+00:00,41739.319908,735.141,735.135,735.11,735.24,735.04,1778168460000,1051
2026-05-07 15:42:00+00:00,64474.441951,735.2856,735.11,735.42,735.43,735.11,1778168520000,1148
2026-05-07 15:43:00+00:00,39511.869979,735.4506,735.42,735.31,735.53,735.3,1778168580000,1079
2026-05-07 15:44:00+00:00,31769.023174,735.3216,735.305,735.31,735.37,735.28,1778168640000,950
2026-05-07 15:45:00+00:00,48059.847876,735.3654,735.29,735.38,735.41,735.27,1778168700000,1125
2026-05-07 15:46:00+00:00,55362.906657,735.2214,735.39,735.12,735.39,735.085,1778168760000,1311
2026-05-07 15:47:00+00:00,37854.082806,735.1679,735.105,735.1,735.27,735.08,1778168820000,995
2026-05-07 15:48:00+00:00,45459.805292,735.1369,735.09,734.88,735.24,734.88,1778168880000,1129
2026-05-07 15:49:00+00:00,61393.96885,734.9129,734.92,734.835,734.97,734.81,1778168940000,1276
2026-05-07 15:50:00+00:00,71085.976634,734.7297,734.845,734.83,734.85,734.61,1778169000000,1326
2026-05-07 15:51:00+00:00,39135.975857,734.8824,734.83,734.795,734.95,734.69,1778169060000,1037
2026-05-07 15:52:00+00:00,92112.047194,734.6116,734.8,734.59,734.8,734.52,1778169120000,1536
2026-05-07 15:53:00+00:00,68433.425969,734.6564,734.56,734.72,734.77,734.545,1778169180000,1296
2026-05-07 15:54:00+00:00,76306.49046,734.8718,734.7,734.87,734.97,734.6999,1778169240000,1404
2026-05-07 15:55:00+00:00,72418.183602,734.6124,734.88,734.65,734.89,734.42,1778169300000,1488
2026-05-07 15:56:00+00:00,54090.752651,734.6168,734.67,734.5491,734.74,734.5398,1778169360000,1255
2026-05-07 15:57:00+00:00,66805.78417,734.4796,734.54,734.2999,734.64,734.28,1778169420000,1288
2026-05-07 15:58:00+00:00,293389.482806,734.1224,734.29,734.06,734.2999,733.93,1778169480000,2353
2026-05-07 15:59:00+00:00,104005.734315,733.952,734.05,733.9799,734.08,733.78,1778169540000,2118
2026-05-07 16:00:00+00:00,206526.390913,733.5762,733.965,733.62,734.02,733.36,1778169600000,2899
2026-05-07 16:01:00+00:00,127383.91358,733.5657,733.58,733.43,733.79,733.34,1778169660000,1963
2026-05-07 16:02:00+00:00,117251.305717,733.5356,733.43,733.75,733.78,733.31,1778169720000,1810
2026-05-07 16:03:00+00:00,114626.769819,733.7543,733.76,733.79,733.89,733.64,1778169780000,1927
2026-05-07 16:04:00+00:00,114575.230067,733.6159,733.8,733.4,733.84,733.4,1778169840000,1980
2026-05-07 16:05:00+00:00,97802.412748,733.2977,733.39,733.32,733.39,733.15,1778169900000,1901
2026-05-07 16:06:00+00:00,152947.415992,733.0992,733.324,732.99,733.33,732.95,1778169960000,2560
2026-05-07 16:07:00+00:00,119244.085106,733.0856,732.98,733.02,733.29,732.93,1778170020000,2142
2026-05-07 16:08:00+00:00,107265.107456,733.0889,733.011,733.07,733.26,732.94,1778170080000,1998
2026-05-07 16:09:00+00:00,62330.964585,733.2134,733.06,733.3601,733.37,733.06,1778170140000,1224
2026-05-07 16:10:00+00:00,80508.039966,733.1857,733.35,733.09,733.3623,733.03,1778170200000,1644
2026-05-07 16:11:00+00:00,59658.424368,733.0064,733.1,732.93,733.1522,732.88,1778170260000,1554
2026-05-07 16:12:00+00:00,94873.596738,732.776,732.95,732.6,733.0,732.59,1778170320000,1912
2026-05-07 16:13:00+00:00,60818.106176,732.8078,732.6,732.77,732.93,732.6,1778170380000,1371
2026-05-07 16:14:00+00:00,68047.68783,732.7775,732.7799,732.72,732.85,732.68,1778170440000,1142
2026-05-07 16:15:00+00:00,308932.00447,732.1099,732.705,732.06,732.705,731.8,1778170500000,3825
2026-05-07 16:16:00+00:00,177264.20888,731.943,732.09,732.16,732.28,731.76,1778170560000,2317
2026-05-07 16:17:00+00:00,152847.107071,732.1475,732.18,732.455,732.46,731.93,1778170620000,2124
2026-05-07 16:18:00+00:00,99899.761925,732.2904,732.47,732.1,732.52,732.1,1778170680000,1667
2026-05-07 16:19:00+00:00,78789.430552,731.9857,732.1,731.875,732.13,731.86,1778170740000,1367
2026-05-07 16:20:00+00:00,95597.152897,731.9835,731.875,732.01,732.15,731.73,1778170800000,1749
2026-05-07 16:21:00+00:00,75385.294644,732.003,732.01,731.88,732.21,731.81,1778170860000,1344
2026-05-07 16:22:00+00:00,121956.364321,732.0295,731.92,732.08,732.15,731.88,1778170920000,1858
2026-05-07 16:23:00+00:00,126665.623816,732.3409,732.1,732.605,732.62,732.08,1778170980000,2037
2026-05-07 16:24:00+00:00,124653.172371,732.573,732.59,732.7,732.75,732.39,1778171040000,2142
2026-05-07 16:25:00+00:00,329050.440159,733.6751,732.7,732.99,733.04,732.69,1778171100000,2082
2026-05-07 16:26:00+00:00,71332.762982,733.0239,733.0,733.0399,733.1,732.92,1778171160000,1343
2026-05-07 16:27:00+00:00,53921.435314,733.0756,733.04,733.21,733.25,732.93,1778171220000,1088
2026-05-07 16:28:00+00:00,102806.120471,733.2842,733.24,733.37,733.39,733.16,1778171280000,1299
2026-05-07 16:29:00+00:00,287533.245278,733.8999,733.36,733.365,733.42,733.15,1778171340000,960
2026-05-07 16:30:00+00:00,69384.775603,733.3508,733.36,733.2,733.42,733.2,1778171400000,1005
2026-05-07 16:31:00+00:00,47404.483328,733.2324,733.2,733.25,733.3,733.11,1778171460000,767
2026-05-07 16:32:00+00:00,77219.345889,733.4394,733.27,733.59,733.6,733.22,1778171520000,1085
2026-05-07 16:33:00+00:00,186127.730623,733.7014,733.595,733.64,733.8,733.59,1778171580000,2186
2026-05-07 16:34:00+00:00,85515.135734,733.7198,733.63,733.63,733.82,733.54,1778171640000,1185
2026-05-07 16:35:00+00:00,75863.113743,733.5604,733.61,733.58,733.63,733.44,1778171700000,1033
2026-05-07 16:36:00+00:00,80168.009206,733.4097,733.58,733.38,733.58,733.3,1778171760000,1180
2026-05-07 16:37:00+00:00,50836.433199,733.379,733.39,733.34,733.47,733.27,1778171820000,975
2026-05-07 16:38:00+00:00,137028.855822,733.0719,733.33,732.98,733.37,732.84,1778171880000,1748
2026-05-07 16:39:00+00:00,68934.417011,732.8595,732.99,732.76,733.03,732.7001,1778171940000,1099
2026-05-07 16:40:00+00:00,66620.501889,732.7827,732.75,732.912,732.94,732.66,1778172000000,1170
2026-05-07 16:41:00+00:00,54433.298506,732.9916,732.9,733.15,733.18,732.83,1778172060000,959
2026-05-07 16:42:00+00:00,40549.541076,732.9634,733.14,732.85,733.14,732.83,1778172120000,671
2026-05-07 16:43:00+00:00,47154.737869,732.8083,732.85,732.57,732.99,732.54,1778172180000,964
2026-05-07 16:44:00+00:00,63810.795992,732.6587,732.56,732.78,732.83,732.53,1778172240000,964
2026-05-07 16:45:00+00:00,48912.038636,732.7203,732.78,732.75,732.8154,732.56,1778172300000,834
2026-05-07 16:46:00+00:00,56515.642472,732.7331,732.74,732.569,732.88,732.51,1778172360000,907
2026-05-07 16:47:00+00:00,58604.702611,732.5889,732.55,732.57,732.69,732.5,1778172420000,909
2026-05-07 16:48:00+00:00,30758.129881,732.5993,732.5606,732.5201,732.67,732.5,1778172480000,628
2026-05-07 16:49:00+00:00,72160.441691,732.4674,732.52,732.52,732.5801,732.38,1778172540000,1128
2026-05-07 16:50:00+00:00,65432.713693,732.3702,732.48,732.34,732.54,732.235,1778172600000,1078
2026-05-07 16:51:00+00:00,56563.770218,732.1836,732.35,732.08,732.35,732.02,1778172660000,918
2026-05-07 16:52:00+00:00,57601.167421,732.1175,732.09,732.17,732.2,732.021,1778172720000,1087
2026-05-07 16:53:00+00:00,69222.382008,732.2062,732.16,732.31,732.37,732.04,1778172780000,1195
2026-05-07 16:54:00+00:00,50677.994878,732.3942,732.37,732.42,732.51,732.26,1778172840000,882
2026-05-07 16:55:00+00:00,42002.41271,732.3842,732.41,732.23,732.51,732.21,1778172900000,740
2026-05-07 16:56:00+00:00,65294.005834,732.0932,732.22,731.99,732.25,731.95,1778172960000,1044
2026-05-07 16:57:00+00:00,91883.321263,731.8386,731.97,731.69,732.08,731.59,1778173020000,1541
2026-05-07 16:58:00+00:00,71344.470738,731.7622,731.68,731.88,731.9,731.635,1778173080000,1212
2026-05-07 16:59:00+00:00,53512.280622,731.9952,731.92,732.04,732.12,731.87,1778173140000,959
2026-05-07 17:00:00+00:00,53421.839659,732.0681,732.1,732.12,732.17,731.95,1778173200000,936
2026-05-07 17:01:00+00:00,81447.608955,731.9159,732.1,731.87,732.1,731.78,1778173260000,920
2026-05-07 17:02:00+00:00,88556.363191,731.9616,731.88,732.0222,732.15,731.69,1778173320000,1181
2026-05-07 17:03:00+00:00,51791.632198,732.0667,732.04,732.205,732.22,731.97,1778173380000,803
2026-05-07 17:04:00+00:00,67977.515458,732.1698,732.205,732.03,732.27,731.99,1778173440000,1123
2026-05-07 17:05:00+00:00,69268.067434,732.0062,732.04,731.97,732.19,731.81,1778173500000,1401
2026-05-07 17:06:00+00:00,58812.865365,732.1519,731.98,732.235,732.32,731.96,1778173560000,932
2026-05-07 17:07:00+00:00,69175.316123,732.3781,732.31,732.38,732.47,732.27,1778173620000,1068
2026-05-07 17:08:00+00:00,82591.154973,732.5207,732.37,732.59,732.67,732.33,1778173680000,1116
2026-05-07 17:09:00+00:00,104621.343339,732.416,732.621,732.18,732.63,731.9928,1778173740000,1382
2026-05-07 17:10:00+00:00,60477.98388,732.204,732.18,731.97,732.3299,731.9501,1778173800000,1006
2026-05-07 17:11:00+00:00,70710.392291,731.8113,731.955,731.85,731.98,731.7,1778173860000,1269
2026-05-07 17:12:00+00:00,40311.821682,731.839,731.84,731.75,731.96,731.67,1778173920000,906
2026-05-07 17:13:00+00:00,91772.940283,731.9561,731.73,731.975,732.07,731.73,1778173980000,1194
2026-05-07 17:14:00+00:00,47669.590264,732.0033,731.96,731.99,732.09,731.93,1778174040000,787
2026-05-07 17:15:00+00:00,56766.120914,731.826,731.99,731.78,731.99,731.66,1778174100000,1011
2026-05-07 17:16:00+00:00,51502.950533,731.6746,731.76,731.83,731.84,731.55,1778174160000,960
2026-05-07 17:17:00+00:00,66985.067941,731.6357,731.81,731.61,731.81,731.53,1778174220000,1014
2026-05-07 17:18:00+00:00,64774.427307,731.5451,731.64,731.345,731.67,731.34,1778174280000,1259
2026-05-07 17:19:00+00:00,123185.061787,731.3728,731.33,731.38,731.51,731.22,1778174340000,1563
2026-05-07 17:20:00+00:00,85887.740513,731.2553,731.36,731.19,731.37,731.16,1778174400000,1324
2026-05-07 17:21:00+00:00,72399.583504,731.2507,731.21,731.33,731.34,731.16,1778174460000,998
2026-05-07 17:22:00+00:00,83585.917193,731.5306,731.35,731.7901,731.7901,731.35,1778174520000,1075
2026-05-07 17:23:00+00:00,113720.666487,732.0118,731.8196,731.86,732.19,731.76,1778174580000,1573
2026-05-07 17:24:00+00:00,42477.599965,731.9864,731.84,732.16,732.21,731.8,1778174640000,781
2026-05-07 17:25:00+00:00,312354.472862,731.7431,732.19,731.22,732.57,731.08,1778174700000,4085
2026-05-07 17:26:00+00:00,313720.657805,730.6717,731.23,730.21,731.23,730.0406,1778174760000,4340
2026-05-07 17:27:00+00:00,309851.206818,730.1559,730.28,730.3,730.55,729.76,1778174820000,4115
2026-05-07 17:28:00+00:00,282678.468813,730.7102,730.31,731.02,731.16,730.08,1778174880000,4046
2026-05-07 17:29:00+00:00,286137.216536,732.41,731.015,730.625,731.37,730.54,1778174940000,2179
2026-05-07 17:30:00+00:00,233569.857926,730.4596,730.63,730.67,730.84,730.18,1778175000000,2951
2026-05-07 17:31:00+00:00,137961.560734,730.5731,730.64,730.79,730.84,730.35,1778175060000,1985
2026-05-07 17:32:00+00:00,104057.425898,730.8717,730.77,730.99,731.19,730.57,1778175120000,1801
2026-05-07 17:33:00+00:00,95902.513451,730.623,730.98,730.48,731.0,730.27,1778175180000,1585
2026-05-07 17:34:00+00:00,131330.349139,730.8412,730.47,731.0,731.12,730.42,1778175240000,1799
2026-05-07 17:35:00+00:00,62882.438624,730.8798,731.0137,730.98,731.05,730.71,1778175300000,1202
2026-05-07 17:36:00+00:00,85946.299025,731.0616,730.98,731.2345,731.29,730.86,1778175360000,1391
2026-05-07 17:37:00+00:00,93732.421447,731.3048,731.25,731.49,731.64,731.04,1778175420000,1653
2026-05-07 17:38:00+00:00,91759.263502,731.4038,731.48,731.37,731.66,731.22,1778175480000,1554
2026-05-07 17:39:00+00:00,108214.911259,731.3759,731.36,731.4,731.45,731.18,1778175540000,1274
2026-05-07 17:40:00+00:00,109994.562814,731.5083,731.3701,731.41,731.71,731.29,1778175600000,1515
2026-05-07 17:41:00+00:00,57425.743436,731.4713,731.42,731.43,731.54,731.4,1778175660000,845
2026-05-07 17:42:00+00:00,69373.697083,731.2761,731.42,731.12,731.43,731.0956,1778175720000,1130
2026-05-07 17:43:00+00:00,66470.490465,730.9909,731.1,731.05,731.11,730.91,1778175780000,1081
2026-05-07 17:44:00+00:00,54561.777227,730.8419,731.05,730.76,731.07,730.66,1778175840000,1041
2026-05-07 17:45:00+00:00,35998.510031,730.724,730.73,730.7,730.84,730.55,1778175900000,867
2026-05-07 17:46:00+00:00,41771.854147,730.6486,730.7,730.53,730.77,730.5,1778175960000,825
2026-05-07 17:47:00+00:00,47799.550211,730.728,730.51,730.78,730.89,730.47,1778176020000,4140
2026-05-07 17:48:00+00:00,38340.299421,730.6176,730.75,730.57,730.78,730.47,1778176080000,784
2026-05-07 17:49:00+00:00,51360.396917,730.486,730.57,730.55,730.585,730.3945,1778176140000,930
2026-05-07 17:50:00+00:00,88930.298965,730.385,730.53,730.5764,730.58,730.16,1778176200000,1445
2026-05-07 17:51:00+00:00,56825.569745,730.6146,730.59,730.48,730.76,730.39,1778176260000,1126
2026-05-07 17:52:00+00:00,128182.620004,730.2518,730.48,730.215,730.48,730.175,1778176320000,1597
2026-05-07 17:53:00+00:00,72537.383677,730.2231,730.23,730.21,730.27,730.15,1778176380000,1035
2026-05-07 17:54:00+00:00,162207.909797,730.3246,730.215,730.44,730.51,730.16,1778176440000,1616
2026-05-07 17:55:00+00:00,56204.264635,730.6309,730.48,730.6408,730.76,730.48,1778176500000,973
2026-05-07 17:56:00+00:00,245461.217545,730.9192,730.665,731.04,731.34,730.34,1778176560000,3258
2026-05-07 17:57:00+00:00,104428.593254,731.2115,731.03,731.258,731.37,731.01,1778176620000,1767
2026-05-07 17:58:00+00:00,81084.962972,731.3182,731.25,731.37,731.4325,731.19,1778176680000,1295
2026-05-07 17:59:00+00:00,257614.846378,731.5803,731.39,731.72,731.8,731.39,1778176740000,1495
2026-05-07 18:00:00+00:00,81962.408253,731.7162,731.77,731.68,731.8599,731.58,1778176800000,1339
2026-05-07 18:01:00+00:00,88241.546329,731.6177,731.66,731.47,731.755,731.42,1778176860000,1431
2026-05-07 18:02:00+00:00,88127.825756,731.3766,731.48,731.58,731.63,731.15,1778176920000,1618
2026-05-07 18:03:00+00:00,35695.236195,731.5431,731.58,731.43,731.65,731.32,1778176980000,1210
2026-05-07 18:04:00+00:00,52122.518485,731.493,731.4,731.47,731.62,731.3038,1778177040000,1354
2026-05-07 18:05:00+00:00,37658.177894,731.6115,731.49,731.74,731.74,731.48,1778177100000,880
2026-05-07 18:06:00+00:00,56713.427428,731.8177,731.72,731.9,731.95,731.7,1778177160000,1014
2026-05-07 18:07:00+00:00,230993.885371,731.9934,731.91,732.07,732.15,731.825,1778177220000,3211
2026-05-07 18:08:00+00:00,63794.715777,731.9499,732.075,731.89,732.13,731.83,1778177280000,1386
2026-05-07 18:09:00+00:00,158243.412619,731.6234,731.88,731.36,731.97,731.21,1778177340000,2584
2026-05-07 18:10:00+00:00,167041.317254,731.3362,731.362,731.53,731.57,731.06,1778177400000,2062
2026-05-07 18:11:00+00:00,60392.12496,731.5732,731.56,731.585,731.69,731.41,1778177460000,1088
2026-05-07 18:12:00+00:00,56124.140198,731.5601,731.59,731.64,731.705,731.43,1778177520000,1340
2026-05-07 18:13:00+00:00,96058.052848,731.5634,731.65,731.59,731.69,731.39,1778177580000,1075
2026-05-07 18:14:00+00:00,82265.781265,731.6117,731.595,731.62,731.72,731.47,1778177640000,1322
2026-05-07 18:15:00+00:00,46306.204848,731.6865,731.63,731.74,731.79,731.61,1778177700000,891
2026-05-07 18:16:00+00:00,62969.649858,731.7648,731.76,731.69,731.85,731.67,1778177760000,1141
2026-05-07 18:17:00+00:00,25834.404636,731.8648,731.69,731.96,731.98,731.69,1778177820000,680
2026-05-07 18:18:00+00:00,69276.549839,732.0929,731.99,732.14,732.2,731.98,1778177880000,1352
2026-05-07 18:19:00+00:00,58883.564313,732.0831,732.14,731.84,732.1851,731.805,1778177940000,1149
2026-05-07 18:20:00+00:00,93485.745064,731.8909,731.8501,731.81,732.03,731.76,1778178000000,1795
2026-05-07 18:21:00+00:00,40180.781723,731.8592,731.81,731.7751,731.9,731.77,1778178060000,997
2026-05-07 18:22:00+00:00,31130.438478,731.851,731.78,731.77,732.02,731.7,1778178120000,763
2026-05-07 18:23:00+00:00,59764.641303,731.6792,731.78,731.615,731.8,731.56,1778178180000,1010
2026-05-07 18:24:00+00:00,56074.603224,731.5737,731.6,731.455,731.67,731.44,1778178240000,1039
2026-05-07 18:25:00+00:00,71962.708112,731.3335,731.48,731.3,731.48,731.25,1778178300000,1437
2026-05-07 18:26:00+00:00,31215.860629,731.4171,731.29,731.455,731.5088,731.26,1778178360000,768
2026-05-07 18:27:00+00:00,51481.49878,731.3477,731.46,731.35,731.48,731.24,1778178420000,1071
2026-05-07 18:28:00+00:00,70024.956131,731.409,731.37,731.36,731.49,731.28,1778178480000,1240
2026-05-07 18:29:00+00:00,59068.595277,731.3253,731.36,731.29,731.44,731.16,1778178540000,1180
2026-05-07 18:30:00+00:00,43861.894827,731.3789,731.29,731.47,731.5175,731.25,1778178600000,886
2026-05-07 18:31:00+00:00,40856.899388,731.56,731.48,731.63,731.654,731.43,1778178660000,865
2026-05-07 18:32:00+00:00,78801.726143,731.6982,731.64,731.76,731.77,731.57,1778178720000,917
2026-05-07 18:33:00+00:00,106226.088121,731.8347,731.77,731.89,731.94,731.71,1778178780000,1213
2026-05-07 18:34:00+00:00,35503.805651,731.774,731.9,731.74,731.9,731.71,1778178840000,628
2026-05-07 18:35:00+00:00,55642.007994,731.7273,731.75,731.6,731.905,731.58,1778178900000,884
2026-05-07 18:36:00+00:00,50341.091362,731.5368,731.57,731.48,731.605,731.46,1778178960000,843
2026-05-07 18:37:00+00:00,51662.893969,731.2919,731.46,731.14,731.46,731.05,1778179020000,1018
2026-05-07 18:38:00+00:00,45321.141269,731.1223,731.135,731.23,731.315,730.95,1778179080000,982
2026-05-07 18:39:00+00:00,38556.393277,731.3147,731.21,731.405,731.52,731.1,1778179140000,954
2026-05-07 18:40:00+00:00,36046.508622,731.3321,731.42,731.295,731.46,731.23,1778179200000,787
2026-05-07 18:41:00+00:00,38400.733494,731.1963,731.26,731.13,731.38,731.06,1778179260000,842
2026-05-07 18:42:00+00:00,42169.231755,731.3212,731.13,731.49,731.5001,731.08,1778179320000,819
2026-05-07 18:43:00+00:00,79496.808613,731.2412,731.5,731.34,731.53,730.96,1778179380000,1323
2026-05-07 18:44:00+00:00,242144.388701,730.5328,731.33,730.3025,731.34,729.96,1778179440000,3335
2026-05-07 18:45:00+00:00,148821.219422,730.1723,730.31,730.5999,730.61,729.75,1778179500000,2571
2026-05-07 18:46:00+00:00,101246.422966,730.5602,730.6,730.69,730.73,730.34,1778179560000,1422
2026-05-07 18:47:00+00:00,75203.938429,730.4335,730.685,730.35,730.71,730.17,1778179620000,1053
2026-05-07 18:48:00+00:00,78562.203203,730.3417,730.34,730.23,730.6,730.18,1778179680000,1301
2026-05-07 18:49:00+00:00,44553.83482,730.2091,730.24,730.2,730.32,730.12,1778179740000,770
2026-05-07 18:50:00+00:00,137475.490647,730.0478,730.18,730.14,730.18,729.93,1778179800000,1612
2026-05-07 18:51:00+00:00,79749.172463,730.2819,730.17,730.55,730.55,730.01,1778179860000,1274
2026-05-07 18:52:00+00:00,79007.067017,730.5507,730.5199,730.59,730.67,730.435,1778179920000,1355
2026-05-07 18:53:00+00:00,78722.719848,730.5099,730.62,730.52,730.69,730.32,1778179980000,1284
2026-05-07 18:54:00+00:00,102217.78108,730.5979,730.53,730.55,730.73,730.49,1778180040000,1309
2026-05-07 18:55:00+00:00,200017.560222,730.776,730.54,730.955,731.07,730.31,1778180100000,2710
2026-05-07 18:56:00+00:00,87770.8171,730.9544,730.94,731.01,731.15,730.775,1778180160000,1459
2026-05-07 18:57:00+00:00,69620.842435,731.0141,731.01,730.98,731.13,730.91,1778180220000,1237
2026-05-07 18:58:00+00:00,101640.041415,731.0319,730.98,730.91,731.17,730.82,1778180280000,1415
2026-05-07 18:59:00+00:00,68924.991018,731.0663,730.93,731.14,731.18,730.91,1778180340000,1336
2026-05-07 19:00:00+00:00,77855.621789,731.2089,731.16,731.06,731.4,731.05,1778180400000,1566
2026-05-07 19:01:00+00:00,230799.067249,732.7385,731.06,730.995,731.14,730.91,1778180460000,1558
2026-05-07 19:02:00+00:00,69331.755888,730.7947,730.99,730.7,730.99,730.63,1778180520000,979
2026-05-07 19:03:00+00:00,178926.9375,733.1833,730.7,730.82,730.98,730.65,1778180580000,1044
2026-05-07 19:04:00+00:00,36762.856262,730.8843,730.84,730.88,730.94,730.77,1778180640000,952
2026-05-07 19:05:00+00:00,48321.165686,730.9406,730.88,731.05,731.05,730.87,1778180700000,1039
2026-05-07 19:06:00+00:00,63579.915347,730.996,731.01,730.99,731.09,730.91,1778180760000,1096
2026-05-07 19:07:00+00:00,80079.452732,730.9945,730.99,731.09,731.21,730.72,1778180820000,1448
2026-05-07 19:08:00+00:00,371500.79871,733.1455,731.1,730.9,731.12,730.83,1778180880000,1470
2026-05-07 19:09:00+00:00,31495.967023,730.884,730.88,730.91,730.9699,730.8,1778180940000,716
2026-05-07 19:10:00+00:00,43791.904971,730.9679,730.91,730.85,731.13,730.8,1778181000000,1024
2026-05-07 19:11:00+00:00,132794.877966,731.0417,730.86,731.12,731.12,730.855,1778181060000,1032
2026-05-07 19:12:00+00:00,52589.648996,731.1961,731.1,731.24,731.29,731.06,1778181120000,1080
2026-05-07 19:13:00+00:00,64954.03232,731.392,731.26,731.37,731.5,731.24,1778181180000,1258
2026-05-07 19:14:00+00:00,36173.504888,731.2743,731.36,731.19,731.4,731.17,1778181240000,947
2026-05-07 19:15:00+00:00,55542.159455,731.1346,731.23,731.19,731.23,731.0608,1778181300000,960
2026-05-07 19:16:00+00:00,43389.38303,731.2282,731.21,731.21,731.33,731.12,1778181360000,1047
2026-05-07 19:17:00+00:00,147804.580819,730.8309,731.235,730.5301,731.235,730.47,1778181420000,2640
2026-05-07 19:18:00+00:00,185429.04891,730.6451,730.54,730.6,730.81,730.38,1778181480000,2789
2026-05-07 19:19:00+00:00,107333.229039,730.513,730.57,730.61,730.67,730.36,1778181540000,1737
2026-05-07 19:20:00+00:00,77119.594873,730.4476,730.55,730.61,730.6199,730.31,1778181600000,1591
2026-05-07 19:21:00+00:00,110802.836098,730.5537,730.59,730.53,730.615,730.45,1778181660000,1644
2026-05-07 19:22:00+00:00,65548.244164,730.5839,730.525,730.47,730.7071,730.45,1778181720000,1449
2026-05-07 19:23:00+00:00,53429.928929,730.4603,730.49,730.4,730.55,730.29,1778181780000,1121
2026-05-07 19:24:00+00:00,98833.345862,730.2828,730.375,730.21,730.41,730.11,1778181840000,1810
2026-05-07 19:25:00+00:00,113363.322068,730.1804,730.19,730.18,730.42,729.99,1778181900000,2502
2026-05-07 19:26:00+00:00,89995.460799,730.3694,730.17,730.52,730.54,730.08,1778181960000,2008
2026-05-07 19:27:00+00:00,106657.406729,730.6133,730.5,730.68,730.78,730.42,1778182020000,2305
2026-05-07 19:28:00+00:00,58699.824846,730.5471,730.692,730.36,730.74,730.36,1778182080000,1163
2026-05-07 19:29:00+00:00,89540.315347,730.4926,730.37,730.5,730.57,730.36,1778182140000,1281
2026-05-07 19:30:00+00:00,89114.405272,730.5819,730.5,730.6993,730.725,730.4,1778182200000,1504
2026-05-07 19:31:00+00:00,86015.338417,730.8416,730.71,730.83,731.0,730.67,1778182260000,1331
2026-05-07 19:32:00+00:00,68388.277667,730.7988,730.83,730.81,730.87,730.7201,1778182320000,1124
2026-05-07 19:33:00+00:00,74098.288939,730.8245,730.79,730.95,730.964,730.73,1778182380000,1209
2026-05-07 19:34:00+00:00,49687.676054,730.9667,730.95,730.91,731.02,730.88,1778182440000,1026
2026-05-07 19:35:00+00:00,75701.520322,730.961,730.92,730.85,731.02,730.84,1778182500000,1396
2026-05-07 19:36:00+00:00,77419.238813,730.9396,730.855,731.05,731.15,730.8,1778182560000,1613
2026-05-07 19:37:00+00:00,195624.514996,731.2345,731.04,731.25,731.37,731.04,1778182620000,2999
2026-05-07 19:38:00+00:00,73954.69101,731.2506,731.26,731.29,731.33,731.18,1778182680000,1732
2026-05-07 19:39:00+00:00,79152.869613,731.3108,731.285,731.29,731.37,731.21,1778182740000,1651
2026-05-07 19:40:00+00:00,160852.945656,731.3901,731.29,731.345,731.47,731.26,1778182800000,2502
2026-05-07 19:41:00+00:00,144212.106598,731.1717,731.35,731.06,731.36,731.05,1778182860000,2400
2026-05-07 19:42:00+00:00,89847.82947,731.0704,731.07,731.0,731.11,730.99,1778182920000,1609
2026-05-07 19:43:00+00:00,165922.284161,731.1797,731.01,731.15,731.27,730.99,1778182980000,2600
2026-05-07 19:44:00+00:00,79626.736707,731.2271,731.15,731.26,731.32,731.11,1778183040000,1682
2026-05-07 19:45:00+00:00,99272.039182,731.284,731.27,731.27,731.4,731.21,1778183100000,2226
2026-05-07 19:46:00+00:00,138450.289933,731.1987,731.26,731.14,731.28,731.12,1778183160000,2700
2026-05-07 19:47:00+00:00,139821.599824,731.1236,731.14,731.07,731.21,731.04,1778183220000,2739
2026-05-07 19:48:00+00:00,119512.665251,731.019,731.06,731.06,731.1,730.9301,1778183280000,2544
2026-05-07 19:49:00+00:00,262478.673735,731.1771,731.065,731.2101,731.375,731.01,1778183340000,3593
2026-05-07 19:50:00+00:00,622857.724387,731.6332,731.23,731.64,731.795,731.22,1778183400000,7274
2026-05-07 19:51:00+00:00,218680.190557,731.6955,731.65,731.68,731.9,731.52,1778183460000,3261
2026-05-07 19:52:00+00:00,640050.133311,730.9941,731.67,731.1599,731.71,730.57,1778183520000,8647
2026-05-07 19:53:00+00:00,297229.779167,731.0762,731.16,730.97,731.24,730.87,1778183580000,4528
2026-05-07 19:54:00+00:00,258724.802523,730.9596,730.94,730.95,731.1,730.84,1778183640000,4863
2026-05-07 19:55:00+00:00,318099.184179,731.0369,730.95,731.0,731.2,730.77,1778183700000,5371
2026-05-07 19:56:00+00:00,278189.423843,731.0376,731.01,730.98,731.14,730.89,1778183760000,4439
2026-05-07 19:57:00+00:00,438416.150028,731.1918,730.97,731.25,731.6,730.94,1778183820000,5947
2026-05-07 19:58:00+00:00,1053127.668043,732.6178,731.24,731.39,731.405,730.98,1778183880000,7336
2026-05-07 19:59:00+00:00,974430.275705,731.4377,731.43,731.56,731.64,731.13,1778183940000,10233
2026-05-07 20:00:00+00:00,152227.351542,731.2519,731.54,730.9008,731.58,730.4,1778184000000,669
2026-05-07 20:01:00+00:00,296054.322991,730.9136,730.91,731.14,731.41,730.63,1778184060000,1528
2026-05-07 20:02:00+00:00,131438.561633,732.0753,731.22,732.38,732.9,731.21,1778184120000,1117
2026-05-07 20:03:00+00:00,38825.668669,732.3889,732.32,732.08,732.64,732.08,1778184180000,401
2026-05-07 20:04:00+00:00,35735.423483,732.64,732.02,732.54,732.99,732.0,1778184240000,455
2026-05-07 20:05:00+00:00,53341.278593,732.2668,732.4,732.08,732.401,732.0,1778184300000,431
2026-05-07 20:06:00+00:00,15928.675744,732.1396,732.11,732.0,732.15,732.0,1778184360000,169
2026-05-07 20:07:00+00:00,17460.617644,732.028,731.95,732.0,732.09,731.93,1778184420000,119
2026-05-07 20:08:00+00:00,34679.015844,731.9028,732.0,731.83,732.014,731.83,1778184480000,244
2026-05-07 20:09:00+00:00,320711.614885,731.4049,731.83,731.91,731.96,731.3694,1778184540000,190
2026-05-07 20:10:00+00:00,8725.960305,732.0192,731.94,732.07,732.07,731.91,1778184600000,133
2026-05-07 20:11:00+00:00,1714094.86201,731.3818,732.01,731.96,732.09,731.93,1778184660000,150
2026-05-07 20:12:00+00:00,7994.160018,731.9936,731.96,731.96,732.02,731.94,1778184720000,127
2026-05-07 20:13:00+00:00,9319.097305,731.9125,731.93,731.92,731.93,731.84,1778184780000,99
2026-05-07 20:14:00+00:00,86639.633541,732.1255,731.93,732.11,732.32,731.9,1778184840000,981
2026-05-07 20:15:00+00:00,1109.575506,732.5835,732.12,732.2,732.2344,732.12,1778184900000,45
2026-05-07 20:16:00+00:00,129525.69604,734.1186,732.2,732.13,732.2394,732.11,1778184960000,70
2026-05-07 20:17:00+00:00,5148.245607,732.1109,732.13,731.98,732.16,731.96,1778185020000,97
2026-05-07 20:18:00+00:00,4392.267656,731.9587,731.93,731.87,731.95,731.85,1778185080000,61
2026-05-07 20:19:00+00:00,29277.500662,731.9139,731.91,731.92,731.94,731.87,1778185140000,206
2026-05-07 20:20:00+00:00,14221.90683,731.9643,731.9,731.93,732.04,731.9,1778185200000,130
2026-05-07 20:21:00+00:00,6966.521494,732.0076,731.93,732.06,732.07,731.9,1778185260000,87
2026-05-07 20:22:00+00:00,1457.790759,732.509,732.08,732.15,732.15,732.08,1778185320000,61
2026-05-07 20:23:00+00:00,3159.852807,732.3523,732.12,732.15,732.18,732.11,1778185380000,66
2026-05-07 20:24:00+00:00,5347.04491,732.1711,732.2,732.13,732.2479,732.12,1778185440000,75
2026-05-07 20:25:00+00:00,1460.412661,732.2881,732.12,732.03,732.12,732.03,1778185500000,56
2026-05-07 20:26:00+00:00,972.956062,732.7955,732.075,732.03,732.1,732.01,1778185560000,47
2026-05-07 20:27:00+00:00,13412.26761,732.0305,732.03,732.059,732.07,732.0,1778185620000,135
2026-05-07 20:28:00+00:00,1544.077892,732.1331,732.07,732.061,732.1096,732.061,1778185680000,37
2026-05-07 20:29:00+00:00,1157.534553,732.3797,732.06,732.0104,732.07,732.01,1778185740000,52
2026-05-07 20:30:00+00:00,8429.122355,731.9586,732.02,731.69,732.03,731.69,1778185800000,113
2026-05-07 20:31:00+00:00,15563.180556,732.0994,731.84,732.031,732.2,731.82,1778185860000,205
2026-05-07 20:32:00+00:00,23090.562306,732.1261,732.08,732.0,732.15,731.97,1778185920000,175
2026-05-07 20:33:00+00:00,6588.544695,732.1082,732.1,732.09,732.1,731.95,1778185980000,79
2026-05-07 20:34:00+00:00,24068.756889,731.9869,732.05,732.0048,732.09,731.8,1778186040000,192
2026-05-07 20:35:00+00:00,3975.886072,732.2148,732.02,732.06,732.06,732.02,1778186100000,57
2026-05-07 20:36:00+00:00,7534.758139,732.1435,732.06,732.07,732.09,732.05,1778186160000,38
2026-05-07 20:37:00+00:00,121596.080856,731.0632,732.09,730.8,732.09,730.49,1778186220000,1341
2026-05-07 20:38:00+00:00,90405.736864,730.9993,730.83,730.7693,731.45,730.69,1778186280000,817
2026-05-07 20:39:00+00:00,60710.522691,730.604,730.65,730.56,730.75,730.41,1778186340000,492
2026-05-07 20:40:00+00:00,355082.397896,733.2006,730.52,730.93,731.01,730.4,1778186400000,763
2026-05-07 20:41:00+00:00,85845.869211,731.0329,730.99,731.14,731.23,730.8,1778186460000,648
2026-05-07 20:42:00+00:00,1052.986989,731.7592,731.14,731.09,731.1585,730.99,1778186520000,50
2026-05-07 20:43:00+00:00,17222.586224,731.1626,731.17,731.03,731.23,731.03,1778186580000,175
2026-05-07 20:44:00+00:00,17755.249142,731.0551,731.0,731.22,731.23,730.93,1778186640000,145
2026-05-07 20:45:00+00:00,17111.28653,731.2068,731.2,731.09,731.33,731.07,1778186700000,146
2026-05-07 20:46:00+00:00,467700.629024,731.5435,731.0,730.8506,731.09,730.81,1778186760000,179
2026-05-07 20:47:00+00:00,16592.267022,730.6994,730.89,730.74,730.89,730.61,1778186820000,148
2026-05-07 20:48:00+00:00,5503.703882,730.9588,730.75,730.85,730.94,730.7403,1778186880000,76
2026-05-07 20:49:00+00:00,2408.810292,731.0481,730.81,730.83,730.83,730.75,1778186940000,57
2026-05-07 20:50:00+00:00,55313.502411,731.4987,730.83,730.73,730.83,730.721,1778187000000,73
2026-05-07 20:51:00+00:00,6671.176239,730.7062,730.72,730.7,730.74,730.65,1778187060000,67
2026-05-07 20:52:00+00:00,7537.018226,730.7015,730.77,730.9,730.9,730.68,1778187120000,63
2026-05-07 20:53:00+00:00,19980.273061,730.9163,730.95,730.79,730.95,730.75,1778187180000,96
2026-05-07 20:54:00+00:00,2365.875728,731.0155,730.89,730.67,730.89,730.67,1778187240000,62
2026-05-07 20:55:00+00:00,29733.475924,730.4928,730.65,730.5223,730.65,730.43,1778187300000,189
2026-05-07 20:56:00+00:00,18804.536913,730.4077,730.59,730.36,730.59,730.3,1778187360000,148
2026-05-07 20:57:00+00:00,13581.47655,730.3922,730.3891,730.54,730.54,730.26,1778187420000,114
2026-05-07 20:58:00+00:00,17393.055713,730.4815,730.65,730.41,730.68,730.36,1778187480000,182
2026-05-07 20:59:00+00:00,6390.585853,730.596,730.4118,730.36,730.69,730.36,1778187540000,124
2026-05-07 21:00:00+00:00,10063.207204,730.664,730.64,730.65,730.65,730.63,1778187600000,53
2026-05-07 21:01:00+00:00,2904.569273,730.836,730.65,730.73,730.77,730.65,1778187660000,50
2026-05-07 21:02:00+00:00,684369.741415,731.5796,730.7,730.7,730.7,730.686,1778187720000,40
2026-05-07 21:03:00+00:00,5232.278977,730.5283,730.66,730.5,730.67,730.36,1778187780000,97
2026-05-07 21:04:00+00:00,6537.22363,730.3218,730.45,730.19,730.5,730.16,1778187840000,160
2026-05-07 21:05:00+00:00,8610.34914,730.2459,730.27,730.2,730.39,730.15,1778187900000,125
2026-05-07 21:06:00+00:00,13918.433074,730.1457,730.2,729.99,730.24,729.98,1778187960000,228
2026-05-07 21:07:00+00:00,16408.075931,730.0826,730.03,730.02,730.23,729.92,1778188020000,184
2026-05-07 21:08:00+00:00,7161.826483,730.2714,730.02,730.2,730.2,730.02,1778188080000,79
2026-05-07 21:09:00+00:00,2839.388768,730.2214,730.11,730.17,730.17,730.03,1778188140000,45
2026-05-07 21:10:00+00:00,2752.869034,730.3821,730.17,730.15,730.17,730.13,1778188200000,24
2026-05-07 21:11:00+00:00,3668.541636,730.216,730.1,730.15,730.15,730.1,1778188260000,41
2026-05-07 21:12:00+00:00,3019.144945,730.1432,730.14,730.12,730.14,730.1,1778188320000,22
2026-05-07 21:13:00+00:00,3370.942339,730.27,730.09,730.02,730.15,730.0,1778188380000,59
2026-05-07 21:14:00+00:00,5890.390988,730.0523,730.05,729.9974,730.05,729.98,1778188440000,76
2026-05-07 21:15:00+00:00,5652.732252,730.0925,729.98,730.0,730.0,729.975,1778188500000,49
2026-05-07 21:16:00+00:00,7327.291524,730.0534,730.0,730.0,730.16,730.0,1778188560000,54
2026-05-07 21:17:00+00:00,34664.405455,730.1702,730.1,730.2,730.2,730.1,1778188620000,289
2026-05-07 21:18:00+00:00,6222.345754,730.1591,730.0585,730.16,730.16,730.0585,1778188680000,37
2026-05-07 21:19:00+00:00,606.260923,730.4233,730.15,730.0682,730.16,730.0622,1778188740000,45
2026-05-07 21:20:00+00:00,4898.663831,730.088,730.02,730.06,730.07,729.95,1778188800000,90
2026-05-07 21:21:00+00:00,6901.724847,730.0742,729.98,730.07,730.07,729.96,1778188860000,85
2026-05-07 21:22:00+00:00,10600.317065,730.0079,730.05,730.0,730.0501,729.96,1778188920000,129
2026-05-07 21:23:00+00:00,2092.304002,730.0962,730.0,730.0,730.01,729.97,1778188980000,20
2026-05-07 21:24:00+00:00,9970.01914,729.9766,730.0,729.97,730.0,729.96,1778189040000,42
2026-05-07 21:25:00+00:00,8106.545356,730.0186,730.0,729.95,730.0,729.94,1778189100000,57
2026-05-07 21:26:00+00:00,2914.398287,730.0883,729.95,730.0,730.0,729.95,1778189160000,56
2026-05-07 21:27:00+00:00,16864.243146,730.0319,730.0,730.12,730.12,729.99,1778189220000,72
2026-05-07 21:28:00+00:00,4671.346502,730.0778,730.11,729.99,730.11,729.98,1778189280000,52
2026-05-07 21:29:00+00:00,3479.850306,730.1823,730.0472,730.0499,730.07,729.99,1778189340000,43
2026-05-07 21:30:00+00:00,985.629553,730.4405,730.02,729.95,730.05,729.93,1778189400000,34
2026-05-07 21:31:00+00:00,16301.419152,729.9713,729.93,729.98,730.09,729.93,1778189460000,52
2026-05-07 21:32:00+00:00,2808.802237,730.1457,729.97,729.91,729.97,729.91,1778189520000,65
2026-05-07 21:33:00+00:00,2096.524844,730.0387,729.9,729.84,729.9,729.84,1778189580000,45
2026-05-07 21:34:00+00:00,10330.185989,729.6432,729.82,729.57,729.82,729.56,1778189640000,262
2026-05-07 21:35:00+00:00,3254.055974,729.6862,729.57,729.7,729.8,729.57,1778189700000,78
2026-05-07 21:36:00+00:00,1046.42507,729.9836,729.67,729.67,729.7,729.67,1778189760000,40
2026-05-07 21:37:00+00:00,3389.82867,729.8396,729.65,729.66,729.67,729.65,1778189820000,49
2026-05-07 21:38:00+00:00,2369.802062,729.9072,729.66,729.66,729.66,729.66,1778189880000,28
2026-05-07 21:39:00+00:00,4411.695604,729.6716,729.66,729.49,729.66,729.45,1778189940000,135
2026-05-07 21:40:00+00:00,1007.317348,729.7073,729.46,729.48,729.481,729.46,1778190000000,39
2026-05-07 21:41:00+00:00,1532.019838,729.4501,729.47,729.41,729.48,729.4,1778190060000,79
2026-05-07 21:42:00+00:00,4433.04878,729.4186,729.41,729.35,729.48,729.35,1778190120000,118
2026-05-07 21:43:00+00:00,2038.511031,729.4965,729.11,729.3309,729.35,729.11,1778190180000,65
2026-05-07 21:44:00+00:00,8687.326971,729.1923,729.34,729.1,729.34,729.1,1778190240000,149
2026-05-07 21:45:00+00:00,4899.988053,729.2176,729.11,729.0568,729.2,729.0,1778190300000,117
2026-05-07 21:46:00+00:00,6301.913101,729.3069,729.11,729.12,729.29,729.11,1778190360000,68
2026-05-07 21:47:00+00:00,13568.181131,729.1279,729.28,729.05,729.295,729.05,1778190420000,100
2026-05-07 21:48:00+00:00,3666.613444,729.2562,729.15,729.11,729.19,729.05,1778190480000,39
2026-05-07 21:49:00+00:00,8094.379403,729.082,729.11,729.0,729.11,729.0,1778190540000,135
2026-05-07 21:50:00+00:00,1391.646037,729.3356,729.0348,728.99,729.0348,728.98,1778190600000,45
2026-05-07 21:51:00+00:00,9781.396091,728.9624,729.0,728.84,729.0,728.84,1778190660000,127
2026-05-07 21:52:00+00:00,4787.582148,728.954,728.87,728.89,728.93,728.84,1778190720000,102
2026-05-07 21:53:00+00:00,3650.546497,728.9589,728.895,728.83,728.9288,728.78,1778190780000,89
2026-05-07 21:54:00+00:00,6344.506484,728.765,728.795,728.6957,728.795,728.57,1778190840000,109
2026-05-07 21:55:00+00:00,12478.893108,728.6039,728.6715,728.5,728.72,728.5,1778190900000,110
2026-05-07 21:56:00+00:00,7826.464882,728.6804,728.5996,728.5509,728.72,728.53,1778190960000,103
2026-05-07 21:57:00+00:00,7887.726777,728.7045,728.54,728.67,728.77,728.5,1778191020000,126
2026-05-07 21:58:00+00:00,6244.230042,728.8117,728.78,728.85,728.85,728.7,1778191080000,52
2026-05-07 21:59:00+00:00,10418.496513,728.9568,728.9,728.64,729.0397,728.64,1778191140000,114
2026-05-07 22:00:00+00:00,36412.681453,729.7034,729.04,729.7244,729.8899,728.96,1778191200000,493
2026-05-07 22:01:00+00:00,19081.16663,730.018,729.67,729.9135,730.09,729.67,1778191260000,194
2026-05-07 22:02:00+00:00,16301.17087,729.8944,729.96,729.74,729.96,729.74,1778191320000,174
2026-05-07 22:03:00+00:00,9338.540142,729.9479,729.73,730.13,730.1395,729.73,1778191380000,145
2026-05-07 22:04:00+00:00,1860.080354,729.9812,730.0,729.9278,730.0347,729.9,1778191440000,42
2026-05-07 22:05:00+00:00,26041.504687,729.834,729.91,729.78,729.95,729.76,1778191500000,204
2026-05-07 22:06:00+00:00,42379.943345,729.8016,729.8,729.85,729.89,729.705,1778191560000,279
2026-05-07 22:07:00+00:00,944.390817,730.0544,729.75,729.75,729.75,729.74,1778191620000,26
2026-05-07 22:08:00+00:00,8979.223229,729.7041,729.7,729.65,729.73,729.65,1778191680000,96
2026-05-07 22:09:00+00:00,7679.385173,729.8208,729.65,729.71,729.89,729.65,1778191740000,81
2026-05-07 22:10:00+00:00,5714.231888,729.7116,729.71,729.61,729.71,729.61,1778191800000,69
2026-05-07 22:11:00+00:00,6036.173135,729.7566,729.62,729.98,730.04,729.62,1778191860000,92
2026-05-07 22:12:00+00:00,6949.075814,730.1701,730.02,730.31,730.31,730.02,1778191920000,109
2026-05-07 22:13:00+00:00,6784.157875,730.3763,730.44,730.37,730.45,730.27,1778191980000,78
2026-05-07 22:14:00+00:00,1305.152052,730.2968,730.33,730.1015,730.35,730.1,1778192040000,39
2026-05-07 22:15:00+00:00,6526.423641,730.1349,730.11,729.9291,730.11,729.9291,1778192100000,60
2026-05-07 22:16:00+00:00,54853.185313,730.5385,729.9,730.4695,730.97,729.9,1778192160000,677
2026-05-07 22:17:00+00:00,4681.264183,730.4234,730.39,730.4999,730.4999,730.36,1778192220000,44
2026-05-07 22:18:00+00:00,8270.36099,730.5766,730.53,730.42,730.65,730.42,1778192280000,124
2026-05-07 22:19:00+00:00,1666.666536,730.7262,730.4445,730.43,730.46,730.4,1778192340000,46
2026-05-07 22:20:00+00:00,2401.363334,730.4897,730.3794,730.4,730.4,730.361,1778192400000,21
2026-05-07 22:21:00+00:00,12830.079204,730.7981,730.44,730.8,731.04,730.44,1778192460000,131
2026-05-07 22:22:00+00:00,4818.740174,731.041,730.82,730.93,731.03,730.82,1778192520000,67
2026-05-07 22:23:00+00:00,1352.049925,730.9544,730.84,730.96,730.96,730.84,1778192580000,42
2026-05-07 22:24:00+00:00,3941.393845,731.0191,730.96,730.99,731.0147,730.91,1778192640000,54
2026-05-07 22:25:00+00:00,2766.170236,731.0058,731.0,730.95,731.0,730.95,1778192700000,30
2026-05-07 22:26:00+00:00,3299.78001,731.1373,730.93,730.97,731.0,730.9174,1778192760000,29
2026-05-07 22:27:00+00:00,8551.725671,730.9661,730.92,730.93,730.96,730.86,1778192820000,79
2026-05-07 22:28:00+00:00,9132.090933,730.7547,730.88,730.92,730.92,730.69,1778192880000,79
2026-05-07 22:29:00+00:00,10367.597808,730.845,730.86,730.83,730.86,730.76,1778192940000,147
2026-05-07 22:30:00+00:00,3729.672191,730.9171,730.79,730.82,730.82,730.76,1778193000000,45
2026-05-07 22:31:00+00:00,7716.743203,730.7933,730.74,730.77,730.79,730.71,1778193060000,64
2026-05-07 22:32:00+00:00,15853.424555,730.7239,730.68,730.7,730.77,730.66,1778193120000,116
2026-05-07 22:33:00+00:00,2988.794595,730.9323,730.72,730.77,730.79,730.72,1778193180000,48
2026-05-07 22:34:00+00:00,55825.477723,730.3863,730.74,730.08,730.74,729.7,1778193240000,553
2026-05-07 22:35:00+00:00,23455.580864,730.3931,730.17,730.25,730.41,730.07,1778193300000,206
2026-05-07 22:36:00+00:00,18343.496245,730.3397,730.31,730.29,730.38,730.29,1778193360000,83
2026-05-07 22:37:00+00:00,12900.472009,730.2734,730.33,730.06,730.33,730.02,1778193420000,114
2026-05-07 22:38:00+00:00,3122.63119,730.255,730.12,730.0617,730.15,730.0319,1778193480000,26
2026-05-07 22:39:00+00:00,1698.242198,730.3079,730.21,730.23,730.23,730.18,1778193540000,25
2026-05-07 22:40:00+00:00,9134.412844,730.2988,730.21,730.3,730.31,730.2,1778193600000,66
2026-05-07 22:41:00+00:00,6837.174333,730.2991,730.27,730.25,730.31,730.25,1778193660000,37
2026-05-07 22:42:00+00:00,294.180606,730.7262,730.25,730.25,730.25,730.25,1778193720000,25
2026-05-07 22:43:00+00:00,14435.154771,730.3038,730.3,730.23,730.3102,730.19,1778193780000,84
2026-05-07 22:44:00+00:00,5308.071782,730.2284,730.22,730.25,730.25,730.2,1778193840000,50
2026-05-07 22:45:00+00:00,1678.763512,730.6073,730.35,730.22,730.35,730.22,1778193900000,31
2026-05-07 22:46:00+00:00,3849.750406,730.3839,730.29,730.2,730.29,730.2,1778193960000,25
2026-05-07 22:47:00+00:00,785.306051,730.5524,730.2491,730.28,730.28,730.2491,1778194020000,17
2026-05-07 22:48:00+00:00,4480.517134,730.3977,730.3,730.31,730.3645,730.3,1778194080000,27
2026-05-07 22:49:00+00:00,11589.729085,730.2913,730.25,730.23,730.26,730.21,1778194140000,87
2026-05-07 22:50:00+00:00,11457.005573,730.213,730.2291,730.2,730.29,730.19,1778194200000,69
2026-05-07 22:51:00+00:00,13811.231474,730.2231,730.2,730.26,730.32,730.18,1778194260000,84
2026-05-07 22:52:00+00:00,831.865451,730.971,730.29,730.18,730.29,730.18,1778194320000,23
2026-05-07 22:53:00+00:00,8579.467145,730.2162,730.18,730.21,730.21,730.17,1778194380000,102
2026-05-07 22:54:00+00:00,1300.526919,730.4577,730.16,730.16,730.16,730.16,1778194440000,36
2026-05-07 22:55:00+00:00,7827.5767,730.2063,730.16,730.16,730.16,730.1,1778194500000,196
2026-05-07 22:56:00+00:00,182.979786,734.1071,730.18,730.18,730.18,730.18,1778194560000,18
2026-05-07 22:57:00+00:00,3036.674131,730.3199,730.19,730.14,730.22,730.14,1778194620000,39
2026-05-07 22:58:00+00:00,6942.261905,730.1314,730.14,730.04,730.14,730.01,1778194680000,56
2026-05-07 22:59:00+00:00,1365.574879,730.3188,729.98,730.1,730.17,729.93,1778194740000,45
2026-05-07 23:00:00+00:00,893.067616,730.1859,730.1,730.1,730.16,730.1,1778194800000,23
2026-05-07 23:01:00+00:00,173.700768,733.2203,730.27,730.27,730.27,730.27,1778194860000,31
2026-05-07 23:02:00+00:00,805.306773,730.5318,730.2587,730.27,730.27,730.25,1778194920000,25
2026-05-07 23:03:00+00:00,2238.544497,730.3336,730.21,730.15,730.21,730.15,1778194980000,28
2026-05-07 23:05:00+00:00,974.89249,730.832,730.161,730.2,730.2,730.15,1778195100000,18
2026-05-07 23:06:00+00:00,614.847571,731.2531,730.2,730.32,730.32,730.2,1778195160000,25
2026-05-07 23:07:00+00:00,444.631726,731.3191,730.2503,730.31,730.3346,730.2503,1778195220000,21
2026-05-07 23:08:00+00:00,446.364086,730.866,730.3,730.22,730.3,730.22,1778195280000,28
2026-05-07 23:09:00+00:00,1064.112793,730.3939,730.32,730.3,730.32,730.3,1778195340000,20
2026-05-07 23:10:00+00:00,502.500612,731.1158,730.3648,730.35,730.4,730.35,1778195400000,44
2026-05-07 23:11:00+00:00,226.2256,731.098,730.37,730.37,730.37,730.37,1778195460000,17
2026-05-07 23:12:00+00:00,513.886074,731.6543,730.39,730.39,730.39,730.39,1778195520000,14
2026-05-07 23:13:00+00:00,2286.461982,730.5189,730.39,730.38,730.39,730.35,1778195580000,23
2026-05-07 23:14:00+00:00,508.897636,731.6405,730.35,730.35,730.35,730.35,1778195640000,13
2026-05-07 23:15:00+00:00,73.028619,730.6397,730.35,730.35,730.35,730.35,1778195700000,13
2026-05-07 23:16:00+00:00,95.717429,735.926,730.43,730.43,730.43,730.43,1778195760000,17
2026-05-07 23:18:00+00:00,542.234328,730.685,730.37,730.37,730.37,730.37,1778195880000,13
2026-05-07 23:19:00+00:00,292.678108,732.0394,730.36,730.34,730.36,730.34,1778195940000,11
2026-05-07 23:20:00+00:00,641.033298,730.5947,730.36,730.64,730.64,730.36,1778196000000,35
2026-05-07 23:21:00+00:00,1052.022555,730.6151,730.6,730.6,730.6,730.6,1778196060000,12
2026-05-07 23:22:00+00:00,80.836761,738.2309,730.59,730.59,730.59,730.59,1778196120000,11
2026-05-07 23:23:00+00:00,463.495563,731.3435,730.6,730.53,730.6,730.53,1778196180000,21
2026-05-07 23:24:00+00:00,162.377767,732.2365,730.57,730.57,730.57,730.57,1778196240000,17
2026-05-07 23:25:00+00:00,407.78592,731.9506,730.5,730.55,730.55,730.5,1778196300000,25
2026-05-07 23:26:00+00:00,112.296632,732.499,730.56,730.56,730.56,730.56,1778196360000,20
2026-05-07 23:27:00+00:00,122.174994,731.7003,730.66,730.66,730.66,730.66,1778196420000,11
2026-05-07 23:28:00+00:00,313.07051,730.8038,730.64,730.6385,730.64,730.6385,1778196480000,13
2026-05-07 23:30:00+00:00,172.311927,731.9466,730.62,730.62,730.62,730.62,1778196600000,18
2026-05-07 23:31:00+00:00,436.161231,730.8053,730.53,730.56,730.56,730.51,1778196660000,21
2026-05-07 23:32:00+00:00,350.105309,730.8251,730.54,730.66,730.66,730.54,1778196720000,22
2026-05-07 23:33:00+00:00,1041.201134,730.7192,730.58,730.57,730.58,730.57,1778196780000,17
2026-05-07 23:34:00+00:00,118.049654,730.9104,730.6,730.6,730.6,730.6,1778196840000,10
2026-05-07 23:35:00+00:00,47.767593,742.5585,730.63,730.63,730.63,730.63,1778196900000,14
2026-05-07 23:36:00+00:00,489.097403,730.6837,730.543,730.54,730.56,730.51,1778196960000,21
2026-05-07 23:37:00+00:00,210.123564,731.011,730.58,730.57,730.58,730.57,1778197020000,11
2026-05-07 23:38:00+00:00,311.816919,732.4631,730.54,730.54,730.54,730.54,1778197080000,14
2026-05-07 23:39:00+00:00,462.741302,731.7421,730.57,730.57,730.57,730.57,1778197140000,14
2026-05-07 23:41:00+00:00,168.250168,731.6527,730.54,730.6,730.6,730.54,1778197260000,14
2026-05-07 23:42:00+00:00,293.235575,731.2887,730.6,730.75,730.75,730.6,1778197320000,23
2026-05-07 23:43:00+00:00,1046.132693,730.8543,730.75,730.71,730.85,730.71,1778197380000,27
2026-05-07 23:44:00+00:00,594.578275,731.489,730.7101,730.82,730.85,730.71,1778197440000,16
2026-05-07 23:45:00+00:00,669.182365,731.061,730.85,730.8565,730.89,730.85,1778197500000,22
2026-05-07 23:46:00+00:00,1338.209828,730.8613,730.85,730.7,730.85,730.7,1778197560000,36
2026-05-07 23:47:00+00:00,302.49518,731.8972,730.7,730.7,730.7,730.7,1778197620000,23
2026-05-07 23:48:00+00:00,1418.219702,730.9066,730.7,730.85,730.85,730.7,1778197680000,34
2026-05-07 23:49:00+00:00,1009.593887,731.3845,730.89,730.98,730.98,730.89,1778197740000,33
2026-05-07 23:50:00+00:00,1837.454991,731.2433,731.0,731.1,731.1,731.0,1778197800000,56
2026-05-07 23:51:00+00:00,259.098711,731.3465,731.06,731.06,731.07,731.06,1778197860000,18
2026-05-07 23:52:00+00:00,1716.706014,731.4053,731.095,731.1,731.149,731.07,1778197920000,38
2026-05-07 23:53:00+00:00,577.444643,731.6839,731.12,731.15,731.15,731.12,1778197980000,29
2026-05-07 23:54:00+00:00,3111.161627,731.2463,731.15,731.1573,731.25,731.15,1778198040000,32
2026-05-07 23:55:00+00:00,347.705139,732.6959,731.21,731.2,731.23,731.1779,1778198100000,21
2026-05-07 23:56:00+00:00,2920.263388,731.2943,731.205,731.2002,731.26,731.17,1778198160000,25
2026-05-07 23:57:00+00:00,1889.895894,731.602,731.22,731.33,731.33,731.22,1778198220000,49
2026-05-07 23:58:00+00:00,614.090657,731.401,731.3,731.27,731.32,731.27,1778198280000,28
2026-05-07 23:59:00+00:00,11248.269461,731.4802,731.3792,731.4391,731.5,731.35,1778198340000,85
2026-05-08 08:00:00+00:00,13079.498562,733.7003,733.13,734.04,734.16,733.13,1778227200000,987
2026-05-08 08:01:00+00:00,38471.330717,733.6385,733.6,733.68,734.19,732.91,1778227260000,1192
2026-05-08 08:02:00+00:00,10035.022003,733.9633,733.6,734.05,734.12,733.56,1778227320000,222
2026-05-08 08:03:00+00:00,699.005965,734.0622,734.07,734.08,734.08,734.04,1778227380000,19
2026-05-08 08:04:00+00:00,987.117832,734.2614,734.12,734.24,734.24,734.07,1778227440000,29
2026-05-08 08:05:00+00:00,674.010117,734.3008,734.3,734.29,734.3,734.29,1778227500000,20
2026-05-08 08:06:00+00:00,335.110181,734.4616,734.27,734.19,734.27,734.15,1778227560000,27
2026-05-08 08:07:00+00:00,1407.214273,734.0785,734.01,733.9,734.28,733.9,1778227620000,97
2026-05-08 08:08:00+00:00,1422.0,734.2589,734.24,734.27,734.28,734.24,1778227680000,22
2026-05-08 08:09:00+00:00,814.488751,734.7472,734.26,734.38,734.4,734.22,1778227740000,33
2026-05-08 08:10:00+00:00,1613.822116,734.8403,734.4,734.51,734.51,734.375,1778227800000,45
2026-05-08 08:11:00+00:00,1769.497514,734.6934,734.5,734.45,734.5168,734.43,1778227860000,34
2026-05-08 08:12:00+00:00,2160.799361,734.8191,734.5,734.573,734.63,734.4936,1778227920000,44
2026-05-08 08:13:00+00:00,627.021915,734.4668,734.59,734.38,734.59,734.37,1778227980000,30
2026-05-08 08:14:00+00:00,53.011393,734.5565,734.4,734.4,734.4,734.4,1778228040000,9
2026-05-08 08:15:00+00:00,406.002015,734.3733,734.33,734.41,734.41,734.33,1778228100000,7
2026-05-08 08:17:00+00:00,1303.00599,734.3935,734.4,734.43,734.43,734.38,1778228220000,20
2026-05-08 08:18:00+00:00,1093.096692,734.5056,734.43,734.5,734.5,734.43,1778228280000,17
2026-05-08 08:19:00+00:00,95.00731,734.573,734.52,734.52,734.52,734.52,1778228340000,12
2026-05-08 08:21:00+00:00,192.064513,734.8954,734.6013,734.71,734.71,734.6013,1778228460000,22
2026-05-08 08:22:00+00:00,309.024889,734.7605,734.74,734.62,734.74,734.62,1778228520000,23
2026-05-08 08:23:00+00:00,914.067915,734.6307,734.59,734.62,734.62,734.57,1778228580000,16
2026-05-08 08:24:00+00:00,133.202386,735.7272,734.61,734.6,734.61,734.6,1778228640000,15
2026-05-08 08:25:00+00:00,1163.024922,734.6303,734.62,734.56,734.63,734.56,1778228700000,25
2026-05-08 08:27:00+00:00,1468.112045,734.5798,734.57,734.58,734.58,734.5,1778228820000,32
2026-05-08 08:28:00+00:00,115.069112,735.1017,734.69,734.69,734.69,734.69,1778228880000,13
2026-05-08 08:29:00+00:00,289.011283,734.66,734.65,734.64,734.65,734.64,1778228940000,15
2026-05-08 08:30:00+00:00,292.005988,734.6759,734.64,734.71,734.71,734.61,1778229000000,15
2026-05-08 08:31:00+00:00,583.008056,734.7002,734.72,734.68,734.72,734.68,1778229060000,24
2026-05-08 08:32:00+00:00,490.007975,734.6815,734.7,734.65,734.7,734.65,1778229120000,16
2026-05-08 08:33:00+00:00,411.010016,734.663,734.68,734.6,734.68,734.6,1778229180000,23
2026-05-08 08:34:00+00:00,742.0,734.6108,734.6,734.65,734.65,734.58,1778229240000,20
2026-05-08 08:35:00+00:00,621.015759,734.6739,734.6457,734.62,734.67,734.62,1778229300000,20
2026-05-08 08:36:00+00:00,187.11999,735.0794,734.6,734.62,734.62,734.6,1778229360000,10
2026-05-08 08:37:00+00:00,429.16064,734.8756,734.6326,734.58,734.6326,734.58,1778229420000,18
2026-05-08 08:38:00+00:00,443.256085,735.0989,734.67,734.68,734.69,734.67,1778229480000,24
2026-05-08 08:39:00+00:00,570.001932,734.696,734.66,734.7,734.7,734.66,1778229540000,13
2026-05-08 08:40:00+00:00,744.007851,734.6611,734.7,734.61,734.7,734.61,1778229600000,27
2026-05-08 08:41:00+00:00,253.283519,735.4879,734.68,734.66,734.68,734.66,1778229660000,16
2026-05-08 08:42:00+00:00,157.065443,734.9008,734.63,734.55,734.63,734.55,1778229720000,19
2026-05-08 08:43:00+00:00,144.19916,735.569,734.56,734.56,734.56,734.55,1778229780000,19
2026-05-08 08:45:00+00:00,102.077624,735.0125,734.4523,734.4523,734.4523,734.4523,1778229900000,10
2026-05-08 08:46:00+00:00,511.397377,735.0724,734.44,734.53,734.55,734.44,1778229960000,21
2026-05-08 08:48:00+00:00,922.024087,734.6712,734.58,734.68,734.7,734.58,1778230080000,45
2026-05-08 08:49:00+00:00,538.005919,734.6543,734.63,734.65,734.69,734.63,1778230140000,14
2026-05-08 08:50:00+00:00,98.010043,734.7353,734.66,734.66,734.66,734.66,1778230200000,7
2026-05-08 08:51:00+00:00,352.004056,734.5931,734.58,734.59,734.59,734.58,1778230260000,12
2026-05-08 08:52:00+00:00,135.223071,735.8097,734.59,734.59,734.59,734.59,1778230320000,8
2026-05-08 08:53:00+00:00,410.014112,734.6668,734.62,734.71,734.71,734.62,1778230380000,22
2026-05-08 08:54:00+00:00,254.096523,734.9533,734.69,734.67,734.69,734.67,1778230440000,11
2026-05-08 08:55:00+00:00,219.009854,734.6257,734.59,734.59,734.59,734.59,1778230500000,10
2026-05-08 08:56:00+00:00,347.0,734.6458,734.64,734.65,734.65,734.64,1778230560000,8
2026-05-08 08:57:00+00:00,91.23916,736.5704,734.64,734.64,734.64,734.64,1778230620000,8
2026-05-08 08:58:00+00:00,129.007785,734.7019,734.66,734.67,734.67,734.66,1778230680000,8
2026-05-08 08:59:00+00:00,1383.006027,734.695,734.73,734.71,734.73,734.67,1778230740000,14
2026-05-08 09:00:00+00:00,200.003959,734.7535,734.7,734.76,734.77,734.7,1778230800000,12
2026-05-08 09:01:00+00:00,1281.014096,734.7419,734.78,734.7204,734.78,734.7,1778230860000,30
2026-05-08 09:02:00+00:00,3935.020149,734.8457,734.75,734.8732,734.9091,734.7404,1778230920000,78
2026-05-08 09:03:00+00:00,3541.016107,734.9701,734.9204,734.95,734.98,734.9204,1778230980000,31
2026-05-08 09:04:00+00:00,4745.404033,735.0151,734.93,735.001,735.001,734.92,1778231040000,82
2026-05-08 09:05:00+00:00,912.010093,735.0536,735.02,735.09,735.09,735.02,1778231100000,27
2026-05-08 09:06:00+00:00,189.006024,735.1049,735.08,735.08,735.08,735.08,1778231160000,14
2026-05-08 09:07:00+00:00,651.006025,735.132,735.13,735.13,735.13,735.09,1778231220000,17
2026-05-08 09:08:00+00:00,2222.004012,735.1087,735.11,735.14,735.14,735.1,1778231280000,21
2026-05-08 09:09:00+00:00,2313.696942,735.4045,735.17,735.2,735.2,735.16,1778231340000,49
2026-05-08 09:10:00+00:00,96.004012,735.2428,735.21,735.21,735.21,735.21,1778231400000,8
2026-05-08 09:11:00+00:00,557.504025,735.8889,735.16,735.23,735.23,735.16,1778231460000,13
2026-05-08 09:12:00+00:00,158.033228,735.4267,735.26,735.29,735.29,735.26,1778231520000,23
2026-05-08 09:13:00+00:00,158.056901,735.5488,735.26,735.3,735.3,735.26,1778231580000,11
2026-05-08 09:14:00+00:00,177.001455,735.2884,735.28,735.28,735.28,735.28,1778231640000,9
2026-05-08 09:15:00+00:00,246.48519,736.6836,735.25,735.21,735.26,735.21,1778231700000,12
2026-05-08 09:16:00+00:00,3221.01575,735.229,735.21,735.252,735.27,735.2,1778231760000,76
2026-05-08 09:17:00+00:00,837.018441,735.2142,735.23,735.19,735.23,735.18,1778231820000,37
2026-05-08 09:18:00+00:00,2006.04219,735.2864,735.3,735.26,735.3,735.25,1778231880000,77
2026-05-08 09:19:00+00:00,1491.0,735.2943,735.3,735.28,735.32,735.28,1778231940000,29
2026-05-08 09:20:00+00:00,958.690989,735.8516,735.32,735.35,735.35,735.29,1778232000000,21
2026-05-08 09:21:00+00:00,219.331508,736.5217,735.38,735.44,735.44,735.38,1778232060000,22
2026-05-08 09:22:00+00:00,467.006008,735.4282,735.45,735.38,735.45,735.38,1778232120000,10
2026-05-08 09:23:00+00:00,239.005995,735.4652,735.46,735.45,735.46,735.45,1778232180000,11
2026-05-08 09:24:00+00:00,85.00802,735.5373,735.48,735.48,735.48,735.48,1778232240000,11
2026-05-08 09:25:00+00:00,647.005995,735.418,735.4,735.46,735.46,735.4,1778232300000,12
2026-05-08 09:26:00+00:00,154.00806,735.5308,735.49,735.49,735.49,735.49,1778232360000,17
2026-05-08 09:27:00+00:00,1740.016986,735.5055,735.45,735.5,735.51,735.45,1778232420000,32
2026-05-08 09:28:00+00:00,1664.0,735.5279,735.53,735.54,735.54,735.49,1778232480000,20
2026-05-08 09:29:00+00:00,575.041099,735.4502,735.43,735.4,735.43,735.38,1778232540000,23
2026-05-08 09:30:00+00:00,77.001999,735.3251,735.3,735.3,735.3,735.3,1778232600000,11
2026-05-08 09:32:00+00:00,376.036342,735.1754,735.13,735.15,735.15,735.06,1778232720000,29
2026-05-08 09:33:00+00:00,245.003971,735.158,735.14,735.14,735.14,735.14,1778232780000,10
2026-05-08 09:34:00+00:00,134.250828,736.5136,735.14,735.14,735.14,735.14,1778232840000,8
2026-05-08 09:36:00+00:00,1034.022486,735.0739,735.04,735.02,735.09,735.02,1778232960000,28
2026-05-08 09:37:00+00:00,657.012867,735.0343,735.0,735.0239,735.04,735.0,1778233020000,18
2026-05-08 09:39:00+00:00,1042.001999,735.0723,735.09,735.07,735.09,735.07,1778233140000,4
2026-05-08 09:40:00+00:00,329.023146,735.0727,735.0,735.03,735.04,735.0,1778233200000,19
2026-05-08 09:41:00+00:00,173.005985,735.0793,735.0795,735.05,735.0795,735.05,1778233260000,12
2026-05-08 09:42:00+00:00,1614.099226,735.1423,735.0829,735.07,735.11,735.07,1778233320000,24
2026-05-08 09:43:00+00:00,2649.003944,735.0197,735.02,734.98,735.02,734.98,1778233380000,21
2026-05-08 09:44:00+00:00,1528.21901,735.1142,734.99,734.9963,735.035,734.98,1778233440000,21
2026-05-08 09:46:00+00:00,364.009509,734.9427,734.94,734.89,734.94,734.89,1778233560000,14
2026-05-08 09:47:00+00:00,264.010041,734.8699,734.86,734.82,734.87,734.82,1778233620000,18
2026-05-08 09:48:00+00:00,1017.297983,734.9394,734.71,734.72,734.75,734.71,1778233680000,25
2026-05-08 09:49:00+00:00,718.008081,734.7536,734.72,734.8,734.8,734.72,1778233740000,14
2026-05-08 09:50:00+00:00,664.370565,735.1072,734.73,734.62,734.75,734.62,1778233800000,30
2026-05-08 09:51:00+00:00,291.009307,734.7128,734.6902,734.7,734.7,734.6902,1778233860000,10
2026-05-08 09:52:00+00:00,2850.507811,734.6972,734.69,734.59,734.73,734.53,1778233920000,54
2026-05-08 09:53:00+00:00,1430.024825,734.53,734.55,734.54,734.56,734.5,1778233980000,62
2026-05-08 09:54:00+00:00,146.010084,734.5614,734.49,734.49,734.49,734.49,1778234040000,15
2026-05-08 09:55:00+00:00,382.010057,734.5868,734.58,734.61,734.61,734.54,1778234100000,19
2026-05-08 09:56:00+00:00,187.016184,734.5271,734.45,734.45,734.45,734.45,1778234160000,22
2026-05-08 09:57:00+00:00,784.017938,734.6445,734.6133,734.66,734.67,734.5968,1778234220000,27
2026-05-08 09:58:00+00:00,1075.007783,734.7112,734.6899,734.6956,734.7162,734.6899,1778234280000,18
2026-05-08 09:59:00+00:00,1748.013755,734.8344,734.78,734.8126,734.89,734.78,1778234340000,38
2026-05-08 10:00:00+00:00,135.003728,734.8393,734.81,734.81,734.81,734.81,1778234400000,16
2026-05-08 10:01:00+00:00,2048.005959,734.9402,734.92,734.94,734.94,734.92,1778234460000,28
2026-05-08 10:02:00+00:00,226.006176,734.9814,734.96,734.96,734.96,734.96,1778234520000,10
2026-05-08 10:03:00+00:00,821.01542,734.8965,734.91,734.86,734.91,734.86,1778234580000,22
2026-05-08 10:04:00+00:00,539.199859,735.2431,734.97,734.97,734.97,734.97,1778234640000,8
2026-05-08 10:06:00+00:00,14579.002013,735.2167,735.0,735.07,735.52,735.0,1778234760000,148
2026-05-08 10:07:00+00:00,2065.002081,735.0162,735.01,735.01,735.04,734.99,1778234820000,41
2026-05-08 10:08:00+00:00,138.003944,735.0154,734.995,734.995,734.995,734.995,1778234880000,7
2026-05-08 10:11:00+00:00,87.808139,741.8325,734.99,734.99,734.99,734.99,1778235060000,9
2026-05-08 10:12:00+00:00,362.146872,735.268,734.98,734.97,734.98,734.97,1778235120000,20
2026-05-08 10:13:00+00:00,264.006053,734.9322,734.91,734.92,734.92,734.91,1778235180000,12
2026-05-08 10:14:00+00:00,1070.004013,734.8795,734.9,734.87,734.9,734.87,1778235240000,19
2026-05-08 10:15:00+00:00,505.006,734.9107,734.91,734.88,734.91,734.88,1778235300000,14
2026-05-08 10:16:00+00:00,507.006013,734.8967,734.89,734.88,734.93,734.87,1778235360000,14
2026-05-08 10:17:00+00:00,550.022318,734.8911,734.8604,734.87,734.87,734.8604,1778235420000,7
2026-05-08 10:18:00+00:00,527.021386,735.0294,735.0,735.0,735.0,735.0,1778235480000,16
2026-05-08 10:19:00+00:00,1310.011072,734.945,734.94,734.91,734.95,734.91,1778235540000,31
2026-05-08 10:20:00+00:00,120.009659,734.9647,734.91,734.91,734.91,734.91,1778235600000,7
2026-05-08 10:23:00+00:00,2544.078841,735.0906,735.03,735.07,735.15,735.03,1778235780000,37
2026-05-08 10:24:00+00:00,110.003931,735.0941,735.1,735.03,735.1,735.03,1778235840000,11
2026-05-08 10:25:00+00:00,118.001904,735.0497,735.05,735.0212,735.05,735.0212,1778235900000,3
2026-05-08 10:26:00+00:00,626.279606,735.4499,735.07,735.09,735.19,735.07,1778235960000,25
2026-05-08 10:27:00+00:00,157.034225,735.2903,735.14,735.14,735.14,735.14,1778236020000,11
2026-05-08 10:28:00+00:00,1099.350222,735.2736,735.05,735.01,735.05,735.01,1778236080000,42
2026-05-08 10:29:00+00:00,114.576439,738.6987,734.94,734.94,734.94,734.94,1778236140000,12
2026-05-08 10:30:00+00:00,733.27575,735.2455,734.95,734.97,735.0,734.95,1778236200000,18
2026-05-08 10:32:00+00:00,372.0,734.9538,735.02,734.92,735.02,734.92,1778236320000,8
2026-05-08 10:33:00+00:00,467.574531,735.8703,734.94,734.99,734.99,734.92,1778236380000,12
2026-05-08 10:34:00+00:00,367.00423,735.0658,735.04,735.06,735.08,735.0375,1778236440000,8
2026-05-08 10:35:00+00:00,177.007167,735.0498,735.0,735.05,735.05,735.0,1778236500000,13
2026-05-08 10:37:00+00:00,1636.03363,735.1415,735.17,735.08,735.17,735.08,1778236620000,40
2026-05-08 10:38:00+00:00,647.003957,735.1309,735.11,735.15,735.15,735.11,1778236680000,15
2026-05-08 10:39:00+00:00,1507.006119,735.2042,735.18,735.23,735.27,735.18,1778236740000,18
2026-05-08 10:41:00+00:00,1595.006024,735.2485,735.25,735.28,735.28,735.21,1778236860000,31
2026-05-08 10:42:00+00:00,506.007246,735.2746,735.26,735.255,735.3,735.2355,1778236920000,16
2026-05-08 10:43:00+00:00,286.002012,735.2954,735.2729,735.3,735.3,735.2729,1778236980000,11
2026-05-08 10:44:00+00:00,260.025447,735.2821,735.24,735.2,735.24,735.2,1778237040000,16
2026-05-08 10:45:00+00:00,629.149991,735.2128,735.06,735.01,735.06,735.01,1778237100000,24
2026-05-08 10:46:00+00:00,303.439958,736.1006,735.02,735.06,735.06,735.02,1778237160000,12
2026-05-08 10:47:00+00:00,640.002652,735.0864,735.06,735.09,735.09,735.06,1778237220000,9
2026-05-08 10:48:00+00:00,1076.177092,735.0875,734.94,734.98,735.0,734.94,1778237280000,39
2026-05-08 10:50:00+00:00,548.268563,735.4016,735.04,735.01,735.07,735.01,1778237400000,15
2026-05-08 10:51:00+00:00,407.007957,735.0237,735.0,735.02,735.02,735.0,1778237460000,20
2026-05-08 10:52:00+00:00,804.006012,735.0211,735.0,735.03,735.05,735.0,1778237520000,15
2026-05-08 10:53:00+00:00,284.023603,735.0892,735.01,735.03,735.05,735.01,1778237580000,13
2026-05-08 10:54:00+00:00,1176.005985,734.9998,734.95,735.0,735.0,734.95,1778237640000,8
2026-05-08 10:55:00+00:00,8024.179819,734.7016,734.84,734.55,734.89,734.43,1778237700000,177
2026-05-08 10:56:00+00:00,6816.038253,734.7294,734.67,734.8,734.84,734.55,1778237760000,123
2026-05-08 10:57:00+00:00,1227.016135,734.8158,734.8,734.85,734.86,734.78,1778237820000,35
2026-05-08 10:58:00+00:00,3590.027138,734.9593,734.93,734.97,734.98,734.9,1778237880000,70
2026-05-08 10:59:00+00:00,1179.015524,734.9836,734.95,734.98,735.0,734.95,1778237940000,20
2026-05-08 11:00:00+00:00,21370.649236,735.1121,734.94,735.07,735.1599,734.93,1778238000000,369
2026-05-08 11:01:00+00:00,1062.812773,735.664,735.09,735.1178,735.1178,735.08,1778238060000,57
2026-05-08 11:02:00+00:00,12869.784638,735.1499,735.1,735.1589,735.17,735.09,1778238120000,88
2026-05-08 11:03:00+00:00,3303.515953,735.2507,735.1,735.17,735.17,735.05,1778238180000,41
2026-05-08 11:04:00+00:00,721.250247,735.3684,735.13,735.1,735.17,735.05,1778238240000,38
2026-05-08 11:05:00+00:00,3906.04813,735.207,735.15,735.23,735.26,735.1004,1778238300000,79
2026-05-08 11:06:00+00:00,3904.1866,735.267,735.23,735.25,735.28,735.21,1778238360000,39
2026-05-08 11:07:00+00:00,576.087402,735.35,735.27,735.21,735.31,735.19,1778238420000,30
2026-05-08 11:08:00+00:00,1174.012713,735.2145,735.21,735.21,735.22,735.2,1778238480000,38
2026-05-08 11:09:00+00:00,1667.372244,735.3586,735.15,735.24,735.24,735.15,1778238540000,49
2026-05-08 11:10:00+00:00,10068.877288,735.2109,735.2585,735.15,735.31,735.08,1778238600000,118
2026-05-08 11:11:00+00:00,669.148835,735.3013,735.16,735.1,735.2,735.1,1778238660000,30
2026-05-08 11:12:00+00:00,734.303095,735.4496,735.15,735.1523,735.18,735.1161,1778238720000,31
2026-05-08 11:13:00+00:00,5227.233072,735.2326,735.2,735.2,735.2,735.2,1778238780000,39
2026-05-08 11:14:00+00:00,689.590335,735.8476,735.19,735.26,735.26,735.19,1778238840000,29
2026-05-08 11:15:00+00:00,929.781196,735.8961,735.25,735.2656,735.29,735.25,1778238900000,31
2026-05-08 11:16:00+00:00,2812.956476,735.5249,735.22,735.28,735.28,735.22,1778238960000,31
2026-05-08 11:17:00+00:00,2515.432186,735.3131,735.24,735.189,735.24,735.17,1778239020000,63
2026-05-08 11:18:00+00:00,472.655864,736.1308,735.1137,735.07,735.15,735.07,1778239080000,28
2026-05-08 11:19:00+00:00,2569.742652,735.3006,735.08,735.05,735.13,735.05,1778239140000,46
2026-05-08 11:20:00+00:00,2975.722762,735.3449,735.09,735.17,735.17,735.09,1778239200000,40
2026-05-08 11:21:00+00:00,8066.083462,735.0438,735.07,735.0,735.07,735.0,1778239260000,109
2026-05-08 11:22:00+00:00,2468.488378,735.1891,735.0215,735.09,735.09,735.02,1778239320000,55
2026-05-08 11:23:00+00:00,6819.082713,735.085,735.05,735.08,735.13,735.02,1778239380000,69
2026-05-08 11:24:00+00:00,6697.675522,735.1754,735.08,735.18,735.2,735.08,1778239440000,78
2026-05-08 11:25:00+00:00,2586.428329,735.3275,735.18,735.2321,735.28,735.17,1778239500000,39
2026-05-08 11:26:00+00:00,1736.495419,735.5,735.29,735.29,735.3,735.251,1778239560000,35
2026-05-08 11:27:00+00:00,1808.56072,735.5116,735.29,735.2552,735.33,735.2552,1778239620000,43
2026-05-08 11:28:00+00:00,4551.078375,735.3204,735.3,735.35,735.35,735.25,1778239680000,65
2026-05-08 11:29:00+00:00,1255.628485,735.697,735.35,735.33,735.35,735.31,1778239740000,32
2026-05-08 11:30:00+00:00,1678.889572,735.6874,735.35,735.34,735.35,735.27,1778239800000,56
2026-05-08 11:31:00+00:00,2733.975717,735.5541,735.33,735.29,735.33,735.25,1778239860000,61
2026-05-08 11:32:00+00:00,10525.467325,735.3891,735.32,735.4,735.4,735.31,1778239920000,106
2026-05-08 11:33:00+00:00,3282.662177,735.5512,735.44,735.41,735.44,735.37,1778239980000,44
2026-05-08 11:34:00+00:00,917.169397,735.4908,735.37,735.33,735.39,735.33,1778240040000,31
2026-05-08 11:35:00+00:00,1387.477809,735.6471,735.37,735.47,735.49,735.37,1778240100000,69
2026-05-08 11:36:00+00:00,684.905314,736.3662,735.43,735.44,735.45,735.38,1778240160000,43
2026-05-08 11:37:00+00:00,961.621616,735.8214,735.38,735.42,735.42,735.37,1778240220000,105
2026-05-08 11:38:00+00:00,544.970019,736.7096,735.44,735.39,735.45,735.39,1778240280000,103
2026-05-08 11:39:00+00:00,1431.810963,735.7999,735.4,735.43,735.43,735.33,1778240340000,107
2026-05-08 11:40:00+00:00,386.340498,736.0636,735.42,735.45,735.46,735.42,1778240400000,82
2026-05-08 11:41:00+00:00,1266.537871,735.7219,735.41,735.41,735.43,735.3924,1778240460000,28
2026-05-08 11:42:00+00:00,1188.649169,735.8322,735.43,735.42,735.47,735.41,1778240520000,49
2026-05-08 11:43:00+00:00,4149.945351,735.5759,735.43,735.39,735.44,735.389,1778240580000,42
2026-05-08 11:44:00+00:00,5523.781792,735.5173,735.43,735.35,735.43,735.35,1778240640000,37
2026-05-08 11:45:00+00:00,2493.109376,735.3538,735.3344,735.34,735.39,735.29,1778240700000,50
2026-05-08 11:46:00+00:00,4242.778904,735.4347,735.37,735.2948,735.37,735.28,1778240760000,35
2026-05-08 11:47:00+00:00,804.608511,735.8731,735.32,735.31,735.33,735.31,1778240820000,31
2026-05-08 11:48:00+00:00,631.87674,736.3648,735.31,735.37,735.39,735.31,1778240880000,28
2026-05-08 11:49:00+00:00,343.66191,736.826,735.41,735.4,735.41,735.4,1778240940000,29
2026-05-08 11:50:00+00:00,826.133641,735.5688,735.4439,735.44,735.47,735.44,1778241000000,25
2026-05-08 11:51:00+00:00,1940.533043,735.6861,735.45,735.5,735.5,735.45,1778241060000,42
2026-05-08 11:52:00+00:00,2250.620817,735.5984,735.45,735.3713,735.45,735.35,1778241120000,40
2026-05-08 11:53:00+00:00,15822.907273,735.4875,735.38,735.41,735.49,735.38,1778241180000,173
2026-05-08 11:54:00+00:00,2338.833675,735.7378,735.39,735.4897,735.53,735.39,1778241240000,41
2026-05-08 11:55:00+00:00,6723.141164,735.4778,735.46,735.45,735.5,735.45,1778241300000,56
2026-05-08 11:56:00+00:00,841.822667,736.1678,735.4507,735.43,735.46,735.43,1778241360000,27
2026-05-08 11:57:00+00:00,984.535365,735.7949,735.4006,735.35,735.4006,735.35,1778241420000,24
2026-05-08 11:58:00+00:00,1865.008752,735.3421,735.35,735.3682,735.369,735.32,1778241480000,57
2026-05-08 11:59:00+00:00,1748.200899,735.418,735.3619,735.33,735.3619,735.321,1778241540000,26
2026-05-08 12:00:00+00:00,4324.87734,735.491,735.32,735.25,735.4,735.25,1778241600000,92
2026-05-08 12:01:00+00:00,24293.045228,735.451,735.25,735.37,735.5,735.25,1778241660000,144
2026-05-08 12:02:00+00:00,1142.297838,735.6085,735.4,735.42,735.42,735.4,1778241720000,23
2026-05-08 12:03:00+00:00,4515.066866,735.4301,735.3951,735.362,735.44,735.361,1778241780000,72
2026-05-08 12:04:00+00:00,1602.23909,735.4757,735.38,735.3,735.3991,735.3,1778241840000,30
2026-05-08 12:05:00+00:00,731.033158,735.3313,735.3043,735.3,735.33,735.3,1778241900000,25
2026-05-08 12:06:00+00:00,839.190991,735.5438,735.35,735.42,735.42,735.35,1778241960000,31
2026-05-08 12:07:00+00:00,2633.324786,735.4818,735.42,735.43,735.43,735.36,1778242020000,51
2026-05-08 12:08:00+00:00,1087.383423,735.6879,735.4246,735.42,735.46,735.4,1778242080000,31
2026-05-08 12:09:00+00:00,6066.307541,735.488,735.43,735.4301,735.48,735.43,1778242140000,69
2026-05-08 12:10:00+00:00,9344.664385,735.3713,735.46,735.23,735.5,735.23,1778242200000,139
2026-05-08 12:11:00+00:00,366.940058,737.1709,735.28,735.2904,735.2904,735.28,1778242260000,29
2026-05-08 12:12:00+00:00,1802.111292,735.3831,735.37,735.36,735.37,735.31,1778242320000,39
2026-05-08 12:13:00+00:00,1175.394092,735.519,735.31,735.2599,735.3297,735.24,1778242380000,30
2026-05-08 12:14:00+00:00,1232.34054,735.4365,735.22,735.26,735.26,735.22,1778242440000,33
2026-05-08 12:15:00+00:00,2785.0371,735.2841,735.27,735.28,735.28,735.25,1778242500000,41
2026-05-08 12:16:00+00:00,3406.573119,735.274,735.25,735.12,735.25,735.12,1778242560000,77
2026-05-08 12:17:00+00:00,229.536603,737.0058,735.29,735.29,735.29,735.29,1778242620000,33
2026-05-08 12:18:00+00:00,3265.980627,735.5758,735.3,735.41,735.41,735.29,1778242680000,56
2026-05-08 12:19:00+00:00,440.93082,736.9459,735.43,735.38,735.43,735.38,1778242740000,35
2026-05-08 12:20:00+00:00,573.698175,736.1238,735.2019,735.22,735.23,735.2019,1778242800000,38
2026-05-08 12:21:00+00:00,1017.053691,735.2631,735.27,735.19,735.27,735.19,1778242860000,43
2026-05-08 12:22:00+00:00,1535.382454,735.3434,735.21,735.12,735.21,735.12,1778242920000,52
2026-05-08 12:23:00+00:00,2919.409745,735.2458,735.14,735.13,735.19,735.12,1778242980000,38
2026-05-08 12:24:00+00:00,903.689494,735.6458,735.14,735.04,735.14,735.04,1778243040000,47
2026-05-08 12:25:00+00:00,13357.708626,735.224,735.09,735.14,735.2,735.09,1778243100000,159
2026-05-08 12:26:00+00:00,4515.799516,735.2085,735.11,735.09,735.13,735.05,1778243160000,93
2026-05-08 12:27:00+00:00,1278.377987,735.4094,735.17,735.2,735.21,735.17,1778243220000,43
2026-05-08 12:28:00+00:00,8432.619416,735.3656,735.25,735.35,735.38,735.23,1778243280000,86
2026-05-08 12:29:00+00:00,6712.717984,735.4103,735.34,735.42,735.42,735.27,1778243340000,122
2026-05-08 12:30:00+00:00,33610.892071,735.9106,735.5,735.6,736.14,735.5,1778243400000,519
2026-05-08 12:31:00+00:00,9488.113658,735.7405,735.58,735.5861,735.83,735.5607,1778243460000,148
2026-05-08 12:32:00+00:00,7751.532144,735.8388,735.59,735.76,735.84,735.59,1778243520000,115
2026-05-08 12:33:00+00:00,10699.749583,736.021,735.8,736.04,736.04,735.8,1778243580000,164
2026-05-08 12:34:00+00:00,16650.245305,736.1274,736.02,736.0821,736.27,735.99,1778243640000,213
2026-05-08 12:35:00+00:00,23310.442715,736.427,736.12,736.4191,736.57,736.12,1778243700000,410
2026-05-08 12:36:00+00:00,10924.596874,736.4685,736.42,736.4,736.53,736.33,1778243760000,175
2026-05-08 12:37:00+00:00,11650.290477,736.1394,736.3,736.13,736.3,736.06,1778243820000,161
2026-05-08 12:38:00+00:00,27859.95701,736.1535,736.15,736.12,736.1898,736.09,1778243880000,157
2026-05-08 12:39:00+00:00,72634.175874,736.1164,736.1,736.07,736.17,736.0,1778243940000,583
2026-05-08 12:40:00+00:00,18489.542308,736.232,736.06,736.31,736.33,736.05,1778244000000,170
2026-05-08 12:41:00+00:00,15740.975736,736.2825,736.27,736.15,736.29,736.11,1778244060000,105
2026-05-08 12:42:00+00:00,31019.923185,736.2238,736.17,736.2501,736.2501,736.15,1778244120000,207
2026-05-08 12:43:00+00:00,4949.158933,736.3505,736.29,736.35,736.43,736.21,1778244180000,123
2026-05-08 12:44:00+00:00,5139.255721,736.3556,736.34,736.18,736.34,736.18,1778244240000,78
2026-05-08 12:45:00+00:00,2380.867992,736.2613,736.14,735.93,736.15,735.92,1778244300000,75
2026-05-08 12:46:00+00:00,3007.450394,736.0647,735.93,735.92,735.98,735.92,1778244360000,78
2026-05-08 12:47:00+00:00,3515.015123,735.4917,735.94,735.85,736.03,735.85,1778244420000,74
2026-05-08 12:48:00+00:00,8132.985802,735.8218,735.82,735.7794,735.86,735.7,1778244480000,149
2026-05-08 12:49:00+00:00,2676.960625,736.0164,735.75,735.688,735.81,735.688,1778244540000,96
2026-05-08 12:50:00+00:00,14189.67233,735.5497,735.67,735.47,735.72,735.42,1778244600000,168
2026-05-08 12:51:00+00:00,6241.200699,735.4845,735.47,735.55,735.55,735.37,1778244660000,90
2026-05-08 12:52:00+00:00,3451.800223,735.7358,735.54,735.57,735.6222,735.5,1778244720000,90
2026-05-08 12:53:00+00:00,2382.233116,735.6385,735.59,735.58,735.63,735.51,1778244780000,60
2026-05-08 12:54:00+00:00,1495.872592,735.9798,735.6,735.58,735.6,735.5,1778244840000,83
2026-05-08 12:55:00+00:00,2539.673576,735.7416,735.5175,735.52,735.61,735.5,1778244900000,76
2026-05-08 12:56:00+00:00,4971.52074,735.7114,735.56,735.57,735.72,735.54,1778244960000,136
2026-05-08 12:57:00+00:00,3571.394156,735.7013,735.57,735.6,735.66,735.57,1778245020000,93
2026-05-08 12:58:00+00:00,30095.163237,735.4573,735.6,735.27,735.67,735.13,1778245080000,303
2026-05-08 12:59:00+00:00,18380.626235,735.1477,735.34,735.1491,735.38,734.88,1778245140000,352
2026-05-08 13:00:00+00:00,5743.689022,735.224,735.11,735.19,735.32,735.01,1778245200000,161
2026-05-08 13:01:00+00:00,3118.877492,735.4421,735.17,735.3219,735.35,735.17,1778245260000,104
2026-05-08 13:02:00+00:00,2328.080862,735.3548,735.32,735.32,735.4,735.26,1778245320000,90
2026-05-08 13:03:00+00:00,8075.140343,735.3594,735.31,735.32,735.4,735.2708,1778245380000,144
2026-05-08 13:04:00+00:00,9157.768399,735.1797,735.35,735.1211,735.35,734.97,1778245440000,201
2026-05-08 13:05:00+00:00,9332.972506,735.1167,735.1013,735.06,735.13,734.97,1778245500000,119
2026-05-08 13:06:00+00:00,10293.636968,734.7767,734.97,734.6018,734.98,734.6,1778245560000,224
2026-05-08 13:07:00+00:00,7243.758863,734.643,734.61,734.59,734.68,734.48,1778245620000,167
2026-05-08 13:08:00+00:00,4937.799824,734.804,734.69,734.7,734.77,734.64,1778245680000,131
2026-05-08 13:09:00+00:00,4220.725733,734.8131,734.69,734.78,734.78,734.65,1778245740000,95
2026-05-08 13:10:00+00:00,4247.53518,734.7873,734.8,734.66,734.83,734.62,1778245800000,102
2026-05-08 13:11:00+00:00,2854.12398,734.678,734.6,734.63,734.71,734.58,1778245860000,86
2026-05-08 13:12:00+00:00,8913.522916,734.4779,734.65,734.56,734.67,734.29,1778245920000,228
2026-05-08 13:13:00+00:00,1841.966335,734.9768,734.52,734.59,734.63,734.52,1778245980000,79
2026-05-08 13:14:00+00:00,4295.058781,734.6724,734.65,734.66,734.76,734.53,1778246040000,147
2026-05-08 13:15:00+00:00,3526.987946,734.8083,734.66,734.58,734.71,734.47,1778246100000,133
2026-05-08 13:16:00+00:00,2594.694945,734.8085,734.58,734.65,734.7,734.53,1778246160000,114
2026-05-08 13:17:00+00:00,6447.315141,734.8365,734.69,734.97,734.99,734.69,1778246220000,120
2026-05-08 13:18:00+00:00,3687.555986,735.0081,734.97,734.86,734.98,734.86,1778246280000,83
2026-05-08 13:19:00+00:00,4332.907156,734.9313,734.86,734.8,734.88,734.72,1778246340000,96
2026-05-08 13:20:00+00:00,3600.507125,734.9958,734.9,734.9,734.939,734.86,1778246400000,91
2026-05-08 13:21:00+00:00,2523.076937,734.8025,734.8497,734.8,734.8497,734.68,1778246460000,103
2026-05-08 13:22:00+00:00,4045.358516,734.8513,734.81,734.76,734.82,734.75,1778246520000,59
2026-05-08 13:23:00+00:00,1283.053292,734.8496,734.7732,734.84,734.84,734.77,1778246580000,46
2026-05-08 13:24:00+00:00,4406.335328,734.921,734.85,734.9,734.9,734.8,1778246640000,125
2026-05-08 13:25:00+00:00,9779.889411,735.0222,734.9,735.02,735.02,734.9,1778246700000,127
2026-05-08 13:26:00+00:00,11066.937556,735.0004,734.97,734.85,735.06,734.8,1778246760000,126
2026-05-08 13:27:00+00:00,7545.714079,735.0371,734.87,735.04,735.06,734.87,1778246820000,111
2026-05-08 13:28:00+00:00,13013.270287,734.9839,735.01,735.0,735.01,734.91,1778246880000,137
2026-05-08 13:29:00+00:00,15231.757983,734.879,735.01,734.93,735.04,734.77,1778246940000,176
2026-05-08 13:30:00+00:00,384120.8766,734.9043,734.93,734.89,735.16,734.69,1778247000000,7200
2026-05-08 13:31:00+00:00,186872.460634,734.9574,734.89,735.07,735.11,734.73,1778247060000,2925
2026-05-08 13:32:00+00:00,96191.982388,735.1985,735.075,735.18,735.27,735.065,1778247120000,1958
2026-05-08 13:33:00+00:00,74169.53198,735.148,735.19,735.27,735.29,735.02,1778247180000,2163
2026-05-08 13:34:00+00:00,81176.696972,735.1635,735.28,735.28,735.32,735.0,1778247240000,1800
2026-05-08 13:35:00+00:00,101431.717357,735.2525,735.3,735.31,735.34,735.13,1778247300000,1894
2026-05-08 13:36:00+00:00,125558.721621,735.3289,735.33,735.35,735.39,735.2191,1778247360000,2311
2026-05-08 13:37:00+00:00,100876.445427,735.371,735.35,735.16,735.45,735.15,1778247420000,1963
2026-05-08 13:38:00+00:00,185788.348726,735.0749,735.15,735.08,735.21,734.98,1778247480000,2473
2026-05-08 13:39:00+00:00,93879.052389,735.0446,735.0801,734.93,735.2,734.84,1778247540000,1795
2026-05-08 13:40:00+00:00,129798.002871,734.8247,734.935,734.9,735.05,734.57,1778247600000,2682
2026-05-08 13:41:00+00:00,60147.926928,734.9408,734.9,734.9,735.03,734.83,1778247660000,1349
2026-05-08 13:42:00+00:00,113224.99524,735.1476,734.92,735.25,735.28,734.9,1778247720000,1603
2026-05-08 13:43:00+00:00,60548.077525,735.1871,735.27,735.15,735.31,735.06,1778247780000,1390
2026-05-08 13:44:00+00:00,75688.605857,735.2022,735.16,735.29,735.3,735.14,1778247840000,1291
2026-05-08 13:45:00+00:00,205252.543819,735.6307,735.29,735.7,735.81,735.29,1778247900000,2866
2026-05-08 13:46:00+00:00,250434.136314,735.8347,735.69,735.96,735.97,735.65,1778247960000,3178
2026-05-08 13:47:00+00:00,213682.03914,736.0406,735.97,736.14,736.17,735.88,1778248020000,2944
2026-05-08 13:48:00+00:00,206282.716785,736.1375,736.135,736.23,736.26,735.95,1778248080000,3292
2026-05-08 13:49:00+00:00,168853.538102,736.0978,736.21,736.05,736.3,735.94,1778248140000,2481
2026-05-08 13:50:00+00:00,214778.418758,736.0639,736.05,735.9951,736.17,735.915,1778248200000,2221
2026-05-08 13:51:00+00:00,234934.72079,733.5861,735.99,736.04,736.13,735.94,1778248260000,1856
2026-05-08 13:52:00+00:00,184791.67083,736.2309,736.03,736.2103,736.32,736.03,1778248320000,2633
2026-05-08 13:53:00+00:00,143272.542543,736.2566,736.21,736.0,736.37,736.0,1778248380000,2376
2026-05-08 13:54:00+00:00,124468.033692,735.9144,735.99,735.965,736.0,735.85,1778248440000,1841
2026-05-08 13:55:00+00:00,73049.868278,736.0523,735.97,736.03,736.2,735.8501,1778248500000,1490
2026-05-08 13:56:00+00:00,113538.468905,736.0212,736.04,735.95,736.07,735.935,1778248560000,1294
2026-05-08 13:57:00+00:00,116129.017265,736.0656,735.94,736.1,736.14,735.94,1778248620000,1368
2026-05-08 13:58:00+00:00,87135.044105,736.1098,736.09,736.19,736.19,736.05,1778248680000,1475
2026-05-08 13:59:00+00:00,158982.082488,736.4051,736.19,736.64,736.66,736.19,1778248740000,2460
2026-05-08 14:00:00+00:00,262466.87436,736.5762,736.62,736.42,736.89,736.24,1778248800000,3363
2026-05-08 14:01:00+00:00,103299.770821,736.4535,736.4,736.42,736.54,736.37,1778248860000,1762
2026-05-08 14:02:00+00:00,114341.950503,736.647,736.4,736.75,736.8,736.39,1778248920000,2017
2026-05-08 14:03:00+00:00,83052.992841,736.7844,736.74,736.735,736.86,736.68,1778248980000,1707
2026-05-08 14:04:00+00:00,97774.926819,736.6956,736.75,736.755,736.77,736.6,1778249040000,1601
2026-05-08 14:05:00+00:00,129005.570823,736.6844,736.74,736.77,736.815,736.59,1778249100000,1928
2026-05-08 14:06:00+00:00,170854.205875,736.5852,736.79,736.605,736.82,736.29,1778249160000,2217
2026-05-08 14:07:00+00:00,117292.022379,736.5768,736.61,736.59,736.67,736.46,1778249220000,1602
2026-05-08 14:08:00+00:00,63690.05705,736.5266,736.58,736.6,736.625,736.44,1778249280000,1254
2026-05-08 14:09:00+00:00,55669.977272,736.5541,736.59,736.54,736.61,736.47,1778249340000,1191
2026-05-08 14:10:00+00:00,94069.419579,736.4036,736.56,736.32,736.57,736.24,1778249400000,1753
2026-05-08 14:11:00+00:00,98567.383892,736.373,736.31,736.49,736.52,736.27,1778249460000,1986
2026-05-08 14:12:00+00:00,94204.294619,736.5299,736.505,736.6,736.62,736.42,1778249520000,1847
2026-05-08 14:13:00+00:00,112035.816278,736.7322,736.58,736.86,736.89,736.575,1778249580000,2405
2026-05-08 14:14:00+00:00,88571.92446,736.7824,736.86,736.8,736.89,736.67,1778249640000,1983
2026-05-08 14:15:00+00:00,75135.159748,736.7733,736.81,736.85,736.88,736.68,1778249700000,1755
2026-05-08 14:16:00+00:00,114503.25184,736.8649,736.84,736.74,736.98,736.7101,1778249760000,2382
2026-05-08 14:17:00+00:00,99222.482267,736.6533,736.74,736.67,736.75,736.55,1778249820000,2226
2026-05-08 14:18:00+00:00,130913.949043,736.8101,736.66,736.89,736.97,736.655,1778249880000,2010
2026-05-08 14:19:00+00:00,67659.959901,736.8493,736.9,736.89,736.95,736.755,1778249940000,1652
2026-05-08 14:20:00+00:00,67591.222387,736.9443,736.9,736.9,737.04,736.84,1778250000000,1746
2026-05-08 14:21:00+00:00,54046.403337,737.0431,736.9012,737.125,737.16,736.89,1778250060000,1493
2026-05-08 14:22:00+00:00,111733.957756,737.2423,737.14,737.16,737.32,737.13,1778250120000,1892
2026-05-08 14:23:00+00:00,77607.558775,737.0726,737.16,737.0,737.17,736.99,1778250180000,1716
2026-05-08 14:24:00+00:00,49282.272111,737.1495,737.01,737.2401,737.25,737.0,1778250240000,1386
2026-05-08 14:25:00+00:00,87244.644568,737.3366,737.24,737.49,737.53,737.24,1778250300000,2038
2026-05-08 14:26:00+00:00,87745.615788,737.4452,737.5,737.43,737.5498,737.34,1778250360000,1728
2026-05-08 14:27:00+00:00,82424.007227,737.2583,737.42,737.06,737.42,737.04,1778250420000,1882
2026-05-08 14:28:00+00:00,123334.289715,737.0167,737.07,736.995,737.14,736.94,1778250480000,1917
2026-05-08 14:29:00+00:00,115669.581931,736.9322,737.0,736.8,737.04,736.71,1778250540000,2080
2026-05-08 14:30:00+00:00,107933.373584,736.5574,736.8199,736.45,736.84,736.39,1778250600000,2270
2026-05-08 14:31:00+00:00,108139.91445,736.5708,736.43,736.73,736.77,736.33,1778250660000,2092
2026-05-08 14:32:00+00:00,55121.717478,736.7459,736.72,736.69,736.8257,736.67,1778250720000,1579
2026-05-08 14:33:00+00:00,53101.612668,736.5731,736.66,736.49,736.72,736.46,1778250780000,1580
2026-05-08 14:34:00+00:00,49432.857717,736.558,736.51,736.51,736.64,736.46,1778250840000,1370
2026-05-08 14:35:00+00:00,88128.863897,736.3222,736.51,736.22,736.555,736.19,1778250900000,2051
2026-05-08 14:36:00+00:00,100081.328687,736.2577,736.22,736.28,736.39,736.11,1778250960000,2046
2026-05-08 14:37:00+00:00,55903.474544,736.3807,736.27,736.515,736.54,736.25,1778251020000,1509
2026-05-08 14:38:00+00:00,59488.697939,736.6997,736.51,736.838,736.85,736.5,1778251080000,1683
2026-05-08 14:39:00+00:00,73753.224253,736.8345,736.85,736.95,736.95,736.71,1778251140000,1700
2026-05-08 14:40:00+00:00,129726.996141,736.9837,736.9599,737.02,737.05,736.865,1778251200000,2441
2026-05-08 14:41:00+00:00,52741.288763,736.8774,737.02,736.78,737.025,736.78,1778251260000,1401
2026-05-08 14:42:00+00:00,68645.156748,736.874,736.77,736.96,737.01,736.76,1778251320000,1600
2026-05-08 14:43:00+00:00,72908.984794,736.9791,736.95,737.09,737.09,736.9,1778251380000,1587
2026-05-08 14:44:00+00:00,100996.075823,737.102,737.09,737.1451,737.15,737.05,1778251440000,1644
2026-05-08 14:45:00+00:00,101481.082432,737.0625,737.145,737.1499,737.19,736.97,1778251500000,1706
2026-05-08 14:46:00+00:00,59716.307646,737.2093,737.13,737.2404,737.27,737.13,1778251560000,1457
2026-05-08 14:47:00+00:00,55164.431214,737.3374,737.24,737.3001,737.45,737.24,1778251620000,1558
2026-05-08 14:48:00+00:00,67186.161055,737.2545,737.3001,737.21,737.3001,737.1901,1778251680000,1523
2026-05-08 14:49:00+00:00,97978.040665,737.1884,737.21,737.19,737.28,737.07,1778251740000,2089
2026-05-08 14:50:00+00:00,59714.367815,737.1284,737.19,737.14,737.26,737.04,1778251800000,1506
2026-05-08 14:51:00+00:00,63708.106917,737.177,737.12,737.14,737.24,737.1,1778251860000,1243
2026-05-08 14:52:00+00:00,133654.992015,737.1169,737.13,737.16,737.23,737.0,1778251920000,2126
2026-05-08 14:53:00+00:00,61721.913853,737.2151,737.16,737.2,737.28,737.1,1778251980000,1543
2026-05-08 14:54:00+00:00,55357.394305,737.2377,737.21,737.27,737.28,737.15,1778252040000,1404
2026-05-08 14:55:00+00:00,48840.366019,737.3726,737.3,737.37,737.42,737.27,1778252100000,1408
2026-05-08 14:56:00+00:00,33224.07032,737.2886,737.34,737.25,737.39,737.14,1778252160000,1236
2026-05-08 14:57:00+00:00,51563.081414,737.1915,737.24,737.12,737.26,737.1,1778252220000,1281
2026-05-08 14:58:00+00:00,37285.652401,737.219,737.1,737.25,737.28,737.1,1778252280000,1209
2026-05-08 14:59:00+00:00,39102.713097,737.1408,737.23,737.06,737.24,737.041,1778252340000,1462
2026-05-08 15:00:00+00:00,148658.22169,737.0576,737.05,737.15,737.19,736.99,1778252400000,1963
2026-05-08 15:01:00+00:00,49906.178505,737.183,737.15,737.275,737.2998,737.12,1778252460000,1266
2026-05-08 15:02:00+00:00,59463.711417,737.2229,737.28,737.12,737.35,737.08,1778252520000,1479
2026-05-08 15:03:00+00:00,32966.246981,737.2309,737.12,737.28,737.3,737.115,1778252580000,942
2026-05-08 15:04:00+00:00,31441.669034,737.2575,737.2899,737.0801,737.33,737.08,1778252640000,1014
2026-05-08 15:05:00+00:00,41267.43477,737.1915,737.08,737.13,737.23,737.08,1778252700000,1046
2026-05-08 15:06:00+00:00,63170.111825,737.145,737.11,737.12,737.35,737.04,1778252760000,1583
2026-05-08 15:07:00+00:00,27103.072419,737.1301,737.11,737.06,737.211,737.02,1778252820000,1058
2026-05-08 15:08:00+00:00,46911.529621,736.9892,737.08,736.935,737.12,736.87,1778252880000,1145
2026-05-08 15:09:00+00:00,52161.630174,736.857,736.95,736.7345,737.0,736.7,1778252940000,1385
2026-05-08 15:10:00+00:00,43166.143942,736.7464,736.732,736.81,736.84,736.65,1778253000000,1246
2026-05-08 15:11:00+00:00,104662.639961,736.8583,736.81,736.84,736.94,736.8,1778253060000,1359
2026-05-08 15:12:00+00:00,92966.101068,736.7552,736.82,736.75,736.84,736.63,1778253120000,1515
2026-05-08 15:13:00+00:00,40735.495491,736.7077,736.745,736.63,736.76,736.6,1778253180000,1314
2026-05-08 15:14:00+00:00,106352.264775,736.568,736.65,736.59,736.65,736.47,1778253240000,1552
2026-05-08 15:15:00+00:00,52582.616089,736.5229,736.575,736.48,736.6,736.41,1778253300000,1331
2026-05-08 15:16:00+00:00,64600.167012,736.3877,736.48,736.435,736.5119,736.27,1778253360000,1288
2026-05-08 15:17:00+00:00,65805.33872,736.3161,736.45,736.31,736.45,736.25,1778253420000,1510
2026-05-08 15:18:00+00:00,47643.542348,736.2091,736.29,736.18,736.34,736.0491,1778253480000,1310
2026-05-08 15:19:00+00:00,82880.654481,736.3413,736.18,736.4,736.45,736.1725,1778253540000,1695
2026-05-08 15:20:00+00:00,61980.043052,736.4657,736.395,736.565,736.62,736.29,1778253600000,1308
2026-05-08 15:21:00+00:00,106209.323911,736.7975,736.569,736.93,736.93,736.569,1778253660000,1525
2026-05-08 15:22:00+00:00,220005.020556,736.9136,736.95,736.79,736.9699,736.79,1778253720000,1275
2026-05-08 15:23:00+00:00,36816.794304,736.8192,736.79,736.71,736.88,736.71,1778253780000,988
2026-05-08 15:24:00+00:00,62601.190479,736.7553,736.735,736.555,736.84,736.555,1778253840000,1244
2026-05-08 15:25:00+00:00,68628.6013,736.5901,736.57,736.6,736.68,736.53,1778253900000,1486
2026-05-08 15:26:00+00:00,50443.279867,736.6152,736.6,736.46,736.75,736.45,1778253960000,1335
2026-05-08 15:27:00+00:00,35614.991428,736.6222,736.47,736.7,736.73,736.47,1778254020000,1140
2026-05-08 15:28:00+00:00,153038.457553,732.3924,736.73,736.63,736.73,736.58,1778254080000,925
2026-05-08 15:29:00+00:00,39743.871219,736.7697,736.61,736.91,736.92,736.55,1778254140000,1173
2026-05-08 15:30:00+00:00,171342.204972,736.6086,736.89,736.5099,736.97,736.37,1778254200000,1819
2026-05-08 15:31:00+00:00,76929.216612,736.5001,736.48,736.82,736.82,736.31,1778254260000,1613
2026-05-08 15:32:00+00:00,31783.484092,736.8463,736.84,736.855,736.94,736.76,1778254320000,1096
2026-05-08 15:33:00+00:00,57720.845475,736.8063,736.84,736.765,736.86,736.73,1778254380000,1077
2026-05-08 15:34:00+00:00,334169.096822,736.8799,736.77,736.945,736.945,736.72,1778254440000,1260
2026-05-08 15:35:00+00:00,72169.535283,736.9951,736.95,737.04,737.06,736.89,1778254500000,1556
2026-05-08 15:36:00+00:00,94436.01218,737.2082,737.01,737.34,737.37,736.98,1778254560000,1657
2026-05-08 15:37:00+00:00,73668.784664,737.2697,737.33,737.16,737.37,737.15,1778254620000,1733
2026-05-08 15:38:00+00:00,39542.490934,737.2118,737.16,737.24,737.26,737.14,1778254680000,1014
2026-05-08 15:39:00+00:00,25348.739588,737.3032,737.24,737.281,737.3201,737.23,1778254740000,929
2026-05-08 15:40:00+00:00,42758.180611,737.2983,737.29,737.29,737.34,737.24,1778254800000,1128
2026-05-08 15:41:00+00:00,31237.48371,737.2167,737.285,737.09,737.32,737.09,1778254860000,1027
2026-05-08 15:42:00+00:00,37287.289782,737.0317,737.09,736.96,737.13,736.91,1778254920000,1141
2026-05-08 15:43:00+00:00,134439.767741,736.7251,736.99,736.72,736.99,736.5435,1778254980000,2397
2026-05-08 15:44:00+00:00,59325.516134,736.8074,736.735,736.7475,737.07,736.72,1778255040000,1295
2026-05-08 15:45:00+00:00,68395.475548,736.7517,736.76,736.88,736.92,736.645,1778255100000,1258
2026-05-08 15:46:00+00:00,75950.983266,736.9975,736.87,737.07,737.12,736.87,1778255160000,1256
2026-05-08 15:47:00+00:00,105679.614006,737.1896,737.07,737.3198,737.32,737.02,1778255220000,1771
2026-05-08 15:48:00+00:00,71200.568944,737.2919,737.32,737.23,737.32,737.21,1778255280000,1352
2026-05-08 15:49:00+00:00,71260.196381,737.1402,737.22,737.09,737.22,737.06,1778255340000,1352
2026-05-08 15:50:00+00:00,39244.514025,737.1228,737.1,737.05,737.18,737.05,1778255400000,1147
2026-05-08 15:51:00+00:00,56367.036908,736.9922,737.04,736.945,737.06,736.9,1778255460000,1249
2026-05-08 15:52:00+00:00,57657.957241,736.9502,736.945,736.82,737.08,736.76,1778255520000,1213
2026-05-08 15:53:00+00:00,29247.266308,736.9502,736.82,736.96,736.99,736.815,1778255580000,851
2026-05-08 15:54:00+00:00,44399.126834,737.0488,736.945,737.03,737.12,736.9422,1778255640000,1059
2026-05-08 15:55:00+00:00,65612.82296,736.8463,737.01,736.85,737.02,736.76,1778255700000,1034
2026-05-08 15:56:00+00:00,39681.633099,736.9751,736.84,737.1,737.1,736.84,1778255760000,1032
2026-05-08 15:57:00+00:00,26944.656619,737.0538,737.12,736.94,737.12,736.94,1778255820000,1310
2026-05-08 15:58:00+00:00,48245.72384,736.8943,736.94,736.72,737.01,736.72,1778255880000,1591
2026-05-08 15:59:00+00:00,89105.940879,736.7842,736.71,736.89,736.9,736.7,1778255940000,1232
2026-05-08 16:00:00+00:00,95506.876751,737.0705,736.88,737.11,737.15,736.88,1778256000000,1621
2026-05-08 16:01:00+00:00,64461.221554,737.168,737.105,737.28,737.28,737.08,1778256060000,1305
2026-05-08 16:02:00+00:00,65197.761788,737.2001,737.28,737.1,737.28,737.1,1778256120000,1312
2026-05-08 16:03:00+00:00,20147.825885,737.1376,737.1,737.12,737.15,737.05,1778256180000,809
2026-05-08 16:04:00+00:00,78315.271796,737.1385,737.13,737.1291,737.23,737.0566,1778256240000,1239
2026-05-08 16:05:00+00:00,94525.768842,737.3748,737.125,737.31,737.51,737.11,1778256300000,1789
2026-05-08 16:06:00+00:00,34134.767896,737.2876,737.34,737.3399,737.36,737.2,1778256360000,1060
2026-05-08 16:07:00+00:00,34692.214487,737.3199,737.35,737.31,737.3888,737.26,1778256420000,933
2026-05-08 16:08:00+00:00,36787.026676,737.2585,737.31,737.18,737.35,737.15,1778256480000,997
2026-05-08 16:09:00+00:00,30893.280746,737.2099,737.185,737.2547,737.27,737.16,1778256540000,893
2026-05-08 16:10:00+00:00,23847.900686,737.3183,737.2601,737.19,737.4,737.19,1778256600000,969
2026-05-08 16:11:00+00:00,20319.329553,737.194,737.13,737.22,737.27,737.1,1778256660000,1076
2026-05-08 16:12:00+00:00,36701.402336,737.2533,737.22,737.23,737.3,737.2,1778256720000,1383
2026-05-08 16:13:00+00:00,19477.306355,737.2721,737.22,737.335,737.34,737.21,1778256780000,806
2026-05-08 16:14:00+00:00,39528.29458,737.3762,737.35,737.375,737.45,737.27,1778256840000,990
2026-05-08 16:15:00+00:00,26910.906551,737.4829,737.37,737.43,737.53,737.37,1778256900000,877
2026-05-08 16:16:00+00:00,49948.720287,737.4598,737.453,737.3499,737.52,737.28,1778256960000,1065
2026-05-08 16:17:00+00:00,23715.271918,737.4163,737.34,737.36,737.49,737.33,1778257020000,507
2026-05-08 16:18:00+00:00,28174.504294,737.3765,737.36,737.43,737.43,737.31,1778257080000,673
2026-05-08 16:19:00+00:00,316459.579399,737.2888,737.415,737.27,737.44,737.25,1778257140000,663
2026-05-08 16:20:00+00:00,110631.502892,737.3543,737.26,737.25,737.43,737.2301,1778257200000,716
2026-05-08 16:21:00+00:00,42727.221776,737.2613,737.25,737.33,737.36,737.2225,1778257260000,811
2026-05-08 16:22:00+00:00,29383.295893,737.3085,737.32,737.27,737.34,737.25,1778257320000,733
2026-05-08 16:23:00+00:00,29832.250439,737.3371,737.27,737.39,737.41,737.27,1778257380000,607
2026-05-08 16:24:00+00:00,30496.480784,737.4144,737.39,737.4,737.44,737.38,1778257440000,688
2026-05-08 16:25:00+00:00,91969.570898,737.3945,737.4,737.33,737.55,737.16,1778257500000,1648
2026-05-08 16:26:00+00:00,114850.688909,737.4972,737.3461,737.59,737.66,737.34,1778257560000,1112
2026-05-08 16:27:00+00:00,73015.238496,737.6569,737.61,737.71,737.71,737.605,1778257620000,1012
2026-05-08 16:28:00+00:00,54368.108423,737.6656,737.71,737.6001,737.75,737.565,1778257680000,863
2026-05-08 16:29:00+00:00,182357.601474,737.6644,737.6,737.55,737.65,737.52,1778257740000,639
2026-05-08 16:30:00+00:00,36103.727002,737.5493,737.56,737.38,737.63,737.38,1778257800000,787
2026-05-08 16:31:00+00:00,27312.720608,737.3958,737.39,737.41,737.46,737.31,1778257860000,693
2026-05-08 16:32:00+00:00,31121.602677,737.376,737.4,737.405,737.42,737.29,1778257920000,733
2026-05-08 16:33:00+00:00,20956.229793,737.4127,737.41,737.46,737.47,737.3337,1778257980000,531
2026-05-08 16:34:00+00:00,317369.669686,737.4131,737.47,737.48,737.51,737.435,1778258040000,799
2026-05-08 16:35:00+00:00,113822.962413,737.2305,737.46,737.175,737.48,737.14,1778258100000,1448
2026-05-08 16:36:00+00:00,56587.573566,737.3263,737.175,737.54,737.5432,737.16,1778258160000,948
2026-05-08 16:37:00+00:00,34987.178948,737.533,737.545,737.4999,737.57,737.46,1778258220000,788
2026-05-08 16:38:00+00:00,24250.776375,737.4593,737.48,737.4,737.5,737.35,1778258280000,557
2026-05-08 16:39:00+00:00,25910.580009,737.3965,737.3531,737.37,737.43,737.34,1778258340000,707
2026-05-08 16:40:00+00:00,54757.846511,737.3641,737.37,737.215,737.44,737.21,1778258400000,1029
2026-05-08 16:41:00+00:00,127345.280914,737.0022,737.213,736.94,737.215,736.91,1778258460000,1595
2026-05-08 16:42:00+00:00,54792.560744,736.9799,736.92,736.9674,737.03,736.91,1778258520000,946
2026-05-08 16:43:00+00:00,88438.12431,736.9115,736.964,736.875,737.01,736.85,1778258580000,1130
2026-05-08 16:44:00+00:00,56096.834737,736.8674,736.87,736.81,736.91,736.81,1778258640000,880
2026-05-08 16:45:00+00:00,52137.702643,736.9251,736.82,737.05,737.05,736.82,1778258700000,865
2026-05-08 16:46:00+00:00,46636.834816,737.0467,737.03,737.03,737.11,736.98,1778258760000,855
2026-05-08 16:47:00+00:00,29623.606547,737.0694,737.03,737.03,737.12,737.01,1778258820000,651
2026-05-08 16:48:00+00:00,59722.643872,737.1216,737.03,737.15,737.2651,737.0,1778258880000,1066
2026-05-08 16:49:00+00:00,40730.488775,737.2174,737.11,737.3001,737.3001,737.08,1778258940000,786
2026-05-08 16:50:00+00:00,30439.451692,737.1992,737.31,737.1199,737.31,737.0738,1778259000000,701
2026-05-08 16:51:00+00:00,109169.046194,737.1947,737.12,737.18,737.24,737.05,1778259060000,1104
2026-05-08 16:52:00+00:00,23038.334073,737.1393,737.18,737.06,737.19,737.06,1778259120000,610
2026-05-08 16:53:00+00:00,38559.409576,737.169,737.0601,737.18,737.23,737.05,1778259180000,715
2026-05-08 16:54:00+00:00,38866.963122,737.1138,737.19,737.04,737.22,736.9707,1778259240000,801
2026-05-08 16:55:00+00:00,38228.34239,737.0335,737.04,736.98,737.09,736.94,1778259300000,714
2026-05-08 16:56:00+00:00,50383.489778,736.9361,736.975,736.96,736.98,736.85,1778259360000,1012
2026-05-08 16:57:00+00:00,59397.163966,736.9962,736.98,736.97,737.03,736.93,1778259420000,962
2026-05-08 16:58:00+00:00,54273.999494,737.0183,736.96,737.0153,737.05,736.95,1778259480000,1031
2026-05-08 16:59:00+00:00,59482.288028,736.9803,737.02,736.92,737.049,736.89,1778259540000,855
2026-05-08 17:00:00+00:00,50605.26769,736.9748,736.8928,737.01,737.06,736.82,1778259600000,901
2026-05-08 17:01:00+00:00,69723.309434,737.1662,737.0,737.28,737.3,736.99,1778259660000,1167
2026-05-08 17:02:00+00:00,821163.718284,731.9946,737.29,737.42,737.49,737.2667,1778259720000,1270
2026-05-08 17:03:00+00:00,121171.579657,737.3995,737.42,737.41,737.48,737.33,1778259780000,1623
2026-05-08 17:04:00+00:00,57676.936358,737.4518,737.4,737.47,737.51,737.37,1778259840000,981
2026-05-08 17:05:00+00:00,75791.878551,737.5119,737.47,737.49,737.59,737.41,1778259900000,1300
2026-05-08 17:06:00+00:00,53167.409391,737.3558,737.48,737.3,737.5,737.27,1778259960000,905
2026-05-08 17:07:00+00:00,42631.925987,737.2928,737.3,737.27,737.32,737.24,1778260020000,824
2026-05-08 17:08:00+00:00,52895.085576,737.2326,737.24,737.2,737.3,737.16,1778260080000,932
2026-05-08 17:09:00+00:00,69764.29412,737.3021,737.19,737.35,737.37,737.18,1778260140000,1113
2026-05-08 17:10:00+00:00,48675.254933,737.3114,737.34,737.29,737.36,737.26,1778260200000,923
2026-05-08 17:11:00+00:00,44828.498522,737.2614,737.3,737.18,737.31,737.18,1778260260000,920
2026-05-08 17:12:00+00:00,38653.15097,737.2008,737.19,737.18,737.25,737.13,1778260320000,882
2026-05-08 17:13:00+00:00,57242.914099,737.1929,737.17,737.16,737.25,737.13,1778260380000,1068
2026-05-08 17:14:00+00:00,40922.274047,737.175,737.16,737.17,737.21,737.12,1778260440000,672
2026-05-08 17:15:00+00:00,74534.795708,737.2793,737.17,737.3,737.35,737.15,1778260500000,1017
2026-05-08 17:16:00+00:00,41368.116342,737.3149,737.295,737.25,737.36,737.25,1778260560000,793
2026-05-08 17:17:00+00:00,51744.846448,737.3028,737.275,737.28,737.3399,737.26,1778260620000,687
2026-05-08 17:18:00+00:00,44963.472133,737.3772,737.275,737.46,737.46,737.25,1778260680000,793
2026-05-08 17:19:00+00:00,44917.484189,737.486,737.44,737.52,737.54,737.405,1778260740000,659
2026-05-08 17:20:00+00:00,66476.5995,737.4945,737.51,737.45,737.54,737.415,1778260800000,1096
2026-05-08 17:21:00+00:00,57295.092123,737.5318,737.44,737.61,737.63,737.43,1778260860000,974
2026-05-08 17:22:00+00:00,54938.679348,737.6769,737.61,737.66,737.73,737.6,1778260920000,920
2026-05-08 17:23:00+00:00,40904.768822,737.6684,737.6301,737.66,737.6859,737.6,1778260980000,705
2026-05-08 17:24:00+00:00,39082.879302,737.6539,737.64,737.64,737.69,737.6,1778261040000,851
2026-05-08 17:25:00+00:00,119118.76404,737.7728,737.65,737.81,737.83,737.65,1778261100000,1289
2026-05-08 17:26:00+00:00,86979.394022,737.7382,737.81,737.685,737.84,737.65,1778261160000,1438
2026-05-08 17:27:00+00:00,58972.898998,737.7263,737.675,737.69,737.77,737.65,1778261220000,930
2026-05-08 17:28:00+00:00,45455.304206,737.7295,737.7,737.74,737.775,737.66,1778261280000,742
2026-05-08 17:29:00+00:00,44357.048375,737.7262,737.73,737.69,737.78,737.68,1778261340000,664
2026-05-08 17:30:00+00:00,43514.898025,737.751,737.68,737.76,737.8,737.68,1778261400000,952
2026-05-08 17:31:00+00:00,28839.194168,737.7493,737.74,737.725,737.77,737.69,1778261460000,870
2026-05-08 17:32:00+00:00,34759.439717,737.7107,737.73,737.66,737.76,737.63,1778261520000,937
2026-05-08 17:33:00+00:00,40809.028407,737.6538,737.67,737.6,737.71,737.6,1778261580000,893
2026-05-08 17:34:00+00:00,47860.45325,737.6475,737.6,737.7,737.75,737.5965,1778261640000,946
2026-05-08 17:35:00+00:00,37929.119845,737.7394,737.7,737.79,737.8,737.68,1778261700000,840
2026-05-08 17:36:00+00:00,57772.578323,737.8314,737.78,737.75,737.91,737.72,1778261760000,1276
2026-05-08 17:37:00+00:00,50692.726522,737.7346,737.76,737.69,737.78,737.67,1778261820000,980
2026-05-08 17:38:00+00:00,49963.162005,737.6645,737.71,737.61,737.74,737.58,1778261880000,821
2026-05-08 17:39:00+00:00,78164.693812,737.492,737.59,737.4575,737.59,737.44,1778261940000,1184
2026-05-08 17:40:00+00:00,50682.114593,737.4643,737.455,737.4614,737.53,737.41,1778262000000,964
2026-05-08 17:41:00+00:00,67022.681783,737.4361,737.4648,737.405,737.49,737.34,1778262060000,924
2026-05-08 17:42:00+00:00,57483.809365,737.4701,737.4199,737.44,737.52,737.41,1778262120000,885
2026-05-08 17:43:00+00:00,53600.381694,737.3694,737.46,737.34,737.47,737.29,1778262180000,964
2026-05-08 17:44:00+00:00,39231.662869,737.3144,737.32,737.28,737.34,737.25,1778262240000,823
2026-05-08 17:45:00+00:00,35429.88895,737.3587,737.26,737.39,737.42,737.26,1778262300000,830
2026-05-08 17:46:00+00:00,33008.719051,737.5096,737.39,737.53,737.59,737.38,1778262360000,816
2026-05-08 17:47:00+00:00,33897.606127,737.4021,737.5201,737.255,737.54,737.25,1778262420000,776
2026-05-08 17:48:00+00:00,37916.56195,737.3052,737.27,737.39,737.41,737.21,1778262480000,804
2026-05-08 17:49:00+00:00,28263.325122,737.3722,737.41,737.26,737.42,737.26,1778262540000,672
2026-05-08 17:50:00+00:00,50711.917245,737.2174,737.255,737.24,737.27,737.14,1778262600000,1032
2026-05-08 17:51:00+00:00,35335.92798,737.1892,737.24,737.12,737.24,737.11,1778262660000,730
2026-05-08 17:52:00+00:00,55219.456796,737.1687,737.13,737.22,737.24,737.07,1778262720000,1063
2026-05-08 17:53:00+00:00,37854.137184,737.2458,737.23,737.28,737.3,737.19,1778262780000,779
2026-05-08 17:54:00+00:00,36190.274911,737.3356,737.3,737.38,737.39,737.29,1778262840000,752
2026-05-08 17:55:00+00:00,29135.354456,737.4038,737.38,737.37,737.43,737.335,1778262900000,589
2026-05-08 17:56:00+00:00,26208.845912,737.4373,737.38,737.48,737.48,737.36,1778262960000,572
2026-05-08 17:57:00+00:00,42662.464653,737.4175,737.47,737.345,737.48,737.325,1778263020000,2681
2026-05-08 17:58:00+00:00,69005.954143,737.3326,737.34,737.3,737.36,737.3,1778263080000,5205
2026-05-08 17:59:00+00:00,46614.378923,737.2447,737.3,737.19,737.31,737.18,1778263140000,682
2026-05-08 18:00:00+00:00,435731.221789,737.5959,737.17,737.46,738.08,737.15,1778263200000,7224
2026-05-08 18:01:00+00:00,111182.844291,737.6603,737.49,737.64,737.83,737.49,1778263260000,1604
2026-05-08 18:02:00+00:00,71946.269452,737.7055,737.64,737.66,737.79,737.57,1778263320000,1192
2026-05-08 18:03:00+00:00,65026.205723,737.5959,737.6502,737.48,737.7,737.48,1778263380000,994
2026-05-08 18:04:00+00:00,50483.668704,737.5775,737.49,737.57,737.64,737.46,1778263440000,903
2026-05-08 18:05:00+00:00,57708.009462,737.6231,737.57,737.63,737.67,737.55,1778263500000,1047
2026-05-08 18:06:00+00:00,60223.141578,737.6894,737.65,737.685,737.72,737.63,1778263560000,779
2026-05-08 18:07:00+00:00,45857.562691,737.6273,737.67,737.51,737.71,737.51,1778263620000,798
2026-05-08 18:08:00+00:00,80331.552031,737.5536,737.54,737.51,737.59,737.49,1778263680000,1057
2026-05-08 18:09:00+00:00,131872.908439,737.4016,737.5,737.4,737.52,737.3299,1778263740000,1674
2026-05-08 18:10:00+00:00,75044.112235,737.4166,737.395,737.43,737.48,737.35,1778263800000,1238
2026-05-08 18:11:00+00:00,33550.551642,737.4609,737.43,737.42,737.5,737.4,1778263860000,749
2026-05-08 18:12:00+00:00,60846.82318,737.596,737.41,737.68,737.69,737.4,1778263920000,1008
2026-05-08 18:13:00+00:00,72809.307002,737.7436,737.69,737.73,737.83,737.66,1778263980000,1447
2026-05-08 18:14:00+00:00,53944.550855,737.7727,737.735,737.78,737.8,737.71,1778264040000,1058
2026-05-08 18:15:00+00:00,148525.837594,737.859,737.81,737.71,737.93,737.68,1778264100000,2341
2026-05-08 18:16:00+00:00,43977.372342,737.7366,737.71,737.76,737.78,737.68,1778264160000,1004
2026-05-08 18:17:00+00:00,51902.863363,737.8138,737.76,737.83,737.85,737.7109,1778264220000,896
2026-05-08 18:18:00+00:00,49913.560943,737.8325,737.82,737.84,737.85,737.79,1778264280000,997
2026-05-08 18:19:00+00:00,47394.5885,737.8465,737.84,737.7501,737.9,737.7501,1778264340000,1179
2026-05-08 18:20:00+00:00,44259.275506,737.8563,737.73,737.88,737.9,737.73,1778264400000,992
2026-05-08 18:21:00+00:00,40241.912751,737.8677,737.86,737.7906,737.9,737.7814,1778264460000,747
2026-05-08 18:22:00+00:00,82719.040649,737.7716,737.79,737.79,737.82,737.74,1778264520000,1190
2026-05-08 18:23:00+00:00,65389.35788,737.7516,737.79,737.77,737.79,737.7,1778264580000,1064
2026-05-08 18:24:00+00:00,53166.53307,737.7705,737.78,737.78,737.78,737.74,1778264640000,919
2026-05-08 18:25:00+00:00,42723.670395,737.749,737.79,737.7,737.82,737.66,1778264700000,839
2026-05-08 18:26:00+00:00,52398.175094,737.7084,737.6899,737.7175,737.75,737.67,1778264760000,923
2026-05-08 18:27:00+00:00,68598.073845,737.708,737.72,737.7,737.73,737.67,1778264820000,933
2026-05-08 18:28:00+00:00,51283.665829,737.7207,737.69,737.665,737.76,737.66,1778264880000,795
2026-05-08 18:29:00+00:00,84977.283135,737.7439,737.665,737.73,737.8,737.64,1778264940000,1198
2026-05-08 18:30:00+00:00,118606.970202,737.8787,737.73,737.795,737.95,737.7125,1778265000000,1481
2026-05-08 18:31:00+00:00,49552.952627,737.7785,737.78,737.74,737.81,737.69,1778265060000,1001
2026-05-08 18:32:00+00:00,25170.325941,737.7548,737.73,737.7,737.79,737.6875,1778265120000,723
2026-05-08 18:33:00+00:00,36964.953788,737.7268,737.7,737.68,737.7701,737.64,1778265180000,844
2026-05-08 18:34:00+00:00,67219.244856,737.6391,737.69,737.595,737.7,737.595,1778265240000,990
2026-05-08 18:35:00+00:00,37194.382805,737.629,737.59,737.62,737.66,737.5761,1778265300000,789
2026-05-08 18:36:00+00:00,46077.816832,737.5484,737.63,737.49,737.63,737.49,1778265360000,873
2026-05-08 18:37:00+00:00,45843.45768,737.5127,737.495,737.47,737.53,737.46,1778265420000,792
2026-05-08 18:38:00+00:00,65982.430246,737.515,737.46,737.5225,737.55,737.43,1778265480000,1067
2026-05-08 18:39:00+00:00,55572.789676,737.4891,737.53,737.49,737.54,737.4357,1778265540000,947
2026-05-08 18:40:00+00:00,177486.319216,733.2069,737.489,737.46,737.51,737.35,1778265600000,1015
2026-05-08 18:41:00+00:00,62008.970028,737.4553,737.45,737.3599,737.5236,737.32,1778265660000,1244
2026-05-08 18:42:00+00:00,99006.011487,737.5058,737.35,737.48,737.52,737.34,1778265720000,703
2026-05-08 18:43:00+00:00,51155.176631,737.5265,737.49,737.49,737.58,737.47,1778265780000,962
2026-05-08 18:44:00+00:00,66249.299638,737.3812,737.49,737.25,737.5,737.24,1778265840000,1131
2026-05-08 18:45:00+00:00,105134.53941,737.1381,737.25,737.1299,737.26,737.05,1778265900000,1547
2026-05-08 18:46:00+00:00,89771.219217,737.1271,737.14,737.1301,737.2,737.05,1778265960000,1311
2026-05-08 18:47:00+00:00,95476.565245,737.066,737.15,737.05,737.18,736.95,1778266020000,1264
2026-05-08 18:48:00+00:00,208054.225677,733.6398,737.05,736.97,737.05,736.87,1778266080000,1146
2026-05-08 18:49:00+00:00,44779.538853,736.9133,736.97,736.95,736.98,736.86,1778266140000,829
2026-05-08 18:50:00+00:00,69964.638326,736.9216,736.96,736.87,737.0,736.85,1778266200000,1034
2026-05-08 18:51:00+00:00,56714.866267,736.9469,736.88,736.9,737.03,736.82,1778266260000,1007
2026-05-08 18:52:00+00:00,115204.826472,736.8848,736.8999,736.88,736.94,736.83,1778266320000,1647
2026-05-08 18:53:00+00:00,187392.666239,733.243,736.9,736.815,736.93,736.78,1778266380000,929
2026-05-08 18:54:00+00:00,156346.120329,736.6144,736.81,736.575,736.87,736.43,1778266440000,1772
2026-05-08 18:55:00+00:00,171878.844198,736.2734,736.59,736.2,736.59,736.105,1778266500000,2256
2026-05-08 18:56:00+00:00,87955.825877,736.3712,736.1678,736.5483,736.55,736.1678,1778266560000,1623
2026-05-08 18:57:00+00:00,111955.406836,736.5949,736.55,736.66,736.69,736.49,1778266620000,1367
2026-05-08 18:58:00+00:00,48354.890614,736.6645,736.66,736.58,736.73,736.56,1778266680000,1122
2026-05-08 18:59:00+00:00,66866.996637,736.4765,736.55,736.38,736.57,736.35,1778266740000,1301
2026-05-08 19:00:00+00:00,69226.853013,736.5456,736.38,736.67,736.67,736.35,1778266800000,1400
2026-05-08 19:01:00+00:00,56095.725674,736.7071,736.66,736.725,736.77,736.64,1778266860000,1271
2026-05-08 19:02:00+00:00,51561.076323,736.6843,736.725,736.71,736.75,736.65,1778266920000,1034
2026-05-08 19:03:00+00:00,87823.932538,736.7338,736.7,736.66,736.82,736.64,1778266980000,1238
2026-05-08 19:04:00+00:00,157649.688749,736.6095,736.665,736.61,736.67,736.51,1778267040000,1720
2026-05-08 19:05:00+00:00,52047.629807,736.6049,736.6,736.53,736.66,736.48,1778267100000,972
2026-05-08 19:06:00+00:00,112875.78842,736.7922,736.53,736.9382,736.95,736.51,1778267160000,1534
2026-05-08 19:07:00+00:00,72857.726761,736.9042,736.95,736.93,736.95,736.84,1778267220000,1221
2026-05-08 19:08:00+00:00,70517.972185,736.9706,736.92,736.985,737.07,736.88,1778267280000,1208
2026-05-08 19:09:00+00:00,104157.854146,736.9343,736.99,736.84,737.0,736.84,1778267340000,1243
2026-05-08 19:10:00+00:00,63897.377263,736.888,736.85,736.94,736.94,736.83,1778267400000,1036
2026-05-08 19:11:00+00:00,52658.40797,736.9696,736.95,736.96,737.01,736.93,1778267460000,891
2026-05-08 19:12:00+00:00,69718.835582,736.9306,736.9599,736.91,736.96,736.87,1778267520000,847
2026-05-08 19:13:00+00:00,65984.541056,736.8888,736.9,736.855,736.995,736.8,1778267580000,1047
2026-05-08 19:14:00+00:00,60029.534239,736.7974,736.86,736.83,736.86,736.73,1778267640000,957
2026-05-08 19:15:00+00:00,73315.281597,736.8761,736.82,736.98,737.0,736.78,1778267700000,997
2026-05-08 19:16:00+00:00,107381.791407,737.0141,736.98,737.03,737.05,736.9725,1778267760000,1433
2026-05-08 19:17:00+00:00,92854.11325,737.0513,737.0275,737.05,737.09,737.01,1778267820000,1226
2026-05-08 19:18:00+00:00,88312.118083,737.0364,737.05,737.03,737.08,737.0,1778267880000,1285
2026-05-08 19:19:00+00:00,74316.583613,737.0775,737.04,737.145,737.18,737.01,1778267940000,1261
2026-05-08 19:20:00+00:00,70318.510213,737.1586,737.14,737.16,737.22,737.115,1778268000000,1232
2026-05-08 19:21:00+00:00,104209.040822,737.0392,737.15,737.03,737.15,736.96,1778268060000,1305
2026-05-08 19:22:00+00:00,194450.221349,737.0494,737.03,736.99,737.11,736.99,1778268120000,1997
2026-05-08 19:23:00+00:00,123197.100192,737.1087,736.98,737.03,737.33,736.975,1778268180000,1796
2026-05-08 19:24:00+00:00,75996.558519,737.0169,737.0499,736.995,737.07,736.93,1778268240000,1167
2026-05-08 19:25:00+00:00,104436.323742,737.0025,736.99,737.04,737.06,736.95,1778268300000,1275
2026-05-08 19:26:00+00:00,104107.255516,737.0576,737.04,737.03,737.11,737.02,1778268360000,1320
2026-05-08 19:27:00+00:00,110537.909598,736.9591,737.03,736.99,737.03,736.9,1778268420000,1355
2026-05-08 19:28:00+00:00,163957.972848,736.8635,736.9813,736.77,736.99,736.72,1778268480000,1608
2026-05-08 19:29:00+00:00,114816.276795,736.676,736.77,736.64,736.77,736.62,1778268540000,1575
2026-05-08 19:30:00+00:00,115865.863626,736.6735,736.64,736.815,736.83,736.52,1778268600000,1767
2026-05-08 19:31:00+00:00,94181.059422,736.8889,736.815,736.9,737.01,736.8,1778268660000,1560
2026-05-08 19:32:00+00:00,96614.776625,736.8959,736.89,736.91,737.01,736.82,1778268720000,1318
2026-05-08 19:33:00+00:00,99028.996087,736.9833,736.91,736.93,737.02,736.91,1778268780000,1216
2026-05-08 19:34:00+00:00,63331.287591,736.9657,736.935,737.04,737.05,736.89,1778268840000,1064
2026-05-08 19:35:00+00:00,153040.218749,736.9867,737.03,737.0,737.09,736.93,1778268900000,1992
2026-05-08 19:36:00+00:00,620801.861325,736.943,737.0,737.06,737.06,736.88,1778268960000,2214
2026-05-08 19:37:00+00:00,82299.034437,737.1344,737.06,737.12,737.21,737.06,1778269020000,1663
2026-05-08 19:38:00+00:00,87136.522699,737.1372,737.12,737.16,737.19,737.09,1778269080000,1401
2026-05-08 19:39:00+00:00,166627.309276,737.1075,737.16,737.12,737.16,737.04,1778269140000,1565
2026-05-08 19:40:00+00:00,193410.480039,737.201,737.1,737.21,737.31,737.1,1778269200000,2339
2026-05-08 19:41:00+00:00,169566.368667,737.2343,737.21,737.25,737.3,737.18,1778269260000,2200
2026-05-08 19:42:00+00:00,208375.437894,737.1917,737.25,737.22,737.27,737.1,1778269320000,2675
2026-05-08 19:43:00+00:00,228138.037778,734.0748,737.24,737.29,737.32,737.22,1778269380000,1434
2026-05-08 19:44:00+00:00,165312.790497,737.3563,737.3,737.345,737.42,737.27,1778269440000,2176
2026-05-08 19:45:00+00:00,116355.258345,737.3896,737.35,737.41,737.46,737.29,1778269500000,1728
2026-05-08 19:46:00+00:00,287852.223719,737.4015,737.43,737.4,737.47,737.29,1778269560000,2875
2026-05-08 19:47:00+00:00,177753.568336,737.4009,737.4,737.45,737.47,737.33,1778269620000,1982
2026-05-08 19:48:00+00:00,201336.107385,737.4502,737.45,737.38,737.5,737.36,1778269680000,2053
2026-05-08 19:49:00+00:00,363634.590053,735.3305,737.385,737.2,737.48,737.19,1778269740000,2858
2026-05-08 19:50:00+00:00,267762.480533,737.2759,737.21,737.265,737.51,737.1,1778269800000,3737
2026-05-08 19:51:00+00:00,278163.908126,734.6329,737.265,737.27,737.28,737.17,1778269860000,2196
2026-05-08 19:52:00+00:00,146780.974739,737.2928,737.26,737.3,737.37,737.2,1778269920000,2137
2026-05-08 19:53:00+00:00,193524.553964,737.2802,737.31,737.205,737.37,737.17,1778269980000,2422
2026-05-08 19:54:00+00:00,232484.840968,737.3466,737.21,737.46,737.51,737.18,1778270040000,2926
2026-05-08 19:55:00+00:00,374498.635741,737.3534,737.46,737.225,737.52,737.18,1778270100000,4175
2026-05-08 19:56:00+00:00,179090.638883,737.2835,737.22,737.305,737.35,737.175,1778270160000,2755
2026-05-08 19:57:00+00:00,258326.32743,737.3911,737.31,737.425,737.48,737.29,1778270220000,3643
2026-05-08 19:58:00+00:00,833178.912512,734.7829,737.425,737.46,737.59,737.41,1778270280000,4918
2026-05-08 19:59:00+00:00,3133035.283769,734.7223,737.465,737.53,737.55,737.13,1778270340000,12244
2026-05-08 20:00:00+00:00,484854.672495,734.3554,737.55,737.29,737.76,737.29,1778270400000,1163
2026-05-08 20:01:00+00:00,69670.808955,737.5317,737.37,737.5,737.7,737.35,1778270460000,404
2026-05-08 20:02:00+00:00,63213.305936,737.6168,737.52,737.73,737.74,737.45,1778270520000,360
2026-05-08 20:03:00+00:00,181316.590045,733.376,737.74,737.68,737.74,737.61,1778270580000,260
2026-05-08 20:04:00+00:00,37436.274037,737.7789,737.68,737.711,737.84,737.68,1778270640000,236
2026-05-08 20:05:00+00:00,44513.618414,737.7094,737.7103,737.75,737.77,737.64,1778270700000,238
2026-05-08 20:06:00+00:00,134552.55913,731.8803,737.75,737.7,737.8,737.67,1778270760000,99
2026-05-08 20:07:00+00:00,20627.349471,737.7245,737.7,737.72,737.76,737.66,1778270820000,132
2026-05-08 20:08:00+00:00,111462.883662,737.722,737.7,737.67,737.74,737.65,1778270880000,138
2026-05-08 20:09:00+00:00,927651.207985,737.6262,737.66,737.64,737.71,737.62,1778270940000,105
2026-05-08 20:10:00+00:00,129199.000636,737.6238,737.63,737.57,737.66,737.56,1778271000000,191
2026-05-08 20:11:00+00:00,38592.661304,737.5048,737.57,737.47,737.57,737.46,1778271060000,165
2026-05-08 20:12:00+00:00,4867.323381,737.5916,737.4701,737.54,737.56,737.4701,1778271120000,51
2026-05-08 20:13:00+00:00,45706.421386,737.5424,737.6,737.54,737.61,737.5,1778271180000,228
2026-05-08 20:14:00+00:00,1325037.272776,737.6422,737.54,737.47,737.59,737.47,1778271240000,161
2026-05-08 20:15:00+00:00,617424.32392,737.6364,737.46,737.4,737.49,737.4,1778271300000,112
2026-05-08 20:16:00+00:00,36369.015497,737.415,737.4,737.47,737.48,737.4,1778271360000,124
2026-05-08 20:17:00+00:00,5659.824856,737.5916,737.47,737.36,737.54,737.3587,1778271420000,80
2026-05-08 20:18:00+00:00,93764.305652,737.2635,737.36,737.32,737.43,737.05,1778271480000,821
2026-05-08 20:19:00+00:00,57203.919154,737.1468,737.28,737.1386,737.28,736.95,1778271540000,520
2026-05-08 20:20:00+00:00,4130.387309,737.2346,737.15,737.1701,737.1974,737.12,1778271600000,70
2026-05-08 20:21:00+00:00,4638.247186,737.2486,737.1617,737.2007,737.25,737.16,1778271660000,57
2026-05-08 20:22:00+00:00,2303.424882,737.385,737.21,737.25,737.27,737.21,1778271720000,33
2026-05-08 20:23:00+00:00,73036.828503,737.4242,737.28,737.45,737.5,737.28,1778271780000,344
2026-05-08 20:24:00+00:00,6442.158716,737.4618,737.4391,737.4,737.49,737.4,1778271840000,84
2026-05-08 20:25:00+00:00,1451.446352,737.6228,737.39,737.37,737.42,737.37,1778271900000,56
2026-05-08 20:26:00+00:00,10237.209931,737.3522,737.38,737.35,737.38,737.31,1778271960000,76
2026-05-08 20:27:00+00:00,6257.232691,737.3588,737.34,737.37,737.37,737.3,1778272020000,45
2026-05-08 20:28:00+00:00,1766.098527,737.4323,737.36,737.3905,737.43,737.35,1778272080000,34
2026-05-08 20:29:00+00:00,7918.737889,737.4884,737.42,737.49,737.49,737.39,1778272140000,82
2026-05-08 20:30:00+00:00,8168.029318,737.4043,737.49,737.37,737.49,737.37,1778272200000,149
2026-05-08 20:31:00+00:00,4666.848194,737.5161,737.37,737.35,737.41,737.35,1778272260000,69
2026-05-08 20:32:00+00:00,2841.796458,737.6405,737.37,737.4774,737.48,737.37,1778272320000,60
2026-05-08 20:33:00+00:00,3125.595558,737.6274,737.5,737.5,737.5,737.47,1778272380000,57
2026-05-08 20:34:00+00:00,840.732865,738.1412,737.5,737.49,737.51,737.49,1778272440000,34
2026-05-08 20:35:00+00:00,2425.158644,737.5171,737.49,737.49,737.49,737.46,1778272500000,42
2026-05-08 20:36:00+00:00,2909.74849,737.6796,737.49,737.5,737.5,737.46,1778272560000,37
2026-05-08 20:37:00+00:00,640.82497,738.416,737.49,737.46,737.49,737.46,1778272620000,31
2026-05-08 20:38:00+00:00,3260.951348,737.6758,737.46,737.47,737.47,737.46,1778272680000,29
2026-05-08 20:39:00+00:00,1132.627295,737.9275,737.53,737.461,737.53,737.461,1778272740000,31
2026-05-08 20:41:00+00:00,1087.294385,737.7233,737.52,737.5438,737.5438,737.52,1778272860000,28
2026-05-08 20:42:00+00:00,1028.80337,738.1017,737.55,737.55,737.55,737.51,1778272920000,31
2026-05-08 20:43:00+00:00,1308.517214,737.8241,737.53,737.56,737.56,737.53,1778272980000,26
2026-05-08 20:44:00+00:00,29148.213954,737.4803,737.5,737.47,737.52,737.45,1778273040000,224
2026-05-08 20:45:00+00:00,13729.20797,737.5126,737.51,737.49,737.51,737.47,1778273100000,54
2026-05-08 20:46:00+00:00,10280.148461,737.5601,737.54,737.52,737.5505,737.52,1778273160000,59
2026-05-08 20:47:00+00:00,14046.399822,737.5385,737.53,737.57,737.57,737.49,1778273220000,61
2026-05-08 20:48:00+00:00,1716.284576,737.7155,737.551,737.586,737.62,737.55,1778273280000,40
2026-05-08 20:49:00+00:00,5243.840899,737.6947,737.61,737.55,737.62,737.55,1778273340000,41
2026-05-08 20:50:00+00:00,1050.268689,737.6843,737.5,737.48,737.5,737.48,1778273400000,35
2026-05-08 20:51:00+00:00,10343.303,737.5111,737.47,737.49,737.49,737.47,1778273460000,18
2026-05-08 20:52:00+00:00,2295.768865,737.7295,737.4626,737.5,737.5,737.46,1778273520000,26
2026-05-08 20:53:00+00:00,6250.63203,737.5442,737.54,737.41,737.55,737.41,1778273580000,37
2026-05-08 20:54:00+00:00,260.861227,739.9453,737.48,737.5498,737.5498,737.48,1778273640000,23
2026-05-08 20:55:00+00:00,893.87064,738.2171,737.5,737.5,737.5,737.4961,1778273700000,20
2026-05-08 20:56:00+00:00,2633.551737,737.6294,737.46,737.43,737.51,737.43,1778273760000,39
2026-05-08 20:57:00+00:00,1449.57213,737.6756,737.43,737.3515,737.43,737.351,1778273820000,41
2026-05-08 20:58:00+00:00,3248.120682,737.4087,737.38,737.4,737.4,737.35,1778273880000,30
2026-05-08 20:59:00+00:00,5437.901195,737.501,737.36,737.38,737.38,737.36,1778273940000,73
2026-05-08 21:00:00+00:00,183.29827,738.5768,737.35,737.4,737.4,737.35,1778274000000,16
2026-05-08 21:01:00+00:00,298.020495,737.4473,737.4,737.39,737.4,737.39,1778274060000,16
2026-05-08 21:04:00+00:00,797.933995,738.273,737.41,737.41,737.41,737.4,1778274240000,34
2026-05-08 21:05:00+00:00,1621.195793,737.5278,737.43,737.43,737.46,737.43,1778274300000,46
2026-05-08 21:06:00+00:00,304.332448,738.251,737.44,737.44,737.44,737.44,1778274360000,15
2026-05-08 21:07:00+00:00,109.111528,738.2396,737.49,737.49,737.49,737.49,1778274420000,8
2026-05-08 21:08:00+00:00,309.810829,739.4029,737.46,737.47,737.47,737.46,1778274480000,14
2026-05-08 21:09:00+00:00,512.054238,737.5388,737.46,737.46,737.46,737.46,1778274540000,7
2026-05-08 21:10:00+00:00,74.140804,738.8632,737.46,737.46,737.46,737.46,1778274600000,5
2026-05-08 21:11:00+00:00,1117.875673,738.0552,737.46,737.49,737.5,737.46,1778274660000,27
2026-05-08 21:12:00+00:00,6278.679356,737.5346,737.46,737.44,737.46,737.44,1778274720000,36
2026-05-08 21:13:00+00:00,226.178986,738.0839,737.5,737.5,737.5,737.5,1778274780000,18
2026-05-08 21:14:00+00:00,247.484436,738.9729,737.54,737.52,737.54,737.52,1778274840000,13
2026-05-08 21:15:00+00:00,312.432606,738.5354,737.52,737.5,737.52,737.5,1778274900000,16
2026-05-08 21:16:00+00:00,218.097296,737.8795,737.53,737.55,737.55,737.53,1778274960000,16
2026-05-08 21:17:00+00:00,381.966445,739.4363,737.55,737.57,737.57,737.55,1778275020000,19
2026-05-08 21:18:00+00:00,280.953753,740.0793,737.57,737.56,737.57,737.56,1778275080000,14
2026-05-08 21:19:00+00:00,150.049554,737.7951,737.54,737.54,737.54,737.54,1778275140000,14
2026-05-08 21:20:00+00:00,373.0,737.5562,737.57,737.53,737.57,737.53,1778275200000,9
2026-05-08 21:23:00+00:00,86.935798,745.5541,737.54,737.54,737.54,737.54,1778275380000,15
2026-05-08 21:24:00+00:00,1235.811718,737.9891,737.54,737.5,737.54,737.5,1778275440000,26
2026-05-08 21:25:00+00:00,3038.569508,737.6385,737.51,737.5,737.51,737.5,1778275500000,14
2026-05-08 21:26:00+00:00,206.64912,739.7842,737.4502,737.47,737.47,737.4502,1778275560000,13
2026-05-08 21:27:00+00:00,300070.625257,737.6215,737.62,737.45,737.62,737.45,1778275620000,12
2026-05-08 21:28:00+00:00,250254.230426,737.6205,737.62,737.45,737.62,737.45,1778275680000,15
2026-05-08 21:29:00+00:00,2031.765537,737.6986,737.44,737.4,737.44,737.4,1778275740000,28
2026-05-08 21:30:00+00:00,551.060174,737.4217,737.37,737.32,737.37,737.32,1778275800000,28
2026-05-08 21:31:00+00:00,3748.316191,737.3529,737.31,737.4,737.4,737.27,1778275860000,25
2026-05-08 21:32:00+00:00,196.388116,738.7975,737.37,737.25,737.37,737.25,1778275920000,13
2026-05-08 21:33:00+00:00,25836.084732,737.4593,737.44,737.47,737.47,737.44,1778275980000,31
2026-05-08 21:34:00+00:00,8322.502075,737.5147,737.47,737.47,737.48,737.47,1778276040000,17
2026-05-08 21:36:00+00:00,233.562764,739.2034,737.4211,737.4211,737.4211,737.4211,1778276160000,10
2026-05-08 21:37:00+00:00,11365.700998,737.4988,737.4,737.46,737.46,737.39,1778276220000,35
2026-05-08 21:38:00+00:00,3934.911856,737.6312,737.47,737.46,737.47,737.46,1778276280000,20
2026-05-08 21:41:00+00:00,268.460444,738.576,737.35,737.3,737.35,737.3,1778276460000,34
2026-05-08 21:42:00+00:00,2046.239337,737.5305,737.44,737.45,737.45,737.44,1778276520000,34
2026-05-08 21:43:00+00:00,10991.800094,737.5138,737.4563,737.46,737.47,737.4563,1778276580000,26
2026-05-08 21:44:00+00:00,405.547825,738.4103,737.31,737.4105,737.4105,737.31,1778276640000,12
2026-05-08 21:45:00+00:00,168.264701,738.5624,737.4,737.4,737.4,737.4,1778276700000,13
2026-05-08 21:46:00+00:00,131.122978,738.0881,737.4,737.4,737.4,737.4,1778276760000,12
2026-05-08 21:47:00+00:00,4887.908024,737.5266,737.39,737.4,737.4,737.38,1778276820000,19
2026-05-08 21:48:00+00:00,2346.027121,737.4115,737.41,737.41,737.41,737.4,1778276880000,13
2026-05-08 21:49:00+00:00,6537.327585,737.4375,737.41,737.4,737.41,737.39,1778276940000,29
2026-05-08 21:50:00+00:00,195.627909,739.75,737.375,737.375,737.375,737.375,1778277000000,9
2026-05-08 21:53:00+00:00,287.103592,737.6295,737.38,737.35,737.38,737.35,1778277180000,16
2026-05-08 21:54:00+00:00,127.026772,737.4416,737.3,737.3,737.3,737.3,1778277240000,9
2026-05-08 21:55:00+00:00,606.913503,738.3438,737.25,737.22,737.25,737.2,1778277300000,32
2026-05-08 21:57:00+00:00,6528.485542,737.4025,737.31,737.3761,737.3761,737.31,1778277420000,35
2026-05-08 21:58:00+00:00,1004.529096,737.7437,737.36,737.35,737.36,737.35,1778277480000,14
2026-05-08 22:00:00+00:00,110.925631,743.5655,737.3539,737.3539,737.3539,737.3539,1778277600000,12
2026-05-08 22:02:00+00:00,1775.770572,737.7163,737.35,737.5,737.5,737.35,1778277720000,32
2026-05-08 22:03:00+00:00,599.111526,737.6634,737.52,737.51,737.55,737.51,1778277780000,31
2026-05-08 22:06:00+00:00,189.335726,738.8297,737.52,737.52,737.52,737.52,1778277960000,20
2026-05-08 22:07:00+00:00,253.040675,737.6369,737.5091,737.5091,737.5091,737.5091,1778278020000,6
2026-05-08 22:08:00+00:00,299.446009,738.6081,737.5091,737.5,737.5091,737.5,1778278080000,14
2026-05-08 22:09:00+00:00,233.265833,738.3454,737.51,737.5,737.51,737.5,1778278140000,11
2026-05-08 22:10:00+00:00,190.81368,740.7112,737.57,737.51,737.57,737.51,1778278200000,15
2026-05-08 22:11:00+00:00,204.14841,738.0889,737.56,737.56,737.56,737.56,1778278260000,10
2026-05-08 22:12:00+00:00,1009.218395,737.6602,737.5,737.5,737.5,737.5,1778278320000,10
2026-05-08 22:13:00+00:00,206.406759,738.9724,737.5,737.54,737.54,737.5,1778278380000,5
2026-05-08 22:14:00+00:00,1544.962651,738.0173,737.55,737.59,737.59,737.5,1778278440000,38
2026-05-08 22:15:00+00:00,1124.424122,737.8694,737.59,737.6,737.6,737.59,1778278500000,17
2026-05-08 22:16:00+00:00,1651.30541,737.7926,737.62,737.64,737.7,737.62,1778278560000,34
2026-05-08 22:17:00+00:00,5668.371267,737.7013,737.67,737.83,737.83,737.64,1778278620000,48
2026-05-08 22:18:00+00:00,3049.33217,737.9198,737.83,737.87,737.87,737.83,1778278680000,53
2026-05-08 22:19:00+00:00,3215.451598,737.9518,737.85,737.8618,737.8618,737.77,1778278740000,39
2026-05-08 22:20:00+00:00,95.711565,743.2863,737.74,737.74,737.74,737.74,1778278800000,13
2026-05-08 22:21:00+00:00,123.543853,740.9662,737.76,737.76,737.76,737.76,1778278860000,24
2026-05-08 22:22:00+00:00,163.321424,739.2674,737.8,737.8,737.8,737.8,1778278920000,19
2026-05-08 22:23:00+00:00,173.157475,738.4599,737.79,737.79,737.79,737.79,1778278980000,10
2026-05-08 22:24:00+00:00,900.227653,737.8324,737.7,737.62,737.7,737.62,1778279040000,35
2026-05-08 22:25:00+00:00,201.748806,740.4435,737.74,737.75,737.75,737.61,1778279100000,22
2026-05-08 22:26:00+00:00,3837.751936,737.8349,737.69,737.69,737.69,737.69,1778279160000,18
2026-05-08 22:27:00+00:00,62.277317,741.0406,737.74,737.74,737.74,737.74,1778279220000,13
2026-05-08 22:28:00+00:00,115.740031,742.5093,737.77,737.77,737.77,737.77,1778279280000,10
2026-05-08 22:29:00+00:00,207.75964,740.48,737.77,737.7693,737.77,737.7693,1778279340000,12
2026-05-08 22:30:00+00:00,346.410834,738.6213,737.77,737.73,737.77,737.73,1778279400000,21
2026-05-08 22:31:00+00:00,104.474474,741.0787,737.7,737.7,737.7,737.7,1778279460000,15
2026-05-08 22:32:00+00:00,396.733328,739.0212,737.65,737.65,737.65,737.65,1778279520000,31
2026-05-08 22:33:00+00:00,122.779292,742.3948,737.69,737.69,737.69,737.69,1778279580000,11
2026-05-08 22:35:00+00:00,502.711501,738.6885,737.63,737.65,737.65,737.63,1778279700000,22
2026-05-08 22:36:00+00:00,2353.624644,737.8438,737.64,737.65,737.65,737.64,1778279760000,15
2026-05-08 22:37:00+00:00,288.264304,738.3097,737.63,737.63,737.63,737.63,1778279820000,14
2026-05-08 22:39:00+00:00,708.474478,738.1364,737.63,737.6352,737.65,737.63,1778279940000,15
2026-05-08 22:40:00+00:00,1031.27505,737.8292,737.6313,737.6313,737.6313,737.6313,1778280000000,11
2026-05-08 22:41:00+00:00,468.226482,738.0056,737.65,737.6352,737.65,737.6352,1778280060000,11
2026-05-08 22:42:00+00:00,96.608442,742.3147,737.64,737.64,737.64,737.64,1778280120000,16
2026-05-08 22:43:00+00:00,109.568147,741.5122,737.6691,737.6691,737.6691,737.6691,1778280180000,9
2026-05-08 22:44:00+00:00,168.339836,739.1502,737.67,737.67,737.67,737.67,1778280240000,13
2026-05-08 22:45:00+00:00,203.677857,740.1311,737.67,737.67,737.67,737.67,1778280300000,15
2026-05-08 22:46:00+00:00,233.145211,738.0994,737.63,737.63,737.63,737.63,1778280360000,13
2026-05-08 22:47:00+00:00,404.384539,738.3567,737.65,737.67,737.67,737.65,1778280420000,16
2026-05-08 22:48:00+00:00,449.058881,737.7828,737.69,737.69,737.69,737.68,1778280480000,19
2026-05-08 22:49:00+00:00,135.444499,740.0622,737.65,737.65,737.65,737.65,1778280540000,18
2026-05-08 22:54:00+00:00,285.327763,738.5145,737.6603,737.6687,737.6687,737.6603,1778280840000,10
2026-05-08 22:55:00+00:00,310.120329,737.9556,737.6699,737.6699,737.6699,737.6699,1778280900000,14
2026-05-08 22:56:00+00:00,2183.889514,737.8797,737.66,737.5,737.66,737.5,1778280960000,39
2026-05-08 22:58:00+00:00,580.180817,737.8339,737.6094,737.6,737.6099,737.6,1778281080000,20
2026-05-08 22:59:00+00:00,185.27038,738.6581,737.6035,737.5609,737.6035,737.5609,1778281140000,13
2026-05-08 23:00:00+00:00,121.237636,739.0236,737.5719,737.5719,737.5719,737.5719,1778281200000,9
2026-05-08 23:02:00+00:00,455.084647,737.7673,737.63,737.63,737.63,737.63,1778281320000,7
2026-05-08 23:03:00+00:00,486.688727,738.6524,737.6,737.61,737.61,737.6,1778281380000,8
2026-05-08 23:04:00+00:00,119.418805,740.1677,737.57,737.57,737.57,737.57,1778281440000,11
2026-05-08 23:06:00+00:00,80.391505,741.2184,737.61,737.61,737.61,737.61,1778281560000,11
2026-05-08 23:07:00+00:00,53.12879,739.4121,737.62,737.62,737.62,737.62,1778281620000,5
2026-05-08 23:13:00+00:00,123.544106,740.84,737.5709,737.58,737.58,737.5709,1778281980000,13
2026-05-08 23:14:00+00:00,116.804386,742.7619,737.65,737.65,737.65,737.65,1778282040000,8
2026-05-08 23:19:00+00:00,228.259451,738.4743,737.6468,737.65,737.65,737.615,1778282340000,8
2026-05-08 23:20:00+00:00,507.406717,738.2049,737.6,737.65,737.65,737.6,1778282400000,8
2026-05-08 23:21:00+00:00,292.620822,739.2181,737.65,737.65,737.65,737.65,1778282460000,14
2026-05-08 23:23:00+00:00,428.662057,738.7888,737.65,737.65,737.65,737.65,1778282580000,16
2026-05-08 23:28:00+00:00,363.565897,738.7671,737.62,737.62,737.62,737.62,1778282880000,8
2026-05-08 23:29:00+00:00,1010.346156,737.8062,737.58,737.55,737.58,737.55,1778282940000,10
2026-05-08 23:31:00+00:00,808.184906,737.7397,737.5708,737.5708,737.5708,737.5708,1778283060000,12
2026-05-08 23:34:00+00:00,425.001825,737.5921,737.59,737.59,737.59,737.59,1778283240000,7
2026-05-08 23:35:00+00:00,1068.154291,737.7071,737.6,737.6,737.6,737.6,1778283300000,8
2026-05-08 23:36:00+00:00,198.765848,740.4516,737.6,737.6,737.6,737.6,1778283360000,13
2026-05-08 23:38:00+00:00,1010.203795,737.7548,737.6,737.65,737.65,737.6,1778283480000,16
2026-05-08 23:39:00+00:00,222.23467,738.4661,737.68,737.69,737.69,737.68,1778283540000,14
2026-05-08 23:40:00+00:00,1280.039935,737.7307,737.69,737.73,737.73,737.68,1778283600000,24
2026-05-08 23:41:00+00:00,681.036475,737.7791,737.73,737.75,737.75,737.73,1778283660000,20
2026-05-08 23:42:00+00:00,1071.049517,737.8016,737.76,737.85,737.85,737.671,1778283720000,34
2026-05-08 23:43:00+00:00,451.751946,739.0337,737.81,737.8,737.81,737.8,1778283780000,16
2026-05-08 23:45:00+00:00,909.402489,738.0135,737.75,737.66,737.75,737.66,1778283900000,24
2026-05-08 23:46:00+00:00,1275.407784,737.8995,737.62,737.6683,737.67,737.62,1778283960000,19
2026-05-08 23:47:00+00:00,387.798799,739.1905,737.669,737.67,737.67,737.6661,1778284020000,20
2026-05-08 23:48:00+00:00,186.653663,740.3667,737.79,737.7966,737.7966,737.79,1778284080000,14
2026-05-08 23:49:00+00:00,146.551351,740.4696,737.64,737.64,737.64,737.64,1778284140000,9
2026-05-08 23:50:00+00:00,234.285142,738.5899,737.6504,737.66,737.7,737.6504,1778284200000,14
2026-05-08 23:51:00+00:00,369.096866,738.002,737.79,737.79,737.9,737.79,1778284260000,12
2026-05-08 23:52:00+00:00,97.172615,739.0565,737.7176,737.7176,737.7176,737.7176,1778284320000,13
2026-05-08 23:53:00+00:00,252.089497,738.0172,737.71,737.71,737.71,737.71,1778284380000,15
2026-05-08 23:54:00+00:00,285.456977,738.9363,737.73,737.8449,737.8449,737.73,1778284440000,13
2026-05-08 23:55:00+00:00,151.018382,737.8776,737.84,737.84,737.84,737.84,1778284500000,12
2026-05-08 23:56:00+00:00,471.067769,737.8764,737.8123,737.74,737.8123,737.74,1778284560000,17
2026-05-08 23:57:00+00:00,258.750234,739.9797,737.86,737.82,737.86,737.82,1778284620000,18
2026-05-08 23:58:00+00:00,4308.095301,737.9072,737.76,737.9966,737.9966,737.76,1778284680000,75
2026-05-08 23:59:00+00:00,1237.880224,738.3657,737.91,737.82,737.91,737.82,1778284740000,35
2026-05-11 08:00:00+00:00,4016.044999,736.6896,736.5,736.5622,736.84,736.22,1778486400000,773
2026-05-11 08:01:00+00:00,6537.252853,736.6889,736.7,736.52,736.92,736.52,1778486460000,161
2026-05-11 08:02:00+00:00,434.008264,736.7834,736.76,736.74,736.76,736.74,1778486520000,29
2026-05-11 08:03:00+00:00,14890.019635,736.6509,736.69,736.85,737.0,736.2,1778486580000,935
2026-05-11 08:04:00+00:00,8790.005075,736.5985,736.39,736.88,736.88,736.36,1778486640000,330
2026-05-11 08:05:00+00:00,2511.439094,736.9743,736.88,736.99,737.01,736.88,1778486700000,59
2026-05-11 08:06:00+00:00,660.112037,736.9042,736.99,736.93,737.0,736.81,1778486760000,27
2026-05-11 08:07:00+00:00,188.313055,736.7536,736.76,736.76,736.76,736.76,1778486820000,24
2026-05-11 08:08:00+00:00,2412.019124,736.5628,736.63,736.52,736.82,736.45,1778486880000,113
2026-05-11 08:09:00+00:00,4869.059102,736.5121,736.52,736.47,736.65,736.46,1778486940000,38
2026-05-11 08:10:00+00:00,3464.022344,736.5384,736.41,736.62,736.64,736.41,1778487000000,48
2026-05-11 08:11:00+00:00,575.014902,736.5532,736.66,736.51,736.66,736.51,1778487060000,25
2026-05-11 08:12:00+00:00,664.70389,736.5972,736.57,736.62,736.64,736.56,1778487120000,30
2026-05-11 08:13:00+00:00,286.491175,736.7375,736.64,736.77,736.77,736.64,1778487180000,22
2026-05-11 08:14:00+00:00,112.005971,736.7498,736.74,736.74,736.74,736.74,1778487240000,10
2026-05-11 08:16:00+00:00,439.015288,736.9378,736.98,736.98,736.98,736.92,1778487360000,22
2026-05-11 08:17:00+00:00,72.009808,736.9809,736.98,736.98,736.98,736.98,1778487420000,20
2026-05-11 08:18:00+00:00,764.0097,736.9954,736.99,737.04,737.04,736.97,1778487480000,26
2026-05-11 08:20:00+00:00,215.284143,737.0702,737.06,737.06,737.06,737.06,1778487600000,30
2026-05-11 08:21:00+00:00,343.109943,736.9797,736.91,736.9947,736.9947,736.91,1778487660000,19
2026-05-11 08:22:00+00:00,2549.004001,737.0797,737.07,737.02,737.13,737.02,1778487720000,25
2026-05-11 08:24:00+00:00,217.010024,737.1065,737.12,737.1,737.12,737.1,1778487840000,24
2026-05-11 08:26:00+00:00,463.159742,737.0697,737.05,737.06,737.06,737.05,1778487960000,14
2026-05-11 08:27:00+00:00,495.168859,736.9968,737.0,736.98,737.04,736.98,1778488020000,26
2026-05-11 08:28:00+00:00,378.037203,736.9055,736.93,736.87,736.93,736.87,1778488080000,23
2026-05-11 08:29:00+00:00,653.196335,736.7477,736.82,736.64,736.83,736.64,1778488140000,42
2026-05-11 08:30:00+00:00,746.115484,736.6973,736.62,736.76,736.76,736.62,1778488200000,40
2026-05-11 08:31:00+00:00,504.003921,736.8103,736.81,736.81,736.81,736.81,1778488260000,6
2026-05-11 08:32:00+00:00,781.005902,736.8229,736.81,736.85,736.86,736.79,1778488320000,37
2026-05-11 08:33:00+00:00,408.009903,736.8701,736.89,736.89,736.89,736.81,1778488380000,17
2026-05-11 08:35:00+00:00,701.041403,736.7601,736.76,736.7,736.8,736.7,1778488500000,26
2026-05-11 08:36:00+00:00,728.010764,736.7701,736.74,736.8,736.8,736.74,1778488560000,23
2026-05-11 08:37:00+00:00,409.003948,736.8425,736.82,736.82,736.89,736.82,1778488620000,12
2026-05-11 08:39:00+00:00,374.013813,736.8258,736.86,736.8,736.89,736.75,1778488740000,22
2026-05-11 08:40:00+00:00,648.004003,736.7658,736.74,736.8,736.8,736.74,1778488800000,24
2026-05-11 08:41:00+00:00,90.10688,736.8203,736.82,736.82,736.82,736.82,1778488860000,12
2026-05-11 08:44:00+00:00,629.011288,736.9314,736.93,736.94,736.95,736.92,1778489040000,22
2026-05-11 08:45:00+00:00,374.886236,736.9341,736.91,736.95,736.97,736.91,1778489100000,25
2026-05-11 08:46:00+00:00,228.012414,736.9476,736.95,736.95,736.95,736.95,1778489160000,14
2026-05-11 08:47:00+00:00,114.178481,736.9486,736.96,736.94,736.96,736.94,1778489220000,9
2026-05-11 08:48:00+00:00,417.001994,736.9118,736.94,736.9,736.94,736.89,1778489280000,17
2026-05-11 08:49:00+00:00,1118.005983,736.945,736.89,736.99,736.99,736.88,1778489340000,28
2026-05-11 08:50:00+00:00,321.105952,736.9984,737.0,736.99,737.01,736.99,1778489400000,20
2026-05-11 08:51:00+00:00,311.039795,736.9358,736.99,736.93,736.99,736.91,1778489460000,20
2026-05-11 08:52:00+00:00,387.00713,736.9777,736.97,736.96,736.97,736.96,1778489520000,19
2026-05-11 08:53:00+00:00,271.0,737.0074,737.01,737.02,737.02,737.01,1778489580000,4
2026-05-11 08:54:00+00:00,137.005941,737.0003,736.99,737.01,737.01,736.99,1778489640000,8
2026-05-11 08:55:00+00:00,215.004002,737.036,737.02,737.06,737.06,737.02,1778489700000,11
2026-05-11 08:56:00+00:00,201.001356,737.0733,737.04,737.09,737.09,737.04,1778489760000,5
2026-05-11 08:57:00+00:00,440.042996,737.046,737.09,737.011,737.09,737.011,1778489820000,18
2026-05-11 08:58:00+00:00,112.005535,736.9453,736.95,736.95,736.95,736.95,1778489880000,7
2026-05-11 08:59:00+00:00,121.059241,736.9113,736.9,736.9,736.9,736.9,1778489940000,12
2026-05-11 09:00:00+00:00,1214.424538,736.7966,736.87,736.88,736.88,736.78,1778490000000,31
2026-05-11 09:01:00+00:00,1848.412006,736.9441,736.9,736.93,736.95,736.9,1778490060000,16
2026-05-11 09:03:00+00:00,158.662545,736.9955,737.0,737.0,737.0,737.0,1778490180000,12
2026-05-11 09:04:00+00:00,226.011464,737.0321,737.04,737.04,737.04,737.01,1778490240000,10
2026-05-11 09:05:00+00:00,256.034272,737.1393,737.1,737.2,737.2,737.1,1778490300000,22
2026-05-11 09:06:00+00:00,332.006117,737.2101,737.19,737.23,737.23,737.19,1778490360000,13
2026-05-11 09:07:00+00:00,1763.060659,737.0946,737.18,737.06,737.18,737.06,1778490420000,38
2026-05-11 09:08:00+00:00,261.001953,737.0178,737.0,737.05,737.05,737.0,1778490480000,13
2026-05-11 09:11:00+00:00,51.281617,737.0025,737.0,737.0,737.0,737.0,1778490660000,9
2026-05-11 09:12:00+00:00,129.005982,736.9576,736.95,736.95,736.95,736.95,1778490720000,7
2026-05-11 09:13:00+00:00,70.341221,736.9176,736.91,736.91,736.91,736.91,1778490780000,9
2026-05-11 09:14:00+00:00,333.004002,736.9349,736.97,736.9,736.97,736.9,1778490840000,20
2026-05-11 09:16:00+00:00,227.008017,736.9598,736.97,736.98,736.98,736.94,1778490960000,16
2026-05-11 09:17:00+00:00,93.028316,736.9598,736.95,736.95,736.95,736.95,1778491020000,14
2026-05-11 09:18:00+00:00,155.00392,737.001,736.99,736.99,736.99,736.99,1778491080000,9
2026-05-11 09:20:00+00:00,167.005018,737.1022,737.1,737.1,737.1,737.1,1778491200000,7
2026-05-11 09:22:00+00:00,389.006021,737.2097,737.1981,737.23,737.24,737.1981,1778491320000,14
2026-05-11 09:23:00+00:00,136.027837,737.249,737.23,737.23,737.23,737.23,1778491380000,14
2026-05-11 09:24:00+00:00,417.004013,737.2754,737.29,737.26,737.3,737.25,1778491440000,22
2026-05-11 09:25:00+00:00,208.007962,737.1794,737.2,737.16,737.2,737.16,1778491500000,8
2026-05-11 09:26:00+00:00,154.060309,737.1569,737.16,737.16,737.16,737.16,1778491560000,10
2026-05-11 09:27:00+00:00,397.34919,737.1681,737.21,737.18,737.21,737.14,1778491620000,16
2026-05-11 09:28:00+00:00,968.101664,737.1481,737.14,737.13,737.15,737.13,1778491680000,15
2026-05-11 09:29:00+00:00,81.15724,737.1175,737.12,737.12,737.12,737.12,1778491740000,8
2026-05-11 09:30:00+00:00,156.008002,737.1773,737.19,737.19,737.19,737.19,1778491800000,12
2026-05-11 09:31:00+00:00,1355.033081,737.2415,737.22,737.24,737.26,737.22,1778491860000,28
2026-05-11 09:32:00+00:00,124.185761,737.2989,737.3,737.3,737.3,737.3,1778491920000,8
2026-05-11 09:34:00+00:00,167.137185,737.2291,737.24,737.24,737.24,737.2,1778492040000,11
2026-05-11 09:36:00+00:00,52.003988,737.2092,737.21,737.21,737.21,737.21,1778492160000,7
2026-05-11 09:37:00+00:00,101.01589,737.1901,737.19,737.19,737.19,737.19,1778492220000,5
2026-05-11 09:38:00+00:00,439.02907,737.1943,737.19,737.2,737.22,737.19,1778492280000,12
2026-05-11 09:40:00+00:00,4861.003,737.18,737.19,737.18,737.19,737.18,1778492400000,47
2026-05-11 09:41:00+00:00,335.007784,737.2036,737.18,737.18,737.18,737.18,1778492460000,21
2026-05-11 09:42:00+00:00,315.022672,737.3361,737.34,737.34,737.34,737.34,1778492520000,15
2026-05-11 09:43:00+00:00,212.00202,737.3422,737.34,737.34,737.34,737.34,1778492580000,8
2026-05-11 09:44:00+00:00,296.185006,737.3704,737.37,737.39,737.39,737.36,1778492640000,13
2026-05-11 09:45:00+00:00,800.02606,737.3994,737.4,737.4,737.4,737.4,1778492700000,22
2026-05-11 09:46:00+00:00,2210.085034,737.4527,737.44,737.41,737.48,737.41,1778492760000,50
2026-05-11 09:47:00+00:00,607.008897,737.4048,737.43,737.4,737.43,737.4,1778492820000,12
2026-05-11 09:48:00+00:00,1447.967762,737.4478,737.47,737.385,737.47,737.385,1778492880000,21
2026-05-11 09:49:00+00:00,242.006005,737.3688,737.38,737.36,737.38,737.35,1778492940000,16
2026-05-11 09:50:00+00:00,187.501939,737.3928,737.39,737.4,737.4,737.39,1778493000000,11
2026-05-11 09:51:00+00:00,179.416814,737.3692,737.37,737.36,737.37,737.36,1778493060000,15
2026-05-11 09:53:00+00:00,393.007932,737.341,737.42,737.32,737.42,737.31,1778493180000,17
2026-05-11 09:54:00+00:00,888.015628,737.2546,737.26,737.25,737.26,737.25,1778493240000,18
2026-05-11 09:55:00+00:00,2222.611724,737.1222,737.19,737.13,737.19,737.08,1778493300000,53
2026-05-11 09:58:00+00:00,1101.764069,737.0342,737.08,736.9979,737.08,736.98,1778493480000,64
2026-05-11 09:59:00+00:00,644.006064,736.9833,737.0,736.98,737.0,736.98,1778493540000,18
2026-05-11 10:00:00+00:00,298.026035,737.0347,737.04,737.04,737.04,737.04,1778493600000,23
2026-05-11 10:01:00+00:00,191.006021,737.1264,737.13,737.12,737.13,737.12,1778493660000,8
2026-05-11 10:03:00+00:00,180.268089,737.0218,737.04,737.04,737.04,737.04,1778493780000,20
2026-05-11 10:05:00+00:00,239.273725,736.9724,736.99,736.96,736.99,736.96,1778493900000,12
2026-05-11 10:06:00+00:00,743.01103,736.905,736.92,736.89,736.92,736.88,1778493960000,24
2026-05-11 10:07:00+00:00,333.716511,736.9416,736.9,736.97,736.97,736.9,1778494020000,16
2026-05-11 10:08:00+00:00,462.031552,736.9931,736.99,736.99,737.0,736.99,1778494080000,14
2026-05-11 10:09:00+00:00,943.007977,736.9901,736.99,736.99,736.99,736.99,1778494140000,15
2026-05-11 10:10:00+00:00,89.046182,737.1185,737.12,737.12,737.12,737.12,1778494200000,10
2026-05-11 10:11:00+00:00,145.009712,737.092,737.1,737.09,737.1,737.09,1778494260000,9
2026-05-11 10:12:00+00:00,807.006994,737.0711,737.08,737.07,737.08,737.07,1778494320000,13
2026-05-11 10:13:00+00:00,163.082987,736.9898,736.98,737.01,737.01,736.98,1778494380000,11
2026-05-11 10:14:00+00:00,282.003974,737.0057,736.98,737.0,737.03,736.98,1778494440000,14
2026-05-11 10:15:00+00:00,344.007922,736.9772,736.97,736.98,736.98,736.97,1778494500000,15
2026-05-11 10:16:00+00:00,209.0,736.991,737.0,736.99,737.0,736.98,1778494560000,7
2026-05-11 10:17:00+00:00,168.00198,736.9751,736.98,736.97,736.98,736.97,1778494620000,8
2026-05-11 10:18:00+00:00,392.091363,736.9741,736.99,736.96,736.99,736.96,1778494680000,11
2026-05-11 10:19:00+00:00,1664.051967,736.9509,736.95,736.93,736.97,736.93,1778494740000,17
2026-05-11 10:20:00+00:00,683.24525,736.9305,736.94,736.93,736.94,736.93,1778494800000,23
2026-05-11 10:21:00+00:00,223.016336,736.944,736.96,736.94,736.96,736.94,1778494860000,13
2026-05-11 10:22:00+00:00,277.129736,736.9859,736.97,737.0,737.0,736.97,1778494920000,13
2026-05-11 10:23:00+00:00,5082.187082,736.9012,736.92,736.93,736.93,736.9,1778494980000,24
2026-05-11 10:24:00+00:00,10223.006301,736.9344,736.96,736.93,736.97,736.93,1778495040000,91
2026-05-11 10:25:00+00:00,186.007923,736.9657,736.94,736.97,736.97,736.94,1778495100000,11
2026-05-11 10:26:00+00:00,103.003988,737.0,737.0,737.0,737.0,737.0,1778495160000,5
2026-05-11 10:28:00+00:00,134.071576,736.9336,736.92,736.92,736.92,736.92,1778495280000,13
2026-05-11 10:31:00+00:00,114.698888,736.9312,736.93,736.93,736.93,736.93,1778495460000,10
2026-05-11 10:32:00+00:00,65.265133,736.9292,736.93,736.93,736.93,736.93,1778495520000,6
2026-05-11 10:34:00+00:00,62.141304,736.8834,736.88,736.88,736.88,736.88,1778495640000,10
2026-05-11 10:35:00+00:00,49.010856,736.9211,736.93,736.93,736.93,736.93,1778495700000,4
2026-05-11 10:36:00+00:00,186.006322,736.8563,736.87,736.84,736.87,736.84,1778495760000,13
2026-05-11 10:37:00+00:00,5926.967524,736.7961,736.84,736.77,736.84,736.77,1778495820000,61
2026-05-11 10:38:00+00:00,9518.095146,736.7747,736.71,736.76,736.79,736.71,1778495880000,75
2026-05-11 10:39:00+00:00,505.117575,736.6658,736.76,736.65,736.76,736.56,1778495940000,39
2026-05-11 10:40:00+00:00,372.009065,736.6735,736.67,736.65,736.69,736.65,1778496000000,19
2026-05-11 10:41:00+00:00,324.005551,736.6731,736.6756,736.65,736.6966,736.65,1778496060000,15
2026-05-11 10:42:00+00:00,338.088644,736.6413,736.61,736.7,736.7,736.61,1778496120000,17
2026-05-11 10:43:00+00:00,499.225916,736.7117,736.72,736.68,736.73,736.68,1778496180000,15
2026-05-11 10:45:00+00:00,1010.013936,736.7647,736.79,736.73,736.79,736.72,1778496300000,26
2026-05-11 10:46:00+00:00,407.033269,736.6631,736.67,736.62,736.73,736.61,1778496360000,19
2026-05-11 10:47:00+00:00,127.153049,736.5805,736.56,736.56,736.56,736.56,1778496420000,16
2026-05-11 10:48:00+00:00,172.035181,736.6797,736.65,736.7,736.7,736.65,1778496480000,11
2026-05-11 10:50:00+00:00,310.632462,736.7694,736.77,736.78,736.78,736.77,1778496600000,16
2026-05-11 10:51:00+00:00,423.279207,736.8028,736.79,736.81,736.81,736.79,1778496660000,17
2026-05-11 10:52:00+00:00,65.001995,736.8227,736.83,736.83,736.83,736.83,1778496720000,6
2026-05-11 10:53:00+00:00,532.003868,736.7507,736.79,736.74,736.79,736.74,1778496780000,10
2026-05-11 10:54:00+00:00,45.0,736.7594,736.76,736.76,736.76,736.76,1778496840000,4
2026-05-11 10:56:00+00:00,108.94052,736.7257,736.73,736.73,736.73,736.73,1778496960000,10
2026-05-11 10:57:00+00:00,130.0,736.6792,736.68,736.68,736.68,736.68,1778497020000,8
2026-05-11 10:58:00+00:00,307.035806,736.676,736.68,736.69,736.69,736.66,1778497080000,21
2026-05-11 11:00:00+00:00,3052.430134,736.7141,736.64,736.79,736.8,736.63,1778497200000,87
2026-05-11 11:01:00+00:00,513.841707,736.7922,736.781,736.79,736.86,736.73,1778497260000,47
2026-05-11 11:02:00+00:00,1146.523414,736.8296,736.89,736.82,736.89,736.82,1778497320000,22
2026-05-11 11:03:00+00:00,2053.112817,736.8932,736.85,736.87,736.91,736.85,1778497380000,39
2026-05-11 11:04:00+00:00,470.59491,736.8954,736.96,736.8,736.96,736.8,1778497440000,34
2026-05-11 11:05:00+00:00,299.470628,736.8596,736.85,736.85,736.8807,736.85,1778497500000,19
2026-05-11 11:06:00+00:00,401.922017,736.8773,736.85,736.91,736.91,736.85,1778497560000,17
2026-05-11 11:07:00+00:00,419.60369,736.9427,736.94,736.96,736.99,736.94,1778497620000,31
2026-05-11 11:08:00+00:00,403.833305,736.8963,736.93,736.89,736.93,736.88,1778497680000,34
2026-05-11 11:09:00+00:00,2209.139484,736.8652,736.86,736.92,736.92,736.8504,1778497740000,35
2026-05-11 11:10:00+00:00,485.700062,736.8808,736.95,736.83,736.95,736.83,1778497800000,28
2026-05-11 11:11:00+00:00,905.210051,736.8047,736.81,736.8,736.81,736.8,1778497860000,34
2026-05-11 11:12:00+00:00,4648.306079,736.7987,736.8,736.75,736.81,736.75,1778497920000,37
2026-05-11 11:13:00+00:00,1363.004902,736.729,736.75,736.71,736.78,736.66,1778497980000,41
2026-05-11 11:14:00+00:00,603.217539,736.8172,736.76,736.85,736.85,736.76,1778498040000,29
2026-05-11 11:15:00+00:00,580.129833,736.7687,736.79,736.75,736.79,736.75,1778498100000,29
2026-05-11 11:16:00+00:00,104.599393,736.7744,736.7893,736.7893,736.7893,736.7893,1778498160000,14
2026-05-11 11:17:00+00:00,1069.510257,736.8717,736.87,736.8799,736.8964,736.86,1778498220000,26
2026-05-11 11:18:00+00:00,1571.153394,736.8555,736.89,736.8513,736.89,736.8513,1778498280000,16
2026-05-11 11:19:00+00:00,159.722121,736.9372,736.92,736.92,736.92,736.92,1778498340000,28
2026-05-11 11:20:00+00:00,1207.162138,737.0445,737.0,737.02,737.05,737.0,1778498400000,59
2026-05-11 11:21:00+00:00,1492.188165,737.0974,737.07,737.13,737.13,737.04,1778498460000,41
2026-05-11 11:22:00+00:00,1274.220252,737.0489,737.1,737.05,737.1,737.03,1778498520000,34
2026-05-11 11:23:00+00:00,954.405415,737.0815,737.09,737.04,737.14,737.04,1778498580000,25
2026-05-11 11:24:00+00:00,309.28709,737.0473,737.04,737.0587,737.0587,737.04,1778498640000,20
2026-05-11 11:25:00+00:00,1551.24831,737.0465,737.0418,737.0,737.07,737.0,1778498700000,30
2026-05-11 11:26:00+00:00,277.172445,737.0437,737.034,737.05,737.05,737.034,1778498760000,20
2026-05-11 11:27:00+00:00,6599.343009,737.1133,737.1,737.12,737.17,737.1,1778498820000,55
2026-05-11 11:28:00+00:00,338.706395,737.1849,737.18,737.21,737.21,737.17,1778498880000,32
2026-05-11 11:29:00+00:00,1621.126085,737.1867,737.22,737.17,737.22,737.13,1778498940000,42
2026-05-11 11:30:00+00:00,471.398125,737.2314,737.19,737.33,737.33,737.19,1778499000000,35
2026-05-11 11:31:00+00:00,2135.738964,737.4298,737.38,737.3448,737.45,737.3448,1778499060000,62
2026-05-11 11:32:00+00:00,233.551047,737.4098,737.44,737.44,737.44,737.44,1778499120000,25
2026-05-11 11:33:00+00:00,136.348897,737.3489,737.366,737.366,737.366,737.366,1778499180000,34
2026-05-11 11:34:00+00:00,150.549658,737.3489,737.34,737.34,737.34,737.34,1778499240000,26
2026-05-11 11:35:00+00:00,3788.048151,737.3892,737.36,737.431,737.431,737.36,1778499300000,50
2026-05-11 11:36:00+00:00,859.341046,737.3608,737.42,737.39,737.42,737.31,1778499360000,42
2026-05-11 11:37:00+00:00,869.40682,737.3375,737.3582,737.28,737.3582,737.28,1778499420000,47
2026-05-11 11:38:00+00:00,13487.442372,737.3239,737.29,737.35,737.35,737.29,1778499480000,123
2026-05-11 11:39:00+00:00,1494.725037,737.2899,737.3291,737.2704,737.3291,737.26,1778499540000,31
2026-05-11 11:40:00+00:00,172.366414,737.2608,737.26,737.26,737.26,737.26,1778499600000,22
2026-05-11 11:41:00+00:00,1152.289557,737.2807,737.25,737.3,737.3,737.22,1778499660000,27
2026-05-11 11:42:00+00:00,203.740181,737.2794,737.2967,737.2967,737.2967,737.2967,1778499720000,31
2026-05-11 11:43:00+00:00,3124.864321,737.1314,737.18,737.1,737.18,737.08,1778499780000,55
2026-05-11 11:44:00+00:00,778.527978,737.0427,737.12,737.01,737.12,737.01,1778499840000,38
2026-05-11 11:45:00+00:00,5489.008781,736.9941,737.02,736.94,737.02,736.94,1778499900000,100
2026-05-11 11:46:00+00:00,1329.46416,736.9126,736.8808,736.9115,737.0,736.88,1778499960000,64
2026-05-11 11:47:00+00:00,686.640773,736.8844,736.91,736.9,736.91,736.84,1778500020000,54
2026-05-11 11:48:00+00:00,360.730129,736.9178,736.92,736.93,736.93,736.91,1778500080000,33
2026-05-11 11:49:00+00:00,5571.949169,736.8973,736.92,736.861,736.92,736.84,1778500140000,58
2026-05-11 11:50:00+00:00,1464.343771,736.7867,736.85,736.59,736.93,736.59,1778500200000,87
2026-05-11 11:51:00+00:00,1688.329138,736.6247,736.6,736.66,736.66,736.59,1778500260000,61
2026-05-11 11:52:00+00:00,1258.050937,736.6035,736.65,736.63,736.65,736.56,1778500320000,61
2026-05-11 11:53:00+00:00,1217.692817,736.66,736.64,736.7,736.7,736.6064,1778500380000,53
2026-05-11 11:54:00+00:00,816.454565,736.6805,736.68,736.69,736.72,736.65,1778500440000,44
2026-05-11 11:55:00+00:00,722.938584,736.7361,736.7,736.74,736.79,736.7,1778500500000,54
2026-05-11 11:56:00+00:00,704.920343,736.6972,736.7,736.73,736.73,736.7,1778500560000,50
2026-05-11 11:57:00+00:00,1321.680652,736.7478,736.731,736.76,736.77,736.72,1778500620000,40
2026-05-11 11:58:00+00:00,2175.000481,736.7929,736.78,736.74,736.81,736.74,1778500680000,62
2026-05-11 11:59:00+00:00,3645.270064,736.7846,736.7406,736.82,736.84,736.7406,1778500740000,67
2026-05-11 12:00:00+00:00,1424.403503,736.8484,736.84,736.85,736.88,736.8113,1778500800000,53
2026-05-11 12:01:00+00:00,2282.603719,736.9508,736.88,737.0,737.0,736.88,1778500860000,83
2026-05-11 12:02:00+00:00,1412.235534,736.9194,736.99,736.8,737.0,736.8,1778500920000,72
2026-05-11 12:03:00+00:00,1143.419656,736.7385,736.71,736.761,736.8,736.68,1778500980000,57
2026-05-11 12:04:00+00:00,838.757143,736.722,736.753,736.7,736.76,736.7,1778501040000,54
2026-05-11 12:05:00+00:00,3610.223598,736.6093,736.65,736.56,736.65,736.55,1778501100000,101
2026-05-11 12:06:00+00:00,3629.865335,736.5342,736.59,736.5904,736.6,736.48,1778501160000,85
2026-05-11 12:07:00+00:00,1610.912673,736.5604,736.63,736.55,736.65,736.5,1778501220000,63
2026-05-11 12:08:00+00:00,1017.654324,736.4986,736.51,736.62,736.62,736.45,1778501280000,48
2026-05-11 12:09:00+00:00,649.956311,736.5502,736.6,736.55,736.6,736.5,1778501340000,48
2026-05-11 12:10:00+00:00,11091.807656,736.4387,736.54,736.51,736.59,736.29,1778501400000,219
2026-05-11 12:11:00+00:00,1511.516318,736.5156,736.55,736.485,736.56,736.48,1778501460000,66
2026-05-11 12:12:00+00:00,997.262582,736.4892,736.49,736.53,736.54,736.4559,1778501520000,57
2026-05-11 12:13:00+00:00,6269.689161,736.5251,736.51,736.54,736.54,736.49,1778501580000,93
2026-05-11 12:14:00+00:00,1095.798819,736.5074,736.54,736.51,736.54,736.48,1778501640000,56
2026-05-11 12:15:00+00:00,1885.461772,736.5133,736.51,736.57,736.57,736.47,1778501700000,55
2026-05-11 12:16:00+00:00,656.206715,736.575,736.6,736.55,736.62,736.52,1778501760000,38
2026-05-11 12:17:00+00:00,664.698615,736.5074,736.5,736.52,736.52,736.48,1778501820000,36
2026-05-11 12:18:00+00:00,627.719401,736.5973,736.48,736.65,736.65,736.48,1778501880000,48
2026-05-11 12:19:00+00:00,2243.593667,736.5616,736.65,736.53,736.65,736.46,1778501940000,71
2026-05-11 12:20:00+00:00,2739.503885,736.372,736.47,736.34,736.47,736.33,1778502000000,93
2026-05-11 12:21:00+00:00,1616.639562,736.421,736.43,736.42,736.48,736.33,1778502060000,64
2026-05-11 12:22:00+00:00,902.930928,736.453,736.43,736.45,736.52,736.39,1778502120000,46
2026-05-11 12:23:00+00:00,1567.242408,736.5058,736.471,736.65,736.65,736.46,1778502180000,75
2026-05-11 12:24:00+00:00,3172.789541,736.6265,736.6,736.63,736.6905,736.5896,1778502240000,66
2026-05-11 12:25:00+00:00,1381.140612,736.5346,736.59,736.54,736.59,736.48,1778502300000,63
2026-05-11 12:26:00+00:00,6624.4032,736.542,736.58,736.44,736.58,736.43,1778502360000,88
2026-05-11 12:27:00+00:00,884.908545,736.5269,736.49,736.58,736.58,736.49,1778502420000,45
2026-05-11 12:28:00+00:00,3074.291715,736.6174,736.59,736.64,736.64,736.58,1778502480000,66
2026-05-11 12:29:00+00:00,481.047445,736.6064,736.61,736.65,736.65,736.56,1778502540000,26
2026-05-11 12:30:00+00:00,690.750338,736.7132,736.73,736.7,736.75,736.6991,1778502600000,36
2026-05-11 12:31:00+00:00,1845.179429,736.7451,736.73,736.79,736.8,736.7217,1778502660000,68
2026-05-11 12:32:00+00:00,11276.71287,736.8743,736.85,736.86,736.91,736.835,1778502720000,138
2026-05-11 12:33:00+00:00,1049.199694,736.8572,736.87,736.81,736.92,736.77,1778502780000,49
2026-05-11 12:34:00+00:00,812.545481,736.827,736.81,736.8325,736.84,736.78,1778502840000,40
2026-05-11 12:35:00+00:00,506.37018,736.884,736.82,736.91,736.91,736.82,1778502900000,46
2026-05-11 12:36:00+00:00,1016.103559,736.8797,736.93,736.8,736.93,736.8,1778502960000,43
2026-05-11 12:37:00+00:00,310.546264,736.7742,736.79,736.77,736.8,736.76,1778503020000,22
2026-05-11 12:38:00+00:00,1440.979367,736.7141,736.74,736.67,736.8048,736.67,1778503080000,56
2026-05-11 12:39:00+00:00,658.864802,736.6914,736.67,736.75,736.75,736.65,1778503140000,37
2026-05-11 12:40:00+00:00,3992.523859,736.699,736.69,736.7,736.71,736.69,1778503200000,34
2026-05-11 12:42:00+00:00,6881.508656,736.5901,736.65,736.6,736.65,736.54,1778503320000,121
2026-05-11 12:43:00+00:00,3234.652356,736.4317,736.59,736.4104,736.61,736.4,1778503380000,80
2026-05-11 12:44:00+00:00,3160.517999,736.3846,736.46,736.36,736.46,736.36,1778503440000,71
2026-05-11 12:45:00+00:00,2072.819044,736.4015,736.36,736.5,736.5,736.36,1778503500000,68
2026-05-11 12:46:00+00:00,1032.925735,736.5296,736.48,736.52,736.59,736.47,1778503560000,42
2026-05-11 12:47:00+00:00,34218.055662,735.999,736.55,736.01,736.59,735.75,1778503620000,673
2026-05-11 12:48:00+00:00,11119.624548,735.9954,735.84,736.05,736.1,735.82,1778503680000,194
2026-05-11 12:49:00+00:00,17771.743536,736.136,735.96,736.22,736.24,735.96,1778503740000,269
2026-05-11 12:50:00+00:00,1108.943891,736.1898,736.22,736.23,736.23,736.17,1778503800000,79
2026-05-11 12:51:00+00:00,1985.362687,736.2183,736.18,736.25,736.25,736.18,1778503860000,64
2026-05-11 12:52:00+00:00,1179.941748,736.2492,736.25,736.32,736.32,736.17,1778503920000,61
2026-05-11 12:53:00+00:00,1566.803573,736.2557,736.29,736.29,736.31,736.16,1778503980000,70
2026-05-11 12:54:00+00:00,618.563237,736.2345,736.27,736.24,736.27,736.21,1778504040000,39
2026-05-11 12:55:00+00:00,1244.366001,736.2163,736.19,736.22,736.27,736.1,1778504100000,54
2026-05-11 12:56:00+00:00,565.544095,736.2638,736.25,736.27,736.27,736.25,1778504160000,51
2026-05-11 12:57:00+00:00,1392.661408,736.2621,736.24,736.29,736.32,736.22,1778504220000,56
2026-05-11 12:58:00+00:00,2141.010002,736.2968,736.29,736.31,736.34,736.27,1778504280000,67
2026-05-11 12:59:00+00:00,1023.155197,736.2837,736.3,736.31,736.31,736.25,1778504340000,66
2026-05-11 13:00:00+00:00,7989.671056,736.3587,736.35,736.46,736.46,736.29,1778504400000,190
2026-05-11 13:01:00+00:00,9105.586396,736.349,736.37,736.29,736.37,736.29,1778504460000,114
2026-05-11 13:02:00+00:00,3950.953656,736.2162,736.27,736.18,736.34,736.18,1778504520000,114
2026-05-11 13:03:00+00:00,1988.118785,736.3126,736.23,736.43,736.44,736.23,1778504580000,100
2026-05-11 13:04:00+00:00,776.115811,736.4781,736.47,736.5,736.5,736.45,1778504640000,53
2026-05-11 13:05:00+00:00,789.405043,736.4917,736.47,736.49,736.52,736.47,1778504700000,48
2026-05-11 13:06:00+00:00,4836.107783,736.4271,736.43,736.45,736.47,736.4,1778504760000,73
2026-05-11 13:07:00+00:00,1448.209802,736.4118,736.429,736.4,736.43,736.38,1778504820000,57
2026-05-11 13:08:00+00:00,1412.607183,736.4698,736.41,736.5,736.52,736.41,1778504880000,73
2026-05-11 13:09:00+00:00,4617.585179,736.5521,736.55,736.55,736.56,736.51,1778504940000,97
2026-05-11 13:10:00+00:00,1722.789413,736.5569,736.5,736.58,736.61,736.5,1778505000000,84
2026-05-11 13:11:00+00:00,1458.518708,736.5617,736.57,736.5,736.6,736.5,1778505060000,61
2026-05-11 13:12:00+00:00,1277.600651,736.5691,736.5,736.65,736.65,736.5,1778505120000,85
2026-05-11 13:13:00+00:00,1571.865044,736.6485,736.6,736.62,736.71,736.6,1778505180000,96
2026-05-11 13:14:00+00:00,1576.046279,736.6367,736.6,736.65,736.67,736.6,1778505240000,58
2026-05-11 13:15:00+00:00,4301.1579,736.6002,736.651,736.6,736.6864,736.56,1778505300000,109
2026-05-11 13:16:00+00:00,4582.189277,736.6036,736.65,736.61,736.65,736.54,1778505360000,88
2026-05-11 13:17:00+00:00,1711.57002,736.6118,736.59,736.6,736.65,736.59,1778505420000,67
2026-05-11 13:18:00+00:00,4803.898488,736.5743,736.58,736.59,736.6,736.52,1778505480000,218
2026-05-11 13:19:00+00:00,1590.592464,736.5937,736.6,736.62,736.62,736.56,1778505540000,64
2026-05-11 13:20:00+00:00,8283.353698,736.6027,736.6,736.62,736.65,736.58,1778505600000,88
2026-05-11 13:21:00+00:00,4804.637618,736.6733,736.62,736.7,736.72,736.62,1778505660000,94
2026-05-11 13:22:00+00:00,4897.168395,736.7423,736.7,736.73,736.8,736.67,1778505720000,112
2026-05-11 13:23:00+00:00,4962.347182,736.7683,736.71,736.79,736.82,736.7,1778505780000,90
2026-05-11 13:24:00+00:00,1899.545399,736.7563,736.78,736.7,736.81,736.7,1778505840000,81
2026-05-11 13:25:00+00:00,13431.957526,736.6483,736.7,736.56,736.74,736.52,1778505900000,165
2026-05-11 13:26:00+00:00,5423.286279,736.5926,736.55,736.62,736.67,736.53,1778505960000,100
2026-05-11 13:27:00+00:00,1884.043689,736.5405,736.64,736.46,736.65,736.44,1778506020000,93
2026-05-11 13:28:00+00:00,3818.813921,736.486,736.49,736.53,736.53,736.45,1778506080000,94
2026-05-11 13:29:00+00:00,8401.826633,736.4718,736.51,736.46,736.51,736.4,1778506140000,120
2026-05-11 13:30:00+00:00,445091.843724,736.6919,736.45,736.97,736.99,736.45,1778506200000,15981
2026-05-11 13:31:00+00:00,312007.840195,737.1963,736.98,737.42,737.44,736.96,1778506260000,5645
2026-05-11 13:32:00+00:00,345543.577267,737.4367,737.4299,737.7,737.71,737.34,1778506320000,5757
2026-05-11 13:33:00+00:00,215586.865766,737.706,737.7,737.71,737.79,737.64,1778506380000,3854
2026-05-11 13:34:00+00:00,289018.275117,737.8047,737.72,737.94,737.95,737.695,1778506440000,3791
2026-05-11 13:35:00+00:00,234136.413626,737.7563,737.94,737.54,737.94,737.53,1778506500000,3692
2026-05-11 13:36:00+00:00,154272.865588,737.5487,737.53,737.46,737.75,737.42,1778506560000,2515
2026-05-11 13:37:00+00:00,90915.747777,737.5617,737.43,737.57,737.695,737.42,1778506620000,1519
2026-05-11 13:38:00+00:00,134559.88548,737.6057,737.59,737.71,737.73,737.44,1778506680000,2124
2026-05-11 13:39:00+00:00,65647.658774,737.6401,737.69,737.605,737.72,737.505,1778506740000,1325
2026-05-11 13:40:00+00:00,135427.711735,737.6511,737.61,737.79,737.8,737.52,1778506800000,1987
2026-05-11 13:41:00+00:00,120643.317853,737.9032,737.79,737.99,738.02,737.72,1778506860000,1969
2026-05-11 13:42:00+00:00,138058.537127,737.9246,737.99,737.9,738.02,737.85,1778506920000,2036
2026-05-11 13:43:00+00:00,124091.813831,738.0728,737.92,738.15,738.16,737.88,1778506980000,1973
2026-05-11 13:44:00+00:00,82896.765596,738.2184,738.16,738.39,738.4,738.12,1778507040000,1580
2026-05-11 13:45:00+00:00,224545.640398,738.5789,738.4,738.72,738.75,738.35,1778507100000,2904
2026-05-11 13:46:00+00:00,128392.984557,738.7579,738.74,738.74,738.84,738.64,1778507160000,2166
2026-05-11 13:47:00+00:00,135405.870976,738.8228,738.74,738.87,738.9,738.73,1778507220000,1926
2026-05-11 13:48:00+00:00,106119.574213,738.9651,738.86,739.09,739.14,738.8,1778507280000,1912
2026-05-11 13:49:00+00:00,156950.187115,738.8824,739.09,738.78,739.115,738.77,1778507340000,2443
2026-05-11 13:50:00+00:00,164038.245034,738.9728,738.8,738.89,739.1187,738.76,1778507400000,2174
2026-05-11 13:51:00+00:00,101564.186915,738.8819,738.88,738.75,739.02,738.73,1778507460000,1715
2026-05-11 13:52:00+00:00,216066.018628,738.1813,738.73,738.91,738.95,738.691,1778507520000,1773
2026-05-11 13:53:00+00:00,114023.165879,738.8762,738.93,738.74,738.98,738.73,1778507580000,1648
2026-05-11 13:54:00+00:00,206839.367077,738.5482,738.76,738.51,738.76,738.42,1778507640000,2568
2026-05-11 13:55:00+00:00,82703.904599,738.4202,738.54,738.41,738.55,738.34,1778507700000,1373
2026-05-11 13:56:00+00:00,186441.035024,738.4171,738.43,738.435,738.47,738.32,1778507760000,2183
2026-05-11 13:57:00+00:00,65975.395363,738.4249,738.45,738.49,738.51,738.38,1778507820000,1260
2026-05-11 13:58:00+00:00,111930.813858,738.5878,738.48,738.72,738.78,738.45,1778507880000,1495
2026-05-11 13:59:00+00:00,87942.925362,738.6001,738.7214,738.6701,738.725,738.43,1778507940000,1571
2026-05-11 14:00:00+00:00,76085.10961,738.6663,738.67,738.53,738.81,738.51,1778508000000,1516
2026-05-11 14:01:00+00:00,52287.641353,738.6513,738.54,738.72,738.76,738.53,1778508060000,1217
2026-05-11 14:02:00+00:00,75559.046677,738.6518,738.73,738.58,738.79,738.56,1778508120000,1866
2026-05-11 14:03:00+00:00,64933.767644,738.6064,738.58,738.6,738.67,738.52,1778508180000,1417
2026-05-11 14:04:00+00:00,76125.941379,738.6627,738.58,738.6,738.73,738.54,1778508240000,1308
2026-05-11 14:05:00+00:00,130534.560797,738.5908,738.57,738.66,738.66,738.51,1778508300000,1577
2026-05-11 14:06:00+00:00,89368.884893,738.6491,738.655,738.6,738.72,738.595,1778508360000,1773
2026-05-11 14:07:00+00:00,72772.50781,738.7546,738.59,738.8,738.85,738.58,1778508420000,1362
2026-05-11 14:08:00+00:00,38017.464882,738.8014,738.8,738.74,738.86,738.74,1778508480000,1028
2026-05-11 14:09:00+00:00,51991.895244,738.7365,738.75,738.785,738.8,738.69,1778508540000,1053
2026-05-11 14:10:00+00:00,70821.672794,738.7783,738.7701,738.81,738.83,738.7,1778508600000,1189
2026-05-11 14:11:00+00:00,69738.852205,738.6892,738.82,738.705,738.82,738.5516,1778508660000,1357
2026-05-11 14:12:00+00:00,42639.348756,738.7331,738.71,738.74,738.81,738.67,1778508720000,1232
2026-05-11 14:13:00+00:00,53040.169867,738.8174,738.8,738.92,738.9692,738.72,1778508780000,1435
2026-05-11 14:14:00+00:00,148703.579501,738.9643,738.9342,739.04,739.06,738.89,1778508840000,2440
2026-05-11 14:15:00+00:00,65466.792236,739.068,739.04,739.145,739.16,738.99,1778508900000,1606
2026-05-11 14:16:00+00:00,178845.914501,739.2744,739.15,739.39,739.4,739.125,1778508960000,2730
2026-05-11 14:17:00+00:00,168836.816815,739.2726,739.39,739.305,739.42,739.17,1778509020000,2727
2026-05-11 14:18:00+00:00,94125.460654,739.3736,739.31,739.45,739.48,739.26,1778509080000,1807
2026-05-11 14:19:00+00:00,166863.389541,739.475,739.45,739.485,739.52,739.42,1778509140000,2268
2026-05-11 14:20:00+00:00,135440.799231,739.4609,739.48,739.39,739.52,739.37,1778509200000,2308
2026-05-11 14:21:00+00:00,49060.521807,739.4916,739.43,739.51,739.52,739.43,1778509260000,1513
2026-05-11 14:22:00+00:00,113984.566507,739.502,739.53,739.545,739.55,739.455,1778509320000,2437
2026-05-11 14:23:00+00:00,72004.72296,739.5284,739.545,739.485,739.58,739.45,1778509380000,1791
2026-05-11 14:24:00+00:00,55081.103331,739.5114,739.485,739.52,739.5699,739.45,1778509440000,1485
2026-05-11 14:25:00+00:00,61945.360911,739.5446,739.52,739.48,739.59,739.48,1778509500000,1590
2026-05-11 14:26:00+00:00,95429.725875,739.3719,739.485,739.31,739.5,739.29,1778509560000,2047
2026-05-11 14:27:00+00:00,140522.642735,739.1077,739.3,738.915,739.3,738.91,1778509620000,2605
2026-05-11 14:28:00+00:00,118882.998528,738.8298,738.915,738.72,738.98,738.72,1778509680000,2008
2026-05-11 14:29:00+00:00,159546.174242,738.6061,738.71,738.4674,738.77,738.4,1778509740000,2908
2026-05-11 14:30:00+00:00,108780.175107,738.5066,738.46,738.53,738.72,738.3401,1778509800000,2052
2026-05-11 14:31:00+00:00,343700.743107,738.0586,738.525,737.905,738.57,737.69,1778509860000,4861
2026-05-11 14:32:00+00:00,271852.869907,737.9489,737.91,738.09,738.17,737.59,1778509920000,4151
2026-05-11 14:33:00+00:00,140351.62545,738.0893,738.1,738.19,738.27,737.91,1778509980000,2024
2026-05-11 14:34:00+00:00,147390.665522,738.2293,738.19,738.43,738.4399,738.09,1778510040000,2175
2026-05-11 14:35:00+00:00,75107.784047,738.4589,738.43,738.665,738.665,738.24,1778510100000,1655
2026-05-11 14:36:00+00:00,144101.149538,738.5413,738.67,738.52,738.81,738.3,1778510160000,2909
2026-05-11 14:37:00+00:00,34857.2223,738.5232,738.52,738.63,738.65,738.45,1778510220000,1302
2026-05-11 14:38:00+00:00,39981.990445,738.5751,738.65,738.4998,738.7,738.48,1778510280000,1320
2026-05-11 14:39:00+00:00,31096.36685,738.5475,738.480344,738.61,738.6499,738.480344,1778510340000,1115
2026-05-11 14:40:00+00:00,57071.954076,738.6956,738.62,738.78,738.81,738.59,1778510400000,1533
2026-05-11 14:41:00+00:00,106585.325427,738.8323,738.78,738.97,738.97,738.75,1778510460000,1678
2026-05-11 14:42:00+00:00,93055.305123,738.9631,738.975,738.9,739.0499,738.89,1778510520000,2059
2026-05-11 14:43:00+00:00,69797.289521,738.951,738.89,738.91,739.09,738.86,1778510580000,1320
2026-05-11 14:44:00+00:00,55124.933874,738.9374,738.89,738.94,739.02,738.83,1778510640000,987
2026-05-11 14:45:00+00:00,61658.24374,739.0602,738.97,738.98,739.18,738.93,1778510700000,1395
2026-05-11 14:46:00+00:00,49489.871914,738.9133,738.97,738.99,739.03,738.802,1778510760000,1274
2026-05-11 14:47:00+00:00,52216.572216,738.9365,738.97,738.95,739.04,738.76,1778510820000,1384
2026-05-11 14:48:00+00:00,59085.434922,738.9485,738.94,738.96,739.03,738.9,1778510880000,1281
2026-05-11 14:49:00+00:00,250639.445887,738.741,738.95,739.055,739.08,738.63,1778510940000,1692
2026-05-11 14:50:00+00:00,74320.263454,739.1251,739.04,739.175,739.23,739.03,1778511000000,1437
2026-05-11 14:51:00+00:00,126923.49703,739.3579,739.1701,739.415,739.56,739.17,1778511060000,2347
2026-05-11 14:52:00+00:00,32783.148935,739.4609,739.42,739.46,739.52,739.415,1778511120000,1004
2026-05-11 14:53:00+00:00,148470.949175,739.6658,739.49,739.78,739.83,739.47,1778511180000,2110
2026-05-11 14:54:00+00:00,125366.993476,739.7357,739.79,739.79,739.81,739.64,1778511240000,1603
2026-05-11 14:55:00+00:00,185643.323217,739.8297,739.771,739.73,739.94,739.71,1778511300000,2075
2026-05-11 14:56:00+00:00,96199.846593,739.6149,739.72,739.55,739.7447,739.52,1778511360000,1884
2026-05-11 14:57:00+00:00,135721.198686,739.4882,739.5436,739.63,739.63,739.38,1778511420000,2194
2026-05-11 14:58:00+00:00,41904.59651,739.6496,739.62,739.63,739.71,739.6,1778511480000,1319
2026-05-11 14:59:00+00:00,33971.191357,739.6547,739.62,739.65,739.71,739.59,1778511540000,1317
2026-05-11 15:00:00+00:00,62426.577295,739.6129,739.65,739.5281,739.76,739.51,1778511600000,1600
2026-05-11 15:01:00+00:00,92627.8284,739.4802,739.52,739.44,739.53,739.42,1778511660000,1687
2026-05-11 15:02:00+00:00,59598.984235,739.4707,739.45,739.47,739.51,739.43,1778511720000,1692
2026-05-11 15:03:00+00:00,41689.284983,739.5448,739.46,739.51,739.58,739.46,1778511780000,1123
2026-05-11 15:04:00+00:00,39392.292309,739.606,739.53,739.61,739.67,739.48,1778511840000,1248
2026-05-11 15:05:00+00:00,269100.805695,739.5048,739.61,739.55,739.62,739.41,1778511900000,4151
2026-05-11 15:06:00+00:00,67004.792671,739.4899,739.55,739.47,739.575,739.43,1778511960000,1548
2026-05-11 15:07:00+00:00,51326.122954,739.5802,739.49,739.65,739.65,739.47,1778512020000,1325
2026-05-11 15:08:00+00:00,78580.117537,739.5975,739.62,739.645,739.68,739.52,1778512080000,1764
2026-05-11 15:09:00+00:00,38529.691649,739.6094,739.6201,739.61,739.68,739.55,1778512140000,1208
2026-05-11 15:10:00+00:00,77935.332599,739.5394,739.63,739.5,739.63,739.49,1778512200000,1599
2026-05-11 15:11:00+00:00,122355.362936,739.511,739.5,739.41,739.57,739.41,1778512260000,2315
2026-05-11 15:12:00+00:00,77212.652504,739.3339,739.42,739.295,739.43,739.26,1778512320000,1726
2026-05-11 15:13:00+00:00,58460.237126,739.3039,739.28,739.3,739.37,739.26,1778512380000,1420
2026-05-11 15:14:00+00:00,131585.341803,739.175,739.3,739.12,739.35,739.03,1778512440000,2478
2026-05-11 15:15:00+00:00,125443.471794,739.0717,739.12,739.16,739.19,738.95,1778512500000,2373
2026-05-11 15:16:00+00:00,110235.628696,739.2333,739.16,739.3,739.33,739.11,1778512560000,1708
2026-05-11 15:17:00+00:00,101121.140147,739.3189,739.29,739.3301,739.37,739.24,1778512620000,1835
2026-05-11 15:18:00+00:00,64052.549501,739.3437,739.35,739.43,739.48,739.28,1778512680000,1647
2026-05-11 15:19:00+00:00,57764.701969,739.4743,739.44,739.47,739.5171,739.42,1778512740000,1413
2026-05-11 15:20:00+00:00,52933.293189,739.4778,739.47,739.58,739.59,739.38,1778512800000,1459
2026-05-11 15:21:00+00:00,193249.50039,739.5543,739.55,739.6,739.6201,739.35,1778512860000,3098
2026-05-11 15:22:00+00:00,43188.260203,739.6176,739.62,739.62,739.65,739.58,1778512920000,1252
2026-05-11 15:23:00+00:00,41929.97872,739.6112,739.62,739.72,739.72,739.56,1778512980000,1252
2026-05-11 15:24:00+00:00,64597.069559,739.7505,739.7,739.77,739.8,739.68,1778513040000,1595
2026-05-11 15:25:00+00:00,220094.154015,739.7654,739.78,739.81,739.86,739.7,1778513100000,3173
2026-05-11 15:26:00+00:00,120112.524238,739.8194,739.81,739.83,739.87,739.7501,1778513160000,2021
2026-05-11 15:27:00+00:00,66176.16289,739.9073,739.82,739.98,740.0,739.81,1778513220000,2015
2026-05-11 15:28:00+00:00,140406.20687,739.9875,739.98,740.0101,740.06,739.91,1778513280000,2216
2026-05-11 15:29:00+00:00,50139.109794,740.0477,740.0,740.0707,740.1073,739.98,1778513340000,1188
2026-05-11 15:30:00+00:00,89094.860073,740.103,740.075,740.16,740.19,740.03,1778513400000,1550
2026-05-11 15:31:00+00:00,97158.294346,740.0901,740.15,739.985,740.17,739.97,1778513460000,1782
2026-05-11 15:32:00+00:00,111511.392761,739.9101,739.98,739.92,739.9801,739.86,1778513520000,2206
2026-05-11 15:33:00+00:00,88268.165287,739.8941,739.92,739.85,739.95,739.85,1778513580000,1432
2026-05-11 15:34:00+00:00,73143.904283,739.9126,739.855,739.9,739.9746,739.85,1778513640000,1471
2026-05-11 15:35:00+00:00,86127.818741,739.8464,739.93,739.77,739.95,739.74,1778513700000,1683
2026-05-11 15:36:00+00:00,87867.377195,739.8389,739.77,739.93,739.96,739.74,1778513760000,1768
2026-05-11 15:37:00+00:00,68457.633381,740.0078,739.96,739.97,740.08,739.91,1778513820000,1585
2026-05-11 15:38:00+00:00,74213.731974,739.9879,739.97,740.02,740.05,739.94,1778513880000,1787
2026-05-11 15:39:00+00:00,34746.705892,740.0277,740.02,740.07,740.08,739.95,1778513940000,1135
2026-05-11 15:40:00+00:00,75215.416596,740.0855,740.095,740.03,740.15,740.0,1778514000000,1497
2026-05-11 15:41:00+00:00,46772.668154,740.0816,740.0225,740.16,740.16,739.97,1778514060000,1404
2026-05-11 15:42:00+00:00,52523.644481,740.1071,740.14,740.09,740.17,740.03,1778514120000,1415
2026-05-11 15:43:00+00:00,66305.983012,740.1307,740.1,740.13,740.1875,740.07,1778514180000,1593
2026-05-11 15:44:00+00:00,202952.463012,739.9109,740.135,739.85,740.18,739.67,1778514240000,3442
2026-05-11 15:45:00+00:00,123757.024475,739.8524,739.86,739.91,739.975,739.73,1778514300000,2393
2026-05-11 15:46:00+00:00,66827.070928,739.931,739.89,739.93,740.05,739.83,1778514360000,1525
2026-05-11 15:47:00+00:00,70928.850323,739.8972,739.955,739.83,739.98,739.81,1778514420000,1607
2026-05-11 15:48:00+00:00,58782.226108,739.815,739.82,739.88,739.89,739.725,1778514480000,1461
2026-05-11 15:49:00+00:00,34875.112401,739.8979,739.87,739.93,739.96,739.8001,1778514540000,1198
2026-05-11 15:50:00+00:00,98263.916685,739.8378,739.91,739.78,739.94,739.72,1778514600000,1862
2026-05-11 15:51:00+00:00,95862.527667,739.8903,739.78,739.965,739.99,739.76,1778514660000,1984
2026-05-11 15:52:00+00:00,94885.273795,739.9852,739.97,739.94,740.03,739.91,1778514720000,1479
2026-05-11 15:53:00+00:00,53637.641449,740.1084,739.94,740.12,740.185,739.93,1778514780000,1380
2026-05-11 15:54:00+00:00,70026.498622,740.1795,740.12,740.1732,740.26,740.1,1778514840000,1455
2026-05-11 15:55:00+00:00,39723.287297,740.2651,740.18,740.29,740.34,740.17,1778514900000,1080
2026-05-11 15:56:00+00:00,115395.826073,740.2382,740.285,740.215,740.29,740.18,1778514960000,1716
2026-05-11 15:57:00+00:00,80974.725148,740.2004,740.23,740.11,740.26,740.1,1778515020000,1495
2026-05-11 15:58:00+00:00,55839.861233,740.1283,740.105,740.14,740.17,740.07,1778515080000,1574
2026-05-11 15:59:00+00:00,112616.687037,740.1943,740.14,740.22,740.26,740.1,1778515140000,2218
2026-05-11 16:00:00+00:00,97712.599456,740.1691,740.23,740.23,740.245,740.06,1778515200000,2159
2026-05-11 16:01:00+00:00,46164.995747,740.2609,740.21,740.24,740.32,740.21,1778515260000,1299
2026-05-11 16:02:00+00:00,76214.114356,740.2479,740.23,740.2,740.31,740.2,1778515320000,1584
2026-05-11 16:03:00+00:00,30322.539647,740.1795,740.21,740.13,740.24,740.13,1778515380000,1158
2026-05-11 16:04:00+00:00,59253.474168,740.1182,740.12,740.09,740.17,740.04,1778515440000,1449
2026-05-11 16:05:00+00:00,44336.743251,740.1416,740.1,740.165,740.21,740.08,1778515500000,1213
2026-05-11 16:06:00+00:00,52269.545435,740.1408,740.17,740.13,740.19,740.09,1778515560000,1353
2026-05-11 16:07:00+00:00,32360.067814,740.116,740.13,740.11,740.16,740.08,1778515620000,1118
2026-05-11 16:08:00+00:00,71726.119858,740.0865,740.11,740.1,740.14,740.03,1778515680000,1369
2026-05-11 16:09:00+00:00,51720.140291,740.1262,740.1,740.09,740.19,740.07,1778515740000,1039
2026-05-11 16:10:00+00:00,63878.479435,740.0984,740.08,740.09,740.15,740.0,1778515800000,1437
2026-05-11 16:11:00+00:00,29228.18656,740.149,740.07,740.18,740.19,740.07,1778515860000,938
2026-05-11 16:12:00+00:00,33556.764292,740.1877,740.16,740.2195,740.22,740.15,1778515920000,1125
2026-05-11 16:13:00+00:00,29499.032466,740.1872,740.2,740.19,740.22,740.15,1778515980000,974
2026-05-11 16:14:00+00:00,38683.537097,740.1611,740.19,740.13,740.22,740.1,1778516040000,1145
2026-05-11 16:15:00+00:00,52360.481998,740.1648,740.14,740.1999,740.22,740.1,1778516100000,1246
2026-05-11 16:16:00+00:00,53403.307898,740.1641,740.19,740.14,740.22,740.1,1778516160000,1148
2026-05-11 16:17:00+00:00,62830.366547,740.1687,740.14,740.18,740.21,740.11,1778516220000,1133
2026-05-11 16:18:00+00:00,44563.63347,740.1461,740.175,740.1,740.22,740.05,1778516280000,1075
2026-05-11 16:19:00+00:00,40089.117184,740.0628,740.09,740.08,740.1,740.01,1778516340000,1209
2026-05-11 16:20:00+00:00,67145.013091,740.0377,740.075,740.04,740.16,739.95,1778516400000,1545
2026-05-11 16:21:00+00:00,51740.529611,740.0131,740.05,740.0,740.07,739.96,1778516460000,1236
2026-05-11 16:22:00+00:00,49755.850911,740.0554,739.9801,740.07,740.13,739.9801,1778516520000,1132
2026-05-11 16:23:00+00:00,36046.540481,740.1319,740.07,740.17,740.19,740.0601,1778516580000,927
2026-05-11 16:24:00+00:00,57953.256989,740.2493,740.18,740.305,740.33,740.15,1778516640000,1332
2026-05-11 16:25:00+00:00,82100.181887,740.3806,740.3,740.38,740.4392,740.3,1778516700000,1559
2026-05-11 16:26:00+00:00,46782.776101,740.3878,740.395,740.37,740.43,740.32,1778516760000,1014
2026-05-11 16:27:00+00:00,34154.319476,740.3464,740.36,740.36,740.4,740.3,1778516820000,978
2026-05-11 16:28:00+00:00,53562.182118,740.3785,740.3699,740.34,740.43,740.3,1778516880000,927
2026-05-11 16:29:00+00:00,34369.428678,740.3476,740.34,740.335,740.38,740.315,1778516940000,614
2026-05-11 16:30:00+00:00,92315.544282,740.3208,740.32,740.39,740.39,740.29,1778517000000,1175
2026-05-11 16:31:00+00:00,58044.912618,740.3576,740.39,740.33,740.43,740.296,1778517060000,1012
2026-05-11 16:32:00+00:00,54437.586167,740.2669,740.31,740.27,740.3275,740.2,1778517120000,987
2026-05-11 16:33:00+00:00,51153.210485,740.2402,740.26,740.21,740.31,740.19,1778517180000,845
2026-05-11 16:34:00+00:00,43898.086337,740.2826,740.22,740.29,740.33,740.22,1778517240000,841
2026-05-11 16:35:00+00:00,59433.772809,740.2737,740.29,740.29,740.33,740.21,1778517300000,853
2026-05-11 16:36:00+00:00,34501.693255,740.3028,740.27,740.2807,740.36,740.26,1778517360000,793
2026-05-11 16:37:00+00:00,50027.678167,740.2586,740.29,740.21,740.31,740.2,1778517420000,967
2026-05-11 16:38:00+00:00,50181.797576,740.1947,740.24,740.18,740.3,740.12,1778517480000,943
2026-05-11 16:39:00+00:00,50457.096391,740.1523,740.17,740.09,740.22,740.08,1778517540000,972
2026-05-11 16:40:00+00:00,37669.260434,740.0811,740.09,740.11,740.13,740.02,1778517600000,766
2026-05-11 16:41:00+00:00,151802.866942,739.9738,740.12,739.71,740.12,739.71,1778517660000,2297
2026-05-11 16:42:00+00:00,462293.27799,739.2886,739.73,739.255,739.74,738.84,1778517720000,6314
2026-05-11 16:43:00+00:00,193311.144609,739.3211,739.26,739.5,739.59,739.06,1778517780000,2717
2026-05-11 16:44:00+00:00,137755.169634,739.5469,739.53,739.66,739.69,739.44,1778517840000,2144
2026-05-11 16:45:00+00:00,110215.722146,739.753,739.66,739.815,739.84,739.58,1778517900000,1599
2026-05-11 16:46:00+00:00,111485.11094,739.7899,739.82,739.705,739.93,739.6401,1778517960000,1607
2026-05-11 16:47:00+00:00,41698.396686,739.8321,739.71,739.89,739.92,739.67,1778518020000,1009
2026-05-11 16:48:00+00:00,53707.263071,739.7547,739.89,739.69,739.89,739.66,1778518080000,889
2026-05-11 16:49:00+00:00,49456.81342,739.6071,739.68,739.53,739.6899,739.52,1778518140000,1003
2026-05-11 16:50:00+00:00,63333.206455,739.5863,739.53,739.5999,739.66,739.51,1778518200000,1076
2026-05-11 16:51:00+00:00,61407.158951,739.5679,739.61,739.56,739.64,739.49,1778518260000,957
2026-05-11 16:52:00+00:00,126567.511231,739.4305,739.575,739.375,739.58,739.35,1778518320000,1628
2026-05-11 16:53:00+00:00,107117.675603,739.3655,739.375,739.42,739.45,739.2519,1778518380000,1402
2026-05-11 16:54:00+00:00,175086.618133,739.3476,739.391,739.333,739.44,739.28,1778518440000,2512
2026-05-11 16:55:00+00:00,67325.648164,739.2677,739.32,739.2,739.36,739.19,1778518500000,1347
2026-05-11 16:56:00+00:00,98448.539583,739.1594,739.22,739.1662,739.24,739.0708,1778518560000,1643
2026-05-11 16:57:00+00:00,75644.524739,739.251,739.19,739.2298,739.39,739.15,1778518620000,1298
2026-05-11 16:58:00+00:00,97209.010013,739.3646,739.2299,739.41,739.5,739.17,1778518680000,1376
2026-05-11 16:59:00+00:00,63294.271419,739.3526,739.4,739.3278,739.41,739.3,1778518740000,1209
2026-05-11 17:00:00+00:00,69766.690535,739.4643,739.34,739.52,739.54,739.34,1778518800000,1102
2026-05-11 17:01:00+00:00,68895.764939,739.5576,739.51,739.591542,739.63,739.48,1778518860000,1078
2026-05-11 17:02:00+00:00,64164.899547,739.4552,739.59,739.4,739.595,739.34,1778518920000,1188
2026-05-11 17:03:00+00:00,31656.922432,739.4735,739.37,739.45,739.54,739.37,1778518980000,720
2026-05-11 17:04:00+00:00,39954.790423,739.5248,739.45,739.52,739.59,739.44,1778519040000,776
2026-05-11 17:05:00+00:00,44126.567244,739.6061,739.53,739.59,739.69,739.495,1778519100000,1007
2026-05-11 17:06:00+00:00,62466.506437,739.4608,739.59,739.47,739.63,739.35,1778519160000,1545
2026-05-11 17:07:00+00:00,39308.304728,739.4631,739.46,739.4799,739.5,739.4,1778519220000,964
2026-05-11 17:08:00+00:00,71965.211075,739.4682,739.47,739.5,739.54,739.41,1778519280000,1297
2026-05-11 17:09:00+00:00,29568.989563,739.4658,739.5,739.45,739.51,739.41,1778519340000,657
2026-05-11 17:10:00+00:00,73411.578199,739.3132,739.4401,739.33,739.46,739.24,1778519400000,1289
2026-05-11 17:11:00+00:00,42640.038804,739.2943,739.32,739.29,739.36,739.22,1778519460000,932
2026-05-11 17:12:00+00:00,70930.202223,739.1038,739.28,739.035,739.28,739.01,1778519520000,1317
2026-05-11 17:13:00+00:00,73964.167371,739.0817,739.04,739.12,739.13,739.01,1778519580000,1169
2026-05-11 17:14:00+00:00,52942.664042,739.0875,739.11,739.06,739.17,739.0,1778519640000,1040
2026-05-11 17:15:00+00:00,71046.238955,739.0525,739.05,739.14,739.15,739.0,1778519700000,1171
2026-05-11 17:16:00+00:00,79881.786167,738.9793,739.13,738.93,739.1399,738.88,1778519760000,1264
2026-05-11 17:17:00+00:00,46956.578671,738.9554,738.945,738.96,739.0293,738.88,1778519820000,882
2026-05-11 17:18:00+00:00,44102.590077,738.947,738.94,738.93,739.01,738.9,1778519880000,868
2026-05-11 17:19:00+00:00,45088.111169,738.9579,738.955,738.955,739.02,738.89,1778519940000,852
2026-05-11 17:20:00+00:00,30767.726104,738.9743,738.97,739.08,739.11,738.91,1778520000000,749
2026-05-11 17:21:00+00:00,96725.416045,739.2169,739.1,739.29,739.32,739.1,1778520060000,1191
2026-05-11 17:22:00+00:00,57604.530532,739.3131,739.3,739.305,739.358,739.24,1778520120000,983
2026-05-11 17:23:00+00:00,59632.930291,739.4349,739.31,739.4809,739.54,739.31,1778520180000,1082
2026-05-11 17:24:00+00:00,121656.918624,739.5783,739.49,739.605,739.66,739.48,1778520240000,1936
2026-05-11 17:25:00+00:00,123317.197803,739.7047,739.61,739.74,739.82,739.56,1778520300000,2220
2026-05-11 17:26:00+00:00,61666.75658,739.8391,739.7322,739.84,739.91,739.7322,1778520360000,1151
2026-05-11 17:27:00+00:00,32773.002215,739.7604,739.83,739.71,739.85,739.69,1778520420000,778
2026-05-11 17:28:00+00:00,39052.510351,739.7335,739.71,739.73,739.79,739.6775,1778520480000,853
2026-05-11 17:29:00+00:00,84585.580847,739.807,739.72,739.81,739.85,739.7,1778520540000,1177
2026-05-11 17:30:00+00:00,80490.628342,739.944,739.79,740.0,740.07,739.78,1778520600000,1571
2026-05-11 17:31:00+00:00,59955.70672,740.0343,740.01,739.975,740.12,739.97,1778520660000,1331
2026-05-11 17:32:00+00:00,30528.203549,739.9834,739.99,740.02,740.04,739.94,1778520720000,886
2026-05-11 17:33:00+00:00,78940.542716,740.1222,740.02,740.08,740.21,740.02,1778520780000,1281
2026-05-11 17:34:00+00:00,48510.736062,740.1103,740.1,740.1468,740.15,740.07,1778520840000,866
2026-05-11 17:35:00+00:00,45019.303523,740.1365,740.12,740.16,740.19,740.08,1778520900000,945
2026-05-11 17:36:00+00:00,67612.901021,740.234,740.16,740.36,740.37,740.1401,1778520960000,1211
2026-05-11 17:37:00+00:00,40329.568659,740.3518,740.36,740.355,740.4,740.31,1778521020000,885
2026-05-11 17:38:00+00:00,67746.500009,740.3693,740.37,740.35,740.4248,740.31,1778521080000,1049
2026-05-11 17:39:00+00:00,52764.348872,740.2904,740.33,740.3,740.34,740.23,1778521140000,991
2026-05-11 17:40:00+00:00,57727.810009,740.2195,740.3,740.334,740.35,740.22,1778521200000,913
2026-05-11 17:41:00+00:00,48586.006414,740.3616,740.34,740.44,740.45,740.31,1778521260000,1013
2026-05-11 17:42:00+00:00,125900.377435,740.5364,740.44,740.552,740.6,740.41,1778521320000,1669
2026-05-11 17:43:00+00:00,50708.683595,740.5641,740.55,740.57,740.6199,740.5287,1778521380000,1032
2026-05-11 17:44:00+00:00,72517.560123,740.6067,740.565,740.635,740.67,740.56,1778521440000,1162
2026-05-11 17:45:00+00:00,125919.220203,740.6576,740.64,740.55,740.79,740.55,1778521500000,1669
2026-05-11 17:46:00+00:00,60277.88789,740.599,740.55,740.55,740.65,740.53,1778521560000,1064
2026-05-11 17:47:00+00:00,75333.88667,740.5024,740.5401,740.47,740.56,740.46,1778521620000,1204
2026-05-11 17:48:00+00:00,62739.361324,740.4902,740.47,740.51,740.52,740.47,1778521680000,1106
2026-05-11 17:49:00+00:00,121131.591912,740.4081,740.5,740.35,740.5,740.32,1778521740000,1602
2026-05-11 17:50:00+00:00,68990.328394,740.3738,740.3412,740.42,740.43,740.33,1778521800000,8919
2026-05-11 17:51:00+00:00,57663.733896,740.3728,740.43,740.335,740.45,740.33,1778521860000,1474
2026-05-11 17:52:00+00:00,41888.28895,740.3703,740.35,740.37,740.41,740.34,1778521920000,1108
2026-05-11 17:53:00+00:00,62982.419387,740.3643,740.38,740.365,740.439,740.3,1778521980000,1262
2026-05-11 17:54:00+00:00,78788.963042,740.282,740.37,740.225,740.395,740.19,1778522040000,1404
2026-05-11 17:55:00+00:00,57333.016115,740.2703,740.225,740.24,740.34,740.19,1778522100000,1064
2026-05-11 17:56:00+00:00,171225.939228,738.3707,740.25,740.25,740.27,740.21,1778522160000,915
2026-05-11 17:57:00+00:00,59390.768917,740.3185,740.24,740.31,740.38,740.24,1778522220000,1074
2026-05-11 17:58:00+00:00,50450.526237,740.3042,740.31,740.29,740.37,740.26,1778522280000,904
2026-05-11 17:59:00+00:00,98733.31499,740.2004,740.29,740.2,740.29,740.14,1778522340000,1406
2026-05-11 18:00:00+00:00,94857.139986,740.3158,740.2,740.33,740.4,740.18,1778522400000,1981
2026-05-11 18:01:00+00:00,88020.806795,740.4327,740.325,740.49,740.51,740.325,1778522460000,1448
2026-05-11 18:02:00+00:00,93000.155938,740.4907,740.49,740.48,740.53,740.440865,1778522520000,1324
2026-05-11 18:03:00+00:00,50142.375715,740.5514,740.48,740.59,740.61,740.472,1778522580000,976
2026-05-11 18:04:00+00:00,105674.953428,740.6031,740.58,740.61,740.62,740.57,1778522640000,1372
2026-05-11 18:05:00+00:00,158470.6105,740.6,740.6,740.57,740.65,740.52,1778522700000,2341
2026-05-11 18:06:00+00:00,58085.520665,740.5755,740.58,740.57,740.61,740.54,1778522760000,1004
2026-05-11 18:07:00+00:00,50759.614447,740.59,740.57,740.56,740.62,740.54,1778522820000,1005
2026-05-11 18:08:00+00:00,40838.176638,740.5564,740.55,740.56,740.6,740.49,1778522880000,843
2026-05-11 18:09:00+00:00,84461.3905,740.5526,740.5699,740.56,740.58,740.51,1778522940000,1201
2026-05-11 18:10:00+00:00,46416.467016,740.4694,740.565,740.4003,740.5799,740.36,1778523000000,966
2026-05-11 18:11:00+00:00,94659.812452,740.4001,740.4186,740.36,740.45,740.33,1778523060000,1499
2026-05-11 18:12:00+00:00,130020.506924,740.3686,740.35,740.38,740.43,740.29,1778523120000,2046
2026-05-11 18:13:00+00:00,97616.804819,740.4068,740.38,740.34,740.46,740.315,1778523180000,1456
2026-05-11 18:14:00+00:00,53532.99753,740.381,740.32,740.34,740.36,740.26,1778523240000,848
2026-05-11 18:15:00+00:00,42465.573952,740.3472,740.33,740.29,740.41,740.29,1778523300000,1006
2026-05-11 18:16:00+00:00,49563.900409,740.2919,740.29,740.28,740.33,740.25,1778523360000,947
2026-05-11 18:17:00+00:00,44018.988466,740.3049,740.255,740.28,740.34,740.255,1778523420000,1045
2026-05-11 18:18:00+00:00,52542.998726,740.2689,740.28,740.28,740.31,740.24,1778523480000,1065
2026-05-11 18:19:00+00:00,49192.979399,740.3222,740.28,740.31,740.35,740.26,1778523540000,1030
2026-05-11 18:20:00+00:00,168621.854847,740.2206,740.31,740.2609,740.38,740.05,1778523600000,2944
2026-05-11 18:21:00+00:00,30928.089261,740.2946,740.27,740.33,740.34,740.24,1778523660000,953
2026-05-11 18:22:00+00:00,79873.346009,740.4567,740.33,740.45,740.53,740.33,1778523720000,1278
2026-05-11 18:23:00+00:00,38930.908607,740.4167,740.46,740.32,740.51,740.3,1778523780000,976
2026-05-11 18:24:00+00:00,50717.928613,740.2594,740.3101,740.29,740.33,740.19,1778523840000,1034
2026-05-11 18:25:00+00:00,78043.897758,740.2828,740.285,740.255,740.34,740.24,1778523900000,1474
2026-05-11 18:26:00+00:00,79888.428515,740.2588,740.25,740.29,740.3,740.22,1778523960000,1190
2026-05-11 18:27:00+00:00,34970.186826,740.2764,740.275,740.235,740.31,740.23,1778524020000,795
2026-05-11 18:28:00+00:00,32734.71809,740.317,740.24,740.3,740.36,740.235,1778524080000,783
2026-05-11 18:29:00+00:00,31062.772996,740.3053,740.295,740.34,740.35,740.25,1778524140000,878
2026-05-11 18:30:00+00:00,60338.03348,740.2399,740.34,740.155,740.35,740.13,1778524200000,1270
2026-05-11 18:31:00+00:00,64806.898809,740.2119,740.155,740.31,740.32,740.13,1778524260000,1134
2026-05-11 18:32:00+00:00,45016.159546,740.1845,740.29,740.15,740.29,740.11,1778524320000,913
2026-05-11 18:33:00+00:00,103148.526221,740.1157,740.165,740.09,740.2,740.04,1778524380000,1526
2026-05-11 18:34:00+00:00,142066.803794,740.0907,740.09,740.08,740.14,740.05,1778524440000,2263
2026-05-11 18:35:00+00:00,69719.316628,740.1238,740.075,740.13,740.16,740.063,1778524500000,996
2026-05-11 18:36:00+00:00,75394.945334,740.0338,740.14,740.01,740.16,739.95,1778524560000,1284
2026-05-11 18:37:00+00:00,37376.113136,740.02,740.02,740.09,740.1,739.98,1778524620000,780
2026-05-11 18:38:00+00:00,49763.729548,740.1087,740.09,740.11,740.15,740.06,1778524680000,929
2026-05-11 18:39:00+00:00,58776.499712,739.9241,740.105,739.79,740.12,739.76,1778524740000,1083
2026-05-11 18:40:00+00:00,187407.212791,739.724,739.795,739.7,739.86,739.61,1778524800000,1835
2026-05-11 18:41:00+00:00,126728.2161,739.6862,739.7,739.6912,739.74,739.62,1778524860000,1732
2026-05-11 18:42:00+00:00,53740.471287,739.7751,739.7,739.8,739.82,739.69,1778524920000,882
2026-05-11 18:43:00+00:00,47262.735158,739.8145,739.78,739.82,739.89,739.77,1778524980000,870
2026-05-11 18:44:00+00:00,43701.151941,739.7891,739.82,739.77,739.84,739.74,1778525040000,831
2026-05-11 18:45:00+00:00,91254.132819,739.6339,739.76,739.6,739.78,739.531,1778525100000,1311
2026-05-11 18:46:00+00:00,79141.86578,739.6534,739.6,739.72,739.73,739.59,1778525160000,1074
2026-05-11 18:47:00+00:00,63303.613698,739.7143,739.73,739.75,739.775,739.64,1778525220000,952
2026-05-11 18:48:00+00:00,58861.437634,739.6752,739.74,739.62,739.76,739.61,1778525280000,946
2026-05-11 18:49:00+00:00,103106.617895,739.5594,739.61,739.51,739.64,739.49,1778525340000,1536
2026-05-11 18:50:00+00:00,71863.887182,739.4641,739.53,739.45,739.53,739.4,1778525400000,1164
2026-05-11 18:51:00+00:00,137529.833297,739.3852,739.455,739.435,739.47,739.28,1778525460000,2108
2026-05-11 18:52:00+00:00,78661.834834,739.489,739.43,739.5,739.52,739.43,1778525520000,1339
2026-05-11 18:53:00+00:00,95382.184058,739.4705,739.5099,739.39,739.55,739.39,1778525580000,1199
2026-05-11 18:54:00+00:00,129217.121312,739.2984,739.39,739.3399,739.4,739.23,1778525640000,1622
2026-05-11 18:55:00+00:00,103789.399458,739.2738,739.33,739.32,739.36,739.18,1778525700000,1730
2026-05-11 18:56:00+00:00,80060.194103,739.3372,739.33,739.31,739.39,739.28,1778525760000,1489
2026-05-11 18:57:00+00:00,158328.111689,739.1058,739.31,739.08,739.31,738.95,1778525820000,2079
2026-05-11 18:58:00+00:00,77459.247769,738.9455,739.07,738.87,739.12,738.78,1778525880000,1471
2026-05-11 18:59:00+00:00,117439.989281,738.7061,738.88,738.52,738.88,738.5,1778525940000,1788
2026-05-11 19:00:00+00:00,120311.454957,738.5718,738.56,738.52,738.67,738.43,1778526000000,1960
2026-05-11 19:01:00+00:00,144906.707297,738.6811,738.53,738.805,738.84,738.52,1778526060000,1789
2026-05-11 19:02:00+00:00,53233.861408,738.7092,738.805,738.77,738.81,738.595,1778526120000,1182
2026-05-11 19:03:00+00:00,84620.267217,738.6178,738.76,738.5911,738.76,738.53,1778526180000,1416
2026-05-11 19:04:00+00:00,86498.90671,738.4164,738.59,738.2899,738.59,738.25,1778526240000,1329
2026-05-11 19:05:00+00:00,107515.652406,738.4218,738.28,738.59,738.6,738.2,1778526300000,1540
2026-05-11 19:06:00+00:00,153523.791547,738.8172,738.61,738.935,738.96,738.575,1778526360000,2277
2026-05-11 19:07:00+00:00,394332.908228,738.4963,738.9301,738.88,738.96,738.79,1778526420000,2321
2026-05-11 19:08:00+00:00,74521.087771,738.9015,738.89,738.85,738.98,738.82,1778526480000,1379
2026-05-11 19:09:00+00:00,93496.05803,738.9,738.85,738.96,739.0,738.76,1778526540000,1479
2026-05-11 19:10:00+00:00,124423.439959,739.0015,738.97,739.03,739.09,738.905,1778526600000,1662
2026-05-11 19:11:00+00:00,50460.518948,739.0429,739.04,739.07,739.09,738.97,1778526660000,957
2026-05-11 19:12:00+00:00,111732.523807,739.0846,739.09,738.93,739.19,738.9201,1778526720000,1537
2026-05-11 19:13:00+00:00,121345.992389,738.8349,738.92,738.72,738.98,738.7,1778526780000,1973
2026-05-11 19:14:00+00:00,64643.513792,738.7486,738.725,738.78,738.81,738.66,1778526840000,1167
2026-05-11 19:15:00+00:00,103671.002848,738.6449,738.785,738.58,738.81,738.5501,1778526900000,1525
2026-05-11 19:16:00+00:00,162075.263911,738.5563,738.57,738.42,738.67,738.38,1778526960000,1910
2026-05-11 19:17:00+00:00,100955.455672,738.4991,738.445,738.64,738.64,738.41,1778527020000,1354
2026-05-11 19:18:00+00:00,76220.512095,738.6099,738.65,738.55,738.66,738.54,1778527080000,1139
2026-05-11 19:19:00+00:00,52708.052491,738.557,738.545,738.59,738.611458,738.51,1778527140000,1018
2026-05-11 19:20:00+00:00,159525.214393,738.5161,738.56,738.43,738.65,738.39,1778527200000,1767
2026-05-11 19:21:00+00:00,57555.961333,738.3922,738.4,738.32,738.46,738.31,1778527260000,1055
2026-05-11 19:22:00+00:00,59698.437872,738.2594,738.33,738.2525,738.37,738.16,1778527320000,1119
2026-05-11 19:23:00+00:00,135128.136991,738.3319,738.26,738.4797,738.49,738.26,1778527380000,2059
2026-05-11 19:24:00+00:00,106981.643962,738.5141,738.47,738.405,738.62,738.36,1778527440000,1795
2026-05-11 19:25:00+00:00,182181.271446,738.4419,738.41,738.38,738.53,738.29,1778527500000,2354
2026-05-11 19:26:00+00:00,55942.14735,738.3727,738.36,738.32,738.43,738.31,1778527560000,1112
2026-05-11 19:27:00+00:00,137202.671652,738.4465,738.326,738.465,738.54,738.29,1778527620000,1556
2026-05-11 19:28:00+00:00,208754.390165,738.5574,738.465,738.58,738.64,738.445,1778527680000,2000
2026-05-11 19:29:00+00:00,109485.235641,738.5112,738.57,738.49,738.6,738.39,1778527740000,1704
2026-05-11 19:30:00+00:00,109762.893988,738.416,738.485,738.5,738.53,738.31,1778527800000,1913
2026-05-11 19:31:00+00:00,117946.47752,738.4921,738.51,738.55,738.59,738.35,1778527860000,2296
2026-05-11 19:32:00+00:00,112199.929324,738.7517,738.55,738.8,738.87,738.54,1778527920000,2153
2026-05-11 19:33:00+00:00,94556.636909,738.794,738.82,738.71,738.89,738.66,1778527980000,1973
2026-05-11 19:34:00+00:00,113473.194612,738.6827,738.7,738.61,738.81,738.58,1778528040000,1848
2026-05-11 19:35:00+00:00,173080.144375,738.5256,738.6,738.4799,738.65,738.41,1778528100000,1993
2026-05-11 19:36:00+00:00,149713.666008,738.4639,738.48,738.44,738.56,738.38,1778528160000,2046
2026-05-11 19:37:00+00:00,332708.024056,738.1694,738.44,738.475,738.5799,738.365,1778528220000,2537
2026-05-11 19:38:00+00:00,109857.035402,738.4455,738.475,738.53,738.55,738.38,1778528280000,1629
2026-05-11 19:39:00+00:00,132617.373618,738.558,738.53,738.62,738.65,738.48,1778528340000,1973
2026-05-11 19:40:00+00:00,149435.845999,738.6233,738.62,738.55,738.74,738.53,1778528400000,1754
2026-05-11 19:41:00+00:00,124751.798336,738.4749,738.555,738.33,738.57,738.33,1778528460000,1607
2026-05-11 19:42:00+00:00,87585.957413,738.2574,738.33,738.34,738.37,738.18,1778528520000,1403
2026-05-11 19:43:00+00:00,73639.355074,738.2792,738.37,738.26,738.37,738.22,1778528580000,1516
2026-05-11 19:44:00+00:00,79223.29643,738.2332,738.27,738.19,738.29,738.18,1778528640000,1356
2026-05-11 19:45:00+00:00,200983.560049,738.3212,738.19,738.39,738.44,738.13,1778528700000,2744
2026-05-11 19:46:00+00:00,126534.488737,738.3904,738.38,738.49,738.52,738.31,1778528760000,1794
2026-05-11 19:47:00+00:00,290665.359605,738.185,738.5,738.5,738.69,738.49,1778528820000,2371
2026-05-11 19:48:00+00:00,124414.595798,738.5109,738.49,738.58,738.59,738.42,1778528880000,2106
2026-05-11 19:49:00+00:00,155750.998411,738.5986,738.57,738.61,738.67,738.53,1778528940000,2501
2026-05-11 19:50:00+00:00,282143.453576,738.726,738.6,738.8,738.83,738.46,1778529000000,3372
2026-05-11 19:51:00+00:00,317424.380394,738.3714,738.79,738.79,738.8875,738.7,1778529060000,2344
2026-05-11 19:52:00+00:00,184500.299811,738.7963,738.79,738.815,738.84,738.73,1778529120000,2996
2026-05-11 19:53:00+00:00,201441.976675,738.7932,738.81,738.72,738.96,738.59,1778529180000,3630
2026-05-11 19:54:00+00:00,271025.156251,738.8783,738.7,738.89,739.01,738.66,1778529240000,4240
2026-05-11 19:55:00+00:00,331378.292796,739.0226,738.89,739.15,739.15,738.84,1778529300000,5117
2026-05-11 19:56:00+00:00,430041.834218,738.5882,739.15,738.85,739.16,738.72,1778529360000,4849
2026-05-11 19:57:00+00:00,185284.215194,738.8728,738.85,738.875,738.95,738.78,1778529420000,3582
2026-05-11 19:58:00+00:00,387098.194555,738.5042,738.88,738.885,738.95,738.82,1778529480000,4086
2026-05-11 19:59:00+00:00,867431.660819,738.8121,738.89,739.26,739.26,738.72,1778529540000,7913
2026-05-11 20:00:00+00:00,146616.273826,739.2723,739.25,739.22,739.36,739.16,1778529600000,463
2026-05-11 20:01:00+00:00,161593.331112,739.0197,739.25,738.97,739.25,738.93,1778529660000,532
2026-05-11 20:02:00+00:00,170330.258776,738.0305,738.98,739.0,739.05,738.88,1778529720000,237
2026-05-11 20:03:00+00:00,12138.911737,739.0167,739.0,739.041,739.08,738.96,1778529780000,88
2026-05-11 20:04:00+00:00,10075.851454,739.0217,739.01,738.99,739.06,738.98,1778529840000,104
2026-05-11 20:05:00+00:00,6852.269337,738.8687,738.96,738.86,738.96,738.81,1778529900000,84
2026-05-11 20:06:00+00:00,325563.809459,739.0738,738.86,738.82,738.89,738.82,1778529960000,111
2026-05-11 20:07:00+00:00,7883.296343,738.7917,738.82,738.79,738.83,738.76,1778530020000,109
2026-05-11 20:08:00+00:00,154237.675076,737.8971,738.82,738.76,738.82,738.76,1778530080000,161
2026-05-11 20:09:00+00:00,1752.268321,738.8128,738.75,738.82,738.84,738.75,1778530140000,55
2026-05-11 20:10:00+00:00,5130.449698,738.8704,738.82,738.9,738.93,738.82,1778530200000,91
2026-05-11 20:11:00+00:00,1038249.297824,738.9913,738.93,738.26,738.97,737.98,1778530260000,1311
2026-05-11 20:12:00+00:00,40052.155293,738.4996,738.3,738.71,738.73,738.22,1778530320000,292
2026-05-11 20:13:00+00:00,106694.783701,738.6987,738.71,738.85,739.06,738.45,1778530380000,716
2026-05-11 20:14:00+00:00,64452.569922,738.9358,738.83,738.87,739.07,738.8001,1778530440000,574
2026-05-11 20:15:00+00:00,72876.772188,738.7599,738.82,738.78,738.84,738.7,1778530500000,306
2026-05-11 20:16:00+00:00,18520.063973,738.7712,738.79,738.84,738.84,738.7,1778530560000,92
2026-05-11 20:17:00+00:00,6572.239717,738.831,738.83,738.85,738.85,738.75,1778530620000,49
2026-05-11 20:18:00+00:00,769.773701,738.8803,738.82,738.81,738.92,738.81,1778530680000,40
2026-05-11 20:19:00+00:00,5794.577453,738.833,738.81,738.821,738.85,738.81,1778530740000,38
2026-05-11 20:20:00+00:00,24723.252905,738.7111,738.85,738.76,738.85,738.63,1778530800000,185
2026-05-11 20:21:00+00:00,3992.009975,738.7307,738.75,738.6201,738.77,738.6201,1778530860000,40
2026-05-11 20:22:00+00:00,5825.619885,738.569,738.6,738.59,738.62,738.53,1778530920000,73
2026-05-11 20:23:00+00:00,10468.712068,738.5801,738.59,738.59,738.61,738.55,1778530980000,120
2026-05-11 20:24:00+00:00,3128.328236,738.6202,738.58,738.6,738.68,738.58,1778531040000,83
2026-05-11 20:25:00+00:00,3707.217012,738.6417,738.63,738.65,738.65,738.59,1778531100000,53
2026-05-11 20:26:00+00:00,13863.143211,738.6025,738.64,738.63,738.69,738.57,1778531160000,161
2026-05-11 20:27:00+00:00,114327.610475,738.7223,738.63,738.85,738.85,738.6,1778531220000,429
2026-05-11 20:28:00+00:00,4059.799967,738.7788,738.81,738.8,738.81,738.75,1778531280000,58
2026-05-11 20:29:00+00:00,4029.252267,738.8227,738.8099,738.8121,738.8581,738.8099,1778531340000,37
2026-05-11 20:30:00+00:00,1541.643337,738.8338,738.85,738.82,738.86,738.805,1778531400000,50
2026-05-11 20:31:00+00:00,648.925356,738.9038,738.8502,738.96,738.96,738.8502,1778531460000,32
2026-05-11 20:32:00+00:00,440.096452,738.9086,738.91,738.9,738.91,738.9,1778531520000,30
2026-05-11 20:33:00+00:00,2582.052357,738.9645,738.95,738.97,739.0,738.95,1778531580000,55
2026-05-11 20:34:00+00:00,2161.048413,738.9988,738.98,739.0,739.04,738.9704,1778531640000,55
2026-05-11 20:35:00+00:00,6954.260804,738.9694,739.0,738.96,739.0,738.93,1778531700000,82
2026-05-11 20:36:00+00:00,8061.642379,738.9479,738.99,738.98,738.99,738.93,1778531760000,41
2026-05-11 20:37:00+00:00,1383.958963,738.9779,738.96,738.9775,739.02,738.96,1778531820000,39
2026-05-11 20:38:00+00:00,472.586581,738.9783,738.98,738.98,738.98,738.98,1778531880000,28
2026-05-11 20:39:00+00:00,299.746659,738.9862,739.0,738.987,739.0,738.987,1778531940000,24
2026-05-11 20:40:00+00:00,840.467918,738.9123,738.94,738.9,738.95,738.9,1778532000000,41
2026-05-11 20:41:00+00:00,437.465842,738.8969,738.89,738.9,738.9,738.89,1778532060000,19
2026-05-11 20:42:00+00:00,358.510043,738.9447,738.95,738.91,738.97,738.91,1778532120000,32
2026-05-11 20:43:00+00:00,2654.29941,738.9502,738.88,738.96,738.96,738.88,1778532180000,25
2026-05-11 20:44:00+00:00,142.889469,738.9338,738.95,738.91,738.95,738.91,1778532240000,24
2026-05-11 20:45:00+00:00,275.643578,738.9609,738.97,738.97,738.97,738.97,1778532300000,17
2026-05-11 20:46:00+00:00,1383.11375,738.879,738.89,738.86,738.89,738.86,1778532360000,29
2026-05-11 20:47:00+00:00,2712.061537,738.8716,738.9,738.85,738.93,738.85,1778532420000,30
2026-05-11 20:48:00+00:00,2382.085053,738.9141,738.89,738.94,738.94,738.88,1778532480000,35
2026-05-11 20:49:00+00:00,1349.298189,738.892,738.9,738.88,738.94,738.86,1778532540000,27
2026-05-11 20:50:00+00:00,603.856761,738.8274,738.86,738.82,738.86,738.81,1778532600000,30
2026-05-11 20:51:00+00:00,2225.072277,738.7492,738.81,738.71,738.81,738.71,1778532660000,50
2026-05-11 20:52:00+00:00,1264.19265,738.7707,738.75,738.81,738.81,738.71,1778532720000,33
2026-05-11 20:53:00+00:00,554.105134,738.8715,738.82,738.9,738.9,738.82,1778532780000,29
2026-05-11 20:54:00+00:00,2061.19361,738.9773,738.95,739.0,739.0,738.95,1778532840000,54
2026-05-11 20:55:00+00:00,589.374397,738.9742,738.98,738.92,739.0135,738.92,1778532900000,28
2026-05-11 20:56:00+00:00,400.314739,738.895,738.91,738.8821,738.91,738.8821,1778532960000,28
2026-05-11 20:57:00+00:00,13504.938633,738.8689,738.89,738.87,738.89,738.85,1778533020000,47
2026-05-11 20:58:00+00:00,283.511135,738.8499,738.85,738.82,738.87,738.82,1778533080000,19
2026-05-11 20:59:00+00:00,658.887427,738.8964,738.87,738.9,738.9,738.87,1778533140000,24
2026-05-11 21:00:00+00:00,547.308897,738.9275,738.9,738.96,738.9943,738.89,1778533200000,32
2026-05-11 21:01:00+00:00,891.274958,738.9096,738.95,738.8875,738.95,738.8875,1778533260000,26
2026-05-11 21:02:00+00:00,158.736,738.9219,738.925,738.8912,738.925,738.8912,1778533320000,16
2026-05-11 21:03:00+00:00,423.735746,738.9132,738.91,738.95,738.95,738.89,1778533380000,20
2026-05-11 21:04:00+00:00,72.243289,738.9105,738.91,738.91,738.91,738.91,1778533440000,15
2026-05-11 21:05:00+00:00,489.47893,738.9031,738.89,738.88,738.89,738.88,1778533500000,21
2026-05-11 21:06:00+00:00,280.092492,738.9087,738.9,738.9,738.9,738.9,1778533560000,21
2026-05-11 21:07:00+00:00,444.232976,738.9351,738.97,738.92,738.9731,738.9,1778533620000,26
2026-05-11 21:08:00+00:00,82.568832,738.95,738.9609,738.9609,738.9609,738.9609,1778533680000,12
2026-05-11 21:09:00+00:00,207.398123,738.9686,739.0,738.94,739.0,738.94,1778533740000,21
2026-05-11 21:10:00+00:00,591.415837,738.9171,739.0,738.88,739.0,738.86,1778533800000,31
2026-05-11 21:11:00+00:00,224.189141,738.9675,738.98,738.98,738.98,738.98,1778533860000,16
2026-05-11 21:12:00+00:00,166.841927,738.9317,738.93,738.93,738.93,738.93,1778533920000,9
2026-05-11 21:14:00+00:00,1012.907081,738.9774,738.97,738.99,738.99,738.97,1778534040000,43
2026-05-11 21:16:00+00:00,474.774248,738.8856,738.88,738.88,738.88,738.88,1778534160000,24
2026-05-11 21:17:00+00:00,917.519662,738.8864,738.88,738.99,738.99,738.85,1778534220000,30
2026-05-11 21:18:00+00:00,2566.379999,738.896,738.88,738.93,738.93,738.83,1778534280000,33
2026-05-11 21:19:00+00:00,155.231487,738.9338,738.86,738.97,738.97,738.86,1778534340000,9
2026-05-11 21:20:00+00:00,432920.302383,739.2987,738.95,739.0,739.0,738.95,1778534400000,21
2026-05-11 21:21:00+00:00,192.671458,738.9621,738.96,738.96,738.96,738.96,1778534460000,21
2026-05-11 21:22:00+00:00,742.66543,738.9547,738.9415,738.9982,738.9982,738.9415,1778534520000,14
2026-05-11 21:24:00+00:00,339.929932,738.9874,738.96,738.9948,738.9948,738.96,1778534640000,16
2026-05-11 21:25:00+00:00,154.493046,738.9902,739.0,738.9947,739.0,738.9947,1778534700000,14
2026-05-11 21:26:00+00:00,106.662788,738.992,739.0,738.998,739.0,738.998,1778534760000,13
2026-05-11 21:27:00+00:00,96.994057,738.9705,738.97,738.97,738.97,738.97,1778534820000,22
2026-05-11 21:28:00+00:00,176.245862,738.9572,738.96,738.96,738.96,738.96,1778534880000,17
2026-05-11 21:29:00+00:00,751.017978,738.9552,738.97,738.95,738.97,738.95,1778534940000,19
2026-05-11 21:30:00+00:00,417.696926,738.9288,738.93,738.9299,738.93,738.9299,1778535000000,22
2026-05-11 21:31:00+00:00,1184.049437,738.9299,738.93,738.93,738.93,738.93,1778535060000,21
2026-05-11 21:33:00+00:00,507.074432,738.9247,738.93,738.93,738.93,738.93,1778535180000,19
2026-05-11 21:34:00+00:00,1780.600105,738.859,738.9105,738.83,738.9105,738.83,1778535240000,25
2026-05-11 21:35:00+00:00,346.788992,738.9211,738.93,738.86,738.97,738.86,1778535300000,22
2026-05-11 21:38:00+00:00,231.309295,738.9072,738.92,738.8811,738.92,738.8811,1778535480000,10
2026-05-11 21:39:00+00:00,210.121194,738.9094,738.91,738.9094,738.91,738.9094,1778535540000,12
2026-05-11 21:40:00+00:00,1135.807445,738.9095,738.91,738.91,738.91,738.9098,1778535600000,16
2026-05-11 21:41:00+00:00,109.733187,738.908,738.91,738.91,738.91,738.91,1778535660000,6
2026-05-11 21:42:00+00:00,78.330206,738.9395,738.96,738.96,738.96,738.96,1778535720000,9
2026-05-11 21:45:00+00:00,49.608827,738.9009,738.9,738.9,738.9,738.9,1778535900000,8
2026-05-11 21:47:00+00:00,55.736829,738.8858,738.8837,738.8837,738.8837,738.8837,1778536020000,5
2026-05-11 21:49:00+00:00,48.273835,738.8835,738.8833,738.8833,738.8833,738.8833,1778536140000,7
2026-05-11 21:53:00+00:00,138.920647,738.92,738.92,738.92,738.92,738.92,1778536380000,10
2026-05-11 21:54:00+00:00,79.498401,738.9007,738.9,738.9,738.9,738.9,1778536440000,17
2026-05-11 21:56:00+00:00,103.992775,738.8985,738.89,738.89,738.89,738.89,1778536560000,18
2026-05-11 21:57:00+00:00,429.947031,738.9548,738.9554,738.9554,738.9554,738.9554,1778536620000,19
2026-05-11 21:59:00+00:00,3643.476706,738.887,738.9,738.87,738.92,738.86,1778536740000,62
2026-05-11 22:00:00+00:00,7100.13749,739.0709,738.91,739.16,739.16,738.91,1778536800000,103
2026-05-11 22:01:00+00:00,15059.234657,739.163,739.0557,739.22,739.22,739.0557,1778536860000,61
2026-05-11 22:02:00+00:00,6854.542366,739.1866,739.25,739.1297,739.25,739.11,1778536920000,76
2026-05-11 22:03:00+00:00,729.498661,739.196,739.2,739.185,739.2,739.185,1778536980000,24
2026-05-11 22:04:00+00:00,5274.522861,739.1846,739.18,739.2,739.2,739.17,1778537040000,55
2026-05-11 22:05:00+00:00,333.178151,739.2529,739.28,739.246,739.28,739.246,1778537100000,19
2026-05-11 22:06:00+00:00,698.823519,739.2487,739.25,739.25,739.25,739.25,1778537160000,20
2026-05-11 22:07:00+00:00,498.148071,739.1616,739.15,739.17,739.17,739.15,1778537220000,26
2026-05-11 22:08:00+00:00,314.157907,739.2329,739.2342,739.23,739.2342,739.23,1778537280000,17
2026-05-11 22:09:00+00:00,15021.028417,739.2406,739.25,739.25,739.25,739.22,1778537340000,13
2026-05-11 22:10:00+00:00,1230.291877,739.2792,739.2775,739.28,739.28,739.267,1778537400000,23
2026-05-11 22:11:00+00:00,292.058009,739.3397,739.3,739.35,739.35,739.3,1778537460000,26
2026-05-11 22:12:00+00:00,993.295146,739.3803,739.38,739.385,739.4,739.3739,1778537520000,23
2026-05-11 22:13:00+00:00,417.03519,739.3748,739.38,739.355,739.4,739.35,1778537580000,15
2026-05-11 22:14:00+00:00,16576.334033,739.4287,739.38,739.45,739.45,739.38,1778537640000,159
2026-05-11 22:16:00+00:00,62.231605,739.4128,739.41,739.41,739.41,739.41,1778537760000,14
2026-05-11 22:17:00+00:00,1330.119151,739.412,739.4196,739.4,739.44,739.4,1778537820000,19
2026-05-11 22:18:00+00:00,889.090518,739.437,739.44,739.44,739.44,739.44,1778537880000,27
2026-05-11 22:19:00+00:00,1420.102279,739.4954,739.47,739.5,739.5,739.46,1778537940000,19
2026-05-11 22:20:00+00:00,2073.053719,739.5613,739.53,739.57,739.57,739.52,1778538000000,18
2026-05-11 22:21:00+00:00,7005.212333,739.5196,739.5407,739.47,739.56,739.47,1778538060000,38
2026-05-11 22:22:00+00:00,57.386577,739.5343,739.54,739.54,739.54,739.54,1778538120000,14
2026-05-11 22:23:00+00:00,91.726961,739.5034,739.5039,739.5039,739.5039,739.5039,1778538180000,18
2026-05-11 22:24:00+00:00,405.564026,739.5,739.5,739.5,739.5,739.5,1778538240000,8
2026-05-11 22:25:00+00:00,259.141985,739.503,739.51,739.5013,739.51,739.5013,1778538300000,6
2026-05-11 22:26:00+00:00,753.369241,739.49,739.5,739.5,739.5,739.48,1778538360000,23
2026-05-11 22:27:00+00:00,1469.54026,739.4995,739.5,739.5,739.5,739.5,1778538420000,20
2026-05-11 22:28:00+00:00,962.286503,739.496,739.4504,739.5,739.5,739.4504,1778538480000,16
2026-05-11 22:29:00+00:00,172.51687,739.4868,739.4995,739.4985,739.4995,739.4701,1778538540000,13
2026-05-11 22:30:00+00:00,5173.945619,739.5,739.49,739.5,739.5,739.49,1778538600000,31
2026-05-11 22:31:00+00:00,77.322501,739.5397,739.54,739.54,739.54,739.54,1778538660000,10
2026-05-11 22:32:00+00:00,2603.657838,739.5853,739.56,739.59,739.59,739.56,1778538720000,34
2026-05-11 22:33:00+00:00,1779.261089,739.6338,739.62,739.64,739.65,739.617,1778538780000,26
2026-05-11 22:34:00+00:00,1998.421074,739.647,739.639,739.66,739.66,739.63,1778538840000,19
2026-05-11 22:35:00+00:00,265.873348,739.6129,739.5845,739.62,739.62,739.5845,1778538900000,17
2026-05-11 22:36:00+00:00,1084.01072,739.6396,739.64,739.64,739.65,739.64,1778538960000,19
2026-05-11 22:37:00+00:00,522.492377,739.6387,739.64,739.64,739.64,739.62,1778539020000,15
2026-05-11 22:38:00+00:00,220.198089,739.6492,739.645,739.65,739.6526,739.645,1778539080000,17
2026-05-11 22:39:00+00:00,312.009022,739.6594,739.66,739.66,739.66,739.66,1778539140000,20
2026-05-11 22:40:00+00:00,539.258546,739.6445,739.64,739.65,739.65,739.64,1778539200000,11
2026-05-11 22:41:00+00:00,125.323841,739.6451,739.65,739.65,739.65,739.65,1778539260000,13
2026-05-11 22:42:00+00:00,147.335953,739.6715,739.68,739.68,739.68,739.68,1778539320000,9
2026-05-11 22:43:00+00:00,265.735245,739.6518,739.64,739.66,739.66,739.64,1778539380000,21
2026-05-11 22:44:00+00:00,286.937859,739.6607,739.66,739.66,739.66,739.66,1778539440000,21
2026-05-11 22:45:00+00:00,738.509037,739.6811,739.67,739.69,739.69,739.67,1778539500000,27
2026-05-11 22:48:00+00:00,183.135193,739.679,739.6628,739.69,739.69,739.6628,1778539680000,7
2026-05-11 22:49:00+00:00,115.484925,739.6647,739.67,739.67,739.67,739.67,1778539740000,18
2026-05-11 22:51:00+00:00,115.333806,739.6192,739.62,739.62,739.62,739.62,1778539860000,16
2026-05-11 22:52:00+00:00,1323.075901,739.5757,739.6,739.57,739.6,739.57,1778539920000,20
2026-05-11 22:53:00+00:00,3869.357554,739.5614,739.56,739.59,739.59,739.56,1778539980000,14
2026-05-11 22:54:00+00:00,881.089563,739.5237,739.55,739.5,739.55,739.5,1778540040000,34
2026-05-11 22:55:00+00:00,113.458752,739.489,739.4788,739.4788,739.4788,739.4788,1778540100000,11
2026-05-11 22:56:00+00:00,144.357356,739.5124,739.49,739.49,739.49,739.49,1778540160000,20
2026-05-11 22:57:00+00:00,472.357714,739.5215,739.52,739.52,739.52,739.52,1778540220000,12
2026-05-11 22:58:00+00:00,431.220474,739.5128,739.54,739.52,739.54,739.48,1778540280000,24
2026-05-11 22:59:00+00:00,291.619257,739.4835,739.48,739.47,739.48,739.47,1778540340000,18
2026-05-11 23:00:00+00:00,141.07817,739.5199,739.52,739.52,739.52,739.52,1778540400000,17
2026-05-11 23:01:00+00:00,202.230115,739.5459,739.57,739.57,739.57,739.57,1778540460000,14
2026-05-11 23:03:00+00:00,5014.246397,739.5216,739.5,739.54,739.54,739.5,1778540580000,28
2026-05-11 23:05:00+00:00,326.694809,739.5183,739.51,739.53,739.53,739.51,1778540700000,19
2026-05-11 23:06:00+00:00,212.074152,739.4905,739.4815,739.51,739.51,739.4815,1778540760000,14
2026-05-11 23:07:00+00:00,239.800013,739.4702,739.46,739.51,739.51,739.46,1778540820000,12
2026-05-11 23:08:00+00:00,1033.936942,739.4555,739.45,739.45,739.45,739.45,1778540880000,22
2026-05-11 23:09:00+00:00,291.541152,739.4518,739.4502,739.45,739.4502,739.45,1778540940000,14
2026-05-11 23:10:00+00:00,292.654862,739.4515,739.45,739.45,739.45,739.45,1778541000000,12
2026-05-11 23:11:00+00:00,973.183145,739.4525,739.48,739.45,739.48,739.45,1778541060000,15
2026-05-11 23:12:00+00:00,169.160386,739.4579,739.47,739.47,739.47,739.47,1778541120000,13
2026-05-11 23:13:00+00:00,528.989611,739.4459,739.449,739.44,739.45,739.44,1778541180000,23
2026-05-11 23:14:00+00:00,153.478666,739.4764,739.48,739.48,739.48,739.48,1778541240000,12
2026-05-11 23:15:00+00:00,1778.401227,739.4404,739.44,739.44,739.4487,739.44,1778541300000,15
2026-05-11 23:16:00+00:00,541.088001,739.4007,739.4001,739.4001,739.4001,739.4001,1778541360000,14
2026-05-11 23:17:00+00:00,1175.721489,739.4015,739.41,739.35,739.42,739.35,1778541420000,37
2026-05-11 23:18:00+00:00,2013.275261,739.3048,739.32,739.34,739.34,739.29,1778541480000,42
2026-05-11 23:20:00+00:00,222.337774,739.3109,739.311,739.311,739.311,739.311,1778541600000,6
2026-05-11 23:21:00+00:00,151.301254,739.4015,739.4,739.43,739.43,739.4,1778541660000,21
2026-05-11 23:23:00+00:00,331.064416,739.4981,739.51,739.5099,739.51,739.5099,1778541780000,16
2026-05-11 23:24:00+00:00,621.58308,739.507,739.5496,739.5,739.5496,739.48,1778541840000,12
2026-05-11 23:25:00+00:00,113.212978,739.4803,739.48,739.48,739.48,739.48,1778541900000,14
2026-05-11 23:26:00+00:00,1025.615306,739.4804,739.48,739.48,739.48,739.48,1778541960000,13
2026-05-11 23:27:00+00:00,530.74985,739.4802,739.48,739.48,739.48,739.48,1778542020000,14
2026-05-11 23:28:00+00:00,728.758017,739.4609,739.4607,739.46,739.4607,739.46,1778542080000,16
2026-05-11 23:29:00+00:00,197.058403,739.536,739.54,739.5388,739.54,739.5388,1778542140000,10
2026-05-11 23:31:00+00:00,134.6628,739.5003,739.48,739.51,739.51,739.48,1778542260000,15
2026-05-11 23:33:00+00:00,104.93445,739.5378,739.54,739.54,739.54,739.54,1778542380000,10
2026-05-11 23:34:00+00:00,79.015112,739.5022,739.49,739.49,739.49,739.49,1778542440000,9
2026-05-11 23:35:00+00:00,183.099828,739.4408,739.43,739.43,739.43,739.43,1778542500000,20
2026-05-11 23:37:00+00:00,347.810033,739.4085,739.41,739.41,739.41,739.41,1778542620000,21
2026-05-11 23:38:00+00:00,335.364817,739.4807,739.49,739.49,739.49,739.49,1778542680000,18
2026-05-11 23:39:00+00:00,268.59937,739.4332,739.43,739.43,739.43,739.43,1778542740000,14
2026-05-11 23:40:00+00:00,141.522625,739.4307,739.43,739.43,739.43,739.43,1778542800000,10
2026-05-11 23:41:00+00:00,278.185884,739.4692,739.44,739.52,739.52,739.44,1778542860000,20
2026-05-11 23:42:00+00:00,127.39051,739.4566,739.45,739.4524,739.4524,739.45,1778542920000,7
2026-05-11 23:46:00+00:00,729.804195,739.3133,739.36,739.28,739.36,739.28,1778543160000,32
2026-05-11 23:49:00+00:00,150.034968,739.3883,739.43,739.34,739.43,739.34,1778543340000,7
2026-05-11 23:50:00+00:00,925.131267,739.3098,739.375,739.3,739.375,739.29,1778543400000,28
2026-05-11 23:51:00+00:00,645.488297,739.2798,739.27,739.2888,739.2888,739.26,1778543460000,21
2026-05-11 23:52:00+00:00,499.492781,739.2775,739.268,739.29,739.29,739.268,1778543520000,18
2026-05-11 23:53:00+00:00,3178.194228,739.2395,739.29,739.21,739.29,739.2,1778543580000,41
2026-05-11 23:54:00+00:00,620.874465,739.1991,739.2,739.2,739.2,739.2,1778543640000,25
2026-05-11 23:55:00+00:00,844.02,739.2147,739.22,739.22,739.22,739.22,1778543700000,10
2026-05-11 23:56:00+00:00,1812.124336,739.1895,739.2,739.2,739.2,739.1513,1778543760000,33
2026-05-11 23:57:00+00:00,2847.137773,739.1325,739.22,739.12,739.22,739.1,1778543820000,40
2026-05-11 23:58:00+00:00,359.726832,739.1649,739.1622,739.1622,739.1622,739.1622,1778543880000,24
2026-05-11 23:59:00+00:00,3011.425284,739.2635,739.3,739.28,739.3,739.25,1778543940000,39
2026-05-12 08:00:00+00:00,4132.527636,737.2712,737.61,737.12,737.61,737.04,1778572800000,1030
2026-05-12 08:01:00+00:00,16838.11665,737.1574,737.1,736.9,737.84,735.9,1778572860000,290
2026-05-12 08:02:00+00:00,757.011992,736.9701,736.95,736.98,736.98,736.95,1778572920000,38
2026-05-12 08:03:00+00:00,5331.792686,737.7915,736.82,737.93,738.22,736.71,1778572980000,284
2026-05-12 08:04:00+00:00,58682.040071,736.7596,736.76,736.72,737.9,735.77,1778573040000,1475
2026-05-12 08:05:00+00:00,100.197052,736.6586,736.65,736.65,736.65,736.65,1778573100000,21
2026-05-12 08:06:00+00:00,1046.707552,736.5976,736.62,736.58,736.62,736.58,1778573160000,38
2026-05-12 08:07:00+00:00,1927.006012,736.6379,736.6,736.69,736.69,736.6,1778573220000,39
2026-05-12 08:08:00+00:00,6139.031357,736.6291,736.63,736.6,737.76,736.38,1778573280000,116
2026-05-12 08:09:00+00:00,5699.986309,736.5551,736.501,736.665,737.2,736.5,1778573340000,87
2026-05-12 08:10:00+00:00,269.213966,736.5624,736.5,736.5,736.5,736.5,1778573400000,30
2026-05-12 08:11:00+00:00,634.127947,736.4678,736.44,736.49,736.49,736.42,1778573460000,36
2026-05-12 08:12:00+00:00,775.093061,736.3519,736.3923,736.34,736.3923,736.33,1778573520000,35
2026-05-12 08:13:00+00:00,430.009966,736.3896,736.4,736.38,736.4,736.36,1778573580000,15
2026-05-12 08:14:00+00:00,9739.291789,736.2997,736.36,736.3,736.36,736.29,1778573640000,88
2026-05-12 08:15:00+00:00,1004.006353,736.1658,736.21,736.15,736.21,736.1,1778573700000,46
2026-05-12 08:16:00+00:00,1817.037175,736.3165,736.16,736.43,736.46,736.14,1778573760000,50
2026-05-12 08:17:00+00:00,605.027461,736.4165,736.53,736.4,736.53,736.4,1778573820000,33
2026-05-12 08:18:00+00:00,566.011906,736.4584,736.33,736.5,736.5,736.33,1778573880000,19
2026-05-12 08:19:00+00:00,108.103356,736.4215,736.42,736.42,736.42,736.42,1778573940000,11
2026-05-12 08:20:00+00:00,313.577388,736.4785,736.43,736.49,736.5,736.43,1778574000000,21
2026-05-12 08:21:00+00:00,197.360836,736.5209,736.55,736.52,736.55,736.52,1778574060000,18
2026-05-12 08:22:00+00:00,5076.426694,736.5121,736.57,736.51,736.57,736.51,1778574120000,44
2026-05-12 08:23:00+00:00,113.067044,736.5287,736.5,736.5,736.5,736.5,1778574180000,11
2026-05-12 08:24:00+00:00,4473.021746,736.598,736.61,736.48,736.61,736.48,1778574240000,60
2026-05-12 08:25:00+00:00,271.02031,736.3398,736.3,736.39,736.39,736.3,1778574300000,22
2026-05-12 08:26:00+00:00,6541.799711,736.4842,736.34,736.45,736.8,736.34,1778574360000,92
2026-05-12 08:27:00+00:00,281.007004,736.4423,736.47,736.47,736.47,736.47,1778574420000,22
2026-05-12 08:28:00+00:00,560.013576,736.4478,736.39,736.49,736.49,736.39,1778574480000,30
2026-05-12 08:29:00+00:00,211.006094,736.5664,736.55,736.59,736.59,736.55,1778574540000,15
2026-05-12 08:30:00+00:00,1836.023943,736.5768,736.54,736.51,736.61,736.5,1778574600000,36
2026-05-12 08:31:00+00:00,207.248023,736.5372,736.52,736.56,736.56,736.52,1778574660000,12
2026-05-12 08:32:00+00:00,372.268048,736.5805,736.59,736.56,736.602,736.55,1778574720000,14
2026-05-12 08:33:00+00:00,336.746585,736.5029,736.55,736.4,736.55,736.4,1778574780000,30
2026-05-12 08:34:00+00:00,225.043875,736.3796,736.36,736.4,736.4,736.35,1778574840000,17
2026-05-12 08:35:00+00:00,253.01369,736.4622,736.46,736.47,736.47,736.45,1778574900000,16
2026-05-12 08:37:00+00:00,128.859216,736.3772,736.38,736.38,736.38,736.38,1778575020000,13
2026-05-12 08:38:00+00:00,176.01595,736.4648,736.46,736.46,736.46,736.46,1778575080000,15
2026-05-12 08:39:00+00:00,201.005986,736.5248,736.53,736.52,736.53,736.52,1778575140000,6
2026-05-12 08:40:00+00:00,3319.173002,736.3524,736.53,736.35,736.55,736.34,1778575200000,42
2026-05-12 08:41:00+00:00,2339.065844,736.3282,736.35,736.2,736.37,736.2,1778575260000,43
2026-05-12 08:42:00+00:00,73.27245,736.2145,736.2,736.2,736.2,736.2,1778575320000,14
2026-05-12 08:43:00+00:00,169.010035,736.2201,736.22,736.22,736.22,736.22,1778575380000,10
2026-05-12 08:45:00+00:00,182.923304,736.2473,736.2,736.39,736.39,736.2,1778575500000,32
2026-05-12 08:47:00+00:00,383.0,736.1064,736.14,736.1,736.14,736.1,1778575620000,11
2026-05-12 08:48:00+00:00,315.591379,736.2007,736.13,736.24,736.24,736.13,1778575680000,18
2026-05-12 08:49:00+00:00,290.318747,736.1473,736.1571,736.12,736.17,736.12,1778575740000,18
2026-05-12 08:50:00+00:00,308.456002,736.1646,736.178,736.14,736.178,736.14,1778575800000,9
2026-05-12 08:51:00+00:00,410.101983,736.1761,736.15,736.19,736.19,736.15,1778575860000,13
2026-05-12 08:52:00+00:00,210.009872,736.2368,736.25,736.26,736.26,736.25,1778575920000,11
2026-05-12 08:53:00+00:00,94.003992,736.3229,736.3285,736.3285,736.3285,736.3285,1778575980000,8
2026-05-12 08:54:00+00:00,146.008597,736.2681,736.26,736.26,736.26,736.26,1778576040000,10
2026-05-12 08:57:00+00:00,567.430781,736.3658,736.35,736.37,736.37,736.35,1778576220000,14
2026-05-12 08:58:00+00:00,4799.054059,736.362,736.37,736.4,736.4,736.36,1778576280000,46
2026-05-12 08:59:00+00:00,261.004018,736.4754,736.49,736.47,736.4914,736.46,1778576340000,8
2026-05-12 09:00:00+00:00,140.032886,736.4379,736.44,736.44,736.44,736.44,1778576400000,15
2026-05-12 09:02:00+00:00,404.013955,736.4656,736.39,736.4826,736.515,736.39,1778576520000,19
2026-05-12 09:03:00+00:00,1451.021823,736.6055,736.56,736.53,736.61,736.53,1778576580000,25
2026-05-12 09:04:00+00:00,134.011958,736.5182,736.51,736.51,736.51,736.51,1778576640000,63
2026-05-12 09:05:00+00:00,6415.217504,736.2603,736.25,736.26,736.26,736.23,1778576700000,111
2026-05-12 09:06:00+00:00,496.323179,736.0673,736.1,736.03,736.11,736.03,1778576760000,44
2026-05-12 09:07:00+00:00,246.689853,736.0373,736.0469,736.01,736.0469,736.01,1778576820000,18
2026-05-12 09:08:00+00:00,304.89585,736.0581,736.04,736.08,736.08,736.04,1778576880000,17
2026-05-12 09:09:00+00:00,1038.850729,735.97,736.01,735.98,736.01,735.88,1778576940000,86
2026-05-12 09:10:00+00:00,379.239168,736.0534,736.1,736.02,736.1,736.02,1778577000000,26
2026-05-12 09:11:00+00:00,374.70963,736.2526,736.2,736.29,736.29,736.2,1778577060000,22
2026-05-12 09:12:00+00:00,111.009804,736.2688,736.26,736.26,736.26,736.26,1778577120000,15
2026-05-12 09:14:00+00:00,156.017378,736.3931,736.42,736.38,736.42,736.38,1778577240000,19
2026-05-12 09:16:00+00:00,826.458841,736.2933,736.31,736.21,736.31,736.21,1778577360000,23
2026-05-12 09:18:00+00:00,67.003081,736.33,736.33,736.33,736.33,736.33,1778577480000,3
2026-05-12 09:19:00+00:00,551.010699,736.273,736.25,736.29,736.29,736.25,1778577540000,31
2026-05-12 09:20:00+00:00,99.167863,736.2658,736.27,736.275,736.275,736.27,1778577600000,15
2026-05-12 09:21:00+00:00,430.008052,736.2999,736.32,736.32,736.32,736.32,1778577660000,16
2026-05-12 09:23:00+00:00,94.006041,736.3468,736.34,736.34,736.34,736.34,1778577780000,10
2026-05-12 09:25:00+00:00,378.012136,736.5405,736.55,736.55,736.55,736.55,1778577900000,20
2026-05-12 09:27:00+00:00,51.009976,736.6071,736.61,736.61,736.61,736.61,1778578020000,12
2026-05-12 09:28:00+00:00,1230.016449,736.6093,736.59,736.62,736.63,736.58,1778578080000,36
2026-05-12 09:29:00+00:00,162.046022,736.5449,736.55,736.55,736.55,736.55,1778578140000,17
2026-05-12 09:30:00+00:00,1647.095964,736.8893,736.53,736.96,737.03,736.53,1778578200000,95
2026-05-12 09:32:00+00:00,212.015862,736.7825,736.79,736.78,736.79,736.78,1778578320000,15
2026-05-12 09:33:00+00:00,578.042251,736.7405,736.73,736.78,736.78,736.67,1778578380000,37
2026-05-12 09:34:00+00:00,58.100716,736.9182,736.91,736.91,736.91,736.91,1778578440000,35
2026-05-12 09:35:00+00:00,413.011417,736.8258,736.86,736.82,736.86,736.81,1778578500000,20
2026-05-12 09:36:00+00:00,250.59781,736.8788,736.9,736.7996,736.9,736.7996,1778578560000,18
2026-05-12 09:38:00+00:00,182.008046,736.789,736.8099,736.77,736.8099,736.77,1778578680000,12
2026-05-12 09:39:00+00:00,102.057832,736.7165,736.71,736.71,736.71,736.71,1778578740000,19
2026-05-12 09:42:00+00:00,803.092957,736.652,736.67,736.65,736.67,736.65,1778578920000,30
2026-05-12 09:43:00+00:00,108.063622,736.6156,736.6,736.6,736.6,736.6,1778578980000,18
2026-05-12 09:44:00+00:00,385.167915,736.6308,736.71,736.61,736.71,736.61,1778579040000,20
2026-05-12 09:45:00+00:00,1463.019167,736.6696,736.66,736.67,736.67,736.66,1778579100000,21
2026-05-12 09:46:00+00:00,1004.018038,736.6894,736.68,736.69,736.69,736.68,1778579160000,10
2026-05-12 09:48:00+00:00,263.020031,736.6302,736.59,736.63,736.63,736.59,1778579280000,24
2026-05-12 09:50:00+00:00,1488.01581,736.7278,736.78,736.66,736.79,736.64,1778579400000,33
2026-05-12 09:52:00+00:00,151.010042,736.7891,736.79,736.79,736.79,736.79,1778579520000,14
2026-05-12 09:53:00+00:00,546.180154,736.6664,736.68,736.63,736.68,736.63,1778579580000,37
2026-05-12 09:54:00+00:00,208.02873,736.4929,736.52,736.46,736.52,736.46,1778579640000,17
2026-05-12 09:56:00+00:00,72.084486,736.6184,736.62,736.62,736.62,736.62,1778579760000,9
2026-05-12 09:57:00+00:00,258.191565,736.5777,736.59,736.59,736.59,736.59,1778579820000,13
2026-05-12 10:00:00+00:00,1492.00802,736.702,736.71,736.7,736.71,736.7,1778580000000,45
2026-05-12 10:01:00+00:00,217.005971,736.7768,736.76,736.79,736.79,736.76,1778580060000,10
2026-05-12 10:02:00+00:00,57.006079,736.8088,736.81,736.81,736.81,736.81,1778580120000,8
2026-05-12 10:03:00+00:00,515.008968,736.8509,736.89,736.84,736.89,736.84,1778580180000,18
2026-05-12 10:04:00+00:00,107.021808,736.892,736.9,736.89,736.9,736.89,1778580240000,10
2026-05-12 10:05:00+00:00,361.015605,736.8236,736.83,736.82,736.83,736.82,1778580300000,8
2026-05-12 10:06:00+00:00,677.008007,736.7898,736.82,736.76,736.82,736.72,1778580360000,30
2026-05-12 10:07:00+00:00,191.015915,736.838,736.87,736.87,736.87,736.87,1778580420000,17
2026-05-12 10:08:00+00:00,257.005982,736.8546,736.85,736.85,736.86,736.85,1778580480000,13
2026-05-12 10:09:00+00:00,325.003418,736.8723,736.89,736.86,736.89,736.86,1778580540000,10
2026-05-12 10:10:00+00:00,2086.186957,736.9438,736.9,736.98,737.01,736.9,1778580600000,43
2026-05-12 10:11:00+00:00,3153.027904,737.0861,737.06,737.03,737.13,737.03,1778580660000,41
2026-05-12 10:12:00+00:00,372.102007,737.0787,737.04,737.08,737.1,737.04,1778580720000,12
2026-05-12 10:15:00+00:00,303.007976,737.0193,737.02,737.02,737.02,737.02,1778580900000,7
2026-05-12 10:16:00+00:00,180.010045,736.9315,736.95,736.9,736.96,736.9,1778580960000,14
2026-05-12 10:17:00+00:00,389.045601,736.754,736.84,736.71,736.84,736.7,1778581020000,23
2026-05-12 10:18:00+00:00,362.015918,736.7618,736.78,736.79,736.79,736.78,1778581080000,15
2026-05-12 10:19:00+00:00,207.008927,736.6992,736.69,736.69,736.69,736.69,1778581140000,10
2026-05-12 10:20:00+00:00,291.00403,736.7594,736.76,736.76,736.76,736.76,1778581200000,8
2026-05-12 10:22:00+00:00,258.029124,736.6674,736.6,736.69,736.69,736.6,1778581320000,24
2026-05-12 10:23:00+00:00,117.001981,736.6421,736.64,736.66,736.66,736.64,1778581380000,7
2026-05-12 10:24:00+00:00,5059.005999,736.6011,736.6,736.66,736.66,736.6,1778581440000,28
2026-05-12 10:25:00+00:00,538.701708,736.6415,736.68,736.63,736.68,736.63,1778581500000,12
2026-05-12 10:26:00+00:00,170.002036,736.6349,736.63,736.66,736.66,736.62,1778581560000,11
2026-05-12 10:27:00+00:00,674.098155,736.5929,736.62,736.59,736.62,736.59,1778581620000,10
2026-05-12 10:28:00+00:00,162.145652,736.6196,736.61,736.61,736.61,736.61,1778581680000,15
2026-05-12 10:30:00+00:00,141.018131,736.716,736.76,736.76,736.76,736.76,1778581800000,19
2026-05-12 10:31:00+00:00,1075.0,736.6277,736.63,736.62,736.63,736.62,1778581860000,14
2026-05-12 10:32:00+00:00,173.449437,736.5779,736.59,736.5957,736.5957,736.545,1778581920000,17
2026-05-12 10:33:00+00:00,286.007981,736.592,736.55,736.6,736.62,736.55,1778581980000,10
2026-05-12 10:34:00+00:00,1046.01549,736.5757,736.58,736.53,736.58,736.53,1778582040000,25
2026-05-12 10:35:00+00:00,593.001995,736.5629,736.58,736.55,736.58,736.55,1778582100000,13
2026-05-12 10:36:00+00:00,392.015689,736.5725,736.53,736.57,736.57,736.49,1778582160000,26
2026-05-12 10:37:00+00:00,5235.017384,736.714,736.73,736.7,736.75,736.68,1778582220000,64
2026-05-12 10:39:00+00:00,1031.827025,736.541,736.55,736.53,736.55,736.53,1778582340000,42
2026-05-12 10:40:00+00:00,456.110615,736.5144,736.52,736.51,736.52,736.51,1778582400000,27
2026-05-12 10:41:00+00:00,583.005999,736.5256,736.5,736.53,736.53,736.5,1778582460000,12
2026-05-12 10:42:00+00:00,557.028423,736.4244,736.45,736.4,736.45,736.4,1778582520000,27
2026-05-12 10:43:00+00:00,98.057567,736.3351,736.31,736.31,736.31,736.31,1778582580000,24
2026-05-12 10:44:00+00:00,661.773172,736.4986,736.43,736.5,736.51,736.43,1778582640000,23
2026-05-12 10:45:00+00:00,1245.026269,736.3992,736.45,736.38,736.46,736.36,1778582700000,36
2026-05-12 10:46:00+00:00,88.001928,736.35,736.35,736.35,736.35,736.35,1778582760000,5
2026-05-12 10:47:00+00:00,262.058485,736.3295,736.32,736.32,736.32,736.32,1778582820000,17
2026-05-12 10:48:00+00:00,161.439124,736.2917,736.35,736.22,736.35,736.22,1778582880000,20
2026-05-12 10:49:00+00:00,689.445448,736.2538,736.22,736.3,736.3,736.2,1778582940000,28
2026-05-12 10:50:00+00:00,837.092959,736.4426,736.38,736.4782,736.4782,736.38,1778583000000,28
2026-05-12 10:51:00+00:00,370.07272,736.3681,736.37,736.37,736.37,736.37,1778583060000,13
2026-05-12 10:52:00+00:00,230.060043,736.3948,736.38,736.42,736.42,736.38,1778583120000,16
2026-05-12 10:53:00+00:00,117.015589,736.3713,736.38,736.38,736.38,736.38,1778583180000,10
2026-05-12 10:54:00+00:00,229.275845,736.3447,736.33,736.36,736.36,736.33,1778583240000,21
2026-05-12 10:55:00+00:00,401.05299,736.3907,736.38,736.4,736.42,736.38,1778583300000,16
2026-05-12 10:56:00+00:00,1625.01211,736.4981,736.48,736.5,736.5,736.48,1778583360000,21
2026-05-12 10:57:00+00:00,414.019612,736.5984,736.6,736.57,736.64,736.57,1778583420000,40
2026-05-12 10:58:00+00:00,1725.001995,736.5746,736.57,736.57,736.58,736.57,1778583480000,25
2026-05-12 10:59:00+00:00,239.171203,736.6672,736.66,736.68,736.68,736.66,1778583540000,17
2026-05-12 11:00:00+00:00,6964.368792,736.7394,736.68,736.67,736.86,736.67,1778583600000,159
2026-05-12 11:01:00+00:00,5975.526801,736.4401,736.6,736.36,736.63,736.36,1778583660000,114
2026-05-12 11:02:00+00:00,8120.559704,736.271,736.3095,736.25,736.36,736.25,1778583720000,99
2026-05-12 11:03:00+00:00,841.168869,736.245,736.28,736.28,736.3,736.19,1778583780000,50
2026-05-12 11:04:00+00:00,573.229482,736.225,736.28,736.17,736.28,736.15,1778583840000,51
2026-05-12 11:05:00+00:00,11560.312217,735.9712,736.1,735.81,736.1554,735.76,1778583900000,308
2026-05-12 11:06:00+00:00,2845.07905,735.8513,735.88,735.86,735.93,735.8,1778583960000,60
2026-05-12 11:07:00+00:00,9525.4089,736.0454,735.96,736.1,736.151,735.96,1778584020000,86
2026-05-12 11:08:00+00:00,3553.5572,736.1282,736.1,736.2,736.2,735.98,1778584080000,82
2026-05-12 11:09:00+00:00,5963.028842,736.2106,736.16,736.26,736.29,736.16,1778584140000,93
2026-05-12 11:10:00+00:00,19310.301602,736.6262,736.36,736.3,736.9,736.3,1778584200000,397
2026-05-12 11:11:00+00:00,1478.263723,736.1656,736.23,736.06,736.2622,736.03,1778584260000,45
2026-05-12 11:12:00+00:00,1129.101718,736.0846,736.09,736.08,736.1,736.08,1778584320000,56
2026-05-12 11:13:00+00:00,552.158922,735.9896,736.0199,735.97,736.0199,735.96,1778584380000,30
2026-05-12 11:14:00+00:00,554.815792,736.0193,735.98,736.0486,736.07,735.969,1778584440000,31
2026-05-12 11:15:00+00:00,1154.127171,736.0488,736.06,736.0,736.08,735.98,1778584500000,41
2026-05-12 11:16:00+00:00,186.442989,735.9528,735.91,735.91,735.91,735.91,1778584560000,21
2026-05-12 11:17:00+00:00,5141.333397,735.9828,735.96,735.9,736.02,735.9,1778584620000,88
2026-05-12 11:18:00+00:00,2670.638643,735.911,735.92,735.92,735.94,735.87,1778584680000,49
2026-05-12 11:19:00+00:00,5455.434686,735.998,735.88,736.0,736.02,735.88,1778584740000,52
2026-05-12 11:20:00+00:00,1040.656377,735.9445,735.9,736.02,736.02,735.88,1778584800000,39
2026-05-12 11:21:00+00:00,3263.476132,735.9744,736.0222,736.01,736.0222,735.94,1778584860000,43
2026-05-12 11:22:00+00:00,9401.676925,735.9248,735.89,736.0498,736.06,735.89,1778584920000,97
2026-05-12 11:23:00+00:00,21427.564283,735.9927,736.0,735.96,736.0,735.96,1778584980000,68
2026-05-12 11:24:00+00:00,5037.372895,735.9801,735.98,735.98,735.98,735.98,1778585040000,22
2026-05-12 11:25:00+00:00,1323.186328,736.0252,736.03,736.05,736.05,736.0,1778585100000,43
2026-05-12 11:26:00+00:00,1337.291158,736.1133,736.06,736.1,736.18,736.06,1778585160000,37
2026-05-12 11:27:00+00:00,402.619059,736.0867,736.05,736.0985,736.1,736.05,1778585220000,19
2026-05-12 11:28:00+00:00,216.228023,736.0338,736.03,736.03,736.03,736.03,1778585280000,20
2026-05-12 11:29:00+00:00,1636.78359,736.0499,736.07,736.02,736.07,736.0,1778585340000,48
2026-05-12 11:30:00+00:00,3082.669601,736.2588,736.18,736.22,736.27,736.18,1778585400000,56
2026-05-12 11:31:00+00:00,262.317934,736.1781,736.15,736.18,736.18,736.15,1778585460000,34
2026-05-12 11:32:00+00:00,3006.117334,736.2185,736.219,736.17,736.23,736.17,1778585520000,38
2026-05-12 11:33:00+00:00,1592.118233,736.1726,736.18,736.22,736.22,736.12,1778585580000,56
2026-05-12 11:34:00+00:00,358.140393,736.2081,736.2,736.23,736.23,736.2,1778585640000,26
2026-05-12 11:35:00+00:00,596.554488,736.6113,736.28,736.19,736.28,736.14,1778585700000,284
2026-05-12 11:37:00+00:00,2330.717488,736.2648,736.29,736.22,736.2932,736.22,1778585820000,62
2026-05-12 11:38:00+00:00,1245.874443,736.2533,736.25,736.31,736.31,736.19,1778585880000,76
2026-05-12 11:39:00+00:00,12902.144918,736.5106,736.44,736.64,736.64,736.44,1778585940000,189
2026-05-12 11:40:00+00:00,2503.410644,736.6476,736.6299,736.56,736.72,736.53,1778586000000,60
2026-05-12 11:41:00+00:00,1229.87678,736.5824,736.57,736.5922,736.6,736.56,1778586060000,54
2026-05-12 11:42:00+00:00,826.558234,736.5609,736.57,736.52,736.6,736.52,1778586120000,55
2026-05-12 11:43:00+00:00,659.978042,736.5048,736.5,736.52,736.55,736.45,1778586180000,30
2026-05-12 11:44:00+00:00,598.229971,736.5281,736.5601,736.47,736.5601,736.47,1778586240000,30
2026-05-12 11:45:00+00:00,3728.619885,736.53,736.4308,736.58,736.62,736.4308,1778586300000,94
2026-05-12 11:46:00+00:00,710.366645,736.5669,736.5984,736.54,736.5984,736.53,1778586360000,29
2026-05-12 11:47:00+00:00,850.530473,736.5396,736.5564,736.52,736.5997,736.5,1778586420000,35
2026-05-12 11:48:00+00:00,5884.228905,736.5404,736.52,736.6,736.61,736.4638,1778586480000,107
2026-05-12 11:49:00+00:00,1679.101055,736.5495,736.62,736.52,736.62,736.52,1778586540000,40
2026-05-12 11:50:00+00:00,973.097204,736.4914,736.53,736.47,736.53,736.46,1778586600000,47
2026-05-12 11:51:00+00:00,587.863512,736.4809,736.47,736.4617,736.55,736.4617,1778586660000,30
2026-05-12 11:52:00+00:00,1468.807829,736.4548,736.51,736.47,736.51,736.41,1778586720000,46
2026-05-12 11:53:00+00:00,1315.613193,736.3907,736.449,736.44,736.46,736.31,1778586780000,60
2026-05-12 11:54:00+00:00,1688.68127,736.4181,736.46,736.41,736.4731,736.4,1778586840000,47
2026-05-12 11:55:00+00:00,12824.564626,736.4909,736.43,736.5,736.5,736.43,1778586900000,101
2026-05-12 11:56:00+00:00,1545.747225,736.4858,736.49,736.49,736.49,736.4552,1778586960000,45
2026-05-12 11:57:00+00:00,1399.102364,736.4762,736.48,736.49,736.5095,736.4452,1778587020000,31
2026-05-12 11:58:00+00:00,1739.867549,736.4422,736.53,736.38,736.54,736.38,1778587080000,43
2026-05-12 11:59:00+00:00,4038.256127,736.3772,736.39,736.35,736.39,736.3,1778587140000,34
2026-05-12 12:00:00+00:00,6431.298589,736.3231,736.35,736.28,736.35,736.28,1778587200000,70
2026-05-12 12:01:00+00:00,2778.535364,736.2792,736.28,736.2,736.31,736.2,1778587260000,70
2026-05-12 12:02:00+00:00,4651.358434,736.1957,736.2,736.18,736.23,736.14,1778587320000,71
2026-05-12 12:03:00+00:00,1514.615622,736.0938,736.07,736.1,736.113,736.07,1778587380000,55
2026-05-12 12:04:00+00:00,7273.052463,736.006,736.07,735.88,736.07,735.88,1778587440000,129
2026-05-12 12:05:00+00:00,1610.595609,735.9544,735.87,735.93,735.99,735.87,1778587500000,55
2026-05-12 12:06:00+00:00,8396.784021,735.8675,735.94,735.88,735.94,735.8,1778587560000,169
2026-05-12 12:07:00+00:00,3131.483146,735.8401,735.83,735.79,735.88,735.79,1778587620000,66
2026-05-12 12:08:00+00:00,5280.045815,735.7514,735.75,735.8,735.82,735.73,1778587680000,89
2026-05-12 12:09:00+00:00,2859.782313,735.8735,735.8752,735.871,735.9,735.85,1778587740000,66
2026-05-12 12:10:00+00:00,3003.804576,735.9442,735.8706,736.01,736.02,735.8706,1778587800000,58
2026-05-12 12:11:00+00:00,37722.130219,736.0437,736.07,736.05,736.07,735.98,1778587860000,236
2026-05-12 12:12:00+00:00,20692.941341,736.0597,736.05,736.08,736.1,736.03,1778587920000,140
2026-05-12 12:13:00+00:00,16394.010419,736.057,736.05,736.1603,736.17,736.04,1778587980000,219
2026-05-12 12:14:00+00:00,6611.174932,736.229,736.189,736.25,736.27,736.12,1778588040000,106
2026-05-12 12:15:00+00:00,2437.862588,736.1517,736.22,736.19,736.22,736.11,1778588100000,61
2026-05-12 12:16:00+00:00,873.301953,736.1974,736.17,736.23,736.23,736.16,1778588160000,47
2026-05-12 12:17:00+00:00,10107.783987,736.2159,736.25,736.21,736.25,736.19,1778588220000,79
2026-05-12 12:18:00+00:00,2026.877873,736.1781,736.21,736.12,736.22,736.12,1778588280000,49
2026-05-12 12:19:00+00:00,1177.478701,736.1802,736.1986,736.16,736.1986,736.16,1778588340000,33
2026-05-12 12:20:00+00:00,301.497724,736.4679,736.15,736.12,736.15,736.12,1778588400000,31
2026-05-12 12:21:00+00:00,2935.074549,736.1047,736.15,736.1407,736.17,736.05,1778588460000,71
2026-05-12 12:22:00+00:00,1020.786863,736.1044,736.16,736.07,736.16,736.06,1778588520000,48
2026-05-12 12:23:00+00:00,13230.488942,735.9127,736.01,735.82,736.01,735.82,1778588580000,124
2026-05-12 12:24:00+00:00,1442.263103,735.7346,735.83,735.92,735.93,735.77,1778588640000,42
2026-05-12 12:25:00+00:00,2200.119833,735.906,735.88,736.0,736.0,735.8321,1778588700000,68
2026-05-12 12:26:00+00:00,4555.393468,736.0025,736.05,735.95,736.05,735.95,1778588760000,77
2026-05-12 12:27:00+00:00,1954.184051,735.9124,736.02,735.92,736.03,735.84,1778588820000,62
2026-05-12 12:28:00+00:00,6918.183009,735.9663,735.94,735.99,736.04,735.8895,1778588880000,107
2026-05-12 12:29:00+00:00,3264.098224,736.0226,736.07,736.15,736.15,735.96,1778588940000,80
2026-05-12 12:30:00+00:00,44728.455229,735.8913,736.29,735.96,736.9,735.58,1778589000000,622
2026-05-12 12:31:00+00:00,34205.11595,735.6336,735.9908,735.5,736.07,735.44,1778589060000,270
2026-05-12 12:32:00+00:00,11894.881,735.536,735.44,735.8,735.85,735.38,1778589120000,223
2026-05-12 12:33:00+00:00,32228.701877,735.9104,735.81,735.86,736.1,735.77,1778589180000,380
2026-05-12 12:34:00+00:00,25826.101061,736.1429,735.86,736.3,736.44,735.79,1778589240000,341
2026-05-12 12:35:00+00:00,9373.452907,736.3655,736.4387,736.44,736.47,736.3,1778589300000,175
2026-05-12 12:36:00+00:00,6626.336802,736.4953,736.39,736.5,736.59,736.38,1778589360000,128
2026-05-12 12:37:00+00:00,9587.771238,736.7144,736.56,736.54,736.81,736.5381,1778589420000,177
2026-05-12 12:38:00+00:00,5238.810174,736.7269,736.45,736.84,736.84,736.43,1778589480000,147
2026-05-12 12:39:00+00:00,11230.256289,736.8771,736.8,736.99,736.99,736.77,1778589540000,173
2026-05-12 12:40:00+00:00,6105.394432,736.9925,736.95,737.07,737.07,736.91,1778589600000,158
2026-05-12 12:41:00+00:00,1411.647017,736.895,736.94,736.92,736.98,736.82,1778589660000,85
2026-05-12 12:42:00+00:00,2395.350018,736.9199,736.95,736.78,737.03,736.78,1778589720000,94
2026-05-12 12:43:00+00:00,1725.917708,736.918,736.8595,736.98,736.98,736.79,1778589780000,74
2026-05-12 12:44:00+00:00,422.479376,736.8998,736.8752,736.91,736.91,736.8752,1778589840000,44
2026-05-12 12:45:00+00:00,20651.346922,737.0688,736.89,737.06,737.12,736.89,1778589900000,137
2026-05-12 12:46:00+00:00,5021.088624,737.1294,737.04,737.16,737.16,737.04,1778589960000,74
2026-05-12 12:47:00+00:00,5732.562668,737.1095,737.06,737.09,737.14,737.0522,1778590020000,74
2026-05-12 12:48:00+00:00,10001.292705,737.1714,737.07,737.15,737.21,737.05,1778590080000,126
2026-05-12 12:49:00+00:00,2277.65312,737.0985,737.1,737.06,737.1835,737.06,1778590140000,66
2026-05-12 12:50:00+00:00,924.490627,737.1489,737.14,737.16,737.1715,737.1394,1778590200000,43
2026-05-12 12:51:00+00:00,4250.577104,737.2568,737.17,737.28,737.295,737.17,1778590260000,85
2026-05-12 12:52:00+00:00,7871.056926,737.4178,737.27,737.45,737.47,737.27,1778590320000,158
2026-05-12 12:53:00+00:00,36055.605212,737.3647,737.43,737.26,737.44,737.26,1778590380000,211
2026-05-12 12:54:00+00:00,1297.610285,737.3804,737.27,737.39,737.44,737.26,1778590440000,66
2026-05-12 12:55:00+00:00,801.532956,737.3403,737.36,737.4,737.4,737.26,1778590500000,59
2026-05-12 12:56:00+00:00,1466.471019,737.3914,737.36,737.43,737.43,737.3326,1778590560000,45
2026-05-12 12:57:00+00:00,1665.129282,737.4733,737.4,737.5015,737.53,737.4,1778590620000,70
2026-05-12 12:58:00+00:00,1578.640289,737.3652,737.39,737.38,737.39,737.35,1778590680000,65
2026-05-12 12:59:00+00:00,932.747939,737.3827,737.4,737.43,737.43,737.35,1778590740000,71
2026-05-12 13:00:00+00:00,2320.356737,737.4212,737.39,737.53,737.53,737.35,1778590800000,88
2026-05-12 13:01:00+00:00,869.97677,737.4343,737.5,737.34,737.5,737.34,1778590860000,65
2026-05-12 13:02:00+00:00,1718.736858,737.3569,737.3,737.46,737.4627,737.27,1778590920000,93
2026-05-12 13:03:00+00:00,16779.540825,737.4444,737.48,737.34,737.55,737.3,1778590980000,173
2026-05-12 13:04:00+00:00,6405.301344,737.1724,737.24,737.145,737.3,737.09,1778591040000,147
2026-05-12 13:05:00+00:00,1592.99217,737.1981,737.17,737.24,737.27,737.14,1778591100000,80
2026-05-12 13:06:00+00:00,3809.378716,737.1964,737.27,737.15,737.27,737.15,1778591160000,74
2026-05-12 13:07:00+00:00,6157.323964,737.1406,737.13,737.16,737.25,737.13,1778591220000,88
2026-05-12 13:08:00+00:00,4983.063165,737.1347,737.13,737.19,737.19,737.11,1778591280000,58
2026-05-12 13:09:00+00:00,1433.393523,737.3138,737.25,737.33,737.37,737.25,1778591340000,76
2026-05-12 13:10:00+00:00,422.492807,737.3599,737.3384,737.3758,737.3758,737.3384,1778591400000,51
2026-05-12 13:11:00+00:00,3094.685233,737.3936,737.35,737.45,737.48,737.35,1778591460000,92
2026-05-12 13:12:00+00:00,871.645274,737.4913,737.5,737.46,737.54,737.42,1778591520000,54
2026-05-12 13:13:00+00:00,548.670014,737.4152,737.42,737.41,737.43,737.39,1778591580000,42
2026-05-12 13:14:00+00:00,4766.293895,737.3588,737.36,737.34,737.38,737.32,1778591640000,89
2026-05-12 13:15:00+00:00,3538.422698,737.2391,737.3,737.25,737.3,737.19,1778591700000,76
2026-05-12 13:16:00+00:00,1313.974572,737.151,737.19,737.08,737.2,737.08,1778591760000,97
2026-05-12 13:17:00+00:00,6412.234903,736.9996,737.07,736.91,737.07,736.89,1778591820000,128
2026-05-12 13:18:00+00:00,4716.604281,736.9224,736.87,736.85,736.95,736.84,1778591880000,131
2026-05-12 13:19:00+00:00,35717.52151,736.9464,736.8,736.9704,736.98,736.8,1778591940000,252
2026-05-12 13:20:00+00:00,17594.040195,736.8417,736.95,736.85,736.95,736.81,1778592000000,181
2026-05-12 13:21:00+00:00,4989.926429,736.9789,736.88,736.97,737.04,736.85,1778592060000,119
2026-05-12 13:22:00+00:00,1135.59047,737.0189,737.0,736.99,737.05,736.98,1778592120000,41
2026-05-12 13:23:00+00:00,1924.917702,737.0224,737.01,736.98,737.07,736.98,1778592180000,71
2026-05-12 13:24:00+00:00,1873.081306,736.971,736.99,736.97,736.99,736.95,1778592240000,52
2026-05-12 13:25:00+00:00,15679.087763,736.8893,736.95,736.96,736.97,736.81,1778592300000,197
2026-05-12 13:26:00+00:00,1696.741295,736.8605,736.9,736.89,736.9,736.8182,1778592360000,81
2026-05-12 13:27:00+00:00,4710.136705,736.9528,736.8804,736.85,737.04,736.85,1778592420000,127
2026-05-12 13:28:00+00:00,16838.322414,737.0043,736.94,737.02,737.08,736.94,1778592480000,168
2026-05-12 13:29:00+00:00,9673.287001,736.9432,737.02,736.9,737.02,736.9,1778592540000,110
2026-05-12 13:30:00+00:00,398913.838055,736.8303,736.89,736.63,737.22,736.41,1778592600000,7775
2026-05-12 13:31:00+00:00,145754.750686,736.4126,736.6,736.23,736.63,736.21,1778592660000,2175
2026-05-12 13:32:00+00:00,113473.040817,736.2894,736.22,736.47,736.8,736.16,1778592720000,2074
2026-05-12 13:33:00+00:00,95416.201186,736.3977,736.465,736.28,736.59,736.28,1778592780000,2191
2026-05-12 13:34:00+00:00,135625.912493,736.3506,736.28,736.35,736.53,736.23,1778592840000,2392
2026-05-12 13:35:00+00:00,229365.003703,735.9494,736.36,735.72,736.36,735.615,1778592900000,3583
2026-05-12 13:36:00+00:00,228377.910186,735.789,735.73,735.74,735.99,735.65,1778592960000,3337
2026-05-12 13:37:00+00:00,142832.770149,735.6967,735.785,735.85,735.97,735.51,1778593020000,2441
2026-05-12 13:38:00+00:00,95167.13548,735.7801,735.85,735.81,735.91,735.68,1778593080000,1693
2026-05-12 13:39:00+00:00,89448.606,735.9698,735.78,736.09,736.19,735.77,1778593140000,1606
2026-05-12 13:40:00+00:00,145117.007693,736.2279,736.08,736.175,736.45,736.01,1778593200000,2316
2026-05-12 13:41:00+00:00,120781.025707,736.0549,736.17,736.08,736.29,735.79,1778593260000,1879
2026-05-12 13:42:00+00:00,91071.203283,736.2815,736.1,736.435,736.45,736.1,1778593320000,1661
2026-05-12 13:43:00+00:00,107087.971781,736.6122,736.435,736.61,736.76,736.4,1778593380000,1817
2026-05-12 13:44:00+00:00,87790.467354,736.6943,736.6,736.72,736.79,736.5,1778593440000,1576
2026-05-12 13:45:00+00:00,121942.14566,736.7207,736.72,736.735,736.9,736.5354,1778593500000,2018
2026-05-12 13:46:00+00:00,191275.176234,736.3104,736.74,736.38,736.76,735.98,1778593560000,2965
2026-05-12 13:47:00+00:00,111373.507445,736.0095,736.37,735.77,736.38,735.73,1778593620000,1963
2026-05-12 13:48:00+00:00,85937.561208,735.7747,735.765,735.625,735.94,735.625,1778593680000,1606
2026-05-12 13:49:00+00:00,54236.462044,735.8264,735.63,735.78,735.98,735.61,1778593740000,1210
2026-05-12 13:50:00+00:00,110869.671401,735.6767,735.75,735.61,735.82,735.55,1778593800000,1898
2026-05-12 13:51:00+00:00,99479.257223,735.6176,735.65,735.45,735.81,735.445,1778593860000,1940
2026-05-12 13:52:00+00:00,103231.152234,735.5853,735.46,735.88,735.88,735.42,1778593920000,1959
2026-05-12 13:53:00+00:00,130899.152443,736.1719,735.9,736.33,736.44,735.85,1778593980000,2316
2026-05-12 13:54:00+00:00,102974.767669,736.1745,736.33,735.91,736.38,735.88,1778594040000,1783
2026-05-12 13:55:00+00:00,163694.627204,735.5588,735.9091,735.55,735.93,735.32,1778594100000,2535
2026-05-12 13:56:00+00:00,129675.93879,735.3594,735.57,735.23,735.67,735.2,1778594160000,2217
2026-05-12 13:57:00+00:00,199648.897683,735.1445,735.22,735.3599,735.46,734.89,1778594220000,3514
2026-05-12 13:58:00+00:00,171150.220084,735.0902,735.35,735.02,735.4049,734.95,1778594280000,2665
2026-05-12 13:59:00+00:00,143009.332093,735.0645,735.01,735.11,735.28,734.86,1778594340000,2490
2026-05-12 14:00:00+00:00,240216.557549,734.8628,735.14,734.82,735.23,734.65,1778594400000,3923
2026-05-12 14:01:00+00:00,157268.369467,735.0171,734.825,735.085,735.26,734.74,1778594460000,2830
2026-05-12 14:02:00+00:00,116314.80299,735.1743,735.06,735.11,735.33,734.94,1778594520000,2180
2026-05-12 14:03:00+00:00,78813.301191,734.9142,735.11,734.83,735.12,734.69,1778594580000,1490
2026-05-12 14:04:00+00:00,98081.680636,734.9469,734.82,735.1,735.205,734.66,1778594640000,1867
2026-05-12 14:05:00+00:00,61940.9975,735.3158,735.11,735.265,735.48,735.1,1778594700000,1286
2026-05-12 14:06:00+00:00,70314.687116,735.3805,735.255,735.47,735.53,735.19,1778594760000,1514
2026-05-12 14:07:00+00:00,65372.606373,735.4831,735.4601,735.4,735.63,735.33,1778594820000,1389
2026-05-12 14:08:00+00:00,67504.126166,735.2017,735.39,735.22,735.51,735.01,1778594880000,1414
2026-05-12 14:09:00+00:00,63475.547963,735.3115,735.31,735.32,735.435,735.19,1778594940000,1395
2026-05-12 14:10:00+00:00,57463.823458,735.2608,735.345,735.25,735.4452,735.08,1778595000000,1110
2026-05-12 14:11:00+00:00,80219.714078,735.2551,735.23,735.39,735.46,735.11,1778595060000,1793
2026-05-12 14:12:00+00:00,74575.940728,735.5211,735.4107,735.52,735.6999,735.34,1778595120000,1501
2026-05-12 14:13:00+00:00,107255.755044,735.7901,735.55,735.74,735.968,735.53,1778595180000,2276
2026-05-12 14:14:00+00:00,86255.324678,736.0459,735.7301,736.11,736.16,735.73,1778595240000,1697
2026-05-12 14:15:00+00:00,91803.162707,736.1402,736.12,736.19,736.255,736.0,1778595300000,1637
2026-05-12 14:16:00+00:00,226407.327732,737.7731,736.18,736.02,736.27,735.93,1778595360000,1777
2026-05-12 14:17:00+00:00,84260.620548,735.9402,736.03,736.01,736.06,735.815,1778595420000,1689
2026-05-12 14:18:00+00:00,88143.282836,735.9663,736.02,736.04,736.19,735.76,1778595480000,1811
2026-05-12 14:19:00+00:00,78945.336858,736.2167,736.02,736.22,736.38,736.0,1778595540000,1843
2026-05-12 14:20:00+00:00,78450.425651,736.1412,736.19,736.03,736.29,735.99,1778595600000,1390
2026-05-12 14:21:00+00:00,110135.330608,735.873,736.02,735.78,736.06,735.7001,1778595660000,1905
2026-05-12 14:22:00+00:00,55841.995156,735.7914,735.78,735.73,735.97,735.65,1778595720000,1301
2026-05-12 14:23:00+00:00,70678.550553,735.583,735.71,735.51,735.73,735.48,1778595780000,1445
2026-05-12 14:24:00+00:00,39049.036156,735.5417,735.52,735.5744,735.62,735.4701,1778595840000,1101
2026-05-12 14:25:00+00:00,90809.119358,735.6086,735.6,735.5201,735.84,735.47,1778595900000,1878
2026-05-12 14:26:00+00:00,140605.375976,735.3243,735.51,735.29,735.56,735.05,1778595960000,2412
2026-05-12 14:27:00+00:00,35204.299291,735.2584,735.29,735.1,735.42,735.07,1778596020000,1257
2026-05-12 14:28:00+00:00,115538.101859,734.8905,735.1,734.79,735.12,734.69,1778596080000,2253
2026-05-12 14:29:00+00:00,159716.690472,734.8218,734.75,734.92,735.0,734.57,1778596140000,2929
2026-05-12 14:30:00+00:00,189642.26851,734.5423,734.92,734.3,734.97,734.26,1778596200000,3234
2026-05-12 14:31:00+00:00,259700.280311,734.007,734.29,733.92,734.2993,733.8,1778596260000,3870
2026-05-12 14:32:00+00:00,171589.869845,733.9039,733.92,733.79,734.07,733.715,1778596320000,3261
2026-05-12 14:33:00+00:00,300992.372006,735.9799,733.78,733.62,734.04,733.56,1778596380000,3265
2026-05-12 14:34:00+00:00,180007.558719,733.7197,733.62,734.05,734.12,733.54,1778596440000,3615
2026-05-12 14:35:00+00:00,172473.902128,733.8668,734.035,733.6399,734.24,733.54,1778596500000,3011
2026-05-12 14:36:00+00:00,114655.458284,733.7302,733.64,733.88,733.95,733.54,1778596560000,2534
2026-05-12 14:37:00+00:00,123676.177032,734.191,733.9199,734.34,734.36,733.85,1778596620000,2314
2026-05-12 14:38:00+00:00,115718.479828,734.4578,734.33,734.44,734.5613,734.28,1778596680000,2237
2026-05-12 14:39:00+00:00,116425.869052,734.4997,734.43,734.64,734.67,734.38,1778596740000,2546
2026-05-12 14:40:00+00:00,96467.22905,734.5478,734.6301,734.55,734.7,734.42,1778596800000,2017
2026-05-12 14:41:00+00:00,69295.925668,734.4279,734.54,734.54,734.59,734.27,1778596860000,1858
2026-05-12 14:42:00+00:00,79361.03523,734.7585,734.55,734.95,734.97,734.52,1778596920000,2196
2026-05-12 14:43:00+00:00,113321.012126,734.9385,734.9601,734.86,735.19,734.76,1778596980000,2570
2026-05-12 14:44:00+00:00,70690.60574,734.7581,734.88,734.6,734.94,734.6,1778597040000,1747
2026-05-12 14:45:00+00:00,92494.991349,734.3724,734.61,734.33,734.64,734.2,1778597100000,2162
2026-05-12 14:46:00+00:00,181094.052774,737.6553,734.3191,734.26,734.44,734.23,1778597160000,1597
2026-05-12 14:47:00+00:00,101478.252923,734.2168,734.2875,734.24,734.3799,734.06,1778597220000,2393
2026-05-12 14:48:00+00:00,62387.243724,734.1438,734.21,734.14,734.28,734.056,1778597280000,1490
2026-05-12 14:49:00+00:00,103590.508198,734.0873,734.14,734.1,734.15,734.0,1778597340000,1661
2026-05-12 14:50:00+00:00,74629.505782,734.0052,734.07,733.855,734.2,733.85,1778597400000,1788
2026-05-12 14:51:00+00:00,112957.617906,733.7782,733.84,733.7399,733.93,733.65,1778597460000,2117
2026-05-12 14:52:00+00:00,72159.228817,733.9418,733.725,734.09,734.16,733.725,1778597520000,1942
2026-05-12 14:53:00+00:00,67153.557284,734.2125,734.1,734.175,734.3,734.01,1778597580000,1760
2026-05-12 14:54:00+00:00,50840.093255,734.048,734.15,734.0199,734.22,733.91,1778597640000,1281
2026-05-12 14:55:00+00:00,53316.811717,734.0442,734.0,733.99,734.16,733.95,1778597700000,1209
2026-05-12 14:56:00+00:00,37157.998477,733.9266,733.97,733.875,734.03,733.79,1778597760000,1339
2026-05-12 14:57:00+00:00,195155.202587,733.7446,733.86,733.79,733.93,733.65,1778597820000,2815
2026-05-12 14:58:00+00:00,90894.459126,733.7748,733.79,733.815,733.93,733.65,1778597880000,2028
2026-05-12 14:59:00+00:00,115841.90564,733.7476,733.82,733.79,733.8399,733.67,1778597940000,2107
2026-05-12 15:00:00+00:00,145337.298174,733.7961,733.78,733.69,733.94,733.6501,1778598000000,2269
2026-05-12 15:01:00+00:00,104447.636708,733.6352,733.68,733.63,733.82,733.52,1778598060000,2309
2026-05-12 15:02:00+00:00,183199.225727,733.4802,733.62,733.44,733.62,733.38,1778598120000,3115
2026-05-12 15:03:00+00:00,159532.673973,733.4889,733.45,733.5,733.64,733.36,1778598180000,3022
2026-05-12 15:04:00+00:00,151520.134659,733.5705,733.52,733.47,733.74,733.44,1778598240000,3169
2026-05-12 15:05:00+00:00,161364.589807,733.352,733.47,733.45,733.475,733.24,1778598300000,3453
2026-05-12 15:06:00+00:00,138562.434601,733.701,733.44,733.824,733.89,733.37,1778598360000,3162
2026-05-12 15:07:00+00:00,121990.389216,733.8655,733.84,733.95,734.0,733.74,1778598420000,2221
2026-05-12 15:08:00+00:00,77522.868778,733.865,733.96,733.9,733.98,733.7,1778598480000,1732
2026-05-12 15:09:00+00:00,96954.888562,733.9107,733.925,733.99,734.03,733.78,1778598540000,2051
2026-05-12 15:10:00+00:00,67554.595688,733.844,734.04,733.795,734.05,733.67,1778598600000,1585
2026-05-12 15:11:00+00:00,52104.281619,733.7145,733.83,733.58,733.87,733.57,1778598660000,1306
2026-05-12 15:12:00+00:00,75554.576505,733.562,733.58,733.54,733.67,733.49,1778598720000,1638
2026-05-12 15:13:00+00:00,66987.354177,733.4896,733.51,733.6347,733.64,733.35,1778598780000,1500
2026-05-12 15:14:00+00:00,351798.742113,733.1672,733.59,733.24,733.5999,733.12,1778598840000,1765
2026-05-12 15:15:00+00:00,342111.809521,735.2911,733.24,732.9801,733.27,732.94,1778598900000,3725
2026-05-12 15:16:00+00:00,126338.050704,732.974,733.0,732.89,733.15,732.86,1778598960000,2343
2026-05-12 15:17:00+00:00,233992.089517,732.7186,732.87,732.87,732.89,732.62,1778599020000,3293
2026-05-12 15:18:00+00:00,128276.01886,732.8173,732.89,732.665,732.93,732.62,1778599080000,2070
2026-05-12 15:19:00+00:00,93606.72699,732.8347,732.68,732.95,732.98,732.63,1778599140000,2113
2026-05-12 15:20:00+00:00,92812.661657,732.8971,732.96,732.94,733.06,732.76,1778599200000,2058
2026-05-12 15:21:00+00:00,96776.172701,732.8681,732.95,732.73,733.02,732.68,1778599260000,2042
2026-05-12 15:22:00+00:00,77341.113835,732.6949,732.74,732.65,732.79,732.56,1778599320000,1944
2026-05-12 15:23:00+00:00,111749.102884,732.5005,732.64,732.285,732.65,732.27,1778599380000,2455
2026-05-12 15:24:00+00:00,215345.282817,732.0674,732.28,732.09,732.28,731.96,1778599440000,3754
2026-05-12 15:25:00+00:00,164423.52218,731.9939,732.13,731.953752,732.2,731.84,1778599500000,3119
2026-05-12 15:26:00+00:00,152079.019627,732.0823,731.9,732.25,732.36,731.83,1778599560000,2884
2026-05-12 15:27:00+00:00,129369.590488,732.2703,732.26,732.27,732.47,732.14,1778599620000,2440
2026-05-12 15:28:00+00:00,146976.180139,732.1343,732.28,732.005,732.4,731.94,1778599680000,2734
2026-05-12 15:29:00+00:00,104864.036673,732.1386,732.005,732.32,732.38,731.98,1778599740000,2389
2026-05-12 15:30:00+00:00,146298.924235,732.4444,732.34,732.25,732.69,732.12,1778599800000,2693
2026-05-12 15:31:00+00:00,98358.650911,732.2911,732.24,732.35,732.43,732.18,1778599860000,2202
2026-05-12 15:32:00+00:00,147399.300697,732.5993,732.34,732.63,732.75,732.32,1778599920000,2720
2026-05-12 15:33:00+00:00,99791.333269,732.7672,732.65,732.84,732.9,732.58,1778599980000,2133
2026-05-12 15:34:00+00:00,89998.36379,732.8924,732.84,732.87,733.03,732.71,1778600040000,2133
2026-05-12 15:35:00+00:00,90788.627827,732.7025,732.86,732.7,732.9,732.52,1778600100000,2095
2026-05-12 15:36:00+00:00,101061.178916,732.717,732.69,732.83,732.92,732.49,1778600160000,1926
2026-05-12 15:37:00+00:00,81780.391892,732.9565,732.83,733.005,733.065,732.82,1778600220000,1961
2026-05-12 15:38:00+00:00,62159.885601,733.1171,733.01,733.18,733.2,732.985,1778600280000,1595
2026-05-12 15:39:00+00:00,56027.926693,733.2079,733.175,733.1043,733.29,733.1032,1778600340000,1473
2026-05-12 15:40:00+00:00,98758.507973,733.1976,733.1,733.13,733.28,733.04,1778600400000,1616
2026-05-12 15:41:00+00:00,76537.374595,733.0234,733.1207,732.99,733.16,732.88,1778600460000,1876
2026-05-12 15:42:00+00:00,86527.617451,732.9538,732.98,733.04,733.09,732.83,1778600520000,2026
2026-05-12 15:43:00+00:00,60688.899544,733.2004,733.04,733.38,733.385,733.01,1778600580000,1649
2026-05-12 15:44:00+00:00,71067.042549,733.4684,733.39,733.53,733.55,733.38,1778600640000,2083
2026-05-12 15:45:00+00:00,91107.867929,733.6215,733.53,733.52,733.73,733.47,1778600700000,2103
2026-05-12 15:46:00+00:00,174665.757873,737.5411,733.515,733.3901,733.57,733.3,1778600760000,1375
2026-05-12 15:47:00+00:00,234280.989473,736.5049,733.38,733.47,733.56,733.36,1778600820000,2213
2026-05-12 15:48:00+00:00,53753.175753,733.4478,733.46,733.35,733.58,733.33,1778600880000,1586
2026-05-12 15:49:00+00:00,58317.913018,733.3497,733.35,733.34,733.44,733.25,1778600940000,1320
2026-05-12 15:50:00+00:00,69162.584834,733.325,733.33,733.26,733.4899,733.13,1778601000000,1651
2026-05-12 15:51:00+00:00,68343.021918,733.2127,733.26,733.25,733.31,733.0701,1778601060000,1563
2026-05-12 15:52:00+00:00,42510.443675,733.2141,733.25,733.17,733.3199,733.1,1778601120000,1265
2026-05-12 15:53:00+00:00,48829.271963,733.1802,733.16,733.105,733.29,733.08,1778601180000,1553
2026-05-12 15:54:00+00:00,49723.126959,733.1574,733.105,733.12,733.25,733.06,1778601240000,1284
2026-05-12 15:55:00+00:00,81539.386415,733.0438,733.09,733.19,733.19,732.9101,1778601300000,1937
2026-05-12 15:56:00+00:00,44326.094273,733.0496,733.17,732.99,733.225,732.94,1778601360000,1485
2026-05-12 15:57:00+00:00,103485.144945,732.8571,732.99,732.75,733.09,732.7,1778601420000,2139
2026-05-12 15:58:00+00:00,86185.708839,732.6125,732.71,732.56,732.75,732.53,1778601480000,2117
2026-05-12 15:59:00+00:00,116721.098039,732.5386,732.56,732.49,732.64,732.371,1778601540000,2236
2026-05-12 16:00:00+00:00,165767.852623,732.2848,732.49,732.47,732.55,732.11,1778601600000,2873
2026-05-12 16:01:00+00:00,134913.783107,732.6469,732.47,732.85,732.88,732.44,1778601660000,2233
2026-05-12 16:02:00+00:00,78799.277089,732.853,732.85,732.869,732.948,732.72,1778601720000,1689
2026-05-12 16:03:00+00:00,105516.69198,733.0985,732.87,733.2305,733.24,732.84,1778601780000,2147
2026-05-12 16:04:00+00:00,58565.558046,733.2108,733.25,733.23,733.33,733.05,1778601840000,1625
2026-05-12 16:05:00+00:00,60874.175578,733.1989,733.25,733.07,733.31,733.07,1778601900000,1558
2026-05-12 16:06:00+00:00,52958.40852,732.9482,733.06,732.91,733.065,732.86,1778601960000,1617
2026-05-12 16:07:00+00:00,51496.974465,732.9916,732.9,733.02,733.11,732.87,1778602020000,1425
2026-05-12 16:08:00+00:00,53939.854397,732.8801,733.03,732.75,733.04,732.73,1778602080000,1405
2026-05-12 16:09:00+00:00,57372.121753,732.7404,732.72,732.78,732.84,732.64,1778602140000,1360
2026-05-12 16:10:00+00:00,43899.458506,732.8116,732.78,732.79,732.88,732.7,1778602200000,1331
2026-05-12 16:11:00+00:00,57375.903434,732.7948,732.78,732.8,732.99,732.68,1778602260000,1586
2026-05-12 16:12:00+00:00,46304.865766,732.8547,732.785,732.91,732.97,732.7299,1778602320000,1467
2026-05-12 16:13:00+00:00,332308.450195,732.9031,732.92,733.35,733.35,732.9104,1778602380000,2146
2026-05-12 16:14:00+00:00,60114.533725,733.3915,733.34,733.35,733.48,733.2601,1778602440000,2161
2026-05-12 16:15:00+00:00,42924.179192,733.2394,733.33,733.14,733.43,733.0432,1778602500000,1524
2026-05-12 16:16:00+00:00,184213.810226,737.2241,733.1588,733.14,733.23,733.02,1778602560000,1537
2026-05-12 16:17:00+00:00,52291.808681,733.2229,733.16,733.17,733.27,733.13,1778602620000,1333
2026-05-12 16:18:00+00:00,178940.012775,737.3615,733.16,733.07,733.3165,733.05,1778602680000,1493
2026-05-12 16:19:00+00:00,66588.760235,733.1306,733.08,733.01,733.21,733.01,1778602740000,1533
2026-05-12 16:20:00+00:00,98001.886476,733.0445,733.025,733.1601,733.18,732.92,1778602800000,1805
2026-05-12 16:21:00+00:00,101922.10901,733.0153,733.165,732.77,733.32,732.76,1778602860000,1877
2026-05-12 16:22:00+00:00,63254.738316,732.8186,732.75,732.8438,732.91,732.72,1778602920000,1377
2026-05-12 16:23:00+00:00,70883.620024,732.8045,732.85,732.78,732.87,732.74,1778602980000,1384
2026-05-12 16:24:00+00:00,93732.788028,732.6946,732.77,732.84,732.84,732.55,1778603040000,1654
2026-05-12 16:25:00+00:00,78787.350076,732.7937,732.84,732.775,732.93,732.71,1778603100000,1572
2026-05-12 16:26:00+00:00,66817.217799,732.7994,732.76,732.855,732.93,732.68,1778603160000,1458
2026-05-12 16:27:00+00:00,55111.927141,732.7942,732.855,732.83,732.89,732.76,1778603220000,1314
2026-05-12 16:28:00+00:00,48783.62788,732.9035,732.82,733.0,733.0,732.78,1778603280000,1087
2026-05-12 16:29:00+00:00,51028.121786,732.822,733.0,732.74,733.0,732.68,1778603340000,1228
2026-05-12 16:30:00+00:00,64595.57679,732.6492,732.73,732.4637,732.81,732.46,1778603400000,1324
2026-05-12 16:31:00+00:00,81032.047965,732.4402,732.51,732.4,732.54,732.31,1778603460000,1662
2026-05-12 16:32:00+00:00,210211.224644,736.4076,732.4,732.47,732.56,732.19,1778603520000,1717
2026-05-12 16:33:00+00:00,54522.975757,732.3468,732.47,732.305,732.48,732.27,1778603580000,1211
2026-05-12 16:34:00+00:00,59298.393813,732.5163,732.31,732.55,732.58,732.3,1778603640000,1249
2026-05-12 16:35:00+00:00,102914.631463,732.6847,732.54,732.74,732.78,732.54,1778603700000,1565
2026-05-12 16:36:00+00:00,61312.446216,732.801,732.745,732.87,732.95,732.6575,1778603760000,1260
2026-05-12 16:37:00+00:00,79189.024136,732.9083,732.88,732.82,733.04,732.8,1778603820000,1612
2026-05-12 16:38:00+00:00,85816.949999,732.7903,732.815,732.7,732.94,732.685,1778603880000,1689
2026-05-12 16:39:00+00:00,74695.127048,732.7805,732.68,732.8,732.85,732.68,1778603940000,1616
2026-05-12 16:40:00+00:00,66788.363696,732.8513,732.79,732.8401,732.97,732.75,1778604000000,1446
2026-05-12 16:41:00+00:00,102450.950011,732.5308,732.855,732.42,732.855,732.34,1778604060000,2099
2026-05-12 16:42:00+00:00,75767.589143,732.3682,732.41,732.34,732.48,732.2902,1778604120000,1513
2026-05-12 16:43:00+00:00,104183.840211,732.3622,732.34,732.38,732.45,732.27,1778604180000,1861
2026-05-12 16:44:00+00:00,86641.936203,732.3974,732.365,732.42,732.47,732.33,1778604240000,1749
2026-05-12 16:45:00+00:00,148774.856877,732.2776,732.42,732.16,732.59,732.1,1778604300000,2418
2026-05-12 16:46:00+00:00,131407.560501,732.1179,732.155,732.03,732.23,732.03,1778604360000,2283
2026-05-12 16:47:00+00:00,102413.061192,732.0279,732.05,731.98,732.14,731.945,1778604420000,2244
2026-05-12 16:48:00+00:00,85171.513625,731.9454,731.97,732.0,732.05,731.85,1778604480000,1492
2026-05-12 16:49:00+00:00,64049.23136,732.0703,732.02,732.12,732.22,731.9796,1778604540000,1458
2026-05-12 16:50:00+00:00,80664.379479,732.0888,732.1,732.07,732.17,731.99,1778604600000,1726
2026-05-12 16:51:00+00:00,52558.617537,732.0799,732.06,732.21,732.24,731.99,1778604660000,1223
2026-05-12 16:52:00+00:00,133412.789717,732.0971,732.22,731.935,732.31,731.91,1778604720000,2225
2026-05-12 16:53:00+00:00,134859.413331,731.9248,731.92,731.94,732.02,731.85,1778604780000,1842
2026-05-12 16:54:00+00:00,69906.649131,731.9112,731.92,732.0,732.03,731.83,1778604840000,1492
2026-05-12 16:55:00+00:00,68572.52214,731.9367,732.005,732.05,732.08,731.83,1778604900000,1349
2026-05-12 16:56:00+00:00,65646.802653,732.0369,732.03,732.08,732.15,731.96,1778604960000,1509
2026-05-12 16:57:00+00:00,50035.436425,732.0739,732.0833,732.17,732.18,731.99,1778605020000,1202
2026-05-12 16:58:00+00:00,52640.903318,732.0588,732.18,731.96,732.22,731.93,1778605080000,1099
2026-05-12 16:59:00+00:00,51282.769297,732.0693,731.95,732.12,732.17,731.926,1778605140000,1166
2026-05-12 17:00:00+00:00,105566.117757,732.2291,732.12,732.2401,732.39,732.01,1778605200000,1679
2026-05-12 17:01:00+00:00,125114.845788,732.2841,732.25,732.36,732.4,732.21,1778605260000,1299
2026-05-12 17:02:00+00:00,145338.100064,732.5151,732.34,732.56,732.61,732.32,1778605320000,2590
2026-05-12 17:03:00+00:00,94358.752797,732.715,732.56,732.82,732.845,732.49,1778605380000,1550
2026-05-12 17:04:00+00:00,58155.719695,732.8776,732.82,732.86,732.98,732.78,1778605440000,1366
2026-05-12 17:05:00+00:00,63714.191496,732.9653,732.8601,733.0426,733.06,732.85,1778605500000,1470
2026-05-12 17:06:00+00:00,75545.385501,733.1385,733.02,733.31,733.34,733.0,1778605560000,1754
2026-05-12 17:07:00+00:00,92289.07608,733.2867,733.3,733.32,733.39,733.1957,1778605620000,1829
2026-05-12 17:08:00+00:00,91551.083592,733.1518,733.31,733.15,733.345,733.04,1778605680000,1571
2026-05-12 17:09:00+00:00,78217.428414,733.0416,733.13,733.01,733.13,732.98,1778605740000,1541
2026-05-12 17:10:00+00:00,82668.912588,733.1492,733.01,733.255,733.31,732.94,1778605800000,1608
2026-05-12 17:11:00+00:00,112334.657649,733.2417,733.24,733.18,733.3,733.15,1778605860000,1848
2026-05-12 17:12:00+00:00,86378.473189,733.1083,733.16,733.13,733.22,733.0,1778605920000,1900
2026-05-12 17:13:00+00:00,58243.896175,733.2021,733.14,733.28,733.3,733.07,1778605980000,1296
2026-05-12 17:14:00+00:00,81924.414418,733.2815,733.29,733.3,733.34,733.2,1778606040000,1762
2026-05-12 17:15:00+00:00,243258.499592,736.3513,733.29,733.45,733.48,733.29,1778606100000,2003
2026-05-12 17:16:00+00:00,116909.302893,733.5577,733.43,733.61,733.65,733.43,1778606160000,2257
2026-05-12 17:17:00+00:00,113639.711626,733.6971,733.61,733.65,733.775,733.605,1778606220000,1976
2026-05-12 17:18:00+00:00,88644.565857,733.7771,733.67,733.89,733.92,733.66,1778606280000,1615
2026-05-12 17:19:00+00:00,113115.416735,734.012,733.88,734.07,734.1,733.87,1778606340000,2387
2026-05-12 17:20:00+00:00,170203.129759,734.2436,734.1,734.265,734.4,734.07,1778606400000,3097
2026-05-12 17:21:00+00:00,113122.89112,734.3601,734.26,734.38,734.45,734.24,1778606460000,1698
2026-05-12 17:22:00+00:00,78998.19951,734.3454,734.4,734.39,734.42,734.27,1778606520000,1474
2026-05-12 17:23:00+00:00,132323.070026,734.6128,734.3899,734.68,734.7094,734.38,1778606580000,2289
2026-05-12 17:24:00+00:00,151416.032756,734.7431,734.67,734.535,735.01,734.46,1778606640000,2577
2026-05-12 17:25:00+00:00,120336.573516,734.4724,734.52,734.39,734.56,734.34,1778606700000,2007
2026-05-12 17:26:00+00:00,94827.986852,734.3866,734.4,734.4,734.46,734.32,1778606760000,1716
2026-05-12 17:27:00+00:00,102724.132845,734.4181,734.4,734.24,734.51,734.23,1778606820000,1928
2026-05-12 17:28:00+00:00,98490.94798,734.2085,734.24,734.27,734.33,734.09,1778606880000,1843
2026-05-12 17:29:00+00:00,83176.007562,734.4115,734.3,734.35,734.49,734.29,1778606940000,1632
2026-05-12 17:30:00+00:00,102836.030512,734.31,734.34,734.445,734.48,734.13,1778607000000,2189
2026-05-12 17:31:00+00:00,63097.078929,734.4347,734.445,734.4,734.54,734.32,1778607060000,1551
2026-05-12 17:32:00+00:00,100077.887557,734.6763,734.41,734.63,734.78,734.39,1778607120000,2067
2026-05-12 17:33:00+00:00,76042.614467,734.7331,734.62,734.75,734.79,734.62,1778607180000,1426
2026-05-12 17:34:00+00:00,89242.444038,734.869,734.76,734.92,734.985,734.76,1778607240000,1555
2026-05-12 17:35:00+00:00,105725.529179,734.703,734.92,734.51,734.94,734.47,1778607300000,1864
2026-05-12 17:36:00+00:00,54652.347956,734.5724,734.51,734.47,734.66,734.46,1778607360000,1342
2026-05-12 17:37:00+00:00,79624.375904,734.3951,734.47,734.29,734.57,734.27,1778607420000,1516
2026-05-12 17:38:00+00:00,77228.085869,734.285,734.28,734.36,734.38,734.22,1778607480000,1509
2026-05-12 17:39:00+00:00,74308.876297,734.5441,734.355,734.6301,734.689,734.34,1778607540000,1538
2026-05-12 17:40:00+00:00,54786.669514,734.7045,734.63,734.74,734.78,734.6101,1778607600000,1359
2026-05-12 17:41:00+00:00,59036.899982,734.7457,734.74,734.685,734.787,734.685,1778607660000,1395
2026-05-12 17:42:00+00:00,89749.631212,734.7015,734.685,734.63,734.79,734.58,1778607720000,1790
2026-05-12 17:43:00+00:00,59027.067776,734.7587,734.63,734.83,734.83,734.63,1778607780000,1265
2026-05-12 17:44:00+00:00,87370.101629,734.8534,734.825,734.765,734.94,734.75,1778607840000,1720
2026-05-12 17:45:00+00:00,72535.071413,734.8079,734.77,734.74,734.89,734.72,1778607900000,3928
2026-05-12 17:46:00+00:00,70850.117895,734.7467,734.75,734.72,734.84,734.66,1778607960000,3790
2026-05-12 17:47:00+00:00,75441.658237,734.6758,734.72,734.69,734.75,734.62,1778608020000,1460
2026-05-12 17:48:00+00:00,83349.042675,734.5816,734.6921,734.4599,734.74,734.44,1778608080000,1561
2026-05-12 17:49:00+00:00,89486.979144,734.4956,734.45,734.66,734.67,734.4,1778608140000,1804
2026-05-12 17:50:00+00:00,64149.609014,734.6463,734.67,734.55,734.74,734.52,1778608200000,1455
2026-05-12 17:51:00+00:00,45293.305361,734.6525,734.53,734.72,734.73,734.48,1778608260000,1133
2026-05-12 17:52:00+00:00,54943.793657,734.7656,734.71,734.81,734.86,734.66,1778608320000,1270
2026-05-12 17:53:00+00:00,84101.266605,734.9254,734.82,734.985,735.05,734.82,1778608380000,1693
2026-05-12 17:54:00+00:00,73728.711602,735.0278,734.98,735.11,735.11,734.95,1778608440000,1524
2026-05-12 17:55:00+00:00,142809.281814,735.0395,735.11,734.82,735.2,734.76,1778608500000,2400
2026-05-12 17:56:00+00:00,64865.978324,734.8341,734.83,734.795,734.92,734.73,1778608560000,1181
2026-05-12 17:57:00+00:00,181140.872621,737.8086,734.79,734.91,734.92,734.76,1778608620000,1054
2026-05-12 17:58:00+00:00,174272.877018,737.9364,734.92,734.85,734.93,734.83,1778608680000,852
2026-05-12 17:59:00+00:00,70115.67635,735.0232,734.835,735.06,735.13,734.835,1778608740000,1365
2026-05-12 18:00:00+00:00,123224.204798,735.1426,735.06,735.0801,735.23,735.01,1778608800000,2180
2026-05-12 18:01:00+00:00,250060.254605,737.1453,735.09,735.22,735.25,734.9901,1778608860000,1591
2026-05-12 18:02:00+00:00,173901.455908,735.057,735.23,734.9,735.27,734.73,1778608920000,2781
2026-05-12 18:03:00+00:00,373133.931313,736.4719,734.91,735.15,735.24,734.895,1778608980000,2938
2026-05-12 18:04:00+00:00,133137.331357,735.1457,735.155,735.17,735.22,735.03,1778609040000,1615
2026-05-12 18:05:00+00:00,54486.655182,735.1065,735.19,735.05,735.21,734.99,1778609100000,1422
2026-05-12 18:06:00+00:00,38930.398902,735.0356,735.04,735.0,735.09,734.98,1778609160000,863
2026-05-12 18:07:00+00:00,82227.276121,734.8846,735.04,734.83,735.04,734.75,1778609220000,1528
2026-05-12 18:08:00+00:00,43090.531097,734.8831,734.82,734.9,734.95,734.78,1778609280000,935
2026-05-12 18:09:00+00:00,54560.621262,734.9377,734.89,734.94,735.02,734.83,1778609340000,1145
2026-05-12 18:10:00+00:00,53831.598127,735.0162,734.94,734.9899,735.145,734.87,1778609400000,1243
2026-05-12 18:11:00+00:00,117830.851244,734.8045,734.985,734.77,735.01,734.6933,1778609460000,2210
2026-05-12 18:12:00+00:00,100730.352531,734.7762,734.75,734.815,734.85,734.66,1778609520000,1690
2026-05-12 18:13:00+00:00,54369.670251,734.8272,734.81,734.84,734.935,734.72,1778609580000,1100
2026-05-12 18:14:00+00:00,188617.717416,737.7401,734.85,735.085,735.13,734.84,1778609640000,1095
2026-05-12 18:15:00+00:00,90404.012843,735.2043,735.085,735.27,735.33,735.085,1778609700000,1452
2026-05-12 18:16:00+00:00,62492.887373,735.2795,735.28,735.29,735.35,735.2,1778609760000,1138
2026-05-12 18:17:00+00:00,50476.903633,735.2341,735.29,735.205,735.31,735.1601,1778609820000,993
2026-05-12 18:18:00+00:00,52378.649701,735.1391,735.22,735.05,735.24,735.01,1778609880000,974
2026-05-12 18:19:00+00:00,56017.618217,735.1302,735.05,735.22,735.28,735.04,1778609940000,1003
2026-05-12 18:20:00+00:00,69489.735253,735.2911,735.2099,735.32,735.38,735.18,1778610000000,1217
2026-05-12 18:21:00+00:00,75146.020951,735.3967,735.32,735.48,735.5,735.29,1778610060000,1102
2026-05-12 18:22:00+00:00,102491.731567,735.5143,735.485,735.55,735.595,735.44,1778610120000,1510
2026-05-12 18:23:00+00:00,95305.652159,735.5875,735.58,735.5922,735.63,735.53,1778610180000,1267
2026-05-12 18:24:00+00:00,108947.692581,735.6891,735.59,735.77,735.83,735.55,1778610240000,1841
2026-05-12 18:25:00+00:00,120948.932875,736.0127,735.78,736.01,736.15,735.78,1778610300000,2373
2026-05-12 18:26:00+00:00,137475.986602,736.2077,736.01,736.2501,736.38,736.005,1778610360000,2159
2026-05-12 18:27:00+00:00,85709.333406,736.297,736.26,736.36,736.4,736.17,1778610420000,1576
2026-05-12 18:28:00+00:00,101864.114303,736.3517,736.36,736.309,736.48,736.22,1778610480000,1535
2026-05-12 18:29:00+00:00,114639.169915,736.1694,736.29,736.185,736.34,735.99,1778610540000,1634
2026-05-12 18:30:00+00:00,126467.437236,736.1943,736.19,736.3229,736.34,736.1,1778610600000,1755
2026-05-12 18:31:00+00:00,53364.520785,736.3713,736.34,736.27,736.47,736.21,1778610660000,1071
2026-05-12 18:32:00+00:00,70860.666596,736.3064,736.28,736.22,736.35,736.22,1778610720000,1164
2026-05-12 18:33:00+00:00,50443.454921,736.2575,736.25,736.2,736.34,736.17,1778610780000,914
2026-05-12 18:34:00+00:00,65810.894569,736.1316,736.21,736.12,736.21,736.07,1778610840000,1068
2026-05-12 18:35:00+00:00,103808.092941,735.9661,736.12,736.05,736.12,735.88,1778610900000,1560
2026-05-12 18:36:00+00:00,78934.785244,736.1916,736.09,736.3,736.32,736.08,1778610960000,1258
2026-05-12 18:37:00+00:00,52771.055372,736.3515,736.29,736.25,736.42,736.24,1778611020000,959
2026-05-12 18:38:00+00:00,53658.529757,736.2885,736.25,736.34,736.37,736.21,1778611080000,781
2026-05-12 18:39:00+00:00,73529.96203,736.2581,736.33,736.09,736.39,736.06,1778611140000,1374
2026-05-12 18:40:00+00:00,46138.298436,736.1925,736.1,736.195,736.26,736.06,1778611200000,846
2026-05-12 18:41:00+00:00,52598.810311,736.19,736.1907,736.27,736.29,736.1,1778611260000,870
2026-05-12 18:42:00+00:00,46269.022211,736.3209,736.26,736.33,736.37,736.26,1778611320000,806
2026-05-12 18:43:00+00:00,58199.589092,736.2663,736.31,736.24,736.34,736.19,1778611380000,1142
2026-05-12 18:44:00+00:00,178187.106296,738.2782,736.23,736.23,736.32,736.19,1778611440000,948
2026-05-12 18:45:00+00:00,109791.341921,736.1099,736.26,735.95,736.3,735.95,1778611500000,2031
2026-05-12 18:46:00+00:00,69159.094206,735.8658,735.95,735.85,735.97,735.77,1778611560000,1429
2026-05-12 18:47:00+00:00,59946.031052,735.8464,735.86,735.9301,735.98,735.77,1778611620000,1400
2026-05-12 18:48:00+00:00,55780.429336,735.9436,735.9499,735.98,736.03,735.83,1778611680000,965
2026-05-12 18:49:00+00:00,64442.237813,736.0353,735.97,736.075,736.09,735.94,1778611740000,1032
2026-05-12 18:50:00+00:00,34933.519855,736.0338,736.075,735.96,736.09,735.93,1778611800000,834
2026-05-12 18:51:00+00:00,38356.909467,736.0713,735.97,736.08,736.12,735.97,1778611860000,898
2026-05-12 18:52:00+00:00,56513.423053,736.0863,736.06,736.1399,736.18,736.02,1778611920000,1163
2026-05-12 18:53:00+00:00,49270.912381,736.2725,736.14,736.32,736.37,736.14,1778611980000,994
2026-05-12 18:54:00+00:00,57107.944946,736.2776,736.31,736.2,736.38,736.19,1778612040000,1055
2026-05-12 18:55:00+00:00,58743.877725,736.2954,736.19,736.4,736.4,736.18,1778612100000,1296
2026-05-12 18:56:00+00:00,78914.61739,736.4027,736.3905,736.46,736.48,736.36,1778612160000,1190
2026-05-12 18:57:00+00:00,132802.439528,736.4218,736.46,736.28,736.57,736.21,1778612220000,2243
2026-05-12 18:58:00+00:00,100993.248134,736.2531,736.28,736.1,736.37,736.1,1778612280000,1947
2026-05-12 18:59:00+00:00,97078.141032,736.0293,736.11,736.0,736.16,735.95,1778612340000,2092
2026-05-12 19:00:00+00:00,55093.459563,736.1416,736.02,736.2,736.25,735.99,1778612400000,1313
2026-05-12 19:01:00+00:00,63941.711485,736.24,736.22,736.29,736.29,736.2,1778612460000,1252
2026-05-12 19:02:00+00:00,47660.053731,736.2628,736.29,736.205,736.33,736.17,1778612520000,1122
2026-05-12 19:03:00+00:00,58190.181752,736.2066,736.205,736.2199,736.26,736.1697,1778612580000,1286
2026-05-12 19:04:00+00:00,58861.324034,736.2183,736.22,736.26,736.26,736.18,1778612640000,1438
2026-05-12 19:05:00+00:00,65342.777579,736.2451,736.25,736.18,736.29,736.17,1778612700000,1639
2026-05-12 19:06:00+00:00,63424.942519,736.1761,736.18,736.26,736.26,736.09,1778612760000,1509
2026-05-12 19:07:00+00:00,209479.324385,738.0413,736.26,736.425,736.52,736.25,1778612820000,1684
2026-05-12 19:08:00+00:00,77101.302922,736.4824,736.42,736.545,736.56,736.36,1778612880000,1478
2026-05-12 19:09:00+00:00,129732.520744,736.5195,736.55,736.48,736.63,736.38,1778612940000,2089
2026-05-12 19:10:00+00:00,69174.882568,736.5359,736.47,736.55,736.61,736.465,1778613000000,1518
2026-05-12 19:11:00+00:00,72416.16619,736.6989,736.54,736.73,736.77,736.54,1778613060000,1588
2026-05-12 19:12:00+00:00,114869.037935,736.8174,736.72,736.91,736.92,736.71,1778613120000,2216
2026-05-12 19:13:00+00:00,103317.78051,737.0112,736.92,737.14,737.15,736.91,1778613180000,2017
2026-05-12 19:14:00+00:00,109803.621198,737.2013,737.15,737.12,737.32,737.08,1778613240000,1786
2026-05-12 19:15:00+00:00,92019.678022,737.3081,737.12,737.31,737.42,737.12,1778613300000,1656
2026-05-12 19:16:00+00:00,98459.571317,737.1583,737.31,737.05,737.31,737.05,1778613360000,1562
2026-05-12 19:17:00+00:00,73774.53109,737.1051,737.05,737.16,737.17,737.0128,1778613420000,1420
2026-05-12 19:18:00+00:00,91624.839904,737.0358,737.17,737.03,737.17,736.96,1778613480000,1804
2026-05-12 19:19:00+00:00,67356.687063,737.042,737.02,736.98,737.12,736.94,1778613540000,1383
2026-05-12 19:20:00+00:00,96840.832492,736.9065,737.02,736.79,737.05,736.78,1778613600000,1899
2026-05-12 19:21:00+00:00,90948.820558,736.7191,736.79,736.68,736.86,736.625,1778613660000,1799
2026-05-12 19:22:00+00:00,77715.299836,736.6179,736.65,736.58,736.76,736.53,1778613720000,1378
2026-05-12 19:23:00+00:00,49571.306097,736.6323,736.57,736.67,736.7,736.55,1778613780000,1107
2026-05-12 19:24:00+00:00,77978.507854,736.8744,736.68,736.9799,737.01,736.64,1778613840000,1500
2026-05-12 19:25:00+00:00,67169.576515,736.9973,736.97,737.02,737.06,736.92,1778613900000,1354
2026-05-12 19:26:00+00:00,60605.606485,736.9936,737.01,737.0,737.045,736.95,1778613960000,1267
2026-05-12 19:27:00+00:00,68782.172407,737.0425,736.995,737.01,737.11,736.98,1778614020000,1348
2026-05-12 19:28:00+00:00,71190.774888,737.0544,737.01,737.09,737.1,737.01,1778614080000,1185
2026-05-12 19:29:00+00:00,85522.267449,737.0697,737.09,737.08,737.13,736.98,1778614140000,1655
2026-05-12 19:30:00+00:00,119879.828351,737.2175,737.08,737.37,737.39,737.07,1778614200000,1793
2026-05-12 19:31:00+00:00,71543.640624,737.4049,737.36,737.4,737.5,737.31,1778614260000,1348
2026-05-12 19:32:00+00:00,235789.761353,738.3673,737.42,737.611,737.64,737.38,1778614320000,1832
2026-05-12 19:33:00+00:00,126084.388975,737.661,737.64,737.74,737.76,737.58,1778614380000,1781
2026-05-12 19:34:00+00:00,126895.718187,737.8804,737.735,737.88,738.05,737.72,1778614440000,2047
2026-05-12 19:35:00+00:00,152136.853173,737.8468,737.89,737.7356,737.92,737.73,1778614500000,2397
2026-05-12 19:36:00+00:00,108116.049853,737.7518,737.75,737.78,737.81,737.68,1778614560000,1733
2026-05-12 19:37:00+00:00,78890.293245,737.7644,737.77,737.79,737.84,737.69,1778614620000,1622
2026-05-12 19:38:00+00:00,85505.490524,737.7476,737.79,737.71,737.83,737.69,1778614680000,1413
2026-05-12 19:39:00+00:00,102875.161001,737.7797,737.705,737.79,737.84,737.7,1778614740000,1284
2026-05-12 19:40:00+00:00,115868.308179,737.7243,737.79,737.66,737.79,737.65,1778614800000,1678
2026-05-12 19:41:00+00:00,255172.204615,738.4082,737.67,737.695,737.75,737.65,1778614860000,1629
2026-05-12 19:42:00+00:00,122428.748199,737.7793,737.7,737.87,737.91,737.6,1778614920000,1598
2026-05-12 19:43:00+00:00,130242.443545,737.8981,737.88,737.88,737.97,737.83,1778614980000,1861
2026-05-12 19:44:00+00:00,188152.553199,738.004,737.88,737.9601,738.07,737.88,1778615040000,2353
2026-05-12 19:45:00+00:00,142480.476636,737.859,737.96,737.77,738.0,737.74,1778615100000,2121
2026-05-12 19:46:00+00:00,185467.24824,737.7986,737.765,737.77,737.84,737.75,1778615160000,2052
2026-05-12 19:47:00+00:00,123151.951541,737.9788,737.765,738.04,738.08,737.755,1778615220000,1967
2026-05-12 19:48:00+00:00,125311.052287,738.1238,738.03,738.08,738.18,738.03,1778615280000,1979
2026-05-12 19:49:00+00:00,141158.085881,738.0342,738.08,738.05,738.13,737.93,1778615340000,2489
2026-05-12 19:50:00+00:00,346253.716732,738.2645,738.05,738.32,738.41,738.05,1778615400000,4486
2026-05-12 19:51:00+00:00,261594.257623,738.4229,738.34,738.48,738.57,738.28,1778615460000,3438
2026-05-12 19:52:00+00:00,355023.521694,738.4242,738.49,738.53,738.54,738.19,1778615520000,4559
2026-05-12 19:53:00+00:00,290523.45108,738.7013,738.51,738.82,738.84,738.46,1778615580000,4487
2026-05-12 19:54:00+00:00,412307.958665,738.4913,738.82,738.34,738.82,738.265,1778615640000,5352
2026-05-12 19:55:00+00:00,719539.984823,738.5149,738.34,738.36,738.56,738.24,1778615700000,5274
2026-05-12 19:56:00+00:00,552050.985577,738.7107,738.35,738.38,738.44,738.28,1778615760000,3674
2026-05-12 19:57:00+00:00,312509.140076,738.2667,738.37,738.26,738.375,738.15,1778615820000,4385
2026-05-12 19:58:00+00:00,792173.222576,738.5868,738.26,738.28,738.48,738.19,1778615880000,6237
2026-05-12 19:59:00+00:00,1365857.798326,738.283,738.27,738.22,738.36,737.85,1778615940000,10030
2026-05-12 20:00:00+00:00,284009.968298,738.3977,738.22,737.63,738.23,737.5948,1778616000000,571
2026-05-12 20:01:00+00:00,83426.496599,737.4816,737.65,737.4447,737.65,737.3,1778616060000,424
2026-05-12 20:02:00+00:00,27436.625529,737.3871,737.43,737.4099,737.44,737.3,1778616120000,179
2026-05-12 20:03:00+00:00,69710.452329,737.3444,737.41,737.29,737.41,737.26,1778616180000,230
2026-05-12 20:04:00+00:00,25431.297037,737.3056,737.33,737.32,737.36,737.26,1778616240000,166
2026-05-12 20:05:00+00:00,44767.681907,737.2232,737.3104,737.1,737.4,737.09,1778616300000,250
2026-05-12 20:06:00+00:00,315396.365861,738.7127,737.11,737.14,737.2,737.1,1778616360000,251
2026-05-12 20:07:00+00:00,59421.679373,737.2819,737.22,737.31,737.33,737.22,1778616420000,246
2026-05-12 20:08:00+00:00,696756.218226,737.9235,737.28,737.16,737.28,737.15,1778616480000,105
2026-05-12 20:09:00+00:00,22008.440054,737.1586,737.16,737.2,737.2,737.11,1778616540000,109
2026-05-12 20:10:00+00:00,22814.542154,737.2326,737.2,737.1,737.29,737.0826,1778616600000,150
2026-05-12 20:11:00+00:00,7843.737449,737.1025,737.09,737.03,737.12,737.03,1778616660000,86
2026-05-12 20:12:00+00:00,615149.558551,737.9243,737.02,737.12,737.12,737.02,1778616720000,99
2026-05-12 20:13:00+00:00,23505.461692,737.2995,737.1213,737.25,737.37,737.1213,1778616780000,143
2026-05-12 20:14:00+00:00,461867.593402,737.3186,737.25,737.42,737.54,737.21,1778616840000,389
2026-05-12 20:15:00+00:00,25218.512869,737.5634,737.47,737.62,737.64,737.45,1778616900000,161
2026-05-12 20:16:00+00:00,7476.997058,737.4765,737.5699,737.38,737.5699,737.37,1778616960000,88
2026-05-12 20:17:00+00:00,9209.612038,737.3649,737.42,737.3494,737.44,737.33,1778617020000,43
2026-05-12 20:18:00+00:00,14234.398518,737.396,737.4,737.4695,737.48,737.3667,1778617080000,40
2026-05-12 20:19:00+00:00,4239.05092,737.4396,737.46,737.38,737.46,737.38,1778617140000,34
2026-05-12 20:20:00+00:00,505233.059262,737.939,737.39,737.33,737.9454,737.3,1778617200000,69
2026-05-12 20:21:00+00:00,1581042.45136,737.9416,737.32,737.33,737.34,737.2789,1778617260000,68
2026-05-12 20:22:00+00:00,16969.025245,737.4354,737.4,737.43,737.47,737.4,1778617320000,123
2026-05-12 20:23:00+00:00,12146.364059,737.4393,737.42,737.36,737.5,737.36,1778617380000,119
2026-05-12 20:24:00+00:00,3094.199769,737.3893,737.4,737.35,737.4,737.35,1778617440000,66
2026-05-12 20:25:00+00:00,2085.102384,737.2674,737.34,737.2,737.34,737.2,1778617500000,60
2026-05-12 20:26:00+00:00,140666.540462,738.9053,737.2,737.11,737.22,737.09,1778617560000,191
2026-05-12 20:27:00+00:00,3844.908563,737.2002,737.12,737.2301,737.2301,737.12,1778617620000,65
2026-05-12 20:28:00+00:00,26981.778823,737.2594,737.27,737.23,737.33,737.2,1778617680000,187
2026-05-12 20:29:00+00:00,2387.402604,737.2448,737.24,737.33,737.33,737.24,1778617740000,37
2026-05-12 20:30:00+00:00,2173.338251,737.3619,737.37,737.39,737.39,737.34,1778617800000,35
2026-05-12 20:31:00+00:00,1244.243875,737.3334,737.37,737.32,737.37,737.32,1778617860000,42
2026-05-12 20:32:00+00:00,9665.144649,737.2048,737.35,737.19,737.35,737.18,1778617920000,59
2026-05-12 20:33:00+00:00,5261.961425,737.1479,737.18,737.17,737.18,737.12,1778617980000,64
2026-05-12 20:34:00+00:00,1005.546377,737.1241,737.16,737.08,737.16,737.08,1778618040000,38
2026-05-12 20:35:00+00:00,2002.304103,737.0695,737.06,737.11,737.11,737.06,1778618100000,46
2026-05-12 20:36:00+00:00,7961.581079,737.2045,737.13,737.23,737.25,737.11,1778618160000,68
2026-05-12 20:37:00+00:00,9282.513769,737.2959,737.27,737.4,737.4,737.27,1778618220000,90
2026-05-12 20:38:00+00:00,41837.631134,737.4418,737.4,737.49,737.49,737.33,1778618280000,247
2026-05-12 20:39:00+00:00,295.039622,737.4346,737.466,737.41,737.466,737.41,1778618340000,24
2026-05-12 20:40:00+00:00,1152.361751,737.4972,737.42,737.5,737.53,737.42,1778618400000,32
2026-05-12 20:41:00+00:00,1549.423966,737.5002,737.53,737.45,737.53,737.45,1778618460000,25
2026-05-12 20:42:00+00:00,479.057922,737.4421,737.45,737.43,737.45,737.43,1778618520000,21
2026-05-12 20:43:00+00:00,1096.848374,737.3851,737.4,737.43,737.43,737.36,1778618580000,36
2026-05-12 20:44:00+00:00,3404.850371,736.9337,737.39,737.4239,737.44,737.39,1778618640000,31
2026-05-12 20:45:00+00:00,770.477383,737.457,737.41,737.48,737.48,737.41,1778618700000,34
2026-05-12 20:46:00+00:00,10978.207184,737.4907,737.43,737.4699,737.505,737.42,1778618760000,78
2026-05-12 20:47:00+00:00,617.442913,737.4671,737.48,737.46,737.48,737.46,1778618820000,24
2026-05-12 20:48:00+00:00,2525.326236,737.4802,737.49,737.47,737.49,737.46,1778618880000,27
2026-05-12 20:49:00+00:00,4218.615498,737.4763,737.46,737.48,737.49,737.46,1778618940000,47
2026-05-12 20:50:00+00:00,27954.606358,737.4667,737.49,737.51,737.51,737.45,1778619000000,110
2026-05-12 20:51:00+00:00,1536.002582,737.4923,737.52,737.4899,737.52,737.48,1778619060000,16
2026-05-12 20:52:00+00:00,294.15105,737.4872,737.47,737.49,737.49,737.47,1778619120000,10
2026-05-12 20:53:00+00:00,263.308887,737.5616,737.56,737.56,737.56,737.56,1778619180000,15
2026-05-12 20:54:00+00:00,2319.560844,737.616,737.58,737.65,737.65,737.58,1778619240000,38
2026-05-12 20:55:00+00:00,5708.034049,737.6229,737.64,737.58,737.68,737.58,1778619300000,60
2026-05-12 20:56:00+00:00,377.325332,737.4984,737.491,737.46,737.491,737.46,1778619360000,21
2026-05-12 20:57:00+00:00,2680.483242,737.447,737.47,737.43,737.49,737.43,1778619420000,31
2026-05-12 20:58:00+00:00,9810.382727,737.4749,737.489,737.47,737.5,737.46,1778619480000,51
2026-05-12 20:59:00+00:00,3047.435207,737.4628,737.47,737.47,737.47,737.44,1778619540000,92
2026-05-12 21:00:00+00:00,2735.156878,737.4364,737.47,737.43,737.47,737.43,1778619600000,31
2026-05-12 21:01:00+00:00,2806.182105,737.4132,737.43,737.4,737.43,737.4,1778619660000,49
2026-05-12 21:03:00+00:00,875.025972,737.4057,737.37,737.43,737.43,737.37,1778619780000,20
2026-05-12 21:04:00+00:00,487.320972,737.3689,737.36,737.39,737.39,737.36,1778619840000,17
2026-05-12 21:05:00+00:00,872.09182,737.419,737.43,737.41,737.44,737.37,1778619900000,22
2026-05-12 21:06:00+00:00,4164.613433,737.3612,737.37,737.36,737.37,737.36,1778619960000,25
2026-05-12 21:07:00+00:00,505.260773,737.2769,737.34,737.2971,737.34,737.25,1778620020000,25
2026-05-12 21:08:00+00:00,2511.105473,737.2615,737.32,737.24,737.32,737.24,1778620080000,36
2026-05-12 21:09:00+00:00,123.0,737.2333,737.23,737.231,737.231,737.23,1778620140000,10
2026-05-12 21:10:00+00:00,492657.101286,738.1786,737.24,737.24,737.24,737.2399,1778620200000,20
2026-05-12 21:11:00+00:00,2518.547726,737.2626,737.2763,737.25,737.35,737.25,1778620260000,29
2026-05-12 21:12:00+00:00,995.135629,737.3375,737.35,737.3533,737.3599,737.26,1778620320000,19
2026-05-12 21:13:00+00:00,2180.410651,737.2651,737.25,737.35,737.35,737.25,1778620380000,22
2026-05-12 21:14:00+00:00,638.151181,737.2629,737.26,737.26,737.26,737.26,1778620440000,15
2026-05-12 21:15:00+00:00,3724.30211,737.2538,737.2838,737.25,737.2838,737.2,1778620500000,38
2026-05-12 21:16:00+00:00,312.136691,737.2063,737.22,737.2,737.22,737.2,1778620560000,23
2026-05-12 21:17:00+00:00,2492.017551,737.1607,737.2,737.15,737.2,737.0899,1778620620000,41
2026-05-12 21:18:00+00:00,9120.443604,737.1278,737.1,737.12,737.2,737.05,1778620680000,99
2026-05-12 21:19:00+00:00,2988.643422,737.2115,737.15,737.23,737.23,737.15,1778620740000,29
2026-05-12 21:21:00+00:00,1768.554317,737.1498,737.2,737.14,737.2,737.13,1778620860000,31
2026-05-12 21:22:00+00:00,2063.873514,737.1657,737.1548,737.23,737.23,737.12,1778620920000,43
2026-05-12 21:23:00+00:00,1018.360347,737.2258,737.23,737.2001,737.23,737.2001,1778620980000,26
2026-05-12 21:24:00+00:00,1059.076303,737.2017,737.23,737.2,737.23,737.2,1778621040000,29
2026-05-12 21:25:00+00:00,997.497261,737.211,737.211,737.21,737.211,737.21,1778621100000,11
2026-05-12 21:26:00+00:00,237.868603,737.2101,737.21,737.21,737.21,737.21,1778621160000,13
2026-05-12 21:27:00+00:00,1265.820257,737.2278,737.21,737.25,737.25,737.2,1778621220000,26
2026-05-12 21:28:00+00:00,135.308075,737.252,737.25,737.26,737.26,737.25,1778621280000,11
2026-05-12 21:29:00+00:00,278.137649,737.2407,737.2425,737.2425,737.2425,737.2425,1778621340000,11
2026-05-12 21:30:00+00:00,315.243102,737.2478,737.2561,737.2576,737.2576,737.24,1778621400000,28
2026-05-12 21:31:00+00:00,3228.399349,737.2518,737.26,737.23,737.27,737.2299,1778621460000,24
2026-05-12 21:32:00+00:00,71.762436,737.2299,737.23,737.23,737.23,737.23,1778621520000,9
2026-05-12 21:33:00+00:00,170.305729,737.1821,737.23,737.23,737.23,737.23,1778621580000,14
2026-05-12 21:34:00+00:00,1360.130877,737.2601,737.26,737.32,737.32,737.25,1778621640000,27
2026-05-12 21:35:00+00:00,108.207005,737.3515,737.35,737.35,737.35,737.35,1778621700000,9
2026-05-12 21:36:00+00:00,460.224874,737.2961,737.2645,737.28,737.4,737.2645,1778621760000,19
2026-05-12 21:37:00+00:00,275.101259,737.2929,737.28,737.3,737.3,737.28,1778621820000,12
2026-05-12 21:38:00+00:00,203.385698,737.3501,737.35,737.35,737.35,737.35,1778621880000,10
2026-05-12 21:39:00+00:00,122.45186,737.3389,737.35,737.35,737.35,737.35,1778621940000,15
2026-05-12 21:40:00+00:00,1623.486859,737.3044,737.31,737.3,737.314,737.3,1778622000000,39
2026-05-12 21:41:00+00:00,227.69727,737.3212,737.2808,737.35,737.36,737.2808,1778622060000,11
2026-05-12 21:42:00+00:00,418.037956,737.326,737.3874,737.3101,737.3874,737.31,1778622120000,15
2026-05-12 21:43:00+00:00,274.155623,737.3285,737.28,737.35,737.35,737.28,1778622180000,14
2026-05-12 21:45:00+00:00,586.869702,737.3496,737.35,737.35,737.35,737.35,1778622300000,21
2026-05-12 21:46:00+00:00,508.596117,737.3494,737.35,737.35,737.35,737.35,1778622360000,21
2026-05-12 21:47:00+00:00,730.056697,737.3285,737.3435,737.3,737.35,737.3,1778622420000,31
2026-05-12 21:48:00+00:00,347.088456,737.3076,737.31,737.3,737.31,737.3,1778622480000,16
2026-05-12 21:50:00+00:00,783.209854,737.3651,737.34,737.3501,737.39,737.34,1778622600000,19
2026-05-12 21:51:00+00:00,583.340045,737.3451,737.34,737.34,737.34,737.34,1778622660000,14
2026-05-12 21:52:00+00:00,614.184629,737.3865,737.39,737.37,737.39,737.37,1778622720000,12
2026-05-12 21:53:00+00:00,113.875103,737.3623,737.3575,737.37,737.37,737.3575,1778622780000,15
2026-05-12 21:55:00+00:00,5588.044262,737.398,737.35,737.4,737.4199,737.35,1778622900000,37
2026-05-12 21:56:00+00:00,574.968001,737.3925,737.36,737.39,737.43,737.36,1778622960000,21
2026-05-12 21:57:00+00:00,64.183682,737.3968,737.4,737.4,737.4,737.4,1778623020000,6
2026-05-12 21:58:00+00:00,153.150219,737.4069,737.4,737.4,737.4,737.4,1778623080000,16
2026-05-12 21:59:00+00:00,8213.193632,737.3943,737.42,737.36,737.43,737.35,1778623140000,70
2026-05-12 22:00:00+00:00,43229.286372,737.4889,737.42,737.7,737.7,737.42,1778623200000,247
2026-05-12 22:01:00+00:00,14057.159371,737.7611,737.6999,737.7782,737.82,737.6999,1778623260000,100
2026-05-12 22:02:00+00:00,5894.031928,737.7694,737.64,737.87,737.87,737.63,1778623320000,88
2026-05-12 22:03:00+00:00,858.512433,737.7725,737.86,737.72,737.86,737.72,1778623380000,26
2026-05-12 22:04:00+00:00,578.075818,737.7999,737.76,737.84,737.84,737.76,1778623440000,18
2026-05-12 22:05:00+00:00,879.137015,737.8857,737.8405,737.9395,737.9395,737.8405,1778623500000,29
2026-05-12 22:06:00+00:00,289.359515,737.8932,737.881,737.883,737.883,737.881,1778623560000,15
2026-05-12 22:07:00+00:00,760.623139,737.9065,737.95,737.85,737.95,737.85,1778623620000,26
2026-05-12 22:08:00+00:00,1535.040256,737.7844,737.82,737.71,737.82,737.71,1778623680000,23
2026-05-12 22:09:00+00:00,3202.08164,737.7793,737.78,737.78,737.78,737.77,1778623740000,28
2026-05-12 22:10:00+00:00,1165.434162,737.7805,737.78,737.78,737.78,737.78,1778623800000,18
2026-05-12 22:12:00+00:00,2075.788958,737.8036,737.8,737.78,737.86,737.78,1778623920000,22
2026-05-12 22:13:00+00:00,106.517363,737.7783,737.7795,737.7795,737.7795,737.7795,1778623980000,8
2026-05-12 22:14:00+00:00,2755.468218,737.7288,737.75,737.76,737.76,737.7,1778624040000,44
2026-05-12 22:15:00+00:00,2041.060221,737.7474,737.76,737.74,737.76,737.74,1778624100000,20
2026-05-12 22:16:00+00:00,2254.490948,737.8201,737.74,737.88,737.88,737.74,1778624160000,40
2026-05-12 22:17:00+00:00,2314.936446,737.9006,737.88,737.92,737.93,737.88,1778624220000,55
2026-05-12 22:18:00+00:00,3366.374904,737.9394,737.92,737.9208,737.98,737.92,1778624280000,33
2026-05-12 22:19:00+00:00,3330.29598,737.9933,737.94,738.0514,738.061,737.94,1778624340000,53
2026-05-12 22:20:00+00:00,1185.776783,738.1172,738.1,738.1063,738.17,738.1,1778624400000,39
2026-05-12 22:21:00+00:00,670.031009,738.1012,738.1,738.1,738.1,738.1,1778624460000,18
2026-05-12 22:22:00+00:00,110.389796,738.0974,738.1,738.1,738.1,738.1,1778624520000,14
2026-05-12 22:24:00+00:00,2807.124324,738.0548,738.051,738.1207,738.1207,738.04,1778624640000,29
2026-05-12 22:25:00+00:00,230.93938,738.1236,738.13,738.13,738.13,738.13,1778624700000,20
2026-05-12 22:26:00+00:00,1791.647261,738.0975,738.1107,738.06,738.13,738.06,1778624760000,26
2026-05-12 22:27:00+00:00,352.020563,738.0943,738.1235,738.08,738.1235,738.08,1778624820000,16
2026-05-12 22:28:00+00:00,151.416508,738.0088,738.0,738.0,738.0,738.0,1778624880000,28
2026-05-12 22:29:00+00:00,105.35926,737.9991,738.001,738.001,738.001,738.001,1778624940000,15
2026-05-12 22:30:00+00:00,137.173066,737.9937,737.9905,737.9905,737.9905,737.9905,1778625000000,7
2026-05-12 22:32:00+00:00,602.886765,738.0068,738.0,738.08,738.08,738.0,1778625120000,16
2026-05-12 22:33:00+00:00,284.415721,738.0462,738.06,738.04,738.06,738.04,1778625180000,15
2026-05-12 22:36:00+00:00,166.319456,738.0417,738.03,738.03,738.03,738.03,1778625360000,10
2026-05-12 22:39:00+00:00,262.281041,738.0134,738.03,738.0101,738.03,738.0101,1778625540000,10
2026-05-12 22:40:00+00:00,302.163541,738.014,738.02,738.02,738.02,737.99,1778625600000,22
2026-05-12 22:41:00+00:00,182.32614,738.0071,738.0,738.02,738.02,738.0,1778625660000,22
2026-05-12 22:42:00+00:00,907.013331,737.9427,738.02,737.9218,738.02,737.921,1778625720000,16
2026-05-12 22:43:00+00:00,121.094984,737.8923,737.891,737.891,737.891,737.891,1778625780000,10
2026-05-12 22:44:00+00:00,879.06033,737.905,737.8908,737.93,737.93,737.8908,1778625840000,12
2026-05-12 22:45:00+00:00,129.715586,737.9278,737.9208,737.9208,737.9208,737.9208,1778625900000,19
2026-05-12 22:46:00+00:00,2118.060986,738.0128,738.0,738.01,738.0274,738.0,1778625960000,27
2026-05-12 22:47:00+00:00,414.221822,737.9753,737.9784,737.95,737.9799,737.95,1778626020000,20
2026-05-12 22:48:00+00:00,150.273033,737.9427,737.934,737.96,737.96,737.934,1778626080000,7
2026-05-12 22:49:00+00:00,310.987343,737.9327,737.91,737.947,737.947,737.89,1778626140000,15
2026-05-12 22:50:00+00:00,166.165079,737.938,737.9352,737.9422,737.9422,737.9352,1778626200000,14
2026-05-12 22:51:00+00:00,427.093629,737.8851,737.88,737.89,737.89,737.86,1778626260000,22
2026-05-12 22:52:00+00:00,146.156553,737.8712,737.87,737.87,737.87,737.87,1778626320000,14
2026-05-12 22:54:00+00:00,6139.686414,737.9878,737.98,737.931,737.99,737.931,1778626440000,45
2026-05-12 22:55:00+00:00,347.547236,737.9384,737.95,737.93,737.95,737.93,1778626500000,17
2026-05-12 22:56:00+00:00,587.450501,737.7683,737.761,737.78,737.78,737.76,1778626560000,35
2026-05-12 22:57:00+00:00,304.079581,737.7109,737.71,737.71,737.71,737.71,1778626620000,17
2026-05-12 22:58:00+00:00,1101.392661,737.6742,737.7,737.67,737.7,737.66,1778626680000,28
2026-05-12 22:59:00+00:00,2022.049874,737.6431,737.65,737.63,737.66,737.63,1778626740000,27
2026-05-12 23:00:00+00:00,576.149589,737.6752,737.66,737.67,737.7,737.66,1778626800000,20
2026-05-12 23:01:00+00:00,1688.17623,737.6651,737.64,737.6601,737.67,737.64,1778626860000,30
2026-05-12 23:02:00+00:00,1588.147668,737.6219,737.63,737.48,737.66,737.48,1778626920000,31
2026-05-12 23:03:00+00:00,128.018938,737.5817,737.58,737.58,737.58,737.58,1778626980000,11
2026-05-12 23:04:00+00:00,570.588593,737.5187,737.52,737.5,737.52,737.5,1778627040000,16
2026-05-12 23:05:00+00:00,1427.496867,737.4838,737.52,737.45,737.53,737.45,1778627100000,22
2026-05-12 23:06:00+00:00,894.353041,737.4336,737.4,737.44,737.44,737.4,1778627160000,27
2026-05-12 23:07:00+00:00,280.479562,737.5124,737.48,737.54,737.54,737.48,1778627220000,35
2026-05-12 23:08:00+00:00,353.113527,737.5703,737.6,737.55,737.6,737.55,1778627280000,22
2026-05-12 23:09:00+00:00,850.66761,737.5178,737.55,737.5,737.55,737.5,1778627340000,21
2026-05-12 23:10:00+00:00,322.003754,737.5503,737.55,737.55,737.55,737.55,1778627400000,10
2026-05-12 23:11:00+00:00,4124.412064,737.6782,737.59,737.68,737.79,737.59,1778627460000,94
2026-05-12 23:12:00+00:00,91.064999,737.6953,737.72,737.72,737.72,737.72,1778627520000,10
2026-05-12 23:13:00+00:00,7751.059975,737.5149,737.63,737.5111,737.63,737.41,1778627580000,59
2026-05-12 23:14:00+00:00,84.280115,737.4694,737.46,737.48,737.48,737.46,1778627640000,7
2026-05-12 23:15:00+00:00,358.573105,737.5233,737.5,737.55,737.55,737.5,1778627700000,14
2026-05-12 23:16:00+00:00,593.206304,737.5496,737.55,737.55,737.56,737.55,1778627760000,26
2026-05-12 23:17:00+00:00,210.027705,737.4987,737.49,737.51,737.51,737.49,1778627820000,16
2026-05-12 23:18:00+00:00,213.341115,737.4595,737.46,737.46,737.46,737.46,1778627880000,10
2026-05-12 23:19:00+00:00,377.524593,737.4258,737.43,737.43,737.43,737.42,1778627940000,15
2026-05-12 23:20:00+00:00,851.347397,737.3937,737.38,737.4,737.4,737.37,1778628000000,28
2026-05-12 23:21:00+00:00,219.014928,737.3779,737.39,737.38,737.39,737.38,1778628060000,19
2026-05-12 23:22:00+00:00,450.378542,737.4076,737.41,737.4,737.41,737.4,1778628120000,22
2026-05-12 23:23:00+00:00,513.803737,737.45,737.48,737.36,737.48,737.36,1778628180000,27
2026-05-12 23:24:00+00:00,1255.106772,737.4321,737.35,737.5,737.5,737.35,1778628240000,34
2026-05-12 23:25:00+00:00,240.278966,737.4856,737.5,737.5,737.5,737.5,1778628300000,19
2026-05-12 23:27:00+00:00,432.133808,737.4024,737.4,737.39,737.4,737.39,1778628420000,20
2026-05-12 23:28:00+00:00,1961.635803,737.3977,737.4,737.42,737.42,737.37,1778628480000,53
2026-05-12 23:29:00+00:00,652.693781,737.4068,737.43,737.41,737.43,737.381,1778628540000,31
2026-05-12 23:30:00+00:00,1407.230365,737.3662,737.35,737.38,737.39,737.33,1778628600000,46
2026-05-12 23:31:00+00:00,341.201018,737.3581,737.38,737.36,737.38,737.34,1778628660000,13
2026-05-12 23:32:00+00:00,394.608447,737.3034,737.36,737.28,737.36,737.28,1778628720000,22
2026-05-12 23:33:00+00:00,254.621932,737.2915,737.27,737.3,737.3,737.27,1778628780000,19
2026-05-12 23:34:00+00:00,570.015379,737.3084,737.311,737.31,737.311,737.3,1778628840000,15
2026-05-12 23:35:00+00:00,975.009952,737.2941,737.3,737.3,737.3,737.28,1778628900000,25
2026-05-12 23:36:00+00:00,3742.933419,737.2489,737.261,737.27,737.27,737.23,1778628960000,40
2026-05-12 23:37:00+00:00,1248.16633,737.2614,737.23,737.28,737.31,737.23,1778629020000,32
2026-05-12 23:38:00+00:00,742.522482,737.181,737.26,737.1,737.26,737.1,1778629080000,45
2026-05-12 23:39:00+00:00,456.320702,737.1041,737.08,737.13,737.13,737.08,1778629140000,24
2026-05-12 23:40:00+00:00,333.644063,737.1114,737.1,737.12,737.12,737.1,1778629200000,13
2026-05-12 23:41:00+00:00,1365.348282,737.0018,737.05,736.93,737.05,736.93,1778629260000,73
2026-05-12 23:42:00+00:00,1660.430191,736.9149,736.921,736.9,736.921,736.9,1778629320000,49
2026-05-12 23:43:00+00:00,1161.196862,736.8053,736.83,736.81,736.83,736.8,1778629380000,59
2026-05-12 23:44:00+00:00,427.061197,736.7586,736.78,736.74,736.78,736.74,1778629440000,23
2026-05-12 23:45:00+00:00,252.549555,736.7821,736.8,736.8,736.8,736.8,1778629500000,36
2026-05-12 23:46:00+00:00,1397.71473,736.8169,736.8318,736.79,736.8825,736.79,1778629560000,25
2026-05-12 23:47:00+00:00,2357.009396,736.8528,736.86,736.75,736.86,736.75,1778629620000,18
2026-05-12 23:48:00+00:00,67.098975,736.8786,736.88,736.88,736.88,736.88,1778629680000,6
2026-05-12 23:49:00+00:00,1076.192696,736.9715,736.92,736.86,737.04,736.86,1778629740000,40
2026-05-12 23:50:00+00:00,139.104717,736.9171,736.9,736.9,736.9,736.9,1778629800000,16
2026-05-12 23:51:00+00:00,317.959146,736.9879,736.97,737.02,737.02,736.97,1778629860000,34
2026-05-12 23:52:00+00:00,248.679899,736.9944,737.0,737.02,737.02,736.92,1778629920000,23
2026-05-12 23:53:00+00:00,702.729705,737.0139,737.02,737.03,737.03,737.0,1778629980000,21
2026-05-12 23:54:00+00:00,1006.710114,736.9494,736.96,736.94,736.96,736.94,1778630040000,24
2026-05-12 23:55:00+00:00,935.924398,736.8631,736.89,736.82,736.89,736.82,1778630100000,34
2026-05-12 23:56:00+00:00,557.090659,736.7983,736.815,736.78,736.815,736.78,1778630160000,20
2026-05-12 23:57:00+00:00,3571.091832,736.7223,736.79,736.7013,736.79,736.67,1778630220000,42
2026-05-12 23:58:00+00:00,985.264843,736.7075,736.6828,736.75,736.75,736.6828,1778630280000,22
2026-05-12 23:59:00+00:00,867.059505,736.701,736.75,736.67,736.75,736.67,1778630340000,27
