Datetime,Open,High,Low,Close,Volume
2025-02-03 09:00:00+00:00,593.91,594.6,590.36,593.56,91506.0
2025-02-03 09:05:00+00:00,593.51,593.6,593.16,593.3,88860.0
2025-02-03 09:10:00+00:00,593.01,593.28,592.71,593.21,19431.0
2025-02-03 09:15:00+00:00,593.22,593.22,592.6,592.6,16055.0
2025-02-03 09:20:00+00:00,592.37,592.91,592.26,592.68,7465.0
2025-02-03 09:25:00+00:00,592.99,593.0,592.73,592.9,10692.0
2025-02-03 09:30:00+00:00,593.0,593.38,592.95,593.32,8097.0
2025-02-03 09:35:00+00:00,593.25,593.25,592.8,592.8,1327.0
2025-02-03 09:40:00+00:00,592.69,592.86,592.31,592.31,4713.0
2025-02-03 09:45:00+00:00,592.52,592.52,592.22,592.28,2013.0
2025-02-03 09:50:00+00:00,592.49,592.49,592.29,592.44,1618.0
2025-02-03 09:55:00+00:00,592.31,592.31,592.11,592.11,4899.0
2025-02-03 10:00:00+00:00,592.3,592.31,591.8,591.81,23817.0
2025-02-03 10:05:00+00:00,592.5,592.69,592.42,592.69,5230.0
2025-02-03 10:10:00+00:00,592.85,592.85,592.47,592.75,3370.0
2025-02-03 10:15:00+00:00,592.76,592.76,592.66,592.71,7871.0
2025-02-03 10:20:00+00:00,592.69,592.88,592.53,592.65,9213.0
2025-02-03 10:25:00+00:00,592.83,592.83,592.71,592.71,695.0
2025-02-03 10:30:00+00:00,592.97,593.5,592.97,593.43,23382.0
2025-02-03 10:35:00+00:00,593.46,593.53,593.4,593.45,48473.0
2025-02-03 10:40:00+00:00,593.59,593.77,593.4,593.69,35495.0
2025-02-03 10:45:00+00:00,593.4,593.41,593.35,593.4,3849.0
2025-02-03 10:50:00+00:00,593.48,593.48,593.15,593.22,1557.0
2025-02-03 10:55:00+00:00,593.38,593.38,593.36,593.36,351.0
2025-02-03 11:00:00+00:00,593.61,594.0,593.61,593.95,3456.0
2025-02-03 11:05:00+00:00,593.9,594.23,593.9,594.07,6887.0
2025-02-03 11:10:00+00:00,594.17,594.3,594.08,594.25,17071.0
2025-02-03 11:15:00+00:00,594.24,594.24,593.84,593.85,28487.0
2025-02-03 11:20:00+00:00,593.88,593.96,593.75,593.8,27565.0
2025-02-03 11:25:00+00:00,593.77,593.89,593.55,593.59,14396.0
2025-02-03 11:30:00+00:00,593.66,593.76,593.41,593.41,2762.0
2025-02-03 11:35:00+00:00,593.43,593.5,593.26,593.29,30644.0
2025-02-03 11:40:00+00:00,593.32,593.33,593.19,593.25,50498.0
2025-02-03 11:45:00+00:00,593.41,593.42,593.0,593.07,47005.0
2025-02-03 11:50:00+00:00,593.09,593.11,592.78,592.78,26016.0
2025-02-03 11:55:00+00:00,592.87,593.32,592.87,593.21,24237.0
2025-02-03 12:00:00+00:00,593.15,593.45,592.85,592.85,64756.0
2025-02-03 12:05:00+00:00,592.83,592.95,592.63,592.64,42465.0
2025-02-03 12:10:00+00:00,592.69,592.8,592.355,592.8,37500.0
2025-02-03 12:15:00+00:00,592.84,593.03,592.47,592.49,27707.0
2025-02-03 12:20:00+00:00,592.54,593.0,592.49,592.84,31879.0
2025-02-03 12:25:00+00:00,592.88,593.1,592.65,592.85,16874.0
2025-02-03 12:30:00+00:00,592.74,592.88,592.29,592.38,26769.0
2025-02-03 12:35:00+00:00,592.301,592.301,591.91,592.03,20815.0
2025-02-03 12:40:00+00:00,592.0,592.17,591.95,591.95,18317.0
2025-02-03 12:45:00+00:00,592.02,592.02,591.55,591.68,40074.0
2025-02-03 12:50:00+00:00,591.65,591.96,591.62,591.75,45737.0
2025-02-03 12:55:00+00:00,591.85,591.93,591.56,591.83,15612.0
2025-02-03 13:00:00+00:00,592.9,594.15,589.5,589.5,317394.0
2025-02-03 13:05:00+00:00,592.53,593.72,592.53,592.84,93742.0
2025-02-03 13:10:00+00:00,592.79,593.41,592.49,593.41,70599.0
2025-02-03 13:15:00+00:00,593.26,593.36,593.06,593.29,42245.0
2025-02-03 13:20:00+00:00,593.33,593.47,592.58,592.82,50464.0
2025-02-03 13:25:00+00:00,592.89,593.01,592.67,592.87,28247.0
2025-02-03 13:30:00+00:00,592.98,593.32,589.5,592.81,98342.0
2025-02-03 13:35:00+00:00,592.66,592.66,592.25,592.32,66821.0
2025-02-03 13:40:00+00:00,592.29,592.52,592.18,592.44,185094.0
2025-02-03 13:45:00+00:00,592.43,592.69,592.2,592.41,40257.0
2025-02-03 13:50:00+00:00,592.41,592.49,592.1,592.49,38408.0
2025-02-03 13:55:00+00:00,592.48,592.54,592.31,592.54,15765.0
2025-02-03 14:00:00+00:00,592.4,592.55,592.23,592.25,13830.0
2025-02-03 14:05:00+00:00,592.31,592.53,592.12,592.12,16784.0
2025-02-03 14:10:00+00:00,592.13,592.92,591.88,592.45,70803.0
2025-02-03 14:15:00+00:00,592.4485,592.48,592.18,592.3,41417.0
2025-02-03 14:20:00+00:00,592.26,592.38,592.04,592.24,43796.0
2025-02-03 14:25:00+00:00,592.18,592.89,591.67,592.6,198129.0
2025-02-03 14:30:00+00:00,592.67,594.12,591.905,593.5,3099513.0
2025-02-03 14:35:00+00:00,593.46,594.37,592.95,594.29,1032301.0
2025-02-03 14:40:00+00:00,594.24,594.26,593.29,593.39,888797.0
2025-02-03 14:45:00+00:00,593.38,593.59,592.42,592.73,1008633.0
2025-02-03 14:50:00+00:00,592.69,593.08,591.6,592.01,1006386.0
2025-02-03 14:55:00+00:00,592.01,592.97,591.66,592.0361,1117610.0
2025-02-03 15:00:00+00:00,591.97,592.24,591.17,591.47,1602710.0
2025-02-03 15:05:00+00:00,591.47,592.34,591.28,592.04,1177907.0
2025-02-03 15:10:00+00:00,592.01,592.035,590.99,591.07,714402.0
2025-02-03 15:15:00+00:00,591.0726,591.2499,590.55,590.552,671395.0
2025-02-03 15:20:00+00:00,590.55,595.57,590.49,595.12,2345680.0
2025-02-03 15:25:00+00:00,595.15,596.6,594.36,596.38,2195588.0
2025-02-03 15:30:00+00:00,596.36,597.07,595.7,596.785,1402462.0
2025-02-03 15:35:00+00:00,596.78,597.5,595.91,596.75,910421.0
2025-02-03 15:40:00+00:00,596.59,598.65,596.17,598.13,1349994.0
2025-02-03 15:45:00+00:00,598.18,598.22,592.44,597.465,797257.0
2025-02-03 15:50:00+00:00,597.51,598.25,597.3,597.53,532172.0
2025-02-03 15:55:00+00:00,597.5,598.3699,597.24,597.88,503353.0
2025-02-03 16:00:00+00:00,597.86,598.7,596.8,597.61,972039.0
2025-02-03 16:05:00+00:00,597.65,597.95,595.76,597.69,1082636.0
2025-02-03 16:10:00+00:00,597.89,598.5,597.72,598.19,326899.0
2025-02-03 16:15:00+00:00,598.17,598.78,597.89,598.68,552197.0
2025-02-03 16:20:00+00:00,598.71,599.25,598.44,598.67,503474.0
2025-02-03 16:25:00+00:00,598.66,598.83,597.555,597.87,433435.0
2025-02-03 16:30:00+00:00,597.87,598.56,597.26,598.48,358562.0
2025-02-03 16:35:00+00:00,598.49,598.74,598.2104,598.72,257452.0
2025-02-03 16:40:00+00:00,598.76,598.9,597.89,598.76,482701.0
2025-02-03 16:45:00+00:00,598.77,599.0,597.9882,598.09,766407.0
2025-02-03 16:50:00+00:00,598.09,599.01,598.029,598.59,620664.0
2025-02-03 16:55:00+00:00,598.56,598.56,596.91,597.3399,707498.0
2025-02-03 17:00:00+00:00,597.32,597.71,596.81,597.19,634727.0
2025-02-03 17:05:00+00:00,597.22,597.53,596.71,597.45,474370.0
2025-02-03 17:10:00+00:00,597.49,597.64,596.69,597.24,271759.0
2025-02-03 17:15:00+00:00,597.21,597.45,596.9251,597.4,226316.0
2025-02-03 17:20:00+00:00,597.46,598.51,597.3901,598.4963,296655.0
2025-02-03 17:25:00+00:00,598.48,598.7,597.37,597.4,310995.0
2025-02-03 17:30:00+00:00,597.39,597.61,596.81,596.92,313471.0
2025-02-03 17:35:00+00:00,596.885,597.13,596.4,596.74,270110.0
2025-02-03 17:40:00+00:00,596.74,596.84,596.38,596.51,275881.0
2025-02-03 17:45:00+00:00,596.53,597.14,596.41,596.84,365877.0
2025-02-03 17:50:00+00:00,596.825,598.08,596.8,597.87,505684.0
2025-02-03 17:55:00+00:00,597.87,597.92,595.97,597.38,1765642.0
2025-02-03 18:00:00+00:00,597.3435,597.625,596.08,597.47,642544.0
2025-02-03 18:05:00+00:00,597.46,597.8,596.4501,596.72,530457.0
2025-02-03 18:10:00+00:00,596.67,597.91,596.43,597.56,293345.0
2025-02-03 18:15:00+00:00,597.61,597.99,597.19,597.3908,348400.0
2025-02-03 18:20:00+00:00,597.36,597.81,597.24,597.569,192299.0
2025-02-03 18:25:00+00:00,597.57,598.26,597.4243,597.795,306371.0
2025-02-03 18:30:00+00:00,597.87,598.44,597.7,598.38,597095.0
2025-02-03 18:35:00+00:00,598.35,598.59,597.8,598.2,310007.0
2025-02-03 18:40:00+00:00,598.18,598.33,597.4201,597.835,222228.0
2025-02-03 18:45:00+00:00,597.86,598.67,597.86,598.45,260654.0
2025-02-03 18:50:00+00:00,598.49,598.92,598.47,598.77,223964.0
2025-02-03 18:55:00+00:00,598.73,599.0,598.69,598.835,546408.0
2025-02-03 19:00:00+00:00,598.81,599.17,598.61,598.8235,585973.0
2025-02-03 19:05:00+00:00,598.8,599.16,598.5,599.06,211443.0
2025-02-03 19:10:00+00:00,599.06,599.72,599.06,599.639,397769.0
2025-02-03 19:15:00+00:00,599.64,600.0,599.59,599.88,559576.0
2025-02-03 19:20:00+00:00,599.9,599.97,599.6,599.88,178586.0
2025-02-03 19:25:00+00:00,599.86,599.92,599.45,599.48,465044.0
2025-02-03 19:30:00+00:00,599.485,599.86,599.38,599.6995,268997.0
2025-02-03 19:35:00+00:00,599.65,599.67,599.245,599.47,278324.0
2025-02-03 19:40:00+00:00,599.48,600.0,599.3102,599.91,354510.0
2025-02-03 19:45:00+00:00,599.9,600.29,599.86,600.14,299805.0
2025-02-03 19:50:00+00:00,600.15,600.23,599.9,599.91,226036.0
2025-02-03 19:55:00+00:00,599.91,600.03,599.415,599.68,268728.0
2025-02-03 20:00:00+00:00,599.7,600.0258,599.4,599.92,265667.0
2025-02-03 20:05:00+00:00,599.9,599.915,599.26,599.35,287755.0
2025-02-03 20:10:00+00:00,599.36,599.45,598.9301,599.01,563748.0
2025-02-03 20:15:00+00:00,598.99,599.46,598.81,599.46,305857.0
2025-02-03 20:20:00+00:00,599.415,599.62,599.15,599.37,359657.0
2025-02-03 20:25:00+00:00,599.375,599.3862,598.4,598.55,483180.0
2025-02-03 20:30:00+00:00,598.56,598.785,598.114,598.67,531177.0
2025-02-03 20:35:00+00:00,598.64,599.05,598.38,598.59,518447.0
2025-02-03 20:40:00+00:00,598.6,598.87,598.1,598.27,407056.0
2025-02-03 20:45:00+00:00,598.28,598.57,597.94,598.49,725185.0
2025-02-03 20:50:00+00:00,598.47,598.83,598.2,598.26,2013111.0
2025-02-03 20:55:00+00:00,598.24,598.24,597.39,597.65,4292845.0
2025-02-03 21:00:00+00:00,597.7,597.99,597.41,597.88,1582296.0
2025-02-03 21:05:00+00:00,597.95,598.36,597.5012,597.969,1308287.0
2025-02-03 21:10:00+00:00,597.92,598.2,597.79,597.79,1349480.0
2025-02-03 21:15:00+00:00,597.77,599.53,597.77,599.24,239074.0
2025-02-03 21:20:00+00:00,599.45,599.89,598.9,599.27,262242.0
2025-02-03 21:25:00+00:00,599.2512,599.65,599.23,599.61,96663.0
2025-02-03 21:30:00+00:00,599.57,599.62,599.31,599.45,100106.0
2025-02-03 21:35:00+00:00,599.45,601.44,599.15,601.17,966863.0
2025-02-03 21:40:00+00:00,601.16,601.3,600.82,600.9,385185.0
2025-02-03 21:45:00+00:00,600.83,601.18,600.76,601.08,289981.0
2025-02-03 21:50:00+00:00,601.04,601.06,600.7,600.75,74436.0
2025-02-03 21:55:00+00:00,600.74,600.84,600.55,600.84,91903.0
2025-02-03 22:00:00+00:00,600.82,600.85,600.66,600.7991,121939.0
2025-02-03 22:05:00+00:00,600.8,600.95,600.7997,600.82,15396.0
2025-02-03 22:10:00+00:00,600.86,600.95,600.82,600.82,16365.0
2025-02-03 22:15:00+00:00,600.83,600.83,600.7,600.78,20365.0
2025-02-03 22:20:00+00:00,600.79,601.0,600.78,600.9,10202.0
2025-02-03 22:25:00+00:00,600.82,600.9,600.82,600.8601,1913.0
2025-02-03 22:30:00+00:00,600.8995,600.95,600.86,600.93,11583.0
2025-02-03 22:35:00+00:00,600.95,600.95,600.92,600.95,13473.0
2025-02-03 22:40:00+00:00,600.95,601.0,600.915,600.9704,12403.0
2025-02-03 22:45:00+00:00,601.0,601.1,601.0,601.1,19886.0
2025-02-03 22:50:00+00:00,601.11,601.36,601.1,601.25,40749.0
2025-02-03 22:55:00+00:00,601.3,601.75,601.3,601.75,24700.0
2025-02-03 23:00:00+00:00,601.9,602.05,601.26,601.26,78350.0
2025-02-03 23:05:00+00:00,601.25,601.43,601.18,601.26,7786.0
2025-02-03 23:10:00+00:00,601.21,601.3199,601.14,601.14,5221.0
2025-02-03 23:15:00+00:00,601.15,601.2,601.12,601.16,3172.0
2025-02-03 23:20:00+00:00,601.16,601.24,601.04,601.14,7762.0
2025-02-03 23:25:00+00:00,601.1,601.1098,601.0222,601.0222,5121.0
2025-02-03 23:30:00+00:00,601.069,601.08,600.91,601.05,8865.0
2025-02-03 23:35:00+00:00,601.05,601.1,601.0,601.0,3887.0
2025-02-03 23:40:00+00:00,601.02,601.15,600.97,601.15,2170.0
2025-02-03 23:45:00+00:00,601.18,601.18,600.97,600.97,4403.0
2025-02-03 23:50:00+00:00,600.91,600.98,600.74,600.98,7410.0
2025-02-03 23:55:00+00:00,600.98,601.08,600.97,601.08,2271.0
2025-02-04 00:00:00+00:00,600.97,600.97,600.77,600.78,5213.0
2025-02-04 00:05:00+00:00,600.7,600.71,600.55,600.57,34321.0
2025-02-04 00:10:00+00:00,600.63,600.65,600.44,600.46,12360.0
2025-02-04 00:15:00+00:00,600.65,600.65,600.32,600.41,8713.0
2025-02-04 00:20:00+00:00,600.38,600.38,600.23,600.32,5773.0
2025-02-04 00:25:00+00:00,600.39,600.46,600.38,600.4597,2723.0
2025-02-04 00:30:00+00:00,600.5,600.74,600.45,600.68,16061.0
2025-02-04 00:35:00+00:00,600.6,600.61,600.57,600.57,1971.0
2025-02-04 00:40:00+00:00,600.6,600.68,600.59,600.67,3665.0
2025-02-04 00:45:00+00:00,600.68,600.68,600.4,600.409,7080.0
2025-02-04 00:50:00+00:00,600.42,600.43,600.358,600.38,13345.0
2025-02-04 00:55:00+00:00,600.38,600.54,600.38,600.44,5147.0
2025-02-04 09:00:00+00:00,596.78,596.78,595.81,596.44,45471.0
2025-02-04 09:05:00+00:00,596.44,596.54,596.16,596.43,6059.0
2025-02-04 09:10:00+00:00,596.54,596.88,596.42,596.42,7216.0
2025-02-04 09:15:00+00:00,596.62,596.62,596.35,596.62,3121.0
2025-02-04 09:20:00+00:00,596.62,596.62,596.2,596.2,3980.0
2025-02-04 09:25:00+00:00,596.52,596.56,596.41,596.56,826.0
2025-02-04 09:30:00+00:00,596.61,596.63,596.39,596.39,2220.0
2025-02-04 09:35:00+00:00,596.42,596.45,596.25,596.45,1672.0
2025-02-04 09:40:00+00:00,596.2,596.2,595.9,596.05,37059.0
2025-02-04 09:45:00+00:00,596.39,596.49,596.39,596.49,838.0
2025-02-04 09:50:00+00:00,596.21,596.38,596.2,596.38,1880.0
2025-02-04 09:55:00+00:00,596.22,596.22,596.2,596.2,665.0
2025-02-04 10:00:00+00:00,596.08,596.11,596.02,596.04,1712.0
2025-02-04 10:05:00+00:00,596.15,596.15,596.15,596.15,214.0
2025-02-04 10:10:00+00:00,596.4,596.7,596.4,596.7,1694.0
2025-02-04 10:15:00+00:00,596.66,596.7,596.64,596.66,895.0
2025-02-04 10:20:00+00:00,596.65,597.0,596.65,596.94,1497.0
2025-02-04 10:25:00+00:00,596.65,596.76,596.64,596.76,797.0
2025-02-04 10:30:00+00:00,596.74,596.74,596.45,596.45,1801.0
2025-02-04 10:35:00+00:00,596.75,596.86,596.75,596.86,1112.0
2025-02-04 10:40:00+00:00,596.5,596.5,596.35,596.35,587.0
2025-02-04 10:45:00+00:00,596.72,596.72,596.63,596.63,747.0
2025-02-04 10:50:00+00:00,596.7,596.7,596.63,596.63,5225.0
2025-02-04 10:55:00+00:00,596.71,596.72,596.7,596.7,2914.0
2025-02-04 11:00:00+00:00,596.7,596.84,596.68,596.84,4209.0
2025-02-04 11:05:00+00:00,596.63,597.3,596.63,597.3,1900.0
2025-02-04 11:10:00+00:00,597.3,597.3,596.89,596.89,11024.0
2025-02-04 11:15:00+00:00,596.82,596.85,596.66,596.66,3349.0
2025-02-04 11:20:00+00:00,596.5,596.73,596.36,596.72,6848.0
2025-02-04 11:25:00+00:00,596.85,597.11,596.85,597.11,2081.0
2025-02-04 11:30:00+00:00,597.09,597.14,597.05,597.05,17346.0
2025-02-04 11:35:00+00:00,596.89,596.89,596.86,596.86,1001.0
2025-02-04 11:40:00+00:00,597.11,597.11,597.0,597.0,1688.0
2025-02-04 11:45:00+00:00,597.0,597.02,596.9,596.9,7822.0
2025-02-04 11:50:00+00:00,597.12,597.12,596.92,596.94,9211.0
2025-02-04 11:55:00+00:00,596.89,596.9,596.77,596.8,4570.0
2025-02-04 12:00:00+00:00,596.91,597.27,596.85,597.27,20849.0
2025-02-04 12:05:00+00:00,597.29,597.4,597.2,597.4,11722.0
2025-02-04 12:10:00+00:00,597.47,597.7,597.42,597.42,9062.0
2025-02-04 12:15:00+00:00,597.41,597.67,597.41,597.6,20000.0
2025-02-04 12:20:00+00:00,597.55,597.55,597.36,597.45,2468.0
2025-02-04 12:25:00+00:00,597.53,597.8,597.32,597.76,26057.0
2025-02-04 12:30:00+00:00,597.91,597.91,597.69,597.71,18749.0
2025-02-04 12:35:00+00:00,597.85,598.3,597.85,598.2,17491.0
2025-02-04 12:40:00+00:00,598.15,598.55,597.94,598.09,74088.0
2025-02-04 12:45:00+00:00,598.0,598.02,597.68,597.8,8790.0
2025-02-04 12:50:00+00:00,597.79,598.18,597.78,598.18,10507.0
2025-02-04 12:55:00+00:00,598.09,598.52,598.02,598.19,11821.0
2025-02-04 13:00:00+00:00,597.21,598.52,594.49,598.05,126455.0
2025-02-04 13:05:00+00:00,597.97,598.11,597.93,598.031,9426.0
2025-02-04 13:10:00+00:00,598.27,598.41,598.03,598.25,27997.0
2025-02-04 13:15:00+00:00,598.24,598.35,598.21,598.3,11386.0
2025-02-04 13:20:00+00:00,598.31,598.5,598.1996,598.46,27072.0
2025-02-04 13:25:00+00:00,598.439,598.439,598.16,598.25,10158.0
2025-02-04 13:30:00+00:00,598.23,598.26,598.03,598.16,18680.0
2025-02-04 13:35:00+00:00,598.22,598.23,598.0101,598.0101,24771.0
2025-02-04 13:40:00+00:00,598.08,598.08,597.66,597.74,22845.0
2025-02-04 13:45:00+00:00,597.7801,597.93,597.58,597.66,20096.0
2025-02-04 13:50:00+00:00,597.6,597.78,597.6,597.63,19642.0
2025-02-04 13:55:00+00:00,597.71,597.71,597.4,597.49,44139.0
2025-02-04 14:00:00+00:00,597.61,597.94,597.55,597.9,13248.0
2025-02-04 14:05:00+00:00,597.9,598.09,597.87,598.09,16617.0
2025-02-04 14:10:00+00:00,598.19,598.19,597.85,597.85,10751.0
2025-02-04 14:15:00+00:00,597.8,597.81,597.59,597.66,23357.0
2025-02-04 14:20:00+00:00,597.5991,597.66,597.47,597.63,20521.0
2025-02-04 14:25:00+00:00,597.67,597.93,597.52,597.8,76112.0
2025-02-04 14:30:00+00:00,597.83,598.1799,597.28,597.98,1115784.0
2025-02-04 14:35:00+00:00,597.99,598.55,597.87,598.285,798396.0
2025-02-04 14:40:00+00:00,598.2801,598.5201,597.825,598.22,531888.0
2025-02-04 14:45:00+00:00,598.215,598.44,597.95,598.2392,267691.0
2025-02-04 14:50:00+00:00,598.26,598.98,598.065,598.97,487478.0
2025-02-04 14:55:00+00:00,598.95,599.2,598.7,598.995,599905.0
2025-02-04 15:00:00+00:00,598.9943,599.9,598.96,599.8,529020.0
2025-02-04 15:05:00+00:00,599.78,600.66,599.5922,600.5101,475364.0
2025-02-04 15:10:00+00:00,600.51,600.93,600.34,600.45,626871.0
2025-02-04 15:15:00+00:00,600.51,601.14,600.41,601.0998,386559.0
2025-02-04 15:20:00+00:00,601.09,601.12,600.43,600.69,370390.0
2025-02-04 15:25:00+00:00,600.685,600.9101,600.4656,600.52,244581.0
2025-02-04 15:30:00+00:00,600.55,600.95,600.11,600.73,446590.0
2025-02-04 15:35:00+00:00,600.7,601.16,600.4,601.02,316434.0
2025-02-04 15:40:00+00:00,601.02,601.26,600.918,600.9888,397014.0
2025-02-04 15:45:00+00:00,600.98,601.01,600.46,600.845,269132.0
2025-02-04 15:50:00+00:00,600.85,600.93,600.38,600.87,236779.0
2025-02-04 15:55:00+00:00,600.82,600.9,600.1504,600.33,193937.0
2025-02-04 16:00:00+00:00,600.375,601.2092,600.375,601.16,233693.0
2025-02-04 16:05:00+00:00,601.15,601.43,601.0301,601.3,354350.0
2025-02-04 16:10:00+00:00,601.31,601.3959,601.172,601.32,183434.0
2025-02-04 16:15:00+00:00,601.32,601.5,601.285,601.37,238396.0
2025-02-04 16:20:00+00:00,601.355,601.59,601.194,601.41,203191.0
2025-02-04 16:25:00+00:00,601.41,602.01,601.375,601.98,381150.0
2025-02-04 16:30:00+00:00,601.96,602.09,601.59,601.705,305159.0
2025-02-04 16:35:00+00:00,601.73,601.9899,601.67,601.98,176179.0
2025-02-04 16:40:00+00:00,601.99,602.06,601.36,601.55,354364.0
2025-02-04 16:45:00+00:00,601.52,601.59,601.0299,601.09,306242.0
2025-02-04 16:50:00+00:00,601.0403,601.3656,600.79,601.31,230015.0
2025-02-04 16:55:00+00:00,601.3,601.4125,600.91,601.37,213180.0
2025-02-04 17:00:00+00:00,601.38,601.629,601.2602,601.535,131530.0
2025-02-04 17:05:00+00:00,601.535,601.61,601.295,601.3,129644.0
2025-02-04 17:10:00+00:00,601.3197,601.64,601.2407,601.5096,88451.0
2025-02-04 17:15:00+00:00,601.5,601.6,600.29,600.555,642126.0
2025-02-04 17:20:00+00:00,600.59,600.79,600.0701,600.59,507586.0
2025-02-04 17:25:00+00:00,600.56,600.6,599.67,599.76,256313.0
2025-02-04 17:30:00+00:00,599.82,600.035,599.4054,599.76,277258.0
2025-02-04 17:35:00+00:00,599.79,600.39,599.78,600.14,289173.0
2025-02-04 17:40:00+00:00,600.13,600.51,599.96,600.43,289755.0
2025-02-04 17:45:00+00:00,600.41,600.48,600.1149,600.2799,134961.0
2025-02-04 17:50:00+00:00,600.3,600.64,600.3,600.48,183699.0
2025-02-04 17:55:00+00:00,600.48,601.03,600.43,600.99,164411.0
2025-02-04 18:00:00+00:00,600.98,601.04,600.43,600.435,201697.0
2025-02-04 18:05:00+00:00,600.45,600.4699,600.11,600.4,160814.0
2025-02-04 18:10:00+00:00,600.408,600.81,600.3374,600.675,120931.0
2025-02-04 18:15:00+00:00,600.68,600.91,600.68,600.86,119434.0
2025-02-04 18:20:00+00:00,600.865,601.16,600.66,601.13,152842.0
2025-02-04 18:25:00+00:00,601.15,601.25,601.02,601.13,124081.0
2025-02-04 18:30:00+00:00,601.12,601.259,601.08,601.19,114361.0
2025-02-04 18:35:00+00:00,601.201,601.205,600.835,600.874,151188.0
2025-02-04 18:40:00+00:00,600.88,601.03,600.88,600.97,82085.0
2025-02-04 18:45:00+00:00,600.97,601.08,600.925,601.05,81745.0
2025-02-04 18:50:00+00:00,601.055,601.21,600.8604,601.0,100865.0
2025-02-04 18:55:00+00:00,601.01,601.1,600.71,600.725,105466.0
2025-02-04 19:00:00+00:00,600.7,601.24,600.57,601.19,182938.0
2025-02-04 19:05:00+00:00,601.2,601.57,601.155,601.52,211660.0
2025-02-04 19:10:00+00:00,601.53,601.78,601.53,601.6701,175083.0
2025-02-04 19:15:00+00:00,601.68,601.85,601.63,601.85,185620.0
2025-02-04 19:20:00+00:00,601.85,602.14,601.74,601.8901,184861.0
2025-02-04 19:25:00+00:00,601.895,601.9299,601.7,601.86,223499.0
2025-02-04 19:30:00+00:00,601.88,602.15,601.88,602.07,207355.0
2025-02-04 19:35:00+00:00,602.07,602.3,601.96,602.02,260250.0
2025-02-04 19:40:00+00:00,602.03,602.145,601.81,602.01,187312.0
2025-02-04 19:45:00+00:00,602.01,602.09,601.735,601.79,184119.0
2025-02-04 19:50:00+00:00,601.82,601.92,601.67,601.8859,169502.0
2025-02-04 19:55:00+00:00,601.89,601.96,600.84,601.48,820967.0
2025-02-04 20:00:00+00:00,601.47,601.56,601.19,601.43,357396.0
2025-02-04 20:05:00+00:00,601.41,601.73,601.41,601.6,213338.0
2025-02-04 20:10:00+00:00,601.62,601.92,601.6,601.8425,303358.0
2025-02-04 20:15:00+00:00,601.82,601.89,601.48,601.64,437714.0
2025-02-04 20:20:00+00:00,601.65,601.69,601.18,601.2883,448235.0
2025-02-04 20:25:00+00:00,601.28,601.3899,601.03,601.085,437176.0
2025-02-04 20:30:00+00:00,601.085,601.42,600.97,601.3,454484.0
2025-02-04 20:35:00+00:00,601.35,601.84,601.26,601.82,384101.0
2025-02-04 20:40:00+00:00,601.825,601.9,601.555,601.6,388401.0
2025-02-04 20:45:00+00:00,601.62,601.64,601.33,601.46,448332.0
2025-02-04 20:50:00+00:00,601.45,602.02,601.23,601.93,988810.0
2025-02-04 20:55:00+00:00,601.93,602.27,601.65,601.76,3118017.0
2025-02-04 21:00:00+00:00,601.76,602.09,600.36,600.61,621364.0
2025-02-04 21:05:00+00:00,600.71,601.66,600.65,601.0,229455.0
2025-02-04 21:10:00+00:00,601.01,601.01,600.51,600.55,559626.0
2025-02-04 21:15:00+00:00,600.58,601.04,600.52,600.62,146828.0
2025-02-04 21:20:00+00:00,600.69,600.69,600.03,600.4,75566.0
2025-02-04 21:25:00+00:00,600.4,600.64,600.4,600.4,53550.0
2025-02-04 21:30:00+00:00,600.27,600.5183,600.27,600.3,50005.0
2025-02-04 21:35:00+00:00,600.2,600.3,599.911,600.0501,38602.0
2025-02-04 21:40:00+00:00,600.1,600.1,599.75,600.05,291454.0
2025-02-04 21:45:00+00:00,600.05,600.37,600.05,600.3,19313.0
2025-02-04 21:50:00+00:00,600.29,600.29,600.0,600.0,840287.0
2025-02-04 21:55:00+00:00,600.0785,600.1093,600.03,600.0783,3600.0
2025-02-04 22:00:00+00:00,600.01,600.02,599.92,599.92,29517.0
2025-02-04 22:05:00+00:00,599.96,600.07,599.88,599.93,111808.0
2025-02-04 22:10:00+00:00,599.95,600.03,599.91,599.95,22219.0
2025-02-04 22:15:00+00:00,599.98,600.04,599.96,600.03,18076.0
2025-02-04 22:20:00+00:00,600.02,600.02,599.95,599.99,13796.0
2025-02-04 22:25:00+00:00,600.0,600.08,599.98,600.04,12584.0
2025-02-04 22:30:00+00:00,600.11,600.18,600.0,600.0,14592.0
2025-02-04 22:35:00+00:00,599.97,599.97,599.75,599.87,7282.0
2025-02-04 22:40:00+00:00,599.87,599.95,599.82,599.95,2686.0
2025-02-04 22:45:00+00:00,599.9499,600.05,599.9499,600.05,6776.0
2025-02-04 22:50:00+00:00,599.9899,599.99,599.9899,599.99,225.0
2025-02-04 22:55:00+00:00,599.82,599.85,599.57,599.6,8852.0
2025-02-04 23:00:00+00:00,599.8,600.22,599.48,600.18,16527.0
2025-02-04 23:05:00+00:00,600.12,600.14,599.79,599.8,68573.0
2025-02-04 23:10:00+00:00,599.76,600.1,599.68,600.07,13400.0
2025-02-04 23:15:00+00:00,600.07,600.2699,599.991,600.2699,12967.0
2025-02-04 23:25:00+00:00,599.95,600.1998,599.93,600.17,2375.0
2025-02-04 23:30:00+00:00,600.25,600.25,600.1,600.1,1136.0
2025-02-04 23:35:00+00:00,600.07,600.07,599.88,600.0,2774.0
2025-02-04 23:40:00+00:00,600.0,600.17,600.0,600.17,920.0
2025-02-04 23:45:00+00:00,600.05,600.05,600.05,600.05,563.0
2025-02-04 23:50:00+00:00,600.07,600.07,600.0,600.0,2181.0
2025-02-04 23:55:00+00:00,599.93,599.94,599.75,599.75,15691.0
2025-02-05 00:00:00+00:00,599.81,599.81,599.5119,599.67,4097.0
2025-02-05 00:05:00+00:00,599.63,599.95,599.63,599.9,1548.0
2025-02-05 00:10:00+00:00,599.9185,600.28,599.9185,600.23,4608.0
2025-02-05 00:15:00+00:00,600.2199,600.2199,600.1499,600.2,1525.0
2025-02-05 00:20:00+00:00,600.15,600.1633,600.1013,600.1013,439.0
2025-02-05 00:25:00+00:00,600.15,600.23,600.15,600.23,4496.0
2025-02-05 00:30:00+00:00,600.26,600.511,600.26,600.5,4481.0
2025-02-05 00:35:00+00:00,600.54,600.7,600.54,600.7,16569.0
2025-02-05 00:40:00+00:00,600.7,600.72,600.5388,600.5388,21683.0
2025-02-05 00:45:00+00:00,600.61,600.63,600.35,600.35,2309.0
2025-02-05 00:50:00+00:00,600.45,600.48,600.3815,600.48,2798.0
2025-02-05 00:55:00+00:00,600.49,600.49,600.36,600.4,3476.0
2025-02-05 09:00:00+00:00,598.43,598.67,598.34,598.57,3577.0
2025-02-05 09:05:00+00:00,598.98,599.03,598.78,598.78,10204.0
2025-02-05 09:10:00+00:00,598.99,599.18,598.99,599.04,3366.0
2025-02-05 09:15:00+00:00,599.01,599.01,598.71,598.73,2691.0
2025-02-05 09:20:00+00:00,598.83,598.84,598.31,598.32,7939.0
2025-02-05 09:25:00+00:00,598.17,598.52,598.16,598.49,2414.0
2025-02-05 09:30:00+00:00,598.34,598.4,598.24,598.24,1346.0
2025-02-05 09:35:00+00:00,598.29,598.29,598.27,598.27,1299.0
2025-02-05 09:40:00+00:00,598.23,598.23,597.7,597.9,4057.0
2025-02-05 09:45:00+00:00,597.84,598.01,597.84,597.9,1360.0
2025-02-05 09:50:00+00:00,597.95,598.09,597.95,598.02,9410.0
2025-02-05 09:55:00+00:00,598.01,598.01,597.78,597.78,1531.0
2025-02-05 10:00:00+00:00,597.66,598.02,597.66,598.02,1077.0
2025-02-05 10:05:00+00:00,598.01,598.41,598.01,598.4,4895.0
2025-02-05 10:15:00+00:00,598.38,598.51,598.38,598.51,2898.0
2025-02-05 10:20:00+00:00,598.5,598.53,598.5,598.53,1278.0
2025-02-05 10:30:00+00:00,598.42,598.54,598.42,598.54,1013.0
2025-02-05 10:35:00+00:00,598.54,598.74,598.54,598.72,3909.0
2025-02-05 10:40:00+00:00,598.68,598.68,598.68,598.68,210.0
2025-02-05 10:45:00+00:00,598.56,598.56,598.56,598.56,545.0
2025-02-05 10:50:00+00:00,598.59,598.68,598.49,598.68,1293.0
2025-02-05 10:55:00+00:00,598.64,598.64,598.64,598.64,288.0
2025-02-05 11:00:00+00:00,598.7,598.79,598.7,598.79,471.0
2025-02-05 11:10:00+00:00,598.8,598.8,598.74,598.74,584.0
2025-02-05 11:15:00+00:00,598.86,599.01,598.86,599.01,901.0
2025-02-05 11:20:00+00:00,599.02,599.06,598.9,599.06,2516.0
2025-02-05 11:25:00+00:00,599.11,599.15,599.0,599.0,3021.0
2025-02-05 11:30:00+00:00,599.0,599.13,598.95,598.95,1563.0
2025-02-05 11:35:00+00:00,599.01,599.01,598.97,598.99,2227.0
2025-02-05 11:40:00+00:00,599.0,599.12,599.0,599.1,7039.0
2025-02-05 11:45:00+00:00,599.12,599.14,599.12,599.14,1608.0
2025-02-05 11:50:00+00:00,599.28,599.28,599.16,599.16,2237.0
2025-02-05 11:55:00+00:00,599.22,599.22,599.22,599.22,815.0
2025-02-05 12:00:00+00:00,599.18,599.3,599.1,599.22,9242.0
2025-02-05 12:05:00+00:00,599.11,599.18,599.05,599.06,7722.0
2025-02-05 12:10:00+00:00,599.07,599.08,598.79,598.83,11635.0
2025-02-05 12:15:00+00:00,599.0,599.24,599.0,599.13,7624.0
2025-02-05 12:20:00+00:00,599.01,599.05,598.98,599.05,1564.0
2025-02-05 12:25:00+00:00,599.19,599.19,599.09,599.18,2113.0
2025-02-05 12:30:00+00:00,599.15,599.15,599.13,599.14,6573.0
2025-02-05 12:35:00+00:00,599.08,599.2,599.08,599.18,819.0
2025-02-05 12:40:00+00:00,599.25,599.39,599.25,599.361,9136.0
2025-02-05 12:45:00+00:00,599.4,599.52,599.27,599.27,32529.0
2025-02-05 12:50:00+00:00,599.36,599.4,599.34,599.34,6381.0
2025-02-05 12:55:00+00:00,599.34,599.48,599.34,599.48,1002.0
2025-02-05 13:00:00+00:00,598.96,599.46,598.36,599.43,29019.0
2025-02-05 13:05:00+00:00,599.46,599.71,599.3096,599.6,26859.0
2025-02-05 13:10:00+00:00,599.57,599.57,599.28,599.4,14489.0
2025-02-05 13:15:00+00:00,599.29,599.29,599.0,599.28,9097.0
2025-02-05 13:20:00+00:00,599.27,599.51,599.27,599.38,27525.0
2025-02-05 13:25:00+00:00,599.4,599.7,599.4,599.67,24381.0
2025-02-05 13:30:00+00:00,599.7,600.49,599.48,599.5,57017.0
2025-02-05 13:35:00+00:00,599.54,599.65,599.4,599.55,16625.0
2025-02-05 13:40:00+00:00,599.65,599.89,599.6,599.76,10789.0
2025-02-05 13:45:00+00:00,599.8,599.9,599.74,599.74,28510.0
2025-02-05 13:50:00+00:00,599.83,599.8776,599.79,599.81,5474.0
2025-02-05 13:55:00+00:00,599.9,600.06,599.81,599.9906,16400.0
2025-02-05 14:00:00+00:00,600.0,600.0,599.8,599.91,4420.0
2025-02-05 14:05:00+00:00,600.0,600.201,599.96,600.201,15661.0
2025-02-05 14:10:00+00:00,600.18,600.3893,600.17,600.38,16215.0
2025-02-05 14:15:00+00:00,600.38,600.55,600.34,600.43,39656.0
2025-02-05 14:20:00+00:00,600.43,600.58,600.35,600.58,28280.0
2025-02-05 14:25:00+00:00,600.6,600.76,600.48,600.64,80602.0
2025-02-05 14:30:00+00:00,600.64,600.72,600.2,600.42,787660.0
2025-02-05 14:35:00+00:00,600.45,601.09,600.4,600.99,606932.0
2025-02-05 14:40:00+00:00,600.99,601.09,600.7501,600.89,369984.0
2025-02-05 14:45:00+00:00,600.86,601.0737,600.635,600.73,207914.0
2025-02-05 14:50:00+00:00,600.7,600.845,600.0525,600.19,361457.0
2025-02-05 14:55:00+00:00,600.19,600.23,599.47,600.12,431165.0
2025-02-05 15:00:00+00:00,600.12,601.1,598.58,598.73,963094.0
2025-02-05 15:05:00+00:00,598.74,599.44,598.64,599.435,661616.0
2025-02-05 15:10:00+00:00,599.435,599.95,598.9799,599.95,464540.0
2025-02-05 15:15:00+00:00,599.94,600.05,599.24,599.62,320443.0
2025-02-05 15:20:00+00:00,599.64,600.26,599.34,600.2,289373.0
2025-02-05 15:25:00+00:00,600.21,600.66,600.17,600.63,302309.0
2025-02-05 15:30:00+00:00,600.62,600.65,599.77,600.52,323459.0
2025-02-05 15:35:00+00:00,600.5,600.9,600.41,600.88,270197.0
2025-02-05 15:40:00+00:00,600.86,600.99,600.6,600.77,315236.0
2025-02-05 15:45:00+00:00,600.79,600.8599,600.33,600.46,285436.0
2025-02-05 15:50:00+00:00,600.4401,600.7,600.23,600.7,165384.0
2025-02-05 15:55:00+00:00,600.7,600.9199,600.39,600.585,187884.0
2025-02-05 16:00:00+00:00,600.57,600.85,600.34,600.67,198145.0
2025-02-05 16:05:00+00:00,600.68,601.39,600.61,601.3,242284.0
2025-02-05 16:10:00+00:00,601.3,601.4,600.82,600.9699,221146.0
2025-02-05 16:15:00+00:00,600.985,601.06,600.24,600.45,166891.0
2025-02-05 16:20:00+00:00,600.44,600.46,600.135,600.45,194088.0
2025-02-05 16:25:00+00:00,600.455,601.28,600.32,601.27,198982.0
2025-02-05 16:30:00+00:00,601.24,601.43,600.4235,601.42,373924.0
2025-02-05 16:35:00+00:00,601.42,601.71,601.3701,601.6096,770260.0
2025-02-05 16:40:00+00:00,601.62,601.85,601.39,601.84,245739.0
2025-02-05 16:45:00+00:00,601.85,602.239,601.68,602.11,526804.0
2025-02-05 16:50:00+00:00,602.12,602.88,602.12,602.68,540627.0
2025-02-05 16:55:00+00:00,602.67,602.76,602.34,602.65,374038.0
2025-02-05 17:00:00+00:00,602.64,603.0,602.6,602.93,369434.0
2025-02-05 17:05:00+00:00,602.92,603.17,602.8152,603.01,299427.0
2025-02-05 17:10:00+00:00,603.02,603.1172,602.8109,602.9,232801.0
2025-02-05 17:15:00+00:00,602.91,602.91,602.62,602.75,210542.0
2025-02-05 17:20:00+00:00,602.73,602.73,602.33,602.5999,195652.0
2025-02-05 17:25:00+00:00,602.5,602.7299,602.485,602.49,94160.0
2025-02-05 17:30:00+00:00,602.5,602.68,602.44,602.51,147157.0
2025-02-05 17:35:00+00:00,602.505,602.745,602.382172,602.48,157210.0
2025-02-05 17:40:00+00:00,602.48,602.59,602.37,602.57,104729.0
2025-02-05 17:45:00+00:00,602.56,602.85,602.555,602.78,101790.0
2025-02-05 17:50:00+00:00,602.8,602.84,602.32,602.8275,94299.0
2025-02-05 17:55:00+00:00,602.81,602.82,602.54,602.67,92425.0
2025-02-05 18:00:00+00:00,602.675,602.9,602.67,602.8,72190.0
2025-02-05 18:05:00+00:00,602.805,602.87,602.57,602.65,105200.0
2025-02-05 18:10:00+00:00,602.66,602.73,602.42,602.71,148956.0
2025-02-05 18:15:00+00:00,602.73,602.895,602.595,602.86,152823.0
2025-02-05 18:20:00+00:00,602.85,602.86,602.65,602.675,65814.0
2025-02-05 18:25:00+00:00,602.675,602.675,602.21,602.566,180026.0
2025-02-05 18:30:00+00:00,602.56,602.83,602.39,602.83,196984.0
2025-02-05 18:35:00+00:00,602.83,603.21,602.79,603.16,174595.0
2025-02-05 18:40:00+00:00,603.15,603.4,602.95,603.1,239838.0
2025-02-05 18:45:00+00:00,603.1,603.14,602.9965,603.1,112615.0
2025-02-05 18:50:00+00:00,603.12,603.15,602.78,602.9,88906.0
2025-02-05 18:55:00+00:00,602.92,602.995,602.67,602.93,143465.0
2025-02-05 19:00:00+00:00,602.92,603.2,602.91,603.12,125980.0
2025-02-05 19:05:00+00:00,603.11,603.6,603.08,603.52,197402.0
2025-02-05 19:10:00+00:00,603.53,603.635,603.31,603.47,201725.0
2025-02-05 19:15:00+00:00,603.45,603.5,603.33,603.37,131551.0
2025-02-05 19:20:00+00:00,603.365,603.48,603.29,603.45,161847.0
2025-02-05 19:25:00+00:00,603.44,603.45,603.23,603.27,146334.0
2025-02-05 19:30:00+00:00,603.29,603.36,603.1,603.23,199476.0
2025-02-05 19:35:00+00:00,603.225,603.349,603.0925,603.3,174075.0
2025-02-05 19:40:00+00:00,603.3,603.41,603.1401,603.165,264933.0
2025-02-05 19:45:00+00:00,603.16,603.2198,603.03,603.181,355648.0
2025-02-05 19:50:00+00:00,603.19,603.2,602.88,602.9509,126945.0
2025-02-05 19:55:00+00:00,602.95,603.13,602.91,603.0699,115671.0
2025-02-05 20:00:00+00:00,603.07,603.3777,603.05,603.25,320215.0
2025-02-05 20:05:00+00:00,603.23,603.3484,603.03,603.33,256564.0
2025-02-05 20:10:00+00:00,603.32,603.42,603.28,603.4,151759.0
2025-02-05 20:15:00+00:00,603.4,603.71,603.4,603.68,377762.0
2025-02-05 20:20:00+00:00,603.675,603.97,603.66,603.94,353050.0
2025-02-05 20:25:00+00:00,603.94,603.95,603.62,603.73,511851.0
2025-02-05 20:30:00+00:00,603.72,603.83,603.56,603.64,449800.0
2025-02-05 20:35:00+00:00,603.63,603.7,603.41,603.48,339791.0
2025-02-05 20:40:00+00:00,603.49,603.49,602.9251,603.025,612769.0
2025-02-05 20:45:00+00:00,603.02,603.34,602.98,603.12,487878.0
2025-02-05 20:50:00+00:00,603.12,603.57,602.91,603.495,829120.0
2025-02-05 20:55:00+00:00,603.5,604.37,603.48,604.17,2337428.0
2025-02-05 21:00:00+00:00,604.17,604.37,603.95,604.06,417081.0
2025-02-05 21:05:00+00:00,604.05,604.15,604.0,604.15,56753.0
2025-02-05 21:10:00+00:00,604.11,604.4,604.11,604.4,2729919.0
2025-02-05 21:15:00+00:00,604.4,604.72,604.1972,604.48,232122.0
2025-02-05 21:20:00+00:00,604.52,604.597,604.45,604.48,63016.0
2025-02-05 21:25:00+00:00,604.48,604.5,604.35,604.44,77044.0
2025-02-05 21:30:00+00:00,604.41,604.41,602.0031,604.38,39913.0
2025-02-05 21:35:00+00:00,604.38,604.41,604.35,604.39,21945.0
2025-02-05 21:40:00+00:00,604.35,604.39,604.31,604.33,7537.0
2025-02-05 21:45:00+00:00,604.25,604.42,604.23,604.33,20427.0
2025-02-05 21:50:00+00:00,604.35,604.52,604.35,604.52,25549.0
2025-02-05 21:55:00+00:00,604.55,604.59,604.52,604.52,13975.0
2025-02-05 22:00:00+00:00,604.57,604.62,604.5003,604.54,9619.0
2025-02-05 22:05:00+00:00,604.54,604.5783,604.4527,604.4527,5360.0
2025-02-05 22:10:00+00:00,604.45,604.58,604.383,604.58,16942.0
2025-02-05 22:15:00+00:00,604.5,604.6,604.5,604.6,1166.0
2025-02-05 22:20:00+00:00,604.62,604.65,604.59,604.6199,4919.0
2025-02-05 22:25:00+00:00,604.51,604.64,604.51,604.58,10270.0
2025-02-05 22:30:00+00:00,604.58,604.58,604.58,604.58,393.0
2025-02-05 22:35:00+00:00,604.54,604.54,604.5201,604.5201,571.0
2025-02-05 22:40:00+00:00,604.58,604.6,604.522,604.53,3108.0
2025-02-05 22:45:00+00:00,604.56,604.56,604.35,604.35,16644.0
2025-02-05 22:50:00+00:00,604.4975,604.4975,604.4975,604.4975,177.0
2025-02-05 22:55:00+00:00,604.5358,604.5358,604.4016,604.45,1966.0
2025-02-05 23:00:00+00:00,604.45,604.45,604.36,604.38,7720.0
2025-02-05 23:05:00+00:00,604.38,604.38,604.28,604.28,8586.0
2025-02-05 23:10:00+00:00,604.31,604.36,604.3,604.3,4904.0
2025-02-05 23:15:00+00:00,604.3,604.3,604.29,604.29,2107.0
2025-02-05 23:20:00+00:00,604.35,604.47,604.35,604.47,1263.0
2025-02-05 23:25:00+00:00,604.49,604.5,604.489,604.5,2108.0
2025-02-05 23:30:00+00:00,604.35,604.35,604.26,604.31,1684.0
2025-02-05 23:35:00+00:00,604.3,604.33,604.28,604.33,1999.0
2025-02-05 23:40:00+00:00,604.3,604.3,604.3,604.3,363.0
2025-02-05 23:45:00+00:00,604.36,604.56,604.36,604.52,6738.0
2025-02-05 23:50:00+00:00,604.49,604.5499,604.49,604.5499,1902.0
2025-02-05 23:55:00+00:00,604.514,604.55,604.49,604.5,4438.0
2025-02-06 00:00:00+00:00,604.54,605.07,604.54,605.05,13691.0
2025-02-06 00:05:00+00:00,604.99,605.07,604.9503,605.0101,3699.0
2025-02-06 00:10:00+00:00,604.95,604.95,604.9101,604.94,1552.0
2025-02-06 00:15:00+00:00,604.98,604.98,604.9,604.9217,1743.0
2025-02-06 00:25:00+00:00,604.9989,604.9989,604.96,604.97,2085.0
2025-02-06 00:30:00+00:00,605.04,605.04,604.98,604.98,5323.0
2025-02-06 00:35:00+00:00,604.93,604.94,604.79,604.81,3596.0
2025-02-06 00:40:00+00:00,604.8,604.8486,604.7412,604.84,2385.0
2025-02-06 00:45:00+00:00,604.7401,604.79,604.7293,604.731,3417.0
2025-02-06 00:50:00+00:00,604.7301,604.7301,604.54,604.6799,18047.0
2025-02-06 00:55:00+00:00,604.74,604.75,604.6801,604.74,3513.0
2025-02-06 09:00:00+00:00,605.59,605.85,605.59,605.83,1709.0
2025-02-06 09:05:00+00:00,605.99,606.0,605.9,605.98,8661.0
2025-02-06 09:10:00+00:00,606.03,606.03,606.03,606.03,198.0
2025-02-06 09:15:00+00:00,605.98,605.98,605.98,605.98,930.0
2025-02-06 09:20:00+00:00,605.81,605.81,605.69,605.79,1277.0
2025-02-06 09:25:00+00:00,605.57,605.72,605.57,605.72,1482.0
2025-02-06 09:30:00+00:00,605.59,605.75,605.59,605.75,2033.0
2025-02-06 09:35:00+00:00,605.77,605.77,605.7,605.7,868.0
2025-02-06 09:40:00+00:00,605.73,605.73,605.49,605.49,2191.0
2025-02-06 09:45:00+00:00,605.57,605.57,605.45,605.53,853.0
2025-02-06 09:50:00+00:00,605.57,605.57,605.57,605.57,178.0
2025-02-06 09:55:00+00:00,605.63,605.63,605.48,605.48,623.0
2025-02-06 10:00:00+00:00,605.48,605.6,605.48,605.55,1296.0
2025-02-06 10:10:00+00:00,605.75,605.75,605.69,605.69,2401.0
2025-02-06 10:15:00+00:00,605.66,605.66,605.57,605.57,739.0
2025-02-06 10:25:00+00:00,605.51,605.51,605.4,605.4,2532.0
2025-02-06 10:30:00+00:00,605.31,605.31,605.2,605.2,3341.0
2025-02-06 10:35:00+00:00,605.36,605.37,605.36,605.37,1136.0
2025-02-06 10:40:00+00:00,605.33,605.33,605.33,605.33,134.0
2025-02-06 10:45:00+00:00,605.39,605.42,605.38,605.42,1443.0
2025-02-06 10:50:00+00:00,605.25,605.25,605.16,605.19,3554.0
2025-02-06 10:55:00+00:00,605.16,605.16,605.16,605.16,1036.0
2025-02-06 11:00:00+00:00,605.1,605.1,604.71,604.71,11206.0
2025-02-06 11:05:00+00:00,604.86,604.99,604.86,604.99,2106.0
2025-02-06 11:10:00+00:00,604.78,604.8,604.78,604.8,1130.0
2025-02-06 11:15:00+00:00,604.92,604.92,604.92,604.92,485.0
2025-02-06 11:20:00+00:00,604.78,604.78,604.75,604.75,337.0
2025-02-06 11:25:00+00:00,604.69,604.69,604.55,604.57,1793.0
2025-02-06 11:30:00+00:00,604.54,604.54,604.54,604.54,342.0
2025-02-06 11:35:00+00:00,604.43,604.6,604.43,604.51,12253.0
2025-02-06 11:40:00+00:00,604.52,604.62,604.52,604.62,1918.0
2025-02-06 11:45:00+00:00,604.68,604.8,604.42,604.51,4792.0
2025-02-06 11:50:00+00:00,604.52,604.57,604.46,604.46,6879.0
2025-02-06 11:55:00+00:00,604.49,604.5,604.34,604.5,12361.0
2025-02-06 12:00:00+00:00,604.47,604.62,604.35,604.36,5468.0
2025-02-06 12:05:00+00:00,604.39,604.42,604.33,604.33,1595.0
2025-02-06 12:10:00+00:00,604.35,604.47,604.35,604.4,2662.0
2025-02-06 12:15:00+00:00,604.36,604.63,604.36,604.63,6567.0
2025-02-06 12:20:00+00:00,604.67,604.71,604.67,604.71,1023.0
2025-02-06 12:25:00+00:00,604.73,604.83,604.73,604.75,2623.0
2025-02-06 12:30:00+00:00,604.83,604.83,604.65,604.65,39000.0
2025-02-06 12:35:00+00:00,604.55,604.85,604.55,604.85,82158.0
2025-02-06 12:40:00+00:00,604.83,605.03,604.83,604.97,5064.0
2025-02-06 12:45:00+00:00,604.98,605.16,604.98,605.12,23495.0
2025-02-06 12:50:00+00:00,605.2,605.35,605.07,605.3,19270.0
2025-02-06 12:55:00+00:00,605.28,605.33,605.22,605.3,10985.0
2025-02-06 13:00:00+00:00,604.36,606.0304,604.3318,605.55,44300.0
2025-02-06 13:05:00+00:00,605.53,605.53,605.35,605.45,5325.0
2025-02-06 13:10:00+00:00,605.42,605.5,605.39,605.41,22340.0
2025-02-06 13:15:00+00:00,605.41,605.45,605.33,605.33,3849.0
2025-02-06 13:20:00+00:00,605.51,605.6,605.47,605.5307,2223.0
2025-02-06 13:25:00+00:00,605.55,605.67,605.55,605.56,15200.0
2025-02-06 13:30:00+00:00,605.7,605.7,605.39,605.44,3935.0
2025-02-06 13:35:00+00:00,605.46,605.57,605.4002,605.4002,8047.0
2025-02-06 13:40:00+00:00,605.4,605.4,605.1007,605.1007,8437.0
2025-02-06 13:45:00+00:00,605.13,605.4,605.11,605.4,9782.0
2025-02-06 13:50:00+00:00,605.22,605.44,605.2185,605.44,9624.0
2025-02-06 13:55:00+00:00,605.43,605.69,605.43,605.68,18489.0
2025-02-06 14:00:00+00:00,605.7,605.87,605.7,605.82,11907.0
2025-02-06 14:05:00+00:00,605.82,605.87,605.79,605.79,30731.0
2025-02-06 14:10:00+00:00,605.75,605.79,605.7,605.77,33216.0
2025-02-06 14:15:00+00:00,605.8,606.11,605.79,606.09,16537.0
2025-02-06 14:20:00+00:00,606.05,606.22,605.92,606.14,20892.0
2025-02-06 14:25:00+00:00,606.16,606.18,605.91,605.98,29219.0
2025-02-06 14:30:00+00:00,605.99,606.05,605.39,605.6,1434624.0
2025-02-06 14:35:00+00:00,605.6,605.64,605.1,605.22,467161.0
2025-02-06 14:40:00+00:00,605.215,605.63,605.14,605.63,316248.0
2025-02-06 14:45:00+00:00,605.64,606.1,605.61,605.6695,436907.0
2025-02-06 14:50:00+00:00,605.675,605.81,605.4404,605.5773,286029.0
2025-02-06 14:55:00+00:00,605.54,605.5419,604.94,605.2699,303248.0
2025-02-06 15:00:00+00:00,605.22,605.285,604.96,605.05,257491.0
2025-02-06 15:05:00+00:00,605.05,605.6,604.96,605.52,251233.0
2025-02-06 15:10:00+00:00,605.52,605.8,605.4301,605.73,169446.0
2025-02-06 15:15:00+00:00,605.74,605.945,605.66,605.67,209943.0
2025-02-06 15:20:00+00:00,605.6799,605.86,605.03,605.1,212424.0
2025-02-06 15:25:00+00:00,605.1,605.16,604.83,604.94,266953.0
2025-02-06 15:30:00+00:00,604.94,605.23,604.74,605.03,253058.0
2025-02-06 15:35:00+00:00,605.05,605.75,604.38,604.4486,508338.0
2025-02-06 15:40:00+00:00,604.44,605.36,604.39,604.7,317684.0
2025-02-06 15:45:00+00:00,604.75,604.77,604.16,604.46,304506.0
2025-02-06 15:50:00+00:00,604.43,604.8899,604.43,604.8,240787.0
2025-02-06 15:55:00+00:00,604.8,604.9384,604.52,604.62,151671.0
2025-02-06 16:00:00+00:00,604.63,605.0,604.54,604.88,163810.0
2025-02-06 16:05:00+00:00,604.88,605.16,604.795,605.15,159752.0
2025-02-06 16:10:00+00:00,605.16,605.62,605.1299,605.5899,228921.0
2025-02-06 16:15:00+00:00,605.5943,605.68,605.4999,605.63,169545.0
2025-02-06 16:20:00+00:00,605.63,605.6999,605.3701,605.66,232150.0
2025-02-06 16:25:00+00:00,605.66,605.69,605.51,605.53,128997.0
2025-02-06 16:30:00+00:00,605.55,605.56,605.29,605.36,134827.0
2025-02-06 16:35:00+00:00,605.365,605.46,604.95,605.17,165375.0
2025-02-06 16:40:00+00:00,605.18,605.18,604.98,605.02,161654.0
2025-02-06 16:45:00+00:00,605.0182,605.23,604.765,605.17,232697.0
2025-02-06 16:50:00+00:00,605.17,605.5048,605.14,605.39,192111.0
2025-02-06 16:55:00+00:00,605.38,605.46,605.02,605.12,153681.0
2025-02-06 17:00:00+00:00,605.13,605.17,604.77,605.14,182579.0
2025-02-06 17:05:00+00:00,605.12,605.16,604.9,604.99,146578.0
2025-02-06 17:10:00+00:00,604.9866,605.0148,604.78,604.81,127023.0
2025-02-06 17:15:00+00:00,604.82,605.3577,604.75,605.34,138164.0
2025-02-06 17:20:00+00:00,605.34,605.63,605.34,605.58,190061.0
2025-02-06 17:25:00+00:00,605.5701,605.6,605.12,605.14,177347.0
2025-02-06 17:30:00+00:00,605.14,605.17,604.86,605.15,142879.0
2025-02-06 17:35:00+00:00,605.18,605.345,605.15,605.26,80104.0
2025-02-06 17:40:00+00:00,605.27,605.33,605.21,605.29,66491.0
2025-02-06 17:45:00+00:00,605.29,605.47,605.2238,605.44,84282.0
2025-02-06 17:50:00+00:00,605.46,605.67,605.42,605.632,164148.0
2025-02-06 17:55:00+00:00,605.632,605.78,605.55,605.61,181925.0
2025-02-06 18:00:00+00:00,605.61,605.88,605.6,605.85,191716.0
2025-02-06 18:05:00+00:00,605.8558,605.99,605.3826,605.59,263270.0
2025-02-06 18:10:00+00:00,605.62,605.82,605.3,605.47,269343.0
2025-02-06 18:15:00+00:00,605.48,605.82,605.33,605.6424,238697.0
2025-02-06 18:20:00+00:00,605.66,605.765,605.5,605.74,144885.0
2025-02-06 18:25:00+00:00,605.715,605.715,605.423,605.58,108887.0
2025-02-06 18:30:00+00:00,605.59,605.79,605.5849,605.65,69601.0
2025-02-06 18:35:00+00:00,605.64,605.67,605.2632,605.325,121904.0
2025-02-06 18:40:00+00:00,605.3,605.7,605.13,605.4,248640.0
2025-02-06 18:45:00+00:00,605.39,605.45,605.16,605.421,213387.0
2025-02-06 18:50:00+00:00,605.425,605.43,605.14,605.1651,124640.0
2025-02-06 18:55:00+00:00,605.15,605.265,605.0401,605.16,283584.0
2025-02-06 19:00:00+00:00,605.15,605.4,605.0,605.29,514328.0
2025-02-06 19:05:00+00:00,605.29,605.44,605.2123,605.4,221577.0
2025-02-06 19:10:00+00:00,605.38,605.49,605.19,605.2,257918.0
2025-02-06 19:15:00+00:00,605.21,605.42,605.055,605.235,195723.0
2025-02-06 19:20:00+00:00,605.24,605.24,605.08,605.1123,220907.0
2025-02-06 19:25:00+00:00,605.115,605.115,604.36,604.56,367102.0
2025-02-06 19:30:00+00:00,604.58,604.58,602.63,603.05,986817.0
2025-02-06 19:35:00+00:00,603.05,603.76,602.83,603.6,571232.0
2025-02-06 19:40:00+00:00,603.5801,603.67,603.13,603.37,399716.0
2025-02-06 19:45:00+00:00,603.37,604.05,603.25,603.99,335223.0
2025-02-06 19:50:00+00:00,604.0,604.3,603.95,604.15,430399.0
2025-02-06 19:55:00+00:00,604.12,604.2199,603.56,603.73,278907.0
2025-02-06 20:00:00+00:00,603.72,603.8594,603.53,603.73,252217.0
2025-02-06 20:05:00+00:00,603.76,604.055,603.7,603.99,213262.0
2025-02-06 20:10:00+00:00,604.0,604.21,603.955,604.2,355059.0
2025-02-06 20:15:00+00:00,604.19,604.69,604.19,604.49,650084.0
2025-02-06 20:20:00+00:00,604.46,604.67,604.35,604.645,237703.0
2025-02-06 20:25:00+00:00,604.65,604.82,604.65,604.765,557820.0
2025-02-06 20:30:00+00:00,604.77,604.975,604.69,604.785,382928.0
2025-02-06 20:35:00+00:00,604.785,604.925,604.58,604.9,454463.0
2025-02-06 20:40:00+00:00,604.9,605.05,604.82,605.02,429912.0
2025-02-06 20:45:00+00:00,605.02,605.5,604.97,605.4,532444.0
2025-02-06 20:50:00+00:00,605.41,606.22,605.41,606.15,2135252.0
2025-02-06 20:55:00+00:00,606.15,606.4525,605.92,606.34,2685838.0
2025-02-06 21:00:00+00:00,606.37,606.47,603.32,605.29,1227766.0
2025-02-06 21:05:00+00:00,605.1912,606.4055,604.74,604.95,1944978.0
2025-02-06 21:10:00+00:00,605.0,605.27,604.95,605.06,2691190.0
2025-02-06 21:15:00+00:00,605.07,605.83,604.4,605.45,289105.0
2025-02-06 21:20:00+00:00,605.46,605.63,605.22,605.48,63169.0
2025-02-06 21:25:00+00:00,605.4,605.53,605.01,605.37,208647.0
2025-02-06 21:30:00+00:00,605.39,605.68,605.29,605.6,265010.0
2025-02-06 21:35:00+00:00,605.58,605.66,605.25,605.25,166189.0
2025-02-06 21:40:00+00:00,605.25,605.29,605.18,605.25,14445.0
2025-02-06 21:45:00+00:00,605.2,605.2085,605.0,605.05,9630.0
2025-02-06 21:50:00+00:00,605.09,605.1,604.95,605.0,25095.0
2025-02-06 21:55:00+00:00,604.97,605.19,604.94,605.12,161637.0
2025-02-06 22:00:00+00:00,605.17,605.18,605.05,605.1,13787.0
2025-02-06 22:05:00+00:00,605.18,605.18,605.06,605.06,5580.0
2025-02-06 22:10:00+00:00,604.97,605.01,604.71,604.89,36439.0
2025-02-06 22:15:00+00:00,604.9,605.04,604.88,604.91,17530.0
2025-02-06 22:20:00+00:00,604.9,605.06,604.9,604.97,6297.0
2025-02-06 22:25:00+00:00,604.95,605.0,604.85,604.85,23199.0
2025-02-06 22:30:00+00:00,604.93,605.12,604.93,605.0,12119.0
2025-02-06 22:35:00+00:00,604.9001,604.91,604.85,604.85,3630.0
2025-02-06 22:40:00+00:00,604.85,604.88,604.7708,604.7708,5472.0
2025-02-06 22:45:00+00:00,604.8,604.8,604.52,604.79,12356.0
2025-02-06 22:50:00+00:00,604.62,604.7,604.59,604.7,3029.0
2025-02-06 22:55:00+00:00,604.55,604.7,604.55,604.66,2022.0
2025-02-06 23:00:00+00:00,604.55,605.15,604.5,605.04,22576.0
2025-02-06 23:05:00+00:00,605.04,605.5,605.04,605.48,14814.0
2025-02-06 23:10:00+00:00,605.4979,605.6,605.49,605.49,8834.0
2025-02-06 23:15:00+00:00,605.45,605.57,605.45,605.54,6012.0
2025-02-06 23:20:00+00:00,605.5,605.58,605.5,605.58,3049.0
2025-02-06 23:25:00+00:00,605.48,605.7,605.48,605.67,2723.0
2025-02-06 23:30:00+00:00,605.6599,605.6599,605.57,605.57,734.0
2025-02-06 23:35:00+00:00,605.53,605.53,605.5,605.5122,1144.0
2025-02-06 23:40:00+00:00,605.63,605.63,605.49,605.49,589.0
2025-02-06 23:45:00+00:00,605.66,605.67,605.56,605.57,778.0
2025-02-06 23:50:00+00:00,605.51,605.5383,605.51,605.5383,260.0
2025-02-06 23:55:00+00:00,605.6293,605.63,605.6293,605.63,367.0
2025-02-07 00:00:00+00:00,605.6,605.76,605.6,605.76,1425.0
2025-02-07 00:05:00+00:00,605.78,605.8,605.761,605.79,2390.0
2025-02-07 00:10:00+00:00,605.8,605.8,605.7301,605.7301,425.0
2025-02-07 00:15:00+00:00,605.6901,605.72,605.6901,605.72,409.0
2025-02-07 00:20:00+00:00,605.68,605.74,605.68,605.6815,779.0
2025-02-07 00:25:00+00:00,605.76,605.76,605.69,605.69,1146.0
2025-02-07 00:30:00+00:00,605.7299,605.7299,605.65,605.68,6791.0
2025-02-07 00:35:00+00:00,605.66,605.6799,605.41,605.5701,4653.0
2025-02-07 00:45:00+00:00,605.67,605.72,605.67,605.7,805.0
2025-02-07 00:50:00+00:00,605.67,605.7699,605.67,605.7699,1687.0
2025-02-07 00:55:00+00:00,605.8,605.99,605.8,605.99,5369.0
2025-02-07 09:00:00+00:00,605.6,605.94,605.6,605.94,1090.0
2025-02-07 09:05:00+00:00,606.0,606.15,606.0,606.15,2348.0
2025-02-07 09:15:00+00:00,606.03,606.03,606.03,606.03,473.0
2025-02-07 09:20:00+00:00,605.98,605.98,605.98,605.98,545.0
2025-02-07 09:25:00+00:00,605.95,605.95,605.81,605.81,788.0
2025-02-07 09:30:00+00:00,606.0,606.05,606.0,606.05,404.0
2025-02-07 09:35:00+00:00,606.08,606.23,606.08,606.23,474.0
2025-02-07 09:45:00+00:00,606.25,606.25,606.25,606.25,530.0
2025-02-07 09:50:00+00:00,606.32,606.32,606.32,606.32,226.0
2025-02-07 09:55:00+00:00,606.11,606.23,606.11,606.23,816.0
2025-02-07 10:05:00+00:00,606.33,606.33,606.33,606.33,275.0
2025-02-07 10:20:00+00:00,606.28,606.42,606.28,606.42,453.0
2025-02-07 10:25:00+00:00,606.38,606.49,606.38,606.49,469.0
2025-02-07 10:40:00+00:00,606.19,606.19,606.19,606.19,393.0
2025-02-07 10:55:00+00:00,606.21,606.25,606.21,606.24,1074.0
2025-02-07 11:00:00+00:00,606.32,606.32,606.32,606.32,186.0
2025-02-07 11:10:00+00:00,606.21,606.21,606.21,606.21,215.0
2025-02-07 11:15:00+00:00,606.26,606.26,606.26,606.26,641.0
2025-02-07 11:20:00+00:00,606.21,606.22,606.09,606.09,2263.0
2025-02-07 11:25:00+00:00,606.13,606.13,606.13,606.13,218.0
2025-02-07 11:30:00+00:00,606.22,606.22,606.22,606.22,345.0
2025-02-07 11:35:00+00:00,606.3,606.3,606.3,606.3,140.0
2025-02-07 11:40:00+00:00,606.41,606.41,606.41,606.41,351.0
2025-02-07 11:45:00+00:00,606.5,606.53,606.48,606.5,7507.0
2025-02-07 11:50:00+00:00,606.58,606.65,606.58,606.62,3745.0
2025-02-07 11:55:00+00:00,606.69,606.69,606.6,606.6,903.0
2025-02-07 12:00:00+00:00,606.61,606.65,606.53,606.56,3664.0
2025-02-07 12:05:00+00:00,606.6,606.61,606.49,606.55,3507.0
2025-02-07 12:10:00+00:00,606.6,606.63,606.54,606.54,3842.0
2025-02-07 12:15:00+00:00,606.55,606.59,606.55,606.59,584.0
2025-02-07 12:20:00+00:00,606.59,606.59,606.44,606.46,2590.0
2025-02-07 12:25:00+00:00,606.48,606.5,606.47,606.48,702.0
2025-02-07 12:30:00+00:00,606.47,606.47,606.28,606.28,12432.0
2025-02-07 12:35:00+00:00,606.39,606.39,606.39,606.39,262.0
2025-02-07 12:40:00+00:00,606.39,606.39,606.39,606.39,101.0
2025-02-07 12:45:00+00:00,606.43,606.43,606.34,606.42,8387.0
2025-02-07 12:50:00+00:00,606.41,606.49,606.37,606.39,4187.0
2025-02-07 12:55:00+00:00,606.38,606.4,606.3,606.31,11880.0
2025-02-07 13:00:00+00:00,606.63,606.66,605.32,606.27,26417.0
2025-02-07 13:05:00+00:00,606.25,606.25,605.97,606.01,24888.0
2025-02-07 13:10:00+00:00,606.0,606.13,605.99,606.06,16848.0
2025-02-07 13:15:00+00:00,606.22,606.45,606.22,606.24,10172.0
2025-02-07 13:20:00+00:00,606.18,606.18,605.84,605.88,34135.0
2025-02-07 13:25:00+00:00,605.88,606.01,605.8,605.9,18872.0
2025-02-07 13:30:00+00:00,606.0,607.22,604.4,605.7,570144.0
2025-02-07 13:35:00+00:00,605.74,606.05,605.08,605.84,166092.0
2025-02-07 13:40:00+00:00,605.96,607.0,605.96,606.64,97202.0
2025-02-07 13:45:00+00:00,606.69,606.69,606.01,606.0903,43221.0
2025-02-07 13:50:00+00:00,606.12,606.5,606.05,606.5,10590.0
2025-02-07 13:55:00+00:00,606.52,606.85,606.5,606.77,19744.0
2025-02-07 14:00:00+00:00,606.79,606.84,606.38,606.71,29361.0
2025-02-07 14:05:00+00:00,606.64,606.72,606.47,606.7,17149.0
2025-02-07 14:10:00+00:00,606.62,606.9,606.58,606.89,8308.0
2025-02-07 14:15:00+00:00,606.83,607.01,606.7212,606.86,15276.0
2025-02-07 14:20:00+00:00,606.78,606.94,606.7,606.75,7489.0
2025-02-07 14:25:00+00:00,606.81,607.0,606.74,606.86,52605.0
2025-02-07 14:30:00+00:00,606.89,607.47,606.56,607.195,1359752.0
2025-02-07 14:35:00+00:00,607.23,607.365,606.75,607.32,365804.0
2025-02-07 14:40:00+00:00,607.31,607.77,607.24,607.53,347841.0
2025-02-07 14:45:00+00:00,607.51,607.99,607.51,607.875,322879.0
2025-02-07 14:50:00+00:00,607.86,608.13,607.745,607.95,442631.0
2025-02-07 14:55:00+00:00,607.96,607.97,607.525,607.8103,295782.0
2025-02-07 15:00:00+00:00,607.77,607.81,604.44,604.79,1933823.0
2025-02-07 15:05:00+00:00,604.81,605.76,604.35,605.6,921105.0
2025-02-07 15:10:00+00:00,605.5791,605.68,603.77,604.25,801096.0
2025-02-07 15:15:00+00:00,604.3,604.94,603.81,604.7659,614176.0
2025-02-07 15:20:00+00:00,604.7,605.32,604.1,605.07,504839.0
2025-02-07 15:25:00+00:00,605.09,605.41,604.583,604.583,327424.0
2025-02-07 15:30:00+00:00,604.5,604.8662,604.26,604.76,243537.0
2025-02-07 15:35:00+00:00,604.7899,605.54,604.59,604.74,292350.0
2025-02-07 15:40:00+00:00,604.78,605.22,604.3101,604.47,193093.0
2025-02-07 15:45:00+00:00,604.5102,604.91,604.07,604.825,209008.0
2025-02-07 15:50:00+00:00,604.83,605.39,601.18,601.82,1847703.0
2025-02-07 15:55:00+00:00,601.8,603.5,601.62,603.41,1732628.0
2025-02-07 16:00:00+00:00,603.45,603.58,601.6,602.2,779793.0
2025-02-07 16:05:00+00:00,602.15,603.64,601.54,603.48,616772.0
2025-02-07 16:10:00+00:00,603.43,603.54,602.34,602.44,360821.0
2025-02-07 16:15:00+00:00,602.5,604.5395,602.3,603.6,790615.0
2025-02-07 16:20:00+00:00,603.64,604.42,602.87,603.06,539271.0
2025-02-07 16:25:00+00:00,602.96,603.33,601.93,602.0004,2647503.0
2025-02-07 16:30:00+00:00,602.05,602.91,602.0244,602.69,315522.0
2025-02-07 16:35:00+00:00,602.63,602.77,601.87,602.18,203456.0
2025-02-07 16:40:00+00:00,602.18,602.7694,601.74,602.07,400411.0
2025-02-07 16:45:00+00:00,602.06,602.31,601.48,601.86,2807011.0
2025-02-07 16:50:00+00:00,601.86,602.16,601.29,601.66,710383.0
2025-02-07 16:55:00+00:00,601.67,602.62,601.51,601.5988,635014.0
2025-02-07 17:00:00+00:00,601.57,601.64,601.04,601.325,521468.0
2025-02-07 17:05:00+00:00,601.3014,602.66,600.73,602.37,800796.0
2025-02-07 17:10:00+00:00,602.42,602.67,601.58,602.53,327135.0
2025-02-07 17:15:00+00:00,602.52,602.6,600.64,601.46,848039.0
2025-02-07 17:20:00+00:00,601.4608,602.83,601.04,601.39,701987.0
2025-02-07 17:25:00+00:00,601.4,601.98,601.22,601.7,172224.0
2025-02-07 17:30:00+00:00,601.61,602.1613,601.3,601.6,283350.0
2025-02-07 17:35:00+00:00,601.58,602.35,601.52,602.29,147198.0
2025-02-07 17:40:00+00:00,602.32,602.46,601.95,602.2,185313.0
2025-02-07 17:45:00+00:00,602.2,602.71,602.16,602.55,277795.0
2025-02-07 17:50:00+00:00,602.54,602.85,602.01,602.42,190971.0
2025-02-07 17:55:00+00:00,602.475,602.6978,602.08,602.16,114625.0
2025-02-07 18:00:00+00:00,602.17,602.98,602.04,602.8175,198294.0
2025-02-07 18:05:00+00:00,602.82,603.63,602.82,603.37,319360.0
2025-02-07 18:10:00+00:00,603.36,603.59,603.16,603.5001,129590.0
2025-02-07 18:15:00+00:00,603.49,603.75,603.46,603.57,278317.0
2025-02-07 18:20:00+00:00,603.5001,603.57,603.07,603.29,242190.0
2025-02-07 18:25:00+00:00,603.29,603.46,603.1452,603.3143,105960.0
2025-02-07 18:30:00+00:00,603.33,603.54,603.24,603.5147,94888.0
2025-02-07 18:35:00+00:00,603.49,603.65,603.44,603.55,251105.0
2025-02-07 18:40:00+00:00,603.55,603.59,602.08,602.34,314169.0
2025-02-07 18:45:00+00:00,602.39,602.4,601.76,602.05,396910.0
2025-02-07 18:50:00+00:00,602.06,602.205,601.58,601.7651,203582.0
2025-02-07 18:55:00+00:00,601.72,601.83,601.13,601.235,208735.0
2025-02-07 19:00:00+00:00,601.226,601.57,601.12,601.47,298962.0
2025-02-07 19:05:00+00:00,601.51,601.59,601.0,601.26,574361.0
2025-02-07 19:10:00+00:00,601.26,601.41,600.68,600.94,308778.0
2025-02-07 19:15:00+00:00,600.95,601.24,600.81,600.91,190450.0
2025-02-07 19:20:00+00:00,600.93,601.05,600.42,600.85,451345.0
2025-02-07 19:25:00+00:00,600.88,601.07,600.571,600.5893,206366.0
2025-02-07 19:30:00+00:00,600.6091,601.03,600.34,601.01,312940.0
2025-02-07 19:35:00+00:00,601.01,601.27,600.7735,601.235,204090.0
2025-02-07 19:40:00+00:00,601.25,601.5499,600.97,601.43,496241.0
2025-02-07 19:45:00+00:00,601.46,601.57,600.99,601.495,227035.0
2025-02-07 19:50:00+00:00,601.51,601.6,601.07,601.2212,254585.0
2025-02-07 19:55:00+00:00,601.23,601.39,601.02,601.12,180242.0
2025-02-07 20:00:00+00:00,601.11,601.11,600.48,600.58,381383.0
2025-02-07 20:05:00+00:00,600.57,600.98,600.55,600.76,312927.0
2025-02-07 20:10:00+00:00,600.75,600.89,600.28,600.39,329083.0
2025-02-07 20:15:00+00:00,600.375,600.65,600.05,600.59,391999.0
2025-02-07 20:20:00+00:00,600.6,600.82,600.35,600.51,190922.0
2025-02-07 20:25:00+00:00,600.51,600.675,600.385,600.4,255070.0
2025-02-07 20:30:00+00:00,600.39,601.06,600.37,601.037,419956.0
2025-02-07 20:35:00+00:00,600.99,601.15,600.51,600.71,651473.0
2025-02-07 20:40:00+00:00,600.7,600.94,600.6103,600.69,1126367.0
2025-02-07 20:45:00+00:00,600.71,600.93,600.61,600.76,670940.0
2025-02-07 20:50:00+00:00,600.79,601.26,600.79,601.03,808056.0
2025-02-07 20:55:00+00:00,601.03,601.03,600.5,600.78,3643532.0
2025-02-07 21:00:00+00:00,600.83,601.27,600.77,600.87,542196.0
2025-02-07 21:05:00+00:00,600.88,606.4184,600.87,601.0,725189.0
2025-02-07 21:10:00+00:00,600.97,601.12,600.92,601.0,2038832.0
2025-02-07 21:15:00+00:00,600.93,601.08,600.89,601.07,50419.0
2025-02-07 21:20:00+00:00,601.0798,601.08,600.84,601.07,44916.0
2025-02-07 21:25:00+00:00,601.08,601.1,600.89,601.07,85672.0
2025-02-07 21:30:00+00:00,601.07,601.09,600.91,600.95,6142.0
2025-02-07 21:35:00+00:00,600.9,600.95,600.9,600.95,8397.0
2025-02-07 21:40:00+00:00,600.92,600.95,600.91,600.95,13035.0
2025-02-07 21:45:00+00:00,600.96,600.96,600.8599,600.92,39449.0
2025-02-07 21:50:00+00:00,600.9,600.9,600.82,600.83,21289.0
2025-02-07 21:55:00+00:00,600.83,600.87,600.83,600.87,21149.0
2025-02-07 22:00:00+00:00,600.96,601.04,600.87,601.0,134868.0
2025-02-07 22:05:00+00:00,601.0,601.0,600.95,600.95,1963.0
2025-02-07 22:10:00+00:00,600.93,600.96,600.92,600.95,7120.0
2025-02-07 22:15:00+00:00,600.96,600.96,600.8901,600.8901,5006.0
2025-02-07 22:20:00+00:00,600.93,600.96,600.92,600.92,12888.0
2025-02-07 22:25:00+00:00,600.92,601.06,600.91,601.06,18148.0
2025-02-07 22:30:00+00:00,601.1,601.1,600.91,600.95,3856.0
2025-02-07 22:35:00+00:00,601.0,601.0,600.77,600.8995,499523.0
2025-02-07 22:40:00+00:00,600.88,600.88,600.8126,600.85,9147.0
2025-02-07 22:45:00+00:00,600.85,600.89,600.8319,600.8319,6378.0
2025-02-07 22:50:00+00:00,600.89,600.89,600.78,600.78,2919.0
2025-02-07 22:55:00+00:00,600.78,600.8,600.7,600.7001,3681.0
2025-02-07 23:00:00+00:00,600.7,600.72,600.55,600.55,2914.0
2025-02-07 23:05:00+00:00,600.52,600.56,600.5,600.56,26145.0
2025-02-07 23:10:00+00:00,600.52,600.55,600.52,600.55,637.0
2025-02-07 23:15:00+00:00,600.55,600.55,600.52,600.52,3319.0
2025-02-07 23:20:00+00:00,600.6201,600.6201,600.6201,600.6201,422.0
2025-02-07 23:25:00+00:00,600.62,600.72,600.6,600.7,2271.0
2025-02-07 23:30:00+00:00,600.7,601.1,600.7,601.1,22724.0
2025-02-07 23:35:00+00:00,600.97,601.08,600.97,601.05,12079.0
2025-02-07 23:40:00+00:00,601.0,601.0,600.9,600.9,2505.0
2025-02-07 23:45:00+00:00,600.89,600.89,600.81,600.81,518.0
2025-02-07 23:50:00+00:00,600.78,600.84,600.7702,600.84,2005.0
2025-02-07 23:55:00+00:00,600.83,600.83,600.55,600.5999,5141.0
2025-02-08 00:00:00+00:00,600.6,600.6,600.4,600.4,22966.0
2025-02-08 00:05:00+00:00,600.45,600.45,600.43,600.43,1069.0
2025-02-08 00:10:00+00:00,600.43,600.43,600.4,600.41,3409.0
2025-02-08 00:15:00+00:00,600.41,600.41,600.39,600.41,928.0
2025-02-08 00:25:00+00:00,600.3727,600.3727,600.3727,600.3727,159.0
2025-02-08 00:35:00+00:00,600.43,600.43,600.35,600.35,8103.0
2025-02-08 00:40:00+00:00,600.33,600.33,600.21,600.24,5433.0
2025-02-08 00:45:00+00:00,600.23,600.24,600.22,600.22,2479.0
2025-02-08 00:50:00+00:00,600.24,600.38,600.23,600.26,1669.0
2025-02-08 00:55:00+00:00,600.5,600.5,600.21,600.2299,8290.0
2025-02-10 09:00:00+00:00,602.35,602.83,602.35,602.82,6064.0
2025-02-10 09:05:00+00:00,602.85,602.9,602.71,602.76,1694.0
2025-02-10 09:10:00+00:00,602.93,602.93,602.93,602.93,366.0
2025-02-10 09:15:00+00:00,603.0,603.15,603.0,603.07,1876.0
2025-02-10 09:20:00+00:00,603.04,603.07,603.02,603.02,1189.0
2025-02-10 09:30:00+00:00,603.1,603.15,603.08,603.15,1257.0
2025-02-10 09:35:00+00:00,603.02,603.11,603.01,603.11,2903.0
2025-02-10 09:40:00+00:00,603.03,603.03,603.03,603.03,285.0
2025-02-10 09:45:00+00:00,602.76,602.82,602.76,602.82,768.0
2025-02-10 09:50:00+00:00,602.97,602.97,602.97,602.97,1226.0
2025-02-10 09:55:00+00:00,603.0,603.04,603.0,603.04,661.0
2025-02-10 10:00:00+00:00,603.18,603.22,603.18,603.22,726.0
2025-02-10 10:05:00+00:00,603.29,603.29,603.2,603.25,1028.0
2025-02-10 10:10:00+00:00,603.17,603.17,603.1,603.13,927.0
2025-02-10 10:15:00+00:00,603.13,603.13,603.13,603.13,260.0
2025-02-10 10:25:00+00:00,603.32,603.32,603.32,603.32,525.0
2025-02-10 10:30:00+00:00,603.18,603.18,603.18,603.18,234.0
2025-02-10 10:35:00+00:00,603.25,603.58,603.25,603.53,2771.0
2025-02-10 10:40:00+00:00,603.54,603.54,603.54,603.54,420.0
2025-02-10 11:00:00+00:00,603.46,603.46,602.97,603.33,5074.0
2025-02-10 11:05:00+00:00,603.39,603.5,603.37,603.5,2827.0
2025-02-10 11:10:00+00:00,603.5,603.56,603.5,603.56,417.0
2025-02-10 11:15:00+00:00,603.55,603.55,603.55,603.55,607.0
2025-02-10 11:20:00+00:00,603.54,603.59,603.53,603.58,1602.0
2025-02-10 11:25:00+00:00,603.65,603.69,603.65,603.69,1372.0
2025-02-10 11:30:00+00:00,603.61,603.61,603.59,603.59,1193.0
2025-02-10 11:35:00+00:00,603.67,603.74,603.67,603.71,1195.0
2025-02-10 11:40:00+00:00,603.72,603.74,603.59,603.59,1887.0
2025-02-10 11:45:00+00:00,603.59,603.59,603.53,603.53,1220.0
2025-02-10 11:50:00+00:00,603.57,603.64,603.57,603.64,7375.0
2025-02-10 12:00:00+00:00,603.65,603.7,603.44,603.45,13289.0
2025-02-10 12:05:00+00:00,603.47,603.6,603.44,603.44,51845.0
2025-02-10 12:10:00+00:00,603.43,603.45,603.41,603.41,846.0
2025-02-10 12:15:00+00:00,603.43,603.5,603.411,603.5,3229.0
2025-02-10 12:20:00+00:00,603.5,603.75,603.4,603.53,31264.0
2025-02-10 12:25:00+00:00,603.55,603.55,603.55,603.55,554.0
2025-02-10 12:30:00+00:00,603.54,603.55,603.44,603.44,1908.0
2025-02-10 12:35:00+00:00,603.4,603.45,603.4,603.44,2531.0
2025-02-10 12:40:00+00:00,603.5,603.57,603.44,603.5,4230.0
2025-02-10 12:45:00+00:00,603.6,603.62,603.57,603.57,1136.0
2025-02-10 12:50:00+00:00,603.59,603.59,603.54,603.54,4060.0
2025-02-10 12:55:00+00:00,603.58,603.77,603.58,603.76,5528.0
2025-02-10 13:00:00+00:00,603.67,603.82,602.25,603.7202,42655.0
2025-02-10 13:05:00+00:00,603.73,603.8,603.7,603.75,12448.0
2025-02-10 13:10:00+00:00,603.7505,603.97,603.7505,603.97,13730.0
2025-02-10 13:15:00+00:00,603.9701,604.0598,603.93,604.03,19423.0
2025-02-10 13:20:00+00:00,604.02,604.05,603.9,603.95,21251.0
2025-02-10 13:25:00+00:00,603.94,604.26,603.9,604.21,15919.0
2025-02-10 13:30:00+00:00,604.22,604.4104,604.18,604.41,11360.0
2025-02-10 13:35:00+00:00,604.41,604.49,604.31,604.44,41823.0
2025-02-10 13:40:00+00:00,604.35,604.35,604.24,604.31,38073.0
2025-02-10 13:45:00+00:00,604.33,604.34,604.27,604.335,6513.0
2025-02-10 13:50:00+00:00,604.35,604.35,604.2,604.33,27098.0
2025-02-10 13:55:00+00:00,604.29,604.4406,604.27,604.42,11098.0
2025-02-10 14:00:00+00:00,604.45,604.6,604.45,604.5299,25816.0
2025-02-10 14:05:00+00:00,604.48,604.49,604.35,604.35,48554.0
2025-02-10 14:10:00+00:00,604.31,604.35,604.07,604.07,23572.0
2025-02-10 14:15:00+00:00,604.06,604.13,603.91,604.1101,20273.0
2025-02-10 14:20:00+00:00,604.07,604.16,603.94,603.97,21601.0
2025-02-10 14:25:00+00:00,603.93,604.23,603.83,603.99,34139.0
2025-02-10 14:30:00+00:00,604.03,604.1,603.3901,603.465,1113137.0
2025-02-10 14:35:00+00:00,603.48,603.61,602.9,603.158,549011.0
2025-02-10 14:40:00+00:00,603.15,603.18,602.74,603.1046,366078.0
2025-02-10 14:45:00+00:00,603.09,603.42,602.92,602.95,767634.0
2025-02-10 14:50:00+00:00,602.95,603.47,602.811,603.375,358013.0
2025-02-10 14:55:00+00:00,603.39,603.52,603.1,603.49,246239.0
2025-02-10 15:00:00+00:00,603.51,604.16,603.33,604.13,337834.0
2025-02-10 15:05:00+00:00,604.14,604.78,604.08,604.57,928912.0
2025-02-10 15:10:00+00:00,604.56,604.69,604.23,604.39,441397.0
2025-02-10 15:15:00+00:00,604.39,604.52,604.23,604.4,244087.0
2025-02-10 15:20:00+00:00,604.39,604.7,604.1,604.47,288726.0
2025-02-10 15:25:00+00:00,604.48,604.79,604.39,604.73,255650.0
2025-02-10 15:30:00+00:00,604.74,604.97,604.72,604.77,461238.0
2025-02-10 15:35:00+00:00,604.79,604.95,604.67,604.77,225774.0
2025-02-10 15:40:00+00:00,604.77,604.96,604.56,604.81,269837.0
2025-02-10 15:45:00+00:00,604.83,605.33,604.82,605.22,367888.0
2025-02-10 15:50:00+00:00,605.22,605.27,605.01,605.14,345817.0
2025-02-10 15:55:00+00:00,605.15,605.25,604.8101,604.8688,219447.0
2025-02-10 16:00:00+00:00,604.85,605.13,604.82,604.91,212028.0
2025-02-10 16:05:00+00:00,604.9,604.915,604.55,604.75,239444.0
2025-02-10 16:10:00+00:00,604.75,604.93,604.53,604.66,173551.0
2025-02-10 16:15:00+00:00,604.65,604.6699,604.1,604.27,321150.0
2025-02-10 16:20:00+00:00,604.296,604.44,604.05,604.4001,275772.0
2025-02-10 16:25:00+00:00,604.42,604.58,604.24,604.31,228527.0
2025-02-10 16:30:00+00:00,604.3199,604.36,603.84,604.03,224030.0
2025-02-10 16:35:00+00:00,604.03,604.31,603.989,604.2799,198370.0
2025-02-10 16:40:00+00:00,604.26,604.36,604.13,604.22,167885.0
2025-02-10 16:45:00+00:00,604.2134,604.35,603.94,604.08,175981.0
2025-02-10 16:50:00+00:00,604.08,604.335,604.06,604.27,130264.0
2025-02-10 16:55:00+00:00,604.255,604.49,604.255,604.425,194145.0
2025-02-10 17:00:00+00:00,604.41,604.46,604.06,604.06,128647.0
2025-02-10 17:05:00+00:00,604.08,604.0822,603.59,603.821,231861.0
2025-02-10 17:10:00+00:00,603.82,603.82,603.2108,603.49,335269.0
2025-02-10 17:15:00+00:00,603.47,603.68,603.24,603.57,249021.0
2025-02-10 17:20:00+00:00,603.563,603.92,603.43,603.92,110368.0
2025-02-10 17:25:00+00:00,603.91,603.95,603.5812,603.6286,119587.0
2025-02-10 17:30:00+00:00,603.65,604.0263,603.64,603.97,70173.0
2025-02-10 17:35:00+00:00,603.98,604.27,603.97,604.19,144000.0
2025-02-10 17:40:00+00:00,604.2,604.4,604.18,604.1813,149041.0
2025-02-10 17:45:00+00:00,604.18,604.23,603.98,604.13,117863.0
2025-02-10 17:50:00+00:00,604.15,604.54,604.13,604.53,98380.0
2025-02-10 17:55:00+00:00,604.53,604.64,604.44,604.59,90650.0
2025-02-10 18:00:00+00:00,604.58,604.8,604.52,604.77,224808.0
2025-02-10 18:05:00+00:00,604.76,604.82,604.6501,604.74,116509.0
2025-02-10 18:10:00+00:00,604.73,604.88,604.7,604.88,133302.0
2025-02-10 18:15:00+00:00,604.88,604.99,604.635,604.76,193771.0
2025-02-10 18:20:00+00:00,604.76,604.98,604.7,604.81,138779.0
2025-02-10 18:25:00+00:00,604.83,604.95,604.635,604.68,107472.0
2025-02-10 18:30:00+00:00,604.6801,604.79,604.56,604.66,104831.0
2025-02-10 18:35:00+00:00,604.6651,604.86,604.64,604.7799,90916.0
2025-02-10 18:40:00+00:00,604.78,604.83,604.67,604.81,194368.0
2025-02-10 18:45:00+00:00,604.8,604.98,604.77,604.94,106961.0
2025-02-10 18:50:00+00:00,604.93,605.24,604.9,605.11,203159.0
2025-02-10 18:55:00+00:00,605.11,605.2,605.05,605.052,164296.0
2025-02-10 19:00:00+00:00,605.05,605.05,604.63,604.93,244202.0
2025-02-10 19:05:00+00:00,604.94,605.1,604.9,605.09,105806.0
2025-02-10 19:10:00+00:00,605.09,605.31,605.04,605.26,174335.0
2025-02-10 19:15:00+00:00,605.25,605.33,605.08,605.125,184029.0
2025-02-10 19:20:00+00:00,605.13,605.4999,605.13,605.3,218349.0
2025-02-10 19:25:00+00:00,605.31,605.31,605.01,605.19,155954.0
2025-02-10 19:30:00+00:00,605.18,605.37,605.1413,605.21,215087.0
2025-02-10 19:35:00+00:00,605.2,605.2965,605.08,605.09,131356.0
2025-02-10 19:40:00+00:00,605.08,605.105,604.895,604.99,164392.0
2025-02-10 19:45:00+00:00,604.97,604.98,604.77,604.865,508604.0
2025-02-10 19:50:00+00:00,604.85,605.0,604.72,605.0,187887.0
2025-02-10 19:55:00+00:00,605.01,605.199,604.88,604.93,230248.0
2025-02-10 20:00:00+00:00,604.95,605.14,604.7516,605.0,188597.0
2025-02-10 20:05:00+00:00,605.01,605.17,604.97,605.045,172176.0
2025-02-10 20:10:00+00:00,605.04,605.19,604.95,605.1799,222150.0
2025-02-10 20:15:00+00:00,605.18,605.19,605.0,605.02,213691.0
2025-02-10 20:20:00+00:00,605.02,605.0999,604.825,604.88,258910.0
2025-02-10 20:25:00+00:00,604.88,604.99,604.81,604.89,229264.0
2025-02-10 20:30:00+00:00,604.88,604.92,604.71,604.775,519771.0
2025-02-10 20:35:00+00:00,604.77,604.77,604.5,604.68,437076.0
2025-02-10 20:40:00+00:00,604.65,605.03,604.65,604.91,426014.0
2025-02-10 20:45:00+00:00,604.92,604.92,604.53,604.74,539906.0
2025-02-10 20:50:00+00:00,604.73,605.0,604.2446,604.61,895884.0
2025-02-10 20:55:00+00:00,604.6,604.91,604.34,604.79,1803425.0
2025-02-10 21:00:00+00:00,604.78,604.85,604.43,604.59,387847.0
2025-02-10 21:05:00+00:00,604.56,604.58,604.41,604.45,73549.0
2025-02-10 21:10:00+00:00,604.46,604.49,604.31,604.38,508121.0
2025-02-10 21:15:00+00:00,604.39,604.48,604.2,604.48,347973.0
2025-02-10 21:20:00+00:00,604.48,604.66,604.47,604.57,38869.0
2025-02-10 21:25:00+00:00,604.55,604.79,604.4,604.6299,57485.0
2025-02-10 21:30:00+00:00,604.66,604.69,604.6,604.62,6750.0
2025-02-10 21:35:00+00:00,604.66,604.69,604.62,604.62,139021.0
2025-02-10 21:40:00+00:00,604.68,604.7198,604.55,604.7198,22685.0
2025-02-10 21:45:00+00:00,604.71,604.73,604.68,604.68,13529.0
2025-02-10 21:50:00+00:00,604.74,604.74,604.68,604.7,2513.0
2025-02-10 21:55:00+00:00,604.71,604.71,604.68,604.7,7576.0
2025-02-10 22:00:00+00:00,604.69,604.7,604.69,604.69,2759.0
2025-02-10 22:05:00+00:00,604.7,604.7,604.69,604.69,3853.0
2025-02-10 22:10:00+00:00,604.67,604.6708,604.67,604.6708,644.0
2025-02-10 22:15:00+00:00,604.67,604.67,604.64,604.64,1754.0
2025-02-10 22:20:00+00:00,604.709,604.709,604.709,604.709,1589.0
2025-02-10 22:25:00+00:00,604.72,604.72,604.72,604.72,497.0
2025-02-10 22:30:00+00:00,604.7696,604.7696,604.72,604.73,1364.0
2025-02-10 22:35:00+00:00,604.6775,604.73,604.65,604.7006,2954.0
2025-02-10 22:40:00+00:00,604.7,604.7,604.54,604.621,9714.0
2025-02-10 22:45:00+00:00,604.6,604.68,604.4,604.63,10443.0
2025-02-10 22:55:00+00:00,604.6498,604.65,604.52,604.61,4040.0
2025-02-10 23:00:00+00:00,604.45,604.45,604.02,604.02,16330.0
2025-02-10 23:05:00+00:00,604.08,604.0999,603.74,603.85,43811.0
2025-02-10 23:10:00+00:00,604.02,604.02,603.66,603.89,12426.0
2025-02-10 23:15:00+00:00,603.91,603.91,603.5668,603.6499,2633.0
2025-02-10 23:20:00+00:00,603.69,603.71,603.64,603.64,4232.0
2025-02-10 23:25:00+00:00,603.56,603.56,603.22,603.49,8972.0
2025-02-10 23:30:00+00:00,603.5,603.54,603.48,603.53,2459.0
2025-02-10 23:35:00+00:00,603.62,603.7,603.6,603.6,1719.0
2025-02-10 23:40:00+00:00,603.65,603.65,603.471,603.471,5274.0
2025-02-10 23:45:00+00:00,603.54,603.6,603.5,603.5,8076.0
2025-02-10 23:50:00+00:00,603.61,603.61,603.61,603.61,312.0
2025-02-10 23:55:00+00:00,603.6,603.68,603.6,603.68,16255.0
2025-02-11 00:00:00+00:00,603.68,603.68,603.5612,603.61,3690.0
2025-02-11 00:05:00+00:00,603.64,603.64,603.43,603.43,4244.0
2025-02-11 00:10:00+00:00,603.49,603.52,603.45,603.51,2408.0
2025-02-11 00:15:00+00:00,603.4713,603.49,603.4713,603.49,502.0
2025-02-11 00:20:00+00:00,603.55,603.55,603.5,603.53,1281.0
2025-02-11 00:25:00+00:00,603.53,603.77,603.48,603.77,1956.0
2025-02-11 00:30:00+00:00,603.771,603.9275,603.77,603.9275,5389.0
2025-02-11 00:35:00+00:00,603.96,604.0,603.9301,604.0,1825.0
2025-02-11 00:40:00+00:00,604.0,604.07,604.0,604.07,2279.0
2025-02-11 00:45:00+00:00,604.0101,604.0101,603.9504,603.9504,646.0
2025-02-11 00:50:00+00:00,603.9601,604.02,603.9601,604.0,2660.0
2025-02-11 00:55:00+00:00,604.01,604.03,603.94,603.98,8144.0
2025-02-11 09:00:00+00:00,603.2,603.45,603.2,603.36,1670.0
2025-02-11 09:05:00+00:00,603.48,603.59,603.48,603.56,3081.0
2025-02-11 09:10:00+00:00,603.65,603.7,603.57,603.57,2136.0
2025-02-11 09:15:00+00:00,603.61,603.61,603.39,603.39,1833.0
2025-02-11 09:20:00+00:00,603.27,603.27,602.99,603.05,4803.0
2025-02-11 09:25:00+00:00,603.06,603.13,603.0,603.01,1166.0
2025-02-11 09:30:00+00:00,603.09,603.09,602.85,602.87,2718.0
2025-02-11 09:35:00+00:00,602.84,602.99,602.84,602.99,2422.0
2025-02-11 09:40:00+00:00,602.96,603.02,602.94,603.02,4692.0
2025-02-11 09:45:00+00:00,603.03,603.03,603.03,603.03,347.0
2025-02-11 09:50:00+00:00,602.95,603.0,602.95,603.0,1866.0
2025-02-11 09:55:00+00:00,602.89,603.0,602.89,603.0,919.0
2025-02-11 10:10:00+00:00,602.88,603.05,602.88,603.04,1241.0
2025-02-11 10:15:00+00:00,603.09,603.09,603.08,603.08,673.0
2025-02-11 10:20:00+00:00,603.26,603.26,603.1,603.12,2574.0
2025-02-11 10:25:00+00:00,603.19,603.19,603.02,603.06,1427.0
2025-02-11 10:30:00+00:00,603.0,603.0,603.0,603.0,6322.0
2025-02-11 10:35:00+00:00,603.1,603.1,603.09,603.09,4136.0
2025-02-11 10:40:00+00:00,602.76,602.9,602.74,602.9,3560.0
2025-02-11 10:45:00+00:00,602.88,602.88,602.8,602.87,10707.0
2025-02-11 10:50:00+00:00,602.82,602.82,602.6,602.62,718.0
2025-02-11 10:55:00+00:00,602.63,602.67,602.57,602.57,1461.0
2025-02-11 11:00:00+00:00,602.74,602.79,602.74,602.77,1805.0
2025-02-11 11:05:00+00:00,602.86,602.86,602.86,602.86,532.0
2025-02-11 11:10:00+00:00,602.99,602.99,602.99,602.99,288.0
2025-02-11 11:25:00+00:00,602.91,602.91,602.91,602.91,474.0
2025-02-11 11:30:00+00:00,603.07,603.07,603.07,603.07,320.0
2025-02-11 11:35:00+00:00,603.18,603.23,603.18,603.22,1650.0
2025-02-11 11:40:00+00:00,603.13,603.13,603.13,603.13,359.0
2025-02-11 11:45:00+00:00,603.1,603.25,603.1,603.25,2394.0
2025-02-11 11:50:00+00:00,603.25,603.25,603.2,603.2,1424.0
2025-02-11 11:55:00+00:00,603.3,603.39,603.3,603.39,890.0
2025-02-11 12:00:00+00:00,603.36,603.47,602.89,602.96,12874.0
2025-02-11 12:05:00+00:00,602.97,603.06,602.94,603.04,18100.0
2025-02-11 12:10:00+00:00,603.08,603.17,603.07,603.07,2794.0
2025-02-11 12:15:00+00:00,603.03,603.17,603.03,603.16,2645.0
2025-02-11 12:20:00+00:00,603.12,603.21,602.91,603.17,6715.0
2025-02-11 12:25:00+00:00,603.15,603.2,602.89,602.89,10167.0
2025-02-11 12:30:00+00:00,602.86,603.06,602.85,603.06,4869.0
2025-02-11 12:35:00+00:00,603.07,603.12,603.02,603.12,1302.0
2025-02-11 12:40:00+00:00,603.15,603.25,603.1,603.25,14622.0
2025-02-11 12:45:00+00:00,603.22,603.4,603.22,603.38,4992.0
2025-02-11 12:50:00+00:00,603.32,603.51,603.101,603.2,17897.0
2025-02-11 12:55:00+00:00,603.2,603.31,603.11,603.31,2926.0
2025-02-11 13:00:00+00:00,603.04,603.57,602.5,603.21,35626.0
2025-02-11 13:05:00+00:00,603.32,603.33,603.151,603.1712,3278.0
2025-02-11 13:10:00+00:00,603.16,603.16,603.08,603.1,4562.0
2025-02-11 13:15:00+00:00,603.02,603.05,602.93,602.94,8200.0
2025-02-11 13:20:00+00:00,602.89,602.89,602.58,602.66,40849.0
2025-02-11 13:25:00+00:00,602.6199,602.74,602.53,602.73,33919.0
2025-02-11 13:30:00+00:00,602.72,602.89,602.72,602.8712,12489.0
2025-02-11 13:35:00+00:00,602.87,602.88,602.76,602.86,14517.0
2025-02-11 13:40:00+00:00,602.89,603.05,602.77,602.92,26729.0
2025-02-11 13:45:00+00:00,602.88,602.92,602.53,602.53,12406.0
2025-02-11 13:50:00+00:00,602.5,602.69,602.5,602.57,19583.0
2025-02-11 13:55:00+00:00,602.5001,602.5001,601.92,601.99,64299.0
2025-02-11 14:00:00+00:00,601.91,602.56,601.91,602.51,49496.0
2025-02-11 14:05:00+00:00,602.46,602.64,602.36,602.5,14354.0
2025-02-11 14:10:00+00:00,602.34,602.45,602.28,602.4,7517.0
2025-02-11 14:15:00+00:00,602.4,602.51,602.17,602.31,8396.0
2025-02-11 14:20:00+00:00,602.46,602.48,602.245,602.271,8439.0
2025-02-11 14:25:00+00:00,602.28,602.53,602.26,602.5,47459.0
2025-02-11 14:30:00+00:00,602.55,603.41,602.43,603.28,838788.0
2025-02-11 14:35:00+00:00,603.26,603.5899,603.07,603.35,349495.0
2025-02-11 14:40:00+00:00,603.33,603.49,603.15,603.44,277820.0
2025-02-11 14:45:00+00:00,603.41,603.44,603.13,603.165,241781.0
2025-02-11 14:50:00+00:00,603.15,603.59,603.15,603.4036,236469.0
2025-02-11 14:55:00+00:00,603.4,603.49,603.21,603.33,166428.0
2025-02-11 15:00:00+00:00,603.31,603.97,602.93,603.22,533030.0
2025-02-11 15:05:00+00:00,603.17,603.33,602.7,603.3147,316333.0
2025-02-11 15:10:00+00:00,603.325,603.49,603.1,603.3,187603.0
2025-02-11 15:15:00+00:00,603.3,603.56,603.26,603.3,180281.0
2025-02-11 15:20:00+00:00,603.32,603.74,603.14,603.58,212981.0
2025-02-11 15:25:00+00:00,603.56,604.26,603.52,604.15,449728.0
2025-02-11 15:30:00+00:00,604.16,604.275,604.0,604.04,258723.0
2025-02-11 15:35:00+00:00,604.04,604.39,604.01,604.32,181794.0
2025-02-11 15:40:00+00:00,604.3401,604.48,604.28,604.48,165926.0
2025-02-11 15:45:00+00:00,604.47,604.96,604.47,604.91,397824.0
2025-02-11 15:50:00+00:00,604.89,605.22,604.88,605.15,563625.0
2025-02-11 15:55:00+00:00,605.15,605.16,604.67,604.7062,224598.0
2025-02-11 16:00:00+00:00,604.7,604.9,604.55,604.62,204694.0
2025-02-11 16:05:00+00:00,604.62,604.8599,604.5201,604.719,211556.0
2025-02-11 16:10:00+00:00,604.72,604.81,604.63,604.78,133127.0
2025-02-11 16:15:00+00:00,604.79,604.906,604.5,604.795,232611.0
2025-02-11 16:20:00+00:00,604.8099,604.93,604.79,604.86,134939.0
2025-02-11 16:25:00+00:00,604.87,605.05,604.55,604.58,335482.0
2025-02-11 16:30:00+00:00,604.62,604.76,604.48,604.6001,270798.0
2025-02-11 16:35:00+00:00,604.6,604.88,604.44,604.8,170372.0
2025-02-11 16:40:00+00:00,604.83,604.89,604.69,604.83,145320.0
2025-02-11 16:45:00+00:00,604.845,604.88,604.6511,604.655,251582.0
2025-02-11 16:50:00+00:00,604.66,604.695,604.22,604.2299,273129.0
2025-02-11 16:55:00+00:00,604.2212,604.3,604.03,604.21,328393.0
2025-02-11 17:00:00+00:00,604.18,604.21,603.58,603.75,820493.0
2025-02-11 17:05:00+00:00,603.75,603.77,603.1,603.43,559862.0
2025-02-11 17:10:00+00:00,603.425,603.55,603.24,603.345,257195.0
2025-02-11 17:15:00+00:00,603.34,603.94,603.23,603.9,485940.0
2025-02-11 17:20:00+00:00,603.8601,604.3708,603.83,604.2438,275442.0
2025-02-11 17:25:00+00:00,604.28,604.42,604.13,604.32,177707.0
2025-02-11 17:30:00+00:00,604.34,604.43,604.1201,604.135,145780.0
2025-02-11 17:35:00+00:00,604.145,604.145,603.85,604.03,167057.0
2025-02-11 17:40:00+00:00,604.02,604.1046,603.83,603.94,98978.0
2025-02-11 17:45:00+00:00,603.94,604.0499,603.87,603.915,99622.0
2025-02-11 17:50:00+00:00,603.92,603.96,603.6,603.785,142393.0
2025-02-11 17:55:00+00:00,603.785,603.83,603.67,603.7599,213440.0
2025-02-11 18:00:00+00:00,603.75,603.78,603.5,603.68,162956.0
2025-02-11 18:05:00+00:00,603.7,603.8899,603.62,603.8899,139329.0
2025-02-11 18:10:00+00:00,603.89,604.0399,603.55,603.82,198181.0
2025-02-11 18:15:00+00:00,603.835,604.1,603.78,604.07,212156.0
2025-02-11 18:20:00+00:00,604.08,604.19,603.86,603.8899,126055.0
2025-02-11 18:25:00+00:00,603.885,604.03,603.855,603.9692,77899.0
2025-02-11 18:30:00+00:00,603.98,604.54,603.95,604.5101,173136.0
2025-02-11 18:35:00+00:00,604.515,605.22,604.44,604.965,287848.0
2025-02-11 18:40:00+00:00,604.98,605.29,604.93,605.0725,257955.0
2025-02-11 18:45:00+00:00,605.07,605.3,604.93,604.99,193129.0
2025-02-11 18:50:00+00:00,604.96,604.96,604.67,604.68,147689.0
2025-02-11 18:55:00+00:00,604.675,604.77,604.55,604.59,132913.0
2025-02-11 19:00:00+00:00,604.56,604.8,604.5093,604.77,239110.0
2025-02-11 19:05:00+00:00,604.74,604.85,604.52,604.65,806989.0
2025-02-11 19:10:00+00:00,604.65,604.76,604.39,604.46,121284.0
2025-02-11 19:15:00+00:00,604.47,604.66,604.42,604.58,138962.0
2025-02-11 19:20:00+00:00,604.575,604.7918,604.55,604.73,140614.0
2025-02-11 19:25:00+00:00,604.73,604.8,604.64,604.7216,152809.0
2025-02-11 19:30:00+00:00,604.72,604.95,604.71,604.8,225544.0
2025-02-11 19:35:00+00:00,604.79,605.13,604.765,605.1099,223079.0
2025-02-11 19:40:00+00:00,605.11,605.86,605.11,605.64,487348.0
2025-02-11 19:45:00+00:00,605.64,605.65,605.365,605.49,254530.0
2025-02-11 19:50:00+00:00,605.49,605.64,605.41,605.52,212950.0
2025-02-11 19:55:00+00:00,605.51,605.63,605.38,605.41,161516.0
2025-02-11 20:00:00+00:00,605.41,605.65,605.4,605.5499,283846.0
2025-02-11 20:05:00+00:00,605.55,605.56,605.3,605.3399,553408.0
2025-02-11 20:10:00+00:00,605.33,605.53,605.32,605.51,137793.0
2025-02-11 20:15:00+00:00,605.525,605.525,605.18,605.35,313487.0
2025-02-11 20:20:00+00:00,605.36,605.41,605.11,605.13,231021.0
2025-02-11 20:25:00+00:00,605.12,605.37,605.04,605.27,736095.0
2025-02-11 20:30:00+00:00,605.28,605.58,605.14,605.27,325459.0
2025-02-11 20:35:00+00:00,605.26,605.31,604.83,604.87,432947.0
2025-02-11 20:40:00+00:00,604.85,605.08,604.66,604.94,657484.0
2025-02-11 20:45:00+00:00,604.94,604.99,604.68,604.86,496244.0
2025-02-11 20:50:00+00:00,604.87,605.17,604.74,604.83,643629.0
2025-02-11 20:55:00+00:00,604.83,605.335,604.61,605.21,2650979.0
2025-02-11 21:00:00+00:00,605.24,605.37,605.09,605.21,1719351.0
2025-02-11 21:05:00+00:00,605.18,605.24,604.9397,605.23,416944.0
2025-02-11 21:10:00+00:00,605.21,605.31,605.1,605.17,426276.0
2025-02-11 21:15:00+00:00,605.17,605.25,605.03,605.12,45726.0
2025-02-11 21:20:00+00:00,605.12,605.15,605.0,605.04,31758.0
2025-02-11 21:25:00+00:00,605.02,605.1,604.99,605.07,55533.0
2025-02-11 21:30:00+00:00,605.02,605.08,605.01,605.01,21271.0
2025-02-11 21:35:00+00:00,605.0,605.02,604.9,605.0,23070.0
2025-02-11 21:40:00+00:00,604.98,605.02,604.88,604.92,12015.0
2025-02-11 21:45:00+00:00,604.92,604.99,604.87,604.97,12767.0
2025-02-11 21:50:00+00:00,604.97,605.0,604.9593,604.9593,5463.0
2025-02-11 21:55:00+00:00,605.03,605.05,605.02,605.04,10944.0
2025-02-11 22:00:00+00:00,605.05,605.05,605.0,605.0387,335219.0
2025-02-11 22:05:00+00:00,605.04,605.1,605.0001,605.0427,10162.0
2025-02-11 22:10:00+00:00,605.0,605.04,604.99,605.02,6984.0
2025-02-11 22:15:00+00:00,605.05,605.11,605.01,605.11,8771.0
2025-02-11 22:20:00+00:00,605.1,605.1,605.0107,605.02,6790.0
2025-02-11 22:25:00+00:00,605.09,605.09,605.08,605.08,729.0
2025-02-11 22:30:00+00:00,605.05,605.08,605.0,605.08,6585.0
2025-02-11 22:35:00+00:00,604.99,604.99,604.8,604.8,3605.0
2025-02-11 22:40:00+00:00,604.93,604.99,604.9,604.99,1822.0
2025-02-11 22:45:00+00:00,604.98,605.0,604.85,604.99,2537.0
2025-02-11 22:55:00+00:00,605.0,605.0,604.9,604.99,3191.0
2025-02-11 23:00:00+00:00,604.99,605.35,604.99,605.21,16824.0
2025-02-11 23:05:00+00:00,605.1,605.12,604.9291,604.9291,3989.0
2025-02-11 23:10:00+00:00,604.9,604.9,604.8,604.8,2698.0
2025-02-11 23:15:00+00:00,604.84,604.84,604.68,604.69,3797.0
2025-02-11 23:20:00+00:00,604.73,604.79,604.73,604.79,2173.0
2025-02-11 23:25:00+00:00,604.8,604.91,604.8,604.91,4384.0
2025-02-11 23:30:00+00:00,604.99,605.3,604.99,605.3,7178.0
2025-02-11 23:35:00+00:00,605.31,605.31,605.26,605.28,1263.0
2025-02-11 23:40:00+00:00,605.33,605.35,605.3101,605.3101,556.0
2025-02-11 23:45:00+00:00,605.36,605.39,605.36,605.39,931.0
2025-02-11 23:50:00+00:00,605.38,605.4,605.31,605.4,1848.0
2025-02-11 23:55:00+00:00,605.33,605.33,605.33,605.33,666.0
2025-02-12 00:00:00+00:00,605.26,605.35,605.26,605.35,1564.0
2025-02-12 00:05:00+00:00,605.31,605.31,605.31,605.31,629.0
2025-02-12 00:10:00+00:00,605.151,605.2,605.15,605.2,1429.0
2025-02-12 00:15:00+00:00,605.2103,605.2103,605.2103,605.2103,512.0
2025-02-12 00:20:00+00:00,605.33,605.33,605.31,605.31,770.0
2025-02-12 00:25:00+00:00,605.38,605.4,605.38,605.4,1117.0
2025-02-12 00:30:00+00:00,605.4,605.53,605.4,605.48,4897.0
2025-02-12 00:35:00+00:00,605.39,605.39,605.37,605.37,924.0
2025-02-12 00:45:00+00:00,605.48,605.59,605.48,605.57,15263.0
2025-02-12 00:50:00+00:00,605.57,605.63,605.41,605.41,2476.0
2025-02-12 00:55:00+00:00,605.37,605.37,605.3091,605.31,1763.0
2025-02-12 09:00:00+00:00,604.89,604.89,604.71,604.71,1729.0
2025-02-12 09:05:00+00:00,604.59,604.59,603.95,604.23,3833.0
2025-02-12 09:10:00+00:00,604.24,604.3,604.1,604.14,5231.0
2025-02-12 09:15:00+00:00,604.15,604.15,603.86,603.86,3710.0
2025-02-12 09:20:00+00:00,603.89,604.0,603.68,604.0,4661.0
2025-02-12 09:25:00+00:00,604.05,604.1,603.99,604.1,3940.0
2025-02-12 09:30:00+00:00,604.12,604.23,604.12,604.15,999.0
2025-02-12 09:35:00+00:00,604.22,604.24,604.22,604.24,382.0
2025-02-12 09:40:00+00:00,604.28,604.4,604.28,604.39,3143.0
2025-02-12 09:45:00+00:00,604.36,604.36,604.28,604.28,392.0
2025-02-12 09:50:00+00:00,604.32,604.33,604.32,604.33,7600.0
2025-02-12 09:55:00+00:00,604.34,604.34,604.25,604.25,4013.0
2025-02-12 10:00:00+00:00,604.24,604.24,604.18,604.23,7940.0
2025-02-12 10:05:00+00:00,604.21,604.23,604.14,604.23,7595.0
2025-02-12 10:10:00+00:00,604.15,604.17,604.01,604.16,11776.0
2025-02-12 10:15:00+00:00,604.2,604.2,604.1,604.19,769.0
2025-02-12 10:20:00+00:00,604.25,604.32,604.25,604.32,384.0
2025-02-12 10:25:00+00:00,604.48,604.49,604.48,604.49,557.0
2025-02-12 10:35:00+00:00,604.45,604.47,604.45,604.47,600.0
2025-02-12 10:40:00+00:00,604.37,604.37,604.3,604.3,854.0
2025-02-12 10:45:00+00:00,604.37,604.37,604.35,604.35,913.0
2025-02-12 10:50:00+00:00,604.32,604.32,604.32,604.32,113.0
2025-02-12 10:55:00+00:00,604.6,604.69,604.56,604.64,10668.0
2025-02-12 11:05:00+00:00,604.58,604.58,604.57,604.57,2604.0
2025-02-12 11:15:00+00:00,604.54,604.64,604.54,604.64,862.0
2025-02-12 11:20:00+00:00,604.6,604.66,604.6,604.66,1452.0
2025-02-12 11:45:00+00:00,604.61,604.61,604.6,604.6,798.0
2025-02-12 11:55:00+00:00,604.62,604.67,604.62,604.66,1122.0
2025-02-12 12:00:00+00:00,604.65,604.7,604.62,604.66,14793.0
2025-02-12 12:05:00+00:00,604.78,604.8,604.66,604.69,4931.0
2025-02-12 12:10:00+00:00,604.67,604.83,604.67,604.83,3225.0
2025-02-12 12:15:00+00:00,604.83,604.93,604.82,604.83,11931.0
2025-02-12 12:20:00+00:00,604.81,604.89,604.73,604.87,5987.0
2025-02-12 12:25:00+00:00,604.87,604.94,604.84,604.88,8025.0
2025-02-12 12:30:00+00:00,604.93,604.97,604.87,604.95,6416.0
2025-02-12 12:35:00+00:00,604.88,605.0,604.88,605.0,3805.0
2025-02-12 12:40:00+00:00,605.0,605.18,605.0,605.07,8582.0
2025-02-12 12:45:00+00:00,605.17,605.31,605.17,605.3,1814.0
2025-02-12 12:50:00+00:00,605.24,605.26,605.24,605.25,1908.0
2025-02-12 12:55:00+00:00,605.14,605.4,605.07,605.34,44141.0
2025-02-12 13:00:00+00:00,604.66,605.72,604.1858,605.56,75313.0
2025-02-12 13:05:00+00:00,605.5,605.55,604.1858,605.33,49934.0
2025-02-12 13:10:00+00:00,605.32,605.45,605.27,605.34,27073.0
2025-02-12 13:15:00+00:00,605.37,605.591,605.36,605.48,36410.0
2025-02-12 13:20:00+00:00,605.45,605.4501,605.2105,605.29,24734.0
2025-02-12 13:25:00+00:00,605.3091,605.41,605.2,605.21,55547.0
2025-02-12 13:30:00+00:00,605.5,605.51,598.96,599.88,1161592.0
2025-02-12 13:35:00+00:00,599.8,599.8,598.54,599.25,592063.0
2025-02-12 13:40:00+00:00,599.07,599.53,598.86,599.21,177122.0
2025-02-12 13:45:00+00:00,599.15,603.7,599.0,599.5201,324978.0
2025-02-12 13:50:00+00:00,599.41,599.48,599.16,599.4108,182574.0
2025-02-12 13:55:00+00:00,599.315,599.54,599.22,599.31,62276.0
2025-02-12 14:00:00+00:00,599.22,599.22,598.38,598.65,224410.0
2025-02-12 14:05:00+00:00,598.68,598.89,598.231,598.47,135804.0
2025-02-12 14:10:00+00:00,598.54,598.81,598.45,598.73,42976.0
2025-02-12 14:15:00+00:00,598.66,599.03,598.66,598.9,54299.0
2025-02-12 14:20:00+00:00,598.87,599.61,598.65,599.43,84787.0
2025-02-12 14:25:00+00:00,599.38,599.5,599.2,599.23,56189.0
2025-02-12 14:30:00+00:00,599.2,599.7,598.51,599.64,3853835.0
2025-02-12 14:35:00+00:00,599.66,600.3312,599.31,600.1,4186337.0
2025-02-12 14:40:00+00:00,600.11,600.7586,599.88,600.57,695177.0
2025-02-12 14:45:00+00:00,600.58,601.18,600.47,601.14,642666.0
2025-02-12 14:50:00+00:00,601.17,601.68,600.83,601.52,686209.0
2025-02-12 14:55:00+00:00,601.5,601.52,601.1629,601.355,428692.0
2025-02-12 15:00:00+00:00,601.36,601.44,599.87,599.89,1013296.0
2025-02-12 15:05:00+00:00,599.92,600.6,599.72,600.33,1034927.0
2025-02-12 15:10:00+00:00,600.32,600.43,599.58,599.795,495783.0
2025-02-12 15:15:00+00:00,599.8,601.272,599.75,601.25,724756.0
2025-02-12 15:20:00+00:00,601.22,602.36,601.07,601.91,724848.0
2025-02-12 15:25:00+00:00,601.89,602.23,601.205,601.444,459377.0
2025-02-12 15:30:00+00:00,601.44,601.94,601.41,601.8,203687.0
2025-02-12 15:35:00+00:00,601.77,603.32,601.69,602.77,985369.0
2025-02-12 15:40:00+00:00,602.76,602.88,602.17,602.4701,298123.0
2025-02-12 15:45:00+00:00,602.51,602.59,601.76,602.06,214302.0
2025-02-12 15:50:00+00:00,602.13,602.41,601.9512,602.3112,163585.0
2025-02-12 15:55:00+00:00,602.35,602.548,602.24,602.43,175613.0
2025-02-12 16:00:00+00:00,602.45,602.48,601.89,601.9747,213002.0
2025-02-12 16:05:00+00:00,601.975,602.06,601.36,601.52,287160.0
2025-02-12 16:10:00+00:00,601.53,601.82,600.72,600.995,476774.0
2025-02-12 16:15:00+00:00,600.98,601.13,600.79,600.9634,246709.0
2025-02-12 16:20:00+00:00,600.97,601.14,600.3515,600.65,277993.0
2025-02-12 16:25:00+00:00,600.66,600.7,600.17,600.6599,405849.0
2025-02-12 16:30:00+00:00,600.63,601.0864,600.6,600.93,346051.0
2025-02-12 16:35:00+00:00,600.925,601.54,600.85,601.4,249816.0
2025-02-12 16:40:00+00:00,601.38,602.2,601.34,602.12,251893.0
2025-02-12 16:45:00+00:00,602.09,602.21,601.81,602.13,188198.0
2025-02-12 16:50:00+00:00,602.1374,602.83,602.09,602.7,423114.0
2025-02-12 16:55:00+00:00,602.7,603.54,602.67,603.39,468193.0
2025-02-12 17:00:00+00:00,603.41,603.77,602.84,603.35,1025043.0
2025-02-12 17:05:00+00:00,603.35,603.55,603.05,603.3,328173.0
2025-02-12 17:10:00+00:00,603.3199,603.96,603.08,603.68,393931.0
2025-02-12 17:15:00+00:00,603.66,603.9647,603.5601,603.62,229428.0
2025-02-12 17:20:00+00:00,603.56,603.99,603.55,603.78,232244.0
2025-02-12 17:25:00+00:00,603.76,603.9491,603.64,603.79,134124.0
2025-02-12 17:30:00+00:00,603.78,603.89,603.41,603.7286,188275.0
2025-02-12 17:35:00+00:00,603.73,603.8,603.3725,603.47,128814.0
2025-02-12 17:40:00+00:00,603.47,603.5186,603.09,603.22,226310.0
2025-02-12 17:45:00+00:00,603.23,604.16,603.205,603.865,240240.0
2025-02-12 17:50:00+00:00,603.8824,604.29,603.77,604.23,484548.0
2025-02-12 17:55:00+00:00,604.22,604.53,604.13,604.39,187019.0
2025-02-12 18:00:00+00:00,604.4,604.55,603.95,603.98,302736.0
2025-02-12 18:05:00+00:00,604.0,604.19,603.7,603.9,185338.0
2025-02-12 18:10:00+00:00,603.91,604.06,603.7409,604.04,122385.0
2025-02-12 18:15:00+00:00,604.03,604.11,603.635,603.7,110823.0
2025-02-12 18:20:00+00:00,603.69,603.82,603.495,603.654,149426.0
2025-02-12 18:25:00+00:00,603.68,603.815,603.12,603.57,232782.0
2025-02-12 18:30:00+00:00,603.5899,603.7599,603.43,603.63,187789.0
2025-02-12 18:35:00+00:00,603.63,603.735,603.4901,603.62,150858.0
2025-02-12 18:40:00+00:00,603.65,603.7,602.92,602.98,244676.0
2025-02-12 18:45:00+00:00,602.97,603.32,602.95,603.1,184512.0
2025-02-12 18:50:00+00:00,603.08,603.52,603.06,603.35,143578.0
2025-02-12 18:55:00+00:00,603.34,603.48,603.15,603.21,182555.0
2025-02-12 19:00:00+00:00,603.22,603.26,602.82,602.91,376615.0
2025-02-12 19:05:00+00:00,602.9,603.07,602.55,602.965,374619.0
2025-02-12 19:10:00+00:00,602.96,602.96,602.53,602.7,131842.0
2025-02-12 19:15:00+00:00,602.7,602.79,602.585,602.7299,232915.0
2025-02-12 19:20:00+00:00,602.7,603.21,602.62,603.04,258776.0
2025-02-12 19:25:00+00:00,603.04,603.31,602.7,603.08,314297.0
2025-02-12 19:30:00+00:00,603.06,603.44,603.06,603.4,212942.0
2025-02-12 19:35:00+00:00,603.38,603.62,603.32,603.4999,154813.0
2025-02-12 19:40:00+00:00,603.51,603.58,603.45,603.55,135114.0
2025-02-12 19:45:00+00:00,603.545,604.23,603.5,604.1772,649075.0
2025-02-12 19:50:00+00:00,604.18,604.18,603.78,604.07,319566.0
2025-02-12 19:55:00+00:00,604.05,604.14,603.72,603.9,410606.0
2025-02-12 20:00:00+00:00,603.9,604.05,603.7,603.83,252483.0
2025-02-12 20:05:00+00:00,603.83,603.96,603.74,603.85,231747.0
2025-02-12 20:10:00+00:00,603.84,604.01,603.65,603.73,483335.0
2025-02-12 20:15:00+00:00,603.73,603.7602,603.56,603.65,624365.0
2025-02-12 20:20:00+00:00,603.66,603.8,603.57,603.66,178110.0
2025-02-12 20:25:00+00:00,603.645,603.79,603.31,603.32,494779.0
2025-02-12 20:30:00+00:00,603.325,603.54,603.23,603.5101,483437.0
2025-02-12 20:35:00+00:00,603.51,603.59,603.18,603.22,287451.0
2025-02-12 20:40:00+00:00,603.225,603.4,602.68,602.7699,537854.0
2025-02-12 20:45:00+00:00,602.77,602.99,602.67,602.89,630941.0
2025-02-12 20:50:00+00:00,602.9,603.19,602.57,603.05,807315.0
2025-02-12 20:55:00+00:00,603.05,603.57,603.05,603.36,1838707.0
2025-02-12 21:00:00+00:00,603.39,603.62,602.99,603.32,940507.0
2025-02-12 21:05:00+00:00,603.33,603.8,603.33,603.65,134421.0
2025-02-12 21:10:00+00:00,603.62,603.69,603.4,603.42,1634750.0
2025-02-12 21:15:00+00:00,603.4,603.56,603.4,603.47,17458.0
2025-02-12 21:20:00+00:00,603.5,603.5,603.39,603.46,9000.0
2025-02-12 21:25:00+00:00,603.37,604.0,603.21,603.51,137075.0
2025-02-12 21:30:00+00:00,603.49,603.75,603.46,603.58,23320.0
2025-02-12 21:35:00+00:00,603.63,603.7,603.58,603.6,8499.0
2025-02-12 21:40:00+00:00,603.6,603.75,603.6,603.75,12575.0
2025-02-12 21:45:00+00:00,603.79,604.07,603.79,604.07,24119.0
2025-02-12 21:50:00+00:00,604.05,604.1,604.01,604.07,11278.0
2025-02-12 21:55:00+00:00,604.07,604.07,603.98,604.04,15394.0
2025-02-12 22:00:00+00:00,604.0,604.03,603.97,603.98,3730.0
2025-02-12 22:05:00+00:00,603.97,604.03,603.92,603.97,9345.0
2025-02-12 22:10:00+00:00,604.01,604.02,604.01,604.02,1029.0
2025-02-12 22:15:00+00:00,603.98,603.98,603.98,603.98,6568.0
2025-02-12 22:20:00+00:00,604.0,604.0,603.99,603.99,2667.0
2025-02-12 22:25:00+00:00,604.02,604.02,603.99,604.02,7063.0
2025-02-12 22:30:00+00:00,604.01,604.02,604.01,604.02,3512.0
2025-02-12 22:35:00+00:00,604.03,604.04,604.03,604.04,309.0
2025-02-12 22:40:00+00:00,604.02,604.1,604.02,604.1,1408.0
2025-02-12 22:45:00+00:00,604.0785,604.1,603.98,603.98,4936.0
2025-02-12 22:50:00+00:00,604.1,604.1,604.0,604.0,2663.0
2025-02-12 22:55:00+00:00,604.0,604.03,603.98,603.99,3332.0
2025-02-12 23:00:00+00:00,603.99,604.09,603.9,603.99,18219.0
2025-02-12 23:05:00+00:00,603.89,603.89,603.76,603.84,4663.0
2025-02-12 23:10:00+00:00,603.9,604.01,603.81,603.81,15321.0
2025-02-12 23:15:00+00:00,603.8,603.92,603.8,603.92,5007.0
2025-02-12 23:25:00+00:00,603.9,603.9,603.9,603.9,130.0
2025-02-12 23:30:00+00:00,603.88,603.9,603.8004,603.9,2064.0
2025-02-12 23:35:00+00:00,603.92,603.93,603.88,603.93,975.0
2025-02-12 23:40:00+00:00,604.04,604.35,604.04,604.35,5280.0
2025-02-12 23:45:00+00:00,604.35,604.399,604.35,604.399,2660.0
2025-02-12 23:50:00+00:00,604.4707,604.58,604.45,604.45,7563.0
2025-02-12 23:55:00+00:00,604.519,604.55,604.4104,604.4104,4359.0
2025-02-13 00:00:00+00:00,604.5,604.5,604.3899,604.3899,5352.0
2025-02-13 00:05:00+00:00,604.36,604.3899,604.31,604.3899,2986.0
2025-02-13 00:10:00+00:00,604.31,604.31,604.24,604.3,2897.0
2025-02-13 00:15:00+00:00,604.22,604.28,604.21,604.21,850.0
2025-02-13 00:20:00+00:00,604.2,604.23,604.2,604.23,1653.0
2025-02-13 00:25:00+00:00,604.35,604.44,604.35,604.35,3166.0
2025-02-13 00:30:00+00:00,604.35,604.36,604.35,604.36,1740.0
2025-02-13 00:40:00+00:00,604.38,604.65,604.38,604.65,6969.0
2025-02-13 00:45:00+00:00,604.58,604.68,604.58,604.68,14812.0
2025-02-13 00:50:00+00:00,604.6083,604.61,604.56,604.57,706.0
2025-02-13 00:55:00+00:00,604.62,604.689,604.56,604.59,16564.0
2025-02-13 09:00:00+00:00,602.44,602.44,601.65,602.06,8203.0
2025-02-13 09:05:00+00:00,601.97,602.15,601.97,602.15,3164.0
2025-02-13 09:10:00+00:00,602.04,602.48,601.99,602.4,6063.0
2025-02-13 09:15:00+00:00,602.68,602.7,602.6,602.7,3319.0
2025-02-13 09:20:00+00:00,602.83,602.9,602.83,602.85,1305.0
2025-02-13 09:25:00+00:00,603.0,603.08,603.0,603.05,965.0
2025-02-13 09:30:00+00:00,603.08,603.08,603.02,603.02,1428.0
2025-02-13 09:35:00+00:00,603.11,603.17,603.11,603.16,3146.0
2025-02-13 09:40:00+00:00,603.28,603.36,603.28,603.36,998.0
2025-02-13 09:45:00+00:00,603.09,603.41,603.09,603.41,5851.0
2025-02-13 09:50:00+00:00,603.35,603.42,603.31,603.4,6342.0
2025-02-13 09:55:00+00:00,603.37,603.39,603.27,603.32,6547.0
2025-02-13 10:00:00+00:00,603.42,603.42,603.33,603.33,1249.0
2025-02-13 10:05:00+00:00,603.25,603.25,603.0,603.0,559.0
2025-02-13 10:10:00+00:00,603.28,603.48,603.27,603.48,1847.0
2025-02-13 10:15:00+00:00,603.44,603.44,603.36,603.36,449.0
2025-02-13 10:20:00+00:00,603.3,603.38,603.23,603.23,2456.0
2025-02-13 10:30:00+00:00,603.18,603.18,603.18,603.18,543.0
2025-02-13 10:35:00+00:00,603.38,603.56,603.38,603.56,1929.0
2025-02-13 10:40:00+00:00,603.6,603.6,603.6,603.6,254.0
2025-02-13 10:50:00+00:00,603.49,603.49,603.42,603.44,3646.0
2025-02-13 11:05:00+00:00,603.53,603.53,603.48,603.48,858.0
2025-02-13 11:15:00+00:00,603.69,603.69,603.69,603.69,526.0
2025-02-13 11:20:00+00:00,603.88,603.91,603.88,603.91,846.0
2025-02-13 11:25:00+00:00,603.9,603.91,603.9,603.91,2832.0
2025-02-13 11:30:00+00:00,603.88,603.88,603.88,603.88,359.0
2025-02-13 11:35:00+00:00,603.9,603.9,603.9,603.9,176.0
2025-02-13 11:40:00+00:00,603.86,603.88,603.86,603.88,299.0
2025-02-13 11:45:00+00:00,603.85,603.85,602.91,603.35,21914.0
2025-02-13 11:50:00+00:00,603.4,603.4,602.79,603.0,43023.0
2025-02-13 11:55:00+00:00,603.0,603.4,602.94,603.4,6336.0
2025-02-13 12:00:00+00:00,603.32,603.46,603.18,603.38,18337.0
2025-02-13 12:05:00+00:00,603.44,603.49,603.09,603.27,5016.0
2025-02-13 12:10:00+00:00,603.02,603.02,602.77,602.8,5407.0
2025-02-13 12:15:00+00:00,602.8,603.0,602.75,602.75,29322.0
2025-02-13 12:20:00+00:00,602.81,603.04,602.79,602.95,8287.0
2025-02-13 12:25:00+00:00,603.0,603.19,603.0,603.15,9144.0
2025-02-13 12:30:00+00:00,603.24,603.34,603.24,603.3,1589.0
2025-02-13 12:35:00+00:00,603.25,603.25,603.25,603.25,238.0
2025-02-13 12:40:00+00:00,603.3,603.3,603.18,603.28,2265.0
2025-02-13 12:45:00+00:00,603.12,603.12,602.96,603.01,20590.0
2025-02-13 12:50:00+00:00,602.94,603.13,602.72,603.13,11041.0
2025-02-13 12:55:00+00:00,603.02,603.17,602.99,603.17,16473.0
2025-02-13 13:00:00+00:00,603.28,604.99,602.0,603.04,38996.0
2025-02-13 13:05:00+00:00,603.04,603.07,602.92,603.07,6194.0
2025-02-13 13:10:00+00:00,602.97,603.1084,602.9,602.9,54511.0
2025-02-13 13:15:00+00:00,602.87,603.05,602.82,603.05,7856.0
2025-02-13 13:20:00+00:00,603.1,603.17,603.1,603.16,7520.0
2025-02-13 13:25:00+00:00,603.13,603.21,603.0001,603.21,12237.0
2025-02-13 13:30:00+00:00,603.37,604.84,602.52,604.0483,241186.0
2025-02-13 13:35:00+00:00,604.1,604.6,604.08,604.3401,116325.0
2025-02-13 13:40:00+00:00,604.37,604.71,604.35,604.45,74150.0
2025-02-13 13:45:00+00:00,604.42,604.42,603.9,604.3,91923.0
2025-02-13 13:50:00+00:00,604.3,604.5,604.03,604.17,47731.0
2025-02-13 13:55:00+00:00,604.15,604.66,604.03,604.62,97974.0
2025-02-13 14:00:00+00:00,604.5904,604.5904,604.39,604.49,54759.0
2025-02-13 14:05:00+00:00,604.51,604.51,604.18,604.34,14137.0
2025-02-13 14:10:00+00:00,604.37,604.55,604.35,604.5,21289.0
2025-02-13 14:15:00+00:00,604.48,604.52,604.3,604.49,19036.0
2025-02-13 14:20:00+00:00,604.48,604.72,604.48,604.6507,15466.0
2025-02-13 14:25:00+00:00,604.62,604.73,604.31,604.55,50082.0
2025-02-13 14:30:00+00:00,604.48,605.0543,604.22,604.555,807409.0
2025-02-13 14:35:00+00:00,604.55,604.67,603.2,603.75,589198.0
2025-02-13 14:40:00+00:00,603.77,604.5,603.49,604.44,447046.0
2025-02-13 14:45:00+00:00,604.45,604.73,603.91,604.06,423879.0
2025-02-13 14:50:00+00:00,604.04,604.47,603.88,604.34,330575.0
2025-02-13 14:55:00+00:00,604.35,605.06,604.23,604.83,543655.0
2025-02-13 15:00:00+00:00,604.82,605.77,604.82,605.06,807956.0
2025-02-13 15:05:00+00:00,605.105,605.29,604.21,604.9,424527.0
2025-02-13 15:10:00+00:00,604.91,605.72,604.86,605.29,594143.0
2025-02-13 15:15:00+00:00,605.285,606.18,605.28,606.135,419681.0
2025-02-13 15:20:00+00:00,606.12,606.4199,605.93,606.2001,579145.0
2025-02-13 15:25:00+00:00,606.205,606.35,605.64,606.08,428333.0
2025-02-13 15:30:00+00:00,606.0849,606.5353,606.0,606.3425,322583.0
2025-02-13 15:35:00+00:00,606.39,607.0999,606.28,606.94,695948.0
2025-02-13 15:40:00+00:00,606.95,607.49,606.92,607.25,493218.0
2025-02-13 15:45:00+00:00,607.245,607.32,606.9802,607.11,367882.0
2025-02-13 15:50:00+00:00,607.1,607.21,606.83,606.95,249698.0
2025-02-13 15:55:00+00:00,606.94,607.1,606.6601,607.09,207919.0
2025-02-13 16:00:00+00:00,607.09,607.16,606.94,607.06,175033.0
2025-02-13 16:05:00+00:00,607.06,607.44,607.025,607.2201,247971.0
2025-02-13 16:10:00+00:00,607.22,607.48,607.185,607.38,198281.0
2025-02-13 16:15:00+00:00,607.37,607.3899,606.99,607.34,253077.0
2025-02-13 16:20:00+00:00,607.34,607.345,607.011,607.28,135233.0
2025-02-13 16:25:00+00:00,607.29,607.3,606.61,606.69,216850.0
2025-02-13 16:30:00+00:00,606.7,606.81,606.38,606.78,324693.0
2025-02-13 16:35:00+00:00,606.8,606.96,606.5399,606.6,209380.0
2025-02-13 16:40:00+00:00,606.6425,606.7699,606.5,606.66,113082.0
2025-02-13 16:45:00+00:00,606.65,606.75,606.61,606.73,102379.0
2025-02-13 16:50:00+00:00,606.71,606.8799,606.26,606.335,196888.0
2025-02-13 16:55:00+00:00,606.35,606.36,605.75,606.1,442322.0
2025-02-13 17:00:00+00:00,606.1,606.48,605.72,606.47,227521.0
2025-02-13 17:05:00+00:00,606.44,606.695,606.34,606.45,150595.0
2025-02-13 17:10:00+00:00,606.45,606.52,606.04,606.227,184058.0
2025-02-13 17:15:00+00:00,606.21,606.39,606.14,606.1586,133523.0
2025-02-13 17:20:00+00:00,606.1599,606.57,606.1209,606.54,136875.0
2025-02-13 17:25:00+00:00,606.53,606.64,606.39,606.54,93913.0
2025-02-13 17:30:00+00:00,606.54,606.5799,606.25,606.56,116422.0
2025-02-13 17:35:00+00:00,606.55,606.63,606.45,606.5,82299.0
2025-02-13 17:40:00+00:00,606.52,606.58,606.35,606.51,101441.0
2025-02-13 17:45:00+00:00,606.5,606.97,606.5,606.87,221268.0
2025-02-13 17:50:00+00:00,606.88,606.89,606.41,606.57,157131.0
2025-02-13 17:55:00+00:00,606.56,606.6,605.795,606.1829,229715.0
2025-02-13 18:00:00+00:00,606.17,606.23,605.8,606.02,232817.0
2025-02-13 18:05:00+00:00,606.03,606.12,605.92,606.0,118348.0
2025-02-13 18:10:00+00:00,606.0,606.33,605.9301,606.23,122523.0
2025-02-13 18:15:00+00:00,606.23,606.23,604.99,605.36,323355.0
2025-02-13 18:20:00+00:00,605.31,606.105,605.15,606.07,373956.0
2025-02-13 18:25:00+00:00,606.09,606.44,605.99,606.2,135097.0
2025-02-13 18:30:00+00:00,606.2,606.48,606.095,606.29,121677.0
2025-02-13 18:35:00+00:00,606.28,606.7598,606.235,606.74,327444.0
2025-02-13 18:40:00+00:00,606.76,606.87,605.31,606.34,874817.0
2025-02-13 18:45:00+00:00,606.28,606.76,605.99,606.62,263984.0
2025-02-13 18:50:00+00:00,606.62,606.8,605.82,606.595,512842.0
2025-02-13 18:55:00+00:00,606.69,607.25,606.37,607.19,289334.0
2025-02-13 19:00:00+00:00,607.19,607.73,607.03,607.69,1104649.0
2025-02-13 19:05:00+00:00,607.67,608.19,607.52,608.01,568104.0
2025-02-13 19:10:00+00:00,608.04,608.13,607.75,608.03,478399.0
2025-02-13 19:15:00+00:00,608.02,608.41,607.9699,608.25,507085.0
2025-02-13 19:20:00+00:00,608.2562,608.4,608.01,608.15,356243.0
2025-02-13 19:25:00+00:00,608.11,608.33,607.99,608.28,389095.0
2025-02-13 19:30:00+00:00,608.28,608.69,608.1422,608.56,439195.0
2025-02-13 19:35:00+00:00,608.57,608.91,608.545,608.74,491301.0
2025-02-13 19:40:00+00:00,608.72,608.73,608.44,608.535,433755.0
2025-02-13 19:45:00+00:00,608.549,608.74,608.41,608.72,402284.0
2025-02-13 19:50:00+00:00,608.725,609.29,608.71,609.15,566413.0
2025-02-13 19:55:00+00:00,609.16,609.2,608.77,608.9,476195.0
2025-02-13 20:00:00+00:00,608.895,609.2,608.82,609.1,393190.0
2025-02-13 20:05:00+00:00,609.1,609.36,609.0,609.28,407048.0
2025-02-13 20:10:00+00:00,609.27,609.37,609.09,609.29,455165.0
2025-02-13 20:15:00+00:00,609.29,609.71,609.25,609.65,657628.0
2025-02-13 20:20:00+00:00,609.63,609.68,609.29,609.35,695668.0
2025-02-13 20:25:00+00:00,609.34,609.58,609.16,609.5799,503273.0
2025-02-13 20:30:00+00:00,609.57,609.58,609.19,609.27,736984.0
2025-02-13 20:35:00+00:00,609.27,609.51,609.2,609.475,702919.0
2025-02-13 20:40:00+00:00,609.47,609.49,609.11,609.12,839832.0
2025-02-13 20:45:00+00:00,609.13,609.485,609.09,609.41,956851.0
2025-02-13 20:50:00+00:00,609.41,609.55,609.15,609.38,1206363.0
2025-02-13 20:55:00+00:00,609.41,609.94,609.15,609.69,3732022.0
2025-02-13 21:00:00+00:00,609.7,609.73,609.28,609.32,398814.0
2025-02-13 21:05:00+00:00,609.3,609.73,609.24,609.62,107914.0
2025-02-13 21:10:00+00:00,609.65,609.66,609.41,609.45,1652665.0
2025-02-13 21:15:00+00:00,609.46,609.53,609.36,609.36,154720.0
2025-02-13 21:20:00+00:00,609.35,609.92,609.26,609.38,88267.0
2025-02-13 21:25:00+00:00,609.4,609.49,609.31,609.39,52908.0
2025-02-13 21:30:00+00:00,609.38,609.47,609.36,609.46,29264.0
2025-02-13 21:35:00+00:00,609.45,609.5,609.44,609.5,16954.0
2025-02-13 21:40:00+00:00,609.4902,609.6,609.4902,609.59,9366.0
2025-02-13 21:45:00+00:00,609.59,609.72,609.59,609.7,7916.0
2025-02-13 21:50:00+00:00,609.65,609.65,609.52,609.53,14341.0
2025-02-13 21:55:00+00:00,609.56,609.57,609.4,609.4,19591.0
2025-02-13 22:00:00+00:00,609.4,609.4,609.27,609.27,8740.0
2025-02-13 22:05:00+00:00,609.26,609.35,609.26,609.33,2609.0
2025-02-13 22:10:00+00:00,609.3598,609.36,609.35,609.35,4775.0
2025-02-13 22:15:00+00:00,609.39,609.42,609.39,609.4,8628.0
2025-02-13 22:20:00+00:00,609.41,609.42,609.38,609.4,2961.0
2025-02-13 22:25:00+00:00,609.42,609.43,609.42,609.42,1224.0
2025-02-13 22:30:00+00:00,609.42,609.42,609.42,609.42,978.0
2025-02-13 22:35:00+00:00,609.45,609.45,609.42,609.44,1862.0
2025-02-13 22:40:00+00:00,609.45,609.486,609.45,609.486,3029.0
2025-02-13 22:45:00+00:00,609.44,609.44,609.2,609.349,6453.0
2025-02-13 22:50:00+00:00,609.37,609.37,609.2201,609.25,11628.0
2025-02-13 22:55:00+00:00,609.32,609.37,609.3,609.34,2849.0
2025-02-13 23:00:00+00:00,609.36,609.81,609.36,609.44,12666.0
2025-02-13 23:05:00+00:00,609.44,609.529,609.4,609.4,2829.0
2025-02-13 23:10:00+00:00,609.45,609.63,609.45,609.61,8083.0
2025-02-13 23:15:00+00:00,609.58,609.61,609.55,609.55,2811.0
2025-02-13 23:20:00+00:00,609.55,609.8,609.55,609.8,8927.0
2025-02-13 23:25:00+00:00,609.73,609.8,609.7,609.73,2637.0
2025-02-13 23:30:00+00:00,609.64,609.64,609.41,609.41,11601.0
2025-02-13 23:35:00+00:00,609.4,609.41,609.37,609.41,3863.0
2025-02-13 23:40:00+00:00,609.5199,609.5199,609.42,609.42,632.0
2025-02-13 23:45:00+00:00,609.54,609.54,609.51,609.53,709.0
2025-02-13 23:50:00+00:00,609.57,609.57,609.5001,609.52,1428.0
2025-02-13 23:55:00+00:00,609.53,609.53,609.5,609.5,509.0
2025-02-14 00:00:00+00:00,609.58,609.74,609.58,609.62,6179.0
2025-02-14 00:05:00+00:00,609.5,609.5,609.41,609.44,2885.0
2025-02-14 00:10:00+00:00,609.38,609.47,609.38,609.47,1199.0
2025-02-14 00:15:00+00:00,609.54,609.65,609.54,609.65,3849.0
2025-02-14 00:20:00+00:00,609.66,609.73,609.66,609.73,2400.0
2025-02-14 00:25:00+00:00,609.73,609.77,609.73,609.77,1007.0
2025-02-14 00:30:00+00:00,609.74,609.74,609.64,609.64,899.0
2025-02-14 00:35:00+00:00,609.7,609.7,609.7,609.7,535.0
2025-02-14 00:40:00+00:00,609.65,609.65,609.65,609.65,299.0
2025-02-14 00:45:00+00:00,609.74,609.74,609.6596,609.7,3747.0
2025-02-14 00:50:00+00:00,609.699,609.699,609.67,609.69,1250.0
2025-02-14 00:55:00+00:00,609.66,609.69,609.59,609.65,8560.0
2025-02-14 09:00:00+00:00,609.97,610.3,609.91,610.26,7944.0
2025-02-14 09:05:00+00:00,610.36,610.36,610.29,610.29,1399.0
2025-02-14 09:10:00+00:00,610.22,610.36,610.22,610.36,2548.0
2025-02-14 09:15:00+00:00,610.31,610.31,610.19,610.24,2531.0
2025-02-14 09:20:00+00:00,610.21,610.28,610.21,610.28,2837.0
2025-02-14 09:25:00+00:00,610.2,610.29,610.2,610.25,11769.0
2025-02-14 09:30:00+00:00,610.5,610.5,610.45,610.45,1701.0
2025-02-14 09:35:00+00:00,610.43,610.43,610.28,610.28,602.0
2025-02-14 09:40:00+00:00,610.25,610.25,610.21,610.21,815.0
2025-02-14 09:50:00+00:00,610.11,610.11,609.85,609.89,3510.0
2025-02-14 09:55:00+00:00,610.0,610.0,609.95,609.95,1544.0
2025-02-14 10:00:00+00:00,609.92,609.92,609.9,609.9,1437.0
2025-02-14 10:05:00+00:00,609.84,609.86,609.77,609.79,2491.0
2025-02-14 10:10:00+00:00,609.77,609.77,609.62,609.62,3157.0
2025-02-14 10:15:00+00:00,609.68,609.7,609.68,609.7,687.0
2025-02-14 10:20:00+00:00,609.66,609.66,609.41,609.45,3897.0
2025-02-14 10:25:00+00:00,609.68,609.77,609.68,609.77,10833.0
2025-02-14 10:30:00+00:00,609.71,609.71,609.71,609.71,397.0
2025-02-14 10:35:00+00:00,609.43,609.43,609.43,609.43,585.0
2025-02-14 10:40:00+00:00,609.53,609.56,609.49,609.49,1644.0
2025-02-14 10:50:00+00:00,609.46,609.46,609.26,609.26,1004.0
2025-02-14 10:55:00+00:00,609.49,609.49,609.35,609.35,488.0
2025-02-14 11:00:00+00:00,609.21,609.23,609.21,609.21,803.0
2025-02-14 11:05:00+00:00,609.11,609.11,608.96,609.05,13451.0
2025-02-14 11:10:00+00:00,609.08,609.1,609.0,609.0,3857.0
2025-02-14 11:15:00+00:00,609.03,609.03,608.97,609.0,1464.0
2025-02-14 11:20:00+00:00,608.95,609.05,608.95,609.04,2635.0
2025-02-14 11:25:00+00:00,609.04,609.04,608.76,608.76,3870.0
2025-02-14 11:30:00+00:00,608.73,608.85,608.73,608.85,1064.0
2025-02-14 11:35:00+00:00,608.85,609.02,608.85,608.95,1540.0
2025-02-14 11:40:00+00:00,608.88,608.95,608.78,608.95,3024.0
2025-02-14 11:45:00+00:00,608.8,608.8,608.65,608.71,3141.0
2025-02-14 11:50:00+00:00,608.7,608.74,608.62,608.74,2309.0
2025-02-14 11:55:00+00:00,608.76,608.99,608.76,608.99,3816.0
2025-02-14 12:00:00+00:00,608.96,609.2,608.94,609.07,19857.0
2025-02-14 12:05:00+00:00,609.09,609.09,608.98,609.0,8886.0
2025-02-14 12:10:00+00:00,609.02,609.21,609.02,609.21,4024.0
2025-02-14 12:15:00+00:00,609.21,609.3,609.17,609.3,5837.0
2025-02-14 12:20:00+00:00,609.1,609.1,609.1,609.1,423.0
2025-02-14 12:25:00+00:00,609.15,609.15,609.12,609.12,1040.0
2025-02-14 12:30:00+00:00,609.18,609.18,609.1,609.13,4465.0
2025-02-14 12:35:00+00:00,609.13,609.2,609.13,609.14,4453.0
2025-02-14 12:40:00+00:00,609.12,609.18,609.06,609.06,8332.0
2025-02-14 12:45:00+00:00,609.0,609.0,609.0,609.0,1192.0
2025-02-14 12:50:00+00:00,609.08,609.11,609.05,609.07,7241.0
2025-02-14 12:55:00+00:00,609.15,609.34,609.15,609.34,2724.0
2025-02-14 13:00:00+00:00,609.27,611.02,608.9981,609.34,37688.0
2025-02-14 13:05:00+00:00,609.3,609.46,609.3,609.3501,8957.0
2025-02-14 13:10:00+00:00,609.36,609.48,609.36,609.43,4432.0
2025-02-14 13:15:00+00:00,609.4,609.5,609.4,609.4,12780.0
2025-02-14 13:20:00+00:00,609.38,609.4,609.31,609.4,15619.0
2025-02-14 13:25:00+00:00,609.4,609.46,609.23,609.32,30694.0
2025-02-14 13:30:00+00:00,609.45,609.77,609.07,609.59,47023.0
2025-02-14 13:35:00+00:00,609.5191,609.52,609.19,609.52,7735.0
2025-02-14 13:40:00+00:00,609.5,609.7,609.47,609.6175,17409.0
2025-02-14 13:45:00+00:00,609.61,609.72,609.54,609.71,21020.0
2025-02-14 13:50:00+00:00,609.74,609.79,609.7314,609.74,11586.0
2025-02-14 13:55:00+00:00,609.79,609.88,609.68,609.72,5478.0
2025-02-14 14:00:00+00:00,609.75,610.0,609.7,609.96,19691.0
2025-02-14 14:05:00+00:00,609.83,609.9496,609.77,609.77,7897.0
2025-02-14 14:10:00+00:00,609.75,609.83,609.65,609.81,16151.0
2025-02-14 14:15:00+00:00,609.88,609.95,609.82,609.88,43022.0
2025-02-14 14:20:00+00:00,609.88,610.09,609.85,610.05,47865.0
2025-02-14 14:25:00+00:00,610.18,610.25,609.88,609.93,27815.0
2025-02-14 14:30:00+00:00,609.94,610.37,609.81,610.11,789829.0
2025-02-14 14:35:00+00:00,610.11,610.37,609.76,610.255,429327.0
2025-02-14 14:40:00+00:00,610.27,610.49,610.25,610.35,477285.0
2025-02-14 14:45:00+00:00,610.38,610.49,610.29,610.42,396387.0
2025-02-14 14:50:00+00:00,610.41,610.64,610.31,610.42,527972.0
2025-02-14 14:55:00+00:00,610.42,610.55,610.31,610.465,281236.0
2025-02-14 15:00:00+00:00,610.48,610.62,610.02,610.6,336378.0
2025-02-14 15:05:00+00:00,610.61,610.97,610.54,610.94,381896.0
2025-02-14 15:10:00+00:00,610.935,610.99,610.59,610.68,301272.0
2025-02-14 15:15:00+00:00,610.66,610.78,610.2,610.3199,290987.0
2025-02-14 15:20:00+00:00,610.3,610.49,610.1425,610.435,227270.0
2025-02-14 15:25:00+00:00,610.44,610.62,610.2101,610.24,200700.0
2025-02-14 15:30:00+00:00,610.24,610.265,610.0501,610.17,221116.0
2025-02-14 15:35:00+00:00,610.22,610.4,609.92,610.061,217911.0
2025-02-14 15:40:00+00:00,610.1,610.1,609.73,610.05,334533.0
2025-02-14 15:45:00+00:00,610.08,610.49,610.07,610.43,174801.0
2025-02-14 15:50:00+00:00,610.4301,610.5862,610.29,610.52,213547.0
2025-02-14 15:55:00+00:00,610.52,610.665,610.44,610.51,185360.0
2025-02-14 16:00:00+00:00,610.53,610.68,610.26,610.58,359907.0
2025-02-14 16:05:00+00:00,610.59,610.84,610.49,610.8,224711.0
2025-02-14 16:10:00+00:00,610.81,610.85,610.36,610.445,156499.0
2025-02-14 16:15:00+00:00,610.45,610.49,609.87,609.87,212716.0
2025-02-14 16:20:00+00:00,609.88,609.89,609.4,609.73,1412858.0
2025-02-14 16:25:00+00:00,609.73,610.25,609.6599,609.99,196474.0
2025-02-14 16:30:00+00:00,610.01,610.02,609.61,609.89,264890.0
2025-02-14 16:35:00+00:00,609.88,609.98,609.63,609.9653,156677.0
2025-02-14 16:40:00+00:00,609.965,610.12,609.95,610.08,255533.0
2025-02-14 16:45:00+00:00,610.05,610.13,609.625,609.7,267527.0
2025-02-14 16:50:00+00:00,609.69,610.08,609.5,610.065,200587.0
2025-02-14 16:55:00+00:00,610.05,610.295,609.838,610.23,341113.0
2025-02-14 17:00:00+00:00,610.22,610.245,610.025,610.0799,352304.0
2025-02-14 17:05:00+00:00,610.065,610.07,609.6,609.64,202283.0
2025-02-14 17:10:00+00:00,609.61,609.6365,609.3,609.61,272400.0
2025-02-14 17:15:00+00:00,609.605,609.68,609.43,609.61,236894.0
2025-02-14 17:20:00+00:00,609.61,609.76,609.43,609.51,99483.0
2025-02-14 17:25:00+00:00,609.51,609.59,609.27,609.3201,114793.0
2025-02-14 17:30:00+00:00,609.35,609.49,609.1501,609.4191,171907.0
2025-02-14 17:35:00+00:00,609.42,609.58,609.32,609.33,96311.0
2025-02-14 17:40:00+00:00,609.32,609.44,609.07,609.25,168121.0
2025-02-14 17:45:00+00:00,609.28,609.74,609.2,609.7366,126036.0
2025-02-14 17:50:00+00:00,609.72,609.95,609.7,609.95,132502.0
2025-02-14 17:55:00+00:00,609.94,610.04,609.79,609.92,140292.0
2025-02-14 18:00:00+00:00,609.92,610.09,609.76,609.925,140764.0
2025-02-14 18:05:00+00:00,609.925,610.06,609.82,610.0,186117.0
2025-02-14 18:10:00+00:00,609.99,610.08,609.865,609.91,84857.0
2025-02-14 18:15:00+00:00,609.91,610.06,609.79,609.97,61023.0
2025-02-14 18:20:00+00:00,609.9216,610.01,609.85,609.9268,55318.0
2025-02-14 18:25:00+00:00,609.92,609.965,609.7,609.9299,79975.0
2025-02-14 18:30:00+00:00,609.93,610.43,609.88,610.38,260195.0
2025-02-14 18:35:00+00:00,610.37,610.46,610.22,610.365,131926.0
2025-02-14 18:40:00+00:00,610.37,610.545,610.365,610.465,125137.0
2025-02-14 18:45:00+00:00,610.47,610.72,610.47,610.6684,136299.0
2025-02-14 18:50:00+00:00,610.67,610.7507,610.5605,610.65,131477.0
2025-02-14 18:55:00+00:00,610.64,610.64,610.47,610.48,114624.0
2025-02-14 19:00:00+00:00,610.4899,610.58,610.37,610.47,456697.0
2025-02-14 19:05:00+00:00,610.46,610.55,610.44,610.53,121675.0
2025-02-14 19:10:00+00:00,610.53,610.72,610.53,610.7054,100981.0
2025-02-14 19:15:00+00:00,610.702,610.72,610.3816,610.465,189510.0
2025-02-14 19:20:00+00:00,610.47,610.47,610.29,610.39,138831.0
2025-02-14 19:25:00+00:00,610.395,610.4,610.06,610.13,152327.0
2025-02-14 19:30:00+00:00,610.15,610.17,609.89,610.105,245233.0
2025-02-14 19:35:00+00:00,610.1,610.3,609.99,610.17,145025.0
2025-02-14 19:40:00+00:00,610.17,610.22,610.07,610.19,91813.0
2025-02-14 19:45:00+00:00,610.195,610.3024,609.95,610.05,118566.0
2025-02-14 19:50:00+00:00,610.05,610.13,609.83,610.059,121016.0
2025-02-14 19:55:00+00:00,610.05,610.3,609.89,610.22,473386.0
2025-02-14 20:00:00+00:00,610.21,610.21,609.86,609.96,140311.0
2025-02-14 20:05:00+00:00,609.95,610.05,609.84,610.03,127809.0
2025-02-14 20:10:00+00:00,610.01,610.06,609.79,610.06,297009.0
2025-02-14 20:15:00+00:00,610.08,610.2448,610.03,610.13,276575.0
2025-02-14 20:20:00+00:00,610.15,610.19,609.8091,609.84,168667.0
2025-02-14 20:25:00+00:00,609.83,609.92,609.59,609.67,225092.0
2025-02-14 20:30:00+00:00,609.66,610.0,609.55,610.0,775294.0
2025-02-14 20:35:00+00:00,609.995,610.15,609.89,610.12,391270.0
2025-02-14 20:40:00+00:00,610.12,610.125,609.6,609.7275,410868.0
2025-02-14 20:45:00+00:00,609.735,609.79,609.545,609.62,615966.0
2025-02-14 20:50:00+00:00,609.64,610.29,609.62,610.145,1354177.0
2025-02-14 20:55:00+00:00,610.13,610.23,609.56,609.7,1981009.0
2025-02-14 21:00:00+00:00,609.73,610.0901,609.42,609.62,637541.0
2025-02-14 21:05:00+00:00,609.63,609.89,609.62,609.76,95940.0
2025-02-14 21:10:00+00:00,609.78,609.93,609.67,609.8,1162294.0
2025-02-14 21:15:00+00:00,609.87,609.87,609.67,609.75,74504.0
2025-02-14 21:20:00+00:00,609.72,609.9,609.7,609.78,88728.0
2025-02-14 21:25:00+00:00,609.7999,609.81,609.72,609.77,15009.0
2025-02-14 21:30:00+00:00,609.77,609.82,609.49,609.55,43903.0
2025-02-14 21:35:00+00:00,609.59,609.7,609.59,609.61,17717.0
2025-02-14 21:40:00+00:00,609.64,609.69,609.58,609.58,151010.0
2025-02-14 21:45:00+00:00,609.58,609.69,609.52,609.66,38717.0
2025-02-14 21:50:00+00:00,609.66,609.82,609.66,609.76,88307.0
2025-02-14 21:55:00+00:00,609.79,610.06,609.73,609.98,27448.0
2025-02-14 22:00:00+00:00,609.93,609.95,609.85,609.85,3524.0
2025-02-14 22:05:00+00:00,609.83,609.83,609.82,609.82,1650.0
2025-02-14 22:10:00+00:00,609.8,609.83,609.8,609.83,3362.0
2025-02-14 22:15:00+00:00,609.81,609.84,609.81,609.84,1036.0
2025-02-14 22:20:00+00:00,609.82,609.86,609.82,609.85,1991.0
2025-02-14 22:25:00+00:00,609.81,609.84,609.76,609.76,6592.0
2025-02-14 22:30:00+00:00,609.76,609.76,609.75,609.75,2270.0
2025-02-14 22:40:00+00:00,609.72,609.72,609.7,609.7,2838.0
2025-02-14 22:45:00+00:00,609.84,609.85,609.84,609.85,860.0
2025-02-14 22:50:00+00:00,609.88,609.88,609.84,609.87,3535.0
2025-02-14 23:00:00+00:00,609.78,609.78,609.78,609.78,1547.0
2025-02-14 23:05:00+00:00,609.8,609.8,609.65,609.66,15047.0
2025-02-14 23:10:00+00:00,609.75,609.75,609.6,609.6,5440.0
2025-02-14 23:15:00+00:00,609.6,609.6,609.52,609.52,5757.0
2025-02-14 23:20:00+00:00,609.5,609.5,609.48,609.5,2591.0
2025-02-14 23:30:00+00:00,609.7,609.7,609.7,609.7,884.0
2025-02-14 23:35:00+00:00,609.65,609.65,609.65,609.65,308.0
2025-02-14 23:40:00+00:00,609.7,609.7,609.7,609.7,220.0
2025-02-14 23:45:00+00:00,609.6,609.6998,609.6,609.6,1323.0
2025-02-14 23:55:00+00:00,609.52,609.55,609.52,609.55,958.0
2025-02-15 00:10:00+00:00,609.55,609.55,609.55,609.55,430.0
2025-02-15 00:20:00+00:00,609.6688,609.6688,609.6017,609.6017,394.0
2025-02-15 00:25:00+00:00,609.56,609.6,609.56,609.6,423.0
2025-02-15 00:35:00+00:00,609.61,609.61,609.61,609.61,354.0
2025-02-15 00:40:00+00:00,609.67,609.67,609.67,609.67,180.0
2025-02-15 00:45:00+00:00,609.7,609.8,609.7,609.8,1039.0
2025-02-15 00:50:00+00:00,609.8,609.8,609.713,609.8,1565.0
2025-02-15 00:55:00+00:00,609.8112,609.83,609.75,609.78,19043.0
2025-02-18 09:00:00+00:00,610.77,611.87,610.77,611.71,22249.0
2025-02-18 09:05:00+00:00,611.78,611.78,611.63,611.75,3296.0
2025-02-18 09:10:00+00:00,611.63,611.84,611.61,611.84,3773.0
2025-02-18 09:15:00+00:00,611.72,611.79,611.72,611.76,1563.0
2025-02-18 09:20:00+00:00,611.84,611.84,611.81,611.81,1353.0
2025-02-18 09:25:00+00:00,611.78,611.78,611.5,611.55,2864.0
2025-02-18 09:30:00+00:00,611.51,611.57,611.47,611.56,1845.0
2025-02-18 09:35:00+00:00,611.48,611.48,611.42,611.42,2851.0
2025-02-18 09:40:00+00:00,611.41,611.41,611.39,611.39,3003.0
2025-02-18 09:45:00+00:00,611.34,611.39,611.34,611.39,411.0
2025-02-18 09:55:00+00:00,611.32,611.33,611.32,611.33,313.0
2025-02-18 10:00:00+00:00,611.2,611.2,611.11,611.11,1264.0
2025-02-18 10:10:00+00:00,611.3,611.3,611.19,611.19,674.0
2025-02-18 10:20:00+00:00,611.21,611.37,611.21,611.37,446.0
2025-02-18 10:30:00+00:00,611.53,611.59,611.51,611.59,1457.0
2025-02-18 10:40:00+00:00,611.63,611.65,611.63,611.65,686.0
2025-02-18 10:45:00+00:00,611.71,611.71,611.71,611.71,278.0
2025-02-18 10:55:00+00:00,611.72,611.72,611.72,611.72,295.0
2025-02-18 11:00:00+00:00,611.76,611.76,611.76,611.76,269.0
2025-02-18 11:05:00+00:00,611.8,611.8,611.8,611.8,764.0
2025-02-18 11:10:00+00:00,611.75,611.76,611.69,611.76,10855.0
2025-02-18 11:15:00+00:00,611.83,611.88,611.83,611.88,425.0
2025-02-18 11:25:00+00:00,611.84,611.84,611.84,611.84,6513.0
2025-02-18 11:30:00+00:00,611.87,611.87,611.87,611.87,746.0
2025-02-18 11:35:00+00:00,611.82,611.82,611.82,611.82,283.0
2025-02-18 11:40:00+00:00,611.68,611.68,611.68,611.68,245.0
2025-02-18 11:45:00+00:00,611.67,611.72,611.67,611.72,921.0
2025-02-18 11:50:00+00:00,611.7,611.7,611.7,611.7,288.0
2025-02-18 11:55:00+00:00,611.69,611.79,611.69,611.79,1917.0
2025-02-18 12:00:00+00:00,611.74,611.75,611.65,611.65,7433.0
2025-02-18 12:05:00+00:00,611.69,611.95,611.64,611.85,7033.0
2025-02-18 12:10:00+00:00,611.89,611.94,611.85,611.85,8515.0
2025-02-18 12:15:00+00:00,611.85,611.85,611.7,611.72,12094.0
2025-02-18 12:20:00+00:00,611.9,611.9,611.9,611.9,375.0
2025-02-18 12:25:00+00:00,611.9,612.0,611.9,611.98,2280.0
2025-02-18 12:30:00+00:00,611.95,612.07,611.95,612.07,10100.0
2025-02-18 12:35:00+00:00,612.08,612.11,612.08,612.11,1059.0
2025-02-18 12:40:00+00:00,612.03,612.03,612.0,612.03,12435.0
2025-02-18 12:45:00+00:00,612.03,612.07,612.01,612.01,4137.0
2025-02-18 12:50:00+00:00,612.0,612.0,612.0,612.0,936.0
2025-02-18 12:55:00+00:00,611.97,611.97,611.95,611.95,934.0
2025-02-18 13:00:00+00:00,611.7,612.16,611.0,611.89,32648.0
2025-02-18 13:05:00+00:00,611.81,611.81,611.69,611.69,6781.0
2025-02-18 13:10:00+00:00,611.68,611.75,611.66,611.75,9918.0
2025-02-18 13:15:00+00:00,611.7699,612.06,611.7699,612.059,9374.0
2025-02-18 13:20:00+00:00,612.06,612.31,612.06,612.29,15268.0
2025-02-18 13:25:00+00:00,612.2901,612.2901,612.081,612.1,8986.0
2025-02-18 13:30:00+00:00,612.15,612.15,612.05,612.09,6722.0
2025-02-18 13:35:00+00:00,612.05,612.17,612.05,612.15,1831.0
2025-02-18 13:40:00+00:00,612.13,612.23,612.13,612.2,3941.0
2025-02-18 13:45:00+00:00,612.2499,612.2499,612.16,612.18,3878.0
2025-02-18 13:50:00+00:00,612.24,612.24,612.13,612.18,10879.0
2025-02-18 13:55:00+00:00,612.09,612.24,612.09,612.23,3966.0
2025-02-18 14:00:00+00:00,612.24,612.24,612.15,612.16,11983.0
2025-02-18 14:05:00+00:00,612.16,612.19,612.11,612.19,7933.0
2025-02-18 14:10:00+00:00,612.19,612.21,612.14,612.19,16486.0
2025-02-18 14:15:00+00:00,612.11,612.11,612.0,612.0,9425.0
2025-02-18 14:20:00+00:00,611.94,611.94,611.75,611.8493,19920.0
2025-02-18 14:25:00+00:00,611.74,611.76,610.87,610.87,81290.0
2025-02-18 14:30:00+00:00,610.88,611.0,610.38,610.6597,959947.0
2025-02-18 14:35:00+00:00,610.68,610.85,610.29,610.76,379949.0
2025-02-18 14:40:00+00:00,610.75,610.8016,610.1,610.1801,352660.0
2025-02-18 14:45:00+00:00,610.185,610.46,609.96,610.2699,444747.0
2025-02-18 14:50:00+00:00,610.25,610.62,609.95,610.4199,356566.0
2025-02-18 14:55:00+00:00,610.4,610.63,610.0738,610.11,324062.0
2025-02-18 15:00:00+00:00,610.1538,610.155,609.33,609.845,566553.0
2025-02-18 15:05:00+00:00,609.85,610.03,609.62,609.92,259279.0
2025-02-18 15:10:00+00:00,609.91,610.3099,609.66,610.14,236323.0
2025-02-18 15:15:00+00:00,610.15,610.2,609.47,609.55,301427.0
2025-02-18 15:20:00+00:00,609.56,610.03,609.49,609.81,381642.0
2025-02-18 15:25:00+00:00,609.855,609.96,609.42,609.63,255505.0
2025-02-18 15:30:00+00:00,609.64,609.865,609.4,609.67,188615.0
2025-02-18 15:35:00+00:00,609.6601,610.19,609.6601,610.035,648704.0
2025-02-18 15:40:00+00:00,610.04,610.23,609.93,610.18,145593.0
2025-02-18 15:45:00+00:00,610.17,610.2,609.69,609.95,221504.0
2025-02-18 15:50:00+00:00,609.94,610.51,609.85,610.51,246395.0
2025-02-18 15:55:00+00:00,610.52,610.62,610.34,610.61,219973.0
2025-02-18 16:00:00+00:00,610.605,610.61,610.48,610.49,174777.0
2025-02-18 16:05:00+00:00,610.48,610.6,610.32,610.57,140429.0
2025-02-18 16:10:00+00:00,610.5607,610.74,610.37,610.4,155212.0
2025-02-18 16:15:00+00:00,610.4028,610.52,610.35,610.38,149582.0
2025-02-18 16:20:00+00:00,610.3698,610.39,609.76,609.9602,239966.0
2025-02-18 16:25:00+00:00,609.98,610.5,609.91,610.41,156363.0
2025-02-18 16:30:00+00:00,610.4,610.41,610.06,610.2,127529.0
2025-02-18 16:35:00+00:00,610.205,610.43,610.09,610.39,153438.0
2025-02-18 16:40:00+00:00,610.38,610.38,610.14,610.25,106045.0
2025-02-18 16:45:00+00:00,610.24,610.71,610.24,610.7,167744.0
2025-02-18 16:50:00+00:00,610.7,610.855,610.66,610.74,179164.0
2025-02-18 16:55:00+00:00,610.73,610.77,610.18,610.25,239653.0
2025-02-18 17:00:00+00:00,610.24,610.2501,610.06,610.2499,137593.0
2025-02-18 17:05:00+00:00,610.24,610.32,609.87,610.0199,155848.0
2025-02-18 17:10:00+00:00,609.99,610.28,609.78,610.2,136592.0
2025-02-18 17:15:00+00:00,610.19,610.19,609.8201,609.95,106583.0
2025-02-18 17:20:00+00:00,609.95,610.02,609.78,609.93,146899.0
2025-02-18 17:25:00+00:00,609.9101,610.08,609.91,610.035,91009.0
2025-02-18 17:30:00+00:00,610.0402,610.3169,610.0402,610.075,108596.0
2025-02-18 17:35:00+00:00,610.07,610.31,610.053,610.24,107747.0
2025-02-18 17:40:00+00:00,610.26,610.39,610.13,610.2,95033.0
2025-02-18 17:45:00+00:00,610.19,610.3,610.11,610.21,140332.0
2025-02-18 17:50:00+00:00,610.21,610.545,610.2,610.46,312851.0
2025-02-18 17:55:00+00:00,610.45,610.49,610.2847,610.35,114233.0
2025-02-18 18:00:00+00:00,610.34,610.6587,610.31,610.615,164542.0
2025-02-18 18:05:00+00:00,610.615,610.65,610.16,610.2499,135226.0
2025-02-18 18:10:00+00:00,610.245,610.26,609.97,610.12,145074.0
2025-02-18 18:15:00+00:00,610.13,610.16,609.86,609.86,159474.0
2025-02-18 18:20:00+00:00,609.8599,609.96,609.52,609.88,202226.0
2025-02-18 18:25:00+00:00,609.88,610.07,609.84,609.89,493002.0
2025-02-18 18:30:00+00:00,609.88,609.88,609.56,609.72,167588.0
2025-02-18 18:35:00+00:00,609.72,609.78,609.51,609.64,93958.0
2025-02-18 18:40:00+00:00,609.62,609.63,609.4519,609.53,213258.0
2025-02-18 18:45:00+00:00,609.52,609.81,609.47,609.79,163110.0
2025-02-18 18:50:00+00:00,609.7801,609.93,609.67,609.81,413409.0
2025-02-18 18:55:00+00:00,609.82,609.9051,609.62,609.66,175201.0
2025-02-18 19:00:00+00:00,609.655,609.83,609.64,609.66,225922.0
2025-02-18 19:05:00+00:00,609.68,609.78,608.41,608.76,795229.0
2025-02-18 19:10:00+00:00,608.76,609.1,608.67,608.83,427948.0
2025-02-18 19:15:00+00:00,608.83,608.89,608.53,608.6008,208083.0
2025-02-18 19:20:00+00:00,608.6,609.61,608.38,609.44,417164.0
2025-02-18 19:25:00+00:00,609.44,609.49,609.1601,609.219,257572.0
2025-02-18 19:30:00+00:00,609.22,609.5,609.11,609.5,161753.0
2025-02-18 19:35:00+00:00,609.49,609.57,609.1202,609.13,169774.0
2025-02-18 19:40:00+00:00,609.14,609.47,609.13,609.39,169785.0
2025-02-18 19:45:00+00:00,609.39,609.75,609.355,609.72,369950.0
2025-02-18 19:50:00+00:00,609.73,610.03,609.625,609.895,469313.0
2025-02-18 19:55:00+00:00,609.895,610.04,609.79,609.85,191655.0
2025-02-18 20:00:00+00:00,609.87,609.9,609.72,609.82,225457.0
2025-02-18 20:05:00+00:00,609.81,609.8698,609.6801,609.75,210504.0
2025-02-18 20:10:00+00:00,609.7512,609.92,609.64,609.875,361640.0
2025-02-18 20:15:00+00:00,609.87,609.89,609.63,609.74,237217.0
2025-02-18 20:20:00+00:00,609.72,609.8735,609.6322,609.87,155066.0
2025-02-18 20:25:00+00:00,609.86,609.96,609.715,609.78,357402.0
2025-02-18 20:30:00+00:00,609.77,610.06,609.76,609.86,406803.0
2025-02-18 20:35:00+00:00,609.86,609.92,609.69,609.78,387333.0
2025-02-18 20:40:00+00:00,609.78,610.03,609.64,609.7798,560843.0
2025-02-18 20:45:00+00:00,609.76,609.94,609.63,609.76,512531.0
2025-02-18 20:50:00+00:00,609.76,610.25,609.72,610.13,816364.0
2025-02-18 20:55:00+00:00,610.12,611.38,610.11,611.35,2432113.0
2025-02-18 21:00:00+00:00,611.42,611.5,611.21,611.27,761643.0
2025-02-18 21:05:00+00:00,611.2704,611.42,611.23,611.4,126107.0
2025-02-18 21:10:00+00:00,611.39,611.41,611.21,611.28,432461.0
2025-02-18 21:15:00+00:00,611.27,611.28,611.13,611.26,96427.0
2025-02-18 21:20:00+00:00,611.27,611.34,611.21,611.3099,57428.0
2025-02-18 21:25:00+00:00,611.3,611.3,611.1,611.21,22635.0
2025-02-18 21:30:00+00:00,611.22,611.22,611.08,611.12,12760.0
2025-02-18 21:35:00+00:00,611.09,611.09,610.99,611.0101,31945.0
2025-02-18 21:40:00+00:00,611.01,611.02,610.98,611.02,8096.0
2025-02-18 21:45:00+00:00,611.0,611.01,610.93,610.95,17989.0
2025-02-18 21:50:00+00:00,610.95,610.99,610.93,610.99,23698.0
2025-02-18 21:55:00+00:00,610.95,611.01,610.9401,611.0,19817.0
2025-02-18 22:00:00+00:00,611.0,611.02,610.96,611.0,9268.0
2025-02-18 22:05:00+00:00,610.9801,611.01,610.98,611.0,11933.0
2025-02-18 22:10:00+00:00,611.0,611.0,610.98,611.0,1061.0
2025-02-18 22:15:00+00:00,610.98,611.04,610.98,611.01,3464.0
2025-02-18 22:20:00+00:00,611.04,611.04,611.01,611.02,8069.0
2025-02-18 22:25:00+00:00,611.0,611.02,611.0,611.02,731.0
2025-02-18 22:30:00+00:00,611.02,611.02,611.0105,611.0105,600.0
2025-02-18 22:35:00+00:00,611.0295,611.03,611.0295,611.03,3777.0
2025-02-18 22:40:00+00:00,611.05,611.05,611.03,611.03,804.0
2025-02-18 22:45:00+00:00,611.03,611.03,611.01,611.01,964.0
2025-02-18 22:50:00+00:00,611.03,611.03,611.01,611.01,1076.0
2025-02-18 22:55:00+00:00,611.03,611.08,610.92,610.98,3969.0
2025-02-18 23:00:00+00:00,610.98,611.57,610.98,611.47,16056.0
2025-02-18 23:05:00+00:00,611.43,611.43,611.32,611.35,3686.0
2025-02-18 23:10:00+00:00,611.3254,611.44,611.3254,611.43,1950.0
2025-02-18 23:15:00+00:00,611.4,611.4,611.4,611.4,1978.0
2025-02-18 23:20:00+00:00,611.4108,611.48,611.4108,611.48,869.0
2025-02-18 23:25:00+00:00,611.42,611.42,611.2,611.24,4154.0
2025-02-18 23:30:00+00:00,611.24,611.26,611.24,611.26,345.0
2025-02-18 23:35:00+00:00,611.36,611.47,611.36,611.41,979.0
2025-02-18 23:40:00+00:00,611.38,611.43,611.38,611.43,2723.0
2025-02-18 23:45:00+00:00,611.43,611.43,611.33,611.4,1787.0
2025-02-18 23:50:00+00:00,611.429,611.5,611.429,611.5,3478.0
2025-02-19 00:00:00+00:00,611.41,611.4699,611.38,611.43,4488.0
2025-02-19 00:05:00+00:00,611.47,611.5388,611.47,611.5,4820.0
2025-02-19 00:10:00+00:00,611.4801,611.4801,611.4801,611.4801,289.0
2025-02-19 00:15:00+00:00,611.47,611.47,611.47,611.47,213.0
2025-02-19 00:20:00+00:00,611.661,611.661,611.66,611.66,339.0
2025-02-19 00:25:00+00:00,611.66,611.7,611.66,611.68,1443.0
2025-02-19 00:30:00+00:00,611.66,611.68,611.603,611.66,9605.0
2025-02-19 00:35:00+00:00,611.7897,611.83,611.7897,611.81,8016.0
2025-02-19 00:40:00+00:00,611.76,611.76,611.66,611.69,4663.0
2025-02-19 00:45:00+00:00,611.74,611.8498,611.72,611.8498,3228.0
2025-02-19 00:50:00+00:00,611.85,611.86,611.811,611.86,4170.0
2025-02-19 00:55:00+00:00,611.87,611.95,611.84,611.95,5331.0
2025-02-19 09:00:00+00:00,611.75,611.92,611.72,611.78,3047.0
2025-02-19 09:05:00+00:00,611.77,611.77,611.77,611.77,374.0
2025-02-19 09:20:00+00:00,611.79,611.84,611.79,611.82,1037.0
2025-02-19 09:25:00+00:00,611.85,611.96,611.84,611.96,2721.0
2025-02-19 09:30:00+00:00,611.94,611.94,611.86,611.86,1113.0
2025-02-19 09:35:00+00:00,611.8,611.8,611.79,611.79,1558.0
2025-02-19 09:40:00+00:00,611.77,611.77,611.77,611.77,411.0
2025-02-19 09:45:00+00:00,611.68,611.68,611.68,611.68,155.0
2025-02-19 09:50:00+00:00,611.64,611.69,611.53,611.53,1756.0
2025-02-19 09:55:00+00:00,611.49,611.55,611.49,611.54,4142.0
2025-02-19 10:05:00+00:00,611.57,611.57,611.56,611.56,569.0
2025-02-19 10:10:00+00:00,611.45,611.45,611.4,611.4,1366.0
2025-02-19 10:20:00+00:00,611.24,611.24,611.22,611.22,617.0
2025-02-19 10:25:00+00:00,611.16,611.16,610.87,610.91,9932.0
2025-02-19 10:30:00+00:00,610.86,610.91,610.7,610.72,2844.0
2025-02-19 10:35:00+00:00,610.73,610.73,610.68,610.68,719.0
2025-02-19 10:40:00+00:00,610.61,610.61,610.61,610.61,426.0
2025-02-19 10:45:00+00:00,610.7,610.8,610.7,610.72,1595.0
2025-02-19 10:50:00+00:00,610.68,610.76,610.68,610.73,3623.0
2025-02-19 10:55:00+00:00,610.84,610.84,610.84,610.84,170.0
2025-02-19 11:00:00+00:00,610.69,610.69,610.59,610.64,1296.0
2025-02-19 11:05:00+00:00,610.68,610.69,610.66,610.66,2174.0
2025-02-19 11:10:00+00:00,610.68,610.74,610.67,610.74,2285.0
2025-02-19 11:15:00+00:00,610.72,610.75,610.72,610.72,20104.0
2025-02-19 11:20:00+00:00,610.68,610.75,610.63,610.63,1198.0
2025-02-19 11:25:00+00:00,610.51,610.51,610.45,610.47,3137.0
2025-02-19 11:30:00+00:00,610.52,610.52,610.48,610.48,558.0
2025-02-19 11:35:00+00:00,610.52,610.52,610.43,610.43,500.0
2025-02-19 11:40:00+00:00,610.4,610.52,610.4,610.43,6027.0
2025-02-19 11:45:00+00:00,610.33,610.33,610.19,610.19,5532.0
2025-02-19 11:50:00+00:00,610.31,610.34,610.31,610.34,1106.0
2025-02-19 11:55:00+00:00,610.38,610.52,610.36,610.52,2637.0
2025-02-19 12:00:00+00:00,610.54,611.14,610.5,611.02,27770.0
2025-02-19 12:05:00+00:00,610.97,610.97,610.75,610.97,7885.0
2025-02-19 12:10:00+00:00,611.04,611.08,610.94,610.97,3680.0
2025-02-19 12:15:00+00:00,610.98,610.99,610.84,610.86,1995.0
2025-02-19 12:20:00+00:00,610.94,610.98,610.9,610.98,2089.0
2025-02-19 12:25:00+00:00,611.0,611.0,611.0,611.0,1943.0
2025-02-19 12:30:00+00:00,610.99,610.99,610.83,610.83,2079.0
2025-02-19 12:40:00+00:00,610.92,610.95,610.89,610.89,1558.0
2025-02-19 12:45:00+00:00,610.98,611.23,610.97,611.15,7444.0
2025-02-19 12:50:00+00:00,611.14,611.17,611.07,611.16,7074.0
2025-02-19 12:55:00+00:00,611.16,611.16,610.73,610.73,17803.0
2025-02-19 13:00:00+00:00,610.5199,611.98,610.5,610.9,38060.0
2025-02-19 13:05:00+00:00,610.96,610.96,610.89,610.93,9825.0
2025-02-19 13:10:00+00:00,610.8604,610.98,610.75,610.75,7371.0
2025-02-19 13:15:00+00:00,610.71,610.74,610.45,610.5,8508.0
2025-02-19 13:20:00+00:00,610.44,610.5,610.26,610.26,14629.0
2025-02-19 13:25:00+00:00,610.29,610.44,609.89,610.27,32006.0
2025-02-19 13:30:00+00:00,610.23,610.23,610.02,610.08,9404.0
2025-02-19 13:35:00+00:00,610.0,610.21,609.83,609.85,23278.0
2025-02-19 13:40:00+00:00,609.83,610.05,609.83,610.05,9825.0
2025-02-19 13:45:00+00:00,610.06,610.2399,610.06,610.2399,9098.0
2025-02-19 13:50:00+00:00,610.1654,610.21,610.05,610.17,4629.0
2025-02-19 13:55:00+00:00,610.24,610.25,610.11,610.14,1830.0
2025-02-19 14:00:00+00:00,610.14,610.24,609.93,610.24,8048.0
2025-02-19 14:05:00+00:00,610.3004,610.48,610.3004,610.35,8902.0
2025-02-19 14:10:00+00:00,610.35,610.47,610.15,610.15,11664.0
2025-02-19 14:15:00+00:00,610.12,610.15,609.89,609.96,22464.0
2025-02-19 14:20:00+00:00,610.0093,610.01,609.7307,609.82,22211.0
2025-02-19 14:25:00+00:00,609.75,610.1,609.72,610.05,46682.0
2025-02-19 14:30:00+00:00,610.08,610.1987,609.75,610.1574,725113.0
2025-02-19 14:35:00+00:00,610.15,610.27,609.95,609.9871,483213.0
2025-02-19 14:40:00+00:00,609.97,610.2577,609.91,610.04,252268.0
2025-02-19 14:45:00+00:00,610.04,610.23,609.6845,609.8181,281258.0
2025-02-19 14:50:00+00:00,609.8,610.18,609.74,610.1,239826.0
2025-02-19 14:55:00+00:00,610.09,610.165,609.8503,609.92,209355.0
2025-02-19 15:00:00+00:00,609.92,610.235,609.5707,609.7,235041.0
2025-02-19 15:05:00+00:00,609.71,610.0,609.56,609.7201,176585.0
2025-02-19 15:10:00+00:00,609.74,609.84,609.59,609.69,1585520.0
2025-02-19 15:15:00+00:00,609.665,610.15,609.6002,609.9401,227838.0
2025-02-19 15:20:00+00:00,609.96,610.06,609.73,609.96,198448.0
2025-02-19 15:25:00+00:00,609.97,610.175,609.89,610.06,218404.0
2025-02-19 15:30:00+00:00,610.06,610.89,610.02,610.47,777211.0
2025-02-19 15:35:00+00:00,610.475,610.59,610.27,610.38,184535.0
2025-02-19 15:40:00+00:00,610.38,610.54,610.32,610.53,267507.0
2025-02-19 15:45:00+00:00,610.55,610.65,610.39,610.5,168532.0
2025-02-19 15:50:00+00:00,610.49,610.5,610.33,610.4,204527.0
2025-02-19 15:55:00+00:00,610.395,610.395,609.82,610.14,213520.0
2025-02-19 16:00:00+00:00,610.14,610.71,610.14,610.57,220499.0
2025-02-19 16:05:00+00:00,610.575,610.78,610.55,610.75,153726.0
2025-02-19 16:10:00+00:00,610.755,611.25,610.66,611.2328,1604243.0
2025-02-19 16:15:00+00:00,611.1901,611.26,611.0,611.14,525377.0
2025-02-19 16:20:00+00:00,611.135,611.18,610.96,611.1,138031.0
2025-02-19 16:25:00+00:00,611.115,611.25,611.09,611.18,113980.0
2025-02-19 16:30:00+00:00,611.17,611.2759,610.98,611.24,138476.0
2025-02-19 16:35:00+00:00,611.23,611.29,611.08,611.15,146959.0
2025-02-19 16:40:00+00:00,611.1501,611.6751,611.1501,611.6751,243848.0
2025-02-19 16:45:00+00:00,611.69,611.77,611.46,611.47,168562.0
2025-02-19 16:50:00+00:00,611.48,611.7117,611.47,611.7,109263.0
2025-02-19 16:55:00+00:00,611.6908,611.77,611.6,611.7,211988.0
2025-02-19 17:00:00+00:00,611.66,611.96,611.62,611.83,146886.0
2025-02-19 17:05:00+00:00,611.82,611.84,611.74,611.8185,145755.0
2025-02-19 17:10:00+00:00,611.82,611.8335,611.4225,611.59,194258.0
2025-02-19 17:15:00+00:00,611.58,611.6,611.39,611.45,254263.0
2025-02-19 17:20:00+00:00,611.45,611.5,611.13,611.1307,150342.0
2025-02-19 17:25:00+00:00,611.12,611.23,611.01,611.05,418217.0
2025-02-19 17:30:00+00:00,611.06,611.115,610.86,610.94,279118.0
2025-02-19 17:35:00+00:00,610.94,611.19,610.915,611.13,184038.0
2025-02-19 17:40:00+00:00,611.13,611.34,611.05,611.28,109019.0
2025-02-19 17:45:00+00:00,611.27,611.42,611.19,611.4047,75603.0
2025-02-19 17:50:00+00:00,611.42,611.82,611.42,611.72,169861.0
2025-02-19 17:55:00+00:00,611.725,611.82,611.55,611.56,294677.0
2025-02-19 18:00:00+00:00,611.56,611.59,611.37,611.4151,153791.0
2025-02-19 18:05:00+00:00,611.43,611.43,611.04,611.095,239499.0
2025-02-19 18:10:00+00:00,611.1,611.11,610.65,610.95,217669.0
2025-02-19 18:15:00+00:00,610.93,611.53,610.93,611.52,154637.0
2025-02-19 18:20:00+00:00,611.54,611.62,611.44,611.5,122544.0
2025-02-19 18:25:00+00:00,611.52,611.7,611.45,611.66,126662.0
2025-02-19 18:30:00+00:00,611.67,611.94,611.67,611.8599,266106.0
2025-02-19 18:35:00+00:00,611.85,611.97,611.83,611.895,285510.0
2025-02-19 18:40:00+00:00,611.94,612.04,611.7701,611.86,238025.0
2025-02-19 18:45:00+00:00,611.87,611.92,611.695,611.725,147809.0
2025-02-19 18:50:00+00:00,611.72,611.73,611.515,611.59,103115.0
2025-02-19 18:55:00+00:00,611.595,611.7,611.48,611.49,167154.0
2025-02-19 19:00:00+00:00,611.52,611.9099,611.4,611.55,283447.0
2025-02-19 19:05:00+00:00,611.54,611.8,611.54,611.72,369671.0
2025-02-19 19:10:00+00:00,611.73,612.588,611.73,612.58,370161.0
2025-02-19 19:15:00+00:00,612.59,612.89,612.55,612.75,355976.0
2025-02-19 19:20:00+00:00,612.745,613.08,612.74,612.93,521499.0
2025-02-19 19:25:00+00:00,612.92,612.965,612.58,612.8201,231426.0
2025-02-19 19:30:00+00:00,612.82,612.875,612.6203,612.8305,368376.0
2025-02-19 19:35:00+00:00,612.83,612.96,612.81,612.87,133555.0
2025-02-19 19:40:00+00:00,612.86,613.01,612.7,612.835,146321.0
2025-02-19 19:45:00+00:00,612.83,612.8576,612.6616,612.85,102761.0
2025-02-19 19:50:00+00:00,612.86,613.23,612.84,613.14,279817.0
2025-02-19 19:55:00+00:00,613.145,613.16,612.961,613.11,243743.0
2025-02-19 20:00:00+00:00,613.08,613.1,612.82,612.84,327095.0
2025-02-19 20:05:00+00:00,612.85,612.915,612.4493,612.4802,338624.0
2025-02-19 20:10:00+00:00,612.4866,612.67,612.45,612.63,315559.0
2025-02-19 20:15:00+00:00,612.6458,612.97,612.62,612.68,238112.0
2025-02-19 20:20:00+00:00,612.675,612.79,612.56,612.75,228620.0
2025-02-19 20:25:00+00:00,612.75,612.75,611.8,612.0999,597464.0
2025-02-19 20:30:00+00:00,612.11,612.79,612.08,612.55,373763.0
2025-02-19 20:35:00+00:00,612.54,612.67,612.23,612.45,496058.0
2025-02-19 20:40:00+00:00,612.43,612.65,612.26,612.33,929795.0
2025-02-19 20:45:00+00:00,612.34,612.5,612.18,612.36,527385.0
2025-02-19 20:50:00+00:00,612.38,612.8,612.35,612.53,979018.0
2025-02-19 20:55:00+00:00,612.52,613.06,612.48,612.9,2051617.0
2025-02-19 21:00:00+00:00,612.93,612.93,612.19,612.21,790023.0
2025-02-19 21:05:00+00:00,612.2097,612.35,612.1,612.14,207463.0
2025-02-19 21:10:00+00:00,612.1,612.11,611.6841,612.05,964212.0
2025-02-19 21:15:00+00:00,612.02,612.07,612.0,612.04,45004.0
2025-02-19 21:20:00+00:00,612.04,612.14,612.0,612.1,26484.0
2025-02-19 21:25:00+00:00,612.09,612.09,612.01,612.05,39824.0
2025-02-19 21:30:00+00:00,612.03,612.07,611.99,612.0,59222.0
2025-02-19 21:35:00+00:00,611.99,612.05,611.99,612.0202,13168.0
2025-02-19 21:40:00+00:00,612.06,612.11,612.03,612.07,5325.0
2025-02-19 21:45:00+00:00,612.05,612.07,612.04,612.05,13843.0
2025-02-19 21:50:00+00:00,612.93,612.93,612.03,612.05,19323.0
2025-02-19 21:55:00+00:00,612.07,612.17,612.07,612.14,3598.0
2025-02-19 22:00:00+00:00,612.14,612.14,612.14,612.14,819.0
2025-02-19 22:05:00+00:00,612.14,612.14,612.04,612.14,4017.0
2025-02-19 22:10:00+00:00,612.17,612.17,612.13,612.13,1012.0
2025-02-19 22:15:00+00:00,612.149,612.149,612.1,612.13,4184.0
2025-02-19 22:20:00+00:00,612.14,612.15,612.13,612.15,3624.0
2025-02-19 22:30:00+00:00,612.15,612.16,612.15,612.16,4950.0
2025-02-19 22:35:00+00:00,612.13,612.18,612.13,612.1308,3434.0
2025-02-19 22:40:00+00:00,612.15,612.15,612.13,612.1302,2185.0
2025-02-19 22:45:00+00:00,612.1301,612.1301,612.1,612.1,4980.0
2025-02-19 22:50:00+00:00,612.11,612.12,612.1,612.1,6943.0
2025-02-19 22:55:00+00:00,612.1,612.13,612.1,612.1,18253.0
2025-02-19 23:00:00+00:00,612.1,612.36,612.05,612.3,90296.0
2025-02-19 23:05:00+00:00,612.28,612.28,612.26,612.26,1568.0
2025-02-19 23:10:00+00:00,612.3,612.3,612.26,612.26,935.0
2025-02-19 23:15:00+00:00,612.32,612.36,612.27,612.27,16806.0
2025-02-19 23:20:00+00:00,612.32,612.32,612.23,612.23,10950.0
2025-02-19 23:25:00+00:00,612.2,612.2,612.06,612.1,14857.0
2025-02-19 23:30:00+00:00,612.12,612.16,612.12,612.15,1701.0
2025-02-19 23:35:00+00:00,612.03,612.03,612.03,612.03,317.0
2025-02-19 23:40:00+00:00,612.08,612.1,612.06,612.06,1396.0
2025-02-19 23:45:00+00:00,612.03,612.03,611.87,611.89,22715.0
2025-02-19 23:50:00+00:00,612.0,612.04,612.0,612.0,909.0
2025-02-19 23:55:00+00:00,612.05,612.15,612.05,612.15,1421.0
2025-02-20 00:00:00+00:00,612.01,612.07,611.89,612.0515,2708.0
2025-02-20 00:05:00+00:00,612.06,612.2,612.06,612.09,709.0
2025-02-20 00:10:00+00:00,612.08,612.08,612.08,612.08,508.0
2025-02-20 00:15:00+00:00,612.02,612.02,612.02,612.02,152.0
2025-02-20 00:25:00+00:00,611.91,611.91,611.81,611.9088,2243.0
2025-02-20 00:30:00+00:00,611.9,611.9,611.81,611.82,858.0
2025-02-20 00:35:00+00:00,611.92,611.92,611.92,611.92,173.0
2025-02-20 00:40:00+00:00,612.05,612.05,611.9615,611.9615,1729.0
2025-02-20 00:45:00+00:00,612.06,612.06,612.06,612.06,411.0
2025-02-20 00:50:00+00:00,612.08,612.12,612.0325,612.12,1515.0
2025-02-20 00:55:00+00:00,612.16,612.3,612.16,612.3,2649.0
2025-02-20 09:00:00+00:00,611.45,611.59,611.42,611.59,3108.0
2025-02-20 09:05:00+00:00,611.54,611.59,611.49,611.59,1541.0
2025-02-20 09:10:00+00:00,611.64,611.65,611.6,611.6,1396.0
2025-02-20 09:15:00+00:00,611.63,611.63,611.63,611.63,139.0
2025-02-20 09:20:00+00:00,611.73,611.73,611.63,611.63,2459.0
2025-02-20 09:25:00+00:00,611.64,611.64,611.62,611.62,397.0
2025-02-20 09:30:00+00:00,611.76,611.76,611.76,611.76,2342.0
2025-02-20 09:50:00+00:00,611.74,611.74,611.74,611.74,119.0
2025-02-20 09:55:00+00:00,611.75,612.0,611.75,611.98,2797.0
2025-02-20 10:00:00+00:00,611.95,612.1,611.95,612.05,1837.0
2025-02-20 10:05:00+00:00,612.05,612.15,612.05,612.15,925.0
2025-02-20 10:10:00+00:00,612.02,612.02,611.92,611.92,661.0
2025-02-20 10:20:00+00:00,612.04,612.04,612.04,612.04,134.0
2025-02-20 10:30:00+00:00,612.06,612.06,612.06,612.06,508.0
2025-02-20 10:45:00+00:00,612.09,612.12,612.09,612.12,425.0
2025-02-20 10:50:00+00:00,612.1,612.1,612.03,612.03,1577.0
2025-02-20 10:55:00+00:00,611.88,611.92,611.88,611.89,581.0
2025-02-20 11:00:00+00:00,611.82,611.82,611.82,611.82,276.0
2025-02-20 11:05:00+00:00,611.88,611.88,611.75,611.75,771.0
2025-02-20 11:10:00+00:00,611.78,611.78,611.73,611.73,910.0
2025-02-20 11:15:00+00:00,611.72,611.76,611.72,611.76,587.0
2025-02-20 11:20:00+00:00,611.76,611.76,611.76,611.76,352.0
2025-02-20 11:25:00+00:00,611.57,611.57,611.57,611.57,725.0
2025-02-20 11:30:00+00:00,611.52,611.52,611.33,611.33,1770.0
2025-02-20 11:35:00+00:00,611.33,611.33,611.17,611.27,14458.0
2025-02-20 11:40:00+00:00,611.23,611.36,611.2,611.36,3813.0
2025-02-20 11:45:00+00:00,611.37,611.37,611.37,611.37,244.0
2025-02-20 11:50:00+00:00,611.47,611.57,611.47,611.57,2390.0
2025-02-20 11:55:00+00:00,611.65,611.71,611.04,611.09,56922.0
2025-02-20 12:00:00+00:00,611.15,611.51,611.08,611.3,25097.0
2025-02-20 12:05:00+00:00,611.34,611.34,611.16,611.16,9757.0
2025-02-20 12:10:00+00:00,611.06,611.1,610.89,611.1,29587.0
2025-02-20 12:15:00+00:00,611.05,611.14,611.05,611.06,3373.0
2025-02-20 12:20:00+00:00,611.17,611.17,611.13,611.15,4400.0
2025-02-20 12:25:00+00:00,611.09,611.09,611.05,611.06,6240.0
2025-02-20 12:30:00+00:00,611.15,611.44,611.11,611.39,8045.0
2025-02-20 12:35:00+00:00,611.4,611.46,611.4,611.41,17007.0
2025-02-20 12:40:00+00:00,611.5,611.53,611.48,611.5,1857.0
2025-02-20 12:45:00+00:00,611.41,611.41,611.19,611.4,12451.0
2025-02-20 12:50:00+00:00,611.42,611.42,611.28,611.28,2071.0
2025-02-20 12:55:00+00:00,611.36,611.559,611.33,611.53,3714.0
2025-02-20 13:00:00+00:00,611.39,611.56,610.92,611.24,39017.0
2025-02-20 13:05:00+00:00,611.2101,611.29,611.15,611.15,6134.0
2025-02-20 13:10:00+00:00,611.15,611.29,611.14,611.24,22419.0
2025-02-20 13:15:00+00:00,611.25,611.27,611.2,611.2,5354.0
2025-02-20 13:20:00+00:00,611.24,611.29,611.15,611.28,8336.0
2025-02-20 13:25:00+00:00,611.17,611.26,611.15,611.16,15021.0
2025-02-20 13:30:00+00:00,611.2,611.32,611.12,611.18,15402.0
2025-02-20 13:35:00+00:00,611.17,611.22,611.08,611.08,42432.0
2025-02-20 13:40:00+00:00,611.21,611.43,611.19,611.43,7742.0
2025-02-20 13:45:00+00:00,611.44,611.52,611.25,611.27,9542.0
2025-02-20 13:50:00+00:00,611.21,611.23,611.12,611.2,9296.0
2025-02-20 13:55:00+00:00,611.22,611.22,611.12,611.12,8972.0
2025-02-20 14:00:00+00:00,611.41,611.59,611.4,611.55,12333.0
2025-02-20 14:05:00+00:00,611.59,611.7093,611.48,611.58,65872.0
2025-02-20 14:10:00+00:00,611.62,611.75,611.6093,611.62,6891.0
2025-02-20 14:15:00+00:00,611.57,611.73,611.57,611.6,7218.0
2025-02-20 14:20:00+00:00,611.6,611.64,611.492,611.5,27017.0
2025-02-20 14:25:00+00:00,611.49,611.72,611.34,611.59,58052.0
2025-02-20 14:30:00+00:00,611.54,611.684,611.15,611.26,688261.0
2025-02-20 14:35:00+00:00,611.24,611.43,611.15,611.39,347320.0
2025-02-20 14:40:00+00:00,611.365,611.39,610.53,610.545,295594.0
2025-02-20 14:45:00+00:00,610.545,610.65,610.135,610.39,559500.0
2025-02-20 14:50:00+00:00,610.3801,610.39,609.02,609.44,772523.0
2025-02-20 14:55:00+00:00,609.4047,609.56,608.31,608.3825,1130193.0
2025-02-20 15:00:00+00:00,608.4,608.44,607.02,608.29,1419345.0
2025-02-20 15:05:00+00:00,608.31,608.7,607.64,607.84,657042.0
2025-02-20 15:10:00+00:00,607.75,608.83,607.62,608.43,686642.0
2025-02-20 15:15:00+00:00,608.43,609.23,608.43,608.98,678526.0
2025-02-20 15:20:00+00:00,608.99,609.36,608.68,608.97,367078.0
2025-02-20 15:25:00+00:00,608.985,609.18,608.81,609.11,199774.0
2025-02-20 15:30:00+00:00,609.1,609.52,609.0259,609.12,241277.0
2025-02-20 15:35:00+00:00,609.16,609.2,608.42,608.73,370026.0
2025-02-20 15:40:00+00:00,608.68,608.79,608.34,608.51,202250.0
2025-02-20 15:45:00+00:00,608.5,608.6,607.8,607.87,359069.0
2025-02-20 15:50:00+00:00,607.86,607.9,607.43,607.49,412540.0
2025-02-20 15:55:00+00:00,607.52,607.7954,607.08,607.35,304946.0
2025-02-20 16:00:00+00:00,607.35,607.87,607.23,607.42,473218.0
2025-02-20 16:05:00+00:00,607.445,608.2,607.39,608.13,347101.0
2025-02-20 16:10:00+00:00,608.12,608.45,608.12,608.1706,362112.0
2025-02-20 16:15:00+00:00,608.18,608.2,607.51,607.6201,238138.0
2025-02-20 16:20:00+00:00,607.62,608.12,607.61,608.02,277494.0
2025-02-20 16:25:00+00:00,608.0,608.33,607.86,608.26,201562.0
2025-02-20 16:30:00+00:00,608.255,608.42,607.74,607.84,192942.0
2025-02-20 16:35:00+00:00,607.83,607.86,607.1,607.581,500568.0
2025-02-20 16:40:00+00:00,607.61,608.03,607.5,607.99,322170.0
2025-02-20 16:45:00+00:00,607.99,608.04,607.48,607.59,521765.0
2025-02-20 16:50:00+00:00,607.56,607.96,607.45,607.66,458912.0
2025-02-20 16:55:00+00:00,607.67,607.6797,607.44,607.46,120691.0
2025-02-20 17:00:00+00:00,607.45,608.1,607.28,608.042,211901.0
2025-02-20 17:05:00+00:00,608.03,608.425,608.01,608.37,240158.0
2025-02-20 17:10:00+00:00,608.37,608.65,608.31,608.615,464149.0
2025-02-20 17:15:00+00:00,608.61,608.87,608.49,608.76,257625.0
2025-02-20 17:20:00+00:00,608.7851,608.89,608.63,608.795,259844.0
2025-02-20 17:25:00+00:00,608.82,608.9399,608.7375,608.79,275776.0
2025-02-20 17:30:00+00:00,608.78,608.98,608.7244,608.85,207179.0
2025-02-20 17:35:00+00:00,608.86,609.06,608.61,608.6975,200356.0
2025-02-20 17:40:00+00:00,608.7,609.0999,608.62,609.05,130963.0
2025-02-20 17:45:00+00:00,608.99,609.03,608.5251,608.5299,118509.0
2025-02-20 17:50:00+00:00,608.53,608.67,608.37,608.495,155866.0
2025-02-20 17:55:00+00:00,608.49,608.49,608.025,608.03,149556.0
2025-02-20 18:00:00+00:00,608.03,608.14,607.77,607.9689,272615.0
2025-02-20 18:05:00+00:00,607.99,608.257,607.91,608.17,225879.0
2025-02-20 18:10:00+00:00,608.1779,608.48,608.04,608.46,264976.0
2025-02-20 18:15:00+00:00,608.455,608.49,607.94,608.015,291629.0
2025-02-20 18:20:00+00:00,608.02,608.05,607.68,607.8357,279215.0
2025-02-20 18:25:00+00:00,607.8349,608.09,607.64,607.96,840956.0
2025-02-20 18:30:00+00:00,607.94,608.38,607.82,608.31,188444.0
2025-02-20 18:35:00+00:00,608.29,608.44,608.16,608.36,120000.0
2025-02-20 18:40:00+00:00,608.365,608.6,608.18,608.6,147055.0
2025-02-20 18:45:00+00:00,608.59,608.67,608.3499,608.43,1116433.0
2025-02-20 18:50:00+00:00,608.42,608.43,608.15,608.28,211722.0
2025-02-20 18:55:00+00:00,608.28,608.76,608.24,608.6,174479.0
2025-02-20 19:00:00+00:00,608.6,608.8296,608.5,608.69,201456.0
2025-02-20 19:05:00+00:00,608.701,608.94,608.67,608.83,249479.0
2025-02-20 19:10:00+00:00,608.8499,609.43,608.8499,609.25,275135.0
2025-02-20 19:15:00+00:00,609.25,609.39,609.13,609.37,422125.0
2025-02-20 19:20:00+00:00,609.37,609.49,609.35,609.36,202374.0
2025-02-20 19:25:00+00:00,609.3609,609.41,609.07,609.17,296637.0
2025-02-20 19:30:00+00:00,609.16,609.24,608.8399,608.89,363239.0
2025-02-20 19:35:00+00:00,608.87,608.97,608.72,608.765,160377.0
2025-02-20 19:40:00+00:00,608.7791,609.16,608.73,609.16,130066.0
2025-02-20 19:45:00+00:00,609.1,609.83,609.09,609.83,312501.0
2025-02-20 19:50:00+00:00,609.82,610.1,609.645,609.87,918754.0
2025-02-20 19:55:00+00:00,609.87,610.0951,609.79,609.86,265442.0
2025-02-20 20:00:00+00:00,609.865,609.96,609.67,609.82,274283.0
2025-02-20 20:05:00+00:00,609.84,609.96,609.6,609.69,388237.0
2025-02-20 20:10:00+00:00,609.71,609.8,609.44,609.61,220841.0
2025-02-20 20:15:00+00:00,609.6199,609.845,609.26,609.7974,255513.0
2025-02-20 20:20:00+00:00,609.8,610.0987,609.8,609.84,310177.0
2025-02-20 20:25:00+00:00,609.86,609.9299,609.66,609.84,457530.0
2025-02-20 20:30:00+00:00,609.84,609.99,609.79,609.94,408814.0
2025-02-20 20:35:00+00:00,609.94,609.94,609.4625,609.62,270703.0
2025-02-20 20:40:00+00:00,609.62,609.97,609.58,609.9201,424442.0
2025-02-20 20:45:00+00:00,609.92,610.38,609.72,610.31,383107.0
2025-02-20 20:50:00+00:00,610.32,610.7,610.01,610.28,1425825.0
2025-02-20 20:55:00+00:00,610.27,610.53,610.06,610.39,2440415.0
2025-02-20 21:00:00+00:00,610.39,610.5,610.04,610.06,700643.0
2025-02-20 21:05:00+00:00,610.11,610.29,610.11,610.17,667058.0
2025-02-20 21:10:00+00:00,610.12,610.17,609.77,609.79,1330730.0
2025-02-20 21:15:00+00:00,609.8,609.98,609.8,609.9,31674.0
2025-02-20 21:20:00+00:00,609.901,610.0299,609.9,609.99,18078.0
2025-02-20 21:25:00+00:00,609.99,610.0195,609.9,610.0195,123770.0
2025-02-20 21:30:00+00:00,610.0,610.08,610.0,610.07,7700.0
2025-02-20 21:35:00+00:00,610.05,610.07,609.95,610.01,3853.0
2025-02-20 21:40:00+00:00,609.98,610.03,609.93,610.03,3620.0
2025-02-20 21:45:00+00:00,609.96,610.02,609.96,609.97,11745.0
2025-02-20 21:50:00+00:00,610.0,610.0,609.85,609.89,31678.0
2025-02-20 21:55:00+00:00,609.9,610.04,609.9,610.0,11180.0
2025-02-20 22:00:00+00:00,610.07,610.07,609.97,609.97,10415.0
2025-02-20 22:05:00+00:00,610.0,610.0,609.971,610.0,796.0
2025-02-20 22:15:00+00:00,609.98,609.98,609.98,609.98,757.0
2025-02-20 22:20:00+00:00,609.98,609.99,609.98,609.99,1435.0
2025-02-20 22:25:00+00:00,609.981,609.981,609.97,609.97,687.0
2025-02-20 22:30:00+00:00,609.97,610.0,609.97,610.0,57874.0
2025-02-20 22:35:00+00:00,609.9701,609.9701,609.9701,609.9701,271.0
2025-02-20 22:40:00+00:00,610.0,610.0,609.98,609.98,444.0
2025-02-20 22:45:00+00:00,610.0,610.0,609.971,609.971,919.0
2025-02-20 22:50:00+00:00,609.94,609.94,609.89,609.89,2701.0
2025-02-20 22:55:00+00:00,609.86,609.9,609.83,609.9,2306.0
2025-02-20 23:00:00+00:00,609.9,610.3,609.9,610.2603,15001.0
2025-02-20 23:05:00+00:00,610.21,610.29,610.1701,610.1701,1256.0
2025-02-20 23:10:00+00:00,610.27,610.38,610.27,610.35,2612.0
2025-02-20 23:15:00+00:00,610.32,610.35,610.3,610.32,1132.0
2025-02-20 23:20:00+00:00,610.3,610.3,610.19,610.25,1240.0
2025-02-20 23:25:00+00:00,610.2,610.2,610.2,610.2,147.0
2025-02-20 23:30:00+00:00,610.379,610.48,610.36,610.48,14124.0
2025-02-20 23:35:00+00:00,610.5,610.55,610.47,610.47,1909.0
2025-02-20 23:40:00+00:00,610.58,610.6,610.58,610.58,1795.0
2025-02-20 23:45:00+00:00,610.5699,610.5699,610.5699,610.5699,417.0
2025-02-20 23:55:00+00:00,610.47,610.47,610.43,610.43,1712.0
2025-02-21 00:00:00+00:00,610.35,610.5,610.34,610.5,1422.0
2025-02-21 00:10:00+00:00,610.53,610.53,610.53,610.53,1175.0
2025-02-21 00:15:00+00:00,610.53,610.53,610.53,610.53,1114.0
2025-02-21 00:20:00+00:00,610.42,610.42,610.34,610.34,2522.0
2025-02-21 00:25:00+00:00,610.37,610.4,610.32,610.36,3133.0
2025-02-21 00:30:00+00:00,610.4,610.41,610.4,610.41,437.0
2025-02-21 00:35:00+00:00,610.3199,610.3199,610.25,610.26,2078.0
2025-02-21 00:40:00+00:00,610.3,610.31,610.25,610.26,1870.0
2025-02-21 00:45:00+00:00,610.26,610.32,610.23,610.32,1156.0
2025-02-21 00:50:00+00:00,610.36,610.4,610.34,610.34,793.0
2025-02-21 00:55:00+00:00,610.3894,610.3894,610.37,610.37,1145.0
2025-02-21 01:00:00+00:00,610.39,610.39,610.39,610.39,300.0
2025-02-21 09:00:00+00:00,610.3,610.6,610.3,610.6,1578.0
2025-02-21 09:10:00+00:00,610.4,610.4,610.4,610.4,113.0
2025-02-21 09:15:00+00:00,610.45,610.5,610.45,610.5,859.0
2025-02-21 09:20:00+00:00,610.57,610.57,610.57,610.57,1384.0
2025-02-21 09:25:00+00:00,610.45,610.45,610.45,610.45,164.0
2025-02-21 09:40:00+00:00,610.69,610.71,610.69,610.71,382.0
2025-02-21 09:55:00+00:00,610.65,610.7,610.65,610.7,3086.0
2025-02-21 10:00:00+00:00,610.63,610.63,610.57,610.57,908.0
2025-02-21 10:05:00+00:00,610.57,610.57,610.56,610.56,437.0
2025-02-21 10:10:00+00:00,610.63,610.68,610.63,610.68,1025.0
2025-02-21 10:15:00+00:00,610.76,610.76,610.76,610.76,454.0
2025-02-21 10:20:00+00:00,610.77,610.77,610.76,610.77,1135.0
2025-02-21 10:25:00+00:00,610.8,610.8,610.77,610.77,2120.0
2025-02-21 10:30:00+00:00,610.72,610.72,610.7,610.7,996.0
2025-02-21 10:35:00+00:00,610.65,610.65,610.65,610.65,498.0
2025-02-21 10:40:00+00:00,610.63,610.66,610.63,610.66,606.0
2025-02-21 10:45:00+00:00,610.6,610.6,610.56,610.57,1145.0
2025-02-21 10:50:00+00:00,610.63,610.7,610.63,610.69,655.0
2025-02-21 10:55:00+00:00,610.67,610.68,610.67,610.68,1537.0
2025-02-21 11:00:00+00:00,610.77,610.77,610.77,610.77,567.0
2025-02-21 11:05:00+00:00,610.78,610.82,610.75,610.82,12113.0
2025-02-21 11:15:00+00:00,610.78,610.78,610.78,610.78,126.0
2025-02-21 11:20:00+00:00,610.74,610.74,610.74,610.74,203.0
2025-02-21 11:25:00+00:00,610.73,610.73,610.72,610.72,664.0
2025-02-21 11:30:00+00:00,610.78,610.78,610.78,610.78,202.0
2025-02-21 11:40:00+00:00,610.72,610.72,610.5,610.5,1055.0
2025-02-21 11:45:00+00:00,610.52,610.66,610.52,610.66,6679.0
2025-02-21 12:00:00+00:00,610.59,610.61,610.2,610.4,6447.0
2025-02-21 12:05:00+00:00,610.48,610.48,610.461,610.48,965.0
2025-02-21 12:10:00+00:00,610.5,610.6,610.5,610.54,2200.0
2025-02-21 12:15:00+00:00,610.6,610.65,610.6,610.65,632.0
2025-02-21 12:20:00+00:00,610.77,611.08,610.77,610.99,21171.0
2025-02-21 12:25:00+00:00,610.93,611.04,610.93,610.94,4401.0
2025-02-21 12:30:00+00:00,610.94,610.94,610.9,610.9,2526.0
2025-02-21 12:35:00+00:00,610.93,610.93,610.86,610.9,1637.0
2025-02-21 12:40:00+00:00,610.92,610.99,610.92,610.99,1336.0
2025-02-21 12:45:00+00:00,611.0,611.02,610.96,611.0,1616.0
2025-02-21 12:50:00+00:00,610.98,611.0,610.96,610.98,11369.0
2025-02-21 12:55:00+00:00,610.98,610.98,610.92,610.96,3205.0
2025-02-21 13:00:00+00:00,610.29,611.05,609.89,610.86,35747.0
2025-02-21 13:05:00+00:00,610.84,610.87,610.72,610.82,25977.0
2025-02-21 13:10:00+00:00,610.89,610.8901,610.85,610.88,2472.0
2025-02-21 13:15:00+00:00,610.89,610.9992,610.89,610.92,5185.0
2025-02-21 13:20:00+00:00,610.89,610.89,610.81,610.87,13835.0
2025-02-21 13:25:00+00:00,610.81,610.9,610.81,610.86,3639.0
2025-02-21 13:30:00+00:00,610.88,610.88,610.8,610.85,6900.0
2025-02-21 13:35:00+00:00,610.86,610.86,610.73,610.81,18325.0
2025-02-21 13:40:00+00:00,610.77,611.06,610.76,611.0112,26604.0
2025-02-21 13:45:00+00:00,611.06,611.1,611.01,611.0491,18305.0
2025-02-21 13:50:00+00:00,611.0499,611.0499,610.88,610.93,19172.0
2025-02-21 13:55:00+00:00,610.9208,610.9699,610.89,610.9699,24722.0
2025-02-21 14:00:00+00:00,610.9,611.17,610.81,610.97,23521.0
2025-02-21 14:05:00+00:00,611.0,611.02,610.88,611.0,7828.0
2025-02-21 14:10:00+00:00,611.01,611.05,610.98,611.01,10369.0
2025-02-21 14:15:00+00:00,611.05,611.16,611.05,611.05,12158.0
2025-02-21 14:20:00+00:00,611.0895,611.13,610.73,610.73,19959.0
2025-02-21 14:25:00+00:00,610.75,610.87,610.15,610.16,96141.0
2025-02-21 14:30:00+00:00,610.16,610.3,609.5337,609.6345,765301.0
2025-02-21 14:35:00+00:00,609.66,609.9,608.88,609.15,519554.0
2025-02-21 14:40:00+00:00,609.13,609.4,608.97,609.23,568244.0
2025-02-21 14:45:00+00:00,609.25,609.59,608.71,608.77,496693.0
2025-02-21 14:50:00+00:00,608.79,608.88,608.28,608.6199,696155.0
2025-02-21 14:55:00+00:00,608.61,608.72,608.24,608.4701,491438.0
2025-02-21 15:00:00+00:00,608.5,608.5938,607.43,608.1775,2224604.0
2025-02-21 15:05:00+00:00,608.17,608.45,607.54,608.39,614878.0
2025-02-21 15:10:00+00:00,608.37,608.65,607.85,607.9733,817935.0
2025-02-21 15:15:00+00:00,607.97,608.2962,607.75,607.94,278878.0
2025-02-21 15:20:00+00:00,607.94,607.95,607.1,607.281,975008.0
2025-02-21 15:25:00+00:00,607.29,607.51,606.52,606.76,845686.0
2025-02-21 15:30:00+00:00,606.75,607.06,606.2853,606.47,505589.0
2025-02-21 15:35:00+00:00,606.47,607.0,606.46,606.8399,852656.0
2025-02-21 15:40:00+00:00,606.8575,606.8575,605.7697,605.804,564906.0
2025-02-21 15:45:00+00:00,605.78,606.79,605.766,606.41,526281.0
2025-02-21 15:50:00+00:00,606.41,606.57,606.16,606.16,355051.0
2025-02-21 15:55:00+00:00,606.16,606.8399,606.13,606.8399,353148.0
2025-02-21 16:00:00+00:00,606.84,607.2,606.35,606.52,714899.0
2025-02-21 16:05:00+00:00,606.53,606.8533,606.3709,606.565,450139.0
2025-02-21 16:10:00+00:00,606.53,607.14,606.18,607.14,3242483.0
2025-02-21 16:15:00+00:00,607.15,607.35,606.73,607.195,413742.0
2025-02-21 16:20:00+00:00,607.2,607.48,607.19,607.345,299970.0
2025-02-21 16:25:00+00:00,607.34,607.36,606.71,606.94,313094.0
2025-02-21 16:30:00+00:00,606.95,607.36,606.705,607.2199,296576.0
2025-02-21 16:35:00+00:00,607.2,607.5,607.01,607.37,176900.0
2025-02-21 16:40:00+00:00,607.38,607.46,606.82,606.8893,240443.0
2025-02-21 16:45:00+00:00,606.87,606.9799,606.54,606.77,311471.0
2025-02-21 16:50:00+00:00,606.75,606.76,606.31,606.44,543369.0
2025-02-21 16:55:00+00:00,606.45,607.27,606.425,606.805,315644.0
2025-02-21 17:00:00+00:00,606.8,607.1292,606.74,607.02,1415692.0
2025-02-21 17:05:00+00:00,607.0307,607.0975,606.56,606.59,159965.0
2025-02-21 17:10:00+00:00,606.61,606.65,606.26,606.405,277298.0
2025-02-21 17:15:00+00:00,606.4,606.44,605.6,605.7,1053119.0
2025-02-21 17:20:00+00:00,605.67,605.8,605.16,605.6,507574.0
2025-02-21 17:25:00+00:00,605.595,605.881,605.56,605.7199,187826.0
2025-02-21 17:30:00+00:00,605.755,605.79,605.28,605.28,325579.0
2025-02-21 17:35:00+00:00,605.29,605.53,604.54,604.74,1099923.0
2025-02-21 17:40:00+00:00,604.75,605.17,604.59,605.07,511814.0
2025-02-21 17:45:00+00:00,605.07,605.08,604.5798,604.62,262941.0
2025-02-21 17:50:00+00:00,604.6362,604.69,604.2534,604.27,444335.0
2025-02-21 17:55:00+00:00,604.27,604.445,603.62,603.82,1968722.0
2025-02-21 18:00:00+00:00,603.83,603.8493,603.09,603.23,773072.0
2025-02-21 18:05:00+00:00,603.22,603.4,602.72,602.79,611720.0
2025-02-21 18:10:00+00:00,602.8,602.96,602.21,602.95,1302860.0
2025-02-21 18:15:00+00:00,602.93,603.5398,602.7509,602.85,704297.0
2025-02-21 18:20:00+00:00,602.8599,603.01,602.53,602.69,516174.0
2025-02-21 18:25:00+00:00,602.6587,603.05,602.1001,602.16,489051.0
2025-02-21 18:30:00+00:00,602.145,602.19,601.59,602.05,1330663.0
2025-02-21 18:35:00+00:00,602.06,603.225,602.01,602.38873,934626.0
2025-02-21 18:40:00+00:00,602.42,602.71,601.82,601.8399,348442.0
2025-02-21 18:45:00+00:00,601.83,602.05,601.74,601.91,802491.0
2025-02-21 18:50:00+00:00,601.88,602.23,601.81,602.21,332879.0
2025-02-21 18:55:00+00:00,602.19,602.21,601.57,601.7535,528865.0
2025-02-21 19:00:00+00:00,601.76,601.91,601.23,601.365,784336.0
2025-02-21 19:05:00+00:00,601.35,601.75,601.25,601.75,593146.0
2025-02-21 19:10:00+00:00,601.76,602.33,601.43,602.14,576999.0
2025-02-21 19:15:00+00:00,602.145,602.145,601.34,601.37,522149.0
2025-02-21 19:20:00+00:00,601.33,601.37,600.45,600.67,730119.0
2025-02-21 19:25:00+00:00,600.67,600.71,599.65,599.91,917281.0
2025-02-21 19:30:00+00:00,599.9099,600.645,599.8101,600.15,804782.0
2025-02-21 19:35:00+00:00,600.15,600.29,599.62,599.78,448667.0
2025-02-21 19:40:00+00:00,599.81,600.14,599.47,600.09,638632.0
2025-02-21 19:45:00+00:00,600.07,600.2,599.7,599.94,844776.0
2025-02-21 19:50:00+00:00,599.95,600.66,599.935,600.1,742560.0
2025-02-21 19:55:00+00:00,600.0899,600.61,600.0,600.035,986184.0
2025-02-21 20:00:00+00:00,600.03,600.42,599.76,600.02,502577.0
2025-02-21 20:05:00+00:00,600.025,600.25,599.88,599.93,309050.0
2025-02-21 20:10:00+00:00,599.96,600.48,599.66,600.15,1042023.0
2025-02-21 20:15:00+00:00,600.14,600.35,599.8685,600.27,1868184.0
2025-02-21 20:20:00+00:00,600.26,600.64,600.09,600.59,578343.0
2025-02-21 20:25:00+00:00,600.61,600.64,600.29,600.56,592794.0
2025-02-21 20:30:00+00:00,600.58,600.91,600.37,600.67,812572.0
2025-02-21 20:35:00+00:00,600.66,600.74,600.2508,600.59,793944.0
2025-02-21 20:40:00+00:00,600.59,600.69,600.035,600.04,1564038.0
2025-02-21 20:45:00+00:00,600.06,600.34,599.71,600.18,1611027.0
2025-02-21 20:50:00+00:00,600.17,600.54,599.94,600.37,1916204.0
2025-02-21 20:55:00+00:00,600.36,600.49,599.5,600.0,3924784.0
2025-02-21 21:00:00+00:00,600.01,600.4,599.75,600.16,967056.0
2025-02-21 21:05:00+00:00,600.22,600.35,600.04,600.3,554971.0
2025-02-21 21:10:00+00:00,600.28,600.35,600.1,600.27,8786617.0
2025-02-21 21:15:00+00:00,600.28,600.3,600.19,600.3,60188.0
2025-02-21 21:20:00+00:00,600.29,600.36,600.24,600.29,221762.0
2025-02-21 21:25:00+00:00,600.34,600.4,600.21,600.21,313362.0
2025-02-21 21:30:00+00:00,600.2,600.31,600.12,600.17,52140.0
2025-02-21 21:35:00+00:00,600.14,600.22,600.14,600.19,10572.0
2025-02-21 21:40:00+00:00,600.22,600.22,600.06,600.06,26497.0
2025-02-21 21:45:00+00:00,600.15,600.16,600.0,600.07,32204.0
2025-02-21 21:50:00+00:00,600.09,600.15,599.85,599.92,61323.0
2025-02-21 21:55:00+00:00,599.9398,599.94,599.88,599.94,30162.0
2025-02-21 22:00:00+00:00,599.97,600.15,599.9,599.99,26130.0
2025-02-21 22:05:00+00:00,600.07,600.07,600.0,600.04,5089.0
2025-02-21 22:10:00+00:00,600.07,600.07,599.89,599.9429,49177.0
2025-02-21 22:15:00+00:00,600.1,600.14,600.0,600.01,107888.0
2025-02-21 22:20:00+00:00,600.02,600.05,599.97,600.05,10652.0
2025-02-21 22:25:00+00:00,600.0002,600.1,599.98,599.98,21238.0
2025-02-21 22:30:00+00:00,600.1399,600.14,600.0109,600.0109,2269.0
2025-02-21 22:35:00+00:00,600.0105,600.1894,600.0105,600.13,17443.0
2025-02-21 22:40:00+00:00,600.13,600.13,600.06,600.07,16863.0
2025-02-21 22:45:00+00:00,600.08,600.2,599.88,600.16,514971.0
2025-02-21 22:50:00+00:00,600.2,600.3,600.2,600.3,29677.0
2025-02-21 22:55:00+00:00,600.23,600.33,600.23,600.33,10411.0
2025-02-21 23:00:00+00:00,600.32,600.34,600.32,600.32,7858.0
2025-02-21 23:05:00+00:00,600.3,600.35,600.3,600.35,6576.0
2025-02-21 23:10:00+00:00,600.32,600.3385,600.3,600.3,1994.0
2025-02-21 23:15:00+00:00,600.3,600.35,600.3,600.35,1038.0
2025-02-21 23:20:00+00:00,600.3,600.35,600.3,600.35,3372.0
2025-02-21 23:25:00+00:00,600.34,600.34,600.32,600.32,635.0
2025-02-21 23:30:00+00:00,600.29,600.3,600.2,600.2,1768.0
2025-02-21 23:35:00+00:00,600.3,600.3,600.2,600.2,3724.0
2025-02-21 23:40:00+00:00,600.19,600.19,600.18,600.18,10170.0
2025-02-21 23:45:00+00:00,600.18,600.19,600.18,600.19,881.0
2025-02-21 23:50:00+00:00,600.12,600.25,600.12,600.25,1598.0
2025-02-21 23:55:00+00:00,600.16,600.16,600.05,600.11,9016.0
2025-02-22 00:00:00+00:00,600.1,600.1,600.1,600.1,1238.0
2025-02-22 00:05:00+00:00,600.1,600.38,600.05,600.15,3316.0
2025-02-22 00:10:00+00:00,600.1499,600.2,600.05,600.05,6951.0
2025-02-22 00:15:00+00:00,600.0986,600.2,600.0986,600.2,341.0
2025-02-22 00:20:00+00:00,600.19,600.21,600.19,600.21,996.0
2025-02-22 00:25:00+00:00,600.21,600.21,600.19,600.19,841.0
2025-02-22 00:30:00+00:00,600.17,600.19,600.1,600.1,2609.0
2025-02-22 00:35:00+00:00,600.1,600.2,600.05,600.2,2366.0
2025-02-22 00:40:00+00:00,600.2,600.2,600.11,600.12,2457.0
2025-02-22 00:45:00+00:00,600.14,600.14,600.14,600.14,272.0
2025-02-22 00:50:00+00:00,600.1799,600.1817,600.1799,600.18,1874.0
2025-02-22 00:55:00+00:00,600.23,600.2993,600.12,600.24,27933.0
2025-02-24 09:00:00+00:00,601.74,603.46,601.74,603.43,33249.0
2025-02-24 09:05:00+00:00,603.46,603.63,603.3,603.55,9648.0
2025-02-24 09:10:00+00:00,603.51,603.51,603.4,603.4,2841.0
2025-02-24 09:15:00+00:00,603.41,603.59,603.41,603.59,2237.0
2025-02-24 09:20:00+00:00,603.6,603.78,603.6,603.78,2343.0
2025-02-24 09:25:00+00:00,603.61,603.69,603.6,603.69,1186.0
2025-02-24 09:30:00+00:00,603.63,603.72,603.47,603.47,4316.0
2025-02-24 09:35:00+00:00,603.44,603.5,603.4,603.4,4347.0
2025-02-24 09:40:00+00:00,603.4,603.4,603.3,603.31,16204.0
2025-02-24 09:45:00+00:00,603.32,603.43,603.27,603.27,10498.0
2025-02-24 09:50:00+00:00,603.3,603.3,603.2,603.25,9148.0
2025-02-24 09:55:00+00:00,603.25,603.25,603.15,603.25,11414.0
2025-02-24 10:00:00+00:00,603.26,603.27,603.16,603.16,7351.0
2025-02-24 10:05:00+00:00,603.22,603.22,603.13,603.13,1491.0
2025-02-24 10:10:00+00:00,603.01,603.32,602.96,603.32,23177.0
2025-02-24 10:15:00+00:00,603.16,603.18,603.07,603.16,1293.0
2025-02-24 10:20:00+00:00,603.09,603.09,603.01,603.01,911.0
2025-02-24 10:25:00+00:00,603.01,603.01,603.01,603.01,222.0
2025-02-24 10:30:00+00:00,603.08,603.16,603.08,603.16,1591.0
2025-02-24 10:35:00+00:00,603.12,603.13,602.98,602.98,4038.0
2025-02-24 10:40:00+00:00,602.95,603.02,602.91,602.99,2426.0
2025-02-24 10:45:00+00:00,603.0,603.01,603.0,603.01,2615.0
2025-02-24 10:50:00+00:00,603.04,603.07,602.98,603.0,3927.0
2025-02-24 11:00:00+00:00,602.71,603.18,602.71,602.84,6218.0
2025-02-24 11:05:00+00:00,603.02,603.15,603.02,603.15,1326.0
2025-02-24 11:10:00+00:00,603.08,603.08,602.91,602.91,2624.0
2025-02-24 11:15:00+00:00,603.03,603.03,603.0,603.0,1246.0
2025-02-24 11:20:00+00:00,603.14,603.22,603.14,603.22,1953.0
2025-02-24 11:25:00+00:00,603.25,603.25,603.21,603.23,884.0
2025-02-24 11:30:00+00:00,603.23,603.25,603.23,603.25,774.0
2025-02-24 11:35:00+00:00,603.28,603.35,603.26,603.34,71662.0
2025-02-24 11:40:00+00:00,603.3,603.31,603.23,603.23,2027.0
2025-02-24 11:45:00+00:00,603.13,603.13,603.1,603.1,1206.0
2025-02-24 11:50:00+00:00,603.05,603.08,603.01,603.01,4253.0
2025-02-24 11:55:00+00:00,603.07,603.14,602.9,603.14,4311.0
2025-02-24 12:00:00+00:00,603.13,603.15,602.65,602.75,152092.0
2025-02-24 12:05:00+00:00,602.61,602.83,602.56,602.8,32074.0
2025-02-24 12:10:00+00:00,602.755,602.81,602.47,602.5,8282.0
2025-02-24 12:15:00+00:00,602.49,602.85,602.49,602.85,10743.0
2025-02-24 12:20:00+00:00,602.78,602.811,602.65,602.65,19039.0
2025-02-24 12:25:00+00:00,602.61,602.66,602.511,602.66,9363.0
2025-02-24 12:30:00+00:00,602.66,603.04,602.66,603.0,6325.0
2025-02-24 12:35:00+00:00,602.91,603.05,602.91,603.01,6543.0
2025-02-24 12:40:00+00:00,603.03,603.09,602.69,602.69,14368.0
2025-02-24 12:45:00+00:00,602.67,602.81,602.4,602.45,9695.0
2025-02-24 12:50:00+00:00,602.62,602.8,602.55,602.591,13370.0
2025-02-24 12:55:00+00:00,602.62,602.88,602.62,602.87,6951.0
2025-02-24 13:00:00+00:00,602.91,603.5996,601.5,603.0,123800.0
2025-02-24 13:05:00+00:00,603.04,603.16,603.0,603.0,48301.0
2025-02-24 13:10:00+00:00,603.09,603.18,603.05,603.05,6542.0
2025-02-24 13:15:00+00:00,603.1,603.15,603.09,603.11,15554.0
2025-02-24 13:20:00+00:00,603.06,603.15,602.99,603.13,21890.0
2025-02-24 13:25:00+00:00,603.1704,603.21,603.0899,603.09,12067.0
2025-02-24 13:30:00+00:00,603.07,603.13,602.82,602.85,61382.0
2025-02-24 13:35:00+00:00,602.8401,603.05,602.8401,603.05,22348.0
2025-02-24 13:40:00+00:00,603.06,603.16,603.01,603.14,15019.0
2025-02-24 13:45:00+00:00,603.1,603.2,603.06,603.06,8767.0
2025-02-24 13:50:00+00:00,603.02,603.09,603.0,603.07,14746.0
2025-02-24 13:55:00+00:00,603.07,603.23,603.061,603.2091,18919.0
2025-02-24 14:00:00+00:00,603.2,603.27,602.87,602.89,42973.0
2025-02-24 14:05:00+00:00,602.8,602.85,602.5,602.59,44551.0
2025-02-24 14:10:00+00:00,602.54,602.87,602.52,602.64,33720.0
2025-02-24 14:15:00+00:00,602.67,602.77,602.5,602.5,24630.0
2025-02-24 14:20:00+00:00,602.53,602.53,602.24,602.31,25664.0
2025-02-24 14:25:00+00:00,602.29,602.51,601.89,602.0,104159.0
2025-02-24 14:30:00+00:00,602.02,603.03,601.77,602.145,1371677.0
2025-02-24 14:35:00+00:00,602.13,602.2,601.075,601.27,777500.0
2025-02-24 14:40:00+00:00,601.26,601.6,600.65,601.06,683755.0
2025-02-24 14:45:00+00:00,601.08,601.32,600.36,600.595,539023.0
2025-02-24 14:50:00+00:00,600.58,600.62,599.35,599.59,851363.0
2025-02-24 14:55:00+00:00,599.56,599.57,598.6313,598.76,900935.0
2025-02-24 15:00:00+00:00,598.76,599.17,597.09,597.37,1431325.0
2025-02-24 15:05:00+00:00,597.37,598.26,596.49,597.9,1533492.0
2025-02-24 15:10:00+00:00,597.92,599.12,597.84,598.99,833114.0
2025-02-24 15:15:00+00:00,598.95,599.445,598.11,598.32,816408.0
2025-02-24 15:20:00+00:00,598.31,599.22,598.3,599.1,568970.0
2025-02-24 15:25:00+00:00,599.08,599.14,597.81,597.95,583769.0
2025-02-24 15:30:00+00:00,597.93,598.45,597.67,597.85,442543.0
2025-02-24 15:35:00+00:00,597.86,598.23,597.46,597.98,519304.0
2025-02-24 15:40:00+00:00,597.955,598.3,597.53,597.64,440120.0
2025-02-24 15:45:00+00:00,597.67,598.012,597.28,597.99,376563.0
2025-02-24 15:50:00+00:00,597.97,598.25,597.1101,597.26,478252.0
2025-02-24 15:55:00+00:00,597.28,597.87,596.75,597.7,443918.0
2025-02-24 16:00:00+00:00,597.72,598.13,597.47,598.03,348191.0
2025-02-24 16:05:00+00:00,598.02,598.65,597.99,598.13,432487.0
2025-02-24 16:10:00+00:00,598.12,598.52,597.982,598.45,306974.0
2025-02-24 16:15:00+00:00,598.48,598.95,598.39,598.92,375735.0
2025-02-24 16:20:00+00:00,598.945,599.29,598.81,599.24,358897.0
2025-02-24 16:25:00+00:00,599.25,600.38,599.17,600.0962,827518.0
2025-02-24 16:30:00+00:00,600.13,600.59,600.13,600.215,399231.0
2025-02-24 16:35:00+00:00,600.2,600.47,599.4019,599.475,382103.0
2025-02-24 16:40:00+00:00,599.4698,600.8,599.4536,600.3,356108.0
2025-02-24 16:45:00+00:00,600.33,600.78,600.26,600.48,283045.0
2025-02-24 16:50:00+00:00,600.5,600.65,600.1228,600.435,213240.0
2025-02-24 16:55:00+00:00,600.44,600.45,599.83,599.97,284135.0
2025-02-24 17:00:00+00:00,599.98,600.7,599.8201,600.66,274922.0
2025-02-24 17:05:00+00:00,600.65,600.85,600.01,600.43,222096.0
2025-02-24 17:10:00+00:00,600.44,600.83,600.21,600.4,221600.0
2025-02-24 17:15:00+00:00,600.44,601.43,600.44,601.31,321675.0
2025-02-24 17:20:00+00:00,601.32,601.58,601.16,601.3,272336.0
2025-02-24 17:25:00+00:00,601.3,601.53,600.97,601.04,252374.0
2025-02-24 17:30:00+00:00,601.08,601.08,600.6243,600.85,167161.0
2025-02-24 17:35:00+00:00,600.81,601.39,600.7,601.3101,197891.0
2025-02-24 17:40:00+00:00,601.3233,601.6,601.27,601.53,231089.0
2025-02-24 17:45:00+00:00,601.55,601.85,601.25,601.5,172917.0
2025-02-24 17:50:00+00:00,601.49,601.49,600.84,600.96,144151.0
2025-02-24 17:55:00+00:00,600.93,601.38,600.55,600.635,364417.0
2025-02-24 18:00:00+00:00,600.644,600.83,600.53,600.76,145842.0
2025-02-24 18:05:00+00:00,600.77,601.08,600.59,601.0799,323188.0
2025-02-24 18:10:00+00:00,601.05,601.19,600.68,600.952,105170.0
2025-02-24 18:15:00+00:00,600.96,601.71,600.915,601.54,210918.0
2025-02-24 18:20:00+00:00,601.5,601.55,601.08,601.33,248630.0
2025-02-24 18:25:00+00:00,601.34,601.68,601.34,601.41,149987.0
2025-02-24 18:30:00+00:00,601.39,601.48,601.07,601.35,159136.0
2025-02-24 18:35:00+00:00,601.29,601.498,601.095,601.33,134279.0
2025-02-24 18:40:00+00:00,601.32,601.6133,601.2432,601.42,102878.0
2025-02-24 18:45:00+00:00,601.45,601.59,600.88,601.017,140126.0
2025-02-24 18:50:00+00:00,601.0,601.12,600.68,601.0577,201098.0
2025-02-24 18:55:00+00:00,601.05,601.13,600.36,600.64,298205.0
2025-02-24 19:00:00+00:00,600.62,601.37,600.575,601.33,420805.0
2025-02-24 19:05:00+00:00,601.32,601.43,600.66,600.855,219199.0
2025-02-24 19:10:00+00:00,600.86,600.86,600.38,600.66,255161.0
2025-02-24 19:15:00+00:00,600.66,600.77,600.03,600.14,237313.0
2025-02-24 19:20:00+00:00,600.13,600.342,599.84,600.235,381807.0
2025-02-24 19:25:00+00:00,600.22,600.41,599.99,600.07,245623.0
2025-02-24 19:30:00+00:00,600.06,600.66,599.99,600.5799,387819.0
2025-02-24 19:35:00+00:00,600.56,600.56,600.18,600.305,287351.0
2025-02-24 19:40:00+00:00,600.3,600.375,599.82,599.96,269058.0
2025-02-24 19:45:00+00:00,600.02,600.06,599.72,599.95,353221.0
2025-02-24 19:50:00+00:00,599.94,600.2,599.75,599.78,287764.0
2025-02-24 19:55:00+00:00,599.8,599.81,599.39,599.78,302126.0
2025-02-24 20:00:00+00:00,599.81,599.86,599.05,599.43,502037.0
2025-02-24 20:05:00+00:00,599.4499,599.87,599.3,599.695,285560.0
2025-02-24 20:10:00+00:00,599.705,599.705,599.45,599.655,343503.0
2025-02-24 20:15:00+00:00,599.655,600.03,598.9,599.68,936240.0
2025-02-24 20:20:00+00:00,599.66,600.02,599.26,599.26,815849.0
2025-02-24 20:25:00+00:00,599.27,599.55,599.05,599.1,455378.0
2025-02-24 20:30:00+00:00,599.11,599.72,599.095,599.545,568132.0
2025-02-24 20:35:00+00:00,599.53,599.72,599.17,599.19,917556.0
2025-02-24 20:40:00+00:00,599.18,599.22,598.63,598.84,981866.0
2025-02-24 20:45:00+00:00,598.84,599.34,598.6203,599.17,756770.0
2025-02-24 20:50:00+00:00,599.19,599.31,597.3,597.47,2097682.0
2025-02-24 20:55:00+00:00,597.46,597.68,596.64,597.2,5149354.0
2025-02-24 21:00:00+00:00,597.21,597.35,596.93,597.16,1152293.0
2025-02-24 21:05:00+00:00,597.13,597.45,596.959,597.45,783003.0
2025-02-24 21:10:00+00:00,597.47,597.98,597.47,597.76,3863324.0
2025-02-24 21:15:00+00:00,597.8,597.83,597.47,597.6,132612.0
2025-02-24 21:20:00+00:00,597.5996,597.75,597.55,597.57,44299.0
2025-02-24 21:25:00+00:00,597.61,597.7,597.58,597.64,11372.0
2025-02-24 21:30:00+00:00,597.6,597.75,597.6,597.71,11872.0
2025-02-24 21:35:00+00:00,597.62,597.62,597.45,597.45,38201.0
2025-02-24 21:40:00+00:00,597.48,597.5,597.32,597.38,64876.0
2025-02-24 21:45:00+00:00,597.43,597.56,597.43,597.54,31835.0
2025-02-24 21:50:00+00:00,597.56,597.6,597.48,597.5,7369.0
2025-02-24 21:55:00+00:00,597.5,597.65,597.5,597.63,27747.0
2025-02-24 22:00:00+00:00,597.6,597.64,597.59,597.6,1801.0
2025-02-24 22:05:00+00:00,597.5203,597.57,597.4,597.5199,7352.0
2025-02-24 22:10:00+00:00,597.46,597.5,597.4,597.45,9411.0
2025-02-24 22:15:00+00:00,597.49,597.4999,597.44,597.45,6103.0
2025-02-24 22:20:00+00:00,597.5,597.5,597.44,597.44,3676.0
2025-02-24 22:25:00+00:00,597.46,597.49,597.44,597.44,6735.0
2025-02-24 22:30:00+00:00,597.4599,597.53,597.44,597.51,5855.0
2025-02-24 22:35:00+00:00,597.5,597.5,597.4415,597.4415,899.0
2025-02-24 22:40:00+00:00,597.4415,597.52,597.4415,597.52,2156.0
2025-02-24 22:45:00+00:00,597.4945,597.5,597.491,597.491,680.0
2025-02-24 22:50:00+00:00,597.51,597.52,597.5002,597.51,1141.0
2025-02-24 22:55:00+00:00,597.53,597.53,597.48,597.52,4919.0
2025-02-24 23:00:00+00:00,597.57,597.9,597.51,597.54,27828.0
2025-02-24 23:05:00+00:00,597.59,597.69,597.48,597.6,4159.0
2025-02-24 23:10:00+00:00,597.59,597.69,597.59,597.62,4106.0
2025-02-24 23:15:00+00:00,597.5,597.62,597.5,597.62,1525.0
2025-02-24 23:20:00+00:00,597.7399,597.7399,597.69,597.7,2323.0
2025-02-24 23:25:00+00:00,597.7293,597.82,597.689,597.82,3971.0
2025-02-24 23:30:00+00:00,597.85,597.85,597.2,597.23,19229.0
2025-02-24 23:35:00+00:00,597.31,597.4401,597.25,597.25,4621.0
2025-02-24 23:40:00+00:00,597.31,597.4,597.31,597.4,2913.0
2025-02-24 23:45:00+00:00,597.4,597.42,597.08,597.08,15316.0
2025-02-24 23:50:00+00:00,597.08,597.08,596.67,596.67,14226.0
2025-02-24 23:55:00+00:00,596.65,597.0,596.64,597.0,14031.0
2025-02-25 00:00:00+00:00,597.1,597.5,597.09,597.5,3555.0
2025-02-25 00:05:00+00:00,597.39,597.6,597.34,597.6,9607.0
2025-02-25 00:10:00+00:00,597.5,597.71,597.48,597.59,6349.0
2025-02-25 00:15:00+00:00,597.58,597.65,597.5,597.51,2840.0
2025-02-25 00:20:00+00:00,597.58,597.61,597.58,597.61,2722.0
2025-02-25 00:25:00+00:00,597.6798,598.13,597.6798,597.98,6800.0
2025-02-25 00:30:00+00:00,598.03,598.03,597.9781,597.98,2876.0
2025-02-25 00:35:00+00:00,598.0,598.05,598.0,598.05,723.0
2025-02-25 00:40:00+00:00,598.08,598.21,598.08,598.11,2530.0
2025-02-25 00:45:00+00:00,598.0696,598.0895,598.02,598.02,4035.0
2025-02-25 00:50:00+00:00,598.04,598.1387,598.04,598.08,17770.0
2025-02-25 00:55:00+00:00,598.04,598.05,597.9,598.03,23625.0
2025-02-25 09:00:00+00:00,595.95,596.5,595.61,596.49,7122.0
2025-02-25 09:05:00+00:00,596.5,596.84,596.5,596.8,13563.0
2025-02-25 09:10:00+00:00,596.8,597.04,596.7,597.01,8677.0
2025-02-25 09:15:00+00:00,596.94,596.94,596.9,596.9,795.0
2025-02-25 09:20:00+00:00,596.91,596.91,596.81,596.87,865.0
2025-02-25 09:25:00+00:00,596.8,596.8,596.6,596.6,1407.0
2025-02-25 09:30:00+00:00,596.46,596.75,596.46,596.75,1984.0
2025-02-25 09:35:00+00:00,596.74,596.74,596.51,596.51,751.0
2025-02-25 09:40:00+00:00,596.5,596.5,596.0,596.0,1719.0
2025-02-25 09:45:00+00:00,595.91,595.92,595.59,595.7,1802.0
2025-02-25 09:50:00+00:00,595.6,595.71,595.47,595.48,14696.0
2025-02-25 09:55:00+00:00,595.44,595.44,595.4,595.4,2521.0
2025-02-25 10:00:00+00:00,595.19,595.19,595.19,595.19,233.0
2025-02-25 10:05:00+00:00,595.79,595.86,595.79,595.86,750.0
2025-02-25 10:10:00+00:00,595.83,595.87,595.83,595.87,898.0
2025-02-25 10:15:00+00:00,595.86,595.98,595.86,595.98,2077.0
2025-02-25 10:20:00+00:00,596.01,596.07,595.99,595.99,3855.0
2025-02-25 10:25:00+00:00,595.95,596.0,595.95,596.0,1917.0
2025-02-25 10:30:00+00:00,596.0,596.0,596.0,596.0,694.0
2025-02-25 10:40:00+00:00,595.96,595.96,595.74,595.74,1273.0
2025-02-25 10:50:00+00:00,595.33,595.33,595.25,595.3,4575.0
2025-02-25 10:55:00+00:00,595.43,595.43,595.02,595.12,2674.0
2025-02-25 11:00:00+00:00,595.34,595.53,595.0,595.5,14897.0
2025-02-25 11:05:00+00:00,595.4,595.4,595.32,595.38,1940.0
2025-02-25 11:10:00+00:00,595.41,595.6,595.41,595.56,6889.0
2025-02-25 11:15:00+00:00,595.69,595.82,595.6,595.6,2053.0
2025-02-25 11:20:00+00:00,595.55,595.57,595.52,595.52,729.0
2025-02-25 11:25:00+00:00,595.58,595.69,595.45,595.67,4929.0
2025-02-25 11:30:00+00:00,595.72,595.91,595.72,595.91,1552.0
2025-02-25 11:35:00+00:00,595.94,596.15,595.93,596.01,2476.0
2025-02-25 11:40:00+00:00,596.01,597.01,596.01,597.0,10797.0
2025-02-25 11:45:00+00:00,596.88,596.89,596.58,596.67,7696.0
2025-02-25 11:50:00+00:00,596.59,596.63,596.55,596.63,2881.0
2025-02-25 11:55:00+00:00,596.7,596.83,596.7,596.73,3398.0
2025-02-25 12:00:00+00:00,596.79,596.88,596.65,596.88,9382.0
2025-02-25 12:05:00+00:00,596.89,597.2,596.89,596.96,13237.0
2025-02-25 12:10:00+00:00,596.95,596.97,596.78,596.92,6662.0
2025-02-25 12:15:00+00:00,596.88,597.115,596.74,597.07,15119.0
2025-02-25 12:20:00+00:00,597.01,597.05,596.8,597.05,11245.0
2025-02-25 12:25:00+00:00,597.05,597.43,597.05,597.34,14528.0
2025-02-25 12:30:00+00:00,597.29,597.29,596.92,597.04,7469.0
2025-02-25 12:35:00+00:00,596.96,597.2,596.9,597.1,13591.0
2025-02-25 12:40:00+00:00,596.99,597.07,596.85,596.96,11195.0
2025-02-25 12:45:00+00:00,596.83,596.88,596.6,596.88,8184.0
2025-02-25 12:50:00+00:00,596.9,597.24,596.9,597.24,12798.0
2025-02-25 12:55:00+00:00,597.35,597.88,597.34,597.79,22268.0
2025-02-25 13:00:00+00:00,596.75,598.22,595.41,597.78,57547.0
2025-02-25 13:05:00+00:00,597.78,597.78,597.64,597.75,13682.0
2025-02-25 13:10:00+00:00,597.75,597.78,597.56,597.63,13452.0
2025-02-25 13:15:00+00:00,597.57,597.6,597.42,597.6,9620.0
2025-02-25 13:20:00+00:00,597.58,597.95,597.58,597.71,79751.0
2025-02-25 13:25:00+00:00,597.7,598.07,597.59,598.06,34061.0
2025-02-25 13:30:00+00:00,598.08,598.2,597.9101,597.9101,25075.0
2025-02-25 13:35:00+00:00,597.93,597.93,597.54,597.74,50560.0
2025-02-25 13:40:00+00:00,597.68,597.77,597.44,597.44,14160.0
2025-02-25 13:45:00+00:00,597.5,597.6083,597.35,597.38,13848.0
2025-02-25 13:50:00+00:00,597.38,597.57,597.21,597.55,17463.0
2025-02-25 13:55:00+00:00,597.54,597.67,597.25,597.4,18127.0
2025-02-25 14:00:00+00:00,597.4,597.5,597.16,597.22,13300.0
2025-02-25 14:05:00+00:00,597.29,597.3,597.07,597.15,20172.0
2025-02-25 14:10:00+00:00,597.13,597.401,597.1004,597.2713,19408.0
2025-02-25 14:15:00+00:00,597.25,597.33,597.19,597.2,8003.0
2025-02-25 14:20:00+00:00,597.1199,597.21,596.9092,596.91,27981.0
2025-02-25 14:25:00+00:00,596.86,597.3104,596.3,597.19,141015.0
2025-02-25 14:30:00+00:00,597.15,597.87,596.4899,597.505,1203041.0
2025-02-25 14:35:00+00:00,597.47,597.89,596.82,597.72,1003389.0
2025-02-25 14:40:00+00:00,597.71,597.72,596.39,596.4,513211.0
2025-02-25 14:45:00+00:00,596.4,596.87,595.76,596.0,896229.0
2025-02-25 14:50:00+00:00,596.01,596.105,594.25,594.48,1110796.0
2025-02-25 14:55:00+00:00,594.495,595.88,594.495,595.23,976626.0
2025-02-25 15:00:00+00:00,595.25,595.28,593.47,593.64,1244272.0
2025-02-25 15:05:00+00:00,593.64,594.19,593.16,593.76,1038466.0
2025-02-25 15:10:00+00:00,593.79,594.21,592.495,592.62,972149.0
2025-02-25 15:15:00+00:00,592.6,593.19,591.6,591.6001,1175927.0
2025-02-25 15:20:00+00:00,591.6,592.2125,591.02,591.23,1960612.0
2025-02-25 15:25:00+00:00,591.23,591.84,590.67,590.85,907345.0
2025-02-25 15:30:00+00:00,590.86,591.26,590.5033,591.21,1162545.0
2025-02-25 15:35:00+00:00,591.21,592.38,591.1329,592.3,1508069.0
2025-02-25 15:40:00+00:00,592.25,592.78,591.51,592.26,845677.0
2025-02-25 15:45:00+00:00,592.19,592.56,591.54,592.39,654276.0
2025-02-25 15:50:00+00:00,592.3899,593.33,592.2,593.19,595135.0
2025-02-25 15:55:00+00:00,593.13,593.44,592.23,592.33,486048.0
2025-02-25 16:00:00+00:00,592.34,592.42,590.97,591.465,703677.0
2025-02-25 16:05:00+00:00,591.4792,592.14,591.09,591.71,664364.0
2025-02-25 16:10:00+00:00,591.73,592.34,591.64,591.93,439303.0
2025-02-25 16:15:00+00:00,591.93,592.21,591.5,591.7,466849.0
2025-02-25 16:20:00+00:00,591.73,592.01,591.27,591.74,401375.0
2025-02-25 16:25:00+00:00,591.78,591.92,590.73,590.87,423651.0
2025-02-25 16:30:00+00:00,590.85,591.22,589.56,590.63,1061279.0
2025-02-25 16:35:00+00:00,590.58,591.34,590.15,591.18,696893.0
2025-02-25 16:40:00+00:00,591.17,591.23,590.63,591.09,311995.0
2025-02-25 16:45:00+00:00,591.095,592.21,590.94,592.17,518109.0
2025-02-25 16:50:00+00:00,592.14,592.61,592.1,592.49,426712.0
2025-02-25 16:55:00+00:00,592.415,593.8084,592.17,593.2,631004.0
2025-02-25 17:00:00+00:00,593.13,593.36,592.71,592.775,354151.0
2025-02-25 17:05:00+00:00,592.79,592.9499,592.53,592.705,274763.0
2025-02-25 17:10:00+00:00,592.72,593.2,592.62,592.7562,294280.0
2025-02-25 17:15:00+00:00,592.7,593.02,592.57,592.78,265141.0
2025-02-25 17:20:00+00:00,592.72,592.95,592.12,592.83,352778.0
2025-02-25 17:25:00+00:00,592.84,593.69,592.69,593.68,337820.0
2025-02-25 17:30:00+00:00,593.67,593.98,593.46,593.79,608661.0
2025-02-25 17:35:00+00:00,593.77,594.44,593.635,594.06,498946.0
2025-02-25 17:40:00+00:00,594.1,594.51,594.0403,594.1225,314316.0
2025-02-25 17:45:00+00:00,594.14,594.27,593.86,594.1,248559.0
2025-02-25 17:50:00+00:00,594.1,594.55,594.07,594.38,204565.0
2025-02-25 17:55:00+00:00,594.39,594.8,594.3418,594.79,410450.0
2025-02-25 18:00:00+00:00,594.78,595.57,594.78,595.495,747228.0
2025-02-25 18:05:00+00:00,595.45,596.18,595.385,595.7,502370.0
2025-02-25 18:10:00+00:00,595.74,595.889,594.895,594.96,594136.0
2025-02-25 18:15:00+00:00,594.95,595.21,594.59,594.6,256891.0
2025-02-25 18:20:00+00:00,594.64,595.17,594.56,594.99,233640.0
2025-02-25 18:25:00+00:00,594.99,595.015,593.64,593.7,338076.0
2025-02-25 18:30:00+00:00,593.705,594.28,593.61,594.09,595513.0
2025-02-25 18:35:00+00:00,594.13,595.66,594.03,595.58,320779.0
2025-02-25 18:40:00+00:00,595.57,595.87,595.36,595.6,418565.0
2025-02-25 18:45:00+00:00,595.59,595.83,595.4184,595.56,331271.0
2025-02-25 18:50:00+00:00,595.62,595.66,594.805,595.05,356395.0
2025-02-25 18:55:00+00:00,595.05,595.17,594.61,594.71,249460.0
2025-02-25 19:00:00+00:00,594.65,594.88,594.38,594.58,270103.0
2025-02-25 19:05:00+00:00,594.54,594.63,594.33,594.6,287730.0
2025-02-25 19:10:00+00:00,594.52,594.52,593.54,593.57,317883.0
2025-02-25 19:15:00+00:00,593.55,593.89,593.01,593.79,620983.0
2025-02-25 19:20:00+00:00,593.73,593.73,593.14,593.26,299797.0
2025-02-25 19:25:00+00:00,593.29,593.4618,593.02,593.07,209957.0
2025-02-25 19:30:00+00:00,593.04,593.99,593.02,593.945,299071.0
2025-02-25 19:35:00+00:00,593.945,595.13,593.3612,595.08,524324.0
2025-02-25 19:40:00+00:00,595.07,595.58,594.97,595.31,1058519.0
2025-02-25 19:45:00+00:00,595.3298,595.41,594.38,595.22,396708.0
2025-02-25 19:50:00+00:00,595.23,595.46,595.07,595.2785,212242.0
2025-02-25 19:55:00+00:00,595.2,595.46,595.09,595.24,424994.0
2025-02-25 20:00:00+00:00,595.23,595.73,594.86,595.4,983707.0
2025-02-25 20:05:00+00:00,595.44,595.85,595.2,595.23,484835.0
2025-02-25 20:10:00+00:00,595.27,595.36,594.74,595.19,556298.0
2025-02-25 20:15:00+00:00,595.18,595.74,594.955,595.6599,532283.0
2025-02-25 20:20:00+00:00,595.66,596.64,595.53,596.57,456636.0
2025-02-25 20:25:00+00:00,596.585,596.62,595.64,595.89,480824.0
2025-02-25 20:30:00+00:00,595.9,596.02,595.15,595.54,427940.0
2025-02-25 20:35:00+00:00,595.52,595.735,594.19,594.27,734123.0
2025-02-25 20:40:00+00:00,594.29,594.58,593.87,594.15,718951.0
2025-02-25 20:45:00+00:00,594.12,594.73,593.98,594.61,889651.0
2025-02-25 20:50:00+00:00,594.6,594.87,593.57,593.71,1246734.0
2025-02-25 20:55:00+00:00,593.71,594.83,593.65,594.21,3176797.0
2025-02-25 21:00:00+00:00,594.22,594.96,594.08,594.92,1259048.0
2025-02-25 21:05:00+00:00,594.95,595.36,594.24,595.27,638786.0
2025-02-25 21:10:00+00:00,595.27,595.27,594.86,594.86,1125459.0
2025-02-25 21:15:00+00:00,594.86,595.11,594.86,595.08,78430.0
2025-02-25 21:20:00+00:00,595.15,595.17,594.98,595.14,101571.0
2025-02-25 21:25:00+00:00,595.17,595.38,595.1316,595.26,35980.0
2025-02-25 21:30:00+00:00,595.24,595.24,595.06,595.1,39618.0
2025-02-25 21:35:00+00:00,595.06,595.15,594.98,594.98,26784.0
2025-02-25 21:40:00+00:00,595.01,595.11,594.92,595.11,471717.0
2025-02-25 21:45:00+00:00,595.2,595.33,595.04,595.04,28100.0
2025-02-25 21:50:00+00:00,595.01,595.16,595.01,595.04,27034.0
2025-02-25 21:55:00+00:00,594.98,595.03,594.76,595.03,10632.0
2025-02-25 22:00:00+00:00,594.93,595.09,594.89,594.9,8366.0
2025-02-25 22:05:00+00:00,594.91,595.06,594.9,595.06,5737.0
2025-02-25 22:10:00+00:00,595.06,595.07,594.95,594.96,24426.0
2025-02-25 22:15:00+00:00,594.96,595.06,594.87,595.06,22157.0
2025-02-25 22:20:00+00:00,595.05,595.13,595.03,595.11,14253.0
2025-02-25 22:25:00+00:00,595.04,595.07,595.04,595.07,14449.0
2025-02-25 22:30:00+00:00,595.0895,595.09,595.07,595.08,13895.0
2025-02-25 22:35:00+00:00,595.01,595.1075,595.01,595.02,2522.0
2025-02-25 22:40:00+00:00,595.08,595.11,594.96,595.0201,9455.0
2025-02-25 22:45:00+00:00,595.06,595.08,595.06,595.08,9208.0
2025-02-25 22:50:00+00:00,595.08,595.19,595.02,595.19,22548.0
2025-02-25 22:55:00+00:00,595.19,595.31,595.149,595.26,13954.0
2025-02-25 23:00:00+00:00,595.39,595.89,595.39,595.7,48720.0
2025-02-25 23:05:00+00:00,595.72,595.72,595.48,595.53,14859.0
2025-02-25 23:10:00+00:00,595.64,595.64,595.45,595.47,4740.0
2025-02-25 23:15:00+00:00,595.48,595.59,595.48,595.59,5588.0
2025-02-25 23:20:00+00:00,595.57,595.61,595.48,595.5,7309.0
2025-02-25 23:25:00+00:00,595.48,595.48,595.43,595.43,939.0
2025-02-25 23:30:00+00:00,595.44,595.61,595.43,595.61,8991.0
2025-02-25 23:35:00+00:00,595.69,595.69,595.6,595.6,2858.0
2025-02-25 23:40:00+00:00,595.57,595.65,595.52,595.52,2561.0
2025-02-25 23:45:00+00:00,595.44,595.51,595.3,595.43,6967.0
2025-02-25 23:50:00+00:00,595.56,595.56,595.47,595.47,1607.0
2025-02-25 23:55:00+00:00,595.53,595.66,595.51,595.63,4452.0
2025-02-26 00:00:00+00:00,595.63,595.86,595.6,595.86,6694.0
2025-02-26 00:05:00+00:00,595.8,595.8,595.62,595.6419,2735.0
2025-02-26 00:10:00+00:00,595.52,595.52,595.41,595.45,1217.0
2025-02-26 00:15:00+00:00,595.44,595.62,595.44,595.53,2745.0
2025-02-26 00:20:00+00:00,595.6,595.85,595.58,595.85,3624.0
2025-02-26 00:25:00+00:00,595.72,595.77,595.66,595.73,3454.0
2025-02-26 00:30:00+00:00,595.86,595.9,595.86,595.9,1296.0
2025-02-26 00:35:00+00:00,595.7425,595.81,595.62,595.62,2227.0
2025-02-26 00:40:00+00:00,595.61,595.719,595.61,595.719,4780.0
2025-02-26 00:45:00+00:00,595.61,595.71,595.61,595.71,632.0
2025-02-26 00:50:00+00:00,595.83,595.88,595.83,595.88,941.0
2025-02-26 00:55:00+00:00,595.87,595.97,595.82,595.97,7207.0
2025-02-26 01:00:00+00:00,595.99,596.0,595.99,596.0,428.0
2025-02-26 09:00:00+00:00,596.77,596.9,596.75,596.9,5101.0
2025-02-26 09:05:00+00:00,596.92,596.93,596.8,596.9,2349.0
2025-02-26 09:10:00+00:00,596.83,597.0,596.83,596.99,5296.0
2025-02-26 09:15:00+00:00,597.05,597.33,597.05,597.33,6884.0
2025-02-26 09:20:00+00:00,597.41,597.45,597.24,597.36,26793.0
2025-02-26 09:25:00+00:00,597.2,597.25,597.2,597.21,1685.0
2025-02-26 09:30:00+00:00,597.25,597.25,597.1,597.2,2907.0
2025-02-26 09:35:00+00:00,597.12,597.18,597.11,597.11,1983.0
2025-02-26 09:40:00+00:00,597.0,597.04,596.97,597.04,1338.0
2025-02-26 09:45:00+00:00,597.03,597.09,597.03,597.09,2193.0
2025-02-26 09:50:00+00:00,597.09,597.15,597.05,597.05,2721.0
2025-02-26 09:55:00+00:00,597.11,597.11,597.05,597.05,1808.0
2025-02-26 10:05:00+00:00,597.35,597.36,597.34,597.34,1303.0
2025-02-26 10:15:00+00:00,596.92,597.05,596.92,597.05,1041.0
2025-02-26 10:20:00+00:00,596.98,596.99,596.98,596.99,1373.0
2025-02-26 10:25:00+00:00,597.03,597.03,597.03,597.03,449.0
2025-02-26 10:30:00+00:00,597.09,597.09,597.02,597.02,1454.0
2025-02-26 10:35:00+00:00,597.05,597.05,597.03,597.03,1533.0
2025-02-26 10:40:00+00:00,597.07,597.18,597.07,597.18,712.0
2025-02-26 10:45:00+00:00,597.21,597.29,597.21,597.29,450.0
2025-02-26 10:50:00+00:00,597.35,597.35,597.24,597.24,496.0
2025-02-26 10:55:00+00:00,597.26,597.26,597.26,597.26,246.0
2025-02-26 11:00:00+00:00,597.07,597.43,597.07,597.43,14906.0
2025-02-26 11:05:00+00:00,597.35,597.35,597.35,597.35,312.0
2025-02-26 11:10:00+00:00,597.37,597.46,597.37,597.46,965.0
2025-02-26 11:15:00+00:00,597.45,597.47,597.45,597.47,945.0
2025-02-26 11:20:00+00:00,597.38,597.38,597.27,597.27,3617.0
2025-02-26 11:25:00+00:00,597.32,597.33,597.16,597.16,1132.0
2025-02-26 11:30:00+00:00,597.31,597.39,597.31,597.39,4768.0
2025-02-26 11:35:00+00:00,597.38,597.45,597.38,597.45,599.0
2025-02-26 11:45:00+00:00,597.4,597.44,597.38,597.38,1102.0
2025-02-26 11:50:00+00:00,597.2,597.22,596.9,596.9,14545.0
2025-02-26 11:55:00+00:00,596.85,596.85,596.56,596.84,38365.0
2025-02-26 12:00:00+00:00,596.79,596.85,596.56,596.79,102733.0
2025-02-26 12:05:00+00:00,596.78,597.1,596.78,597.0,5894.0
2025-02-26 12:10:00+00:00,597.05,597.05,596.8,597.01,10552.0
2025-02-26 12:15:00+00:00,597.1,597.1,596.97,597.05,5900.0
2025-02-26 12:20:00+00:00,597.01,597.139,596.99,597.12,16336.0
2025-02-26 12:25:00+00:00,597.0,597.1,596.95,596.95,47462.0
2025-02-26 12:30:00+00:00,596.95,597.15,596.91,597.13,31689.0
2025-02-26 12:35:00+00:00,597.12,597.19,597.07,597.15,39727.0
2025-02-26 12:40:00+00:00,597.18,597.18,596.98,597.1,12080.0
2025-02-26 12:45:00+00:00,597.08,597.11,596.82,596.82,23930.0
2025-02-26 12:50:00+00:00,596.65,596.75,596.29,596.58,69974.0
2025-02-26 12:55:00+00:00,596.59,596.88,596.57,596.88,6446.0
2025-02-26 13:00:00+00:00,596.71,597.33,596.33,596.63,56471.0
2025-02-26 13:05:00+00:00,596.6,596.8,596.6,596.63,15520.0
2025-02-26 13:10:00+00:00,596.64,597.06,596.64,597.06,4018.0
2025-02-26 13:15:00+00:00,597.0412,597.0412,596.93,596.98,4111.0
2025-02-26 13:20:00+00:00,597.08,597.35,597.0,597.29,18402.0
2025-02-26 13:25:00+00:00,597.32,597.47,597.24,597.44,20914.0
2025-02-26 13:30:00+00:00,597.48,597.6,597.4085,597.54,37781.0
2025-02-26 13:35:00+00:00,597.47,597.47,597.26,597.3101,28758.0
2025-02-26 13:40:00+00:00,597.35,597.39,596.98,597.0,13256.0
2025-02-26 13:45:00+00:00,597.09,597.0998,596.57,596.67,35387.0
2025-02-26 13:50:00+00:00,596.65,596.65,596.34,596.53,16982.0
2025-02-26 13:55:00+00:00,596.52,596.52,596.15,596.46,56102.0
2025-02-26 14:00:00+00:00,596.51,596.79,596.31,596.68,22751.0
2025-02-26 14:05:00+00:00,596.67,596.9,596.63,596.71,18274.0
2025-02-26 14:10:00+00:00,596.75,596.75,596.25,596.29,39295.0
2025-02-26 14:15:00+00:00,596.3,596.49,595.81,596.32,41570.0
2025-02-26 14:20:00+00:00,596.36,596.52,595.95,595.95,26783.0
2025-02-26 14:25:00+00:00,595.99,596.2,595.73,595.91,77835.0
2025-02-26 14:30:00+00:00,595.93,596.12,595.1,595.245,1603440.0
2025-02-26 14:35:00+00:00,595.25,596.5,595.1,596.4199,775967.0
2025-02-26 14:40:00+00:00,596.41,596.4497,595.27,595.92,571118.0
2025-02-26 14:45:00+00:00,595.93,597.2,595.66,597.19,684945.0
2025-02-26 14:50:00+00:00,597.21,597.8,597.05,597.77,629988.0
2025-02-26 14:55:00+00:00,597.76,597.77,596.92,597.71,430160.0
2025-02-26 15:00:00+00:00,597.71,598.0298,597.39,597.82,617018.0
2025-02-26 15:05:00+00:00,597.81,598.08,597.2411,598.02,489932.0
2025-02-26 15:10:00+00:00,598.03,598.729,597.85,598.62,441308.0
2025-02-26 15:15:00+00:00,598.6,599.21,598.25,599.1301,492101.0
2025-02-26 15:20:00+00:00,599.14,599.28,598.4,598.65,576676.0
2025-02-26 15:25:00+00:00,598.63,598.85,597.68,597.94,468614.0
2025-02-26 15:30:00+00:00,597.975,598.72,597.95,598.31,421186.0
2025-02-26 15:35:00+00:00,598.3,598.94,597.97,598.265,381578.0
2025-02-26 15:40:00+00:00,598.22,599.04,598.17,598.71,229276.0
2025-02-26 15:45:00+00:00,598.73,598.95,598.52,598.8,236709.0
2025-02-26 15:50:00+00:00,598.8,599.21,598.3,598.81,287007.0
2025-02-26 15:55:00+00:00,598.81,598.98,598.55,598.85,165664.0
2025-02-26 16:00:00+00:00,598.87,599.4399,598.87,598.99,328877.0
2025-02-26 16:05:00+00:00,599.01,599.52,598.93,599.39,395284.0
2025-02-26 16:10:00+00:00,599.41,599.58,599.23,599.45,344666.0
2025-02-26 16:15:00+00:00,599.45,599.52,599.16,599.37,304769.0
2025-02-26 16:20:00+00:00,599.42,599.48,598.8,599.15,308838.0
2025-02-26 16:25:00+00:00,599.15,599.19,598.65,598.65,247464.0
2025-02-26 16:30:00+00:00,598.68,598.73,598.09,598.54,496351.0
2025-02-26 16:35:00+00:00,598.58,599.4,598.575,599.2601,278468.0
2025-02-26 16:40:00+00:00,599.27,599.43,598.25,598.8636,248354.0
2025-02-26 16:45:00+00:00,598.87,598.97,598.66,598.85,162521.0
2025-02-26 16:50:00+00:00,598.85,599.3,598.73,599.1299,195788.0
2025-02-26 16:55:00+00:00,599.11,599.11,597.82,598.01,371534.0
2025-02-26 17:00:00+00:00,598.06,598.56,597.68,598.49,344597.0
2025-02-26 17:05:00+00:00,598.5,599.0,598.41,598.47,207426.0
2025-02-26 17:10:00+00:00,598.5,599.1,598.46,599.055,141201.0
2025-02-26 17:15:00+00:00,599.05,599.3791,598.09,598.62,465181.0
2025-02-26 17:20:00+00:00,598.65,598.76,598.03,598.4,301747.0
2025-02-26 17:25:00+00:00,598.4455,598.775,598.05,598.6,225974.0
2025-02-26 17:30:00+00:00,598.65,599.01,597.79,597.91,491608.0
2025-02-26 17:35:00+00:00,597.91,597.91,597.14,597.2501,561156.0
2025-02-26 17:40:00+00:00,597.27,597.53,596.78,597.28,377975.0
2025-02-26 17:45:00+00:00,597.32,597.5,596.75,596.94,226462.0
2025-02-26 17:50:00+00:00,596.92,596.99,595.82,596.27,437254.0
2025-02-26 17:55:00+00:00,596.315,596.38,595.1,595.605,429668.0
2025-02-26 18:00:00+00:00,595.59,595.86,594.86,595.41,451341.0
2025-02-26 18:05:00+00:00,595.36,595.52,594.85,595.49,407238.0
2025-02-26 18:10:00+00:00,595.5199,595.7999,594.95,595.455,399072.0
2025-02-26 18:15:00+00:00,595.41,595.41,594.55,595.1,545014.0
2025-02-26 18:20:00+00:00,595.13,595.63,594.96,595.31,278162.0
2025-02-26 18:25:00+00:00,595.32,595.33,593.85,593.925,509656.0
2025-02-26 18:30:00+00:00,593.865,594.59,593.77,594.37,366349.0
2025-02-26 18:35:00+00:00,594.34,594.41,593.74,593.79,253195.0
2025-02-26 18:40:00+00:00,593.78,594.0,593.17,593.64,526228.0
2025-02-26 18:45:00+00:00,593.64,593.89,593.05,593.19,368045.0
2025-02-26 18:50:00+00:00,593.17,593.4199,592.72,593.05,744701.0
2025-02-26 18:55:00+00:00,593.08,593.22,592.12,592.58,628304.0
2025-02-26 19:00:00+00:00,592.55,593.3,592.17,592.54,890025.0
2025-02-26 19:05:00+00:00,592.53,592.65,591.8556,592.155,451818.0
2025-02-26 19:10:00+00:00,592.21,592.72,592.09,592.5064,453126.0
2025-02-26 19:15:00+00:00,592.54,593.11,591.97,593.052,562001.0
2025-02-26 19:20:00+00:00,593.05,593.88,592.9199,593.43,426747.0
2025-02-26 19:25:00+00:00,593.43,593.8897,593.28,593.389,321712.0
2025-02-26 19:30:00+00:00,593.35,593.96,593.24,593.9,449317.0
2025-02-26 19:35:00+00:00,593.918,594.2088,593.69,594.08,337408.0
2025-02-26 19:40:00+00:00,594.07,594.64,593.95,594.18,509962.0
2025-02-26 19:45:00+00:00,594.18,594.5,593.99,594.0,239455.0
2025-02-26 19:50:00+00:00,593.96,594.14,593.7,594.0,284126.0
2025-02-26 19:55:00+00:00,593.99,594.0,592.63,592.76,413261.0
2025-02-26 20:00:00+00:00,592.8,593.25,592.46,592.68,426386.0
2025-02-26 20:05:00+00:00,592.7,593.48,592.6999,593.43,376930.0
2025-02-26 20:10:00+00:00,593.41,593.73,593.2,593.27,354805.0
2025-02-26 20:15:00+00:00,593.23,593.47,592.94,593.42,454423.0
2025-02-26 20:20:00+00:00,593.42,593.9,592.97,593.65,392309.0
2025-02-26 20:25:00+00:00,593.67,593.98,593.59,593.59,311028.0
2025-02-26 20:30:00+00:00,593.59,593.87,593.14,593.765,608818.0
2025-02-26 20:35:00+00:00,593.765,594.09,593.435,594.0,667333.0
2025-02-26 20:40:00+00:00,594.01,594.9575,593.76,594.81,700262.0
2025-02-26 20:45:00+00:00,594.78,595.29,594.52,594.8604,1028105.0
2025-02-26 20:50:00+00:00,594.92,595.02,594.25,594.74,1121970.0
2025-02-26 20:55:00+00:00,594.73,594.97,593.695,594.43,2202261.0
2025-02-26 21:00:00+00:00,594.45,595.17,594.08,594.63,337299.0
2025-02-26 21:05:00+00:00,594.63,595.08,594.63,594.9517,637735.0
2025-02-26 21:10:00+00:00,595.01,595.32,594.33,594.78,1549470.0
2025-02-26 21:15:00+00:00,594.79,595.09,594.76,594.87,80330.0
2025-02-26 21:20:00+00:00,594.84,600.0,592.23,595.26,841441.0
2025-02-26 21:25:00+00:00,595.32,595.45,594.27,594.5,179384.0
2025-02-26 21:30:00+00:00,594.57,594.83,593.83,593.92,99216.0
2025-02-26 21:35:00+00:00,593.93,595.17,593.93,595.15,61649.0
2025-02-26 21:40:00+00:00,595.2,595.28,594.9,595.01,50499.0
2025-02-26 21:45:00+00:00,595.02,595.32,595.0,595.2,29628.0
2025-02-26 21:50:00+00:00,595.2,596.2,595.19,596.08,86756.0
2025-02-26 21:55:00+00:00,596.03,596.36,595.99,596.3,61082.0
2025-02-26 22:00:00+00:00,596.2,596.44,596.04,596.23,49220.0
2025-02-26 22:05:00+00:00,596.3,596.61,596.3,596.55,39467.0
2025-02-26 22:10:00+00:00,596.55,596.7463,596.25,596.3,53801.0
2025-02-26 22:15:00+00:00,596.29,596.3,595.75,596.16,48252.0
2025-02-26 22:20:00+00:00,596.16,596.26,595.75,595.81,39001.0
2025-02-26 22:25:00+00:00,595.72,595.97,595.63,595.95,24454.0
2025-02-26 22:30:00+00:00,595.95,596.07,595.8,596.0,18545.0
2025-02-26 22:35:00+00:00,595.81,596.0,595.81,595.85,2033.0
2025-02-26 22:40:00+00:00,595.99,595.99,595.7701,595.8,11239.0
2025-02-26 22:45:00+00:00,595.85,595.85,595.67,595.7,12274.0
2025-02-26 22:50:00+00:00,595.7,595.82,595.69,595.8,2959.0
2025-02-26 22:55:00+00:00,595.8,595.9,595.15,595.3,8538.0
2025-02-26 23:00:00+00:00,595.16,595.55,594.97,595.1,45637.0
2025-02-26 23:05:00+00:00,595.15,595.4,595.03,595.14,22879.0
2025-02-26 23:10:00+00:00,595.24,595.29,594.79,594.79,17266.0
2025-02-26 23:15:00+00:00,594.82,595.23,594.73,595.23,12926.0
2025-02-26 23:20:00+00:00,595.17,595.17,593.95,594.28,15755.0
2025-02-26 23:25:00+00:00,594.3199,594.61,594.28,594.56,9117.0
2025-02-26 23:30:00+00:00,594.54,594.82,594.54,594.82,6690.0
2025-02-26 23:35:00+00:00,594.78,594.78,594.54,594.66,5949.0
2025-02-26 23:40:00+00:00,594.77,594.77,594.5,594.5,2139.0
2025-02-26 23:45:00+00:00,594.62,594.92,594.62,594.92,2586.0
2025-02-26 23:50:00+00:00,594.97,595.1,594.97,595.1,2334.0
2025-02-26 23:55:00+00:00,595.12,595.12,594.97,594.97,2149.0
2025-02-27 00:00:00+00:00,595.0715,595.1,594.97,595.1,1310.0
2025-02-27 00:05:00+00:00,595.0713,595.4,594.81,594.81,4120.0
2025-02-27 00:10:00+00:00,594.9,594.9,594.88,594.88,777.0
2025-02-27 00:15:00+00:00,594.84,594.84,594.5,594.71,5169.0
2025-02-27 00:20:00+00:00,594.4,594.5089,593.96,594.15,11124.0
2025-02-27 00:25:00+00:00,594.12,594.22,593.87,594.1101,6169.0
2025-02-27 00:30:00+00:00,594.2199,594.2805,594.05,594.18,4899.0
2025-02-27 00:35:00+00:00,594.11,594.18,594.01,594.11,9955.0
2025-02-27 00:40:00+00:00,594.16,594.23,594.16,594.2,4944.0
2025-02-27 00:45:00+00:00,594.25,594.3,594.1002,594.1002,2402.0
2025-02-27 00:50:00+00:00,594.16,594.27,593.98,594.06,12547.0
2025-02-27 00:55:00+00:00,594.01,594.01,593.66,593.66,24362.0
2025-02-27 09:00:00+00:00,597.61,597.61,597.41,597.42,5745.0
2025-02-27 09:05:00+00:00,597.44,597.66,597.25,597.29,13458.0
2025-02-27 09:10:00+00:00,597.35,597.36,597.22,597.22,6198.0
2025-02-27 09:15:00+00:00,597.13,597.34,597.11,597.34,4673.0
2025-02-27 09:20:00+00:00,597.42,597.42,597.32,597.32,860.0
2025-02-27 09:25:00+00:00,597.58,597.65,597.56,597.65,2395.0
2025-02-27 09:30:00+00:00,597.62,597.79,597.62,597.65,5736.0
2025-02-27 09:35:00+00:00,597.58,597.74,597.58,597.74,3351.0
2025-02-27 09:40:00+00:00,597.86,597.9,597.73,597.73,1517.0
2025-02-27 09:45:00+00:00,597.73,597.73,597.73,597.73,404.0
2025-02-27 09:50:00+00:00,597.82,597.93,597.81,597.84,1892.0
2025-02-27 09:55:00+00:00,597.8,597.8,597.8,597.8,110.0
2025-02-27 10:00:00+00:00,597.83,597.83,597.83,597.83,275.0
2025-02-27 10:05:00+00:00,597.71,597.71,597.71,597.71,500.0
2025-02-27 10:10:00+00:00,597.79,597.79,597.75,597.75,668.0
2025-02-27 10:15:00+00:00,597.77,597.9,597.77,597.9,925.0
2025-02-27 10:20:00+00:00,597.77,598.06,597.77,598.06,5613.0
2025-02-27 10:25:00+00:00,597.9,597.9,597.8,597.8,1022.0
2025-02-27 10:30:00+00:00,597.72,597.72,597.5,597.5,972.0
2025-02-27 10:35:00+00:00,597.7,597.75,597.7,597.75,760.0
2025-02-27 10:40:00+00:00,597.71,597.71,597.71,597.71,156.0
2025-02-27 10:45:00+00:00,597.69,597.69,597.66,597.66,1341.0
2025-02-27 10:50:00+00:00,597.7,597.81,597.7,597.81,883.0
2025-02-27 10:55:00+00:00,597.82,597.82,597.81,597.81,997.0
2025-02-27 11:00:00+00:00,597.78,598.03,597.78,598.03,3562.0
2025-02-27 11:05:00+00:00,598.02,598.17,598.02,598.16,5213.0
2025-02-27 11:10:00+00:00,598.12,598.12,598.09,598.09,457.0
2025-02-27 11:15:00+00:00,598.01,598.03,597.96,598.0,8194.0
2025-02-27 11:20:00+00:00,598.12,598.13,598.11,598.11,1659.0
2025-02-27 11:25:00+00:00,598.12,598.12,598.07,598.07,1154.0
2025-02-27 11:30:00+00:00,597.92,598.0,597.82,597.82,2613.0
2025-02-27 11:35:00+00:00,597.82,598.0,597.82,598.0,12392.0
2025-02-27 11:40:00+00:00,597.96,597.96,597.95,597.95,578.0
2025-02-27 11:45:00+00:00,598.07,598.22,598.02,598.21,4756.0
2025-02-27 11:50:00+00:00,598.11,598.17,598.11,598.17,252.0
2025-02-27 11:55:00+00:00,598.0,598.23,598.0,598.23,2994.0
2025-02-27 12:00:00+00:00,598.33,598.53,598.15,598.27,174263.0
2025-02-27 12:05:00+00:00,598.32,598.45,598.31,598.4,15394.0
2025-02-27 12:10:00+00:00,598.4,598.45,598.19,598.22,45400.0
2025-02-27 12:15:00+00:00,598.21,598.39,598.1,598.39,3593.0
2025-02-27 12:20:00+00:00,598.4,598.48,598.25,598.41,94239.0
2025-02-27 12:25:00+00:00,598.37,598.39,598.3,598.3,3523.0
2025-02-27 12:30:00+00:00,598.35,598.45,598.34,598.34,25779.0
2025-02-27 12:35:00+00:00,598.34,598.6,598.2,598.6,24373.0
2025-02-27 12:40:00+00:00,598.62,598.68,598.31,598.53,32194.0
2025-02-27 12:45:00+00:00,598.54,598.55,598.33,598.4,10568.0
2025-02-27 12:50:00+00:00,598.24,598.24,598.0,598.0,61167.0
2025-02-27 12:55:00+00:00,597.87,598.14,597.87,597.98,19798.0
2025-02-27 13:00:00+00:00,598.5,598.63,594.79,597.95,94937.0
2025-02-27 13:05:00+00:00,597.93,598.17,597.83,598.1,14577.0
2025-02-27 13:10:00+00:00,598.06,598.16,597.97,598.07,22487.0
2025-02-27 13:15:00+00:00,598.08,598.25,598.01,598.17,65360.0
2025-02-27 13:20:00+00:00,598.2,598.2,597.77,597.8709,25256.0
2025-02-27 13:25:00+00:00,597.87,597.89,597.4001,597.4001,25929.0
2025-02-27 13:30:00+00:00,597.33,597.92,596.89,597.25,194485.0
2025-02-27 13:35:00+00:00,597.21,597.76,596.98,597.76,31127.0
2025-02-27 13:40:00+00:00,597.73,598.05,597.73,597.95,53718.0
2025-02-27 13:45:00+00:00,598.0,598.2,595.78,596.04,561497.0
2025-02-27 13:50:00+00:00,596.07,596.37,595.06,595.22,401800.0
2025-02-27 13:55:00+00:00,595.22,596.22,595.19,595.88,187640.0
2025-02-27 14:00:00+00:00,595.85,596.87,595.6,596.6,154965.0
2025-02-27 14:05:00+00:00,596.47,597.29,596.3,596.84,105122.0
2025-02-27 14:10:00+00:00,596.91,597.11,596.74,597.09,51873.0
2025-02-27 14:15:00+00:00,597.18,597.24,596.75,596.8,61885.0
2025-02-27 14:20:00+00:00,596.79,597.09,596.73,596.98,31297.0
2025-02-27 14:25:00+00:00,596.89,597.04,596.56,596.86,52065.0
2025-02-27 14:30:00+00:00,596.85,597.28,596.6,597.09,1138518.0
2025-02-27 14:35:00+00:00,597.11,598.02,597.06,597.2,805803.0
2025-02-27 14:40:00+00:00,597.19,597.19,595.06,595.4699,884963.0
2025-02-27 14:45:00+00:00,595.48,596.44,595.2125,595.55,868335.0
2025-02-27 14:50:00+00:00,595.54,595.69,593.68,593.75,927834.0
2025-02-27 14:55:00+00:00,593.77,593.82,592.14,592.435,1265338.0
2025-02-27 15:00:00+00:00,592.43,592.46,590.52,591.88,2075213.0
2025-02-27 15:05:00+00:00,591.88,592.54,591.61,592.1148,914650.0
2025-02-27 15:10:00+00:00,592.09,594.39,592.0403,594.08,984417.0
2025-02-27 15:15:00+00:00,594.04,594.78,593.85,594.58,741690.0
2025-02-27 15:20:00+00:00,594.59,596.52,594.13,595.69,1118849.0
2025-02-27 15:25:00+00:00,595.69,595.84,595.11,595.45,596758.0
2025-02-27 15:30:00+00:00,595.45,595.58,593.76,594.32,575315.0
2025-02-27 15:35:00+00:00,594.29,595.72,593.59,595.21,480401.0
2025-02-27 15:40:00+00:00,595.2046,595.4,594.48,595.05,393594.0
2025-02-27 15:45:00+00:00,595.04,595.64,594.54,595.215,391540.0
2025-02-27 15:50:00+00:00,595.19,595.29,593.9,594.0284,377566.0
2025-02-27 15:55:00+00:00,593.94,594.25,593.29,593.432,505881.0
2025-02-27 16:00:00+00:00,593.44,594.55,593.22,593.66,473445.0
2025-02-27 16:05:00+00:00,593.66,594.25,593.65,593.92,549086.0
2025-02-27 16:10:00+00:00,593.94,595.35,593.94,595.3,431081.0
2025-02-27 16:15:00+00:00,595.31,596.14,595.16,595.89,367229.0
2025-02-27 16:20:00+00:00,595.9,596.24,595.32,595.5,280686.0
2025-02-27 16:25:00+00:00,595.48,595.6,593.86,594.1213,368634.0
2025-02-27 16:30:00+00:00,594.13,594.83,593.9,594.65,304140.0
2025-02-27 16:35:00+00:00,594.62,594.9589,594.07,594.3096,254466.0
2025-02-27 16:40:00+00:00,594.3,594.5299,593.63,593.89,431340.0
2025-02-27 16:45:00+00:00,593.78,594.14,593.62,593.85,283280.0
2025-02-27 16:50:00+00:00,593.85,593.875,592.5998,592.8309,487427.0
2025-02-27 16:55:00+00:00,592.88,593.08,592.28,592.45,551563.0
2025-02-27 17:00:00+00:00,592.49,593.02,592.21,592.95,455449.0
2025-02-27 17:05:00+00:00,592.94,593.02,592.35,592.4,257210.0
2025-02-27 17:10:00+00:00,592.4,592.76,592.131,592.39,391896.0
2025-02-27 17:15:00+00:00,592.45,592.55,591.63,591.71,331553.0
2025-02-27 17:20:00+00:00,591.7,592.66,591.4,592.63,592595.0
2025-02-27 17:25:00+00:00,592.62,593.99,592.526,593.95,434224.0
2025-02-27 17:30:00+00:00,593.96,594.475,593.64,593.99,473771.0
2025-02-27 17:35:00+00:00,594.01,594.35,593.8899,593.9,220994.0
2025-02-27 17:40:00+00:00,593.91,593.92,592.39,592.8199,316954.0
2025-02-27 17:45:00+00:00,592.815,593.44,592.71,592.82,337145.0
2025-02-27 17:50:00+00:00,592.81,593.55,592.37,593.23,285130.0
2025-02-27 17:55:00+00:00,593.25,593.45,593.06,593.42,196742.0
2025-02-27 18:00:00+00:00,593.44,594.355,593.4,593.78,429144.0
2025-02-27 18:05:00+00:00,593.7701,593.94,593.305,593.75,291973.0
2025-02-27 18:10:00+00:00,593.745,594.91,593.58,594.63,288007.0
2025-02-27 18:15:00+00:00,594.6498,594.86,594.2,594.59,265846.0
2025-02-27 18:20:00+00:00,594.6199,595.11,594.21,595.02,305811.0
2025-02-27 18:25:00+00:00,595.04,595.16,594.47,594.59,658268.0
2025-02-27 18:30:00+00:00,594.63,594.94,594.385,594.8403,152705.0
2025-02-27 18:35:00+00:00,594.87,594.95,594.46,594.87,153126.0
2025-02-27 18:40:00+00:00,594.88,594.93,594.16,594.36,239802.0
2025-02-27 18:45:00+00:00,594.36,594.5125,593.94,594.44,154064.0
2025-02-27 18:50:00+00:00,594.42,594.57,593.84,594.56,230049.0
2025-02-27 18:55:00+00:00,594.57,594.7,593.641,593.71,324774.0
2025-02-27 19:00:00+00:00,593.76,593.84,593.25,593.59,359673.0
2025-02-27 19:05:00+00:00,593.56,593.59,593.05,593.26,244236.0
2025-02-27 19:10:00+00:00,593.25,593.41,592.43,592.55,360031.0
2025-02-27 19:15:00+00:00,592.54,592.58,591.89,592.54,580486.0
2025-02-27 19:20:00+00:00,592.51,592.72,591.53,591.745,504038.0
2025-02-27 19:25:00+00:00,591.65,591.79,590.68,590.7697,544250.0
2025-02-27 19:30:00+00:00,590.782,590.8,588.79,589.35,1140155.0
2025-02-27 19:35:00+00:00,589.36,589.99,589.27,589.48,973686.0
2025-02-27 19:40:00+00:00,589.48,589.51,588.34,589.14,878203.0
2025-02-27 19:45:00+00:00,589.13,589.76,588.77,589.15,798289.0
2025-02-27 19:50:00+00:00,589.2,589.94,588.7832,589.49,731923.0
2025-02-27 19:55:00+00:00,589.49,589.9,589.15,589.28,511907.0
2025-02-27 20:00:00+00:00,589.3,589.35,587.22,587.75,1359066.0
2025-02-27 20:05:00+00:00,587.78,588.16,587.43,587.6,1108612.0
2025-02-27 20:10:00+00:00,587.59,587.8468,586.73,587.31,841898.0
2025-02-27 20:15:00+00:00,587.295,587.59,586.64,586.8189,1162152.0
2025-02-27 20:20:00+00:00,586.78,588.01,586.5,587.39,1251267.0
2025-02-27 20:25:00+00:00,587.38,587.79,586.24,586.31,843012.0
2025-02-27 20:30:00+00:00,586.363,587.5,586.320153,587.01,914483.0
2025-02-27 20:35:00+00:00,586.98,587.57,586.47,586.49,1034707.0
2025-02-27 20:40:00+00:00,586.47,586.66,585.97,586.28,1652223.0
2025-02-27 20:45:00+00:00,586.25,586.82,585.86,586.6,2010736.0
2025-02-27 20:50:00+00:00,586.58,586.98,585.65,585.6738,2599373.0
2025-02-27 20:55:00+00:00,585.69,585.74,584.65,585.04,7007957.0
2025-02-27 21:00:00+00:00,585.05,585.34,584.72,585.2,1510670.0
2025-02-27 21:05:00+00:00,585.19,585.21,584.8694,585.13,761611.0
2025-02-27 21:10:00+00:00,585.14,585.3,584.92,585.3,6837169.0
2025-02-27 21:15:00+00:00,585.24,585.83,585.11,585.8,1958846.0
2025-02-27 21:20:00+00:00,585.76,585.86,585.58,585.84,186331.0
2025-02-27 21:25:00+00:00,585.84,585.91,585.63,585.73,130011.0
2025-02-27 21:30:00+00:00,585.77,586.05,585.7506,586.05,23740.0
2025-02-27 21:35:00+00:00,586.05,586.06,585.8,585.8,33534.0
2025-02-27 21:40:00+00:00,585.78,585.99,585.75,585.86,50974.0
2025-02-27 21:45:00+00:00,585.89,586.07,585.88,585.88,19087.0
2025-02-27 21:50:00+00:00,585.891,585.891,585.44,585.44,27681.0
2025-02-27 21:55:00+00:00,585.4507,585.64,585.4,585.5699,41230.0
2025-02-27 22:00:00+00:00,585.61,585.66,585.4,585.4,17645.0
2025-02-27 22:05:00+00:00,585.3701,585.3701,585.18,585.33,32803.0
2025-02-27 22:10:00+00:00,585.35,585.35,585.25,585.35,123606.0
2025-02-27 22:15:00+00:00,585.36,585.39,585.35,585.37,29008.0
2025-02-27 22:20:00+00:00,585.37,585.4,585.35,585.38,5442.0
2025-02-27 22:25:00+00:00,585.39,585.4,585.25,585.4,37873.0
2025-02-27 22:30:00+00:00,585.4,585.4,585.35,585.35,1701.0
2025-02-27 22:35:00+00:00,585.33,585.38,585.28,585.3793,8650.0
2025-02-27 22:40:00+00:00,585.38,585.47,585.35,585.45,12167.0
2025-02-27 22:45:00+00:00,585.45,585.59,585.43,585.56,24052.0
2025-02-27 22:50:00+00:00,585.5,585.5,585.45,585.49,3659.0
2025-02-27 22:55:00+00:00,585.5,585.51,585.45,585.51,7854.0
2025-02-27 23:00:00+00:00,585.55,586.25,585.55,586.14,51289.0
2025-02-27 23:05:00+00:00,586.0783,586.199,585.96,586.16,14331.0
2025-02-27 23:10:00+00:00,586.06,586.15,585.8,585.81,4611.0
2025-02-27 23:15:00+00:00,585.79,585.91,585.66,585.87,9822.0
2025-02-27 23:20:00+00:00,585.87,585.87,585.73,585.83,23190.0
2025-02-27 23:25:00+00:00,585.84,585.87,585.68,585.7208,2703.0
2025-02-27 23:30:00+00:00,585.85,586.045,585.85,585.91,37278.0
2025-02-27 23:35:00+00:00,585.97,586.19,585.97,586.15,23684.0
2025-02-27 23:40:00+00:00,586.15,586.21,585.8,585.8,25978.0
2025-02-27 23:45:00+00:00,585.7,585.94,585.6,585.94,54800.0
2025-02-27 23:50:00+00:00,585.9798,585.9798,585.9217,585.9217,929.0
2025-02-27 23:55:00+00:00,585.98,586.1,585.9793,586.05,7083.0
2025-02-28 00:00:00+00:00,586.15,586.22,586.07,586.08,8535.0
2025-02-28 00:05:00+00:00,586.2296,586.25,586.1,586.1,3607.0
2025-02-28 00:10:00+00:00,586.25,586.25,586.0,586.0,3693.0
2025-02-28 00:15:00+00:00,585.94,586.0001,585.86,586.0001,5664.0
2025-02-28 00:20:00+00:00,585.91,586.0,585.75,585.75,3836.0
2025-02-28 00:25:00+00:00,585.67,585.68,585.4,585.56,8834.0
2025-02-28 00:30:00+00:00,585.56,585.58,585.4,585.43,3101.0
2025-02-28 00:35:00+00:00,585.5,585.73,585.39,585.72,9343.0
2025-02-28 00:40:00+00:00,585.68,585.68,585.11,585.29,3519.0
2025-02-28 00:45:00+00:00,585.16,585.25,585.04,585.21,14409.0
2025-02-28 00:50:00+00:00,585.24,585.24,585.03,585.15,5705.0
2025-02-28 00:55:00+00:00,585.1,585.15,584.89,584.89,8403.0
2025-02-28 09:00:00+00:00,586.1,586.91,586.1,586.56,7641.0
2025-02-28 09:05:00+00:00,586.6,586.96,586.6,586.9,3096.0
2025-02-28 09:10:00+00:00,586.73,587.0,586.73,587.0,2749.0
2025-02-28 09:15:00+00:00,587.03,587.17,587.03,587.07,1704.0
2025-02-28 09:20:00+00:00,587.02,587.2,586.94,587.14,4744.0
2025-02-28 09:25:00+00:00,587.16,587.2,587.02,587.2,5946.0
2025-02-28 09:30:00+00:00,587.2,587.23,587.04,587.04,10652.0
2025-02-28 09:35:00+00:00,587.01,587.07,586.92,587.01,3415.0
2025-02-28 09:45:00+00:00,586.93,586.93,586.84,586.84,2085.0
2025-02-28 09:50:00+00:00,587.0,587.04,586.83,586.83,929.0
2025-02-28 09:55:00+00:00,586.85,586.9,586.71,586.9,1368.0
2025-02-28 10:00:00+00:00,587.0,587.0,586.79,586.79,1536.0
2025-02-28 10:05:00+00:00,586.99,587.06,586.99,587.06,1171.0
2025-02-28 10:10:00+00:00,586.85,586.85,586.85,586.85,230.0
2025-02-28 10:15:00+00:00,587.0,587.0,587.0,587.0,185.0
2025-02-28 10:20:00+00:00,587.05,587.16,587.05,587.14,1813.0
2025-02-28 10:25:00+00:00,587.0,587.0,586.82,586.82,4906.0
2025-02-28 10:30:00+00:00,586.94,587.09,586.93,587.03,1245.0
2025-02-28 10:35:00+00:00,587.09,587.27,587.09,587.27,3647.0
2025-02-28 10:40:00+00:00,587.22,587.33,587.22,587.29,2214.0
2025-02-28 10:45:00+00:00,587.4,587.47,587.38,587.47,1846.0
2025-02-28 10:50:00+00:00,587.42,587.45,587.31,587.31,3327.0
2025-02-28 10:55:00+00:00,587.3,587.3,587.06,587.06,4635.0
2025-02-28 11:00:00+00:00,587.15,587.22,587.15,587.22,1025.0
2025-02-28 11:05:00+00:00,587.29,587.33,587.29,587.29,886.0
2025-02-28 11:10:00+00:00,587.37,587.37,587.18,587.19,1221.0
2025-02-28 11:15:00+00:00,587.2,587.24,587.2,587.24,1041.0
2025-02-28 11:20:00+00:00,587.34,587.35,587.3,587.3,1347.0
2025-02-28 11:25:00+00:00,587.37,587.42,587.34,587.4,3670.0
2025-02-28 11:30:00+00:00,587.26,587.26,587.0,587.22,10537.0
2025-02-28 11:35:00+00:00,587.17,587.2,587.13,587.2,3115.0
2025-02-28 11:40:00+00:00,587.28,587.6,587.28,587.42,21298.0
2025-02-28 11:45:00+00:00,587.4,587.43,587.25,587.25,4425.0
2025-02-28 11:50:00+00:00,587.24,587.24,587.16,587.2,11282.0
2025-02-28 11:55:00+00:00,587.2,587.25,587.17,587.23,7631.0
2025-02-28 12:00:00+00:00,587.21,587.25,586.45,586.55,133317.0
2025-02-28 12:05:00+00:00,586.51,586.62,586.11,586.55,24440.0
2025-02-28 12:10:00+00:00,586.58,586.72,586.34,586.34,14977.0
2025-02-28 12:15:00+00:00,586.42,586.95,586.42,586.76,4248.0
2025-02-28 12:20:00+00:00,586.71,586.93,586.71,586.93,6049.0
2025-02-28 12:25:00+00:00,586.77,586.82,586.63,586.7,21151.0
2025-02-28 12:30:00+00:00,586.6,586.6,586.27,586.37,14114.0
2025-02-28 12:35:00+00:00,586.35,586.49,586.01,586.16,42989.0
2025-02-28 12:40:00+00:00,586.2,586.42,586.1,586.32,17693.0
2025-02-28 12:45:00+00:00,586.29,586.6,586.27,586.52,47619.0
2025-02-28 12:50:00+00:00,586.6,586.67,586.3,586.5,3996.0
2025-02-28 12:55:00+00:00,586.59,586.75,586.59,586.69,3850.0
2025-02-28 13:00:00+00:00,586.81,587.22,584.81,586.89,83658.0
2025-02-28 13:05:00+00:00,586.8207,586.83,586.49,586.61,13939.0
2025-02-28 13:10:00+00:00,586.64,586.8304,586.39,586.41,18552.0
2025-02-28 13:15:00+00:00,586.33,586.43,586.18,586.2,83661.0
2025-02-28 13:20:00+00:00,586.16,586.39,586.09,586.11,53886.0
2025-02-28 13:25:00+00:00,586.08,586.15,585.73,586.0,55701.0
2025-02-28 13:30:00+00:00,585.8899,587.52,585.8899,586.76,120263.0
2025-02-28 13:35:00+00:00,586.7417,587.39,586.63,586.95,45852.0
2025-02-28 13:40:00+00:00,586.95,587.34,586.7302,586.84,34487.0
2025-02-28 13:45:00+00:00,586.93,586.99,586.59,586.72,23911.0
2025-02-28 13:50:00+00:00,586.75,586.75,586.37,586.48,36464.0
2025-02-28 13:55:00+00:00,586.47,586.54,586.21,586.24,29387.0
2025-02-28 14:00:00+00:00,586.34,586.61,585.9,586.39,74283.0
2025-02-28 14:05:00+00:00,586.351,586.481,586.2612,586.4699,18353.0
2025-02-28 14:10:00+00:00,586.46,586.47,586.12,586.46,19009.0
2025-02-28 14:15:00+00:00,586.48,586.73,586.28,586.54,42132.0
2025-02-28 14:20:00+00:00,586.48,586.48,586.02,586.12,38040.0
2025-02-28 14:25:00+00:00,586.0,586.18,585.43,585.56,134244.0
2025-02-28 14:30:00+00:00,585.56,585.58,583.27,583.41,2624996.0
2025-02-28 14:35:00+00:00,583.39,585.88,583.39,585.41,2364460.0
2025-02-28 14:40:00+00:00,585.431,586.33,584.43,585.95,1167611.0
2025-02-28 14:45:00+00:00,585.92,586.1,584.8701,585.33,725296.0
2025-02-28 14:50:00+00:00,585.34,586.08,585.08,585.6601,935419.0
2025-02-28 14:55:00+00:00,585.67,586.12,584.73,586.03,711496.0
2025-02-28 15:00:00+00:00,586.01,587.028,585.225,586.18,905891.0
2025-02-28 15:05:00+00:00,586.23,586.8,585.42,586.71,472089.0
2025-02-28 15:10:00+00:00,586.674,587.5199,586.3,587.49,908815.0
2025-02-28 15:15:00+00:00,587.48,587.6,586.06,586.16,751753.0
2025-02-28 15:20:00+00:00,586.175,587.97,585.79,587.72,708161.0
2025-02-28 15:25:00+00:00,587.65,588.38,587.64,588.36,1422899.0
2025-02-28 15:30:00+00:00,588.36,588.7,587.97,588.38,1015370.0
2025-02-28 15:35:00+00:00,588.36,588.4699,587.27,587.7,603922.0
2025-02-28 15:40:00+00:00,587.72,588.015,587.09,587.43,459237.0
2025-02-28 15:45:00+00:00,587.45,588.26,587.25,587.57,414431.0
2025-02-28 15:50:00+00:00,587.6,588.65,587.51,588.26,400751.0
2025-02-28 15:55:00+00:00,588.26,588.8998,588.08,588.86,448210.0
2025-02-28 16:00:00+00:00,588.87,589.03,588.36,588.61,386585.0
2025-02-28 16:05:00+00:00,588.61,589.0,588.16,588.44,621552.0
2025-02-28 16:10:00+00:00,588.505,588.61,587.39,587.58,348524.0
2025-02-28 16:15:00+00:00,587.62,587.6759,586.3312,587.19,649041.0
2025-02-28 16:20:00+00:00,587.2,587.835,586.85,587.0099,468557.0
2025-02-28 16:25:00+00:00,586.97,587.14,586.01,586.06,404793.0
2025-02-28 16:30:00+00:00,586.07,587.31,585.83,587.3,465681.0
2025-02-28 16:35:00+00:00,587.3,587.88,587.02,587.53,274251.0
2025-02-28 16:40:00+00:00,587.5387,588.2,587.44,587.89,365476.0
2025-02-28 16:45:00+00:00,587.835,588.34,587.4672,588.14,469106.0
2025-02-28 16:50:00+00:00,588.19,588.28,587.45,588.015,221631.0
2025-02-28 16:55:00+00:00,588.025,588.05,587.11,587.34,315925.0
2025-02-28 17:00:00+00:00,587.3647,587.55,586.65,586.705,279223.0
2025-02-28 17:05:00+00:00,586.69,587.19,586.51,586.85,210635.0
2025-02-28 17:10:00+00:00,586.83,587.71,586.8,587.62,308312.0
2025-02-28 17:15:00+00:00,587.57,588.22,587.26,588.12,251400.0
2025-02-28 17:20:00+00:00,588.1,588.3,586.48,586.93,445348.0
2025-02-28 17:25:00+00:00,586.92,587.455,586.85,587.025,249588.0
2025-02-28 17:30:00+00:00,587.075,587.18,586.41,586.69,472557.0
2025-02-28 17:35:00+00:00,586.65,586.87,586.23,586.63,430734.0
2025-02-28 17:40:00+00:00,586.67,586.74,584.9,585.33,685647.0
2025-02-28 17:45:00+00:00,585.32,585.64,584.23,584.25,1076229.0
2025-02-28 17:50:00+00:00,584.255,585.48,583.95,585.03,1129512.0
2025-02-28 17:55:00+00:00,585.04,585.0499,583.6,583.6866,847933.0
2025-02-28 18:00:00+00:00,583.69,584.79,583.45,584.0933,748351.0
2025-02-28 18:05:00+00:00,584.08,584.31,583.75,583.91,391934.0
2025-02-28 18:10:00+00:00,583.91,584.12,583.56,584.12,458846.0
2025-02-28 18:15:00+00:00,584.12,584.59,582.49,582.66,2077285.0
2025-02-28 18:20:00+00:00,582.67,583.32,582.44,582.615,1608997.0
2025-02-28 18:25:00+00:00,582.62,584.77,582.61,584.72,992385.0
2025-02-28 18:30:00+00:00,584.69,585.38,584.29,585.3232,750976.0
2025-02-28 18:35:00+00:00,585.32,585.99,585.24,585.87,660025.0
2025-02-28 18:40:00+00:00,585.84,586.52,585.16,585.9038,761206.0
2025-02-28 18:45:00+00:00,585.93,586.14,585.39,585.73,486515.0
2025-02-28 18:50:00+00:00,585.68,586.33,585.48,585.69,302431.0
2025-02-28 18:55:00+00:00,585.68,585.76,583.58,583.6025,695630.0
2025-02-28 19:00:00+00:00,583.6,584.9,583.531,584.38,564797.0
2025-02-28 19:05:00+00:00,584.34,585.11,584.27,584.64,703640.0
2025-02-28 19:10:00+00:00,584.64,584.79,584.2,584.46,357102.0
2025-02-28 19:15:00+00:00,584.435,585.81,584.425,585.78,448440.0
2025-02-28 19:20:00+00:00,585.76,585.83,584.55,585.2,488486.0
2025-02-28 19:25:00+00:00,585.23,585.8299,585.23,585.67,305629.0
2025-02-28 19:30:00+00:00,585.6699,586.66,585.25,586.2,551132.0
2025-02-28 19:35:00+00:00,586.21,587.4,585.98,587.02,554713.0
2025-02-28 19:40:00+00:00,587.03,587.69,586.81,587.42,778943.0
2025-02-28 19:45:00+00:00,587.42,587.98,587.19,587.78,485734.0
2025-02-28 19:50:00+00:00,587.77,588.23,587.29,587.69,696940.0
2025-02-28 19:55:00+00:00,587.72,588.25,587.4991,588.1,664233.0
2025-02-28 20:00:00+00:00,588.09,588.91,587.82,588.83,1113687.0
2025-02-28 20:05:00+00:00,588.83,589.3,588.5709,589.05,821563.0
2025-02-28 20:10:00+00:00,589.06,589.21,588.37,588.71,712986.0
2025-02-28 20:15:00+00:00,588.7,589.02,588.33,588.3901,575954.0
2025-02-28 20:20:00+00:00,588.4,588.56,587.7,588.34,802241.0
2025-02-28 20:25:00+00:00,588.34,589.68,588.29,589.615,921015.0
2025-02-28 20:30:00+00:00,589.63,589.66,588.3,588.39,1281253.0
2025-02-28 20:35:00+00:00,588.39,589.28,587.93,589.06,840199.0
2025-02-28 20:40:00+00:00,589.08,590.16,589.0301,589.87,1311810.0
2025-02-28 20:45:00+00:00,589.86,590.7,589.61,590.68,2609171.0
2025-02-28 20:50:00+00:00,590.7,592.63,590.61,592.6,3904816.0
2025-02-28 20:55:00+00:00,592.59,594.72,592.585,594.07,10472112.0
2025-02-28 21:00:00+00:00,594.06,594.2,593.36,593.41,4176392.0
2025-02-28 21:05:00+00:00,593.41,593.9968,593.05,593.66,508557.0
2025-02-28 21:10:00+00:00,593.69,594.1835,593.2,593.32,2806042.0
2025-02-28 21:15:00+00:00,593.34,593.49,593.2,593.49,3462006.0
2025-02-28 21:20:00+00:00,593.6,593.81,593.51,593.7,305087.0
2025-02-28 21:25:00+00:00,593.69,593.7,593.4492,593.46,111489.0
2025-02-28 21:30:00+00:00,593.42,594.18,593.36,593.41,102313.0
2025-02-28 21:35:00+00:00,593.43,593.48,593.32,593.37,31376.0
2025-02-28 21:40:00+00:00,593.34,593.4899,593.34,593.43,13733.0
2025-02-28 21:45:00+00:00,593.43,593.56,593.38,593.38,6838.0
2025-02-28 21:50:00+00:00,593.5,593.66,593.41,593.6,22984.0
2025-02-28 21:55:00+00:00,593.55,593.64,593.41,593.45,17716.0
2025-02-28 22:00:00+00:00,593.4499,593.5299,593.34,593.46,12357.0
2025-02-28 22:05:00+00:00,593.4601,594.18,593.42,593.6401,57274.0
2025-02-28 22:10:00+00:00,593.64,593.8,593.64,593.72,13681.0
2025-02-28 22:15:00+00:00,593.76,593.84,593.75,593.7891,21611.0
2025-02-28 22:20:00+00:00,593.79,593.85,593.72,593.733,4910.0
2025-02-28 22:25:00+00:00,593.75,593.81,593.75,593.75,2576.0
2025-02-28 22:30:00+00:00,593.742,593.75,593.6,593.6,21423.0
2025-02-28 22:35:00+00:00,593.55,593.77,593.55,593.57,4055.0
2025-02-28 22:40:00+00:00,593.76,593.76,593.5399,593.54,9237.0
2025-02-28 22:45:00+00:00,593.58,593.59,593.52,593.56,4601.0
2025-02-28 22:50:00+00:00,593.6571,593.6571,593.56,593.62,1332.0
2025-02-28 22:55:00+00:00,593.61,593.73,593.61,593.73,3507.0
2025-02-28 23:00:00+00:00,593.76,593.78,593.76,593.77,10008.0
2025-02-28 23:05:00+00:00,593.75,593.8,593.75,593.8,9445.0
2025-02-28 23:10:00+00:00,593.8,593.85,593.8,593.85,31405.0
2025-02-28 23:15:00+00:00,593.81,593.86,593.81,593.81,10174.0
2025-02-28 23:20:00+00:00,593.81,593.82,593.78,593.7801,4933.0
2025-02-28 23:25:00+00:00,593.8093,593.84,593.78,593.84,2758.0
2025-02-28 23:30:00+00:00,593.81,593.82,593.78,593.81,1470.0
2025-02-28 23:35:00+00:00,593.82,593.85,593.78,593.78,2269.0
2025-02-28 23:40:00+00:00,593.83,593.84,593.78,593.8,14982.0
2025-02-28 23:45:00+00:00,593.81,593.89,593.81,593.89,2813.0
2025-02-28 23:50:00+00:00,593.8106,593.91,593.8106,593.9,4824.0
2025-02-28 23:55:00+00:00,593.91,593.92,593.84,593.8799,27503.0
2025-03-01 00:00:00+00:00,593.87,593.98,593.81,593.97,9303.0
2025-03-01 00:05:00+00:00,593.86,594.0,593.85,593.97,12117.0
2025-03-01 00:10:00+00:00,593.8844,594.0,593.8844,594.0,3207.0
2025-03-01 00:15:00+00:00,593.99,594.0,593.51,594.0,70187.0
2025-03-01 00:20:00+00:00,593.93,594.1012,593.93,594.1012,49564.0
2025-03-01 00:25:00+00:00,594.1,594.12,594.0501,594.12,8505.0
2025-03-01 00:30:00+00:00,594.1299,594.1599,593.99,594.1599,10082.0
2025-03-01 00:35:00+00:00,594.14,594.18,594.12,594.17,26660.0
2025-03-01 00:40:00+00:00,594.18,594.23,594.0837,594.2,28729.0
2025-03-01 00:45:00+00:00,594.2,594.21,594.1,594.1,6240.0
2025-03-01 00:50:00+00:00,594.11,594.2,594.1,594.2,8114.0
2025-03-01 00:55:00+00:00,594.21,594.3,594.16,594.3,15160.0
