Datetime,Open,High,Low,Close,Volume
2025-04-01 08:00:00+00:00,557.55,557.71,557.39,557.51,11862.0
2025-04-01 08:05:00+00:00,557.4,557.65,557.37,557.61,8745.0
2025-04-01 08:10:00+00:00,557.49,557.6,557.37,557.6,3186.0
2025-04-01 08:15:00+00:00,557.59,557.81,557.59,557.81,4809.0
2025-04-01 08:20:00+00:00,557.87,558.0,557.85,558.0,2977.0
2025-04-01 08:25:00+00:00,558.08,558.4,557.97,558.4,3199.0
2025-04-01 08:30:00+00:00,558.3,558.39,558.1,558.35,6272.0
2025-04-01 08:35:00+00:00,558.43,558.43,558.43,558.43,653.0
2025-04-01 08:40:00+00:00,558.5,558.74,558.5,558.73,4861.0
2025-04-01 08:45:00+00:00,558.49,558.53,558.49,558.53,5089.0
2025-04-01 08:50:00+00:00,558.8,558.87,558.8,558.87,1616.0
2025-04-01 08:55:00+00:00,558.86,559.0,558.86,558.99,3284.0
2025-04-01 09:00:00+00:00,559.06,559.34,558.96,558.96,10447.0
2025-04-01 09:05:00+00:00,558.87,559.2,558.86,559.03,3390.0
2025-04-01 09:10:00+00:00,559.08,559.14,558.9,558.9,1569.0
2025-04-01 09:15:00+00:00,558.97,559.25,558.96,559.21,3115.0
2025-04-01 09:20:00+00:00,559.2,559.3,559.2,559.28,1249.0
2025-04-01 09:25:00+00:00,559.0,559.01,558.99,559.01,3229.0
2025-04-01 09:30:00+00:00,559.25,559.53,559.25,559.53,739.0
2025-04-01 09:35:00+00:00,559.49,559.57,559.49,559.57,748.0
2025-04-01 09:40:00+00:00,559.65,559.74,559.6,559.69,3529.0
2025-04-01 09:45:00+00:00,559.77,559.81,559.75,559.79,2035.0
2025-04-01 09:50:00+00:00,559.64,559.68,559.61,559.61,909.0
2025-04-01 09:55:00+00:00,559.78,559.79,559.5,559.5,4649.0
2025-04-01 10:00:00+00:00,559.47,559.48,558.64,558.68,18071.0
2025-04-01 10:05:00+00:00,559.03,559.11,558.0,558.03,11370.0
2025-04-01 10:10:00+00:00,557.94,558.25,557.55,557.85,10544.0
2025-04-01 10:15:00+00:00,557.89,558.18,557.73,557.9,6970.0
2025-04-01 10:20:00+00:00,558.09,558.09,557.56,557.62,4671.0
2025-04-01 10:25:00+00:00,557.71,557.8,557.11,557.11,5183.0
2025-04-01 10:30:00+00:00,557.13,557.13,556.0,556.61,92971.0
2025-04-01 10:35:00+00:00,556.53,556.9,556.51,556.72,6618.0
2025-04-01 10:40:00+00:00,556.81,557.37,556.81,557.04,13575.0
2025-04-01 10:45:00+00:00,556.77,557.64,556.76,557.64,13563.0
2025-04-01 10:50:00+00:00,557.7,557.7,557.28,557.47,24856.0
2025-04-01 10:55:00+00:00,557.51,557.7,557.35,557.42,18893.0
2025-04-01 11:00:00+00:00,557.44,557.57,556.88,557.36,38070.0
2025-04-01 11:05:00+00:00,557.44,557.44,557.0,557.0,2774.0
2025-04-01 11:10:00+00:00,557.0,557.08,556.61,556.64,22232.0
2025-04-01 11:15:00+00:00,556.56,556.83,556.44,556.83,18668.0
2025-04-01 11:20:00+00:00,556.8,556.8,556.38,556.58,8302.0
2025-04-01 11:25:00+00:00,556.6,556.71,556.25,556.25,8483.0
2025-04-01 11:30:00+00:00,556.5,556.67,555.7,556.4,16040.0
2025-04-01 11:35:00+00:00,556.26,556.26,555.5,555.72,95626.0
2025-04-01 11:40:00+00:00,555.8,556.05,555.64,556.04,68090.0
2025-04-01 11:45:00+00:00,556.11,556.48,556.11,556.36,22298.0
2025-04-01 11:50:00+00:00,556.32,556.4,555.85,555.85,19336.0
2025-04-01 11:55:00+00:00,555.8,556.45,555.8,556.24,11197.0
2025-04-01 12:00:00+00:00,557.34,559.63,555.51,556.1,120622.0
2025-04-01 12:05:00+00:00,556.14,556.78,555.9704,556.73,32824.0
2025-04-01 12:10:00+00:00,556.75,556.88,556.23,556.66,25418.0
2025-04-01 12:15:00+00:00,556.61,557.13,556.39,556.39,19612.0
2025-04-01 12:20:00+00:00,556.3896,556.54,555.93,556.23,30118.0
2025-04-01 12:25:00+00:00,556.24,556.34,556.0508,556.31,13466.0
2025-04-01 12:30:00+00:00,556.2,556.9,556.2,556.62,23814.0
2025-04-01 12:35:00+00:00,556.6,559.39,556.44,556.62,15606.0
2025-04-01 12:40:00+00:00,556.62,556.65,556.29,556.37,18874.0
2025-04-01 12:45:00+00:00,556.491,556.65,556.27,556.54,36132.0
2025-04-01 12:50:00+00:00,556.6,557.16,556.6,556.93,48531.0
2025-04-01 12:55:00+00:00,556.95,557.27,556.92,557.07,27675.0
2025-04-01 13:00:00+00:00,557.12,557.74,557.09,557.47,36797.0
2025-04-01 13:05:00+00:00,557.391,557.69,557.3,557.6,24882.0
2025-04-01 13:10:00+00:00,557.65,557.95,557.63,557.84,46220.0
2025-04-01 13:15:00+00:00,557.77,557.79,557.44,557.59,34747.0
2025-04-01 13:20:00+00:00,557.6585,558.0,557.62,557.82,42271.0
2025-04-01 13:25:00+00:00,557.81,558.1,557.37,557.43,102459.0
2025-04-01 13:30:00+00:00,557.45,557.72,556.3901,556.84,1172618.0
2025-04-01 13:35:00+00:00,556.85,557.41,556.17,557.05,772824.0
2025-04-01 13:40:00+00:00,557.06,557.65,556.0,556.925,584617.0
2025-04-01 13:45:00+00:00,556.925,558.58,556.7504,558.37,867025.0
2025-04-01 13:50:00+00:00,558.38,558.56,557.85,558.01,541802.0
2025-04-01 13:55:00+00:00,558.01,558.1,557.04,557.22,563229.0
2025-04-01 14:00:00+00:00,557.1525,557.57,556.05,556.2,1083875.0
2025-04-01 14:05:00+00:00,556.2,556.91,555.08,555.505,899273.0
2025-04-01 14:10:00+00:00,555.55,555.68,554.23,554.31,796125.0
2025-04-01 14:15:00+00:00,554.32,554.92,554.17,554.25,701631.0
2025-04-01 14:20:00+00:00,554.25,555.44,553.68,555.25,798337.0
2025-04-01 14:25:00+00:00,555.24,555.795,554.62,555.14,527636.0
2025-04-01 14:30:00+00:00,555.135,555.89,555.03,555.72,522393.0
2025-04-01 14:35:00+00:00,555.72,557.7,555.59,557.1008,854162.0
2025-04-01 14:40:00+00:00,557.05,558.63,556.84,557.95,780713.0
2025-04-01 14:45:00+00:00,557.96,558.26,557.48,558.04,462907.0
2025-04-01 14:50:00+00:00,558.0888,559.225,558.06,559.2079,584032.0
2025-04-01 14:55:00+00:00,559.24,559.8,558.77,559.72,995450.0
2025-04-01 15:00:00+00:00,559.715,560.24,559.4,559.88,841064.0
2025-04-01 15:05:00+00:00,559.84,560.65,559.82,560.49,995608.0
2025-04-01 15:10:00+00:00,560.51,561.44,560.12,561.4,749690.0
2025-04-01 15:15:00+00:00,561.38,561.8794,561.17,561.21,879449.0
2025-04-01 15:20:00+00:00,561.19,561.75,560.595,561.66,815645.0
2025-04-01 15:25:00+00:00,561.65,561.82,560.74,560.799,679127.0
2025-04-01 15:30:00+00:00,560.82,561.02,560.35,560.9302,443615.0
2025-04-01 15:35:00+00:00,560.9399,560.985,560.26,560.88,407179.0
2025-04-01 15:40:00+00:00,560.8501,561.22,560.2,561.1047,512869.0
2025-04-01 15:45:00+00:00,561.1,561.69,561.04,561.57,509861.0
2025-04-01 15:50:00+00:00,561.58,561.76,560.76,561.03,378324.0
2025-04-01 15:55:00+00:00,561.03,561.58,560.8,561.57,188846.0
2025-04-01 16:00:00+00:00,561.59,562.3,561.2,562.04,379405.0
2025-04-01 16:05:00+00:00,562.1,562.325,561.73,562.24,332627.0
2025-04-01 16:10:00+00:00,562.26,562.41,561.85,562.22,260057.0
2025-04-01 16:15:00+00:00,562.2,562.855,562.0103,562.63,559626.0
2025-04-01 16:20:00+00:00,562.625,562.94,561.88,562.19,508747.0
2025-04-01 16:25:00+00:00,562.17,562.26,560.65,560.75,536293.0
2025-04-01 16:30:00+00:00,560.76,561.06,560.08,560.39,708610.0
2025-04-01 16:35:00+00:00,560.35,560.49,559.54,559.743,589578.0
2025-04-01 16:40:00+00:00,559.745,560.085,559.335,559.47,583762.0
2025-04-01 16:45:00+00:00,559.5,560.24,559.38,560.19,486499.0
2025-04-01 16:50:00+00:00,560.195,561.38,560.05,561.005,428126.0
2025-04-01 16:55:00+00:00,560.99,561.27,560.68,560.69,291490.0
2025-04-01 17:00:00+00:00,560.6727,561.12,560.54,560.83,207104.0
2025-04-01 17:05:00+00:00,560.84,560.84,559.97,560.3,385961.0
2025-04-01 17:10:00+00:00,560.28,560.77,560.01,560.75,249978.0
2025-04-01 17:15:00+00:00,560.735,560.86,559.72,559.77,234024.0
2025-04-01 17:20:00+00:00,559.81,560.0699,559.55,559.66,592512.0
2025-04-01 17:25:00+00:00,559.65,559.96,559.18,559.42,297097.0
2025-04-01 17:30:00+00:00,559.33,559.92,559.1,559.1478,367310.0
2025-04-01 17:35:00+00:00,559.135,559.85,559.1,559.7409,301976.0
2025-04-01 17:40:00+00:00,559.76,560.36,559.27,559.35,381005.0
2025-04-01 17:45:00+00:00,559.3,559.99,559.29,559.9273,158202.0
2025-04-01 17:50:00+00:00,559.96,560.28,559.52,559.52,288964.0
2025-04-01 17:55:00+00:00,559.56,559.57,558.91,559.0,365084.0
2025-04-01 18:00:00+00:00,559.0,559.17,557.52,557.88,852625.0
2025-04-01 18:05:00+00:00,557.88,558.1,557.2899,557.38,510956.0
2025-04-01 18:10:00+00:00,557.4,557.86,557.085,557.71,533248.0
2025-04-01 18:15:00+00:00,557.73,557.79,556.88,557.08,532157.0
2025-04-01 18:20:00+00:00,557.07,557.22,556.4293,556.43,463431.0
2025-04-01 18:25:00+00:00,556.44,557.19,556.44,556.6895,500340.0
2025-04-01 18:30:00+00:00,556.675,557.279,556.55,556.84,459760.0
2025-04-01 18:35:00+00:00,556.84,557.15,556.43,556.54,313571.0
2025-04-01 18:40:00+00:00,556.54,557.2,556.54,557.2,299136.0
2025-04-01 18:45:00+00:00,557.17,557.24,556.45,556.465,322264.0
2025-04-01 18:50:00+00:00,556.44,556.91,556.15,556.84,364054.0
2025-04-01 18:55:00+00:00,556.87,557.7799,556.83,557.662,478537.0
2025-04-01 19:00:00+00:00,557.66,558.0881,557.43,557.98,468396.0
2025-04-01 19:05:00+00:00,557.965,558.43,557.6698,557.69,409112.0
2025-04-01 19:10:00+00:00,557.67,558.1599,557.52,558.1448,366532.0
2025-04-01 19:15:00+00:00,558.14,558.77,557.94,558.23,663808.0
2025-04-01 19:20:00+00:00,558.23,558.92,558.045,558.82,368729.0
2025-04-01 19:25:00+00:00,558.81,558.995,558.4293,558.4293,541434.0
2025-04-01 19:30:00+00:00,558.43,559.72,558.1713,559.3,703690.0
2025-04-01 19:35:00+00:00,559.32,559.96,559.15,559.67,577034.0
2025-04-01 19:40:00+00:00,559.69,560.0566,559.6,559.94,692399.0
2025-04-01 19:45:00+00:00,559.93,560.54,559.8,560.43,906477.0
2025-04-01 19:50:00+00:00,560.45,561.25,559.8121,561.1,1529095.0
2025-04-01 19:55:00+00:00,561.12,561.52,560.52,561.03,3428859.0
2025-04-01 20:00:00+00:00,561.05,561.37,560.865,560.95,997158.0
2025-04-01 20:05:00+00:00,560.951,561.08,560.5525,560.9,184507.0
2025-04-01 20:10:00+00:00,560.93,561.1,560.88,560.95,2075558.0
2025-04-01 20:15:00+00:00,561.01,561.06,560.69,560.71,268527.0
2025-04-01 20:20:00+00:00,560.74,560.78,560.61,560.68,201370.0
2025-04-01 20:25:00+00:00,560.61,560.66,560.39,560.45,75973.0
2025-04-01 20:30:00+00:00,560.44,560.48,560.23,560.32,59086.0
2025-04-01 20:35:00+00:00,560.36,560.39,560.25,560.3,6662.0
2025-04-01 20:40:00+00:00,560.26,560.28,560.25,560.28,2126.0
2025-04-01 20:45:00+00:00,560.45,561.48,560.45,560.74,176874.0
2025-04-01 20:50:00+00:00,560.67,561.2,560.55,561.01,80170.0
2025-04-01 20:55:00+00:00,560.93,560.95,560.65,560.75,580923.0
2025-04-01 21:00:00+00:00,560.61,560.85,560.61,560.75,8140.0
2025-04-01 21:05:00+00:00,560.8,560.97,560.75,560.85,9446.0
2025-04-01 21:10:00+00:00,560.8107,560.8107,560.76,560.76,1696.0
2025-04-01 21:15:00+00:00,560.86,561.02,560.86,561.02,6481.0
2025-04-01 21:20:00+00:00,560.83,561.1,560.83,560.84,10254.0
2025-04-01 21:25:00+00:00,560.84,560.97,560.83,560.89,4392.0
2025-04-01 21:30:00+00:00,560.8904,560.8904,560.85,560.85,7354.0
2025-04-01 21:35:00+00:00,560.85,560.85,560.8,560.83,3999.0
2025-04-01 21:40:00+00:00,560.85,560.95,560.8,560.95,16423.0
2025-04-01 21:45:00+00:00,560.95,561.08,560.8,560.91,23539.0
2025-04-01 21:50:00+00:00,560.97,561.13,560.97,561.06,10924.0
2025-04-01 21:55:00+00:00,561.01,561.13,560.81,560.81,10254.0
2025-04-01 22:00:00+00:00,560.83,561.25,560.8,561.08,17903.0
2025-04-01 22:05:00+00:00,561.14,561.6893,561.11,561.58,20806.0
2025-04-01 22:10:00+00:00,561.72,563.0,561.72,562.2,38918.0
2025-04-01 22:15:00+00:00,562.09,562.59,561.88,562.38,21196.0
2025-04-01 22:20:00+00:00,562.4,562.52,562.195,562.4213,3289.0
2025-04-01 22:25:00+00:00,562.55,562.71,562.31,562.32,13707.0
2025-04-01 22:30:00+00:00,562.32,562.32,561.73,561.88,21696.0
2025-04-01 22:35:00+00:00,561.76,562.119,561.76,562.06,42340.0
2025-04-01 22:40:00+00:00,562.14,562.14,562.01,562.05,3004.0
2025-04-01 22:45:00+00:00,562.03,562.03,562.0,562.0,781.0
2025-04-01 22:50:00+00:00,562.0,562.03,561.82,561.85,13586.0
2025-04-01 22:55:00+00:00,561.79,561.94,561.7405,561.94,8170.0
2025-04-01 23:00:00+00:00,561.81,561.81,561.59,561.65,4720.0
2025-04-01 23:05:00+00:00,561.7,561.74,561.69,561.69,1557.0
2025-04-01 23:10:00+00:00,561.65,561.81,561.65,561.79,1930.0
2025-04-01 23:15:00+00:00,561.9,561.95,561.84,561.95,2306.0
2025-04-01 23:20:00+00:00,561.98,562.059,561.97,562.04,3809.0
2025-04-01 23:25:00+00:00,561.931,562.16,561.91,562.1401,12744.0
2025-04-01 23:30:00+00:00,562.22,562.27,562.2,562.2,1374.0
2025-04-01 23:35:00+00:00,562.21,562.21,562.1,562.1,3223.0
2025-04-01 23:40:00+00:00,562.0001,562.042,562.0,562.0,1636.0
2025-04-01 23:45:00+00:00,562.01,562.01,561.9,561.9,2165.0
2025-04-01 23:50:00+00:00,561.89,562.01,561.8,562.01,3234.0
2025-04-01 23:55:00+00:00,561.9,561.9494,561.77,561.78,7522.0
2025-04-02 08:00:00+00:00,559.66,559.66,559.2,559.23,3119.0
2025-04-02 08:05:00+00:00,559.22,559.22,558.97,559.04,2781.0
2025-04-02 08:10:00+00:00,559.1,559.4,559.05,559.19,10346.0
2025-04-02 08:15:00+00:00,559.19,559.27,559.19,559.23,1489.0
2025-04-02 08:20:00+00:00,559.32,559.62,559.32,559.47,1325.0
2025-04-02 08:30:00+00:00,559.62,560.01,559.62,560.01,720.0
2025-04-02 08:35:00+00:00,559.73,559.73,559.73,559.73,584.0
2025-04-02 08:40:00+00:00,560.13,560.16,559.98,559.98,2027.0
2025-04-02 08:45:00+00:00,559.77,559.77,559.77,559.77,240.0
2025-04-02 08:50:00+00:00,559.76,559.76,559.76,559.76,279.0
2025-04-02 08:55:00+00:00,559.5,559.53,559.36,559.36,5484.0
2025-04-02 09:00:00+00:00,559.34,559.47,559.28,559.47,3074.0
2025-04-02 09:05:00+00:00,559.62,559.8,559.62,559.79,882.0
2025-04-02 09:15:00+00:00,559.6,559.6,559.37,559.37,1671.0
2025-04-02 09:20:00+00:00,559.53,559.53,559.53,559.53,300.0
2025-04-02 09:30:00+00:00,559.09,559.09,559.09,559.09,270.0
2025-04-02 09:35:00+00:00,559.5,559.5,559.5,559.5,117.0
2025-04-02 09:50:00+00:00,559.29,559.31,559.12,559.12,1285.0
2025-04-02 09:55:00+00:00,559.25,559.25,559.0,559.04,4643.0
2025-04-02 10:00:00+00:00,559.1,559.19,557.77,558.45,88227.0
2025-04-02 10:05:00+00:00,558.5,558.82,558.29,558.74,41153.0
2025-04-02 10:10:00+00:00,558.65,558.75,558.38,558.75,31842.0
2025-04-02 10:15:00+00:00,558.73,558.94,558.73,558.9,4759.0
2025-04-02 10:20:00+00:00,558.56,558.67,558.48,558.48,11346.0
2025-04-02 10:25:00+00:00,558.42,558.55,557.95,558.47,13905.0
2025-04-02 10:30:00+00:00,558.47,558.52,558.2,558.22,28504.0
2025-04-02 10:35:00+00:00,558.16,558.16,557.69,558.02,56662.0
2025-04-02 10:40:00+00:00,558.0,558.04,557.6,557.82,50580.0
2025-04-02 10:45:00+00:00,557.75,558.25,557.75,558.2,7158.0
2025-04-02 10:50:00+00:00,558.27,558.3,558.18,558.29,6031.0
2025-04-02 10:55:00+00:00,558.19,558.19,557.84,557.95,18199.0
2025-04-02 11:00:00+00:00,557.99,557.99,557.5,557.58,25661.0
2025-04-02 11:05:00+00:00,557.5,558.25,557.46,558.04,38597.0
2025-04-02 11:10:00+00:00,558.14,558.14,557.9,557.9,4314.0
2025-04-02 11:15:00+00:00,557.9,558.1,557.74,558.1,21677.0
2025-04-02 11:20:00+00:00,558.08,558.08,557.85,557.92,2399.0
2025-04-02 11:25:00+00:00,557.99,558.06,557.64,557.65,21616.0
2025-04-02 11:30:00+00:00,557.68,558.0,557.56,557.82,6355.0
2025-04-02 11:35:00+00:00,557.8,557.8,557.5,557.63,7317.0
2025-04-02 11:40:00+00:00,557.5,557.66,557.2,557.65,19103.0
2025-04-02 11:45:00+00:00,557.6,557.88,557.52,557.87,42497.0
2025-04-02 11:50:00+00:00,557.68,557.7,557.43,557.49,3488.0
2025-04-02 11:55:00+00:00,557.54,557.54,557.11,557.16,10951.0
2025-04-02 12:00:00+00:00,557.53,560.83,556.61,556.85,109699.0
2025-04-02 12:05:00+00:00,556.83,556.86,556.01,556.0895,83480.0
2025-04-02 12:10:00+00:00,556.0,556.65,555.96,556.58,96579.0
2025-04-02 12:15:00+00:00,556.6,557.03,556.1,556.29,61812.0
2025-04-02 12:20:00+00:00,556.29,556.45,555.65,555.86,63931.0
2025-04-02 12:25:00+00:00,555.85,555.85,555.0,555.02,46227.0
2025-04-02 12:30:00+00:00,555.0397,555.71,555.0397,555.47,60743.0
2025-04-02 12:35:00+00:00,555.39,555.8,555.28,555.74,32326.0
2025-04-02 12:40:00+00:00,555.76,555.96,555.61,555.86,40494.0
2025-04-02 12:45:00+00:00,555.97,556.28,555.85,556.13,32796.0
2025-04-02 12:50:00+00:00,556.13,556.4,555.73,556.11,66596.0
2025-04-02 12:55:00+00:00,556.08,556.3,556.0,556.16,22422.0
2025-04-02 13:00:00+00:00,556.18,556.18,555.44,555.64,75715.0
2025-04-02 13:05:00+00:00,555.5999,556.2,555.5999,555.8882,16596.0
2025-04-02 13:10:00+00:00,555.76,555.9,555.5,555.6,24857.0
2025-04-02 13:15:00+00:00,555.55,555.66,555.4,555.52,32223.0
2025-04-02 13:20:00+00:00,555.6,555.87,555.27,555.27,44284.0
2025-04-02 13:25:00+00:00,555.27,555.43,554.84,555.05,122662.0
2025-04-02 13:30:00+00:00,555.05,557.0,554.81,556.94,1448785.0
2025-04-02 13:35:00+00:00,556.93,558.67,556.66,558.46,1869128.0
2025-04-02 13:40:00+00:00,558.49,559.0,558.02,558.815,1034627.0
2025-04-02 13:45:00+00:00,558.8,559.54,558.675,559.39,758351.0
2025-04-02 13:50:00+00:00,559.37,559.78,558.52,558.52,1150572.0
2025-04-02 13:55:00+00:00,558.54,559.49,558.41,558.73,424417.0
2025-04-02 14:00:00+00:00,558.71,560.63,558.4,560.45,657743.0
2025-04-02 14:05:00+00:00,560.51,560.6,558.81,559.07,506547.0
2025-04-02 14:10:00+00:00,559.0893,559.63,558.29,559.1588,472480.0
2025-04-02 14:15:00+00:00,559.09,560.23,558.906,560.13,370358.0
2025-04-02 14:20:00+00:00,560.16,560.67,559.68,560.58,365382.0
2025-04-02 14:25:00+00:00,560.6153,560.9162,559.81,560.86,400324.0
2025-04-02 14:30:00+00:00,560.845,561.57,560.65,560.95,516591.0
2025-04-02 14:35:00+00:00,560.94,561.13,560.34,560.975,398885.0
2025-04-02 14:40:00+00:00,560.94,561.41,560.45,560.77,330612.0
2025-04-02 14:45:00+00:00,560.83,561.39,560.73,561.305,314906.0
2025-04-02 14:50:00+00:00,561.275,561.545,561.1501,561.2301,284965.0
2025-04-02 14:55:00+00:00,561.24,562.2696,561.07,562.09,493624.0
2025-04-02 15:00:00+00:00,562.07,562.09,561.29,561.95,512388.0
2025-04-02 15:05:00+00:00,561.96,562.08,561.61,562.03,203622.0
2025-04-02 15:10:00+00:00,562.03,562.16,561.09,561.1,427643.0
2025-04-02 15:15:00+00:00,561.12,561.877,560.86,561.877,315633.0
2025-04-02 15:20:00+00:00,561.86,562.89,561.79,562.76,378787.0
2025-04-02 15:25:00+00:00,562.78,563.75,562.77,563.33,750978.0
2025-04-02 15:30:00+00:00,563.3,563.73,563.07,563.6,434425.0
2025-04-02 15:35:00+00:00,563.6,563.71,563.09,563.42,402879.0
2025-04-02 15:40:00+00:00,563.435,563.55,562.26,562.405,658000.0
2025-04-02 15:45:00+00:00,562.36,562.58,561.49,561.7,508771.0
2025-04-02 15:50:00+00:00,561.675,561.99,561.1022,561.84,423199.0
2025-04-02 15:55:00+00:00,561.84,562.67,561.7,562.2836,449441.0
2025-04-02 16:00:00+00:00,562.31,562.76,562.08,562.2891,326320.0
2025-04-02 16:05:00+00:00,562.32,562.7499,562.19,562.67,266287.0
2025-04-02 16:10:00+00:00,562.7,563.6,562.541,563.54,332349.0
2025-04-02 16:15:00+00:00,563.54,563.88,563.34,563.6888,432240.0
2025-04-02 16:20:00+00:00,563.66,563.98,563.42,563.8089,505304.0
2025-04-02 16:25:00+00:00,563.805,564.28,563.42,564.28,428652.0
2025-04-02 16:30:00+00:00,564.29,564.56,564.01,564.42,320074.0
2025-04-02 16:35:00+00:00,564.4,564.44,563.57,563.99,523631.0
2025-04-02 16:40:00+00:00,564.03,564.53,563.68,564.5,247046.0
2025-04-02 16:45:00+00:00,564.51,565.74,564.2175,565.66,685872.0
2025-04-02 16:50:00+00:00,565.65,566.06,565.18,565.5086,1009699.0
2025-04-02 16:55:00+00:00,565.515,565.848,565.14,565.68,462936.0
2025-04-02 17:00:00+00:00,565.69,566.23,565.62,566.1402,347749.0
2025-04-02 17:05:00+00:00,566.14,566.69,566.04,566.43,868067.0
2025-04-02 17:10:00+00:00,566.41,567.42,566.4,566.92,1018962.0
2025-04-02 17:15:00+00:00,566.93,566.95,566.49,566.72,458445.0
2025-04-02 17:20:00+00:00,566.73,566.75,565.91,566.54,681590.0
2025-04-02 17:25:00+00:00,566.52,566.5823,566.0393,566.0769,293645.0
2025-04-02 17:30:00+00:00,566.03,566.098903,565.22,565.5,580126.0
2025-04-02 17:35:00+00:00,565.505,565.515,564.78,565.27,399364.0
2025-04-02 17:40:00+00:00,565.31,565.52,564.175,564.5681,664172.0
2025-04-02 17:45:00+00:00,564.51,564.53,563.5431,563.89,425460.0
2025-04-02 17:50:00+00:00,563.88,563.925,563.21,563.84,632534.0
2025-04-02 17:55:00+00:00,563.81,564.3,563.69,564.1,487063.0
2025-04-02 18:00:00+00:00,564.08,564.45,563.44,563.48,634817.0
2025-04-02 18:05:00+00:00,563.47,563.48,562.06,562.88,516854.0
2025-04-02 18:10:00+00:00,562.88,563.25,562.49,563.02,334085.0
2025-04-02 18:15:00+00:00,563.0,563.21,562.34,562.55,482453.0
2025-04-02 18:20:00+00:00,562.55,562.88,561.93,562.1,394857.0
2025-04-02 18:25:00+00:00,562.07,562.53,561.1,561.1,480119.0
2025-04-02 18:30:00+00:00,561.11,562.1,560.96,562.08,586609.0
2025-04-02 18:35:00+00:00,562.09,563.3,561.87,563.275,626382.0
2025-04-02 18:40:00+00:00,563.3,563.785,563.07,563.35,664789.0
2025-04-02 18:45:00+00:00,563.36,563.51,562.84,563.3235,263324.0
2025-04-02 18:50:00+00:00,563.25,563.28,562.4701,562.78,312511.0
2025-04-02 18:55:00+00:00,562.77,562.77,561.1,561.11,427648.0
2025-04-02 19:00:00+00:00,561.15,562.8397,561.135,562.7798,459932.0
2025-04-02 19:05:00+00:00,562.76,562.9499,562.2917,562.62,340923.0
2025-04-02 19:10:00+00:00,562.6,562.7498,562.08,562.09,321904.0
2025-04-02 19:15:00+00:00,562.12,562.56,561.66,562.0598,391421.0
2025-04-02 19:20:00+00:00,562.02,562.95,561.98,562.74,352779.0
2025-04-02 19:25:00+00:00,562.73,563.3702,562.15,563.2,406764.0
2025-04-02 19:30:00+00:00,563.18,564.39,562.65,564.14,1101629.0
2025-04-02 19:35:00+00:00,564.13,564.54,563.73,564.079,549789.0
2025-04-02 19:40:00+00:00,564.06,564.9,563.93,564.71,874296.0
2025-04-02 19:45:00+00:00,564.71,565.52,564.71,565.32,783840.0
2025-04-02 19:50:00+00:00,565.3,565.58,564.82,565.08,1264222.0
2025-04-02 19:55:00+00:00,565.08,565.655,564.62,564.65,5436013.0
2025-04-02 20:00:00+00:00,564.62,564.9385,563.1423,564.55,1345087.0
2025-04-02 20:05:00+00:00,564.54,564.9311,563.03,564.16,989975.0
2025-04-02 20:10:00+00:00,564.23,569.55,562.78,568.77,3681348.0
2025-04-02 20:15:00+00:00,568.6,570.74,567.62,568.94,1146927.0
2025-04-02 20:20:00+00:00,568.99,569.21,566.6,568.58,841662.0
2025-04-02 20:25:00+00:00,568.71,569.0,555.5,556.47,3018557.0
2025-04-02 20:30:00+00:00,556.62,558.5,553.91,555.92,1838542.0
2025-04-02 20:35:00+00:00,555.8,556.89,551.0,553.47,1702312.0
2025-04-02 20:40:00+00:00,553.48,553.62,550.5,552.32,1554121.0
2025-04-02 20:45:00+00:00,552.3,554.0,551.07,553.39,838526.0
2025-04-02 20:50:00+00:00,553.36,553.36,551.58,551.83,630430.0
2025-04-02 20:55:00+00:00,551.62,552.94,551.49,552.29,805986.0
2025-04-02 21:00:00+00:00,552.3,552.42,551.2,552.0,342800.0
2025-04-02 21:05:00+00:00,552.2,552.25,550.85,550.97,450972.0
2025-04-02 21:10:00+00:00,550.96,551.0,548.99,549.5,649449.0
2025-04-02 21:15:00+00:00,549.4,551.17,549.26,550.9,379807.0
2025-04-02 21:20:00+00:00,550.76,551.2,550.14,550.86,153230.0
2025-04-02 21:25:00+00:00,550.92,550.99,549.6,549.85,269590.0
2025-04-02 21:30:00+00:00,549.88,550.59,549.24,550.3,205802.0
2025-04-02 21:35:00+00:00,550.3,550.3,549.6,549.9,165376.0
2025-04-02 21:40:00+00:00,549.9,549.97,548.75,548.8,271337.0
2025-04-02 21:45:00+00:00,548.83,548.83,547.57,548.0,190555.0
2025-04-02 21:50:00+00:00,548.07,549.25,548.0501,548.81,106274.0
2025-04-02 21:55:00+00:00,548.81,548.85,546.36,547.3,284286.0
2025-04-02 22:00:00+00:00,547.25,548.77,545.3,546.42,415351.0
2025-04-02 22:05:00+00:00,546.5,546.52,544.79,545.4999,339299.0
2025-04-02 22:10:00+00:00,545.48,545.9,544.5,545.17,124497.0
2025-04-02 22:15:00+00:00,545.29,545.51,543.94,544.11,167296.0
2025-04-02 22:20:00+00:00,544.15,544.4,542.2,544.28,217032.0
2025-04-02 22:25:00+00:00,544.45,545.65,543.81,545.45,145467.0
2025-04-02 22:30:00+00:00,545.45,545.9,544.89,545.49,89328.0
2025-04-02 22:35:00+00:00,545.64,546.85,545.32,545.34,103003.0
2025-04-02 22:40:00+00:00,545.5,545.8,544.9,545.3,53831.0
2025-04-02 22:45:00+00:00,545.35,546.5,545.31,546.28,34618.0
2025-04-02 22:50:00+00:00,546.5,547.3,546.5,546.65,57021.0
2025-04-02 22:55:00+00:00,546.6,547.5,546.2,546.58,100973.0
2025-04-02 23:00:00+00:00,546.48,546.48,544.25,544.83,65485.0
2025-04-02 23:05:00+00:00,544.81,545.71,544.0,545.59,67492.0
2025-04-02 23:10:00+00:00,545.39,546.1484,545.39,546.0,41323.0
2025-04-02 23:15:00+00:00,546.01,546.01,544.92,545.0,36799.0
2025-04-02 23:20:00+00:00,544.95,545.65,544.75,545.37,108086.0
2025-04-02 23:25:00+00:00,545.41,545.57,544.75,545.57,43818.0
2025-04-02 23:30:00+00:00,545.59,545.61,544.9994,545.02,22054.0
2025-04-02 23:35:00+00:00,545.07,545.22,544.93,545.03,43964.0
2025-04-02 23:40:00+00:00,545.0,545.0,544.2,544.35,58929.0
2025-04-02 23:45:00+00:00,544.24,545.0,544.0,544.7,65742.0
2025-04-02 23:50:00+00:00,544.62,544.94,544.11,544.3122,51981.0
2025-04-02 23:55:00+00:00,544.3187,545.1,544.2,544.83,46947.0
2025-04-03 08:00:00+00:00,548.0,548.38,547.46,548.23,44634.0
2025-04-03 08:05:00+00:00,548.38,548.38,547.8,548.21,9975.0
2025-04-03 08:10:00+00:00,548.04,548.5,547.9,548.32,15301.0
2025-04-03 08:15:00+00:00,548.2,548.89,548.2,548.8,16508.0
2025-04-03 08:20:00+00:00,548.74,548.8,548.33,548.66,6982.0
2025-04-03 08:25:00+00:00,548.72,549.13,548.63,548.82,8504.0
2025-04-03 08:30:00+00:00,549.08,549.38,548.79,548.79,10755.0
2025-04-03 08:35:00+00:00,548.8,549.35,548.8,549.33,11214.0
2025-04-03 08:40:00+00:00,549.03,549.05,548.66,548.66,4736.0
2025-04-03 08:45:00+00:00,548.29,548.51,548.29,548.29,18572.0
2025-04-03 08:50:00+00:00,548.5,548.54,548.4,548.4,4144.0
2025-04-03 08:55:00+00:00,548.37,549.11,548.35,548.88,22521.0
2025-04-03 09:00:00+00:00,548.92,549.33,548.88,549.05,27269.0
2025-04-03 09:05:00+00:00,548.99,549.05,548.24,548.24,15323.0
2025-04-03 09:10:00+00:00,548.06,548.06,547.7,547.79,5538.0
2025-04-03 09:15:00+00:00,547.56,547.75,547.35,547.6,10564.0
2025-04-03 09:20:00+00:00,547.54,547.83,547.35,547.55,4425.0
2025-04-03 09:25:00+00:00,547.54,547.57,547.11,547.11,8312.0
2025-04-03 09:30:00+00:00,547.31,547.34,547.23,547.23,6216.0
2025-04-03 09:35:00+00:00,547.45,547.92,547.45,547.9,3204.0
2025-04-03 09:40:00+00:00,547.7,547.7,547.52,547.68,4809.0
2025-04-03 09:45:00+00:00,547.47,547.47,546.34,546.34,18611.0
2025-04-03 09:50:00+00:00,546.64,546.67,546.27,546.5,14085.0
2025-04-03 09:55:00+00:00,546.36,546.76,546.36,546.54,18026.0
2025-04-03 10:00:00+00:00,546.6,547.0,546.3,546.47,22697.0
2025-04-03 10:05:00+00:00,546.18,546.68,545.95,546.68,35057.0
2025-04-03 10:10:00+00:00,546.69,547.0,545.54,545.55,31928.0
2025-04-03 10:15:00+00:00,545.4,546.12,545.36,545.69,20562.0
2025-04-03 10:20:00+00:00,545.7,545.92,545.08,545.64,10253.0
2025-04-03 10:25:00+00:00,546.0,546.0,545.28,545.4,23927.0
2025-04-03 10:30:00+00:00,545.39,546.01,545.39,545.47,19222.0
2025-04-03 10:35:00+00:00,545.71,545.78,545.38,545.54,14995.0
2025-04-03 10:40:00+00:00,545.5,545.97,545.0,545.96,29906.0
2025-04-03 10:45:00+00:00,546.03,546.12,544.8,544.84,74081.0
2025-04-03 10:50:00+00:00,544.87,545.49,544.36,545.49,83065.0
2025-04-03 10:55:00+00:00,545.54,545.75,545.44,545.44,29865.0
2025-04-03 11:00:00+00:00,545.53,545.65,545.14,545.5,61148.0
2025-04-03 11:05:00+00:00,545.63,546.46,545.4,546.0,73560.0
2025-04-03 11:10:00+00:00,545.89,546.75,545.701,546.6,74612.0
2025-04-03 11:15:00+00:00,546.43,546.72,545.81,545.81,18500.0
2025-04-03 11:20:00+00:00,545.75,545.92,545.59,545.67,29606.0
2025-04-03 11:25:00+00:00,545.6,545.77,545.13,545.68,59251.0
2025-04-03 11:30:00+00:00,545.61,545.61,544.78,544.9,59754.0
2025-04-03 11:35:00+00:00,544.9,546.41,544.9,546.09,111793.0
2025-04-03 11:40:00+00:00,546.13,546.17,545.72,545.98,98430.0
2025-04-03 11:45:00+00:00,546.17,546.29,545.83,545.96,37623.0
2025-04-03 11:50:00+00:00,546.0,546.2,545.7,545.9,25939.0
2025-04-03 11:55:00+00:00,545.9,546.37,545.63,546.0,76828.0
2025-04-03 12:00:00+00:00,545.35,550.09,544.62,546.12,356759.0
2025-04-03 12:05:00+00:00,546.07,546.98,546.0,546.87,121690.0
2025-04-03 12:10:00+00:00,546.89,547.7,546.7,547.3,162543.0
2025-04-03 12:15:00+00:00,547.1499,547.1499,546.46,546.5222,131892.0
2025-04-03 12:20:00+00:00,546.48,546.72,546.1019,546.1605,77305.0
2025-04-03 12:25:00+00:00,546.15,546.33,545.86,545.86,84211.0
2025-04-03 12:30:00+00:00,545.8573,546.24,545.38,545.42,103088.0
2025-04-03 12:35:00+00:00,545.5,545.78,544.8,545.1,103830.0
2025-04-03 12:40:00+00:00,545.0,545.32,544.42,544.73,125930.0
2025-04-03 12:45:00+00:00,544.58,544.6,543.63,543.89,146069.0
2025-04-03 12:50:00+00:00,543.88,544.8399,543.8,544.44,103840.0
2025-04-03 12:55:00+00:00,544.38,544.5,543.55,543.68,62142.0
2025-04-03 13:00:00+00:00,543.51,543.98,543.188,543.87,125897.0
2025-04-03 13:05:00+00:00,543.8799,544.25,543.22,544.1,109867.0
2025-04-03 13:10:00+00:00,544.22,544.68,543.87,544.0,113035.0
2025-04-03 13:15:00+00:00,543.96,544.27,543.71,543.95,52477.0
2025-04-03 13:20:00+00:00,544.0,544.0,543.38,543.46,106283.0
2025-04-03 13:25:00+00:00,543.5,545.4,543.38,545.06,327846.0
2025-04-03 13:30:00+00:00,545.11,547.97,544.89,547.51,4623048.0
2025-04-03 13:35:00+00:00,547.52,547.8557,546.23,547.71,2600163.0
2025-04-03 13:40:00+00:00,547.71,547.7325,545.78,546.32,1898676.0
2025-04-03 13:45:00+00:00,546.32,546.37,544.97,545.27,1803101.0
2025-04-03 13:50:00+00:00,545.26,547.16,545.21,545.52,1689436.0
2025-04-03 13:55:00+00:00,545.54,546.0647,544.18,544.92,2057294.0
2025-04-03 14:00:00+00:00,544.86,545.22,543.02,543.23,1712698.0
2025-04-03 14:05:00+00:00,543.25,544.01,542.78,542.98,1848781.0
2025-04-03 14:10:00+00:00,542.97,543.1424,542.0,542.6899,1397032.0
2025-04-03 14:15:00+00:00,542.68,543.46,542.14,542.19,1873842.0
2025-04-03 14:20:00+00:00,542.185,542.516269,541.57,541.89,1580861.0
2025-04-03 14:25:00+00:00,541.85,543.74,541.81,543.07,2058891.0
2025-04-03 14:30:00+00:00,543.04,543.9,542.5736,542.66,1601629.0
2025-04-03 14:35:00+00:00,542.67,543.01,542.11,542.24,1060120.0
2025-04-03 14:40:00+00:00,542.24,542.86,541.59,542.19,1086974.0
2025-04-03 14:45:00+00:00,542.14,542.25,540.76,540.9099,1073483.0
2025-04-03 14:50:00+00:00,540.88,541.28,540.1,540.65,1876573.0
2025-04-03 14:55:00+00:00,540.64,540.97,540.15,540.19,1777867.0
2025-04-03 15:00:00+00:00,540.2,540.7663,539.98,540.7,1453347.0
2025-04-03 15:05:00+00:00,540.69,540.77,539.58,540.17,1677393.0
2025-04-03 15:10:00+00:00,540.19,542.19,540.1,541.46,1451998.0
2025-04-03 15:15:00+00:00,541.44,542.47,541.42,542.225,1441049.0
2025-04-03 15:20:00+00:00,542.21,542.39,541.19,542.005,1135544.0
2025-04-03 15:25:00+00:00,542.0,542.77,541.71,541.73,911709.0
2025-04-03 15:30:00+00:00,541.78,543.07,541.64,542.76,1117987.0
2025-04-03 15:35:00+00:00,542.78,543.54,541.9312,543.4601,1148707.0
2025-04-03 15:40:00+00:00,543.46,544.31,543.455,543.9,1312902.0
2025-04-03 15:45:00+00:00,543.92,544.18,542.68,543.12,1077160.0
2025-04-03 15:50:00+00:00,543.11,543.43,542.09,543.405025,834948.0
2025-04-03 15:55:00+00:00,543.38,544.4199,543.2,543.51,677985.0
2025-04-03 16:00:00+00:00,543.51,544.88,543.39,543.93,720945.0
2025-04-03 16:05:00+00:00,543.95,544.67,543.63,543.7,789108.0
2025-04-03 16:10:00+00:00,543.74,545.26,543.62,545.05,978023.0
2025-04-03 16:15:00+00:00,545.02,545.7,544.79,545.59,708508.0
2025-04-03 16:20:00+00:00,545.59,545.96,545.13,545.6403,801288.0
2025-04-03 16:25:00+00:00,545.67,545.925,544.57,545.92,727278.0
2025-04-03 16:30:00+00:00,545.94,546.36,544.18,544.22,1156285.0
2025-04-03 16:35:00+00:00,544.21,544.615,543.96,544.3197,694883.0
2025-04-03 16:40:00+00:00,544.26,545.73,544.26,544.56,862693.0
2025-04-03 16:45:00+00:00,544.565,544.97,544.1,544.97,518848.0
2025-04-03 16:50:00+00:00,544.93,544.99,543.28,543.375,900115.0
2025-04-03 16:55:00+00:00,543.36,543.67,542.985,543.44,754184.0
2025-04-03 17:00:00+00:00,543.46,544.175,543.19,543.5199,658385.0
2025-04-03 17:05:00+00:00,543.46,544.37,543.28,543.3199,584218.0
2025-04-03 17:10:00+00:00,543.32,543.93,542.895,543.47,499403.0
2025-04-03 17:15:00+00:00,543.455,543.64,542.91,543.09,539186.0
2025-04-03 17:20:00+00:00,543.11,543.57,541.92,542.43,654900.0
2025-04-03 17:25:00+00:00,542.44,542.7,542.04,542.26,485512.0
2025-04-03 17:30:00+00:00,542.24,542.65,541.91,542.62,471232.0
2025-04-03 17:35:00+00:00,542.63,543.52,542.57,543.12,697656.0
2025-04-03 17:40:00+00:00,543.11,543.58,542.85,543.46,480075.0
2025-04-03 17:45:00+00:00,543.45,543.79,542.79,542.93,684247.0
2025-04-03 17:50:00+00:00,542.94,543.04,542.3,542.655,472217.0
2025-04-03 17:55:00+00:00,542.65,542.66,541.77,541.85,569798.0
2025-04-03 18:00:00+00:00,541.84,542.53,541.74,541.78,664851.0
2025-04-03 18:05:00+00:00,541.8099,541.88,541.25,541.5501,638919.0
2025-04-03 18:10:00+00:00,541.55,541.66,540.7,540.78,665324.0
2025-04-03 18:15:00+00:00,540.77,541.12,540.39,540.66,621374.0
2025-04-03 18:20:00+00:00,540.675,541.3982,540.365,540.65,650242.0
2025-04-03 18:25:00+00:00,540.6799,541.01,540.42,540.79,1015393.0
2025-04-03 18:30:00+00:00,540.77,541.53,539.9402,540.42,1344937.0
2025-04-03 18:35:00+00:00,540.38,541.47,540.28,541.22,644728.0
2025-04-03 18:40:00+00:00,541.22,542.0899,541.055,541.97,1087040.0
2025-04-03 18:45:00+00:00,541.98,542.24,541.31,542.19,585649.0
2025-04-03 18:50:00+00:00,542.18,542.35,541.54,541.73,602858.0
2025-04-03 18:55:00+00:00,541.71,542.03,541.15,541.79,851190.0
2025-04-03 19:00:00+00:00,541.77,541.95,541.21,541.46,711868.0
2025-04-03 19:05:00+00:00,541.41,542.0,541.35,541.43,591676.0
2025-04-03 19:10:00+00:00,541.41,541.7499,540.78,540.9,1459154.0
2025-04-03 19:15:00+00:00,540.94,540.9498,538.55,539.56,2281513.0
2025-04-03 19:20:00+00:00,539.57,540.0747,538.82,539.43,1392006.0
2025-04-03 19:25:00+00:00,539.41,539.93,538.79,539.03,1425592.0
2025-04-03 19:30:00+00:00,539.04,539.26,538.12,538.345,1738768.0
2025-04-03 19:35:00+00:00,538.32,538.7707,538.01,538.64,1894352.0
2025-04-03 19:40:00+00:00,538.65,539.63,538.37,539.46,1493245.0
2025-04-03 19:45:00+00:00,539.46,539.57,537.76,538.05,3014314.0
2025-04-03 19:50:00+00:00,538.06,538.53,537.57,538.41,2945936.0
2025-04-03 19:55:00+00:00,538.42,538.56,536.9,537.64,9346290.0
2025-04-03 20:00:00+00:00,537.68,537.89,536.65,537.6,1149409.0
2025-04-03 20:05:00+00:00,537.5991,537.82,537.44,537.68,1307970.0
2025-04-03 20:10:00+00:00,537.66,537.74,537.22,537.45,8812693.0
2025-04-03 20:15:00+00:00,537.33,538.76,536.87,536.95,210224.0
2025-04-03 20:20:00+00:00,536.91,537.09,536.83,536.83,105049.0
2025-04-03 20:25:00+00:00,536.82,536.82,535.66,535.66,331572.0
2025-04-03 20:30:00+00:00,535.6797,536.68,535.65,536.09,216884.0
2025-04-03 20:35:00+00:00,536.09,536.25,535.65,535.75,268093.0
2025-04-03 20:40:00+00:00,535.74,536.1,535.67,536.05,264773.0
2025-04-03 20:45:00+00:00,536.07,536.15,535.94,535.97,48240.0
2025-04-03 20:50:00+00:00,535.94,536.25,535.8901,536.25,156358.0
2025-04-03 20:55:00+00:00,536.24,536.379,536.15,536.21,41734.0
2025-04-03 21:00:00+00:00,536.25,536.38,536.17,536.17,51757.0
2025-04-03 21:05:00+00:00,536.19,536.3602,536.16,536.3602,31957.0
2025-04-03 21:10:00+00:00,536.37,536.73,536.37,536.73,54375.0
2025-04-03 21:15:00+00:00,536.52,536.63,536.38,536.38,25316.0
2025-04-03 21:20:00+00:00,536.41,536.55,536.33,536.4,39987.0
2025-04-03 21:25:00+00:00,536.4,536.4,536.3,536.3999,11646.0
2025-04-03 21:30:00+00:00,536.48,536.55,536.25,536.26,43519.0
2025-04-03 21:35:00+00:00,536.25,536.3799,536.16,536.3799,13315.0
2025-04-03 21:40:00+00:00,536.28,536.47,536.28,536.45,10049.0
2025-04-03 21:45:00+00:00,536.49,536.55,536.44,536.48,33576.0
2025-04-03 21:50:00+00:00,536.48,536.65,536.48,536.58,12177.0
2025-04-03 21:55:00+00:00,536.57,536.6399,536.45,536.59,8224.0
2025-04-03 22:00:00+00:00,536.45,537.19,536.35,537.09,111570.0
2025-04-03 22:05:00+00:00,536.9983,537.0,536.18,536.34,20407.0
2025-04-03 22:10:00+00:00,536.38,536.38,535.95,536.12,29514.0
2025-04-03 22:15:00+00:00,536.19,536.42,535.87,535.87,23577.0
2025-04-03 22:20:00+00:00,535.92,535.96,535.11,535.15,63718.0
2025-04-03 22:25:00+00:00,535.26,535.65,534.91,535.65,36127.0
2025-04-03 22:30:00+00:00,535.71,536.0,535.71,535.82,10705.0
2025-04-03 22:35:00+00:00,535.93,536.15,535.83,536.15,9534.0
2025-04-03 22:40:00+00:00,535.85,536.2,535.83,536.181,17419.0
2025-04-03 22:45:00+00:00,536.17,536.25,536.061,536.13,4079.0
2025-04-03 22:50:00+00:00,536.13,536.35,535.9,535.9,6594.0
2025-04-03 22:55:00+00:00,535.883,536.25,535.883,536.21,4056.0
2025-04-03 23:00:00+00:00,536.12,536.42,535.84,535.91,18900.0
2025-04-03 23:05:00+00:00,535.97,536.22,535.91,536.0299,7852.0
2025-04-03 23:10:00+00:00,535.82,536.1,535.8,536.0899,6245.0
2025-04-03 23:15:00+00:00,536.02,536.03,535.7,535.7,10136.0
2025-04-03 23:20:00+00:00,535.6,536.0,535.4,536.0,90077.0
2025-04-03 23:25:00+00:00,536.0301,536.43,536.0301,536.43,15987.0
2025-04-03 23:30:00+00:00,536.43,536.61,536.28,536.56,22087.0
2025-04-03 23:35:00+00:00,536.56,536.69,536.53,536.53,4026.0
2025-04-03 23:40:00+00:00,536.55,536.72,536.5412,536.7,36449.0
2025-04-03 23:45:00+00:00,536.54,536.9899,536.5,536.95,25027.0
2025-04-03 23:50:00+00:00,536.989,537.0,536.5,536.6598,16179.0
2025-04-03 23:55:00+00:00,536.58,536.58,536.299,536.38,15979.0
2025-04-04 08:00:00+00:00,535.28,535.28,533.87,534.03,19930.0
2025-04-04 08:05:00+00:00,534.06,534.1,533.46,533.96,13108.0
2025-04-04 08:10:00+00:00,534.03,534.1,533.76,533.84,5678.0
2025-04-04 08:15:00+00:00,533.52,534.14,533.52,534.11,2326.0
2025-04-04 08:20:00+00:00,534.22,534.86,534.22,534.83,9801.0
2025-04-04 08:25:00+00:00,534.7,535.06,534.35,534.35,7661.0
2025-04-04 08:30:00+00:00,534.16,534.36,533.35,533.35,7644.0
2025-04-04 08:35:00+00:00,533.24,533.77,533.17,533.77,6349.0
2025-04-04 08:40:00+00:00,533.58,533.58,533.15,533.55,5418.0
2025-04-04 08:45:00+00:00,533.68,533.99,533.34,533.94,8280.0
2025-04-04 08:50:00+00:00,533.91,534.37,533.91,534.37,3068.0
2025-04-04 08:55:00+00:00,533.7,533.7,533.14,533.44,5989.0
2025-04-04 09:00:00+00:00,533.53,533.53,532.82,533.02,6339.0
2025-04-04 09:05:00+00:00,533.26,533.55,532.76,533.55,7031.0
2025-04-04 09:10:00+00:00,533.41,533.41,532.96,533.19,3690.0
2025-04-04 09:15:00+00:00,533.2,533.8,533.2,533.64,4994.0
2025-04-04 09:20:00+00:00,533.51,533.71,533.51,533.67,1395.0
2025-04-04 09:25:00+00:00,532.95,532.95,532.61,532.75,2958.0
2025-04-04 09:30:00+00:00,532.77,533.14,532.07,533.06,28408.0
2025-04-04 09:35:00+00:00,533.12,533.72,533.1,533.72,7516.0
2025-04-04 09:40:00+00:00,533.35,533.79,533.35,533.49,10188.0
2025-04-04 09:45:00+00:00,533.39,533.85,533.23,533.83,13565.0
2025-04-04 09:50:00+00:00,533.63,533.63,532.97,532.99,7418.0
2025-04-04 09:55:00+00:00,533.16,533.17,532.69,532.88,12075.0
2025-04-04 10:00:00+00:00,533.24,533.88,533.18,533.51,3320.0
2025-04-04 10:05:00+00:00,532.96,533.65,530.58,530.59,158916.0
2025-04-04 10:10:00+00:00,530.72,531.0,529.68,530.04,117788.0
2025-04-04 10:15:00+00:00,530.09,530.33,528.26,528.66,178683.0
2025-04-04 10:20:00+00:00,528.63,528.63,524.32,526.65,214110.0
2025-04-04 10:25:00+00:00,526.68,527.14,523.33,523.54,364348.0
2025-04-04 10:30:00+00:00,523.76,526.45,523.68,525.15,208735.0
2025-04-04 10:35:00+00:00,525.34,526.44,525.3,525.78,80947.0
2025-04-04 10:40:00+00:00,525.77,525.77,523.3,523.97,194873.0
2025-04-04 10:45:00+00:00,523.77,524.12,522.79,523.66,223873.0
2025-04-04 10:50:00+00:00,523.85,523.95,520.8,521.01,286246.0
2025-04-04 10:55:00+00:00,521.28,522.5,520.75,521.8,120047.0
2025-04-04 11:00:00+00:00,521.97,523.69,521.85,523.5,153423.0
2025-04-04 11:05:00+00:00,523.5,523.68,521.34,522.01,154266.0
2025-04-04 11:10:00+00:00,521.95,522.48,521.29,521.67,221115.0
2025-04-04 11:15:00+00:00,521.67,522.75,521.32,521.86,404042.0
2025-04-04 11:20:00+00:00,521.84,521.84,520.5,521.0,117746.0
2025-04-04 11:25:00+00:00,521.11,521.13,517.24,517.59,215602.0
2025-04-04 11:30:00+00:00,517.49,518.35,515.95,518.25,291684.0
2025-04-04 11:35:00+00:00,518.33,520.76,518.33,520.5,332856.0
2025-04-04 11:40:00+00:00,520.53,520.53,517.9,517.9,176740.0
2025-04-04 11:45:00+00:00,517.91,519.67,517.83,518.54,141471.0
2025-04-04 11:50:00+00:00,518.56,520.12,518.53,520.12,138737.0
2025-04-04 11:55:00+00:00,520.13,523.24,520.12,523.01,575246.0
2025-04-04 12:00:00+00:00,523.01,537.0,516.0,522.1,794112.0
2025-04-04 12:05:00+00:00,522.03,522.52,520.28,520.5,167602.0
2025-04-04 12:10:00+00:00,520.68,522.62,520.31,522.62,151515.0
2025-04-04 12:15:00+00:00,522.5,524.0,522.32,522.65,312573.0
2025-04-04 12:20:00+00:00,522.6796,523.27,521.36,521.5,212946.0
2025-04-04 12:25:00+00:00,521.8,523.67,521.6,523.11,239409.0
2025-04-04 12:30:00+00:00,523.3,525.68,522.42,524.98,703182.0
2025-04-04 12:35:00+00:00,524.92,525.58,520.8,521.39,382384.0
2025-04-04 12:40:00+00:00,521.5,524.37,521.0,524.29,155678.0
2025-04-04 12:45:00+00:00,524.31,524.92,523.12,524.78,665071.0
2025-04-04 12:50:00+00:00,524.85,525.64,523.01,524.73,386375.0
2025-04-04 12:55:00+00:00,524.716,525.0,523.81,524.82,190233.0
2025-04-04 13:00:00+00:00,524.93,526.43,524.75,526.0,395181.0
2025-04-04 13:05:00+00:00,526.0,526.56,524.28,525.46,283529.0
2025-04-04 13:10:00+00:00,525.68,525.7,524.32,524.35,308504.0
2025-04-04 13:15:00+00:00,524.26,524.9,523.61,524.46,157987.0
2025-04-04 13:20:00+00:00,524.51,524.68,523.34,524.14,221439.0
2025-04-04 13:25:00+00:00,524.04,524.69,522.82,523.73,721499.0
2025-04-04 13:30:00+00:00,523.67,525.87,522.33,523.83,4528183.0
2025-04-04 13:35:00+00:00,523.85,524.21,520.82,521.67,3647214.0
2025-04-04 13:40:00+00:00,521.64,521.85,519.15,520.22,3710887.0
2025-04-04 13:45:00+00:00,520.22,523.13,519.58,521.24,2809443.0
2025-04-04 13:50:00+00:00,521.22,523.34,521.07,521.32,2409986.0
2025-04-04 13:55:00+00:00,521.31,524.49,520.59,523.18,2686560.0
2025-04-04 14:00:00+00:00,523.18,523.26,521.41,521.97,1448593.0
2025-04-04 14:05:00+00:00,521.98,522.52,519.7245,519.78,2141157.0
2025-04-04 14:10:00+00:00,519.77,519.82,518.0,518.48,1991888.0
2025-04-04 14:15:00+00:00,518.42,519.11,517.1,518.64,2065149.0
2025-04-04 14:20:00+00:00,518.49,519.49,517.1942,517.76,1526233.0
2025-04-04 14:25:00+00:00,517.73,518.06,516.24,516.29,1634557.0
2025-04-04 14:30:00+00:00,516.26,517.53,515.61,515.6799,2414727.0
2025-04-04 14:35:00+00:00,515.66,516.27,514.61,516.05,2598128.0
2025-04-04 14:40:00+00:00,516.06,516.17,514.41,514.61,1790196.0
2025-04-04 14:45:00+00:00,514.62,514.73,511.37,511.37,3307510.0
2025-04-04 14:50:00+00:00,511.41,515.03,510.05,514.27,4520186.0
2025-04-04 14:55:00+00:00,514.2588,516.39,513.39,515.525,2134042.0
2025-04-04 15:00:00+00:00,515.47,520.84,514.79,520.3499,4845342.0
2025-04-04 15:05:00+00:00,520.35,520.81,517.29,518.59,2871919.0
2025-04-04 15:10:00+00:00,518.49,521.9301,518.15,520.905,3125770.0
2025-04-04 15:15:00+00:00,520.86,522.59,519.81,519.81,2559894.0
2025-04-04 15:20:00+00:00,519.83,521.9091,519.63,521.3,2302047.0
2025-04-04 15:25:00+00:00,521.3,521.3,516.21,516.35,3343366.0
2025-04-04 15:30:00+00:00,516.4,517.88,515.78,516.36,1676537.0
2025-04-04 15:35:00+00:00,516.41,516.89,514.0,514.87,2205073.0
2025-04-04 15:40:00+00:00,514.82,516.66,514.32,515.935,1552108.0
2025-04-04 15:45:00+00:00,515.95,518.17,514.84,517.7496,1482398.0
2025-04-04 15:50:00+00:00,517.78,518.35,515.92,516.63,1194253.0
2025-04-04 15:55:00+00:00,516.69,517.55,514.74,514.96,1297964.0
2025-04-04 16:00:00+00:00,514.98,516.6,514.845,515.3,1010622.0
2025-04-04 16:05:00+00:00,515.34,517.4585,515.2,515.56,1154615.0
2025-04-04 16:10:00+00:00,515.55,517.22,515.32,516.67,970091.0
2025-04-04 16:15:00+00:00,516.72,517.05,513.15,513.43,1207746.0
2025-04-04 16:20:00+00:00,513.47,513.72,512.14,512.9,934980.0
2025-04-04 16:25:00+00:00,512.92,513.18,511.86,512.39,1051383.0
2025-04-04 16:30:00+00:00,512.34,512.75,511.25,511.26,1361526.0
2025-04-04 16:35:00+00:00,511.25,514.08,510.91,513.7,1637629.0
2025-04-04 16:40:00+00:00,513.7,514.36,512.07,512.11,1443785.0
2025-04-04 16:45:00+00:00,512.125,512.37,511.31,511.5275,977473.0
2025-04-04 16:50:00+00:00,511.5,512.9,511.2,512.165,952052.0
2025-04-04 16:55:00+00:00,512.15,513.16,511.86,512.075,1088449.0
2025-04-04 17:00:00+00:00,512.08,513.59,511.53,512.41,1029709.0
2025-04-04 17:05:00+00:00,512.3857,512.89,511.11,511.545,1181778.0
2025-04-04 17:10:00+00:00,511.555,511.65,509.44,509.75,1938411.0
2025-04-04 17:15:00+00:00,509.67,509.79,508.325,509.61,1630166.0
2025-04-04 17:20:00+00:00,509.61,510.92,509.38,510.835,1652866.0
2025-04-04 17:25:00+00:00,510.8466,512.08,510.8466,511.16,1682721.0
2025-04-04 17:30:00+00:00,511.16,512.15,509.749,511.42,1528886.0
2025-04-04 17:35:00+00:00,511.46,513.89,511.21,513.17,1495924.0
2025-04-04 17:40:00+00:00,513.14,514.06,512.66,512.7634,1715100.0
2025-04-04 17:45:00+00:00,512.79,514.64,512.31,514.48,1544715.0
2025-04-04 17:50:00+00:00,514.49,514.5838,512.88,513.45,1708411.0
2025-04-04 17:55:00+00:00,513.51,514.59,512.24,514.57,1114057.0
2025-04-04 18:00:00+00:00,514.59,515.82,514.32,514.62,1741955.0
2025-04-04 18:05:00+00:00,514.64,514.98,512.32,512.6007,1984314.0
2025-04-04 18:10:00+00:00,512.67,512.78,511.42,511.56,1303138.0
2025-04-04 18:15:00+00:00,511.5,511.582,510.11,510.38,1085297.0
2025-04-04 18:20:00+00:00,510.36,510.57,509.24,509.32,1774326.0
2025-04-04 18:25:00+00:00,509.32,509.5691,508.56,508.8,1306673.0
2025-04-04 18:30:00+00:00,508.91,509.26,507.89,508.485,2166786.0
2025-04-04 18:35:00+00:00,508.46,509.0,506.91,507.12,2729118.0
2025-04-04 18:40:00+00:00,507.12,507.36,505.52,505.87,1697413.0
2025-04-04 18:45:00+00:00,505.87,508.12,505.63,507.93,2017022.0
2025-04-04 18:50:00+00:00,507.95,508.97,507.09,508.38,1898886.0
2025-04-04 18:55:00+00:00,508.34,508.72,507.16,507.78,1503610.0
2025-04-04 19:00:00+00:00,507.78,508.51,506.51,507.44,1748409.0
2025-04-04 19:05:00+00:00,507.5,508.0,506.39,507.81,1695139.0
2025-04-04 19:10:00+00:00,507.82,510.67,507.4419,510.165,2114327.0
2025-04-04 19:15:00+00:00,510.125,510.23,507.62,508.11,2106265.0
2025-04-04 19:20:00+00:00,508.07,511.37,508.02,511.27,2457673.0
2025-04-04 19:25:00+00:00,511.28,512.04,509.86,510.52,2243808.0
2025-04-04 19:30:00+00:00,510.53,513.4,509.97,513.3,2842197.0
2025-04-04 19:35:00+00:00,513.28,513.9197,511.26,512.15,3512212.0
2025-04-04 19:40:00+00:00,512.14,512.7,511.12,512.2183,2928161.0
2025-04-04 19:45:00+00:00,512.16,513.16,509.36,509.7288,3688238.0
2025-04-04 19:50:00+00:00,509.75,509.75,506.14,506.56,5798781.0
2025-04-04 19:55:00+00:00,506.57,506.6,505.06,505.5,12141386.0
2025-04-04 20:00:00+00:00,505.52,506.28,503.59,504.29,3901666.0
2025-04-04 20:05:00+00:00,504.57,514.419798,504.52,505.03,2947882.0
2025-04-04 20:10:00+00:00,505.0,505.588,503.63,505.22,8471437.0
2025-04-04 20:15:00+00:00,505.15,505.24,504.0,504.03,439164.0
2025-04-04 20:20:00+00:00,504.27,504.51,502.41,502.8,532039.0
2025-04-04 20:25:00+00:00,502.79,505.5866,502.19,503.02,290992.0
2025-04-04 20:30:00+00:00,503.2,504.0,502.86,503.61,276284.0
2025-04-04 20:35:00+00:00,503.74,505.0,503.44,504.5,347050.0
2025-04-04 20:40:00+00:00,504.43,505.19,504.14,505.18,202043.0
2025-04-04 20:45:00+00:00,505.2,505.52,504.81,504.86,309139.0
2025-04-04 20:50:00+00:00,505.0,505.1,504.7,504.7515,105796.0
2025-04-04 20:55:00+00:00,504.82,504.83,504.5,504.5,57933.0
2025-04-04 21:00:00+00:00,504.6725,505.25,504.56,505.08,140752.0
2025-04-04 21:05:00+00:00,505.03,505.05,504.85,504.87,30405.0
2025-04-04 21:10:00+00:00,504.9,505.05,504.8,505.0,50122.0
2025-04-04 21:15:00+00:00,505.0,505.05,504.95,505.0,58423.0
2025-04-04 21:20:00+00:00,504.98,505.0293,504.95,505.02,28971.0
2025-04-04 21:25:00+00:00,505.02,505.16,504.99,505.03,74704.0
2025-04-04 21:30:00+00:00,505.03,505.65,505.01,505.51,57613.0
2025-04-04 21:35:00+00:00,505.6,505.7993,505.51,505.76,46866.0
2025-04-04 21:40:00+00:00,505.79,506.25,505.79,506.169,43419.0
2025-04-04 21:45:00+00:00,506.13,506.26,505.69,505.95,349796.0
2025-04-04 21:50:00+00:00,505.95,505.95,505.4,505.5,19907.0
2025-04-04 21:55:00+00:00,505.32,505.32,504.87,505.0799,38167.0
2025-04-04 22:00:00+00:00,504.94,505.18,504.91,505.1099,24515.0
2025-04-04 22:05:00+00:00,505.1,505.1699,504.6404,504.76,17729.0
2025-04-04 22:10:00+00:00,504.82,504.8903,504.7601,504.8,3763.0
2025-04-04 22:15:00+00:00,504.75,505.59,504.65,504.8738,16635.0
2025-04-04 22:20:00+00:00,505.59,505.59,504.87,505.06,1407245.0
2025-04-04 22:25:00+00:00,505.12,505.3475,505.1,505.2387,20967.0
2025-04-04 22:30:00+00:00,505.3,505.3509,505.05,505.2,19811.0
2025-04-04 22:35:00+00:00,505.2,505.42,505.05,505.36,22034.0
2025-04-04 22:40:00+00:00,505.4186,505.43,505.3,505.41,12561.0
2025-04-04 22:45:00+00:00,505.43,505.55,505.33,505.33,23217.0
2025-04-04 22:50:00+00:00,505.35,505.35,505.05,505.2,18307.0
2025-04-04 22:55:00+00:00,505.08,505.2,504.78,505.2,21105.0
2025-04-04 23:00:00+00:00,504.95,504.95,504.86,504.91,5709.0
2025-04-04 23:05:00+00:00,505.14,505.14,505.0,505.0,3745.0
2025-04-04 23:10:00+00:00,504.9984,504.9984,504.5,504.52,12836.0
2025-04-04 23:15:00+00:00,504.65,504.86,504.52,504.83,21775.0
2025-04-04 23:20:00+00:00,504.6,504.9,504.5,504.82,21525.0
2025-04-04 23:25:00+00:00,504.83,504.88,504.75,504.84,11058.0
2025-04-04 23:30:00+00:00,504.81,504.81,504.45,504.5575,22628.0
2025-04-04 23:35:00+00:00,504.5003,504.6,504.47,504.57,8995.0
2025-04-04 23:40:00+00:00,504.56,504.7,504.5,504.64,9736.0
2025-04-04 23:45:00+00:00,504.63,504.9,504.63,504.75,19658.0
2025-04-04 23:50:00+00:00,504.75,505.35,504.7489,505.27,24364.0
2025-04-04 23:55:00+00:00,505.38,505.67,505.25,505.5,30092.0
2025-04-07 08:00:00+00:00,486.9,491.09,482.96,488.5,164001.0
2025-04-07 08:05:00+00:00,488.37,488.7,486.8,488.18,103169.0
2025-04-07 08:10:00+00:00,488.08,488.35,485.73,487.0,101124.0
2025-04-07 08:15:00+00:00,487.0,490.07,487.0,489.57,130364.0
2025-04-07 08:20:00+00:00,489.68,489.94,488.23,489.3,59525.0
2025-04-07 08:25:00+00:00,489.41,489.9,487.94,488.99,114246.0
2025-04-07 08:30:00+00:00,488.65,489.64,487.4,489.64,65871.0
2025-04-07 08:35:00+00:00,489.7,490.68,489.15,489.82,54031.0
2025-04-07 08:40:00+00:00,489.96,490.54,489.62,489.92,33587.0
2025-04-07 08:45:00+00:00,489.8,490.31,488.9,489.46,60416.0
2025-04-07 08:50:00+00:00,489.21,490.19,488.36,488.36,60212.0
2025-04-07 08:55:00+00:00,488.51,488.86,487.84,487.87,42880.0
2025-04-07 09:00:00+00:00,487.77,488.77,487.49,487.89,52540.0
2025-04-07 09:05:00+00:00,487.76,487.88,486.31,486.66,60379.0
2025-04-07 09:10:00+00:00,487.0,487.81,486.6,487.06,51143.0
2025-04-07 09:15:00+00:00,487.1,487.22,485.42,485.42,30475.0
2025-04-07 09:20:00+00:00,485.4,485.92,484.84,485.03,41670.0
2025-04-07 09:25:00+00:00,485.24,487.3,484.83,487.12,55279.0
2025-04-07 09:30:00+00:00,486.96,488.52,486.9,488.4,33339.0
2025-04-07 09:35:00+00:00,488.47,489.47,487.94,489.45,86457.0
2025-04-07 09:40:00+00:00,489.44,489.56,488.89,489.33,28168.0
2025-04-07 09:45:00+00:00,489.36,490.55,488.87,490.3,48114.0
2025-04-07 09:50:00+00:00,490.05,490.62,490.05,490.37,26279.0
2025-04-07 09:55:00+00:00,490.27,490.49,488.59,488.8,45164.0
2025-04-07 10:00:00+00:00,488.83,492.35,487.69,491.06,343928.0
2025-04-07 10:05:00+00:00,491.03,493.04,491.01,492.65,85449.0
2025-04-07 10:10:00+00:00,492.52,493.79,492.2,493.35,81384.0
2025-04-07 10:15:00+00:00,493.54,494.58,492.7,494.16,50325.0
2025-04-07 10:20:00+00:00,494.28,495.28,493.8,494.96,102508.0
2025-04-07 10:25:00+00:00,494.79,494.79,492.47,493.51,144499.0
2025-04-07 10:30:00+00:00,493.45,494.74,492.49,494.7,55082.0
2025-04-07 10:35:00+00:00,494.52,498.3,494.07,498.16,125927.0
2025-04-07 10:40:00+00:00,498.11,498.9,496.15,498.41,117443.0
2025-04-07 10:45:00+00:00,498.23,498.7,495.99,496.24,189250.0
2025-04-07 10:50:00+00:00,496.3,497.51,495.0,495.55,164166.0
2025-04-07 10:55:00+00:00,495.43,495.86,493.66,494.81,102381.0
2025-04-07 11:00:00+00:00,494.66,496.4,493.93,496.35,325354.0
2025-04-07 11:05:00+00:00,496.3,498.02,496.12,497.93,173130.0
2025-04-07 11:10:00+00:00,497.94,498.58,496.87,497.01,157230.0
2025-04-07 11:15:00+00:00,496.89,497.11,495.64,496.26,132413.0
2025-04-07 11:20:00+00:00,496.5,497.29,495.44,495.6,154532.0
2025-04-07 11:25:00+00:00,495.61,497.22,494.79,496.38,108980.0
2025-04-07 11:30:00+00:00,496.35,496.6,494.43,494.61,166172.0
2025-04-07 11:35:00+00:00,494.74,494.93,492.1,493.73,228155.0
2025-04-07 11:40:00+00:00,493.7,494.57,493.4,493.47,115571.0
2025-04-07 11:45:00+00:00,493.3,494.33,492.7,492.93,67699.0
2025-04-07 11:50:00+00:00,492.86,493.4,492.09,492.74,117853.0
2025-04-07 11:55:00+00:00,492.69,494.23,492.53,493.47,120035.0
2025-04-07 12:00:00+00:00,493.41,498.78,480.0,493.49,2069967.0
2025-04-07 12:05:00+00:00,493.34,493.44,491.69,492.1,183286.0
2025-04-07 12:10:00+00:00,492.09,492.3,491.03,492.21,238147.0
2025-04-07 12:15:00+00:00,492.2,492.6,490.7,490.9191,137526.0
2025-04-07 12:20:00+00:00,490.7409,492.31,490.7409,492.29,103088.0
2025-04-07 12:25:00+00:00,492.21,496.81,491.93,495.9,745938.0
2025-04-07 12:30:00+00:00,495.95,497.6,494.64,495.51,625144.0
2025-04-07 12:35:00+00:00,495.44,495.89,493.8501,494.2401,298084.0
2025-04-07 12:40:00+00:00,494.18,494.46,492.4625,493.03,277189.0
2025-04-07 12:45:00+00:00,493.04,496.45,490.5,493.53,992613.0
2025-04-07 12:50:00+00:00,493.48,496.47,493.33,495.62,567500.0
2025-04-07 12:55:00+00:00,495.61,497.4,495.3,496.11,413427.0
2025-04-07 13:00:00+00:00,496.07,496.07,493.17,493.25,447361.0
2025-04-07 13:05:00+00:00,493.45,494.27,492.14,492.17,291881.0
2025-04-07 13:10:00+00:00,492.25,493.68,491.38,492.7,307248.0
2025-04-07 13:15:00+00:00,492.59,492.74,491.04,491.73,143872.0
2025-04-07 13:20:00+00:00,491.71,492.2199,490.83,490.93,162630.0
2025-04-07 13:25:00+00:00,490.86,491.84,488.72,489.21,929577.0
2025-04-07 13:30:00+00:00,489.19,489.3,486.38,487.6,5952768.0
2025-04-07 13:35:00+00:00,487.575,487.82,483.77,485.875,4722765.0
2025-04-07 13:40:00+00:00,485.86,486.48,481.8,483.865,5286410.0
2025-04-07 13:45:00+00:00,483.84,488.78,482.51,487.79,4200276.0
2025-04-07 13:50:00+00:00,487.79,492.345,487.3851,492.228,5017391.0
2025-04-07 13:55:00+00:00,492.2,496.46,491.2,495.69,3878330.0
2025-04-07 14:00:00+00:00,495.67,497.44,493.37,494.75,4812573.0
2025-04-07 14:05:00+00:00,494.76,497.0,493.84,494.57,2750511.0
2025-04-07 14:10:00+00:00,494.53,517.435,494.39,513.78,13291754.0
2025-04-07 14:15:00+00:00,513.835,523.17,513.33,514.55,12507959.0
2025-04-07 14:20:00+00:00,514.53,514.595,499.0,499.71,10250491.0
2025-04-07 14:25:00+00:00,499.76,505.17,497.47,498.19,5658205.0
2025-04-07 14:30:00+00:00,498.21,505.93,496.81,499.02,6293311.0
2025-04-07 14:35:00+00:00,499.02,500.01,493.82,494.05,5292020.0
2025-04-07 14:40:00+00:00,494.035,500.5699,493.67,499.99,3714866.0
2025-04-07 14:45:00+00:00,500.0,501.93,497.44,500.8017,3174154.0
2025-04-07 14:50:00+00:00,500.9,508.78,500.3,508.1212,3161666.0
2025-04-07 14:55:00+00:00,508.04,508.27,504.715,505.91,2270947.0
2025-04-07 15:00:00+00:00,505.88,509.77,504.45,508.06,2886973.0
2025-04-07 15:05:00+00:00,508.08,508.11,501.9,502.17,2540728.0
2025-04-07 15:10:00+00:00,502.16,504.49,495.07,496.34,5323532.0
2025-04-07 15:15:00+00:00,496.24,499.17,492.66,498.04,7483737.0
2025-04-07 15:20:00+00:00,497.99,500.63,493.87,494.15,3461987.0
2025-04-07 15:25:00+00:00,494.19,495.77,493.5,493.75,2291574.0
2025-04-07 15:30:00+00:00,493.75,497.49,493.73,496.87,2502901.0
2025-04-07 15:35:00+00:00,496.96,500.98,496.82,498.68,2752077.0
2025-04-07 15:40:00+00:00,498.68,503.98,498.06,503.44,2111240.0
2025-04-07 15:45:00+00:00,503.37,503.71,500.5,502.0,1828542.0
2025-04-07 15:50:00+00:00,502.03,503.72,499.57,499.785,1418624.0
2025-04-07 15:55:00+00:00,499.785,501.87,499.46,499.5,1174582.0
2025-04-07 16:00:00+00:00,499.5,499.64,497.75,498.8997,1113107.0
2025-04-07 16:05:00+00:00,498.92,498.945,496.11,496.422,1321243.0
2025-04-07 16:10:00+00:00,496.4,498.28,495.27,497.21,1453560.0
2025-04-07 16:15:00+00:00,497.22,497.98,495.465,497.44,1209250.0
2025-04-07 16:20:00+00:00,497.4,497.99,495.015,497.4,1374707.0
2025-04-07 16:25:00+00:00,497.46,500.52,497.35,499.56,1181545.0
2025-04-07 16:30:00+00:00,499.56,501.77,498.96,500.85,1277124.0
2025-04-07 16:35:00+00:00,500.94,500.95,499.26,499.39,848354.0
2025-04-07 16:40:00+00:00,499.34,500.4,496.85,497.85,1099848.0
2025-04-07 16:45:00+00:00,497.81,497.81,495.54,496.98,992019.0
2025-04-07 16:50:00+00:00,496.98,497.89,496.0,497.57,1123698.0
2025-04-07 16:55:00+00:00,497.61,497.97,494.7,495.68,1364467.0
2025-04-07 17:00:00+00:00,495.63,503.08,495.59,496.815,3461869.0
2025-04-07 17:05:00+00:00,496.83,498.14,495.63,497.58,1283794.0
2025-04-07 17:10:00+00:00,497.57,501.74,496.36,501.51,1981958.0
2025-04-07 17:15:00+00:00,501.51,503.63,500.62,502.77,1673495.0
2025-04-07 17:20:00+00:00,502.84,504.07,501.84,503.1,1393008.0
2025-04-07 17:25:00+00:00,503.12,505.94,502.56,505.62,1354249.0
2025-04-07 17:30:00+00:00,505.62,505.93,502.16,503.915,1220841.0
2025-04-07 17:35:00+00:00,503.91,506.34,503.12,506.2515,1551443.0
2025-04-07 17:40:00+00:00,506.26,507.1,504.29,507.0,1704617.0
2025-04-07 17:45:00+00:00,506.94,509.23,504.59,507.605,2919566.0
2025-04-07 17:50:00+00:00,507.68,508.84,506.41,507.79,1574393.0
2025-04-07 17:55:00+00:00,507.79,509.36,498.2651,509.09,1097484.0
2025-04-07 18:00:00+00:00,509.07,510.0,507.45,508.23,1544926.0
2025-04-07 18:05:00+00:00,508.29,508.44,505.5901,507.24,1384394.0
2025-04-07 18:10:00+00:00,507.17,508.91,505.18,506.19,1237062.0
2025-04-07 18:15:00+00:00,506.19,510.0,505.9604,509.51,1496748.0
2025-04-07 18:20:00+00:00,509.48,510.47,507.86,509.1,1489841.0
2025-04-07 18:25:00+00:00,509.15,509.31,504.66,505.19,1169049.0
2025-04-07 18:30:00+00:00,505.15,506.47,504.81,506.02,958815.0
2025-04-07 18:35:00+00:00,506.02,507.86,505.5,507.33,1031933.0
2025-04-07 18:40:00+00:00,507.36,508.34,506.23,506.69,881669.0
2025-04-07 18:45:00+00:00,506.71,507.68,504.95,506.0001,1128177.0
2025-04-07 18:50:00+00:00,506.02,506.24,503.37,503.555,1201258.0
2025-04-07 18:55:00+00:00,503.56,504.02,502.28,503.21,1328155.0
2025-04-07 19:00:00+00:00,503.25,506.31,502.92,503.69,2518303.0
2025-04-07 19:05:00+00:00,503.74,504.32,501.56,501.88,1045055.0
2025-04-07 19:10:00+00:00,501.7,502.41,500.9203,501.77,1902783.0
2025-04-07 19:15:00+00:00,501.74,504.33,500.14,503.605,1861938.0
2025-04-07 19:20:00+00:00,503.55,504.29,501.59,502.21,1858779.0
2025-04-07 19:25:00+00:00,502.16,502.815,500.42,500.605,1853497.0
2025-04-07 19:30:00+00:00,500.605,506.17,500.56,504.99,2342961.0
2025-04-07 19:35:00+00:00,505.03,506.64,504.0,504.58,2116081.0
2025-04-07 19:40:00+00:00,504.6,504.97,501.25,501.5,2155428.0
2025-04-07 19:45:00+00:00,501.45,502.88,501.02,502.63,3025055.0
2025-04-07 19:50:00+00:00,502.54,503.456,500.8,503.27,3858853.0
2025-04-07 19:55:00+00:00,503.28,505.15,503.1932,504.55,7223233.0
2025-04-07 20:00:00+00:00,504.53,507.35,503.83,507.34,2190353.0
2025-04-07 20:05:00+00:00,507.3101,508.4,506.72,507.64,3037000.0
2025-04-07 20:10:00+00:00,507.73,508.81,504.4,507.48,8038882.0
2025-04-07 20:15:00+00:00,507.5494,509.14,507.5494,508.43,1444264.0
2025-04-07 20:20:00+00:00,508.49,508.59,507.17,507.39,1155560.0
2025-04-07 20:25:00+00:00,507.39,507.5499,506.5,507.0,165468.0
2025-04-07 20:30:00+00:00,507.1,507.52,507.02,507.16,255244.0
2025-04-07 20:35:00+00:00,507.15,507.42,504.4147,506.61,120441.0
2025-04-07 20:40:00+00:00,506.6,507.51,504.4147,507.3,156101.0
2025-04-07 20:45:00+00:00,507.14,507.17,504.4141,506.53,219973.0
2025-04-07 20:50:00+00:00,506.53,506.8699,506.37,506.79,25087.0
2025-04-07 20:55:00+00:00,506.6,506.64,505.68,506.45,92263.0
2025-04-07 21:00:00+00:00,506.49,506.69,506.35,506.45,16301.0
2025-04-07 21:05:00+00:00,506.45,506.85,506.45,506.6,37215.0
2025-04-07 21:10:00+00:00,506.7,507.1011,506.7,506.96,54788.0
2025-04-07 21:15:00+00:00,506.96,507.2,506.96,507.15,79543.0
2025-04-07 21:20:00+00:00,507.15,507.2,507.0015,507.1,89001.0
2025-04-07 21:25:00+00:00,507.1,507.1,507.0005,507.1,25051.0
2025-04-07 21:30:00+00:00,507.09,507.2,507.02,507.19,44905.0
2025-04-07 21:35:00+00:00,507.19,507.25,507.06,507.25,32349.0
2025-04-07 21:40:00+00:00,507.25,507.5,507.22,507.47,32737.0
2025-04-07 21:45:00+00:00,507.42,507.42,507.0,507.11,27005.0
2025-04-07 21:50:00+00:00,507.1101,507.33,507.1101,507.33,13271.0
2025-04-07 21:55:00+00:00,507.35,507.44,507.1101,507.1101,30663.0
2025-04-07 22:00:00+00:00,507.17,507.67,506.66,507.0,41291.0
2025-04-07 22:05:00+00:00,507.01,507.65,507.01,507.5,32117.0
2025-04-07 22:10:00+00:00,507.5,507.86,507.47,507.75,22103.0
2025-04-07 22:15:00+00:00,507.7,508.1,507.6,507.61,16181.0
2025-04-07 22:20:00+00:00,507.5,508.25,507.48,508.22,41379.0
2025-04-07 22:25:00+00:00,508.22,508.35,507.93,508.35,25952.0
2025-04-07 22:30:00+00:00,508.3596,508.5,508.0279,508.08,82028.0
2025-04-07 22:35:00+00:00,508.0,508.23,507.75,508.13,108899.0
2025-04-07 22:40:00+00:00,508.1037,508.44,507.9,508.419,18591.0
2025-04-07 22:45:00+00:00,508.3062,508.3062,508.08,508.17,2865.0
2025-04-07 22:50:00+00:00,508.46,508.69,508.46,508.62,5496.0
2025-04-07 22:55:00+00:00,508.6,509.1,508.6,509.1,38756.0
2025-04-07 23:00:00+00:00,509.1,509.5,509.0,509.5,7592.0
2025-04-07 23:05:00+00:00,509.45,509.98,509.25,509.89,42733.0
2025-04-07 23:10:00+00:00,509.978,510.21,509.9,510.12,17135.0
2025-04-07 23:15:00+00:00,510.2,510.24,509.33,509.6014,39277.0
2025-04-07 23:20:00+00:00,509.73,510.2,509.45,509.57,74477.0
2025-04-07 23:25:00+00:00,509.52,509.7,509.35,509.58,18020.0
2025-04-07 23:30:00+00:00,509.8,509.8,509.459,509.459,12404.0
2025-04-07 23:35:00+00:00,509.4,509.78,509.1901,509.29,17607.0
2025-04-07 23:40:00+00:00,509.2,509.21,508.95,509.15,13657.0
2025-04-07 23:45:00+00:00,509.21,510.0,509.21,509.78,18144.0
2025-04-07 23:50:00+00:00,509.87,509.89,509.0,509.24,28406.0
2025-04-07 23:55:00+00:00,509.22,509.969,509.0578,509.53,15125.0
2025-04-08 08:00:00+00:00,510.22,513.53,510.22,513.21,29416.0
2025-04-08 08:05:00+00:00,513.12,513.12,512.19,512.31,22336.0
2025-04-08 08:10:00+00:00,512.37,512.37,511.35,511.56,22679.0
2025-04-08 08:15:00+00:00,511.35,511.83,511.1,511.65,22908.0
2025-04-08 08:20:00+00:00,511.7,512.0,510.53,510.66,30132.0
2025-04-08 08:25:00+00:00,510.56,510.58,510.07,510.42,9628.0
2025-04-08 08:30:00+00:00,510.55,511.69,510.5,511.49,11599.0
2025-04-08 08:35:00+00:00,511.45,512.21,511.25,512.15,12453.0
2025-04-08 08:40:00+00:00,512.21,512.59,511.96,512.33,9433.0
2025-04-08 08:45:00+00:00,512.44,512.55,512.2,512.48,13899.0
2025-04-08 08:50:00+00:00,512.15,512.6,511.72,512.5,7251.0
2025-04-08 08:55:00+00:00,512.65,512.91,512.63,512.88,19248.0
2025-04-08 09:00:00+00:00,512.5,512.81,512.12,512.46,16825.0
2025-04-08 09:05:00+00:00,512.53,512.82,512.4,512.76,7974.0
2025-04-08 09:10:00+00:00,512.9,512.98,512.65,512.81,43720.0
2025-04-08 09:15:00+00:00,512.72,512.8,512.44,512.48,10312.0
2025-04-08 09:20:00+00:00,512.48,512.55,512.0,512.11,11762.0
2025-04-08 09:25:00+00:00,511.83,511.84,511.35,511.63,10610.0
2025-04-08 09:30:00+00:00,511.78,512.13,511.72,512.11,5161.0
2025-04-08 09:35:00+00:00,511.99,512.33,511.64,512.33,15251.0
2025-04-08 09:40:00+00:00,512.39,512.71,512.13,512.47,7338.0
2025-04-08 09:45:00+00:00,512.43,512.43,511.58,511.8,6047.0
2025-04-08 09:50:00+00:00,511.89,512.09,511.5,511.5,13987.0
2025-04-08 09:55:00+00:00,511.22,511.28,510.61,510.67,13976.0
2025-04-08 10:00:00+00:00,510.59,511.08,510.0,511.08,35559.0
2025-04-08 10:05:00+00:00,511.31,511.35,511.0,511.1,14275.0
2025-04-08 10:10:00+00:00,511.25,511.29,510.32,510.49,13358.0
2025-04-08 10:15:00+00:00,510.5,510.85,510.19,510.68,17275.0
2025-04-08 10:20:00+00:00,510.51,510.9,510.32,510.9,27159.0
2025-04-08 10:25:00+00:00,510.9,511.35,510.72,511.14,37916.0
2025-04-08 10:30:00+00:00,511.08,511.56,511.0,511.48,13002.0
2025-04-08 10:35:00+00:00,511.46,512.17,511.45,511.98,15550.0
2025-04-08 10:40:00+00:00,512.1,512.76,512.05,512.33,25435.0
2025-04-08 10:45:00+00:00,512.3,512.35,511.7,511.7,26892.0
2025-04-08 10:50:00+00:00,511.45,511.79,511.26,511.67,76170.0
2025-04-08 10:55:00+00:00,511.86,511.98,511.57,511.74,48719.0
2025-04-08 11:00:00+00:00,511.94,512.46,511.8,512.29,60076.0
2025-04-08 11:05:00+00:00,512.05,512.54,511.81,512.47,31144.0
2025-04-08 11:10:00+00:00,512.4,512.85,511.36,511.63,152424.0
2025-04-08 11:15:00+00:00,511.58,513.77,511.19,512.24,124890.0
2025-04-08 11:20:00+00:00,512.24,513.4,512.24,513.04,44945.0
2025-04-08 11:25:00+00:00,512.92,513.21,512.55,513.2,61062.0
2025-04-08 11:30:00+00:00,513.13,514.52,512.98,514.5,87923.0
2025-04-08 11:35:00+00:00,514.55,517.06,514.54,516.0,167686.0
2025-04-08 11:40:00+00:00,515.99,516.44,515.26,516.29,161227.0
2025-04-08 11:45:00+00:00,516.2,516.34,515.63,516.22,121921.0
2025-04-08 11:50:00+00:00,516.2,517.26,516.2,517.0,132538.0
2025-04-08 11:55:00+00:00,516.98,518.3,516.59,518.22,92830.0
2025-04-08 12:00:00+00:00,518.0,518.66,509.04,517.2,398749.0
2025-04-08 12:05:00+00:00,517.0,519.14,516.9,518.83,101014.0
2025-04-08 12:10:00+00:00,518.85,519.3,518.02,518.05,246716.0
2025-04-08 12:15:00+00:00,518.13,518.3204,517.45,518.2,94070.0
2025-04-08 12:20:00+00:00,518.02,518.08,516.7,517.09,248692.0
2025-04-08 12:25:00+00:00,517.04,518.71,516.6,518.01,126900.0
2025-04-08 12:30:00+00:00,517.68,518.19,517.11,517.38,69485.0
2025-04-08 12:35:00+00:00,517.41,517.71,516.83,516.9401,69919.0
2025-04-08 12:40:00+00:00,516.95,517.08,515.8,516.48,184694.0
2025-04-08 12:45:00+00:00,516.51,517.21,516.0,516.53,118532.0
2025-04-08 12:50:00+00:00,516.499,517.03,516.2301,516.59,67001.0
2025-04-08 12:55:00+00:00,516.69,517.43,516.29,517.03,79582.0
2025-04-08 13:00:00+00:00,517.0,518.0,516.49,517.85,279720.0
2025-04-08 13:05:00+00:00,517.78,520.09,517.54,519.23,722189.0
2025-04-08 13:10:00+00:00,519.38,520.38,518.72,520.08,633507.0
2025-04-08 13:15:00+00:00,520.13,521.45,519.49,520.5,531804.0
2025-04-08 13:20:00+00:00,520.5,521.3,520.0,520.2,458913.0
2025-04-08 13:25:00+00:00,520.26,522.2,520.0,521.95,536056.0
2025-04-08 13:30:00+00:00,521.86,522.17,520.0,520.48,4278485.0
2025-04-08 13:35:00+00:00,520.51,520.75,517.79,519.02,3106003.0
2025-04-08 13:40:00+00:00,519.04,520.56,518.31,519.6801,2615934.0
2025-04-08 13:45:00+00:00,519.69,521.46,519.01,519.41,2362737.0
2025-04-08 13:50:00+00:00,519.48,522.02,518.74,521.6,2065295.0
2025-04-08 13:55:00+00:00,521.6,523.29,521.08,522.5925,1791629.0
2025-04-08 14:00:00+00:00,522.59,523.78,522.14,523.17,1627434.0
2025-04-08 14:05:00+00:00,523.21,524.28,522.16,524.06,1828971.0
2025-04-08 14:10:00+00:00,524.1,524.44,522.54,523.78,1152291.0
2025-04-08 14:15:00+00:00,523.79,524.98,523.52,524.04,1572431.0
2025-04-08 14:20:00+00:00,524.07,524.95,522.93,523.0534,1137317.0
2025-04-08 14:25:00+00:00,523.12,524.94,522.81,523.37,1814435.0
2025-04-08 14:30:00+00:00,523.36,523.99,522.335,523.85,1295182.0
2025-04-08 14:35:00+00:00,523.76,524.21,522.66,523.8,804998.0
2025-04-08 14:40:00+00:00,523.81,523.9,521.46,521.55,1522702.0
2025-04-08 14:45:00+00:00,521.53,522.42,520.55,520.83,1445181.0
2025-04-08 14:50:00+00:00,520.8,521.1114,519.64,519.75,1051134.0
2025-04-08 14:55:00+00:00,519.78,519.83,517.81,517.85,1238579.0
2025-04-08 15:00:00+00:00,517.86,519.27,517.61,518.9,1195878.0
2025-04-08 15:05:00+00:00,518.92,518.92,516.9,517.7083,1170463.0
2025-04-08 15:10:00+00:00,517.74,517.91,515.495,515.8701,1250258.0
2025-04-08 15:15:00+00:00,515.91,516.25,514.21,516.04,1771707.0
2025-04-08 15:20:00+00:00,516.05,517.07,514.36,514.76,1914724.0
2025-04-08 15:25:00+00:00,514.74,515.85,514.1,514.16,964416.0
2025-04-08 15:30:00+00:00,514.19,516.08,514.0,515.83,1025688.0
2025-04-08 15:35:00+00:00,515.84,518.01,515.42,517.38,1457217.0
2025-04-08 15:40:00+00:00,517.4,518.525,517.1009,517.43,949849.0
2025-04-08 15:45:00+00:00,517.41,518.18,515.36,515.675,846024.0
2025-04-08 15:50:00+00:00,515.7,516.045,514.235,515.6,1011027.0
2025-04-08 15:55:00+00:00,515.6,517.03,515.32,516.77,1177133.0
2025-04-08 16:00:00+00:00,516.74,516.9,515.68,516.44,598009.0
2025-04-08 16:05:00+00:00,516.43,517.29,515.43,515.64,1113089.0
2025-04-08 16:10:00+00:00,515.62,516.98,515.3,515.35,1143212.0
2025-04-08 16:15:00+00:00,515.315,515.49,513.04,513.36,1088887.0
2025-04-08 16:20:00+00:00,513.37,513.7031,511.86,512.24,1066891.0
2025-04-08 16:25:00+00:00,512.19,514.0,511.8,513.96,1146409.0
2025-04-08 16:30:00+00:00,513.95,514.6,510.38,511.9,2518809.0
2025-04-08 16:35:00+00:00,511.9,512.66,508.63,509.14,2165267.0
2025-04-08 16:40:00+00:00,509.14,509.74,507.58,508.54,2426581.0
2025-04-08 16:45:00+00:00,508.52,511.5,508.0001,510.25,3546028.0
2025-04-08 16:50:00+00:00,510.23,510.79,508.94,509.265,1412018.0
2025-04-08 16:55:00+00:00,509.28,510.6,507.02,507.1442,1570030.0
2025-04-08 17:00:00+00:00,507.08,507.82,505.9,507.65,1708912.0
2025-04-08 17:05:00+00:00,507.62,508.57,504.73,504.928,1873901.0
2025-04-08 17:10:00+00:00,504.9,505.65,503.47,505.08,2527619.0
2025-04-08 17:15:00+00:00,505.09,506.8,504.84,505.26,2424725.0
2025-04-08 17:20:00+00:00,505.25,505.65,503.7,504.57,1567736.0
2025-04-08 17:25:00+00:00,504.57,505.08,502.25,502.45,1550161.0
2025-04-08 17:30:00+00:00,502.37,503.75,502.09,502.27,1333139.0
2025-04-08 17:35:00+00:00,502.33,505.73,502.03,505.14,2910169.0
2025-04-08 17:40:00+00:00,505.12,509.11,505.04,507.78,2009030.0
2025-04-08 17:45:00+00:00,507.8,507.93,505.06,505.33,1437927.0
2025-04-08 17:50:00+00:00,505.3,506.9,504.48,505.28,1040545.0
2025-04-08 17:55:00+00:00,505.24,507.01,505.15,506.72,641166.0
2025-04-08 18:00:00+00:00,506.76,507.12,505.4,505.93,1056049.0
2025-04-08 18:05:00+00:00,505.95,506.02,503.84,504.38,945605.0
2025-04-08 18:10:00+00:00,504.425,504.91,503.0,503.4,833120.0
2025-04-08 18:15:00+00:00,503.42,506.11,503.215,505.79,1221093.0
2025-04-08 18:20:00+00:00,505.79,505.98,504.33,504.9,877343.0
2025-04-08 18:25:00+00:00,504.92,505.03,502.07,502.41,1120544.0
2025-04-08 18:30:00+00:00,502.44,507.82,502.44,503.58,3025404.0
2025-04-08 18:35:00+00:00,503.52,503.71,501.63,502.76,1437122.0
2025-04-08 18:40:00+00:00,502.76,502.86,501.4,501.529,932633.0
2025-04-08 18:45:00+00:00,501.53,504.0,501.53,503.31,1303519.0
2025-04-08 18:50:00+00:00,503.355,504.19,502.55,502.86,890767.0
2025-04-08 18:55:00+00:00,502.85,503.09,501.63,501.69,842705.0
2025-04-08 19:00:00+00:00,501.71,502.12,500.17,500.37,1045837.0
2025-04-08 19:05:00+00:00,500.36,500.76,497.56,497.67,2069385.0
2025-04-08 19:10:00+00:00,497.66,498.56,496.33,496.61,2018903.0
2025-04-08 19:15:00+00:00,496.5808,496.97,494.34,495.18,2829403.0
2025-04-08 19:20:00+00:00,495.04,497.07,494.795,496.99,2387070.0
2025-04-08 19:25:00+00:00,496.98,498.62,496.79,497.51,2086726.0
2025-04-08 19:30:00+00:00,497.53,497.59,495.2,495.29,1845564.0
2025-04-08 19:35:00+00:00,495.32,495.33,491.0,491.48,4078884.0
2025-04-08 19:40:00+00:00,491.5,493.8,490.5,490.605,4284727.0
2025-04-08 19:45:00+00:00,490.63,491.64,489.16,489.39,4653352.0
2025-04-08 19:50:00+00:00,489.38,496.36,489.37,495.93,5201709.0
2025-04-08 19:55:00+00:00,495.93,497.46,493.94,496.74,8343352.0
2025-04-08 20:00:00+00:00,496.81,497.49,486.2007,496.92,1513559.0
2025-04-08 20:05:00+00:00,496.9,498.64,496.38,497.3,871230.0
2025-04-08 20:10:00+00:00,497.27,497.63,495.9,496.25,550952.0
2025-04-08 20:15:00+00:00,496.25,496.75,495.75,495.9,3950504.0
2025-04-08 20:20:00+00:00,495.96,496.0,494.3,494.3296,320212.0
2025-04-08 20:25:00+00:00,494.35,494.93,493.98,494.68,243927.0
2025-04-08 20:30:00+00:00,494.68,495.21,494.64,494.83,112295.0
2025-04-08 20:35:00+00:00,494.78,495.68,494.78,494.93,112622.0
2025-04-08 20:40:00+00:00,494.93,495.4,494.8,495.23,67923.0
2025-04-08 20:45:00+00:00,495.21,496.0799,495.15,495.99,91176.0
2025-04-08 20:50:00+00:00,496.04,496.38,495.74,495.96,119439.0
2025-04-08 20:55:00+00:00,495.96,496.31,495.7,496.0,151369.0
2025-04-08 21:00:00+00:00,495.95,496.26,495.88,496.1479,69816.0
2025-04-08 21:05:00+00:00,496.0,496.12,495.8183,495.9,326593.0
2025-04-08 21:10:00+00:00,495.93,495.93,495.65,495.76,44738.0
2025-04-08 21:15:00+00:00,495.781,495.83,495.57,495.57,50688.0
2025-04-08 21:20:00+00:00,495.59,495.76,495.5,495.63,32212.0
2025-04-08 21:25:00+00:00,495.63,495.9,495.55,495.87,22087.0
2025-04-08 21:30:00+00:00,495.8699,496.39,495.84,496.0,16346.0
2025-04-08 21:35:00+00:00,496.0301,496.26,496.03,496.15,7233.0
2025-04-08 21:40:00+00:00,496.16,496.365,496.15,496.27,25545.0
2025-04-08 21:45:00+00:00,496.3,496.5,496.2,496.2985,111909.0
2025-04-08 21:50:00+00:00,496.29,496.39,496.2,496.25,162260.0
2025-04-08 21:55:00+00:00,496.25,496.25,495.85,495.85,21218.0
2025-04-08 22:00:00+00:00,495.84,496.22,492.0,492.9,229303.0
2025-04-08 22:05:00+00:00,492.91,493.72,492.05,492.68,179788.0
2025-04-08 22:10:00+00:00,492.65,493.18,492.33,492.74,56870.0
2025-04-08 22:15:00+00:00,492.79,492.8799,491.51,491.91,103715.0
2025-04-08 22:20:00+00:00,492.09,492.49,489.93,490.66,144737.0
2025-04-08 22:25:00+00:00,490.76,491.9,490.73,491.3801,47769.0
2025-04-08 22:30:00+00:00,491.6,492.25,490.98,490.98,33631.0
2025-04-08 22:35:00+00:00,491.35,491.77,490.2,491.34,29237.0
2025-04-08 22:40:00+00:00,491.25,492.0,490.35,491.64,21099.0
2025-04-08 22:45:00+00:00,491.611,492.26,491.611,492.02,27156.0
2025-04-08 22:50:00+00:00,492.1,492.68,491.59,491.981,24256.0
2025-04-08 22:55:00+00:00,492.099,492.52,491.8,492.25,23271.0
2025-04-08 23:00:00+00:00,492.15,492.15,490.8903,491.08,43174.0
2025-04-08 23:05:00+00:00,491.06,491.3391,490.411,490.95,39780.0
2025-04-08 23:10:00+00:00,490.94,491.1,490.34,490.34,20407.0
2025-04-08 23:15:00+00:00,490.25,490.38,488.52,489.6,87946.0
2025-04-08 23:20:00+00:00,489.49,489.6,488.1,488.6,75448.0
2025-04-08 23:25:00+00:00,488.68,489.3,487.82,488.1,63507.0
2025-04-08 23:30:00+00:00,488.2,488.3894,487.95,488.0,56900.0
2025-04-08 23:35:00+00:00,488.0,489.06,488.0,488.91,76615.0
2025-04-08 23:40:00+00:00,488.95,489.26,487.83,487.9,25429.0
2025-04-08 23:45:00+00:00,487.75,490.0,487.75,489.7035,95865.0
2025-04-08 23:50:00+00:00,489.73,490.0465,489.0,489.64,29523.0
2025-04-08 23:55:00+00:00,489.8,490.6,489.37,490.5665,69977.0
2025-04-09 08:00:00+00:00,490.62,499.72,489.22,497.32,93332.0
2025-04-09 08:05:00+00:00,497.18,497.18,495.4,495.67,95278.0
2025-04-09 08:10:00+00:00,495.91,496.67,494.73,495.4,97915.0
2025-04-09 08:15:00+00:00,495.43,496.68,495.33,496.68,35770.0
2025-04-09 08:20:00+00:00,496.5,496.5,495.84,496.48,7498.0
2025-04-09 08:25:00+00:00,497.3,497.31,494.82,494.82,37958.0
2025-04-09 08:30:00+00:00,494.81,494.81,492.15,493.31,37673.0
2025-04-09 08:35:00+00:00,493.27,495.35,493.27,494.68,30023.0
2025-04-09 08:40:00+00:00,494.88,496.55,494.88,496.1,33855.0
2025-04-09 08:45:00+00:00,496.14,496.94,495.99,496.63,24138.0
2025-04-09 08:50:00+00:00,496.11,497.72,495.66,497.1,92824.0
2025-04-09 08:55:00+00:00,497.16,498.17,497.1,498.04,25070.0
2025-04-09 09:00:00+00:00,498.03,498.27,497.0,497.0,27049.0
2025-04-09 09:05:00+00:00,496.86,497.75,496.73,497.75,20687.0
2025-04-09 09:10:00+00:00,497.78,499.05,497.78,498.24,34912.0
2025-04-09 09:15:00+00:00,498.01,498.7,497.69,498.0,17010.0
2025-04-09 09:20:00+00:00,498.28,498.32,497.5,497.5,25524.0
2025-04-09 09:25:00+00:00,497.01,497.69,496.63,497.5,33598.0
2025-04-09 09:30:00+00:00,497.76,497.99,497.0,497.22,11827.0
2025-04-09 09:35:00+00:00,497.0,497.5,496.4,496.4,9899.0
2025-04-09 09:40:00+00:00,496.41,496.58,495.86,496.05,9783.0
2025-04-09 09:45:00+00:00,496.1,496.1,494.8,494.8,19558.0
2025-04-09 09:50:00+00:00,494.81,495.35,494.55,494.75,11638.0
2025-04-09 09:55:00+00:00,495.03,496.0,495.01,495.64,26730.0
2025-04-09 10:00:00+00:00,495.19,496.34,494.45,494.62,28047.0
2025-04-09 10:05:00+00:00,494.57,494.96,493.46,494.96,37563.0
2025-04-09 10:10:00+00:00,495.0,495.49,494.4,495.47,31866.0
2025-04-09 10:15:00+00:00,495.5,495.52,493.45,493.45,11871.0
2025-04-09 10:20:00+00:00,493.35,493.45,492.31,492.33,61761.0
2025-04-09 10:25:00+00:00,492.5,494.0,492.38,493.55,31574.0
2025-04-09 10:30:00+00:00,493.57,493.86,491.99,492.48,36695.0
2025-04-09 10:35:00+00:00,492.58,493.56,492.44,493.5,15141.0
2025-04-09 10:40:00+00:00,493.6,494.98,493.41,494.41,111265.0
2025-04-09 10:45:00+00:00,494.33,496.29,494.12,495.68,42300.0
2025-04-09 10:50:00+00:00,495.64,497.47,495.64,497.1,146450.0
2025-04-09 10:55:00+00:00,496.85,498.25,494.43,494.7,155609.0
2025-04-09 11:00:00+00:00,494.72,494.99,487.35,489.29,881876.0
2025-04-09 11:05:00+00:00,489.26,491.0,487.99,488.71,407773.0
2025-04-09 11:10:00+00:00,488.73,490.85,488.2,490.85,221853.0
2025-04-09 11:15:00+00:00,490.88,493.16,489.6,491.03,322027.0
2025-04-09 11:20:00+00:00,491.21,491.42,489.4,490.48,118261.0
2025-04-09 11:25:00+00:00,490.39,491.75,490.12,490.54,157701.0
2025-04-09 11:30:00+00:00,490.64,490.8,488.11,488.41,198563.0
2025-04-09 11:35:00+00:00,488.34,488.96,486.49,486.72,268264.0
2025-04-09 11:40:00+00:00,486.6,487.0,485.28,486.08,246736.0
2025-04-09 11:45:00+00:00,485.93,493.18,485.43,489.32,553832.0
2025-04-09 11:50:00+00:00,489.17,489.63,487.24,487.54,180506.0
2025-04-09 11:55:00+00:00,487.66,488.53,487.02,487.71,83507.0
2025-04-09 12:00:00+00:00,492.82,500.0,482.86,488.44,839097.0
2025-04-09 12:05:00+00:00,488.46,488.56,487.0,488.23,89744.0
2025-04-09 12:10:00+00:00,488.14,489.16,487.7,488.6299,73397.0
2025-04-09 12:15:00+00:00,488.61,488.99,487.47,488.3,227493.0
2025-04-09 12:20:00+00:00,488.33,488.42,486.45,486.62,115818.0
2025-04-09 12:25:00+00:00,486.7,487.55,486.23,487.07,131731.0
2025-04-09 12:30:00+00:00,486.96,488.18,486.11,487.14,188881.0
2025-04-09 12:35:00+00:00,487.12,487.33,486.22,486.95,115994.0
2025-04-09 12:40:00+00:00,487.0,489.17,486.9,489.12,176536.0
2025-04-09 12:45:00+00:00,489.15,490.75,488.69,490.26,190338.0
2025-04-09 12:50:00+00:00,490.29,492.31,490.14,492.31,379866.0
2025-04-09 12:55:00+00:00,492.35,494.07,491.18,491.34,553085.0
2025-04-09 13:00:00+00:00,491.42,494.63,491.09,493.91,841435.0
2025-04-09 13:05:00+00:00,493.91,496.7,493.3,493.6,633952.0
2025-04-09 13:10:00+00:00,493.62,494.26,492.94,493.38,244000.0
2025-04-09 13:15:00+00:00,493.43,496.01,493.15,495.3,249631.0
2025-04-09 13:20:00+00:00,495.37,495.37,493.6,494.0,206080.0
2025-04-09 13:25:00+00:00,494.0,494.35,493.1,493.41,170861.0
2025-04-09 13:30:00+00:00,493.44,496.92,493.43,495.32,3465449.0
2025-04-09 13:35:00+00:00,495.3,499.58,494.11,499.54,2974403.0
2025-04-09 13:40:00+00:00,499.52,502.04,497.21,497.59,3466104.0
2025-04-09 13:45:00+00:00,497.5301,498.72,495.725,498.6565,1889679.0
2025-04-09 13:50:00+00:00,498.56,500.93,498.0039,500.2752,1844080.0
2025-04-09 13:55:00+00:00,500.32,501.37,499.21,499.85,1373860.0
2025-04-09 14:00:00+00:00,499.86,503.67,499.74,501.94,2036228.0
2025-04-09 14:05:00+00:00,501.94,502.0904,497.69,498.44,1881780.0
2025-04-09 14:10:00+00:00,498.41,500.38,496.67,497.3194,1517947.0
2025-04-09 14:15:00+00:00,497.3,499.1563,497.05,498.76,1210019.0
2025-04-09 14:20:00+00:00,498.78,500.38,496.6837,498.91,1272750.0
2025-04-09 14:25:00+00:00,498.88,499.42,497.03,498.97,2711043.0
2025-04-09 14:30:00+00:00,499.07,501.68,498.43,501.065,1301293.0
2025-04-09 14:35:00+00:00,501.03,501.11,498.36,498.83,973309.0
2025-04-09 14:40:00+00:00,498.85,498.98,497.48,497.66,936200.0
2025-04-09 14:45:00+00:00,497.69,499.83,496.51,496.9099,1264162.0
2025-04-09 14:50:00+00:00,496.86,497.44,493.68,494.5475,1855014.0
2025-04-09 14:55:00+00:00,494.66,495.29,493.0904,493.2084,1865191.0
2025-04-09 15:00:00+00:00,493.22,495.7,493.05,495.52,1933626.0
2025-04-09 15:05:00+00:00,495.48,497.8,495.04,496.7928,1039463.0
2025-04-09 15:10:00+00:00,496.8,497.6,495.89,496.47,800857.0
2025-04-09 15:15:00+00:00,496.505,499.12,496.49,498.41,1042617.0
2025-04-09 15:20:00+00:00,498.42,499.71,498.22,499.415,738773.0
2025-04-09 15:25:00+00:00,499.35,499.54,498.13,498.28,600182.0
2025-04-09 15:30:00+00:00,498.29,499.59,496.87,497.24,880755.0
2025-04-09 15:35:00+00:00,497.23,497.93,495.93,495.98,777590.0
2025-04-09 15:40:00+00:00,495.96,496.44,494.83,495.275,1094688.0
2025-04-09 15:45:00+00:00,495.24,499.05,495.24,497.655,1367457.0
2025-04-09 15:50:00+00:00,497.6175,498.35,496.48,496.88,593145.0
2025-04-09 15:55:00+00:00,496.84,497.02,495.28,495.975,535227.0
2025-04-09 16:00:00+00:00,495.95,496.7,494.77,495.69,629323.0
2025-04-09 16:05:00+00:00,495.7,497.82,495.47,497.54,508587.0
2025-04-09 16:10:00+00:00,497.57,500.39,497.13,499.89,754619.0
2025-04-09 16:15:00+00:00,499.88,500.44,499.37,499.99,857367.0
2025-04-09 16:20:00+00:00,500.005,500.17,499.06,499.25,708232.0
2025-04-09 16:25:00+00:00,499.26,500.55,499.05,499.26,753017.0
2025-04-09 16:30:00+00:00,499.19,500.17,498.65,500.04,995623.0
2025-04-09 16:35:00+00:00,500.04,500.72,499.36,500.1462,1042450.0
2025-04-09 16:40:00+00:00,500.1,500.23,499.13,499.81,665448.0
2025-04-09 16:45:00+00:00,499.78,500.84,499.2,500.84,826071.0
2025-04-09 16:50:00+00:00,500.85,501.78,499.96,501.51,1220218.0
2025-04-09 16:55:00+00:00,501.53,502.58,501.02,501.2,869698.0
2025-04-09 17:00:00+00:00,501.25,505.7099,501.17,505.6,2697442.0
2025-04-09 17:05:00+00:00,505.62,505.64,501.73,501.96,1839407.0
2025-04-09 17:10:00+00:00,502.01,502.41,501.0,502.41,1067529.0
2025-04-09 17:15:00+00:00,502.45,515.05,497.56,512.8,8306455.0
2025-04-09 17:20:00+00:00,512.42,524.8,507.3,523.52,13184044.0
2025-04-09 17:25:00+00:00,523.5,533.4,523.02,523.96,9547160.0
2025-04-09 17:30:00+00:00,524.02,532.14,522.95,531.87,6990788.0
2025-04-09 17:35:00+00:00,531.8,536.5,527.08,527.26,6875094.0
2025-04-09 17:40:00+00:00,527.36,529.31,524.42,525.98,4349240.0
2025-04-09 17:45:00+00:00,526.14,533.16,525.86,530.67,3906961.0
2025-04-09 17:50:00+00:00,530.73,532.0399,528.12,531.27,3054815.0
2025-04-09 17:55:00+00:00,531.3,535.55,528.97,534.87,3657199.0
2025-04-09 18:00:00+00:00,534.925,537.98,534.07,535.94,4652390.0
2025-04-09 18:05:00+00:00,535.89,536.92,531.11,533.935,2846450.0
2025-04-09 18:10:00+00:00,533.91,536.51,532.89,534.4801,2159032.0
2025-04-09 18:15:00+00:00,534.54,537.55,533.05,534.56,2970195.0
2025-04-09 18:20:00+00:00,534.54,537.91,533.38,537.26,2937009.0
2025-04-09 18:25:00+00:00,537.21,539.71,536.52,538.15,3693099.0
2025-04-09 18:30:00+00:00,538.16,539.87,535.1,536.26,3027707.0
2025-04-09 18:35:00+00:00,536.24,538.08,535.78,536.87,1891020.0
2025-04-09 18:40:00+00:00,536.86,537.42,532.61,533.37,2804902.0
2025-04-09 18:45:00+00:00,533.38,535.04,531.54,533.9922,2882946.0
2025-04-09 18:50:00+00:00,534.0706,536.18,532.68,533.26,1792779.0
2025-04-09 18:55:00+00:00,533.24,533.92,530.59,530.93,1900801.0
2025-04-09 19:00:00+00:00,530.91,534.53,529.68,534.385,2958000.0
2025-04-09 19:05:00+00:00,534.38,535.33,532.99,534.87,2461256.0
2025-04-09 19:10:00+00:00,534.91,537.72,534.81,537.46,2022615.0
2025-04-09 19:15:00+00:00,537.48,538.4,535.79,538.2,2138452.0
2025-04-09 19:20:00+00:00,538.14,540.4,538.0,540.17,2490741.0
2025-04-09 19:25:00+00:00,540.16,541.78,539.36,540.49,2553941.0
2025-04-09 19:30:00+00:00,540.45,543.4,540.43,542.48,2991334.0
2025-04-09 19:35:00+00:00,542.4916,542.58,539.54,541.77,2985857.0
2025-04-09 19:40:00+00:00,541.7857,541.99,540.85,541.74,2384353.0
2025-04-09 19:45:00+00:00,541.8,543.12,540.39,543.045,4021614.0
2025-04-09 19:50:00+00:00,543.045,546.33,543.045,544.09,6950854.0
2025-04-09 19:55:00+00:00,544.09,545.12,541.83,543.37,11101598.0
2025-04-09 20:00:00+00:00,543.35,548.62,541.8,543.31,3098696.0
2025-04-09 20:05:00+00:00,543.24,545.6,542.86,545.05,2848532.0
2025-04-09 20:10:00+00:00,544.99,545.1,542.4706,542.8,8418045.0
2025-04-09 20:15:00+00:00,542.71,544.51,542.71,544.21,1378307.0
2025-04-09 20:20:00+00:00,544.24,544.8,544.24,544.48,167754.0
2025-04-09 20:25:00+00:00,544.59,545.1442,543.73,544.87,1429001.0
2025-04-09 20:30:00+00:00,544.79,545.17,544.15,545.0801,413455.0
2025-04-09 20:35:00+00:00,545.0,545.15,544.69,545.05,216092.0
2025-04-09 20:40:00+00:00,545.08,545.47,544.93,545.2,159698.0
2025-04-09 20:45:00+00:00,545.11,545.61,545.05,545.57,55382.0
2025-04-09 20:50:00+00:00,545.6,546.06,545.44,545.87,270045.0
2025-04-09 20:55:00+00:00,545.91,546.13,543.7334,545.82,255501.0
2025-04-09 21:00:00+00:00,545.82,546.092,545.82,545.93,17248.0
2025-04-09 21:05:00+00:00,546.03,546.03,545.8,545.95,36349.0
2025-04-09 21:10:00+00:00,545.93,546.3,545.91,546.15,52309.0
2025-04-09 21:15:00+00:00,546.15,546.27,546.05,546.24,116403.0
2025-04-09 21:20:00+00:00,546.12,546.29,545.9,545.9,82268.0
2025-04-09 21:25:00+00:00,545.94,545.94,545.37,545.45,40917.0
2025-04-09 21:30:00+00:00,545.41,545.5,545.0,545.1,15546.0
2025-04-09 21:35:00+00:00,545.06,545.1,543.52,544.59,52597.0
2025-04-09 21:40:00+00:00,544.47,545.0,544.26,544.8,26224.0
2025-04-09 21:45:00+00:00,544.7041,544.93,544.69,544.77,142387.0
2025-04-09 21:50:00+00:00,544.83,544.83,544.3,544.32,24240.0
2025-04-09 21:55:00+00:00,544.3501,544.44,544.07,544.3701,41696.0
2025-04-09 22:00:00+00:00,544.43,545.45,543.5214,543.86,78006.0
2025-04-09 22:05:00+00:00,543.86,544.39,543.66,544.19,39900.0
2025-04-09 22:10:00+00:00,544.18,545.4,544.18,545.4,20633.0
2025-04-09 22:15:00+00:00,545.57,545.68,545.32,545.6,167882.0
2025-04-09 22:20:00+00:00,545.6,545.75,545.0,545.6,52972.0
2025-04-09 22:25:00+00:00,545.621,546.0,545.61,545.85,45106.0
2025-04-09 22:30:00+00:00,545.89,545.9,545.25,545.74,31254.0
2025-04-09 22:35:00+00:00,545.7393,546.0,545.43,545.6,50053.0
2025-04-09 22:40:00+00:00,545.73,546.21,545.6404,546.21,74949.0
2025-04-09 22:45:00+00:00,546.231,546.231,545.5,546.08,25876.0
2025-04-09 22:50:00+00:00,546.05,546.15,545.93,546.0,13880.0
2025-04-09 22:55:00+00:00,545.95,546.23,545.95,546.2,8353.0
2025-04-09 23:00:00+00:00,546.29,547.07,545.96,546.15,39993.0
2025-04-09 23:05:00+00:00,546.04,546.46,546.02,546.04,16828.0
2025-04-09 23:10:00+00:00,546.13,546.2,545.5,545.71,17353.0
2025-04-09 23:15:00+00:00,545.8,546.26,545.67,546.0,14327.0
2025-04-09 23:20:00+00:00,545.93,545.98,545.634,545.634,17483.0
2025-04-09 23:25:00+00:00,545.57,546.0,545.55,545.78,11852.0
2025-04-09 23:30:00+00:00,545.78,546.21,545.78,545.84,9962.0
2025-04-09 23:35:00+00:00,546.07,546.15,545.86,545.86,5475.0
2025-04-09 23:40:00+00:00,545.891,546.0,545.7984,546.0,8510.0
2025-04-09 23:45:00+00:00,546.03,546.2,545.58,545.71,15564.0
2025-04-09 23:50:00+00:00,545.65,545.69,545.36,545.5404,17401.0
2025-04-09 23:55:00+00:00,545.63,546.1,545.5,545.9,30002.0
2025-04-10 08:00:00+00:00,540.14,540.14,534.32,535.17,132241.0
2025-04-10 08:05:00+00:00,535.18,536.09,534.94,535.59,159984.0
2025-04-10 08:10:00+00:00,535.49,535.88,534.6,534.94,116586.0
2025-04-10 08:15:00+00:00,534.94,534.99,534.4,534.46,51295.0
2025-04-10 08:20:00+00:00,534.62,534.82,533.17,533.17,54830.0
2025-04-10 08:25:00+00:00,533.12,534.4,533.12,534.13,28324.0
2025-04-10 08:30:00+00:00,534.05,534.05,530.68,532.42,64223.0
2025-04-10 08:35:00+00:00,532.55,533.05,531.92,532.31,111876.0
2025-04-10 08:40:00+00:00,532.36,533.63,532.36,533.38,28887.0
2025-04-10 08:45:00+00:00,533.65,534.38,533.59,533.69,32471.0
2025-04-10 08:50:00+00:00,533.71,533.91,532.08,532.08,51982.0
2025-04-10 08:55:00+00:00,532.16,532.29,531.35,531.67,55765.0
2025-04-10 09:00:00+00:00,531.92,532.56,531.0,531.27,33087.0
2025-04-10 09:05:00+00:00,531.7,531.84,530.7,530.94,20732.0
2025-04-10 09:10:00+00:00,531.07,532.5,530.85,532.5,40215.0
2025-04-10 09:15:00+00:00,532.36,532.62,531.68,531.98,15355.0
2025-04-10 09:20:00+00:00,532.23,533.42,532.23,533.22,29420.0
2025-04-10 09:25:00+00:00,533.25,533.4,531.89,531.98,27511.0
2025-04-10 09:30:00+00:00,532.05,533.68,532.05,533.68,27694.0
2025-04-10 09:35:00+00:00,533.65,534.21,532.99,533.0,41204.0
2025-04-10 09:40:00+00:00,532.99,533.24,532.05,532.35,25463.0
2025-04-10 09:45:00+00:00,532.17,532.5,531.92,532.45,32199.0
2025-04-10 09:50:00+00:00,532.54,533.98,532.37,533.96,33611.0
2025-04-10 09:55:00+00:00,533.68,534.0,532.6,532.77,65503.0
2025-04-10 10:00:00+00:00,532.83,533.91,532.55,533.68,39968.0
2025-04-10 10:05:00+00:00,533.71,534.73,533.4,534.48,52415.0
2025-04-10 10:10:00+00:00,534.39,536.0,534.38,535.43,74262.0
2025-04-10 10:15:00+00:00,535.56,536.9,535.45,536.9,286834.0
2025-04-10 10:20:00+00:00,536.38,536.4,535.0,535.4,35968.0
2025-04-10 10:25:00+00:00,535.2,535.61,534.91,535.45,42116.0
2025-04-10 10:30:00+00:00,535.46,536.98,535.44,536.25,41387.0
2025-04-10 10:35:00+00:00,535.61,537.26,535.18,536.84,47982.0
2025-04-10 10:40:00+00:00,536.77,537.35,535.84,536.0,34147.0
2025-04-10 10:45:00+00:00,535.88,535.88,535.0,535.28,43629.0
2025-04-10 10:50:00+00:00,535.19,535.3,533.75,533.99,47091.0
2025-04-10 10:55:00+00:00,534.05,534.41,533.8,533.8,35355.0
2025-04-10 11:00:00+00:00,533.75,535.32,533.75,534.77,61914.0
2025-04-10 11:05:00+00:00,534.85,534.85,534.0,534.15,65379.0
2025-04-10 11:10:00+00:00,534.17,534.8,533.42,533.84,86164.0
2025-04-10 11:15:00+00:00,533.84,534.25,533.65,534.2,83185.0
2025-04-10 11:20:00+00:00,534.24,535.01,534.08,534.83,93079.0
2025-04-10 11:25:00+00:00,534.74,534.96,534.06,534.15,40911.0
2025-04-10 11:30:00+00:00,534.23,535.46,533.63,535.13,90194.0
2025-04-10 11:35:00+00:00,535.05,536.04,535.05,535.22,83791.0
2025-04-10 11:40:00+00:00,535.24,535.34,534.66,534.89,52007.0
2025-04-10 11:45:00+00:00,534.83,535.26,534.71,534.97,150725.0
2025-04-10 11:50:00+00:00,535.11,535.12,534.6,534.84,39260.0
2025-04-10 11:55:00+00:00,534.99,535.44,534.69,535.37,45319.0
2025-04-10 12:00:00+00:00,535.25,543.01,531.2104,534.09,349858.0
2025-04-10 12:05:00+00:00,534.2,534.38,532.98,533.5,132185.0
2025-04-10 12:10:00+00:00,533.76,533.99,533.14,533.9,157893.0
2025-04-10 12:15:00+00:00,533.74,534.7,533.57,534.17,243482.0
2025-04-10 12:20:00+00:00,534.18,534.4,532.61,532.6501,159554.0
2025-04-10 12:25:00+00:00,532.56,533.6705,532.5,533.0,229672.0
2025-04-10 12:30:00+00:00,535.0,539.32,532.9,535.28,696434.0
2025-04-10 12:35:00+00:00,535.31,535.91,532.73,533.16,272515.0
2025-04-10 12:40:00+00:00,533.13,533.3287,531.48,532.52,346614.0
2025-04-10 12:45:00+00:00,532.7,533.0,531.64,531.94,164484.0
2025-04-10 12:50:00+00:00,531.86,533.07,531.0,532.84,239606.0
2025-04-10 12:55:00+00:00,532.84,533.42,532.58,533.19,168307.0
2025-04-10 13:00:00+00:00,533.3,533.75,532.72,533.28,119884.0
2025-04-10 13:05:00+00:00,533.2,535.0,533.145,533.91,158315.0
2025-04-10 13:10:00+00:00,533.9,534.3284,532.6212,532.95,125976.0
2025-04-10 13:15:00+00:00,532.98,534.6,532.8,534.4,87723.0
2025-04-10 13:20:00+00:00,534.4,535.15,534.35,534.89,142418.0
2025-04-10 13:25:00+00:00,534.91,535.05,531.77,532.27,189357.0
2025-04-10 13:30:00+00:00,532.17,533.495,531.14,532.01,3086460.0
2025-04-10 13:35:00+00:00,532.0,532.88,529.78,531.33,2212502.0
2025-04-10 13:40:00+00:00,531.295,531.36,528.51,530.11,2406124.0
2025-04-10 13:45:00+00:00,530.1,532.69,529.83,532.35,2473456.0
2025-04-10 13:50:00+00:00,532.27,533.33,530.03,530.73,1938899.0
2025-04-10 13:55:00+00:00,530.77,531.0,528.88,529.0025,1595553.0
2025-04-10 14:00:00+00:00,528.99,530.14,527.13,528.59,2150887.0
2025-04-10 14:05:00+00:00,528.555,530.08,527.51,529.03,1699099.0
2025-04-10 14:10:00+00:00,528.95,528.95,526.3401,527.6399,1275936.0
2025-04-10 14:15:00+00:00,527.66,528.9416,527.41,527.52,1189479.0
2025-04-10 14:20:00+00:00,527.51,530.22,527.04,529.93,1468417.0
2025-04-10 14:25:00+00:00,529.92,530.73,527.92,528.11,1556814.0
2025-04-10 14:30:00+00:00,528.12,531.02,528.11,530.86,1506705.0
2025-04-10 14:35:00+00:00,530.84,531.55,530.07,530.61,1224726.0
2025-04-10 14:40:00+00:00,530.5637,531.96,529.66,529.97,1386750.0
2025-04-10 14:45:00+00:00,530.0,530.27,527.78,528.32,859474.0
2025-04-10 14:50:00+00:00,528.32,529.03,527.29,528.29,1036729.0
2025-04-10 14:55:00+00:00,528.39,528.89,526.05,526.29,1444687.0
2025-04-10 15:00:00+00:00,526.29,526.9,525.94,526.6588,1435279.0
2025-04-10 15:05:00+00:00,526.59,528.7,526.23,528.51,1530592.0
2025-04-10 15:10:00+00:00,528.48,528.5375,526.23,526.45,731573.0
2025-04-10 15:15:00+00:00,526.44,526.71,525.3,525.52,920683.0
2025-04-10 15:20:00+00:00,525.485,525.8109,524.18,524.71,1093318.0
2025-04-10 15:25:00+00:00,524.72,525.1,523.71,523.7102,1098203.0
2025-04-10 15:30:00+00:00,523.72,524.27,522.2,523.51,1493660.0
2025-04-10 15:35:00+00:00,523.5,523.7,521.95,522.07,1530539.0
2025-04-10 15:40:00+00:00,522.04,523.33,521.38,521.69,1067155.0
2025-04-10 15:45:00+00:00,521.65,522.74,520.88,520.98,1113949.0
2025-04-10 15:50:00+00:00,520.94,521.56,519.33,521.47,2208117.0
2025-04-10 15:55:00+00:00,521.52,521.8,517.91,518.6143,2293650.0
2025-04-10 16:00:00+00:00,518.56,520.09,516.25,516.25,2216016.0
2025-04-10 16:05:00+00:00,516.25,518.93,515.67,517.77,2290428.0
2025-04-10 16:10:00+00:00,517.76,518.77,515.94,516.275,1494969.0
2025-04-10 16:15:00+00:00,516.23,516.41,513.68,514.45,1914423.0
2025-04-10 16:20:00+00:00,514.45,516.89,510.24,513.31,3811795.0
2025-04-10 16:25:00+00:00,513.32,513.59,509.32,511.86,3529663.0
2025-04-10 16:30:00+00:00,511.815,517.1788,511.5127,516.95,3276295.0
2025-04-10 16:35:00+00:00,516.84,518.84,515.5803,518.08,2124379.0
2025-04-10 16:40:00+00:00,518.1,518.23,516.1909,517.86,2019170.0
2025-04-10 16:45:00+00:00,517.8,520.17,515.42,519.4799,2038546.0
2025-04-10 16:50:00+00:00,519.45,520.55,517.13,518.01,1963956.0
2025-04-10 16:55:00+00:00,517.91,520.22,517.72,519.76,1680431.0
2025-04-10 17:00:00+00:00,519.67,524.7,518.69,521.08,3279840.0
2025-04-10 17:05:00+00:00,521.04,521.0657,517.15,517.46,1664324.0
2025-04-10 17:10:00+00:00,517.42,517.76,513.5,514.61,1947100.0
2025-04-10 17:15:00+00:00,514.6,515.85,513.58,515.41,1531126.0
2025-04-10 17:20:00+00:00,515.37,516.45,512.87,515.84,1366899.0
2025-04-10 17:25:00+00:00,515.83,519.59,515.49,519.32,1414058.0
2025-04-10 17:30:00+00:00,519.21,520.9999,518.32,519.19,1062661.0
2025-04-10 17:35:00+00:00,519.16,521.75,518.92,519.34,1409319.0
2025-04-10 17:40:00+00:00,519.37,522.89,519.09,522.6301,1476788.0
2025-04-10 17:45:00+00:00,522.66,525.0,522.09,522.59,1827797.0
2025-04-10 17:50:00+00:00,522.62,524.6,521.07,523.9399,1317526.0
2025-04-10 17:55:00+00:00,523.94,525.55,523.75,524.28,1332798.0
2025-04-10 18:00:00+00:00,524.19,527.75,523.528,527.07,1603781.0
2025-04-10 18:05:00+00:00,527.05,527.76,522.36,522.56,2366462.0
2025-04-10 18:10:00+00:00,522.54,523.29,520.51,520.93,1488659.0
2025-04-10 18:15:00+00:00,520.87,523.59,520.31,522.81,1293089.0
2025-04-10 18:20:00+00:00,522.8325,527.37,522.82,526.36,1166354.0
2025-04-10 18:25:00+00:00,526.3425,528.76,525.52,528.39,1294404.0
2025-04-10 18:30:00+00:00,528.39,529.56,526.86,526.96,1436944.0
2025-04-10 18:35:00+00:00,526.945,527.81,525.548,527.43,1123453.0
2025-04-10 18:40:00+00:00,527.49,529.71,526.65,529.48,1031796.0
2025-04-10 18:45:00+00:00,529.42,529.53,525.46,526.5641,1351679.0
2025-04-10 18:50:00+00:00,526.56,528.21,524.41,524.62,1468822.0
2025-04-10 18:55:00+00:00,524.675,527.1299,523.57,526.07,1420115.0
2025-04-10 19:00:00+00:00,526.17,529.43,524.95,528.7,1277982.0
2025-04-10 19:05:00+00:00,528.6834,529.21,524.2812,524.355,1525281.0
2025-04-10 19:10:00+00:00,524.38,525.81,523.78,525.34,1084971.0
2025-04-10 19:15:00+00:00,525.26,527.28,524.12,526.95,1119153.0
2025-04-10 19:20:00+00:00,526.97,528.69,524.93,525.85,1250566.0
2025-04-10 19:25:00+00:00,525.68,527.26,522.37,522.43,1750760.0
2025-04-10 19:30:00+00:00,522.47,525.68,521.78,523.965,1702055.0
2025-04-10 19:35:00+00:00,523.85,524.41,521.49,521.65,1935709.0
2025-04-10 19:40:00+00:00,521.66,522.6,518.2,518.8,2995683.0
2025-04-10 19:45:00+00:00,518.805,521.33,518.22,519.93,3388119.0
2025-04-10 19:50:00+00:00,519.9,525.66,519.6,525.23,5190835.0
2025-04-10 19:55:00+00:00,525.28,526.52,522.11,524.7,6405530.0
2025-04-10 20:00:00+00:00,524.72,526.88,523.346,526.0,1630260.0
2025-04-10 20:05:00+00:00,525.91,526.33,525.0,526.0,743290.0
2025-04-10 20:10:00+00:00,526.05,526.6,525.55,526.5183,5305456.0
2025-04-10 20:15:00+00:00,526.47,526.51,524.92,525.26,123137.0
2025-04-10 20:20:00+00:00,525.2983,525.2983,524.58,524.68,1072646.0
2025-04-10 20:25:00+00:00,524.6304,524.65,524.38,524.4,379494.0
2025-04-10 20:30:00+00:00,524.4,524.79,524.3,524.47,51788.0
2025-04-10 20:35:00+00:00,524.42,524.48,523.76,524.1681,66775.0
2025-04-10 20:40:00+00:00,524.11,524.58,523.7,523.88,130250.0
2025-04-10 20:45:00+00:00,523.86,524.52,523.78,524.35,106991.0
2025-04-10 20:50:00+00:00,524.54,525.0,524.52,525.0,70693.0
2025-04-10 20:55:00+00:00,525.0,525.16,524.81,525.16,120144.0
2025-04-10 21:00:00+00:00,525.16,525.25,525.0025,525.0025,31070.0
2025-04-10 21:05:00+00:00,525.0,525.1,524.9,524.96,20754.0
2025-04-10 21:10:00+00:00,525.0,525.0,524.92,524.95,5707.0
2025-04-10 21:15:00+00:00,524.92,525.08,524.87,525.0,19226.0
2025-04-10 21:20:00+00:00,525.05,525.07,524.58,524.99,29118.0
2025-04-10 21:25:00+00:00,525.0,525.0,524.76,524.97,27714.0
2025-04-10 21:30:00+00:00,524.9,524.97,524.88,524.88,780.0
2025-04-10 21:35:00+00:00,524.76,524.76,524.53,524.55,10313.0
2025-04-10 21:40:00+00:00,524.53,524.53,524.41,524.5,11168.0
2025-04-10 21:45:00+00:00,524.55,524.59,524.35,524.48,13155.0
2025-04-10 21:50:00+00:00,524.46,524.58,524.39,524.58,7492.0
2025-04-10 21:55:00+00:00,524.4606,524.5,524.3,524.3,7131.0
2025-04-10 22:00:00+00:00,524.43,526.0,524.43,525.67,58867.0
2025-04-10 22:05:00+00:00,525.76,526.3,525.76,526.3,30522.0
2025-04-10 22:10:00+00:00,526.24,526.5193,526.0,526.05,15342.0
2025-04-10 22:15:00+00:00,526.03,526.4199,525.8,525.85,8557.0
2025-04-10 22:20:00+00:00,525.75,525.8501,525.6,525.78,9215.0
2025-04-10 22:25:00+00:00,525.74,526.09,525.57,525.87,9708.0
2025-04-10 22:30:00+00:00,526.2,526.75,526.2,526.46,20157.0
2025-04-10 22:35:00+00:00,526.5,527.01,526.4,527.0,18046.0
2025-04-10 22:40:00+00:00,527.0,527.33,527.0,527.139,9885.0
2025-04-10 22:45:00+00:00,527.189,527.5,526.52,526.559,14888.0
2025-04-10 22:50:00+00:00,526.5,526.5,526.2496,526.37,5848.0
2025-04-10 22:55:00+00:00,526.36,526.37,525.75,525.75,12898.0
2025-04-10 23:00:00+00:00,525.81,525.81,525.01,525.39,16185.0
2025-04-10 23:05:00+00:00,525.38,526.03,525.33,525.5,62477.0
2025-04-10 23:10:00+00:00,525.55,525.55,524.12,524.12,21528.0
2025-04-10 23:15:00+00:00,524.35,524.35,523.7707,524.049,13245.0
2025-04-10 23:20:00+00:00,524.0004,524.1,522.39,522.39,12308.0
2025-04-10 23:25:00+00:00,522.59,523.51,522.5,523.08,18225.0
2025-04-10 23:30:00+00:00,523.27,523.96,522.9,523.96,6721.0
2025-04-10 23:35:00+00:00,523.6004,523.84,523.0,523.11,6578.0
2025-04-10 23:40:00+00:00,522.96,523.58,522.93,523.58,9245.0
2025-04-10 23:45:00+00:00,523.7,523.75,522.63,522.63,10692.0
2025-04-10 23:50:00+00:00,522.46,522.74,521.29,521.4,25389.0
2025-04-10 23:55:00+00:00,521.5,522.98,521.37,522.1017,61260.0
2025-04-11 08:00:00+00:00,525.2,526.66,523.67,525.2,95387.0
2025-04-11 08:05:00+00:00,525.28,527.46,525.27,527.0,47638.0
2025-04-11 08:10:00+00:00,526.94,526.94,526.0,526.83,25428.0
2025-04-11 08:15:00+00:00,526.5,526.62,524.93,524.93,30762.0
2025-04-11 08:20:00+00:00,524.7,524.7,523.16,523.16,51238.0
2025-04-11 08:25:00+00:00,523.06,524.5,522.9,523.68,41739.0
2025-04-11 08:30:00+00:00,523.57,524.02,522.36,522.37,18912.0
2025-04-11 08:35:00+00:00,522.15,523.0,521.37,522.35,43864.0
2025-04-11 08:40:00+00:00,522.26,522.26,520.78,521.64,42132.0
2025-04-11 08:45:00+00:00,521.62,522.52,521.59,521.66,34514.0
2025-04-11 08:50:00+00:00,522.31,522.47,521.4,521.61,17045.0
2025-04-11 08:55:00+00:00,521.6,522.83,521.33,522.42,22947.0
2025-04-11 09:00:00+00:00,522.29,523.15,522.25,522.64,37489.0
2025-04-11 09:05:00+00:00,522.57,523.0,522.12,522.17,16102.0
2025-04-11 09:10:00+00:00,521.81,523.1,521.5,523.1,16147.0
2025-04-11 09:15:00+00:00,523.1,524.17,523.1,523.22,14174.0
2025-04-11 09:20:00+00:00,523.3,523.38,522.83,523.38,4647.0
2025-04-11 09:25:00+00:00,523.76,524.3,523.12,523.8,6106.0
2025-04-11 09:30:00+00:00,523.54,524.46,523.4,524.08,9255.0
2025-04-11 09:35:00+00:00,524.4,525.32,524.11,524.94,14206.0
2025-04-11 09:40:00+00:00,525.23,526.21,525.0,526.14,13622.0
2025-04-11 09:45:00+00:00,526.13,526.62,525.54,525.54,6569.0
2025-04-11 09:50:00+00:00,525.31,527.7,525.31,527.54,24794.0
2025-04-11 09:55:00+00:00,527.59,529.1,527.48,529.07,27764.0
2025-04-11 10:00:00+00:00,528.9,529.52,528.0,528.75,28280.0
2025-04-11 10:05:00+00:00,528.44,529.0,527.72,527.77,12823.0
2025-04-11 10:10:00+00:00,527.82,528.5,527.44,528.5,14951.0
2025-04-11 10:15:00+00:00,528.1,528.7,527.8,528.5,20295.0
2025-04-11 10:20:00+00:00,528.52,529.56,528.5,529.55,18622.0
2025-04-11 10:25:00+00:00,529.51,530.32,528.85,529.7,24544.0
2025-04-11 10:30:00+00:00,529.38,529.94,529.29,529.69,13128.0
2025-04-11 10:35:00+00:00,529.8,530.64,529.37,529.4,13699.0
2025-04-11 10:40:00+00:00,529.42,529.58,528.76,528.76,11671.0
2025-04-11 10:45:00+00:00,528.78,529.13,528.12,528.76,15617.0
2025-04-11 10:50:00+00:00,528.26,529.28,527.71,529.17,47456.0
2025-04-11 10:55:00+00:00,529.37,529.65,528.49,528.78,13840.0
2025-04-11 11:00:00+00:00,528.79,529.41,528.07,528.8,32984.0
2025-04-11 11:05:00+00:00,528.98,529.5,528.3,529.5,40491.0
2025-04-11 11:10:00+00:00,529.31,529.65,527.96,528.0,27494.0
2025-04-11 11:15:00+00:00,527.93,528.07,526.09,526.21,56765.0
2025-04-11 11:20:00+00:00,526.5,526.92,525.65,526.54,43404.0
2025-04-11 11:25:00+00:00,526.54,527.12,526.15,526.39,21679.0
2025-04-11 11:30:00+00:00,526.3,526.81,526.09,526.51,33525.0
2025-04-11 11:35:00+00:00,526.4,526.7,525.36,525.5,37320.0
2025-04-11 11:40:00+00:00,525.49,526.51,525.4,526.06,28390.0
2025-04-11 11:45:00+00:00,525.95,526.33,524.99,524.99,23862.0
2025-04-11 11:50:00+00:00,524.96,525.5,524.32,525.44,60222.0
2025-04-11 11:55:00+00:00,525.46,527.94,525.44,526.95,70894.0
2025-04-11 12:00:00+00:00,529.15,532.48,524.27,527.48,271208.0
2025-04-11 12:05:00+00:00,527.48,527.79,526.67,527.01,58699.0
2025-04-11 12:10:00+00:00,526.94,527.26,526.53,527.21,17531.0
2025-04-11 12:15:00+00:00,527.25,527.8,526.66,527.1,54630.0
2025-04-11 12:20:00+00:00,527.3068,527.5616,526.25,526.4,49140.0
2025-04-11 12:25:00+00:00,526.43,527.55,526.43,527.25,44582.0
2025-04-11 12:30:00+00:00,527.5,529.14,527.09,529.14,201485.0
2025-04-11 12:35:00+00:00,529.1712,529.77,528.33,528.45,77676.0
2025-04-11 12:40:00+00:00,528.4298,528.73,527.43,527.5317,75548.0
2025-04-11 12:45:00+00:00,527.64,527.82,526.2,526.7,97839.0
2025-04-11 12:50:00+00:00,526.61,527.28,525.91,526.62,67860.0
2025-04-11 12:55:00+00:00,526.64,526.64,525.31,525.55,178222.0
2025-04-11 13:00:00+00:00,525.7,526.35,525.13,525.84,153394.0
2025-04-11 13:05:00+00:00,525.87,526.641,523.59,523.6,296282.0
2025-04-11 13:10:00+00:00,523.67,523.85,521.5,522.44,526413.0
2025-04-11 13:15:00+00:00,522.45,523.06,521.94,522.69,389221.0
2025-04-11 13:20:00+00:00,522.7,524.4,522.41,523.83,268922.0
2025-04-11 13:25:00+00:00,523.87,524.28,522.89,523.11,231454.0
2025-04-11 13:30:00+00:00,523.01,524.91,521.1,522.68,2050567.0
2025-04-11 13:35:00+00:00,522.72,525.53,521.31,524.6,2314412.0
2025-04-11 13:40:00+00:00,524.6,526.27,522.15,525.57,1786346.0
2025-04-11 13:45:00+00:00,525.61,528.35,525.25,527.19,1596570.0
2025-04-11 13:50:00+00:00,527.22,528.84,525.98,528.05,1397422.0
2025-04-11 13:55:00+00:00,528.14,528.28,526.25,526.4001,947970.0
2025-04-11 14:00:00+00:00,526.48,526.8,523.38,525.32,2704103.0
2025-04-11 14:05:00+00:00,525.39,528.43,524.78,527.19,1497926.0
2025-04-11 14:10:00+00:00,527.24,527.87,524.35,526.315,1048651.0
2025-04-11 14:15:00+00:00,526.32,527.6365,523.31,523.565,1007001.0
2025-04-11 14:20:00+00:00,523.55,523.88,520.07,522.0,1746113.0
2025-04-11 14:25:00+00:00,522.0,522.535,520.42,520.69,1010269.0
2025-04-11 14:30:00+00:00,520.8,524.21,520.09,523.83,1228372.0
2025-04-11 14:35:00+00:00,523.77,524.71,523.3,524.2,751306.0
2025-04-11 14:40:00+00:00,524.16,525.5162,523.09,525.3,934234.0
2025-04-11 14:45:00+00:00,525.31,526.71,525.19,525.91,1034730.0
2025-04-11 14:50:00+00:00,525.89,525.89,523.66,524.52,798964.0
2025-04-11 14:55:00+00:00,524.57,525.14,522.94,523.17,611810.0
2025-04-11 15:00:00+00:00,523.14,527.42,522.52,523.03,1698489.0
2025-04-11 15:05:00+00:00,522.83,523.86,521.76,523.4,868262.0
2025-04-11 15:10:00+00:00,523.435,523.85,521.69,521.9,729049.0
2025-04-11 15:15:00+00:00,521.78,522.555,520.88,521.72,638749.0
2025-04-11 15:20:00+00:00,521.67,522.83,520.95,521.48,612509.0
2025-04-11 15:25:00+00:00,521.46,523.5685,521.37,523.08,949403.0
2025-04-11 15:30:00+00:00,523.03,523.98,522.42,523.71,530930.0
2025-04-11 15:35:00+00:00,523.66,526.07,523.06,525.96,638966.0
2025-04-11 15:40:00+00:00,525.94,526.05,524.13,525.24,564337.0
2025-04-11 15:45:00+00:00,525.22,526.31,524.73,525.88,525427.0
2025-04-11 15:50:00+00:00,525.84,526.26,525.0137,525.724,403307.0
2025-04-11 15:55:00+00:00,525.76,527.11,525.74,526.94,611797.0
2025-04-11 16:00:00+00:00,526.93,527.18,526.08,526.95,491265.0
2025-04-11 16:05:00+00:00,526.95,528.5,526.9,526.9501,751686.0
2025-04-11 16:10:00+00:00,527.03,528.45,526.9663,527.85,490161.0
2025-04-11 16:15:00+00:00,527.86,528.66,527.45,528.505,418959.0
2025-04-11 16:20:00+00:00,528.53,528.67,527.33,527.3899,474248.0
2025-04-11 16:25:00+00:00,527.39,527.95,526.41,527.39,608858.0
2025-04-11 16:30:00+00:00,527.535,530.325,527.4475,529.76,974839.0
2025-04-11 16:35:00+00:00,529.765,532.0,529.73,531.27,1015124.0
2025-04-11 16:40:00+00:00,531.28,532.26,530.64,531.9627,928348.0
2025-04-11 16:45:00+00:00,531.965,532.74,531.02,532.61,843578.0
2025-04-11 16:50:00+00:00,532.59,532.85,531.66,532.2928,811551.0
2025-04-11 16:55:00+00:00,532.39,532.61,531.58,531.72,578114.0
2025-04-11 17:00:00+00:00,531.77,532.61,530.6047,531.98,618818.0
2025-04-11 17:05:00+00:00,532.07,533.09,531.27,531.83,622306.0
2025-04-11 17:10:00+00:00,531.79,531.96,530.73,531.475,597080.0
2025-04-11 17:15:00+00:00,531.48,532.02,529.66,530.085,590852.0
2025-04-11 17:20:00+00:00,530.1,531.98,529.67,530.68,780752.0
2025-04-11 17:25:00+00:00,530.63,530.74,529.48,529.83,666865.0
2025-04-11 17:30:00+00:00,529.84,530.47,528.84,529.96,899501.0
2025-04-11 17:35:00+00:00,529.96,532.88,529.16,532.75,975184.0
2025-04-11 17:40:00+00:00,532.74,536.12,532.65,535.4,2063684.0
2025-04-11 17:45:00+00:00,535.4106,535.49,533.212,534.72,1187248.0
2025-04-11 17:50:00+00:00,534.65,536.43,534.15,535.72,1074274.0
2025-04-11 17:55:00+00:00,535.7625,535.84,534.18,534.7,731237.0
2025-04-11 18:00:00+00:00,534.72,534.99,533.71,534.81,851559.0
2025-04-11 18:05:00+00:00,534.8,534.91,532.87,533.38,774895.0
2025-04-11 18:10:00+00:00,533.35,534.25,532.7263,533.6,865164.0
2025-04-11 18:15:00+00:00,533.59,534.1,531.98,532.39,1273817.0
2025-04-11 18:20:00+00:00,532.405,533.23,531.57,532.9,910643.0
2025-04-11 18:25:00+00:00,532.9031,533.26,531.85,533.17,471747.0
2025-04-11 18:30:00+00:00,533.16,533.54,532.65,533.0,540214.0
2025-04-11 18:35:00+00:00,532.93,534.03,532.37,533.2994,897955.0
2025-04-11 18:40:00+00:00,533.25,534.21,533.18,533.67,470785.0
2025-04-11 18:45:00+00:00,533.68,534.52,533.52,534.17,471163.0
2025-04-11 18:50:00+00:00,534.2,534.3075,531.97,533.63,697085.0
2025-04-11 18:55:00+00:00,533.7,533.93,532.05,532.16,431234.0
2025-04-11 19:00:00+00:00,532.23,534.28,532.11,533.7927,655991.0
2025-04-11 19:05:00+00:00,533.77,534.77,533.07,534.69,813313.0
2025-04-11 19:10:00+00:00,534.675,535.31,534.18,535.06,983370.0
2025-04-11 19:15:00+00:00,535.06,535.24,533.645,534.96,854559.0
2025-04-11 19:20:00+00:00,534.99,535.64,534.49,535.21,799931.0
2025-04-11 19:25:00+00:00,535.1929,535.68,534.3938,534.74,803202.0
2025-04-11 19:30:00+00:00,534.67,535.16,533.93,534.9899,927674.0
2025-04-11 19:35:00+00:00,534.99,534.99,533.48,534.62,1180305.0
2025-04-11 19:40:00+00:00,534.55,535.16,534.2501,534.91,1227082.0
2025-04-11 19:45:00+00:00,534.9,535.1,534.03,534.62,1301229.0
2025-04-11 19:50:00+00:00,534.59,535.45,533.96,534.83,3265758.0
2025-04-11 19:55:00+00:00,534.81,535.28,533.75,533.98,6509575.0
2025-04-11 20:00:00+00:00,533.82,534.54,533.53,534.4,1999329.0
2025-04-11 20:05:00+00:00,534.4586,534.58,534.03,534.15,619944.0
2025-04-11 20:10:00+00:00,534.16,534.5,533.94,534.49,3415453.0
2025-04-11 20:15:00+00:00,534.5,534.94,534.3001,534.63,2408797.0
2025-04-11 20:20:00+00:00,534.6,534.64,533.9,534.11,116141.0
2025-04-11 20:25:00+00:00,534.14,534.73,534.14,534.5502,32937.0
2025-04-11 20:30:00+00:00,534.6,534.76,534.49,534.5593,17648.0
2025-04-11 20:35:00+00:00,534.45,534.6,534.38,534.57,18185.0
2025-04-11 20:40:00+00:00,534.6,534.77,534.53,534.7,439242.0
2025-04-11 20:45:00+00:00,534.7,534.82,534.65,534.8,137322.0
2025-04-11 20:50:00+00:00,534.75,534.76,534.55,534.5999,46658.0
2025-04-11 20:55:00+00:00,534.54,534.5682,534.16,534.37,53707.0
2025-04-11 21:00:00+00:00,534.3499,534.3499,534.03,534.03,8848.0
2025-04-11 21:05:00+00:00,534.03,534.2599,534.02,534.2599,8800.0
2025-04-11 21:10:00+00:00,534.16,534.4,534.15,534.3798,7772.0
2025-04-11 21:15:00+00:00,534.38,534.43,534.37,534.4,12459.0
2025-04-11 21:20:00+00:00,534.4,534.5001,534.39,534.5,14436.0
2025-04-11 21:25:00+00:00,534.48,534.49,534.37,534.39,8052.0
2025-04-11 21:30:00+00:00,534.38,534.4,533.97,534.0,21068.0
2025-04-11 21:35:00+00:00,534.0,534.0,533.97,533.98,9273.0
2025-04-11 21:40:00+00:00,533.9697,533.99,533.94,533.9899,6614.0
2025-04-11 21:45:00+00:00,533.99,534.0774,533.95,533.95,8338.0
2025-04-11 21:50:00+00:00,533.94,533.9401,533.83,533.9222,4547.0
2025-04-11 21:55:00+00:00,533.94,534.09,533.93,534.08,2984.0
2025-04-11 22:00:00+00:00,533.9005,534.1,533.89,533.89,6689.0
2025-04-11 22:05:00+00:00,533.9116,534.0,533.9105,533.9501,4855.0
2025-04-11 22:10:00+00:00,533.9508,534.0799,533.95,533.98,2390.0
2025-04-11 22:15:00+00:00,533.9806,534.1,533.9806,534.09,7726.0
2025-04-11 22:20:00+00:00,534.09,534.09,533.85,533.89,29444.0
2025-04-11 22:25:00+00:00,533.86,533.99,533.86,533.97,13007.0
2025-04-11 22:30:00+00:00,533.97,533.97,533.93,533.95,4257.0
2025-04-11 22:35:00+00:00,533.863,533.98,533.863,533.96,915.0
2025-04-11 22:40:00+00:00,533.92,533.92,533.86,533.86,612.0
2025-04-11 22:45:00+00:00,533.86,533.86,533.81,533.81,8830.0
2025-04-11 22:50:00+00:00,533.82,533.82,533.8,533.8,1999.0
2025-04-11 22:55:00+00:00,533.75,533.75,533.66,533.66,6496.0
2025-04-11 23:00:00+00:00,533.7,533.7,533.67,533.6701,6054.0
2025-04-11 23:05:00+00:00,533.6999,533.7,533.69,533.6999,1326.0
2025-04-11 23:10:00+00:00,533.68,533.98,533.66,533.9796,3574.0
2025-04-11 23:15:00+00:00,533.76,533.98,533.71,533.71,1866.0
2025-04-11 23:20:00+00:00,533.7,533.9,533.7,533.7986,2397.0
2025-04-11 23:25:00+00:00,533.74,533.94,533.713,533.85,2544.0
2025-04-11 23:30:00+00:00,533.75,533.75,533.75,533.75,537.0
2025-04-11 23:35:00+00:00,533.83,533.85,533.77,533.77,4731.0
2025-04-11 23:40:00+00:00,533.85,533.92,533.85,533.92,2234.0
2025-04-11 23:45:00+00:00,533.87,533.98,533.87,533.98,3779.0
2025-04-11 23:50:00+00:00,533.98,534.0,533.9312,533.98,6300.0
2025-04-11 23:55:00+00:00,534.0,534.29,533.98,534.29,12272.0
2025-04-14 08:00:00+00:00,540.0,541.93,540.0,541.85,27202.0
2025-04-14 08:05:00+00:00,541.92,542.0,541.41,541.67,10280.0
2025-04-14 08:10:00+00:00,541.54,541.54,541.11,541.43,9483.0
2025-04-14 08:15:00+00:00,541.53,541.71,541.41,541.71,6945.0
2025-04-14 08:20:00+00:00,541.8,541.85,541.59,541.85,5471.0
2025-04-14 08:25:00+00:00,541.95,542.0,541.54,541.66,7276.0
2025-04-14 08:30:00+00:00,541.91,541.91,541.5,541.6,4490.0
2025-04-14 08:35:00+00:00,541.53,542.04,541.53,541.72,7956.0
2025-04-14 08:40:00+00:00,541.62,541.86,541.6,541.63,3803.0
2025-04-14 08:45:00+00:00,541.63,541.91,541.63,541.84,4418.0
2025-04-14 08:50:00+00:00,541.75,541.77,541.36,541.71,18226.0
2025-04-14 08:55:00+00:00,541.7,541.7,541.36,541.59,6973.0
2025-04-14 09:00:00+00:00,541.57,542.0,541.5,541.95,4655.0
2025-04-14 09:05:00+00:00,541.92,542.2,541.83,541.99,9836.0
2025-04-14 09:10:00+00:00,541.77,541.88,541.49,541.5,4600.0
2025-04-14 09:15:00+00:00,541.59,541.59,540.96,541.04,8238.0
2025-04-14 09:20:00+00:00,541.05,541.19,540.7,540.7,8006.0
2025-04-14 09:25:00+00:00,540.55,540.69,540.22,540.28,9103.0
2025-04-14 09:30:00+00:00,540.31,540.45,540.2,540.2,4820.0
2025-04-14 09:35:00+00:00,540.08,540.08,539.5,539.5,10490.0
2025-04-14 09:40:00+00:00,539.47,539.85,539.47,539.71,6140.0
2025-04-14 09:45:00+00:00,539.72,539.72,539.26,539.44,7193.0
2025-04-14 09:50:00+00:00,539.6,540.1,539.47,539.96,8377.0
2025-04-14 09:55:00+00:00,540.25,540.32,540.16,540.16,6116.0
2025-04-14 10:00:00+00:00,540.47,540.85,540.32,540.74,7883.0
2025-04-14 10:05:00+00:00,540.73,540.74,540.13,540.19,5262.0
2025-04-14 10:10:00+00:00,540.35,540.41,540.12,540.17,4389.0
2025-04-14 10:15:00+00:00,540.28,540.35,540.28,540.35,922.0
2025-04-14 10:20:00+00:00,539.96,540.13,539.78,540.0,7098.0
2025-04-14 10:25:00+00:00,539.94,540.5,539.94,540.28,3423.0
2025-04-14 10:30:00+00:00,540.38,540.71,540.38,540.71,2246.0
2025-04-14 10:35:00+00:00,540.7,540.88,540.67,540.7,10778.0
2025-04-14 10:40:00+00:00,540.68,541.05,540.68,541.05,24148.0
2025-04-14 10:45:00+00:00,540.87,541.02,540.68,540.99,4106.0
2025-04-14 10:50:00+00:00,541.07,541.22,540.79,540.79,3575.0
2025-04-14 10:55:00+00:00,541.03,541.42,540.93,541.34,4134.0
2025-04-14 11:00:00+00:00,541.36,541.82,541.08,541.77,20952.0
2025-04-14 11:05:00+00:00,541.84,542.04,541.561,541.8,30255.0
2025-04-14 11:10:00+00:00,541.86,542.52,541.79,542.5,131762.0
2025-04-14 11:15:00+00:00,542.37,542.57,542.011,542.25,101547.0
2025-04-14 11:20:00+00:00,542.25,542.4,541.82,541.93,70793.0
2025-04-14 11:25:00+00:00,542.0,542.99,542.0,542.22,62118.0
2025-04-14 11:30:00+00:00,542.33,542.5,541.98,542.1,15297.0
2025-04-14 11:35:00+00:00,542.1,542.26,541.97,542.0,9337.0
2025-04-14 11:40:00+00:00,542.18,542.18,541.48,541.71,27681.0
2025-04-14 11:45:00+00:00,541.69,541.82,541.44,541.6,14110.0
2025-04-14 11:50:00+00:00,541.59,541.661,540.19,540.19,60784.0
2025-04-14 11:55:00+00:00,540.23,540.3,540.0,540.03,33850.0
2025-04-14 12:00:00+00:00,541.75,542.9,538.59,540.68,190861.0
2025-04-14 12:05:00+00:00,540.8,541.15,540.65,541.15,19844.0
2025-04-14 12:10:00+00:00,541.1,541.39,540.87,541.17,30815.0
2025-04-14 12:15:00+00:00,541.21,541.47,541.07,541.41,61289.0
2025-04-14 12:20:00+00:00,541.42,541.79,541.33,541.69,33090.0
2025-04-14 12:25:00+00:00,541.66,541.74,541.5,541.6,23891.0
2025-04-14 12:30:00+00:00,541.57,542.04,541.38,542.02,71553.0
2025-04-14 12:35:00+00:00,542.0,542.82,542.0,542.7,98933.0
2025-04-14 12:40:00+00:00,542.68,542.77,542.12,542.31,50050.0
2025-04-14 12:45:00+00:00,542.28,542.46,542.11,542.3019,37552.0
2025-04-14 12:50:00+00:00,542.33,542.56,542.2,542.5,14150.0
2025-04-14 12:55:00+00:00,542.53,542.85,542.41,542.73,50622.0
2025-04-14 13:00:00+00:00,542.69,543.12,542.441,543.08,68775.0
2025-04-14 13:05:00+00:00,543.05,543.15,542.58,542.7499,137262.0
2025-04-14 13:10:00+00:00,542.68,542.88,542.591,542.86,60904.0
2025-04-14 13:15:00+00:00,542.86,543.9,542.86,543.7,143148.0
2025-04-14 13:20:00+00:00,543.76,543.95,543.59,543.95,111773.0
2025-04-14 13:25:00+00:00,543.95,544.48,543.8,544.05,273542.0
2025-04-14 13:30:00+00:00,544.05,544.28,541.97,542.62,2642732.0
2025-04-14 13:35:00+00:00,542.65,542.85,540.93,540.93,1338259.0
2025-04-14 13:40:00+00:00,540.95,541.15,539.25,540.7236,1332463.0
2025-04-14 13:45:00+00:00,540.75,541.49,539.21,541.28,1180388.0
2025-04-14 13:50:00+00:00,541.24,541.95,540.16,541.615,1022225.0
2025-04-14 13:55:00+00:00,541.62,541.8,540.27,540.47,857367.0
2025-04-14 14:00:00+00:00,540.63,543.09,539.965,542.515,1142804.0
2025-04-14 14:05:00+00:00,542.53,543.49,541.91,542.04,861782.0
2025-04-14 14:10:00+00:00,542.095,542.1147,540.9,541.415,660778.0
2025-04-14 14:15:00+00:00,541.5,541.99,539.71,540.95,806281.0
2025-04-14 14:20:00+00:00,541.0,541.53,540.1,541.22,455385.0
2025-04-14 14:25:00+00:00,541.255,542.4,540.67,542.12,652047.0
2025-04-14 14:30:00+00:00,542.14,542.67,541.63,542.11,580503.0
2025-04-14 14:35:00+00:00,542.11,542.83,541.76,542.59,361843.0
2025-04-14 14:40:00+00:00,542.63,543.02,542.0,542.35,444648.0
2025-04-14 14:45:00+00:00,542.355,543.2,541.94,542.98,480887.0
2025-04-14 14:50:00+00:00,542.99,543.85,542.92,543.8,740599.0
2025-04-14 14:55:00+00:00,543.79,543.82,542.15,542.42,681448.0
2025-04-14 15:00:00+00:00,542.435,543.09,541.4,541.7791,914325.0
2025-04-14 15:05:00+00:00,541.82,542.0,540.7,541.19,694145.0
2025-04-14 15:10:00+00:00,541.17,541.7399,540.43,540.65,526718.0
2025-04-14 15:15:00+00:00,540.67,541.0293,540.12,540.9499,512265.0
2025-04-14 15:20:00+00:00,540.96,541.23,540.28,540.33,456926.0
2025-04-14 15:25:00+00:00,540.27,540.37,538.43,538.52,973031.0
2025-04-14 15:30:00+00:00,538.64,539.78,538.11,539.7335,714255.0
2025-04-14 15:35:00+00:00,539.75,539.93,537.5,537.6,864319.0
2025-04-14 15:40:00+00:00,537.57,538.33,536.88,538.23,991367.0
2025-04-14 15:45:00+00:00,538.18,538.29,535.67,535.9,945853.0
2025-04-14 15:50:00+00:00,535.88,536.3,535.23,536.1951,964686.0
2025-04-14 15:55:00+00:00,536.15,537.13,535.73,535.7399,977603.0
2025-04-14 16:00:00+00:00,535.725,536.85,535.36,536.53,790481.0
2025-04-14 16:05:00+00:00,536.53,536.79,535.46,535.74,780451.0
2025-04-14 16:10:00+00:00,535.75,536.09,533.86,535.43,1574154.0
2025-04-14 16:15:00+00:00,535.47,537.5333,535.37,536.91,1040055.0
2025-04-14 16:20:00+00:00,536.905,537.85,535.98,536.6,1170392.0
2025-04-14 16:25:00+00:00,536.64,536.78,535.16,535.85,450034.0
2025-04-14 16:30:00+00:00,535.82,537.64,535.44,537.48,571815.0
2025-04-14 16:35:00+00:00,537.51,537.86,536.94,537.11,580979.0
2025-04-14 16:40:00+00:00,537.055,537.62,536.6,537.58,446277.0
2025-04-14 16:45:00+00:00,537.54,537.92,536.9604,537.05,354263.0
2025-04-14 16:50:00+00:00,537.03,537.05,535.65,536.9401,673419.0
2025-04-14 16:55:00+00:00,536.9423,537.09,535.37,535.52,650793.0
2025-04-14 17:00:00+00:00,535.6,539.23,535.29,536.44,1530148.0
2025-04-14 17:05:00+00:00,536.5,537.0,535.71,536.73,426852.0
2025-04-14 17:10:00+00:00,536.73,537.19,536.15,536.81,343903.0
2025-04-14 17:15:00+00:00,536.81,537.53,536.01,537.4901,385858.0
2025-04-14 17:20:00+00:00,537.51,538.55,537.21,538.55,387803.0
2025-04-14 17:25:00+00:00,538.5077,538.5077,537.0436,537.3,387545.0
2025-04-14 17:30:00+00:00,537.26,537.92,536.49,537.51,450755.0
2025-04-14 17:35:00+00:00,537.4352,538.16,537.16,537.69,303052.0
2025-04-14 17:40:00+00:00,537.7013,538.18,536.96,537.04,366450.0
2025-04-14 17:45:00+00:00,537.13,537.94,536.64,537.6943,361849.0
2025-04-14 17:50:00+00:00,537.755,539.45,537.49,538.81,545816.0
2025-04-14 17:55:00+00:00,538.83,539.28,538.42,538.97,329879.0
2025-04-14 18:00:00+00:00,538.95,539.6897,538.87,539.43,397936.0
2025-04-14 18:05:00+00:00,539.51,539.85,538.96,539.64,474937.0
2025-04-14 18:10:00+00:00,539.59,539.78,538.81,539.32,336161.0
2025-04-14 18:15:00+00:00,539.3,539.77,538.99,539.68,411754.0
2025-04-14 18:20:00+00:00,539.71,540.45,539.6,540.39,500634.0
2025-04-14 18:25:00+00:00,540.39,540.51,539.91,540.38,308620.0
2025-04-14 18:30:00+00:00,540.38,540.79,540.05,540.595,495235.0
2025-04-14 18:35:00+00:00,540.6,540.89,540.38,540.62,315390.0
2025-04-14 18:40:00+00:00,540.66,541.31,540.62,541.19,390124.0
2025-04-14 18:45:00+00:00,541.19,541.3,540.4,540.91,552640.0
2025-04-14 18:50:00+00:00,540.94,541.12,540.47,540.78,564858.0
2025-04-14 18:55:00+00:00,540.79,541.03,540.47,540.73,556123.0
2025-04-14 19:00:00+00:00,540.77,541.43,540.64,541.4,542671.0
2025-04-14 19:05:00+00:00,541.4,542.18,541.28,542.09,632022.0
2025-04-14 19:10:00+00:00,542.1,542.58,541.74,542.3517,884335.0
2025-04-14 19:15:00+00:00,542.36,542.36,541.342,541.5301,874514.0
2025-04-14 19:20:00+00:00,541.59,542.08,541.2699,541.85,508212.0
2025-04-14 19:25:00+00:00,541.87,541.95,541.0163,541.33,525879.0
2025-04-14 19:30:00+00:00,541.32,541.585,540.66,541.48,628151.0
2025-04-14 19:35:00+00:00,541.49,541.6636,540.87,541.24,1465590.0
2025-04-14 19:40:00+00:00,541.22,542.15,541.15,541.65,1111436.0
2025-04-14 19:45:00+00:00,541.66,541.8,540.37,540.88,1392283.0
2025-04-14 19:50:00+00:00,540.87,540.87,539.13,539.69,3116187.0
2025-04-14 19:55:00+00:00,539.69,539.83,538.36,538.97,2880206.0
2025-04-14 20:00:00+00:00,538.99,539.47,538.18,538.53,1301760.0
2025-04-14 20:05:00+00:00,538.53,538.7538,537.89,538.4,501695.0
2025-04-14 20:10:00+00:00,538.43,538.69,538.32,538.44,780736.0
2025-04-14 20:15:00+00:00,538.44,538.59,537.25,537.39,133336.0
2025-04-14 20:20:00+00:00,537.35,537.43,536.0,536.47,131448.0
2025-04-14 20:25:00+00:00,536.52,536.52,535.39,536.47,146501.0
2025-04-14 20:30:00+00:00,536.6,537.37,536.55,537.2519,88281.0
2025-04-14 20:35:00+00:00,537.29,537.94,536.88,537.84,85135.0
2025-04-14 20:40:00+00:00,537.61,537.66,537.25,537.36,57497.0
2025-04-14 20:45:00+00:00,537.45,538.13,537.28,537.98,33417.0
2025-04-14 20:50:00+00:00,538.0,538.03,537.65,537.8801,22117.0
2025-04-14 20:55:00+00:00,537.87,538.1773,537.87,538.05,23981.0
2025-04-14 21:00:00+00:00,538.06,538.18,537.7049,537.93,7089.0
2025-04-14 21:05:00+00:00,537.93,537.93,537.9,537.92,92840.0
2025-04-14 21:10:00+00:00,537.92,537.92,537.75,537.81,10054.0
2025-04-14 21:15:00+00:00,537.78,537.78,537.53,537.62,21778.0
2025-04-14 21:20:00+00:00,537.61,537.9691,537.61,537.9691,14753.0
2025-04-14 21:25:00+00:00,537.97,537.97,537.8,537.8,1824.0
2025-04-14 21:30:00+00:00,537.85,538.08,537.85,538.05,13438.0
2025-04-14 21:35:00+00:00,538.07,538.33,538.07,538.31,26805.0
2025-04-14 21:40:00+00:00,538.32,538.4105,538.31,538.36,18605.0
2025-04-14 21:45:00+00:00,538.33,538.45,538.33,538.45,14475.0
2025-04-14 21:50:00+00:00,538.4,538.45,538.4,538.43,23330.0
2025-04-14 21:55:00+00:00,538.261,538.261,538.14,538.2,4725.0
2025-04-14 22:00:00+00:00,538.15,538.21,537.55,537.99,66070.0
2025-04-14 22:05:00+00:00,537.99,538.0,537.2,537.3,53415.0
2025-04-14 22:10:00+00:00,537.2,537.5,537.2,537.4,14169.0
2025-04-14 22:15:00+00:00,537.4,537.48,537.0,537.1,44397.0
2025-04-14 22:20:00+00:00,537.08,537.611,536.9,537.6,13286.0
2025-04-14 22:25:00+00:00,537.63,537.65,536.6492,536.6492,12430.0
2025-04-14 22:30:00+00:00,536.63,537.11,536.6,537.0,46329.0
2025-04-14 22:35:00+00:00,536.75,536.9095,536.75,536.81,2411.0
2025-04-14 22:40:00+00:00,537.0,537.1,536.93,536.93,2713.0
2025-04-14 22:45:00+00:00,537.0,537.0,536.58,536.76,4135.0
2025-04-14 22:50:00+00:00,536.7901,536.85,536.7304,536.8,3198.0
2025-04-14 22:55:00+00:00,536.5,536.5,536.22,536.3,5131.0
2025-04-14 23:00:00+00:00,536.34,536.62,536.29,536.5,9006.0
2025-04-14 23:05:00+00:00,536.6,536.8532,536.6,536.75,5424.0
2025-04-14 23:10:00+00:00,536.7,536.9,536.7,536.81,2893.0
2025-04-14 23:15:00+00:00,536.83,537.29,536.68,537.29,7236.0
2025-04-14 23:20:00+00:00,537.2514,537.32,537.2,537.32,8577.0
2025-04-14 23:25:00+00:00,537.3,537.3,537.1,537.19,3314.0
2025-04-14 23:30:00+00:00,537.2122,537.48,537.2018,537.48,11590.0
2025-04-14 23:35:00+00:00,537.49,537.5,536.98,536.99,11961.0
2025-04-14 23:40:00+00:00,536.95,536.95,536.56,536.56,1802.0
2025-04-14 23:45:00+00:00,536.62,536.75,536.62,536.75,6226.0
2025-04-14 23:50:00+00:00,536.8,536.8,536.7,536.76,4092.0
2025-04-14 23:55:00+00:00,536.8,536.9,536.75,536.9,11086.0
2025-04-15 08:00:00+00:00,539.27,540.86,539.27,539.39,22030.0
2025-04-15 08:05:00+00:00,539.68,540.29,539.58,540.1,8763.0
2025-04-15 08:10:00+00:00,539.88,540.4,539.88,540.34,2057.0
2025-04-15 08:15:00+00:00,540.27,540.55,540.24,540.55,2228.0
2025-04-15 08:20:00+00:00,540.1,540.59,540.1,540.26,7475.0
2025-04-15 08:25:00+00:00,540.08,540.3,539.9,540.3,2094.0
2025-04-15 08:30:00+00:00,539.46,539.49,539.46,539.49,1151.0
2025-04-15 08:35:00+00:00,539.2,539.66,539.2,539.66,1163.0
2025-04-15 08:40:00+00:00,539.72,539.9,539.68,539.8,3438.0
2025-04-15 08:45:00+00:00,539.76,540.0,539.75,539.8,2981.0
2025-04-15 08:50:00+00:00,539.68,539.96,539.64,539.64,1522.0
2025-04-15 08:55:00+00:00,539.72,540.12,539.72,540.12,12949.0
2025-04-15 09:00:00+00:00,539.58,539.6,539.58,539.6,1155.0
2025-04-15 09:05:00+00:00,539.84,539.84,539.71,539.71,1320.0
2025-04-15 09:15:00+00:00,539.7,539.78,539.12,539.22,2422.0
2025-04-15 09:20:00+00:00,539.47,540.12,539.47,540.12,2761.0
2025-04-15 09:25:00+00:00,540.33,540.61,540.3,540.44,5500.0
2025-04-15 09:30:00+00:00,540.54,540.67,540.46,540.47,2612.0
2025-04-15 09:35:00+00:00,540.28,540.28,539.6,539.6,5091.0
2025-04-15 09:40:00+00:00,539.54,539.54,538.99,538.99,5238.0
2025-04-15 09:45:00+00:00,539.09,539.3,539.0,539.19,3286.0
2025-04-15 09:50:00+00:00,539.19,539.21,538.9,539.07,2524.0
2025-04-15 09:55:00+00:00,539.18,539.36,539.16,539.33,4334.0
2025-04-15 10:00:00+00:00,539.66,539.86,539.6,539.74,5400.0
2025-04-15 10:05:00+00:00,539.67,540.01,539.63,539.99,19781.0
2025-04-15 10:10:00+00:00,539.98,540.14,539.86,540.04,3031.0
2025-04-15 10:15:00+00:00,540.01,540.01,539.81,539.81,2345.0
2025-04-15 10:20:00+00:00,540.1,540.32,539.98,540.07,6889.0
2025-04-15 10:25:00+00:00,540.05,540.05,540.05,540.05,870.0
2025-04-15 10:30:00+00:00,539.89,540.26,539.89,540.26,1152.0
2025-04-15 10:35:00+00:00,540.02,540.05,539.88,539.88,15676.0
2025-04-15 10:40:00+00:00,539.85,539.91,539.21,539.21,8216.0
2025-04-15 10:45:00+00:00,539.22,539.39,538.75,539.14,12251.0
2025-04-15 10:50:00+00:00,539.09,539.56,538.96,539.42,16134.0
2025-04-15 10:55:00+00:00,539.37,539.68,539.36,539.68,8665.0
2025-04-15 11:00:00+00:00,539.67,539.87,539.42,539.75,13675.0
2025-04-15 11:05:00+00:00,539.74,539.75,539.44,539.62,6846.0
2025-04-15 11:10:00+00:00,539.55,539.58,539.13,539.23,2687.0
2025-04-15 11:15:00+00:00,539.18,539.34,539.18,539.28,9782.0
2025-04-15 11:20:00+00:00,539.23,539.4,539.17,539.4,10924.0
2025-04-15 11:25:00+00:00,539.5,539.89,539.36,539.56,17943.0
2025-04-15 11:30:00+00:00,539.51,540.0,539.48,539.49,18057.0
2025-04-15 11:35:00+00:00,539.3,539.3,538.7,538.9,21705.0
2025-04-15 11:40:00+00:00,538.96,539.16,538.3,538.35,28570.0
2025-04-15 11:45:00+00:00,538.36,538.44,537.37,537.42,29402.0
2025-04-15 11:50:00+00:00,537.5,537.7,536.9,537.64,46408.0
2025-04-15 11:55:00+00:00,537.66,537.87,537.16,537.38,26096.0
2025-04-15 12:00:00+00:00,539.66,541.0,536.85,537.81,150381.0
2025-04-15 12:05:00+00:00,537.75,538.15,537.5417,538.0,23936.0
2025-04-15 12:10:00+00:00,538.16,538.23,537.6603,537.93,24073.0
2025-04-15 12:15:00+00:00,537.8,537.8,537.09,537.09,128725.0
2025-04-15 12:20:00+00:00,537.13,537.2,536.4,536.7,192801.0
2025-04-15 12:25:00+00:00,536.62,536.89,536.16,536.67,49212.0
2025-04-15 12:30:00+00:00,536.67,537.03,536.67,536.87,50265.0
2025-04-15 12:35:00+00:00,536.96,537.54,536.83,537.43,41812.0
2025-04-15 12:40:00+00:00,537.4,538.06,537.34,538.06,52870.0
2025-04-15 12:45:00+00:00,538.0,538.03,537.37,537.51,56857.0
2025-04-15 12:50:00+00:00,537.46,538.01,537.38,537.9,21438.0
2025-04-15 12:55:00+00:00,537.95,538.3,537.93,538.17,21821.0
2025-04-15 13:00:00+00:00,538.22,538.69,538.22,538.62,98518.0
2025-04-15 13:05:00+00:00,538.62,538.82,538.421,538.55,14441.0
2025-04-15 13:10:00+00:00,538.63,539.14,538.61,538.7,58285.0
2025-04-15 13:15:00+00:00,538.69,539.01,538.69,538.74,23561.0
2025-04-15 13:20:00+00:00,538.82,538.95,538.7,538.76,43121.0
2025-04-15 13:25:00+00:00,538.76,539.68,538.6,539.68,117836.0
2025-04-15 13:30:00+00:00,539.675,540.84,539.249,540.265,1395172.0
2025-04-15 13:35:00+00:00,540.26,541.62,539.5,541.44,974458.0
2025-04-15 13:40:00+00:00,541.45,542.22,541.22,541.7759,958604.0
2025-04-15 13:45:00+00:00,541.8,542.41,541.01,542.11,713099.0
2025-04-15 13:50:00+00:00,542.14,542.9499,541.89,542.45,781319.0
2025-04-15 13:55:00+00:00,542.47,542.64,541.42,541.48,689334.0
2025-04-15 14:00:00+00:00,541.52,542.35,541.23,541.9,746702.0
2025-04-15 14:05:00+00:00,541.93,542.49,541.63,541.92,665357.0
2025-04-15 14:10:00+00:00,541.9,543.23,541.53,541.74,601015.0
2025-04-15 14:15:00+00:00,541.75,542.56,539.1,539.41,1875615.0
2025-04-15 14:20:00+00:00,539.39,540.9,538.14,539.46,1403093.0
2025-04-15 14:25:00+00:00,539.475,540.05,538.74,539.4,825542.0
2025-04-15 14:30:00+00:00,539.4,540.9799,539.3401,540.85,725092.0
2025-04-15 14:35:00+00:00,540.83,541.04,539.725,539.9,514101.0
2025-04-15 14:40:00+00:00,539.9509,541.88,539.51,541.64,604401.0
2025-04-15 14:45:00+00:00,541.66,541.8,539.08,540.7,1187271.0
2025-04-15 14:50:00+00:00,540.65,541.15,539.78,541.02,440266.0
2025-04-15 14:55:00+00:00,541.08,541.6,540.5,540.58,1208594.0
2025-04-15 15:00:00+00:00,540.5801,541.51,540.43,541.4496,464460.0
2025-04-15 15:05:00+00:00,541.45,541.6339,540.42,540.89,427755.0
2025-04-15 15:10:00+00:00,540.89,541.57,540.45,541.4871,409170.0
2025-04-15 15:15:00+00:00,541.44,541.85,541.29,541.47,278466.0
2025-04-15 15:20:00+00:00,541.55,542.03,541.4,541.7,311184.0
2025-04-15 15:25:00+00:00,541.67,541.69,540.15,540.1701,404651.0
2025-04-15 15:30:00+00:00,540.22,541.53,540.09,540.64,419172.0
2025-04-15 15:35:00+00:00,540.6712,541.0,539.77,540.3505,459415.0
2025-04-15 15:40:00+00:00,540.39,540.58,540.05,540.365,481366.0
2025-04-15 15:45:00+00:00,540.32,540.8188,539.62,539.93,418039.0
2025-04-15 15:50:00+00:00,540.0,541.29,539.44,540.83,521783.0
2025-04-15 15:55:00+00:00,540.791,541.0,540.19,540.9717,268219.0
2025-04-15 16:00:00+00:00,541.0,541.62,540.9,541.33,232261.0
2025-04-15 16:05:00+00:00,541.33,541.51,540.52,540.77,251532.0
2025-04-15 16:10:00+00:00,540.73,541.2,540.51,540.909,198321.0
2025-04-15 16:15:00+00:00,540.93,541.31,540.3726,540.72,220464.0
2025-04-15 16:20:00+00:00,540.7387,541.37,540.48,541.31,419832.0
2025-04-15 16:25:00+00:00,541.31,541.62,540.9003,540.98,270201.0
2025-04-15 16:30:00+00:00,541.0,541.4302,540.72,540.78,191695.0
2025-04-15 16:35:00+00:00,540.83,541.06,540.24,540.281,224992.0
2025-04-15 16:40:00+00:00,540.26,540.79,539.97,540.7175,472266.0
2025-04-15 16:45:00+00:00,540.7,541.1397,540.51,540.642,232951.0
2025-04-15 16:50:00+00:00,540.64,540.7304,539.39,539.51,217347.0
2025-04-15 16:55:00+00:00,539.48,539.485,538.48,539.04,714673.0
2025-04-15 17:00:00+00:00,539.01,539.69,538.46,539.64,512155.0
2025-04-15 17:05:00+00:00,539.6388,539.9,539.11,539.15,453400.0
2025-04-15 17:10:00+00:00,539.17,539.57,538.9,539.3499,320630.0
2025-04-15 17:15:00+00:00,539.34,539.445,538.31,538.65,361972.0
2025-04-15 17:20:00+00:00,538.63,538.82,537.5,538.065,534915.0
2025-04-15 17:25:00+00:00,538.065,538.26,537.37,537.76,378609.0
2025-04-15 17:30:00+00:00,537.77,538.67,537.71,538.0451,359147.0
2025-04-15 17:35:00+00:00,538.01,538.8,537.61,538.7,427402.0
2025-04-15 17:40:00+00:00,538.74,539.2457,538.66,538.814,429189.0
2025-04-15 17:45:00+00:00,538.83,539.0,538.43,538.9401,206405.0
2025-04-15 17:50:00+00:00,538.96,539.05,537.45,537.5,715300.0
2025-04-15 17:55:00+00:00,537.49,538.65,537.385,538.2867,504556.0
2025-04-15 18:00:00+00:00,538.32,538.775,537.67,538.12,430336.0
2025-04-15 18:05:00+00:00,538.1,538.2,537.44,538.08,377094.0
2025-04-15 18:10:00+00:00,538.08,538.22,537.05,537.38,410779.0
2025-04-15 18:15:00+00:00,537.365,537.5299,536.81,537.066,576955.0
2025-04-15 18:20:00+00:00,537.06,537.6,536.81,537.345,371563.0
2025-04-15 18:25:00+00:00,537.31,538.06,537.17,537.5,373574.0
2025-04-15 18:30:00+00:00,537.44,538.33,537.435,538.27,398543.0
2025-04-15 18:35:00+00:00,538.27,538.44,537.62,537.93,491447.0
2025-04-15 18:40:00+00:00,537.9497,538.71,537.78,538.66,466625.0
2025-04-15 18:45:00+00:00,538.67,539.21,538.26,538.4,479362.0
2025-04-15 18:50:00+00:00,538.39,538.58,538.0,538.49,814513.0
2025-04-15 18:55:00+00:00,538.49,538.99,538.43,538.63,411966.0
2025-04-15 19:00:00+00:00,538.63,538.7383,538.02,538.46,372625.0
2025-04-15 19:05:00+00:00,538.485,538.6699,538.12,538.32,239085.0
2025-04-15 19:10:00+00:00,538.32,539.2,538.08,538.97,2719965.0
2025-04-15 19:15:00+00:00,538.98,539.29,538.82,539.13,504017.0
2025-04-15 19:20:00+00:00,539.12,539.24,538.37,538.54,383949.0
2025-04-15 19:25:00+00:00,538.53,538.53,537.74,538.3434,551901.0
2025-04-15 19:30:00+00:00,538.36,538.685,538.05,538.26,693687.0
2025-04-15 19:35:00+00:00,538.2,538.65,537.8019,537.95,663246.0
2025-04-15 19:40:00+00:00,537.93,538.39,537.8,538.13,440919.0
2025-04-15 19:45:00+00:00,538.14,538.22,537.14,537.76,1154593.0
2025-04-15 19:50:00+00:00,537.77,538.73,537.55,538.32,1573623.0
2025-04-15 19:55:00+00:00,538.32,538.35,537.4,537.72,3457262.0
2025-04-15 20:00:00+00:00,537.8,538.1,537.55,538.09,883963.0
2025-04-15 20:05:00+00:00,538.0699,538.2899,537.8708,538.18,563329.0
2025-04-15 20:10:00+00:00,538.17,538.17,537.69,537.71,1206295.0
2025-04-15 20:15:00+00:00,537.69,537.87,537.58,537.77,189170.0
2025-04-15 20:20:00+00:00,537.8086,537.8086,537.61,537.69,53546.0
2025-04-15 20:25:00+00:00,537.72,537.84,537.1298,537.26,496573.0
2025-04-15 20:30:00+00:00,537.22,537.51,537.21,537.51,162590.0
2025-04-15 20:35:00+00:00,537.49,537.54,537.0,537.04,49501.0
2025-04-15 20:40:00+00:00,537.14,537.5,537.04,537.48,32823.0
2025-04-15 20:45:00+00:00,537.48,537.51,537.18,537.36,35505.0
2025-04-15 20:50:00+00:00,537.3107,537.45,537.24,537.2599,15167.0
2025-04-15 20:55:00+00:00,537.26,537.45,537.19,537.4,56588.0
2025-04-15 21:00:00+00:00,537.35,537.61,537.35,537.6,75151.0
2025-04-15 21:05:00+00:00,537.6,537.9,537.6,537.9,258422.0
2025-04-15 21:10:00+00:00,537.9,538.15,537.85,538.15,49227.0
2025-04-15 21:15:00+00:00,538.16,538.2,537.75,538.05,47925.0
2025-04-15 21:20:00+00:00,538.05,538.05,537.86,537.9,11535.0
2025-04-15 21:25:00+00:00,537.9,537.9,537.5,537.61,16873.0
2025-04-15 21:30:00+00:00,537.57,537.61,536.54,536.8,29859.0
2025-04-15 21:35:00+00:00,536.7,536.78,536.04,536.43,46117.0
2025-04-15 21:40:00+00:00,536.43,536.43,536.13,536.16,13806.0
2025-04-15 21:45:00+00:00,536.19,536.32,536.04,536.15,15028.0
2025-04-15 21:50:00+00:00,536.15,536.18,535.5,535.58,30559.0
2025-04-15 21:55:00+00:00,535.52,535.59,535.06,535.19,27230.0
2025-04-15 22:00:00+00:00,535.15,535.15,532.39,533.5983,176726.0
2025-04-15 22:05:00+00:00,533.53,534.0,533.28,533.7092,41255.0
2025-04-15 22:10:00+00:00,533.76,533.82,533.2,533.5055,27932.0
2025-04-15 22:15:00+00:00,533.49,533.94,533.1,533.94,25828.0
2025-04-15 22:20:00+00:00,533.7754,533.9,533.37,533.62,17112.0
2025-04-15 22:25:00+00:00,533.6,534.34,533.51,534.12,32841.0
2025-04-15 22:30:00+00:00,534.15,534.39,534.09,534.101,24617.0
2025-04-15 22:35:00+00:00,534.16,534.17,533.791,533.89,7779.0
2025-04-15 22:40:00+00:00,533.89,534.19,533.82,534.13,3600.0
2025-04-15 22:45:00+00:00,534.0,534.08,533.83,534.08,8124.0
2025-04-15 22:50:00+00:00,533.94,533.97,533.51,533.67,18603.0
2025-04-15 22:55:00+00:00,533.75,533.99,533.75,533.91,5252.0
2025-04-15 23:00:00+00:00,533.9,534.1,533.56,533.7514,10987.0
2025-04-15 23:05:00+00:00,533.75,533.9,533.45,533.59,19688.0
2025-04-15 23:10:00+00:00,533.62,533.62,533.1341,533.46,7383.0
2025-04-15 23:15:00+00:00,533.5204,533.6,533.4506,533.52,3408.0
2025-04-15 23:20:00+00:00,533.52,533.52,533.29,533.34,10430.0
2025-04-15 23:25:00+00:00,533.3201,533.3201,533.25,533.25,1528.0
2025-04-15 23:30:00+00:00,533.33,533.5999,533.17,533.17,7623.0
2025-04-15 23:35:00+00:00,533.14,533.2499,532.82,533.0,13725.0
2025-04-15 23:40:00+00:00,533.09,533.39,533.09,533.31,11338.0
2025-04-15 23:45:00+00:00,533.3,533.3596,533.15,533.3499,3711.0
2025-04-15 23:50:00+00:00,533.36,533.39,533.1,533.27,5221.0
2025-04-15 23:55:00+00:00,533.29,533.62,533.17,533.58,24492.0
2025-04-16 08:00:00+00:00,530.0,530.17,529.44,529.8,19883.0
2025-04-16 08:05:00+00:00,529.85,529.85,529.44,529.44,7353.0
2025-04-16 08:10:00+00:00,529.83,529.83,529.71,529.71,1016.0
2025-04-16 08:15:00+00:00,529.84,529.84,529.57,529.79,1641.0
2025-04-16 08:20:00+00:00,530.05,530.22,530.05,530.09,1356.0
2025-04-16 08:25:00+00:00,530.38,535.09,530.18,532.96,62953.0
2025-04-16 08:30:00+00:00,533.68,534.23,533.23,533.81,20683.0
2025-04-16 08:35:00+00:00,534.01,534.35,533.57,534.23,11139.0
2025-04-16 08:40:00+00:00,534.25,537.44,534.25,536.43,56443.0
2025-04-16 08:45:00+00:00,536.16,536.16,535.0,535.43,41639.0
2025-04-16 08:50:00+00:00,535.45,535.55,534.0,534.21,25374.0
2025-04-16 08:55:00+00:00,534.04,534.44,533.62,533.86,31827.0
2025-04-16 09:00:00+00:00,534.0,534.31,533.48,533.48,13203.0
2025-04-16 09:05:00+00:00,533.85,534.26,533.6,534.22,9810.0
2025-04-16 09:10:00+00:00,534.13,534.27,534.01,534.18,5183.0
2025-04-16 09:15:00+00:00,534.18,534.8,534.18,534.54,12481.0
2025-04-16 09:20:00+00:00,534.52,534.54,534.27,534.5,3401.0
2025-04-16 09:25:00+00:00,534.5,535.27,534.5,534.77,20369.0
2025-04-16 09:30:00+00:00,534.72,534.74,534.3,534.45,8515.0
2025-04-16 09:35:00+00:00,534.61,535.02,534.28,534.72,13936.0
2025-04-16 09:40:00+00:00,534.7,534.78,534.5,534.57,3316.0
2025-04-16 09:45:00+00:00,534.52,534.52,534.22,534.22,3236.0
2025-04-16 09:50:00+00:00,534.3,534.55,533.97,534.55,53526.0
2025-04-16 09:55:00+00:00,534.32,534.44,533.32,533.32,6263.0
2025-04-16 10:00:00+00:00,533.53,534.17,533.48,534.17,6876.0
2025-04-16 10:05:00+00:00,534.28,534.5,534.25,534.35,4864.0
2025-04-16 10:10:00+00:00,534.2,534.2,533.75,533.75,2995.0
2025-04-16 10:15:00+00:00,533.65,534.32,533.65,534.26,9792.0
2025-04-16 10:20:00+00:00,534.12,534.39,533.76,533.76,7060.0
2025-04-16 10:25:00+00:00,533.83,534.05,533.83,533.9,1585.0
2025-04-16 10:30:00+00:00,533.78,533.88,533.5,533.56,17297.0
2025-04-16 10:35:00+00:00,533.5,533.55,533.3,533.31,5180.0
2025-04-16 10:40:00+00:00,533.4,533.78,533.4,533.63,5360.0
2025-04-16 10:45:00+00:00,533.84,533.87,533.77,533.77,1309.0
2025-04-16 10:50:00+00:00,533.84,533.91,533.7,533.71,29596.0
2025-04-16 10:55:00+00:00,533.7,533.75,533.48,533.68,13613.0
2025-04-16 11:00:00+00:00,533.71,534.0,532.99,533.19,15452.0
2025-04-16 11:05:00+00:00,533.02,533.82,533.0,533.71,92038.0
2025-04-16 11:10:00+00:00,533.64,533.651,533.3,533.55,3744.0
2025-04-16 11:15:00+00:00,533.65,533.67,533.3,533.47,48478.0
2025-04-16 11:20:00+00:00,533.45,533.61,533.21,533.4,20033.0
2025-04-16 11:25:00+00:00,533.36,533.85,533.3,533.69,10068.0
2025-04-16 11:30:00+00:00,533.69,533.85,533.68,533.75,15889.0
2025-04-16 11:35:00+00:00,533.75,533.8,533.45,533.78,18979.0
2025-04-16 11:40:00+00:00,533.73,534.33,533.72,534.26,21011.0
2025-04-16 11:45:00+00:00,534.1,534.65,534.1,534.34,42360.0
2025-04-16 11:50:00+00:00,534.3,534.3,533.5,533.76,21399.0
2025-04-16 11:55:00+00:00,533.74,533.85,533.67,533.67,9287.0
2025-04-16 12:00:00+00:00,533.5,534.42,529.2,533.86,103435.0
2025-04-16 12:05:00+00:00,533.9,534.02,533.79,534.02,13911.0
2025-04-16 12:10:00+00:00,534.16,534.16,533.4501,533.6,40758.0
2025-04-16 12:15:00+00:00,533.61,533.74,533.54,533.56,9794.0
2025-04-16 12:20:00+00:00,533.57,533.85,533.5,533.7,9649.0
2025-04-16 12:25:00+00:00,533.73,534.03,533.6065,533.6065,8528.0
2025-04-16 12:30:00+00:00,533.86,534.17,533.47,533.88,42890.0
2025-04-16 12:35:00+00:00,533.75,533.98,533.15,533.2,36908.0
2025-04-16 12:40:00+00:00,533.23,533.3,532.75,532.91,39677.0
2025-04-16 12:45:00+00:00,532.9,532.98,532.47,532.64,44361.0
2025-04-16 12:50:00+00:00,532.65,532.94,532.42,532.94,25849.0
2025-04-16 12:55:00+00:00,532.9,533.04,532.49,532.49,66953.0
2025-04-16 13:00:00+00:00,532.5,532.76,531.75,532.09,80771.0
2025-04-16 13:05:00+00:00,532.18,532.27,531.68,532.031,73288.0
2025-04-16 13:10:00+00:00,531.98,532.35,531.86,532.15,34154.0
2025-04-16 13:15:00+00:00,532.18,532.4,531.53,531.53,60364.0
2025-04-16 13:20:00+00:00,531.58,531.76,531.35,531.69,87743.0
2025-04-16 13:25:00+00:00,531.72,531.95,531.37,531.63,125083.0
2025-04-16 13:30:00+00:00,531.68,533.31,531.57,532.88,1895095.0
2025-04-16 13:35:00+00:00,532.83,533.86,532.43,533.17,811954.0
2025-04-16 13:40:00+00:00,533.14,533.42,532.3538,532.53,849620.0
2025-04-16 13:45:00+00:00,532.59,532.75,531.39,531.7697,918071.0
2025-04-16 13:50:00+00:00,531.72,531.88,530.19,530.535,1362964.0
2025-04-16 13:55:00+00:00,530.5,531.2899,529.92,529.92,753804.0
2025-04-16 14:00:00+00:00,529.9,530.6398,529.65,530.415,610085.0
2025-04-16 14:05:00+00:00,530.45,531.5602,530.4,531.24,729760.0
2025-04-16 14:10:00+00:00,531.19,531.47,530.15,530.15,590126.0
2025-04-16 14:15:00+00:00,530.185,530.58,529.97,530.53,495592.0
2025-04-16 14:20:00+00:00,530.48,531.54,530.2,531.5378,537646.0
2025-04-16 14:25:00+00:00,531.5,532.21,531.25,531.77,641039.0
2025-04-16 14:30:00+00:00,531.76,532.16,531.305,532.1,427788.0
2025-04-16 14:35:00+00:00,532.12,532.27,531.3393,532.1,590718.0
2025-04-16 14:40:00+00:00,532.1,532.96,532.0,532.74,499930.0
2025-04-16 14:45:00+00:00,532.72,532.75,532.02,532.07,351086.0
2025-04-16 14:50:00+00:00,532.0601,532.6,531.98,532.055,253950.0
2025-04-16 14:55:00+00:00,532.02,532.45,531.54,532.27,572887.0
2025-04-16 15:00:00+00:00,532.29,532.9241,532.03,532.03,1433968.0
2025-04-16 15:05:00+00:00,532.11,532.86,531.7058,532.73,334348.0
2025-04-16 15:10:00+00:00,532.76,533.08,532.54,532.69,707203.0
2025-04-16 15:15:00+00:00,532.73,532.88,531.89,532.37,315184.0
2025-04-16 15:20:00+00:00,532.38,534.46,532.15,534.441,717066.0
2025-04-16 15:25:00+00:00,534.45,535.11,534.375,534.64,798167.0
2025-04-16 15:30:00+00:00,534.66,534.73,533.81,534.36,465620.0
2025-04-16 15:35:00+00:00,534.39,534.46,533.69,533.8899,354270.0
2025-04-16 15:40:00+00:00,533.87,533.88,533.1,533.27,493366.0
2025-04-16 15:45:00+00:00,533.28,533.4399,532.6,532.65,310735.0
2025-04-16 15:50:00+00:00,532.6403,532.86,532.03,532.14,1684959.0
2025-04-16 15:55:00+00:00,532.155,532.37,531.38,531.71,455545.0
2025-04-16 16:00:00+00:00,531.73,531.87,531.17,531.78,431711.0
2025-04-16 16:05:00+00:00,531.78,531.78,530.765,531.45,628095.0
2025-04-16 16:10:00+00:00,531.44,531.86,531.22,531.49,439534.0
2025-04-16 16:15:00+00:00,531.5,531.76,531.12,531.48,281472.0
2025-04-16 16:20:00+00:00,531.44,531.55,530.9301,531.47,302046.0
2025-04-16 16:25:00+00:00,531.47,531.8,531.25,531.505,242074.0
2025-04-16 16:30:00+00:00,531.5,532.07,531.3001,532.02,965976.0
2025-04-16 16:35:00+00:00,532.03,532.12,530.79,530.95,468519.0
2025-04-16 16:40:00+00:00,530.92,531.55,530.53,531.49,619773.0
2025-04-16 16:45:00+00:00,531.49,531.58,530.725,530.99,598028.0
2025-04-16 16:50:00+00:00,531.01,531.19,530.6747,531.12,225076.0
2025-04-16 16:55:00+00:00,531.12,531.27,530.76,530.89,238720.0
2025-04-16 17:00:00+00:00,530.93,531.32,530.44,530.64,325002.0
2025-04-16 17:05:00+00:00,530.61,531.27,530.36,530.57,323356.0
2025-04-16 17:10:00+00:00,530.565,530.825,530.22,530.54,433642.0
2025-04-16 17:15:00+00:00,530.58,531.5663,530.545,531.4,283198.0
2025-04-16 17:20:00+00:00,531.3984,531.71,530.66,530.8463,350089.0
2025-04-16 17:25:00+00:00,530.83,531.6199,530.716,531.5295,260757.0
2025-04-16 17:30:00+00:00,531.55,531.62,528.38,528.46,1637532.0
2025-04-16 17:35:00+00:00,528.49,529.37,527.98,528.26,876702.0
2025-04-16 17:40:00+00:00,528.27,528.28,526.74,527.265,1268530.0
2025-04-16 17:45:00+00:00,527.25,527.25,525.66,526.07,1259396.0
2025-04-16 17:50:00+00:00,526.07,526.705,525.26,525.66,1496558.0
2025-04-16 17:55:00+00:00,525.65,526.07,523.94,524.1,1449387.0
2025-04-16 18:00:00+00:00,524.1,525.98,524.065,525.35,1555439.0
2025-04-16 18:05:00+00:00,525.38,526.04,524.72,525.8,852778.0
2025-04-16 18:10:00+00:00,525.82,526.32,525.33,526.085,604196.0
2025-04-16 18:15:00+00:00,526.11,526.32,524.69,525.12,702058.0
2025-04-16 18:20:00+00:00,525.09,526.57,524.72,526.28,772835.0
2025-04-16 18:25:00+00:00,526.25,526.8398,525.85,526.0,797236.0
2025-04-16 18:30:00+00:00,526.0,537.8854,525.3204,525.49,615058.0
2025-04-16 18:35:00+00:00,525.44,525.51,524.07,524.1356,671822.0
2025-04-16 18:40:00+00:00,524.09,524.55,523.65,523.9499,1394200.0
2025-04-16 18:45:00+00:00,523.93,524.3,523.64,523.856,463506.0
2025-04-16 18:50:00+00:00,523.82,523.88,523.11,523.18,800298.0
2025-04-16 18:55:00+00:00,523.23,523.77,522.71,522.84,740133.0
2025-04-16 19:00:00+00:00,522.83,523.29,522.0,522.21,1020252.0
2025-04-16 19:05:00+00:00,522.23,522.66,521.5701,521.7199,1107311.0
2025-04-16 19:10:00+00:00,521.715,522.57,520.84,521.98,1581692.0
2025-04-16 19:15:00+00:00,521.995,522.35,521.2,521.2,1043476.0
2025-04-16 19:20:00+00:00,521.1975,521.46,520.56,520.7327,955251.0
2025-04-16 19:25:00+00:00,520.71,520.93,520.29,520.665,1081422.0
2025-04-16 19:30:00+00:00,520.69,522.3001,520.69,521.83,1338810.0
2025-04-16 19:35:00+00:00,521.81,522.2701,521.25,522.13,1512346.0
2025-04-16 19:40:00+00:00,522.14,523.0,521.925,522.46,1455550.0
2025-04-16 19:45:00+00:00,522.45,523.0901,522.11,522.91,1689868.0
2025-04-16 19:50:00+00:00,522.93,525.91,522.93,525.52,3204801.0
2025-04-16 19:55:00+00:00,525.49,526.17,524.16,525.73,4623159.0
2025-04-16 20:00:00+00:00,525.75,528.773,525.28,526.44,965324.0
2025-04-16 20:05:00+00:00,526.45,526.58,525.23,525.46,266380.0
2025-04-16 20:10:00+00:00,525.48,526.7,525.4303,526.66,8785349.0
2025-04-16 20:15:00+00:00,526.57,526.75,526.11,526.55,221047.0
2025-04-16 20:20:00+00:00,526.51,526.54,525.83,525.9999,117128.0
2025-04-16 20:25:00+00:00,526.0,526.43,525.98,526.3,40887.0
2025-04-16 20:30:00+00:00,526.23,526.53,526.12,526.45,64545.0
2025-04-16 20:35:00+00:00,526.44,526.64,526.41,526.51,53358.0
2025-04-16 20:40:00+00:00,526.51,526.51,525.75,525.8,230165.0
2025-04-16 20:45:00+00:00,525.83,526.09,525.62,525.62,86271.0
2025-04-16 20:50:00+00:00,525.61,525.63,524.34,525.12,232206.0
2025-04-16 20:55:00+00:00,525.24,525.31,524.99,525.0,83033.0
2025-04-16 21:00:00+00:00,524.95,525.52,524.9,525.25,48613.0
2025-04-16 21:05:00+00:00,525.04,525.25,525.0,525.25,53686.0
2025-04-16 21:10:00+00:00,525.25,525.47,525.25,525.45,31499.0
2025-04-16 21:15:00+00:00,525.47,525.48,525.35,525.44,8657.0
2025-04-16 21:20:00+00:00,525.44,525.5,525.41,525.48,28970.0
2025-04-16 21:25:00+00:00,525.46,525.85,525.46,525.85,32054.0
2025-04-16 21:30:00+00:00,525.81,526.09,525.66,526.05,79912.0
2025-04-16 21:35:00+00:00,526.09,526.2,525.9,525.9,34978.0
2025-04-16 21:40:00+00:00,525.93,526.0,525.8844,526.0,5307.0
2025-04-16 21:45:00+00:00,526.0,526.25,525.77,526.25,49588.0
2025-04-16 21:50:00+00:00,526.3,526.58,526.25,526.32,34858.0
2025-04-16 21:55:00+00:00,526.37,526.37,525.8,526.0,14331.0
2025-04-16 22:00:00+00:00,526.0,526.4,525.5701,526.39,70081.0
2025-04-16 22:05:00+00:00,526.32,526.32,525.8,526.06,15038.0
2025-04-16 22:10:00+00:00,526.0,526.3,525.61,525.61,37149.0
2025-04-16 22:15:00+00:00,525.64,525.7,525.23,525.4,129934.0
2025-04-16 22:20:00+00:00,525.3012,525.94,525.2,525.9,7081.0
2025-04-16 22:25:00+00:00,525.76,525.99,525.76,525.9,24803.0
2025-04-16 22:30:00+00:00,525.96,526.08,525.7,525.7,51813.0
2025-04-16 22:35:00+00:00,525.7,526.1,525.65,526.1,26407.0
2025-04-16 22:40:00+00:00,526.1,526.15,526.03,526.15,24588.0
2025-04-16 22:45:00+00:00,526.1987,526.3,525.88,526.13,7980.0
2025-04-16 22:50:00+00:00,526.1,526.1,525.7,525.89,2759.0
2025-04-16 22:55:00+00:00,525.87,526.2,525.86,525.9681,5368.0
2025-04-16 23:00:00+00:00,526.19,526.19,525.82,525.95,7248.0
2025-04-16 23:05:00+00:00,525.8,525.8,524.97,525.26,21379.0
2025-04-16 23:10:00+00:00,525.29,525.49,525.29,525.49,4359.0
2025-04-16 23:15:00+00:00,525.66,526.29,525.66,526.05,9181.0
2025-04-16 23:20:00+00:00,526.06,526.15,526.0,526.15,13743.0
2025-04-16 23:25:00+00:00,526.15,526.209,526.1,526.14,5521.0
2025-04-16 23:30:00+00:00,526.05,526.05,525.75,525.76,3018.0
2025-04-16 23:35:00+00:00,525.77,525.77,524.63,524.77,16588.0
2025-04-16 23:40:00+00:00,524.831,526.03,524.74,526.0,14214.0
2025-04-16 23:45:00+00:00,526.0,526.17,526.0,526.0003,6973.0
2025-04-16 23:50:00+00:00,526.0,526.07,525.66,525.8,10318.0
2025-04-16 23:55:00+00:00,525.85,526.13,525.6,525.95,7849.0
2025-04-17 08:00:00+00:00,531.5,531.5,530.77,531.31,11364.0
2025-04-17 08:05:00+00:00,531.12,531.47,531.12,531.4,8631.0
2025-04-17 08:10:00+00:00,531.4,531.4,531.4,531.4,705.0
2025-04-17 08:15:00+00:00,531.26,531.34,531.2,531.32,3333.0
2025-04-17 08:20:00+00:00,531.07,531.18,530.95,531.07,3406.0
2025-04-17 08:25:00+00:00,531.5,531.5,531.4,531.5,762.0
2025-04-17 08:30:00+00:00,531.3,531.3,530.9,530.9,1358.0
2025-04-17 08:35:00+00:00,530.94,530.98,530.8,530.95,1919.0
2025-04-17 08:40:00+00:00,530.81,530.86,530.44,530.44,1702.0
2025-04-17 08:45:00+00:00,530.58,530.58,530.29,530.29,2517.0
2025-04-17 08:50:00+00:00,530.26,530.26,529.97,530.26,4353.0
2025-04-17 08:55:00+00:00,530.01,530.12,529.86,530.04,21846.0
2025-04-17 09:00:00+00:00,529.8,530.5,529.59,530.5,8376.0
2025-04-17 09:05:00+00:00,530.45,530.45,530.11,530.28,4201.0
2025-04-17 09:10:00+00:00,530.05,530.36,530.0,530.36,1327.0
2025-04-17 09:15:00+00:00,530.39,530.5,530.35,530.42,1985.0
2025-04-17 09:20:00+00:00,530.59,531.16,530.59,531.13,7017.0
2025-04-17 09:25:00+00:00,531.13,531.13,530.7,530.7,4569.0
2025-04-17 09:30:00+00:00,530.82,530.95,530.77,530.95,1909.0
2025-04-17 09:35:00+00:00,531.0,531.05,530.96,531.05,1286.0
2025-04-17 09:40:00+00:00,530.8,530.8,530.57,530.7,903.0
2025-04-17 09:45:00+00:00,530.53,530.68,530.5,530.68,927.0
2025-04-17 09:50:00+00:00,530.68,530.7,530.42,530.59,3162.0
2025-04-17 09:55:00+00:00,530.58,530.58,530.25,530.38,6181.0
2025-04-17 10:00:00+00:00,530.26,530.32,529.7,529.7,4230.0
2025-04-17 10:05:00+00:00,529.84,529.93,529.14,529.19,11755.0
2025-04-17 10:10:00+00:00,529.3,529.64,528.61,528.99,37852.0
2025-04-17 10:15:00+00:00,529.22,529.22,528.55,528.57,12695.0
2025-04-17 10:20:00+00:00,528.54,529.11,528.34,529.1,40106.0
2025-04-17 10:25:00+00:00,529.06,529.1,528.95,528.97,29923.0
2025-04-17 10:30:00+00:00,528.95,529.11,528.67,528.8,10123.0
2025-04-17 10:35:00+00:00,528.64,528.73,528.33,528.33,7841.0
2025-04-17 10:40:00+00:00,528.4,528.42,527.68,528.0,14876.0
2025-04-17 10:45:00+00:00,527.98,528.28,527.83,528.2,22846.0
2025-04-17 10:50:00+00:00,528.07,528.85,528.06,528.66,34283.0
2025-04-17 10:55:00+00:00,528.56,528.56,528.0,528.33,37951.0
2025-04-17 11:00:00+00:00,528.4,528.79,528.29,528.77,17552.0
2025-04-17 11:05:00+00:00,528.77,528.77,527.97,528.04,15506.0
2025-04-17 11:10:00+00:00,528.05,528.06,527.36,527.36,22470.0
2025-04-17 11:15:00+00:00,527.38,527.75,527.19,527.55,11943.0
2025-04-17 11:20:00+00:00,527.45,527.61,527.28,527.48,12127.0
2025-04-17 11:25:00+00:00,527.45,528.4,527.42,528.3,44191.0
2025-04-17 11:30:00+00:00,528.34,528.54,528.24,528.24,52822.0
2025-04-17 11:35:00+00:00,528.17,528.2,527.43,527.63,17567.0
2025-04-17 11:40:00+00:00,527.85,528.15,527.85,527.9,7578.0
2025-04-17 11:45:00+00:00,527.9,528.4,527.9,528.12,9534.0
2025-04-17 11:50:00+00:00,528.03,528.49,527.88,527.99,7757.0
2025-04-17 11:55:00+00:00,527.87,528.25,527.85,528.25,4943.0
2025-04-17 12:00:00+00:00,528.36,532.31,527.2104,529.07,446537.0
2025-04-17 12:05:00+00:00,529.15,529.53,528.5,528.8,109990.0
2025-04-17 12:10:00+00:00,528.75,528.79,528.13,528.5,64546.0
2025-04-17 12:15:00+00:00,528.41,528.84,528.41,528.77,18691.0
2025-04-17 12:20:00+00:00,528.69,528.98,528.52,528.65,19769.0
2025-04-17 12:25:00+00:00,528.54,528.75,528.47,528.55,15633.0
2025-04-17 12:30:00+00:00,528.71,529.85,528.36,529.505,59878.0
2025-04-17 12:35:00+00:00,529.675,530.0,529.11,529.12,46972.0
2025-04-17 12:40:00+00:00,529.1,529.17,528.53,528.85,28793.0
2025-04-17 12:45:00+00:00,528.86,529.2,528.62,529.14,21185.0
2025-04-17 12:50:00+00:00,529.17,529.45,529.09,529.35,25013.0
2025-04-17 12:55:00+00:00,529.34,529.34,528.58,528.83,40234.0
2025-04-17 13:00:00+00:00,528.7,528.7,527.59,527.87,87376.0
2025-04-17 13:05:00+00:00,528.01,528.01,527.35,527.6484,68191.0
2025-04-17 13:10:00+00:00,527.61,528.56,527.06,527.9,125627.0
2025-04-17 13:15:00+00:00,527.9,528.368,527.76,528.24,61730.0
2025-04-17 13:20:00+00:00,528.14,529.15,528.14,528.96,80934.0
2025-04-17 13:25:00+00:00,528.86,528.92,527.42,527.65,224333.0
2025-04-17 13:30:00+00:00,527.64,528.49,526.53,527.11,1431959.0
2025-04-17 13:35:00+00:00,527.1,527.7901,526.36,526.91,918934.0
2025-04-17 13:40:00+00:00,526.915,528.3961,526.41,527.49,927485.0
2025-04-17 13:45:00+00:00,527.51,527.85,526.53,527.73,731280.0
2025-04-17 13:50:00+00:00,527.75,529.31,527.69,528.85,1723638.0
2025-04-17 13:55:00+00:00,528.86,529.08,527.92,528.74,789763.0
2025-04-17 14:00:00+00:00,528.68,529.15,527.7748,528.5888,632670.0
2025-04-17 14:05:00+00:00,528.6,528.88,527.02,527.5,764904.0
2025-04-17 14:10:00+00:00,527.47,528.59,527.17,527.41,597569.0
2025-04-17 14:15:00+00:00,527.38,527.67,526.35,526.72,673146.0
2025-04-17 14:20:00+00:00,526.72,527.0,525.91,526.09,565226.0
2025-04-17 14:25:00+00:00,526.045,526.41,525.1601,525.28,722052.0
2025-04-17 14:30:00+00:00,525.28,525.75,524.28,525.18,1179648.0
2025-04-17 14:35:00+00:00,525.03,525.14,523.91,524.4,797219.0
2025-04-17 14:40:00+00:00,524.4,525.9,524.26,525.75,1153895.0
2025-04-17 14:45:00+00:00,525.76,526.15,525.495,525.75,438453.0
2025-04-17 14:50:00+00:00,525.77,526.2586,525.1337,525.7988,1800431.0
2025-04-17 14:55:00+00:00,525.81,525.89,525.03,525.08,327783.0
2025-04-17 15:00:00+00:00,525.09,525.83,525.025,525.54,599775.0
2025-04-17 15:05:00+00:00,525.57,528.07,525.46,527.37,1274560.0
2025-04-17 15:10:00+00:00,527.31,528.31,527.1601,528.2648,460158.0
2025-04-17 15:15:00+00:00,528.25,528.85,527.58,528.54,4958135.0
2025-04-17 15:20:00+00:00,528.53,528.64,527.36,527.79,455851.0
2025-04-17 15:25:00+00:00,527.79,527.8296,526.5,526.71,712252.0
2025-04-17 15:30:00+00:00,526.71,528.0,526.6,527.61,266117.0
2025-04-17 15:35:00+00:00,527.5604,528.6,526.96,527.97,482922.0
2025-04-17 15:40:00+00:00,528.0001,528.1425,527.0,527.1,227983.0
2025-04-17 15:45:00+00:00,527.12,527.86,526.73,526.99,359840.0
2025-04-17 15:50:00+00:00,527.0,528.03,526.48,526.76,379491.0
2025-04-17 15:55:00+00:00,526.73,527.6328,526.66,526.76,304031.0
2025-04-17 16:00:00+00:00,526.76,528.22,526.43,526.52,627443.0
2025-04-17 16:05:00+00:00,526.5,528.85,526.22,528.2159,1925980.0
2025-04-17 16:10:00+00:00,528.23,528.92,526.285,527.91,1701456.0
2025-04-17 16:15:00+00:00,527.98,529.41,527.32,529.15,1049598.0
2025-04-17 16:20:00+00:00,529.17,529.63,528.54,529.07,608448.0
2025-04-17 16:25:00+00:00,529.07,529.87,528.83,529.45,540297.0
2025-04-17 16:30:00+00:00,529.45,530.1,528.93,529.81,646399.0
2025-04-17 16:35:00+00:00,529.82,530.26,528.81,529.0099,637867.0
2025-04-17 16:40:00+00:00,529.0,529.39,527.85,528.125,866367.0
2025-04-17 16:45:00+00:00,528.13,529.02,527.77,528.85,446856.0
2025-04-17 16:50:00+00:00,528.83,529.95,528.83,529.8,364396.0
2025-04-17 16:55:00+00:00,529.81,530.41,529.55,529.9105,470362.0
2025-04-17 17:00:00+00:00,529.92,530.3386,529.24,529.58,274786.0
2025-04-17 17:05:00+00:00,529.61,529.87,529.1857,529.66,480134.0
2025-04-17 17:10:00+00:00,529.65,529.71,528.6203,528.78,239577.0
2025-04-17 17:15:00+00:00,528.8,529.01,528.05,528.375,289134.0
2025-04-17 17:20:00+00:00,528.42,528.45,527.64,528.06,345968.0
2025-04-17 17:25:00+00:00,528.04,528.5,527.61,527.68,270784.0
2025-04-17 17:30:00+00:00,527.69,528.82,527.67,528.73,272908.0
2025-04-17 17:35:00+00:00,528.71,528.97,528.45,528.96,223519.0
2025-04-17 17:40:00+00:00,528.94,530.04,527.73,528.47,1399217.0
2025-04-17 17:45:00+00:00,528.44,530.05,528.39,529.08,514271.0
2025-04-17 17:50:00+00:00,529.08,530.15,529.01,529.81,784316.0
2025-04-17 17:55:00+00:00,529.76,530.3285,529.5,529.57,521742.0
2025-04-17 18:00:00+00:00,529.5796,530.48,529.36,530.4003,739255.0
2025-04-17 18:05:00+00:00,530.4263,530.7798,530.21,530.6,522295.0
2025-04-17 18:10:00+00:00,530.5801,530.93,529.95,529.98,702587.0
2025-04-17 18:15:00+00:00,530.0,530.68,529.81,530.61,1557550.0
2025-04-17 18:20:00+00:00,530.6286,531.12,530.4,530.87,446171.0
2025-04-17 18:25:00+00:00,530.88,531.165,529.98,530.02,744483.0
2025-04-17 18:30:00+00:00,530.02,530.92,530.0,530.25,394692.0
2025-04-17 18:35:00+00:00,530.24,530.78,530.12,530.76,297572.0
2025-04-17 18:40:00+00:00,530.77,530.79,530.11,530.3185,340550.0
2025-04-17 18:45:00+00:00,530.31,530.77,529.21,529.45,1461104.0
2025-04-17 18:50:00+00:00,529.43,530.12,528.65,529.36,694190.0
2025-04-17 18:55:00+00:00,529.33,529.3988,528.52,528.52,477464.0
2025-04-17 19:00:00+00:00,528.54,528.8,528.13,528.5502,664103.0
2025-04-17 19:05:00+00:00,528.49,528.61,528.14,528.41,467027.0
2025-04-17 19:10:00+00:00,528.38,528.6,526.97,527.32,873026.0
2025-04-17 19:15:00+00:00,527.31,527.65,526.85,527.46,677975.0
2025-04-17 19:20:00+00:00,527.45,528.06,526.63,527.82,730865.0
2025-04-17 19:25:00+00:00,527.83,528.12,527.19,527.31,661486.0
2025-04-17 19:30:00+00:00,527.36,528.29,527.11,528.06,1477817.0
2025-04-17 19:35:00+00:00,528.05,528.24,527.45,527.91,1446659.0
2025-04-17 19:40:00+00:00,527.93,528.51,527.2104,527.76,1288907.0
2025-04-17 19:45:00+00:00,527.82,527.97,526.53,526.67,1358722.0
2025-04-17 19:50:00+00:00,526.59,527.12,525.71,526.97,2926702.0
2025-04-17 19:55:00+00:00,526.98,527.21,525.985,526.39,3329507.0
2025-04-17 20:00:00+00:00,526.36,528.1203,526.18,528.08,1132898.0
2025-04-17 20:05:00+00:00,528.0204,528.03,526.41,527.0,2069269.0
2025-04-17 20:10:00+00:00,526.96,527.85,526.7,527.8,153536.0
2025-04-17 20:15:00+00:00,527.8,528.03,527.15,527.16,2505968.0
2025-04-17 20:20:00+00:00,527.2396,527.29,526.83,526.89,56517.0
2025-04-17 20:25:00+00:00,526.99,527.01,526.82,526.82,51944.0
2025-04-17 20:30:00+00:00,526.83,527.17,526.83,527.02,17828.0
2025-04-17 20:35:00+00:00,527.1,527.38,526.41,526.41,360960.0
2025-04-17 20:40:00+00:00,527.19,527.35,527.0,527.2501,541694.0
2025-04-17 20:45:00+00:00,527.3,528.37,527.23,527.7101,260064.0
2025-04-17 20:50:00+00:00,527.79,528.1,527.73,527.9,97822.0
2025-04-17 20:55:00+00:00,527.93,528.08,527.79,527.79,70181.0
2025-04-17 21:00:00+00:00,527.9,528.0,527.77,527.9,23758.0
2025-04-17 21:05:00+00:00,527.8699,527.8699,527.5,527.62,16204.0
2025-04-17 21:10:00+00:00,527.62,527.63,527.5,527.6002,7675.0
2025-04-17 21:15:00+00:00,527.68,527.68,527.36,527.3899,11063.0
2025-04-17 21:20:00+00:00,527.35,527.36,527.0,527.36,24281.0
2025-04-17 21:25:00+00:00,527.2,527.24,527.12,527.12,5279.0
2025-04-17 21:30:00+00:00,527.24,527.24,527.2,527.2,2125.0
2025-04-17 21:35:00+00:00,527.2,527.4,527.12,527.22,17520.0
2025-04-17 21:40:00+00:00,527.15,527.15,526.85,526.85,10097.0
2025-04-17 21:45:00+00:00,527.0,527.0,526.65,526.65,24317.0
2025-04-17 21:50:00+00:00,526.72,526.72,526.67,526.6993,4430.0
2025-04-17 21:55:00+00:00,526.6999,526.8486,526.67,526.7,9383.0
2025-04-17 22:00:00+00:00,526.6701,526.7,526.67,526.67,2756.0
2025-04-17 22:05:00+00:00,526.5413,526.7,526.5413,526.64,382400.0
2025-04-17 22:10:00+00:00,526.6999,526.7,526.6999,526.7,2437.0
2025-04-17 22:15:00+00:00,526.68,526.7913,526.62,526.62,3704.0
2025-04-17 22:20:00+00:00,526.66,526.66,526.56,526.56,1956.0
2025-04-17 22:25:00+00:00,526.61,526.61,526.49,526.5,14241.0
2025-04-17 22:30:00+00:00,526.56,526.56,526.42,526.56,8468.0
2025-04-17 22:35:00+00:00,526.56,526.56,526.41,526.41,10469.0
2025-04-17 22:40:00+00:00,526.41,526.41,526.41,526.41,565.0
2025-04-17 22:45:00+00:00,526.47,526.56,526.45,526.46,24752.0
2025-04-17 22:50:00+00:00,526.46,526.65,526.46,526.65,3973.0
2025-04-17 22:55:00+00:00,526.64,526.68,526.6,526.68,2354.0
2025-04-17 23:00:00+00:00,526.68,526.75,526.68,526.72,2883.0
2025-04-17 23:05:00+00:00,526.8078,526.8078,526.7,526.7,915.0
2025-04-17 23:10:00+00:00,526.68,526.93,526.68,526.93,10816.0
2025-04-17 23:15:00+00:00,526.92,527.0,526.92,526.97,8413.0
2025-04-17 23:20:00+00:00,526.9893,527.08,526.97,527.07,2427.0
2025-04-17 23:25:00+00:00,527.06,527.13,527.02,527.1001,3510.0
2025-04-17 23:30:00+00:00,527.13,527.21,527.13,527.21,3372.0
2025-04-17 23:35:00+00:00,527.02,527.0999,526.87,526.9,2238.0
2025-04-17 23:40:00+00:00,526.93,527.2,526.9,527.2,4903.0
2025-04-17 23:45:00+00:00,527.05,527.05,527.05,527.05,3283.0
2025-04-17 23:50:00+00:00,527.08,527.14,527.05,527.05,3326.0
2025-04-17 23:55:00+00:00,527.16,527.16,527.0,527.1,5024.0
2025-04-21 08:00:00+00:00,522.78,522.78,520.71,521.53,19229.0
2025-04-21 08:05:00+00:00,521.35,521.54,521.26,521.33,5712.0
2025-04-21 08:10:00+00:00,521.3,521.33,521.14,521.14,1945.0
2025-04-21 08:15:00+00:00,521.24,521.24,521.0,521.0,1319.0
2025-04-21 08:20:00+00:00,521.04,521.24,521.04,521.24,864.0
2025-04-21 08:25:00+00:00,521.1,521.1,521.1,521.1,1071.0
2025-04-21 08:35:00+00:00,521.5,521.5,521.5,521.5,291.0
2025-04-21 08:40:00+00:00,521.33,521.33,521.29,521.3,8459.0
2025-04-21 08:45:00+00:00,521.2,521.2,521.2,521.2,241.0
2025-04-21 08:50:00+00:00,521.27,521.31,521.0,521.0,11625.0
2025-04-21 08:55:00+00:00,521.0,521.25,520.92,521.25,2782.0
2025-04-21 09:00:00+00:00,521.36,521.36,521.11,521.13,4726.0
2025-04-21 09:05:00+00:00,521.14,521.14,521.02,521.02,933.0
2025-04-21 09:10:00+00:00,520.97,520.97,520.61,520.7,9846.0
2025-04-21 09:15:00+00:00,520.61,520.61,520.5,520.5,3714.0
2025-04-21 09:20:00+00:00,520.74,520.74,520.74,520.74,421.0
2025-04-21 09:25:00+00:00,520.73,521.15,520.7,521.05,8438.0
2025-04-21 09:30:00+00:00,520.88,520.89,520.8,520.8,1027.0
2025-04-21 09:35:00+00:00,520.79,520.79,520.79,520.79,694.0
2025-04-21 09:40:00+00:00,520.8,520.8,520.62,520.62,1408.0
2025-04-21 09:45:00+00:00,520.55,520.91,520.55,520.8,2906.0
2025-04-21 09:50:00+00:00,520.91,521.0,520.87,520.87,1684.0
2025-04-21 09:55:00+00:00,520.94,520.94,520.92,520.92,567.0
2025-04-21 10:00:00+00:00,521.18,521.2,521.17,521.2,20367.0
2025-04-21 10:05:00+00:00,521.3,521.3,521.3,521.3,892.0
2025-04-21 10:10:00+00:00,521.44,521.44,521.22,521.23,3261.0
2025-04-21 10:15:00+00:00,521.24,521.25,521.21,521.21,1121.0
2025-04-21 10:20:00+00:00,521.18,521.21,521.17,521.19,1702.0
2025-04-21 10:25:00+00:00,521.0,521.0,520.82,520.86,2131.0
2025-04-21 10:30:00+00:00,520.75,520.99,520.75,520.9,11196.0
2025-04-21 10:35:00+00:00,520.99,520.99,520.82,520.92,3125.0
2025-04-21 10:40:00+00:00,521.02,521.19,521.0,521.19,4771.0
2025-04-21 10:45:00+00:00,521.23,521.29,521.2,521.26,4566.0
2025-04-21 10:55:00+00:00,521.5,521.72,521.5,521.65,1849.0
2025-04-21 11:00:00+00:00,521.65,522.37,521.65,522.21,32929.0
2025-04-21 11:05:00+00:00,522.25,522.41,522.061,522.3,7940.0
2025-04-21 11:10:00+00:00,522.14,522.14,521.61,521.7,42467.0
2025-04-21 11:15:00+00:00,521.7,521.7,521.27,521.27,8699.0
2025-04-21 11:20:00+00:00,521.1,521.16,519.57,519.63,65071.0
2025-04-21 11:25:00+00:00,519.57,520.25,519.39,520.25,57178.0
2025-04-21 11:30:00+00:00,520.18,520.19,519.74,520.0,23457.0
2025-04-21 11:35:00+00:00,520.0,520.0,519.59,519.73,14046.0
2025-04-21 11:40:00+00:00,519.75,520.19,519.63,519.71,16739.0
2025-04-21 11:45:00+00:00,519.7,519.84,519.5,519.72,21620.0
2025-04-21 11:50:00+00:00,519.75,519.77,519.26,519.61,28817.0
2025-04-21 11:55:00+00:00,519.55,520.05,519.44,520.0,90411.0
2025-04-21 12:00:00+00:00,522.31,523.05,519.3789,520.0399,166837.0
2025-04-21 12:05:00+00:00,520.08,520.2399,520.0301,520.09,16752.0
2025-04-21 12:10:00+00:00,520.05,520.55,520.0,520.46,66550.0
2025-04-21 12:15:00+00:00,520.35,520.56,520.22,520.22,8149.0
2025-04-21 12:20:00+00:00,520.3001,520.6246,520.2199,520.6246,16712.0
2025-04-21 12:25:00+00:00,520.6,521.04,520.5717,521.0,30889.0
2025-04-21 12:30:00+00:00,520.95,521.2,520.7,520.92,20060.0
2025-04-21 12:35:00+00:00,521.0,521.51,520.98,521.42,37142.0
2025-04-21 12:40:00+00:00,521.4,521.4,521.07,521.07,33606.0
2025-04-21 12:45:00+00:00,521.101,521.3,520.99,521.3,29343.0
2025-04-21 12:50:00+00:00,521.33,521.33,520.83,521.0,14207.0
2025-04-21 12:55:00+00:00,520.92,521.12,520.83,520.99,13851.0
2025-04-21 13:00:00+00:00,520.84,521.16,520.8,520.8,42523.0
2025-04-21 13:05:00+00:00,520.92,520.92,520.44,520.54,39131.0
2025-04-21 13:10:00+00:00,520.51,520.75,520.4,520.54,14872.0
2025-04-21 13:15:00+00:00,520.54,520.76,520.49,520.56,25982.0
2025-04-21 13:20:00+00:00,520.6699,520.79,520.46,520.63,19561.0
2025-04-21 13:25:00+00:00,520.63,521.17,520.63,521.17,32874.0
2025-04-21 13:30:00+00:00,521.16,521.7,520.08,520.6,1009980.0
2025-04-21 13:35:00+00:00,520.58,520.68,519.0,519.9901,1205043.0
2025-04-21 13:40:00+00:00,519.99,520.09,519.07,519.52,551550.0
2025-04-21 13:45:00+00:00,519.48,519.99,518.78,519.64,797175.0
2025-04-21 13:50:00+00:00,519.6158,519.97,518.58,518.74,485436.0
2025-04-21 13:55:00+00:00,518.74,518.7663,517.52,517.56,789018.0
2025-04-21 14:00:00+00:00,517.51,517.51,516.3304,516.8451,925234.0
2025-04-21 14:05:00+00:00,516.81,516.88,516.26,516.34,690221.0
2025-04-21 14:10:00+00:00,516.37,516.93,516.37,516.71,635554.0
2025-04-21 14:15:00+00:00,516.69,516.84,515.19,515.595,779501.0
2025-04-21 14:20:00+00:00,515.6,515.93,515.26,515.28,544653.0
2025-04-21 14:25:00+00:00,515.33,515.86,515.2776,515.63,523278.0
2025-04-21 14:30:00+00:00,515.64,515.855,515.09,515.31,584235.0
2025-04-21 14:35:00+00:00,515.3,516.4798,515.2804,516.385,748711.0
2025-04-21 14:40:00+00:00,516.38,516.86,515.34,515.36,720481.0
2025-04-21 14:45:00+00:00,515.39,516.0,514.81,514.9,661531.0
2025-04-21 14:50:00+00:00,514.86,515.14,514.57,514.8,462537.0
2025-04-21 14:55:00+00:00,514.77,515.0,514.389,514.6,821253.0
2025-04-21 15:00:00+00:00,514.58,515.06,514.08,514.21,599267.0
2025-04-21 15:05:00+00:00,514.19,514.62,513.97,514.395,612394.0
2025-04-21 15:10:00+00:00,514.39,514.83,513.72,513.81,582334.0
2025-04-21 15:15:00+00:00,513.75,514.3,513.65,514.24,422206.0
2025-04-21 15:20:00+00:00,514.25,514.34,513.26,513.58,476324.0
2025-04-21 15:25:00+00:00,513.565,513.68,512.79,513.11,523129.0
2025-04-21 15:30:00+00:00,513.11,513.36,512.08,512.18,767516.0
2025-04-21 15:35:00+00:00,512.165,512.48,512.03,512.33,643545.0
2025-04-21 15:40:00+00:00,512.32,512.5,511.75,511.84,809669.0
2025-04-21 15:45:00+00:00,511.83,511.9251,510.945,511.43,873242.0
2025-04-21 15:50:00+00:00,511.44,511.48,510.88,511.16,508961.0
2025-04-21 15:55:00+00:00,511.11,511.26,510.8,511.0699,461440.0
2025-04-21 16:00:00+00:00,511.05,511.69,511.01,511.55,577754.0
2025-04-21 16:05:00+00:00,511.52,512.0,511.44,511.88,572419.0
2025-04-21 16:10:00+00:00,511.8601,512.23,511.58,512.17,550970.0
2025-04-21 16:15:00+00:00,512.19,512.19,511.47,511.65,530717.0
2025-04-21 16:20:00+00:00,511.65,512.0499,511.46,511.97,344715.0
2025-04-21 16:25:00+00:00,511.9699,512.0326,511.36,511.66,730272.0
2025-04-21 16:30:00+00:00,511.66,512.58,511.6,512.35,574574.0
2025-04-21 16:35:00+00:00,512.36,512.91,512.2428,512.83,901161.0
2025-04-21 16:40:00+00:00,512.84,513.25,512.82,512.8801,586686.0
2025-04-21 16:45:00+00:00,512.89,513.1,512.23,512.3,544181.0
2025-04-21 16:50:00+00:00,512.32,512.335,511.53,511.59,696684.0
2025-04-21 16:55:00+00:00,511.61,511.61,511.12,511.24,448375.0
2025-04-21 17:00:00+00:00,511.2562,511.7399,510.0,510.1708,1698173.0
2025-04-21 17:05:00+00:00,510.16,510.35,509.85,510.04,617324.0
2025-04-21 17:10:00+00:00,510.0188,510.1,509.63,509.8,472216.0
2025-04-21 17:15:00+00:00,509.78,510.3876,509.5409,510.13,488716.0
2025-04-21 17:20:00+00:00,510.115,510.7404,509.98,510.03,729668.0
2025-04-21 17:25:00+00:00,510.04,510.4282,509.7201,509.9612,404548.0
2025-04-21 17:30:00+00:00,509.95,510.51,509.9,510.0544,339968.0
2025-04-21 17:35:00+00:00,510.05,510.46,509.85,509.94,350964.0
2025-04-21 17:40:00+00:00,509.95,510.22,509.32,509.7,782887.0
2025-04-21 17:45:00+00:00,509.67,509.8399,509.11,509.14,390563.0
2025-04-21 17:50:00+00:00,509.145,509.63,509.0601,509.23,380472.0
2025-04-21 17:55:00+00:00,509.22,509.37,508.74,508.94,465658.0
2025-04-21 18:00:00+00:00,508.95,509.04,508.47,508.67,523884.0
2025-04-21 18:05:00+00:00,508.67,509.23,508.46,508.81,639389.0
2025-04-21 18:10:00+00:00,508.81,509.15,508.48,508.96,544462.0
2025-04-21 18:15:00+00:00,508.94,509.79,508.85,509.46,648357.0
2025-04-21 18:20:00+00:00,509.44,509.56,509.19,509.39,503995.0
2025-04-21 18:25:00+00:00,509.39,509.9799,509.2775,509.91,708662.0
2025-04-21 18:30:00+00:00,509.9,510.66,509.89,510.2275,654507.0
2025-04-21 18:35:00+00:00,510.23,510.46,509.85,510.11,502043.0
2025-04-21 18:40:00+00:00,510.111,510.2101,509.32,509.4,557122.0
2025-04-21 18:45:00+00:00,509.395,509.62,508.98,509.39,613659.0
2025-04-21 18:50:00+00:00,509.38,509.44,508.73,508.7513,921586.0
2025-04-21 18:55:00+00:00,508.76,509.02,508.69,508.7701,860824.0
2025-04-21 19:00:00+00:00,508.77,509.93,508.73,509.68,605097.0
2025-04-21 19:05:00+00:00,509.73,510.1901,509.57,509.77,2124497.0
2025-04-21 19:10:00+00:00,509.79,510.43,509.76,510.04,501842.0
2025-04-21 19:15:00+00:00,510.02,510.57,509.87,510.51,669757.0
2025-04-21 19:20:00+00:00,510.49,511.17,510.4309,510.8,1205834.0
2025-04-21 19:25:00+00:00,510.8,510.88,510.07,510.365,1043840.0
2025-04-21 19:30:00+00:00,510.36,510.94,510.36,510.9,1185444.0
2025-04-21 19:35:00+00:00,510.91,512.42,510.7334,511.75,1743622.0
2025-04-21 19:40:00+00:00,511.76,512.5,511.75,512.22,1266534.0
2025-04-21 19:45:00+00:00,512.2,512.75,511.7,512.73,1534048.0
2025-04-21 19:50:00+00:00,512.74,513.83,512.02,513.54,2417358.0
2025-04-21 19:55:00+00:00,513.56,514.87,513.56,513.98,4700240.0
2025-04-21 20:00:00+00:00,514.02,514.17,513.13,513.32,1599311.0
2025-04-21 20:05:00+00:00,513.3002,514.05,513.09,513.79,272827.0
2025-04-21 20:10:00+00:00,513.81,513.89,510.05,513.5999,1090610.0
2025-04-21 20:15:00+00:00,513.55,513.6,513.35,513.35,85865.0
2025-04-21 20:20:00+00:00,513.33,513.77,513.33,513.55,58599.0
2025-04-21 20:25:00+00:00,513.55,513.72,513.4303,513.49,235090.0
2025-04-21 20:30:00+00:00,513.42,513.67,513.4,513.62,31222.0
2025-04-21 20:35:00+00:00,513.65,513.8,513.6,513.62,38947.0
2025-04-21 20:40:00+00:00,513.63,513.65,513.55,513.59,43550.0
2025-04-21 20:45:00+00:00,513.62,513.98,513.62,513.97,49429.0
2025-04-21 20:50:00+00:00,513.99,514.24,513.84,513.84,127753.0
2025-04-21 20:55:00+00:00,513.82,513.92,513.74,513.84,27478.0
2025-04-21 21:00:00+00:00,513.83,513.88,513.83,513.88,3792.0
2025-04-21 21:05:00+00:00,513.88,513.94,513.88,513.9,6654.0
2025-04-21 21:10:00+00:00,513.88,514.15,513.88,514.1,2429.0
2025-04-21 21:15:00+00:00,513.99,514.1,513.88,513.88,7273.0
2025-04-21 21:20:00+00:00,513.91,513.98,513.9,513.92,5261.0
2025-04-21 21:30:00+00:00,513.85,513.85,513.85,513.85,655.0
2025-04-21 21:35:00+00:00,513.8999,514.15,513.8999,513.9303,24518.0
2025-04-21 21:40:00+00:00,513.99,513.99,513.9895,513.9895,2552.0
2025-04-21 21:45:00+00:00,513.9896,513.99,513.9,513.91,3241.0
2025-04-21 21:50:00+00:00,513.9,513.99,513.9,513.95,2367.0
2025-04-21 21:55:00+00:00,513.9,513.9,513.88,513.88,5927.0
2025-04-21 22:00:00+00:00,514.02,514.21,513.21,513.4504,15908.0
2025-04-21 22:05:00+00:00,513.45,513.74,513.19,513.6,128761.0
2025-04-21 22:10:00+00:00,513.52,513.68,513.44,513.44,13157.0
2025-04-21 22:15:00+00:00,513.4,513.42,512.87,512.9412,17009.0
2025-04-21 22:20:00+00:00,512.99,513.1699,512.9801,513.07,2317.0
2025-04-21 22:25:00+00:00,513.11,513.11,512.77,512.92,7890.0
2025-04-21 22:30:00+00:00,513.0,513.49,513.0,513.46,14235.0
2025-04-21 22:35:00+00:00,513.46,513.93,513.46,513.93,25606.0
2025-04-21 22:40:00+00:00,513.8211,514.21,513.8211,514.01,5568.0
2025-04-21 22:45:00+00:00,514.06,514.07,513.88,513.8904,2184.0
2025-04-21 22:50:00+00:00,513.87,513.94,513.7,513.7,2199.0
2025-04-21 22:55:00+00:00,513.64,513.67,513.6,513.63,1243.0
2025-04-21 23:00:00+00:00,513.7,513.7917,513.6,513.7917,3614.0
2025-04-21 23:05:00+00:00,513.86,513.89,513.8,513.89,1918.0
2025-04-21 23:10:00+00:00,513.86,513.9,513.85,513.9,889.0
2025-04-21 23:15:00+00:00,513.82,514.01,513.82,513.91,4153.0
2025-04-21 23:20:00+00:00,513.75,513.77,513.64,513.77,1569.0
2025-04-21 23:25:00+00:00,513.9,514.19,513.9,513.9996,3507.0
2025-04-21 23:30:00+00:00,514.0,514.13,513.9,514.06,5460.0
2025-04-21 23:35:00+00:00,513.94,514.4,513.94,514.37,3720.0
2025-04-21 23:40:00+00:00,514.35,514.4,514.24,514.26,3609.0
2025-04-21 23:45:00+00:00,514.31,515.33,514.12,515.24,19247.0
2025-04-21 23:50:00+00:00,515.19,515.57,514.95,515.55,24057.0
2025-04-21 23:55:00+00:00,515.56,516.099,515.51,516.05,43872.0
2025-04-22 08:00:00+00:00,518.71,518.76,518.31,518.73,13758.0
2025-04-22 08:05:00+00:00,518.73,519.04,518.49,518.49,9593.0
2025-04-22 08:10:00+00:00,518.44,518.44,518.3,518.34,5350.0
2025-04-22 08:15:00+00:00,518.29,518.45,518.24,518.43,3382.0
2025-04-22 08:20:00+00:00,518.1,518.53,518.1,518.53,1993.0
2025-04-22 08:25:00+00:00,518.6,518.65,518.58,518.62,3586.0
2025-04-22 08:30:00+00:00,518.7,519.1,518.69,518.99,7005.0
2025-04-22 08:35:00+00:00,519.06,519.46,518.91,519.46,7389.0
2025-04-22 08:40:00+00:00,519.47,519.54,519.33,519.37,2975.0
2025-04-22 08:45:00+00:00,519.2,519.2,518.98,518.98,19036.0
2025-04-22 08:50:00+00:00,518.75,519.12,518.75,519.09,4774.0
2025-04-22 08:55:00+00:00,519.24,519.24,519.04,519.2,3076.0
2025-04-22 09:00:00+00:00,519.25,519.42,519.13,519.13,16841.0
2025-04-22 09:05:00+00:00,519.04,519.45,519.04,519.45,3987.0
2025-04-22 09:10:00+00:00,519.3,519.3,518.87,518.96,2736.0
2025-04-22 09:15:00+00:00,518.82,518.82,518.63,518.64,1995.0
2025-04-22 09:20:00+00:00,518.64,518.84,518.47,518.84,5950.0
2025-04-22 09:25:00+00:00,518.99,519.34,518.99,519.32,1377.0
2025-04-22 09:30:00+00:00,519.26,519.28,519.05,519.25,4782.0
2025-04-22 09:35:00+00:00,519.13,519.3,519.1,519.3,5086.0
2025-04-22 09:40:00+00:00,519.2,519.2,519.03,519.12,2802.0
2025-04-22 09:45:00+00:00,519.13,519.14,519.13,519.14,737.0
2025-04-22 09:50:00+00:00,519.14,519.14,519.13,519.14,865.0
2025-04-22 09:55:00+00:00,519.07,519.09,518.9,518.9,1707.0
2025-04-22 10:00:00+00:00,518.77,519.15,518.73,519.07,5623.0
2025-04-22 10:10:00+00:00,518.95,518.95,518.84,518.91,839.0
2025-04-22 10:15:00+00:00,518.67,518.85,518.67,518.8,3548.0
2025-04-22 10:20:00+00:00,519.03,519.12,519.0,519.0,22030.0
2025-04-22 10:25:00+00:00,518.9,518.9,518.65,518.77,2590.0
2025-04-22 10:30:00+00:00,518.9,519.0,518.54,518.79,6375.0
2025-04-22 10:35:00+00:00,518.71,519.03,518.71,518.94,1742.0
2025-04-22 10:40:00+00:00,519.02,519.2,519.0,519.1,9062.0
2025-04-22 10:45:00+00:00,519.15,519.15,519.01,519.01,1847.0
2025-04-22 10:50:00+00:00,518.89,519.03,518.7,518.7,3641.0
2025-04-22 10:55:00+00:00,518.76,518.87,518.49,518.84,5985.0
2025-04-22 11:00:00+00:00,518.79,519.0,518.69,518.77,31306.0
2025-04-22 11:05:00+00:00,518.71,518.82,517.97,517.98,32478.0
2025-04-22 11:10:00+00:00,518.08,518.14,517.67,518.0,27773.0
2025-04-22 11:15:00+00:00,517.97,518.12,517.89,518.06,18382.0
2025-04-22 11:20:00+00:00,518.3,518.45,518.22,518.45,15658.0
2025-04-22 11:25:00+00:00,518.5,518.54,518.25,518.34,12569.0
2025-04-22 11:30:00+00:00,518.61,518.76,518.3,518.41,15011.0
2025-04-22 11:35:00+00:00,518.16,518.22,517.79,517.89,20020.0
2025-04-22 11:40:00+00:00,517.93,517.97,517.81,517.901,7837.0
2025-04-22 11:45:00+00:00,517.901,518.2,517.84,518.16,12499.0
2025-04-22 11:50:00+00:00,518.24,518.25,517.39,517.4,53011.0
2025-04-22 11:55:00+00:00,517.63,517.75,517.29,517.67,51518.0
2025-04-22 12:00:00+00:00,518.83,520.86,515.9,517.9,133867.0
2025-04-22 12:05:00+00:00,517.88,517.93,517.47,517.88,17227.0
2025-04-22 12:10:00+00:00,518.0,518.04,517.72,517.9493,17116.0
2025-04-22 12:15:00+00:00,517.94,518.26,517.94,518.08,33746.0
2025-04-22 12:20:00+00:00,517.9,518.22,517.79,518.19,18171.0
2025-04-22 12:25:00+00:00,518.22,518.5,518.0,518.49,36009.0
2025-04-22 12:30:00+00:00,518.47,518.66,518.25,518.51,39524.0
2025-04-22 12:35:00+00:00,518.36,518.5302,518.3,518.42,12153.0
2025-04-22 12:40:00+00:00,518.4,518.64,518.29,518.6,16855.0
2025-04-22 12:45:00+00:00,518.61,519.0,518.57,518.92,34537.0
2025-04-22 12:50:00+00:00,518.97,519.32,518.97,519.2694,46616.0
2025-04-22 12:55:00+00:00,519.2,519.42,519.05,519.4,49583.0
2025-04-22 13:00:00+00:00,519.4,519.7185,519.29,519.56,98520.0
2025-04-22 13:05:00+00:00,519.55,519.63,519.43,519.5,69378.0
2025-04-22 13:10:00+00:00,519.5,519.77,519.38,519.7,47087.0
2025-04-22 13:15:00+00:00,519.64,519.64,519.4,519.45,37093.0
2025-04-22 13:20:00+00:00,519.47,520.01,519.2102,519.91,122728.0
2025-04-22 13:25:00+00:00,519.9,520.18,519.79,520.18,89434.0
2025-04-22 13:30:00+00:00,520.14,520.3,519.1925,519.43,1398241.0
2025-04-22 13:35:00+00:00,519.42,520.5,519.2,520.465,767299.0
2025-04-22 13:40:00+00:00,520.45,521.45,520.38,521.42,786855.0
2025-04-22 13:45:00+00:00,521.43,522.3,521.43,521.8793,1066326.0
2025-04-22 13:50:00+00:00,521.85,521.885,520.775,521.25,756770.0
2025-04-22 13:55:00+00:00,521.29,521.97,520.93,521.89,511018.0
2025-04-22 14:00:00+00:00,521.96,522.38,521.73,522.29,642912.0
2025-04-22 14:05:00+00:00,522.27,523.09,521.8,523.0,879185.0
2025-04-22 14:10:00+00:00,523.01,523.44,522.61,522.78,719041.0
2025-04-22 14:15:00+00:00,522.75,522.9,522.08,522.69,647745.0
2025-04-22 14:20:00+00:00,522.71,523.43,522.66,523.29,421971.0
2025-04-22 14:25:00+00:00,523.31,523.32,522.5201,523.06,646660.0
2025-04-22 14:30:00+00:00,523.07,523.08,522.26,523.05,477287.0
2025-04-22 14:35:00+00:00,523.04,523.78,522.77,523.7201,583102.0
2025-04-22 14:40:00+00:00,523.745,523.92,523.48,523.9,443252.0
2025-04-22 14:45:00+00:00,523.89,524.43,523.704,523.94,659947.0
2025-04-22 14:50:00+00:00,523.94,524.14,523.33,524.0917,643701.0
2025-04-22 14:55:00+00:00,524.08,524.89,523.8802,524.67,585472.0
2025-04-22 15:00:00+00:00,524.67,525.25,524.59,525.02,565596.0
2025-04-22 15:05:00+00:00,525.01,525.32,524.96,525.275,620038.0
2025-04-22 15:10:00+00:00,525.275,525.6,525.23,525.5599,638106.0
2025-04-22 15:15:00+00:00,525.555,525.7,525.355,525.435,515946.0
2025-04-22 15:20:00+00:00,525.44,525.8138,525.0501,525.67,623954.0
2025-04-22 15:25:00+00:00,525.67,525.72,524.9,524.94,576586.0
2025-04-22 15:30:00+00:00,524.95,525.2,524.5,525.2,707451.0
2025-04-22 15:35:00+00:00,525.1855,525.265,524.53,524.605,378659.0
2025-04-22 15:40:00+00:00,524.635,524.82,523.81,523.8886,633315.0
2025-04-22 15:45:00+00:00,523.89,524.165,523.76,523.99,496351.0
2025-04-22 15:50:00+00:00,523.99,524.92,523.8927,524.6601,673331.0
2025-04-22 15:55:00+00:00,524.67,526.55,524.43,526.17,1188107.0
2025-04-22 16:00:00+00:00,526.2,528.25,526.2,527.36,2614127.0
2025-04-22 16:05:00+00:00,527.37,527.91,526.87,527.515,1264636.0
2025-04-22 16:10:00+00:00,527.5,528.19,527.22,528.08,793612.0
2025-04-22 16:15:00+00:00,528.07,528.32,527.57,528.03,606535.0
2025-04-22 16:20:00+00:00,528.0276,529.06,527.97,528.95,710318.0
2025-04-22 16:25:00+00:00,528.9752,529.305,528.6,528.8,535628.0
2025-04-22 16:30:00+00:00,528.79,529.11,528.32,528.5,626472.0
2025-04-22 16:35:00+00:00,528.5,528.6,528.01,528.04,484901.0
2025-04-22 16:40:00+00:00,528.03,528.2799,527.32,528.23,809110.0
2025-04-22 16:45:00+00:00,528.24,528.34,527.46,527.845,424805.0
2025-04-22 16:50:00+00:00,527.87,527.93,526.93,527.74,623386.0
2025-04-22 16:55:00+00:00,527.71,527.98,527.49,527.5595,313743.0
2025-04-22 17:00:00+00:00,527.57,528.0,527.44,527.78,695038.0
2025-04-22 17:05:00+00:00,527.795,528.97,527.34,527.91,1512411.0
2025-04-22 17:10:00+00:00,527.87,527.88,525.32,525.681,1638147.0
2025-04-22 17:15:00+00:00,525.71,525.775,523.62,525.0,1393377.0
2025-04-22 17:20:00+00:00,524.97,525.17,523.14,523.485,1078368.0
2025-04-22 17:25:00+00:00,523.46,525.4,522.33,522.65,1779664.0
2025-04-22 17:30:00+00:00,522.57,523.315,522.02,522.93,1333315.0
2025-04-22 17:35:00+00:00,522.9213,523.9327,522.8086,523.4,637559.0
2025-04-22 17:40:00+00:00,523.37,523.69,522.64,523.23,468519.0
2025-04-22 17:45:00+00:00,523.24,523.35,521.97,522.1,478929.0
2025-04-22 17:50:00+00:00,522.031,522.7,521.76,522.66,635319.0
2025-04-22 17:55:00+00:00,522.635,522.84,521.82,521.85,427592.0
2025-04-22 18:00:00+00:00,521.85,523.48,521.78,523.45,762895.0
2025-04-22 18:05:00+00:00,523.48,524.35,523.32,523.94,657507.0
2025-04-22 18:10:00+00:00,523.9,524.4699,523.71,524.45,333231.0
2025-04-22 18:15:00+00:00,524.43,524.67,523.95,524.4963,675396.0
2025-04-22 18:20:00+00:00,524.45,525.67,524.43,525.33,626397.0
2025-04-22 18:25:00+00:00,525.27,525.58,525.15,525.39,385489.0
2025-04-22 18:30:00+00:00,525.39,525.9,525.35,525.75,420035.0
2025-04-22 18:35:00+00:00,525.77,526.2,525.58,525.58,535389.0
2025-04-22 18:40:00+00:00,525.6,526.37,525.51,526.08,327293.0
2025-04-22 18:45:00+00:00,526.07,526.66,526.07,526.38,424955.0
2025-04-22 18:50:00+00:00,526.38,527.23,526.38,526.91,482006.0
2025-04-22 18:55:00+00:00,526.925,527.23,526.74,526.76,432035.0
2025-04-22 19:00:00+00:00,526.75,527.13,526.4101,526.91,522751.0
2025-04-22 19:05:00+00:00,526.92,527.11,526.18,526.28,624822.0
2025-04-22 19:10:00+00:00,526.29,526.35,525.55,525.75,696613.0
2025-04-22 19:15:00+00:00,525.765,525.94,524.6799,525.0887,658808.0
2025-04-22 19:20:00+00:00,525.09,525.22,524.25,524.92,774610.0
2025-04-22 19:25:00+00:00,524.92,525.32,524.45,524.69,753954.0
2025-04-22 19:30:00+00:00,524.67,525.059,524.33,524.78,512341.0
2025-04-22 19:35:00+00:00,524.77,525.15,524.23,524.335,829289.0
2025-04-22 19:40:00+00:00,524.35,526.55,524.21,526.1799,1476454.0
2025-04-22 19:45:00+00:00,526.17,527.34,526.05,527.17,1864260.0
2025-04-22 19:50:00+00:00,527.19,527.35,525.71,526.78,2589484.0
2025-04-22 19:55:00+00:00,526.78,527.5,526.35,526.94,3322498.0
2025-04-22 20:00:00+00:00,526.98,528.81,526.9,527.4,540730.0
2025-04-22 20:05:00+00:00,527.4,527.9,526.94,527.25,239758.0
2025-04-22 20:10:00+00:00,527.2,527.28,526.14,526.9,3127540.0
2025-04-22 20:15:00+00:00,527.04,527.18,526.77,526.79,419349.0
2025-04-22 20:20:00+00:00,526.81,527.32,526.79,527.09,120786.0
2025-04-22 20:25:00+00:00,527.01,527.25,527.0,527.25,105139.0
2025-04-22 20:30:00+00:00,527.29,527.54,527.25,527.26,222972.0
2025-04-22 20:35:00+00:00,527.2,527.54,527.15,527.48,34981.0
2025-04-22 20:40:00+00:00,527.48,527.5399,527.08,527.26,50753.0
2025-04-22 20:45:00+00:00,527.17,527.4082,526.8,526.85,544556.0
2025-04-22 20:50:00+00:00,526.8,526.92,526.79,526.87,20022.0
2025-04-22 20:55:00+00:00,526.94,527.07,526.7145,526.91,33156.0
2025-04-22 21:00:00+00:00,526.8,527.06,526.8,526.95,858754.0
2025-04-22 21:05:00+00:00,526.95,527.1,526.88,526.99,15181.0
2025-04-22 21:10:00+00:00,527.01,527.1953,526.8,526.8,21615.0
2025-04-22 21:15:00+00:00,527.14,529.72,527.06,529.07,197086.0
2025-04-22 21:20:00+00:00,529.0,531.36,528.5,531.12,423245.0
2025-04-22 21:25:00+00:00,531.29,534.3169,530.66,534.14,445553.0
2025-04-22 21:30:00+00:00,534.155,535.7299,533.5,533.71,408776.0
2025-04-22 21:35:00+00:00,533.57,535.6,533.0,535.5,193308.0
2025-04-22 21:40:00+00:00,535.5,537.55,535.5,537.55,202442.0
2025-04-22 21:45:00+00:00,537.63,537.83,535.67,536.5,242427.0
2025-04-22 21:50:00+00:00,536.51,536.59,535.7,535.7,117883.0
2025-04-22 21:55:00+00:00,535.7,535.74,534.0,535.48,123083.0
2025-04-22 22:00:00+00:00,535.31,536.85,533.28,536.04,305855.0
2025-04-22 22:05:00+00:00,536.07,536.07,534.0,534.0,166674.0
2025-04-22 22:10:00+00:00,534.0,534.7,533.55,534.7,113049.0
2025-04-22 22:15:00+00:00,534.57,534.78,534.12,534.47,39531.0
2025-04-22 22:20:00+00:00,534.43,535.2297,534.1,535.12,60720.0
2025-04-22 22:25:00+00:00,535.0,535.7,534.57,535.7,28257.0
2025-04-22 22:30:00+00:00,535.74,535.74,534.83,534.91,22264.0
2025-04-22 22:35:00+00:00,535.0182,535.139,534.4001,535.1004,16090.0
2025-04-22 22:40:00+00:00,535.15,535.8,535.0983,535.78,16972.0
2025-04-22 22:45:00+00:00,535.9,536.25,535.61,536.0,31074.0
2025-04-22 22:50:00+00:00,535.97,536.9,535.94,536.87,43438.0
2025-04-22 22:55:00+00:00,536.84,537.01,536.31,537.0,38264.0
2025-04-22 23:00:00+00:00,537.0,537.62,536.62,537.0,49820.0
2025-04-22 23:05:00+00:00,536.8701,537.69,536.79,537.37,28133.0
2025-04-22 23:10:00+00:00,537.4,537.72,537.29,537.7,20802.0
2025-04-22 23:15:00+00:00,537.65,537.71,536.41,536.4699,25666.0
2025-04-22 23:20:00+00:00,536.5301,536.6,536.25,536.29,8176.0
2025-04-22 23:25:00+00:00,536.33,536.38,535.94,536.17,24874.0
2025-04-22 23:30:00+00:00,536.14,536.17,535.96,536.04,26003.0
2025-04-22 23:35:00+00:00,536.15,536.4,535.85,536.07,8036.0
2025-04-22 23:40:00+00:00,536.1899,536.26,535.96,536.17,10216.0
2025-04-22 23:45:00+00:00,536.23,536.61,536.01,536.61,25480.0
2025-04-22 23:50:00+00:00,536.6,536.89,536.4717,536.57,31533.0
2025-04-22 23:55:00+00:00,536.7,537.0,536.6,536.65,22065.0
2025-04-23 08:00:00+00:00,536.79,537.12,536.5,536.87,18712.0
2025-04-23 08:05:00+00:00,537.02,537.1,536.87,537.0,8470.0
2025-04-23 08:10:00+00:00,537.0,537.56,537.0,537.56,13796.0
2025-04-23 08:15:00+00:00,537.63,537.65,537.48,537.57,14753.0
2025-04-23 08:20:00+00:00,537.5,537.6,537.41,537.44,27736.0
2025-04-23 08:25:00+00:00,537.48,537.6,537.41,537.5,7025.0
2025-04-23 08:30:00+00:00,537.54,538.0,537.5,537.96,3596.0
2025-04-23 08:35:00+00:00,537.96,538.27,537.89,538.27,8964.0
2025-04-23 08:40:00+00:00,538.3,538.49,538.22,538.37,12576.0
2025-04-23 08:45:00+00:00,538.41,538.59,538.21,538.59,7682.0
2025-04-23 08:50:00+00:00,538.51,538.74,538.19,538.23,4568.0
2025-04-23 08:55:00+00:00,538.15,538.15,537.85,537.95,10620.0
2025-04-23 09:00:00+00:00,538.0,538.26,538.0,538.08,50613.0
2025-04-23 09:05:00+00:00,538.22,538.41,538.18,538.28,4227.0
2025-04-23 09:10:00+00:00,538.31,538.43,538.3,538.38,4000.0
2025-04-23 09:15:00+00:00,538.33,538.49,538.3,538.3,5632.0
2025-04-23 09:20:00+00:00,538.24,538.35,538.2,538.21,17306.0
2025-04-23 09:25:00+00:00,538.25,538.25,537.94,537.96,9688.0
2025-04-23 09:30:00+00:00,537.97,537.97,537.59,537.61,15162.0
2025-04-23 09:35:00+00:00,537.72,537.72,537.55,537.68,17694.0
2025-04-23 09:40:00+00:00,537.75,537.87,537.27,537.27,12942.0
2025-04-23 09:45:00+00:00,537.5,537.7,537.26,537.68,8081.0
2025-04-23 09:50:00+00:00,537.6,537.7,537.36,537.57,4385.0
2025-04-23 09:55:00+00:00,537.56,538.17,537.56,538.01,7131.0
2025-04-23 10:00:00+00:00,538.0,538.23,538.0,538.1,4643.0
2025-04-23 10:05:00+00:00,538.16,538.43,538.12,538.2,10169.0
2025-04-23 10:10:00+00:00,538.18,538.26,538.12,538.13,1956.0
2025-04-23 10:15:00+00:00,538.03,538.64,538.03,538.5,15630.0
2025-04-23 10:20:00+00:00,538.41,538.89,538.3,538.78,22343.0
2025-04-23 10:25:00+00:00,538.76,539.0,538.67,538.98,48050.0
2025-04-23 10:30:00+00:00,538.91,539.1,538.72,539.09,28101.0
2025-04-23 10:35:00+00:00,539.03,539.34,538.95,539.25,23514.0
2025-04-23 10:40:00+00:00,539.23,539.64,539.19,539.64,15286.0
2025-04-23 10:45:00+00:00,539.74,540.14,539.74,539.94,22345.0
2025-04-23 10:50:00+00:00,539.93,540.19,539.81,540.16,20868.0
2025-04-23 10:55:00+00:00,540.14,540.48,540.1,540.17,32047.0
2025-04-23 11:00:00+00:00,540.12,540.7,540.0,540.65,103223.0
2025-04-23 11:05:00+00:00,540.61,540.63,540.15,540.24,23960.0
2025-04-23 11:10:00+00:00,540.27,540.6,540.02,540.28,31996.0
2025-04-23 11:15:00+00:00,540.35,540.53,540.23,540.34,29290.0
2025-04-23 11:20:00+00:00,540.37,540.37,539.71,539.72,32743.0
2025-04-23 11:25:00+00:00,539.78,539.93,539.3,539.35,41888.0
2025-04-23 11:30:00+00:00,539.25,539.44,538.91,539.1,91247.0
2025-04-23 11:35:00+00:00,539.01,539.4,538.98,539.4,29356.0
2025-04-23 11:40:00+00:00,539.6,539.63,538.98,538.98,65515.0
2025-04-23 11:45:00+00:00,539.1,539.41,539.0,539.02,34626.0
2025-04-23 11:50:00+00:00,539.02,539.1,538.8,538.8,21375.0
2025-04-23 11:55:00+00:00,538.86,539.13,538.56,538.57,30458.0
2025-04-23 12:00:00+00:00,540.17,540.66,534.37,537.534,219889.0
2025-04-23 12:05:00+00:00,538.94,538.99,538.5,538.82,29758.0
2025-04-23 12:10:00+00:00,538.8,539.2796,538.8,539.2101,21714.0
2025-04-23 12:15:00+00:00,539.29,539.55,539.2,539.48,32665.0
2025-04-23 12:20:00+00:00,539.47,539.6,539.2307,539.2884,39258.0
2025-04-23 12:25:00+00:00,539.27,539.47,539.25,539.36,28021.0
2025-04-23 12:30:00+00:00,539.32,540.0997,539.2,540.08,88394.0
2025-04-23 12:35:00+00:00,540.05,540.43,540.03,540.3218,80030.0
2025-04-23 12:40:00+00:00,540.33,540.44,540.23,540.39,44963.0
2025-04-23 12:45:00+00:00,540.399,540.59,540.3,540.56,36131.0
2025-04-23 12:50:00+00:00,540.6,540.69,540.39,540.5,42205.0
2025-04-23 12:55:00+00:00,540.49,541.0,540.42,540.9899,53101.0
2025-04-23 13:00:00+00:00,540.95,540.95,540.55,540.58,47174.0
2025-04-23 13:05:00+00:00,540.51,540.59,539.07,539.6,156628.0
2025-04-23 13:10:00+00:00,539.59,539.8491,539.4615,539.58,38427.0
2025-04-23 13:15:00+00:00,539.65,540.35,539.64,540.3096,64356.0
2025-04-23 13:20:00+00:00,540.32,540.73,540.32,540.7,48608.0
2025-04-23 13:25:00+00:00,540.73,540.84,540.22,540.44,131807.0
2025-04-23 13:30:00+00:00,540.43,541.54,539.97,541.13,2401684.0
2025-04-23 13:35:00+00:00,541.14,544.91,539.5101,541.45,5224861.0
2025-04-23 13:40:00+00:00,541.47,543.67,541.07,542.7487,2435300.0
2025-04-23 13:45:00+00:00,542.63,544.37,542.33,544.25,1876155.0
2025-04-23 13:50:00+00:00,544.24,544.99,542.38,542.58,2960176.0
2025-04-23 13:55:00+00:00,542.56,543.6032,541.78,543.56,1633640.0
2025-04-23 14:00:00+00:00,543.595,545.43,541.34,543.45,2052382.0
2025-04-23 14:05:00+00:00,543.45,543.94,542.6,543.6,1030467.0
2025-04-23 14:10:00+00:00,543.6,544.33,542.69,543.17,1386790.0
2025-04-23 14:15:00+00:00,543.18,543.22,540.75,541.93,1195261.0
2025-04-23 14:20:00+00:00,541.9,543.84,540.85,542.92,1035531.0
2025-04-23 14:25:00+00:00,542.91,544.2865,542.6384,543.88,861346.0
2025-04-23 14:30:00+00:00,543.82,544.93,542.85,544.71,563608.0
2025-04-23 14:35:00+00:00,544.71,545.2,543.0834,544.5,577656.0
2025-04-23 14:40:00+00:00,544.5,545.0187,540.9702,544.35,671298.0
2025-04-23 14:45:00+00:00,544.33,545.16,540.76,543.65,875579.0
2025-04-23 14:50:00+00:00,543.6553,543.69,542.75,542.975,983039.0
2025-04-23 14:55:00+00:00,542.94,543.15,542.25,542.555,584183.0
2025-04-23 15:00:00+00:00,542.54,543.77,540.8,542.87,1523028.0
2025-04-23 15:05:00+00:00,542.86,543.2399,542.38,542.45,524505.0
2025-04-23 15:10:00+00:00,542.46,542.46,541.87,542.2501,430866.0
2025-04-23 15:15:00+00:00,542.29,542.32,540.92,540.99,628861.0
2025-04-23 15:20:00+00:00,540.99,541.4,538.6,539.9385,2129266.0
2025-04-23 15:25:00+00:00,539.9,543.93,537.67,538.6,1604297.0
2025-04-23 15:30:00+00:00,538.59,544.03,536.94,538.54,1349239.0
2025-04-23 15:35:00+00:00,538.51,544.04,537.13,539.01,899799.0
2025-04-23 15:40:00+00:00,538.995,544.92,537.8104,537.89,746451.0
2025-04-23 15:45:00+00:00,537.8935,545.1,536.13,536.14,735447.0
2025-04-23 15:50:00+00:00,536.15,536.98,535.57,536.73,931634.0
2025-04-23 15:55:00+00:00,536.74,544.66,536.7321,537.43,626482.0
2025-04-23 16:00:00+00:00,537.42,545.13,536.43,537.1776,759080.0
2025-04-23 16:05:00+00:00,537.17,545.12,535.84,535.99,496432.0
2025-04-23 16:10:00+00:00,535.99,545.105,535.64,536.11,569133.0
2025-04-23 16:15:00+00:00,536.15,545.16,534.63,534.66,804423.0
2025-04-23 16:20:00+00:00,534.65,545.1,534.15,534.6,956957.0
2025-04-23 16:25:00+00:00,534.65,545.095,534.0,536.3,985699.0
2025-04-23 16:30:00+00:00,536.3,544.74,536.09,536.5,803098.0
2025-04-23 16:35:00+00:00,536.545,544.7399,536.5,537.43,708994.0
2025-04-23 16:40:00+00:00,537.385,545.02,536.86,537.24,500509.0
2025-04-23 16:45:00+00:00,537.24,544.03,535.84,535.94,406026.0
2025-04-23 16:50:00+00:00,535.93,544.995,535.79,537.0,413101.0
2025-04-23 16:55:00+00:00,536.97,545.1075,536.8014,538.22,990387.0
2025-04-23 17:00:00+00:00,538.2,545.105,536.19,538.48,799886.0
2025-04-23 17:05:00+00:00,538.48,543.92,538.21,538.96,562195.0
2025-04-23 17:10:00+00:00,539.04,545.11,538.59,539.05,503310.0
2025-04-23 17:15:00+00:00,539.04,544.5321,538.8103,539.17,267168.0
2025-04-23 17:20:00+00:00,539.1915,545.1606,538.69,539.11,508608.0
2025-04-23 17:25:00+00:00,539.12,539.59,538.2,538.2,441868.0
2025-04-23 17:30:00+00:00,538.21,538.85,537.39,537.534,421062.0
2025-04-23 17:35:00+00:00,537.52,537.87,536.4,536.865,474827.0
2025-04-23 17:40:00+00:00,536.89,537.61,536.34,537.51,508675.0
2025-04-23 17:45:00+00:00,537.5204,544.0,536.75,537.07,390821.0
2025-04-23 17:50:00+00:00,537.03,545.0395,536.75,538.3,564609.0
2025-04-23 17:55:00+00:00,538.29,545.1325,538.17,538.36,440858.0
2025-04-23 18:00:00+00:00,538.34,544.78,537.03,537.86,644525.0
2025-04-23 18:05:00+00:00,537.88,541.7041,537.45,537.92,388872.0
2025-04-23 18:10:00+00:00,537.91,538.77,537.02,538.02,1070602.0
2025-04-23 18:15:00+00:00,538.06,538.88,537.8,538.03,474726.0
2025-04-23 18:20:00+00:00,538.0,543.5785,537.2325,537.57,559521.0
2025-04-23 18:25:00+00:00,537.53,537.53,536.26,536.57,1064119.0
2025-04-23 18:30:00+00:00,536.57,544.21,536.51,536.95,699312.0
2025-04-23 18:35:00+00:00,536.97,545.095,536.64,537.015,631987.0
2025-04-23 18:40:00+00:00,537.02,543.66,535.97,536.0,338945.0
2025-04-23 18:45:00+00:00,535.995,544.29,535.8,536.68,519170.0
2025-04-23 18:50:00+00:00,536.65,541.86,535.87,536.06,352404.0
2025-04-23 18:55:00+00:00,536.1248,544.04,535.88,536.36,918051.0
2025-04-23 19:00:00+00:00,536.36,545.13,535.04,535.25,567485.0
2025-04-23 19:05:00+00:00,535.33,536.22,535.3,535.67,648033.0
2025-04-23 19:10:00+00:00,535.67,545.13,535.32,535.6,563216.0
2025-04-23 19:15:00+00:00,535.575,535.74,534.89,535.15,703332.0
2025-04-23 19:20:00+00:00,535.14,544.95,534.29,534.35,658810.0
2025-04-23 19:25:00+00:00,534.32,545.06,534.1,534.63,841891.0
2025-04-23 19:30:00+00:00,534.71,535.79,534.53,534.96,1169410.0
2025-04-23 19:35:00+00:00,534.96,535.05,533.88,534.33,747642.0
2025-04-23 19:40:00+00:00,534.3,535.2,534.1,534.71,982556.0
2025-04-23 19:45:00+00:00,534.715,544.544129,534.03,535.3,1033441.0
2025-04-23 19:50:00+00:00,535.38,544.305468,535.38,536.86,3356222.0
2025-04-23 19:55:00+00:00,536.88,537.08,535.19,535.41,5651216.0
2025-04-23 20:00:00+00:00,535.37,536.017,535.2,536.017,1348353.0
2025-04-23 20:05:00+00:00,535.45,536.05,535.25,535.97,1981825.0
2025-04-23 20:10:00+00:00,536.01,536.33,535.56,535.59,967820.0
2025-04-23 20:15:00+00:00,535.6,537.5,535.56,537.27,655199.0
2025-04-23 20:20:00+00:00,537.18,538.23,537.05,537.4,439714.0
2025-04-23 20:25:00+00:00,537.42,538.83,537.35,537.88,306328.0
2025-04-23 20:30:00+00:00,537.86,538.35,537.58,538.0,138780.0
2025-04-23 20:35:00+00:00,538.0,538.0696,537.48,537.52,75433.0
2025-04-23 20:40:00+00:00,537.52,537.62,536.84,536.9,111561.0
2025-04-23 20:45:00+00:00,536.88,537.36,536.88,537.06,65228.0
2025-04-23 20:50:00+00:00,537.07,537.52,537.06,537.44,94004.0
2025-04-23 20:55:00+00:00,537.44,537.45,536.9,536.9,43003.0
2025-04-23 21:00:00+00:00,536.93,537.19,536.8033,537.19,20835.0
2025-04-23 21:05:00+00:00,537.195,537.48,537.19,537.4,31557.0
2025-04-23 21:10:00+00:00,537.4,537.7,537.32,537.47,25232.0
2025-04-23 21:15:00+00:00,537.4988,537.52,537.36,537.51,28410.0
2025-04-23 21:20:00+00:00,537.45,537.85,537.1518,537.29,134061.0
2025-04-23 21:25:00+00:00,537.45,537.45,537.05,537.05,22056.0
2025-04-23 21:30:00+00:00,537.1,537.1,536.6452,536.9599,11252.0
2025-04-23 21:35:00+00:00,537.0,537.05,536.63,536.64,9424.0
2025-04-23 21:40:00+00:00,536.64,537.0563,536.34,536.34,36600.0
2025-04-23 21:45:00+00:00,536.34,536.34,535.5,536.0,25906.0
2025-04-23 21:50:00+00:00,536.0,536.48,535.87,535.9,40678.0
2025-04-23 21:55:00+00:00,536.0,536.01,535.71,535.94,12489.0
2025-04-23 22:00:00+00:00,536.31,536.68,535.04,535.18,58305.0
2025-04-23 22:05:00+00:00,535.15,535.4288,534.53,534.63,22099.0
2025-04-23 22:10:00+00:00,534.57,535.0,534.56,534.82,7951.0
2025-04-23 22:15:00+00:00,534.55,535.2383,534.46,535.11,17167.0
2025-04-23 22:20:00+00:00,535.09,535.22,534.9,534.9,4421.0
2025-04-23 22:25:00+00:00,534.9,535.2317,534.9,535.2317,3855.0
2025-04-23 22:30:00+00:00,535.23,535.61,535.213,535.61,13027.0
2025-04-23 22:35:00+00:00,535.61,536.04,535.6,536.0,10504.0
2025-04-23 22:40:00+00:00,535.95,536.3298,535.95,535.97,7036.0
2025-04-23 22:45:00+00:00,535.95,536.06,535.78,536.0,6002.0
2025-04-23 22:50:00+00:00,535.93,536.0394,535.75,536.0,4483.0
2025-04-23 22:55:00+00:00,536.14,536.19,536.1,536.1104,3901.0
2025-04-23 23:00:00+00:00,536.0,536.3,535.98,536.24,3251.0
2025-04-23 23:05:00+00:00,536.39,536.45,536.31,536.4,3107.0
2025-04-23 23:10:00+00:00,536.41,536.65,536.34,536.55,3949.0
2025-04-23 23:15:00+00:00,536.42,536.42,536.3,536.3001,1603.0
2025-04-23 23:20:00+00:00,536.4,536.86,536.4,536.77,20571.0
2025-04-23 23:25:00+00:00,536.82,537.05,536.5301,536.5601,11472.0
2025-04-23 23:30:00+00:00,536.3,536.33,536.05,536.2,3538.0
2025-04-23 23:35:00+00:00,536.12,536.153,535.92,536.153,3565.0
2025-04-23 23:40:00+00:00,536.15,536.4499,536.15,536.34,8199.0
2025-04-23 23:45:00+00:00,536.37,536.6099,536.37,536.5,3117.0
2025-04-23 23:50:00+00:00,536.49,536.9,536.49,536.82,3486.0
2025-04-23 23:55:00+00:00,536.7101,536.94,536.7,536.7,9898.0
2025-04-24 08:00:00+00:00,533.01,533.6,532.85,533.44,15454.0
2025-04-24 08:05:00+00:00,533.35,533.35,532.63,532.63,6266.0
2025-04-24 08:10:00+00:00,532.6,532.9,532.6,532.9,2897.0
2025-04-24 08:15:00+00:00,532.7,533.0,532.66,532.9,7171.0
2025-04-24 08:20:00+00:00,532.51,533.06,532.51,532.99,4359.0
2025-04-24 08:25:00+00:00,532.81,532.81,532.2,532.2,2907.0
2025-04-24 08:30:00+00:00,532.09,532.09,532.09,532.09,456.0
2025-04-24 08:35:00+00:00,532.25,532.25,531.79,532.0,13986.0
2025-04-24 08:40:00+00:00,531.8,531.8,531.22,531.51,8288.0
2025-04-24 08:45:00+00:00,531.37,531.65,531.26,531.34,4097.0
2025-04-24 08:50:00+00:00,531.52,531.52,531.52,531.52,576.0
2025-04-24 08:55:00+00:00,531.76,532.02,531.76,532.01,3196.0
2025-04-24 09:00:00+00:00,532.14,532.33,532.04,532.33,4623.0
2025-04-24 09:05:00+00:00,532.33,532.33,532.11,532.11,5468.0
2025-04-24 09:10:00+00:00,532.14,532.38,532.14,532.38,1200.0
2025-04-24 09:15:00+00:00,532.42,532.72,532.41,532.5,2519.0
2025-04-24 09:20:00+00:00,532.53,532.56,532.53,532.56,499.0
2025-04-24 09:25:00+00:00,532.58,532.66,532.54,532.54,3813.0
2025-04-24 09:30:00+00:00,532.49,532.69,532.49,532.67,3583.0
2025-04-24 09:35:00+00:00,532.77,532.8,532.5,532.64,3673.0
2025-04-24 09:40:00+00:00,532.85,533.11,532.85,533.11,2185.0
2025-04-24 09:45:00+00:00,533.06,533.37,533.0,533.37,4008.0
2025-04-24 09:50:00+00:00,533.15,533.15,532.76,532.87,91189.0
2025-04-24 09:55:00+00:00,532.96,533.13,532.96,533.12,3159.0
2025-04-24 10:00:00+00:00,533.43,533.54,533.34,533.34,7587.0
2025-04-24 10:05:00+00:00,533.4,534.0,533.36,533.68,4834.0
2025-04-24 10:10:00+00:00,533.49,533.72,533.47,533.6,3409.0
2025-04-24 10:15:00+00:00,533.52,533.54,533.22,533.22,12862.0
2025-04-24 10:20:00+00:00,533.2,533.6,533.05,533.05,18390.0
2025-04-24 10:25:00+00:00,533.32,533.73,533.32,533.73,6151.0
2025-04-24 10:30:00+00:00,533.65,534.23,533.56,534.23,21717.0
2025-04-24 10:35:00+00:00,534.26,534.41,534.04,534.41,5198.0
2025-04-24 10:40:00+00:00,534.46,535.0,534.46,535.0,9843.0
2025-04-24 10:45:00+00:00,535.01,535.5,534.94,535.31,21385.0
2025-04-24 10:50:00+00:00,535.29,536.3,535.05,536.13,37673.0
2025-04-24 10:55:00+00:00,536.0,536.41,535.79,535.96,46445.0
2025-04-24 11:00:00+00:00,535.94,536.03,535.091,535.35,105707.0
2025-04-24 11:05:00+00:00,535.26,535.3,535.0,535.12,34044.0
2025-04-24 11:10:00+00:00,535.1,535.29,534.81,534.92,13052.0
2025-04-24 11:15:00+00:00,534.8,534.89,534.24,534.41,13393.0
2025-04-24 11:20:00+00:00,534.31,534.49,534.16,534.27,19810.0
2025-04-24 11:25:00+00:00,534.31,534.75,534.17,534.31,65359.0
2025-04-24 11:30:00+00:00,534.3,534.3,533.76,534.03,65420.0
2025-04-24 11:35:00+00:00,534.1,535.8,533.6,534.01,76332.0
2025-04-24 11:40:00+00:00,534.06,534.08,533.57,533.57,26935.0
2025-04-24 11:45:00+00:00,534.07,534.12,533.75,533.98,16759.0
2025-04-24 11:50:00+00:00,533.99,534.3,533.95,534.24,11060.0
2025-04-24 11:55:00+00:00,534.25,534.36,534.05,534.36,13630.0
2025-04-24 12:00:00+00:00,535.86,535.9102,532.51,534.62,174044.0
2025-04-24 12:05:00+00:00,534.71,534.71,534.43,534.43,18690.0
2025-04-24 12:10:00+00:00,534.65,534.85,534.6,534.76,17477.0
2025-04-24 12:15:00+00:00,534.9,535.28,534.9,535.21,51257.0
2025-04-24 12:20:00+00:00,535.25,535.37,534.5,534.5,46786.0
2025-04-24 12:25:00+00:00,534.47,534.82,534.25,534.8,43799.0
2025-04-24 12:30:00+00:00,534.88,535.56,534.5,535.2001,99479.0
2025-04-24 12:35:00+00:00,535.29,536.21,535.17,536.21,66493.0
2025-04-24 12:40:00+00:00,536.22,536.4,536.01,536.4,53643.0
2025-04-24 12:45:00+00:00,536.4,536.4,535.46,536.1,57664.0
2025-04-24 12:50:00+00:00,536.02,536.21,535.8,535.82,22318.0
2025-04-24 12:55:00+00:00,535.67,536.11,535.6,536.11,26335.0
2025-04-24 13:00:00+00:00,536.12,536.35,535.92,536.0,26384.0
2025-04-24 13:05:00+00:00,536.07,536.25,535.63,535.73,75763.0
2025-04-24 13:10:00+00:00,535.71,536.03,535.67,535.89,124553.0
2025-04-24 13:15:00+00:00,535.881,536.25,535.76,536.0,126065.0
2025-04-24 13:20:00+00:00,535.9299,536.5,535.9299,536.38,121902.0
2025-04-24 13:25:00+00:00,536.441,536.78,535.95,536.74,182357.0
2025-04-24 13:30:00+00:00,536.715,536.96,535.8074,536.2701,1162507.0
2025-04-24 13:35:00+00:00,536.27,536.76,535.4504,536.71,612568.0
2025-04-24 13:40:00+00:00,536.705,537.93,536.64,537.78,728584.0
2025-04-24 13:45:00+00:00,537.77,538.6,537.74,538.2635,1002588.0
2025-04-24 13:50:00+00:00,538.27,538.91,538.03,538.76,471201.0
2025-04-24 13:55:00+00:00,538.75,539.6462,538.34,539.48,717742.0
2025-04-24 14:00:00+00:00,539.48,540.0,539.01,539.7,1370872.0
2025-04-24 14:05:00+00:00,539.69,540.4,539.65,540.225,718580.0
2025-04-24 14:10:00+00:00,540.23,540.24,539.41,539.9699,804997.0
2025-04-24 14:15:00+00:00,539.98,540.7,539.53,540.65,614682.0
2025-04-24 14:20:00+00:00,540.61,541.6,540.61,541.4799,752415.0
2025-04-24 14:25:00+00:00,541.48,542.33,541.15,542.2342,655764.0
2025-04-24 14:30:00+00:00,542.23,542.7257,542.02,542.7,728719.0
2025-04-24 14:35:00+00:00,542.71,543.31,542.4738,542.84,894339.0
2025-04-24 14:40:00+00:00,542.85,543.0898,541.53,542.04,1315715.0
2025-04-24 14:45:00+00:00,542.05,542.3,540.99,541.9188,1186439.0
2025-04-24 14:50:00+00:00,541.96,542.3399,541.42,542.248,585996.0
2025-04-24 14:55:00+00:00,542.29,542.7,542.185,542.46,393590.0
2025-04-24 15:00:00+00:00,542.45,542.83,541.97,542.775,348898.0
2025-04-24 15:05:00+00:00,542.78,543.0,542.58,542.81,600982.0
2025-04-24 15:10:00+00:00,542.83,543.87,542.77,543.52,864333.0
2025-04-24 15:15:00+00:00,543.53,543.81,543.02,543.0775,481468.0
2025-04-24 15:20:00+00:00,543.1,543.46,542.63,542.86,606587.0
2025-04-24 15:25:00+00:00,542.88,543.13,542.09,542.48,598678.0
2025-04-24 15:30:00+00:00,542.51,542.98,541.89,542.97,482918.0
2025-04-24 15:35:00+00:00,542.95,543.05,542.56,542.77,338147.0
2025-04-24 15:40:00+00:00,542.74,543.19,542.39,542.46,235500.0
2025-04-24 15:45:00+00:00,542.44,543.15,542.25,542.85,842821.0
2025-04-24 15:50:00+00:00,542.86,543.84,542.52,543.69,532334.0
2025-04-24 15:55:00+00:00,543.7,543.9,542.49,542.76,515395.0
2025-04-24 16:00:00+00:00,542.81,543.179,542.41,542.93,287781.0
2025-04-24 16:05:00+00:00,542.9128,543.0,542.2503,542.38,343212.0
2025-04-24 16:10:00+00:00,542.38,543.51,542.355,543.475,286202.0
2025-04-24 16:15:00+00:00,543.4357,544.29,543.3,544.08,449845.0
2025-04-24 16:20:00+00:00,544.095,544.39,543.8201,543.8699,257894.0
2025-04-24 16:25:00+00:00,543.83,544.97,543.64,544.44,1076797.0
2025-04-24 16:30:00+00:00,544.44,545.24,544.295,545.01,727590.0
2025-04-24 16:35:00+00:00,545.02,545.35,544.88,545.05,567207.0
2025-04-24 16:40:00+00:00,545.06,545.25,544.62,544.89,550357.0
2025-04-24 16:45:00+00:00,544.9,544.97,544.34,544.805,400097.0
2025-04-24 16:50:00+00:00,544.81,545.05,544.61,544.9501,234489.0
2025-04-24 16:55:00+00:00,544.98,545.8479,544.787048,545.44,587686.0
2025-04-24 17:00:00+00:00,545.43,545.46,544.78,545.16,445032.0
2025-04-24 17:05:00+00:00,545.18,545.37,544.69,544.74,240447.0
2025-04-24 17:10:00+00:00,544.7698,545.24,544.73,545.13,296449.0
2025-04-24 17:15:00+00:00,545.07,545.15,544.03,544.245,501698.0
2025-04-24 17:20:00+00:00,544.225,544.88,544.07,544.8,332885.0
2025-04-24 17:25:00+00:00,544.805,545.29,544.805,544.98,314139.0
2025-04-24 17:30:00+00:00,544.98,545.59,544.7,544.75,457996.0
2025-04-24 17:35:00+00:00,544.755,545.17,544.57,544.99,277131.0
2025-04-24 17:40:00+00:00,545.0115,545.17,544.4,544.6701,226555.0
2025-04-24 17:45:00+00:00,544.72,545.1,544.37,545.0,344713.0
2025-04-24 17:50:00+00:00,545.005,545.5795,544.7603,545.5101,370114.0
2025-04-24 17:55:00+00:00,545.5001,545.53,545.11,545.27,305771.0
2025-04-24 18:00:00+00:00,545.29,545.92,545.22,545.625,611029.0
2025-04-24 18:05:00+00:00,545.66,546.33,545.45,545.7,887130.0
2025-04-24 18:10:00+00:00,545.69,545.765,545.36,545.61,605943.0
2025-04-24 18:15:00+00:00,545.62,545.88,545.08,545.51,482040.0
2025-04-24 18:20:00+00:00,545.48,545.51,545.03,545.4,531270.0
2025-04-24 18:25:00+00:00,545.4398,545.639,545.38,545.51,210655.0
2025-04-24 18:30:00+00:00,545.51,546.17,545.43,546.1174,360942.0
2025-04-24 18:35:00+00:00,546.1,546.48,546.08,546.4375,543419.0
2025-04-24 18:40:00+00:00,546.43,546.555,546.07,546.255,365912.0
2025-04-24 18:45:00+00:00,546.25,546.59,546.1201,546.48,294950.0
2025-04-24 18:50:00+00:00,546.48,546.9,546.44,546.59,574522.0
2025-04-24 18:55:00+00:00,546.58,546.64,546.08,546.08,417351.0
2025-04-24 19:00:00+00:00,546.05,546.1,545.13,545.1999,590617.0
2025-04-24 19:05:00+00:00,545.2,545.4801,545.0,545.13,779502.0
2025-04-24 19:10:00+00:00,545.14,545.25,544.28,544.8052,965173.0
2025-04-24 19:15:00+00:00,544.78,545.71,544.71,545.52,776218.0
2025-04-24 19:20:00+00:00,545.51,546.02,545.24,545.4,641781.0
2025-04-24 19:25:00+00:00,545.39,545.75,544.84,544.87,646076.0
2025-04-24 19:30:00+00:00,544.89,545.49,544.81,545.21,691060.0
2025-04-24 19:35:00+00:00,545.2,546.19,544.75,546.03,1063052.0
2025-04-24 19:40:00+00:00,546.03,546.54,545.97,546.39,807549.0
2025-04-24 19:45:00+00:00,546.41,547.15,546.26,547.1,1251550.0
2025-04-24 19:50:00+00:00,547.075,547.43,546.1225,547.05,2349021.0
2025-04-24 19:55:00+00:00,547.07,547.17,546.44,546.54,4441139.0
2025-04-24 20:00:00+00:00,546.55,549.33,546.52,547.72,887941.0
2025-04-24 20:05:00+00:00,547.79,548.1,547.27,547.72,831259.0
2025-04-24 20:10:00+00:00,547.75,548.4,547.43,547.57,3154485.0
2025-04-24 20:15:00+00:00,547.61,547.77,547.08,547.27,81173.0
2025-04-24 20:20:00+00:00,547.3,547.48,547.1915,547.32,300177.0
2025-04-24 20:25:00+00:00,547.32,547.72,547.29,547.35,181435.0
2025-04-24 20:30:00+00:00,547.31,547.31,547.08,547.2986,77838.0
2025-04-24 20:35:00+00:00,547.3,547.79,547.23,547.79,44025.0
2025-04-24 20:40:00+00:00,547.78,547.9689,547.69,547.74,21354.0
2025-04-24 20:45:00+00:00,547.7,547.72,547.36,547.39,64197.0
2025-04-24 20:50:00+00:00,547.35,547.73,547.34,547.67,34068.0
2025-04-24 20:55:00+00:00,547.6,547.6,547.09,547.38,43269.0
2025-04-24 21:00:00+00:00,547.3604,547.54,547.2,547.5,9265.0
2025-04-24 21:05:00+00:00,547.6,548.2,547.59,548.2,42675.0
2025-04-24 21:10:00+00:00,548.2,548.3,547.94,548.02,84638.0
2025-04-24 21:15:00+00:00,548.02,548.2,548.0102,548.16,84093.0
2025-04-24 21:20:00+00:00,548.16,548.16,548.02,548.06,251705.0
2025-04-24 21:25:00+00:00,548.02,548.2,548.02,548.2,26261.0
2025-04-24 21:30:00+00:00,548.2,548.2,548.11,548.13,5396.0
2025-04-24 21:35:00+00:00,548.15,548.3,548.13,548.3,13614.0
2025-04-24 21:40:00+00:00,548.35,548.35,548.3,548.35,4850.0
2025-04-24 21:45:00+00:00,546.0664,548.5097,546.0664,548.48,168460.0
2025-04-24 21:50:00+00:00,548.4,548.58,548.34,548.58,7803.0
2025-04-24 21:55:00+00:00,548.57,548.74,548.5,548.5,16643.0
2025-04-24 22:00:00+00:00,548.5,548.8,547.49,547.5,94158.0
2025-04-24 22:05:00+00:00,547.43,547.76,547.4,547.56,26967.0
2025-04-24 22:10:00+00:00,547.48,547.75,547.27,547.74,28499.0
2025-04-24 22:15:00+00:00,547.8,548.35,547.8,548.2,19345.0
2025-04-24 22:20:00+00:00,548.17,548.449,548.0901,548.449,7398.0
2025-04-24 22:25:00+00:00,548.43,548.56,548.3,548.56,53197.0
2025-04-24 22:30:00+00:00,548.55,548.55,548.16,548.3,13340.0
2025-04-24 22:35:00+00:00,548.3,548.7,548.25,548.689,14076.0
2025-04-24 22:40:00+00:00,548.67,548.9,548.67,548.9,28926.0
2025-04-24 22:45:00+00:00,548.88,548.97,548.7905,548.97,74619.0
2025-04-24 22:50:00+00:00,548.91,548.9191,548.52,548.54,5301.0
2025-04-24 22:55:00+00:00,548.58,548.58,548.36,548.43,6573.0
2025-04-24 23:00:00+00:00,548.46,548.63,548.35,548.469,2501.0
2025-04-24 23:05:00+00:00,548.4176,548.449,548.35,548.3501,1123.0
2025-04-24 23:10:00+00:00,548.52,548.52,548.45,548.4717,3598.0
2025-04-24 23:15:00+00:00,548.46,548.47,548.25,548.35,2825.0
2025-04-24 23:20:00+00:00,548.4,548.7,548.35,548.55,32353.0
2025-04-24 23:25:00+00:00,548.88,548.9,548.55,548.63,1162.0
2025-04-24 23:30:00+00:00,548.78,548.85,548.73,548.85,948.0
2025-04-24 23:35:00+00:00,548.67,548.68,548.32,548.46,10736.0
2025-04-24 23:40:00+00:00,548.5,548.5789,548.46,548.54,2861.0
2025-04-24 23:45:00+00:00,548.79,548.85,548.69,548.71,8347.0
2025-04-24 23:50:00+00:00,548.56,548.56,548.15,548.15,20780.0
2025-04-24 23:55:00+00:00,548.222,548.5,548.222,548.37,7433.0
2025-04-25 08:00:00+00:00,549.35,549.75,549.14,549.3,13403.0
2025-04-25 08:05:00+00:00,549.42,549.92,549.42,549.47,5442.0
2025-04-25 08:10:00+00:00,549.14,549.16,549.02,549.03,2458.0
2025-04-25 08:15:00+00:00,549.34,549.34,549.34,549.34,453.0
2025-04-25 08:20:00+00:00,549.35,549.36,549.35,549.36,1328.0
2025-04-25 08:25:00+00:00,549.42,550.0,549.2,549.38,17558.0
2025-04-25 08:30:00+00:00,549.41,549.41,548.96,548.96,1816.0
2025-04-25 08:35:00+00:00,549.03,549.03,548.4,548.85,3561.0
2025-04-25 08:40:00+00:00,549.0,549.0,548.85,548.99,5637.0
2025-04-25 08:45:00+00:00,549.02,549.15,548.87,548.87,3818.0
2025-04-25 08:50:00+00:00,548.97,549.38,548.96,549.38,6400.0
2025-04-25 08:55:00+00:00,549.2,549.2,548.77,548.77,3723.0
2025-04-25 09:00:00+00:00,548.85,548.85,548.22,548.32,17240.0
2025-04-25 09:05:00+00:00,548.31,548.88,548.3,548.62,9191.0
2025-04-25 09:10:00+00:00,548.33,548.46,548.25,548.25,1609.0
2025-04-25 09:15:00+00:00,548.26,548.26,547.68,548.21,9359.0
2025-04-25 09:20:00+00:00,548.47,548.9,548.44,548.74,4327.0
2025-04-25 09:25:00+00:00,548.72,549.08,548.69,548.95,6592.0
2025-04-25 09:30:00+00:00,548.9,548.92,548.65,548.91,2658.0
2025-04-25 09:35:00+00:00,548.61,548.62,548.55,548.55,1583.0
2025-04-25 09:40:00+00:00,548.48,548.55,548.13,548.22,4355.0
2025-04-25 09:45:00+00:00,548.16,548.26,548.09,548.1,3211.0
2025-04-25 09:50:00+00:00,548.4,548.7,548.37,548.65,6590.0
2025-04-25 09:55:00+00:00,548.67,548.8,548.66,548.75,845.0
2025-04-25 10:00:00+00:00,548.64,548.64,548.19,548.19,1146.0
2025-04-25 10:05:00+00:00,548.32,548.32,547.7,547.78,7860.0
2025-04-25 10:10:00+00:00,547.65,547.97,547.54,547.97,6225.0
2025-04-25 10:15:00+00:00,547.51,549.3,547.34,547.77,55337.0
2025-04-25 10:20:00+00:00,547.2,547.4,546.39,547.22,50926.0
2025-04-25 10:25:00+00:00,547.16,547.4,546.7,546.7,10377.0
2025-04-25 10:30:00+00:00,547.0,547.2,545.94,546.38,14254.0
2025-04-25 10:35:00+00:00,546.27,546.27,545.08,545.71,41551.0
2025-04-25 10:40:00+00:00,545.51,545.71,545.2,545.25,20610.0
2025-04-25 10:45:00+00:00,545.46,545.48,544.57,544.71,73192.0
2025-04-25 10:50:00+00:00,545.11,545.45,544.63,544.63,45579.0
2025-04-25 10:55:00+00:00,544.75,544.8,544.34,544.76,26644.0
2025-04-25 11:00:00+00:00,544.62,545.33,544.4,545.32,65783.0
2025-04-25 11:05:00+00:00,545.27,545.79,545.23,545.66,124560.0
2025-04-25 11:10:00+00:00,545.62,546.16,545.52,546.0,62626.0
2025-04-25 11:15:00+00:00,546.08,546.43,546.08,546.33,16180.0
2025-04-25 11:20:00+00:00,546.37,546.49,546.2,546.49,5385.0
2025-04-25 11:25:00+00:00,546.35,546.75,545.89,546.45,25478.0
2025-04-25 11:30:00+00:00,546.38,546.49,545.89,545.89,24305.0
2025-04-25 11:35:00+00:00,545.97,546.36,545.58,545.72,30422.0
2025-04-25 11:40:00+00:00,545.92,546.0,545.02,545.02,15723.0
2025-04-25 11:45:00+00:00,545.05,545.75,545.0,545.16,28018.0
2025-04-25 11:50:00+00:00,545.3,545.62,545.28,545.45,10617.0
2025-04-25 11:55:00+00:00,545.55,545.69,545.5,545.5,8483.0
2025-04-25 12:00:00+00:00,545.5,550.64,544.7,545.06,170499.0
2025-04-25 12:05:00+00:00,545.0,545.64,544.96,545.58,13650.0
2025-04-25 12:10:00+00:00,545.6,545.8,545.4,545.68,65094.0
2025-04-25 12:15:00+00:00,545.7,546.22,545.45,546.18,42083.0
2025-04-25 12:20:00+00:00,546.22,546.4,545.08,545.8,99125.0
2025-04-25 12:25:00+00:00,545.75,546.28,545.15,545.46,97733.0
2025-04-25 12:30:00+00:00,545.45,546.3,545.39,546.0,119905.0
2025-04-25 12:35:00+00:00,546.0,546.35,545.84,545.97,56247.0
2025-04-25 12:40:00+00:00,546.0,546.4,545.88,545.97,43940.0
2025-04-25 12:45:00+00:00,546.03,546.03,545.26,545.4178,29656.0
2025-04-25 12:50:00+00:00,545.42,545.49,545.14,545.28,29835.0
2025-04-25 12:55:00+00:00,545.39,545.4899,545.15,545.28,40383.0
2025-04-25 13:00:00+00:00,545.29,545.53,544.66,545.4188,159694.0
2025-04-25 13:05:00+00:00,545.4,546.47,545.4,545.64,37493.0
2025-04-25 13:10:00+00:00,545.616,546.15,545.616,546.15,32391.0
2025-04-25 13:15:00+00:00,546.15,546.43,546.0,546.31,40454.0
2025-04-25 13:20:00+00:00,546.29,546.46,546.26,546.39,36413.0
2025-04-25 13:25:00+00:00,546.4,546.85,546.4,546.66,69880.0
2025-04-25 13:30:00+00:00,546.65,547.49,545.65,546.9,1227435.0
2025-04-25 13:35:00+00:00,546.92,547.99,546.92,547.57,896070.0
2025-04-25 13:40:00+00:00,547.6,548.1142,546.3,546.42,771667.0
2025-04-25 13:45:00+00:00,546.43,546.91,545.45,545.56,868966.0
2025-04-25 13:50:00+00:00,545.57,546.0769,544.72,545.09,893534.0
2025-04-25 13:55:00+00:00,545.12,545.57,544.8,544.88,514350.0
2025-04-25 14:00:00+00:00,544.94,546.74,544.82,545.58,998209.0
2025-04-25 14:05:00+00:00,545.56,547.605,545.53,547.4301,856786.0
2025-04-25 14:10:00+00:00,547.4484,547.93,547.06,547.56,1051909.0
2025-04-25 14:15:00+00:00,547.55,547.8,546.7,546.75,681084.0
2025-04-25 14:20:00+00:00,546.77,546.93,543.95,545.325,1553950.0
2025-04-25 14:25:00+00:00,545.33,545.4014,543.89,544.56,843714.0
2025-04-25 14:30:00+00:00,544.6,545.43,543.69,545.15,792819.0
2025-04-25 14:35:00+00:00,545.19,545.92,544.9576,545.81,348681.0
2025-04-25 14:40:00+00:00,545.8,546.94,545.61,546.7765,772462.0
2025-04-25 14:45:00+00:00,546.75,546.8699,546.27,546.83,335463.0
2025-04-25 14:50:00+00:00,546.84,547.01,546.17,546.57,564631.0
2025-04-25 14:55:00+00:00,546.55,546.7475,545.52,546.46,836398.0
2025-04-25 15:00:00+00:00,546.47,546.8399,545.86,546.7025,297240.0
2025-04-25 15:05:00+00:00,546.72,546.97,546.4401,546.75,241947.0
2025-04-25 15:10:00+00:00,546.745,547.37,546.64,547.1999,384944.0
2025-04-25 15:15:00+00:00,547.18,547.36,546.23,546.9,401826.0
2025-04-25 15:20:00+00:00,546.87,547.5,546.835,547.31,318180.0
2025-04-25 15:25:00+00:00,547.32,547.365,546.3798,546.46,340494.0
2025-04-25 15:30:00+00:00,546.494,546.86,546.26,546.63,223060.0
2025-04-25 15:35:00+00:00,546.58,546.61,545.71,546.24,393210.0
2025-04-25 15:40:00+00:00,546.21,546.88,545.8,545.9,288316.0
2025-04-25 15:45:00+00:00,545.95,546.39,545.7,546.38,206179.0
2025-04-25 15:50:00+00:00,546.37,547.15,546.37,547.1,337218.0
2025-04-25 15:55:00+00:00,547.105,547.3452,546.84,547.07,201630.0
2025-04-25 16:00:00+00:00,547.09,547.5,546.98,547.31,263182.0
2025-04-25 16:05:00+00:00,547.3,547.5997,546.96,547.38,255684.0
2025-04-25 16:10:00+00:00,547.385,547.67,547.25,547.58,542580.0
2025-04-25 16:15:00+00:00,547.58,547.81,547.4001,547.7,199311.0
2025-04-25 16:20:00+00:00,547.72,548.4828,547.57,548.43,726644.0
2025-04-25 16:25:00+00:00,548.42,548.57,548.26,548.33,470820.0
2025-04-25 16:30:00+00:00,548.35,548.55,548.16,548.55,446365.0
2025-04-25 16:35:00+00:00,548.57,548.87,548.51,548.66,337775.0
2025-04-25 16:40:00+00:00,548.71,549.14,548.63,549.11,286106.0
2025-04-25 16:45:00+00:00,549.09,549.0904,547.98,548.54,539017.0
2025-04-25 16:50:00+00:00,548.54,549.0,548.18,549.0,356072.0
2025-04-25 16:55:00+00:00,548.995,549.2,548.83,549.1,282669.0
2025-04-25 17:00:00+00:00,549.12,549.35,548.81,549.0948,683545.0
2025-04-25 17:05:00+00:00,549.108,549.72,549.085,549.63,363343.0
2025-04-25 17:10:00+00:00,549.62,550.0,549.58,549.9804,333170.0
2025-04-25 17:15:00+00:00,549.98,550.29,549.65,550.25,1115533.0
2025-04-25 17:20:00+00:00,550.27,550.79,550.21,550.52,555269.0
2025-04-25 17:25:00+00:00,550.5101,551.05,550.43,550.9744,384004.0
2025-04-25 17:30:00+00:00,550.96,550.99,550.22,550.5898,561477.0
2025-04-25 17:35:00+00:00,550.59,550.82,548.7,548.98,1687123.0
2025-04-25 17:40:00+00:00,548.99,549.89,548.4405,549.11,1082380.0
2025-04-25 17:45:00+00:00,549.13,549.13,547.8,548.57,673741.0
2025-04-25 17:50:00+00:00,548.56,548.71,547.34,547.51,1018896.0
2025-04-25 17:55:00+00:00,547.5,547.93,546.76,547.91,839625.0
2025-04-25 18:00:00+00:00,547.9,548.8,547.535,548.5525,729601.0
2025-04-25 18:05:00+00:00,548.5201,549.25,548.38,549.13,531487.0
2025-04-25 18:10:00+00:00,549.1553,549.39,548.72,548.88,428102.0
2025-04-25 18:15:00+00:00,548.88,549.42,548.75,549.32,297776.0
2025-04-25 18:20:00+00:00,549.3,550.1287,549.105,550.0399,507239.0
2025-04-25 18:25:00+00:00,550.02,550.15,549.39,549.74,556455.0
2025-04-25 18:30:00+00:00,549.75,550.03,549.58,549.9356,301972.0
2025-04-25 18:35:00+00:00,549.91,550.5,549.8314,550.35,527989.0
2025-04-25 18:40:00+00:00,550.37,550.75,550.36,550.57,664377.0
2025-04-25 18:45:00+00:00,550.57,550.665,550.3401,550.48,351646.0
2025-04-25 18:50:00+00:00,550.49,550.5,549.305,550.38,611478.0
2025-04-25 18:55:00+00:00,550.41,550.428,549.63,549.84,465313.0
2025-04-25 19:00:00+00:00,549.8,550.51,549.66,550.4,363955.0
2025-04-25 19:05:00+00:00,550.43,550.62,550.17,550.29,577139.0
2025-04-25 19:10:00+00:00,550.3,550.39,549.64,549.92,423454.0
2025-04-25 19:15:00+00:00,549.91,550.28,549.515,549.8699,428417.0
2025-04-25 19:20:00+00:00,549.87,550.5306,549.815,550.42,921059.0
2025-04-25 19:25:00+00:00,550.43,550.44,549.54,549.645,370636.0
2025-04-25 19:30:00+00:00,549.63,549.78,549.01,549.43,672428.0
2025-04-25 19:35:00+00:00,549.44,549.82,549.01,549.2,719712.0
2025-04-25 19:40:00+00:00,549.18,549.6691,548.76,549.555,1066471.0
2025-04-25 19:45:00+00:00,549.54,549.63,549.04,549.44,983079.0
2025-04-25 19:50:00+00:00,549.45,550.87,549.41,550.61,1500309.0
2025-04-25 19:55:00+00:00,550.61,550.91,550.12,550.52,3294247.0
2025-04-25 20:00:00+00:00,550.54,551.03,550.21,550.46,1177696.0
2025-04-25 20:05:00+00:00,550.4,550.65,550.15,550.5,262970.0
2025-04-25 20:10:00+00:00,550.46,551.0,550.45,551.0,2382571.0
2025-04-25 20:15:00+00:00,551.03,551.24,550.8,550.8,906703.0
2025-04-25 20:20:00+00:00,550.84,550.97,550.68,550.75,85111.0
2025-04-25 20:25:00+00:00,550.72,551.4,550.69,550.84,165492.0
2025-04-25 20:30:00+00:00,550.82,551.09,550.8,551.09,18343.0
2025-04-25 20:35:00+00:00,551.08,551.77,550.99,551.04,102965.0
2025-04-25 20:40:00+00:00,551.02,551.07,550.55,550.91,35731.0
2025-04-25 20:45:00+00:00,550.84,551.0201,550.8,550.97,20998.0
2025-04-25 20:50:00+00:00,550.96,551.0,550.92,550.92,6409.0
2025-04-25 20:55:00+00:00,550.88,550.9,550.82,550.82,11080.0
2025-04-25 21:00:00+00:00,550.85,551.05,550.85,551.03,10128.0
2025-04-25 21:05:00+00:00,551.039,551.04,550.9101,551.0,1983.0
2025-04-25 21:10:00+00:00,551.0299,551.05,550.9,551.0,16877.0
2025-04-25 21:15:00+00:00,551.01,551.03,550.85,550.91,29586.0
2025-04-25 21:20:00+00:00,550.96,551.05,550.92,550.98,48359.0
2025-04-25 21:25:00+00:00,550.92,551.0,550.9,551.0,4925.0
2025-04-25 21:30:00+00:00,551.0,551.0,551.0,551.0,1200.0
2025-04-25 21:35:00+00:00,551.0,551.0,551.0,551.0,5457.0
2025-04-25 21:40:00+00:00,551.0,551.0,550.64,550.9,560103.0
2025-04-25 21:45:00+00:00,550.95,550.9799,550.95,550.9799,1045.0
2025-04-25 21:50:00+00:00,550.96,550.96,550.82,550.87,16775.0
2025-04-25 21:55:00+00:00,550.8699,550.8699,550.65,550.6953,9884.0
2025-04-25 22:00:00+00:00,550.6896,550.7,550.66,550.69,2917.0
2025-04-25 22:05:00+00:00,550.69,550.7,550.6499,550.6499,32663.0
2025-04-25 22:10:00+00:00,550.6293,550.63,550.5792,550.63,5418.0
2025-04-25 22:15:00+00:00,550.65,550.72,550.6,550.72,5302.0
2025-04-25 22:20:00+00:00,550.75,550.75,550.75,550.75,1132.0
2025-04-25 22:25:00+00:00,550.75,550.8,550.75,550.8,4338.0
2025-04-25 22:30:00+00:00,550.8001,550.89,550.8,550.83,18691.0
2025-04-25 22:35:00+00:00,550.85,550.9025,550.83,550.9025,6569.0
2025-04-25 22:40:00+00:00,550.9,551.0487,550.9,551.0487,4656.0
2025-04-25 22:45:00+00:00,551.09,551.09,550.9856,551.06,3819.0
2025-04-25 22:50:00+00:00,551.08,551.13,551.06,551.13,5862.0
2025-04-25 22:55:00+00:00,551.1001,551.1478,551.07,551.1,2302.0
2025-04-25 23:00:00+00:00,551.15,551.15,551.11,551.11,4266.0
2025-04-25 23:05:00+00:00,550.98,551.0,550.877,551.0,1444.0
2025-04-25 23:10:00+00:00,551.1399,551.14,551.06,551.06,1354.0
2025-04-25 23:15:00+00:00,551.08,551.08,550.99,551.08,5735.0
2025-04-25 23:20:00+00:00,551.14,551.14,551.1,551.1014,932.0
2025-04-25 23:25:00+00:00,551.1,551.1,551.1,551.1,776.0
2025-04-25 23:30:00+00:00,551.15,551.15,551.03,551.05,1664.0
2025-04-25 23:35:00+00:00,551.1,551.12,551.1,551.1,2340.0
2025-04-25 23:40:00+00:00,551.148,551.148,551.07,551.1,2153.0
2025-04-25 23:45:00+00:00,551.07,551.15,551.07,551.09,2699.0
2025-04-25 23:50:00+00:00,551.11,551.18,551.08,551.18,5374.0
2025-04-25 23:55:00+00:00,551.18,551.25,551.18,551.23,7877.0
2025-04-28 08:00:00+00:00,548.92,549.11,548.7,549.01,23427.0
2025-04-28 08:05:00+00:00,548.86,548.93,548.56,548.64,5396.0
2025-04-28 08:10:00+00:00,548.95,548.95,548.95,548.95,259.0
2025-04-28 08:15:00+00:00,549.15,549.23,549.06,549.13,2048.0
2025-04-28 08:20:00+00:00,549.12,549.12,548.86,548.86,529.0
2025-04-28 08:25:00+00:00,548.8,548.8,548.77,548.77,4223.0
2025-04-28 08:30:00+00:00,549.05,549.05,548.77,548.77,1477.0
2025-04-28 08:35:00+00:00,549.2,549.2,549.18,549.19,2082.0
2025-04-28 08:40:00+00:00,549.27,549.28,549.24,549.28,895.0
2025-04-28 08:45:00+00:00,549.45,549.45,549.45,549.45,122.0
2025-04-28 08:50:00+00:00,549.46,549.6,549.46,549.5,1995.0
2025-04-28 08:55:00+00:00,549.7,549.78,549.7,549.7,800.0
2025-04-28 09:00:00+00:00,549.78,549.95,549.73,549.73,2987.0
2025-04-28 09:05:00+00:00,549.83,549.88,549.45,549.47,2099.0
2025-04-28 09:10:00+00:00,549.52,549.62,549.39,549.62,1659.0
2025-04-28 09:15:00+00:00,549.63,549.81,549.63,549.76,1035.0
2025-04-28 09:20:00+00:00,549.76,549.92,549.76,549.8,1635.0
2025-04-28 09:25:00+00:00,549.9,550.33,549.84,550.33,5067.0
2025-04-28 09:30:00+00:00,550.42,550.62,550.28,550.35,2933.0
2025-04-28 09:35:00+00:00,550.1,550.16,550.1,550.16,574.0
2025-04-28 09:40:00+00:00,550.26,550.26,550.26,550.26,176.0
2025-04-28 09:45:00+00:00,550.48,550.48,550.3,550.3,1640.0
2025-04-28 09:50:00+00:00,550.49,550.5,550.49,550.5,555.0
2025-04-28 09:55:00+00:00,550.09,550.13,550.08,550.08,2947.0
2025-04-28 10:00:00+00:00,550.02,550.07,549.78,549.95,3784.0
2025-04-28 10:05:00+00:00,550.01,550.01,549.7,549.7,1011.0
2025-04-28 10:10:00+00:00,549.79,549.79,549.79,549.79,195.0
2025-04-28 10:15:00+00:00,549.67,549.67,549.52,549.52,7306.0
2025-04-28 10:20:00+00:00,549.18,549.34,549.12,549.22,5955.0
2025-04-28 10:25:00+00:00,549.33,549.5,549.06,549.5,2782.0
2025-04-28 10:30:00+00:00,549.61,549.72,549.61,549.72,1251.0
2025-04-28 10:35:00+00:00,549.85,549.9,549.85,549.87,1869.0
2025-04-28 10:40:00+00:00,549.8,549.8,549.36,549.36,920.0
2025-04-28 10:45:00+00:00,549.43,549.43,549.38,549.38,6428.0
2025-04-28 10:50:00+00:00,549.35,549.35,549.0,549.0,3580.0
2025-04-28 10:55:00+00:00,548.94,549.08,548.83,549.07,5264.0
2025-04-28 11:00:00+00:00,549.02,549.13,548.77,548.96,20311.0
2025-04-28 11:05:00+00:00,549.01,549.32,549.01,549.21,4691.0
2025-04-28 11:10:00+00:00,549.32,549.5,549.1,549.19,10299.0
2025-04-28 11:15:00+00:00,549.22,549.75,549.1,549.5,17674.0
2025-04-28 11:20:00+00:00,549.3,549.48,549.14,549.48,10459.0
2025-04-28 11:25:00+00:00,549.54,549.9,549.54,549.82,8037.0
2025-04-28 11:30:00+00:00,549.8,549.98,549.71,549.9,9839.0
2025-04-28 11:35:00+00:00,549.85,550.2,549.85,550.14,18176.0
2025-04-28 11:40:00+00:00,550.2,550.41,550.2,550.23,19527.0
2025-04-28 11:45:00+00:00,550.18,550.18,550.02,550.09,4758.0
2025-04-28 11:50:00+00:00,550.06,550.2,549.89,550.12,12733.0
2025-04-28 11:55:00+00:00,550.02,550.03,549.94,550.02,8580.0
2025-04-28 12:00:00+00:00,549.11,550.31,547.39,549.8899,86432.0
2025-04-28 12:05:00+00:00,549.9,549.93,548.95,549.29,135553.0
2025-04-28 12:10:00+00:00,549.36,549.7,549.15,549.4,151602.0
2025-04-28 12:15:00+00:00,549.46,549.93,549.44,549.81,14643.0
2025-04-28 12:20:00+00:00,549.8196,550.07,549.67,550.06,17260.0
2025-04-28 12:25:00+00:00,550.01,550.2367,550.01,550.21,18956.0
2025-04-28 12:30:00+00:00,550.26,550.62,550.24,550.4,14429.0
2025-04-28 12:35:00+00:00,550.35,550.44,550.18,550.26,13976.0
2025-04-28 12:40:00+00:00,550.17,550.6,550.17,550.6,44500.0
2025-04-28 12:45:00+00:00,550.59,550.92,550.55,550.8,53906.0
2025-04-28 12:50:00+00:00,550.77,551.0695,550.75,550.93,26391.0
2025-04-28 12:55:00+00:00,550.84,551.09,550.76,550.97,7630.0
2025-04-28 13:00:00+00:00,550.84,551.28,550.8,551.22,23977.0
2025-04-28 13:05:00+00:00,551.23,551.44,551.18,551.3,17155.0
2025-04-28 13:10:00+00:00,551.3208,551.55,551.27,551.51,22367.0
2025-04-28 13:15:00+00:00,551.47,551.7547,551.47,551.55,20520.0
2025-04-28 13:20:00+00:00,551.57,551.77,551.47,551.65,40673.0
2025-04-28 13:25:00+00:00,551.62,551.97,551.29,551.42,120560.0
2025-04-28 13:30:00+00:00,551.39,552.55,551.16,551.3,1417532.0
2025-04-28 13:35:00+00:00,551.32,552.0,551.09,551.33,1288068.0
2025-04-28 13:40:00+00:00,551.36,553.22,551.26,553.11,875161.0
2025-04-28 13:45:00+00:00,553.12,553.55,551.97,552.66,1120229.0
2025-04-28 13:50:00+00:00,552.67,552.7811,551.6,551.71,538677.0
2025-04-28 13:55:00+00:00,551.69,551.7,550.13,550.29,824253.0
2025-04-28 14:00:00+00:00,550.35,551.13,549.66,551.13,942526.0
2025-04-28 14:05:00+00:00,551.1303,551.3,550.5,551.0652,416348.0
2025-04-28 14:10:00+00:00,551.06,551.2841,550.53,550.78,443187.0
2025-04-28 14:15:00+00:00,550.8399,551.48,550.74,551.23,463994.0
2025-04-28 14:20:00+00:00,551.25,552.1,550.92,552.02,496801.0
2025-04-28 14:25:00+00:00,552.04,552.07,550.8,550.94,441662.0
2025-04-28 14:30:00+00:00,550.95,551.12,549.74,550.6,1009929.0
2025-04-28 14:35:00+00:00,550.61,551.61,550.5,551.3,315132.0
2025-04-28 14:40:00+00:00,551.32,551.6399,550.225,551.5,304913.0
2025-04-28 14:45:00+00:00,551.5,551.88,551.38,551.76,259468.0
2025-04-28 14:50:00+00:00,551.77,551.77,550.63,550.93,276338.0
2025-04-28 14:55:00+00:00,550.99,551.11,550.39,550.53,255551.0
2025-04-28 15:00:00+00:00,550.51,551.16,550.46,550.645,337384.0
2025-04-28 15:05:00+00:00,550.64,550.82,549.35,549.4959,470895.0
2025-04-28 15:10:00+00:00,549.51,550.32,549.09,549.9001,531714.0
2025-04-28 15:15:00+00:00,549.895,549.91,549.07,549.11,518104.0
2025-04-28 15:20:00+00:00,549.13,549.24,547.86,547.975,685820.0
2025-04-28 15:25:00+00:00,547.99,548.04,547.03,547.21,766033.0
2025-04-28 15:30:00+00:00,547.2,547.8863,547.15,547.455,588835.0
2025-04-28 15:35:00+00:00,547.4,548.17,547.105,548.0773,421187.0
2025-04-28 15:40:00+00:00,548.09,548.5413,547.6,547.6357,458439.0
2025-04-28 15:45:00+00:00,547.6199,547.91,547.4,547.49,233969.0
2025-04-28 15:50:00+00:00,547.48,548.3299,547.31,547.67,498595.0
2025-04-28 15:55:00+00:00,547.66,548.02,547.0934,547.48,396053.0
2025-04-28 16:00:00+00:00,547.42,547.6337,546.53,546.67,398027.0
2025-04-28 16:05:00+00:00,546.6762,546.7395,546.115,546.27,440566.0
2025-04-28 16:10:00+00:00,546.26,546.35,545.9002,546.2499,418805.0
2025-04-28 16:15:00+00:00,546.26,547.0,546.245,546.75,376123.0
2025-04-28 16:20:00+00:00,546.72,546.86,546.11,546.51,346586.0
2025-04-28 16:25:00+00:00,546.53,546.53,545.7,546.02,386894.0
2025-04-28 16:30:00+00:00,546.03,546.73,545.99,546.335,866122.0
2025-04-28 16:35:00+00:00,546.31,547.01,546.19,546.715,359035.0
2025-04-28 16:40:00+00:00,546.7,547.12,546.505,546.925,264642.0
2025-04-28 16:45:00+00:00,546.9,547.47,546.771,547.4456,273993.0
2025-04-28 16:50:00+00:00,547.44,547.45,546.52,546.61,290925.0
2025-04-28 16:55:00+00:00,546.61,546.65,545.94,546.47,467689.0
2025-04-28 17:00:00+00:00,546.46,546.85,546.28,546.42,306943.0
2025-04-28 17:05:00+00:00,546.44,546.78,545.91,545.93,276791.0
2025-04-28 17:10:00+00:00,545.94,546.0191,545.4,545.44,371363.0
2025-04-28 17:15:00+00:00,545.42,546.1605,545.18,546.0404,340424.0
2025-04-28 17:20:00+00:00,546.06,546.1,545.57,545.84,179025.0
2025-04-28 17:25:00+00:00,545.77,546.295,545.3,545.37,297571.0
2025-04-28 17:30:00+00:00,545.345,545.645,545.02,545.58,317191.0
2025-04-28 17:35:00+00:00,545.5989,546.1425,545.27,546.1302,261229.0
2025-04-28 17:40:00+00:00,546.12,546.56,545.82,546.48,318371.0
2025-04-28 17:45:00+00:00,546.45,546.98,546.36,546.79,437594.0
2025-04-28 17:50:00+00:00,546.78,547.25,546.7256,547.1212,263827.0
2025-04-28 17:55:00+00:00,547.14,547.88,547.08,547.705,296677.0
2025-04-28 18:00:00+00:00,547.72,547.95,547.53,547.8,379860.0
2025-04-28 18:05:00+00:00,547.785,548.1,547.736,547.8,423685.0
2025-04-28 18:10:00+00:00,547.81,547.84,547.3825,547.73,277972.0
2025-04-28 18:15:00+00:00,547.73,548.0,547.4,547.62,254628.0
2025-04-28 18:20:00+00:00,547.62,548.36,547.44,548.36,327978.0
2025-04-28 18:25:00+00:00,548.34,548.83,548.19,548.59,479531.0
2025-04-28 18:30:00+00:00,548.56,548.71,548.0701,548.14,324486.0
2025-04-28 18:35:00+00:00,548.14,548.68,547.97,548.5987,228394.0
2025-04-28 18:40:00+00:00,548.59,548.87,548.48,548.57,217620.0
2025-04-28 18:45:00+00:00,548.55,548.94,548.315,548.64,313193.0
2025-04-28 18:50:00+00:00,548.65,549.04,548.63,548.93,263206.0
2025-04-28 18:55:00+00:00,548.92,548.99,548.61,548.73,227391.0
2025-04-28 19:00:00+00:00,548.75,549.53,548.64,549.3801,461152.0
2025-04-28 19:05:00+00:00,549.38,549.93,549.21,549.8502,466166.0
2025-04-28 19:10:00+00:00,549.88,549.95,549.37,549.79,695391.0
2025-04-28 19:15:00+00:00,549.79,550.1499,549.73,550.08,427684.0
2025-04-28 19:20:00+00:00,550.092,550.84,550.03,550.76,709759.0
2025-04-28 19:25:00+00:00,550.75,550.77,550.43,550.5924,493922.0
2025-04-28 19:30:00+00:00,550.52,550.88,550.36,550.7099,465965.0
2025-04-28 19:35:00+00:00,550.69,550.9099,550.01,550.52,522035.0
2025-04-28 19:40:00+00:00,550.5,550.89,550.31,550.78,563812.0
2025-04-28 19:45:00+00:00,550.78,551.22,550.75,551.1741,692199.0
2025-04-28 19:50:00+00:00,551.18,552.28,551.17,551.9601,1592755.0
2025-04-28 19:55:00+00:00,551.95,552.07,550.87,550.94,2981226.0
2025-04-28 20:00:00+00:00,550.94,551.0984,549.0189,549.0189,570655.0
2025-04-28 20:05:00+00:00,550.34,551.1135,550.3,550.45,1331688.0
2025-04-28 20:10:00+00:00,550.45,550.49,550.2004,550.23,2329162.0
2025-04-28 20:15:00+00:00,550.23,550.4093,550.2,550.23,38219.0
2025-04-28 20:20:00+00:00,550.23,550.23,550.08,550.08,28756.0
2025-04-28 20:25:00+00:00,550.14,550.31,550.11,550.23,48649.0
2025-04-28 20:30:00+00:00,550.2,550.85,550.13,550.36,16380.0
2025-04-28 20:35:00+00:00,550.31,550.4,550.3,550.35,9085.0
2025-04-28 20:40:00+00:00,550.3103,550.36,550.22,550.23,27662.0
2025-04-28 20:45:00+00:00,550.24,550.26,550.12,550.19,68311.0
2025-04-28 20:50:00+00:00,550.17,550.26,550.16,550.25,15758.0
2025-04-28 20:55:00+00:00,550.25,550.25,550.0903,550.18,13630.0
2025-04-28 21:00:00+00:00,550.3,550.3,550.27,550.27,755.0
2025-04-28 21:05:00+00:00,550.23,550.23,550.0706,550.15,7571.0
2025-04-28 21:10:00+00:00,550.15,550.27,550.11,550.11,8489.0
2025-04-28 21:15:00+00:00,550.11,550.11,550.0,550.01,14065.0
2025-04-28 21:20:00+00:00,550.03,550.04,550.01,550.04,6902.0
2025-04-28 21:25:00+00:00,550.06,550.11,550.0207,550.0207,2360.0
2025-04-28 21:30:00+00:00,550.11,550.11,550.03,550.03,3545.0
2025-04-28 21:35:00+00:00,550.04,550.11,550.02,550.11,4435.0
2025-04-28 21:40:00+00:00,550.11,550.11,549.9,550.0,17853.0
2025-04-28 21:45:00+00:00,549.96,550.0,549.9,549.98,3315.0
2025-04-28 21:50:00+00:00,549.9502,550.02,549.9502,550.02,1668.0
2025-04-28 21:55:00+00:00,550.03,550.1,550.03,550.04,4313.0
2025-04-28 22:00:00+00:00,550.0,550.02,549.8,549.9404,22425.0
2025-04-28 22:05:00+00:00,549.9304,550.27,549.9304,550.26,17289.0
2025-04-28 22:10:00+00:00,550.29,550.2985,549.75,549.86,9809.0
2025-04-28 22:15:00+00:00,549.8201,549.85,549.7,549.83,5691.0
2025-04-28 22:20:00+00:00,549.69,549.72,549.57,549.72,3582.0
2025-04-28 22:25:00+00:00,549.81,549.86,549.79,549.86,2794.0
2025-04-28 22:30:00+00:00,549.76,550.22,549.74,550.09,17069.0
2025-04-28 22:35:00+00:00,550.09,550.09,549.97,549.97,5977.0
2025-04-28 22:40:00+00:00,550.0,550.0,549.5,549.84,12648.0
2025-04-28 22:45:00+00:00,549.71,549.83,549.71,549.82,10776.0
2025-04-28 22:50:00+00:00,549.95,550.018,549.95,550.0,3853.0
2025-04-28 22:55:00+00:00,550.0,550.0999,550.0,550.0999,2262.0
2025-04-28 23:00:00+00:00,550.02,550.5,549.99,550.48,5706.0
2025-04-28 23:05:00+00:00,550.1799,550.5,550.1799,550.41,3198.0
2025-04-28 23:10:00+00:00,550.43,550.45,550.43,550.45,1364.0
2025-04-28 23:15:00+00:00,550.5,550.9,550.35,550.45,7540.0
2025-04-28 23:20:00+00:00,550.31,550.38,550.31,550.361,3678.0
2025-04-28 23:25:00+00:00,550.68,550.78,550.68,550.78,2458.0
2025-04-28 23:30:00+00:00,550.74,550.85,550.74,550.81,23745.0
2025-04-28 23:35:00+00:00,550.79,550.81,550.74,550.81,949.0
2025-04-28 23:40:00+00:00,550.85,550.9,550.81,550.9,2870.0
2025-04-28 23:45:00+00:00,550.96,551.04,550.95,551.04,3186.0
2025-04-28 23:50:00+00:00,550.9604,551.06,550.94,551.03,4539.0
2025-04-28 23:55:00+00:00,551.05,551.2073,551.02,551.1,10398.0
2025-04-29 08:00:00+00:00,552.81,552.83,552.21,552.31,30954.0
2025-04-29 08:05:00+00:00,552.26,552.27,552.0,552.0,1271.0
2025-04-29 08:10:00+00:00,552.1,552.1,551.4,551.5,5762.0
2025-04-29 08:15:00+00:00,551.55,551.55,551.55,551.55,521.0
2025-04-29 08:20:00+00:00,551.89,551.89,551.89,551.89,160.0
2025-04-29 08:25:00+00:00,551.99,552.23,551.99,552.23,1727.0
2025-04-29 08:30:00+00:00,552.2,552.2,551.95,552.08,2769.0
2025-04-29 08:40:00+00:00,552.3,552.42,552.3,552.4,6001.0
2025-04-29 08:45:00+00:00,552.37,552.79,552.37,552.66,8759.0
2025-04-29 08:50:00+00:00,552.7,552.7,552.59,552.67,7951.0
2025-04-29 08:55:00+00:00,552.62,552.62,552.29,552.3,1317.0
2025-04-29 09:00:00+00:00,552.3,552.3,552.17,552.17,1178.0
2025-04-29 09:05:00+00:00,552.28,552.4,552.28,552.4,1176.0
2025-04-29 09:10:00+00:00,551.97,552.0,551.79,552.0,1861.0
2025-04-29 09:15:00+00:00,552.02,552.02,551.79,551.79,1785.0
2025-04-29 09:20:00+00:00,552.03,552.03,551.75,551.78,1857.0
2025-04-29 09:25:00+00:00,551.8,551.93,551.69,551.92,2504.0
2025-04-29 09:30:00+00:00,552.03,552.03,551.77,551.78,1897.0
2025-04-29 09:35:00+00:00,552.0,552.2,552.0,552.2,477.0
2025-04-29 09:40:00+00:00,552.21,552.21,552.19,552.21,2032.0
2025-04-29 09:45:00+00:00,552.3,552.32,552.15,552.17,984.0
2025-04-29 09:50:00+00:00,552.13,552.13,552.1,552.1,1542.0
2025-04-29 09:55:00+00:00,552.1,552.11,552.09,552.11,5043.0
2025-04-29 10:00:00+00:00,552.18,552.21,551.78,551.79,5159.0
2025-04-29 10:05:00+00:00,551.91,551.92,551.87,551.91,1938.0
2025-04-29 10:10:00+00:00,551.8,552.04,551.8,552.04,1599.0
2025-04-29 10:15:00+00:00,551.87,551.87,551.78,551.78,5013.0
2025-04-29 10:20:00+00:00,551.83,551.83,551.82,551.82,860.0
2025-04-29 10:25:00+00:00,552.22,552.46,552.21,552.46,4349.0
2025-04-29 10:30:00+00:00,552.41,552.41,550.85,550.87,16724.0
2025-04-29 10:35:00+00:00,550.84,551.42,550.84,550.95,7818.0
2025-04-29 10:40:00+00:00,550.92,550.94,550.76,550.76,7333.0
2025-04-29 10:45:00+00:00,550.84,550.89,549.14,549.8,44575.0
2025-04-29 10:50:00+00:00,549.72,550.24,549.72,549.93,36741.0
2025-04-29 10:55:00+00:00,549.8,550.62,549.8,550.55,5097.0
2025-04-29 11:00:00+00:00,550.62,550.9,550.48,550.75,24135.0
2025-04-29 11:05:00+00:00,550.63,550.87,550.57,550.73,11749.0
2025-04-29 11:10:00+00:00,550.75,550.82,550.49,550.72,13887.0
2025-04-29 11:15:00+00:00,550.75,551.19,550.73,551.18,8744.0
2025-04-29 11:20:00+00:00,551.17,551.24,551.04,551.1,33440.0
2025-04-29 11:25:00+00:00,551.12,551.12,550.81,550.94,15507.0
2025-04-29 11:30:00+00:00,550.96,551.3,550.96,551.09,5291.0
2025-04-29 11:35:00+00:00,551.32,551.32,550.8,550.8,9307.0
2025-04-29 11:40:00+00:00,550.73,551.36,550.61,550.61,18777.0
2025-04-29 11:45:00+00:00,550.66,550.94,550.59,550.94,10293.0
2025-04-29 11:50:00+00:00,550.87,550.96,550.65,550.69,11408.0
2025-04-29 11:55:00+00:00,550.68,550.88,550.62,550.88,7797.0
2025-04-29 12:00:00+00:00,550.89,553.0,550.5,550.58,93167.0
2025-04-29 12:05:00+00:00,552.6372,552.6372,550.63,550.91,50792.0
2025-04-29 12:10:00+00:00,550.77,551.04,550.64,550.96,11239.0
2025-04-29 12:15:00+00:00,550.75,550.77,550.28,550.29,54770.0
2025-04-29 12:20:00+00:00,550.26,550.33,549.9,549.98,54283.0
2025-04-29 12:25:00+00:00,549.87,550.4696,549.83,550.35,26723.0
2025-04-29 12:30:00+00:00,550.34,550.7,550.31,550.62,17748.0
2025-04-29 12:35:00+00:00,550.65,550.9,550.55,550.84,14097.0
2025-04-29 12:40:00+00:00,550.88,551.44,550.8,551.38,28420.0
2025-04-29 12:45:00+00:00,551.41,551.55,550.26,550.97,168495.0
2025-04-29 12:50:00+00:00,550.75,551.03,550.08,550.49,140416.0
2025-04-29 12:55:00+00:00,550.46,550.47,549.27,549.4,202524.0
2025-04-29 13:00:00+00:00,549.4299,549.45,547.95,548.09,276262.0
2025-04-29 13:05:00+00:00,548.16,548.84,548.08,548.4,72166.0
2025-04-29 13:10:00+00:00,548.19,548.53,548.0,548.23,107862.0
2025-04-29 13:15:00+00:00,548.23,548.5,547.95,548.39,86102.0
2025-04-29 13:20:00+00:00,548.36,548.73,548.29,548.67,36526.0
2025-04-29 13:25:00+00:00,548.6,548.99,548.6,548.91,57832.0
2025-04-29 13:30:00+00:00,548.91,549.8,548.55,549.68,866796.0
2025-04-29 13:35:00+00:00,549.74,549.74,548.94,549.4595,579213.0
2025-04-29 13:40:00+00:00,549.46,550.41,549.24,550.255,590692.0
2025-04-29 13:45:00+00:00,550.32,551.16,550.26,550.99,688255.0
2025-04-29 13:50:00+00:00,550.97,551.69,550.65,550.805,727729.0
2025-04-29 13:55:00+00:00,550.805,551.36,550.4214,550.62,402630.0
2025-04-29 14:00:00+00:00,550.68,551.35,549.6901,551.35,779106.0
2025-04-29 14:05:00+00:00,551.33,552.8,551.25,552.2,810301.0
2025-04-29 14:10:00+00:00,552.18,552.261,551.35,551.835,569148.0
2025-04-29 14:15:00+00:00,551.82,552.0,550.95,551.2399,1351012.0
2025-04-29 14:20:00+00:00,551.19,551.29,549.92,550.08,715478.0
2025-04-29 14:25:00+00:00,550.06,550.09,549.41,549.92,398485.0
2025-04-29 14:30:00+00:00,549.895,550.86,549.82,550.8,515733.0
2025-04-29 14:35:00+00:00,550.793,552.02,550.69,551.79,466574.0
2025-04-29 14:40:00+00:00,551.81,552.06,551.24,551.53,296959.0
2025-04-29 14:45:00+00:00,551.54,552.21,551.435,551.955,304771.0
2025-04-29 14:50:00+00:00,551.96,552.4101,551.5101,552.33,295106.0
2025-04-29 14:55:00+00:00,552.36,553.05,552.34,552.96,394037.0
2025-04-29 15:00:00+00:00,552.97,553.2918,552.16,552.38,529475.0
2025-04-29 15:05:00+00:00,552.35,552.87,552.14,552.7,223669.0
2025-04-29 15:10:00+00:00,552.69,552.7501,551.91,552.27,255714.0
2025-04-29 15:15:00+00:00,552.26,552.48,551.38,551.4201,363633.0
2025-04-29 15:20:00+00:00,551.4202,551.92,551.05,551.43,441240.0
2025-04-29 15:25:00+00:00,551.4599,552.55,551.32,552.2398,320804.0
2025-04-29 15:30:00+00:00,552.24,552.36,551.05,551.31,412993.0
2025-04-29 15:35:00+00:00,551.3097,552.0,550.872,551.855,334562.0
2025-04-29 15:40:00+00:00,551.83,552.71,551.74,552.71,632730.0
2025-04-29 15:45:00+00:00,552.68,552.7636,552.12,552.37,213407.0
2025-04-29 15:50:00+00:00,552.4,552.72,551.96,552.36,175079.0
2025-04-29 15:55:00+00:00,552.31,552.3165,551.55,551.73,133617.0
2025-04-29 16:00:00+00:00,551.7302,552.7963,551.71,552.7,178076.0
2025-04-29 16:05:00+00:00,552.71,553.45,552.65,553.33,431415.0
2025-04-29 16:10:00+00:00,553.34,553.4,553.1,553.15,405576.0
2025-04-29 16:15:00+00:00,553.135,553.28,552.5296,552.6,235432.0
2025-04-29 16:20:00+00:00,552.6199,552.88,552.4401,552.7497,342159.0
2025-04-29 16:25:00+00:00,552.735,552.9697,552.45,552.89,147317.0
2025-04-29 16:30:00+00:00,552.895,553.16,552.5,553.06,268454.0
2025-04-29 16:35:00+00:00,553.06,553.1899,552.24,552.37,242032.0
2025-04-29 16:40:00+00:00,552.4,553.04,552.3762,552.84,177227.0
2025-04-29 16:45:00+00:00,552.84,552.8699,550.98,551.3433,428215.0
2025-04-29 16:50:00+00:00,551.34,551.76,551.15,551.5775,588330.0
2025-04-29 16:55:00+00:00,551.59,551.625,550.51,551.07,528681.0
2025-04-29 17:00:00+00:00,551.08,551.5,550.77,551.47,365344.0
2025-04-29 17:05:00+00:00,551.4688,551.6,551.13,551.26,204465.0
2025-04-29 17:10:00+00:00,551.26,551.6,550.86,551.58,323289.0
2025-04-29 17:15:00+00:00,551.59,552.71,551.48,552.6098,498633.0
2025-04-29 17:20:00+00:00,552.61,552.9,552.43,552.7201,298111.0
2025-04-29 17:25:00+00:00,552.72,552.98,552.23,552.63,328075.0
2025-04-29 17:30:00+00:00,552.6459,552.86,552.54,552.7985,139605.0
2025-04-29 17:35:00+00:00,552.78,553.35,552.651,553.34,190424.0
2025-04-29 17:40:00+00:00,553.35,553.8801,553.32,553.8555,549374.0
2025-04-29 17:45:00+00:00,553.86,555.0963,553.58,554.9,902407.0
2025-04-29 17:50:00+00:00,554.9,555.09,554.35,554.67,794883.0
2025-04-29 17:55:00+00:00,554.69,555.1,554.6101,554.7325,445067.0
2025-04-29 18:00:00+00:00,554.74,555.2999,554.65,555.2999,416482.0
2025-04-29 18:05:00+00:00,555.3,555.4407,554.53,554.81,843595.0
2025-04-29 18:10:00+00:00,554.82,554.83,554.41,554.7172,595466.0
2025-04-29 18:15:00+00:00,554.71,555.19,554.651,554.67,565858.0
2025-04-29 18:20:00+00:00,554.69,554.8601,554.12,554.465,537452.0
2025-04-29 18:25:00+00:00,554.49,555.15,554.32,554.91,491218.0
2025-04-29 18:30:00+00:00,554.9,555.08,554.41,554.85,268139.0
2025-04-29 18:35:00+00:00,554.83,555.25,554.73,555.14,278953.0
2025-04-29 18:40:00+00:00,555.14,555.22,554.75,555.04,318549.0
2025-04-29 18:45:00+00:00,555.04,555.04,554.51,554.655,217691.0
2025-04-29 18:50:00+00:00,554.63,554.79,554.12,554.625,559668.0
2025-04-29 18:55:00+00:00,554.62,554.81,554.18,554.33,334510.0
2025-04-29 19:00:00+00:00,554.34,554.803532,554.23,554.32,307010.0
2025-04-29 19:05:00+00:00,554.35,555.27,554.19,554.7,825462.0
2025-04-29 19:10:00+00:00,554.72,555.01,554.53,554.855,377575.0
2025-04-29 19:15:00+00:00,554.84,554.92,554.32,554.53,471105.0
2025-04-29 19:20:00+00:00,554.57,554.95,554.37,554.86,465546.0
2025-04-29 19:25:00+00:00,554.86,555.05,554.3,554.6,836120.0
2025-04-29 19:30:00+00:00,554.63,554.79,554.47,554.61,644987.0
2025-04-29 19:35:00+00:00,554.62,554.75,554.14,554.3601,561431.0
2025-04-29 19:40:00+00:00,554.38,554.51,553.82,554.15,672701.0
2025-04-29 19:45:00+00:00,554.15,555.0,553.95,554.9399,1157529.0
2025-04-29 19:50:00+00:00,554.94,555.45,554.74,554.76,1515981.0
2025-04-29 19:55:00+00:00,554.75,554.89,553.89,554.14,3221219.0
2025-04-29 20:00:00+00:00,554.25,554.8,554.09,554.57,1137494.0
2025-04-29 20:05:00+00:00,554.55,554.58,554.23,554.36,413509.0
2025-04-29 20:10:00+00:00,554.37,554.3899,553.88,554.34,988156.0
2025-04-29 20:15:00+00:00,554.42,554.52,554.27,554.41,406953.0
2025-04-29 20:20:00+00:00,554.45,554.67,554.44,554.65,59836.0
2025-04-29 20:25:00+00:00,554.64,554.74,554.27,554.27,34895.0
2025-04-29 20:30:00+00:00,554.22,554.22,553.5,553.88,79726.0
2025-04-29 20:35:00+00:00,553.88,554.2,553.83,553.96,69917.0
2025-04-29 20:40:00+00:00,553.9101,554.0,553.63,553.79,53057.0
2025-04-29 20:45:00+00:00,553.8,553.95,553.74,553.7885,20027.0
2025-04-29 20:50:00+00:00,553.7101,554.1,553.7,554.1,26029.0
2025-04-29 20:55:00+00:00,554.09,554.3992,554.06,554.13,59593.0
2025-04-29 21:00:00+00:00,554.12,554.12,553.9,553.965,10528.0
2025-04-29 21:05:00+00:00,553.965,554.0,553.95,553.99,379196.0
2025-04-29 21:10:00+00:00,553.9607,554.02,553.8,553.99,13384.0
2025-04-29 21:15:00+00:00,553.99,554.0,553.9,553.925,14709.0
2025-04-29 21:20:00+00:00,553.9,553.9497,553.8,553.9497,31679.0
2025-04-29 21:25:00+00:00,553.94,554.01,553.94,553.98,14667.0
2025-04-29 21:30:00+00:00,553.99,554.0002,553.852,553.8552,4081.0
2025-04-29 21:35:00+00:00,553.95,553.95,553.85,553.94,3497.0
2025-04-29 21:40:00+00:00,553.8093,553.8488,553.75,553.82,7767.0
2025-04-29 21:45:00+00:00,553.84,553.84,553.77,553.8208,1359.0
2025-04-29 21:50:00+00:00,553.81,553.9,553.7,553.9,7427.0
2025-04-29 21:55:00+00:00,553.8,553.93,553.8,553.81,7940.0
2025-04-29 22:00:00+00:00,553.84,553.84,553.51,553.56,37090.0
2025-04-29 22:05:00+00:00,553.52,553.64,553.416,553.64,18403.0
2025-04-29 22:10:00+00:00,553.66,554.0,553.61,553.9771,5049.0
2025-04-29 22:15:00+00:00,553.8995,554.17,553.88,553.89,8081.0
2025-04-29 22:20:00+00:00,553.79,553.8599,553.55,553.649,4712.0
2025-04-29 22:25:00+00:00,553.6,553.6,553.2206,553.3099,8850.0
2025-04-29 22:30:00+00:00,553.4,553.459,553.33,553.4506,2302.0
2025-04-29 22:35:00+00:00,553.42,553.485,553.22,553.23,6186.0
2025-04-29 22:40:00+00:00,553.29,553.3213,553.26,553.3104,5442.0
2025-04-29 22:45:00+00:00,553.42,553.4978,553.3501,553.3501,2178.0
2025-04-29 22:50:00+00:00,553.35,553.39,553.35,553.39,1118.0
2025-04-29 22:55:00+00:00,553.35,553.35,553.0,553.06,5628.0
2025-04-29 23:00:00+00:00,552.97,553.06,552.9699,553.0,4652.0
2025-04-29 23:05:00+00:00,552.98,553.0007,552.6,552.8,8833.0
2025-04-29 23:10:00+00:00,552.8,553.0088,552.75,552.75,8577.0
2025-04-29 23:15:00+00:00,552.75,552.9,552.75,552.8,1522.0
2025-04-29 23:20:00+00:00,553.03,553.15,552.9413,552.98,3306.0
2025-04-29 23:25:00+00:00,552.9,552.9,552.8,552.8,807.0
2025-04-29 23:30:00+00:00,552.85,553.03,552.85,552.94,2009.0
2025-04-29 23:35:00+00:00,553.07,553.07,553.03,553.03,645.0
2025-04-29 23:40:00+00:00,553.1,553.1475,553.05,553.1,2334.0
2025-04-29 23:45:00+00:00,553.0,553.1,552.9133,552.9133,1457.0
2025-04-29 23:50:00+00:00,552.99,553.02,552.99,553.01,1312.0
2025-04-29 23:55:00+00:00,553.0,553.0,552.83,552.99,8305.0
2025-04-30 08:00:00+00:00,553.29,553.3,552.87,552.87,5293.0
2025-04-30 08:05:00+00:00,553.0,553.55,553.0,553.55,1473.0
2025-04-30 08:10:00+00:00,553.55,553.65,553.52,553.65,2047.0
2025-04-30 08:15:00+00:00,553.75,554.08,553.74,553.78,5948.0
2025-04-30 08:20:00+00:00,553.78,553.78,553.55,553.66,1847.0
2025-04-30 08:25:00+00:00,553.26,553.38,553.25,553.3,5327.0
2025-04-30 08:30:00+00:00,553.18,553.18,552.94,553.01,1119.0
2025-04-30 08:35:00+00:00,552.99,552.99,552.79,552.79,2500.0
2025-04-30 08:40:00+00:00,553.34,553.34,553.33,553.33,572.0
2025-04-30 08:45:00+00:00,553.29,553.29,553.13,553.13,2126.0
2025-04-30 08:50:00+00:00,553.3,553.58,553.3,553.55,1589.0
2025-04-30 08:55:00+00:00,553.44,553.44,553.0,553.0,698.0
2025-04-30 09:00:00+00:00,553.11,553.3,553.11,553.3,1372.0
2025-04-30 09:05:00+00:00,553.32,553.44,553.32,553.4,1695.0
2025-04-30 09:10:00+00:00,553.42,553.5,553.39,553.5,2402.0
2025-04-30 09:15:00+00:00,553.58,553.58,553.41,553.41,383.0
2025-04-30 09:20:00+00:00,553.49,553.49,553.49,553.49,488.0
2025-04-30 09:25:00+00:00,553.68,553.75,553.68,553.75,470.0
2025-04-30 09:30:00+00:00,553.9,553.9,553.86,553.87,1355.0
2025-04-30 09:35:00+00:00,553.89,553.89,553.82,553.82,1063.0
2025-04-30 09:40:00+00:00,553.89,553.89,553.89,553.89,1010.0
2025-04-30 09:45:00+00:00,553.72,553.72,553.72,553.72,452.0
2025-04-30 09:50:00+00:00,553.53,553.55,553.51,553.51,925.0
2025-04-30 09:55:00+00:00,553.51,553.51,553.44,553.48,583.0
2025-04-30 10:00:00+00:00,553.4,553.51,553.38,553.51,1012.0
2025-04-30 10:05:00+00:00,553.39,553.39,553.39,553.39,398.0
2025-04-30 10:15:00+00:00,553.36,553.46,553.36,553.46,1920.0
2025-04-30 10:20:00+00:00,553.3,553.31,553.11,553.15,20801.0
2025-04-30 10:25:00+00:00,553.1,553.1,553.1,553.1,214.0
2025-04-30 10:30:00+00:00,553.05,553.05,552.34,552.8,12040.0
2025-04-30 10:35:00+00:00,552.76,552.88,552.58,552.58,4762.0
2025-04-30 10:40:00+00:00,552.77,552.9,552.74,552.74,24584.0
2025-04-30 10:45:00+00:00,552.7,552.84,552.67,552.84,4604.0
2025-04-30 10:50:00+00:00,552.82,553.01,552.81,552.94,9188.0
2025-04-30 10:55:00+00:00,552.98,553.15,552.98,553.15,1549.0
2025-04-30 11:00:00+00:00,553.1,553.6,553.1,553.52,19476.0
2025-04-30 11:05:00+00:00,553.52,553.75,553.46,553.68,63943.0
2025-04-30 11:10:00+00:00,553.7,553.86,553.5,553.55,5840.0
2025-04-30 11:15:00+00:00,553.5,553.7,553.41,553.42,4609.0
2025-04-30 11:20:00+00:00,553.12,553.13,552.7,552.74,68187.0
2025-04-30 11:25:00+00:00,552.79,552.79,552.55,552.55,57438.0
2025-04-30 11:30:00+00:00,552.61,552.61,552.29,552.4,31848.0
2025-04-30 11:35:00+00:00,552.4,552.81,552.4,552.68,18841.0
2025-04-30 11:40:00+00:00,552.76,552.79,552.63,552.7,10957.0
2025-04-30 11:45:00+00:00,552.61,552.61,552.21,552.37,27898.0
2025-04-30 11:50:00+00:00,552.42,552.5,552.14,552.26,8242.0
2025-04-30 11:55:00+00:00,552.18,552.3,552.16,552.3,2284.0
2025-04-30 12:00:00+00:00,553.6,553.8,551.5,552.33,73416.0
2025-04-30 12:05:00+00:00,552.29,552.29,551.8,551.8,54604.0
2025-04-30 12:10:00+00:00,551.9,551.95,551.6,551.79,21816.0
2025-04-30 12:15:00+00:00,551.64,551.71,551.0,551.19,147658.0
2025-04-30 12:20:00+00:00,551.17,551.17,549.99,550.5,93886.0
2025-04-30 12:25:00+00:00,550.32,550.83,550.11,550.74,94749.0
2025-04-30 12:30:00+00:00,551.06,552.1,548.64,549.53,614243.0
2025-04-30 12:35:00+00:00,549.55,549.8,548.1,548.2,196536.0
2025-04-30 12:40:00+00:00,548.11,548.3,546.92,547.23,287091.0
2025-04-30 12:45:00+00:00,547.17,547.1783,546.17,546.8,195312.0
2025-04-30 12:50:00+00:00,546.75,547.0699,546.35,546.95,127758.0
2025-04-30 12:55:00+00:00,546.91,547.39,546.87,547.19,102785.0
2025-04-30 13:00:00+00:00,547.11,547.11,546.49,546.66,78056.0
2025-04-30 13:05:00+00:00,546.72,546.8,546.1,546.2281,65441.0
2025-04-30 13:10:00+00:00,546.22,546.7086,545.77,546.22,200887.0
2025-04-30 13:15:00+00:00,546.2,546.79,545.93,546.64,97553.0
2025-04-30 13:20:00+00:00,546.64,547.18,546.55,547.07,74827.0
2025-04-30 13:25:00+00:00,547.15,547.67,546.86,547.63,160969.0
2025-04-30 13:30:00+00:00,547.57,547.58,545.5,546.445,1805579.0
2025-04-30 13:35:00+00:00,546.42,546.74,544.19,544.27,1376397.0
2025-04-30 13:40:00+00:00,544.27,544.5699,542.6,543.5725,1512206.0
2025-04-30 13:45:00+00:00,543.56,544.37,543.04,544.21,1610893.0
2025-04-30 13:50:00+00:00,544.2,544.28,542.67,543.01,1271413.0
2025-04-30 13:55:00+00:00,542.9714,543.2893,541.52,541.94,1173491.0
2025-04-30 14:00:00+00:00,541.925,543.71,541.63,543.04,1759704.0
2025-04-30 14:05:00+00:00,543.03,544.15,542.61,543.88,1057532.0
2025-04-30 14:10:00+00:00,543.92,545.05,543.5,544.94,956183.0
2025-04-30 14:15:00+00:00,544.94,545.36,544.46,545.26,695780.0
2025-04-30 14:20:00+00:00,545.23,545.9786,544.8809,545.92,702799.0
2025-04-30 14:25:00+00:00,545.92,546.49,545.54,546.31,734347.0
2025-04-30 14:30:00+00:00,546.31,547.12,546.04,546.55,864793.0
2025-04-30 14:35:00+00:00,546.55,546.55,545.55,546.1701,846379.0
2025-04-30 14:40:00+00:00,546.19,547.08,545.31,546.9,669019.0
2025-04-30 14:45:00+00:00,546.82,546.95,546.09,546.56,642864.0
2025-04-30 14:50:00+00:00,546.55,547.4597,545.7,546.66,807526.0
2025-04-30 14:55:00+00:00,546.66,547.4453,546.15,546.97,558274.0
2025-04-30 15:00:00+00:00,546.98,548.14,546.89,547.81,744091.0
2025-04-30 15:05:00+00:00,547.8,548.79,547.5825,548.51,824455.0
2025-04-30 15:10:00+00:00,548.5508,548.9897,548.3,548.64,426467.0
2025-04-30 15:15:00+00:00,548.615,549.09,548.43,548.8099,416432.0
2025-04-30 15:20:00+00:00,548.79,549.745,548.68,548.85,673709.0
2025-04-30 15:25:00+00:00,548.85,549.31,548.24,549.01,815723.0
2025-04-30 15:30:00+00:00,549.005,549.445,548.79,549.4,290423.0
2025-04-30 15:35:00+00:00,549.41,549.57,548.71,549.11,432082.0
2025-04-30 15:40:00+00:00,549.15,549.84,548.77,549.74,544410.0
2025-04-30 15:45:00+00:00,549.7,549.73,549.2201,549.45,637952.0
2025-04-30 15:50:00+00:00,549.47,549.61,548.61,549.15,669076.0
2025-04-30 15:55:00+00:00,549.19,549.7512,548.61,549.4869,520112.0
2025-04-30 16:00:00+00:00,549.43,549.81,549.15,549.5899,276810.0
2025-04-30 16:05:00+00:00,549.5822,550.24,549.0834,549.68,702082.0
2025-04-30 16:10:00+00:00,549.68,549.7,549.05,549.1,654366.0
2025-04-30 16:15:00+00:00,549.1,549.41,548.72,548.93,600138.0
2025-04-30 16:20:00+00:00,548.94,549.06,548.03,548.14,460951.0
2025-04-30 16:25:00+00:00,548.12,548.43,547.78,548.09,516764.0
2025-04-30 16:30:00+00:00,548.09,548.14,547.54,547.64,413261.0
2025-04-30 16:35:00+00:00,547.65,549.17,547.41,549.12,419922.0
2025-04-30 16:40:00+00:00,549.13,549.52,548.94,549.02,248596.0
2025-04-30 16:45:00+00:00,549.0326,549.305,548.73,548.97,275693.0
2025-04-30 16:50:00+00:00,548.97,549.59,548.88,549.58,277840.0
2025-04-30 16:55:00+00:00,549.54,549.7699,549.145,549.5557,234519.0
2025-04-30 17:00:00+00:00,549.555,549.87,549.0092,549.35,730155.0
2025-04-30 17:05:00+00:00,549.34,549.36,548.37,548.49,442142.0
2025-04-30 17:10:00+00:00,548.48,548.48,547.14,547.92,480942.0
2025-04-30 17:15:00+00:00,547.89,548.89,547.88,548.69,334793.0
2025-04-30 17:20:00+00:00,548.7244,548.92,548.645,548.79,161141.0
2025-04-30 17:25:00+00:00,548.765,550.15,548.765,550.03,321631.0
2025-04-30 17:30:00+00:00,550.0,550.75,549.7743,550.74,629629.0
2025-04-30 17:35:00+00:00,550.75,551.12,550.48,550.52,558248.0
2025-04-30 17:40:00+00:00,550.5,550.9574,550.36,550.9,410461.0
2025-04-30 17:45:00+00:00,550.91,550.947,550.31,550.54,225686.0
2025-04-30 17:50:00+00:00,550.54,551.0,550.52,550.94,181431.0
2025-04-30 17:55:00+00:00,550.96,551.06,550.37,550.47,274479.0
2025-04-30 18:00:00+00:00,550.48,550.59,549.93,550.39,402873.0
2025-04-30 18:05:00+00:00,550.41,553.1,549.93,551.07,2627999.0
2025-04-30 18:10:00+00:00,551.04,552.41,550.86,551.29,965708.0
2025-04-30 18:15:00+00:00,551.27,552.03,551.11,551.72,395891.0
2025-04-30 18:20:00+00:00,551.745,551.915,551.06,551.36,389399.0
2025-04-30 18:25:00+00:00,551.36,551.67,549.75,550.48,715094.0
2025-04-30 18:30:00+00:00,550.45,551.11,550.28,550.4203,473968.0
2025-04-30 18:35:00+00:00,550.41,550.41,549.38,549.4301,765040.0
2025-04-30 18:40:00+00:00,549.42,549.77,549.11,549.39,560587.0
2025-04-30 18:45:00+00:00,549.39,550.895,549.33,550.6,538481.0
2025-04-30 18:50:00+00:00,550.55,550.8901,550.071,550.14,562190.0
2025-04-30 18:55:00+00:00,550.12,550.4884,549.48,549.6,351438.0
2025-04-30 19:00:00+00:00,549.59,550.4,549.59,550.26,707125.0
2025-04-30 19:05:00+00:00,550.23,550.51,550.05,550.185,392063.0
2025-04-30 19:10:00+00:00,550.17,550.9,550.0001,550.86,930682.0
2025-04-30 19:15:00+00:00,550.84,551.03,550.36,550.375,426235.0
2025-04-30 19:20:00+00:00,550.38,551.02,550.24,550.41,939993.0
2025-04-30 19:25:00+00:00,550.43,550.45,549.63,549.79,996065.0
2025-04-30 19:30:00+00:00,549.82,550.11,549.53,549.72,920540.0
2025-04-30 19:35:00+00:00,549.72,550.38,549.38,549.93,1370927.0
2025-04-30 19:40:00+00:00,549.94,551.32,549.75,551.29,1343473.0
2025-04-30 19:45:00+00:00,551.29,553.04,551.2,552.85,2475239.0
2025-04-30 19:50:00+00:00,552.86,555.74,552.73,555.12,6396082.0
2025-04-30 19:55:00+00:00,555.085,556.52,553.96,554.35,10845304.0
2025-04-30 20:00:00+00:00,554.38,557.0,552.81,555.58,1363774.0
2025-04-30 20:05:00+00:00,555.56,557.46,555.1401,556.1,2631663.0
2025-04-30 20:10:00+00:00,556.11,556.82,555.98,556.41,4518826.0
2025-04-30 20:15:00+00:00,556.48,556.76,556.09,556.6804,2111492.0
2025-04-30 20:20:00+00:00,556.7485,558.1,556.3,557.79,763054.0
2025-04-30 20:25:00+00:00,557.78,558.02,555.1488,557.99,820783.0
2025-04-30 20:30:00+00:00,557.98,558.15,555.1913,558.01,416855.0
2025-04-30 20:35:00+00:00,558.04,558.44,557.89,558.21,104886.0
2025-04-30 20:40:00+00:00,558.27,558.41,558.0,558.138,99043.0
2025-04-30 20:45:00+00:00,558.09,558.12,557.68,557.85,97005.0
2025-04-30 20:50:00+00:00,557.97,558.2,557.89,558.09,44965.0
2025-04-30 20:55:00+00:00,558.08,558.26,557.61,557.8,95394.0
2025-04-30 21:00:00+00:00,557.75,558.02,557.5,557.51,41652.0
2025-04-30 21:05:00+00:00,557.6,557.69,557.56,557.62,7383.0
2025-04-30 21:10:00+00:00,557.67,557.9671,557.67,557.75,16028.0
2025-04-30 21:15:00+00:00,557.76,558.08,557.75,557.99,26552.0
2025-04-30 21:20:00+00:00,558.0,558.25,557.8612,558.15,15599.0
2025-04-30 21:25:00+00:00,558.13,558.13,557.91,558.0,39047.0
2025-04-30 21:30:00+00:00,558.01,558.26,557.96,558.07,27316.0
2025-04-30 21:35:00+00:00,558.0701,558.1,557.95,558.0,26168.0
2025-04-30 21:40:00+00:00,558.0,558.05,557.82,557.84,60672.0
2025-04-30 21:45:00+00:00,557.8201,557.9257,557.65,557.72,33289.0
2025-04-30 21:50:00+00:00,557.65,557.76,557.5,557.6,24742.0
2025-04-30 21:55:00+00:00,557.63,557.72,557.5001,557.64,6825.0
2025-04-30 22:00:00+00:00,557.72,558.96,557.45,558.29,152990.0
2025-04-30 22:05:00+00:00,558.4,559.74,558.31,559.39,32495.0
2025-04-30 22:10:00+00:00,559.45,559.64,559.07,559.5,14268.0
2025-04-30 22:15:00+00:00,559.3,559.5,558.59,558.97,58253.0
2025-04-30 22:20:00+00:00,558.83,559.15,558.64,558.64,13920.0
2025-04-30 22:25:00+00:00,558.7686,558.7686,558.25,558.25,23229.0
2025-04-30 22:30:00+00:00,558.54,559.22,558.54,558.89,20785.0
2025-04-30 22:35:00+00:00,558.9,558.9,558.5,558.5,8437.0
2025-04-30 22:40:00+00:00,558.45,558.4981,558.25,558.25,69923.0
2025-04-30 22:45:00+00:00,558.21,558.3898,558.18,558.26,8816.0
2025-04-30 22:50:00+00:00,558.28,558.47,558.26,558.44,5892.0
2025-04-30 22:55:00+00:00,558.4402,558.78,558.4402,558.71,7478.0
2025-04-30 23:00:00+00:00,558.85,559.09,558.81,558.91,42335.0
2025-04-30 23:05:00+00:00,558.95,558.95,558.5,558.5,10028.0
2025-04-30 23:10:00+00:00,558.45,558.93,558.32,558.6,11157.0
2025-04-30 23:15:00+00:00,558.58,558.77,558.5,558.5,33548.0
2025-04-30 23:20:00+00:00,558.6,559.09,558.57,559.09,14981.0
2025-04-30 23:25:00+00:00,559.12,559.24,559.03,559.2,29397.0
2025-04-30 23:30:00+00:00,559.2,559.32,559.2,559.2204,8792.0
2025-04-30 23:35:00+00:00,559.17,559.17,559.0,559.08,16430.0
2025-04-30 23:40:00+00:00,559.0504,559.0504,558.98,558.98,3361.0
2025-04-30 23:45:00+00:00,558.96,559.2,558.95,559.09,8889.0
2025-04-30 23:50:00+00:00,559.13,559.46,559.13,559.2,9550.0
2025-04-30 23:55:00+00:00,559.18,559.33,559.11,559.2785,17932.0
2025-05-01 08:00:00+00:00,560.07,560.67,559.85,559.85,14171.0
2025-05-01 08:05:00+00:00,559.81,559.93,559.65,559.77,5031.0
2025-05-01 08:10:00+00:00,559.75,559.96,559.75,559.84,5006.0
2025-05-01 08:15:00+00:00,559.99,560.22,559.99,560.14,4584.0
2025-05-01 08:20:00+00:00,560.2,560.25,560.2,560.25,5262.0
2025-05-01 08:25:00+00:00,560.28,560.46,560.05,560.46,20017.0
2025-05-01 08:30:00+00:00,560.44,560.5,560.27,560.29,5160.0
2025-05-01 08:35:00+00:00,560.25,560.73,560.17,560.61,5135.0
2025-05-01 08:40:00+00:00,560.52,560.64,560.52,560.58,2795.0
2025-05-01 08:45:00+00:00,560.63,561.04,560.63,561.0,7638.0
2025-05-01 08:55:00+00:00,560.93,561.0,560.93,561.0,1251.0
2025-05-01 09:00:00+00:00,560.99,561.25,560.99,561.2,3104.0
2025-05-01 09:05:00+00:00,561.21,561.36,560.93,560.93,3624.0
2025-05-01 09:10:00+00:00,561.01,561.2,561.0,561.2,2921.0
2025-05-01 09:15:00+00:00,561.29,561.36,561.19,561.25,2669.0
2025-05-01 09:20:00+00:00,561.32,561.32,560.97,560.97,2086.0
2025-05-01 09:25:00+00:00,560.89,561.21,560.89,561.16,3131.0
2025-05-01 09:30:00+00:00,561.32,561.75,561.32,561.75,6196.0
2025-05-01 09:35:00+00:00,561.65,561.65,561.61,561.62,586.0
2025-05-01 09:40:00+00:00,561.4,561.66,561.28,561.55,7158.0
2025-05-01 09:45:00+00:00,561.56,561.77,561.56,561.74,25255.0
2025-05-01 09:50:00+00:00,561.89,562.05,561.89,561.98,1147.0
2025-05-01 09:55:00+00:00,561.94,561.99,561.86,561.9,6312.0
2025-05-01 10:00:00+00:00,561.93,562.07,561.6,561.6,14628.0
2025-05-01 10:05:00+00:00,561.59,561.84,561.46,561.84,2759.0
2025-05-01 10:10:00+00:00,561.72,561.72,561.6,561.67,1868.0
2025-05-01 10:15:00+00:00,561.77,562.0,561.77,562.0,5450.0
2025-05-01 10:20:00+00:00,561.71,561.78,561.51,561.7,3936.0
2025-05-01 10:25:00+00:00,561.52,561.52,561.32,561.39,5602.0
2025-05-01 10:30:00+00:00,561.32,561.34,561.17,561.3,8108.0
2025-05-01 10:35:00+00:00,561.24,561.29,561.1,561.27,18689.0
2025-05-01 10:40:00+00:00,561.15,561.25,561.08,561.16,4686.0
2025-05-01 10:45:00+00:00,561.09,561.09,560.66,560.89,8957.0
2025-05-01 10:50:00+00:00,560.82,560.9,560.62,560.76,22878.0
2025-05-01 10:55:00+00:00,560.98,561.11,560.98,561.05,14310.0
2025-05-01 11:00:00+00:00,561.05,561.49,560.7,561.47,38912.0
2025-05-01 11:05:00+00:00,561.44,561.53,561.39,561.43,25182.0
2025-05-01 11:10:00+00:00,561.51,561.74,561.34,561.41,33590.0
2025-05-01 11:15:00+00:00,561.36,561.39,560.85,560.85,86675.0
2025-05-01 11:20:00+00:00,560.93,560.99,560.36,560.41,90551.0
2025-05-01 11:25:00+00:00,560.49,560.63,560.39,560.61,16867.0
2025-05-01 11:30:00+00:00,560.735,561.3,560.7,561.06,74872.0
2025-05-01 11:35:00+00:00,561.18,561.345,560.89,561.07,43239.0
2025-05-01 11:40:00+00:00,561.03,561.28,560.8,561.23,23783.0
2025-05-01 11:45:00+00:00,561.31,561.59,561.23,561.44,14111.0
2025-05-01 11:50:00+00:00,561.31,561.6,561.17,561.38,28450.0
2025-05-01 11:55:00+00:00,561.4,561.47,561.2,561.31,28665.0
2025-05-01 12:00:00+00:00,560.75,561.91,559.73,561.17,167108.0
2025-05-01 12:05:00+00:00,561.27,561.46,554.125,561.31,52707.0
2025-05-01 12:10:00+00:00,561.38,561.75,561.16,561.38,23301.0
2025-05-01 12:15:00+00:00,561.38,561.6099,561.38,561.48,9293.0
2025-05-01 12:20:00+00:00,561.54,561.61,560.8,560.85,43678.0
2025-05-01 12:25:00+00:00,560.88,560.91,560.4,560.6,66228.0
2025-05-01 12:30:00+00:00,560.42,560.83,559.6,560.4,274028.0
2025-05-01 12:35:00+00:00,560.3117,560.73,560.22,560.29,43015.0
2025-05-01 12:40:00+00:00,560.25,560.69,560.25,560.55,39868.0
2025-05-01 12:45:00+00:00,560.59,560.76,560.4,560.53,39790.0
2025-05-01 12:50:00+00:00,560.5,560.55,560.13,560.35,41606.0
2025-05-01 12:55:00+00:00,560.33,560.4,559.85,559.85,65179.0
2025-05-01 13:00:00+00:00,559.88,560.01,559.43,559.62,105640.0
2025-05-01 13:05:00+00:00,559.54,560.19,559.36,560.11,40137.0
2025-05-01 13:10:00+00:00,560.26,560.41,560.01,560.17,41118.0
2025-05-01 13:15:00+00:00,560.19,560.43,560.05,560.43,18968.0
2025-05-01 13:20:00+00:00,560.49,560.6,560.38,560.6,44053.0
2025-05-01 13:25:00+00:00,560.54,560.77,560.29,560.38,93651.0
2025-05-01 13:30:00+00:00,560.37,561.0,559.14,559.27,1927155.0
2025-05-01 13:35:00+00:00,559.27,560.6,559.05,559.6125,1531210.0
2025-05-01 13:40:00+00:00,559.61,560.25,559.25,559.98,1294390.0
2025-05-01 13:45:00+00:00,560.0263,560.945,559.93,560.72,980871.0
2025-05-01 13:50:00+00:00,560.72,561.36,560.44,560.73,757607.0
2025-05-01 13:55:00+00:00,560.64,560.69,558.65,558.85,954024.0
2025-05-01 14:00:00+00:00,558.85,560.92,558.83,560.18,1225943.0
2025-05-01 14:05:00+00:00,560.21,561.07,559.69,559.93,801397.0
2025-05-01 14:10:00+00:00,559.91,560.54,559.41,560.37,791990.0
2025-05-01 14:15:00+00:00,560.39,561.1379,560.3706,560.66,773510.0
2025-05-01 14:20:00+00:00,560.67,561.9,560.65,561.72,833145.0
2025-05-01 14:25:00+00:00,561.75,562.21,561.53,562.0318,930025.0
2025-05-01 14:30:00+00:00,562.05,562.12,561.16,561.64,795514.0
2025-05-01 14:35:00+00:00,561.65,562.63,561.51,562.5633,608835.0
2025-05-01 14:40:00+00:00,562.565,562.85,562.19,562.21,653057.0
2025-05-01 14:45:00+00:00,562.22,562.89,562.11,562.7219,886748.0
2025-05-01 14:50:00+00:00,562.735,562.82,562.42,562.8117,719423.0
2025-05-01 14:55:00+00:00,562.79,563.395,562.78,563.35,648588.0
2025-05-01 15:00:00+00:00,563.36,563.42,562.68,563.12,600065.0
2025-05-01 15:05:00+00:00,563.115,563.38,562.96,563.27,524436.0
2025-05-01 15:10:00+00:00,563.26,563.53,563.2,563.47,450503.0
2025-05-01 15:15:00+00:00,563.4701,564.0699,563.33,563.83,1464885.0
2025-05-01 15:20:00+00:00,563.83,563.88,563.37,563.4,701134.0
2025-05-01 15:25:00+00:00,563.41,563.7,563.17,563.26,447444.0
2025-05-01 15:30:00+00:00,563.26,563.44,562.37,562.675,832601.0
2025-05-01 15:35:00+00:00,562.7,563.15,562.53,562.705,726471.0
2025-05-01 15:40:00+00:00,562.69,562.78,562.05,562.055,393092.0
2025-05-01 15:45:00+00:00,562.06,562.2388,561.7409,561.8,547563.0
2025-05-01 15:50:00+00:00,561.8,561.88,561.3,561.35,551847.0
2025-05-01 15:55:00+00:00,561.335,561.35,559.69,560.38,1235478.0
2025-05-01 16:00:00+00:00,560.4,560.83,559.89,560.28,534520.0
2025-05-01 16:05:00+00:00,560.33,561.26,560.31,561.2056,372377.0
2025-05-01 16:10:00+00:00,561.21,561.21,560.32,560.3699,271983.0
2025-05-01 16:15:00+00:00,560.32,560.3599,559.06,559.7799,538732.0
2025-05-01 16:20:00+00:00,559.84,560.09,559.41,559.445,257345.0
2025-05-01 16:25:00+00:00,559.46,560.65,559.36,560.31,298513.0
2025-05-01 16:30:00+00:00,560.31,560.72,560.11,560.64,487558.0
2025-05-01 16:35:00+00:00,560.68,560.96,560.43,560.69,490769.0
2025-05-01 16:40:00+00:00,560.7,560.7,559.77,560.38,298592.0
2025-05-01 16:45:00+00:00,560.32,560.33,559.37,559.5515,251360.0
2025-05-01 16:50:00+00:00,559.52,560.11,559.2,559.59,418753.0
2025-05-01 16:55:00+00:00,559.6,560.16,559.4799,559.69,200440.0
2025-05-01 17:00:00+00:00,559.64,561.02,559.64,561.01,627453.0
2025-05-01 17:05:00+00:00,561.02,561.4869,560.66,561.41,389845.0
2025-05-01 17:10:00+00:00,561.4297,561.51,561.18,561.42,390050.0
2025-05-01 17:15:00+00:00,561.4297,561.9462,561.4,561.76,516667.0
2025-05-01 17:20:00+00:00,561.74,561.94,561.55,561.61,195758.0
2025-05-01 17:25:00+00:00,561.61,561.78,560.95,561.34,294308.0
2025-05-01 17:30:00+00:00,561.35,561.6897,561.11,561.68,263099.0
2025-05-01 17:35:00+00:00,561.67,561.72,561.13,561.22,215129.0
2025-05-01 17:40:00+00:00,561.2,561.2,560.01,560.165,397077.0
2025-05-01 17:45:00+00:00,560.18,560.71,559.8932,560.68,182435.0
2025-05-01 17:50:00+00:00,560.67,560.97,560.18,560.66,257377.0
2025-05-01 17:55:00+00:00,560.65,560.86,560.29,560.57,163083.0
2025-05-01 18:00:00+00:00,560.58,561.1296,560.47,561.08,392501.0
2025-05-01 18:05:00+00:00,561.065,561.97,560.92,561.8001,340249.0
2025-05-01 18:10:00+00:00,561.78,562.07,561.65,561.91,284181.0
2025-05-01 18:15:00+00:00,561.91,562.35,561.89,562.15,502876.0
2025-05-01 18:20:00+00:00,562.15,562.16,561.435,561.48,444695.0
2025-05-01 18:25:00+00:00,561.4999,561.9,561.05,561.89,476891.0
2025-05-01 18:30:00+00:00,561.9,562.21,561.77,562.08,409763.0
2025-05-01 18:35:00+00:00,562.07,562.1,561.75,562.04,324070.0
2025-05-01 18:40:00+00:00,562.06,562.305,561.8,562.2,313812.0
2025-05-01 18:45:00+00:00,562.19,562.69,561.95,562.25,616027.0
2025-05-01 18:50:00+00:00,562.26,562.365,561.68,561.7885,300138.0
2025-05-01 18:55:00+00:00,561.78,562.115,561.62,561.705,288340.0
2025-05-01 19:00:00+00:00,561.73,562.0066,561.31,561.98,499132.0
2025-05-01 19:05:00+00:00,561.955,561.99,561.32,561.36,482812.0
2025-05-01 19:10:00+00:00,561.35,561.7,560.855,561.6304,596214.0
2025-05-01 19:15:00+00:00,561.6373,561.81,561.32,561.68,624446.0
2025-05-01 19:20:00+00:00,561.665,561.9692,561.53,561.66,629506.0
2025-05-01 19:25:00+00:00,561.62,562.13,561.53,562.03,483309.0
2025-05-01 19:30:00+00:00,562.02,562.175,561.78,561.88,779418.0
2025-05-01 19:35:00+00:00,561.87,561.95,561.36,561.3704,594316.0
2025-05-01 19:40:00+00:00,561.4,561.52,561.11,561.39,839259.0
2025-05-01 19:45:00+00:00,561.4,562.29,561.3302,562.19,1412137.0
2025-05-01 19:50:00+00:00,562.17,562.49,560.16,560.341,1743005.0
2025-05-01 19:55:00+00:00,560.34,560.56,557.86,558.46,4540105.0
2025-05-01 20:00:00+00:00,558.41,559.8,556.6,556.62,1008341.0
2025-05-01 20:05:00+00:00,556.6298,557.04,556.0,556.61,628037.0
2025-05-01 20:10:00+00:00,556.52,557.05,556.16,556.91,3885657.0
2025-05-01 20:15:00+00:00,556.9,557.89,556.87,557.82,135896.0
2025-05-01 20:20:00+00:00,557.9,558.6709,557.7,558.04,342798.0
2025-05-01 20:25:00+00:00,558.05,558.14,557.6,557.91,148629.0
2025-05-01 20:30:00+00:00,557.9,558.67,557.21,557.47,207036.0
2025-05-01 20:35:00+00:00,557.46,557.7,557.1,557.36,420091.0
2025-05-01 20:40:00+00:00,557.42,557.42,556.78,556.91,136820.0
2025-05-01 20:45:00+00:00,556.75,557.33,556.55,557.22,86912.0
2025-05-01 20:50:00+00:00,557.32,557.42,557.05,557.33,35392.0
2025-05-01 20:55:00+00:00,557.38,557.38,556.881,557.0,18797.0
2025-05-01 21:00:00+00:00,557.06,557.22,556.65,557.22,27060.0
2025-05-01 21:05:00+00:00,557.24,557.38,557.15,557.249,24919.0
2025-05-01 21:10:00+00:00,557.24,557.4,555.6,557.3,23919.0
2025-05-01 21:15:00+00:00,557.38,557.7,557.3,557.7,13301.0
2025-05-01 21:20:00+00:00,557.66,558.02,557.55,557.7,29692.0
2025-05-01 21:25:00+00:00,557.7,557.95,557.32,557.6011,24254.0
2025-05-01 21:30:00+00:00,557.79,558.47,557.79,557.94,61314.0
2025-05-01 21:35:00+00:00,557.9,557.9,557.4305,557.62,9162.0
2025-05-01 21:40:00+00:00,557.55,557.55,557.12,557.3728,7772.0
2025-05-01 21:45:00+00:00,557.12,557.23,555.3,556.4995,23894.0
2025-05-01 21:50:00+00:00,556.5,556.94,556.5,556.8,3314.0
2025-05-01 21:55:00+00:00,556.92,556.9894,556.89,556.95,3573.0
2025-05-01 22:00:00+00:00,556.89,557.189,556.26,556.5199,29290.0
2025-05-01 22:05:00+00:00,556.3601,556.66,556.06,556.15,11647.0
2025-05-01 22:10:00+00:00,556.411,556.97,556.411,556.97,12284.0
2025-05-01 22:15:00+00:00,556.87,557.2,556.85,557.09,20855.0
2025-05-01 22:20:00+00:00,557.1298,557.1298,556.8611,556.8611,4887.0
2025-05-01 22:25:00+00:00,556.87,557.0,556.87,557.0,915.0
2025-05-01 22:30:00+00:00,556.94,557.02,556.71,557.02,5338.0
2025-05-01 22:35:00+00:00,556.99,557.1,556.97,557.1,5734.0
2025-05-01 22:40:00+00:00,557.1,557.2,557.0,557.0,14294.0
2025-05-01 22:45:00+00:00,557.0,557.0,556.9,556.98,7110.0
2025-05-01 22:50:00+00:00,557.11,557.11,556.99,556.99,1410.0
2025-05-01 22:55:00+00:00,556.95,557.0,556.8201,556.88,4300.0
2025-05-01 23:00:00+00:00,556.9,557.1999,556.8315,557.1991,11486.0
2025-05-01 23:05:00+00:00,557.0512,557.0512,557.01,557.01,1153.0
2025-05-01 23:10:00+00:00,557.1,557.15,557.061,557.1,1697.0
2025-05-01 23:15:00+00:00,557.1,557.54,557.1,557.52,12342.0
2025-05-01 23:20:00+00:00,557.55,557.75,557.54,557.73,16833.0
2025-05-01 23:25:00+00:00,557.71,557.77,557.51,557.52,4224.0
2025-05-01 23:30:00+00:00,557.44,557.44,557.14,557.14,5173.0
2025-05-01 23:35:00+00:00,557.18,557.35,557.18,557.32,4639.0
2025-05-01 23:40:00+00:00,557.42,557.44,557.39,557.44,1499.0
2025-05-01 23:45:00+00:00,557.33,557.33,556.81,556.9,4821.0
2025-05-01 23:50:00+00:00,556.9395,557.24,556.81,557.21,18706.0
2025-05-01 23:55:00+00:00,557.181,557.37,557.15,557.18,40586.0
