Datetime,Open,High,Low,Close,Volume
2025-06-02 08:00:00+00:00,586.8,586.8,585.99,586.4,16462.0
2025-06-02 08:05:00+00:00,586.55,587.02,586.55,586.97,51270.0
2025-06-02 08:10:00+00:00,587.02,587.1,586.7,587.03,53668.0
2025-06-02 08:15:00+00:00,587.1,587.1,586.55,586.55,7057.0
2025-06-02 08:20:00+00:00,586.67,587.09,586.67,587.09,3458.0
2025-06-02 08:25:00+00:00,587.15,587.33,586.84,587.33,3197.0
2025-06-02 08:30:00+00:00,587.3,587.34,587.12,587.26,2948.0
2025-06-02 08:35:00+00:00,587.28,587.28,586.96,587.01,2419.0
2025-06-02 08:40:00+00:00,586.96,586.98,586.73,586.73,2256.0
2025-06-02 08:45:00+00:00,586.94,587.07,586.75,586.75,3491.0
2025-06-02 08:50:00+00:00,586.56,586.65,586.53,586.65,806.0
2025-06-02 08:55:00+00:00,586.79,586.9,586.76,586.82,1747.0
2025-06-02 09:00:00+00:00,586.7,586.74,586.44,586.63,7145.0
2025-06-02 09:05:00+00:00,586.62,586.84,586.2,586.21,6606.0
2025-06-02 09:10:00+00:00,586.18,586.19,585.99,586.11,18275.0
2025-06-02 09:15:00+00:00,586.17,586.2,586.1,586.2,6466.0
2025-06-02 09:20:00+00:00,586.24,586.39,586.09,586.39,1993.0
2025-06-02 09:25:00+00:00,586.39,586.44,586.16,586.19,3813.0
2025-06-02 09:30:00+00:00,586.35,586.4,586.28,586.4,1963.0
2025-06-02 09:35:00+00:00,586.45,586.45,586.22,586.25,4543.0
2025-06-02 09:40:00+00:00,586.38,586.38,585.98,585.98,5309.0
2025-06-02 09:45:00+00:00,585.81,585.91,585.7,585.77,7413.0
2025-06-02 09:50:00+00:00,586.07,586.07,585.71,585.85,5213.0
2025-06-02 09:55:00+00:00,585.91,586.23,585.86,586.23,3865.0
2025-06-02 10:00:00+00:00,586.23,586.31,586.15,586.24,10790.0
2025-06-02 10:05:00+00:00,586.13,586.67,586.13,586.67,3239.0
2025-06-02 10:10:00+00:00,586.87,586.9,586.78,586.78,3220.0
2025-06-02 10:15:00+00:00,586.68,586.68,586.45,586.45,1781.0
2025-06-02 10:20:00+00:00,586.73,586.73,586.24,586.24,8050.0
2025-06-02 10:25:00+00:00,586.45,586.69,586.4,586.69,3889.0
2025-06-02 10:30:00+00:00,586.56,586.58,586.38,586.38,6870.0
2025-06-02 10:35:00+00:00,586.36,586.76,586.36,586.76,10698.0
2025-06-02 10:40:00+00:00,586.9,587.0,586.79,586.79,9241.0
2025-06-02 10:45:00+00:00,586.68,586.78,586.68,586.77,835.0
2025-06-02 10:50:00+00:00,586.87,587.04,586.8,587.01,8719.0
2025-06-02 10:55:00+00:00,586.97,586.98,586.85,586.98,5212.0
2025-06-02 11:00:00+00:00,587.04,587.16,586.74,587.16,15774.0
2025-06-02 11:05:00+00:00,587.15,587.219,587.13,587.16,5006.0
2025-06-02 11:10:00+00:00,587.48,587.63,587.11,587.52,22990.0
2025-06-02 11:15:00+00:00,587.54,587.54,587.41,587.47,7135.0
2025-06-02 11:20:00+00:00,587.54,587.61,587.53,587.53,3587.0
2025-06-02 11:25:00+00:00,587.39,587.6,587.39,587.52,6405.0
2025-06-02 11:30:00+00:00,587.52,587.95,587.44,587.71,40965.0
2025-06-02 11:35:00+00:00,587.76,588.0,587.61,587.65,32294.0
2025-06-02 11:40:00+00:00,587.64,587.64,587.42,587.47,11070.0
2025-06-02 11:45:00+00:00,587.51,587.64,587.43,587.59,8354.0
2025-06-02 11:50:00+00:00,587.6,587.6,587.5,587.5,1173.0
2025-06-02 11:55:00+00:00,587.45,587.45,587.18,587.18,7343.0
2025-06-02 12:00:00+00:00,586.98,587.9301,584.97,587.5519,60662.0
2025-06-02 12:05:00+00:00,587.55,587.7,587.49,587.59,8366.0
2025-06-02 12:10:00+00:00,587.59,587.77,587.55,587.72,9504.0
2025-06-02 12:15:00+00:00,587.76,587.86,587.55,587.55,7969.0
2025-06-02 12:20:00+00:00,587.51,587.51,587.08,587.14,37650.0
2025-06-02 12:25:00+00:00,587.07,587.23,586.95,587.21,55069.0
2025-06-02 12:30:00+00:00,587.17,587.51,587.1,587.3699,24480.0
2025-06-02 12:35:00+00:00,587.25,587.49,587.1612,587.44,14367.0
2025-06-02 12:40:00+00:00,587.4,589.39,587.38,588.01,467630.0
2025-06-02 12:45:00+00:00,588.04,588.13,587.7,587.83,23407.0
2025-06-02 12:50:00+00:00,587.8,587.8,587.45,587.5591,40592.0
2025-06-02 12:55:00+00:00,587.55,587.87,587.47,587.85,15554.0
2025-06-02 13:00:00+00:00,587.87,588.14,587.7,587.7491,37007.0
2025-06-02 13:05:00+00:00,587.72,587.72,587.26,587.51,58588.0
2025-06-02 13:10:00+00:00,587.55,587.7589,587.43,587.5,20045.0
2025-06-02 13:15:00+00:00,587.5,587.66,587.32,587.3601,36353.0
2025-06-02 13:20:00+00:00,587.3801,587.7101,587.3801,587.5001,26916.0
2025-06-02 13:25:00+00:00,587.39,588.0,587.32,587.75,75438.0
2025-06-02 13:30:00+00:00,587.76,589.55,587.72,589.37,1866581.0
2025-06-02 13:35:00+00:00,589.38,589.74,588.97,589.72,973594.0
2025-06-02 13:40:00+00:00,589.69,589.69,588.82,589.26,815307.0
2025-06-02 13:45:00+00:00,589.29,589.47,588.29,588.44,1291319.0
2025-06-02 13:50:00+00:00,588.41,588.45,586.7,587.22,1430968.0
2025-06-02 13:55:00+00:00,587.22,587.61,586.64,586.8499,1266433.0
2025-06-02 14:00:00+00:00,586.63,586.74,585.06,585.93,1857575.0
2025-06-02 14:05:00+00:00,585.88,587.21,585.7025,586.9,1585640.0
2025-06-02 14:10:00+00:00,586.91,587.21,586.27,586.91,1032511.0
2025-06-02 14:15:00+00:00,586.91,587.62,586.73,587.03,1022822.0
2025-06-02 14:20:00+00:00,587.03,588.34,586.82,587.899,864076.0
2025-06-02 14:25:00+00:00,587.89,588.61,587.86,588.59,879243.0
2025-06-02 14:30:00+00:00,588.58,589.94,588.33,589.26,1079043.0
2025-06-02 14:35:00+00:00,589.27,589.56,588.12,588.35,1445558.0
2025-06-02 14:40:00+00:00,588.37,588.8,588.2,588.5693,571224.0
2025-06-02 14:45:00+00:00,588.57,589.07,588.48,588.86,455589.0
2025-06-02 14:50:00+00:00,588.87,589.2,588.63,588.76,469517.0
2025-06-02 14:55:00+00:00,588.75,589.48,588.62,589.33,475146.0
2025-06-02 15:00:00+00:00,589.34,589.63,588.47,588.99,910247.0
2025-06-02 15:05:00+00:00,588.98,589.68,588.63,588.75,756750.0
2025-06-02 15:10:00+00:00,588.758,589.53,588.4893,589.27,721010.0
2025-06-02 15:15:00+00:00,589.27,589.35,588.89,589.075,369597.0
2025-06-02 15:20:00+00:00,589.07,589.2998,588.88,589.04,345913.0
2025-06-02 15:25:00+00:00,589.06,589.2,588.325,588.54,421795.0
2025-06-02 15:30:00+00:00,588.57,588.7,588.19,588.2,400720.0
2025-06-02 15:35:00+00:00,588.19,588.66,588.13,588.4,355810.0
2025-06-02 15:40:00+00:00,588.39,589.1,588.29,589.02,348458.0
2025-06-02 15:45:00+00:00,589.03,589.43,588.89,589.33,463457.0
2025-06-02 15:50:00+00:00,589.32,590.04,589.21,589.93,738225.0
2025-06-02 15:55:00+00:00,589.92,590.06,589.55,589.81,417015.0
2025-06-02 16:00:00+00:00,589.8,589.97,589.18,589.495,406906.0
2025-06-02 16:05:00+00:00,589.51,589.67,589.28,589.64,347877.0
2025-06-02 16:10:00+00:00,589.63,589.8185,589.51,589.66,243945.0
2025-06-02 16:15:00+00:00,589.65,589.74,589.2801,589.67,300621.0
2025-06-02 16:20:00+00:00,589.65,589.74,589.5,589.59,197067.0
2025-06-02 16:25:00+00:00,589.6,589.615,588.98,589.41,327880.0
2025-06-02 16:30:00+00:00,589.37,589.65,589.255,589.61,312505.0
2025-06-02 16:35:00+00:00,589.62,589.75,589.21,589.53,299708.0
2025-06-02 16:40:00+00:00,589.54,589.62,589.04,589.15,272502.0
2025-06-02 16:45:00+00:00,589.14,589.61,589.12,589.26,269729.0
2025-06-02 16:50:00+00:00,589.25,590.19,589.18,590.16,372667.0
2025-06-02 16:55:00+00:00,590.16,590.17,589.91,590.0,308966.0
2025-06-02 17:00:00+00:00,589.9817,590.52,589.95,590.1792,541711.0
2025-06-02 17:05:00+00:00,590.18,590.57,590.1201,590.57,289051.0
2025-06-02 17:10:00+00:00,590.5701,590.61,590.07,590.08,332257.0
2025-06-02 17:15:00+00:00,590.08,590.399,590.06,590.2294,287323.0
2025-06-02 17:20:00+00:00,590.21,590.23,589.8,590.12,343350.0
2025-06-02 17:25:00+00:00,590.12,590.25,589.72,589.86,217748.0
2025-06-02 17:30:00+00:00,589.85,590.22,589.8001,589.9599,270319.0
2025-06-02 17:35:00+00:00,589.945,590.13,589.72,590.0598,236220.0
2025-06-02 17:40:00+00:00,590.03,590.09,589.74,589.82,254813.0
2025-06-02 17:45:00+00:00,589.83,589.9,589.64,589.71,353175.0
2025-06-02 17:50:00+00:00,589.69,589.77,589.5,589.71,226577.0
2025-06-02 17:55:00+00:00,589.7,590.145,589.59,589.98,329023.0
2025-06-02 18:00:00+00:00,589.98,590.34,589.84,590.0,662982.0
2025-06-02 18:05:00+00:00,589.99,590.225,589.54,589.83,562442.0
2025-06-02 18:10:00+00:00,589.86,590.4451,589.77,590.29,373743.0
2025-06-02 18:15:00+00:00,590.31,591.24,590.29,590.87,888926.0
2025-06-02 18:20:00+00:00,590.88,591.7,590.75,591.262,928809.0
2025-06-02 18:25:00+00:00,591.26,591.59,591.24,591.505,412549.0
2025-06-02 18:30:00+00:00,591.5,591.79,591.32,591.37,646811.0
2025-06-02 18:35:00+00:00,591.37,591.56,591.175,591.46,440710.0
2025-06-02 18:40:00+00:00,591.46,591.6801,591.2,591.58,857392.0
2025-06-02 18:45:00+00:00,591.58,591.63,591.45,591.45,423311.0
2025-06-02 18:50:00+00:00,591.45,591.72,591.31,591.61,669963.0
2025-06-02 18:55:00+00:00,591.6,591.96,591.54,591.86,525189.0
2025-06-02 19:00:00+00:00,591.86,592.16,591.835,592.0499,568224.0
2025-06-02 19:05:00+00:00,592.05,592.2,591.7446,591.93,595464.0
2025-06-02 19:10:00+00:00,591.95,592.1001,591.78,591.8503,690273.0
2025-06-02 19:15:00+00:00,591.84,591.98,591.77,591.89,458553.0
2025-06-02 19:20:00+00:00,591.89,592.72,591.78,592.5499,1167914.0
2025-06-02 19:25:00+00:00,592.54,592.57,592.3,592.4,747290.0
2025-06-02 19:30:00+00:00,592.39,592.42,591.92,591.97,935203.0
2025-06-02 19:35:00+00:00,591.98,592.2,591.84,591.93,884021.0
2025-06-02 19:40:00+00:00,591.94,592.175,591.775,591.96,733703.0
2025-06-02 19:45:00+00:00,591.95,592.13,591.82,591.93,927126.0
2025-06-02 19:50:00+00:00,591.94,592.45,591.65,591.8802,1994008.0
2025-06-02 19:55:00+00:00,591.9,592.79,591.78,592.65,4131581.0
2025-06-02 20:00:00+00:00,592.66,593.2,592.05,592.93,1381868.0
2025-06-02 20:05:00+00:00,592.9,593.09,592.82,593.02,499581.0
2025-06-02 20:10:00+00:00,593.02,593.1,592.92,593.07,2090390.0
2025-06-02 20:15:00+00:00,593.1,593.44,593.09,593.3,97674.0
2025-06-02 20:20:00+00:00,593.31,593.36,593.2,593.26,344230.0
2025-06-02 20:25:00+00:00,593.26,593.28,593.1,593.16,29480.0
2025-06-02 20:30:00+00:00,593.189,593.189,592.89,592.99,34151.0
2025-06-02 20:35:00+00:00,592.99,593.0,592.83,592.93,31836.0
2025-06-02 20:40:00+00:00,592.96,593.03,592.95,592.99,9199.0
2025-06-02 20:45:00+00:00,592.97,593.0,592.87,592.9199,17125.0
2025-06-02 20:50:00+00:00,592.9,592.9,592.82,592.82,10800.0
2025-06-02 20:55:00+00:00,592.82,592.94,592.78,592.79,12076.0
2025-06-02 21:00:00+00:00,592.85,592.9,592.85,592.9,1271.0
2025-06-02 21:05:00+00:00,592.8996,592.91,592.89,592.91,5193.0
2025-06-02 21:10:00+00:00,592.91,592.95,592.91,592.92,1326.0
2025-06-02 21:15:00+00:00,592.95,593.0,592.94,593.0,11538.0
2025-06-02 21:20:00+00:00,592.98,592.98,592.95,592.97,2486.0
2025-06-02 21:25:00+00:00,592.97,592.99,592.96,592.96,3497.0
2025-06-02 21:30:00+00:00,592.96,592.99,592.96,592.99,7290.0
2025-06-02 21:35:00+00:00,592.99,593.15,592.99,593.15,12344.0
2025-06-02 21:40:00+00:00,593.1,593.1,592.9925,593.0001,1680.0
2025-06-02 21:45:00+00:00,593.04,593.04,592.97,592.97,1227.0
2025-06-02 21:50:00+00:00,593.0,593.09,593.0,593.09,5307.0
2025-06-02 21:55:00+00:00,593.0401,593.1,592.97,592.97,2157.0
2025-06-02 22:00:00+00:00,592.96,592.96,592.52,592.52,54242.0
2025-06-02 22:05:00+00:00,592.51,592.61,592.5,592.58,14391.0
2025-06-02 22:10:00+00:00,592.51,592.54,592.4,592.4301,17662.0
2025-06-02 22:15:00+00:00,592.4595,592.53,592.4,592.53,4654.0
2025-06-02 22:20:00+00:00,592.51,592.51,592.39,592.41,3325.0
2025-06-02 22:25:00+00:00,592.39,592.39,592.17,592.18,5001.0
2025-06-02 22:30:00+00:00,592.23,592.35,592.23,592.29,2958.0
2025-06-02 22:35:00+00:00,592.29,592.32,592.25,592.25,1473.0
2025-06-02 22:40:00+00:00,592.27,592.3,592.27,592.3,689.0
2025-06-02 22:45:00+00:00,592.271,592.3185,592.25,592.25,1392.0
2025-06-02 22:50:00+00:00,592.3,592.3,592.23,592.26,1239.0
2025-06-02 22:55:00+00:00,592.25,592.25,592.18,592.18,4146.0
2025-06-02 23:00:00+00:00,592.17,592.27,592.15,592.26,3720.0
2025-06-02 23:05:00+00:00,592.2984,592.31,592.14,592.31,1970.0
2025-06-02 23:10:00+00:00,592.45,592.45,592.26,592.26,720.0
2025-06-02 23:15:00+00:00,592.22,592.22,591.9801,592.03,6346.0
2025-06-02 23:20:00+00:00,592.15,592.15,592.08,592.08,2983.0
2025-06-02 23:25:00+00:00,592.15,592.65,591.04,592.6496,35356.0
2025-06-02 23:30:00+00:00,592.1702,592.19,592.08,592.1,3802.0
2025-06-02 23:35:00+00:00,592.0,592.0,591.75,591.76,5079.0
2025-06-02 23:40:00+00:00,591.84,592.0599,591.7,592.0,4295.0
2025-06-02 23:45:00+00:00,592.01,592.01,591.799,591.89,6173.0
2025-06-02 23:50:00+00:00,591.8,591.8,591.5,591.52,13249.0
2025-06-02 23:55:00+00:00,591.49,591.51,591.42,591.48,21412.0
2025-06-03 08:00:00+00:00,590.2,590.8,589.78,590.02,16365.0
2025-06-03 08:05:00+00:00,590.04,590.04,589.69,589.86,22884.0
2025-06-03 08:10:00+00:00,589.76,589.76,589.3,589.5,9463.0
2025-06-03 08:15:00+00:00,589.49,589.59,589.01,589.21,12982.0
2025-06-03 08:20:00+00:00,589.36,589.36,589.3,589.35,1821.0
2025-06-03 08:25:00+00:00,589.36,589.47,589.3,589.34,5049.0
2025-06-03 08:30:00+00:00,589.49,589.69,589.49,589.65,2664.0
2025-06-03 08:35:00+00:00,589.78,590.0,589.77,589.92,3487.0
2025-06-03 08:40:00+00:00,589.92,589.92,589.72,589.89,3256.0
2025-06-03 08:45:00+00:00,589.79,589.87,589.74,589.78,3981.0
2025-06-03 08:50:00+00:00,589.85,590.07,589.82,590.02,4010.0
2025-06-03 08:55:00+00:00,590.01,590.05,590.0,590.05,2910.0
2025-06-03 09:00:00+00:00,590.07,590.11,589.91,589.97,3863.0
2025-06-03 09:05:00+00:00,589.93,589.96,589.93,589.93,1750.0
2025-06-03 09:10:00+00:00,590.16,590.28,590.16,590.19,1553.0
2025-06-03 09:15:00+00:00,590.13,590.13,590.04,590.07,798.0
2025-06-03 09:20:00+00:00,590.0,590.09,589.9,590.09,2495.0
2025-06-03 09:25:00+00:00,590.22,590.29,590.03,590.03,2201.0
2025-06-03 09:30:00+00:00,589.96,589.96,589.96,589.96,416.0
2025-06-03 09:35:00+00:00,590.16,590.42,590.15,590.42,2831.0
2025-06-03 09:40:00+00:00,590.5,590.51,590.43,590.51,1823.0
2025-06-03 09:45:00+00:00,590.39,590.41,590.1,590.1,1507.0
2025-06-03 09:50:00+00:00,590.47,590.47,590.36,590.36,687.0
2025-06-03 09:55:00+00:00,590.22,590.32,590.22,590.25,4173.0
2025-06-03 10:00:00+00:00,590.29,590.45,590.25,590.25,2143.0
2025-06-03 10:05:00+00:00,590.26,590.26,590.12,590.12,509.0
2025-06-03 10:10:00+00:00,590.0,590.12,590.0,590.06,2823.0
2025-06-03 10:15:00+00:00,590.17,590.2,590.17,590.2,2315.0
2025-06-03 10:20:00+00:00,590.18,590.27,590.13,590.27,2090.0
2025-06-03 10:25:00+00:00,590.13,590.44,590.13,590.44,1265.0
2025-06-03 10:30:00+00:00,590.52,590.57,590.43,590.43,3522.0
2025-06-03 10:35:00+00:00,590.33,590.4,590.33,590.39,23630.0
2025-06-03 10:40:00+00:00,590.49,590.73,590.49,590.72,18642.0
2025-06-03 10:45:00+00:00,590.55,590.55,590.43,590.43,1058.0
2025-06-03 10:50:00+00:00,590.43,590.57,590.43,590.53,18949.0
2025-06-03 10:55:00+00:00,590.74,591.09,590.74,591.04,6530.0
2025-06-03 11:00:00+00:00,591.1,591.14,590.92,591.0,36098.0
2025-06-03 11:05:00+00:00,591.13,591.41,591.06,591.309,27182.0
2025-06-03 11:10:00+00:00,591.29,591.32,591.18,591.18,8951.0
2025-06-03 11:15:00+00:00,591.25,591.25,591.19,591.19,4858.0
2025-06-03 11:20:00+00:00,591.32,591.42,591.32,591.4,13943.0
2025-06-03 11:25:00+00:00,591.42,591.5,591.37,591.47,5279.0
2025-06-03 11:30:00+00:00,591.53,591.56,591.38,591.56,4963.0
2025-06-03 11:35:00+00:00,591.55,591.8,591.55,591.8,9734.0
2025-06-03 11:40:00+00:00,591.88,592.02,591.73,591.84,11052.0
2025-06-03 11:45:00+00:00,591.77,591.81,591.5,591.52,17098.0
2025-06-03 11:50:00+00:00,591.51,591.83,591.51,591.83,13226.0
2025-06-03 11:55:00+00:00,591.89,591.89,591.78,591.81,3637.0
2025-06-03 12:00:00+00:00,591.13,592.13,589.34,591.79,105235.0
2025-06-03 12:05:00+00:00,591.75,591.9,591.62,591.67,34618.0
2025-06-03 12:10:00+00:00,591.86,591.93,591.8,591.93,7537.0
2025-06-03 12:15:00+00:00,591.92,592.12,591.8,591.9,85498.0
2025-06-03 12:20:00+00:00,591.9,592.12,591.79,592.12,10914.0
2025-06-03 12:25:00+00:00,592.07,592.38,592.07,592.32,26154.0
2025-06-03 12:30:00+00:00,592.34,592.34,592.04,592.07,17388.0
2025-06-03 12:35:00+00:00,592.07,592.07,591.69,591.8397,35945.0
2025-06-03 12:40:00+00:00,591.79,591.86,591.6,591.63,13542.0
2025-06-03 12:45:00+00:00,591.68,591.75,591.52,591.68,38468.0
2025-06-03 12:50:00+00:00,591.65,591.89,591.56,591.69,32358.0
2025-06-03 12:55:00+00:00,591.72,592.03,591.72,592.01,18778.0
2025-06-03 13:00:00+00:00,592.07,592.24,591.84,592.24,27592.0
2025-06-03 13:05:00+00:00,592.25,592.28,592.11,592.2101,42775.0
2025-06-03 13:10:00+00:00,592.25,592.29,592.06,592.1,10702.0
2025-06-03 13:15:00+00:00,592.11,592.22,592.11,592.15,18458.0
2025-06-03 13:20:00+00:00,592.18,592.46,592.15,592.37,22679.0
2025-06-03 13:25:00+00:00,592.23,592.42,592.02,592.32,51365.0
2025-06-03 13:30:00+00:00,592.34,593.25,592.0999,592.4999,1393156.0
2025-06-03 13:35:00+00:00,592.5,592.73,592.05,592.29,936863.0
2025-06-03 13:40:00+00:00,592.31,593.27,592.22,593.05,1054667.0
2025-06-03 13:45:00+00:00,593.04,593.24,592.77,592.99,753873.0
2025-06-03 13:50:00+00:00,593.0,593.08,592.56,592.79,668896.0
2025-06-03 13:55:00+00:00,592.78,592.955,592.37,592.395,720248.0
2025-06-03 14:00:00+00:00,592.47,593.31,592.3801,592.915,912386.0
2025-06-03 14:05:00+00:00,592.89,593.22,591.85,592.67,1043851.0
2025-06-03 14:10:00+00:00,592.68,593.06,592.42,592.96,669233.0
2025-06-03 14:15:00+00:00,592.96,593.54,592.88,593.39,698271.0
2025-06-03 14:20:00+00:00,593.4151,593.56,593.1802,593.33,525382.0
2025-06-03 14:25:00+00:00,593.33,593.9,593.11,593.895,667713.0
2025-06-03 14:30:00+00:00,593.89,593.89,593.28,593.36,635911.0
2025-06-03 14:35:00+00:00,593.36,593.7098,593.17,593.5963,617389.0
2025-06-03 14:40:00+00:00,593.6,593.73,593.43,593.6868,458892.0
2025-06-03 14:45:00+00:00,593.69,594.03,593.66,593.925,575657.0
2025-06-03 14:50:00+00:00,593.93,594.255,593.77,594.15,718925.0
2025-06-03 14:55:00+00:00,594.16,594.41,593.99,594.37,563422.0
2025-06-03 15:00:00+00:00,594.37,594.81,594.37,594.56,871609.0
2025-06-03 15:05:00+00:00,594.56,594.845,594.36,594.57,606903.0
2025-06-03 15:10:00+00:00,594.57,594.715,594.47,594.655,451108.0
2025-06-03 15:15:00+00:00,594.65,594.75,594.48,594.715,473760.0
2025-06-03 15:20:00+00:00,594.71,595.16,594.69,595.0202,773804.0
2025-06-03 15:25:00+00:00,595.025,595.125,594.84,594.97,509772.0
2025-06-03 15:30:00+00:00,594.96,595.14,594.83,595.02,512647.0
2025-06-03 15:35:00+00:00,595.02,595.33,594.98,595.295,653553.0
2025-06-03 15:40:00+00:00,595.285,595.45,595.14,595.31,411824.0
2025-06-03 15:45:00+00:00,595.3,595.61,595.19,595.25,879924.0
2025-06-03 15:50:00+00:00,595.25,595.36,595.04,595.3,754939.0
2025-06-03 15:55:00+00:00,595.29,595.7,595.17,595.64,655248.0
2025-06-03 16:00:00+00:00,595.64,595.69,595.42,595.52,639355.0
2025-06-03 16:05:00+00:00,595.52,595.67,595.24,595.31,420219.0
2025-06-03 16:10:00+00:00,595.32,595.71,595.32,595.7,440430.0
2025-06-03 16:15:00+00:00,595.69,596.2501,595.6801,596.17,922636.0
2025-06-03 16:20:00+00:00,596.17,596.17,595.7591,596.03,658189.0
2025-06-03 16:25:00+00:00,596.03,596.08,595.9107,596.075,356903.0
2025-06-03 16:30:00+00:00,596.08,596.47,596.02,596.34,697868.0
2025-06-03 16:35:00+00:00,596.33,596.67,596.33,596.405,748327.0
2025-06-03 16:40:00+00:00,596.41,596.4799,596.26,596.43,453453.0
2025-06-03 16:45:00+00:00,596.44,596.468,596.28,596.37,319622.0
2025-06-03 16:50:00+00:00,596.38,596.61,596.38,596.475,316141.0
2025-06-03 16:55:00+00:00,596.47,596.62,596.435,596.5,319394.0
2025-06-03 17:00:00+00:00,596.5,596.54,596.255,596.45,595917.0
2025-06-03 17:05:00+00:00,596.46,596.73,596.46,596.59,483995.0
2025-06-03 17:10:00+00:00,596.59,596.825,596.585,596.79,702155.0
2025-06-03 17:15:00+00:00,596.795,597.01,596.73,596.865,660224.0
2025-06-03 17:20:00+00:00,596.86,597.08,596.79,596.921,351475.0
2025-06-03 17:25:00+00:00,596.91,597.0,596.705,596.75,559396.0
2025-06-03 17:30:00+00:00,596.77,596.8882,596.54,596.735,590315.0
2025-06-03 17:35:00+00:00,596.74,596.96,596.65,596.89,361749.0
2025-06-03 17:40:00+00:00,596.88,596.97,596.51,596.68,626129.0
2025-06-03 17:45:00+00:00,596.69,596.77,596.4,596.43,366171.0
2025-06-03 17:50:00+00:00,596.43,596.5889,596.175,596.48,637586.0
2025-06-03 17:55:00+00:00,596.48,596.55,596.06,596.11,470073.0
2025-06-03 18:00:00+00:00,596.12,596.1899,594.99,595.832,1644365.0
2025-06-03 18:05:00+00:00,595.84,595.91,595.3499,595.55,671567.0
2025-06-03 18:10:00+00:00,595.54,595.585,594.8001,595.19,1124334.0
2025-06-03 18:15:00+00:00,595.18,595.61,594.94,595.54,832124.0
2025-06-03 18:20:00+00:00,595.55,595.8,595.4903,595.66,739581.0
2025-06-03 18:25:00+00:00,595.67,596.195,595.53,596.15,556260.0
2025-06-03 18:30:00+00:00,596.17,596.38,596.15,596.25,567393.0
2025-06-03 18:35:00+00:00,596.25,596.265,595.905,596.16,543078.0
2025-06-03 18:40:00+00:00,596.145,596.38,596.05,596.355,419035.0
2025-06-03 18:45:00+00:00,596.36,596.47,596.28,596.35,479422.0
2025-06-03 18:50:00+00:00,596.35,596.42,595.99,596.175,500379.0
2025-06-03 18:55:00+00:00,596.175,596.36,596.07,596.33,411275.0
2025-06-03 19:00:00+00:00,596.34,596.51,596.145,596.2,572921.0
2025-06-03 19:05:00+00:00,596.2099,596.3099,596.07,596.26,651089.0
2025-06-03 19:10:00+00:00,596.26,596.285,595.78,596.035,1186646.0
2025-06-03 19:15:00+00:00,596.0301,596.26,595.97,596.19,604066.0
2025-06-03 19:20:00+00:00,596.19,596.235,595.94,596.07,622149.0
2025-06-03 19:25:00+00:00,596.06,596.275,595.8,596.26,908204.0
2025-06-03 19:30:00+00:00,596.255,596.41,596.06,596.22,774168.0
2025-06-03 19:35:00+00:00,596.21,596.45,596.19,596.3,917868.0
2025-06-03 19:40:00+00:00,596.29,596.37,595.8,595.94,1163765.0
2025-06-03 19:45:00+00:00,595.92,596.04,595.36,595.52,1513496.0
2025-06-03 19:50:00+00:00,595.52,596.22,595.23,595.97,2069792.0
2025-06-03 19:55:00+00:00,595.98,596.5,595.78,596.11,3612871.0
2025-06-03 20:00:00+00:00,596.11,596.13,595.64,595.79,1050726.0
2025-06-03 20:05:00+00:00,595.77,595.78,595.58,595.65,548995.0
2025-06-03 20:10:00+00:00,595.65,596.09,595.59,595.75,2643980.0
2025-06-03 20:15:00+00:00,595.75,595.78,595.5101,595.55,48216.0
2025-06-03 20:20:00+00:00,595.56,595.64,595.52,595.64,27390.0
2025-06-03 20:25:00+00:00,595.65,595.65,595.5801,595.64,30749.0
2025-06-03 20:30:00+00:00,595.59,595.65,595.59,595.6198,7849.0
2025-06-03 20:35:00+00:00,595.62,595.91,595.62,595.9,7667.0
2025-06-03 20:40:00+00:00,595.93,596.25,595.9,596.15,28438.0
2025-06-03 20:45:00+00:00,596.14,596.15,595.94,595.98,18538.0
2025-06-03 20:50:00+00:00,595.95,595.95,595.83,595.851,11504.0
2025-06-03 20:55:00+00:00,595.8985,595.99,595.8985,595.94,7156.0
2025-06-03 21:00:00+00:00,596.0,596.0,595.8999,595.97,6981.0
2025-06-03 21:05:00+00:00,595.97,595.97,595.88,595.96,15475.0
2025-06-03 21:10:00+00:00,596.0,596.0,595.99,595.99,2327.0
2025-06-03 21:15:00+00:00,596.01,596.03,596.0,596.0,2043.0
2025-06-03 21:20:00+00:00,595.99,596.05,595.9601,596.02,10627.0
2025-06-03 21:25:00+00:00,596.0,596.0,595.82,595.83,1421.0
2025-06-03 21:30:00+00:00,595.83,595.9399,595.83,595.9399,452.0
2025-06-03 21:35:00+00:00,596.0258,596.0258,596.0258,596.0258,314.0
2025-06-03 21:40:00+00:00,595.8619,596.0899,595.8619,596.0899,1288.0
2025-06-03 21:45:00+00:00,595.91,595.93,595.91,595.93,295.0
2025-06-03 21:50:00+00:00,595.93,595.97,595.93,595.97,488.0
2025-06-03 21:55:00+00:00,596.0899,596.09,596.0,596.08,4625.0
2025-06-03 22:00:00+00:00,595.96,596.12,595.94,596.0709,6974.0
2025-06-03 22:05:00+00:00,596.0701,596.081,595.96,595.96,4136.0
2025-06-03 22:10:00+00:00,596.16,596.2799,596.16,596.23,2970.0
2025-06-03 22:15:00+00:00,596.23,596.35,596.23,596.28,26568.0
2025-06-03 22:20:00+00:00,596.2088,596.32,596.1001,596.32,6024.0
2025-06-03 22:25:00+00:00,596.33,596.47,596.2513,596.4402,3671.0
2025-06-03 22:30:00+00:00,596.43,596.6,596.43,596.5892,6613.0
2025-06-03 22:35:00+00:00,596.5504,596.6001,596.55,596.5587,14201.0
2025-06-03 22:40:00+00:00,596.52,596.52,596.46,596.46,2628.0
2025-06-03 22:45:00+00:00,596.5001,596.5001,596.4104,596.4696,2164.0
2025-06-03 22:50:00+00:00,596.53,596.54,596.4103,596.48,2246.0
2025-06-03 22:55:00+00:00,596.49,596.5,596.49,596.5,781.0
2025-06-03 23:00:00+00:00,596.37,596.37,596.05,596.35,6732.0
2025-06-03 23:05:00+00:00,596.2801,596.5,596.2801,596.5,447.0
2025-06-03 23:10:00+00:00,596.5,596.52,596.3801,596.3801,4609.0
2025-06-03 23:15:00+00:00,596.37,596.52,596.37,596.52,5410.0
2025-06-03 23:20:00+00:00,596.5,596.5484,596.5,596.53,4834.0
2025-06-03 23:25:00+00:00,596.54,596.56,596.54,596.54,5333.0
2025-06-03 23:30:00+00:00,596.54,596.5705,596.24,596.25,8170.0
2025-06-03 23:35:00+00:00,596.2208,596.5,596.22,596.5,6375.0
2025-06-03 23:45:00+00:00,596.4,596.4,596.3483,596.3483,2515.0
2025-06-03 23:50:00+00:00,596.19,596.35,596.06,596.35,11236.0
2025-06-03 23:55:00+00:00,596.3,596.39,596.27,596.3017,4700.0
2025-06-04 08:00:00+00:00,596.99,597.24,596.84,597.22,12323.0
2025-06-04 08:05:00+00:00,597.3,597.3,597.15,597.24,6087.0
2025-06-04 08:10:00+00:00,597.29,597.54,597.17,597.54,5641.0
2025-06-04 08:15:00+00:00,597.57,597.63,597.4,597.4,2923.0
2025-06-04 08:20:00+00:00,597.35,597.37,597.23,597.35,7032.0
2025-06-04 08:25:00+00:00,597.34,597.34,597.18,597.2,2849.0
2025-06-04 08:30:00+00:00,597.19,597.31,597.17,597.31,3477.0
2025-06-04 08:35:00+00:00,597.3,597.36,597.28,597.28,3115.0
2025-06-04 08:40:00+00:00,597.32,597.33,597.19,597.19,1760.0
2025-06-04 08:45:00+00:00,597.28,597.28,597.28,597.28,405.0
2025-06-04 08:50:00+00:00,597.19,597.19,597.1,597.1,1172.0
2025-06-04 08:55:00+00:00,596.98,596.98,596.84,596.85,5739.0
2025-06-04 09:00:00+00:00,596.93,597.04,596.83,596.83,1592.0
2025-06-04 09:05:00+00:00,596.95,597.01,596.94,597.0,1028.0
2025-06-04 09:10:00+00:00,597.05,597.3,596.99,597.15,2617.0
2025-06-04 09:15:00+00:00,597.17,597.17,597.16,597.16,893.0
2025-06-04 09:20:00+00:00,597.31,597.31,597.29,597.29,1234.0
2025-06-04 09:25:00+00:00,597.23,597.35,597.23,597.35,390.0
2025-06-04 09:30:00+00:00,597.21,597.21,597.14,597.2,1703.0
2025-06-04 09:35:00+00:00,597.35,597.35,597.33,597.33,709.0
2025-06-04 09:40:00+00:00,597.32,597.42,597.25,597.42,4374.0
2025-06-04 09:45:00+00:00,597.42,597.45,597.4,597.4,1519.0
2025-06-04 09:50:00+00:00,597.22,597.31,597.22,597.3,1257.0
2025-06-04 09:55:00+00:00,597.27,597.27,597.2,597.26,1029.0
2025-06-04 10:00:00+00:00,597.22,597.42,597.22,597.42,4317.0
2025-06-04 10:05:00+00:00,597.45,597.61,597.45,597.6,4869.0
2025-06-04 10:10:00+00:00,597.59,597.63,597.43,597.46,2492.0
2025-06-04 10:15:00+00:00,597.49,597.49,597.26,597.26,3329.0
2025-06-04 10:20:00+00:00,597.19,597.19,596.95,596.95,4496.0
2025-06-04 10:25:00+00:00,597.2,597.2,597.07,597.15,2245.0
2025-06-04 10:30:00+00:00,597.08,597.08,596.93,596.93,3397.0
2025-06-04 10:35:00+00:00,596.92,597.04,596.92,597.04,3224.0
2025-06-04 10:40:00+00:00,597.06,597.12,597.05,597.11,7772.0
2025-06-04 10:45:00+00:00,597.21,597.21,597.21,597.21,2591.0
2025-06-04 10:50:00+00:00,597.14,597.33,597.14,597.29,2019.0
2025-06-04 10:55:00+00:00,597.27,597.43,597.25,597.42,3468.0
2025-06-04 11:00:00+00:00,597.44,597.46,597.25,597.29,8637.0
2025-06-04 11:05:00+00:00,597.28,597.48,597.22,597.29,11116.0
2025-06-04 11:10:00+00:00,597.33,597.33,597.25,597.25,2288.0
2025-06-04 11:15:00+00:00,597.24,597.27,597.21,597.25,3079.0
2025-06-04 11:20:00+00:00,597.23,597.24,597.03,597.05,11556.0
2025-06-04 11:25:00+00:00,597.05,597.05,596.95,597.01,3270.0
2025-06-04 11:30:00+00:00,597.02,597.04,596.92,597.0,3726.0
2025-06-04 11:35:00+00:00,597.0,597.13,596.94,597.13,5657.0
2025-06-04 11:40:00+00:00,597.16,597.3,597.01,597.23,16512.0
2025-06-04 11:45:00+00:00,597.33,597.45,597.32,597.4,5368.0
2025-06-04 11:50:00+00:00,597.4,597.5,597.4,597.46,2970.0
2025-06-04 11:55:00+00:00,597.46,597.48,597.29,597.29,4514.0
2025-06-04 12:00:00+00:00,597.32,597.56,595.57,597.44,55048.0
2025-06-04 12:05:00+00:00,597.41,597.67,597.41,597.49,15002.0
2025-06-04 12:10:00+00:00,597.44,597.5399,597.43,597.43,5274.0
2025-06-04 12:15:00+00:00,597.41,597.43,596.38,596.45,158974.0
2025-06-04 12:20:00+00:00,596.46,596.49,595.52,595.6,101504.0
2025-06-04 12:25:00+00:00,595.6,596.05,595.46,595.87,53596.0
2025-06-04 12:30:00+00:00,595.85,596.36,595.85,596.1,93589.0
2025-06-04 12:35:00+00:00,596.11,596.35,595.8819,596.0,50875.0
2025-06-04 12:40:00+00:00,596.0,596.02,595.58,595.75,49222.0
2025-06-04 12:45:00+00:00,595.8,596.2,595.77,596.12,37799.0
2025-06-04 12:50:00+00:00,596.12,596.2,595.91,596.19,16993.0
2025-06-04 12:55:00+00:00,596.2,596.3,596.0,596.26,33056.0
2025-06-04 13:00:00+00:00,596.26,596.37,596.11,596.29,32869.0
2025-06-04 13:05:00+00:00,596.28,596.33,596.1,596.2,25509.0
2025-06-04 13:10:00+00:00,596.17,596.4493,596.1608,596.431,16507.0
2025-06-04 13:15:00+00:00,596.45,596.6499,596.35,596.6496,42979.0
2025-06-04 13:20:00+00:00,596.63,596.93,596.63,596.75,75498.0
2025-06-04 13:25:00+00:00,596.72,596.98,596.43,596.98,105275.0
2025-06-04 13:30:00+00:00,596.96,597.605,596.79,597.555,1670636.0
2025-06-04 13:35:00+00:00,597.58,597.915,597.37,597.77,1302144.0
2025-06-04 13:40:00+00:00,597.77,597.95,597.32,597.44,887099.0
2025-06-04 13:45:00+00:00,597.38,597.845,597.32,597.8,1255248.0
2025-06-04 13:50:00+00:00,597.81,597.83,597.185,597.36,833059.0
2025-06-04 13:55:00+00:00,597.34,597.64,597.18,597.565,502990.0
2025-06-04 14:00:00+00:00,597.5,597.58,596.27,596.66,1521514.0
2025-06-04 14:05:00+00:00,596.66,596.845,595.49,596.34,1874033.0
2025-06-04 14:10:00+00:00,596.35,596.9201,596.33,596.81,950225.0
2025-06-04 14:15:00+00:00,596.8,597.31,596.65,597.0701,756574.0
2025-06-04 14:20:00+00:00,597.085,597.24,596.78,597.09,640010.0
2025-06-04 14:25:00+00:00,597.08,597.7,597.07,597.585,785616.0
2025-06-04 14:30:00+00:00,597.58,597.77,597.415,597.51,745321.0
2025-06-04 14:35:00+00:00,597.52,597.74,597.07,597.3,968516.0
2025-06-04 14:40:00+00:00,597.28,597.42,596.8,596.99,724280.0
2025-06-04 14:45:00+00:00,597.0,597.41,596.71,597.2007,470631.0
2025-06-04 14:50:00+00:00,597.2,597.2,596.695,597.135,550393.0
2025-06-04 14:55:00+00:00,597.13,597.54,596.97,597.525,398416.0
2025-06-04 15:00:00+00:00,597.54,597.68,597.34,597.53,505072.0
2025-06-04 15:05:00+00:00,597.53,597.875,597.45,597.73,396998.0
2025-06-04 15:10:00+00:00,597.72,597.865,597.505,597.53,453192.0
2025-06-04 15:15:00+00:00,597.54,597.7,597.23,597.42,633500.0
2025-06-04 15:20:00+00:00,597.43,597.53,597.13,597.335,423655.0
2025-06-04 15:25:00+00:00,597.34,597.38,596.97,596.99,422869.0
2025-06-04 15:30:00+00:00,596.99,597.209,596.755,597.025,549190.0
2025-06-04 15:35:00+00:00,597.01,597.24,596.8,597.12,355398.0
2025-06-04 15:40:00+00:00,597.12,597.41,596.41,596.5901,746923.0
2025-06-04 15:45:00+00:00,596.57,597.2,596.5299,596.9,848224.0
2025-06-04 15:50:00+00:00,596.89,597.31,596.885,597.06,414900.0
2025-06-04 15:55:00+00:00,597.06,597.14,596.67,596.88,301686.0
2025-06-04 16:00:00+00:00,596.87,596.94,596.5,596.6,479858.0
2025-06-04 16:05:00+00:00,596.61,596.71,596.38,596.48,440380.0
2025-06-04 16:10:00+00:00,596.475,596.54,595.7909,595.87,616460.0
2025-06-04 16:15:00+00:00,595.86,596.45,595.83,596.42,839646.0
2025-06-04 16:20:00+00:00,596.41,596.4351,595.9913,596.17,337171.0
2025-06-04 16:25:00+00:00,596.18,596.36,595.8806,595.925,378710.0
2025-06-04 16:30:00+00:00,595.91,596.38,595.87,596.11,431504.0
2025-06-04 16:35:00+00:00,596.1085,596.28,595.98,596.17,335918.0
2025-06-04 16:40:00+00:00,596.16,596.49,596.13,596.4776,346675.0
2025-06-04 16:45:00+00:00,596.47,596.83,596.44,596.795,386354.0
2025-06-04 16:50:00+00:00,596.785,596.84,596.57,596.6744,391013.0
2025-06-04 16:55:00+00:00,596.66,596.82,596.62,596.77,239390.0
2025-06-04 17:00:00+00:00,596.77,597.185,596.75,597.125,512775.0
2025-06-04 17:05:00+00:00,597.12,597.21,597.085,597.18,296474.0
2025-06-04 17:10:00+00:00,597.17,597.385,597.15,597.25,612238.0
2025-06-04 17:15:00+00:00,597.26,597.3599,597.09,597.2012,354928.0
2025-06-04 17:20:00+00:00,597.2084,597.36,597.18,597.22,751130.0
2025-06-04 17:25:00+00:00,597.2301,597.43,597.22,597.315,273331.0
2025-06-04 17:30:00+00:00,597.31,597.38,597.12,597.33,352713.0
2025-06-04 17:35:00+00:00,597.33,597.565,597.2707,597.29,294589.0
2025-06-04 17:40:00+00:00,597.29,597.42,597.05,597.36,396388.0
2025-06-04 17:45:00+00:00,597.36,597.57,597.31,597.54,361178.0
2025-06-04 17:50:00+00:00,597.53,597.575,597.38,597.475,301301.0
2025-06-04 17:55:00+00:00,597.465,597.67,597.45,597.57,361181.0
2025-06-04 18:00:00+00:00,597.58,597.835,597.57,597.73,469204.0
2025-06-04 18:05:00+00:00,597.72,597.93,597.46,597.55,697205.0
2025-06-04 18:10:00+00:00,597.56,597.66,597.37,597.51,532627.0
2025-06-04 18:15:00+00:00,597.52,597.62,597.425,597.52,312184.0
2025-06-04 18:20:00+00:00,597.53,597.7687,597.5299,597.565,361711.0
2025-06-04 18:25:00+00:00,597.56,597.6101,597.29,597.59,527748.0
2025-06-04 18:30:00+00:00,597.59,597.68,597.25,597.35,445155.0
2025-06-04 18:35:00+00:00,597.34,597.48,597.205,597.37,362041.0
2025-06-04 18:40:00+00:00,597.38,597.55,597.29,597.46,331457.0
2025-06-04 18:45:00+00:00,597.47,597.49,597.08,597.22,667379.0
2025-06-04 18:50:00+00:00,597.22,597.22,596.84,597.15,771625.0
2025-06-04 18:55:00+00:00,597.1551,597.1601,596.92,597.0212,285835.0
2025-06-04 19:00:00+00:00,597.03,597.23,596.9207,597.169,498995.0
2025-06-04 19:05:00+00:00,597.16,597.18,596.77,596.8201,525548.0
2025-06-04 19:10:00+00:00,596.82,597.1585,596.79,597.08,444875.0
2025-06-04 19:15:00+00:00,597.07,597.095,596.71,596.92,496060.0
2025-06-04 19:20:00+00:00,596.93,597.6,596.82,596.98,639162.0
2025-06-04 19:25:00+00:00,596.98,597.04,596.89,597.03,558361.0
2025-06-04 19:30:00+00:00,597.03,597.245,596.8913,596.8916,1458406.0
2025-06-04 19:35:00+00:00,596.9,597.015,596.785,596.79,969207.0
2025-06-04 19:40:00+00:00,596.8,596.86,596.43,596.74,1368699.0
2025-06-04 19:45:00+00:00,596.75,596.94,596.46,596.53,1182623.0
2025-06-04 19:50:00+00:00,596.53,596.54,596.06,596.27,1883772.0
2025-06-04 19:55:00+00:00,596.28,596.5,595.89,595.9,3422965.0
2025-06-04 20:00:00+00:00,595.88,595.96,595.66,595.9505,562117.0
2025-06-04 20:05:00+00:00,595.95,596.1,595.76,595.94,154869.0
2025-06-04 20:10:00+00:00,595.92,596.05,595.88,595.96,1385869.0
2025-06-04 20:15:00+00:00,595.95,595.97,595.88,595.96,62941.0
2025-06-04 20:20:00+00:00,595.96,596.1,595.81,596.01,102195.0
2025-06-04 20:25:00+00:00,596.07,596.07,595.8399,595.91,31201.0
2025-06-04 20:30:00+00:00,595.93,595.93,595.77,595.77,31763.0
2025-06-04 20:35:00+00:00,595.79,595.87,595.78,595.81,12063.0
2025-06-04 20:40:00+00:00,595.77,595.86,595.77,595.86,13067.0
2025-06-04 20:45:00+00:00,595.86,596.0,595.86,595.91,9971.0
2025-06-04 20:50:00+00:00,595.87,595.92,595.75,595.75,28337.0
2025-06-04 20:55:00+00:00,595.72,595.81,595.65,595.73,22150.0
2025-06-04 21:00:00+00:00,595.81,595.81,595.75,595.7501,8902.0
2025-06-04 21:05:00+00:00,595.8085,595.83,595.8085,595.83,498.0
2025-06-04 21:10:00+00:00,595.8399,595.84,595.76,595.84,3205.0
2025-06-04 21:15:00+00:00,595.76,595.83,595.76,595.83,1847.0
2025-06-04 21:20:00+00:00,595.89,595.89,595.79,595.79,14299.0
2025-06-04 21:25:00+00:00,595.89,595.89,595.79,595.8,6433.0
2025-06-04 21:30:00+00:00,595.81,595.83,595.81,595.83,1148.0
2025-06-04 21:35:00+00:00,595.83,595.86,595.83,595.8577,1352.0
2025-06-04 21:40:00+00:00,595.83,595.89,595.72,595.8,17374.0
2025-06-04 21:45:00+00:00,595.72,595.8,595.68,595.7,4502.0
2025-06-04 21:50:00+00:00,595.68,595.74,595.68,595.73,2423.0
2025-06-04 21:55:00+00:00,595.68,595.74,595.61,595.61,5718.0
2025-06-04 22:00:00+00:00,595.6,595.68,595.49,595.65,18852.0
2025-06-04 22:05:00+00:00,595.7,595.82,595.68,595.8099,25073.0
2025-06-04 22:10:00+00:00,595.77,595.8899,595.77,595.8899,2150.0
2025-06-04 22:15:00+00:00,595.7302,595.7302,595.7302,595.7302,201.0
2025-06-04 22:20:00+00:00,595.82,595.82,595.78,595.78,635.0
2025-06-04 22:25:00+00:00,595.93,595.9799,595.89,595.9,1245.0
2025-06-04 22:30:00+00:00,595.95,596.1,595.95,595.9904,3745.0
2025-06-04 22:35:00+00:00,596.0,596.1,596.0,596.0596,13777.0
2025-06-04 22:40:00+00:00,596.13,596.13,595.7301,595.79,9166.0
2025-06-04 22:45:00+00:00,595.8,595.8,595.79,595.79,625.0
2025-06-04 22:50:00+00:00,595.8,595.81,595.74,595.8,2355.0
2025-06-04 22:55:00+00:00,595.75,595.75,595.68,595.68,6623.0
2025-06-04 23:00:00+00:00,595.78,595.84,595.719,595.719,1715.0
2025-06-04 23:05:00+00:00,595.7,595.7,595.51,595.61,39668.0
2025-06-04 23:10:00+00:00,595.5,595.5,595.5,595.5,532.0
2025-06-04 23:15:00+00:00,595.62,595.62,595.5,595.5,1438.0
2025-06-04 23:20:00+00:00,595.46,595.5,595.46,595.49,1713.0
2025-06-04 23:25:00+00:00,595.49,595.56,595.41,595.56,1018.0
2025-06-04 23:30:00+00:00,595.5,595.5,595.47,595.47,756.0
2025-06-04 23:35:00+00:00,595.49,595.49,595.46,595.46,5141.0
2025-06-04 23:40:00+00:00,595.48,595.51,595.37,595.37,3172.0
2025-06-04 23:45:00+00:00,595.6399,595.6399,595.6,595.62,1693.0
2025-06-04 23:50:00+00:00,595.54,595.54,595.45,595.45,5985.0
2025-06-04 23:55:00+00:00,595.5,595.5,595.39,595.48,1498.0
2025-06-05 08:00:00+00:00,596.5,597.47,596.5,597.44,8161.0
2025-06-05 08:05:00+00:00,597.5,597.52,597.4,597.4,1291.0
2025-06-05 08:10:00+00:00,597.47,597.47,597.4,597.4,760.0
2025-06-05 08:15:00+00:00,597.31,597.35,597.3,597.3,1848.0
2025-06-05 08:20:00+00:00,597.18,597.49,597.18,597.49,1425.0
2025-06-05 08:25:00+00:00,597.49,597.63,597.46,597.63,12374.0
2025-06-05 08:30:00+00:00,597.53,597.7,597.53,597.69,1830.0
2025-06-05 08:35:00+00:00,597.5,597.5,597.41,597.41,1156.0
2025-06-05 08:40:00+00:00,597.52,597.52,597.37,597.37,1134.0
2025-06-05 08:45:00+00:00,597.32,597.32,597.05,597.05,3068.0
2025-06-05 08:50:00+00:00,597.1,597.1,596.85,596.89,20146.0
2025-06-05 08:55:00+00:00,596.71,596.87,596.57,596.87,7424.0
2025-06-05 09:00:00+00:00,596.83,596.84,596.68,596.82,3405.0
2025-06-05 09:05:00+00:00,596.8,596.87,596.67,596.81,4890.0
2025-06-05 09:10:00+00:00,596.78,596.84,596.64,596.66,3438.0
2025-06-05 09:15:00+00:00,596.55,596.61,596.37,596.61,4121.0
2025-06-05 09:20:00+00:00,596.59,596.62,596.51,596.57,1424.0
2025-06-05 09:25:00+00:00,596.59,596.75,596.59,596.65,2654.0
2025-06-05 09:30:00+00:00,596.57,596.63,596.55,596.6,1352.0
2025-06-05 09:35:00+00:00,596.57,596.61,596.56,596.61,857.0
2025-06-05 09:40:00+00:00,596.73,596.73,596.73,596.73,151.0
2025-06-05 09:45:00+00:00,596.74,596.75,596.74,596.75,370.0
2025-06-05 09:50:00+00:00,596.5,596.52,596.33,596.52,5165.0
2025-06-05 09:55:00+00:00,596.58,596.58,596.45,596.45,831.0
2025-06-05 10:00:00+00:00,596.59,596.82,596.59,596.82,1724.0
2025-06-05 10:05:00+00:00,596.7,596.84,596.7,596.84,1821.0
2025-06-05 10:10:00+00:00,597.0,597.0,596.95,596.95,600.0
2025-06-05 10:15:00+00:00,596.96,596.96,596.96,596.96,297.0
2025-06-05 10:20:00+00:00,597.02,597.02,596.91,596.91,2969.0
2025-06-05 10:25:00+00:00,596.85,596.85,596.82,596.82,1577.0
2025-06-05 10:30:00+00:00,596.86,597.07,596.85,596.85,1542.0
2025-06-05 10:35:00+00:00,596.81,596.81,596.73,596.73,1264.0
2025-06-05 10:40:00+00:00,596.63,596.76,596.08,596.19,14546.0
2025-06-05 10:45:00+00:00,596.13,596.28,596.13,596.25,2194.0
2025-06-05 10:50:00+00:00,596.23,596.3,596.21,596.3,1372.0
2025-06-05 10:55:00+00:00,596.36,596.42,596.36,596.42,3428.0
2025-06-05 11:00:00+00:00,596.4,596.57,596.26,596.33,13926.0
2025-06-05 11:05:00+00:00,596.3,596.4,596.17,596.4,4738.0
2025-06-05 11:10:00+00:00,596.33,596.33,595.93,595.93,6373.0
2025-06-05 11:15:00+00:00,595.94,596.16,595.92,596.16,8382.0
2025-06-05 11:20:00+00:00,596.19,596.22,596.05,596.16,5245.0
2025-06-05 11:25:00+00:00,596.18,596.18,595.95,595.97,1856.0
2025-06-05 11:30:00+00:00,596.01,596.43,596.01,596.43,4873.0
2025-06-05 11:35:00+00:00,596.42,596.42,596.32,596.32,5680.0
2025-06-05 11:40:00+00:00,596.15,596.15,596.0,596.06,5017.0
2025-06-05 11:45:00+00:00,596.1,596.5,596.1,596.5,4273.0
2025-06-05 11:50:00+00:00,596.5,596.59,596.48,596.53,12725.0
2025-06-05 11:55:00+00:00,596.55,596.57,596.34,596.41,3275.0
2025-06-05 12:00:00+00:00,595.8,597.49,595.484,596.3,71087.0
2025-06-05 12:05:00+00:00,596.41,596.53,596.33,596.52,19229.0
2025-06-05 12:10:00+00:00,596.53,596.76,596.53,596.65,16120.0
2025-06-05 12:15:00+00:00,596.67,596.6879,596.53,596.55,13115.0
2025-06-05 12:20:00+00:00,596.57,596.61,596.48,596.5601,6675.0
2025-06-05 12:25:00+00:00,596.55,596.55,596.3507,596.4,15448.0
2025-06-05 12:30:00+00:00,596.35,596.35,595.3,596.14,136875.0
2025-06-05 12:35:00+00:00,596.15,596.59,596.0904,596.47,43237.0
2025-06-05 12:40:00+00:00,596.54,596.629,596.31,596.34,13523.0
2025-06-05 12:45:00+00:00,596.35,599.73,596.17,598.15,487434.0
2025-06-05 12:50:00+00:00,598.19,598.7301,597.53,597.58,490891.0
2025-06-05 12:55:00+00:00,597.6,598.12,596.94,597.33,226413.0
2025-06-05 13:00:00+00:00,597.27,597.9,597.24,597.75,63541.0
2025-06-05 13:05:00+00:00,597.77,597.83,597.46,597.77,57028.0
2025-06-05 13:10:00+00:00,597.81,597.83,597.5,597.61,23439.0
2025-06-05 13:15:00+00:00,597.6,597.68,597.1,597.66,31889.0
2025-06-05 13:20:00+00:00,597.68,597.72,597.29,597.34,47661.0
2025-06-05 13:25:00+00:00,597.29,597.64,597.16,597.63,103061.0
2025-06-05 13:30:00+00:00,597.63,597.905,596.05,596.57,1829078.0
2025-06-05 13:35:00+00:00,596.57,596.64,595.25,595.56,1039845.0
2025-06-05 13:40:00+00:00,595.56,596.26,595.28,595.87,1230175.0
2025-06-05 13:45:00+00:00,595.85,595.9,594.39,595.21,1390687.0
2025-06-05 13:50:00+00:00,595.22,595.56,594.52,594.97,929752.0
2025-06-05 13:55:00+00:00,594.95,595.11,593.91,594.2897,1236021.0
2025-06-05 14:00:00+00:00,594.29,594.89,594.23,594.63,970152.0
2025-06-05 14:05:00+00:00,594.63,595.285,594.17,594.21,934724.0
2025-06-05 14:10:00+00:00,594.2,594.95,594.19,594.6888,615294.0
2025-06-05 14:15:00+00:00,594.69,594.98,594.39,594.6,607290.0
2025-06-05 14:20:00+00:00,594.61,595.77,594.595,595.68,719926.0
2025-06-05 14:25:00+00:00,595.67,596.21,595.66,596.165,736843.0
2025-06-05 14:30:00+00:00,596.16,596.3,595.0,595.03,1138599.0
2025-06-05 14:35:00+00:00,595.02,596.33,594.0,595.95,1965148.0
2025-06-05 14:40:00+00:00,595.95,597.52,595.02,596.57,2551929.0
2025-06-05 14:45:00+00:00,596.56,597.58,596.05,596.24,2443500.0
2025-06-05 14:50:00+00:00,596.23,596.75,595.94,596.7173,761711.0
2025-06-05 14:55:00+00:00,596.72,597.45,596.58,597.295,894067.0
2025-06-05 15:00:00+00:00,597.29,597.625,597.29,597.6,1086420.0
2025-06-05 15:05:00+00:00,597.61,597.61,597.06,597.44,844594.0
2025-06-05 15:10:00+00:00,597.45,597.66,597.35,597.545,420367.0
2025-06-05 15:15:00+00:00,597.55,598.58,597.49,598.3711,1289736.0
2025-06-05 15:20:00+00:00,598.38,598.59,598.31,598.5,594424.0
2025-06-05 15:25:00+00:00,598.51,598.735,598.23,598.6601,648469.0
2025-06-05 15:30:00+00:00,598.65,598.781,598.5401,598.59,681944.0
2025-06-05 15:35:00+00:00,598.58,598.69,598.31,598.5131,540036.0
2025-06-05 15:40:00+00:00,598.56,598.76,598.34,598.61,489490.0
2025-06-05 15:45:00+00:00,598.61,598.64,598.17,598.33,403872.0
2025-06-05 15:50:00+00:00,598.34,598.66,598.23,598.46,387171.0
2025-06-05 15:55:00+00:00,598.46,599.0,598.34,598.7799,717515.0
2025-06-05 16:00:00+00:00,598.76,598.95,598.625,598.89,403828.0
2025-06-05 16:05:00+00:00,598.9,598.95,598.3,598.45,523868.0
2025-06-05 16:10:00+00:00,598.45,598.56,597.98,598.03,562667.0
2025-06-05 16:15:00+00:00,598.02,598.14,597.03,597.69,1040148.0
2025-06-05 16:20:00+00:00,597.69,598.03,597.45,597.65,609754.0
2025-06-05 16:25:00+00:00,597.66,597.99,597.45,597.89,438116.0
2025-06-05 16:30:00+00:00,597.9,598.02,597.56,597.68,348462.0
2025-06-05 16:35:00+00:00,597.67,597.76,597.03,597.215,504883.0
2025-06-05 16:40:00+00:00,597.21,597.385,596.895,596.9,499616.0
2025-06-05 16:45:00+00:00,596.9048,596.9048,594.89,595.25,2343983.0
2025-06-05 16:50:00+00:00,595.25,595.68,594.26,595.26,1473871.0
2025-06-05 16:55:00+00:00,595.27,595.48,594.71,594.76,910564.0
2025-06-05 17:00:00+00:00,594.75,595.26,594.305,594.95,1197224.0
2025-06-05 17:05:00+00:00,594.98,595.775,594.79,595.65,715197.0
2025-06-05 17:10:00+00:00,595.64,596.12,595.56,596.12,572811.0
2025-06-05 17:15:00+00:00,596.11,596.43,596.11,596.1101,599100.0
2025-06-05 17:20:00+00:00,596.11,596.62,596.1,596.46,445842.0
2025-06-05 17:25:00+00:00,596.46,596.68,596.29,596.47,364110.0
2025-06-05 17:30:00+00:00,596.45,596.89,596.44,596.7284,430165.0
2025-06-05 17:35:00+00:00,596.73,596.93,596.66,596.82,386457.0
2025-06-05 17:40:00+00:00,596.82,596.9797,596.69,596.87,427642.0
2025-06-05 17:45:00+00:00,596.88,596.95,596.46,596.6499,580749.0
2025-06-05 17:50:00+00:00,596.63,596.78,596.33,596.51,605086.0
2025-06-05 17:55:00+00:00,596.52,596.53,595.68,595.82,584015.0
2025-06-05 18:00:00+00:00,595.84,596.02,595.06,595.18,1073768.0
2025-06-05 18:05:00+00:00,595.18,595.23,594.58,594.945,955525.0
2025-06-05 18:10:00+00:00,594.95,595.09,594.52,594.8,753685.0
2025-06-05 18:15:00+00:00,594.8,594.8,593.06,594.51,1780920.0
2025-06-05 18:20:00+00:00,594.53,595.37,594.4,595.315,763716.0
2025-06-05 18:25:00+00:00,595.36,595.47,595.09,595.3388,690853.0
2025-06-05 18:30:00+00:00,595.34,595.69,595.23,595.67,603295.0
2025-06-05 18:35:00+00:00,595.68,596.12,595.09,595.85,1222471.0
2025-06-05 18:40:00+00:00,595.86,595.88,595.18,595.63,557240.0
2025-06-05 18:45:00+00:00,595.62,595.98,595.48,595.55,373232.0
2025-06-05 18:50:00+00:00,595.56,595.83,595.38,595.5498,395862.0
2025-06-05 18:55:00+00:00,595.53,595.92,595.14,595.24,470001.0
2025-06-05 19:00:00+00:00,595.24,595.51,594.75,594.945,685721.0
2025-06-05 19:05:00+00:00,594.9309,595.2595,594.811,595.0,817633.0
2025-06-05 19:10:00+00:00,595.02,595.28,593.64,593.8,1979343.0
2025-06-05 19:15:00+00:00,593.82,594.2,591.05,591.87,3276287.0
2025-06-05 19:20:00+00:00,591.821,592.18,591.17,591.39,2488397.0
2025-06-05 19:25:00+00:00,591.39,592.87,591.2,592.46,1704201.0
2025-06-05 19:30:00+00:00,592.47,593.31,592.4,593.15,1851630.0
2025-06-05 19:35:00+00:00,593.17,594.73,593.09,594.44,2067172.0
2025-06-05 19:40:00+00:00,594.44,594.65,593.44,593.7901,1396245.0
2025-06-05 19:45:00+00:00,593.79,594.48,593.7,594.29,1778987.0
2025-06-05 19:50:00+00:00,594.32,594.77,592.57,592.65,2860183.0
2025-06-05 19:55:00+00:00,592.65,593.17,592.2,593.0,4823012.0
2025-06-05 20:00:00+00:00,592.97,593.6,592.9325,593.44,963902.0
2025-06-05 20:05:00+00:00,593.4,593.7,593.15,593.57,371544.0
2025-06-05 20:10:00+00:00,593.6,593.61,593.15,593.21,3956093.0
2025-06-05 20:15:00+00:00,593.24,593.32,592.27,592.6,140795.0
2025-06-05 20:20:00+00:00,592.62,592.92,592.58,592.79,120380.0
2025-06-05 20:25:00+00:00,592.83,593.31,592.73,593.06,337408.0
2025-06-05 20:30:00+00:00,593.0,593.11,592.75,592.77,179189.0
2025-06-05 20:35:00+00:00,592.8,592.8,592.3,592.31,88963.0
2025-06-05 20:40:00+00:00,592.39,592.51,592.24,592.5,27850.0
2025-06-05 20:45:00+00:00,592.52,592.9,592.46,592.9,39645.0
2025-06-05 20:50:00+00:00,592.86,592.86,592.53,592.56,11528.0
2025-06-05 20:55:00+00:00,592.55,592.62,592.11,592.17,34310.0
2025-06-05 21:00:00+00:00,592.19,592.2,592.08,592.1,10126.0
2025-06-05 21:05:00+00:00,592.1,592.1197,591.9,591.9901,31338.0
2025-06-05 21:10:00+00:00,592.0,592.4,591.96,591.9601,27109.0
2025-06-05 21:15:00+00:00,592.0,592.05,591.95,591.95,30912.0
2025-06-05 21:20:00+00:00,591.9756,591.99,591.8,591.93,29361.0
2025-06-05 21:25:00+00:00,591.97,592.0,591.86,592.0,14145.0
2025-06-05 21:30:00+00:00,591.99,592.08,591.9,591.9,11074.0
2025-06-05 21:35:00+00:00,591.88,591.96,591.7657,591.9004,27327.0
2025-06-05 21:40:00+00:00,591.9019,592.0,591.9,591.94,9193.0
2025-06-05 21:45:00+00:00,591.9,591.95,591.63,591.63,20847.0
2025-06-05 21:50:00+00:00,591.64,591.66,591.6,591.64,15017.0
2025-06-05 21:55:00+00:00,591.6499,591.6499,591.5,591.5,12975.0
2025-06-05 22:00:00+00:00,591.42,591.88,591.33,591.88,20910.0
2025-06-05 22:05:00+00:00,591.85,591.99,591.83,591.9099,15040.0
2025-06-05 22:10:00+00:00,591.86,592.12,591.86,592.1,12714.0
2025-06-05 22:15:00+00:00,592.11,592.33,592.08,592.28,11798.0
2025-06-05 22:20:00+00:00,592.33,592.4,592.22,592.37,9094.0
2025-06-05 22:25:00+00:00,592.32,592.4,592.3,592.4,7720.0
2025-06-05 22:30:00+00:00,592.409,592.5,592.3,592.5,26256.0
2025-06-05 22:35:00+00:00,592.34,592.34,592.14,592.2215,10721.0
2025-06-05 22:40:00+00:00,592.27,592.3001,592.27,592.3,1598.0
2025-06-05 22:45:00+00:00,592.29,592.67,592.29,592.6399,4614.0
2025-06-05 22:50:00+00:00,592.65,592.83,592.6,592.83,4861.0
2025-06-05 22:55:00+00:00,592.84,592.96,592.81,592.8801,7071.0
2025-06-05 23:00:00+00:00,592.94,593.08,592.89,593.03,5972.0
2025-06-05 23:05:00+00:00,593.05,593.06,592.88,593.0,6095.0
2025-06-05 23:10:00+00:00,592.87,593.06,592.87,593.01,7318.0
2025-06-05 23:15:00+00:00,593.0,593.0,592.53,592.63,7978.0
2025-06-05 23:20:00+00:00,592.6401,592.8981,592.6401,592.81,6433.0
2025-06-05 23:25:00+00:00,592.7507,592.99,592.7507,592.77,1767.0
2025-06-05 23:30:00+00:00,592.78,592.8,592.63,592.64,5263.0
2025-06-05 23:35:00+00:00,592.62,592.7,592.56,592.7,4289.0
2025-06-05 23:40:00+00:00,592.73,593.0785,592.68,592.9,7774.0
2025-06-05 23:50:00+00:00,592.931,593.3199,592.9301,593.2,11326.0
2025-06-05 23:55:00+00:00,593.191,593.191,592.83,592.83,8507.0
2025-06-06 08:00:00+00:00,594.72,595.5,594.72,595.5,11575.0
2025-06-06 08:05:00+00:00,595.58,595.58,595.35,595.35,5503.0
2025-06-06 08:10:00+00:00,595.45,595.45,595.18,595.19,2625.0
2025-06-06 08:15:00+00:00,595.12,595.2,595.12,595.2,1511.0
2025-06-06 08:20:00+00:00,595.1,595.1,595.01,595.01,2444.0
2025-06-06 08:25:00+00:00,594.93,595.23,594.93,595.23,2106.0
2025-06-06 08:30:00+00:00,595.23,595.26,595.23,595.23,2485.0
2025-06-06 08:35:00+00:00,595.26,595.33,595.09,595.1,1644.0
2025-06-06 08:40:00+00:00,595.28,595.33,595.28,595.33,378.0
2025-06-06 08:45:00+00:00,595.28,595.4,595.28,595.39,6289.0
2025-06-06 08:50:00+00:00,595.39,595.39,595.24,595.28,15847.0
2025-06-06 08:55:00+00:00,595.25,595.42,595.25,595.41,2862.0
2025-06-06 09:00:00+00:00,595.44,595.5,595.22,595.23,2163.0
2025-06-06 09:05:00+00:00,595.37,595.38,595.2,595.27,20065.0
2025-06-06 09:10:00+00:00,595.22,595.39,595.17,595.37,25320.0
2025-06-06 09:15:00+00:00,595.44,595.5,595.42,595.48,1609.0
2025-06-06 09:20:00+00:00,595.57,595.58,595.57,595.58,307.0
2025-06-06 09:25:00+00:00,595.64,595.64,595.55,595.55,565.0
2025-06-06 09:30:00+00:00,595.58,595.7,595.54,595.7,1751.0
2025-06-06 09:35:00+00:00,595.7,595.79,595.7,595.79,4671.0
2025-06-06 09:40:00+00:00,595.75,595.75,595.33,595.37,5170.0
2025-06-06 09:45:00+00:00,595.48,595.6,595.42,595.45,2241.0
2025-06-06 09:50:00+00:00,595.6,595.65,595.6,595.63,2926.0
2025-06-06 09:55:00+00:00,595.75,595.75,595.68,595.73,4837.0
2025-06-06 10:00:00+00:00,595.68,595.68,595.44,595.53,3948.0
2025-06-06 10:05:00+00:00,595.64,595.64,595.52,595.52,426.0
2025-06-06 10:10:00+00:00,595.56,595.57,595.49,595.56,2364.0
2025-06-06 10:15:00+00:00,595.51,595.79,595.51,595.79,12544.0
2025-06-06 10:20:00+00:00,595.71,595.79,595.68,595.7,4420.0
2025-06-06 10:25:00+00:00,595.75,595.75,595.71,595.73,1301.0
2025-06-06 10:30:00+00:00,595.7,595.7,595.55,595.55,972.0
2025-06-06 10:35:00+00:00,595.53,595.54,595.31,595.45,14375.0
2025-06-06 10:40:00+00:00,595.38,595.39,595.3,595.32,6205.0
2025-06-06 10:45:00+00:00,595.33,595.5,595.28,595.39,34951.0
2025-06-06 10:50:00+00:00,595.46,595.47,595.15,595.26,53050.0
2025-06-06 10:55:00+00:00,595.18,595.23,595.06,595.09,8202.0
2025-06-06 11:00:00+00:00,595.11,595.13,594.75,595.13,22765.0
2025-06-06 11:05:00+00:00,595.07,595.2,595.0,595.03,12181.0
2025-06-06 11:10:00+00:00,595.08,595.08,594.94,594.94,5423.0
2025-06-06 11:15:00+00:00,594.92,595.19,594.9,595.17,4261.0
2025-06-06 11:20:00+00:00,595.17,595.31,595.09,595.16,8228.0
2025-06-06 11:25:00+00:00,595.34,595.37,594.65,595.16,34668.0
2025-06-06 11:30:00+00:00,595.2,595.3,594.94,595.2,16726.0
2025-06-06 11:35:00+00:00,595.27,595.35,595.25,595.3,11468.0
2025-06-06 11:40:00+00:00,595.32,595.39,595.19,595.29,2883.0
2025-06-06 11:45:00+00:00,595.29,595.4,595.29,595.35,3231.0
2025-06-06 11:50:00+00:00,595.35,595.56,595.3,595.45,44234.0
2025-06-06 11:55:00+00:00,595.45,595.5,595.26,595.27,6588.0
2025-06-06 12:00:00+00:00,595.06,595.73,592.606,595.5994,81461.0
2025-06-06 12:05:00+00:00,595.6,595.66,595.36,595.66,23437.0
2025-06-06 12:10:00+00:00,595.62,595.8,595.52,595.8,41792.0
2025-06-06 12:15:00+00:00,595.73,595.78,595.46,595.46,79947.0
2025-06-06 12:20:00+00:00,595.43,595.59,595.35,595.54,23355.0
2025-06-06 12:25:00+00:00,595.61,595.85,595.57,595.7,58629.0
2025-06-06 12:30:00+00:00,595.85,597.9,595.85,597.42,442701.0
2025-06-06 12:35:00+00:00,597.46,597.75,597.0,597.55,249601.0
2025-06-06 12:40:00+00:00,597.58,598.05,597.45,597.93,105890.0
2025-06-06 12:45:00+00:00,597.98,598.1,597.48,597.48,102917.0
2025-06-06 12:50:00+00:00,597.5316,597.8402,597.39,597.51,32512.0
2025-06-06 12:55:00+00:00,597.56,597.75,597.47,597.74,44087.0
2025-06-06 13:00:00+00:00,597.74,598.11,597.45,597.54,113177.0
2025-06-06 13:05:00+00:00,597.57,597.99,597.54,597.94,40910.0
2025-06-06 13:10:00+00:00,597.94,598.39,597.94,598.22,83077.0
2025-06-06 13:15:00+00:00,598.22,598.86,598.22,598.79,78566.0
2025-06-06 13:20:00+00:00,598.8,599.07,598.55,598.59,160244.0
2025-06-06 13:25:00+00:00,598.52,598.79,598.44,598.66,83846.0
2025-06-06 13:30:00+00:00,598.66,599.1773,598.06,599.06,2472931.0
2025-06-06 13:35:00+00:00,599.06,599.78,598.87,599.7,1651899.0
2025-06-06 13:40:00+00:00,599.69,600.54,599.65,600.41,1672552.0
2025-06-06 13:45:00+00:00,600.415,600.83,600.29,600.51,1517389.0
2025-06-06 13:50:00+00:00,600.51,600.56,599.9875,600.18,1137708.0
2025-06-06 13:55:00+00:00,600.19,600.31,599.62,600.3,1454718.0
2025-06-06 14:00:00+00:00,600.31,600.48,599.61,599.72,968102.0
2025-06-06 14:05:00+00:00,599.73,600.19,599.72,600.09,722184.0
2025-06-06 14:10:00+00:00,600.08,600.24,599.38,599.945,759539.0
2025-06-06 14:15:00+00:00,599.95,600.07,599.53,599.61,714149.0
2025-06-06 14:20:00+00:00,599.6,600.09,599.51,599.95,637052.0
2025-06-06 14:25:00+00:00,599.95,600.02,598.85,599.18,901786.0
2025-06-06 14:30:00+00:00,599.16,599.27,598.65,599.11,687215.0
2025-06-06 14:35:00+00:00,599.09,599.59,599.02,599.57,590939.0
2025-06-06 14:40:00+00:00,599.55,599.94,599.49,599.65,479590.0
2025-06-06 14:45:00+00:00,599.66,599.765,599.33,599.73,524144.0
2025-06-06 14:50:00+00:00,599.72,599.85,599.56,599.64,406305.0
2025-06-06 14:55:00+00:00,599.65,599.73,599.15,599.3,431312.0
2025-06-06 15:00:00+00:00,599.29,599.65,599.21,599.61,508480.0
2025-06-06 15:05:00+00:00,599.59,600.37,598.86,600.02,1069818.0
2025-06-06 15:10:00+00:00,600.0193,600.05,599.53,599.76,581713.0
2025-06-06 15:15:00+00:00,599.77,599.79,597.65,598.0,1445828.0
2025-06-06 15:20:00+00:00,597.99,598.43,597.25,598.33,1806441.0
2025-06-06 15:25:00+00:00,598.33,598.66,598.15,598.51,637483.0
2025-06-06 15:30:00+00:00,598.48,598.7371,598.0801,598.39,670357.0
2025-06-06 15:35:00+00:00,598.42,598.45,597.9699,598.21,580647.0
2025-06-06 15:40:00+00:00,598.24,598.6301,598.11,598.51,458367.0
2025-06-06 15:45:00+00:00,598.52,598.95,598.37,598.9416,488773.0
2025-06-06 15:50:00+00:00,598.95,599.23,598.93,599.0,387285.0
2025-06-06 15:55:00+00:00,598.98,599.12,598.335,598.6901,466902.0
2025-06-06 16:00:00+00:00,598.7,598.94,598.65,598.84,357282.0
2025-06-06 16:05:00+00:00,598.83,599.02,598.77,598.97,284580.0
2025-06-06 16:10:00+00:00,598.97,599.39,598.885,599.15,373699.0
2025-06-06 16:15:00+00:00,599.14,599.17,598.735,598.84,485180.0
2025-06-06 16:20:00+00:00,598.84,598.985,598.45,598.6335,432981.0
2025-06-06 16:25:00+00:00,598.64,598.75,598.38,598.59,257339.0
2025-06-06 16:30:00+00:00,598.58,598.89,598.51,598.645,343706.0
2025-06-06 16:35:00+00:00,598.67,598.69,598.19,598.27,504595.0
2025-06-06 16:40:00+00:00,598.25,598.5189,597.52,597.84,786142.0
2025-06-06 16:45:00+00:00,597.85,598.185,597.65,598.1,471724.0
2025-06-06 16:50:00+00:00,598.1,598.16,597.34,597.5,563421.0
2025-06-06 16:55:00+00:00,597.49,597.65,596.86,597.62,933040.0
2025-06-06 17:00:00+00:00,597.61,597.81,597.44,597.54,497261.0
2025-06-06 17:05:00+00:00,597.525,597.645,597.14,597.372,412489.0
2025-06-06 17:10:00+00:00,597.38,597.73,597.125,597.67,400996.0
2025-06-06 17:15:00+00:00,597.65,598.23,597.48,598.22,526630.0
2025-06-06 17:20:00+00:00,598.21,598.59,598.19,598.405,1732568.0
2025-06-06 17:25:00+00:00,598.405,598.42,598.1,598.19,318939.0
2025-06-06 17:30:00+00:00,598.2,598.6,598.2,598.435,333175.0
2025-06-06 17:35:00+00:00,598.44,598.6799,598.32,598.64,253662.0
2025-06-06 17:40:00+00:00,598.64,598.81,598.48,598.7711,351960.0
2025-06-06 17:45:00+00:00,598.77,598.92,598.76,598.86,336493.0
2025-06-06 17:50:00+00:00,598.875,599.0,598.72,598.8099,382279.0
2025-06-06 17:55:00+00:00,598.8,599.05,598.8,598.95,329911.0
2025-06-06 18:00:00+00:00,598.95,599.84,598.95,599.695,935110.0
2025-06-06 18:05:00+00:00,599.71,599.85,599.53,599.84,404445.0
2025-06-06 18:10:00+00:00,599.84,599.87,599.6601,599.71,401694.0
2025-06-06 18:15:00+00:00,599.7046,600.07,599.7046,600.01,1003123.0
2025-06-06 18:20:00+00:00,600.01,600.13,599.7001,599.9,631214.0
2025-06-06 18:25:00+00:00,599.89,599.91,599.51,599.58,778747.0
2025-06-06 18:30:00+00:00,599.59,600.64,599.57,600.23,1263269.0
2025-06-06 18:35:00+00:00,600.22,600.32,599.86,599.9299,550740.0
2025-06-06 18:40:00+00:00,599.93,600.22,599.62,599.805,522918.0
2025-06-06 18:45:00+00:00,599.8,599.8398,599.54,599.71,400220.0
2025-06-06 18:50:00+00:00,599.7,599.93,599.465,599.9,467265.0
2025-06-06 18:55:00+00:00,599.89,600.0754,599.72,599.72,400062.0
2025-06-06 19:00:00+00:00,599.73,599.9701,599.65,599.83,568282.0
2025-06-06 19:05:00+00:00,599.84,600.06,599.64,599.66,462597.0
2025-06-06 19:10:00+00:00,599.6515,599.87,599.48,599.67,489621.0
2025-06-06 19:15:00+00:00,599.67,599.71,599.42,599.49,484769.0
2025-06-06 19:20:00+00:00,599.49,599.49,599.18,599.305,761364.0
2025-06-06 19:25:00+00:00,599.3,599.76,599.28,599.35,749935.0
2025-06-06 19:30:00+00:00,599.34,599.57,599.19,599.325,661003.0
2025-06-06 19:35:00+00:00,599.32,599.59,599.12,599.17,731208.0
2025-06-06 19:40:00+00:00,599.17,599.34,598.99,599.31,753238.0
2025-06-06 19:45:00+00:00,599.32,599.6,599.01,599.17,1201333.0
2025-06-06 19:50:00+00:00,599.17,599.85,599.11,599.68,2028008.0
2025-06-06 19:55:00+00:00,599.67,599.68,598.91,599.03,3997566.0
2025-06-06 20:00:00+00:00,599.03,599.3,598.84,598.94,761735.0
2025-06-06 20:05:00+00:00,598.9599,599.15,598.9599,599.1,348147.0
2025-06-06 20:10:00+00:00,599.11,599.27,599.01,599.2196,1854569.0
2025-06-06 20:15:00+00:00,599.23,599.41,599.14,599.37,167166.0
2025-06-06 20:20:00+00:00,599.37,599.53,599.29,599.51,81901.0
2025-06-06 20:25:00+00:00,599.52,599.6,599.38,599.38,46091.0
2025-06-06 20:30:00+00:00,599.39,599.48,599.39,599.46,34672.0
2025-06-06 20:35:00+00:00,599.45,599.5,599.44,599.46,22983.0
2025-06-06 20:40:00+00:00,599.52,599.52,599.44,599.44,12553.0
2025-06-06 20:45:00+00:00,599.42,599.47,599.34,599.35,21352.0
2025-06-06 20:50:00+00:00,599.35,599.48,599.35,599.45,84309.0
2025-06-06 20:55:00+00:00,599.45,599.52,599.34,599.34,14427.0
2025-06-06 21:00:00+00:00,599.53,599.53,599.41,599.47,1572.0
2025-06-06 21:05:00+00:00,599.46,599.56,599.4585,599.55,6918.0
2025-06-06 21:10:00+00:00,599.46,599.46,599.36,599.4,8220.0
2025-06-06 21:15:00+00:00,599.401,599.43,599.2802,599.2802,4955.0
2025-06-06 21:20:00+00:00,599.36,599.36,599.34,599.34,3319.0
2025-06-06 21:25:00+00:00,599.27,599.4,599.17,599.31,1076.0
2025-06-06 21:30:00+00:00,599.28,599.28,599.17,599.1801,1088.0
2025-06-06 21:35:00+00:00,599.18,599.2,599.14,599.14,11913.0
2025-06-06 21:40:00+00:00,599.14,599.2,599.08,599.08,15536.0
2025-06-06 21:45:00+00:00,599.07,599.07,598.99,599.0,7386.0
2025-06-06 21:50:00+00:00,599.04,599.04,599.02,599.02,2429.0
2025-06-06 21:55:00+00:00,599.0399,599.04,598.99,598.99,2554.0
2025-06-06 22:00:00+00:00,598.99,599.08,598.97,599.08,7159.0
2025-06-06 22:05:00+00:00,599.08,599.2,598.96,599.2,9199.0
2025-06-06 22:10:00+00:00,599.2,599.2,599.2,599.2,1647.0
2025-06-06 22:15:00+00:00,599.12,599.12,598.9,599.1,6160.0
2025-06-06 22:20:00+00:00,599.1,599.1,598.98,598.98,1616.0
2025-06-06 22:25:00+00:00,598.85,598.85,598.85,598.85,1913.0
2025-06-06 22:30:00+00:00,599.05,599.05,598.98,598.99,792.0
2025-06-06 22:35:00+00:00,599.0007,599.05,598.99,598.99,2395.0
2025-06-06 22:40:00+00:00,599.0098,599.31,599.0098,599.25,11293.0
2025-06-06 22:45:00+00:00,599.25,599.32,599.25,599.2991,1227.0
2025-06-06 22:50:00+00:00,599.26,599.26,599.26,599.26,400.0
2025-06-06 22:55:00+00:00,599.26,599.31,599.26,599.3001,1204.0
2025-06-06 23:00:00+00:00,599.33,599.56,599.33,599.55,7499.0
2025-06-06 23:05:00+00:00,599.53,599.5501,599.52,599.52,2395.0
2025-06-06 23:10:00+00:00,599.54,599.575,599.45,599.45,1057.0
2025-06-06 23:15:00+00:00,599.5,599.6293,599.5,599.6,5794.0
2025-06-06 23:20:00+00:00,599.61,599.67,599.61,599.64,2962.0
2025-06-06 23:25:00+00:00,599.7,599.7674,599.6999,599.7,1832.0
2025-06-06 23:35:00+00:00,599.61,599.61,599.51,599.52,1550.0
2025-06-06 23:40:00+00:00,599.6,599.61,599.52,599.56,1903.0
2025-06-06 23:45:00+00:00,599.59,599.59,599.52,599.5899,1388.0
2025-06-06 23:50:00+00:00,599.59,599.59,599.59,599.59,252.0
2025-06-06 23:55:00+00:00,599.62,599.73,599.61,599.73,6534.0
2025-06-09 08:00:00+00:00,599.45,599.71,599.44,599.66,14084.0
2025-06-09 08:05:00+00:00,599.67,599.8,599.62,599.66,50978.0
2025-06-09 08:10:00+00:00,599.82,599.82,599.6,599.6,11287.0
2025-06-09 08:15:00+00:00,599.6,599.79,599.6,599.69,4926.0
2025-06-09 08:20:00+00:00,599.68,599.69,599.51,599.54,18946.0
2025-06-09 08:25:00+00:00,599.51,599.51,599.31,599.31,2454.0
2025-06-09 08:30:00+00:00,599.18,599.19,599.1,599.1,2505.0
2025-06-09 08:35:00+00:00,599.22,599.22,599.21,599.21,1013.0
2025-06-09 08:40:00+00:00,599.26,599.26,599.16,599.16,1516.0
2025-06-09 08:45:00+00:00,599.18,599.55,599.18,599.55,2981.0
2025-06-09 08:50:00+00:00,599.65,599.99,599.65,599.95,5354.0
2025-06-09 08:55:00+00:00,599.96,600.0,599.88,599.88,3765.0
2025-06-09 09:00:00+00:00,599.94,599.95,599.83,599.83,2809.0
2025-06-09 09:05:00+00:00,599.79,599.82,599.55,599.62,2893.0
2025-06-09 09:10:00+00:00,599.61,599.72,599.61,599.72,1507.0
2025-06-09 09:15:00+00:00,599.75,599.75,599.69,599.69,4928.0
2025-06-09 09:20:00+00:00,599.5,599.5,599.5,599.5,1515.0
2025-06-09 09:25:00+00:00,599.65,599.84,599.55,599.84,3303.0
2025-06-09 09:30:00+00:00,599.82,599.89,599.82,599.88,2606.0
2025-06-09 09:35:00+00:00,599.87,599.87,599.74,599.74,2501.0
2025-06-09 09:40:00+00:00,599.85,599.86,599.85,599.86,301.0
2025-06-09 09:45:00+00:00,599.75,599.78,599.75,599.78,502.0
2025-06-09 09:50:00+00:00,599.73,599.73,599.69,599.69,493.0
2025-06-09 09:55:00+00:00,599.59,599.62,599.55,599.55,600.0
2025-06-09 10:00:00+00:00,599.48,599.62,599.48,599.62,2706.0
2025-06-09 10:10:00+00:00,599.58,599.58,599.58,599.58,407.0
2025-06-09 10:15:00+00:00,599.63,599.63,599.63,599.63,357.0
2025-06-09 10:20:00+00:00,599.56,599.63,599.56,599.63,1299.0
2025-06-09 10:25:00+00:00,599.45,599.45,599.31,599.36,4366.0
2025-06-09 10:30:00+00:00,599.4,599.57,599.4,599.53,2866.0
2025-06-09 10:35:00+00:00,599.51,599.54,599.51,599.52,1937.0
2025-06-09 10:40:00+00:00,599.5,599.52,599.33,599.33,2776.0
2025-06-09 10:45:00+00:00,599.33,599.36,599.29,599.36,1229.0
2025-06-09 10:50:00+00:00,599.31,599.35,599.2,599.2,2036.0
2025-06-09 10:55:00+00:00,599.21,599.33,599.12,599.33,5523.0
2025-06-09 11:00:00+00:00,599.35,599.65,599.32,599.63,9402.0
2025-06-09 11:05:00+00:00,599.64,599.83,599.59,599.75,14429.0
2025-06-09 11:10:00+00:00,599.72,599.74,599.47,599.589,6786.0
2025-06-09 11:15:00+00:00,599.65,599.84,599.62,599.73,21384.0
2025-06-09 11:20:00+00:00,599.79,599.99,599.79,599.86,21747.0
2025-06-09 11:25:00+00:00,599.8,599.83,599.68,599.69,31263.0
2025-06-09 11:30:00+00:00,599.81,600.11,599.75,600.1,20011.0
2025-06-09 11:35:00+00:00,600.11,600.35,600.02,600.29,41905.0
2025-06-09 11:40:00+00:00,600.35,600.37,600.09,600.1,11424.0
2025-06-09 11:45:00+00:00,600.08,600.14,599.95,600.03,8566.0
2025-06-09 11:50:00+00:00,600.09,600.15,600.03,600.079,41617.0
2025-06-09 11:55:00+00:00,600.11,600.3,600.109,600.15,14857.0
2025-06-09 12:00:00+00:00,599.58,600.37,598.1,600.0596,60082.0
2025-06-09 12:05:00+00:00,600.0,600.09,599.81,599.89,17927.0
2025-06-09 12:10:00+00:00,599.91,600.05,599.7,599.77,21000.0
2025-06-09 12:15:00+00:00,599.79,599.93,599.65,599.93,6809.0
2025-06-09 12:20:00+00:00,600.03,600.2,600.0,600.12,9759.0
2025-06-09 12:25:00+00:00,600.12,600.2,600.07,600.09,41967.0
2025-06-09 12:30:00+00:00,600.08,600.19,600.04,600.06,43188.0
2025-06-09 12:35:00+00:00,600.01,600.18,600.0,600.06,30968.0
2025-06-09 12:40:00+00:00,600.12,600.21,599.96,600.17,18259.0
2025-06-09 12:45:00+00:00,600.16,600.21,600.03,600.06,19758.0
2025-06-09 12:50:00+00:00,600.03,600.07,599.51,599.93,45072.0
2025-06-09 12:55:00+00:00,599.9,599.92,599.76,599.76,15806.0
2025-06-09 13:00:00+00:00,599.79,600.03,599.79,599.96,21007.0
2025-06-09 13:05:00+00:00,600.01,600.1,599.9,599.9,39714.0
2025-06-09 13:10:00+00:00,599.9,600.1,599.9,599.95,18570.0
2025-06-09 13:15:00+00:00,599.91,599.97,599.63,599.68,33164.0
2025-06-09 13:20:00+00:00,599.66,600.07,599.66,600.0,17690.0
2025-06-09 13:25:00+00:00,599.91,600.09,599.7,599.79,55584.0
2025-06-09 13:30:00+00:00,599.72,599.99,598.6,598.6338,1266370.0
2025-06-09 13:35:00+00:00,598.66,599.06,598.49,598.83,737422.0
2025-06-09 13:40:00+00:00,598.83,599.33,598.78,599.17,683807.0
2025-06-09 13:45:00+00:00,599.17,599.43,598.99,599.42,1012733.0
2025-06-09 13:50:00+00:00,599.41,599.46,599.17,599.4,805090.0
2025-06-09 13:55:00+00:00,599.41,599.45,598.89,598.895,718341.0
2025-06-09 14:00:00+00:00,598.93,599.4,598.79,599.02,906071.0
2025-06-09 14:05:00+00:00,599.01,599.26,599.0,599.16,687870.0
2025-06-09 14:10:00+00:00,599.15,599.64,599.12,599.615,771914.0
2025-06-09 14:15:00+00:00,599.61,599.79,599.38,599.63,557095.0
2025-06-09 14:20:00+00:00,599.63,599.94,599.63,599.815,706678.0
2025-06-09 14:25:00+00:00,599.82,599.97,599.67,599.71,648047.0
2025-06-09 14:30:00+00:00,599.71,600.4,599.59,600.055,1467380.0
2025-06-09 14:35:00+00:00,600.06,600.08,599.68,599.8901,655083.0
2025-06-09 14:40:00+00:00,599.9,599.975,599.4,599.46,721900.0
2025-06-09 14:45:00+00:00,599.45,599.4799,599.14,599.2399,635963.0
2025-06-09 14:50:00+00:00,599.22,599.545,599.03,599.27,513087.0
2025-06-09 14:55:00+00:00,599.28,599.52,599.21,599.51,376475.0
2025-06-09 15:00:00+00:00,599.52,599.76,599.47,599.62,556019.0
2025-06-09 15:05:00+00:00,599.62,599.86,599.61,599.78,408639.0
2025-06-09 15:10:00+00:00,599.78,599.86,599.505,599.531,383242.0
2025-06-09 15:15:00+00:00,599.539,599.7093,599.25,599.3899,383321.0
2025-06-09 15:20:00+00:00,599.3788,599.6,599.1,599.4199,334023.0
2025-06-09 15:25:00+00:00,599.41,599.4589,599.05,599.215,269800.0
2025-06-09 15:30:00+00:00,599.22,599.55,599.19,599.44,352980.0
2025-06-09 15:35:00+00:00,599.43,599.73,599.415,599.705,412326.0
2025-06-09 15:40:00+00:00,599.7,599.76,599.5,599.63,490094.0
2025-06-09 15:45:00+00:00,599.65,599.79,599.52,599.675,297210.0
2025-06-09 15:50:00+00:00,599.69,599.99,599.69,599.94,400119.0
2025-06-09 15:55:00+00:00,599.94,600.01,599.7601,599.85,412685.0
2025-06-09 16:00:00+00:00,599.86,600.015,599.68,599.87,407723.0
2025-06-09 16:05:00+00:00,599.86,599.975,599.36,599.595,365756.0
2025-06-09 16:10:00+00:00,599.5907,599.89,599.5,599.815,410670.0
2025-06-09 16:15:00+00:00,599.8199,599.87,599.61,599.79,206911.0
2025-06-09 16:20:00+00:00,599.795,600.01,599.73,599.97,332867.0
2025-06-09 16:25:00+00:00,599.97,600.01,599.75,599.79,320585.0
2025-06-09 16:30:00+00:00,599.78,600.1,599.78,600.085,292041.0
2025-06-09 16:35:00+00:00,600.08,600.2,600.01,600.16,406434.0
2025-06-09 16:40:00+00:00,600.16,600.3301,600.045,600.33,303918.0
2025-06-09 16:45:00+00:00,600.33,600.52,600.24,600.4099,433490.0
2025-06-09 16:50:00+00:00,600.41,601.1,600.405,600.93,898836.0
2025-06-09 16:55:00+00:00,600.93,600.95,600.54,600.67,436071.0
2025-06-09 17:00:00+00:00,600.69,600.845,600.545,600.7701,384022.0
2025-06-09 17:05:00+00:00,600.77,600.9985,600.77,600.8,388651.0
2025-06-09 17:10:00+00:00,600.8,600.87,600.49,600.6799,402745.0
2025-06-09 17:15:00+00:00,600.66,600.69,600.105,600.3,408416.0
2025-06-09 17:20:00+00:00,600.31,600.59,600.19,600.5802,280027.0
2025-06-09 17:25:00+00:00,600.59,601.13,600.59,600.83,484055.0
2025-06-09 17:30:00+00:00,600.83,600.83,600.56,600.645,323348.0
2025-06-09 17:35:00+00:00,600.66,600.89,600.6,600.84,272554.0
2025-06-09 17:40:00+00:00,600.84,601.03,600.762,601.02,409345.0
2025-06-09 17:45:00+00:00,601.02,601.04,600.895,600.92,268887.0
2025-06-09 17:50:00+00:00,600.92,601.215,600.92,601.1,382854.0
2025-06-09 17:55:00+00:00,601.095,601.15,600.871,600.94,316303.0
2025-06-09 18:00:00+00:00,600.94,601.08,600.82,600.85,502410.0
2025-06-09 18:05:00+00:00,600.86,600.98,600.74,600.835,315367.0
2025-06-09 18:10:00+00:00,600.84,601.075,600.83,601.045,318016.0
2025-06-09 18:15:00+00:00,601.04,601.13,600.912,601.01,215133.0
2025-06-09 18:20:00+00:00,600.99,601.15,600.98,601.07,220374.0
2025-06-09 18:25:00+00:00,601.0602,601.25,601.0004,601.05,379836.0
2025-06-09 18:30:00+00:00,601.02,601.165,600.965,601.0,371972.0
2025-06-09 18:35:00+00:00,601.01,601.0898,600.495,600.59,627739.0
2025-06-09 18:40:00+00:00,600.59,600.695,600.34,600.63,734336.0
2025-06-09 18:45:00+00:00,600.64,600.935,600.6,600.79,383528.0
2025-06-09 18:50:00+00:00,600.795,600.89,600.74,600.87,286519.0
2025-06-09 18:55:00+00:00,600.855,601.22,600.855,600.995,888197.0
2025-06-09 19:00:00+00:00,601.0,601.14,600.94,601.03,491036.0
2025-06-09 19:05:00+00:00,601.03,601.075,600.74,600.8984,437894.0
2025-06-09 19:10:00+00:00,600.89,601.03,600.61,600.645,398371.0
2025-06-09 19:15:00+00:00,600.64,600.73,600.53,600.615,879564.0
2025-06-09 19:20:00+00:00,600.62,600.67,600.33,600.48,520605.0
2025-06-09 19:25:00+00:00,600.46,600.6099,600.36,600.54,576239.0
2025-06-09 19:30:00+00:00,600.53,600.56,600.23,600.4,840341.0
2025-06-09 19:35:00+00:00,600.4,600.74,600.36,600.41,890941.0
2025-06-09 19:40:00+00:00,600.42,600.455,600.11,600.1899,1103619.0
2025-06-09 19:45:00+00:00,600.19,600.3089,599.9,600.26,1193196.0
2025-06-09 19:50:00+00:00,600.27,600.71,599.94,599.95,1892820.0
2025-06-09 19:55:00+00:00,599.95,600.395,599.42,599.56,4896502.0
2025-06-09 20:00:00+00:00,599.59,599.77,599.3,599.49,724287.0
2025-06-09 20:05:00+00:00,599.4801,599.6,599.4,599.44,460036.0
2025-06-09 20:10:00+00:00,599.42,599.44,599.24,599.38,924295.0
2025-06-09 20:15:00+00:00,599.44,599.45,599.25,599.31,106410.0
2025-06-09 20:20:00+00:00,599.33,599.5,599.33,599.4,119420.0
2025-06-09 20:25:00+00:00,599.36,599.48,599.25,599.44,215377.0
2025-06-09 20:30:00+00:00,599.42,599.48,599.4,599.4599,12931.0
2025-06-09 20:35:00+00:00,599.45,599.55,599.45,599.53,41580.0
2025-06-09 20:40:00+00:00,599.54,599.57,599.51,599.56,10716.0
2025-06-09 20:45:00+00:00,599.56,599.58,599.52,599.57,20181.0
2025-06-09 20:50:00+00:00,599.54,599.57,599.51,599.57,5812.0
2025-06-09 20:55:00+00:00,599.56,599.7,599.56,599.7,8730.0
2025-06-09 21:00:00+00:00,599.72,599.73,599.71,599.72,1638.0
2025-06-09 21:05:00+00:00,599.74,599.75,599.71,599.7392,21332.0
2025-06-09 21:10:00+00:00,599.73,599.74,599.701,599.701,21206.0
2025-06-09 21:15:00+00:00,599.72,599.7497,599.6505,599.6505,13424.0
2025-06-09 21:20:00+00:00,599.66,599.69,599.64,599.69,3319.0
2025-06-09 21:25:00+00:00,599.66,599.75,599.66,599.75,2377.0
2025-06-09 21:30:00+00:00,599.75,599.8,599.75,599.77,1603.0
2025-06-09 21:35:00+00:00,599.77,599.77,599.73,599.73,11230.0
2025-06-09 21:40:00+00:00,599.72,599.78,599.72,599.74,14183.0
2025-06-09 21:45:00+00:00,599.71,599.73,599.71,599.73,3985.0
2025-06-09 21:50:00+00:00,599.78,599.78,599.75,599.75,1467.0
2025-06-09 21:55:00+00:00,599.75,599.75,599.74,599.74,3585.0
2025-06-09 22:00:00+00:00,599.78,600.09,599.68,600.0605,19649.0
2025-06-09 22:05:00+00:00,600.09,600.1,599.9,599.95,7780.0
2025-06-09 22:10:00+00:00,599.99,600.14,599.99,600.0512,7773.0
2025-06-09 22:15:00+00:00,600.0801,600.2,600.0801,600.2,17389.0
2025-06-09 22:20:00+00:00,600.14,600.14,600.12,600.1201,10094.0
2025-06-09 22:25:00+00:00,600.12,600.12,599.9806,600.0,9033.0
2025-06-09 22:30:00+00:00,599.92,599.92,599.8599,599.8599,1809.0
2025-06-09 22:35:00+00:00,599.84,599.84,599.82,599.82,479.0
2025-06-09 22:40:00+00:00,599.85,599.8784,599.79,599.8701,6934.0
2025-06-09 22:45:00+00:00,599.9,599.9,599.83,599.86,6537.0
2025-06-09 22:50:00+00:00,599.85,599.85,599.74,599.8,4142.0
2025-06-09 22:55:00+00:00,599.79,599.84,599.79,599.79,2021.0
2025-06-09 23:00:00+00:00,599.909,599.909,599.78,599.8001,4401.0
2025-06-09 23:05:00+00:00,599.8,599.84,599.77,599.79,3886.0
2025-06-09 23:15:00+00:00,599.9398,599.94,599.89,599.89,1229.0
2025-06-09 23:25:00+00:00,599.9,599.9493,599.8501,599.8517,3102.0
2025-06-09 23:30:00+00:00,599.9599,599.9599,599.8502,599.9,2183.0
2025-06-09 23:35:00+00:00,599.95,599.95,599.8501,599.9,1929.0
2025-06-09 23:40:00+00:00,599.9499,599.9499,599.8503,599.88,1799.0
2025-06-09 23:45:00+00:00,599.85,599.9,599.85,599.89,2619.0
2025-06-09 23:50:00+00:00,599.9,599.9399,599.87,599.93,6384.0
2025-06-09 23:55:00+00:00,599.92,599.94,599.88,599.88,7276.0
2025-06-10 08:00:00+00:00,599.83,599.83,599.02,599.1,5625.0
2025-06-10 08:05:00+00:00,599.19,599.26,599.19,599.25,1905.0
2025-06-10 08:10:00+00:00,599.36,599.36,598.34,598.36,25753.0
2025-06-10 08:15:00+00:00,598.58,598.8,598.58,598.7,3658.0
2025-06-10 08:20:00+00:00,598.84,599.05,598.67,598.84,5897.0
2025-06-10 08:25:00+00:00,598.84,599.0,598.84,599.0,376.0
2025-06-10 08:30:00+00:00,599.15,599.25,599.13,599.2,3564.0
2025-06-10 08:35:00+00:00,599.4,599.55,599.37,599.48,5447.0
2025-06-10 08:40:00+00:00,599.4,599.4,599.32,599.32,1079.0
2025-06-10 08:45:00+00:00,599.4,599.5,599.4,599.49,4473.0
2025-06-10 08:50:00+00:00,599.5,599.56,599.3,599.3,11713.0
2025-06-10 08:55:00+00:00,599.27,599.49,599.2,599.45,12458.0
2025-06-10 09:00:00+00:00,599.46,599.62,599.33,599.62,3201.0
2025-06-10 09:05:00+00:00,599.56,599.77,599.56,599.75,15632.0
2025-06-10 09:10:00+00:00,599.73,599.8,599.73,599.8,2172.0
2025-06-10 09:15:00+00:00,599.81,599.82,599.7,599.7,2145.0
2025-06-10 09:20:00+00:00,599.84,599.84,599.81,599.82,2080.0
2025-06-10 09:25:00+00:00,599.87,599.89,599.87,599.87,3075.0
2025-06-10 09:30:00+00:00,599.91,599.97,599.76,599.79,7558.0
2025-06-10 09:35:00+00:00,599.82,599.93,599.82,599.9,1693.0
2025-06-10 09:40:00+00:00,599.87,599.87,599.87,599.87,167.0
2025-06-10 09:45:00+00:00,599.82,599.87,599.74,599.81,1636.0
2025-06-10 09:50:00+00:00,599.8,599.85,599.67,599.7,1964.0
2025-06-10 09:55:00+00:00,599.73,599.91,599.73,599.81,808.0
2025-06-10 10:00:00+00:00,599.76,600.07,599.76,599.95,2398.0
2025-06-10 10:05:00+00:00,600.15,600.2,600.12,600.12,2575.0
2025-06-10 10:10:00+00:00,600.16,600.24,600.16,600.22,11513.0
2025-06-10 10:15:00+00:00,600.25,600.31,600.25,600.31,2001.0
2025-06-10 10:20:00+00:00,600.27,600.27,600.19,600.19,540.0
2025-06-10 10:25:00+00:00,600.19,600.19,599.99,600.07,1157.0
2025-06-10 10:30:00+00:00,600.1,600.11,599.99,600.11,2152.0
2025-06-10 10:35:00+00:00,600.07,600.1,600.06,600.07,2905.0
2025-06-10 10:40:00+00:00,600.1,600.1,600.04,600.04,892.0
2025-06-10 10:45:00+00:00,600.05,600.05,599.92,599.95,3402.0
2025-06-10 10:50:00+00:00,599.98,600.05,599.9,599.95,5829.0
2025-06-10 10:55:00+00:00,600.03,600.15,599.91,600.15,4945.0
2025-06-10 11:00:00+00:00,600.17,600.2,599.95,600.2,10157.0
2025-06-10 11:05:00+00:00,600.18,600.19,599.38,599.54,11300.0
2025-06-10 11:10:00+00:00,599.58,599.65,599.36,599.419,9699.0
2025-06-10 11:15:00+00:00,599.41,599.68,599.41,599.68,3468.0
2025-06-10 11:20:00+00:00,599.63,599.7,599.56,599.6,3351.0
2025-06-10 11:25:00+00:00,599.69,599.75,599.59,599.75,1370.0
2025-06-10 11:30:00+00:00,599.78,600.3,599.78,600.28,12095.0
2025-06-10 11:35:00+00:00,600.15,600.28,600.0,600.0,21220.0
2025-06-10 11:40:00+00:00,600.05,600.14,599.88,599.88,20594.0
2025-06-10 11:45:00+00:00,599.87,600.06,599.86,600.06,3506.0
2025-06-10 11:50:00+00:00,600.03,600.27,600.03,600.27,15677.0
2025-06-10 11:55:00+00:00,600.23,600.5,600.23,600.5,10069.0
2025-06-10 12:00:00+00:00,600.0,602.13,597.83,600.48,135093.0
2025-06-10 12:05:00+00:00,600.45,600.46,599.231,600.46,5952.0
2025-06-10 12:10:00+00:00,600.54,600.61,600.49,600.58,13991.0
2025-06-10 12:15:00+00:00,600.55,600.69,600.49,600.56,22282.0
2025-06-10 12:20:00+00:00,600.47,600.58,600.42,600.48,19579.0
2025-06-10 12:25:00+00:00,600.54,600.61,600.41,600.51,16936.0
2025-06-10 12:30:00+00:00,600.57,600.57,600.3501,600.45,9788.0
2025-06-10 12:35:00+00:00,600.45,600.6,600.43,600.59,3904.0
2025-06-10 12:40:00+00:00,600.63,600.73,600.54,600.61,21088.0
2025-06-10 12:45:00+00:00,600.6,600.79,600.6,600.78,14668.0
2025-06-10 12:50:00+00:00,600.7,600.75,600.36,600.45,16652.0
2025-06-10 12:55:00+00:00,600.44,600.55,600.4,600.48,11398.0
2025-06-10 13:00:00+00:00,600.49,600.61,600.38,600.4,11111.0
2025-06-10 13:05:00+00:00,600.371,600.45,600.31,600.42,14382.0
2025-06-10 13:10:00+00:00,600.4,600.6,600.36,600.4706,15217.0
2025-06-10 13:15:00+00:00,600.45,600.61,600.29,600.5,27776.0
2025-06-10 13:20:00+00:00,600.5,600.61,600.44,600.44,24465.0
2025-06-10 13:25:00+00:00,600.44,600.49,600.05,600.23,96727.0
2025-06-10 13:30:00+00:00,600.22,600.96,600.22,600.375,1200317.0
2025-06-10 13:35:00+00:00,600.36,600.98,600.28,600.82,892650.0
2025-06-10 13:40:00+00:00,600.81,600.98,600.16,600.5099,825652.0
2025-06-10 13:45:00+00:00,600.51,600.8499,600.34,600.775,663038.0
2025-06-10 13:50:00+00:00,600.77,601.13,600.45,600.55,780493.0
2025-06-10 13:55:00+00:00,600.55,600.675,600.33,600.57,706866.0
2025-06-10 14:00:00+00:00,600.57,600.8872,600.51,600.74,613309.0
2025-06-10 14:05:00+00:00,600.74,600.92,600.58,600.675,434175.0
2025-06-10 14:10:00+00:00,600.68,601.11,600.66,600.96,636508.0
2025-06-10 14:15:00+00:00,600.93,601.22,600.92,601.075,466138.0
2025-06-10 14:20:00+00:00,601.0784,601.2699,600.89,601.24,521466.0
2025-06-10 14:25:00+00:00,601.23,601.26,600.92,601.19,622722.0
2025-06-10 14:30:00+00:00,601.2,601.29,601.0001,601.1,522082.0
2025-06-10 14:35:00+00:00,601.1,601.275,601.04,601.24,423455.0
2025-06-10 14:40:00+00:00,601.24,601.81,601.18,601.54,864929.0
2025-06-10 14:45:00+00:00,601.54,601.61,601.34,601.47,592343.0
2025-06-10 14:50:00+00:00,601.46,601.605,601.33,601.5099,395498.0
2025-06-10 14:55:00+00:00,601.5,601.511,601.02,601.06,623829.0
2025-06-10 15:00:00+00:00,601.07,601.39,600.93,601.3588,567594.0
2025-06-10 15:05:00+00:00,601.35,601.49,601.02,601.04,510449.0
2025-06-10 15:10:00+00:00,601.0388,601.3084,600.88,601.1899,507306.0
2025-06-10 15:15:00+00:00,601.2002,601.38,601.095,601.29,354177.0
2025-06-10 15:20:00+00:00,601.28,601.3299,601.06,601.14,440670.0
2025-06-10 15:25:00+00:00,601.14,601.45,601.0807,601.175,550748.0
2025-06-10 15:30:00+00:00,601.16,601.16,599.09,600.04,2371432.0
2025-06-10 15:35:00+00:00,600.03,600.46,599.885,600.45,1118522.0
2025-06-10 15:40:00+00:00,600.44,600.83,600.3,600.7817,695876.0
2025-06-10 15:45:00+00:00,600.78,600.975,600.66,600.8607,469596.0
2025-06-10 15:50:00+00:00,600.85,601.23,600.84,601.13,547710.0
2025-06-10 15:55:00+00:00,601.1301,601.285,601.08,601.27,578810.0
2025-06-10 16:00:00+00:00,601.26,601.82,601.225,601.6,850284.0
2025-06-10 16:05:00+00:00,601.59,601.79,601.54,601.5909,462923.0
2025-06-10 16:10:00+00:00,601.6,601.745,601.365,601.57,427729.0
2025-06-10 16:15:00+00:00,601.56,601.72,601.46,601.64,388659.0
2025-06-10 16:20:00+00:00,601.635,601.798,601.55,601.75,351091.0
2025-06-10 16:25:00+00:00,601.75,601.98,601.655,601.8791,484109.0
2025-06-10 16:30:00+00:00,601.88,602.0,601.82,601.965,412840.0
2025-06-10 16:35:00+00:00,601.9505,602.07,601.8423,601.99,429985.0
2025-06-10 16:40:00+00:00,601.98,602.0,601.74,601.77,395343.0
2025-06-10 16:45:00+00:00,601.775,602.09,601.7712,601.93,436794.0
2025-06-10 16:50:00+00:00,601.93,602.25,601.925,602.215,368703.0
2025-06-10 16:55:00+00:00,602.21,602.29,602.11,602.17,373294.0
2025-06-10 17:00:00+00:00,602.17,602.21,601.8,601.88,446207.0
2025-06-10 17:05:00+00:00,601.8799,602.135,601.72,602.1,445850.0
2025-06-10 17:10:00+00:00,602.0998,602.67,602.08,602.49,679559.0
2025-06-10 17:15:00+00:00,602.49,602.59,602.1865,602.205,485126.0
2025-06-10 17:20:00+00:00,602.22,602.4,602.18,602.21,328713.0
2025-06-10 17:25:00+00:00,602.215,602.27,601.85,601.91,556850.0
2025-06-10 17:30:00+00:00,601.905,601.94,601.72,601.88,452812.0
2025-06-10 17:35:00+00:00,601.885,602.0087,601.78,601.84,346483.0
2025-06-10 17:40:00+00:00,601.84,601.845,601.55,601.68,481638.0
2025-06-10 17:45:00+00:00,601.6818,601.72,601.41,601.53,363659.0
2025-06-10 17:50:00+00:00,601.53,601.755,601.5082,601.62,635487.0
2025-06-10 17:55:00+00:00,601.62,601.685,601.27,601.32,410281.0
2025-06-10 18:00:00+00:00,601.33,601.33,600.12,600.7,2056031.0
2025-06-10 18:05:00+00:00,600.69,601.08,600.33,600.96,804266.0
2025-06-10 18:10:00+00:00,600.967,600.98,600.5882,600.77,432206.0
2025-06-10 18:15:00+00:00,600.76,601.06,600.73,600.95,497096.0
2025-06-10 18:20:00+00:00,600.96,601.13,600.79,601.07,498165.0
2025-06-10 18:25:00+00:00,601.07,601.085,600.695,600.925,546762.0
2025-06-10 18:30:00+00:00,600.92,601.12,600.85,601.08,513849.0
2025-06-10 18:35:00+00:00,601.074,601.41,601.074,601.28,680149.0
2025-06-10 18:40:00+00:00,601.2799,601.39,601.18,601.35,360526.0
2025-06-10 18:45:00+00:00,601.345,601.47,601.28,601.38,349554.0
2025-06-10 18:50:00+00:00,601.3899,601.93,601.38,601.92,684835.0
2025-06-10 18:55:00+00:00,601.92,602.89,601.9,602.4009,1728266.0
2025-06-10 19:00:00+00:00,602.4,603.02,602.385,602.88,1318097.0
2025-06-10 19:05:00+00:00,602.89,603.47,602.85,603.085,1119316.0
2025-06-10 19:10:00+00:00,603.08,603.19,602.83,602.9,691962.0
2025-06-10 19:15:00+00:00,602.91,602.96,602.31,602.635,998707.0
2025-06-10 19:20:00+00:00,602.63,602.89,602.4918,602.78,630184.0
2025-06-10 19:25:00+00:00,602.78,602.82,602.57,602.632,562558.0
2025-06-10 19:30:00+00:00,602.63,602.66,602.16,602.4352,1012295.0
2025-06-10 19:35:00+00:00,602.435,602.44,601.995,602.185,907895.0
2025-06-10 19:40:00+00:00,602.18,602.3282,601.61,602.08,954257.0
2025-06-10 19:45:00+00:00,602.1,602.22,601.84,601.925,893743.0
2025-06-10 19:50:00+00:00,601.93,602.46,601.775,602.36,1823809.0
2025-06-10 19:55:00+00:00,602.38,603.23,602.29,603.06,4214180.0
2025-06-10 20:00:00+00:00,603.05,603.08,602.45,602.57,876946.0
2025-06-10 20:05:00+00:00,602.55,602.59,602.21,602.52,296774.0
2025-06-10 20:10:00+00:00,602.54,602.57,602.25,602.29,2896952.0
2025-06-10 20:15:00+00:00,602.3,603.02,602.28,602.73,2773112.0
2025-06-10 20:20:00+00:00,602.71,602.84,602.64,602.68,41292.0
2025-06-10 20:25:00+00:00,602.66,602.75,602.5,602.54,138504.0
2025-06-10 20:30:00+00:00,602.51,602.62,602.51,602.5798,69660.0
2025-06-10 20:35:00+00:00,602.59,602.7,602.57,602.67,6313.0
2025-06-10 20:40:00+00:00,602.66,602.7,602.54,602.66,48941.0
2025-06-10 20:45:00+00:00,602.64,602.67,602.58,602.62,33229.0
2025-06-10 20:50:00+00:00,602.6,602.65,602.51,602.63,33905.0
2025-06-10 20:55:00+00:00,602.62,602.75,602.6,602.64,16227.0
2025-06-10 21:00:00+00:00,602.63,602.65,602.5,602.6,333130.0
2025-06-10 21:05:00+00:00,602.63,602.78,602.5,602.51,191755.0
2025-06-10 21:10:00+00:00,602.55,602.64,602.55,602.61,13653.0
2025-06-10 21:15:00+00:00,602.53,602.6,602.53,602.57,1611.0
2025-06-10 21:20:00+00:00,602.58,602.6,602.5,602.5,9118.0
2025-06-10 21:25:00+00:00,602.52,602.52,602.5,602.51,10562.0
2025-06-10 21:30:00+00:00,602.52,602.52,602.5,602.5003,3547.0
2025-06-10 21:35:00+00:00,602.51,602.54,602.51,602.54,1291.0
2025-06-10 21:40:00+00:00,602.52,602.52,602.5,602.5,4335.0
2025-06-10 21:45:00+00:00,602.54,602.59,602.5,602.5,11586.0
2025-06-10 21:50:00+00:00,602.5,602.5,602.5,602.5,1371.0
2025-06-10 21:55:00+00:00,602.51,602.51,602.5,602.5,8298.0
2025-06-10 22:00:00+00:00,602.57,602.66,602.57,602.57,11181.0
2025-06-10 22:05:00+00:00,602.57,602.66,602.57,602.62,6007.0
2025-06-10 22:10:00+00:00,602.69,602.73,602.61,602.63,7129.0
2025-06-10 22:15:00+00:00,602.7,602.71,602.67,602.67,987.0
2025-06-10 22:20:00+00:00,602.6984,602.6984,602.55,602.58,2180.0
2025-06-10 22:25:00+00:00,602.7499,602.76,602.63,602.63,4767.0
2025-06-10 22:30:00+00:00,602.51,602.6,602.44,602.44,9820.0
2025-06-10 22:35:00+00:00,602.5,602.5,602.5,602.5,639.0
2025-06-10 22:40:00+00:00,602.65,602.7399,602.64,602.7195,2878.0
2025-06-10 22:45:00+00:00,602.659,602.66,602.659,602.66,212.0
2025-06-10 22:50:00+00:00,602.65,603.22,602.65,603.2,12607.0
2025-06-10 22:55:00+00:00,603.14,603.25,603.12,603.14,1978.0
2025-06-10 23:00:00+00:00,603.05,603.05,602.48,602.51,19715.0
2025-06-10 23:05:00+00:00,602.5,602.5298,601.85,601.85,10445.0
2025-06-10 23:10:00+00:00,601.87,602.92,601.87,602.92,14299.0
2025-06-10 23:15:00+00:00,602.82,603.7,602.82,603.21,14137.0
2025-06-10 23:20:00+00:00,603.15,603.35,602.9,602.95,11782.0
2025-06-10 23:25:00+00:00,603.03,603.2,602.97,603.2,4007.0
2025-06-10 23:30:00+00:00,603.14,603.14,603.05,603.05,1376.0
2025-06-10 23:35:00+00:00,603.0,603.0,602.74,602.74,6725.0
2025-06-10 23:40:00+00:00,602.77,602.77,602.65,602.65,3149.0
2025-06-10 23:45:00+00:00,602.67,602.7299,602.5,602.5594,15113.0
2025-06-10 23:50:00+00:00,602.44,602.59,602.38,602.49,12843.0
2025-06-10 23:55:00+00:00,602.51,602.7,602.48,602.7,8197.0
2025-06-11 08:00:00+00:00,601.89,602.23,601.87,602.15,52243.0
2025-06-11 08:05:00+00:00,602.12,602.12,601.8,601.8,38131.0
2025-06-11 08:10:00+00:00,601.82,602.01,601.82,602.01,2793.0
2025-06-11 08:15:00+00:00,602.08,602.15,602.08,602.08,1768.0
2025-06-11 08:20:00+00:00,601.99,602.1,601.95,602.07,3403.0
2025-06-11 08:25:00+00:00,602.15,602.17,602.07,602.07,2743.0
2025-06-11 08:30:00+00:00,602.05,602.51,602.03,602.51,8374.0
2025-06-11 08:35:00+00:00,602.55,602.67,602.52,602.67,6255.0
2025-06-11 08:40:00+00:00,602.68,602.68,602.51,602.51,1107.0
2025-06-11 08:45:00+00:00,602.38,602.47,602.35,602.41,2700.0
2025-06-11 08:50:00+00:00,602.37,602.37,602.34,602.34,295.0
2025-06-11 08:55:00+00:00,602.38,602.38,602.38,602.38,343.0
2025-06-11 09:00:00+00:00,602.45,602.49,602.13,602.27,6950.0
2025-06-11 09:05:00+00:00,602.32,602.34,602.2,602.21,3428.0
2025-06-11 09:10:00+00:00,602.28,602.3,602.18,602.18,5807.0
2025-06-11 09:15:00+00:00,602.22,602.24,602.19,602.24,5272.0
2025-06-11 09:20:00+00:00,602.25,602.34,602.19,602.34,1282.0
2025-06-11 09:25:00+00:00,602.28,602.28,602.22,602.23,1340.0
2025-06-11 09:30:00+00:00,602.38,602.38,602.38,602.38,241.0
2025-06-11 09:35:00+00:00,602.21,602.21,602.15,602.15,545.0
2025-06-11 09:40:00+00:00,602.04,602.09,602.04,602.09,1087.0
2025-06-11 09:45:00+00:00,602.12,602.12,602.12,602.12,509.0
2025-06-11 09:50:00+00:00,601.98,601.98,601.86,601.94,4647.0
2025-06-11 09:55:00+00:00,601.91,601.91,601.81,601.81,2669.0
2025-06-11 10:00:00+00:00,601.82,602.04,601.73,602.01,2616.0
2025-06-11 10:05:00+00:00,602.07,602.24,602.07,602.17,5307.0
2025-06-11 10:10:00+00:00,602.22,602.22,602.13,602.13,2228.0
2025-06-11 10:15:00+00:00,602.15,602.2,602.11,602.13,1165.0
2025-06-11 10:20:00+00:00,602.14,602.14,602.03,602.03,1323.0
2025-06-11 10:25:00+00:00,602.03,602.19,602.02,602.19,3214.0
2025-06-11 10:30:00+00:00,602.08,602.09,602.03,602.03,1396.0
2025-06-11 10:35:00+00:00,602.07,602.09,602.05,602.06,4717.0
2025-06-11 10:40:00+00:00,602.06,602.27,601.8,602.19,33570.0
2025-06-11 10:45:00+00:00,602.24,602.34,602.19,602.3,16779.0
2025-06-11 10:50:00+00:00,602.13,602.33,602.13,602.33,4865.0
2025-06-11 10:55:00+00:00,602.33,602.33,602.2,602.2,9153.0
2025-06-11 11:00:00+00:00,602.23,602.23,602.04,602.05,8188.0
2025-06-11 11:05:00+00:00,602.06,602.06,601.94,601.98,5901.0
2025-06-11 11:10:00+00:00,601.99,602.03,601.78,601.81,10182.0
2025-06-11 11:15:00+00:00,601.65,601.65,601.24,601.3,18802.0
2025-06-11 11:20:00+00:00,601.22,601.46,601.13,601.46,36187.0
2025-06-11 11:25:00+00:00,601.46,601.86,601.43,601.86,6942.0
2025-06-11 11:30:00+00:00,601.87,602.15,601.86,602.0,12463.0
2025-06-11 11:35:00+00:00,601.93,602.01,601.78,601.78,3950.0
2025-06-11 11:40:00+00:00,601.9,602.0,601.89,602.0,5583.0
2025-06-11 11:45:00+00:00,602.0,602.15,602.0,602.14,2986.0
2025-06-11 11:50:00+00:00,602.12,602.25,602.02,602.25,4370.0
2025-06-11 11:55:00+00:00,602.35,602.5,602.3,602.32,9627.0
2025-06-11 12:00:00+00:00,602.33,603.85,600.99,602.64,396018.0
2025-06-11 12:05:00+00:00,602.79,603.22,601.82,602.3,446715.0
2025-06-11 12:10:00+00:00,602.42,602.9,602.39,602.44,123089.0
2025-06-11 12:15:00+00:00,602.23,602.47,601.93,602.15,58198.0
2025-06-11 12:20:00+00:00,602.4,602.56,601.82,602.22,30319.0
2025-06-11 12:25:00+00:00,602.22,602.79,602.12,602.73,98796.0
2025-06-11 12:30:00+00:00,602.7,606.4,602.68,605.16,849487.0
2025-06-11 12:35:00+00:00,605.2,605.87,605.12,605.77,248899.0
2025-06-11 12:40:00+00:00,605.8,606.11,604.85,604.93,248474.0
2025-06-11 12:45:00+00:00,604.94,605.17,604.36,604.36,148603.0
2025-06-11 12:50:00+00:00,604.39,604.72,604.24,604.58,118752.0
2025-06-11 12:55:00+00:00,604.55,604.75,604.26,604.54,77783.0
2025-06-11 13:00:00+00:00,604.55,604.78,603.9201,604.16,158209.0
2025-06-11 13:05:00+00:00,604.1792,604.4,604.06,604.34,62047.0
2025-06-11 13:10:00+00:00,604.33,604.64,604.2,604.23,50194.0
2025-06-11 13:15:00+00:00,604.32,604.45,604.16,604.39,45872.0
2025-06-11 13:20:00+00:00,604.37,604.4,604.02,604.05,107979.0
2025-06-11 13:25:00+00:00,604.05,604.37,604.0,604.18,75936.0
2025-06-11 13:30:00+00:00,604.19,604.25,602.88,603.1,1750366.0
2025-06-11 13:35:00+00:00,603.09,603.62,602.8,603.45,1071229.0
2025-06-11 13:40:00+00:00,603.44,603.64,603.11,603.2,1015200.0
2025-06-11 13:45:00+00:00,603.19,603.25,602.25,603.08,1189706.0
2025-06-11 13:50:00+00:00,603.08,603.86,603.01,603.625,959214.0
2025-06-11 13:55:00+00:00,603.62,603.9,603.38,603.65,626451.0
2025-06-11 14:00:00+00:00,603.66,603.94,603.41,603.6,601058.0
2025-06-11 14:05:00+00:00,603.61,603.96,603.3,603.93,554724.0
2025-06-11 14:10:00+00:00,603.94,604.16,603.78,604.145,595669.0
2025-06-11 14:15:00+00:00,604.14,604.57,604.0,604.5157,696468.0
2025-06-11 14:20:00+00:00,604.52,604.68,604.35,604.6,548482.0
2025-06-11 14:25:00+00:00,604.59,604.885,604.58,604.735,701393.0
2025-06-11 14:30:00+00:00,604.74,604.79,604.445,604.77,619327.0
2025-06-11 14:35:00+00:00,604.79,604.82,604.52,604.68,362189.0
2025-06-11 14:40:00+00:00,604.69,604.755,604.38,604.755,460141.0
2025-06-11 14:45:00+00:00,604.76,604.97,604.6122,604.64,454027.0
2025-06-11 14:50:00+00:00,604.63,604.91,604.608,604.85,410497.0
2025-06-11 14:55:00+00:00,604.8413,605.06,604.635,604.7,608197.0
2025-06-11 15:00:00+00:00,604.7,604.9879,604.665,604.97,484568.0
2025-06-11 15:05:00+00:00,604.96,604.965,603.68,603.74,953280.0
2025-06-11 15:10:00+00:00,603.71,604.5099,603.46,604.26,930535.0
2025-06-11 15:15:00+00:00,604.28,604.7601,604.26,604.67,441211.0
2025-06-11 15:20:00+00:00,604.67,604.68,604.43,604.62,417392.0
2025-06-11 15:25:00+00:00,604.62,604.65,604.12,604.22,429389.0
2025-06-11 15:30:00+00:00,604.21,604.3,604.0,604.15,380067.0
2025-06-11 15:35:00+00:00,604.14,604.44,603.99,604.055,355236.0
2025-06-11 15:40:00+00:00,604.05,604.15,603.68,603.7599,421351.0
2025-06-11 15:45:00+00:00,603.75,604.03,603.23,603.6601,941814.0
2025-06-11 15:50:00+00:00,603.65,604.22,603.5445,604.15,736183.0
2025-06-11 15:55:00+00:00,604.16,604.17,603.49,603.58,541020.0
2025-06-11 16:00:00+00:00,603.59,603.87,603.23,603.35,857904.0
2025-06-11 16:05:00+00:00,603.3499,603.38,602.45,603.01,1080791.0
2025-06-11 16:10:00+00:00,603.02,603.07,602.225,602.79,1184137.0
2025-06-11 16:15:00+00:00,602.79,603.01,602.22,602.4046,827506.0
2025-06-11 16:20:00+00:00,602.41,602.66,601.96,602.56,835108.0
2025-06-11 16:25:00+00:00,602.55,603.24,602.5,603.22,579495.0
2025-06-11 16:30:00+00:00,603.21,603.555,603.18,603.29,573316.0
2025-06-11 16:35:00+00:00,603.26,603.33,602.74,602.87,537093.0
2025-06-11 16:40:00+00:00,602.87,603.17,602.74,603.06,411168.0
2025-06-11 16:45:00+00:00,603.06,603.57,602.92,603.38,606739.0
2025-06-11 16:50:00+00:00,603.39,603.6,603.13,603.28,425721.0
2025-06-11 16:55:00+00:00,603.29,603.5,603.22,603.42,409895.0
2025-06-11 17:00:00+00:00,603.405,604.1,603.26,604.04,827089.0
2025-06-11 17:05:00+00:00,604.04,604.2499,603.78,604.23,492884.0
2025-06-11 17:10:00+00:00,604.22,604.29,603.91,603.94,944929.0
2025-06-11 17:15:00+00:00,603.95,604.19,603.76,603.99,286621.0
2025-06-11 17:20:00+00:00,604.0,604.25,603.97,604.2098,252212.0
2025-06-11 17:25:00+00:00,604.22,604.43,604.22,604.35,346341.0
2025-06-11 17:30:00+00:00,604.35,604.445,603.91,603.955,449750.0
2025-06-11 17:35:00+00:00,603.95,604.01,603.66,603.86,407682.0
2025-06-11 17:40:00+00:00,603.8654,604.09,603.16,603.67,515897.0
2025-06-11 17:45:00+00:00,603.67,603.7299,603.06,603.09,439230.0
2025-06-11 17:50:00+00:00,603.11,603.25,602.83,603.1,438325.0
2025-06-11 17:55:00+00:00,603.11,603.31,602.36,602.507,828740.0
2025-06-11 18:00:00+00:00,602.51,602.78,600.38,601.07,2439213.0
2025-06-11 18:05:00+00:00,601.06,601.91,600.89,601.68,1626987.0
2025-06-11 18:10:00+00:00,601.68,601.69,600.4,600.41,1206559.0
2025-06-11 18:15:00+00:00,600.42,600.52,599.27,600.3,2410400.0
2025-06-11 18:20:00+00:00,600.3,601.06,600.21,600.885,1092532.0
2025-06-11 18:25:00+00:00,600.91,601.26,600.442,600.71,995470.0
2025-06-11 18:30:00+00:00,600.73,601.53,599.86,601.205,1738003.0
2025-06-11 18:35:00+00:00,601.18,601.83,600.89,601.64,910944.0
2025-06-11 18:40:00+00:00,601.63,602.045,601.35,601.988,772037.0
2025-06-11 18:45:00+00:00,601.97,602.16,601.86,602.1,498656.0
2025-06-11 18:50:00+00:00,602.08,602.08,601.255,601.375,932393.0
2025-06-11 18:55:00+00:00,601.39,601.4,600.66,600.79,1157229.0
2025-06-11 19:00:00+00:00,600.82,600.97,600.25,600.505,819013.0
2025-06-11 19:05:00+00:00,600.5,600.87,599.93,600.74,896854.0
2025-06-11 19:10:00+00:00,600.73,600.99,600.4899,600.87,564744.0
2025-06-11 19:15:00+00:00,600.88,600.96,600.16,600.2,733079.0
2025-06-11 19:20:00+00:00,600.19,601.02,600.1,600.89,675112.0
2025-06-11 19:25:00+00:00,600.94,601.12,600.22,600.48,1110642.0
2025-06-11 19:30:00+00:00,600.47,600.98,599.78,599.8199,967800.0
2025-06-11 19:35:00+00:00,599.8,600.755,599.73,600.58,1026128.0
2025-06-11 19:40:00+00:00,600.57,600.85,600.27,600.73,831944.0
2025-06-11 19:45:00+00:00,600.74,601.09,600.25,600.36,1041415.0
2025-06-11 19:50:00+00:00,600.35,601.22,600.28,600.91,2098759.0
2025-06-11 19:55:00+00:00,600.89,601.59,600.801,601.4,4431262.0
2025-06-11 20:00:00+00:00,601.4,601.44,601.08,601.38,586938.0
2025-06-11 20:05:00+00:00,601.43,601.58,601.22,601.42,474630.0
2025-06-11 20:10:00+00:00,601.44,601.59,601.37,601.51,839227.0
2025-06-11 20:15:00+00:00,601.54,602.0,601.52,601.99,132212.0
2025-06-11 20:20:00+00:00,601.97,601.98,601.78,601.84,165786.0
2025-06-11 20:25:00+00:00,601.87,601.9,601.73,601.73,28697.0
2025-06-11 20:30:00+00:00,601.73,601.75,601.42,601.53,155419.0
2025-06-11 20:35:00+00:00,601.51,601.51,601.36,601.36,32084.0
2025-06-11 20:40:00+00:00,601.36,601.4,601.26,601.37,44729.0
2025-06-11 20:45:00+00:00,601.39,601.41,601.26,601.3,43160.0
2025-06-11 20:50:00+00:00,601.34,601.4,601.33,601.36,42741.0
2025-06-11 20:55:00+00:00,601.34,601.42,601.29,601.36,40274.0
2025-06-11 21:00:00+00:00,601.35,601.54,601.3101,601.54,12059.0
2025-06-11 21:05:00+00:00,601.48,601.5,601.42,601.49,6427.0
2025-06-11 21:10:00+00:00,601.53,601.55,601.53,601.54,5957.0
2025-06-11 21:15:00+00:00,601.55,601.56,601.37,601.4,26257.0
2025-06-11 21:20:00+00:00,601.4,601.4,601.1309,601.2,27358.0
2025-06-11 21:25:00+00:00,601.2,601.29,600.9503,600.97,25791.0
2025-06-11 21:30:00+00:00,600.91,601.0,600.9,601.0,9278.0
2025-06-11 21:35:00+00:00,601.08,601.09,601.08,601.09,2287.0
2025-06-11 21:40:00+00:00,601.05,601.05,601.01,601.01,1273.0
2025-06-11 21:45:00+00:00,600.99,601.08,600.97,600.99,15234.0
2025-06-11 21:50:00+00:00,602.9843,602.9843,600.99,601.0,105228.0
2025-06-11 21:55:00+00:00,600.96,601.0696,600.91,601.0696,8972.0
2025-06-11 22:00:00+00:00,600.92,601.14,600.62,600.63,31219.0
2025-06-11 22:05:00+00:00,600.73,601.15,600.73,601.15,22875.0
2025-06-11 22:10:00+00:00,601.0618,601.21,601.06,601.21,5195.0
2025-06-11 22:15:00+00:00,601.2,601.22,601.09,601.13,3081.0
2025-06-11 22:20:00+00:00,601.07,601.5,601.07,601.36,3591.0
2025-06-11 22:25:00+00:00,601.3298,601.65,601.3,601.58,9127.0
2025-06-11 22:30:00+00:00,601.54,601.68,601.54,601.66,4107.0
2025-06-11 22:35:00+00:00,601.66,601.71,601.36,601.36,3301.0
2025-06-11 22:40:00+00:00,601.36,601.4,601.3,601.37,2543.0
2025-06-11 22:45:00+00:00,601.28,601.28,601.27,601.27,495.0
2025-06-11 22:50:00+00:00,601.3,601.3,600.63,600.69,21642.0
2025-06-11 22:55:00+00:00,600.54,600.54,600.21,600.4314,27889.0
2025-06-11 23:00:00+00:00,600.33,600.54,600.31,600.43,43483.0
2025-06-11 23:05:00+00:00,600.34,600.34,600.08,600.31,11437.0
2025-06-11 23:10:00+00:00,600.401,600.5899,600.25,600.25,5872.0
2025-06-11 23:15:00+00:00,600.36,600.4,600.17,600.17,4756.0
2025-06-11 23:20:00+00:00,600.2,600.48,600.2,600.43,8750.0
2025-06-11 23:25:00+00:00,600.4,600.4,600.22,600.32,12644.0
2025-06-11 23:30:00+00:00,600.3,600.5899,600.3,600.5899,10047.0
2025-06-11 23:35:00+00:00,600.6,600.94,600.6,600.83,15273.0
2025-06-11 23:40:00+00:00,600.83,601.01,600.83,600.8301,3968.0
2025-06-11 23:45:00+00:00,600.83,600.83,600.56,600.56,4170.0
2025-06-11 23:50:00+00:00,600.5,600.58,600.48,600.58,4563.0
2025-06-11 23:55:00+00:00,600.5601,600.6,600.45,600.4895,13274.0
2025-06-12 08:00:00+00:00,598.68,599.88,597.64,597.68,18405.0
2025-06-12 08:05:00+00:00,597.71,598.24,597.59,598.16,12067.0
2025-06-12 08:10:00+00:00,598.43,598.57,598.36,598.45,13779.0
2025-06-12 08:15:00+00:00,598.47,598.47,597.97,598.0,9247.0
2025-06-12 08:20:00+00:00,598.24,598.45,598.14,598.21,3957.0
2025-06-12 08:25:00+00:00,598.05,598.28,598.05,598.16,3221.0
2025-06-12 08:30:00+00:00,598.16,598.18,597.96,598.12,4878.0
2025-06-12 08:35:00+00:00,598.05,598.15,597.84,598.12,21439.0
2025-06-12 08:40:00+00:00,598.09,598.49,598.09,598.48,4974.0
2025-06-12 08:45:00+00:00,598.37,598.9,598.37,598.9,3365.0
2025-06-12 08:50:00+00:00,598.92,599.1,598.91,599.1,5534.0
2025-06-12 08:55:00+00:00,599.07,599.16,599.01,599.1,8255.0
2025-06-12 09:00:00+00:00,599.1,599.31,599.08,599.11,7135.0
2025-06-12 09:05:00+00:00,599.11,599.33,599.11,599.31,8386.0
2025-06-12 09:10:00+00:00,599.38,599.38,599.19,599.19,5463.0
2025-06-12 09:15:00+00:00,599.14,599.21,599.0,599.0,6933.0
2025-06-12 09:20:00+00:00,599.14,599.25,599.01,599.06,4538.0
2025-06-12 09:25:00+00:00,599.01,599.12,598.77,599.12,10939.0
2025-06-12 09:30:00+00:00,599.11,599.34,599.04,599.28,6116.0
2025-06-12 09:35:00+00:00,599.45,599.76,599.44,599.56,14878.0
2025-06-12 09:40:00+00:00,599.48,599.48,599.0,599.23,6409.0
2025-06-12 09:45:00+00:00,599.34,599.47,599.14,599.19,5256.0
2025-06-12 09:50:00+00:00,599.04,599.12,598.89,599.01,10393.0
2025-06-12 09:55:00+00:00,598.96,599.01,598.93,598.96,3056.0
2025-06-12 10:00:00+00:00,598.82,599.03,598.67,599.01,2391.0
2025-06-12 10:05:00+00:00,598.95,598.95,598.67,598.69,1389.0
2025-06-12 10:10:00+00:00,598.75,598.77,598.47,598.65,10498.0
2025-06-12 10:15:00+00:00,598.91,599.08,598.91,598.97,3539.0
2025-06-12 10:20:00+00:00,598.99,598.99,598.2,598.24,10229.0
2025-06-12 10:25:00+00:00,598.24,598.43,598.06,598.36,18821.0
2025-06-12 10:30:00+00:00,598.44,598.68,598.32,598.33,21181.0
2025-06-12 10:35:00+00:00,598.33,598.55,598.23,598.41,7753.0
2025-06-12 10:40:00+00:00,598.48,598.81,598.47,598.77,31834.0
2025-06-12 10:45:00+00:00,598.83,599.12,598.77,599.01,13014.0
2025-06-12 10:50:00+00:00,599.01,599.24,598.96,599.01,14728.0
2025-06-12 10:55:00+00:00,599.11,599.22,598.7,598.75,15402.0
2025-06-12 11:00:00+00:00,598.73,598.81,598.53,598.63,10438.0
2025-06-12 11:05:00+00:00,598.5,598.74,598.33,598.74,22614.0
2025-06-12 11:10:00+00:00,598.83,599.0,598.5,598.5,42442.0
2025-06-12 11:15:00+00:00,598.39,598.51,598.35,598.43,20089.0
2025-06-12 11:20:00+00:00,598.47,598.6,598.4,598.48,15312.0
2025-06-12 11:25:00+00:00,598.48,598.6,598.2,598.27,27334.0
2025-06-12 11:30:00+00:00,598.23,598.27,597.98,598.27,25227.0
2025-06-12 11:35:00+00:00,598.34,598.34,597.9,598.07,45315.0
2025-06-12 11:40:00+00:00,598.13,598.44,598.08,598.41,9645.0
2025-06-12 11:45:00+00:00,598.38,598.53,598.32,598.38,10585.0
2025-06-12 11:50:00+00:00,598.43,598.44,597.87,597.97,21195.0
2025-06-12 11:55:00+00:00,597.95,597.97,597.67,597.86,21928.0
2025-06-12 12:00:00+00:00,600.78,600.78,597.69,597.96,74348.0
2025-06-12 12:05:00+00:00,597.9813,598.24,597.95,598.15,15592.0
2025-06-12 12:10:00+00:00,598.2001,598.5,598.13,598.45,38724.0
2025-06-12 12:15:00+00:00,598.4,598.4,598.25,598.38,17725.0
2025-06-12 12:20:00+00:00,598.359,598.41,598.25,598.3301,28844.0
2025-06-12 12:25:00+00:00,598.3505,598.37,598.05,598.3,27240.0
2025-06-12 12:30:00+00:00,598.39,599.05,597.85,598.89,134427.0
2025-06-12 12:35:00+00:00,598.93,599.68,598.8,599.65,124233.0
2025-06-12 12:40:00+00:00,599.59,599.91,599.51,599.8799,117166.0
2025-06-12 12:45:00+00:00,599.88,600.07,599.62,599.76,124838.0
2025-06-12 12:50:00+00:00,599.8,599.87,599.55,599.85,42755.0
2025-06-12 12:55:00+00:00,599.8494,600.1488,599.8494,599.99,73653.0
2025-06-12 13:00:00+00:00,600.03,600.81,599.93,600.12,98880.0
2025-06-12 13:05:00+00:00,600.1,601.3995,599.77,600.01,136424.0
2025-06-12 13:10:00+00:00,600.115,600.13,599.98,599.99,25755.0
2025-06-12 13:15:00+00:00,600.04,600.12,599.88,600.11,27448.0
2025-06-12 13:20:00+00:00,600.13,600.13,599.87,600.0,58494.0
2025-06-12 13:25:00+00:00,600.03,600.15,599.9,600.02,116898.0
2025-06-12 13:30:00+00:00,600.01,600.67,599.64,599.75,1290869.0
2025-06-12 13:35:00+00:00,599.76,600.53,599.52,600.32,1149884.0
2025-06-12 13:40:00+00:00,600.32,600.82,600.19,600.7,854678.0
2025-06-12 13:45:00+00:00,600.7,600.95,600.4,600.9099,834342.0
2025-06-12 13:50:00+00:00,600.89,601.24,600.65,601.03,1009049.0
2025-06-12 13:55:00+00:00,601.02,601.02,600.36,600.7699,674589.0
2025-06-12 14:00:00+00:00,600.76,601.095,600.61,600.88,634211.0
2025-06-12 14:05:00+00:00,600.89,601.66,600.74,601.43,997753.0
2025-06-12 14:10:00+00:00,601.46,601.925,601.385,601.87,631851.0
2025-06-12 14:15:00+00:00,601.87,602.35,601.7801,602.21,1003627.0
2025-06-12 14:20:00+00:00,602.21,602.46,602.09,602.25,740142.0
2025-06-12 14:25:00+00:00,602.25,602.64,601.98,602.48,1065634.0
2025-06-12 14:30:00+00:00,602.49,602.72,602.35,602.61,771810.0
2025-06-12 14:35:00+00:00,602.57,603.02,602.4301,602.89,713546.0
2025-06-12 14:40:00+00:00,602.9,603.12,602.84,602.95,678008.0
2025-06-12 14:45:00+00:00,602.95,603.13,602.885,603.04,574493.0
2025-06-12 14:50:00+00:00,603.04,603.05,602.7801,602.8301,655221.0
2025-06-12 14:55:00+00:00,602.84,602.925,602.58,602.6413,731245.0
2025-06-12 15:00:00+00:00,602.65,603.62,602.65,603.49,1093526.0
2025-06-12 15:05:00+00:00,603.47,603.51,603.09,603.2,806839.0
2025-06-12 15:10:00+00:00,603.2093,603.295,602.94,603.19,514847.0
2025-06-12 15:15:00+00:00,603.19,603.3,602.43,602.64,1246894.0
2025-06-12 15:20:00+00:00,602.64,602.77,601.54,601.98,1899788.0
2025-06-12 15:25:00+00:00,601.97,602.49,601.7101,602.45,1047491.0
2025-06-12 15:30:00+00:00,602.45,602.61,601.97,602.27,691742.0
2025-06-12 15:35:00+00:00,602.28,602.5291,602.02,602.14,453184.0
2025-06-12 15:40:00+00:00,602.14,602.5,602.08,602.37,308942.0
2025-06-12 15:45:00+00:00,602.355,602.39,601.86,602.01,493380.0
2025-06-12 15:50:00+00:00,602.0,602.27,601.74,602.25,606957.0
2025-06-12 15:55:00+00:00,602.26,602.55,602.12,602.47,451313.0
2025-06-12 16:00:00+00:00,602.475,602.825,601.915,602.14,767023.0
2025-06-12 16:05:00+00:00,602.1,602.78,601.99,602.655,1553703.0
2025-06-12 16:10:00+00:00,602.67,603.32,602.63,602.92,666515.0
2025-06-12 16:15:00+00:00,602.92,603.1,602.65,602.745,487098.0
2025-06-12 16:20:00+00:00,602.75,602.9,602.17,602.2951,435740.0
2025-06-12 16:25:00+00:00,602.31,603.16,602.295,603.0046,607303.0
2025-06-12 16:30:00+00:00,602.99,603.0,602.02,602.83,1011282.0
2025-06-12 16:35:00+00:00,602.81,603.42,602.8,603.28,565522.0
2025-06-12 16:40:00+00:00,603.31,603.32,602.97,603.185,697394.0
2025-06-12 16:45:00+00:00,603.19,603.29,602.83,602.86,728118.0
2025-06-12 16:50:00+00:00,602.865,602.88,602.52,602.56,457065.0
2025-06-12 16:55:00+00:00,602.555,602.72,602.37,602.425,427568.0
2025-06-12 17:00:00+00:00,602.45,603.27,602.37,602.78,618011.0
2025-06-12 17:05:00+00:00,602.78,603.11,602.62,603.03,272817.0
2025-06-12 17:10:00+00:00,603.0499,603.29,602.94,603.14,339638.0
2025-06-12 17:15:00+00:00,603.13,603.34,602.985,603.25,416507.0
2025-06-12 17:20:00+00:00,603.26,603.3,602.98,603.01,328549.0
2025-06-12 17:25:00+00:00,602.99,603.15,602.75,602.98,401679.0
2025-06-12 17:30:00+00:00,602.97,603.56,602.94,603.49,469814.0
2025-06-12 17:35:00+00:00,603.49,603.5604,603.27,603.38,373090.0
2025-06-12 17:40:00+00:00,603.39,603.475,603.245,603.39,325443.0
2025-06-12 17:45:00+00:00,603.41,603.4485,603.13,603.15,358561.0
2025-06-12 17:50:00+00:00,603.16,603.39,603.1414,603.34,247998.0
2025-06-12 17:55:00+00:00,603.33,603.34,602.96,603.1108,344333.0
2025-06-12 18:00:00+00:00,603.11,603.29,602.995,603.21,463374.0
2025-06-12 18:05:00+00:00,603.2,603.4285,603.19,603.35,364484.0
2025-06-12 18:10:00+00:00,603.35,603.41,603.095,603.1,273144.0
2025-06-12 18:15:00+00:00,603.095,603.32,603.07,603.2068,333216.0
2025-06-12 18:20:00+00:00,603.2001,603.31,602.835,602.935,957205.0
2025-06-12 18:25:00+00:00,602.93,603.06,602.42,602.81,860515.0
2025-06-12 18:30:00+00:00,602.84,602.91,602.46,602.83,777233.0
2025-06-12 18:35:00+00:00,602.83,603.15,602.81,603.05,583157.0
2025-06-12 18:40:00+00:00,603.04,603.11,602.73,602.785,345273.0
2025-06-12 18:45:00+00:00,602.79,603.07,602.63,603.0,470352.0
2025-06-12 18:50:00+00:00,602.99,603.24,602.88,603.13,505658.0
2025-06-12 18:55:00+00:00,603.13,603.365,602.93,603.33,643677.0
2025-06-12 19:00:00+00:00,603.32,603.4777,603.16,603.37,636310.0
2025-06-12 19:05:00+00:00,603.37,603.5,603.27,603.3901,525053.0
2025-06-12 19:10:00+00:00,603.39,603.42,603.23,603.26,495171.0
2025-06-12 19:15:00+00:00,603.255,603.55,603.24,603.485,510907.0
2025-06-12 19:20:00+00:00,603.4909,603.57,603.2606,603.305,600366.0
2025-06-12 19:25:00+00:00,603.29,603.32,603.08,603.2946,617801.0
2025-06-12 19:30:00+00:00,603.28,603.2804,602.91,603.17,1023423.0
2025-06-12 19:35:00+00:00,603.17,603.24,603.01,603.15,646291.0
2025-06-12 19:40:00+00:00,603.14,603.14,602.73,602.77,1222353.0
2025-06-12 19:45:00+00:00,602.76,602.855,602.545,602.65,1311184.0
2025-06-12 19:50:00+00:00,602.66,602.92,602.39,602.68,1646563.0
2025-06-12 19:55:00+00:00,602.69,603.72,602.69,603.72,3239757.0
2025-06-12 20:00:00+00:00,603.69,603.75,603.38,603.44,528995.0
2025-06-12 20:05:00+00:00,603.42,603.75,603.4,603.49,574123.0
2025-06-12 20:10:00+00:00,603.49,603.62,603.43,603.45,1172469.0
2025-06-12 20:15:00+00:00,603.41,603.43,603.08,603.25,1498318.0
2025-06-12 20:20:00+00:00,603.25,603.26,603.1,603.14,61447.0
2025-06-12 20:25:00+00:00,603.14,603.17,603.03,603.05,32943.0
2025-06-12 20:30:00+00:00,603.05,603.07,602.97,603.05,26025.0
2025-06-12 20:35:00+00:00,603.06,603.2,603.05,603.11,19561.0
2025-06-12 20:40:00+00:00,603.1,603.18,602.98,603.0,18530.0
2025-06-12 20:45:00+00:00,603.03,603.05,602.95,603.01,21574.0
2025-06-12 20:50:00+00:00,602.96,603.05,602.93,603.0,26580.0
2025-06-12 20:55:00+00:00,602.98,603.0,602.86,602.94,19655.0
2025-06-12 21:00:00+00:00,602.97,603.05,602.97,603.05,6429.0
2025-06-12 21:05:00+00:00,603.04,603.1,602.83,603.1,23385.0
2025-06-12 21:10:00+00:00,603.09,603.15,603.02,603.02,19944.0
2025-06-12 21:15:00+00:00,602.95,603.05,602.95,603.03,1452.0
2025-06-12 21:20:00+00:00,603.03,603.03,602.92,602.9599,19416.0
2025-06-12 21:25:00+00:00,602.9503,603.04,602.95,602.98,14875.0
2025-06-12 21:30:00+00:00,602.9503,602.99,602.9503,602.99,2208.0
2025-06-12 21:35:00+00:00,603.08,603.19,603.08,603.19,14273.0
2025-06-12 21:40:00+00:00,603.19,603.2,603.15,603.16,1398.0
2025-06-12 21:45:00+00:00,603.16,603.25,603.15,603.21,15413.0
2025-06-12 21:50:00+00:00,603.22,603.25,603.16,603.25,3946.0
2025-06-12 21:55:00+00:00,603.2,603.2,603.15,603.15,1235.0
2025-06-12 22:00:00+00:00,603.11,603.11,602.46,602.46,28096.0
2025-06-12 22:05:00+00:00,602.6,602.6699,602.43,602.55,12888.0
2025-06-12 22:10:00+00:00,602.55,602.66,602.55,602.61,14976.0
2025-06-12 22:15:00+00:00,602.65,602.6697,602.4003,602.4012,13687.0
2025-06-12 22:20:00+00:00,602.4,602.4691,602.351,602.4691,8424.0
2025-06-12 22:25:00+00:00,602.45,602.45,602.2,602.29,5332.0
2025-06-12 22:30:00+00:00,602.2,602.2199,601.92,602.19,16450.0
2025-06-12 22:35:00+00:00,602.2,602.26,602.05,602.07,9129.0
2025-06-12 22:40:00+00:00,602.069,602.14,602.04,602.12,1705.0
2025-06-12 22:45:00+00:00,602.24,602.43,602.23,602.3101,6407.0
2025-06-12 22:50:00+00:00,602.34,602.38,602.3117,602.35,7672.0
2025-06-12 22:55:00+00:00,602.3401,602.44,602.3401,602.41,1670.0
2025-06-12 23:00:00+00:00,602.32,602.32,602.19,602.24,1432.0
2025-06-12 23:05:00+00:00,602.23,602.4,602.23,602.4,1363.0
2025-06-12 23:10:00+00:00,602.42,602.44,602.2902,602.2902,1832.0
2025-06-12 23:15:00+00:00,602.4,602.47,602.36,602.37,2522.0
2025-06-12 23:20:00+00:00,602.321,602.45,602.28,602.4499,7593.0
2025-06-12 23:25:00+00:00,602.2812,602.32,602.2701,602.28,2834.0
2025-06-12 23:30:00+00:00,602.26,602.3,602.23,602.28,2024.0
2025-06-12 23:35:00+00:00,602.22,602.28,602.17,602.27,3379.0
2025-06-12 23:40:00+00:00,602.25,602.3999,601.81,602.0617,52764.0
2025-06-12 23:45:00+00:00,602.0,602.15,601.96,602.06,14151.0
2025-06-12 23:50:00+00:00,602.09,602.21,601.97,601.9894,7290.0
2025-06-12 23:55:00+00:00,602.06,602.09,600.12,600.19,38684.0
2025-06-13 08:00:00+00:00,596.34,597.28,594.48,597.17,85652.0
2025-06-13 08:05:00+00:00,597.08,597.3,596.75,597.09,48546.0
2025-06-13 08:10:00+00:00,597.15,597.5,596.99,597.37,42138.0
2025-06-13 08:15:00+00:00,597.36,597.5,597.12,597.34,36883.0
2025-06-13 08:20:00+00:00,597.27,597.27,596.75,596.85,23094.0
2025-06-13 08:25:00+00:00,596.86,596.93,596.48,596.87,14071.0
2025-06-13 08:30:00+00:00,596.87,596.93,596.71,596.77,17596.0
2025-06-13 08:35:00+00:00,596.77,596.79,596.48,596.48,9304.0
2025-06-13 08:40:00+00:00,596.43,596.6,596.35,596.46,12300.0
2025-06-13 08:45:00+00:00,596.22,596.43,595.96,596.43,16070.0
2025-06-13 08:50:00+00:00,596.35,596.79,596.35,596.79,10469.0
2025-06-13 08:55:00+00:00,596.69,596.86,596.33,596.39,9652.0
2025-06-13 09:00:00+00:00,596.41,597.1,596.3,596.81,20748.0
2025-06-13 09:05:00+00:00,596.74,596.99,596.72,596.98,8120.0
2025-06-13 09:10:00+00:00,596.89,597.1,595.86,596.5,53141.0
2025-06-13 09:15:00+00:00,596.41,597.41,596.39,596.78,23868.0
2025-06-13 09:20:00+00:00,596.83,597.21,596.49,597.1,23446.0
2025-06-13 09:25:00+00:00,597.07,597.3,596.85,597.14,21877.0
2025-06-13 09:30:00+00:00,597.09,597.09,596.62,596.69,10699.0
2025-06-13 09:35:00+00:00,596.82,596.91,596.45,596.72,6366.0
2025-06-13 09:40:00+00:00,596.7,596.75,596.5,596.65,8884.0
2025-06-13 09:45:00+00:00,596.65,596.73,596.48,596.64,8680.0
2025-06-13 09:50:00+00:00,596.41,596.91,596.41,596.86,10646.0
2025-06-13 09:55:00+00:00,596.75,597.16,596.71,596.91,22268.0
2025-06-13 10:00:00+00:00,597.02,597.02,596.4,596.41,7420.0
2025-06-13 10:05:00+00:00,596.48,596.73,596.41,596.5,20864.0
2025-06-13 10:10:00+00:00,596.71,597.12,596.71,596.96,13253.0
2025-06-13 10:15:00+00:00,596.93,597.06,596.56,596.91,21110.0
2025-06-13 10:20:00+00:00,596.99,597.0,596.48,596.73,22889.0
2025-06-13 10:25:00+00:00,596.83,597.45,596.83,597.22,21316.0
2025-06-13 10:30:00+00:00,597.11,597.13,596.97,596.98,12008.0
2025-06-13 10:35:00+00:00,597.0,597.21,596.91,597.02,21820.0
2025-06-13 10:40:00+00:00,597.09,597.2,596.95,597.07,10341.0
2025-06-13 10:45:00+00:00,597.15,597.43,597.11,597.34,102048.0
2025-06-13 10:50:00+00:00,597.32,597.5,597.16,597.43,7952.0
2025-06-13 10:55:00+00:00,597.5,597.87,597.47,597.63,9120.0
2025-06-13 11:00:00+00:00,597.7,598.25,597.6,598.25,43708.0
2025-06-13 11:05:00+00:00,598.23,598.6,598.19,598.55,37103.0
2025-06-13 11:10:00+00:00,598.49,598.49,597.73,597.85,95508.0
2025-06-13 11:15:00+00:00,597.81,597.92,597.5,597.92,112787.0
2025-06-13 11:20:00+00:00,597.92,598.01,597.63,597.82,149379.0
2025-06-13 11:25:00+00:00,597.8,597.81,597.56,597.58,33882.0
2025-06-13 11:30:00+00:00,597.63,598.21,597.58,598.21,131444.0
2025-06-13 11:35:00+00:00,598.19,598.55,598.06,598.2,101914.0
2025-06-13 11:40:00+00:00,598.25,598.55,598.25,598.55,29386.0
2025-06-13 11:45:00+00:00,598.55,598.65,598.5,598.62,54265.0
2025-06-13 11:50:00+00:00,598.45,598.63,598.41,598.51,10677.0
2025-06-13 11:55:00+00:00,598.47,598.7,598.43,598.48,36806.0
2025-06-13 12:00:00+00:00,598.0,598.6682,593.79,598.15,212781.0
2025-06-13 12:05:00+00:00,598.12,598.29,598.01,598.24,35542.0
2025-06-13 12:10:00+00:00,598.2499,598.29,598.07,598.07,46167.0
2025-06-13 12:15:00+00:00,598.08,598.5,598.0,598.36,48234.0
2025-06-13 12:20:00+00:00,598.4699,598.94,598.4699,598.85,96374.0
2025-06-13 12:25:00+00:00,598.87,598.97,598.56,598.6386,42597.0
2025-06-13 12:30:00+00:00,598.68,598.84,598.52,598.76,42924.0
2025-06-13 12:35:00+00:00,598.81,599.1,598.7,598.7517,87771.0
2025-06-13 12:40:00+00:00,598.79,598.83,598.22,598.27,39136.0
2025-06-13 12:45:00+00:00,598.27,598.45,598.12,598.31,39879.0
2025-06-13 12:50:00+00:00,598.23,598.37,597.87,597.9505,47888.0
2025-06-13 12:55:00+00:00,597.9824,598.23,597.9824,598.09,41596.0
2025-06-13 13:00:00+00:00,598.11,598.11,597.85,598.05,61821.0
2025-06-13 13:05:00+00:00,597.96,598.03,597.86,597.89,36093.0
2025-06-13 13:10:00+00:00,597.9099,597.98,597.61,597.9,36957.0
2025-06-13 13:15:00+00:00,597.85,597.91,597.25,597.51,122892.0
2025-06-13 13:20:00+00:00,597.44,597.72,597.29,597.58,56031.0
2025-06-13 13:25:00+00:00,597.56,599.04,597.48,598.53,201419.0
2025-06-13 13:30:00+00:00,598.5,600.37,598.16,599.8,2686947.0
2025-06-13 13:35:00+00:00,599.82,600.21,599.27,600.04,1537182.0
2025-06-13 13:40:00+00:00,600.06,600.07,599.39,599.68,925204.0
2025-06-13 13:45:00+00:00,599.69,599.69,598.76,598.99,1161076.0
2025-06-13 13:50:00+00:00,598.99,599.72,598.46,598.47,1231231.0
2025-06-13 13:55:00+00:00,598.47,598.77,597.86,598.15,943011.0
2025-06-13 14:00:00+00:00,598.17,599.167,598.03,598.38,1282201.0
2025-06-13 14:05:00+00:00,598.37,598.93,598.2,598.51,747463.0
2025-06-13 14:10:00+00:00,598.52,598.56,597.51,597.97,927913.0
2025-06-13 14:15:00+00:00,597.98,598.19,597.67,597.805,541545.0
2025-06-13 14:20:00+00:00,597.8,598.08,596.99,597.6152,1185151.0
2025-06-13 14:25:00+00:00,597.6,597.73,596.63,596.77,990081.0
2025-06-13 14:30:00+00:00,596.77,597.6,596.65,597.415,936481.0
2025-06-13 14:35:00+00:00,597.41,598.38,597.2115,598.3,971023.0
2025-06-13 14:40:00+00:00,598.32,598.94,597.945,597.97,934898.0
2025-06-13 14:45:00+00:00,598.0,598.18,597.4,597.74,736823.0
2025-06-13 14:50:00+00:00,597.72,599.19,597.5499,598.93,1101207.0
2025-06-13 14:55:00+00:00,598.92,599.42,598.805,599.14,1009796.0
2025-06-13 15:00:00+00:00,599.14,599.36,598.92,599.305,535500.0
2025-06-13 15:05:00+00:00,599.3,599.71,599.27,599.46,512907.0
2025-06-13 15:10:00+00:00,599.45,599.7601,599.06,599.63,666637.0
2025-06-13 15:15:00+00:00,599.65,599.96,599.42,599.9201,482690.0
2025-06-13 15:20:00+00:00,599.93,600.67,599.79,600.13,1185086.0
2025-06-13 15:25:00+00:00,600.11,600.61,599.97,600.58,573237.0
2025-06-13 15:30:00+00:00,600.57,600.95,600.505,600.67,722056.0
2025-06-13 15:35:00+00:00,600.67,600.745,600.33,600.49,593094.0
2025-06-13 15:40:00+00:00,600.49,601.04,600.292,600.9,698854.0
2025-06-13 15:45:00+00:00,600.9,601.465,600.79,601.27,864003.0
2025-06-13 15:50:00+00:00,601.28,601.71,601.28,601.6409,550962.0
2025-06-13 15:55:00+00:00,601.64,601.66,601.0,601.25,841119.0
2025-06-13 16:00:00+00:00,601.24,601.33,600.9001,601.0399,438600.0
2025-06-13 16:05:00+00:00,601.02,601.53,600.92,601.36,441543.0
2025-06-13 16:10:00+00:00,601.36,601.79,601.36,601.65,500719.0
2025-06-13 16:15:00+00:00,601.66,601.85,601.35,601.695,380893.0
2025-06-13 16:20:00+00:00,601.71,601.72,601.33,601.51,545963.0
2025-06-13 16:25:00+00:00,601.51,601.62,600.74,600.88,468950.0
2025-06-13 16:30:00+00:00,600.89,601.3,600.84,601.185,469977.0
2025-06-13 16:35:00+00:00,601.21,601.37,600.64,600.64,406365.0
2025-06-13 16:40:00+00:00,600.64,600.9199,600.52,600.65,433237.0
2025-06-13 16:45:00+00:00,600.65,600.7,600.31,600.3301,372343.0
2025-06-13 16:50:00+00:00,600.34,601.3,600.285,601.15,597083.0
2025-06-13 16:55:00+00:00,601.16,601.49,601.05,601.065,546446.0
2025-06-13 17:00:00+00:00,601.05,601.17,600.75,600.77,526300.0
2025-06-13 17:05:00+00:00,600.78,600.84,600.37,600.39,423202.0
2025-06-13 17:10:00+00:00,600.3848,600.45,599.7904,600.05,778935.0
2025-06-13 17:15:00+00:00,600.05,600.07,599.17,599.68,1208577.0
2025-06-13 17:20:00+00:00,599.6964,600.72,599.66,600.13,663291.0
2025-06-13 17:25:00+00:00,600.13,600.21,599.5101,599.53,351260.0
2025-06-13 17:30:00+00:00,599.52,600.1,599.46,599.52,536979.0
2025-06-13 17:35:00+00:00,599.53,599.72,599.3,599.4,488240.0
2025-06-13 17:40:00+00:00,599.4,599.76,598.96,599.43,917596.0
2025-06-13 17:45:00+00:00,599.44,599.69,599.2109,599.34,631583.0
2025-06-13 17:50:00+00:00,599.33,600.15,599.29,599.98,625186.0
2025-06-13 17:55:00+00:00,599.97,600.01,599.65,599.78,358922.0
2025-06-13 18:00:00+00:00,599.8,600.29,598.81,599.16,1187085.0
2025-06-13 18:05:00+00:00,599.21,599.7,598.6,598.85,1191847.0
2025-06-13 18:10:00+00:00,598.83,599.16,598.585,598.6102,723412.0
2025-06-13 18:15:00+00:00,598.62,598.65,597.7375,598.56,1771431.0
2025-06-13 18:20:00+00:00,598.57,598.7,597.855,598.11,939403.0
2025-06-13 18:25:00+00:00,598.1,598.245,597.0,597.11,1206309.0
2025-06-13 18:30:00+00:00,597.1,597.33,596.04,596.57,2204233.0
2025-06-13 18:35:00+00:00,596.58,596.73,595.59,596.0301,1693630.0
2025-06-13 18:40:00+00:00,596.03,596.6,595.66,596.18,1382084.0
2025-06-13 18:45:00+00:00,596.2,596.93,596.06,596.2,1541739.0
2025-06-13 18:50:00+00:00,596.2,597.15,596.09,597.0792,943763.0
2025-06-13 18:55:00+00:00,597.06,597.36,596.56,597.21,1006724.0
2025-06-13 19:00:00+00:00,597.19,597.4999,596.25,596.8,1315596.0
2025-06-13 19:05:00+00:00,596.79,597.62,596.6,597.48,827824.0
2025-06-13 19:10:00+00:00,597.47,597.685,596.9,597.45,958489.0
2025-06-13 19:15:00+00:00,597.46,597.61,596.78,596.955,1056006.0
2025-06-13 19:20:00+00:00,596.94,597.43,596.43,596.46,1299377.0
2025-06-13 19:25:00+00:00,596.45,596.57,596.04,596.2692,1294056.0
2025-06-13 19:30:00+00:00,596.28,596.87,595.93,596.1699,2076978.0
2025-06-13 19:35:00+00:00,596.14,597.25,596.04,596.7899,1776224.0
2025-06-13 19:40:00+00:00,596.78,597.1,596.07,596.145,1174046.0
2025-06-13 19:45:00+00:00,596.13,596.85,595.48,596.33,2641283.0
2025-06-13 19:50:00+00:00,596.33,596.74,595.77,595.98,3086723.0
2025-06-13 19:55:00+00:00,595.96,597.12,595.78,596.95,4785375.0
2025-06-13 20:00:00+00:00,596.93,597.38,596.8,596.9,959082.0
2025-06-13 20:05:00+00:00,596.9,597.14,596.66,597.03,542087.0
2025-06-13 20:10:00+00:00,597.02,597.67,597.0,597.67,1759590.0
2025-06-13 20:15:00+00:00,597.69,597.7,597.29,597.45,244241.0
2025-06-13 20:20:00+00:00,597.47,597.5,597.1,597.2,80386.0
2025-06-13 20:25:00+00:00,597.17,597.25,596.99,597.0987,46773.0
2025-06-13 20:30:00+00:00,597.1299,597.2709,597.07,597.14,22955.0
2025-06-13 20:35:00+00:00,597.14,597.4501,597.1,597.3504,156609.0
2025-06-13 20:40:00+00:00,597.2,597.32,597.12,597.2407,46526.0
2025-06-13 20:45:00+00:00,597.24,597.32,597.05,597.09,48661.0
2025-06-13 20:50:00+00:00,597.07,597.15,597.0,597.05,26630.0
2025-06-13 20:55:00+00:00,597.02,597.04,596.62,596.88,112685.0
2025-06-13 21:00:00+00:00,596.76,597.0,596.69,596.84,16776.0
2025-06-13 21:05:00+00:00,596.9,597.01,596.81,597.0,11435.0
2025-06-13 21:10:00+00:00,597.0,597.12,597.0,597.03,13307.0
2025-06-13 21:15:00+00:00,597.03,597.11,597.0,597.0,51479.0
2025-06-13 21:20:00+00:00,597.01,597.02,596.92,596.95,7322.0
2025-06-13 21:25:00+00:00,596.98,597.03,596.98,597.0,2784.0
2025-06-13 21:30:00+00:00,597.02,597.14,597.02,597.14,1063.0
2025-06-13 21:35:00+00:00,597.11,597.2,597.11,597.18,6235.0
2025-06-13 21:40:00+00:00,597.19,597.21,597.1701,597.1701,2198.0
2025-06-13 21:45:00+00:00,597.18,597.18,597.12,597.12,2015.0
2025-06-13 21:50:00+00:00,597.05,597.06,597.0,597.0,4192.0
2025-06-13 21:55:00+00:00,597.06,597.06,596.99,596.99,4878.0
2025-06-13 22:00:00+00:00,597.01,597.15,597.0,597.15,10042.0
2025-06-13 22:05:00+00:00,597.08,597.26,597.08,597.25,20295.0
2025-06-13 22:10:00+00:00,597.37,597.37,597.0,597.0,27629.0
2025-06-13 22:15:00+00:00,597.17,597.18,597.07,597.08,7440.0
2025-06-13 22:20:00+00:00,597.1,597.12,597.0918,597.11,1214.0
2025-06-13 22:25:00+00:00,597.17,597.19,597.17,597.19,1808.0
2025-06-13 22:30:00+00:00,597.11,597.15,597.1,597.14,1226.0
2025-06-13 22:35:00+00:00,597.17,597.17,597.17,597.17,119.0
2025-06-13 22:40:00+00:00,597.13,597.2381,597.13,597.17,3359.0
2025-06-13 22:45:00+00:00,597.18,597.28,597.18,597.25,10513.0
2025-06-13 22:50:00+00:00,597.28,597.32,597.28,597.31,3535.0
2025-06-13 22:55:00+00:00,597.34,597.41,597.3,597.3,8033.0
2025-06-13 23:00:00+00:00,597.34,597.35,597.31,597.34,3462.0
2025-06-13 23:05:00+00:00,597.34,597.5,597.34,597.4,15758.0
2025-06-13 23:10:00+00:00,597.44,597.49,597.43,597.49,2320.0
2025-06-13 23:15:00+00:00,597.3261,597.3261,597.3261,597.3261,322.0
2025-06-13 23:20:00+00:00,597.42,597.44,597.32,597.37,4976.0
2025-06-13 23:25:00+00:00,597.4,597.41,597.3205,597.41,20601.0
2025-06-13 23:30:00+00:00,597.37,597.39,597.365,597.39,3363.0
2025-06-13 23:35:00+00:00,597.39,597.45,597.39,597.45,1202.0
2025-06-13 23:40:00+00:00,597.4,597.4955,597.4,597.4955,5213.0
2025-06-13 23:45:00+00:00,597.49,597.49,597.42,597.42,6246.0
2025-06-13 23:50:00+00:00,597.411,597.47,597.4101,597.45,4972.0
2025-06-13 23:55:00+00:00,597.45,597.5,597.3018,597.49,10613.0
2025-06-16 08:00:00+00:00,600.31,600.4,598.18,599.7,13252.0
2025-06-16 08:05:00+00:00,599.74,600.04,599.74,600.02,12304.0
2025-06-16 08:10:00+00:00,600.02,600.02,599.79,599.79,10110.0
2025-06-16 08:15:00+00:00,599.74,599.87,599.6,599.69,7079.0
2025-06-16 08:20:00+00:00,599.5,599.86,599.5,599.86,4506.0
2025-06-16 08:25:00+00:00,599.8,599.96,599.8,599.96,2032.0
2025-06-16 08:30:00+00:00,599.98,600.2,599.87,599.94,15251.0
2025-06-16 08:35:00+00:00,599.83,600.25,599.81,600.07,2788.0
2025-06-16 08:40:00+00:00,599.98,600.26,599.98,600.26,1243.0
2025-06-16 08:45:00+00:00,600.18,600.23,600.18,600.22,2136.0
2025-06-16 08:50:00+00:00,600.31,600.32,600.21,600.32,3123.0
2025-06-16 08:55:00+00:00,600.3,600.3,600.18,600.22,6061.0
2025-06-16 09:00:00+00:00,600.26,600.28,599.89,599.89,8192.0
2025-06-16 09:05:00+00:00,600.06,600.06,599.81,599.81,2869.0
2025-06-16 09:10:00+00:00,599.82,599.82,599.4,599.4,11859.0
2025-06-16 09:15:00+00:00,599.45,599.59,599.35,599.59,5870.0
2025-06-16 09:20:00+00:00,599.61,599.63,599.55,599.59,3666.0
2025-06-16 09:25:00+00:00,599.64,599.8,599.58,599.58,8452.0
2025-06-16 09:30:00+00:00,599.54,599.54,599.45,599.5,1730.0
2025-06-16 09:35:00+00:00,599.44,599.44,599.11,599.25,10325.0
2025-06-16 09:40:00+00:00,599.2,599.3,599.17,599.3,1320.0
2025-06-16 09:45:00+00:00,599.14,599.34,599.14,599.33,2685.0
2025-06-16 09:50:00+00:00,599.33,599.43,599.29,599.41,42021.0
2025-06-16 09:55:00+00:00,599.35,599.54,599.33,599.46,6598.0
2025-06-16 10:00:00+00:00,599.33,599.4,599.29,599.4,2847.0
2025-06-16 10:05:00+00:00,599.41,599.41,599.41,599.41,631.0
2025-06-16 10:10:00+00:00,599.46,599.68,599.46,599.62,20188.0
2025-06-16 10:15:00+00:00,599.67,599.68,599.67,599.68,2491.0
2025-06-16 10:20:00+00:00,599.74,599.74,599.74,599.74,151.0
2025-06-16 10:25:00+00:00,599.74,599.75,599.66,599.7,7449.0
2025-06-16 10:30:00+00:00,599.69,599.73,599.65,599.73,5926.0
2025-06-16 10:35:00+00:00,599.71,599.81,599.57,599.6,19511.0
2025-06-16 10:40:00+00:00,599.42,599.42,599.34,599.34,1636.0
2025-06-16 10:45:00+00:00,599.42,599.74,599.42,599.69,7916.0
2025-06-16 10:50:00+00:00,599.66,599.93,599.66,599.83,13015.0
2025-06-16 10:55:00+00:00,599.91,600.2,599.91,600.2,8932.0
2025-06-16 11:00:00+00:00,600.16,600.16,599.63,599.82,29064.0
2025-06-16 11:05:00+00:00,599.76,599.87,599.63,599.691,62141.0
2025-06-16 11:10:00+00:00,599.69,599.69,599.47,599.56,9841.0
2025-06-16 11:15:00+00:00,599.67,599.83,599.67,599.74,7254.0
2025-06-16 11:20:00+00:00,599.73,599.83,599.72,599.8,14469.0
2025-06-16 11:25:00+00:00,599.9,599.91,599.75,599.9,32564.0
2025-06-16 11:30:00+00:00,599.91,600.08,599.89,600.06,42885.0
2025-06-16 11:35:00+00:00,600.02,600.5,600.02,600.41,38934.0
2025-06-16 11:40:00+00:00,600.38,600.5,600.38,600.41,13155.0
2025-06-16 11:45:00+00:00,600.5,600.82,600.5,600.65,75555.0
2025-06-16 11:50:00+00:00,600.7,600.86,600.65,600.86,41265.0
2025-06-16 11:55:00+00:00,600.76,600.82,600.68,600.75,27353.0
2025-06-16 12:00:00+00:00,599.67,600.88,597.5,600.7,122429.0
2025-06-16 12:05:00+00:00,600.69,600.88,600.56,600.8701,44619.0
2025-06-16 12:10:00+00:00,600.94,600.94,600.76,600.799,25327.0
2025-06-16 12:15:00+00:00,600.81,600.98,600.76,600.92,28314.0
2025-06-16 12:20:00+00:00,600.99,601.41,600.9001,601.34,52413.0
2025-06-16 12:25:00+00:00,601.29,601.37,601.07,601.18,37508.0
2025-06-16 12:30:00+00:00,601.2,601.35,600.8,600.85,62632.0
2025-06-16 12:35:00+00:00,600.91,600.97,600.71,600.909,34269.0
2025-06-16 12:40:00+00:00,600.89,601.06,600.82,600.89,29096.0
2025-06-16 12:45:00+00:00,600.97,601.0,600.78,600.88,43595.0
2025-06-16 12:50:00+00:00,600.86,600.92,596.9301,600.83,99846.0
2025-06-16 12:55:00+00:00,600.82,600.955,600.72,600.74,45465.0
2025-06-16 13:00:00+00:00,600.77,600.93,600.76,600.83,31173.0
2025-06-16 13:05:00+00:00,600.8385,600.96,600.56,600.91,37230.0
2025-06-16 13:10:00+00:00,600.93,601.0,600.8,600.9599,25952.0
2025-06-16 13:15:00+00:00,600.93,600.93,600.7,600.73,37222.0
2025-06-16 13:20:00+00:00,600.71,600.87,600.63,600.64,50293.0
2025-06-16 13:25:00+00:00,600.57,600.73,600.36,600.4,112891.0
2025-06-16 13:30:00+00:00,600.4,601.55,600.22,601.53,2256606.0
2025-06-16 13:35:00+00:00,601.53,601.67,601.095,601.491,1450335.0
2025-06-16 13:40:00+00:00,601.5,601.705,601.2101,601.36,972184.0
2025-06-16 13:45:00+00:00,601.37,602.41,601.26,602.135,1721837.0
2025-06-16 13:50:00+00:00,602.14,603.17,601.88,602.79,1995915.0
2025-06-16 13:55:00+00:00,602.79,603.41,602.66,603.05,1593640.0
2025-06-16 14:00:00+00:00,603.07,603.64,603.05,603.435,1232830.0
2025-06-16 14:05:00+00:00,603.45,603.6,602.97,603.019,1164567.0
2025-06-16 14:10:00+00:00,602.98,603.72,602.965,603.67,1107547.0
2025-06-16 14:15:00+00:00,603.66,604.05,603.48,603.97,1174041.0
2025-06-16 14:20:00+00:00,603.9708,604.13,603.78,603.97,1079265.0
2025-06-16 14:25:00+00:00,603.98,604.19,603.77,604.07,800433.0
2025-06-16 14:30:00+00:00,604.07,604.45,604.06,604.32,1097765.0
2025-06-16 14:35:00+00:00,604.311,604.38,603.79,604.01,975924.0
2025-06-16 14:40:00+00:00,604.01,604.25,603.71,604.2,658793.0
2025-06-16 14:45:00+00:00,604.2,604.35,603.88,603.93,768629.0
2025-06-16 14:50:00+00:00,603.93,604.15,603.815,603.875,614592.0
2025-06-16 14:55:00+00:00,603.87,604.0001,603.71,603.9188,1084144.0
2025-06-16 15:00:00+00:00,603.92,604.09,603.575,603.76,932421.0
2025-06-16 15:05:00+00:00,603.76,603.79,603.45,603.53,569695.0
2025-06-16 15:10:00+00:00,603.53,603.7491,603.48,603.67,636825.0
2025-06-16 15:15:00+00:00,603.69,604.04,603.6,603.87,625075.0
2025-06-16 15:20:00+00:00,603.875,604.09,603.74,604.0,576579.0
2025-06-16 15:25:00+00:00,604.0,604.06,603.27,603.378,870111.0
2025-06-16 15:30:00+00:00,603.38,603.63,603.31,603.46,549624.0
2025-06-16 15:35:00+00:00,603.46,603.74,603.22,603.51,872984.0
2025-06-16 15:40:00+00:00,603.52,603.705,603.46,603.54,428599.0
2025-06-16 15:45:00+00:00,603.54,603.84,603.5,603.69,366716.0
2025-06-16 15:50:00+00:00,603.68,603.7,603.2,603.24,513729.0
2025-06-16 15:55:00+00:00,603.23,603.32,602.77,603.1399,1178691.0
2025-06-16 16:00:00+00:00,603.14,603.44,602.83,603.04,511368.0
2025-06-16 16:05:00+00:00,603.05,603.19,602.85,603.075,368942.0
2025-06-16 16:10:00+00:00,603.085,603.4,602.96,603.29,251332.0
2025-06-16 16:15:00+00:00,603.28,603.5899,603.16,603.415,331996.0
2025-06-16 16:20:00+00:00,603.41,603.66,603.205,603.2979,372213.0
2025-06-16 16:25:00+00:00,603.29,603.315,602.9,603.02,550701.0
2025-06-16 16:30:00+00:00,603.02,603.21,602.98,602.99,317794.0
2025-06-16 16:35:00+00:00,602.99,603.19,602.805,602.9795,481721.0
2025-06-16 16:40:00+00:00,602.98,602.99,602.51,602.61,469870.0
2025-06-16 16:45:00+00:00,602.6199,602.92,602.47,602.72,508976.0
2025-06-16 16:50:00+00:00,602.72,603.18,602.67,603.06,1237603.0
2025-06-16 16:55:00+00:00,603.05,603.06,602.52,602.73,493652.0
2025-06-16 17:00:00+00:00,602.73,602.84,602.58,602.675,460458.0
2025-06-16 17:05:00+00:00,602.68,602.76,602.401,602.7599,451413.0
2025-06-16 17:10:00+00:00,602.76,602.84,602.35,602.43,461268.0
2025-06-16 17:15:00+00:00,602.42,602.74,602.3301,602.72,500093.0
2025-06-16 17:20:00+00:00,602.71,602.92,602.675,602.82,435678.0
2025-06-16 17:25:00+00:00,602.81,603.56,602.8,603.38,754728.0
2025-06-16 17:30:00+00:00,603.39,603.71,603.27,603.48,788177.0
2025-06-16 17:35:00+00:00,603.48,603.54,603.09,603.11,494330.0
2025-06-16 17:40:00+00:00,603.09,603.4,603.07,603.095,412928.0
2025-06-16 17:45:00+00:00,603.11,603.2588,602.91,603.03,387866.0
2025-06-16 17:50:00+00:00,603.03,603.16,602.62,602.63,487952.0
2025-06-16 17:55:00+00:00,602.63,602.6499,602.13,602.3099,785529.0
2025-06-16 18:00:00+00:00,602.31,602.66,602.255,602.628,513665.0
2025-06-16 18:05:00+00:00,602.63,602.87,602.49,602.56,416430.0
2025-06-16 18:10:00+00:00,602.54,602.65,602.36,602.64,405377.0
2025-06-16 18:15:00+00:00,602.64,602.69,602.37,602.47,611883.0
2025-06-16 18:20:00+00:00,602.47,602.73,602.26,602.705,756228.0
2025-06-16 18:25:00+00:00,602.71,602.749,602.52,602.56,339344.0
2025-06-16 18:30:00+00:00,602.57,602.65,602.3,602.39,795517.0
2025-06-16 18:35:00+00:00,602.39,602.41,602.14,602.289,490937.0
2025-06-16 18:40:00+00:00,602.28,602.39,602.21,602.29,431532.0
2025-06-16 18:45:00+00:00,602.28,602.3,601.99,601.99,778953.0
2025-06-16 18:50:00+00:00,601.98,602.45,601.85,602.435,738801.0
2025-06-16 18:55:00+00:00,602.43,602.77,602.43,602.5046,619078.0
2025-06-16 19:00:00+00:00,602.5,602.62,602.18,602.25,542641.0
2025-06-16 19:05:00+00:00,602.26,602.26,601.89,601.9299,686494.0
2025-06-16 19:10:00+00:00,601.93,602.24,601.73,601.9501,1060875.0
2025-06-16 19:15:00+00:00,601.95,602.21,601.79,601.8,2245516.0
2025-06-16 19:20:00+00:00,601.79,602.47,601.64,602.13,1318011.0
2025-06-16 19:25:00+00:00,602.12,602.6,602.01,602.05,913487.0
2025-06-16 19:30:00+00:00,602.04,602.2,601.79,601.93,1246830.0
2025-06-16 19:35:00+00:00,601.91,602.2,601.9,602.025,984756.0
2025-06-16 19:40:00+00:00,602.025,602.27,602.005,602.25,869638.0
2025-06-16 19:45:00+00:00,602.25,602.67,602.22,602.475,1478872.0
2025-06-16 19:50:00+00:00,602.47,602.7,601.99,602.46,1909934.0
2025-06-16 19:55:00+00:00,602.47,602.8,601.79,602.71,4596792.0
2025-06-16 20:00:00+00:00,602.74,603.2,602.63,603.11,609248.0
2025-06-16 20:05:00+00:00,603.1202,603.16,602.82,602.85,297610.0
2025-06-16 20:10:00+00:00,602.85,602.95,602.83,602.91,2741754.0
2025-06-16 20:15:00+00:00,602.88,602.93,602.84,602.88,4320461.0
2025-06-16 20:20:00+00:00,602.85,602.85,602.71,602.71,53404.0
2025-06-16 20:25:00+00:00,602.78,602.9099,602.68,602.88,135108.0
2025-06-16 20:30:00+00:00,602.85,602.85,602.77,602.81,14848.0
2025-06-16 20:35:00+00:00,602.8,603.0,602.8,602.99,64717.0
2025-06-16 20:40:00+00:00,602.97,603.02,602.86,602.86,9160.0
2025-06-16 20:45:00+00:00,602.91,602.9299,602.85,602.85,22746.0
2025-06-16 20:50:00+00:00,602.88,602.93,602.81,602.86,5706.0
2025-06-16 20:55:00+00:00,602.8,602.8,602.61,602.7,26795.0
2025-06-16 21:00:00+00:00,602.7201,603.02,602.6,602.96,22072.0
2025-06-16 21:05:00+00:00,602.96,602.96,602.89,602.89,14992.0
2025-06-16 21:10:00+00:00,602.8901,602.98,602.82,602.82,5627.0
2025-06-16 21:15:00+00:00,602.85,603.08,602.81,602.82,32340.0
2025-06-16 21:20:00+00:00,602.8248,603.05,602.8248,603.02,12556.0
2025-06-16 21:25:00+00:00,602.97,603.12,602.95,602.96,12537.0
2025-06-16 21:30:00+00:00,602.96,603.08,602.96,603.07,4914.0
2025-06-16 21:35:00+00:00,603.07,603.1205,602.97,603.1205,9935.0
2025-06-16 21:40:00+00:00,603.12,603.17,603.1,603.15,13548.0
2025-06-16 21:45:00+00:00,603.15,603.15,603.0,603.13,10782.0
2025-06-16 21:50:00+00:00,603.04,603.15,602.95,602.95,8871.0
2025-06-16 21:55:00+00:00,602.97,602.98,602.8686,602.91,17231.0
2025-06-16 22:00:00+00:00,602.85,602.9,602.55,602.62,39733.0
2025-06-16 22:05:00+00:00,602.62,602.63,602.4,602.4,18038.0
2025-06-16 22:10:00+00:00,602.45,602.48,602.3,602.45,6149.0
2025-06-16 22:15:00+00:00,602.4,602.45,602.35,602.35,3920.0
2025-06-16 22:20:00+00:00,602.38,602.45,602.33,602.43,4020.0
2025-06-16 22:25:00+00:00,602.41,602.41,602.25,602.28,3618.0
2025-06-16 22:30:00+00:00,602.25,602.25,601.46,601.75,81497.0
2025-06-16 22:35:00+00:00,601.77,601.77,601.35,601.45,19300.0
2025-06-16 22:40:00+00:00,601.46,601.46,600.91,601.11,36486.0
2025-06-16 22:45:00+00:00,601.14,601.1604,600.3,600.4782,69052.0
2025-06-16 22:50:00+00:00,600.48,601.15,600.3,601.05,45950.0
2025-06-16 22:55:00+00:00,601.03,601.03,600.69,600.8,21753.0
2025-06-16 23:00:00+00:00,600.8383,601.09,600.6509,601.078,16041.0
2025-06-16 23:05:00+00:00,601.01,601.35,600.78,601.15,20977.0
2025-06-16 23:10:00+00:00,601.169,601.169,600.85,601.0,7864.0
2025-06-16 23:15:00+00:00,601.05,601.5,600.87,600.87,7800.0
2025-06-16 23:20:00+00:00,600.9,600.93,600.53,600.62,15848.0
2025-06-16 23:25:00+00:00,600.52,601.03,600.3,600.55,32299.0
2025-06-16 23:30:00+00:00,600.4,600.46,599.75,599.92,103232.0
2025-06-16 23:35:00+00:00,599.92,600.63,599.78,600.49,77859.0
2025-06-16 23:40:00+00:00,600.16,600.43,599.91,600.15,86847.0
2025-06-16 23:45:00+00:00,600.21,600.29,599.1,599.46,43265.0
2025-06-16 23:50:00+00:00,599.4,599.76,599.1,599.54,66292.0
2025-06-16 23:55:00+00:00,599.5384,599.5384,598.92,598.94,45673.0
2025-06-17 08:00:00+00:00,599.07,599.64,598.84,599.58,20290.0
2025-06-17 08:05:00+00:00,599.61,599.77,599.56,599.69,9666.0
2025-06-17 08:10:00+00:00,599.8,599.89,599.71,599.71,21562.0
2025-06-17 08:15:00+00:00,599.58,599.64,599.43,599.5,23360.0
2025-06-17 08:20:00+00:00,599.52,599.59,599.46,599.59,9598.0
2025-06-17 08:25:00+00:00,599.6,599.86,599.59,599.83,12790.0
2025-06-17 08:30:00+00:00,599.67,599.67,599.51,599.52,4692.0
2025-06-17 08:35:00+00:00,599.5,599.87,599.5,599.72,8417.0
2025-06-17 08:40:00+00:00,599.47,599.52,599.41,599.41,2951.0
2025-06-17 08:45:00+00:00,599.64,599.76,599.64,599.76,1360.0
2025-06-17 08:50:00+00:00,599.77,600.24,599.48,599.5,25380.0
2025-06-17 08:55:00+00:00,599.57,599.83,599.05,599.83,57060.0
2025-06-17 09:00:00+00:00,599.99,600.24,599.91,599.91,10961.0
2025-06-17 09:05:00+00:00,599.84,599.84,599.7,599.75,2133.0
2025-06-17 09:10:00+00:00,599.64,599.64,599.25,599.42,3460.0
2025-06-17 09:15:00+00:00,599.34,599.34,599.29,599.33,3554.0
2025-06-17 09:20:00+00:00,599.25,599.5,598.77,599.29,34474.0
2025-06-17 09:25:00+00:00,599.06,599.28,599.0,599.25,6293.0
2025-06-17 09:30:00+00:00,599.2,599.26,599.0,599.0,447.0
2025-06-17 09:35:00+00:00,598.98,599.15,598.93,599.0,4994.0
2025-06-17 09:40:00+00:00,599.22,599.34,599.17,599.34,2850.0
2025-06-17 09:45:00+00:00,599.3,599.39,599.29,599.38,3034.0
2025-06-17 09:50:00+00:00,599.42,599.44,598.9,598.97,3184.0
2025-06-17 09:55:00+00:00,599.01,599.22,598.95,599.22,6809.0
2025-06-17 10:00:00+00:00,599.24,599.4,599.2,599.4,5319.0
2025-06-17 10:05:00+00:00,599.37,599.43,599.36,599.43,5634.0
2025-06-17 10:10:00+00:00,599.48,599.65,599.41,599.46,10773.0
2025-06-17 10:15:00+00:00,599.41,599.41,599.09,599.18,15860.0
2025-06-17 10:20:00+00:00,599.22,599.34,599.21,599.23,7516.0
2025-06-17 10:25:00+00:00,599.18,599.23,599.11,599.12,4720.0
2025-06-17 10:30:00+00:00,599.13,599.22,599.08,599.14,2793.0
2025-06-17 10:35:00+00:00,599.11,599.18,598.45,598.65,25053.0
2025-06-17 10:40:00+00:00,598.48,598.74,598.4,598.4,20858.0
2025-06-17 10:45:00+00:00,598.44,598.8,598.27,598.68,20067.0
2025-06-17 10:50:00+00:00,598.65,599.08,598.65,599.06,4993.0
2025-06-17 10:55:00+00:00,599.05,599.33,599.04,599.33,7651.0
2025-06-17 11:00:00+00:00,599.31,599.57,599.19,599.57,19279.0
2025-06-17 11:05:00+00:00,599.58,599.66,599.45,599.45,17254.0
2025-06-17 11:10:00+00:00,599.66,599.85,599.58,599.7,8106.0
2025-06-17 11:15:00+00:00,599.74,599.95,599.73,599.9,41776.0
2025-06-17 11:20:00+00:00,599.92,600.14,599.92,600.0,29368.0
2025-06-17 11:25:00+00:00,600.06,600.21,599.83,600.01,28548.0
2025-06-17 11:30:00+00:00,599.99,600.1,599.89,599.91,68559.0
2025-06-17 11:35:00+00:00,599.91,600.23,599.9,600.17,34096.0
2025-06-17 11:40:00+00:00,600.2,600.2,599.69,599.76,44104.0
2025-06-17 11:45:00+00:00,599.8,599.88,599.7,599.7,24178.0
2025-06-17 11:50:00+00:00,599.72,599.88,599.67,599.86,35595.0
2025-06-17 11:55:00+00:00,599.84,600.43,599.84,600.41,18478.0
2025-06-17 12:00:00+00:00,599.29,602.6181,598.4696,600.62,200443.0
2025-06-17 12:05:00+00:00,600.58,600.64,600.21,600.21,30082.0
2025-06-17 12:10:00+00:00,600.27,600.56,600.17,600.54,21469.0
2025-06-17 12:15:00+00:00,600.56,600.79,600.23,600.28,39417.0
2025-06-17 12:20:00+00:00,600.28,600.59,600.28,600.52,34784.0
2025-06-17 12:25:00+00:00,600.53,600.54,600.38,600.46,9116.0
2025-06-17 12:30:00+00:00,600.4,600.56,599.89,600.19,181583.0
2025-06-17 12:35:00+00:00,600.2,600.5,599.99,600.4799,52767.0
2025-06-17 12:40:00+00:00,600.48,600.73,600.34,600.44,47898.0
2025-06-17 12:45:00+00:00,600.46,600.51,599.89,599.95,33658.0
2025-06-17 12:50:00+00:00,599.92,599.99,599.74,599.83,70308.0
2025-06-17 12:55:00+00:00,599.83,599.83,599.55,599.78,32474.0
2025-06-17 13:00:00+00:00,599.67,599.86,599.51,599.66,59851.0
2025-06-17 13:05:00+00:00,599.65,599.76,599.5,599.54,41494.0
2025-06-17 13:10:00+00:00,599.59,599.6899,599.46,599.56,24184.0
2025-06-17 13:15:00+00:00,599.56,599.73,599.37,599.71,62862.0
2025-06-17 13:20:00+00:00,599.72,600.03,599.72,600.03,49200.0
2025-06-17 13:25:00+00:00,599.97,600.28,599.9,600.14,85678.0
2025-06-17 13:30:00+00:00,600.21,600.88,599.95,600.43,1629876.0
2025-06-17 13:35:00+00:00,600.43,600.565,599.95,600.545,1087705.0
2025-06-17 13:40:00+00:00,600.54,600.79,599.77,599.99,1321062.0
2025-06-17 13:45:00+00:00,600.0,600.54,599.18,600.23,1167249.0
2025-06-17 13:50:00+00:00,600.2,600.92,599.96,600.485,974656.0
2025-06-17 13:55:00+00:00,600.49,600.95,600.24,600.865,1077046.0
2025-06-17 14:00:00+00:00,600.86,601.24,600.3309,600.49,994839.0
2025-06-17 14:05:00+00:00,600.5,601.17,600.39,601.155,924684.0
2025-06-17 14:10:00+00:00,601.16,601.64,601.075,601.52,959653.0
2025-06-17 14:15:00+00:00,601.52,601.6,601.06,601.1903,581183.0
2025-06-17 14:20:00+00:00,601.21,601.43,601.002,601.08,454956.0
2025-06-17 14:25:00+00:00,601.0785,601.2999,601.01,601.17,432377.0
2025-06-17 14:30:00+00:00,601.14,601.4,601.08,601.0801,420182.0
2025-06-17 14:35:00+00:00,601.08,601.0801,600.62,600.9899,639741.0
2025-06-17 14:40:00+00:00,600.99,601.01,600.48,600.61,611927.0
2025-06-17 14:45:00+00:00,600.61,601.08,600.56,600.95,425241.0
2025-06-17 14:50:00+00:00,600.94,601.17,600.69,600.84,944794.0
2025-06-17 14:55:00+00:00,600.83,600.88,600.37,600.4799,444801.0
2025-06-17 15:00:00+00:00,600.49,601.0213,600.39,600.97,453114.0
2025-06-17 15:05:00+00:00,600.98,601.215,600.915,601.19,454291.0
2025-06-17 15:10:00+00:00,601.19,601.75,601.16,601.66,664136.0
2025-06-17 15:15:00+00:00,601.66,601.675,600.89,601.2,685435.0
2025-06-17 15:20:00+00:00,601.18,601.2099,600.76,600.875,740503.0
2025-06-17 15:25:00+00:00,600.87,600.8788,600.38,600.47,490672.0
2025-06-17 15:30:00+00:00,600.47,600.63,600.23,600.4601,571579.0
2025-06-17 15:35:00+00:00,600.45,600.8381,600.22,600.6,552939.0
2025-06-17 15:40:00+00:00,600.6,601.13,600.59,601.0512,383834.0
2025-06-17 15:45:00+00:00,601.05,601.17,600.5,600.85,620117.0
2025-06-17 15:50:00+00:00,600.86,601.22,600.77,601.02,377791.0
2025-06-17 15:55:00+00:00,601.01,601.01,600.64,600.705,455088.0
2025-06-17 16:00:00+00:00,600.74,601.38,600.71,601.245,566104.0
2025-06-17 16:05:00+00:00,601.22,601.4,600.54,600.96,1009349.0
2025-06-17 16:10:00+00:00,600.95,601.47,600.94,601.42,489332.0
2025-06-17 16:15:00+00:00,601.41,601.5801,601.2893,601.432,403260.0
2025-06-17 16:20:00+00:00,601.43,601.55,601.13,601.16,392906.0
2025-06-17 16:25:00+00:00,601.1578,601.36,601.11,601.15,213633.0
2025-06-17 16:30:00+00:00,601.15,601.49,601.03,601.475,317243.0
2025-06-17 16:35:00+00:00,601.48,601.59,601.33,601.35,308831.0
2025-06-17 16:40:00+00:00,601.33,601.37,600.46,600.72,644078.0
2025-06-17 16:45:00+00:00,600.73,601.1,600.15,600.55,951782.0
2025-06-17 16:50:00+00:00,600.54,600.71,600.2,600.37,956428.0
2025-06-17 16:55:00+00:00,600.38,600.39,599.5,599.78,1223023.0
2025-06-17 17:00:00+00:00,599.79,600.1807,599.45,600.0,1300788.0
2025-06-17 17:05:00+00:00,600.0,600.02,599.47,600.0,688427.0
2025-06-17 17:10:00+00:00,599.98,600.2,599.87,599.97,552671.0
2025-06-17 17:15:00+00:00,599.97,600.04,599.635,599.67,582510.0
2025-06-17 17:20:00+00:00,599.67,599.7495,599.3,599.4799,709806.0
2025-06-17 17:25:00+00:00,599.47,599.47,598.99,599.0,1202389.0
2025-06-17 17:30:00+00:00,598.99,599.64,598.57,599.59,1333696.0
2025-06-17 17:35:00+00:00,599.59,599.9,599.22,599.38,574273.0
2025-06-17 17:40:00+00:00,599.37,599.7,598.79,598.87,558656.0
2025-06-17 17:45:00+00:00,598.87,599.05,597.6909,598.12,1689221.0
2025-06-17 17:50:00+00:00,598.11,598.32,597.41,598.1601,1164684.0
2025-06-17 17:55:00+00:00,598.18,598.6501,598.02,598.02,912874.0
2025-06-17 18:00:00+00:00,598.02,598.02,597.09,597.41,1767866.0
2025-06-17 18:05:00+00:00,597.41,597.9654,597.4,597.935,977492.0
2025-06-17 18:10:00+00:00,597.93,598.18,597.64,597.71,708690.0
2025-06-17 18:15:00+00:00,597.7,597.91,597.4,597.67,735869.0
2025-06-17 18:20:00+00:00,597.65,597.83,597.41,597.43,656109.0
2025-06-17 18:25:00+00:00,597.44,597.5675,596.96,597.39,1558527.0
2025-06-17 18:30:00+00:00,597.4,597.9,597.31,597.86,868030.0
2025-06-17 18:35:00+00:00,597.86,598.005,597.31,597.47,899014.0
2025-06-17 18:40:00+00:00,597.43,597.54,596.76,597.25,972016.0
2025-06-17 18:45:00+00:00,597.26,597.67,597.15,597.39,712677.0
2025-06-17 18:50:00+00:00,597.38,597.57,597.2,597.5299,541276.0
2025-06-17 18:55:00+00:00,597.54,598.16,597.51,598.12,1039476.0
2025-06-17 19:00:00+00:00,598.12,598.22,597.55,597.62,1007159.0
2025-06-17 19:05:00+00:00,597.62,597.85,597.38,597.81,768235.0
2025-06-17 19:10:00+00:00,597.805,598.21,597.55,597.92,1040836.0
2025-06-17 19:15:00+00:00,597.9,598.09,597.64,597.7399,857504.0
2025-06-17 19:20:00+00:00,597.72,598.3288,597.7,598.28,753335.0
2025-06-17 19:25:00+00:00,598.27,598.37,598.125,598.25,571523.0
2025-06-17 19:30:00+00:00,598.24,598.36,597.9,598.15,835385.0
2025-06-17 19:35:00+00:00,598.165,598.38,597.94,597.97,985465.0
2025-06-17 19:40:00+00:00,597.96,598.1,597.55,597.9,1083537.0
2025-06-17 19:45:00+00:00,597.9,598.34,597.82,598.31,1473798.0
2025-06-17 19:50:00+00:00,598.31,598.61,597.65,597.83,2094093.0
2025-06-17 19:55:00+00:00,597.83,598.05,597.29,597.55,4681826.0
2025-06-17 20:00:00+00:00,597.59,598.15,597.42,597.62,1339593.0
2025-06-17 20:05:00+00:00,597.65,597.76,597.57,597.68,1847098.0
2025-06-17 20:10:00+00:00,597.65,597.75,597.29,597.48,3485409.0
2025-06-17 20:15:00+00:00,597.5,597.6163,597.09,597.24,1416471.0
2025-06-17 20:20:00+00:00,597.24,597.56,597.21,597.56,584297.0
2025-06-17 20:25:00+00:00,597.54,597.73,597.44,597.52,287033.0
2025-06-17 20:30:00+00:00,597.52,597.74,597.51,597.67,171439.0
2025-06-17 20:35:00+00:00,597.68,597.72,597.61,597.62,59532.0
2025-06-17 20:40:00+00:00,597.61,597.77,597.61,597.72,40553.0
2025-06-17 20:45:00+00:00,597.78,597.78,597.32,597.32,24043.0
2025-06-17 20:50:00+00:00,597.3,597.37,597.23,597.36,10139.0
2025-06-17 20:55:00+00:00,597.37,597.67,597.37,597.5,17721.0
2025-06-17 21:00:00+00:00,597.5596,597.5596,597.49,597.49,741.0
2025-06-17 21:05:00+00:00,597.43,597.46,597.42,597.42,1354.0
2025-06-17 21:10:00+00:00,597.41,597.41,597.28,597.2801,4326.0
2025-06-17 21:15:00+00:00,597.28,597.49,597.26,597.49,17154.0
2025-06-17 21:20:00+00:00,597.49,597.53,597.15,597.47,29921.0
2025-06-17 21:25:00+00:00,597.27,597.43,597.27,597.34,2810.0
2025-06-17 21:30:00+00:00,597.3,597.49,597.1,597.1,18558.0
2025-06-17 21:35:00+00:00,597.1103,597.2,597.07,597.07,18063.0
2025-06-17 21:40:00+00:00,597.14,597.49,597.07,597.48,20380.0
2025-06-17 21:45:00+00:00,597.4,597.4,597.25,597.29,4040.0
2025-06-17 21:50:00+00:00,597.25,597.4775,597.25,597.4775,5251.0
2025-06-17 21:55:00+00:00,597.32,597.32,597.19,597.28,5748.0
2025-06-17 22:00:00+00:00,597.1,597.2,596.34,596.63,40265.0
2025-06-17 22:05:00+00:00,596.6299,597.07,596.6,597.07,12955.0
2025-06-17 22:10:00+00:00,597.0,597.03,596.77,596.91,13582.0
2025-06-17 22:15:00+00:00,596.75,596.75,596.53,596.59,6806.0
2025-06-17 22:20:00+00:00,596.61,596.68,596.4691,596.52,8422.0
2025-06-17 22:25:00+00:00,596.5,596.58,596.33,596.41,28047.0
2025-06-17 22:30:00+00:00,596.47,596.52,596.02,596.52,59538.0
2025-06-17 22:35:00+00:00,596.53,596.53,596.23,596.23,3694.0
2025-06-17 22:40:00+00:00,596.2,596.24,595.97,596.16,33157.0
2025-06-17 22:45:00+00:00,596.15,596.15,595.8,596.09,26078.0
2025-06-17 22:50:00+00:00,596.09,596.15,595.98,596.07,50653.0
2025-06-17 22:55:00+00:00,596.02,596.06,595.62,595.69,5155.0
2025-06-17 23:00:00+00:00,595.76,595.86,595.57,595.81,51706.0
2025-06-17 23:05:00+00:00,595.83,596.2693,595.83,596.09,7034.0
2025-06-17 23:10:00+00:00,596.04,596.04,595.69,595.7699,8572.0
2025-06-17 23:15:00+00:00,595.741,596.2,595.74,596.2,3456.0
2025-06-17 23:20:00+00:00,596.2,596.2,596.0,596.0001,4020.0
2025-06-17 23:25:00+00:00,596.0,596.22,596.0,596.13,5247.0
2025-06-17 23:30:00+00:00,596.1,596.2093,596.08,596.15,1950.0
2025-06-17 23:35:00+00:00,596.14,596.14,595.94,595.95,16133.0
2025-06-17 23:40:00+00:00,595.93,596.5497,595.93,596.43,21146.0
2025-06-17 23:45:00+00:00,596.45,596.45,596.2,596.4,8017.0
2025-06-17 23:50:00+00:00,596.43,596.64,596.2599,596.312,12707.0
2025-06-17 23:55:00+00:00,596.3101,596.3101,596.0001,596.1105,14123.0
2025-06-18 00:00:00+00:00,596.2,596.2,596.2,596.2,100.0
2025-06-18 08:00:00+00:00,599.02,599.25,598.22,599.17,6842.0
2025-06-18 08:05:00+00:00,599.22,599.45,599.22,599.44,4793.0
2025-06-18 08:10:00+00:00,599.38,599.47,599.18,599.22,44465.0
2025-06-18 08:15:00+00:00,599.2,599.2,599.05,599.05,3693.0
2025-06-18 08:20:00+00:00,599.05,599.05,598.75,598.99,16815.0
2025-06-18 08:25:00+00:00,599.1,599.1,598.92,599.06,2074.0
2025-06-18 08:30:00+00:00,598.94,599.0,598.93,598.98,1555.0
2025-06-18 08:35:00+00:00,599.07,599.07,598.95,598.95,1688.0
2025-06-18 08:40:00+00:00,598.94,598.96,598.94,598.96,527.0
2025-06-18 08:45:00+00:00,599.14,599.26,599.14,599.14,4848.0
2025-06-18 08:50:00+00:00,599.12,599.16,599.11,599.16,2358.0
2025-06-18 08:55:00+00:00,599.29,599.43,599.27,599.35,6827.0
2025-06-18 09:00:00+00:00,599.35,600.0,599.35,599.91,21035.0
2025-06-18 09:05:00+00:00,599.85,600.05,599.69,599.71,11147.0
2025-06-18 09:10:00+00:00,599.64,599.65,599.6,599.64,1589.0
2025-06-18 09:15:00+00:00,599.7,599.81,599.68,599.76,5214.0
2025-06-18 09:20:00+00:00,599.74,599.74,599.53,599.53,1812.0
2025-06-18 09:25:00+00:00,599.66,599.66,599.58,599.6,1068.0
2025-06-18 09:30:00+00:00,599.72,599.75,599.42,599.42,7312.0
2025-06-18 09:35:00+00:00,599.44,599.48,599.44,599.48,845.0
2025-06-18 09:40:00+00:00,599.44,599.46,599.35,599.46,5382.0
2025-06-18 09:45:00+00:00,599.47,599.48,599.31,599.41,7973.0
2025-06-18 09:50:00+00:00,599.42,599.58,599.4,599.45,5927.0
2025-06-18 09:55:00+00:00,599.47,599.47,599.38,599.39,2008.0
2025-06-18 10:00:00+00:00,599.31,599.31,599.14,599.17,13283.0
2025-06-18 10:05:00+00:00,599.0,599.14,598.94,598.94,57041.0
2025-06-18 10:10:00+00:00,598.99,599.05,598.75,599.04,18144.0
2025-06-18 10:15:00+00:00,599.04,599.2,599.04,599.15,1883.0
2025-06-18 10:20:00+00:00,599.15,599.15,598.29,598.74,18617.0
2025-06-18 10:25:00+00:00,598.82,598.88,598.57,598.61,4629.0
2025-06-18 10:30:00+00:00,598.68,598.71,598.3,598.3,14583.0
2025-06-18 10:35:00+00:00,598.25,598.29,598.06,598.27,8039.0
2025-06-18 10:40:00+00:00,598.29,598.66,598.21,598.43,7503.0
2025-06-18 10:45:00+00:00,598.5,598.66,598.2,598.25,4912.0
2025-06-18 10:50:00+00:00,598.38,598.38,597.71,597.78,4243.0
2025-06-18 10:55:00+00:00,597.73,597.75,597.41,597.5,19512.0
2025-06-18 11:00:00+00:00,597.51,597.65,597.43,597.51,53436.0
2025-06-18 11:05:00+00:00,597.65,597.76,597.5,597.59,6190.0
2025-06-18 11:10:00+00:00,597.53,597.88,597.39,597.75,6419.0
2025-06-18 11:15:00+00:00,597.84,597.85,597.83,597.85,954.0
2025-06-18 11:20:00+00:00,597.6,598.02,597.6,597.959,8208.0
2025-06-18 11:25:00+00:00,597.97,598.21,597.97,598.08,10754.0
2025-06-18 11:30:00+00:00,598.05,598.19,598.0,598.14,21835.0
2025-06-18 11:35:00+00:00,598.2,598.3,598.02,598.02,8177.0
2025-06-18 11:40:00+00:00,598.13,598.63,598.13,598.58,18714.0
2025-06-18 11:45:00+00:00,598.59,599.19,598.59,599.12,27013.0
2025-06-18 11:50:00+00:00,599.07,599.07,598.89,598.91,20180.0
2025-06-18 11:55:00+00:00,598.89,598.9,598.6,598.7,18376.0
2025-06-18 12:00:00+00:00,597.66,599.5,597.4012,598.42,82242.0
2025-06-18 12:05:00+00:00,598.41,598.65,598.3812,598.52,12669.0
2025-06-18 12:10:00+00:00,598.54,598.69,597.082,598.68,11330.0
2025-06-18 12:15:00+00:00,598.67,598.91,598.4,598.57,16589.0
2025-06-18 12:20:00+00:00,598.46,598.76,598.42,598.76,13670.0
2025-06-18 12:25:00+00:00,598.69,598.69,598.43,598.55,9967.0
2025-06-18 12:30:00+00:00,598.56,598.5884,598.31,598.5884,26569.0
2025-06-18 12:35:00+00:00,598.53,598.75,598.02,598.19,34468.0
2025-06-18 12:40:00+00:00,598.32,598.32,598.19,598.24,8267.0
2025-06-18 12:45:00+00:00,598.3698,598.3698,598.14,598.18,6619.0
2025-06-18 12:50:00+00:00,598.31,598.52,598.2601,598.41,19000.0
2025-06-18 12:55:00+00:00,598.24,598.2601,598.08,598.08,19073.0
2025-06-18 13:00:00+00:00,598.18,598.35,598.07,598.35,16000.0
2025-06-18 13:05:00+00:00,598.42,598.6,598.36,598.54,149727.0
2025-06-18 13:10:00+00:00,598.54,598.6693,598.36,598.509,15899.0
2025-06-18 13:15:00+00:00,598.49,598.67,598.43,598.64,47983.0
2025-06-18 13:20:00+00:00,598.65,598.79,598.57,598.62,44385.0
2025-06-18 13:25:00+00:00,598.62,598.67,598.35,598.44,81974.0
2025-06-18 13:30:00+00:00,598.44,598.45,597.36,597.5152,1570571.0
2025-06-18 13:35:00+00:00,597.52,598.26,597.495,598.105,889891.0
2025-06-18 13:40:00+00:00,598.13,598.35,597.87,598.18,741699.0
2025-06-18 13:45:00+00:00,598.17,598.88,598.12,598.81,761096.0
2025-06-18 13:50:00+00:00,598.81,599.5882,598.78,599.1825,989380.0
2025-06-18 13:55:00+00:00,599.18,599.37,599.11,599.12,665492.0
2025-06-18 14:00:00+00:00,599.13,599.78,598.73,599.58,999718.0
2025-06-18 14:05:00+00:00,599.58,599.92,599.33,599.595,842124.0
2025-06-18 14:10:00+00:00,599.6,600.22,599.41,600.08,862022.0
2025-06-18 14:15:00+00:00,600.0818,600.62,600.02,600.4,874929.0
2025-06-18 14:20:00+00:00,600.39,600.9201,600.38,600.74,1123765.0
2025-06-18 14:25:00+00:00,600.75,601.04,600.745,600.7708,657717.0
2025-06-18 14:30:00+00:00,600.78,601.21,600.72,601.12,854088.0
2025-06-18 14:35:00+00:00,601.12,601.2,600.86,601.14,786912.0
2025-06-18 14:40:00+00:00,601.15,601.2,600.65,601.015,917871.0
2025-06-18 14:45:00+00:00,601.03,601.22,600.64,600.835,435015.0
2025-06-18 14:50:00+00:00,600.83,600.99,600.57,600.61,360104.0
2025-06-18 14:55:00+00:00,600.61,600.9,600.54,600.84,309397.0
2025-06-18 15:00:00+00:00,600.83,600.9,600.645,600.86,529076.0
2025-06-18 15:05:00+00:00,600.85,600.8701,600.35,600.44,367514.0
2025-06-18 15:10:00+00:00,600.44,600.57,600.31,600.37,279901.0
2025-06-18 15:15:00+00:00,600.37,600.49,600.22,600.27,300238.0
2025-06-18 15:20:00+00:00,600.27,600.36,600.08,600.1192,368687.0
2025-06-18 15:25:00+00:00,600.1098,600.26,599.895,600.1,439002.0
2025-06-18 15:30:00+00:00,600.13,600.355,600.03,600.11,825516.0
2025-06-18 15:35:00+00:00,600.1108,600.195,599.89,600.175,403029.0
2025-06-18 15:40:00+00:00,600.17,600.255,599.68,599.9648,520851.0
2025-06-18 15:45:00+00:00,599.96,600.24,599.8612,600.17,294599.0
2025-06-18 15:50:00+00:00,600.16,600.52,600.12,600.4618,465961.0
2025-06-18 15:55:00+00:00,600.48,600.51,599.62,599.7393,625305.0
2025-06-18 16:00:00+00:00,599.72,600.01,599.43,600.0099,480951.0
2025-06-18 16:05:00+00:00,600.01,600.32,599.78,600.24,529985.0
2025-06-18 16:10:00+00:00,600.23,600.29,600.02,600.18,397006.0
2025-06-18 16:15:00+00:00,600.1802,600.24,599.79,599.855,277915.0
2025-06-18 16:20:00+00:00,599.84,600.125,599.82,599.935,277692.0
2025-06-18 16:25:00+00:00,599.929,600.01,599.4,599.495,348262.0
2025-06-18 16:30:00+00:00,599.49,599.74,599.38,599.641,576002.0
2025-06-18 16:35:00+00:00,599.64,599.7,599.4,599.68,220642.0
2025-06-18 16:40:00+00:00,599.6991,599.79,599.525,599.745,265806.0
2025-06-18 16:45:00+00:00,599.74,599.8499,599.5,599.569,232369.0
2025-06-18 16:50:00+00:00,599.5599,600.11,599.5,599.5488,521966.0
2025-06-18 16:55:00+00:00,599.53,599.77,599.43,599.465,466335.0
2025-06-18 17:00:00+00:00,599.46,599.7,599.32,599.6001,492785.0
2025-06-18 17:05:00+00:00,599.6,599.64,599.41,599.585,205308.0
2025-06-18 17:10:00+00:00,599.62,599.705,599.31,599.45,302729.0
2025-06-18 17:15:00+00:00,599.45,599.63,599.4001,599.49,204037.0
2025-06-18 17:20:00+00:00,599.48,599.505,598.98,599.115,366687.0
2025-06-18 17:25:00+00:00,599.1,599.18,598.82,598.875,312674.0
2025-06-18 17:30:00+00:00,598.88,599.0,598.04,598.42,861181.0
2025-06-18 17:35:00+00:00,598.38,598.895,598.06,598.87,753878.0
2025-06-18 17:40:00+00:00,598.86,599.34,598.71,599.27,409621.0
2025-06-18 17:45:00+00:00,599.28,599.76,599.2519,599.47,452587.0
2025-06-18 17:50:00+00:00,599.46,599.87,599.26,599.8,318943.0
2025-06-18 17:55:00+00:00,599.78,599.9699,599.43,599.52,731754.0
2025-06-18 18:00:00+00:00,599.61,601.0,598.6,598.62,1857108.0
2025-06-18 18:05:00+00:00,598.61,599.59,598.45,599.07,992725.0
2025-06-18 18:10:00+00:00,599.02,599.51,598.7,599.4,603011.0
2025-06-18 18:15:00+00:00,599.42,599.71,599.0596,599.11,675331.0
2025-06-18 18:20:00+00:00,599.09,599.23,598.7,599.06,469959.0
2025-06-18 18:25:00+00:00,599.059,599.54,598.97,599.34,456586.0
2025-06-18 18:30:00+00:00,599.35,600.25,599.07,600.1,2516825.0
2025-06-18 18:35:00+00:00,600.11,600.1199,598.88,599.71,1401210.0
2025-06-18 18:40:00+00:00,599.71,600.87,599.51,600.375,1363131.0
2025-06-18 18:45:00+00:00,600.37,600.37,599.37,599.51,835989.0
2025-06-18 18:50:00+00:00,599.54,599.54,598.19,598.59,1273856.0
2025-06-18 18:55:00+00:00,598.59,598.64,596.67,597.27,2182191.0
2025-06-18 19:00:00+00:00,597.27,598.17,596.47,598.04,2438182.0
2025-06-18 19:05:00+00:00,598.05,598.35,597.21,597.38,1212066.0
2025-06-18 19:10:00+00:00,597.36,598.77,596.81,598.38,1897068.0
2025-06-18 19:15:00+00:00,598.4,598.4,597.72,598.25,1047908.0
2025-06-18 19:20:00+00:00,598.25,598.93,598.09,598.491,1036631.0
2025-06-18 19:25:00+00:00,598.49,598.51,596.88,596.92,1414518.0
2025-06-18 19:30:00+00:00,596.89,597.94,596.63,597.82,1201969.0
2025-06-18 19:35:00+00:00,597.81,598.41,597.62,598.17,913169.0
2025-06-18 19:40:00+00:00,598.15,598.77,597.93,598.76,871641.0
2025-06-18 19:45:00+00:00,598.75,598.795,598.24,598.35,1322095.0
2025-06-18 19:50:00+00:00,598.36,598.72,597.52,597.57,1835330.0
2025-06-18 19:55:00+00:00,597.57,597.93,597.03,597.46,3885091.0
2025-06-18 20:00:00+00:00,597.47,598.23,597.41,597.85,806994.0
2025-06-18 20:05:00+00:00,597.8799,597.91,597.4476,597.91,832081.0
2025-06-18 20:10:00+00:00,597.89,598.03,597.79,597.88,2049469.0
2025-06-18 20:15:00+00:00,597.91,598.08,597.425,597.95,879329.0
2025-06-18 20:20:00+00:00,597.98,597.98,597.67,597.68,78735.0
2025-06-18 20:25:00+00:00,597.7,597.83,597.59,597.77,224193.0
2025-06-18 20:30:00+00:00,597.85,597.85,597.66,597.66,10585.0
2025-06-18 20:35:00+00:00,597.7,597.78,597.65,597.76,12353.0
2025-06-18 20:40:00+00:00,597.85,597.98,597.74,597.82,73090.0
2025-06-18 20:45:00+00:00,597.81,597.9,597.74,597.81,35593.0
2025-06-18 20:50:00+00:00,597.85,597.8799,597.73,597.85,9298.0
2025-06-18 20:55:00+00:00,597.83,597.83,597.5,597.5,35880.0
2025-06-18 21:00:00+00:00,597.5,597.6,597.45,597.6,41647.0
2025-06-18 21:05:00+00:00,597.63,597.7,596.6,597.5,60918.0
2025-06-18 21:10:00+00:00,597.5,597.55,597.41,597.43,10414.0
2025-06-18 21:15:00+00:00,597.4498,597.4498,597.25,597.25,13379.0
2025-06-18 21:20:00+00:00,597.24,597.31,596.76,597.3001,18778.0
2025-06-18 21:25:00+00:00,597.3,597.31,597.21,597.2999,3732.0
2025-06-18 21:30:00+00:00,597.3,597.31,597.1,597.31,12414.0
2025-06-18 21:35:00+00:00,597.33,597.34,597.15,597.34,1084.0
2025-06-18 21:40:00+00:00,597.31,597.39,597.31,597.32,1625.0
2025-06-18 21:45:00+00:00,597.29,597.29,597.14,597.14,15862.0
2025-06-18 21:50:00+00:00,597.15,597.31,597.13,597.26,8029.0
2025-06-18 21:55:00+00:00,597.32,597.35,597.15,597.35,6077.0
2025-06-18 22:00:00+00:00,597.39,597.57,597.36,597.57,15719.0
2025-06-18 22:05:00+00:00,597.43,597.55,596.9112,597.3,35103.0
2025-06-18 22:10:00+00:00,597.2,597.2,596.91,597.0,23189.0
2025-06-18 22:15:00+00:00,596.95,596.96,596.76,596.84,5335.0
2025-06-18 22:20:00+00:00,596.87,597.16,596.59,597.12,20502.0
2025-06-18 22:25:00+00:00,597.18,597.18,597.08,597.09,1437.0
2025-06-18 22:30:00+00:00,596.92,596.93,596.71,596.75,7073.0
2025-06-18 22:35:00+00:00,596.75,596.78,596.65,596.75,4121.0
2025-06-18 22:40:00+00:00,596.7499,596.75,596.54,596.7,5925.0
2025-06-18 22:45:00+00:00,596.7083,596.7291,596.7083,596.72,1620.0
2025-06-18 22:50:00+00:00,596.7,596.9296,596.7,596.89,2299.0
2025-06-18 22:55:00+00:00,596.94,596.97,596.83,596.9,5809.0
2025-06-18 23:00:00+00:00,596.97,597.21,596.97,597.21,7330.0
2025-06-18 23:05:00+00:00,597.0801,597.13,597.04,597.13,1168.0
2025-06-18 23:10:00+00:00,597.01,597.01,596.88,596.9,6154.0
2025-06-18 23:15:00+00:00,596.92,597.06,596.84,597.06,10909.0
2025-06-18 23:20:00+00:00,597.0,597.0,597.0,597.0,692.0
2025-06-18 23:25:00+00:00,596.9799,597.01,596.9799,596.98,1092.0
2025-06-18 23:30:00+00:00,596.96,596.96,596.81,596.8699,1759.0
2025-06-18 23:35:00+00:00,596.83,596.89,596.8,596.8,4262.0
2025-06-18 23:40:00+00:00,596.83,597.0,596.83,596.89,4025.0
2025-06-18 23:45:00+00:00,596.86,597.29,596.85,597.29,11174.0
2025-06-18 23:50:00+00:00,597.27,597.3101,597.12,597.15,2156.0
2025-06-18 23:55:00+00:00,597.15,597.29,597.13,597.29,7207.0
2025-06-20 08:00:00+00:00,595.23,596.9,595.17,595.35,28236.0
2025-06-20 08:05:00+00:00,595.54,595.62,595.5,595.5,1794.0
2025-06-20 08:10:00+00:00,595.67,595.76,595.63,595.63,13508.0
2025-06-20 08:15:00+00:00,595.75,595.75,595.4,595.4,13077.0
2025-06-20 08:20:00+00:00,595.45,595.46,595.39,595.39,2284.0
2025-06-20 08:25:00+00:00,595.28,595.3,595.08,595.12,4479.0
2025-06-20 08:30:00+00:00,595.0,595.0,594.91,594.92,4942.0
2025-06-20 08:35:00+00:00,594.89,595.0,594.73,594.73,6142.0
2025-06-20 08:40:00+00:00,594.56,594.65,594.47,594.57,4239.0
2025-06-20 08:45:00+00:00,594.43,594.51,594.3,594.35,6230.0
2025-06-20 08:50:00+00:00,594.24,594.24,593.89,594.09,6624.0
2025-06-20 08:55:00+00:00,594.08,594.08,593.67,593.7,6264.0
2025-06-20 09:00:00+00:00,593.83,594.02,593.83,593.85,5751.0
2025-06-20 09:05:00+00:00,593.85,594.3,593.85,594.3,11967.0
2025-06-20 09:10:00+00:00,594.28,594.28,594.19,594.28,2710.0
2025-06-20 09:15:00+00:00,594.41,594.66,594.41,594.6,6809.0
2025-06-20 09:20:00+00:00,594.61,594.61,594.59,594.61,6329.0
2025-06-20 09:25:00+00:00,594.51,594.51,594.35,594.39,2209.0
2025-06-20 09:30:00+00:00,594.25,594.25,594.25,594.25,473.0
2025-06-20 09:35:00+00:00,594.28,594.35,594.28,594.35,2267.0
2025-06-20 09:40:00+00:00,594.4,594.4,594.38,594.38,1071.0
2025-06-20 09:45:00+00:00,594.4,594.47,594.3,594.47,1845.0
2025-06-20 09:50:00+00:00,594.39,594.82,594.3,594.78,6059.0
2025-06-20 09:55:00+00:00,594.88,594.99,594.88,594.94,4532.0
2025-06-20 10:00:00+00:00,594.94,595.02,594.78,594.78,4875.0
2025-06-20 10:05:00+00:00,594.78,594.78,594.64,594.78,3454.0
2025-06-20 10:10:00+00:00,594.63,594.79,594.63,594.79,1746.0
2025-06-20 10:15:00+00:00,594.5,594.5,594.3,594.4,4182.0
2025-06-20 10:20:00+00:00,594.45,594.45,594.3,594.43,3886.0
2025-06-20 10:25:00+00:00,594.44,594.44,594.34,594.34,1321.0
2025-06-20 10:30:00+00:00,594.29,594.6,594.29,594.6,2545.0
2025-06-20 10:35:00+00:00,594.66,594.9,594.64,594.9,4144.0
2025-06-20 10:40:00+00:00,594.81,594.85,594.81,594.85,1010.0
2025-06-20 10:45:00+00:00,594.84,594.9,594.83,594.89,4647.0
2025-06-20 10:50:00+00:00,594.74,594.97,594.59,594.9,6112.0
2025-06-20 10:55:00+00:00,594.94,594.98,594.76,594.76,9202.0
2025-06-20 11:00:00+00:00,594.72,594.9,594.67,594.9,15805.0
2025-06-20 11:05:00+00:00,594.86,595.14,594.86,595.08,26454.0
2025-06-20 11:10:00+00:00,595.09,595.099,594.91,594.91,5480.0
2025-06-20 11:15:00+00:00,595.02,595.201,594.94,595.13,5432.0
2025-06-20 11:20:00+00:00,595.18,595.24,594.97,594.97,4806.0
2025-06-20 11:25:00+00:00,594.95,595.1,594.95,595.02,20437.0
2025-06-20 11:30:00+00:00,594.99,595.19,594.93,595.19,6530.0
2025-06-20 11:35:00+00:00,595.19,595.6,595.19,595.54,77479.0
2025-06-20 11:40:00+00:00,595.6,596.58,595.6,596.5,35544.0
2025-06-20 11:45:00+00:00,596.6,597.3,596.38,596.91,111054.0
2025-06-20 11:50:00+00:00,596.9,596.97,596.48,596.74,44734.0
2025-06-20 11:55:00+00:00,596.6,596.71,596.07,596.16,47661.0
2025-06-20 12:00:00+00:00,595.03,597.36,594.2,596.53,170064.0
2025-06-20 12:05:00+00:00,596.53,596.7,596.15,596.27,51263.0
2025-06-20 12:10:00+00:00,596.35,596.69,596.3,596.52,23184.0
2025-06-20 12:15:00+00:00,596.57,596.82,596.42,596.82,26224.0
2025-06-20 12:20:00+00:00,596.8,596.8,596.35,596.38,19702.0
2025-06-20 12:25:00+00:00,596.38,596.87,596.33,596.72,45621.0
2025-06-20 12:30:00+00:00,596.72,597.61,596.66,597.57,201062.0
2025-06-20 12:35:00+00:00,597.51,597.54,596.97,597.32,152550.0
2025-06-20 12:40:00+00:00,597.33,597.4,597.05,597.19,48880.0
2025-06-20 12:45:00+00:00,597.25,597.55,597.25,597.49,84426.0
2025-06-20 12:50:00+00:00,597.51,597.72,597.44,597.65,79023.0
2025-06-20 12:55:00+00:00,597.6491,597.9,597.55,597.72,110206.0
2025-06-20 13:00:00+00:00,597.77,597.99,597.73,597.9,59462.0
2025-06-20 13:05:00+00:00,597.92,597.99,597.75,597.95,96362.0
2025-06-20 13:10:00+00:00,597.98,598.08,597.85,597.97,45613.0
2025-06-20 13:15:00+00:00,597.989,598.21,597.81,598.161,54129.0
2025-06-20 13:20:00+00:00,598.21,598.4595,598.16,598.37,66578.0
2025-06-20 13:25:00+00:00,598.35,599.3,598.03,598.42,296474.0
2025-06-20 13:30:00+00:00,598.38,598.62,597.65,598.31,2005227.0
2025-06-20 13:35:00+00:00,598.29,599.2,598.27,599.14,3238075.0
2025-06-20 13:40:00+00:00,599.16,599.45,598.91,599.3393,1003605.0
2025-06-20 13:45:00+00:00,599.33,599.46,597.92,597.96,1376493.0
2025-06-20 13:50:00+00:00,597.99,598.01,597.38,597.72,1170159.0
2025-06-20 13:55:00+00:00,597.72,597.8,597.16,597.35,725868.0
2025-06-20 14:00:00+00:00,597.35,597.59,597.1,597.45,1054871.0
2025-06-20 14:05:00+00:00,597.46,597.58,596.72,597.0,883126.0
2025-06-20 14:10:00+00:00,597.02,597.18,596.62,597.06,905425.0
2025-06-20 14:15:00+00:00,597.06,597.33,596.74,597.22,618773.0
2025-06-20 14:20:00+00:00,597.22,597.42,595.84,595.875,794260.0
2025-06-20 14:25:00+00:00,595.862,596.4048,595.3112,596.15,1562274.0
2025-06-20 14:30:00+00:00,596.16,596.25,595.73,595.77,632454.0
2025-06-20 14:35:00+00:00,595.78,596.47,595.72,596.28,673163.0
2025-06-20 14:40:00+00:00,596.27,596.61,594.72,595.2814,1627981.0
2025-06-20 14:45:00+00:00,595.3,595.3,594.58,594.88,965768.0
2025-06-20 14:50:00+00:00,594.86,594.86,593.98,594.09,2214824.0
2025-06-20 14:55:00+00:00,594.08,594.81,593.99,594.38,765828.0
2025-06-20 15:00:00+00:00,594.37,594.39,593.5,593.655,1212578.0
2025-06-20 15:05:00+00:00,593.65,594.48,593.56,594.2888,934127.0
2025-06-20 15:10:00+00:00,594.3,595.15,594.23,595.12,852837.0
2025-06-20 15:15:00+00:00,595.11,595.63,594.96,595.48,687073.0
2025-06-20 15:20:00+00:00,595.49,595.52,594.94,595.31,638744.0
2025-06-20 15:25:00+00:00,595.27,595.555,595.0401,595.11,427527.0
2025-06-20 15:30:00+00:00,595.09,595.9,595.0401,595.87,625334.0
2025-06-20 15:35:00+00:00,595.87,596.295,595.68,596.245,748979.0
2025-06-20 15:40:00+00:00,596.24,596.37,595.98,596.3,8615233.0
2025-06-20 15:45:00+00:00,596.3,596.33,595.8148,596.13,633119.0
2025-06-20 15:50:00+00:00,596.16,596.17,594.8999,594.92,779115.0
2025-06-20 15:55:00+00:00,594.92,595.09,594.6,594.702,620127.0
2025-06-20 16:00:00+00:00,594.71,594.83,594.44,594.64,576457.0
2025-06-20 16:05:00+00:00,594.62,595.06,594.5,595.01,591256.0
2025-06-20 16:10:00+00:00,594.98,595.3548,594.48,594.59,531128.0
2025-06-20 16:15:00+00:00,594.58,594.8,594.225,594.785,807530.0
2025-06-20 16:20:00+00:00,594.8,594.98,594.38,594.92,440558.0
2025-06-20 16:25:00+00:00,594.92,595.14,594.61,594.93,373462.0
2025-06-20 16:30:00+00:00,594.92,595.33,594.91,595.21,312059.0
2025-06-20 16:35:00+00:00,595.16,595.54,595.13,595.43,296718.0
2025-06-20 16:40:00+00:00,595.4454,595.47,594.88,595.248,383231.0
2025-06-20 16:45:00+00:00,595.24,595.5588,594.96,595.02,354513.0
2025-06-20 16:50:00+00:00,595.01,595.58,594.94,595.48,422141.0
2025-06-20 16:55:00+00:00,595.47,595.7,594.92,595.315,795471.0
2025-06-20 17:00:00+00:00,595.33,595.85,595.045,595.06,587068.0
2025-06-20 17:05:00+00:00,595.04,595.16,594.74,595.0499,385957.0
2025-06-20 17:10:00+00:00,595.0307,595.48,594.89,595.34,360111.0
2025-06-20 17:15:00+00:00,595.34,595.97,594.7401,594.77,2496535.0
2025-06-20 17:20:00+00:00,594.765,594.98,594.43,594.55,488294.0
2025-06-20 17:25:00+00:00,594.55,594.65,593.54,593.555,842393.0
2025-06-20 17:30:00+00:00,593.545,593.7,593.21,593.49,828599.0
2025-06-20 17:35:00+00:00,593.49,593.7099,592.86,593.015,853360.0
2025-06-20 17:40:00+00:00,593.03,593.9,592.9903,593.41,926097.0
2025-06-20 17:45:00+00:00,593.41,593.72,593.31,593.4999,418576.0
2025-06-20 17:50:00+00:00,593.5,593.82,593.45,593.72,574603.0
2025-06-20 17:55:00+00:00,593.73,594.1,593.71,594.04,465469.0
2025-06-20 18:00:00+00:00,594.03,594.39,593.89,594.34,546198.0
2025-06-20 18:05:00+00:00,594.325,594.4,594.1648,594.32,528474.0
2025-06-20 18:10:00+00:00,594.3,594.46,594.26,594.385,487733.0
2025-06-20 18:15:00+00:00,594.37,595.31,594.3301,595.28,589120.0
2025-06-20 18:20:00+00:00,595.3,595.35,595.03,595.2408,610719.0
2025-06-20 18:25:00+00:00,595.235,595.26,594.76,594.88,543203.0
2025-06-20 18:30:00+00:00,594.88,595.225,594.75,595.0799,394232.0
2025-06-20 18:35:00+00:00,595.08,595.2,594.65,594.8,592635.0
2025-06-20 18:40:00+00:00,594.81,594.9182,594.5201,594.6169,592094.0
2025-06-20 18:45:00+00:00,594.61,594.7901,594.47,594.58,303570.0
2025-06-20 18:50:00+00:00,594.57,594.57,594.29,594.4,525106.0
2025-06-20 18:55:00+00:00,594.4,594.44,593.36,593.6,948252.0
2025-06-20 19:00:00+00:00,593.62,594.01,593.33,593.67,818320.0
2025-06-20 19:05:00+00:00,593.64,593.97,593.505,593.64,634655.0
2025-06-20 19:10:00+00:00,593.65,593.95,593.51,593.68,836052.0
2025-06-20 19:15:00+00:00,593.64,593.84,593.4501,593.765,528975.0
2025-06-20 19:20:00+00:00,593.77,593.94,593.52,593.73,760847.0
2025-06-20 19:25:00+00:00,593.73,593.82,593.24,593.47,841886.0
2025-06-20 19:30:00+00:00,593.46,593.795,593.46,593.7,1009685.0
2025-06-20 19:35:00+00:00,593.69,593.9195,593.3848,593.52,1378355.0
2025-06-20 19:40:00+00:00,593.51,593.78,593.3101,593.68,1482940.0
2025-06-20 19:45:00+00:00,593.67,593.8299,593.47,593.5,1072253.0
2025-06-20 19:50:00+00:00,593.5,594.485,593.25,594.21,2549967.0
2025-06-20 19:55:00+00:00,594.2,594.97,593.78,594.23,5975165.0
2025-06-20 20:00:00+00:00,594.19,595.74,594.07,595.04,2203149.0
2025-06-20 20:05:00+00:00,595.04,595.17,594.3984,594.7,1761159.0
2025-06-20 20:10:00+00:00,594.73,594.8,594.3894,594.73,3792017.0
2025-06-20 20:15:00+00:00,594.72,594.86,594.54,594.59,317072.0
2025-06-20 20:20:00+00:00,594.58,594.7,594.38,594.48,97651.0
2025-06-20 20:25:00+00:00,594.47,594.9,594.47,594.85,164651.0
2025-06-20 20:30:00+00:00,594.85,595.14,594.75,595.02,223810.0
2025-06-20 20:35:00+00:00,595.0,595.27,594.93,594.97,167623.0
2025-06-20 20:40:00+00:00,594.9204,594.97,594.86,594.93,415519.0
2025-06-20 20:45:00+00:00,594.97,595.07,594.97,595.0097,30691.0
2025-06-20 20:50:00+00:00,594.99,595.13,594.98,595.0699,26416.0
2025-06-20 20:55:00+00:00,595.08,595.08,595.03,595.08,9213.0
2025-06-20 21:00:00+00:00,595.09,595.1,594.28,594.95,12229.0
2025-06-20 21:05:00+00:00,594.95,595.09,594.89,595.078,14840.0
2025-06-20 21:10:00+00:00,595.06,595.08,594.93,594.96,18897.0
2025-06-20 21:15:00+00:00,594.97,595.09,594.9501,595.08,33945.0
2025-06-20 21:20:00+00:00,595.03,595.03,594.96,594.96,11223.0
2025-06-20 21:25:00+00:00,594.96,595.0499,594.95,595.0499,13318.0
2025-06-20 21:30:00+00:00,594.95,595.01,594.9,594.9,5972.0
2025-06-20 21:35:00+00:00,594.9,594.9,594.8001,594.8005,5297.0
2025-06-20 21:40:00+00:00,594.83,595.05,594.83,595.05,9841.0
2025-06-20 21:45:00+00:00,595.08,595.15,594.96,594.96,9783.0
2025-06-20 21:50:00+00:00,594.95,594.95,594.84,594.94,3162.0
2025-06-20 21:55:00+00:00,594.99,595.15,594.82,594.86,6537.0
2025-06-20 22:00:00+00:00,595.13,595.2699,595.09,595.2682,10534.0
2025-06-20 22:05:00+00:00,595.1,595.11,594.98,594.99,6518.0
2025-06-20 22:10:00+00:00,595.07,595.1,594.99,595.1,1185.0
2025-06-20 22:15:00+00:00,595.01,595.2,595.01,595.2,8149.0
2025-06-20 22:20:00+00:00,595.22,595.3,595.2,595.28,29136.0
2025-06-20 22:25:00+00:00,595.36,595.3999,595.35,595.37,3782.0
2025-06-20 22:30:00+00:00,595.3701,595.4301,595.3701,595.43,9255.0
2025-06-20 22:35:00+00:00,595.44,595.44,595.38,595.38,3376.0
2025-06-20 22:45:00+00:00,595.2601,595.55,595.23,595.55,14974.0
2025-06-20 22:50:00+00:00,595.44,595.44,595.15,595.16,3417.0
2025-06-20 22:55:00+00:00,595.2,595.3,595.2,595.21,1382.0
2025-06-20 23:00:00+00:00,595.21,595.3,595.17,595.3,883.0
2025-06-20 23:05:00+00:00,595.3,595.33,595.3,595.3,1683.0
2025-06-20 23:10:00+00:00,595.29,595.29,595.2,595.24,1906.0
2025-06-20 23:15:00+00:00,595.18,595.18,595.18,595.18,403.0
2025-06-20 23:20:00+00:00,595.21,595.386,595.2,595.35,3701.0
2025-06-20 23:25:00+00:00,595.27,595.48,595.26,595.35,11380.0
2025-06-20 23:30:00+00:00,595.28,595.33,595.28,595.33,476.0
2025-06-20 23:35:00+00:00,595.33,595.33,595.33,595.33,180.0
2025-06-20 23:40:00+00:00,595.34,595.35,595.29,595.29,1175.0
2025-06-20 23:45:00+00:00,595.28,595.33,595.28,595.33,1529.0
2025-06-20 23:50:00+00:00,595.32,595.34,595.29,595.34,7115.0
2025-06-20 23:55:00+00:00,595.35,595.48,595.28,595.31,7544.0
2025-06-23 08:00:00+00:00,594.22,595.46,592.55,595.35,19485.0
2025-06-23 08:05:00+00:00,595.31,595.82,595.31,595.74,19366.0
2025-06-23 08:10:00+00:00,595.94,596.41,595.92,596.16,17236.0
2025-06-23 08:15:00+00:00,595.9,595.96,595.67,595.73,24505.0
2025-06-23 08:20:00+00:00,595.76,596.02,595.69,595.69,5880.0
2025-06-23 08:25:00+00:00,595.65,595.8,595.51,595.8,4291.0
2025-06-23 08:30:00+00:00,595.58,595.79,595.58,595.7,4506.0
2025-06-23 08:35:00+00:00,595.72,595.84,595.67,595.81,2321.0
2025-06-23 08:40:00+00:00,595.82,595.93,595.7,595.72,8295.0
2025-06-23 08:45:00+00:00,595.93,595.93,595.75,595.75,3290.0
2025-06-23 08:50:00+00:00,595.68,595.7,595.6,595.6,2499.0
2025-06-23 08:55:00+00:00,595.69,595.92,595.69,595.74,6649.0
2025-06-23 09:00:00+00:00,595.7,595.84,595.7,595.84,12324.0
2025-06-23 09:05:00+00:00,595.7,595.78,595.31,595.31,15281.0
2025-06-23 09:10:00+00:00,595.39,595.67,595.39,595.67,3394.0
2025-06-23 09:15:00+00:00,595.69,596.1,595.69,596.1,11995.0
2025-06-23 09:20:00+00:00,596.05,596.33,595.75,595.89,11808.0
2025-06-23 09:25:00+00:00,595.8,595.8,595.6,595.6,9769.0
2025-06-23 09:30:00+00:00,595.6,595.81,595.59,595.76,5877.0
2025-06-23 09:35:00+00:00,595.59,595.59,595.59,595.59,797.0
2025-06-23 09:40:00+00:00,595.52,595.65,595.52,595.58,2918.0
2025-06-23 09:45:00+00:00,595.63,595.64,595.63,595.64,739.0
2025-06-23 09:50:00+00:00,595.63,595.63,595.625,595.63,694.0
2025-06-23 09:55:00+00:00,595.6,595.61,595.59,595.6,1107.0
2025-06-23 10:00:00+00:00,595.49,595.53,595.2,595.51,20010.0
2025-06-23 10:05:00+00:00,595.6,595.63,595.46,595.46,2444.0
2025-06-23 10:10:00+00:00,595.39,596.25,595.22,595.71,21587.0
2025-06-23 10:15:00+00:00,595.66,595.66,595.17,595.24,6466.0
2025-06-23 10:20:00+00:00,595.4,595.4,594.99,595.11,30787.0
2025-06-23 10:25:00+00:00,595.16,595.24,595.05,595.05,10256.0
2025-06-23 10:30:00+00:00,595.0,595.1,594.92,595.1,29334.0
2025-06-23 10:35:00+00:00,595.06,595.25,595.0,595.07,20455.0
2025-06-23 10:40:00+00:00,595.06,595.06,594.68,594.74,6615.0
2025-06-23 10:45:00+00:00,594.74,594.79,594.59,594.77,6349.0
2025-06-23 10:50:00+00:00,594.81,594.83,594.77,594.81,2721.0
2025-06-23 10:55:00+00:00,594.78,594.83,594.6,594.73,17127.0
2025-06-23 11:00:00+00:00,594.71,594.85,594.57,594.6,24009.0
2025-06-23 11:05:00+00:00,594.6,594.62,594.1,594.23,33245.0
2025-06-23 11:10:00+00:00,594.31,594.32,593.87,594.09,43918.0
2025-06-23 11:15:00+00:00,594.04,594.04,593.66,593.9,7367.0
2025-06-23 11:20:00+00:00,593.73,593.73,593.49,593.58,11416.0
2025-06-23 11:25:00+00:00,593.53,593.7,593.25,593.6,26912.0
2025-06-23 11:30:00+00:00,593.58,593.78,593.45,593.58,40535.0
2025-06-23 11:35:00+00:00,593.59,593.82,593.59,593.76,12470.0
2025-06-23 11:40:00+00:00,593.76,593.76,593.13,593.13,34791.0
2025-06-23 11:45:00+00:00,593.25,593.42,592.81,593.38,163414.0
2025-06-23 11:50:00+00:00,593.32,593.54,593.05,593.47,140641.0
2025-06-23 11:55:00+00:00,593.59,593.88,593.59,593.84,22363.0
2025-06-23 12:00:00+00:00,594.62,596.0404,592.63,594.1,158350.0
2025-06-23 12:05:00+00:00,594.14,594.14,593.65,593.759,40048.0
2025-06-23 12:10:00+00:00,593.8,594.25,593.8,594.23,11614.0
2025-06-23 12:15:00+00:00,594.27,594.37,594.02,594.09,44652.0
2025-06-23 12:20:00+00:00,594.04,594.16,593.95,594.09,17794.0
2025-06-23 12:25:00+00:00,594.1312,594.35,594.08,594.12,29609.0
2025-06-23 12:30:00+00:00,594.1,594.49,594.0,594.44,22225.0
2025-06-23 12:35:00+00:00,594.48,594.75,594.44,594.64,55452.0
2025-06-23 12:40:00+00:00,594.6601,594.82,594.58,594.74,13369.0
2025-06-23 12:45:00+00:00,594.68,594.89,594.68,594.7405,16959.0
2025-06-23 12:50:00+00:00,594.76,595.01,594.74,595.01,31776.0
2025-06-23 12:55:00+00:00,594.98,595.26,594.9601,595.2199,46649.0
2025-06-23 13:00:00+00:00,595.16,595.23,595.0,595.05,80402.0
2025-06-23 13:05:00+00:00,595.06,595.16,594.69,594.84,115548.0
2025-06-23 13:10:00+00:00,594.87,594.91,594.44,594.83,100080.0
2025-06-23 13:15:00+00:00,594.76,595.25,594.7,595.08,47899.0
2025-06-23 13:20:00+00:00,595.05,595.37,595.05,595.29,64193.0
2025-06-23 13:25:00+00:00,595.18,595.31,594.86,595.04,58904.0
2025-06-23 13:30:00+00:00,595.04,595.08,593.6,594.02,2176636.0
2025-06-23 13:35:00+00:00,594.03,595.62,593.88,595.57,1282442.0
2025-06-23 13:40:00+00:00,595.57,595.78,595.36,595.47,892557.0
2025-06-23 13:45:00+00:00,595.52,596.27,595.45,596.14,1079454.0
2025-06-23 13:50:00+00:00,596.15,596.5882,595.895,596.51,794248.0
2025-06-23 13:55:00+00:00,596.51,596.67,596.1201,596.65,761588.0
2025-06-23 14:00:00+00:00,596.66,597.38,596.66,597.3,1190164.0
2025-06-23 14:05:00+00:00,597.32,597.985,597.31,597.76,1218347.0
2025-06-23 14:10:00+00:00,597.76,597.83,597.045,597.61,1198227.0
2025-06-23 14:15:00+00:00,597.62,598.13,597.37,597.93,758122.0
2025-06-23 14:20:00+00:00,597.925,598.29,597.73,597.96,792008.0
2025-06-23 14:25:00+00:00,597.97,597.985,597.3513,597.54,741369.0
2025-06-23 14:30:00+00:00,597.55,597.77,597.28,597.71,629007.0
2025-06-23 14:35:00+00:00,597.69,597.77,597.17,597.2552,983555.0
2025-06-23 14:40:00+00:00,597.26,597.47,597.2,597.445,472586.0
2025-06-23 14:45:00+00:00,597.45,597.735,597.0,597.07,620590.0
2025-06-23 14:50:00+00:00,597.075,597.27,596.84,596.965,545304.0
2025-06-23 14:55:00+00:00,596.965,597.14,596.42,596.465,1197615.0
2025-06-23 15:00:00+00:00,596.47,597.4,596.4,597.23,938836.0
2025-06-23 15:05:00+00:00,597.24,597.585,597.19,597.44,467170.0
2025-06-23 15:10:00+00:00,597.44,597.58,597.2,597.56,637960.0
2025-06-23 15:15:00+00:00,597.56,597.66,597.4,597.4946,356353.0
2025-06-23 15:20:00+00:00,597.5,597.545,597.06,597.13,384542.0
2025-06-23 15:25:00+00:00,597.14,597.209,596.345,596.39,709449.0
2025-06-23 15:30:00+00:00,596.38,596.73,596.11,596.55,718827.0
2025-06-23 15:35:00+00:00,596.5509,596.7,596.23,596.3082,448243.0
2025-06-23 15:40:00+00:00,596.3,596.43,595.8,596.09,672682.0
2025-06-23 15:45:00+00:00,596.08,596.215,595.87,596.13,461133.0
2025-06-23 15:50:00+00:00,596.12,596.36,595.82,595.86,516113.0
2025-06-23 15:55:00+00:00,595.87,596.33,595.75,595.86,620140.0
2025-06-23 16:00:00+00:00,595.86,596.0199,595.405,595.95,713235.0
2025-06-23 16:05:00+00:00,595.94,595.97,595.62,595.64,417587.0
2025-06-23 16:10:00+00:00,595.64,596.08,595.53,595.75,432645.0
2025-06-23 16:15:00+00:00,595.76,595.96,595.42,595.62,470973.0
2025-06-23 16:20:00+00:00,595.64,595.72,594.955,595.04,679317.0
2025-06-23 16:25:00+00:00,595.04,595.04,594.16,594.31,997985.0
2025-06-23 16:30:00+00:00,594.28,594.3,593.06,593.1201,2002321.0
2025-06-23 16:35:00+00:00,593.1,593.46,591.89,593.295,3453905.0
2025-06-23 16:40:00+00:00,593.32,595.01,592.71,594.6534,2880268.0
2025-06-23 16:45:00+00:00,594.63,595.46,593.87,594.71,1532234.0
2025-06-23 16:50:00+00:00,594.69,594.76,593.81,594.32,979623.0
2025-06-23 16:55:00+00:00,594.32,594.47,593.48,593.58,1186268.0
2025-06-23 17:00:00+00:00,593.61,595.0,593.19,594.76,1697600.0
2025-06-23 17:05:00+00:00,594.79,595.43,594.16,595.17,995995.0
2025-06-23 17:10:00+00:00,595.1701,596.05,595.11,595.6,1202924.0
2025-06-23 17:15:00+00:00,595.575,596.49,595.57,596.39,868588.0
2025-06-23 17:20:00+00:00,596.41,597.11,596.22,596.91,957641.0
2025-06-23 17:25:00+00:00,596.9,598.0,596.76,597.71,1727962.0
2025-06-23 17:30:00+00:00,597.75,598.68,597.715,598.27,1501366.0
2025-06-23 17:35:00+00:00,598.3,599.34,598.26,598.92,1839392.0
2025-06-23 17:40:00+00:00,598.92,599.035,598.3,598.72,1193796.0
2025-06-23 17:45:00+00:00,598.72,599.23,598.71,598.72,879954.0
2025-06-23 17:50:00+00:00,598.75,598.8012,598.18,598.27,884380.0
2025-06-23 17:55:00+00:00,598.29,598.71,598.29,598.53,634328.0
2025-06-23 18:00:00+00:00,598.54,598.92,598.38,598.8404,972825.0
2025-06-23 18:05:00+00:00,598.81,599.13,598.67,598.74,653756.0
2025-06-23 18:10:00+00:00,598.73,599.07,598.72,598.8352,430636.0
2025-06-23 18:15:00+00:00,598.82,599.07,598.59,599.0,598464.0
2025-06-23 18:20:00+00:00,599.0,599.02,598.59,598.6012,609746.0
2025-06-23 18:25:00+00:00,598.62,598.77,598.32,598.36,389716.0
2025-06-23 18:30:00+00:00,598.37,598.8,598.37,598.67,739449.0
2025-06-23 18:35:00+00:00,598.66,598.73,598.44,598.5,627765.0
2025-06-23 18:40:00+00:00,598.49,598.65,598.24,598.52,585454.0
2025-06-23 18:45:00+00:00,598.51,598.55,598.24,598.27,695720.0
2025-06-23 18:50:00+00:00,598.28,598.38,597.99,598.19,719643.0
2025-06-23 18:55:00+00:00,598.17,598.525,598.04,598.5086,486760.0
2025-06-23 19:00:00+00:00,598.51,599.44,598.41,599.22,1248669.0
2025-06-23 19:05:00+00:00,599.21,599.21,598.77,598.885,642240.0
2025-06-23 19:10:00+00:00,598.9,599.11,598.75,598.91,539289.0
2025-06-23 19:15:00+00:00,598.91,599.08,598.6,598.67,732906.0
2025-06-23 19:20:00+00:00,598.67,599.11,598.5499,599.04,809993.0
2025-06-23 19:25:00+00:00,599.04,599.34,598.955,599.24,744172.0
2025-06-23 19:30:00+00:00,599.235,599.33,599.0401,599.1702,796954.0
2025-06-23 19:35:00+00:00,599.18,599.37,599.08,599.29,921043.0
2025-06-23 19:40:00+00:00,599.2808,599.2948,598.92,599.11,812565.0
2025-06-23 19:45:00+00:00,599.1,599.355,598.958,599.2,1305491.0
2025-06-23 19:50:00+00:00,599.2,600.27,599.09,599.9,2620511.0
2025-06-23 19:55:00+00:00,599.9,600.54,599.69,600.13,4338887.0
2025-06-23 20:00:00+00:00,600.12,600.19,599.66,599.79,722400.0
2025-06-23 20:05:00+00:00,599.8091,600.1438,599.75,600.01,1756806.0
2025-06-23 20:10:00+00:00,600.02,600.19,599.89,600.14,2762255.0
2025-06-23 20:15:00+00:00,600.1103,600.14,599.98,599.9999,219166.0
2025-06-23 20:20:00+00:00,599.97,600.0,599.86,599.97,80055.0
2025-06-23 20:25:00+00:00,599.96,600.099,599.9,600.06,22015.0
2025-06-23 20:30:00+00:00,600.07,600.13,600.01,600.07,65235.0
2025-06-23 20:35:00+00:00,600.041,600.11,600.04,600.1,21344.0
2025-06-23 20:40:00+00:00,600.09,600.32,600.09,600.26,28498.0
2025-06-23 20:45:00+00:00,600.2208,600.3294,600.16,600.16,34644.0
2025-06-23 20:50:00+00:00,600.15,600.19,600.0701,600.19,29996.0
2025-06-23 20:55:00+00:00,600.15,600.19,600.07,600.13,23541.0
2025-06-23 21:00:00+00:00,600.14,600.16,600.07,600.14,6746.0
2025-06-23 21:05:00+00:00,600.15,600.17,600.08,600.11,9261.0
2025-06-23 21:10:00+00:00,600.12,600.15,600.1,600.1,5660.0
2025-06-23 21:15:00+00:00,600.09,600.1,600.02,600.03,5510.0
2025-06-23 21:20:00+00:00,600.09,600.11,600.07,600.07,3557.0
2025-06-23 21:25:00+00:00,600.07,600.13,600.04,600.08,8606.0
2025-06-23 21:30:00+00:00,600.09,600.13,600.09,600.12,9333.0
2025-06-23 21:35:00+00:00,600.15,600.15,600.09,600.15,7538.0
2025-06-23 21:40:00+00:00,600.14,600.15,600.12,600.15,7829.0
2025-06-23 21:45:00+00:00,600.14,600.14,600.09,600.09,4291.0
2025-06-23 21:50:00+00:00,600.15,600.15,600.13,600.13,435.0
2025-06-23 21:55:00+00:00,600.14,600.14,600.09,600.09,9633.0
2025-06-23 22:00:00+00:00,600.15,601.74,599.9612,601.44,69782.0
2025-06-23 22:05:00+00:00,601.4,601.95,601.09,601.94,79338.0
2025-06-23 22:10:00+00:00,601.98,602.15,601.5015,602.14,71772.0
2025-06-23 22:15:00+00:00,602.15,602.33,602.09,602.2182,60878.0
2025-06-23 22:20:00+00:00,602.1986,602.84,602.06,602.81,57762.0
2025-06-23 22:25:00+00:00,602.83,602.95,602.45,602.49,30711.0
2025-06-23 22:30:00+00:00,602.5,602.71,602.38,602.49,72663.0
2025-06-23 22:35:00+00:00,602.45,602.67,602.21,602.4,80063.0
2025-06-23 22:40:00+00:00,602.3,602.43,602.09,602.15,46511.0
2025-06-23 22:45:00+00:00,602.06,602.13,601.94,601.94,28137.0
2025-06-23 22:50:00+00:00,601.94,602.22,601.82,602.2,11092.0
2025-06-23 22:55:00+00:00,602.14,602.5892,602.1,602.5892,14867.0
2025-06-23 23:00:00+00:00,602.6,603.16,602.6,602.8,90069.0
2025-06-23 23:05:00+00:00,602.69,603.0394,602.58,602.97,34890.0
2025-06-23 23:10:00+00:00,602.96,603.11,602.95,603.09,21936.0
2025-06-23 23:15:00+00:00,603.071,603.59,603.04,603.41,19950.0
2025-06-23 23:20:00+00:00,603.46,603.69,603.41,603.5899,23988.0
2025-06-23 23:25:00+00:00,603.53,603.53,603.32,603.37,14441.0
2025-06-23 23:30:00+00:00,603.38,603.38,603.0,603.0,10236.0
2025-06-23 23:35:00+00:00,602.99,603.65,602.99,603.4001,41810.0
2025-06-23 23:40:00+00:00,603.4001,603.58,603.3,603.51,18719.0
2025-06-23 23:45:00+00:00,603.6,603.6,603.41,603.48,14843.0
2025-06-23 23:50:00+00:00,603.53,603.53,603.4,603.42,12920.0
2025-06-23 23:55:00+00:00,603.3799,603.55,603.21,603.3384,14247.0
2025-06-24 08:00:00+00:00,605.07,605.46,588.79,604.78,36827.0
2025-06-24 08:05:00+00:00,604.74,604.83,604.48,604.82,8486.0
2025-06-24 08:10:00+00:00,604.87,605.02,604.8,604.84,7271.0
2025-06-24 08:15:00+00:00,604.9,605.03,604.63,604.71,20763.0
2025-06-24 08:20:00+00:00,604.85,605.41,604.82,605.34,25601.0
2025-06-24 08:25:00+00:00,605.31,605.54,605.18,605.53,23718.0
2025-06-24 08:30:00+00:00,605.45,605.49,604.88,604.88,11249.0
2025-06-24 08:35:00+00:00,604.87,605.03,604.82,604.92,11528.0
2025-06-24 08:40:00+00:00,604.91,605.01,604.78,605.01,5475.0
2025-06-24 08:45:00+00:00,604.98,605.15,604.91,604.98,29181.0
2025-06-24 08:50:00+00:00,605.03,605.09,604.83,604.89,7287.0
2025-06-24 08:55:00+00:00,604.93,605.0,604.8,604.98,2851.0
2025-06-24 09:00:00+00:00,605.02,605.18,604.97,605.06,5821.0
2025-06-24 09:05:00+00:00,605.01,605.19,605.01,605.15,2510.0
2025-06-24 09:10:00+00:00,605.14,605.14,604.96,605.03,3613.0
2025-06-24 09:15:00+00:00,605.06,605.12,604.98,605.09,2265.0
2025-06-24 09:20:00+00:00,605.12,605.33,605.12,605.33,2279.0
2025-06-24 09:25:00+00:00,605.35,605.69,605.32,605.65,3451.0
2025-06-24 09:30:00+00:00,605.63,605.9,605.62,605.75,4849.0
2025-06-24 09:35:00+00:00,605.83,605.96,605.75,605.93,11186.0
2025-06-24 09:40:00+00:00,605.89,605.89,605.75,605.75,2899.0
2025-06-24 09:45:00+00:00,605.6,605.6,605.47,605.47,2020.0
2025-06-24 09:50:00+00:00,605.38,605.39,605.17,605.18,2852.0
2025-06-24 09:55:00+00:00,605.1,605.13,605.1,605.13,1537.0
2025-06-24 10:00:00+00:00,605.11,605.33,604.76,604.88,15936.0
2025-06-24 10:05:00+00:00,604.94,604.97,604.77,604.86,11114.0
2025-06-24 10:10:00+00:00,604.84,604.95,604.7,604.77,3682.0
2025-06-24 10:15:00+00:00,604.72,604.96,604.69,604.93,6026.0
2025-06-24 10:20:00+00:00,604.94,605.02,604.91,605.0,28410.0
2025-06-24 10:25:00+00:00,605.05,605.05,604.9,604.9,9149.0
2025-06-24 10:30:00+00:00,604.82,604.82,604.53,604.7,3815.0
2025-06-24 10:35:00+00:00,604.7,604.8,604.68,604.69,69622.0
2025-06-24 10:40:00+00:00,604.77,605.09,604.71,604.83,20577.0
2025-06-24 10:45:00+00:00,604.91,604.99,604.88,604.99,33587.0
2025-06-24 10:50:00+00:00,604.98,605.07,604.89,604.98,13926.0
2025-06-24 10:55:00+00:00,604.99,605.05,604.66,604.72,37801.0
2025-06-24 11:00:00+00:00,604.72,604.97,604.59,604.78,17715.0
2025-06-24 11:05:00+00:00,604.8,604.88,604.45,604.5,13810.0
2025-06-24 11:10:00+00:00,604.5,604.59,604.32,604.51,23991.0
2025-06-24 11:15:00+00:00,604.51,604.51,604.3,604.36,13267.0
2025-06-24 11:20:00+00:00,604.29,604.44,604.03,604.37,24233.0
2025-06-24 11:25:00+00:00,604.39,605.16,604.38,605.04,65406.0
2025-06-24 11:30:00+00:00,604.97,605.21,604.6,604.62,49358.0
2025-06-24 11:35:00+00:00,604.6,604.9,604.52,604.88,62703.0
2025-06-24 11:40:00+00:00,604.8,604.83,604.68,604.68,17172.0
2025-06-24 11:45:00+00:00,604.7,605.01,604.7,605.0,47176.0
2025-06-24 11:50:00+00:00,605.0,605.0,604.73,604.79,20958.0
2025-06-24 11:55:00+00:00,604.81,604.96,604.71,604.83,30096.0
2025-06-24 12:00:00+00:00,604.81,606.5,603.17,604.8999,144026.0
2025-06-24 12:05:00+00:00,604.85,605.11,604.85,604.9898,32528.0
2025-06-24 12:10:00+00:00,604.97,605.0,604.45,604.48,60039.0
2025-06-24 12:15:00+00:00,604.48,604.5,604.2296,604.3,25890.0
2025-06-24 12:20:00+00:00,604.31,604.57,604.19,604.559,45228.0
2025-06-24 12:25:00+00:00,604.53,604.57,604.26,604.46,28366.0
2025-06-24 12:30:00+00:00,604.46,604.64,603.85,604.37,92441.0
2025-06-24 12:35:00+00:00,604.49,604.73,604.47,604.6,46010.0
2025-06-24 12:40:00+00:00,604.58,604.69,604.43,604.61,26341.0
2025-06-24 12:45:00+00:00,604.62,604.8099,604.34,604.34,22481.0
2025-06-24 12:50:00+00:00,604.34,604.41,604.12,604.28,29622.0
2025-06-24 12:55:00+00:00,604.24,604.45,604.221,604.4,23817.0
2025-06-24 13:00:00+00:00,604.33,604.48,604.25,604.29,55507.0
2025-06-24 13:05:00+00:00,604.3096,604.51,604.29,604.45,70485.0
2025-06-24 13:10:00+00:00,604.45,604.55,604.3407,604.48,49595.0
2025-06-24 13:15:00+00:00,604.55,605.02,604.37,604.69,119492.0
2025-06-24 13:20:00+00:00,604.7,604.85,604.53,604.73,75981.0
2025-06-24 13:25:00+00:00,604.65,604.86,604.33,604.34,70784.0
2025-06-24 13:30:00+00:00,604.33,604.78,603.94,604.39,1851512.0
2025-06-24 13:35:00+00:00,604.4,605.07,604.379,604.93,1435603.0
2025-06-24 13:40:00+00:00,604.92,605.385,604.92,604.97,1065315.0
2025-06-24 13:45:00+00:00,604.97,605.45,604.84,604.88,1536011.0
2025-06-24 13:50:00+00:00,604.88,604.925,604.42,604.499,1169699.0
2025-06-24 13:55:00+00:00,604.5,604.5999,603.8,604.05,1146187.0
2025-06-24 14:00:00+00:00,604.02,604.58,603.8104,604.39,962882.0
2025-06-24 14:05:00+00:00,604.39,604.57,603.41,604.12,1353370.0
2025-06-24 14:10:00+00:00,604.13,604.3099,603.97,604.08,782852.0
2025-06-24 14:15:00+00:00,604.085,604.61,604.06,604.525,844484.0
2025-06-24 14:20:00+00:00,604.54,604.905,604.52,604.88,616055.0
2025-06-24 14:25:00+00:00,604.88,604.96,604.34,604.5999,754640.0
2025-06-24 14:30:00+00:00,604.6,604.985,604.53,604.97,699500.0
2025-06-24 14:35:00+00:00,604.975,604.99,604.73,604.841,423478.0
2025-06-24 14:40:00+00:00,604.835,605.33,604.78,605.24,713235.0
2025-06-24 14:45:00+00:00,605.2401,605.355,605.04,605.105,574304.0
2025-06-24 14:50:00+00:00,605.1,605.26,604.94,605.2212,710639.0
2025-06-24 14:55:00+00:00,605.21,605.325,604.55,604.95,812051.0
2025-06-24 15:00:00+00:00,604.96,605.56,604.94,605.3,992379.0
2025-06-24 15:05:00+00:00,605.3,605.59,604.97,605.13,838583.0
2025-06-24 15:10:00+00:00,605.1387,605.47,605.12,605.385,417480.0
2025-06-24 15:15:00+00:00,605.38,605.55,605.303,605.355,380604.0
2025-06-24 15:20:00+00:00,605.345,605.82,605.295,605.65,465378.0
2025-06-24 15:25:00+00:00,605.66,605.77,605.6,605.755,381519.0
2025-06-24 15:30:00+00:00,605.76,605.94,605.66,605.91,425351.0
2025-06-24 15:35:00+00:00,605.91,606.1001,605.8,605.99,512523.0
2025-06-24 15:40:00+00:00,605.99,606.12,605.865,605.99,517885.0
2025-06-24 15:45:00+00:00,605.995,606.16,605.85,606.12,450905.0
2025-06-24 15:50:00+00:00,606.13,606.165,605.71,605.8682,475452.0
2025-06-24 15:55:00+00:00,605.86,606.01,605.66,605.755,387367.0
2025-06-24 16:00:00+00:00,605.77,606.11,605.655,606.075,468880.0
2025-06-24 16:05:00+00:00,606.07,606.08,605.89,605.975,300000.0
2025-06-24 16:10:00+00:00,605.98,606.195,605.94,606.08,371351.0
2025-06-24 16:15:00+00:00,606.09,606.28,606.08,606.18,371615.0
2025-06-24 16:20:00+00:00,606.185,606.3601,606.04,606.33,391355.0
2025-06-24 16:25:00+00:00,606.33,606.595,606.22,606.492,524030.0
2025-06-24 16:30:00+00:00,606.5,606.75,606.48,606.55,529642.0
2025-06-24 16:35:00+00:00,606.55,606.81,606.49,606.775,483594.0
2025-06-24 16:40:00+00:00,606.78,607.175,606.75,607.13,832640.0
2025-06-24 16:45:00+00:00,607.13,607.17,606.7599,606.78,456906.0
2025-06-24 16:50:00+00:00,606.782,606.9,606.64,606.6548,337275.0
2025-06-24 16:55:00+00:00,606.65,606.735,606.32,606.6399,582872.0
2025-06-24 17:00:00+00:00,606.65,606.93,606.589,606.77,539375.0
2025-06-24 17:05:00+00:00,606.785,606.88,606.55,606.68,329870.0
2025-06-24 17:10:00+00:00,606.68,606.91,606.67,606.8101,578145.0
2025-06-24 17:15:00+00:00,606.805,606.9601,606.74,606.855,353793.0
2025-06-24 17:20:00+00:00,606.855,606.9,606.33,606.44,1063385.0
2025-06-24 17:25:00+00:00,606.44,606.57,606.3,606.33,395876.0
2025-06-24 17:30:00+00:00,606.34,606.69,606.33,606.55,424242.0
2025-06-24 17:35:00+00:00,606.5412,606.7,606.46,606.6101,296704.0
2025-06-24 17:40:00+00:00,606.6135,606.95,606.59,606.865,361234.0
2025-06-24 17:45:00+00:00,606.865,607.1899,606.77,607.05,364403.0
2025-06-24 17:50:00+00:00,607.05,607.36,606.98,607.32,556166.0
2025-06-24 17:55:00+00:00,607.32,607.32,607.1101,607.1701,439033.0
2025-06-24 18:00:00+00:00,607.18,607.46,607.14,607.28,797314.0
2025-06-24 18:05:00+00:00,607.27,607.31,607.03,607.2575,794678.0
2025-06-24 18:10:00+00:00,607.255,607.345,606.95,606.96,457754.0
2025-06-24 18:15:00+00:00,606.9688,607.175,606.965,607.06,349053.0
2025-06-24 18:20:00+00:00,607.06,607.17,607.03,607.099,275592.0
2025-06-24 18:25:00+00:00,607.1,607.215,606.97,607.0,443026.0
2025-06-24 18:30:00+00:00,607.02,607.02,606.87,606.925,397195.0
2025-06-24 18:35:00+00:00,606.935,607.33,606.91,607.13,556584.0
2025-06-24 18:40:00+00:00,607.13,607.285,607.06,607.1541,309105.0
2025-06-24 18:45:00+00:00,607.1521,607.3,607.02,607.0899,505574.0
2025-06-24 18:50:00+00:00,607.08,607.2,607.03,607.075,445314.0
2025-06-24 18:55:00+00:00,607.08,607.35,607.02,607.305,445938.0
2025-06-24 19:00:00+00:00,607.31,607.62,607.3,607.51,745652.0
2025-06-24 19:05:00+00:00,607.5,607.64,607.41,607.545,1972705.0
2025-06-24 19:10:00+00:00,607.545,607.55,607.35,607.55,1213356.0
2025-06-24 19:15:00+00:00,607.545,607.635,607.47,607.49,570062.0
2025-06-24 19:20:00+00:00,607.495,607.69,607.455,607.5854,482599.0
2025-06-24 19:25:00+00:00,607.585,607.63,607.455,607.505,577295.0
2025-06-24 19:30:00+00:00,607.51,607.8499,607.43,607.61,1022615.0
2025-06-24 19:35:00+00:00,607.61,607.77,607.58,607.65,1328063.0
2025-06-24 19:40:00+00:00,607.645,607.76,607.57,607.67,931600.0
2025-06-24 19:45:00+00:00,607.67,607.8,607.46,607.68,1480612.0
2025-06-24 19:50:00+00:00,607.69,607.76,607.0799,607.085,3318941.0
2025-06-24 19:55:00+00:00,607.08,607.255,606.75,606.77,4122331.0
2025-06-24 20:00:00+00:00,606.77,606.91,605.891,606.82,722725.0
2025-06-24 20:05:00+00:00,606.83,606.85,606.69,606.77,237336.0
2025-06-24 20:10:00+00:00,606.78,606.84,606.68,606.73,3110238.0
2025-06-24 20:15:00+00:00,606.74,606.76,606.6,606.71,50825.0
2025-06-24 20:20:00+00:00,606.69,606.8,606.68,606.72,129699.0
2025-06-24 20:25:00+00:00,606.7,606.78,606.69,606.72,28483.0
2025-06-24 20:30:00+00:00,606.71,606.79,606.7,606.74,17673.0
2025-06-24 20:35:00+00:00,606.75,606.8,606.7201,606.77,12289.0
2025-06-24 20:40:00+00:00,606.78,606.7899,606.72,606.76,11220.0
2025-06-24 20:45:00+00:00,606.78,606.95,606.78,606.92,30952.0
2025-06-24 20:50:00+00:00,606.89,606.89,606.78,606.78,17819.0
2025-06-24 20:55:00+00:00,606.76,606.8,606.73,606.73,642621.0
2025-06-24 21:00:00+00:00,606.7508,606.94,606.7508,606.94,1142.0
2025-06-24 21:05:00+00:00,606.94,607.14,606.94,607.1399,42941.0
2025-06-24 21:10:00+00:00,607.1299,607.16,607.02,607.05,8985.0
2025-06-24 21:15:00+00:00,607.0,607.0,606.8225,606.8225,331839.0
2025-06-24 21:20:00+00:00,607.0,607.0,606.99,606.99,6033.0
2025-06-24 21:25:00+00:00,606.99,606.99,606.75,606.75,28106.0
2025-06-24 21:30:00+00:00,606.81,606.98,606.78,606.78,11994.0
2025-06-24 21:35:00+00:00,606.93,606.93,606.5,606.65,16423.0
2025-06-24 21:40:00+00:00,606.6001,606.78,606.6,606.77,9674.0
2025-06-24 21:45:00+00:00,606.7,606.75,606.7,606.75,633.0
2025-06-24 21:50:00+00:00,606.76,606.76,606.6999,606.7,4019.0
2025-06-24 21:55:00+00:00,606.7,606.73,606.7,606.7,9734.0
2025-06-24 22:00:00+00:00,606.7,606.7,606.2701,606.32,22001.0
2025-06-24 22:05:00+00:00,606.4,606.8221,606.3,606.36,168631.0
2025-06-24 22:10:00+00:00,606.449,606.52,606.43,606.48,7317.0
2025-06-24 22:15:00+00:00,606.4,606.45,606.3,606.41,5818.0
2025-06-24 22:20:00+00:00,606.47,606.551,606.47,606.5202,4053.0
2025-06-24 22:25:00+00:00,606.4,606.51,606.4,606.51,5524.0
2025-06-24 22:30:00+00:00,606.41,606.48,606.41,606.48,936.0
2025-06-24 22:35:00+00:00,606.42,606.42,606.35,606.35,3405.0
2025-06-24 22:40:00+00:00,606.31,606.4901,606.31,606.4901,11474.0
2025-06-24 22:50:00+00:00,606.52,606.5201,606.44,606.44,945.0
2025-06-24 22:55:00+00:00,606.48,606.5,606.4599,606.4599,1579.0
2025-06-24 23:00:00+00:00,606.46,606.76,606.46,606.55,4151.0
2025-06-24 23:05:00+00:00,606.55,606.55,606.4495,606.51,1638.0
2025-06-24 23:10:00+00:00,606.4501,606.5498,606.4501,606.5498,349.0
2025-06-24 23:15:00+00:00,606.4,606.4,606.2301,606.3001,4673.0
2025-06-24 23:20:00+00:00,606.43,606.5,606.43,606.5,1742.0
2025-06-24 23:25:00+00:00,606.5,606.5,606.46,606.46,1215.0
2025-06-24 23:30:00+00:00,606.45,606.45,606.45,606.45,565.0
2025-06-24 23:40:00+00:00,606.53,606.56,606.48,606.55,852.0
2025-06-24 23:45:00+00:00,606.55,606.58,606.55,606.58,5895.0
2025-06-24 23:55:00+00:00,606.5794,607.02,606.5794,607.02,5817.0
2025-06-25 08:00:00+00:00,607.0,607.21,607.0,607.0,7130.0
2025-06-25 08:05:00+00:00,607.02,607.02,606.8,606.8,2077.0
2025-06-25 08:10:00+00:00,606.76,607.08,606.76,607.07,4778.0
2025-06-25 08:15:00+00:00,607.05,607.22,606.95,606.95,10743.0
2025-06-25 08:20:00+00:00,606.87,606.97,606.87,606.94,2095.0
2025-06-25 08:25:00+00:00,606.99,607.08,606.89,606.99,9230.0
2025-06-25 08:30:00+00:00,606.79,606.86,606.65,606.86,1498.0
2025-06-25 08:35:00+00:00,606.94,606.94,606.79,606.87,2204.0
2025-06-25 08:40:00+00:00,606.9,607.01,606.9,607.01,843.0
2025-06-25 08:45:00+00:00,607.04,607.04,607.04,607.04,359.0
2025-06-25 08:50:00+00:00,606.99,606.99,606.99,606.99,115.0
2025-06-25 08:55:00+00:00,607.01,607.2,607.01,607.2,1324.0
2025-06-25 09:00:00+00:00,607.21,607.39,607.1,607.12,6624.0
2025-06-25 09:05:00+00:00,607.12,607.24,607.12,607.24,1652.0
2025-06-25 09:10:00+00:00,607.32,607.34,607.32,607.34,460.0
2025-06-25 09:15:00+00:00,607.26,607.27,607.26,607.27,406.0
2025-06-25 09:20:00+00:00,607.38,607.5,607.3,607.5,6210.0
2025-06-25 09:25:00+00:00,607.44,607.44,607.22,607.22,1286.0
2025-06-25 09:30:00+00:00,607.19,607.22,607.19,607.2,1210.0
2025-06-25 09:35:00+00:00,607.2,607.23,607.04,607.1,3126.0
2025-06-25 09:40:00+00:00,607.03,607.03,606.99,606.99,1552.0
2025-06-25 09:45:00+00:00,606.95,606.95,606.92,606.92,504.0
2025-06-25 09:50:00+00:00,607.04,607.04,606.94,606.94,1219.0
2025-06-25 09:55:00+00:00,606.92,606.94,606.88,606.88,1621.0
2025-06-25 10:00:00+00:00,606.93,606.94,606.91,606.91,631.0
2025-06-25 10:05:00+00:00,606.87,606.88,606.78,606.78,1719.0
2025-06-25 10:10:00+00:00,606.75,606.75,606.63,606.67,1670.0
2025-06-25 10:15:00+00:00,606.79,606.8,606.76,606.79,2382.0
2025-06-25 10:20:00+00:00,606.75,606.76,606.74,606.75,1991.0
2025-06-25 10:25:00+00:00,606.85,607.02,606.85,606.97,4617.0
2025-06-25 10:30:00+00:00,606.88,607.1,606.87,607.1,5533.0
2025-06-25 10:35:00+00:00,607.12,607.23,607.1,607.1,2364.0
2025-06-25 10:40:00+00:00,607.11,607.17,607.04,607.15,5541.0
2025-06-25 10:45:00+00:00,607.13,607.13,607.09,607.09,2183.0
2025-06-25 10:50:00+00:00,607.04,607.19,607.04,607.19,2077.0
2025-06-25 10:55:00+00:00,607.21,607.36,607.08,607.22,22388.0
2025-06-25 11:00:00+00:00,607.22,607.24,607.07,607.2,4802.0
2025-06-25 11:05:00+00:00,607.22,607.25,607.03,607.03,6972.0
2025-06-25 11:10:00+00:00,607.17,607.18,607.13,607.13,2365.0
2025-06-25 11:15:00+00:00,607.13,607.13,607.04,607.1,17750.0
2025-06-25 11:20:00+00:00,607.19,607.25,607.19,607.25,6185.0
2025-06-25 11:25:00+00:00,607.2,607.2,607.2,607.2,864.0
2025-06-25 11:30:00+00:00,607.25,607.59,607.25,607.54,8538.0
2025-06-25 11:35:00+00:00,607.45,607.47,607.38,607.4,2303.0
2025-06-25 11:40:00+00:00,607.46,607.61,607.46,607.6,5894.0
2025-06-25 11:45:00+00:00,607.58,607.75,607.58,607.75,5438.0
2025-06-25 11:50:00+00:00,607.72,608.13,607.72,607.91,20042.0
2025-06-25 11:55:00+00:00,607.92,608.07,607.92,608.05,39917.0
2025-06-25 12:00:00+00:00,607.24,608.12,606.87,608.0,55529.0
2025-06-25 12:05:00+00:00,607.92,608.09,607.92,608.0585,13305.0
2025-06-25 12:10:00+00:00,607.92,608.02,607.9,608.0,6541.0
2025-06-25 12:15:00+00:00,607.95,608.07,607.95,607.99,20702.0
2025-06-25 12:20:00+00:00,607.97,607.99,607.72,607.92,12124.0
2025-06-25 12:25:00+00:00,607.92,607.99,607.9,607.99,17946.0
2025-06-25 12:30:00+00:00,608.0,608.02,607.79,607.8,25807.0
2025-06-25 12:35:00+00:00,607.77,608.02,607.73,607.93,23242.0
2025-06-25 12:40:00+00:00,607.97,608.07,607.91,608.0,20757.0
2025-06-25 12:45:00+00:00,607.98,607.98,607.85,607.85,29195.0
2025-06-25 12:50:00+00:00,607.83,608.1,607.2834,608.0098,40736.0
2025-06-25 12:55:00+00:00,608.01,608.15,607.92,608.15,23592.0
2025-06-25 13:00:00+00:00,608.18,608.2291,608.09,608.16,29723.0
2025-06-25 13:05:00+00:00,608.15,608.15,607.84,607.92,40230.0
2025-06-25 13:10:00+00:00,607.91,608.08,607.9,608.05,19374.0
2025-06-25 13:15:00+00:00,608.03,608.03,607.89,607.98,20530.0
2025-06-25 13:20:00+00:00,607.98,608.04,607.95,608.03,15000.0
2025-06-25 13:25:00+00:00,607.99,608.05,607.85,607.95,34551.0
2025-06-25 13:30:00+00:00,607.91,608.3536,607.75,608.15,1861245.0
2025-06-25 13:35:00+00:00,608.15,608.61,608.03,608.295,1320685.0
2025-06-25 13:40:00+00:00,608.3,608.48,608.14,608.29,1069283.0
2025-06-25 13:45:00+00:00,608.29,608.415,607.875,607.88,1136021.0
2025-06-25 13:50:00+00:00,607.88,607.89,607.45,607.78,1645235.0
2025-06-25 13:55:00+00:00,607.78,608.4,607.75,608.16,1211738.0
2025-06-25 14:00:00+00:00,608.17,608.3499,607.79,607.9712,686837.0
2025-06-25 14:05:00+00:00,607.98,608.23,607.79,607.9452,699969.0
2025-06-25 14:10:00+00:00,607.9407,607.975,607.31,607.46,756782.0
2025-06-25 14:15:00+00:00,607.47,607.81,607.31,607.49,826568.0
2025-06-25 14:20:00+00:00,607.48,607.72,607.315,607.6,738537.0
2025-06-25 14:25:00+00:00,607.59,607.93,607.47,607.69,824659.0
2025-06-25 14:30:00+00:00,607.7,607.915,607.6,607.76,485760.0
2025-06-25 14:35:00+00:00,607.77,607.91,607.5674,607.64,475810.0
2025-06-25 14:40:00+00:00,607.63,608.185,607.51,608.14,691331.0
2025-06-25 14:45:00+00:00,608.14,608.41,607.86,607.96,949659.0
2025-06-25 14:50:00+00:00,607.97,608.01,607.65,607.7,582397.0
2025-06-25 14:55:00+00:00,607.7,607.96,607.62,607.765,525371.0
2025-06-25 15:00:00+00:00,607.76,607.805,607.22,607.3,628472.0
2025-06-25 15:05:00+00:00,607.31,607.49,606.99,607.06,703041.0
2025-06-25 15:10:00+00:00,607.06,607.3,606.86,607.08,1005887.0
2025-06-25 15:15:00+00:00,607.08,607.22,606.94,606.97,634221.0
2025-06-25 15:20:00+00:00,606.965,607.15,606.89,607.12,1125480.0
2025-06-25 15:25:00+00:00,607.12,607.33,607.08,607.155,591170.0
2025-06-25 15:30:00+00:00,607.16,607.17,606.48,606.675,832098.0
2025-06-25 15:35:00+00:00,606.67,607.09,606.59,606.975,620200.0
2025-06-25 15:40:00+00:00,606.98,607.03,606.68,606.8901,530068.0
2025-06-25 15:45:00+00:00,606.89,606.945,606.69,606.89,444782.0
2025-06-25 15:50:00+00:00,606.89,607.06,606.795,607.005,393229.0
2025-06-25 15:55:00+00:00,607.01,607.12,606.815,606.89,423036.0
2025-06-25 16:00:00+00:00,606.89,607.2,606.85,607.04,420274.0
2025-06-25 16:05:00+00:00,607.02,607.13,606.85,606.89,257848.0
2025-06-25 16:10:00+00:00,606.88,607.14,606.8,607.13,286011.0
2025-06-25 16:15:00+00:00,607.125,607.27,606.99,607.06,382519.0
2025-06-25 16:20:00+00:00,607.06,607.08,606.82,607.0,298478.0
2025-06-25 16:25:00+00:00,606.995,607.1,606.86,606.975,1074805.0
2025-06-25 16:30:00+00:00,606.98,607.1,606.8599,606.8914,259258.0
2025-06-25 16:35:00+00:00,606.89,607.04,606.71,606.965,788517.0
2025-06-25 16:40:00+00:00,606.975,607.02,606.78,606.79,293778.0
2025-06-25 16:45:00+00:00,606.785,606.86,606.46,606.51,490889.0
2025-06-25 16:50:00+00:00,606.53,606.89,606.42,606.6687,486095.0
2025-06-25 16:55:00+00:00,606.65,606.86,606.63,606.71,238408.0
2025-06-25 17:00:00+00:00,606.705,606.845,606.48,606.495,348452.0
2025-06-25 17:05:00+00:00,606.49,606.57,606.2769,606.3,436172.0
2025-06-25 17:10:00+00:00,606.29,606.62,606.26,606.605,392427.0
2025-06-25 17:15:00+00:00,606.61,606.76,606.54,606.7252,544938.0
2025-06-25 17:20:00+00:00,606.73,607.14,606.73,607.115,756682.0
2025-06-25 17:25:00+00:00,607.12,607.125,606.94,607.02,361935.0
2025-06-25 17:30:00+00:00,607.015,607.08,606.48,606.625,580501.0
2025-06-25 17:35:00+00:00,606.62,606.62,606.35,606.42,650040.0
2025-06-25 17:40:00+00:00,606.42,606.425,605.54,606.14,1511993.0
2025-06-25 17:45:00+00:00,606.148,606.56,606.07,606.5202,2085619.0
2025-06-25 17:50:00+00:00,606.5187,606.82,606.32,606.5,686060.0
2025-06-25 17:55:00+00:00,606.47,606.47,606.14,606.24,340795.0
2025-06-25 18:00:00+00:00,606.27,606.47,606.05,606.43,745693.0
2025-06-25 18:05:00+00:00,606.43,606.52,606.14,606.305,356567.0
2025-06-25 18:10:00+00:00,606.3,606.46,606.26,606.37,310462.0
2025-06-25 18:15:00+00:00,606.37,606.51,606.3,606.37,318614.0
2025-06-25 18:20:00+00:00,606.37,606.55,606.33,606.43,240664.0
2025-06-25 18:25:00+00:00,606.4288,606.49,606.28,606.3799,327079.0
2025-06-25 18:30:00+00:00,606.38,606.41,606.06,606.2149,421106.0
2025-06-25 18:35:00+00:00,606.225,606.385,606.165,606.28,368078.0
2025-06-25 18:40:00+00:00,606.29,606.455,606.22,606.29,289748.0
2025-06-25 18:45:00+00:00,606.295,606.4099,606.2301,606.305,344581.0
2025-06-25 18:50:00+00:00,606.305,606.48,606.21,606.32,317120.0
2025-06-25 18:55:00+00:00,606.33,606.51,606.3,606.42,323913.0
2025-06-25 19:00:00+00:00,606.43,606.8,606.4,606.64,499210.0
2025-06-25 19:05:00+00:00,606.64,607.08,606.61,606.985,841748.0
2025-06-25 19:10:00+00:00,606.99,607.37,606.99,607.21,705912.0
2025-06-25 19:15:00+00:00,607.215,607.32,607.06,607.25,442174.0
2025-06-25 19:20:00+00:00,607.25,607.35,607.13,607.17,449100.0
2025-06-25 19:25:00+00:00,607.175,607.2501,606.9948,606.9948,397603.0
2025-06-25 19:30:00+00:00,606.99,607.08,606.525,606.61,1092159.0
2025-06-25 19:35:00+00:00,606.6,606.64,606.37,606.442,918998.0
2025-06-25 19:40:00+00:00,606.44,606.84,606.41,606.7753,865957.0
2025-06-25 19:45:00+00:00,606.77,606.86,606.45,606.515,758322.0
2025-06-25 19:50:00+00:00,606.52,607.0,606.46,606.49,1684729.0
2025-06-25 19:55:00+00:00,606.49,607.2,606.41,607.08,4386170.0
2025-06-25 20:00:00+00:00,607.09,607.15,606.77,607.11,1044317.0
2025-06-25 20:05:00+00:00,607.02,607.06,606.75,606.81,370957.0
2025-06-25 20:10:00+00:00,606.8,606.96,606.75,606.89,578294.0
2025-06-25 20:15:00+00:00,606.9201,607.02,606.9,606.9701,1044558.0
2025-06-25 20:20:00+00:00,606.98,606.98,606.82,606.85,33426.0
2025-06-25 20:25:00+00:00,606.85,606.91,606.76,606.8,63609.0
2025-06-25 20:30:00+00:00,606.79,606.85,606.75,606.82,50239.0
2025-06-25 20:35:00+00:00,606.8,606.9,606.8,606.87,57287.0
2025-06-25 20:40:00+00:00,606.89,607.12,606.83,606.85,45700.0
2025-06-25 20:45:00+00:00,606.81,606.88,606.81,606.86,20361.0
2025-06-25 20:50:00+00:00,606.891,606.93,606.89,606.93,8183.0
2025-06-25 20:55:00+00:00,606.96,606.97,606.91,606.94,15763.0
2025-06-25 21:00:00+00:00,606.97,607.06,606.94,607.01,12095.0
2025-06-25 21:05:00+00:00,607.01,607.05,607.01,607.0492,9648.0
2025-06-25 21:10:00+00:00,607.01,607.05,607.01,607.0399,1238.0
2025-06-25 21:15:00+00:00,607.03,607.04,607.0,607.01,3184.0
2025-06-25 21:20:00+00:00,607.01,607.02,606.9433,606.99,6429.0
2025-06-25 21:25:00+00:00,606.95,606.99,606.95,606.9791,2803.0
2025-06-25 21:30:00+00:00,606.94,606.94,606.71,606.72,13378.0
2025-06-25 21:35:00+00:00,606.72,606.84,606.72,606.84,1369.0
2025-06-25 21:40:00+00:00,606.87,606.91,606.87,606.87,1693.0
2025-06-25 21:45:00+00:00,606.87,606.87,606.7,606.7507,10650.0
2025-06-25 21:50:00+00:00,606.76,606.77,606.5,606.55,48438.0
2025-06-25 21:55:00+00:00,606.62,606.7,606.5583,606.65,20662.0
2025-06-25 22:00:00+00:00,606.65,607.04,606.65,606.92,73849.0
2025-06-25 22:05:00+00:00,606.94,607.0,606.89,607.0,10310.0
2025-06-25 22:10:00+00:00,606.99,607.3599,606.99,607.17,50015.0
2025-06-25 22:15:00+00:00,607.17,607.17,607.0799,607.15,12438.0
2025-06-25 22:20:00+00:00,607.14,607.14,606.98,607.03,10817.0
2025-06-25 22:25:00+00:00,606.99,606.99,606.84,606.86,4095.0
2025-06-25 22:30:00+00:00,607.0,607.05,606.96,607.05,2905.0
2025-06-25 22:35:00+00:00,606.98,606.98,606.86,606.86,4534.0
2025-06-25 22:40:00+00:00,606.85,606.87,606.83,606.83,5869.0
2025-06-25 22:45:00+00:00,606.83,606.86,606.819,606.86,1775.0
2025-06-25 22:50:00+00:00,606.84,606.9499,606.84,606.9499,2206.0
2025-06-25 22:55:00+00:00,606.95,607.02,606.95,606.97,1613.0
2025-06-25 23:00:00+00:00,607.01,607.01,606.3,606.55,117620.0
2025-06-25 23:05:00+00:00,606.55,606.95,606.49,606.95,10612.0
2025-06-25 23:10:00+00:00,606.95,607.06,606.93,606.93,1803.0
2025-06-25 23:15:00+00:00,606.91,606.9482,606.76,606.9482,11780.0
2025-06-25 23:20:00+00:00,606.87,606.87,606.8101,606.8101,2730.0
2025-06-25 23:25:00+00:00,606.84,606.85,606.55,606.6,15938.0
2025-06-25 23:30:00+00:00,606.71,606.71,606.55,606.56,7153.0
2025-06-25 23:35:00+00:00,606.67,606.69,606.6,606.67,1884.0
2025-06-25 23:40:00+00:00,606.89,606.9499,606.79,606.79,7215.0
2025-06-25 23:45:00+00:00,606.8688,606.9,606.85,606.85,3091.0
2025-06-25 23:50:00+00:00,606.9,606.9698,606.85,606.9698,9238.0
2025-06-25 23:55:00+00:00,606.96,607.1,606.96,607.09,13446.0
2025-06-26 08:00:00+00:00,607.72,608.7,607.72,608.7,6274.0
2025-06-26 08:05:00+00:00,608.72,608.91,608.69,608.71,3456.0
2025-06-26 08:10:00+00:00,608.75,608.92,608.75,608.86,2921.0
2025-06-26 08:15:00+00:00,608.87,609.0,608.84,609.0,3588.0
2025-06-26 08:20:00+00:00,609.04,609.2,609.01,609.2,5461.0
2025-06-26 08:25:00+00:00,609.26,609.47,609.24,609.29,12856.0
2025-06-26 08:30:00+00:00,609.29,609.29,609.18,609.24,2677.0
2025-06-26 08:35:00+00:00,609.34,609.35,609.16,609.16,1953.0
2025-06-26 08:40:00+00:00,609.1,609.14,609.1,609.14,291.0
2025-06-26 08:45:00+00:00,609.22,609.22,609.12,609.12,1304.0
2025-06-26 08:50:00+00:00,609.22,609.22,609.22,609.22,261.0
2025-06-26 08:55:00+00:00,609.08,609.09,609.08,609.09,391.0
2025-06-26 09:00:00+00:00,609.06,609.09,609.06,609.09,509.0
2025-06-26 09:05:00+00:00,609.12,609.12,609.01,609.01,235.0
2025-06-26 09:10:00+00:00,608.96,608.96,608.88,608.88,1559.0
2025-06-26 09:15:00+00:00,608.96,609.05,608.96,608.99,1644.0
2025-06-26 09:25:00+00:00,608.93,609.0,608.88,608.88,1811.0
2025-06-26 09:30:00+00:00,608.84,608.88,608.66,608.75,6133.0
2025-06-26 09:35:00+00:00,608.88,608.9,608.81,608.9,5377.0
2025-06-26 09:40:00+00:00,608.74,608.77,608.66,608.73,1325.0
2025-06-26 09:45:00+00:00,608.77,608.81,608.77,608.8,897.0
2025-06-26 09:50:00+00:00,608.84,608.84,608.84,608.84,179.0
2025-06-26 09:55:00+00:00,608.77,608.8,608.76,608.8,886.0
2025-06-26 10:00:00+00:00,608.74,608.76,608.64,608.64,3018.0
2025-06-26 10:05:00+00:00,608.74,608.96,608.74,608.95,1423.0
2025-06-26 10:10:00+00:00,609.0,609.1,609.0,609.09,2462.0
2025-06-26 10:15:00+00:00,609.14,609.24,609.14,609.21,13649.0
2025-06-26 10:20:00+00:00,609.33,609.47,609.33,609.37,5378.0
2025-06-26 10:25:00+00:00,609.42,609.46,609.31,609.35,6096.0
2025-06-26 10:30:00+00:00,609.36,609.44,609.36,609.38,1429.0
2025-06-26 10:35:00+00:00,609.36,609.36,609.26,609.26,2526.0
2025-06-26 10:40:00+00:00,609.33,609.33,609.2,609.2,1691.0
2025-06-26 10:45:00+00:00,609.15,609.23,609.06,609.22,5561.0
2025-06-26 10:50:00+00:00,609.23,609.23,609.03,609.03,2465.0
2025-06-26 10:55:00+00:00,609.01,609.01,608.87,608.89,6035.0
2025-06-26 11:00:00+00:00,608.87,609.07,608.86,609.07,18220.0
2025-06-26 11:05:00+00:00,609.1,609.34,609.1,609.33,27903.0
2025-06-26 11:10:00+00:00,609.35,609.39,609.2,609.34,45732.0
2025-06-26 11:15:00+00:00,609.27,609.36,609.11,609.34,8098.0
2025-06-26 11:20:00+00:00,609.33,609.34,609.13,609.13,13987.0
2025-06-26 11:25:00+00:00,609.13,609.16,609.03,609.15,13850.0
2025-06-26 11:30:00+00:00,609.24,609.24,609.14,609.16,1214.0
2025-06-26 11:35:00+00:00,609.25,609.25,609.05,609.06,13109.0
2025-06-26 11:40:00+00:00,609.04,609.04,608.97,609.0,4633.0
2025-06-26 11:45:00+00:00,609.0,609.15,609.0,609.15,1955.0
2025-06-26 11:50:00+00:00,609.13,609.31,609.11,609.24,19195.0
2025-06-26 11:55:00+00:00,609.3,609.41,609.28,609.35,50291.0
2025-06-26 12:00:00+00:00,609.35,609.4104,607.72,609.36,75787.0
2025-06-26 12:05:00+00:00,609.37,609.47,609.1601,609.2096,11341.0
2025-06-26 12:10:00+00:00,609.1601,609.33,609.1601,609.2,17673.0
2025-06-26 12:15:00+00:00,609.1601,609.24,609.12,609.23,31331.0
2025-06-26 12:20:00+00:00,609.17,609.18,609.06,609.18,13550.0
2025-06-26 12:25:00+00:00,609.1899,609.33,609.15,609.23,20653.0
2025-06-26 12:30:00+00:00,609.4,609.4,608.25,608.6,119707.0
2025-06-26 12:35:00+00:00,608.58,608.87,608.57,608.87,108114.0
2025-06-26 12:40:00+00:00,608.86,609.05,608.77,609.0104,22626.0
2025-06-26 12:45:00+00:00,609.11,609.21,608.98,609.03,105719.0
2025-06-26 12:50:00+00:00,609.01,609.08,608.82,608.9,33380.0
2025-06-26 12:55:00+00:00,609.02,609.11,608.88,609.07,14360.0
2025-06-26 13:00:00+00:00,609.06,609.06,608.61,608.64,34341.0
2025-06-26 13:05:00+00:00,608.64,608.77,608.6,608.6852,26237.0
2025-06-26 13:10:00+00:00,608.69,608.8,608.64,608.74,32534.0
2025-06-26 13:15:00+00:00,608.75,609.13,608.59,608.8701,43992.0
2025-06-26 13:20:00+00:00,608.94,609.09,608.94,608.96,31602.0
2025-06-26 13:25:00+00:00,609.01,609.21,608.86,608.98,70521.0
2025-06-26 13:30:00+00:00,608.99,609.33,608.77,609.2106,1572037.0
2025-06-26 13:35:00+00:00,609.21,609.38,608.8,609.11,1071572.0
2025-06-26 13:40:00+00:00,609.11,609.38,608.82,609.27,1007145.0
2025-06-26 13:45:00+00:00,609.28,609.39,608.53,608.735,1231844.0
2025-06-26 13:50:00+00:00,608.74,608.88,608.37,608.79,907860.0
2025-06-26 13:55:00+00:00,608.79,609.22,608.7,609.12,699946.0
2025-06-26 14:00:00+00:00,609.13,609.67,609.13,609.47,1061276.0
2025-06-26 14:05:00+00:00,609.47,609.58,609.07,609.165,3645482.0
2025-06-26 14:10:00+00:00,609.17,609.54,609.14,609.382,961865.0
2025-06-26 14:15:00+00:00,609.39,609.5799,609.2701,609.47,622497.0
2025-06-26 14:20:00+00:00,609.48,609.77,609.46,609.72,708136.0
2025-06-26 14:25:00+00:00,609.72,609.98,609.63,609.945,578902.0
2025-06-26 14:30:00+00:00,609.93,610.58,609.92,610.39,1423352.0
2025-06-26 14:35:00+00:00,610.38,610.4,610.195,610.25,653581.0
2025-06-26 14:40:00+00:00,610.27,610.33,610.01,610.01,629053.0
2025-06-26 14:45:00+00:00,610.01,610.42,609.95,610.39,1200691.0
2025-06-26 14:50:00+00:00,610.38,610.465,610.22,610.4525,467778.0
2025-06-26 14:55:00+00:00,610.45,610.46,610.31,610.3693,540355.0
2025-06-26 15:00:00+00:00,610.37,610.72,610.335,610.69,503060.0
2025-06-26 15:05:00+00:00,610.695,610.7299,610.51,610.58,713737.0
2025-06-26 15:10:00+00:00,610.58,610.59,610.41,610.47,474178.0
2025-06-26 15:15:00+00:00,610.475,610.82,610.445,610.69,582425.0
2025-06-26 15:20:00+00:00,610.7,610.865,610.62,610.715,556095.0
2025-06-26 15:25:00+00:00,610.73,610.73,610.06,610.09,629617.0
2025-06-26 15:30:00+00:00,610.07,610.34,609.83,610.34,1098585.0
2025-06-26 15:35:00+00:00,610.33,610.58,610.28,610.58,676475.0
2025-06-26 15:40:00+00:00,610.58,610.61,610.325,610.365,1132731.0
2025-06-26 15:45:00+00:00,610.36,610.6599,610.355,610.425,267848.0
2025-06-26 15:50:00+00:00,610.42,610.66,610.3,610.58,355467.0
2025-06-26 15:55:00+00:00,610.58,610.62,610.34,610.53,265189.0
2025-06-26 16:00:00+00:00,610.52,611.05,610.46,610.98,915295.0
2025-06-26 16:05:00+00:00,610.99,611.0787,610.8499,610.86,390836.0
2025-06-26 16:10:00+00:00,610.8608,611.02,610.78,610.87,438996.0
2025-06-26 16:15:00+00:00,610.89,611.005,610.85,610.965,320120.0
2025-06-26 16:20:00+00:00,610.965,611.1283,610.945,610.99,324890.0
2025-06-26 16:25:00+00:00,611.0,611.11,610.83,610.88,363274.0
2025-06-26 16:30:00+00:00,610.9,611.125,610.85,611.07,348653.0
2025-06-26 16:35:00+00:00,611.08,611.105,610.79,610.835,256727.0
2025-06-26 16:40:00+00:00,610.84,610.925,610.76,610.7751,383685.0
2025-06-26 16:45:00+00:00,610.78,610.94,610.675,610.83,292286.0
2025-06-26 16:50:00+00:00,610.835,610.99,610.73,610.76,525212.0
2025-06-26 16:55:00+00:00,610.76,610.845,610.68,610.845,762743.0
2025-06-26 17:00:00+00:00,610.8329,611.02,610.64,610.9799,488900.0
2025-06-26 17:05:00+00:00,610.97,611.09,610.8802,610.9652,476413.0
2025-06-26 17:10:00+00:00,610.9688,611.19,610.9688,611.115,426320.0
2025-06-26 17:15:00+00:00,611.12,611.28,610.88,611.0248,1167641.0
2025-06-26 17:20:00+00:00,611.02,611.2052,610.995,611.105,320347.0
2025-06-26 17:25:00+00:00,611.11,611.265,611.1,611.19,1116361.0
2025-06-26 17:30:00+00:00,611.2,611.42,611.2,611.34,1130817.0
2025-06-26 17:35:00+00:00,611.33,611.475,611.325,611.45,472987.0
2025-06-26 17:40:00+00:00,611.44,611.59,611.4,611.55,804879.0
2025-06-26 17:45:00+00:00,611.55,611.5765,611.3,611.31,609519.0
2025-06-26 17:50:00+00:00,611.31,611.41,611.27,611.295,597587.0
2025-06-26 17:55:00+00:00,611.3,611.42,611.25,611.271,1321088.0
2025-06-26 18:00:00+00:00,611.28,611.42,611.15,611.32,824241.0
2025-06-26 18:05:00+00:00,611.32,611.91,611.315,611.585,1451596.0
2025-06-26 18:10:00+00:00,611.59,611.845,611.48,611.815,523253.0
2025-06-26 18:15:00+00:00,611.82,612.12,611.8,611.88,771852.0
2025-06-26 18:20:00+00:00,611.89,612.07,611.85,612.005,345975.0
2025-06-26 18:25:00+00:00,612.0,612.05,611.71,611.72,411674.0
2025-06-26 18:30:00+00:00,611.73,611.9,611.73,611.885,483170.0
2025-06-26 18:35:00+00:00,611.89,611.915,611.54,611.56,543631.0
2025-06-26 18:40:00+00:00,611.56,611.61,611.47,611.605,467949.0
2025-06-26 18:45:00+00:00,611.605,611.75,611.095,611.27,1405959.0
2025-06-26 18:50:00+00:00,611.26,611.435,611.17,611.335,680282.0
2025-06-26 18:55:00+00:00,611.34,611.49,611.22,611.45,554104.0
2025-06-26 19:00:00+00:00,611.44,611.67,611.4,611.61,511756.0
2025-06-26 19:05:00+00:00,611.62,611.635,611.42,611.53,475334.0
2025-06-26 19:10:00+00:00,611.53,611.645,611.39,611.42,537413.0
2025-06-26 19:15:00+00:00,611.41,611.65,611.26,611.62,847840.0
2025-06-26 19:20:00+00:00,611.61,611.82,611.5,611.73,862547.0
2025-06-26 19:25:00+00:00,611.73,611.77,611.6,611.64,649923.0
2025-06-26 19:30:00+00:00,611.63,611.7,611.48,611.6,1126767.0
2025-06-26 19:35:00+00:00,611.6,611.655,611.39,611.421,951193.0
2025-06-26 19:40:00+00:00,611.42,611.47,611.29,611.36,915622.0
2025-06-26 19:45:00+00:00,611.37,611.66,611.23,611.63,1552674.0
2025-06-26 19:50:00+00:00,611.64,612.2,611.43,611.94,3673906.0
2025-06-26 19:55:00+00:00,611.94,612.31,611.53,611.89,7032095.0
2025-06-26 20:00:00+00:00,611.9,611.93,611.26,611.41,1241946.0
2025-06-26 20:05:00+00:00,611.37,611.55,611.35,611.49,606027.0
2025-06-26 20:10:00+00:00,611.49,611.51,611.33,611.37,4259436.0
2025-06-26 20:15:00+00:00,611.39,611.55,611.3,611.52,65991.0
2025-06-26 20:20:00+00:00,611.55,611.77,611.47,611.72,72815.0
2025-06-26 20:25:00+00:00,611.68,611.75,611.56,611.63,246616.0
2025-06-26 20:30:00+00:00,611.6682,611.79,611.59,611.76,41457.0
2025-06-26 20:35:00+00:00,611.76,611.82,611.65,611.82,51198.0
2025-06-26 20:40:00+00:00,611.79,611.87,611.78,611.84,19187.0
2025-06-26 20:45:00+00:00,611.84,611.95,611.84,611.88,13775.0
2025-06-26 20:50:00+00:00,611.88,611.91,611.85,611.85,21604.0
2025-06-26 20:55:00+00:00,611.87,611.87,611.77,611.86,31472.0
2025-06-26 21:00:00+00:00,611.83,611.83,611.77,611.83,6437.0
2025-06-26 21:05:00+00:00,611.82,611.9,611.82,611.84,21586.0
2025-06-26 21:10:00+00:00,611.86,611.94,611.83,611.9399,3868.0
2025-06-26 21:15:00+00:00,611.94,612.0,611.87,612.0,30191.0
2025-06-26 21:20:00+00:00,611.99,612.04,611.92,612.02,9790.0
2025-06-26 21:25:00+00:00,612.04,612.05,611.92,612.05,16477.0
2025-06-26 21:30:00+00:00,612.07,612.2,612.07,612.2,8956.0
2025-06-26 21:35:00+00:00,612.1602,612.26,612.11,612.11,13950.0
2025-06-26 21:40:00+00:00,612.24,612.24,611.7305,612.15,506434.0
2025-06-26 21:45:00+00:00,612.2,612.22,612.1,612.1,3321.0
2025-06-26 21:50:00+00:00,612.12,612.18,612.11,612.18,7101.0
2025-06-26 21:55:00+00:00,612.08,612.17,612.08,612.17,1305.0
2025-06-26 22:00:00+00:00,612.09,612.31,611.88,612.14,32391.0
2025-06-26 22:05:00+00:00,612.14,612.37,612.1,612.37,14559.0
2025-06-26 22:10:00+00:00,612.37,612.42,612.21,612.24,10982.0
2025-06-26 22:15:00+00:00,612.23,612.38,612.19,612.379,9833.0
2025-06-26 22:20:00+00:00,612.4,612.5,612.34,612.5,14477.0
2025-06-26 22:25:00+00:00,612.53,612.82,612.41,612.65,12736.0
2025-06-26 22:30:00+00:00,612.611,612.611,612.55,612.57,3913.0
2025-06-26 22:35:00+00:00,612.5596,612.64,612.53,612.57,3029.0
2025-06-26 22:40:00+00:00,612.54,612.69,612.48,612.48,4492.0
2025-06-26 22:45:00+00:00,612.46,612.5,612.45,612.45,1065.0
2025-06-26 22:50:00+00:00,612.53,612.53,612.53,612.53,896.0
2025-06-26 22:55:00+00:00,612.539,612.6,612.5,612.5,20542.0
2025-06-26 23:00:00+00:00,612.6,612.61,612.42,612.42,6742.0
2025-06-26 23:05:00+00:00,612.4,612.4,612.33,612.3587,6785.0
2025-06-26 23:10:00+00:00,612.3,612.3,612.14,612.14,4317.0
2025-06-26 23:15:00+00:00,612.14,612.18,612.0701,612.15,4238.0
2025-06-26 23:20:00+00:00,612.1,612.219,612.09,612.219,2974.0
2025-06-26 23:25:00+00:00,612.16,612.21,612.16,612.21,1709.0
2025-06-26 23:30:00+00:00,612.21,612.21,612.11,612.15,2875.0
2025-06-26 23:35:00+00:00,612.18,612.21,612.11,612.14,4686.0
2025-06-26 23:40:00+00:00,612.1,612.17,612.1,612.17,5584.0
2025-06-26 23:45:00+00:00,612.2,612.23,612.2,612.2,10944.0
2025-06-26 23:50:00+00:00,612.15,612.17,611.9,612.17,5786.0
2025-06-26 23:55:00+00:00,612.16,612.16,612.09,612.0982,7071.0
2025-06-27 08:00:00+00:00,613.64,613.7,613.53,613.55,7087.0
2025-06-27 08:05:00+00:00,613.46,613.55,613.45,613.53,2176.0
2025-06-27 08:10:00+00:00,613.42,613.79,613.42,613.79,4846.0
2025-06-27 08:15:00+00:00,613.77,613.77,613.48,613.6,7446.0
2025-06-27 08:20:00+00:00,613.5,613.51,613.39,613.44,21919.0
2025-06-27 08:25:00+00:00,613.44,613.48,613.41,613.42,22568.0
2025-06-27 08:30:00+00:00,613.5,613.7,613.5,613.6,7932.0
2025-06-27 08:35:00+00:00,613.55,613.57,613.43,613.43,4277.0
2025-06-27 08:40:00+00:00,613.51,613.59,613.51,613.55,890.0
2025-06-27 08:45:00+00:00,613.5,613.64,613.5,613.59,1245.0
2025-06-27 08:50:00+00:00,613.61,613.62,613.57,613.57,2244.0
2025-06-27 08:55:00+00:00,613.76,613.76,613.76,613.76,930.0
2025-06-27 09:00:00+00:00,613.75,613.75,613.7,613.7,2645.0
2025-06-27 09:05:00+00:00,613.75,613.75,613.55,613.55,5783.0
2025-06-27 09:10:00+00:00,613.51,613.51,613.37,613.38,2091.0
2025-06-27 09:15:00+00:00,613.44,613.44,613.44,613.44,555.0
2025-06-27 09:20:00+00:00,613.49,613.49,613.49,613.49,161.0
2025-06-27 09:25:00+00:00,613.56,613.62,613.55,613.59,22270.0
2025-06-27 09:30:00+00:00,613.61,613.66,613.56,613.59,24789.0
2025-06-27 09:35:00+00:00,613.59,613.59,613.46,613.46,1514.0
2025-06-27 09:40:00+00:00,613.57,613.61,613.54,613.54,3274.0
2025-06-27 09:50:00+00:00,613.5,613.5,613.37,613.37,3631.0
2025-06-27 09:55:00+00:00,613.49,613.53,613.49,613.53,716.0
2025-06-27 10:00:00+00:00,613.67,613.67,613.42,613.64,2315.0
2025-06-27 10:05:00+00:00,613.53,613.56,613.51,613.53,1572.0
2025-06-27 10:10:00+00:00,613.51,613.51,613.41,613.41,1357.0
2025-06-27 10:15:00+00:00,613.5,613.51,613.5,613.51,421.0
2025-06-27 10:20:00+00:00,613.56,613.58,613.53,613.53,1862.0
2025-06-27 10:25:00+00:00,613.47,613.47,613.35,613.35,46399.0
2025-06-27 10:30:00+00:00,613.44,613.5,613.42,613.49,3473.0
2025-06-27 10:35:00+00:00,613.55,613.55,613.43,613.43,1003.0
2025-06-27 10:40:00+00:00,613.4,613.45,613.4,613.41,1099.0
2025-06-27 10:45:00+00:00,613.49,613.54,613.49,613.5,2784.0
2025-06-27 10:50:00+00:00,613.49,613.5,613.43,613.5,1455.0
2025-06-27 10:55:00+00:00,613.5,613.51,613.48,613.51,1517.0
2025-06-27 11:00:00+00:00,613.52,613.8,613.47,613.77,27426.0
2025-06-27 11:05:00+00:00,613.7,613.8,613.7,613.79,4893.0
2025-06-27 11:10:00+00:00,613.8,613.84,613.74,613.82,31690.0
2025-06-27 11:15:00+00:00,613.77,613.89,613.73,613.89,7048.0
2025-06-27 11:20:00+00:00,613.91,614.01,613.9,613.94,18573.0
2025-06-27 11:25:00+00:00,613.93,613.95,613.87,613.9,19021.0
2025-06-27 11:30:00+00:00,613.87,614.08,613.87,614.08,6483.0
2025-06-27 11:35:00+00:00,614.11,614.32,614.08,614.32,26881.0
2025-06-27 11:40:00+00:00,614.31,614.39,614.15,614.18,29363.0
2025-06-27 11:45:00+00:00,614.2,614.29,614.11,614.18,15044.0
2025-06-27 11:50:00+00:00,614.211,614.299,614.21,614.24,10333.0
2025-06-27 11:55:00+00:00,614.19,614.34,614.1,614.34,23660.0
2025-06-27 12:00:00+00:00,613.83,614.55,612.6,614.28,114877.0
2025-06-27 12:05:00+00:00,614.28,614.32,614.06,614.12,47312.0
2025-06-27 12:10:00+00:00,614.15,614.16,613.9,613.9699,37673.0
2025-06-27 12:15:00+00:00,613.9391,614.0,613.87,613.87,21208.0
2025-06-27 12:20:00+00:00,613.91,614.24,613.85,614.21,17151.0
2025-06-27 12:25:00+00:00,614.22,614.24,614.05,614.1,13618.0
2025-06-27 12:30:00+00:00,613.99,614.11,613.52,613.61,167834.0
2025-06-27 12:35:00+00:00,613.64,613.87,613.63,613.76,109623.0
2025-06-27 12:40:00+00:00,613.74,613.75,613.39,613.54,104959.0
2025-06-27 12:45:00+00:00,613.56,613.8,613.46,613.5801,87764.0
2025-06-27 12:50:00+00:00,613.61,613.65,613.35,613.45,64317.0
2025-06-27 12:55:00+00:00,613.45,613.56,613.39,613.44,83324.0
2025-06-27 13:00:00+00:00,613.43,613.49,613.2399,613.24,72464.0
2025-06-27 13:05:00+00:00,613.24,613.34,613.08,613.09,69355.0
2025-06-27 13:10:00+00:00,613.11,613.17,612.99,613.01,55007.0
2025-06-27 13:15:00+00:00,613.02,613.28,613.02,613.11,66178.0
2025-06-27 13:20:00+00:00,613.11,613.23,613.08,613.12,30838.0
2025-06-27 13:25:00+00:00,613.14,613.25,612.89,612.9,105172.0
2025-06-27 13:30:00+00:00,612.88,613.33,612.7,613.08,1487329.0
2025-06-27 13:35:00+00:00,613.09,613.65,613.0006,613.595,1133239.0
2025-06-27 13:40:00+00:00,613.61,613.705,613.34,613.6352,714061.0
2025-06-27 13:45:00+00:00,613.635,613.855,613.62,613.81,707377.0
2025-06-27 13:50:00+00:00,613.82,614.17,613.78,614.1648,721770.0
2025-06-27 13:55:00+00:00,614.16,614.6599,614.16,614.36,1113524.0
2025-06-27 14:00:00+00:00,614.37,615.245,614.37,615.1,1156008.0
2025-06-27 14:05:00+00:00,615.11,615.39,614.9,615.0525,1131141.0
2025-06-27 14:10:00+00:00,615.05,615.5,615.045,615.095,973554.0
2025-06-27 14:15:00+00:00,615.08,615.258,614.79,615.01,793643.0
2025-06-27 14:20:00+00:00,615.01,615.335,614.82,614.8499,602700.0
2025-06-27 14:25:00+00:00,614.83,614.945,614.555,614.905,683477.0
2025-06-27 14:30:00+00:00,614.91,614.98,614.6,614.805,514515.0
2025-06-27 14:35:00+00:00,614.81,615.55,614.65,615.2301,2062809.0
2025-06-27 14:40:00+00:00,615.25,615.49,615.125,615.375,524574.0
2025-06-27 14:45:00+00:00,615.38,615.48,615.27,615.39,376182.0
2025-06-27 14:50:00+00:00,615.395,615.43,614.75,615.1099,861332.0
2025-06-27 14:55:00+00:00,615.11,615.12,614.6,614.81,621218.0
2025-06-27 15:00:00+00:00,614.82,615.06,614.6,615.035,486492.0
2025-06-27 15:05:00+00:00,615.035,615.3,614.99,615.16,424444.0
2025-06-27 15:10:00+00:00,615.16,615.38,615.16,615.21,408733.0
2025-06-27 15:15:00+00:00,615.21,615.235,614.84,615.0549,357191.0
2025-06-27 15:20:00+00:00,615.06,615.2788,614.85,615.235,1545236.0
2025-06-27 15:25:00+00:00,615.24,615.39,615.17,615.34,480354.0
2025-06-27 15:30:00+00:00,615.34,615.675,615.3001,615.67,2530923.0
2025-06-27 15:35:00+00:00,615.675,615.93,615.63,615.9,621526.0
2025-06-27 15:40:00+00:00,615.89,616.09,615.8,616.01,746102.0
2025-06-27 15:45:00+00:00,616.01,616.09,615.83,616.0701,586614.0
2025-06-27 15:50:00+00:00,616.08,616.1,615.855,616.02,352163.0
2025-06-27 15:55:00+00:00,616.02,616.07,615.866,615.902,349443.0
2025-06-27 16:00:00+00:00,615.9,615.92,615.69,615.86,547665.0
2025-06-27 16:05:00+00:00,615.865,616.08,615.865,616.04,355037.0
2025-06-27 16:10:00+00:00,616.03,616.24,615.98,616.1651,486853.0
2025-06-27 16:15:00+00:00,616.1887,616.2,615.85,615.93,695057.0
2025-06-27 16:20:00+00:00,615.925,616.12,615.88,616.06,569154.0
2025-06-27 16:25:00+00:00,616.05,616.35,616.0,616.315,431104.0
2025-06-27 16:30:00+00:00,616.315,616.39,616.21,616.31,317167.0
2025-06-27 16:35:00+00:00,616.33,616.33,616.1,616.1953,400582.0
2025-06-27 16:40:00+00:00,616.2,616.2887,615.89,615.975,520106.0
2025-06-27 16:45:00+00:00,615.97,616.06,615.67,615.75,810506.0
2025-06-27 16:50:00+00:00,615.75,615.94,615.645,615.82,761320.0
2025-06-27 16:55:00+00:00,615.82,616.05,615.76,615.97,330076.0
2025-06-27 17:00:00+00:00,615.955,615.955,615.54,615.71,387067.0
2025-06-27 17:05:00+00:00,615.7,615.81,615.655,615.775,390551.0
2025-06-27 17:10:00+00:00,615.78,615.96,615.77,615.9,307537.0
2025-06-27 17:15:00+00:00,615.8999,615.9099,615.54,615.7,221618.0
2025-06-27 17:20:00+00:00,615.695,615.695,615.26,615.4799,544092.0
2025-06-27 17:25:00+00:00,615.47,615.53,615.2999,615.39,318083.0
2025-06-27 17:30:00+00:00,615.4,615.58,615.21,615.22,711869.0
2025-06-27 17:35:00+00:00,615.21,615.41,615.04,615.39,435506.0
2025-06-27 17:40:00+00:00,615.395,615.55,614.29,614.805,1185020.0
2025-06-27 17:45:00+00:00,614.8,614.8,613.59,613.93,2006791.0
2025-06-27 17:50:00+00:00,613.91,614.28,613.58,613.92,999841.0
2025-06-27 17:55:00+00:00,613.9,614.3,613.27,614.155,1242268.0
2025-06-27 18:00:00+00:00,614.16,614.3,613.8,614.02,827942.0
2025-06-27 18:05:00+00:00,614.02,614.38,613.97,614.04,538885.0
2025-06-27 18:10:00+00:00,614.035,614.155,613.42,613.5899,669832.0
2025-06-27 18:15:00+00:00,613.581,613.71,612.755,613.07,942625.0
2025-06-27 18:20:00+00:00,613.07,613.23,612.73,613.05,1062826.0
2025-06-27 18:25:00+00:00,613.06,613.24,612.33,612.33,882671.0
2025-06-27 18:30:00+00:00,612.34,612.57,611.82,612.48,1710028.0
2025-06-27 18:35:00+00:00,612.48,612.6,611.54,611.59,1301564.0
2025-06-27 18:40:00+00:00,611.59,611.75,611.02,611.73,1791054.0
2025-06-27 18:45:00+00:00,611.73,612.24,611.57,611.649,1353996.0
2025-06-27 18:50:00+00:00,611.66,611.67,610.83,611.19,1540325.0
2025-06-27 18:55:00+00:00,611.17,611.33,610.905,611.19,1769188.0
2025-06-27 19:00:00+00:00,611.185,611.7748,611.01,611.72,1175843.0
2025-06-27 19:05:00+00:00,611.72,612.01,611.49,611.78,999265.0
2025-06-27 19:10:00+00:00,611.78,612.33,611.76,612.32,1066692.0
2025-06-27 19:15:00+00:00,612.33,612.44,611.97,612.11,1142753.0
2025-06-27 19:20:00+00:00,612.11,612.515,612.11,612.51,1683791.0
2025-06-27 19:25:00+00:00,612.5,612.71,612.285,612.385,1149086.0
2025-06-27 19:30:00+00:00,612.38,612.77,612.38,612.715,1345724.0
2025-06-27 19:35:00+00:00,612.71,612.94,612.51,612.88,1667653.0
2025-06-27 19:40:00+00:00,612.89,613.245,612.89,613.16,963260.0
2025-06-27 19:45:00+00:00,613.17,613.62,613.06,613.145,1328149.0
2025-06-27 19:50:00+00:00,613.12,614.4,612.99,614.22,3932421.0
2025-06-27 19:55:00+00:00,614.22,615.14,614.19,614.86,7017906.0
2025-06-27 20:00:00+00:00,614.79,614.91,614.2,614.46,1244291.0
2025-06-27 20:05:00+00:00,614.4506,614.59,614.34,614.51,412697.0
2025-06-27 20:10:00+00:00,614.54,614.5989,614.33,614.44,2263637.0
2025-06-27 20:15:00+00:00,614.46,614.55,614.36,614.46,83948.0
2025-06-27 20:20:00+00:00,614.45,614.51,614.3,614.3,345388.0
2025-06-27 20:25:00+00:00,614.3,614.38,614.19,614.28,71406.0
2025-06-27 20:30:00+00:00,614.28,614.61,614.28,614.49,56085.0
2025-06-27 20:35:00+00:00,614.48,614.5,614.3713,614.49,24447.0
2025-06-27 20:40:00+00:00,614.46,614.51,614.37,614.37,25278.0
2025-06-27 20:45:00+00:00,614.38,614.49,614.28,614.49,39692.0
2025-06-27 20:50:00+00:00,614.5499,614.68,614.43,614.6,43843.0
2025-06-27 20:55:00+00:00,614.5,614.61,614.44,614.61,14866.0
2025-06-27 21:00:00+00:00,614.62,614.62,614.4002,614.45,4343.0
2025-06-27 21:05:00+00:00,614.43,614.5,614.3059,614.5,11362.0
2025-06-27 21:10:00+00:00,614.5,614.5,614.47,614.49,5929.0
2025-06-27 21:15:00+00:00,614.5,614.51,614.3,614.47,13001.0
2025-06-27 21:20:00+00:00,614.47,614.51,614.47,614.5,16046.0
2025-06-27 21:25:00+00:00,614.51,614.51,614.4,614.4,10190.0
2025-06-27 21:30:00+00:00,614.38,614.38,614.31,614.31,5904.0
2025-06-27 21:35:00+00:00,614.3,614.35,614.2,614.2,9932.0
2025-06-27 21:40:00+00:00,614.24,614.2484,614.2,614.2,4293.0
2025-06-27 21:45:00+00:00,614.2403,614.2403,614.2403,614.2403,1349.0
2025-06-27 21:50:00+00:00,614.26,614.26,614.12,614.12,17966.0
2025-06-27 21:55:00+00:00,614.1601,614.25,614.1601,614.24,719.0
2025-06-27 22:00:00+00:00,614.23,614.25,614.22,614.23,1926.0
2025-06-27 22:05:00+00:00,614.2496,614.25,614.24,614.25,1735.0
2025-06-27 22:10:00+00:00,614.3928,614.3928,614.28,614.28,1586.0
2025-06-27 22:15:00+00:00,614.29,614.29,614.16,614.24,4971.0
2025-06-27 22:20:00+00:00,614.21,614.34,614.15,614.19,3016.0
2025-06-27 22:25:00+00:00,614.2,614.2,614.1,614.1,10803.0
2025-06-27 22:30:00+00:00,614.1,614.1,613.81,613.81,48566.0
2025-06-27 22:35:00+00:00,613.81,613.88,613.5101,613.5101,13157.0
2025-06-27 22:40:00+00:00,613.59,613.59,613.4,613.4,22473.0
2025-06-27 22:45:00+00:00,613.4,613.48,613.29,613.48,27622.0
2025-06-27 22:50:00+00:00,613.49,613.49,613.39,613.39,25494.0
2025-06-27 22:55:00+00:00,613.35,613.37,613.18,613.2,22301.0
2025-06-27 23:00:00+00:00,613.2,613.23,612.86,612.92,35877.0
2025-06-27 23:05:00+00:00,613.01,613.175,613.01,613.07,2705.0
2025-06-27 23:10:00+00:00,613.14,613.2351,613.12,613.22,5492.0
2025-06-27 23:15:00+00:00,613.16,613.3299,613.16,613.2,6244.0
2025-06-27 23:20:00+00:00,613.18,613.27,613.18,613.26,3307.0
2025-06-27 23:25:00+00:00,613.27,613.5491,613.2601,613.33,12408.0
2025-06-27 23:30:00+00:00,613.27,613.4999,613.27,613.44,8007.0
2025-06-27 23:35:00+00:00,613.4315,613.4875,613.18,613.35,4155.0
2025-06-27 23:40:00+00:00,613.34,613.4105,613.34,613.4105,4400.0
2025-06-27 23:45:00+00:00,613.47,613.58,613.422,613.58,8324.0
2025-06-27 23:50:00+00:00,613.5417,613.64,613.5417,613.59,4121.0
2025-06-27 23:55:00+00:00,613.5,613.57,613.29,613.43,13823.0
2025-06-30 08:00:00+00:00,617.33,617.34,617.03,617.34,13192.0
2025-06-30 08:05:00+00:00,617.32,617.39,617.32,617.36,2739.0
2025-06-30 08:10:00+00:00,617.41,617.5,617.4,617.5,13635.0
2025-06-30 08:15:00+00:00,617.56,617.57,617.49,617.49,1580.0
2025-06-30 08:20:00+00:00,617.39,617.39,617.24,617.31,2400.0
2025-06-30 08:25:00+00:00,617.25,617.28,617.25,617.28,492.0
2025-06-30 08:30:00+00:00,617.26,617.26,617.12,617.12,1613.0
2025-06-30 08:35:00+00:00,617.22,617.26,617.21,617.21,2768.0
2025-06-30 08:40:00+00:00,617.32,617.32,617.2,617.2,1558.0
2025-06-30 08:45:00+00:00,617.24,617.3,617.22,617.22,2329.0
2025-06-30 08:55:00+00:00,617.23,617.25,617.21,617.24,2357.0
2025-06-30 09:00:00+00:00,617.23,617.23,617.08,617.1,2388.0
2025-06-30 09:05:00+00:00,617.28,617.35,617.28,617.35,840.0
2025-06-30 09:10:00+00:00,617.29,617.3,617.2,617.3,12215.0
2025-06-30 09:15:00+00:00,617.35,617.47,617.35,617.44,2859.0
2025-06-30 09:20:00+00:00,617.4,617.42,617.36,617.4,4740.0
2025-06-30 09:25:00+00:00,617.43,617.63,617.43,617.63,8303.0
2025-06-30 09:30:00+00:00,617.64,617.8,617.64,617.72,15121.0
2025-06-30 09:35:00+00:00,617.69,617.85,617.69,617.84,5091.0
2025-06-30 09:40:00+00:00,617.8,617.8,617.67,617.67,4364.0
2025-06-30 09:45:00+00:00,617.59,617.59,617.31,617.33,4414.0
2025-06-30 09:50:00+00:00,617.3,617.3,617.16,617.3,17589.0
2025-06-30 09:55:00+00:00,617.3,617.3,617.25,617.28,1602.0
2025-06-30 10:00:00+00:00,617.31,617.31,617.24,617.29,8452.0
2025-06-30 10:05:00+00:00,617.33,617.41,617.31,617.39,3577.0
2025-06-30 10:10:00+00:00,617.5,617.65,617.5,617.6,14590.0
2025-06-30 10:15:00+00:00,617.6,617.63,617.58,617.63,4057.0
2025-06-30 10:20:00+00:00,617.65,617.68,617.65,617.67,1595.0
2025-06-30 10:25:00+00:00,617.66,617.69,617.65,617.67,1748.0
2025-06-30 10:30:00+00:00,617.66,617.66,617.61,617.61,357.0
2025-06-30 10:35:00+00:00,617.59,617.71,617.59,617.7,5391.0
2025-06-30 10:40:00+00:00,617.73,617.74,617.66,617.69,6991.0
2025-06-30 10:45:00+00:00,617.64,617.66,617.58,617.61,4201.0
2025-06-30 10:50:00+00:00,617.61,617.615,617.5,617.61,9425.0
2025-06-30 10:55:00+00:00,617.6,617.65,617.56,617.58,16511.0
2025-06-30 11:00:00+00:00,617.58,617.631,617.44,617.44,17320.0
2025-06-30 11:05:00+00:00,617.44,617.59,617.42,617.59,5446.0
2025-06-30 11:10:00+00:00,617.57,617.65,617.54,617.64,14373.0
2025-06-30 11:15:00+00:00,617.65,617.78,617.6,617.75,20149.0
2025-06-30 11:20:00+00:00,617.76,617.86,617.69,617.81,19483.0
2025-06-30 11:25:00+00:00,617.79,617.85,617.74,617.83,7933.0
2025-06-30 11:30:00+00:00,617.805,617.83,617.68,617.68,14313.0
2025-06-30 11:35:00+00:00,617.69,617.69,617.45,617.48,34001.0
2025-06-30 11:40:00+00:00,617.5,617.71,617.5,617.69,15961.0
2025-06-30 11:45:00+00:00,617.75,617.86,617.721,617.85,31574.0
2025-06-30 11:50:00+00:00,617.87,617.87,617.61,617.61,10957.0
2025-06-30 11:55:00+00:00,617.63,617.64,617.47,617.52,20900.0
2025-06-30 12:00:00+00:00,617.74,617.9,617.0,617.43,125461.0
2025-06-30 12:05:00+00:00,617.49,617.59,617.4702,617.5501,11716.0
2025-06-30 12:10:00+00:00,617.51,617.58,617.49,617.55,26008.0
2025-06-30 12:15:00+00:00,617.51,617.56,617.38,617.54,26048.0
2025-06-30 12:20:00+00:00,617.5,617.53,617.2,617.28,56922.0
2025-06-30 12:25:00+00:00,617.3,617.32,617.19,617.32,39609.0
2025-06-30 12:30:00+00:00,617.3,617.32,617.02,617.13,53045.0
2025-06-30 12:35:00+00:00,617.13,617.21,616.96,617.03,49186.0
2025-06-30 12:40:00+00:00,617.01,617.07,616.96,617.07,22494.0
2025-06-30 12:45:00+00:00,617.09,617.0999,616.93,616.93,32439.0
2025-06-30 12:50:00+00:00,616.93,617.0801,616.79,616.98,64468.0
2025-06-30 12:55:00+00:00,617.03,617.14,616.89,617.09,39849.0
2025-06-30 13:00:00+00:00,617.07,617.25,617.07,617.22,41204.0
2025-06-30 13:05:00+00:00,617.24,617.27,617.04,617.22,35310.0
2025-06-30 13:10:00+00:00,617.22,617.349,617.17,617.27,41820.0
2025-06-30 13:15:00+00:00,617.25,617.46,617.21,617.45,55168.0
2025-06-30 13:20:00+00:00,617.47,617.62,617.47,617.47,71584.0
2025-06-30 13:25:00+00:00,617.46,617.55,617.33,617.39,60499.0
2025-06-30 13:30:00+00:00,617.38,617.49,616.4593,616.66,2206145.0
2025-06-30 13:35:00+00:00,616.66,616.91,616.19,616.75,1354562.0
2025-06-30 13:40:00+00:00,616.745,616.775,616.24,616.39,809902.0
2025-06-30 13:45:00+00:00,616.41,616.72,615.96,616.17,918419.0
2025-06-30 13:50:00+00:00,616.18,616.65,616.11,616.35,1042304.0
2025-06-30 13:55:00+00:00,616.35,616.69,616.29,616.433,809074.0
2025-06-30 14:00:00+00:00,616.44,616.65,616.3,616.48,860813.0
2025-06-30 14:05:00+00:00,616.49,616.585,616.11,616.39,951062.0
2025-06-30 14:10:00+00:00,616.38,616.78,616.34,616.62,758492.0
2025-06-30 14:15:00+00:00,616.63,616.82,616.33,616.63,772407.0
2025-06-30 14:20:00+00:00,616.63,616.6391,615.93,616.345,869460.0
2025-06-30 14:25:00+00:00,616.33,616.73,616.15,616.7,653028.0
2025-06-30 14:30:00+00:00,616.7,616.775,616.3,616.35,423153.0
2025-06-30 14:35:00+00:00,616.36,616.37,615.79,615.91,750156.0
2025-06-30 14:40:00+00:00,615.89,616.25,615.688,615.9093,604625.0
2025-06-30 14:45:00+00:00,615.9,616.21,615.7219,616.145,603072.0
2025-06-30 14:50:00+00:00,616.1548,616.155,615.845,615.96,470323.0
2025-06-30 14:55:00+00:00,615.9799,616.15,615.922,616.01,419102.0
2025-06-30 15:00:00+00:00,616.01,616.3,615.815,616.26,1000963.0
2025-06-30 15:05:00+00:00,616.26,616.59,616.252,616.56,659774.0
2025-06-30 15:10:00+00:00,616.56,616.575,615.82,615.965,909497.0
2025-06-30 15:15:00+00:00,615.965,616.01,615.71,615.871,741091.0
2025-06-30 15:20:00+00:00,615.87,616.115,615.79,616.1,1963164.0
2025-06-30 15:25:00+00:00,616.1,616.34,616.025,616.205,1128486.0
2025-06-30 15:30:00+00:00,616.21,616.7,616.1,616.63,911801.0
2025-06-30 15:35:00+00:00,616.63,616.73,616.51,616.69,469480.0
2025-06-30 15:40:00+00:00,616.685,616.84,616.475,616.7548,392673.0
2025-06-30 15:45:00+00:00,616.76,616.92,616.63,616.8279,430340.0
2025-06-30 15:50:00+00:00,616.83,616.925,616.67,616.695,521817.0
2025-06-30 15:55:00+00:00,616.695,616.73,616.39,616.465,631691.0
2025-06-30 16:00:00+00:00,616.47,616.82,616.465,616.82,511054.0
2025-06-30 16:05:00+00:00,616.83,616.895,616.7001,616.89,322671.0
2025-06-30 16:10:00+00:00,616.89,616.9,616.63,616.67,308872.0
2025-06-30 16:15:00+00:00,616.6701,616.86,616.11,616.285,389182.0
2025-06-30 16:20:00+00:00,616.285,616.37,616.17,616.23,302268.0
2025-06-30 16:25:00+00:00,616.23,616.41,616.195,616.2551,359627.0
2025-06-30 16:30:00+00:00,616.24,616.65,616.195,616.639,474662.0
2025-06-30 16:35:00+00:00,616.635,616.81,616.57,616.72,582334.0
2025-06-30 16:40:00+00:00,616.72,617.105,616.72,616.93,595687.0
2025-06-30 16:45:00+00:00,616.93,617.13,616.92,617.0,379158.0
2025-06-30 16:50:00+00:00,617.0,617.1,616.87,616.98,421302.0
2025-06-30 16:55:00+00:00,616.98,617.0552,616.5792,616.64,388967.0
2025-06-30 17:00:00+00:00,616.64,616.82,616.5252,616.57,349746.0
2025-06-30 17:05:00+00:00,616.57,616.62,616.35,616.58,717212.0
2025-06-30 17:10:00+00:00,616.585,616.7299,616.47,616.49,489279.0
2025-06-30 17:15:00+00:00,616.48,616.565,616.32,616.43,905607.0
2025-06-30 17:20:00+00:00,616.435,616.5,616.23,616.375,455360.0
2025-06-30 17:25:00+00:00,616.37,616.57,616.22,616.515,463687.0
2025-06-30 17:30:00+00:00,616.515,616.565,616.071,616.1398,640670.0
2025-06-30 17:35:00+00:00,616.125,616.28,615.965,616.135,427904.0
2025-06-30 17:40:00+00:00,616.135,616.2899,615.94,616.01,1126137.0
2025-06-30 17:45:00+00:00,616.025,616.205,615.97,616.1093,403069.0
2025-06-30 17:50:00+00:00,616.1,616.2799,616.0,616.095,491684.0
2025-06-30 17:55:00+00:00,616.09,616.64,615.04,615.84,1691847.0
2025-06-30 18:00:00+00:00,615.847,616.28,615.8,616.105,848804.0
2025-06-30 18:05:00+00:00,616.12,616.44,615.85,615.945,1013572.0
2025-06-30 18:10:00+00:00,615.95,615.995,615.63,615.97,1361285.0
2025-06-30 18:15:00+00:00,615.96,616.2599,615.92,616.1025,448286.0
2025-06-30 18:20:00+00:00,616.105,616.4149,616.1049,616.26,661625.0
2025-06-30 18:25:00+00:00,616.28,616.31,616.03,616.045,329956.0
2025-06-30 18:30:00+00:00,616.04,616.11,615.5708,615.72,691855.0
2025-06-30 18:35:00+00:00,615.725,615.83,615.6,615.705,559145.0
2025-06-30 18:40:00+00:00,615.7,615.83,615.32,615.71,953508.0
2025-06-30 18:45:00+00:00,615.71,616.1402,615.705,615.93,1096006.0
2025-06-30 18:50:00+00:00,615.92,616.29,615.91,616.27,709535.0
2025-06-30 18:55:00+00:00,616.27,616.94,616.265,616.93,1343826.0
2025-06-30 19:00:00+00:00,616.935,617.24,616.91,617.22,1026546.0
2025-06-30 19:05:00+00:00,617.21,617.37,616.98,617.18,1252369.0
2025-06-30 19:10:00+00:00,617.18,617.45,617.0624,617.29,1253029.0
2025-06-30 19:15:00+00:00,617.3,617.3,616.975,617.175,1452698.0
2025-06-30 19:20:00+00:00,617.17,617.815,617.145,617.742,1617085.0
2025-06-30 19:25:00+00:00,617.74,618.25,617.73,617.9,1616282.0
2025-06-30 19:30:00+00:00,617.9,618.04,617.6,617.98,1862279.0
2025-06-30 19:35:00+00:00,617.97,618.1,617.4,617.55,1909195.0
2025-06-30 19:40:00+00:00,617.56,618.13,617.54,617.82,2024015.0
2025-06-30 19:45:00+00:00,617.82,618.53,617.71,618.33,2640320.0
2025-06-30 19:50:00+00:00,618.32,619.22,618.03,619.0501,5351695.0
2025-06-30 19:55:00+00:00,619.06,619.13,617.8,617.88,7664833.0
2025-06-30 20:00:00+00:00,617.91,618.17,617.72,617.78,1698063.0
2025-06-30 20:05:00+00:00,617.78,617.95,617.66,617.71,310660.0
2025-06-30 20:10:00+00:00,617.69,618.1285,617.12,617.3396,6956645.0
2025-06-30 20:15:00+00:00,617.32,617.51,617.24,617.42,129917.0
2025-06-30 20:20:00+00:00,617.401,618.1276,617.27,617.3,114429.0
2025-06-30 20:25:00+00:00,617.27,617.4796,617.21,617.44,20744.0
2025-06-30 20:30:00+00:00,617.45,617.6,617.42,617.59,69083.0
2025-06-30 20:35:00+00:00,617.63,617.63,617.53,617.58,11319.0
2025-06-30 20:40:00+00:00,617.598,617.66,617.51,617.55,70696.0
2025-06-30 20:45:00+00:00,617.56,617.6,617.38,617.45,27199.0
2025-06-30 20:50:00+00:00,617.5,617.51,617.3612,617.3612,32441.0
2025-06-30 20:55:00+00:00,617.41,617.47,617.3,617.3,42649.0
2025-06-30 21:00:00+00:00,617.32,617.32,617.22,617.2675,4407.0
2025-06-30 21:05:00+00:00,617.22,617.4195,617.22,617.4195,34586.0
2025-06-30 21:10:00+00:00,617.3,617.35,617.25,617.25,4070.0
2025-06-30 21:15:00+00:00,617.33,617.35,617.32,617.32,6267.0
2025-06-30 21:20:00+00:00,617.33,617.33,617.32,617.33,1440.0
2025-06-30 21:25:00+00:00,617.35,617.35,617.34,617.34,3923.0
2025-06-30 21:30:00+00:00,617.35,617.43,617.35,617.42,2306.0
2025-06-30 21:35:00+00:00,617.4,617.4,617.4,617.4,213.0
2025-06-30 21:40:00+00:00,617.34,617.37,617.34,617.3692,1902.0
2025-06-30 21:45:00+00:00,617.34,617.35,617.2157,617.2699,5323.0
2025-06-30 21:50:00+00:00,617.26,617.4,617.26,617.4,1739.0
2025-06-30 21:55:00+00:00,617.399,617.42,617.27,617.4,5733.0
2025-06-30 22:00:00+00:00,617.27,617.51,617.16,617.5,45812.0
2025-06-30 22:05:00+00:00,617.51,617.58,617.5,617.58,7412.0
2025-06-30 22:10:00+00:00,617.68,617.68,617.58,617.65,1530.0
2025-06-30 22:15:00+00:00,617.65,617.65,617.5,617.5,22819.0
2025-06-30 22:20:00+00:00,617.52,617.6,617.52,617.6,1253.0
2025-06-30 22:25:00+00:00,617.41,617.55,617.41,617.55,1038.0
2025-06-30 22:30:00+00:00,617.58,617.6,617.5799,617.6,1122.0
2025-06-30 22:35:00+00:00,617.45,617.45,617.44,617.44,1003.0
2025-06-30 22:40:00+00:00,617.4001,617.4001,617.33,617.33,521.0
2025-06-30 22:45:00+00:00,617.34,617.35,617.34,617.35,812.0
2025-06-30 22:50:00+00:00,617.3,617.3,617.25,617.25,3239.0
2025-06-30 22:55:00+00:00,617.2,617.2,617.05,617.05,3484.0
2025-06-30 23:00:00+00:00,617.14,617.25,617.14,617.24,2900.0
2025-06-30 23:05:00+00:00,617.24,617.24,617.22,617.22,2364.0
2025-06-30 23:10:00+00:00,617.23,617.28,617.23,617.24,2330.0
2025-06-30 23:15:00+00:00,617.32,617.32,617.32,617.32,504.0
2025-06-30 23:20:00+00:00,617.27,617.28,617.2,617.28,940.0
2025-06-30 23:25:00+00:00,617.28,617.28,617.07,617.07,2112.0
2025-06-30 23:30:00+00:00,617.05,617.1599,616.94,617.1599,7646.0
2025-06-30 23:35:00+00:00,617.21,617.56,617.13,617.45,7884.0
2025-06-30 23:40:00+00:00,617.47,617.66,617.46,617.66,3356.0
2025-06-30 23:45:00+00:00,617.59,617.66,617.59,617.66,814.0
2025-06-30 23:50:00+00:00,617.666,617.779,617.666,617.76,4361.0
2025-06-30 23:55:00+00:00,617.76,617.77,617.6204,617.71,7367.0
2025-07-01 08:00:00+00:00,617.03,617.23,616.68,616.82,19633.0
2025-07-01 08:05:00+00:00,616.69,616.93,616.67,616.93,30649.0
2025-07-01 08:10:00+00:00,616.94,617.01,616.86,616.86,42200.0
2025-07-01 08:15:00+00:00,616.97,617.0,616.97,617.0,1583.0
2025-07-01 08:20:00+00:00,616.95,617.22,616.95,617.22,2521.0
2025-07-01 08:25:00+00:00,617.21,617.24,617.17,617.18,1715.0
2025-07-01 08:30:00+00:00,617.31,617.43,617.3,617.43,2171.0
2025-07-01 08:35:00+00:00,617.46,617.46,617.1,617.14,3380.0
2025-07-01 08:40:00+00:00,617.08,617.09,616.86,616.88,8777.0
2025-07-01 08:45:00+00:00,617.03,617.03,617.0,617.0,1029.0
2025-07-01 08:50:00+00:00,617.19,617.23,617.08,617.13,9948.0
2025-07-01 08:55:00+00:00,617.2,617.2,617.12,617.12,1550.0
2025-07-01 09:00:00+00:00,617.2,617.21,617.1,617.1,1572.0
2025-07-01 09:05:00+00:00,617.12,617.12,616.88,616.9,7568.0
2025-07-01 09:10:00+00:00,616.81,616.81,616.69,616.69,3972.0
2025-07-01 09:15:00+00:00,616.74,616.99,616.68,616.99,9134.0
2025-07-01 09:20:00+00:00,616.94,616.97,616.92,616.97,882.0
2025-07-01 09:25:00+00:00,616.97,616.97,616.86,616.86,2168.0
2025-07-01 09:30:00+00:00,616.79,616.83,616.64,616.78,2529.0
2025-07-01 09:35:00+00:00,616.86,616.87,616.76,616.76,3408.0
2025-07-01 09:40:00+00:00,616.81,616.81,616.74,616.74,1270.0
2025-07-01 09:45:00+00:00,616.73,616.73,616.41,616.57,9271.0
2025-07-01 09:50:00+00:00,616.52,616.58,616.5,616.57,3243.0
2025-07-01 09:55:00+00:00,616.75,616.95,616.75,616.95,5844.0
2025-07-01 10:00:00+00:00,617.0,617.08,616.92,616.95,2701.0
2025-07-01 10:05:00+00:00,616.95,617.04,616.95,617.04,1193.0
2025-07-01 10:10:00+00:00,617.07,617.07,616.98,617.0,1918.0
2025-07-01 10:15:00+00:00,617.03,617.03,617.03,617.03,1508.0
2025-07-01 10:20:00+00:00,616.98,616.98,616.93,616.94,1406.0
2025-07-01 10:25:00+00:00,616.82,616.82,616.82,616.82,1100.0
2025-07-01 10:30:00+00:00,616.75,616.75,616.73,616.73,1295.0
2025-07-01 10:35:00+00:00,616.74,616.79,616.7,616.79,692.0
2025-07-01 10:40:00+00:00,616.75,616.77,616.7,616.7,1797.0
2025-07-01 10:45:00+00:00,616.76,616.76,616.72,616.73,1403.0
2025-07-01 10:50:00+00:00,616.74,616.79,616.72,616.72,2099.0
2025-07-01 10:55:00+00:00,616.68,616.97,616.67,616.97,2555.0
2025-07-01 11:00:00+00:00,616.96,617.14,616.91,617.05,15735.0
2025-07-01 11:05:00+00:00,617.08,617.12,616.99,617.02,12905.0
2025-07-01 11:10:00+00:00,616.94,617.04,616.94,616.99,7646.0
2025-07-01 11:15:00+00:00,617.01,617.11,616.8,616.85,12199.0
2025-07-01 11:20:00+00:00,616.84,617.05,616.84,616.94,2535.0
2025-07-01 11:25:00+00:00,616.99,617.01,616.88,616.97,3669.0
2025-07-01 11:30:00+00:00,617.09,617.1,617.02,617.1,4643.0
2025-07-01 11:35:00+00:00,617.121,617.13,617.04,617.05,7639.0
2025-07-01 11:40:00+00:00,617.0,617.01,616.93,616.99,11035.0
2025-07-01 11:45:00+00:00,616.96,617.02,616.9,617.02,9197.0
2025-07-01 11:50:00+00:00,616.95,616.95,616.79,616.79,7841.0
2025-07-01 11:55:00+00:00,616.77,616.98,616.56,616.91,24184.0
2025-07-01 12:00:00+00:00,616.94,617.51,616.61,616.86,102664.0
2025-07-01 12:05:00+00:00,616.88,616.93,616.43,616.48,13805.0
2025-07-01 12:10:00+00:00,616.45,616.55,616.26,616.27,40207.0
2025-07-01 12:15:00+00:00,616.27,616.319,616.09,616.1013,47564.0
2025-07-01 12:20:00+00:00,616.15,616.16,615.83,615.92,25780.0
2025-07-01 12:25:00+00:00,615.86,615.87,615.52,615.87,52262.0
2025-07-01 12:30:00+00:00,615.87,616.34,615.87,616.34,26280.0
2025-07-01 12:35:00+00:00,616.3,616.45,615.86,615.92,43102.0
2025-07-01 12:40:00+00:00,615.9199,616.06,615.81,616.0,30433.0
2025-07-01 12:45:00+00:00,616.07,616.3281,616.03,616.1797,26822.0
2025-07-01 12:50:00+00:00,616.17,616.34,616.1,616.32,24603.0
2025-07-01 12:55:00+00:00,616.36,616.38,616.19,616.22,32396.0
2025-07-01 13:00:00+00:00,616.22,616.45,616.1905,616.39,49285.0
2025-07-01 13:05:00+00:00,616.4,616.6292,616.34,616.58,49162.0
2025-07-01 13:10:00+00:00,616.64,616.64,616.485,616.56,22539.0
2025-07-01 13:15:00+00:00,616.51,616.58,616.1007,616.15,35123.0
2025-07-01 13:20:00+00:00,616.121,616.28,616.05,616.22,18720.0
2025-07-01 13:25:00+00:00,616.25,616.42,616.15,616.36,50680.0
2025-07-01 13:30:00+00:00,616.36,616.9,616.255,616.59,1446580.0
2025-07-01 13:35:00+00:00,616.6,616.88,616.44,616.78,898546.0
2025-07-01 13:40:00+00:00,616.77,616.91,616.38,616.62,707302.0
2025-07-01 13:45:00+00:00,616.64,617.35,616.6,617.29,1036985.0
2025-07-01 13:50:00+00:00,617.285,617.74,617.23,617.585,1149924.0
2025-07-01 13:55:00+00:00,617.58,617.6,617.1201,617.27,583545.0
2025-07-01 14:00:00+00:00,617.23,617.59,616.87,617.22,904562.0
2025-07-01 14:05:00+00:00,617.21,617.53,617.0748,617.12,919832.0
2025-07-01 14:10:00+00:00,617.13,617.8,616.8599,617.69,959526.0
2025-07-01 14:15:00+00:00,617.68,618.065,617.61,617.83,834811.0
2025-07-01 14:20:00+00:00,617.83,617.845,617.02,617.23,994058.0
2025-07-01 14:25:00+00:00,617.24,617.375,616.75,617.12,847485.0
2025-07-01 14:30:00+00:00,617.1,617.61,616.905,616.95,1308804.0
2025-07-01 14:35:00+00:00,616.94,617.23,616.66,616.75,756372.0
2025-07-01 14:40:00+00:00,616.74,616.8478,616.51,616.64,992109.0
2025-07-01 14:45:00+00:00,616.64,616.705,616.13,616.46,922253.0
2025-07-01 14:50:00+00:00,616.45,616.61,616.29,616.59,684501.0
2025-07-01 14:55:00+00:00,616.61,616.74,616.28,616.5011,739647.0
2025-07-01 15:00:00+00:00,616.51,617.1499,616.2913,617.135,862597.0
2025-07-01 15:05:00+00:00,617.125,617.245,615.85,616.18,1221720.0
2025-07-01 15:10:00+00:00,616.19,616.26,615.52,615.7319,1430232.0
2025-07-01 15:15:00+00:00,615.73,616.37,615.57,616.311,851721.0
2025-07-01 15:20:00+00:00,616.32,616.925,616.24,616.8687,807165.0
2025-07-01 15:25:00+00:00,616.86,617.4901,616.85,617.28,1014613.0
2025-07-01 15:30:00+00:00,617.27,617.49,617.07,617.3041,646809.0
2025-07-01 15:35:00+00:00,617.31,617.41,616.64,616.715,606807.0
2025-07-01 15:40:00+00:00,616.7,616.75,616.08,616.31,721607.0
2025-07-01 15:45:00+00:00,616.3,616.66,616.21,616.4,560679.0
2025-07-01 15:50:00+00:00,616.4,617.005,616.31,616.885,538910.0
2025-07-01 15:55:00+00:00,616.89,616.99,616.7602,616.94,658858.0
2025-07-01 16:00:00+00:00,616.96,617.2,616.74,616.8,578455.0
2025-07-01 16:05:00+00:00,616.79,617.28,616.71,617.23,525388.0
2025-07-01 16:10:00+00:00,617.23,618.09,617.13,617.975,1103709.0
2025-07-01 16:15:00+00:00,617.98,618.1,617.515,617.69,819753.0
2025-07-01 16:20:00+00:00,617.6852,617.7499,617.21,617.5401,539713.0
2025-07-01 16:25:00+00:00,617.55,617.6,617.24,617.32,422320.0
2025-07-01 16:30:00+00:00,617.32,617.6288,617.105,617.6099,411265.0
2025-07-01 16:35:00+00:00,617.6,617.79,617.47,617.6,350209.0
2025-07-01 16:40:00+00:00,617.59,617.64,617.33,617.5,393982.0
2025-07-01 16:45:00+00:00,617.5,617.72,617.05,617.62,552474.0
2025-07-01 16:50:00+00:00,617.62,618.135,617.51,617.935,703633.0
2025-07-01 16:55:00+00:00,617.94,617.9901,617.08,617.09,544742.0
2025-07-01 17:00:00+00:00,617.09,617.305,617.0,617.2532,571169.0
2025-07-01 17:05:00+00:00,617.25,617.75,617.1899,617.655,465181.0
2025-07-01 17:10:00+00:00,617.6552,618.04,617.57,617.84,484176.0
2025-07-01 17:15:00+00:00,617.835,618.0401,617.67,617.955,723760.0
2025-07-01 17:20:00+00:00,617.942,618.205,617.7,618.0709,508560.0
2025-07-01 17:25:00+00:00,618.075,618.2599,617.86,618.075,422861.0
2025-07-01 17:30:00+00:00,618.08,618.195,617.76,617.87,318302.0
2025-07-01 17:35:00+00:00,617.88,618.08,617.85,618.05,301169.0
2025-07-01 17:40:00+00:00,618.08,618.28,617.97,618.275,335245.0
2025-07-01 17:45:00+00:00,618.27,618.335,618.09,618.21,399563.0
2025-07-01 17:50:00+00:00,618.21,618.83,618.15,618.575,1174385.0
2025-07-01 17:55:00+00:00,618.57,618.63,618.41,618.568052,446420.0
2025-07-01 18:00:00+00:00,618.57,618.6993,618.25,618.25,536978.0
2025-07-01 18:05:00+00:00,618.26,618.59,618.1907,618.45,728815.0
2025-07-01 18:10:00+00:00,618.45,618.4699,618.26,618.33,518030.0
2025-07-01 18:15:00+00:00,618.315,618.47,617.9193,618.15,765520.0
2025-07-01 18:20:00+00:00,618.14,618.2186,617.985,618.1391,421882.0
2025-07-01 18:25:00+00:00,618.145,618.22,617.9602,618.01,421457.0
2025-07-01 18:30:00+00:00,618.01,618.49,617.94,618.405,893942.0
2025-07-01 18:35:00+00:00,618.41,618.51,618.08,618.23,473077.0
2025-07-01 18:40:00+00:00,618.2301,618.445,618.17,618.315,393991.0
2025-07-01 18:45:00+00:00,618.315,618.48,618.24,618.33,390553.0
2025-07-01 18:50:00+00:00,618.33,618.45,618.23,618.39,469675.0
2025-07-01 18:55:00+00:00,618.39,618.4499,617.91,617.96,641236.0
2025-07-01 19:00:00+00:00,617.95,617.96,616.7,617.51,2416427.0
2025-07-01 19:05:00+00:00,617.52,617.6,617.04,617.3,840370.0
2025-07-01 19:10:00+00:00,617.31,617.6,617.04,617.49,933445.0
2025-07-01 19:15:00+00:00,617.49,618.015,617.49,617.95,842944.0
2025-07-01 19:20:00+00:00,617.95,618.2802,617.8531,618.26,853640.0
2025-07-01 19:25:00+00:00,618.25,618.37,618.07,618.365,694560.0
2025-07-01 19:30:00+00:00,618.37,618.42,617.82,617.915,704527.0
2025-07-01 19:35:00+00:00,617.91,617.97,617.58,617.69,835210.0
2025-07-01 19:40:00+00:00,617.68,618.12,617.65,618.0999,1082132.0
2025-07-01 19:45:00+00:00,618.11,618.72,618.0977,618.48,1402143.0
2025-07-01 19:50:00+00:00,618.48,618.67,617.7887,617.95,2472456.0
2025-07-01 19:55:00+00:00,617.94,618.0381,617.43,617.56,3861655.0
2025-07-01 20:00:00+00:00,617.59,617.65,617.22,617.3675,1174725.0
2025-07-01 20:05:00+00:00,617.35,617.39,617.2,617.3,354474.0
2025-07-01 20:10:00+00:00,617.27,617.27,617.07,617.15,2404533.0
2025-07-01 20:15:00+00:00,617.18,617.33,616.859,617.3,40291.0
2025-07-01 20:20:00+00:00,617.3,617.37,617.25,617.25,34504.0
2025-07-01 20:25:00+00:00,617.28,617.37,617.28,617.37,69799.0
2025-07-01 20:30:00+00:00,617.37,617.5099,617.36,617.4101,75210.0
2025-07-01 20:35:00+00:00,617.43,617.5,617.37,617.49,13931.0
2025-07-01 20:40:00+00:00,617.47,617.55,617.4394,617.46,26925.0
2025-07-01 20:45:00+00:00,617.42,617.6,617.42,617.48,142436.0
2025-07-01 20:50:00+00:00,617.46,617.46,617.4,617.44,13996.0
2025-07-01 20:55:00+00:00,617.47,617.47,617.32,617.45,2417.0
2025-07-01 21:00:00+00:00,617.45,617.6396,617.45,617.6396,679.0
2025-07-01 21:05:00+00:00,617.4,617.55,617.4,617.49,2415.0
2025-07-01 21:10:00+00:00,617.54,617.54,617.35,617.35,3210.0
2025-07-01 21:15:00+00:00,617.36,617.36,617.35,617.36,1121.0
2025-07-01 21:20:00+00:00,617.36,617.4,617.36,617.4,499.0
2025-07-01 21:25:00+00:00,617.3505,617.37,617.35,617.36,5399.0
2025-07-01 21:30:00+00:00,617.35,617.35,617.35,617.35,365.0
2025-07-01 21:35:00+00:00,617.3,617.3,617.21,617.21,1160.0
2025-07-01 21:40:00+00:00,617.25,617.29,617.21,617.29,7026.0
2025-07-01 21:45:00+00:00,617.26,617.33,617.26,617.31,2279.0
2025-07-01 21:50:00+00:00,617.3,617.36,617.3,617.36,3367.0
2025-07-01 21:55:00+00:00,617.34,617.39,617.34,617.39,1967.0
2025-07-01 22:00:00+00:00,617.39,617.7,617.3,617.7,29127.0
2025-07-01 22:05:00+00:00,617.66,617.68,617.6,617.68,6321.0
2025-07-01 22:10:00+00:00,617.6794,617.6794,617.45,617.6,12310.0
2025-07-01 22:15:00+00:00,617.67,617.77,617.6501,617.7,13648.0
2025-07-01 22:20:00+00:00,617.72,617.8,617.58,617.5801,6941.0
2025-07-01 22:25:00+00:00,617.57,617.65,617.57,617.65,5478.0
2025-07-01 22:30:00+00:00,617.5413,617.76,617.5413,617.75,3883.0
2025-07-01 22:35:00+00:00,617.7696,617.8,617.74,617.76,2130.0
2025-07-01 22:40:00+00:00,617.76,618.0,617.75,618.0,6861.0
2025-07-01 22:45:00+00:00,617.9799,617.9799,617.9799,617.9799,111.0
2025-07-01 22:50:00+00:00,618.0,618.06,618.0,618.03,8475.0
2025-07-01 22:55:00+00:00,618.03,618.05,617.989,618.0,5962.0
2025-07-01 23:00:00+00:00,618.04,618.05,618.0,618.05,14660.0
2025-07-01 23:05:00+00:00,618.11,618.15,618.11,618.13,4866.0
2025-07-01 23:10:00+00:00,618.03,618.03,617.91,617.93,4364.0
2025-07-01 23:15:00+00:00,617.8601,617.9,617.8415,617.88,14121.0
2025-07-01 23:20:00+00:00,617.83,617.8799,617.83,617.84,3545.0
2025-07-01 23:25:00+00:00,617.82,617.92,617.8,617.85,4175.0
2025-07-01 23:30:00+00:00,617.8897,617.8897,617.8401,617.8401,524.0
2025-07-01 23:35:00+00:00,617.89,617.94,617.89,617.94,2071.0
2025-07-01 23:40:00+00:00,617.91,617.96,617.87,617.87,3132.0
2025-07-01 23:45:00+00:00,617.89,617.89,617.82,617.82,786.0
2025-07-01 23:50:00+00:00,617.88,617.88,617.7684,617.8,12928.0
2025-07-01 23:55:00+00:00,617.82,617.93,617.82,617.929,8798.0
